method,instance,N,M,beta,seed,cost_operational,cost_priority,cost_total,lower_bound,root_lp_bound,gap,optimal,feasible,status,num_nodes,num_iterations,num_solutions,runtime_sec,variant
exact,ex2_1v_infeasible,2,1,1.000000,42,0.000000,0.000000,0.000000,0.000000,0.000000,1.000000,0,0,infeasible,0,0,0,0.000463,
exact,ex1_1v_feasible,2,1,1.000000,42,84.142136,50.000000,134.142136,134.142136,78.556349,0.000000,1,1,optimal,0,2,2,0.003497,
exact,ex3_3v_all_feasible,3,3,1.000000,42,162.000000,20.000000,182.000000,182.000000,154.363591,0.000000,1,1,optimal,0,0,1,0.000643,
exact,ex4_3v_infeasible,4,3,1.000000,42,0.000000,0.000000,0.000000,0.000000,169.094658,1.000000,0,0,infeasible,0,0,0,0.001014,
exact,hfvrp_n001_m03_s01,1,3,1.000000,42,87.334995,168.337487,255.672481,255.672481,255.672481,0.000000,1,1,optimal,0,0,1,0.000555,
exact,ex5_3v_one_used_feasible,3,3,1.000000,42,115.798990,50.000000,165.798990,165.798990,95.597980,0.000000,1,1,optimal,0,10,2,0.006084,
exact,hfvrp_n001_m03_s02,1,3,1.000000,42,156.310634,50.546098,206.856732,206.856732,206.856732,0.000000,1,1,optimal,0,0,1,0.000671,
exact,hfvrp_n001_m03_s03,1,3,1.000000,42,130.438737,0.000000,130.438737,130.438737,130.438737,0.000000,1,1,optimal,0,0,1,0.000749,
exact,hfvrp_n001_m03_s04,1,3,1.000000,42,122.386776,0.000000,122.386776,122.386776,122.386776,0.000000,1,1,optimal,0,0,1,0.000715,
exact,hfvrp_n001_m03_s05,1,3,1.000000,42,89.097550,34.548775,123.646325,123.646325,123.646325,0.000000,1,1,optimal,0,0,1,0.000606,
exact,hfvrp_n002_m03_s01,2,3,1.000000,42,262.852855,468.007587,730.860441,730.860441,258.097137,0.000000,1,1,optimal,0,0,3,0.004770,
exact,hfvrp_n002_m03_s02,2,3,1.000000,42,139.033247,41.343143,180.376390,180.376390,130.817821,0.000000,1,1,optimal,0,12,3,0.006015,
exact,hfvrp_n002_m03_s03,2,3,1.000000,42,185.309216,25.338303,210.647519,210.647519,155.417444,0.000000,1,1,optimal,0,0,3,0.006492,
exact,hfvrp_n002_m03_s04,2,3,1.000000,42,174.552021,35.445494,209.997514,209.997514,142.481649,0.000000,1,1,optimal,0,19,3,0.006196,
exact,hfvrp_n002_m03_s05,2,3,1.000000,42,252.004246,183.153460,435.157706,435.157706,216.906774,0.000000,1,1,optimal,0,9,2,0.005343,
exact,hfvrp_n005_m03_s01,5,3,1.000000,42,350.283936,145.533835,495.817771,495.817771,267.549103,0.000000,1,1,optimal,37,230,5,0.020502,
exact,hfvrp_n005_m03_s02,5,3,1.000000,42,358.545666,176.381442,534.927108,534.927108,289.508762,0.000000,1,1,optimal,92,608,3,0.037453,
exact,hfvrp_n005_m03_s03,5,3,1.000000,42,444.734799,0.000000,444.734799,438.931910,325.638053,0.013048,1,1,optimal,0,224,3,0.045877,
exact,hfvrp_n005_m03_s04,5,3,1.000000,42,278.576281,287.478473,566.054754,566.054754,158.921111,0.000000,1,1,optimal,166,869,8,0.052856,
exact,hfvrp_n005_m03_s05,5,3,1.000000,42,384.694704,176.850818,561.545522,561.545522,301.150444,0.000000,1,1,optimal,195,1121,4,0.078765,
exact,hfvrp_n010_m03_s01,10,3,1.000000,42,515.549909,271.386050,786.935959,786.935959,315.594584,0.000000,1,1,optimal,3335,36055,9,3.665760,
exact,hfvrp_n010_m03_s02,10,3,1.000000,42,528.820236,418.059583,946.879819,946.879819,309.276307,0.000000,1,1,optimal,27764,273797,10,23.264956,
exact,hfvrp_n010_m03_s05,10,3,1.000000,42,602.360076,406.212007,1008.572084,1008.572084,340.923866,0.000000,1,1,optimal,36399,429288,10,34.858564,
exact,hfvrp_n010_m03_s03,10,3,1.000000,42,671.729893,464.793331,1136.523224,1136.522412,425.188513,0.000001,1,1,optimal,50363,523373,13,41.585453,
exact,hfvrp_n010_m03_s04,10,3,1.000000,42,567.788112,393.900677,961.688789,961.688789,354.592371,0.000000,1,1,optimal,110089,1184418,4,94.146427,
exact,hfvrp_n015_m03_s05,15,3,1.000000,42,661.850404,696.171785,1358.022189,1358.022189,352.825609,0.000000,1,1,optimal,412840,7088414,30,635.988574,
exact,hfvrp_n015_m03_s01,15,3,1.000000,42,637.317432,1035.172168,1672.489600,1672.488552,418.056740,0.000000,1,1,optimal,1349504,21309108,24,2563.161449,
exact,hfvrp_n015_m03_s03,15,3,1.000000,42,532.308784,523.471010,1055.779794,1055.779091,336.962556,0.000001,1,1,optimal,2680852,40342004,6,4803.663758,
exact,hfvrp_n020_m04_s04,20,4,1.000000,42,924.099233,1210.826218,2134.925451,1029.370464,507.487641,0.517842,0,1,mem_limit,1406824,30440385,38,5534.174448,
exact,hfvrp_n015_m03_s02,15,3,1.000000,42,646.982376,970.324017,1617.306394,1496.342666,369.693351,0.074793,0,1,time_limit,8312650,100921063,26,18000.003772,
exact,hfvrp_n015_m03_s04,15,3,1.000000,42,704.632524,1887.840354,2592.472878,1949.569562,403.518958,0.247988,0,1,time_limit,8667357,120794294,24,18000.002531,
exact,hfvrp_n020_m04_s01,20,4,1.000000,42,829.731766,635.143270,1464.875037,1116.532944,484.079248,0.237796,0,1,time_limit,2945793,114040128,38,18000.003442,
exact,hfvrp_n020_m04_s02,20,4,1.000000,42,816.625537,782.869026,1599.494563,1084.431367,516.395425,0.322016,0,1,time_limit,3358219,94452557,31,18000.001203,
exact,hfvrp_n020_m04_s03,20,4,1.000000,42,805.966514,1357.873724,2163.840238,1085.540350,462.677123,0.498327,0,1,time_limit,3950649,104912767,41,18000.003546,
exact,hfvrp_n030_m06_s01,30,6,1.000000,42,1574.922718,2220.725221,3795.647939,1242.514465,682.168747,0.672648,0,1,mem_limit,1276095,48759474,38,9408.453164,
exact,hfvrp_n030_m06_s02,30,6,1.000000,42,1438.097629,1678.401919,3116.499548,1168.248248,701.312133,0.625141,0,1,mem_limit,862606,25695351,48,9365.353203,
exact,hfvrp_n030_m06_s05,30,6,1.000000,42,1430.752397,1226.830710,2657.583107,1238.986308,796.518999,0.533792,0,1,mem_limit,829080,32658475,55,7748.231041,
exact,hfvrp_n020_m04_s05,20,4,1.000000,42,990.118077,1027.376950,2017.495027,1151.567449,548.793994,0.429209,0,1,time_limit,3650740,116169975,40,18000.001318,
exact,hfvrp_n030_m06_s03,30,6,1.000000,42,1353.701061,1385.267954,2738.969014,1227.181888,794.221151,0.551954,0,1,time_limit,1771399,88743794,44,18000.005470,
exact,hfvrp_n030_m06_s04,30,6,1.000000,42,1466.666839,1432.509605,2899.176443,1375.524771,854.868152,0.525546,0,1,time_limit,1022865,66016813,36,18000.002676,
exact,hfvrp_n050_m10_s01,50,10,1.000000,42,2568.820017,3307.345655,5876.165672,2101.279536,1320.522719,0.642406,0,1,time_limit,263614,24937176,79,18000.035416,
exact,hfvrp_n050_m10_s02,50,10,1.000000,42,3457.853656,4701.717692,8159.571347,2088.291084,1286.560910,0.744069,0,1,time_limit,134807,13928789,80,18000.023241,
exact,hfvrp_n050_m10_s03,50,10,1.000000,42,3018.477700,4011.124964,7029.602664,1996.074721,1225.063023,0.716047,0,1,time_limit,240114,25688318,92,18000.045913,
exact,hfvrp_n050_m10_s04,50,10,1.000000,42,3210.285681,4601.347436,7811.633117,1899.433808,1252.731272,0.756845,0,1,time_limit,153219,16164886,87,18000.022916,
exact,hfvrp_n050_m10_s05,50,10,1.000000,42,3369.132563,4106.910898,7476.043461,2059.697805,1158.815585,0.724494,0,1,time_limit,216453,26673364,77,18000.027841,
exact,hfvrp_n075_m15_s01,75,15,1.000000,42,5417.497104,5349.389767,10766.886871,2640.193967,1825.311141,0.754786,0,1,time_limit,54246,7225590,53,18000.062253,
exact,hfvrp_n075_m15_s02,75,15,1.000000,42,0.000000,0.000000,0.000000,3088.054578,2092.227672,1.000000,0,0,no_solution,29833,5767195,0,18000.009498,
exact,hfvrp_n075_m15_s03,75,15,1.000000,42,6377.703032,14047.053180,20424.756212,3258.085549,2155.929751,0.840484,0,1,time_limit,45864,7380469,53,18000.060519,
exact,hfvrp_n075_m15_s04,75,15,1.000000,42,6323.928904,9922.507366,16246.436270,3018.594487,2071.372250,0.814200,0,1,time_limit,43393,7145911,44,18000.057420,
exact,hfvrp_n075_m15_s05,75,15,1.000000,42,4752.185705,11991.727468,16743.913173,2962.738041,2159.027377,0.823056,0,1,time_limit,45501,8110771,45,18000.060464,
exact,hfvrp_n100_m20_s01,100,20,1.000000,42,9903.990199,29381.889867,39285.880066,3953.988235,2957.348607,0.899353,0,1,time_limit,19648,3542468,27,18000.093090,
exact,hfvrp_n100_m20_s02,100,20,1.000000,42,9623.603065,28551.176192,38174.779257,3748.153014,2752.884228,0.901816,0,1,time_limit,12959,2424546,35,18000.101882,
exact,hfvrp_n100_m20_s03,100,20,1.000000,42,0.000000,0.000000,0.000000,3968.379783,2856.661782,1.000000,0,0,no_solution,10790,1661095,0,18000.022655,
exact,hfvrp_n100_m20_s04,100,20,1.000000,42,0.000000,0.000000,0.000000,4086.957245,3002.353415,1.000000,0,0,no_solution,8882,1625211,0,18000.042007,
exact,hfvrp_n100_m20_s05,100,20,1.000000,42,15095.591963,13419.761346,28515.353309,3830.114064,2774.994506,0.865682,0,1,time_limit,9698,1422914,60,18000.162165,
exact,hfvrp_n150_m30_s01,150,30,1.000000,42,0.000000,0.000000,0.000000,6890.640527,5147.309259,1.000000,0,0,no_solution,1512,670921,0,18000.229756,
exact,hfvrp_n150_m30_s02,150,30,1.000000,42,0.000000,0.000000,0.000000,6740.920415,4935.867158,1.000000,0,0,no_solution,1512,411953,0,18000.182976,
exact,hfvrp_n150_m30_s03,150,30,1.000000,42,0.000000,0.000000,0.000000,6715.618935,5269.518578,1.000000,0,0,no_solution,1512,638426,0,18000.158931,
exact,hfvrp_n150_m30_s05,150,30,1.000000,42,0.000000,0.000000,0.000000,6804.390427,5117.686791,1.000000,0,0,no_solution,2337,653757,0,18000.185012,
exact,hfvrp_n150_m30_s04,150,30,1.000000,42,0.000000,0.000000,0.000000,6906.388024,5229.400932,1.000000,0,0,no_solution,2064,550188,0,18000.128272,
exact,hfvrp_n200_m40_s01,200,40,1.000000,42,8486.545963,7123.566365,15610.112329,10505.092245,8695.742805,0.502441,0,0,time_limit,918,444419,1,18000.628312,
exact,hfvrp_n200_m40_s02,200,40,1.000000,42,10387.850788,3856.766398,14244.617187,10643.132045,8762.069592,0.433451,0,0,time_limit,1836,529361,1,18000.325560,
exact,hfvrp_n200_m40_s03,200,40,1.000000,42,0.000000,0.000000,0.000000,10682.881434,8494.383172,1.000000,0,0,no_solution,1836,686378,0,18000.481131,
exact,hfvrp_n200_m40_s04,200,40,1.000000,42,0.000000,0.000000,0.000000,10492.625039,8618.328821,1.000000,0,0,no_solution,1660,538656,0,18000.229423,
exact,augerat_A_n32_k5,31,8,1.000000,42,6261.854694,1479.935267,7741.789961,5740.976266,5557.793975,0.258443,0,1,mem_limit,708616,28372227,58,14220.804953,
exact,hfvrp_n200_m40_s05,200,40,1.000000,42,0.000000,0.000000,0.000000,10636.044693,8496.529150,1.000000,0,0,no_solution,1836,763674,0,18000.173491,
exact,augerat_A_n37_k5,36,8,1.000000,42,5911.103384,905.918350,6817.021735,5729.049353,5474.595385,0.159596,0,1,time_limit,321088,25968169,95,18000.018312,
exact,augerat_A_n45_k6,44,8,1.000000,42,12289.117287,935.991038,13225.108325,10011.231537,8817.923568,0.243013,0,1,time_limit,187026,17977485,69,18000.021228,
exact,augerat_A_n54_k7,53,8,1.000000,42,13511.136893,2657.534273,16168.671167,11057.800019,10321.271985,0.316097,0,1,time_limit,120525,14309606,91,18000.025705,
exact,augerat_A_n60_k9,59,10,1.000000,42,14324.991693,2662.303977,16987.295669,13289.380741,12829.634497,0.217687,0,1,time_limit,54779,12403527,62,18000.019896,
exact,augerat_A_n80_k10,79,11,1.000000,42,20464.361465,4831.263608,25295.625072,16427.383225,14973.308684,0.350584,0,1,time_limit,30742,5194247,59,18000.058029,
exact,pyvrp_X101_FSMFD,100,26,1.000000,42,0.000000,0.000000,0.000000,2610797.314782,2482738.062988,1.000000,0,0,no_solution,4207,604539,0,18000.028482,
exact,pyvrp_X106_FSMD,105,16,1.000000,42,0.000000,0.000000,0.000000,2518421.016657,2277852.141730,1.000000,0,0,no_solution,7511,1616370,0,18000.026443,
exact,pyvrp_X110_HD,109,13,1.000000,42,0.000000,0.000000,0.000000,1128409.277180,963289.605275,1.000000,0,0,no_solution,10347,923926,0,18000.024362,
exact,pyvrp_X115_HVRP,114,18,1.000000,42,2652544.626059,62696.466656,2715241.092715,1388244.429268,1240009.383263,0.498106,0,0,time_limit,15496,3013285,1,18000.035479,
exact,pyvrp_X120_FSMF,119,12,1.000000,42,0.000000,0.000000,0.000000,2498919.340471,2407339.589557,1.000000,0,0,no_solution,21885,1915143,0,18000.030221,
savings,ex1_1v_feasible,2,1,1.000000,42,84.142136,50.000000,134.142136,0.000000,,,0,1,,,,,0.000015,
savings,ex2_1v_infeasible,2,1,1.000000,42,70.000000,0.000000,70.000000,0.000000,,,0,0,,,,,0.000006,
savings,ex4_3v_infeasible,4,3,1.000000,42,141.798990,0.000000,141.798990,0.000000,,,0,0,,,,,0.000009,
savings,ex3_3v_all_feasible,3,3,1.000000,42,162.000000,20.000000,182.000000,0.000000,,,0,1,,,,,0.000008,
savings,hfvrp_n001_m03_s01,1,3,1.000000,42,87.334995,168.337487,255.672481,0.000000,,,0,1,,,,,0.000008,
savings,ex5_3v_one_used_feasible,3,3,1.000000,42,115.798990,50.000000,165.798990,0.000000,,,0,1,,,,,0.000008,
savings,hfvrp_n001_m03_s02,1,3,1.000000,42,156.310634,50.546098,206.856732,0.000000,,,0,1,,,,,0.000003,
savings,hfvrp_n001_m03_s03,1,3,1.000000,42,130.438737,0.000000,130.438737,0.000000,,,0,1,,,,,0.000004,
savings,hfvrp_n001_m03_s04,1,3,1.000000,42,122.386776,0.000000,122.386776,0.000000,,,0,1,,,,,0.000007,
savings,hfvrp_n001_m03_s05,1,3,1.000000,42,89.097550,34.548775,123.646325,0.000000,,,0,1,,,,,0.000014,
savings,hfvrp_n002_m03_s01,2,3,1.000000,42,262.852855,468.007587,730.860441,0.000000,,,0,1,,,,,0.000013,
savings,hfvrp_n002_m03_s02,2,3,1.000000,42,139.033247,41.343143,180.376390,0.000000,,,0,1,,,,,0.000019,
savings,hfvrp_n002_m03_s03,2,3,1.000000,42,185.309216,25.338303,210.647519,0.000000,,,0,1,,,,,0.000007,
savings,hfvrp_n002_m03_s04,2,3,1.000000,42,174.940044,35.445494,210.385538,0.000000,,,0,1,,,,,0.000018,
savings,hfvrp_n002_m03_s05,2,3,1.000000,42,302.671304,316.313399,618.984703,0.000000,,,0,1,,,,,0.000011,
savings,hfvrp_n005_m03_s01,5,3,1.000000,42,350.283936,145.533835,495.817771,0.000000,,,0,1,,,,,0.000013,
savings,hfvrp_n005_m03_s02,5,3,1.000000,42,405.525865,218.905678,624.431543,0.000000,,,0,1,,,,,0.000022,
savings,hfvrp_n005_m03_s03,5,3,1.000000,42,461.844903,0.000000,461.844903,0.000000,,,0,1,,,,,0.000019,
savings,hfvrp_n005_m03_s04,5,3,1.000000,42,323.716251,287.478473,611.194724,0.000000,,,0,1,,,,,0.000033,
savings,hfvrp_n005_m03_s05,5,3,1.000000,42,403.901343,324.445774,728.347117,0.000000,,,0,1,,,,,0.000014,
savings,hfvrp_n010_m03_s01,10,3,1.000000,42,573.279282,331.824464,905.103746,0.000000,,,0,1,,,,,0.000049,
savings,hfvrp_n010_m03_s02,10,3,1.000000,42,616.801686,731.809905,1348.611591,0.000000,,,0,1,,,,,0.000026,
savings,hfvrp_n010_m03_s03,10,3,1.000000,42,603.750103,563.761094,1167.511197,0.000000,,,0,1,,,,,0.000045,
savings,hfvrp_n010_m03_s04,10,3,1.000000,42,560.288925,769.238058,1329.526983,0.000000,,,0,1,,,,,0.000019,
savings,hfvrp_n010_m03_s05,10,3,1.000000,42,534.367621,567.888596,1102.256218,0.000000,,,0,1,,,,,0.000018,
savings,hfvrp_n015_m03_s01,15,3,1.000000,42,612.794894,2540.732242,3153.527135,0.000000,,,0,1,,,,,0.000096,
savings,hfvrp_n015_m03_s02,15,3,1.000000,42,712.402136,2024.069353,2736.471489,0.000000,,,0,1,,,,,0.000074,
savings,hfvrp_n015_m03_s03,15,3,1.000000,42,591.655915,740.074863,1331.730778,0.000000,,,0,1,,,,,0.000144,
savings,hfvrp_n015_m03_s04,15,3,1.000000,42,666.490364,5026.085400,5692.575764,0.000000,,,0,1,,,,,0.000027,
savings,hfvrp_n015_m03_s05,15,3,1.000000,42,687.501123,952.163640,1639.664763,0.000000,,,0,1,,,,,0.000070,
savings,hfvrp_n020_m04_s01,20,4,1.000000,42,914.132658,1438.761767,2352.894425,0.000000,,,0,1,,,,,0.000195,
savings,hfvrp_n020_m04_s02,20,4,1.000000,42,880.962898,1499.974862,2380.937760,0.000000,,,0,1,,,,,0.000100,
savings,hfvrp_n020_m04_s03,20,4,1.000000,42,912.401547,2867.602765,3780.004312,0.000000,,,0,1,,,,,0.000125,
savings,hfvrp_n020_m04_s04,20,4,1.000000,42,964.336628,2737.411928,3701.748556,0.000000,,,0,1,,,,,0.000150,
savings,hfvrp_n020_m04_s05,20,4,1.000000,42,914.166470,2913.801778,3827.968248,0.000000,,,0,1,,,,,0.000271,
savings,hfvrp_n030_m06_s01,30,6,1.000000,42,1624.110381,3096.472631,4720.583012,0.000000,,,0,1,,,,,0.000135,
savings,hfvrp_n030_m06_s02,30,6,1.000000,42,1138.050291,4038.597509,5176.647800,0.000000,,,0,1,,,,,0.000085,
savings,hfvrp_n030_m06_s03,30,6,1.000000,42,1533.222968,2269.407994,3802.630962,0.000000,,,0,1,,,,,0.000407,
savings,hfvrp_n030_m06_s04,30,6,1.000000,42,1312.969391,2517.781054,3830.750445,0.000000,,,0,1,,,,,0.000112,
savings,hfvrp_n030_m06_s05,30,6,1.000000,42,1368.926439,2898.284680,4267.211119,0.000000,,,0,1,,,,,0.000313,
savings,hfvrp_n050_m10_s01,50,10,1.000000,42,2775.152580,8480.302966,11255.455546,0.000000,,,0,1,,,,,0.001529,
savings,hfvrp_n050_m10_s02,50,10,1.000000,42,2462.360491,14099.650523,16562.011014,0.000000,,,0,1,,,,,0.002589,
savings,hfvrp_n050_m10_s03,50,10,1.000000,42,2021.376503,14530.256534,16551.633038,0.000000,,,0,1,,,,,0.001313,
savings,hfvrp_n050_m10_s04,50,10,1.000000,42,2529.239651,10410.063035,12939.302686,0.000000,,,0,1,,,,,0.002150,
savings,hfvrp_n050_m10_s05,50,10,1.000000,42,2506.925839,9924.273390,12431.199229,0.000000,,,0,1,,,,,0.000345,
savings,hfvrp_n075_m15_s01,75,15,1.000000,42,3945.599425,7556.836614,11502.436039,0.000000,,,0,1,,,,,0.004361,
savings,hfvrp_n075_m15_s02,75,15,1.000000,42,4122.330420,13671.655636,17793.986055,0.000000,,,0,1,,,,,0.000981,
savings,hfvrp_n075_m15_s03,75,15,1.000000,42,3991.471044,16782.522222,20773.993266,0.000000,,,0,1,,,,,0.002288,
savings,hfvrp_n075_m15_s04,75,15,1.000000,42,4437.884517,11519.404725,15957.289241,0.000000,,,0,1,,,,,0.001693,
savings,hfvrp_n075_m15_s05,75,15,1.000000,42,3677.479878,11990.523228,15668.003106,0.000000,,,0,1,,,,,0.000737,
savings,hfvrp_n100_m20_s01,100,20,1.000000,42,6235.133725,17451.755001,23686.888726,0.000000,,,0,1,,,,,0.015057,
savings,hfvrp_n100_m20_s02,100,20,1.000000,42,5261.356445,23281.738317,28543.094761,0.000000,,,0,1,,,,,0.003198,
savings,hfvrp_n100_m20_s03,100,20,1.000000,42,6117.441337,17015.871530,23133.312867,0.000000,,,0,1,,,,,0.006416,
savings,hfvrp_n100_m20_s04,100,20,1.000000,42,5827.442448,21598.355668,27425.798116,0.000000,,,0,1,,,,,0.007085,
savings,hfvrp_n100_m20_s05,100,20,1.000000,42,5734.578080,20429.607029,26164.185110,0.000000,,,0,1,,,,,0.009730,
savings,hfvrp_n150_m30_s01,150,30,1.000000,42,9720.383013,46336.658391,56057.041404,0.000000,,,0,1,,,,,0.023206,
savings,hfvrp_n150_m30_s02,150,30,1.000000,42,9819.698383,37552.079200,47371.777584,0.000000,,,0,1,,,,,0.032357,
savings,hfvrp_n150_m30_s03,150,30,1.000000,42,10262.856697,41244.002341,51506.859038,0.000000,,,0,1,,,,,0.024237,
savings,hfvrp_n150_m30_s04,150,30,1.000000,42,10326.823405,43386.616058,53713.439463,0.000000,,,0,1,,,,,0.025086,
savings,hfvrp_n150_m30_s05,150,30,1.000000,42,9705.129031,29455.911567,39161.040597,0.000000,,,0,1,,,,,0.013761,
savings,hfvrp_n200_m40_s01,200,40,1.000000,42,14497.335771,48245.052756,62742.388527,0.000000,,,0,1,,,,,0.015483,
savings,hfvrp_n200_m40_s02,200,40,1.000000,42,16463.851895,44199.549808,60663.401702,0.000000,,,0,1,,,,,0.035013,
savings,hfvrp_n200_m40_s03,200,40,1.000000,42,15190.824462,52552.956168,67743.780631,0.000000,,,0,1,,,,,0.024273,
savings,hfvrp_n200_m40_s04,200,40,1.000000,42,17847.255519,31067.177339,48914.432857,0.000000,,,0,1,,,,,0.072089,
savings,hfvrp_n200_m40_s05,200,40,1.000000,42,16989.852468,31253.888857,48243.741325,0.000000,,,0,1,,,,,0.041390,
savings,augerat_A_n32_k5,31,8,1.000000,42,8254.950118,1752.799542,10007.749660,0.000000,,,0,1,,,,,0.000216,
savings,augerat_A_n37_k5,36,8,1.000000,42,8171.175685,896.258279,9067.433964,0.000000,,,0,1,,,,,0.000166,
savings,augerat_A_n45_k6,44,8,1.000000,42,11420.397539,993.931527,12414.329066,0.000000,,,0,1,,,,,0.000235,
savings,augerat_A_n54_k7,53,8,1.000000,42,13293.345542,2851.167780,16144.513321,0.000000,,,0,1,,,,,0.000611,
savings,augerat_A_n60_k9,59,10,1.000000,42,15087.470679,2555.358503,17642.829182,0.000000,,,0,1,,,,,0.000241,
savings,augerat_A_n80_k10,79,11,1.000000,42,17214.942598,4618.008915,21832.951513,0.000000,,,0,1,,,,,0.001161,
savings,pyvrp_X101_FSMFD,100,26,1.000000,42,3723610.246286,34364.622431,3757974.868717,0.000000,,,0,1,,,,,0.001076,
savings,pyvrp_X106_FSMD,105,16,1.000000,42,4015189.139603,62605.697726,4077794.837329,0.000000,,,0,1,,,,,0.000829,
savings,pyvrp_X110_HD,109,13,1.000000,42,2236773.371054,38873.657731,2275647.028786,0.000000,,,0,1,,,,,0.000863,
savings,pyvrp_X115_HVRP,114,18,1.000000,42,2187988.031936,45479.132043,2233467.163979,0.000000,,,0,0,,,,,0.001212,
savings,pyvrp_X120_FSMF,119,12,1.000000,42,3185104.723963,90157.997148,3275262.721111,0.000000,,,0,1,,,,,0.001322,
tabu,ex1_1v_feasible,2,1,1.000000,1788030242200925657,84.142136,50.000000,134.142136,0.000000,,,0,1,,,,,0.000011,
tabu,ex2_1v_infeasible,2,1,1.000000,1788030259384093641,70.000000,0.000000,70.000000,0.000000,,,0,0,,,,,0.000015,
tabu,ex4_3v_infeasible,4,3,1.000000,1788030225026003289,141.798990,0.000000,141.798990,0.000000,,,0,0,,,,,0.000022,
tabu,ex3_3v_all_feasible,3,3,1.000000,1788030237912062020,162.000000,20.000000,182.000000,0.000000,,,0,1,,,,,0.000035,
tabu,hfvrp_n001_m03_s01,1,3,1.000000,1788030332403159353,87.334995,168.337487,255.672481,0.000000,,,0,1,,,,,0.000320,
tabu,ex5_3v_one_used_feasible,3,3,1.000000,1788030276571270263,115.798990,50.000000,165.798990,0.000000,,,0,1,,,,,0.000062,
tabu,hfvrp_n001_m03_s01,1,3,1.000000,1,87.334995,168.337487,255.672481,0.000000,,,0,1,,,,,0.000416,
tabu,ex1_1v_feasible,2,1,1.000000,1,84.142136,50.000000,134.142136,0.000000,,,0,1,,,,,0.000009,
tabu,ex2_1v_infeasible,2,1,1.000000,1,70.000000,0.000000,70.000000,0.000000,,,0,0,,,,,0.000022,
tabu,ex5_3v_one_used_feasible,3,3,1.000000,1,115.798990,50.000000,165.798990,0.000000,,,0,1,,,,,0.000059,
tabu,ex3_3v_all_feasible,3,3,1.000000,1,162.000000,20.000000,182.000000,0.000000,,,0,1,,,,,0.000045,
tabu,ex4_3v_infeasible,4,3,1.000000,1,141.798990,0.000000,141.798990,0.000000,,,0,0,,,,,0.000022,
tabu,hfvrp_n001_m03_s01,1,3,1.000000,10,87.334995,168.337487,255.672481,0.000000,,,0,1,,,,,0.000133,
tabu,ex1_1v_feasible,2,1,1.000000,10,84.142136,50.000000,134.142136,0.000000,,,0,1,,,,,0.000008,
tabu,ex2_1v_infeasible,2,1,1.000000,10,70.000000,0.000000,70.000000,0.000000,,,0,0,,,,,0.000023,
tabu,hfvrp_n001_m03_s01,1,3,1.000000,50,87.334995,168.337487,255.672481,0.000000,,,0,1,,,,,0.000417,
tabu,ex5_3v_one_used_feasible,3,3,1.000000,10,115.798990,50.000000,165.798990,0.000000,,,0,1,,,,,0.000134,
tabu,ex3_3v_all_feasible,3,3,1.000000,10,162.000000,20.000000,182.000000,0.000000,,,0,1,,,,,0.000052,
tabu,ex4_3v_infeasible,4,3,1.000000,10,141.798990,0.000000,141.798990,0.000000,,,0,0,,,,,0.000058,
tabu,ex1_1v_feasible,2,1,1.000000,50,84.142136,50.000000,134.142136,0.000000,,,0,1,,,,,0.000012,
tabu,ex2_1v_infeasible,2,1,1.000000,50,70.000000,0.000000,70.000000,0.000000,,,0,0,,,,,0.000019,
tabu,hfvrp_n001_m03_s01,1,3,1.000000,75,87.334995,168.337487,255.672481,0.000000,,,0,1,,,,,0.000403,
tabu,ex5_3v_one_used_feasible,3,3,1.000000,50,115.798990,50.000000,165.798990,0.000000,,,0,1,,,,,0.000132,
tabu,ex3_3v_all_feasible,3,3,1.000000,50,162.000000,20.000000,182.000000,0.000000,,,0,1,,,,,0.000064,
tabu,ex1_1v_feasible,2,1,1.000000,75,84.142136,50.000000,134.142136,0.000000,,,0,1,,,,,0.000009,
tabu,ex2_1v_infeasible,2,1,1.000000,75,70.000000,0.000000,70.000000,0.000000,,,0,0,,,,,0.000023,
tabu,hfvrp_n001_m03_s01,1,3,1.000000,100,87.334995,168.337487,255.672481,0.000000,,,0,1,,,,,0.000132,
tabu,ex4_3v_infeasible,4,3,1.000000,50,141.798990,0.000000,141.798990,0.000000,,,0,0,,,,,0.000026,
tabu,hfvrp_n001_m03_s01,1,3,1.000000,200,87.334995,168.337487,255.672481,0.000000,,,0,1,,,,,0.000151,
tabu,ex1_1v_feasible,2,1,1.000000,100,84.142136,50.000000,134.142136,0.000000,,,0,1,,,,,0.000005,
tabu,ex2_1v_infeasible,2,1,1.000000,100,70.000000,0.000000,70.000000,0.000000,,,0,0,,,,,0.000008,
tabu,ex5_3v_one_used_feasible,3,3,1.000000,75,115.798990,50.000000,165.798990,0.000000,,,0,1,,,,,0.000043,
tabu,ex3_3v_all_feasible,3,3,1.000000,75,162.000000,20.000000,182.000000,0.000000,,,0,1,,,,,0.000048,
tabu,hfvrp_n001_m03_s01,1,3,1.000000,999,87.334995,168.337487,255.672481,0.000000,,,0,1,,,,,0.000130,
tabu,ex4_3v_infeasible,4,3,1.000000,75,141.798990,0.000000,141.798990,0.000000,,,0,0,,,,,0.000045,
tabu,ex1_1v_feasible,2,1,1.000000,200,84.142136,50.000000,134.142136,0.000000,,,0,1,,,,,0.000011,
tabu,ex2_1v_infeasible,2,1,1.000000,200,70.000000,0.000000,70.000000,0.000000,,,0,0,,,,,0.000036,
tabu,ex5_3v_one_used_feasible,3,3,1.000000,100,115.798990,50.000000,165.798990,0.000000,,,0,1,,,,,0.000090,
tabu,ex3_3v_all_feasible,3,3,1.000000,100,162.000000,20.000000,182.000000,0.000000,,,0,1,,,,,0.000030,
tabu,hfvrp_n001_m03_s01,1,3,1.000000,1234,87.334995,168.337487,255.672481,0.000000,,,0,1,,,,,0.000131,
tabu,ex1_1v_feasible,2,1,1.000000,999,84.142136,50.000000,134.142136,0.000000,,,0,1,,,,,0.000025,
tabu,ex2_1v_infeasible,2,1,1.000000,999,70.000000,0.000000,70.000000,0.000000,,,0,0,,,,,0.000023,
tabu,ex4_3v_infeasible,4,3,1.000000,100,141.798990,0.000000,141.798990,0.000000,,,0,0,,,,,0.000023,
tabu,hfvrp_n001_m03_s01,1,3,1.000000,9999,87.334995,168.337487,255.672481,0.000000,,,0,1,,,,,0.000130,
tabu,ex5_3v_one_used_feasible,3,3,1.000000,200,115.798990,50.000000,165.798990,0.000000,,,0,1,,,,,0.000149,
tabu,ex3_3v_all_feasible,3,3,1.000000,200,162.000000,20.000000,182.000000,0.000000,,,0,1,,,,,0.000063,
tabu,ex1_1v_feasible,2,1,1.000000,1234,84.142136,50.000000,134.142136,0.000000,,,0,1,,,,,0.000015,
tabu,ex2_1v_infeasible,2,1,1.000000,1234,70.000000,0.000000,70.000000,0.000000,,,0,0,,,,,0.000011,
tabu,hfvrp_n001_m03_s01,1,3,1.000000,19345,87.334995,168.337487,255.672481,0.000000,,,0,1,,,,,0.000409,
tabu,ex4_3v_infeasible,4,3,1.000000,200,141.798990,0.000000,141.798990,0.000000,,,0,0,,,,,0.000077,
tabu,ex1_1v_feasible,2,1,1.000000,9999,84.142136,50.000000,134.142136,0.000000,,,0,1,,,,,0.000012,
tabu,ex5_3v_one_used_feasible,3,3,1.000000,999,115.798990,50.000000,165.798990,0.000000,,,0,1,,,,,0.000051,
tabu,hfvrp_n001_m03_s01,1,3,1.000000,1788028660064511180,87.334995,168.337487,255.672481,0.000000,,,0,1,,,,,0.000403,
tabu,ex2_1v_infeasible,2,1,1.000000,9999,70.000000,0.000000,70.000000,0.000000,,,0,0,,,,,0.000024,
tabu,ex3_3v_all_feasible,3,3,1.000000,999,162.000000,20.000000,182.000000,0.000000,,,0,1,,,,,0.000026,
tabu,hfvrp_n001_m03_s02,1,3,1.000000,1788028326106181138,156.310634,50.546098,206.856732,0.000000,,,0,1,,,,,0.000107,
tabu,ex1_1v_feasible,2,1,1.000000,19345,84.142136,50.000000,134.142136,0.000000,,,0,1,,,,,0.000005,
tabu,ex2_1v_infeasible,2,1,1.000000,19345,70.000000,0.000000,70.000000,0.000000,,,0,0,,,,,0.000016,
tabu,ex5_3v_one_used_feasible,3,3,1.000000,1234,115.798990,50.000000,165.798990,0.000000,,,0,1,,,,,0.000042,
tabu,ex4_3v_infeasible,4,3,1.000000,999,141.798990,0.000000,141.798990,0.000000,,,0,0,,,,,0.000048,
tabu,ex3_3v_all_feasible,3,3,1.000000,1234,162.000000,20.000000,182.000000,0.000000,,,0,1,,,,,0.000032,
tabu,hfvrp_n001_m03_s02,1,3,1.000000,1,156.310634,50.546098,206.856732,0.000000,,,0,1,,,,,0.000224,
tabu,ex1_1v_feasible,2,1,1.000000,1788028499216678111,84.142136,50.000000,134.142136,0.000000,,,0,1,,,,,0.000005,
tabu,ex2_1v_infeasible,2,1,1.000000,1788028057075254996,70.000000,0.000000,70.000000,0.000000,,,0,0,,,,,0.000024,
tabu,hfvrp_n001_m03_s02,1,3,1.000000,10,156.310634,50.546098,206.856732,0.000000,,,0,1,,,,,0.000108,
tabu,ex5_3v_one_used_feasible,3,3,1.000000,9999,115.798990,50.000000,165.798990,0.000000,,,0,1,,,,,0.000043,
tabu,ex4_3v_infeasible,4,3,1.000000,1234,141.798990,0.000000,141.798990,0.000000,,,0,0,,,,,0.000025,
tabu,ex3_3v_all_feasible,3,3,1.000000,9999,162.000000,20.000000,182.000000,0.000000,,,0,1,,,,,0.000029,
tabu,hfvrp_n001_m03_s03,1,3,1.000000,1788028264271055098,130.438737,0.000000,130.438737,0.000000,,,0,1,,,,,0.000111,
tabu,hfvrp_n001_m03_s04,1,3,1.000000,1788027779199120385,122.386776,0.000000,122.386776,0.000000,,,0,1,,,,,0.000146,
tabu,hfvrp_n001_m03_s02,1,3,1.000000,50,156.310634,50.546098,206.856732,0.000000,,,0,1,,,,,0.000131,
tabu,hfvrp_n001_m03_s03,1,3,1.000000,1,130.438737,0.000000,130.438737,0.000000,,,0,1,,,,,0.000202,
tabu,ex5_3v_one_used_feasible,3,3,1.000000,19345,115.798990,50.000000,165.798990,0.000000,,,0,1,,,,,0.000142,
tabu,hfvrp_n001_m03_s04,1,3,1.000000,1,122.386776,0.000000,122.386776,0.000000,,,0,1,,,,,0.000345,
tabu,ex3_3v_all_feasible,3,3,1.000000,19345,162.000000,20.000000,182.000000,0.000000,,,0,1,,,,,0.000025,
tabu,hfvrp_n001_m03_s02,1,3,1.000000,75,156.310634,50.546098,206.856732,0.000000,,,0,1,,,,,0.000219,
tabu,ex4_3v_infeasible,4,3,1.000000,9999,141.798990,0.000000,141.798990,0.000000,,,0,0,,,,,0.000022,
tabu,hfvrp_n001_m03_s03,1,3,1.000000,10,130.438737,0.000000,130.438737,0.000000,,,0,1,,,,,0.000151,
tabu,hfvrp_n001_m03_s04,1,3,1.000000,10,122.386776,0.000000,122.386776,0.000000,,,0,1,,,,,0.000112,
tabu,hfvrp_n001_m03_s02,1,3,1.000000,100,156.310634,50.546098,206.856732,0.000000,,,0,1,,,,,0.000108,
tabu,ex5_3v_one_used_feasible,3,3,1.000000,1788027553972603585,115.798990,50.000000,165.798990,0.000000,,,0,1,,,,,0.000046,
tabu,hfvrp_n001_m03_s03,1,3,1.000000,50,130.438737,0.000000,130.438737,0.000000,,,0,1,,,,,0.000191,
tabu,ex3_3v_all_feasible,3,3,1.000000,1788027623132530330,162.000000,20.000000,182.000000,0.000000,,,0,1,,,,,0.000026,
tabu,hfvrp_n001_m03_s04,1,3,1.000000,50,122.386776,0.000000,122.386776,0.000000,,,0,1,,,,,0.000109,
tabu,ex4_3v_infeasible,4,3,1.000000,19345,141.798990,0.000000,141.798990,0.000000,,,0,0,,,,,0.000022,
tabu,hfvrp_n001_m03_s02,1,3,1.000000,200,156.310634,50.546098,206.856732,0.000000,,,0,1,,,,,0.000281,
tabu,hfvrp_n001_m03_s03,1,3,1.000000,75,130.438737,0.000000,130.438737,0.000000,,,0,1,,,,,0.000346,
tabu,hfvrp_n001_m03_s05,1,3,1.000000,1788027285021755904,89.097550,34.548775,123.646325,0.000000,,,0,1,,,,,0.000228,
tabu,hfvrp_n001_m03_s04,1,3,1.000000,75,122.386776,0.000000,122.386776,0.000000,,,0,1,,,,,0.000197,
tabu,hfvrp_n001_m03_s02,1,3,1.000000,999,156.310634,50.546098,206.856732,0.000000,,,0,1,,,,,0.000342,
tabu,hfvrp_n002_m03_s01,2,3,1.000000,1788027392866574707,262.852855,468.007587,730.860441,0.000000,,,0,1,,,,,0.000295,
tabu,hfvrp_n001_m03_s03,1,3,1.000000,100,130.438737,0.000000,130.438737,0.000000,,,0,1,,,,,0.000345,
tabu,ex4_3v_infeasible,4,3,1.000000,1788026912299290317,141.798990,0.000000,141.798990,0.000000,,,0,0,,,,,0.000025,
tabu,hfvrp_n001_m03_s05,1,3,1.000000,1,89.097550,34.548775,123.646325,0.000000,,,0,1,,,,,0.000403,
tabu,hfvrp_n001_m03_s04,1,3,1.000000,100,122.386776,0.000000,122.386776,0.000000,,,0,1,,,,,0.000107,
tabu,hfvrp_n001_m03_s02,1,3,1.000000,1234,156.310634,50.546098,206.856732,0.000000,,,0,1,,,,,0.000118,
tabu,hfvrp_n002_m03_s01,2,3,1.000000,1,262.852855,468.007587,730.860441,0.000000,,,0,1,,,,,0.000301,
tabu,hfvrp_n001_m03_s03,1,3,1.000000,200,130.438737,0.000000,130.438737,0.000000,,,0,1,,,,,0.000106,
tabu,hfvrp_n001_m03_s05,1,3,1.000000,10,89.097550,34.548775,123.646325,0.000000,,,0,1,,,,,0.000294,
tabu,hfvrp_n001_m03_s04,1,3,1.000000,200,122.386776,0.000000,122.386776,0.000000,,,0,1,,,,,0.000112,
tabu,hfvrp_n001_m03_s02,1,3,1.000000,9999,156.310634,50.546098,206.856732,0.000000,,,0,1,,,,,0.000108,
tabu,hfvrp_n002_m03_s02,2,3,1.000000,1788026716618192095,139.033247,41.343143,180.376390,0.000000,,,0,1,,,,,0.000252,
tabu,hfvrp_n001_m03_s03,1,3,1.000000,999,130.438737,0.000000,130.438737,0.000000,,,0,1,,,,,0.000111,
tabu,hfvrp_n001_m03_s05,1,3,1.000000,50,89.097550,34.548775,123.646325,0.000000,,,0,1,,,,,0.000132,
tabu,hfvrp_n001_m03_s04,1,3,1.000000,999,122.386776,0.000000,122.386776,0.000000,,,0,1,,,,,0.000207,
tabu,hfvrp_n002_m03_s01,2,3,1.000000,10,262.852855,468.007587,730.860441,0.000000,,,0,1,,,,,0.000295,
tabu,hfvrp_n001_m03_s02,1,3,1.000000,19345,156.310634,50.546098,206.856732,0.000000,,,0,1,,,,,0.000234,
tabu,hfvrp_n001_m03_s03,1,3,1.000000,1234,130.438737,0.000000,130.438737,0.000000,,,0,1,,,,,0.000345,
tabu,hfvrp_n002_m03_s02,2,3,1.000000,1,139.033247,41.343143,180.376390,0.000000,,,0,1,,,,,0.000181,
tabu,hfvrp_n001_m03_s04,1,3,1.000000,1234,122.386776,0.000000,122.386776,0.000000,,,0,1,,,,,0.000134,
tabu,hfvrp_n001_m03_s05,1,3,1.000000,75,89.097550,34.548775,123.646325,0.000000,,,0,1,,,,,0.000134,
tabu,hfvrp_n001_m03_s02,1,3,1.000000,1788026524923306045,156.310634,50.546098,206.856732,0.000000,,,0,1,,,,,0.000355,
tabu,hfvrp_n002_m03_s01,2,3,1.000000,50,262.852855,468.007587,730.860441,0.000000,,,0,1,,,,,0.000296,
tabu,hfvrp_n001_m03_s03,1,3,1.000000,9999,130.438737,0.000000,130.438737,0.000000,,,0,1,,,,,0.000111,
tabu,hfvrp_n001_m03_s04,1,3,1.000000,9999,122.386776,0.000000,122.386776,0.000000,,,0,1,,,,,0.000362,
tabu,hfvrp_n001_m03_s05,1,3,1.000000,100,89.097550,34.548775,123.646325,0.000000,,,0,1,,,,,0.000134,
tabu,hfvrp_n002_m03_s02,2,3,1.000000,10,139.033247,41.343143,180.376390,0.000000,,,0,1,,,,,0.000404,
tabu,hfvrp_n002_m03_s03,2,3,1.000000,1788026272602186601,185.309216,25.338303,210.647519,0.000000,,,0,1,,,,,0.000466,
tabu,hfvrp_n002_m03_s01,2,3,1.000000,75,262.852855,468.007587,730.860441,0.000000,,,0,1,,,,,0.000848,
tabu,hfvrp_n001_m03_s03,1,3,1.000000,19345,130.438737,0.000000,130.438737,0.000000,,,0,1,,,,,0.000267,
tabu,hfvrp_n001_m03_s04,1,3,1.000000,19345,122.386776,0.000000,122.386776,0.000000,,,0,1,,,,,0.000223,
tabu,hfvrp_n001_m03_s05,1,3,1.000000,200,89.097550,34.548775,123.646325,0.000000,,,0,1,,,,,0.000331,
tabu,hfvrp_n002_m03_s02,2,3,1.000000,50,139.033247,41.343143,180.376390,0.000000,,,0,1,,,,,0.000556,
tabu,hfvrp_n002_m03_s03,2,3,1.000000,1,185.309216,25.338303,210.647519,0.000000,,,0,1,,,,,0.000299,
tabu,hfvrp_n001_m03_s03,1,3,1.000000,1788025891846990164,130.438737,0.000000,130.438737,0.000000,,,0,1,,,,,0.000206,
tabu,hfvrp_n001_m03_s04,1,3,1.000000,1788025982281236423,122.386776,0.000000,122.386776,0.000000,,,0,1,,,,,0.000155,
tabu,hfvrp_n002_m03_s01,2,3,1.000000,100,262.852855,468.007587,730.860441,0.000000,,,0,1,,,,,0.000299,
tabu,hfvrp_n001_m03_s05,1,3,1.000000,999,89.097550,34.548775,123.646325,0.000000,,,0,1,,,,,0.000130,
tabu,hfvrp_n002_m03_s04,2,3,1.000000,1788025562188795773,174.552021,35.445494,209.997514,0.000000,,,0,1,,,,,0.000394,
tabu,hfvrp_n002_m03_s02,2,3,1.000000,75,139.033247,41.343143,180.376390,0.000000,,,0,1,,,,,0.000178,
tabu,hfvrp_n002_m03_s03,2,3,1.000000,10,185.309216,25.338303,210.647519,0.000000,,,0,1,,,,,0.000633,
tabu,hfvrp_n002_m03_s05,2,3,1.000000,1788025691273689446,252.004246,183.153460,435.157706,0.000000,,,0,1,,,,,0.000316,
tabu,hfvrp_n001_m03_s05,1,3,1.000000,1234,89.097550,34.548775,123.646325,0.000000,,,0,1,,,,,0.000289,
tabu,hfvrp_n002_m03_s01,2,3,1.000000,200,262.852855,468.007587,730.860441,0.000000,,,0,1,,,,,0.000729,
tabu,hfvrp_n001_m03_s05,1,3,1.000000,9999,89.097550,34.548775,123.646325,0.000000,,,0,1,,,,,0.000423,
tabu,hfvrp_n002_m03_s04,2,3,1.000000,1,174.552021,35.445494,209.997514,0.000000,,,0,1,,,,,0.000862,
tabu,hfvrp_n002_m03_s02,2,3,1.000000,100,139.033247,41.343143,180.376390,0.000000,,,0,1,,,,,0.000181,
tabu,hfvrp_n002_m03_s03,2,3,1.000000,50,185.309216,25.338303,210.647519,0.000000,,,0,1,,,,,0.000396,
tabu,hfvrp_n002_m03_s05,2,3,1.000000,1,252.004246,183.153460,435.157706,0.000000,,,0,1,,,,,0.000960,
tabu,hfvrp_n002_m03_s01,2,3,1.000000,999,262.852855,468.007587,730.860441,0.000000,,,0,1,,,,,0.000474,
tabu,hfvrp_n001_m03_s05,1,3,1.000000,19345,89.097550,34.548775,123.646325,0.000000,,,0,1,,,,,0.000426,
tabu,hfvrp_n002_m03_s04,2,3,1.000000,10,174.552021,35.445494,209.997514,0.000000,,,0,1,,,,,0.000864,
tabu,hfvrp_n002_m03_s02,2,3,1.000000,200,139.033247,41.343143,180.376390,0.000000,,,0,1,,,,,0.000583,
tabu,hfvrp_n002_m03_s05,2,3,1.000000,10,252.004246,183.153460,435.157706,0.000000,,,0,1,,,,,0.000798,
tabu,hfvrp_n002_m03_s03,2,3,1.000000,75,185.309216,25.338303,210.647519,0.000000,,,0,1,,,,,0.000750,
tabu,hfvrp_n002_m03_s01,2,3,1.000000,1234,262.852855,468.007587,730.860441,0.000000,,,0,1,,,,,0.000496,
tabu,hfvrp_n001_m03_s05,1,3,1.000000,1788025054397881826,89.097550,34.548775,123.646325,0.000000,,,0,1,,,,,0.000381,
tabu,hfvrp_n002_m03_s04,2,3,1.000000,50,174.552021,35.445494,209.997514,0.000000,,,0,1,,,,,0.000743,
tabu,hfvrp_n002_m03_s02,2,3,1.000000,999,139.033247,41.343143,180.376390,0.000000,,,0,1,,,,,0.000179,
tabu,hfvrp_n002_m03_s05,2,3,1.000000,50,252.004246,183.153460,435.157706,0.000000,,,0,1,,,,,0.000472,
tabu,hfvrp_n002_m03_s03,2,3,1.000000,100,185.309216,25.338303,210.647519,0.000000,,,0,1,,,,,0.000295,
tabu,hfvrp_n005_m03_s01,5,3,1.000000,1788024844993322287,350.283936,145.533835,495.817771,0.000000,,,0,1,,,,,0.000043,
tabu,hfvrp_n002_m03_s01,2,3,1.000000,9999,262.852855,468.007587,730.860441,0.000000,,,0,1,,,,,0.000539,
tabu,hfvrp_n002_m03_s04,2,3,1.000000,75,174.552021,35.445494,209.997514,0.000000,,,0,1,,,,,0.000770,
tabu,hfvrp_n002_m03_s02,2,3,1.000000,1234,139.033247,41.343143,180.376390,0.000000,,,0,1,,,,,0.000199,
tabu,hfvrp_n002_m03_s05,2,3,1.000000,75,252.004246,183.153460,435.157706,0.000000,,,0,1,,,,,0.000301,
tabu,hfvrp_n002_m03_s03,2,3,1.000000,200,185.309216,25.338303,210.647519,0.000000,,,0,1,,,,,0.000935,
tabu,hfvrp_n002_m03_s01,2,3,1.000000,19345,262.852855,468.007587,730.860441,0.000000,,,0,1,,,,,0.000299,
tabu,hfvrp_n005_m03_s01,5,3,1.000000,1,350.283936,145.533835,495.817771,0.000000,,,0,1,,,,,0.000104,
tabu,hfvrp_n002_m03_s04,2,3,1.000000,100,174.552021,35.445494,209.997514,0.000000,,,0,1,,,,,0.000883,
tabu,hfvrp_n002_m03_s02,2,3,1.000000,9999,139.033247,41.343143,180.376390,0.000000,,,0,1,,,,,0.000450,
tabu,hfvrp_n002_m03_s05,2,3,1.000000,100,252.004246,183.153460,435.157706,0.000000,,,0,1,,,,,0.000314,
tabu,hfvrp_n002_m03_s03,2,3,1.000000,999,185.309216,25.338303,210.647519,0.000000,,,0,1,,,,,0.000298,
tabu,hfvrp_n002_m03_s01,2,3,1.000000,1788024581680687975,262.852855,468.007587,730.860441,0.000000,,,0,1,,,,,0.000296,
tabu,hfvrp_n002_m03_s04,2,3,1.000000,200,174.552021,35.445494,209.997514,0.000000,,,0,1,,,,,0.000593,
tabu,hfvrp_n002_m03_s02,2,3,1.000000,19345,139.033247,41.343143,180.376390,0.000000,,,0,1,,,,,0.000528,
tabu,hfvrp_n002_m03_s05,2,3,1.000000,200,252.004246,183.153460,435.157706,0.000000,,,0,1,,,,,0.000706,
tabu,hfvrp_n002_m03_s03,2,3,1.000000,1234,185.309216,25.338303,210.647519,0.000000,,,0,1,,,,,0.000324,
tabu,hfvrp_n005_m03_s01,5,3,1.000000,10,350.283936,145.533835,495.817771,0.000000,,,0,1,,,,,0.000030,
tabu,hfvrp_n005_m03_s02,5,3,1.000000,1788024411250022293,358.545666,176.381442,534.927108,0.000000,,,0,1,,,,,0.001962,
tabu,hfvrp_n002_m03_s02,2,3,1.000000,1788024325877062137,139.033247,41.343143,180.376390,0.000000,,,0,1,,,,,0.000578,
tabu,hfvrp_n002_m03_s04,2,3,1.000000,999,174.552021,35.445494,209.997514,0.000000,,,0,1,,,,,0.000694,
tabu,hfvrp_n002_m03_s05,2,3,1.000000,999,252.004246,183.153460,435.157706,0.000000,,,0,1,,,,,0.000965,
tabu,hfvrp_n002_m03_s03,2,3,1.000000,9999,185.309216,25.338303,210.647519,0.000000,,,0,1,,,,,0.000504,
tabu,hfvrp_n005_m03_s01,5,3,1.000000,50,350.283936,145.533835,495.817771,0.000000,,,0,1,,,,,0.000033,
tabu,hfvrp_n002_m03_s04,2,3,1.000000,1234,174.552021,35.445494,209.997514,0.000000,,,0,1,,,,,0.000274,
tabu,hfvrp_n005_m03_s03,5,3,1.000000,1788024138223758818,444.734799,0.000000,444.734799,0.000000,,,0,1,,,,,0.001555,
tabu,hfvrp_n005_m03_s02,5,3,1.000000,1,358.545666,176.381442,534.927108,0.000000,,,0,1,,,,,0.001844,
tabu,hfvrp_n002_m03_s05,2,3,1.000000,1234,252.004246,183.153460,435.157706,0.000000,,,0,1,,,,,0.000303,
tabu,hfvrp_n002_m03_s03,2,3,1.000000,19345,185.309216,25.338303,210.647519,0.000000,,,0,1,,,,,0.000568,
tabu,hfvrp_n002_m03_s04,2,3,1.000000,9999,174.552021,35.445494,209.997514,0.000000,,,0,1,,,,,0.000866,
tabu,hfvrp_n002_m03_s05,2,3,1.000000,9999,252.004246,183.153460,435.157706,0.000000,,,0,1,,,,,0.000328,
tabu,hfvrp_n005_m03_s01,5,3,1.000000,75,350.283936,145.533835,495.817771,0.000000,,,0,1,,,,,0.000033,
tabu,hfvrp_n002_m03_s03,2,3,1.000000,1788023817835085449,185.309216,25.338303,210.647519,0.000000,,,0,1,,,,,0.000951,
tabu,hfvrp_n005_m03_s03,5,3,1.000000,1,444.734799,0.000000,444.734799,0.000000,,,0,1,,,,,0.002911,
tabu,hfvrp_n005_m03_s02,5,3,1.000000,10,358.545666,176.381442,534.927108,0.000000,,,0,1,,,,,0.001029,
tabu,hfvrp_n002_m03_s04,2,3,1.000000,19345,174.552021,35.445494,209.997514,0.000000,,,0,1,,,,,0.000870,
tabu,hfvrp_n002_m03_s05,2,3,1.000000,19345,252.004246,183.153460,435.157706,0.000000,,,0,1,,,,,0.000954,
tabu,hfvrp_n005_m03_s04,5,3,1.000000,1788023359648496575,278.576281,287.478473,566.054754,0.000000,,,0,1,,,,,0.001306,
tabu,hfvrp_n005_m03_s01,5,3,1.000000,100,350.283936,145.533835,495.817771,0.000000,,,0,1,,,,,0.000101,
tabu,hfvrp_n002_m03_s04,2,3,1.000000,1788023566606189231,174.552021,35.445494,209.997514,0.000000,,,0,1,,,,,0.000296,
tabu,hfvrp_n005_m03_s03,5,3,1.000000,10,444.734799,0.000000,444.734799,0.000000,,,0,1,,,,,0.003358,
tabu,hfvrp_n005_m03_s02,5,3,1.000000,50,358.545666,176.381442,534.927108,0.000000,,,0,1,,,,,0.002803,
tabu,hfvrp_n002_m03_s05,2,3,1.000000,1788023510951745363,252.004246,183.153460,435.157706,0.000000,,,0,1,,,,,0.000328,
tabu,hfvrp_n005_m03_s04,5,3,1.000000,1,278.576281,287.478473,566.054754,0.000000,,,0,1,,,,,0.002467,
tabu,hfvrp_n005_m03_s05,5,3,1.000000,1788023091193833929,394.217019,176.850818,571.067838,0.000000,,,0,1,,,,,0.000107,
tabu,hfvrp_n010_m03_s01,10,3,1.000000,1788023297534349179,515.549909,271.386050,786.935959,0.000000,,,0,1,,,,,0.006548,
tabu,hfvrp_n005_m03_s01,5,3,1.000000,200,350.283936,145.533835,495.817771,0.000000,,,0,1,,,,,0.000041,
tabu,hfvrp_n005_m03_s02,5,3,1.000000,75,358.545666,176.381442,534.927108,0.000000,,,0,1,,,,,0.001416,
tabu,hfvrp_n005_m03_s03,5,3,1.000000,50,444.734799,0.000000,444.734799,0.000000,,,0,1,,,,,0.000956,
tabu,hfvrp_n005_m03_s04,5,3,1.000000,10,278.576281,287.478473,566.054754,0.000000,,,0,1,,,,,0.001753,
tabu,hfvrp_n005_m03_s05,5,3,1.000000,1,394.217019,176.850818,571.067838,0.000000,,,0,1,,,,,0.000168,
tabu,hfvrp_n005_m03_s01,5,3,1.000000,999,350.283936,145.533835,495.817771,0.000000,,,0,1,,,,,0.000091,
tabu,hfvrp_n005_m03_s02,5,3,1.000000,100,358.545666,176.381442,534.927108,0.000000,,,0,1,,,,,0.001262,
tabu,hfvrp_n005_m03_s03,5,3,1.000000,75,444.734799,0.000000,444.734799,0.000000,,,0,1,,,,,0.002914,
tabu,hfvrp_n010_m03_s01,10,3,1.000000,1,515.549909,271.386050,786.935959,0.000000,,,0,1,,,,,0.003349,
tabu,hfvrp_n005_m03_s04,5,3,1.000000,50,278.576281,287.478473,566.054754,0.000000,,,0,1,,,,,0.001642,
tabu,hfvrp_n005_m03_s05,5,3,1.000000,10,394.217019,176.850818,571.067838,0.000000,,,0,1,,,,,0.000132,
tabu,hfvrp_n005_m03_s01,5,3,1.000000,1234,350.283936,145.533835,495.817771,0.000000,,,0,1,,,,,0.000051,
tabu,hfvrp_n005_m03_s02,5,3,1.000000,200,358.545666,176.381442,534.927108,0.000000,,,0,1,,,,,0.001001,
tabu,hfvrp_n005_m03_s03,5,3,1.000000,100,444.734799,0.000000,444.734799,0.000000,,,0,1,,,,,0.001156,
tabu,hfvrp_n005_m03_s04,5,3,1.000000,75,278.576281,287.478473,566.054754,0.000000,,,0,1,,,,,0.002068,
tabu,hfvrp_n005_m03_s05,5,3,1.000000,50,394.217019,176.850818,571.067838,0.000000,,,0,1,,,,,0.000065,
tabu,hfvrp_n010_m03_s01,10,3,1.000000,10,515.549909,271.386050,786.935959,0.000000,,,0,1,,,,,0.003326,
tabu,hfvrp_n005_m03_s01,5,3,1.000000,9999,350.283936,145.533835,495.817771,0.000000,,,0,1,,,,,0.000029,
tabu,hfvrp_n005_m03_s02,5,3,1.000000,999,358.545666,176.381442,534.927108,0.000000,,,0,1,,,,,0.002576,
tabu,hfvrp_n005_m03_s03,5,3,1.000000,200,444.734799,0.000000,444.734799,0.000000,,,0,1,,,,,0.002537,
tabu,hfvrp_n005_m03_s04,5,3,1.000000,100,278.576281,287.478473,566.054754,0.000000,,,0,1,,,,,0.002271,
tabu,hfvrp_n005_m03_s05,5,3,1.000000,75,394.217019,176.850818,571.067838,0.000000,,,0,1,,,,,0.000187,
tabu,hfvrp_n005_m03_s01,5,3,1.000000,19345,350.283936,145.533835,495.817771,0.000000,,,0,1,,,,,0.000118,
tabu,hfvrp_n005_m03_s02,5,3,1.000000,1234,358.545666,176.381442,534.927108,0.000000,,,0,1,,,,,0.003161,
tabu,hfvrp_n005_m03_s03,5,3,1.000000,999,444.734799,0.000000,444.734799,0.000000,,,0,1,,,,,0.002999,
tabu,hfvrp_n010_m03_s01,10,3,1.000000,50,515.549909,271.386050,786.935959,0.000000,,,0,1,,,,,0.003331,
tabu,hfvrp_n005_m03_s04,5,3,1.000000,200,278.576281,287.478473,566.054754,0.000000,,,0,1,,,,,0.001443,
tabu,hfvrp_n005_m03_s05,5,3,1.000000,100,394.217019,176.850818,571.067838,0.000000,,,0,1,,,,,0.000061,
tabu,hfvrp_n005_m03_s01,5,3,1.000000,1788022075016447385,350.283936,145.533835,495.817771,0.000000,,,0,1,,,,,0.000102,
tabu,hfvrp_n005_m03_s02,5,3,1.000000,9999,358.545666,176.381442,534.927108,0.000000,,,0,1,,,,,0.001004,
tabu,hfvrp_n005_m03_s03,5,3,1.000000,1234,444.734799,0.000000,444.734799,0.000000,,,0,1,,,,,0.001719,
tabu,hfvrp_n005_m03_s04,5,3,1.000000,999,278.576281,287.478473,566.054754,0.000000,,,0,1,,,,,0.000914,
tabu,hfvrp_n005_m03_s05,5,3,1.000000,200,394.217019,176.850818,571.067838,0.000000,,,0,1,,,,,0.000060,
tabu,hfvrp_n010_m03_s01,10,3,1.000000,75,515.549909,271.386050,786.935959,0.000000,,,0,1,,,,,0.003311,
tabu,hfvrp_n010_m03_s02,10,3,1.000000,1788021759168855929,527.854616,423.038749,950.893365,0.000000,,,0,1,,,,,0.005552,
tabu,hfvrp_n005_m03_s02,5,3,1.000000,19345,358.545666,176.381442,534.927108,0.000000,,,0,1,,,,,0.001007,
tabu,hfvrp_n005_m03_s03,5,3,1.000000,9999,444.734799,0.000000,444.734799,0.000000,,,0,1,,,,,0.001798,
tabu,hfvrp_n005_m03_s04,5,3,1.000000,1234,278.576281,287.478473,566.054754,0.000000,,,0,1,,,,,0.001880,
tabu,hfvrp_n005_m03_s05,5,3,1.000000,999,394.217019,176.850818,571.067838,0.000000,,,0,1,,,,,0.000061,
tabu,hfvrp_n005_m03_s02,5,3,1.000000,1788021937318635012,358.545666,176.381442,534.927108,0.000000,,,0,1,,,,,0.003149,
tabu,hfvrp_n005_m03_s03,5,3,1.000000,19345,444.734799,0.000000,444.734799,0.000000,,,0,1,,,,,0.001495,
tabu,hfvrp_n010_m03_s01,10,3,1.000000,100,515.549909,271.386050,786.935959,0.000000,,,0,1,,,,,0.004425,
tabu,hfvrp_n010_m03_s02,10,3,1.000000,1,527.854616,423.038749,950.893365,0.000000,,,0,1,,,,,0.006027,
tabu,hfvrp_n005_m03_s04,5,3,1.000000,9999,278.576281,287.478473,566.054754,0.000000,,,0,1,,,,,0.002059,
tabu,hfvrp_n005_m03_s05,5,3,1.000000,1234,394.217019,176.850818,571.067838,0.000000,,,0,1,,,,,0.000061,
tabu,hfvrp_n010_m03_s03,10,3,1.000000,1788021677303270635,603.750103,563.761094,1167.511197,0.000000,,,0,1,,,,,0.000268,
tabu,hfvrp_n005_m03_s03,5,3,1.000000,1788021578807029481,444.734799,0.000000,444.734799,0.000000,,,0,1,,,,,0.002918,
tabu,hfvrp_n005_m03_s04,5,3,1.000000,19345,278.576281,287.478473,566.054754,0.000000,,,0,1,,,,,0.000910,
tabu,hfvrp_n005_m03_s05,5,3,1.000000,9999,394.217019,176.850818,571.067838,0.000000,,,0,1,,,,,0.000202,
tabu,hfvrp_n010_m03_s01,10,3,1.000000,200,515.549909,271.386050,786.935959,0.000000,,,0,1,,,,,0.006929,
tabu,hfvrp_n010_m03_s02,10,3,1.000000,10,527.854616,423.038749,950.893365,0.000000,,,0,1,,,,,0.003104,
tabu,hfvrp_n010_m03_s04,10,3,1.000000,1788021374654272475,639.277374,393.900677,1033.178051,0.000000,,,0,1,,,,,0.000562,
tabu,hfvrp_n010_m03_s03,10,3,1.000000,1,603.750103,563.761094,1167.511197,0.000000,,,0,1,,,,,0.000220,
tabu,hfvrp_n005_m03_s05,5,3,1.000000,19345,394.217019,176.850818,571.067838,0.000000,,,0,1,,,,,0.000061,
tabu,hfvrp_n005_m03_s04,5,3,1.000000,1788021341577318477,278.576281,287.478473,566.054754,0.000000,,,0,1,,,,,0.001898,
tabu,hfvrp_n010_m03_s01,10,3,1.000000,999,515.549909,271.386050,786.935959,0.000000,,,0,1,,,,,0.007944,
tabu,hfvrp_n010_m03_s02,10,3,1.000000,50,527.854616,423.038749,950.893365,0.000000,,,0,1,,,,,0.005470,
tabu,hfvrp_n010_m03_s04,10,3,1.000000,1,639.277374,393.900677,1033.178051,0.000000,,,0,1,,,,,0.000254,
tabu,hfvrp_n005_m03_s05,5,3,1.000000,1788020926902107658,394.217019,176.850818,571.067838,0.000000,,,0,1,,,,,0.000063,
tabu,hfvrp_n010_m03_s05,10,3,1.000000,1788021133135069731,608.905108,406.212007,1015.117116,0.000000,,,0,1,,,,,0.000385,
tabu,hfvrp_n010_m03_s03,10,3,1.000000,10,603.750103,563.761094,1167.511197,0.000000,,,0,1,,,,,0.000477,
tabu,hfvrp_n015_m03_s01,15,3,1.000000,1788020666914305787,637.317432,1035.172168,1672.489600,0.000000,,,0,1,,,,,0.012683,
tabu,hfvrp_n010_m03_s01,10,3,1.000000,1234,515.549909,271.386050,786.935959,0.000000,,,0,1,,,,,0.004615,
tabu,hfvrp_n010_m03_s02,10,3,1.000000,75,527.854616,423.038749,950.893365,0.000000,,,0,1,,,,,0.003102,
tabu,hfvrp_n010_m03_s04,10,3,1.000000,10,639.277374,393.900677,1033.178051,0.000000,,,0,1,,,,,0.000257,
tabu,hfvrp_n010_m03_s05,10,3,1.000000,1,608.905108,406.212007,1015.117116,0.000000,,,0,1,,,,,0.000259,
tabu,hfvrp_n010_m03_s03,10,3,1.000000,50,603.750103,563.761094,1167.511197,0.000000,,,0,1,,,,,0.000712,
tabu,hfvrp_n010_m03_s01,10,3,1.000000,9999,515.549909,271.386050,786.935959,0.000000,,,0,1,,,,,0.007610,
tabu,hfvrp_n010_m03_s02,10,3,1.000000,100,527.854616,423.038749,950.893365,0.000000,,,0,1,,,,,0.005177,
tabu,hfvrp_n010_m03_s04,10,3,1.000000,50,639.277374,393.900677,1033.178051,0.000000,,,0,1,,,,,0.000251,
tabu,hfvrp_n015_m03_s01,15,3,1.000000,1,637.317432,1035.172168,1672.489600,0.000000,,,0,1,,,,,0.015204,
tabu,hfvrp_n010_m03_s05,10,3,1.000000,10,608.905108,406.212007,1015.117116,0.000000,,,0,1,,,,,0.000254,
tabu,hfvrp_n010_m03_s03,10,3,1.000000,75,603.750103,563.761094,1167.511197,0.000000,,,0,1,,,,,0.000219,
tabu,hfvrp_n010_m03_s01,10,3,1.000000,19345,515.549909,271.386050,786.935959,0.000000,,,0,1,,,,,0.004300,
tabu,hfvrp_n010_m03_s02,10,3,1.000000,200,527.854616,423.038749,950.893365,0.000000,,,0,1,,,,,0.003136,
tabu,hfvrp_n010_m03_s04,10,3,1.000000,75,639.277374,393.900677,1033.178051,0.000000,,,0,1,,,,,0.000244,
tabu,hfvrp_n010_m03_s05,10,3,1.000000,50,608.905108,406.212007,1015.117116,0.000000,,,0,1,,,,,0.000580,
tabu,hfvrp_n010_m03_s03,10,3,1.000000,100,603.750103,563.761094,1167.511197,0.000000,,,0,1,,,,,0.000220,
tabu,hfvrp_n015_m03_s01,15,3,1.000000,10,637.317432,1035.172168,1672.489600,0.000000,,,0,1,,,,,0.012569,
tabu,hfvrp_n010_m03_s01,10,3,1.000000,1788020092483690982,515.549909,271.386050,786.935959,0.000000,,,0,1,,,,,0.006374,
tabu,hfvrp_n010_m03_s02,10,3,1.000000,999,527.854616,423.038749,950.893365,0.000000,,,0,1,,,,,0.006877,
tabu,hfvrp_n010_m03_s04,10,3,1.000000,100,639.277374,393.900677,1033.178051,0.000000,,,0,1,,,,,0.000490,
tabu,hfvrp_n010_m03_s05,10,3,1.000000,75,608.905108,406.212007,1015.117116,0.000000,,,0,1,,,,,0.000710,
tabu,hfvrp_n010_m03_s03,10,3,1.000000,200,603.750103,563.761094,1167.511197,0.000000,,,0,1,,,,,0.000279,
tabu,hfvrp_n015_m03_s01,15,3,1.000000,50,637.317432,1035.172168,1672.489600,0.000000,,,0,1,,,,,0.016573,
tabu,hfvrp_n015_m03_s02,15,3,1.000000,1788019863592947024,752.894687,948.956658,1701.851345,0.000000,,,0,1,,,,,0.020600,
tabu,hfvrp_n010_m03_s02,10,3,1.000000,1234,527.854616,423.038749,950.893365,0.000000,,,0,1,,,,,0.003111,
tabu,hfvrp_n010_m03_s04,10,3,1.000000,200,639.277374,393.900677,1033.178051,0.000000,,,0,1,,,,,0.000768,
tabu,hfvrp_n010_m03_s05,10,3,1.000000,100,608.905108,406.212007,1015.117116,0.000000,,,0,1,,,,,0.000585,
tabu,hfvrp_n010_m03_s03,10,3,1.000000,999,603.750103,563.761094,1167.511197,0.000000,,,0,1,,,,,0.000687,
tabu,hfvrp_n010_m03_s02,10,3,1.000000,9999,527.854616,423.038749,950.893365,0.000000,,,0,1,,,,,0.003109,
tabu,hfvrp_n010_m03_s04,10,3,1.000000,999,639.277374,393.900677,1033.178051,0.000000,,,0,1,,,,,0.000310,
tabu,hfvrp_n015_m03_s01,15,3,1.000000,75,637.317432,1035.172168,1672.489600,0.000000,,,0,1,,,,,0.012469,
tabu,hfvrp_n010_m03_s05,10,3,1.000000,200,608.905108,406.212007,1015.117116,0.000000,,,0,1,,,,,0.000252,
tabu,hfvrp_n010_m03_s03,10,3,1.000000,1234,603.750103,563.761094,1167.511197,0.000000,,,0,1,,,,,0.000702,
tabu,hfvrp_n015_m03_s02,15,3,1.000000,1,752.894687,948.956658,1701.851345,0.000000,,,0,1,,,,,0.020656,
tabu,hfvrp_n010_m03_s02,10,3,1.000000,19345,527.854616,423.038749,950.893365,0.000000,,,0,1,,,,,0.007034,
tabu,hfvrp_n010_m03_s04,10,3,1.000000,1234,639.277374,393.900677,1033.178051,0.000000,,,0,1,,,,,0.000449,
tabu,hfvrp_n010_m03_s05,10,3,1.000000,999,608.905108,406.212007,1015.117116,0.000000,,,0,1,,,,,0.000260,
tabu,hfvrp_n010_m03_s03,10,3,1.000000,9999,603.750103,563.761094,1167.511197,0.000000,,,0,1,,,,,0.000689,
tabu,hfvrp_n015_m03_s01,15,3,1.000000,100,637.317432,1035.172168,1672.489600,0.000000,,,0,1,,,,,0.016806,
tabu,hfvrp_n015_m03_s02,15,3,1.000000,10,752.894687,948.956658,1701.851345,0.000000,,,0,1,,,,,0.020456,
tabu,hfvrp_n010_m03_s02,10,3,1.000000,1788019254252304581,527.854616,423.038749,950.893365,0.000000,,,0,1,,,,,0.007467,
tabu,hfvrp_n010_m03_s04,10,3,1.000000,9999,639.277374,393.900677,1033.178051,0.000000,,,0,1,,,,,0.000782,
tabu,hfvrp_n010_m03_s05,10,3,1.000000,1234,608.905108,406.212007,1015.117116,0.000000,,,0,1,,,,,0.000252,
tabu,hfvrp_n010_m03_s03,10,3,1.000000,19345,603.750103,563.761094,1167.511197,0.000000,,,0,1,,,,,0.000504,
tabu,hfvrp_n015_m03_s01,15,3,1.000000,200,637.317432,1035.172168,1672.489600,0.000000,,,0,1,,,,,0.013801,
tabu,hfvrp_n015_m03_s03,15,3,1.000000,1788019055455877040,532.035526,524.156405,1056.191931,0.000000,,,0,1,,,,,0.013829,
tabu,hfvrp_n010_m03_s04,10,3,1.000000,19345,639.277374,393.900677,1033.178051,0.000000,,,0,1,,,,,0.000256,
tabu,hfvrp_n015_m03_s02,15,3,1.000000,50,752.894687,948.956658,1701.851345,0.000000,,,0,1,,,,,0.020457,
tabu,hfvrp_n010_m03_s05,10,3,1.000000,9999,608.905108,406.212007,1015.117116,0.000000,,,0,1,,,,,0.000259,
tabu,hfvrp_n010_m03_s03,10,3,1.000000,1788019185316550174,603.750103,563.761094,1167.511197,0.000000,,,0,1,,,,,0.000622,
tabu,hfvrp_n010_m03_s04,10,3,1.000000,1788019148701316233,639.277374,393.900677,1033.178051,0.000000,,,0,1,,,,,0.000256,
tabu,hfvrp_n015_m03_s01,15,3,1.000000,999,637.317432,1035.172168,1672.489600,0.000000,,,0,1,,,,,0.012484,
tabu,hfvrp_n010_m03_s05,10,3,1.000000,19345,608.905108,406.212007,1015.117116,0.000000,,,0,1,,,,,0.000592,
tabu,hfvrp_n015_m03_s04,15,3,1.000000,1788018733081138160,704.632524,1887.840354,2592.472878,0.000000,,,0,1,,,,,0.021683,
tabu,hfvrp_n015_m03_s02,15,3,1.000000,75,752.894687,948.956658,1701.851345,0.000000,,,0,1,,,,,0.024834,
tabu,hfvrp_n015_m03_s03,15,3,1.000000,1,532.035526,524.156405,1056.191931,0.000000,,,0,1,,,,,0.011191,
tabu,hfvrp_n015_m03_s05,15,3,1.000000,1788018868291766812,669.533540,696.171785,1365.705326,0.000000,,,0,1,,,,,0.003714,
tabu,hfvrp_n010_m03_s05,10,3,1.000000,1788018830560352623,608.905108,406.212007,1015.117116,0.000000,,,0,1,,,,,0.000801,
tabu,hfvrp_n015_m03_s01,15,3,1.000000,1234,637.317432,1035.172168,1672.489600,0.000000,,,0,1,,,,,0.015569,
tabu,hfvrp_n015_m03_s04,15,3,1.000000,1,704.632524,1887.840354,2592.472878,0.000000,,,0,1,,,,,0.022071,
tabu,hfvrp_n015_m03_s02,15,3,1.000000,100,752.894687,948.956658,1701.851345,0.000000,,,0,1,,,,,0.022992,
tabu,hfvrp_n015_m03_s03,15,3,1.000000,10,532.035526,524.156405,1056.191931,0.000000,,,0,1,,,,,0.013452,
tabu,hfvrp_n020_m04_s01,20,4,1.000000,1788018618923955881,867.305942,640.581386,1507.887328,0.000000,,,0,1,,,,,0.027968,
tabu,hfvrp_n015_m03_s05,15,3,1.000000,1,669.533540,696.171785,1365.705326,0.000000,,,0,1,,,,,0.002447,
tabu,hfvrp_n015_m03_s01,15,3,1.000000,9999,637.317432,1035.172168,1672.489600,0.000000,,,0,1,,,,,0.015317,
tabu,hfvrp_n015_m03_s04,15,3,1.000000,10,704.632524,1887.840354,2592.472878,0.000000,,,0,1,,,,,0.021612,
tabu,hfvrp_n015_m03_s02,15,3,1.000000,200,752.894687,948.956658,1701.851345,0.000000,,,0,1,,,,,0.023993,
tabu,hfvrp_n015_m03_s03,15,3,1.000000,50,532.035526,524.156405,1056.191931,0.000000,,,0,1,,,,,0.012887,
tabu,hfvrp_n015_m03_s05,15,3,1.000000,10,669.533540,696.171785,1365.705326,0.000000,,,0,1,,,,,0.005547,
tabu,hfvrp_n020_m04_s01,20,4,1.000000,1,867.305942,640.581386,1507.887328,0.000000,,,0,1,,,,,0.027637,
tabu,hfvrp_n015_m03_s01,15,3,1.000000,19345,637.317432,1035.172168,1672.489600,0.000000,,,0,1,,,,,0.015780,
tabu,hfvrp_n015_m03_s04,15,3,1.000000,50,704.632524,1887.840354,2592.472878,0.000000,,,0,1,,,,,0.026626,
tabu,hfvrp_n015_m03_s02,15,3,1.000000,999,752.894687,948.956658,1701.851345,0.000000,,,0,1,,,,,0.025390,
tabu,hfvrp_n015_m03_s03,15,3,1.000000,75,532.035526,524.156405,1056.191931,0.000000,,,0,1,,,,,0.016597,
tabu,hfvrp_n015_m03_s05,15,3,1.000000,50,669.533540,696.171785,1365.705326,0.000000,,,0,1,,,,,0.004204,
tabu,hfvrp_n015_m03_s01,15,3,1.000000,1788018044431871406,637.317432,1035.172168,1672.489600,0.000000,,,0,1,,,,,0.016646,
tabu,hfvrp_n015_m03_s04,15,3,1.000000,75,704.632524,1887.840354,2592.472878,0.000000,,,0,1,,,,,0.021711,
tabu,hfvrp_n015_m03_s02,15,3,1.000000,1234,752.894687,948.956658,1701.851345,0.000000,,,0,1,,,,,0.023244,
tabu,hfvrp_n015_m03_s03,15,3,1.000000,100,532.035526,524.156405,1056.191931,0.000000,,,0,1,,,,,0.015951,
tabu,hfvrp_n020_m04_s01,20,4,1.000000,10,867.305942,640.581386,1507.887328,0.000000,,,0,1,,,,,0.030229,
tabu,hfvrp_n015_m03_s05,15,3,1.000000,75,669.533540,696.171785,1365.705326,0.000000,,,0,1,,,,,0.002434,
tabu,hfvrp_n020_m04_s02,20,4,1.000000,1788017734979253109,874.718732,813.433697,1688.152429,0.000000,,,0,1,,,,,0.025354,
tabu,hfvrp_n015_m03_s04,15,3,1.000000,100,704.632524,1887.840354,2592.472878,0.000000,,,0,1,,,,,0.025885,
tabu,hfvrp_n015_m03_s02,15,3,1.000000,9999,752.894687,948.956658,1701.851345,0.000000,,,0,1,,,,,0.020634,
tabu,hfvrp_n015_m03_s03,15,3,1.000000,200,532.035526,524.156405,1056.191931,0.000000,,,0,1,,,,,0.015829,
tabu,hfvrp_n020_m04_s01,20,4,1.000000,50,867.305942,640.581386,1507.887328,0.000000,,,0,1,,,,,0.030950,
tabu,hfvrp_n015_m03_s05,15,3,1.000000,100,669.533540,696.171785,1365.705326,0.000000,,,0,1,,,,,0.005544,
tabu,hfvrp_n015_m03_s04,15,3,1.000000,200,704.632524,1887.840354,2592.472878,0.000000,,,0,1,,,,,0.025103,
tabu,hfvrp_n015_m03_s02,15,3,1.000000,19345,752.894687,948.956658,1701.851345,0.000000,,,0,1,,,,,0.020437,
tabu,hfvrp_n015_m03_s03,15,3,1.000000,999,532.035526,524.156405,1056.191931,0.000000,,,0,1,,,,,0.011090,
tabu,hfvrp_n020_m04_s02,20,4,1.000000,1,874.718732,813.433697,1688.152429,0.000000,,,0,1,,,,,0.026132,
tabu,hfvrp_n015_m03_s05,15,3,1.000000,200,669.533540,696.171785,1365.705326,0.000000,,,0,1,,,,,0.006208,
tabu,hfvrp_n020_m04_s01,20,4,1.000000,75,867.305942,640.581386,1507.887328,0.000000,,,0,1,,,,,0.030279,
tabu,hfvrp_n015_m03_s04,15,3,1.000000,999,704.632524,1887.840354,2592.472878,0.000000,,,0,1,,,,,0.025178,
tabu,hfvrp_n015_m03_s02,15,3,1.000000,1788017374465100316,752.894687,948.956658,1701.851345,0.000000,,,0,1,,,,,0.020427,
tabu,hfvrp_n015_m03_s03,15,3,1.000000,1234,532.035526,524.156405,1056.191931,0.000000,,,0,1,,,,,0.016038,
tabu,hfvrp_n020_m04_s02,20,4,1.000000,10,874.718732,813.433697,1688.152429,0.000000,,,0,1,,,,,0.027354,
tabu,hfvrp_n015_m03_s05,15,3,1.000000,999,669.533540,696.171785,1365.705326,0.000000,,,0,1,,,,,0.002429,
tabu,hfvrp_n015_m03_s04,15,3,1.000000,1234,704.632524,1887.840354,2592.472878,0.000000,,,0,1,,,,,0.021552,
tabu,hfvrp_n020_m04_s03,20,4,1.000000,1788017034973920902,924.624750,1240.378128,2165.002878,0.000000,,,0,1,,,,,0.027982,
tabu,hfvrp_n020_m04_s01,20,4,1.000000,100,867.305942,640.581386,1507.887328,0.000000,,,0,1,,,,,0.027581,
tabu,hfvrp_n015_m03_s03,15,3,1.000000,9999,532.035526,524.156405,1056.191931,0.000000,,,0,1,,,,,0.011613,
tabu,hfvrp_n015_m03_s05,15,3,1.000000,1234,669.533540,696.171785,1365.705326,0.000000,,,0,1,,,,,0.002992,
tabu,hfvrp_n020_m04_s02,20,4,1.000000,50,874.718732,813.433697,1688.152429,0.000000,,,0,1,,,,,0.022928,
tabu,hfvrp_n015_m03_s04,15,3,1.000000,9999,704.632524,1887.840354,2592.472878,0.000000,,,0,1,,,,,0.024729,
tabu,hfvrp_n015_m03_s03,15,3,1.000000,19345,532.035526,524.156405,1056.191931,0.000000,,,0,1,,,,,0.014915,
tabu,hfvrp_n020_m04_s03,20,4,1.000000,1,924.624750,1240.378128,2165.002878,0.000000,,,0,1,,,,,0.032225,
tabu,hfvrp_n020_m04_s01,20,4,1.000000,200,867.305942,640.581386,1507.887328,0.000000,,,0,1,,,,,0.027552,
tabu,hfvrp_n015_m03_s05,15,3,1.000000,9999,669.533540,696.171785,1365.705326,0.000000,,,0,1,,,,,0.005115,
tabu,hfvrp_n015_m03_s04,15,3,1.000000,19345,704.632524,1887.840354,2592.472878,0.000000,,,0,1,,,,,0.025991,
tabu,hfvrp_n020_m04_s02,20,4,1.000000,75,874.718732,813.433697,1688.152429,0.000000,,,0,1,,,,,0.025663,
tabu,hfvrp_n015_m03_s03,15,3,1.000000,1788016648732302439,532.035526,524.156405,1056.191931,0.000000,,,0,1,,,,,0.011207,
tabu,hfvrp_n015_m03_s05,15,3,1.000000,19345,669.533540,696.171785,1365.705326,0.000000,,,0,1,,,,,0.003583,
tabu,hfvrp_n020_m04_s01,20,4,1.000000,999,867.305942,640.581386,1507.887328,0.000000,,,0,1,,,,,0.026684,
tabu,hfvrp_n015_m03_s04,15,3,1.000000,1788016685757421926,704.632524,1887.840354,2592.472878,0.000000,,,0,1,,,,,0.025424,
tabu,hfvrp_n020_m04_s03,20,4,1.000000,10,924.624750,1240.378128,2165.002878,0.000000,,,0,1,,,,,0.031602,
tabu,hfvrp_n020_m04_s04,20,4,1.000000,1788016588473587471,980.713069,1170.413661,2151.126729,0.000000,,,0,1,,,,,0.047337,
tabu,hfvrp_n020_m04_s02,20,4,1.000000,100,874.718732,813.433697,1688.152429,0.000000,,,0,1,,,,,0.027298,
tabu,hfvrp_n015_m03_s05,15,3,1.000000,1788016370881941122,669.533540,696.171785,1365.705326,0.000000,,,0,1,,,,,0.002476,
tabu,hfvrp_n020_m04_s05,20,4,1.000000,1788016462182118311,893.006287,1129.384695,2022.390981,0.000000,,,0,1,,,,,0.064582,
tabu,hfvrp_n020_m04_s01,20,4,1.000000,1234,867.305942,640.581386,1507.887328,0.000000,,,0,1,,,,,0.027267,
tabu,hfvrp_n020_m04_s03,20,4,1.000000,50,924.624750,1240.378128,2165.002878,0.000000,,,0,1,,,,,0.032271,
tabu,hfvrp_n020_m04_s04,20,4,1.000000,1,980.713069,1170.413661,2151.126729,0.000000,,,0,1,,,,,0.047738,
tabu,hfvrp_n030_m06_s01,30,6,1.000000,1788016276196591157,1399.150485,1975.558068,3374.708553,0.000000,,,0,1,,,,,0.095678,
tabu,hfvrp_n020_m04_s02,20,4,1.000000,200,874.718732,813.433697,1688.152429,0.000000,,,0,1,,,,,0.022586,
tabu,hfvrp_n020_m04_s05,20,4,1.000000,1,893.006287,1129.384695,2022.390981,0.000000,,,0,1,,,,,0.068898,
tabu,hfvrp_n020_m04_s01,20,4,1.000000,9999,867.305942,640.581386,1507.887328,0.000000,,,0,1,,,,,0.030385,
tabu,hfvrp_n020_m04_s03,20,4,1.000000,75,924.624750,1240.378128,2165.002878,0.000000,,,0,1,,,,,0.028586,
tabu,hfvrp_n020_m04_s04,20,4,1.000000,10,980.713069,1170.413661,2151.126729,0.000000,,,0,1,,,,,0.050675,
tabu,hfvrp_n020_m04_s02,20,4,1.000000,999,874.718732,813.433697,1688.152429,0.000000,,,0,1,,,,,0.026959,
tabu,hfvrp_n020_m04_s05,20,4,1.000000,10,893.006287,1129.384695,2022.390981,0.000000,,,0,1,,,,,0.064924,
tabu,hfvrp_n030_m06_s01,30,6,1.000000,1,1399.150485,1975.558068,3374.708553,0.000000,,,0,1,,,,,0.108828,
tabu,hfvrp_n020_m04_s01,20,4,1.000000,19345,867.305942,640.581386,1507.887328,0.000000,,,0,1,,,,,0.027572,
tabu,hfvrp_n020_m04_s03,20,4,1.000000,100,924.624750,1240.378128,2165.002878,0.000000,,,0,1,,,,,0.031346,
tabu,hfvrp_n020_m04_s04,20,4,1.000000,50,980.713069,1170.413661,2151.126729,0.000000,,,0,1,,,,,0.046331,
tabu,hfvrp_n020_m04_s02,20,4,1.000000,1234,874.718732,813.433697,1688.152429,0.000000,,,0,1,,,,,0.027119,
tabu,hfvrp_n020_m04_s05,20,4,1.000000,50,893.006287,1129.384695,2022.390981,0.000000,,,0,1,,,,,0.064903,
tabu,hfvrp_n020_m04_s01,20,4,1.000000,1788015654531859773,867.305942,640.581386,1507.887328,0.000000,,,0,1,,,,,0.032082,
tabu,hfvrp_n020_m04_s03,20,4,1.000000,200,924.624750,1240.378128,2165.002878,0.000000,,,0,1,,,,,0.031960,
tabu,hfvrp_n020_m04_s04,20,4,1.000000,75,980.713069,1170.413661,2151.126729,0.000000,,,0,1,,,,,0.048612,
tabu,hfvrp_n030_m06_s01,30,6,1.000000,10,1399.150485,1975.558068,3374.708553,0.000000,,,0,1,,,,,0.098460,
tabu,hfvrp_n020_m04_s02,20,4,1.000000,9999,874.718732,813.433697,1688.152429,0.000000,,,0,1,,,,,0.022971,
tabu,hfvrp_n020_m04_s05,20,4,1.000000,75,893.006287,1129.384695,2022.390981,0.000000,,,0,1,,,,,0.066992,
tabu,hfvrp_n030_m06_s02,30,6,1.000000,1788015406547986541,1369.397448,1639.648045,3009.045493,0.000000,,,0,1,,,,,0.085974,
tabu,hfvrp_n020_m04_s03,20,4,1.000000,999,924.624750,1240.378128,2165.002878,0.000000,,,0,1,,,,,0.032596,
tabu,hfvrp_n020_m04_s04,20,4,1.000000,100,980.713069,1170.413661,2151.126729,0.000000,,,0,1,,,,,0.048787,
tabu,hfvrp_n020_m04_s02,20,4,1.000000,19345,874.718732,813.433697,1688.152429,0.000000,,,0,1,,,,,0.027585,
tabu,hfvrp_n020_m04_s05,20,4,1.000000,100,893.006287,1129.384695,2022.390981,0.000000,,,0,1,,,,,0.073907,
tabu,hfvrp_n030_m06_s01,30,6,1.000000,50,1399.150485,1975.558068,3374.708553,0.000000,,,0,1,,,,,0.096921,
tabu,hfvrp_n020_m04_s03,20,4,1.000000,1234,924.624750,1240.378128,2165.002878,0.000000,,,0,1,,,,,0.032327,
tabu,hfvrp_n020_m04_s04,20,4,1.000000,200,980.713069,1170.413661,2151.126729,0.000000,,,0,1,,,,,0.048179,
tabu,hfvrp_n020_m04_s02,20,4,1.000000,1788015191364153239,874.718732,813.433697,1688.152429,0.000000,,,0,1,,,,,0.027412,
tabu,hfvrp_n030_m06_s02,30,6,1.000000,1,1369.397448,1639.648045,3009.045493,0.000000,,,0,1,,,,,0.086661,
tabu,hfvrp_n020_m04_s05,20,4,1.000000,200,893.006287,1129.384695,2022.390981,0.000000,,,0,1,,,,,0.068850,
tabu,hfvrp_n020_m04_s03,20,4,1.000000,9999,924.624750,1240.378128,2165.002878,0.000000,,,0,1,,,,,0.028616,
tabu,hfvrp_n020_m04_s04,20,4,1.000000,999,980.713069,1170.413661,2151.126729,0.000000,,,0,1,,,,,0.047134,
tabu,hfvrp_n030_m06_s03,30,6,1.000000,1788014994872271232,1515.333907,1204.538672,2719.872578,0.000000,,,0,1,,,,,0.077605,
tabu,hfvrp_n030_m06_s01,30,6,1.000000,75,1399.150485,1975.558068,3374.708553,0.000000,,,0,1,,,,,0.097995,
tabu,hfvrp_n020_m04_s05,20,4,1.000000,999,893.006287,1129.384695,2022.390981,0.000000,,,0,1,,,,,0.065657,
tabu,hfvrp_n030_m06_s02,30,6,1.000000,10,1369.397448,1639.648045,3009.045493,0.000000,,,0,1,,,,,0.084733,
tabu,hfvrp_n020_m04_s03,20,4,1.000000,19345,924.624750,1240.378128,2165.002878,0.000000,,,0,1,,,,,0.032090,
tabu,hfvrp_n020_m04_s04,20,4,1.000000,1234,980.713069,1170.413661,2151.126729,0.000000,,,0,1,,,,,0.044312,
tabu,hfvrp_n020_m04_s05,20,4,1.000000,1234,893.006287,1129.384695,2022.390981,0.000000,,,0,1,,,,,0.070383,
tabu,hfvrp_n030_m06_s03,30,6,1.000000,1,1515.333907,1204.538672,2719.872578,0.000000,,,0,1,,,,,0.076412,
tabu,hfvrp_n020_m04_s03,20,4,1.000000,1788014728792306199,924.624750,1240.378128,2165.002878,0.000000,,,0,1,,,,,0.028631,
tabu,hfvrp_n030_m06_s01,30,6,1.000000,100,1399.150485,1975.558068,3374.708553,0.000000,,,0,1,,,,,0.097857,
tabu,hfvrp_n020_m04_s04,20,4,1.000000,9999,980.713069,1170.413661,2151.126729,0.000000,,,0,1,,,,,0.047748,
tabu,hfvrp_n030_m06_s02,30,6,1.000000,50,1369.397448,1639.648045,3009.045493,0.000000,,,0,1,,,,,0.085212,
tabu,hfvrp_n020_m04_s05,20,4,1.000000,9999,893.006287,1129.384695,2022.390981,0.000000,,,0,1,,,,,0.069765,
tabu,hfvrp_n030_m06_s04,30,6,1.000000,1788014523764415735,1307.179077,1525.952404,2833.131481,0.000000,,,0,1,,,,,0.067019,
tabu,hfvrp_n020_m04_s04,20,4,1.000000,19345,980.713069,1170.413661,2151.126729,0.000000,,,0,1,,,,,0.046930,
tabu,hfvrp_n030_m06_s03,30,6,1.000000,10,1515.333907,1204.538672,2719.872578,0.000000,,,0,1,,,,,0.078607,
tabu,hfvrp_n030_m06_s01,30,6,1.000000,200,1399.150485,1975.558068,3374.708553,0.000000,,,0,1,,,,,0.097016,
tabu,hfvrp_n020_m04_s05,20,4,1.000000,19345,893.006287,1129.384695,2022.390981,0.000000,,,0,1,,,,,0.066145,
tabu,hfvrp_n030_m06_s02,30,6,1.000000,75,1369.397448,1639.648045,3009.045493,0.000000,,,0,1,,,,,0.084133,
tabu,hfvrp_n020_m04_s04,20,4,1.000000,1788014324377979946,980.713069,1170.413661,2151.126729,0.000000,,,0,1,,,,,0.049538,
tabu,hfvrp_n030_m06_s04,30,6,1.000000,1,1307.179077,1525.952404,2833.131481,0.000000,,,0,1,,,,,0.063045,
tabu,hfvrp_n020_m04_s05,20,4,1.000000,1788014258246120764,893.006287,1129.384695,2022.390981,0.000000,,,0,1,,,,,0.069230,
tabu,hfvrp_n030_m06_s03,30,6,1.000000,50,1515.333907,1204.538672,2719.872578,0.000000,,,0,1,,,,,0.079889,
tabu,hfvrp_n030_m06_s01,30,6,1.000000,999,1399.150485,1975.558068,3374.708553,0.000000,,,0,1,,,,,0.095487,
tabu,hfvrp_n030_m06_s05,30,6,1.000000,1788014063510961024,1462.768172,1217.634065,2680.402237,0.000000,,,0,1,,,,,0.099461,
tabu,hfvrp_n030_m06_s02,30,6,1.000000,100,1369.397448,1639.648045,3009.045493,0.000000,,,0,1,,,,,0.085833,
tabu,hfvrp_n050_m10_s01,50,10,1.000000,1788013971641844129,2539.218613,2845.670278,5384.888891,0.000000,,,0,1,,,,,0.337280,
tabu,hfvrp_n030_m06_s04,30,6,1.000000,10,1307.179077,1525.952404,2833.131481,0.000000,,,0,1,,,,,0.066743,
tabu,hfvrp_n030_m06_s03,30,6,1.000000,75,1515.333907,1204.538672,2719.872578,0.000000,,,0,1,,,,,0.079358,
tabu,hfvrp_n030_m06_s01,30,6,1.000000,1234,1399.150485,1975.558068,3374.708553,0.000000,,,0,1,,,,,0.098610,
tabu,hfvrp_n030_m06_s05,30,6,1.000000,1,1462.768172,1217.634065,2680.402237,0.000000,,,0,1,,,,,0.100043,
tabu,hfvrp_n030_m06_s02,30,6,1.000000,200,1369.397448,1639.648045,3009.045493,0.000000,,,0,1,,,,,0.091324,
tabu,hfvrp_n030_m06_s04,30,6,1.000000,50,1307.179077,1525.952404,2833.131481,0.000000,,,0,1,,,,,0.066635,
tabu,hfvrp_n030_m06_s03,30,6,1.000000,100,1515.333907,1204.538672,2719.872578,0.000000,,,0,1,,,,,0.075961,
tabu,hfvrp_n030_m06_s01,30,6,1.000000,9999,1399.150485,1975.558068,3374.708553,0.000000,,,0,1,,,,,0.094310,
tabu,hfvrp_n030_m06_s05,30,6,1.000000,10,1462.768172,1217.634065,2680.402237,0.000000,,,0,1,,,,,0.098046,
tabu,hfvrp_n050_m10_s01,50,10,1.000000,1,2539.218613,2845.670278,5384.888891,0.000000,,,0,1,,,,,0.336224,
tabu,hfvrp_n030_m06_s02,30,6,1.000000,999,1369.397448,1639.648045,3009.045493,0.000000,,,0,1,,,,,0.089026,
tabu,hfvrp_n030_m06_s04,30,6,1.000000,75,1307.179077,1525.952404,2833.131481,0.000000,,,0,1,,,,,0.063037,
tabu,hfvrp_n030_m06_s03,30,6,1.000000,200,1515.333907,1204.538672,2719.872578,0.000000,,,0,1,,,,,0.077247,
tabu,hfvrp_n030_m06_s01,30,6,1.000000,19345,1399.150485,1975.558068,3374.708553,0.000000,,,0,1,,,,,0.095774,
tabu,hfvrp_n030_m06_s05,30,6,1.000000,50,1462.768172,1217.634065,2680.402237,0.000000,,,0,1,,,,,0.095395,
tabu,hfvrp_n030_m06_s02,30,6,1.000000,1234,1369.397448,1639.648045,3009.045493,0.000000,,,0,1,,,,,0.085604,
tabu,hfvrp_n030_m06_s04,30,6,1.000000,100,1307.179077,1525.952404,2833.131481,0.000000,,,0,1,,,,,0.065448,
tabu,hfvrp_n030_m06_s03,30,6,1.000000,999,1515.333907,1204.538672,2719.872578,0.000000,,,0,1,,,,,0.080077,
tabu,hfvrp_n050_m10_s01,50,10,1.000000,10,2539.218613,2845.670278,5384.888891,0.000000,,,0,1,,,,,0.340074,
tabu,hfvrp_n030_m06_s01,30,6,1.000000,1788013292745223912,1399.150485,1975.558068,3374.708553,0.000000,,,0,1,,,,,0.093687,
tabu,hfvrp_n030_m06_s05,30,6,1.000000,75,1462.768172,1217.634065,2680.402237,0.000000,,,0,1,,,,,0.097334,
tabu,hfvrp_n030_m06_s02,30,6,1.000000,9999,1369.397448,1639.648045,3009.045493,0.000000,,,0,1,,,,,0.086340,
tabu,hfvrp_n030_m06_s04,30,6,1.000000,200,1307.179077,1525.952404,2833.131481,0.000000,,,0,1,,,,,0.066570,
tabu,hfvrp_n030_m06_s03,30,6,1.000000,1234,1515.333907,1204.538672,2719.872578,0.000000,,,0,1,,,,,0.079559,
tabu,hfvrp_n050_m10_s02,50,10,1.000000,1787985770305615831,2896.870719,4347.337168,7244.207886,0.000000,,,0,1,,,,,0.575965,
tabu,hfvrp_n030_m06_s05,30,6,1.000000,100,1462.768172,1217.634065,2680.402237,0.000000,,,0,1,,,,,0.099026,
tabu,hfvrp_n030_m06_s02,30,6,1.000000,19345,1369.397448,1639.648045,3009.045493,0.000000,,,0,1,,,,,0.083545,
tabu,hfvrp_n030_m06_s04,30,6,1.000000,999,1307.179077,1525.952404,2833.131481,0.000000,,,0,1,,,,,0.062173,
tabu,hfvrp_n050_m10_s01,50,10,1.000000,50,2539.218613,2845.670278,5384.888891,0.000000,,,0,1,,,,,0.337826,
tabu,hfvrp_n030_m06_s03,30,6,1.000000,9999,1515.333907,1204.538672,2719.872578,0.000000,,,0,1,,,,,0.081777,
tabu,hfvrp_n030_m06_s05,30,6,1.000000,200,1462.768172,1217.634065,2680.402237,0.000000,,,0,1,,,,,0.096513,
tabu,hfvrp_n030_m06_s02,30,6,1.000000,1787985986378269991,1369.397448,1639.648045,3009.045493,0.000000,,,0,1,,,,,0.086754,
tabu,hfvrp_n030_m06_s04,30,6,1.000000,1234,1307.179077,1525.952404,2833.131481,0.000000,,,0,1,,,,,0.063427,
tabu,hfvrp_n030_m06_s03,30,6,1.000000,19345,1515.333907,1204.538672,2719.872578,0.000000,,,0,1,,,,,0.079811,
tabu,hfvrp_n050_m10_s02,50,10,1.000000,1,2896.870719,4347.337168,7244.207886,0.000000,,,0,1,,,,,0.577405,
tabu,hfvrp_n030_m06_s05,30,6,1.000000,999,1462.768172,1217.634065,2680.402237,0.000000,,,0,1,,,,,0.098044,
tabu,hfvrp_n050_m10_s03,50,10,1.000000,1787986205110030942,2396.636129,3582.351920,5978.988049,0.000000,,,0,1,,,,,0.333948,
tabu,hfvrp_n050_m10_s01,50,10,1.000000,75,2539.218613,2845.670278,5384.888891,0.000000,,,0,1,,,,,0.340588,
tabu,hfvrp_n030_m06_s04,30,6,1.000000,9999,1307.179077,1525.952404,2833.131481,0.000000,,,0,1,,,,,0.065139,
tabu,hfvrp_n030_m06_s03,30,6,1.000000,1787986295713588742,1515.333907,1204.538672,2719.872578,0.000000,,,0,1,,,,,0.078896,
tabu,hfvrp_n030_m06_s05,30,6,1.000000,1234,1462.768172,1217.634065,2680.402237,0.000000,,,0,1,,,,,0.094646,
tabu,hfvrp_n030_m06_s04,30,6,1.000000,19345,1307.179077,1525.952404,2833.131481,0.000000,,,0,1,,,,,0.065705,
tabu,hfvrp_n050_m10_s02,50,10,1.000000,10,2896.870719,4347.337168,7244.207886,0.000000,,,0,1,,,,,0.567881,
tabu,hfvrp_n050_m10_s04,50,10,1.000000,1787986540005548868,2723.224977,3594.260602,6317.485580,0.000000,,,0,1,,,,,0.578650,
tabu,hfvrp_n050_m10_s03,50,10,1.000000,1,2396.636129,3582.351920,5978.988049,0.000000,,,0,1,,,,,0.330004,
tabu,hfvrp_n030_m06_s05,30,6,1.000000,9999,1462.768172,1217.634065,2680.402237,0.000000,,,0,1,,,,,0.095907,
tabu,hfvrp_n050_m10_s01,50,10,1.000000,100,2539.218613,2845.670278,5384.888891,0.000000,,,0,1,,,,,0.339327,
tabu,hfvrp_n030_m06_s04,30,6,1.000000,1787986687903198037,1307.179077,1525.952404,2833.131481,0.000000,,,0,1,,,,,0.061300,
tabu,hfvrp_n030_m06_s05,30,6,1.000000,19345,1462.768172,1217.634065,2680.402237,0.000000,,,0,1,,,,,0.096207,
tabu,hfvrp_n050_m10_s02,50,10,1.000000,50,2896.870719,4347.337168,7244.207886,0.000000,,,0,1,,,,,0.574312,
tabu,hfvrp_n050_m10_s05,50,10,1.000000,1787986837805932923,2819.677509,3124.945469,5944.622978,0.000000,,,0,1,,,,,0.453253,
tabu,hfvrp_n050_m10_s04,50,10,1.000000,1,2723.224977,3594.260602,6317.485580,0.000000,,,0,1,,,,,0.586366,
tabu,hfvrp_n050_m10_s03,50,10,1.000000,10,2396.636129,3582.351920,5978.988049,0.000000,,,0,1,,,,,0.328479,
tabu,hfvrp_n050_m10_s01,50,10,1.000000,200,2539.218613,2845.670278,5384.888891,0.000000,,,0,1,,,,,0.339643,
tabu,hfvrp_n030_m06_s05,30,6,1.000000,1787986967388418318,1462.768172,1217.634065,2680.402237,0.000000,,,0,1,,,,,0.094414,
tabu,hfvrp_n050_m10_s02,50,10,1.000000,75,2896.870719,4347.337168,7244.207886,0.000000,,,0,1,,,,,0.573203,
tabu,hfvrp_n075_m15_s01,75,15,1.000000,1787987031574142951,3942.268156,3251.766590,7194.034746,0.000000,,,0,1,,,,,0.932193,
tabu,hfvrp_n050_m10_s05,50,10,1.000000,1,2819.677509,3124.945469,5944.622978,0.000000,,,0,1,,,,,0.454505,
tabu,hfvrp_n050_m10_s04,50,10,1.000000,10,2723.224977,3594.260602,6317.485580,0.000000,,,0,1,,,,,0.585351,
tabu,hfvrp_n050_m10_s03,50,10,1.000000,50,2396.636129,3582.351920,5978.988049,0.000000,,,0,1,,,,,0.330504,
tabu,hfvrp_n050_m10_s01,50,10,1.000000,999,2539.218613,2845.670278,5384.888891,0.000000,,,0,1,,,,,0.337409,
tabu,hfvrp_n050_m10_s02,50,10,1.000000,100,2896.870719,4347.337168,7244.207886,0.000000,,,0,1,,,,,0.576570,
tabu,hfvrp_n050_m10_s05,50,10,1.000000,10,2819.677509,3124.945469,5944.622978,0.000000,,,0,1,,,,,0.454757,
tabu,hfvrp_n050_m10_s04,50,10,1.000000,50,2723.224977,3594.260602,6317.485580,0.000000,,,0,1,,,,,0.583238,
tabu,hfvrp_n050_m10_s03,50,10,1.000000,75,2396.636129,3582.351920,5978.988049,0.000000,,,0,1,,,,,0.330938,
tabu,hfvrp_n050_m10_s01,50,10,1.000000,1234,2539.218613,2845.670278,5384.888891,0.000000,,,0,1,,,,,0.341273,
tabu,hfvrp_n075_m15_s01,75,15,1.000000,1,3942.268156,3251.766590,7194.034746,0.000000,,,0,1,,,,,0.922717,
tabu,hfvrp_n050_m10_s02,50,10,1.000000,200,2896.870719,4347.337168,7244.207886,0.000000,,,0,1,,,,,0.573995,
tabu,hfvrp_n050_m10_s05,50,10,1.000000,50,2819.677509,3124.945469,5944.622978,0.000000,,,0,1,,,,,0.453486,
tabu,hfvrp_n050_m10_s04,50,10,1.000000,75,2723.224977,3594.260602,6317.485580,0.000000,,,0,1,,,,,0.585831,
tabu,hfvrp_n050_m10_s03,50,10,1.000000,100,2396.636129,3582.351920,5978.988049,0.000000,,,0,1,,,,,0.328567,
tabu,hfvrp_n050_m10_s01,50,10,1.000000,9999,2539.218613,2845.670278,5384.888891,0.000000,,,0,1,,,,,0.341368,
tabu,hfvrp_n050_m10_s05,50,10,1.000000,75,2819.677509,3124.945469,5944.622978,0.000000,,,0,1,,,,,0.446165,
tabu,hfvrp_n050_m10_s02,50,10,1.000000,999,2896.870719,4347.337168,7244.207886,0.000000,,,0,1,,,,,0.572929,
tabu,hfvrp_n050_m10_s04,50,10,1.000000,100,2723.224977,3594.260602,6317.485580,0.000000,,,0,1,,,,,0.584721,
tabu,hfvrp_n050_m10_s03,50,10,1.000000,200,2396.636129,3582.351920,5978.988049,0.000000,,,0,1,,,,,0.347048,
tabu,hfvrp_n050_m10_s01,50,10,1.000000,19345,2539.218613,2845.670278,5384.888891,0.000000,,,0,1,,,,,0.339470,
tabu,hfvrp_n075_m15_s01,75,15,1.000000,10,3942.268156,3251.766590,7194.034746,0.000000,,,0,1,,,,,0.929834,
tabu,hfvrp_n050_m10_s05,50,10,1.000000,100,2819.677509,3124.945469,5944.622978,0.000000,,,0,1,,,,,0.452313,
tabu,hfvrp_n050_m10_s02,50,10,1.000000,1234,2896.870719,4347.337168,7244.207886,0.000000,,,0,1,,,,,0.572316,
tabu,hfvrp_n050_m10_s04,50,10,1.000000,200,2723.224977,3594.260602,6317.485580,0.000000,,,0,1,,,,,0.584899,
tabu,hfvrp_n050_m10_s03,50,10,1.000000,999,2396.636129,3582.351920,5978.988049,0.000000,,,0,1,,,,,0.331751,
tabu,hfvrp_n050_m10_s01,50,10,1.000000,1787987970093975435,2539.218613,2845.670278,5384.888891,0.000000,,,0,1,,,,,0.337335,
tabu,hfvrp_n075_m15_s01,75,15,1.000000,50,3942.268156,3251.766590,7194.034746,0.000000,,,0,1,,,,,0.925908,
tabu,hfvrp_n050_m10_s05,50,10,1.000000,200,2819.677509,3124.945469,5944.622978,0.000000,,,0,1,,,,,0.459230,
tabu,hfvrp_n050_m10_s02,50,10,1.000000,9999,2896.870719,4347.337168,7244.207886,0.000000,,,0,1,,,,,0.574531,
tabu,hfvrp_n050_m10_s04,50,10,1.000000,999,2723.224977,3594.260602,6317.485580,0.000000,,,0,1,,,,,0.581184,
tabu,hfvrp_n050_m10_s03,50,10,1.000000,1234,2396.636129,3582.351920,5978.988049,0.000000,,,0,1,,,,,0.337439,
tabu,hfvrp_n075_m15_s02,75,15,1.000000,1787988293814185301,4743.237422,5562.778686,10306.016108,0.000000,,,0,1,,,,,1.515508,
tabu,hfvrp_n050_m10_s05,50,10,1.000000,999,2819.677509,3124.945469,5944.622978,0.000000,,,0,1,,,,,0.450358,
tabu,hfvrp_n050_m10_s02,50,10,1.000000,19345,2896.870719,4347.337168,7244.207886,0.000000,,,0,1,,,,,0.576150,
tabu,hfvrp_n050_m10_s04,50,10,1.000000,1234,2723.224977,3594.260602,6317.485580,0.000000,,,0,1,,,,,0.582164,
tabu,hfvrp_n050_m10_s03,50,10,1.000000,9999,2396.636129,3582.351920,5978.988049,0.000000,,,0,1,,,,,0.331814,
tabu,hfvrp_n075_m15_s01,75,15,1.000000,75,3942.268156,3251.766590,7194.034746,0.000000,,,0,1,,,,,0.922980,
tabu,hfvrp_n075_m15_s02,75,15,1.000000,1,4743.237422,5562.778686,10306.016108,0.000000,,,0,1,,,,,1.522586,
tabu,hfvrp_n050_m10_s05,50,10,1.000000,1234,2819.677509,3124.945469,5944.622978,0.000000,,,0,1,,,,,0.451830,
tabu,hfvrp_n050_m10_s02,50,10,1.000000,1787988582441435296,2896.870719,4347.337168,7244.207886,0.000000,,,0,1,,,,,0.578377,
tabu,hfvrp_n050_m10_s03,50,10,1.000000,19345,2396.636129,3582.351920,5978.988049,0.000000,,,0,1,,,,,0.333310,
tabu,hfvrp_n050_m10_s04,50,10,1.000000,9999,2723.224977,3594.260602,6317.485580,0.000000,,,0,1,,,,,0.590823,
tabu,hfvrp_n050_m10_s05,50,10,1.000000,9999,2819.677509,3124.945469,5944.622978,0.000000,,,0,1,,,,,0.448402,
tabu,hfvrp_n050_m10_s03,50,10,1.000000,1787988554551795460,2396.636129,3582.351920,5978.988049,0.000000,,,0,1,,,,,0.333018,
tabu,hfvrp_n050_m10_s04,50,10,1.000000,19345,2723.224977,3594.260602,6317.485580,0.000000,,,0,1,,,,,0.591303,
tabu,hfvrp_n075_m15_s01,75,15,1.000000,100,3942.268156,3251.766590,7194.034746,0.000000,,,0,1,,,,,0.939006,
tabu,hfvrp_n075_m15_s03,75,15,1.000000,1787988459606404491,4792.707008,5457.973086,10250.680094,0.000000,,,0,1,,,,,2.031559,
tabu,hfvrp_n075_m15_s02,75,15,1.000000,10,4743.237422,5562.778686,10306.016108,0.000000,,,0,1,,,,,1.510347,
tabu,hfvrp_n050_m10_s05,50,10,1.000000,19345,2819.677509,3124.945469,5944.622978,0.000000,,,0,1,,,,,0.446633,
tabu,hfvrp_n050_m10_s04,50,10,1.000000,1787988732129488314,2723.224977,3594.260602,6317.485580,0.000000,,,0,1,,,,,0.581254,
tabu,hfvrp_n075_m15_s04,75,15,1.000000,1787988719243744568,4467.922542,5358.135916,9826.058458,0.000000,,,0,1,,,,,1.987775,
tabu,hfvrp_n075_m15_s01,75,15,1.000000,200,3942.268156,3251.766590,7194.034746,0.000000,,,0,1,,,,,0.929280,
tabu,hfvrp_n075_m15_s03,75,15,1.000000,1,4792.707008,5457.973086,10250.680094,0.000000,,,0,1,,,,,1.999539,
tabu,hfvrp_n050_m10_s05,50,10,1.000000,1787989213691430741,2819.677509,3124.945469,5944.622978,0.000000,,,0,1,,,,,0.448547,
tabu,hfvrp_n075_m15_s05,75,15,1.000000,1787989146335154823,4424.095486,4621.033853,9045.129338,0.000000,,,0,1,,,,,1.293718,
tabu,hfvrp_n075_m15_s02,75,15,1.000000,50,4743.237422,5562.778686,10306.016108,0.000000,,,0,1,,,,,1.518093,
tabu,hfvrp_n075_m15_s04,75,15,1.000000,1,4467.922542,5358.135916,9826.058458,0.000000,,,0,1,,,,,1.981978,
tabu,hfvrp_n100_m20_s01,100,20,1.000000,1787989035065334217,6620.928972,9369.278966,15990.207939,0.000000,,,0,1,,,,,3.838354,
tabu,hfvrp_n075_m15_s01,75,15,1.000000,999,3942.268156,3251.766590,7194.034746,0.000000,,,0,1,,,,,0.923995,
tabu,hfvrp_n075_m15_s03,75,15,1.000000,10,4792.707008,5457.973086,10250.680094,0.000000,,,0,1,,,,,2.003794,
tabu,hfvrp_n075_m15_s05,75,15,1.000000,1,4424.095486,4621.033853,9045.129338,0.000000,,,0,1,,,,,1.292369,
tabu,hfvrp_n075_m15_s02,75,15,1.000000,75,4743.237422,5562.778686,10306.016108,0.000000,,,0,1,,,,,1.519337,
tabu,hfvrp_n075_m15_s04,75,15,1.000000,10,4467.922542,5358.135916,9826.058458,0.000000,,,0,1,,,,,1.998085,
tabu,hfvrp_n075_m15_s01,75,15,1.000000,1234,3942.268156,3251.766590,7194.034746,0.000000,,,0,1,,,,,0.920762,
tabu,hfvrp_n075_m15_s03,75,15,1.000000,50,4792.707008,5457.973086,10250.680094,0.000000,,,0,1,,,,,2.006204,
tabu,hfvrp_n075_m15_s05,75,15,1.000000,10,4424.095486,4621.033853,9045.129338,0.000000,,,0,1,,,,,1.292999,
tabu,hfvrp_n100_m20_s01,100,20,1.000000,1,6620.928972,9369.278966,15990.207939,0.000000,,,0,1,,,,,3.836007,
tabu,hfvrp_n075_m15_s02,75,15,1.000000,100,4743.237422,5562.778686,10306.016108,0.000000,,,0,1,,,,,1.515625,
tabu,hfvrp_n075_m15_s04,75,15,1.000000,50,4467.922542,5358.135916,9826.058458,0.000000,,,0,1,,,,,1.984652,
tabu,hfvrp_n075_m15_s01,75,15,1.000000,9999,3942.268156,3251.766590,7194.034746,0.000000,,,0,1,,,,,0.921475,
tabu,hfvrp_n075_m15_s03,75,15,1.000000,75,4792.707008,5457.973086,10250.680094,0.000000,,,0,1,,,,,2.015840,
tabu,hfvrp_n075_m15_s05,75,15,1.000000,50,4424.095486,4621.033853,9045.129338,0.000000,,,0,1,,,,,1.291565,
tabu,hfvrp_n075_m15_s02,75,15,1.000000,200,4743.237422,5562.778686,10306.016108,0.000000,,,0,1,,,,,1.523191,
tabu,hfvrp_n075_m15_s04,75,15,1.000000,75,4467.922542,5358.135916,9826.058458,0.000000,,,0,1,,,,,1.992115,
tabu,hfvrp_n100_m20_s01,100,20,1.000000,10,6620.928972,9369.278966,15990.207939,0.000000,,,0,1,,,,,3.855010,
tabu,hfvrp_n075_m15_s01,75,15,1.000000,19345,3942.268156,3251.766590,7194.034746,0.000000,,,0,1,,,,,0.923772,
tabu,hfvrp_n075_m15_s03,75,15,1.000000,100,4792.707008,5457.973086,10250.680094,0.000000,,,0,1,,,,,2.014698,
tabu,hfvrp_n075_m15_s05,75,15,1.000000,75,4424.095486,4621.033853,9045.129338,0.000000,,,0,1,,,,,1.295237,
tabu,hfvrp_n075_m15_s02,75,15,1.000000,999,4743.237422,5562.778686,10306.016108,0.000000,,,0,1,,,,,1.514634,
tabu,hfvrp_n075_m15_s04,75,15,1.000000,100,4467.922542,5358.135916,9826.058458,0.000000,,,0,1,,,,,1.984514,
tabu,hfvrp_n075_m15_s01,75,15,1.000000,1787989793490058873,3942.268156,3251.766590,7194.034746,0.000000,,,0,1,,,,,0.925201,
tabu,hfvrp_n075_m15_s03,75,15,1.000000,200,4792.707008,5457.973086,10250.680094,0.000000,,,0,1,,,,,2.015254,
tabu,hfvrp_n075_m15_s05,75,15,1.000000,100,4424.095486,4621.033853,9045.129338,0.000000,,,0,1,,,,,1.295627,
tabu,hfvrp_n100_m20_s01,100,20,1.000000,50,6620.928972,9369.278966,15990.207939,0.000000,,,0,1,,,,,3.835371,
tabu,hfvrp_n075_m15_s02,75,15,1.000000,1234,4743.237422,5562.778686,10306.016108,0.000000,,,0,1,,,,,1.509089,
tabu,hfvrp_n075_m15_s04,75,15,1.000000,200,4467.922542,5358.135916,9826.058458,0.000000,,,0,1,,,,,1.988357,
tabu,hfvrp_n100_m20_s02,100,20,1.000000,1787990599076312953,6358.254004,8232.385438,14590.639442,0.000000,,,0,1,,,,,2.352810,
tabu,hfvrp_n075_m15_s05,75,15,1.000000,200,4424.095486,4621.033853,9045.129338,0.000000,,,0,1,,,,,1.291436,
tabu,hfvrp_n075_m15_s03,75,15,1.000000,999,4792.707008,5457.973086,10250.680094,0.000000,,,0,1,,,,,2.009265,
tabu,hfvrp_n075_m15_s02,75,15,1.000000,9999,4743.237422,5562.778686,10306.016108,0.000000,,,0,1,,,,,1.512104,
tabu,hfvrp_n100_m20_s01,100,20,1.000000,75,6620.928972,9369.278966,15990.207939,0.000000,,,0,1,,,,,3.836326,
tabu,hfvrp_n075_m15_s04,75,15,1.000000,999,4467.922542,5358.135916,9826.058458,0.000000,,,0,1,,,,,1.986136,
tabu,hfvrp_n075_m15_s05,75,15,1.000000,999,4424.095486,4621.033853,9045.129338,0.000000,,,0,1,,,,,1.289430,
tabu,hfvrp_n075_m15_s03,75,15,1.000000,1234,4792.707008,5457.973086,10250.680094,0.000000,,,0,1,,,,,2.035697,
tabu,hfvrp_n100_m20_s02,100,20,1.000000,1,6358.254004,8232.385438,14590.639442,0.000000,,,0,1,,,,,2.344828,
tabu,hfvrp_n075_m15_s02,75,15,1.000000,19345,4743.237422,5562.778686,10306.016108,0.000000,,,0,1,,,,,1.514902,
tabu,hfvrp_n075_m15_s04,75,15,1.000000,1234,4467.922542,5358.135916,9826.058458,0.000000,,,0,1,,,,,1.985749,
tabu,hfvrp_n075_m15_s05,75,15,1.000000,1234,4424.095486,4621.033853,9045.129338,0.000000,,,0,1,,,,,1.291761,
tabu,hfvrp_n100_m20_s01,100,20,1.000000,100,6620.928972,9369.278966,15990.207939,0.000000,,,0,1,,,,,3.837148,
tabu,hfvrp_n075_m15_s03,75,15,1.000000,9999,4792.707008,5457.973086,10250.680094,0.000000,,,0,1,,,,,2.020929,
tabu,hfvrp_n075_m15_s02,75,15,1.000000,1787991146411258167,4743.237422,5562.778686,10306.016108,0.000000,,,0,1,,,,,1.512800,
tabu,hfvrp_n100_m20_s02,100,20,1.000000,10,6358.254004,8232.385438,14590.639442,0.000000,,,0,1,,,,,2.349034,
tabu,hfvrp_n075_m15_s04,75,15,1.000000,9999,4467.922542,5358.135916,9826.058458,0.000000,,,0,1,,,,,1.988105,
tabu,hfvrp_n075_m15_s05,75,15,1.000000,9999,4424.095486,4621.033853,9045.129338,0.000000,,,0,1,,,,,1.293616,
tabu,hfvrp_n075_m15_s03,75,15,1.000000,19345,4792.707008,5457.973086,10250.680094,0.000000,,,0,1,,,,,2.006020,
tabu,hfvrp_n100_m20_s03,100,20,1.000000,1787990818890121528,6670.407303,7152.804380,13823.211683,0.000000,,,0,1,,,,,3.139870,
tabu,hfvrp_n100_m20_s01,100,20,1.000000,200,6620.928972,9369.278966,15990.207939,0.000000,,,0,1,,,,,3.854260,
tabu,hfvrp_n075_m15_s04,75,15,1.000000,19345,4467.922542,5358.135916,9826.058458,0.000000,,,0,1,,,,,1.989292,
tabu,hfvrp_n100_m20_s02,100,20,1.000000,50,6358.254004,8232.385438,14590.639442,0.000000,,,0,1,,,,,2.342482,
tabu,hfvrp_n075_m15_s05,75,15,1.000000,19345,4424.095486,4621.033853,9045.129338,0.000000,,,0,1,,,,,1.291654,
tabu,hfvrp_n075_m15_s03,75,15,1.000000,1787990728240938637,4792.707008,5457.973086,10250.680094,0.000000,,,0,1,,,,,2.188317,
tabu,hfvrp_n100_m20_s03,100,20,1.000000,1,6670.407303,7152.804380,13823.211683,0.000000,,,0,1,,,,,3.142935,
tabu,hfvrp_n075_m15_s04,75,15,1.000000,1787991647017647471,4467.922542,5358.135916,9826.058458,0.000000,,,0,1,,,,,1.995685,
tabu,hfvrp_n100_m20_s01,100,20,1.000000,999,6620.928972,9369.278966,15990.207939,0.000000,,,0,1,,,,,3.848919,
tabu,hfvrp_n075_m15_s05,75,15,1.000000,1787991720958936331,4424.095486,4621.033853,9045.129338,0.000000,,,0,1,,,,,1.294742,
tabu,hfvrp_n100_m20_s04,100,20,1.000000,1787991526679052759,6505.259212,6557.385688,13062.644900,0.000000,,,0,1,,,,,2.955476,
tabu,hfvrp_n100_m20_s02,100,20,1.000000,75,6358.254004,8232.385438,14590.639442,0.000000,,,0,1,,,,,2.347283,
tabu,hfvrp_n100_m20_s05,100,20,1.000000,1787991500352308888,6830.694950,6794.778966,13625.473916,0.000000,,,0,1,,,,,2.808950,
tabu,hfvrp_n100_m20_s03,100,20,1.000000,10,6670.407303,7152.804380,13823.211683,0.000000,,,0,1,,,,,3.118433,
tabu,hfvrp_n100_m20_s01,100,20,1.000000,1234,6620.928972,9369.278966,15990.207939,0.000000,,,0,1,,,,,3.838007,
tabu,hfvrp_n150_m30_s01,150,30,1.000000,1787991427614812167,11783.196109,10869.683575,22652.879684,0.000000,,,0,1,,,,,12.785574,
tabu,hfvrp_n100_m20_s04,100,20,1.000000,1,6505.259212,6557.385688,13062.644900,0.000000,,,0,1,,,,,2.942355,
tabu,hfvrp_n100_m20_s02,100,20,1.000000,100,6358.254004,8232.385438,14590.639442,0.000000,,,0,1,,,,,2.353621,
tabu,hfvrp_n100_m20_s05,100,20,1.000000,1,6830.694950,6794.778966,13625.473916,0.000000,,,0,1,,,,,2.834492,
tabu,hfvrp_n100_m20_s03,100,20,1.000000,50,6670.407303,7152.804380,13823.211683,0.000000,,,0,1,,,,,3.135177,
tabu,hfvrp_n100_m20_s01,100,20,1.000000,9999,6620.928972,9369.278966,15990.207939,0.000000,,,0,1,,,,,3.834937,
tabu,hfvrp_n100_m20_s04,100,20,1.000000,10,6505.259212,6557.385688,13062.644900,0.000000,,,0,1,,,,,2.946737,
tabu,hfvrp_n100_m20_s02,100,20,1.000000,200,6358.254004,8232.385438,14590.639442,0.000000,,,0,1,,,,,2.349745,
tabu,hfvrp_n100_m20_s05,100,20,1.000000,10,6830.694950,6794.778966,13625.473916,0.000000,,,0,1,,,,,2.812931,
tabu,hfvrp_n100_m20_s03,100,20,1.000000,75,6670.407303,7152.804380,13823.211683,0.000000,,,0,1,,,,,3.122827,
tabu,hfvrp_n100_m20_s01,100,20,1.000000,19345,6620.928972,9369.278966,15990.207939,0.000000,,,0,1,,,,,3.833484,
tabu,hfvrp_n150_m30_s01,150,30,1.000000,1,11783.196109,10869.683575,22652.879684,0.000000,,,0,1,,,,,12.777915,
tabu,hfvrp_n100_m20_s04,100,20,1.000000,50,6505.259212,6557.385688,13062.644900,0.000000,,,0,1,,,,,2.941694,
tabu,hfvrp_n100_m20_s02,100,20,1.000000,999,6358.254004,8232.385438,14590.639442,0.000000,,,0,1,,,,,2.353929,
tabu,hfvrp_n100_m20_s05,100,20,1.000000,50,6830.694950,6794.778966,13625.473916,0.000000,,,0,1,,,,,2.811507,
tabu,hfvrp_n100_m20_s03,100,20,1.000000,100,6670.407303,7152.804380,13823.211683,0.000000,,,0,1,,,,,3.128999,
tabu,hfvrp_n100_m20_s01,100,20,1.000000,1787992763650956325,6620.928972,9369.278966,15990.207939,0.000000,,,0,1,,,,,3.832022,
tabu,hfvrp_n100_m20_s04,100,20,1.000000,75,6505.259212,6557.385688,13062.644900,0.000000,,,0,1,,,,,2.959066,
tabu,hfvrp_n100_m20_s02,100,20,1.000000,1234,6358.254004,8232.385438,14590.639442,0.000000,,,0,1,,,,,2.355671,
tabu,hfvrp_n100_m20_s05,100,20,1.000000,75,6830.694950,6794.778966,13625.473916,0.000000,,,0,1,,,,,2.819849,
tabu,hfvrp_n100_m20_s03,100,20,1.000000,200,6670.407303,7152.804380,13823.211683,0.000000,,,0,1,,,,,3.127394,
tabu,hfvrp_n150_m30_s01,150,30,1.000000,10,11783.196109,10869.683575,22652.879684,0.000000,,,0,1,,,,,12.799453,
tabu,hfvrp_n100_m20_s04,100,20,1.000000,100,6505.259212,6557.385688,13062.644900,0.000000,,,0,1,,,,,2.947819,
tabu,hfvrp_n100_m20_s02,100,20,1.000000,9999,6358.254004,8232.385438,14590.639442,0.000000,,,0,1,,,,,2.376027,
tabu,hfvrp_n150_m30_s02,150,30,1.000000,1787991730457303504,11816.246221,10271.249698,22087.495919,0.000000,,,0,1,,,,,14.709467,
tabu,hfvrp_n100_m20_s05,100,20,1.000000,100,6830.694950,6794.778966,13625.473916,0.000000,,,0,1,,,,,2.816959,
tabu,hfvrp_n100_m20_s03,100,20,1.000000,999,6670.407303,7152.804380,13823.211683,0.000000,,,0,1,,,,,3.125334,
tabu,hfvrp_n100_m20_s02,100,20,1.000000,19345,6358.254004,8232.385438,14590.639442,0.000000,,,0,1,,,,,2.349366,
tabu,hfvrp_n100_m20_s04,100,20,1.000000,200,6505.259212,6557.385688,13062.644900,0.000000,,,0,1,,,,,2.940699,
tabu,hfvrp_n100_m20_s05,100,20,1.000000,200,6830.694950,6794.778966,13625.473916,0.000000,,,0,1,,,,,2.815519,
tabu,hfvrp_n100_m20_s03,100,20,1.000000,1234,6670.407303,7152.804380,13823.211683,0.000000,,,0,1,,,,,3.124589,
tabu,hfvrp_n100_m20_s02,100,20,1.000000,1787992028248193310,6358.254004,8232.385438,14590.639442,0.000000,,,0,1,,,,,2.353241,
tabu,hfvrp_n150_m30_s01,150,30,1.000000,50,11783.196109,10869.683575,22652.879684,0.000000,,,0,1,,,,,12.787836,
tabu,hfvrp_n100_m20_s04,100,20,1.000000,999,6505.259212,6557.385688,13062.644900,0.000000,,,0,1,,,,,2.960271,
tabu,hfvrp_n150_m30_s02,150,30,1.000000,1,11816.246221,10271.249698,22087.495919,0.000000,,,0,1,,,,,14.718363,
tabu,hfvrp_n100_m20_s05,100,20,1.000000,999,6830.694950,6794.778966,13625.473916,0.000000,,,0,1,,,,,2.824790,
tabu,hfvrp_n100_m20_s03,100,20,1.000000,9999,6670.407303,7152.804380,13823.211683,0.000000,,,0,1,,,,,3.153398,
tabu,hfvrp_n100_m20_s04,100,20,1.000000,1234,6505.259212,6557.385688,13062.644900,0.000000,,,0,1,,,,,2.942627,
tabu,hfvrp_n100_m20_s05,100,20,1.000000,1234,6830.694950,6794.778966,13625.473916,0.000000,,,0,1,,,,,2.817101,
tabu,hfvrp_n150_m30_s03,150,30,1.000000,1787993579500211766,11904.588459,10402.369187,22306.957645,0.000000,,,0,1,,,,,22.110401,
tabu,hfvrp_n100_m20_s03,100,20,1.000000,19345,6670.407303,7152.804380,13823.211683,0.000000,,,0,1,,,,,3.123327,
tabu,hfvrp_n100_m20_s04,100,20,1.000000,9999,6505.259212,6557.385688,13062.644900,0.000000,,,0,1,,,,,2.955666,
tabu,hfvrp_n150_m30_s01,150,30,1.000000,75,11783.196109,10869.683575,22652.879684,0.000000,,,0,1,,,,,12.803841,
tabu,hfvrp_n100_m20_s05,100,20,1.000000,9999,6830.694950,6794.778966,13625.473916,0.000000,,,0,1,,,,,2.833966,
tabu,hfvrp_n150_m30_s02,150,30,1.000000,10,11816.246221,10271.249698,22087.495919,0.000000,,,0,1,,,,,15.952032,
tabu,hfvrp_n100_m20_s03,100,20,1.000000,1787993498594735428,6670.407303,7152.804380,13823.211683,0.000000,,,0,1,,,,,3.130792,
tabu,hfvrp_n100_m20_s04,100,20,1.000000,19345,6505.259212,6557.385688,13062.644900,0.000000,,,0,1,,,,,2.951661,
tabu,hfvrp_n100_m20_s05,100,20,1.000000,19345,6830.694950,6794.778966,13625.473916,0.000000,,,0,1,,,,,2.811573,
tabu,hfvrp_n150_m30_s03,150,30,1.000000,1,11904.588459,10402.369187,22306.957645,0.000000,,,0,1,,,,,22.115852,
tabu,hfvrp_n150_m30_s04,150,30,1.000000,1787993147449081046,12677.038371,12091.588058,24768.626429,0.000000,,,0,1,,,,,11.624262,
tabu,hfvrp_n100_m20_s04,100,20,1.000000,1787993124279202337,6505.259212,6557.385688,13062.644900,0.000000,,,0,1,,,,,2.948910,
tabu,hfvrp_n150_m30_s01,150,30,1.000000,100,11783.196109,10869.683575,22652.879684,0.000000,,,0,1,,,,,12.815267,
tabu,hfvrp_n100_m20_s05,100,20,1.000000,1787993297171815530,6830.694950,6794.778966,13625.473916,0.000000,,,0,1,,,,,2.813631,
tabu,hfvrp_n150_m30_s02,150,30,1.000000,50,11816.246221,10271.249698,22087.495919,0.000000,,,0,1,,,,,14.550595,
tabu,hfvrp_n150_m30_s05,150,30,1.000000,1787993249828695986,11911.624391,10238.257401,22149.881792,0.000000,,,0,1,,,,,11.658805,
tabu,hfvrp_n150_m30_s04,150,30,1.000000,1,12677.038371,12091.588058,24768.626429,0.000000,,,0,1,,,,,11.650388,
tabu,hfvrp_n150_m30_s03,150,30,1.000000,10,11904.588459,10402.369187,22306.957645,0.000000,,,0,1,,,,,22.094492,
tabu,hfvrp_n150_m30_s01,150,30,1.000000,200,11783.196109,10869.683575,22652.879684,0.000000,,,0,1,,,,,12.785451,
tabu,hfvrp_n200_m40_s01,200,40,1.000000,1787992954478046369,17492.194302,15684.024854,33176.219156,0.000000,,,0,1,,,,,36.714723,
tabu,hfvrp_n150_m30_s02,150,30,1.000000,75,11816.246221,10271.249698,22087.495919,0.000000,,,0,1,,,,,14.608406,
tabu,hfvrp_n150_m30_s05,150,30,1.000000,1,11911.624391,10238.257401,22149.881792,0.000000,,,0,1,,,,,11.715149,
tabu,hfvrp_n150_m30_s04,150,30,1.000000,10,12677.038371,12091.588058,24768.626429,0.000000,,,0,1,,,,,11.582667,
tabu,hfvrp_n150_m30_s01,150,30,1.000000,999,11783.196109,10869.683575,22652.879684,0.000000,,,0,1,,,,,12.801853,
tabu,hfvrp_n150_m30_s03,150,30,1.000000,50,11904.588459,10402.369187,22306.957645,0.000000,,,0,1,,,,,22.114861,
tabu,hfvrp_n150_m30_s02,150,30,1.000000,100,11816.246221,10271.249698,22087.495919,0.000000,,,0,1,,,,,14.557244,
tabu,hfvrp_n150_m30_s05,150,30,1.000000,10,11911.624391,10238.257401,22149.881792,0.000000,,,0,1,,,,,11.678764,
tabu,hfvrp_n150_m30_s04,150,30,1.000000,50,12677.038371,12091.588058,24768.626429,0.000000,,,0,1,,,,,11.715541,
tabu,hfvrp_n150_m30_s01,150,30,1.000000,1234,11783.196109,10869.683575,22652.879684,0.000000,,,0,1,,,,,12.748896,
tabu,hfvrp_n200_m40_s01,200,40,1.000000,1,17492.194302,15684.024854,33176.219156,0.000000,,,0,1,,,,,36.672935,
tabu,hfvrp_n150_m30_s03,150,30,1.000000,75,11904.588459,10402.369187,22306.957645,0.000000,,,0,1,,,,,22.125598,
tabu,hfvrp_n150_m30_s02,150,30,1.000000,200,11816.246221,10271.249698,22087.495919,0.000000,,,0,1,,,,,14.583660,
tabu,hfvrp_n150_m30_s05,150,30,1.000000,50,11911.624391,10238.257401,22149.881792,0.000000,,,0,1,,,,,11.649724,
tabu,hfvrp_n150_m30_s04,150,30,1.000000,75,12677.038371,12091.588058,24768.626429,0.000000,,,0,1,,,,,11.613839,
tabu,hfvrp_n150_m30_s01,150,30,1.000000,9999,11783.196109,10869.683575,22652.879684,0.000000,,,0,1,,,,,12.720899,
tabu,hfvrp_n150_m30_s03,150,30,1.000000,100,11904.588459,10402.369187,22306.957645,0.000000,,,0,1,,,,,22.179665,
tabu,hfvrp_n150_m30_s02,150,30,1.000000,999,11816.246221,10271.249698,22087.495919,0.000000,,,0,1,,,,,14.641128,
tabu,hfvrp_n150_m30_s05,150,30,1.000000,75,11911.624391,10238.257401,22149.881792,0.000000,,,0,1,,,,,11.656651,
tabu,hfvrp_n150_m30_s04,150,30,1.000000,100,12677.038371,12091.588058,24768.626429,0.000000,,,0,1,,,,,11.642176,
tabu,hfvrp_n150_m30_s01,150,30,1.000000,19345,11783.196109,10869.683575,22652.879684,0.000000,,,0,1,,,,,12.733343,
tabu,hfvrp_n200_m40_s01,200,40,1.000000,10,17492.194302,15684.024854,33176.219156,0.000000,,,0,1,,,,,36.715774,
tabu,hfvrp_n150_m30_s02,150,30,1.000000,1234,11816.246221,10271.249698,22087.495919,0.000000,,,0,1,,,,,14.576334,
tabu,hfvrp_n150_m30_s05,150,30,1.000000,100,11911.624391,10238.257401,22149.881792,0.000000,,,0,1,,,,,11.706760,
tabu,hfvrp_n150_m30_s03,150,30,1.000000,200,11904.588459,10402.369187,22306.957645,0.000000,,,0,1,,,,,22.120495,
tabu,hfvrp_n150_m30_s04,150,30,1.000000,200,12677.038371,12091.588058,24768.626429,0.000000,,,0,1,,,,,11.557531,
tabu,hfvrp_n150_m30_s01,150,30,1.000000,1787993387001717521,11783.196109,10869.683575,22652.879684,0.000000,,,0,1,,,,,12.758056,
tabu,hfvrp_n150_m30_s05,150,30,1.000000,200,11911.624391,10238.257401,22149.881792,0.000000,,,0,1,,,,,11.733049,
tabu,hfvrp_n150_m30_s02,150,30,1.000000,9999,11816.246221,10271.249698,22087.495919,0.000000,,,0,1,,,,,14.604342,
tabu,hfvrp_n150_m30_s03,150,30,1.000000,999,11904.588459,10402.369187,22306.957645,0.000000,,,0,1,,,,,22.089573,
tabu,hfvrp_n150_m30_s04,150,30,1.000000,999,12677.038371,12091.588058,24768.626429,0.000000,,,0,1,,,,,11.618418,
tabu,hfvrp_n200_m40_s01,200,40,1.000000,50,17492.194302,15684.024854,33176.219156,0.000000,,,0,1,,,,,36.705997,
tabu,hfvrp_n200_m40_s02,200,40,1.000000,1787993549836884214,18526.536539,13945.501062,32472.037601,0.000000,,,0,1,,,,,39.433795,
tabu,hfvrp_n150_m30_s05,150,30,1.000000,999,11911.624391,10238.257401,22149.881792,0.000000,,,0,1,,,,,11.680935,
tabu,hfvrp_n150_m30_s02,150,30,1.000000,19345,11816.246221,10271.249698,22087.495919,0.000000,,,0,1,,,,,14.659334,
tabu,hfvrp_n150_m30_s03,150,30,1.000000,1234,11904.588459,10402.369187,22306.957645,0.000000,,,0,1,,,,,22.149760,
tabu,hfvrp_n150_m30_s04,150,30,1.000000,1234,12677.038371,12091.588058,24768.626429,0.000000,,,0,1,,,,,11.632179,
tabu,hfvrp_n150_m30_s05,150,30,1.000000,1234,11911.624391,10238.257401,22149.881792,0.000000,,,0,1,,,,,11.740238,
tabu,hfvrp_n150_m30_s02,150,30,1.000000,1787996420335901385,11816.246221,10271.249698,22087.495919,0.000000,,,0,1,,,,,14.600269,
tabu,hfvrp_n150_m30_s04,150,30,1.000000,9999,12677.038371,12091.588058,24768.626429,0.000000,,,0,1,,,,,11.664912,
tabu,hfvrp_n150_m30_s03,150,30,1.000000,9999,11904.588459,10402.369187,22306.957645,0.000000,,,0,1,,,,,22.233272,
tabu,hfvrp_n200_m40_s01,200,40,1.000000,75,17492.194302,15684.024854,33176.219156,0.000000,,,0,1,,,,,36.691566,
tabu,hfvrp_n150_m30_s05,150,30,1.000000,9999,11911.624391,10238.257401,22149.881792,0.000000,,,0,1,,,,,11.698818,
tabu,hfvrp_n200_m40_s02,200,40,1.000000,1,18526.536539,13945.501062,32472.037601,0.000000,,,0,1,,,,,39.593802,
tabu,hfvrp_n150_m30_s04,150,30,1.000000,19345,12677.038371,12091.588058,24768.626429,0.000000,,,0,1,,,,,11.630832,
tabu,hfvrp_n150_m30_s03,150,30,1.000000,19345,11904.588459,10402.369187,22306.957645,0.000000,,,0,1,,,,,22.160466,
tabu,hfvrp_n200_m40_s03,200,40,1.000000,1787996378659739423,18895.518776,17851.616057,36747.134832,0.000000,,,0,1,,,,,62.033326,
tabu,hfvrp_n150_m30_s05,150,30,1.000000,19345,11911.624391,10238.257401,22149.881792,0.000000,,,0,1,,,,,11.635735,
tabu,hfvrp_n150_m30_s04,150,30,1.000000,1787997221509368734,12677.038371,12091.588058,24768.626429,0.000000,,,0,1,,,,,11.574298,
tabu,hfvrp_n150_m30_s03,150,30,1.000000,1787996155306968895,11904.588459,10402.369187,22306.957645,0.000000,,,0,1,,,,,22.119992,
tabu,hfvrp_n200_m40_s01,200,40,1.000000,100,17492.194302,15684.024854,33176.219156,0.000000,,,0,1,,,,,36.797349,
tabu,hfvrp_n150_m30_s05,150,30,1.000000,1787996255644914791,11911.624391,10238.257401,22149.881792,0.000000,,,0,1,,,,,11.664980,
tabu,hfvrp_n200_m40_s02,200,40,1.000000,10,18526.536539,13945.501062,32472.037601,0.000000,,,0,1,,,,,39.454065,
tabu,hfvrp_n200_m40_s04,200,40,1.000000,1787996383036009171,18845.706464,16030.619687,34876.326151,0.000000,,,0,1,,,,,29.162649,
tabu,augerat_A_n32_k5,31,8,1.000000,1787996498551799194,8349.133630,1608.307644,9957.441275,0.000000,,,0,1,,,,,0.074587,
tabu,augerat_A_n32_k5,31,8,1.000000,1,8349.133630,1608.307644,9957.441275,0.000000,,,0,1,,,,,0.073368,
tabu,augerat_A_n32_k5,31,8,1.000000,10,8349.133630,1608.307644,9957.441275,0.000000,,,0,1,,,,,0.077305,
tabu,hfvrp_n200_m40_s03,200,40,1.000000,1,18895.518776,17851.616057,36747.134832,0.000000,,,0,1,,,,,62.119438,
tabu,hfvrp_n200_m40_s05,200,40,1.000000,1787996277005680847,19227.323470,14378.971605,33606.295074,0.000000,,,0,1,,,,,39.577529,
tabu,augerat_A_n32_k5,31,8,1.000000,50,8349.133630,1608.307644,9957.441275,0.000000,,,0,1,,,,,0.076072,
tabu,augerat_A_n32_k5,31,8,1.000000,75,8349.133630,1608.307644,9957.441275,0.000000,,,0,1,,,,,0.077612,
tabu,augerat_A_n32_k5,31,8,1.000000,100,8349.133630,1608.307644,9957.441275,0.000000,,,0,1,,,,,0.077750,
tabu,augerat_A_n32_k5,31,8,1.000000,200,8349.133630,1608.307644,9957.441275,0.000000,,,0,1,,,,,0.077967,
tabu,augerat_A_n32_k5,31,8,1.000000,999,8349.133630,1608.307644,9957.441275,0.000000,,,0,1,,,,,0.075983,
tabu,augerat_A_n32_k5,31,8,1.000000,1234,8349.133630,1608.307644,9957.441275,0.000000,,,0,1,,,,,0.076413,
tabu,hfvrp_n200_m40_s01,200,40,1.000000,200,17492.194302,15684.024854,33176.219156,0.000000,,,0,1,,,,,36.715489,
tabu,augerat_A_n32_k5,31,8,1.000000,9999,8349.133630,1608.307644,9957.441275,0.000000,,,0,1,,,,,0.073275,
tabu,augerat_A_n32_k5,31,8,1.000000,19345,8349.133630,1608.307644,9957.441275,0.000000,,,0,1,,,,,0.076277,
tabu,hfvrp_n200_m40_s02,200,40,1.000000,50,18526.536539,13945.501062,32472.037601,0.000000,,,0,1,,,,,39.737381,
tabu,augerat_A_n32_k5,31,8,1.000000,1787995636274733688,8349.133630,1608.307644,9957.441275,0.000000,,,0,1,,,,,0.074385,
tabu,augerat_A_n37_k5,36,8,1.000000,1787996014344153930,6950.532569,873.313914,7823.846483,0.000000,,,0,1,,,,,0.166005,
tabu,augerat_A_n37_k5,36,8,1.000000,1,6950.532569,873.313914,7823.846483,0.000000,,,0,1,,,,,0.168654,
tabu,augerat_A_n37_k5,36,8,1.000000,10,6950.532569,873.313914,7823.846483,0.000000,,,0,1,,,,,0.166363,
tabu,hfvrp_n200_m40_s04,200,40,1.000000,1,18845.706464,16030.619687,34876.326151,0.000000,,,0,1,,,,,29.114160,
tabu,augerat_A_n37_k5,36,8,1.000000,50,6950.532569,873.313914,7823.846483,0.000000,,,0,1,,,,,0.165747,
tabu,augerat_A_n37_k5,36,8,1.000000,75,6950.532569,873.313914,7823.846483,0.000000,,,0,1,,,,,0.168080,
tabu,augerat_A_n37_k5,36,8,1.000000,100,6950.532569,873.313914,7823.846483,0.000000,,,0,1,,,,,0.166923,
tabu,augerat_A_n37_k5,36,8,1.000000,200,6950.532569,873.313914,7823.846483,0.000000,,,0,1,,,,,0.167019,
tabu,hfvrp_n200_m40_s05,200,40,1.000000,1,19227.323470,14378.971605,33606.295074,0.000000,,,0,1,,,,,39.515210,
tabu,augerat_A_n37_k5,36,8,1.000000,999,6950.532569,873.313914,7823.846483,0.000000,,,0,1,,,,,0.164872,
tabu,augerat_A_n37_k5,36,8,1.000000,1234,6950.532569,873.313914,7823.846483,0.000000,,,0,1,,,,,0.163904,
tabu,hfvrp_n200_m40_s03,200,40,1.000000,10,18895.518776,17851.616057,36747.134832,0.000000,,,0,1,,,,,62.264555,
tabu,augerat_A_n37_k5,36,8,1.000000,9999,6950.532569,873.313914,7823.846483,0.000000,,,0,1,,,,,0.166247,
tabu,augerat_A_n37_k5,36,8,1.000000,19345,6950.532569,873.313914,7823.846483,0.000000,,,0,1,,,,,0.166838,
tabu,hfvrp_n200_m40_s01,200,40,1.000000,999,17492.194302,15684.024854,33176.219156,0.000000,,,0,1,,,,,36.702776,
tabu,augerat_A_n37_k5,36,8,1.000000,1787995040359586970,6950.532569,873.313914,7823.846483,0.000000,,,0,1,,,,,0.164758,
tabu,augerat_A_n45_k6,44,8,1.000000,1787995085039111177,11329.708344,946.510647,12276.218991,0.000000,,,0,1,,,,,0.206943,
tabu,hfvrp_n200_m40_s02,200,40,1.000000,75,18526.536539,13945.501062,32472.037601,0.000000,,,0,1,,,,,39.594816,
tabu,augerat_A_n45_k6,44,8,1.000000,1,11329.708344,946.510647,12276.218991,0.000000,,,0,1,,,,,0.209790,
tabu,augerat_A_n45_k6,44,8,1.000000,10,11329.708344,946.510647,12276.218991,0.000000,,,0,1,,,,,0.203938,
tabu,augerat_A_n45_k6,44,8,1.000000,50,11329.708344,946.510647,12276.218991,0.000000,,,0,1,,,,,0.208621,
tabu,hfvrp_n200_m40_s04,200,40,1.000000,10,18845.706464,16030.619687,34876.326151,0.000000,,,0,1,,,,,29.196030,
tabu,augerat_A_n45_k6,44,8,1.000000,75,11329.708344,946.510647,12276.218991,0.000000,,,0,1,,,,,0.206566,
tabu,augerat_A_n45_k6,44,8,1.000000,100,11329.708344,946.510647,12276.218991,0.000000,,,0,1,,,,,0.205985,
tabu,augerat_A_n45_k6,44,8,1.000000,200,11329.708344,946.510647,12276.218991,0.000000,,,0,1,,,,,0.206405,
tabu,augerat_A_n45_k6,44,8,1.000000,999,11329.708344,946.510647,12276.218991,0.000000,,,0,1,,,,,0.207027,
tabu,hfvrp_n200_m40_s05,200,40,1.000000,10,19227.323470,14378.971605,33606.295074,0.000000,,,0,1,,,,,39.421905,
tabu,augerat_A_n45_k6,44,8,1.000000,1234,11329.708344,946.510647,12276.218991,0.000000,,,0,1,,,,,0.203718,
tabu,augerat_A_n45_k6,44,8,1.000000,9999,11329.708344,946.510647,12276.218991,0.000000,,,0,1,,,,,0.206375,
tabu,augerat_A_n45_k6,44,8,1.000000,19345,11329.708344,946.510647,12276.218991,0.000000,,,0,1,,,,,0.204036,
tabu,hfvrp_n200_m40_s03,200,40,1.000000,50,18895.518776,17851.616057,36747.134832,0.000000,,,0,1,,,,,62.066317,
tabu,hfvrp_n200_m40_s01,200,40,1.000000,1234,17492.194302,15684.024854,33176.219156,0.000000,,,0,1,,,,,36.737506,
tabu,augerat_A_n45_k6,44,8,1.000000,1787999072988181452,11329.708344,946.510647,12276.218991,0.000000,,,0,1,,,,,0.205068,
tabu,augerat_A_n54_k7,53,8,1.000000,1787998995494223630,12407.400955,2544.107004,14951.507959,0.000000,,,0,1,,,,,0.324978,
tabu,hfvrp_n200_m40_s02,200,40,1.000000,100,18526.536539,13945.501062,32472.037601,0.000000,,,0,1,,,,,39.405654,
tabu,augerat_A_n54_k7,53,8,1.000000,1,12407.400955,2544.107004,14951.507959,0.000000,,,0,1,,,,,0.318561,
tabu,hfvrp_n200_m40_s04,200,40,1.000000,50,18845.706464,16030.619687,34876.326151,0.000000,,,0,1,,,,,29.142378,
tabu,augerat_A_n54_k7,53,8,1.000000,10,12407.400955,2544.107004,14951.507959,0.000000,,,0,1,,,,,0.322359,
tabu,augerat_A_n54_k7,53,8,1.000000,50,12407.400955,2544.107004,14951.507959,0.000000,,,0,1,,,,,0.323294,
tabu,augerat_A_n54_k7,53,8,1.000000,75,12407.400955,2544.107004,14951.507959,0.000000,,,0,1,,,,,0.319326,
tabu,augerat_A_n54_k7,53,8,1.000000,100,12407.400955,2544.107004,14951.507959,0.000000,,,0,1,,,,,0.319982,
tabu,hfvrp_n200_m40_s05,200,40,1.000000,50,19227.323470,14378.971605,33606.295074,0.000000,,,0,1,,,,,39.630698,
tabu,augerat_A_n54_k7,53,8,1.000000,200,12407.400955,2544.107004,14951.507959,0.000000,,,0,1,,,,,0.322459,
tabu,augerat_A_n54_k7,53,8,1.000000,999,12407.400955,2544.107004,14951.507959,0.000000,,,0,1,,,,,0.321299,
tabu,augerat_A_n54_k7,53,8,1.000000,1234,12407.400955,2544.107004,14951.507959,0.000000,,,0,1,,,,,0.322182,
tabu,hfvrp_n200_m40_s01,200,40,1.000000,9999,17492.194302,15684.024854,33176.219156,0.000000,,,0,1,,,,,36.680257,
tabu,augerat_A_n54_k7,53,8,1.000000,9999,12407.400955,2544.107004,14951.507959,0.000000,,,0,1,,,,,0.319252,
tabu,hfvrp_n200_m40_s02,200,40,1.000000,200,18526.536539,13945.501062,32472.037601,0.000000,,,0,1,,,,,39.761843,
tabu,hfvrp_n200_m40_s03,200,40,1.000000,75,18895.518776,17851.616057,36747.134832,0.000000,,,0,1,,,,,62.109912,
tabu,augerat_A_n54_k7,53,8,1.000000,19345,12407.400955,2544.107004,14951.507959,0.000000,,,0,1,,,,,0.320777,
tabu,hfvrp_n200_m40_s04,200,40,1.000000,75,18845.706464,16030.619687,34876.326151,0.000000,,,0,1,,,,,29.366536,
tabu,augerat_A_n54_k7,53,8,1.000000,1787996011026939154,12407.400955,2544.107004,14951.507959,0.000000,,,0,1,,,,,0.319466,
tabu,augerat_A_n60_k9,59,10,1.000000,1787996202752967447,15002.977032,2559.716234,17562.693266,0.000000,,,0,1,,,,,0.458931,
tabu,augerat_A_n60_k9,59,10,1.000000,1,15002.977032,2559.716234,17562.693266,0.000000,,,0,1,,,,,0.464218,
tabu,augerat_A_n60_k9,59,10,1.000000,10,15002.977032,2559.716234,17562.693266,0.000000,,,0,1,,,,,0.463430,
tabu,hfvrp_n200_m40_s05,200,40,1.000000,75,19227.323470,14378.971605,33606.295074,0.000000,,,0,1,,,,,39.662510,
tabu,augerat_A_n60_k9,59,10,1.000000,50,15002.977032,2559.716234,17562.693266,0.000000,,,0,1,,,,,0.466933,
tabu,augerat_A_n60_k9,59,10,1.000000,75,15002.977032,2559.716234,17562.693266,0.000000,,,0,1,,,,,0.470347,
tabu,hfvrp_n200_m40_s01,200,40,1.000000,19345,17492.194302,15684.024854,33176.219156,0.000000,,,0,1,,,,,36.683148,
tabu,augerat_A_n60_k9,59,10,1.000000,100,15002.977032,2559.716234,17562.693266,0.000000,,,0,1,,,,,0.462477,
tabu,augerat_A_n60_k9,59,10,1.000000,200,15002.977032,2559.716234,17562.693266,0.000000,,,0,1,,,,,0.464915,
tabu,hfvrp_n200_m40_s02,200,40,1.000000,999,18526.536539,13945.501062,32472.037601,0.000000,,,0,1,,,,,39.564717,
tabu,hfvrp_n200_m40_s04,200,40,1.000000,100,18845.706464,16030.619687,34876.326151,0.000000,,,0,1,,,,,29.149672,
tabu,augerat_A_n60_k9,59,10,1.000000,999,15002.977032,2559.716234,17562.693266,0.000000,,,0,1,,,,,0.468806,
tabu,hfvrp_n200_m40_s03,200,40,1.000000,100,18895.518776,17851.616057,36747.134832,0.000000,,,0,1,,,,,62.144723,
tabu,augerat_A_n60_k9,59,10,1.000000,1234,15002.977032,2559.716234,17562.693266,0.000000,,,0,1,,,,,0.463650,
tabu,augerat_A_n60_k9,59,10,1.000000,9999,15002.977032,2559.716234,17562.693266,0.000000,,,0,1,,,,,0.461907,
tabu,augerat_A_n60_k9,59,10,1.000000,19345,15002.977032,2559.716234,17562.693266,0.000000,,,0,1,,,,,0.464171,
tabu,hfvrp_n200_m40_s05,200,40,1.000000,100,19227.323470,14378.971605,33606.295074,0.000000,,,0,1,,,,,39.544404,
tabu,augerat_A_n60_k9,59,10,1.000000,1787997018542078888,15002.977032,2559.716234,17562.693266,0.000000,,,0,1,,,,,0.460250,
tabu,augerat_A_n80_k10,79,11,1.000000,1787997221175637061,17309.913910,3990.415451,21300.329361,0.000000,,,0,1,,,,,1.025708,
tabu,hfvrp_n200_m40_s01,200,40,1.000000,1787997061185614547,17492.194302,15684.024854,33176.219156,0.000000,,,0,1,,,,,36.625801,
tabu,augerat_A_n80_k10,79,11,1.000000,1,17309.913910,3990.415451,21300.329361,0.000000,,,0,1,,,,,1.030269,
tabu,hfvrp_n200_m40_s02,200,40,1.000000,1234,18526.536539,13945.501062,32472.037601,0.000000,,,0,1,,,,,39.485530,
tabu,hfvrp_n200_m40_s04,200,40,1.000000,200,18845.706464,16030.619687,34876.326151,0.000000,,,0,1,,,,,29.107536,
tabu,augerat_A_n80_k10,79,11,1.000000,10,17309.913910,3990.415451,21300.329361,0.000000,,,0,1,,,,,1.027191,
tabu,augerat_A_n80_k10,79,11,1.000000,50,17309.913910,3990.415451,21300.329361,0.000000,,,0,1,,,,,1.035745,
tabu,hfvrp_n200_m40_s03,200,40,1.000000,200,18895.518776,17851.616057,36747.134832,0.000000,,,0,1,,,,,62.087832,
tabu,augerat_A_n80_k10,79,11,1.000000,75,17309.913910,3990.415451,21300.329361,0.000000,,,0,1,,,,,1.026819,
tabu,augerat_A_n80_k10,79,11,1.000000,100,17309.913910,3990.415451,21300.329361,0.000000,,,0,1,,,,,1.027115,
tabu,hfvrp_n200_m40_s05,200,40,1.000000,200,19227.323470,14378.971605,33606.295074,0.000000,,,0,1,,,,,39.429884,
tabu,pyvrp_X101_FSMFD,100,26,1.000000,1796868557582697310,3667525.034676,33109.902689,3700634.937365,0.000000,,,0,1,,,,,3.506399,
tabu,augerat_A_n80_k10,79,11,1.000000,200,17309.913910,3990.415451,21300.329361,0.000000,,,0,1,,,,,1.027584,
tabu,pyvrp_X101_FSMFD,100,26,1.000000,1,3667525.034676,33109.902689,3700634.937365,0.000000,,,0,1,,,,,3.500608,
tabu,augerat_A_n80_k10,79,11,1.000000,999,17309.913910,3990.415451,21300.329361,0.000000,,,0,1,,,,,1.030145,
tabu,hfvrp_n200_m40_s04,200,40,1.000000,999,18845.706464,16030.619687,34876.326151,0.000000,,,0,1,,,,,29.120998,
tabu,hfvrp_n200_m40_s02,200,40,1.000000,9999,18526.536539,13945.501062,32472.037601,0.000000,,,0,1,,,,,39.542744,
tabu,augerat_A_n80_k10,79,11,1.000000,1234,17309.913910,3990.415451,21300.329361,0.000000,,,0,1,,,,,1.034576,
tabu,pyvrp_X101_FSMFD,100,26,1.000000,10,3667525.034676,33109.902689,3700634.937365,0.000000,,,0,1,,,,,3.592112,
tabu,augerat_A_n80_k10,79,11,1.000000,9999,17309.913910,3990.415451,21300.329361,0.000000,,,0,1,,,,,1.027107,
tabu,pyvrp_X101_FSMFD,100,26,1.000000,50,3667525.034676,33109.902689,3700634.937365,0.000000,,,0,1,,,,,3.527251,
tabu,augerat_A_n80_k10,79,11,1.000000,19345,17309.913910,3990.415451,21300.329361,0.000000,,,0,1,,,,,1.030766,
tabu,hfvrp_n200_m40_s03,200,40,1.000000,999,18895.518776,17851.616057,36747.134832,0.000000,,,0,1,,,,,62.104490,
tabu,augerat_A_n80_k10,79,11,1.000000,1796869060226198348,17309.913910,3990.415451,21300.329361,0.000000,,,0,1,,,,,1.026843,
tabu,hfvrp_n200_m40_s05,200,40,1.000000,999,19227.323470,14378.971605,33606.295074,0.000000,,,0,1,,,,,39.511553,
tabu,pyvrp_X101_FSMFD,100,26,1.000000,75,3667525.034676,33109.902689,3700634.937365,0.000000,,,0,1,,,,,3.497604,
tabu,pyvrp_X106_FSMD,105,16,1.000000,1796868084292180092,3714937.400323,60271.807118,3775209.207441,0.000000,,,0,1,,,,,2.544625,
tabu,pyvrp_X101_FSMFD,100,26,1.000000,100,3667525.034676,33109.902689,3700634.937365,0.000000,,,0,1,,,,,3.501606,
tabu,hfvrp_n200_m40_s04,200,40,1.000000,1234,18845.706464,16030.619687,34876.326151,0.000000,,,0,1,,,,,29.264138,
tabu,hfvrp_n200_m40_s02,200,40,1.000000,19345,18526.536539,13945.501062,32472.037601,0.000000,,,0,1,,,,,39.565633,
tabu,pyvrp_X106_FSMD,105,16,1.000000,1,3714937.400323,60271.807118,3775209.207441,0.000000,,,0,1,,,,,2.548928,
tabu,pyvrp_X101_FSMFD,100,26,1.000000,200,3667525.034676,33109.902689,3700634.937365,0.000000,,,0,1,,,,,3.513304,
tabu,pyvrp_X106_FSMD,105,16,1.000000,10,3714937.400323,60271.807118,3775209.207441,0.000000,,,0,1,,,,,2.547721,
tabu,pyvrp_X101_FSMFD,100,26,1.000000,999,3667525.034676,33109.902689,3700634.937365,0.000000,,,0,1,,,,,3.504046,
tabu,pyvrp_X106_FSMD,105,16,1.000000,50,3714937.400323,60271.807118,3775209.207441,0.000000,,,0,1,,,,,2.554605,
tabu,hfvrp_n200_m40_s05,200,40,1.000000,1234,19227.323470,14378.971605,33606.295074,0.000000,,,0,1,,,,,39.468713,
tabu,pyvrp_X101_FSMFD,100,26,1.000000,1234,3667525.034676,33109.902689,3700634.937365,0.000000,,,0,1,,,,,3.499248,
tabu,hfvrp_n200_m40_s03,200,40,1.000000,1234,18895.518776,17851.616057,36747.134832,0.000000,,,0,1,,,,,62.185351,
tabu,pyvrp_X106_FSMD,105,16,1.000000,75,3714937.400323,60271.807118,3775209.207441,0.000000,,,0,1,,,,,2.545673,
tabu,hfvrp_n200_m40_s04,200,40,1.000000,9999,18845.706464,16030.619687,34876.326151,0.000000,,,0,1,,,,,29.105049,
tabu,pyvrp_X101_FSMFD,100,26,1.000000,9999,3667525.034676,33109.902689,3700634.937365,0.000000,,,0,1,,,,,3.505338,
tabu,pyvrp_X106_FSMD,105,16,1.000000,100,3714937.400323,60271.807118,3775209.207441,0.000000,,,0,1,,,,,2.540147,
tabu,hfvrp_n200_m40_s02,200,40,1.000000,1796868357756497490,18526.536539,13945.501062,32472.037601,0.000000,,,0,1,,,,,39.448684,
tabu,pyvrp_X101_FSMFD,100,26,1.000000,19345,3667525.034676,33109.902689,3700634.937365,0.000000,,,0,1,,,,,3.500321,
tabu,pyvrp_X106_FSMD,105,16,1.000000,200,3714937.400323,60271.807118,3775209.207441,0.000000,,,0,1,,,,,2.864481,
tabu,pyvrp_X101_FSMFD,100,26,1.000000,1796870276636639670,3667525.034676,33109.902689,3700634.937365,0.000000,,,0,1,,,,,3.513062,
tabu,pyvrp_X106_FSMD,105,16,1.000000,999,3714937.400323,60271.807118,3775209.207441,0.000000,,,0,1,,,,,2.551505,
tabu,hfvrp_n200_m40_s05,200,40,1.000000,9999,19227.323470,14378.971605,33606.295074,0.000000,,,0,1,,,,,39.496219,
tabu,pyvrp_X110_HD,109,13,1.000000,1796869747457391439,1894492.807678,33617.708896,1928110.516574,0.000000,,,0,1,,,,,3.439653,
tabu,pyvrp_X106_FSMD,105,16,1.000000,1234,3714937.400323,60271.807118,3775209.207441,0.000000,,,0,1,,,,,2.549894,
tabu,pyvrp_X115_HVRP,114,18,1.000000,1796869956022636446,2114251.570154,43479.708987,2157731.279141,0.000000,,,0,0,,,,,2.490389,
tabu,hfvrp_n200_m40_s04,200,40,1.000000,19345,18845.706464,16030.619687,34876.326151,0.000000,,,0,1,,,,,29.169455,
tabu,hfvrp_n200_m40_s03,200,40,1.000000,9999,18895.518776,17851.616057,36747.134832,0.000000,,,0,1,,,,,62.037306,
tabu,pyvrp_X110_HD,109,13,1.000000,1,1894492.807678,33617.708896,1928110.516574,0.000000,,,0,1,,,,,3.442203,
tabu,pyvrp_X106_FSMD,105,16,1.000000,9999,3714937.400323,60271.807118,3775209.207441,0.000000,,,0,1,,,,,2.548032,
tabu,pyvrp_X115_HVRP,114,18,1.000000,1,2114251.570154,43479.708987,2157731.279141,0.000000,,,0,0,,,,,2.510026,
tabu,pyvrp_X106_FSMD,105,16,1.000000,19345,3714937.400323,60271.807118,3775209.207441,0.000000,,,0,1,,,,,2.545235,
tabu,pyvrp_X110_HD,109,13,1.000000,10,1894492.807678,33617.708896,1928110.516574,0.000000,,,0,1,,,,,3.429316,
tabu,pyvrp_X115_HVRP,114,18,1.000000,10,2114251.570154,43479.708987,2157731.279141,0.000000,,,0,0,,,,,2.496637,
tabu,pyvrp_X106_FSMD,105,16,1.000000,1796869489306875491,3714937.400323,60271.807118,3775209.207441,0.000000,,,0,1,,,,,2.563489,
tabu,pyvrp_X110_HD,109,13,1.000000,50,1894492.807678,33617.708896,1928110.516574,0.000000,,,0,1,,,,,3.427413,
tabu,pyvrp_X115_HVRP,114,18,1.000000,50,2114251.570154,43479.708987,2157731.279141,0.000000,,,0,0,,,,,2.493284,
tabu,hfvrp_n200_m40_s05,200,40,1.000000,19345,19227.323470,14378.971605,33606.295074,0.000000,,,0,1,,,,,39.418503,
tabu,pyvrp_X120_FSMF,119,12,1.000000,1796869287650327299,3185104.723963,90157.997148,3275262.721111,0.000000,,,0,1,,,,,1.813291,
tabu,pyvrp_X110_HD,109,13,1.000000,75,1894492.807678,33617.708896,1928110.516574,0.000000,,,0,1,,,,,3.442548,
tabu,hfvrp_n200_m40_s04,200,40,1.000000,1796869427018538753,18845.706464,16030.619687,34876.326151,0.000000,,,0,1,,,,,29.238850,
tabu,pyvrp_X115_HVRP,114,18,1.000000,75,2114251.570154,43479.708987,2157731.279141,0.000000,,,0,0,,,,,2.489910,
tabu,pyvrp_X120_FSMF,119,12,1.000000,1,3185104.723963,90157.997148,3275262.721111,0.000000,,,0,1,,,,,1.824559,
tabu,pyvrp_X110_HD,109,13,1.000000,100,1894492.807678,33617.708896,1928110.516574,0.000000,,,0,1,,,,,3.450017,
tabu,hfvrp_n200_m40_s03,200,40,1.000000,19345,18895.518776,17851.616057,36747.134832,0.000000,,,0,1,,,,,62.166138,
tabu,pyvrp_X115_HVRP,114,18,1.000000,100,2114251.570154,43479.708987,2157731.279141,0.000000,,,0,0,,,,,2.509954,
tabu,pyvrp_X120_FSMF,119,12,1.000000,10,3185104.723963,90157.997148,3275262.721111,0.000000,,,0,1,,,,,1.815746,
tabu,pyvrp_X110_HD,109,13,1.000000,200,1894492.807678,33617.708896,1928110.516574,0.000000,,,0,1,,,,,3.439438,
tabu,pyvrp_X120_FSMF,119,12,1.000000,50,3185104.723963,90157.997148,3275262.721111,0.000000,,,0,1,,,,,1.822876,
tabu,pyvrp_X115_HVRP,114,18,1.000000,200,2114251.570154,43479.708987,2157731.279141,0.000000,,,0,0,,,,,2.499590,
tabu,pyvrp_X110_HD,109,13,1.000000,999,1894492.807678,33617.708896,1928110.516574,0.000000,,,0,1,,,,,3.450493,
tabu,hfvrp_n200_m40_s05,200,40,1.000000,1796867227977073611,19227.323470,14378.971605,33606.295074,0.000000,,,0,1,,,,,39.468163,
tabu,pyvrp_X120_FSMF,119,12,1.000000,75,3185104.723963,90157.997148,3275262.721111,0.000000,,,0,1,,,,,1.814179,
tabu,pyvrp_X115_HVRP,114,18,1.000000,999,2114251.570154,43479.708987,2157731.279141,0.000000,,,0,0,,,,,2.486558,
tabu,pyvrp_X110_HD,109,13,1.000000,1234,1894492.807678,33617.708896,1928110.516574,0.000000,,,0,1,,,,,3.457949,
tabu,pyvrp_X120_FSMF,119,12,1.000000,100,3185104.723963,90157.997148,3275262.721111,0.000000,,,0,1,,,,,1.812988,
tabu,pyvrp_X115_HVRP,114,18,1.000000,1234,2114251.570154,43479.708987,2157731.279141,0.000000,,,0,0,,,,,2.487979,
tabu,pyvrp_X110_HD,109,13,1.000000,9999,1894492.807678,33617.708896,1928110.516574,0.000000,,,0,1,,,,,3.436637,
tabu,pyvrp_X120_FSMF,119,12,1.000000,200,3185104.723963,90157.997148,3275262.721111,0.000000,,,0,1,,,,,1.807220,
tabu,hfvrp_n200_m40_s03,200,40,1.000000,1796867528464416643,18895.518776,17851.616057,36747.134832,0.000000,,,0,1,,,,,61.951622,
tabu,pyvrp_X115_HVRP,114,18,1.000000,9999,2114251.570154,43479.708987,2157731.279141,0.000000,,,0,0,,,,,2.492737,
tabu,pyvrp_X110_HD,109,13,1.000000,19345,1894492.807678,33617.708896,1928110.516574,0.000000,,,0,1,,,,,3.441038,
tabu,pyvrp_X120_FSMF,119,12,1.000000,999,3185104.723963,90157.997148,3275262.721111,0.000000,,,0,1,,,,,1.821645,
tabu,pyvrp_X115_HVRP,114,18,1.000000,19345,2114251.570154,43479.708987,2157731.279141,0.000000,,,0,0,,,,,2.492981,
tabu,pyvrp_X110_HD,109,13,1.000000,1796867606678079688,1894492.807678,33617.708896,1928110.516574,0.000000,,,0,1,,,,,3.434923,
tabu,pyvrp_X120_FSMF,119,12,1.000000,1234,3185104.723963,90157.997148,3275262.721111,0.000000,,,0,1,,,,,1.813492,
tabu,pyvrp_X115_HVRP,114,18,1.000000,1796868066609991174,2114251.570154,43479.708987,2157731.279141,0.000000,,,0,0,,,,,2.391336,
tabu,pyvrp_X120_FSMF,119,12,1.000000,9999,3185104.723963,90157.997148,3275262.721111,0.000000,,,0,1,,,,,1.750018,
tabu,pyvrp_X120_FSMF,119,12,1.000000,19345,3185104.723963,90157.997148,3275262.721111,0.000000,,,0,1,,,,,1.748405,
tabu,pyvrp_X120_FSMF,119,12,1.000000,1796867595348152634,3185104.723963,90157.997148,3275262.721111,0.000000,,,0,1,,,,,1.747048,
ga,ex1_1v_feasible,2,1,1.000000,1788030216434797294,84.142136,50.000000,134.142136,0.000000,,,0,1,,,,,0.015045,DEFAULT
ga,ex2_1v_infeasible,2,1,1.000000,1788030315222235424,70.000000,0.000000,70.000000,0.000000,,,0,0,,,,,0.015194,DEFAULT
ga,ex1_1v_feasible,2,1,1.000000,1788030289467463184,84.142136,50.000000,134.142136,0.000000,,,0,1,,,,,0.001650,SMALL
ga,hfvrp_n001_m03_s01,1,3,1.000000,1788030280867405855,87.334995,168.337487,255.672481,0.000000,,,0,1,,,,,0.012474,DEFAULT
ga,ex2_1v_infeasible,2,1,1.000000,1788030293767117387,70.000000,0.000000,70.000000,0.000000,,,0,0,,,,,0.002274,SMALL
ga,hfvrp_n001_m03_s01,1,3,1.000000,1788030302358087982,87.334995,168.337487,255.672481,0.000000,,,0,1,,,,,0.001336,SMALL
ga,ex4_3v_infeasible,4,3,1.000000,1788030336698595899,141.798990,0.000000,141.798990,0.000000,,,0,0,,,,,0.022056,DEFAULT
ga,ex3_3v_all_feasible,3,3,1.000000,1788030340994768305,162.000000,20.000000,182.000000,0.000000,,,0,1,,,,,0.021010,DEFAULT
ga,ex5_3v_one_used_feasible,3,3,1.000000,1788030285164548775,115.798990,50.000000,165.798990,0.000000,,,0,1,,,,,0.019515,DEFAULT
ga,ex4_3v_infeasible,4,3,1.000000,1788030383968860450,141.798990,0.000000,141.798990,0.000000,,,0,0,,,,,0.002433,SMALL
ga,ex3_3v_all_feasible,3,3,1.000000,1788030388264417305,162.000000,20.000000,182.000000,0.000000,,,0,1,,,,,0.002142,SMALL
ga,ex5_3v_one_used_feasible,3,3,1.000000,1788030392561906566,115.798990,50.000000,165.798990,0.000000,,,0,1,,,,,0.002082,SMALL
ga,hfvrp_n001_m03_s01,1,3,1.000000,1788030306657759962,87.334995,168.337487,255.672481,0.000000,,,0,1,,,,,0.240429,MEDIUM
ga,ex1_1v_feasible,2,1,1.000000,1788030298062761682,84.142136,50.000000,134.142136,0.000000,,,0,1,,,,,0.295732,MEDIUM
ga,ex2_1v_infeasible,2,1,1.000000,1788030379673942294,70.000000,0.000000,70.000000,0.000000,,,0,0,,,,,0.300736,MEDIUM
ga,ex5_3v_one_used_feasible,3,3,1.000000,1788030405452372523,115.798990,50.000000,165.798990,0.000000,,,0,1,,,,,0.378918,MEDIUM
ga,ex3_3v_all_feasible,3,3,1.000000,1788030401155189113,162.000000,20.000000,182.000000,0.000000,,,0,1,,,,,0.390537,MEDIUM
ga,ex4_3v_infeasible,4,3,1.000000,1788030396859703135,141.798990,0.000000,141.798990,0.000000,,,0,0,,,,,0.440095,MEDIUM
ga,hfvrp_n001_m03_s01,1,3,1.000000,1788030409981319050,87.334995,168.337487,255.672481,0.000000,,,0,1,,,,,0.725024,BIG
ga,hfvrp_n001_m03_s01,1,3,1.000000,1,87.334995,168.337487,255.672481,0.000000,,,0,1,,,,,0.013905,DEFAULT
ga,hfvrp_n001_m03_s01,1,3,1.000000,1,87.334995,168.337487,255.672481,0.000000,,,0,1,,,,,0.001236,SMALL
ga,ex1_1v_feasible,2,1,1.000000,1788030345611098717,84.142136,50.000000,134.142136,0.000000,,,0,1,,,,,0.886957,BIG
ga,ex2_1v_infeasible,2,1,1.000000,1788030349914910815,70.000000,0.000000,70.000000,0.000000,,,0,0,,,,,0.895068,BIG
ga,ex1_1v_feasible,2,1,1.000000,1,84.142136,50.000000,134.142136,0.000000,,,0,1,,,,,0.018828,DEFAULT
ga,ex1_1v_feasible,2,1,1.000000,1,84.142136,50.000000,134.142136,0.000000,,,0,1,,,,,0.001634,SMALL
ga,ex2_1v_infeasible,2,1,1.000000,1,70.000000,0.000000,70.000000,0.000000,,,0,0,,,,,0.017609,DEFAULT
ga,ex2_1v_infeasible,2,1,1.000000,1,70.000000,0.000000,70.000000,0.000000,,,0,0,,,,,0.001631,SMALL
ga,hfvrp_n001_m03_s01,1,3,1.000000,1,87.334995,168.337487,255.672481,0.000000,,,0,1,,,,,0.243888,MEDIUM
ga,ex1_1v_feasible,2,1,1.000000,1,84.142136,50.000000,134.142136,0.000000,,,0,1,,,,,0.297284,MEDIUM
ga,ex2_1v_infeasible,2,1,1.000000,1,70.000000,0.000000,70.000000,0.000000,,,0,0,,,,,0.294743,MEDIUM
ga,ex5_3v_one_used_feasible,3,3,1.000000,1788030354299623316,115.798990,50.000000,165.798990,0.000000,,,0,1,,,,,1.151270,BIG
ga,ex5_3v_one_used_feasible,3,3,1.000000,1,115.798990,50.000000,165.798990,0.000000,,,0,1,,,,,0.020074,DEFAULT
ga,ex5_3v_one_used_feasible,3,3,1.000000,1,115.798990,50.000000,165.798990,0.000000,,,0,1,,,,,0.001918,SMALL
ga,ex3_3v_all_feasible,3,3,1.000000,1788030358600105933,162.000000,20.000000,182.000000,0.000000,,,0,1,,,,,1.188365,BIG
ga,ex3_3v_all_feasible,3,3,1.000000,1,162.000000,20.000000,182.000000,0.000000,,,0,1,,,,,0.019760,DEFAULT
ga,ex3_3v_all_feasible,3,3,1.000000,1,162.000000,20.000000,182.000000,0.000000,,,0,1,,,,,0.002147,SMALL
ga,ex4_3v_infeasible,4,3,1.000000,1788030362948368430,141.798990,0.000000,141.798990,0.000000,,,0,0,,,,,1.322508,BIG
ga,ex4_3v_infeasible,4,3,1.000000,1,141.798990,0.000000,141.798990,0.000000,,,0,0,,,,,0.021950,DEFAULT
ga,ex4_3v_infeasible,4,3,1.000000,1,141.798990,0.000000,141.798990,0.000000,,,0,0,,,,,0.002440,SMALL
ga,ex5_3v_one_used_feasible,3,3,1.000000,1,115.798990,50.000000,165.798990,0.000000,,,0,1,,,,,0.383523,MEDIUM
ga,hfvrp_n001_m03_s01,1,3,1.000000,1,87.334995,168.337487,255.672481,0.000000,,,0,1,,,,,0.736407,BIG
ga,hfvrp_n001_m03_s01,1,3,1.000000,10,87.334995,168.337487,255.672481,0.000000,,,0,1,,,,,0.012559,DEFAULT
ga,hfvrp_n001_m03_s01,1,3,1.000000,10,87.334995,168.337487,255.672481,0.000000,,,0,1,,,,,0.001330,SMALL
ga,ex3_3v_all_feasible,3,3,1.000000,1,162.000000,20.000000,182.000000,0.000000,,,0,1,,,,,0.400717,MEDIUM
ga,ex4_3v_infeasible,4,3,1.000000,1,141.798990,0.000000,141.798990,0.000000,,,0,0,,,,,0.438815,MEDIUM
ga,hfvrp_n001_m03_s01,1,3,1.000000,10,87.334995,168.337487,255.672481,0.000000,,,0,1,,,,,0.244546,MEDIUM
ga,ex1_1v_feasible,2,1,1.000000,1,84.142136,50.000000,134.142136,0.000000,,,0,1,,,,,0.898273,BIG
ga,ex2_1v_infeasible,2,1,1.000000,1,70.000000,0.000000,70.000000,0.000000,,,0,0,,,,,0.913901,BIG
ga,ex1_1v_feasible,2,1,1.000000,10,84.142136,50.000000,134.142136,0.000000,,,0,1,,,,,0.015232,DEFAULT
ga,ex1_1v_feasible,2,1,1.000000,10,84.142136,50.000000,134.142136,0.000000,,,0,1,,,,,0.003544,SMALL
ga,ex2_1v_infeasible,2,1,1.000000,10,70.000000,0.000000,70.000000,0.000000,,,0,0,,,,,0.016552,DEFAULT
ga,ex2_1v_infeasible,2,1,1.000000,10,70.000000,0.000000,70.000000,0.000000,,,0,0,,,,,0.001628,SMALL
ga,ex1_1v_feasible,2,1,1.000000,10,84.142136,50.000000,134.142136,0.000000,,,0,1,,,,,0.294837,MEDIUM
ga,ex2_1v_infeasible,2,1,1.000000,10,70.000000,0.000000,70.000000,0.000000,,,0,0,,,,,0.301964,MEDIUM
ga,hfvrp_n001_m03_s01,1,3,1.000000,10,87.334995,168.337487,255.672481,0.000000,,,0,1,,,,,0.734408,BIG
ga,hfvrp_n001_m03_s01,1,3,1.000000,50,87.334995,168.337487,255.672481,0.000000,,,0,1,,,,,0.014383,DEFAULT
ga,hfvrp_n001_m03_s01,1,3,1.000000,50,87.334995,168.337487,255.672481,0.000000,,,0,1,,,,,0.001336,SMALL
ga,ex5_3v_one_used_feasible,3,3,1.000000,1,115.798990,50.000000,165.798990,0.000000,,,0,1,,,,,1.167214,BIG
ga,ex5_3v_one_used_feasible,3,3,1.000000,10,115.798990,50.000000,165.798990,0.000000,,,0,1,,,,,0.021935,DEFAULT
ga,ex5_3v_one_used_feasible,3,3,1.000000,10,115.798990,50.000000,165.798990,0.000000,,,0,1,,,,,0.003774,SMALL
ga,ex3_3v_all_feasible,3,3,1.000000,1,162.000000,20.000000,182.000000,0.000000,,,0,1,,,,,1.187613,BIG
ga,ex3_3v_all_feasible,3,3,1.000000,10,162.000000,20.000000,182.000000,0.000000,,,0,1,,,,,0.023894,DEFAULT
ga,ex3_3v_all_feasible,3,3,1.000000,10,162.000000,20.000000,182.000000,0.000000,,,0,1,,,,,0.004931,SMALL
ga,hfvrp_n001_m03_s01,1,3,1.000000,50,87.334995,168.337487,255.672481,0.000000,,,0,1,,,,,0.250211,MEDIUM
ga,ex5_3v_one_used_feasible,3,3,1.000000,10,115.798990,50.000000,165.798990,0.000000,,,0,1,,,,,0.385288,MEDIUM
ga,ex4_3v_infeasible,4,3,1.000000,1,141.798990,0.000000,141.798990,0.000000,,,0,0,,,,,1.340904,BIG
ga,ex4_3v_infeasible,4,3,1.000000,10,141.798990,0.000000,141.798990,0.000000,,,0,0,,,,,0.025248,DEFAULT
ga,ex4_3v_infeasible,4,3,1.000000,10,141.798990,0.000000,141.798990,0.000000,,,0,0,,,,,0.006023,SMALL
ga,ex1_1v_feasible,2,1,1.000000,10,84.142136,50.000000,134.142136,0.000000,,,0,1,,,,,0.901218,BIG
ga,ex3_3v_all_feasible,3,3,1.000000,10,162.000000,20.000000,182.000000,0.000000,,,0,1,,,,,0.397932,MEDIUM
ga,ex1_1v_feasible,2,1,1.000000,50,84.142136,50.000000,134.142136,0.000000,,,0,1,,,,,0.015030,DEFAULT
ga,ex1_1v_feasible,2,1,1.000000,50,84.142136,50.000000,134.142136,0.000000,,,0,1,,,,,0.001621,SMALL
ga,ex2_1v_infeasible,2,1,1.000000,10,70.000000,0.000000,70.000000,0.000000,,,0,0,,,,,0.922799,BIG
ga,ex2_1v_infeasible,2,1,1.000000,50,70.000000,0.000000,70.000000,0.000000,,,0,0,,,,,0.015802,DEFAULT
ga,ex2_1v_infeasible,2,1,1.000000,50,70.000000,0.000000,70.000000,0.000000,,,0,0,,,,,0.002840,SMALL
ga,ex1_1v_feasible,2,1,1.000000,50,84.142136,50.000000,134.142136,0.000000,,,0,1,,,,,0.295685,MEDIUM
ga,hfvrp_n001_m03_s01,1,3,1.000000,50,87.334995,168.337487,255.672481,0.000000,,,0,1,,,,,0.734999,BIG
ga,ex2_1v_infeasible,2,1,1.000000,50,70.000000,0.000000,70.000000,0.000000,,,0,0,,,,,0.295962,MEDIUM
ga,hfvrp_n001_m03_s01,1,3,1.000000,75,87.334995,168.337487,255.672481,0.000000,,,0,1,,,,,0.016114,DEFAULT
ga,hfvrp_n001_m03_s01,1,3,1.000000,75,87.334995,168.337487,255.672481,0.000000,,,0,1,,,,,0.002551,SMALL
ga,ex4_3v_infeasible,4,3,1.000000,10,141.798990,0.000000,141.798990,0.000000,,,0,0,,,,,0.463198,MEDIUM
ga,hfvrp_n001_m03_s01,1,3,1.000000,75,87.334995,168.337487,255.672481,0.000000,,,0,1,,,,,0.243311,MEDIUM
ga,ex5_3v_one_used_feasible,3,3,1.000000,10,115.798990,50.000000,165.798990,0.000000,,,0,1,,,,,1.152597,BIG
ga,ex5_3v_one_used_feasible,3,3,1.000000,50,115.798990,50.000000,165.798990,0.000000,,,0,1,,,,,0.023246,DEFAULT
ga,ex5_3v_one_used_feasible,3,3,1.000000,50,115.798990,50.000000,165.798990,0.000000,,,0,1,,,,,0.002067,SMALL
ga,ex3_3v_all_feasible,3,3,1.000000,10,162.000000,20.000000,182.000000,0.000000,,,0,1,,,,,1.182424,BIG
ga,ex3_3v_all_feasible,3,3,1.000000,50,162.000000,20.000000,182.000000,0.000000,,,0,1,,,,,0.019625,DEFAULT
ga,ex1_1v_feasible,2,1,1.000000,50,84.142136,50.000000,134.142136,0.000000,,,0,1,,,,,0.896064,BIG
ga,ex3_3v_all_feasible,3,3,1.000000,50,162.000000,20.000000,182.000000,0.000000,,,0,1,,,,,0.005988,SMALL
ga,ex1_1v_feasible,2,1,1.000000,75,84.142136,50.000000,134.142136,0.000000,,,0,1,,,,,0.017000,DEFAULT
ga,ex1_1v_feasible,2,1,1.000000,75,84.142136,50.000000,134.142136,0.000000,,,0,1,,,,,0.002773,SMALL
ga,ex2_1v_infeasible,2,1,1.000000,50,70.000000,0.000000,70.000000,0.000000,,,0,0,,,,,0.907002,BIG
ga,ex2_1v_infeasible,2,1,1.000000,75,70.000000,0.000000,70.000000,0.000000,,,0,0,,,,,0.019148,DEFAULT
ga,ex2_1v_infeasible,2,1,1.000000,75,70.000000,0.000000,70.000000,0.000000,,,0,0,,,,,0.003740,SMALL
ga,hfvrp_n001_m03_s01,1,3,1.000000,75,87.334995,168.337487,255.672481,0.000000,,,0,1,,,,,0.740795,BIG
ga,hfvrp_n001_m03_s01,1,3,1.000000,100,87.334995,168.337487,255.672481,0.000000,,,0,1,,,,,0.016542,DEFAULT
ga,hfvrp_n001_m03_s01,1,3,1.000000,100,87.334995,168.337487,255.672481,0.000000,,,0,1,,,,,0.002563,SMALL
ga,ex5_3v_one_used_feasible,3,3,1.000000,50,115.798990,50.000000,165.798990,0.000000,,,0,1,,,,,0.397914,MEDIUM
ga,ex1_1v_feasible,2,1,1.000000,75,84.142136,50.000000,134.142136,0.000000,,,0,1,,,,,0.304431,MEDIUM
ga,ex3_3v_all_feasible,3,3,1.000000,50,162.000000,20.000000,182.000000,0.000000,,,0,1,,,,,0.404901,MEDIUM
ga,ex2_1v_infeasible,2,1,1.000000,75,70.000000,0.000000,70.000000,0.000000,,,0,0,,,,,0.312801,MEDIUM
ga,hfvrp_n001_m03_s01,1,3,1.000000,100,87.334995,168.337487,255.672481,0.000000,,,0,1,,,,,0.244583,MEDIUM
ga,ex4_3v_infeasible,4,3,1.000000,10,141.798990,0.000000,141.798990,0.000000,,,0,0,,,,,1.336261,BIG
ga,ex4_3v_infeasible,4,3,1.000000,50,141.798990,0.000000,141.798990,0.000000,,,0,0,,,,,0.027335,DEFAULT
ga,ex4_3v_infeasible,4,3,1.000000,50,141.798990,0.000000,141.798990,0.000000,,,0,0,,,,,0.002414,SMALL
ga,ex4_3v_infeasible,4,3,1.000000,50,141.798990,0.000000,141.798990,0.000000,,,0,0,,,,,0.429911,MEDIUM
ga,hfvrp_n001_m03_s01,1,3,1.000000,100,87.334995,168.337487,255.672481,0.000000,,,0,1,,,,,0.723117,BIG
ga,hfvrp_n001_m03_s01,1,3,1.000000,200,87.334995,168.337487,255.672481,0.000000,,,0,1,,,,,0.017413,DEFAULT
ga,hfvrp_n001_m03_s01,1,3,1.000000,200,87.334995,168.337487,255.672481,0.000000,,,0,1,,,,,0.002571,SMALL
ga,ex1_1v_feasible,2,1,1.000000,75,84.142136,50.000000,134.142136,0.000000,,,0,1,,,,,0.886365,BIG
ga,ex1_1v_feasible,2,1,1.000000,100,84.142136,50.000000,134.142136,0.000000,,,0,1,,,,,0.014997,DEFAULT
ga,ex1_1v_feasible,2,1,1.000000,100,84.142136,50.000000,134.142136,0.000000,,,0,1,,,,,0.001622,SMALL
ga,ex2_1v_infeasible,2,1,1.000000,75,70.000000,0.000000,70.000000,0.000000,,,0,0,,,,,0.910084,BIG
ga,ex2_1v_infeasible,2,1,1.000000,100,70.000000,0.000000,70.000000,0.000000,,,0,0,,,,,0.015500,DEFAULT
ga,ex2_1v_infeasible,2,1,1.000000,100,70.000000,0.000000,70.000000,0.000000,,,0,0,,,,,0.001623,SMALL
ga,ex5_3v_one_used_feasible,3,3,1.000000,50,115.798990,50.000000,165.798990,0.000000,,,0,1,,,,,1.162851,BIG
ga,ex5_3v_one_used_feasible,3,3,1.000000,75,115.798990,50.000000,165.798990,0.000000,,,0,1,,,,,0.019105,DEFAULT
ga,hfvrp_n001_m03_s01,1,3,1.000000,200,87.334995,168.337487,255.672481,0.000000,,,0,1,,,,,0.251095,MEDIUM
ga,ex5_3v_one_used_feasible,3,3,1.000000,75,115.798990,50.000000,165.798990,0.000000,,,0,1,,,,,0.004521,SMALL
ga,ex1_1v_feasible,2,1,1.000000,100,84.142136,50.000000,134.142136,0.000000,,,0,1,,,,,0.300652,MEDIUM
ga,ex3_3v_all_feasible,3,3,1.000000,50,162.000000,20.000000,182.000000,0.000000,,,0,1,,,,,1.195224,BIG
ga,ex3_3v_all_feasible,3,3,1.000000,75,162.000000,20.000000,182.000000,0.000000,,,0,1,,,,,0.019871,DEFAULT
ga,ex3_3v_all_feasible,3,3,1.000000,75,162.000000,20.000000,182.000000,0.000000,,,0,1,,,,,0.002177,SMALL
ga,ex2_1v_infeasible,2,1,1.000000,100,70.000000,0.000000,70.000000,0.000000,,,0,0,,,,,0.310998,MEDIUM
ga,ex5_3v_one_used_feasible,3,3,1.000000,75,115.798990,50.000000,165.798990,0.000000,,,0,1,,,,,0.379668,MEDIUM
ga,ex3_3v_all_feasible,3,3,1.000000,75,162.000000,20.000000,182.000000,0.000000,,,0,1,,,,,0.386911,MEDIUM
ga,hfvrp_n001_m03_s01,1,3,1.000000,200,87.334995,168.337487,255.672481,0.000000,,,0,1,,,,,0.726459,BIG
ga,hfvrp_n001_m03_s01,1,3,1.000000,999,87.334995,168.337487,255.672481,0.000000,,,0,1,,,,,0.016580,DEFAULT
ga,hfvrp_n001_m03_s01,1,3,1.000000,999,87.334995,168.337487,255.672481,0.000000,,,0,1,,,,,0.002770,SMALL
ga,ex4_3v_infeasible,4,3,1.000000,50,141.798990,0.000000,141.798990,0.000000,,,0,0,,,,,1.331074,BIG
ga,ex4_3v_infeasible,4,3,1.000000,75,141.798990,0.000000,141.798990,0.000000,,,0,0,,,,,0.022821,DEFAULT
ga,ex4_3v_infeasible,4,3,1.000000,75,141.798990,0.000000,141.798990,0.000000,,,0,0,,,,,0.002383,SMALL
ga,ex1_1v_feasible,2,1,1.000000,100,84.142136,50.000000,134.142136,0.000000,,,0,1,,,,,0.896487,BIG
ga,ex1_1v_feasible,2,1,1.000000,200,84.142136,50.000000,134.142136,0.000000,,,0,1,,,,,0.019338,DEFAULT
ga,hfvrp_n001_m03_s01,1,3,1.000000,999,87.334995,168.337487,255.672481,0.000000,,,0,1,,,,,0.247509,MEDIUM
ga,ex1_1v_feasible,2,1,1.000000,200,84.142136,50.000000,134.142136,0.000000,,,0,1,,,,,0.005116,SMALL
ga,ex2_1v_infeasible,2,1,1.000000,100,70.000000,0.000000,70.000000,0.000000,,,0,0,,,,,0.903862,BIG
ga,ex2_1v_infeasible,2,1,1.000000,200,70.000000,0.000000,70.000000,0.000000,,,0,0,,,,,0.018797,DEFAULT
ga,ex2_1v_infeasible,2,1,1.000000,200,70.000000,0.000000,70.000000,0.000000,,,0,0,,,,,0.005164,SMALL
ga,ex1_1v_feasible,2,1,1.000000,200,84.142136,50.000000,134.142136,0.000000,,,0,1,,,,,0.299112,MEDIUM
ga,ex4_3v_infeasible,4,3,1.000000,75,141.798990,0.000000,141.798990,0.000000,,,0,0,,,,,0.442587,MEDIUM
ga,ex2_1v_infeasible,2,1,1.000000,200,70.000000,0.000000,70.000000,0.000000,,,0,0,,,,,0.296432,MEDIUM
ga,ex5_3v_one_used_feasible,3,3,1.000000,75,115.798990,50.000000,165.798990,0.000000,,,0,1,,,,,1.163511,BIG
ga,ex5_3v_one_used_feasible,3,3,1.000000,100,115.798990,50.000000,165.798990,0.000000,,,0,1,,,,,0.023363,DEFAULT
ga,ex5_3v_one_used_feasible,3,3,1.000000,100,115.798990,50.000000,165.798990,0.000000,,,0,1,,,,,0.003582,SMALL
ga,ex3_3v_all_feasible,3,3,1.000000,75,162.000000,20.000000,182.000000,0.000000,,,0,1,,,,,1.195749,BIG
ga,hfvrp_n001_m03_s01,1,3,1.000000,999,87.334995,168.337487,255.672481,0.000000,,,0,1,,,,,0.733929,BIG
ga,ex3_3v_all_feasible,3,3,1.000000,100,162.000000,20.000000,182.000000,0.000000,,,0,1,,,,,0.019779,DEFAULT
ga,hfvrp_n001_m03_s01,1,3,1.000000,1234,87.334995,168.337487,255.672481,0.000000,,,0,1,,,,,0.016467,DEFAULT
ga,hfvrp_n001_m03_s01,1,3,1.000000,1234,87.334995,168.337487,255.672481,0.000000,,,0,1,,,,,0.001387,SMALL
ga,ex3_3v_all_feasible,3,3,1.000000,100,162.000000,20.000000,182.000000,0.000000,,,0,1,,,,,0.004357,SMALL
ga,ex5_3v_one_used_feasible,3,3,1.000000,100,115.798990,50.000000,165.798990,0.000000,,,0,1,,,,,0.378612,MEDIUM
ga,hfvrp_n001_m03_s01,1,3,1.000000,1234,87.334995,168.337487,255.672481,0.000000,,,0,1,,,,,0.241994,MEDIUM
ga,ex3_3v_all_feasible,3,3,1.000000,100,162.000000,20.000000,182.000000,0.000000,,,0,1,,,,,0.389692,MEDIUM
ga,ex1_1v_feasible,2,1,1.000000,200,84.142136,50.000000,134.142136,0.000000,,,0,1,,,,,0.885734,BIG
ga,ex1_1v_feasible,2,1,1.000000,999,84.142136,50.000000,134.142136,0.000000,,,0,1,,,,,0.016838,DEFAULT
ga,ex1_1v_feasible,2,1,1.000000,999,84.142136,50.000000,134.142136,0.000000,,,0,1,,,,,0.003656,SMALL
ga,ex2_1v_infeasible,2,1,1.000000,200,70.000000,0.000000,70.000000,0.000000,,,0,0,,,,,0.898941,BIG
ga,ex2_1v_infeasible,2,1,1.000000,999,70.000000,0.000000,70.000000,0.000000,,,0,0,,,,,0.017636,DEFAULT
ga,ex2_1v_infeasible,2,1,1.000000,999,70.000000,0.000000,70.000000,0.000000,,,0,0,,,,,0.001548,SMALL
ga,ex1_1v_feasible,2,1,1.000000,999,84.142136,50.000000,134.142136,0.000000,,,0,1,,,,,0.294768,MEDIUM
ga,ex2_1v_infeasible,2,1,1.000000,999,70.000000,0.000000,70.000000,0.000000,,,0,0,,,,,0.294219,MEDIUM
ga,ex4_3v_infeasible,4,3,1.000000,75,141.798990,0.000000,141.798990,0.000000,,,0,0,,,,,1.326484,BIG
ga,ex4_3v_infeasible,4,3,1.000000,100,141.798990,0.000000,141.798990,0.000000,,,0,0,,,,,0.022020,DEFAULT
ga,ex4_3v_infeasible,4,3,1.000000,100,141.798990,0.000000,141.798990,0.000000,,,0,0,,,,,0.002424,SMALL
ga,hfvrp_n001_m03_s01,1,3,1.000000,1234,87.334995,168.337487,255.672481,0.000000,,,0,1,,,,,0.734649,BIG
ga,hfvrp_n001_m03_s01,1,3,1.000000,9999,87.334995,168.337487,255.672481,0.000000,,,0,1,,,,,0.017416,DEFAULT
ga,hfvrp_n001_m03_s01,1,3,1.000000,9999,87.334995,168.337487,255.672481,0.000000,,,0,1,,,,,0.001326,SMALL
ga,hfvrp_n001_m03_s01,1,3,1.000000,9999,87.334995,168.337487,255.672481,0.000000,,,0,1,,,,,0.237857,MEDIUM
ga,ex5_3v_one_used_feasible,3,3,1.000000,100,115.798990,50.000000,165.798990,0.000000,,,0,1,,,,,1.150469,BIG
ga,ex5_3v_one_used_feasible,3,3,1.000000,200,115.798990,50.000000,165.798990,0.000000,,,0,1,,,,,0.019637,DEFAULT
ga,ex4_3v_infeasible,4,3,1.000000,100,141.798990,0.000000,141.798990,0.000000,,,0,0,,,,,0.440019,MEDIUM
ga,ex5_3v_one_used_feasible,3,3,1.000000,200,115.798990,50.000000,165.798990,0.000000,,,0,1,,,,,0.002061,SMALL
ga,ex3_3v_all_feasible,3,3,1.000000,100,162.000000,20.000000,182.000000,0.000000,,,0,1,,,,,1.183831,BIG
ga,ex3_3v_all_feasible,3,3,1.000000,200,162.000000,20.000000,182.000000,0.000000,,,0,1,,,,,0.019859,DEFAULT
ga,ex3_3v_all_feasible,3,3,1.000000,200,162.000000,20.000000,182.000000,0.000000,,,0,1,,,,,0.005143,SMALL
ga,ex1_1v_feasible,2,1,1.000000,999,84.142136,50.000000,134.142136,0.000000,,,0,1,,,,,0.890546,BIG
ga,ex1_1v_feasible,2,1,1.000000,1234,84.142136,50.000000,134.142136,0.000000,,,0,1,,,,,0.019476,DEFAULT
ga,ex1_1v_feasible,2,1,1.000000,1234,84.142136,50.000000,134.142136,0.000000,,,0,1,,,,,0.001629,SMALL
ga,ex5_3v_one_used_feasible,3,3,1.000000,200,115.798990,50.000000,165.798990,0.000000,,,0,1,,,,,0.385816,MEDIUM
ga,ex2_1v_infeasible,2,1,1.000000,999,70.000000,0.000000,70.000000,0.000000,,,0,0,,,,,0.907463,BIG
ga,ex2_1v_infeasible,2,1,1.000000,1234,70.000000,0.000000,70.000000,0.000000,,,0,0,,,,,0.019169,DEFAULT
ga,ex2_1v_infeasible,2,1,1.000000,1234,70.000000,0.000000,70.000000,0.000000,,,0,0,,,,,0.005200,SMALL
ga,ex1_1v_feasible,2,1,1.000000,1234,84.142136,50.000000,134.142136,0.000000,,,0,1,,,,,0.295392,MEDIUM
ga,hfvrp_n001_m03_s01,1,3,1.000000,9999,87.334995,168.337487,255.672481,0.000000,,,0,1,,,,,0.740213,BIG
ga,ex3_3v_all_feasible,3,3,1.000000,200,162.000000,20.000000,182.000000,0.000000,,,0,1,,,,,0.400026,MEDIUM
ga,hfvrp_n001_m03_s01,1,3,1.000000,19345,87.334995,168.337487,255.672481,0.000000,,,0,1,,,,,0.014532,DEFAULT
ga,hfvrp_n001_m03_s01,1,3,1.000000,19345,87.334995,168.337487,255.672481,0.000000,,,0,1,,,,,0.001332,SMALL
ga,ex2_1v_infeasible,2,1,1.000000,1234,70.000000,0.000000,70.000000,0.000000,,,0,0,,,,,0.297705,MEDIUM
ga,hfvrp_n001_m03_s01,1,3,1.000000,19345,87.334995,168.337487,255.672481,0.000000,,,0,1,,,,,0.239374,MEDIUM
ga,ex4_3v_infeasible,4,3,1.000000,100,141.798990,0.000000,141.798990,0.000000,,,0,0,,,,,1.325224,BIG
ga,ex4_3v_infeasible,4,3,1.000000,200,141.798990,0.000000,141.798990,0.000000,,,0,0,,,,,0.023739,DEFAULT
ga,ex4_3v_infeasible,4,3,1.000000,200,141.798990,0.000000,141.798990,0.000000,,,0,0,,,,,0.002429,SMALL
ga,ex1_1v_feasible,2,1,1.000000,1234,84.142136,50.000000,134.142136,0.000000,,,0,1,,,,,0.884742,BIG
ga,ex1_1v_feasible,2,1,1.000000,9999,84.142136,50.000000,134.142136,0.000000,,,0,1,,,,,0.020487,DEFAULT
ga,ex1_1v_feasible,2,1,1.000000,9999,84.142136,50.000000,134.142136,0.000000,,,0,1,,,,,0.003085,SMALL
ga,ex5_3v_one_used_feasible,3,3,1.000000,200,115.798990,50.000000,165.798990,0.000000,,,0,1,,,,,1.159204,BIG
ga,ex5_3v_one_used_feasible,3,3,1.000000,999,115.798990,50.000000,165.798990,0.000000,,,0,1,,,,,0.019217,DEFAULT
ga,ex5_3v_one_used_feasible,3,3,1.000000,999,115.798990,50.000000,165.798990,0.000000,,,0,1,,,,,0.001924,SMALL
ga,hfvrp_n001_m03_s01,1,3,1.000000,19345,87.334995,168.337487,255.672481,0.000000,,,0,1,,,,,0.729696,BIG
ga,hfvrp_n001_m03_s01,1,3,1.000000,1788028647185112822,87.334995,168.337487,255.672481,0.000000,,,0,1,,,,,0.014318,DEFAULT
ga,hfvrp_n001_m03_s01,1,3,1.000000,1788028651500345913,87.334995,168.337487,255.672481,0.000000,,,0,1,,,,,0.003354,SMALL
ga,ex2_1v_infeasible,2,1,1.000000,1234,70.000000,0.000000,70.000000,0.000000,,,0,0,,,,,0.904127,BIG
ga,ex2_1v_infeasible,2,1,1.000000,9999,70.000000,0.000000,70.000000,0.000000,,,0,0,,,,,0.020060,DEFAULT
ga,ex2_1v_infeasible,2,1,1.000000,9999,70.000000,0.000000,70.000000,0.000000,,,0,0,,,,,0.002615,SMALL
ga,ex3_3v_all_feasible,3,3,1.000000,200,162.000000,20.000000,182.000000,0.000000,,,0,1,,,,,1.183226,BIG
ga,ex4_3v_infeasible,4,3,1.000000,200,141.798990,0.000000,141.798990,0.000000,,,0,0,,,,,0.449328,MEDIUM
ga,ex3_3v_all_feasible,3,3,1.000000,999,162.000000,20.000000,182.000000,0.000000,,,0,1,,,,,0.024470,DEFAULT
ga,ex1_1v_feasible,2,1,1.000000,9999,84.142136,50.000000,134.142136,0.000000,,,0,1,,,,,0.303218,MEDIUM
ga,ex3_3v_all_feasible,3,3,1.000000,999,162.000000,20.000000,182.000000,0.000000,,,0,1,,,,,0.003849,SMALL
ga,hfvrp_n001_m03_s01,1,3,1.000000,1788028741702299979,87.334995,168.337487,255.672481,0.000000,,,0,1,,,,,0.250559,MEDIUM
ga,ex5_3v_one_used_feasible,3,3,1.000000,999,115.798990,50.000000,165.798990,0.000000,,,0,1,,,,,0.393044,MEDIUM
ga,ex2_1v_infeasible,2,1,1.000000,9999,70.000000,0.000000,70.000000,0.000000,,,0,0,,,,,0.300675,MEDIUM
ga,ex3_3v_all_feasible,3,3,1.000000,999,162.000000,20.000000,182.000000,0.000000,,,0,1,,,,,0.390437,MEDIUM
ga,hfvrp_n001_m03_s01,1,3,1.000000,1788028814975179428,87.334995,168.337487,255.672481,0.000000,,,0,1,,,,,0.724403,BIG
ga,hfvrp_n001_m03_s02,1,3,1.000000,1788028321815128555,156.310634,50.546098,206.856732,0.000000,,,0,1,,,,,0.012412,DEFAULT
ga,hfvrp_n001_m03_s02,1,3,1.000000,1788028317540610900,156.310634,50.546098,206.856732,0.000000,,,0,1,,,,,0.004178,SMALL
ga,ex1_1v_feasible,2,1,1.000000,9999,84.142136,50.000000,134.142136,0.000000,,,0,1,,,,,0.882910,BIG
ga,ex1_1v_feasible,2,1,1.000000,19345,84.142136,50.000000,134.142136,0.000000,,,0,1,,,,,0.015122,DEFAULT
ga,ex1_1v_feasible,2,1,1.000000,19345,84.142136,50.000000,134.142136,0.000000,,,0,1,,,,,0.001587,SMALL
ga,ex2_1v_infeasible,2,1,1.000000,9999,70.000000,0.000000,70.000000,0.000000,,,0,0,,,,,0.910497,BIG
ga,hfvrp_n001_m03_s02,1,3,1.000000,1788028347615124425,156.310634,50.546098,206.856732,0.000000,,,0,1,,,,,0.243544,MEDIUM
ga,ex2_1v_infeasible,2,1,1.000000,19345,70.000000,0.000000,70.000000,0.000000,,,0,0,,,,,0.017880,DEFAULT
ga,ex2_1v_infeasible,2,1,1.000000,19345,70.000000,0.000000,70.000000,0.000000,,,0,0,,,,,0.001641,SMALL
ga,ex1_1v_feasible,2,1,1.000000,19345,84.142136,50.000000,134.142136,0.000000,,,0,1,,,,,0.296206,MEDIUM
ga,ex5_3v_one_used_feasible,3,3,1.000000,999,115.798990,50.000000,165.798990,0.000000,,,0,1,,,,,1.143673,BIG
ga,ex4_3v_infeasible,4,3,1.000000,200,141.798990,0.000000,141.798990,0.000000,,,0,0,,,,,1.332802,BIG
ga,ex5_3v_one_used_feasible,3,3,1.000000,1234,115.798990,50.000000,165.798990,0.000000,,,0,1,,,,,0.026169,DEFAULT
ga,ex5_3v_one_used_feasible,3,3,1.000000,1234,115.798990,50.000000,165.798990,0.000000,,,0,1,,,,,0.002158,SMALL
ga,ex4_3v_infeasible,4,3,1.000000,999,141.798990,0.000000,141.798990,0.000000,,,0,0,,,,,0.022147,DEFAULT
ga,ex4_3v_infeasible,4,3,1.000000,999,141.798990,0.000000,141.798990,0.000000,,,0,0,,,,,0.003343,SMALL
ga,ex2_1v_infeasible,2,1,1.000000,19345,70.000000,0.000000,70.000000,0.000000,,,0,0,,,,,0.309870,MEDIUM
ga,ex3_3v_all_feasible,3,3,1.000000,999,162.000000,20.000000,182.000000,0.000000,,,0,1,,,,,1.186220,BIG
ga,ex3_3v_all_feasible,3,3,1.000000,1234,162.000000,20.000000,182.000000,0.000000,,,0,1,,,,,0.022511,DEFAULT
ga,ex3_3v_all_feasible,3,3,1.000000,1234,162.000000,20.000000,182.000000,0.000000,,,0,1,,,,,0.004613,SMALL
ga,ex5_3v_one_used_feasible,3,3,1.000000,1234,115.798990,50.000000,165.798990,0.000000,,,0,1,,,,,0.385753,MEDIUM
ga,ex4_3v_infeasible,4,3,1.000000,999,141.798990,0.000000,141.798990,0.000000,,,0,0,,,,,0.439276,MEDIUM
ga,hfvrp_n001_m03_s02,1,3,1.000000,1788028399402234019,156.310634,50.546098,206.856732,0.000000,,,0,1,,,,,0.732957,BIG
ga,hfvrp_n001_m03_s02,1,3,1.000000,1,156.310634,50.546098,206.856732,0.000000,,,0,1,,,,,0.013410,DEFAULT
ga,hfvrp_n001_m03_s02,1,3,1.000000,1,156.310634,50.546098,206.856732,0.000000,,,0,1,,,,,0.001334,SMALL
ga,ex3_3v_all_feasible,3,3,1.000000,1234,162.000000,20.000000,182.000000,0.000000,,,0,1,,,,,0.395038,MEDIUM
ga,hfvrp_n001_m03_s02,1,3,1.000000,1,156.310634,50.546098,206.856732,0.000000,,,0,1,,,,,0.241164,MEDIUM
ga,ex1_1v_feasible,2,1,1.000000,19345,84.142136,50.000000,134.142136,0.000000,,,0,1,,,,,0.901787,BIG
ga,ex1_1v_feasible,2,1,1.000000,1788028494925498611,84.142136,50.000000,134.142136,0.000000,,,0,1,,,,,0.015032,DEFAULT
ga,ex1_1v_feasible,2,1,1.000000,1788028490649323746,84.142136,50.000000,134.142136,0.000000,,,0,1,,,,,0.001624,SMALL
ga,ex2_1v_infeasible,2,1,1.000000,19345,70.000000,0.000000,70.000000,0.000000,,,0,0,,,,,0.907141,BIG
ga,ex2_1v_infeasible,2,1,1.000000,1788028052788660674,70.000000,0.000000,70.000000,0.000000,,,0,0,,,,,0.019723,DEFAULT
ga,ex2_1v_infeasible,2,1,1.000000,1788028048521210406,70.000000,0.000000,70.000000,0.000000,,,0,0,,,,,0.003519,SMALL
ga,ex1_1v_feasible,2,1,1.000000,1788028520719413961,84.142136,50.000000,134.142136,0.000000,,,0,1,,,,,0.296214,MEDIUM
ga,ex2_1v_infeasible,2,1,1.000000,1788028044235193224,70.000000,0.000000,70.000000,0.000000,,,0,0,,,,,0.296838,MEDIUM
ga,hfvrp_n001_m03_s02,1,3,1.000000,1,156.310634,50.546098,206.856732,0.000000,,,0,1,,,,,0.728419,BIG
ga,ex5_3v_one_used_feasible,3,3,1.000000,1234,115.798990,50.000000,165.798990,0.000000,,,0,1,,,,,1.150641,BIG
ga,hfvrp_n001_m03_s02,1,3,1.000000,10,156.310634,50.546098,206.856732,0.000000,,,0,1,,,,,0.012400,DEFAULT
ga,hfvrp_n001_m03_s02,1,3,1.000000,10,156.310634,50.546098,206.856732,0.000000,,,0,1,,,,,0.001348,SMALL
ga,ex5_3v_one_used_feasible,3,3,1.000000,9999,115.798990,50.000000,165.798990,0.000000,,,0,1,,,,,0.023872,DEFAULT
ga,ex5_3v_one_used_feasible,3,3,1.000000,9999,115.798990,50.000000,165.798990,0.000000,,,0,1,,,,,0.004709,SMALL
ga,hfvrp_n001_m03_s02,1,3,1.000000,10,156.310634,50.546098,206.856732,0.000000,,,0,1,,,,,0.239704,MEDIUM
ga,ex4_3v_infeasible,4,3,1.000000,999,141.798990,0.000000,141.798990,0.000000,,,0,0,,,,,1.335186,BIG
ga,ex4_3v_infeasible,4,3,1.000000,1234,141.798990,0.000000,141.798990,0.000000,,,0,0,,,,,0.026453,DEFAULT
ga,ex4_3v_infeasible,4,3,1.000000,1234,141.798990,0.000000,141.798990,0.000000,,,0,0,,,,,0.005999,SMALL
ga,ex3_3v_all_feasible,3,3,1.000000,1234,162.000000,20.000000,182.000000,0.000000,,,0,1,,,,,1.184684,BIG
ga,ex3_3v_all_feasible,3,3,1.000000,9999,162.000000,20.000000,182.000000,0.000000,,,0,1,,,,,0.019909,DEFAULT
ga,ex3_3v_all_feasible,3,3,1.000000,9999,162.000000,20.000000,182.000000,0.000000,,,0,1,,,,,0.005023,SMALL
ga,ex5_3v_one_used_feasible,3,3,1.000000,9999,115.798990,50.000000,165.798990,0.000000,,,0,1,,,,,0.383092,MEDIUM
ga,ex1_1v_feasible,2,1,1.000000,1788028074342925479,84.142136,50.000000,134.142136,0.000000,,,0,1,,,,,0.913147,BIG
ga,hfvrp_n001_m03_s03,1,3,1.000000,1788028259983756550,130.438737,0.000000,130.438737,0.000000,,,0,1,,,,,0.015913,DEFAULT
ga,hfvrp_n001_m03_s03,1,3,1.000000,1788028255708309048,130.438737,0.000000,130.438737,0.000000,,,0,1,,,,,0.001255,SMALL
ga,ex4_3v_infeasible,4,3,1.000000,1234,141.798990,0.000000,141.798990,0.000000,,,0,0,,,,,0.442161,MEDIUM
ga,ex2_1v_infeasible,2,1,1.000000,1788028070309739792,70.000000,0.000000,70.000000,0.000000,,,0,0,,,,,0.909724,BIG
ga,ex3_3v_all_feasible,3,3,1.000000,9999,162.000000,20.000000,182.000000,0.000000,,,0,1,,,,,0.398142,MEDIUM
ga,hfvrp_n001_m03_s03,1,3,1.000000,1788028251418158034,130.438737,0.000000,130.438737,0.000000,,,0,1,,,,,0.242623,MEDIUM
ga,hfvrp_n001_m03_s04,1,3,1.000000,1788027774908553439,122.386776,0.000000,122.386776,0.000000,,,0,1,,,,,0.014163,DEFAULT
ga,hfvrp_n001_m03_s04,1,3,1.000000,1788027796405943487,122.386776,0.000000,122.386776,0.000000,,,0,1,,,,,0.003498,SMALL
ga,hfvrp_n001_m03_s02,1,3,1.000000,10,156.310634,50.546098,206.856732,0.000000,,,0,1,,,,,0.733665,BIG
ga,hfvrp_n001_m03_s02,1,3,1.000000,50,156.310634,50.546098,206.856732,0.000000,,,0,1,,,,,0.012424,DEFAULT
ga,hfvrp_n001_m03_s02,1,3,1.000000,50,156.310634,50.546098,206.856732,0.000000,,,0,1,,,,,0.002426,SMALL
ga,hfvrp_n001_m03_s04,1,3,1.000000,1788027792119118015,122.386776,0.000000,122.386776,0.000000,,,0,1,,,,,0.243603,MEDIUM
ga,hfvrp_n001_m03_s02,1,3,1.000000,50,156.310634,50.546098,206.856732,0.000000,,,0,1,,,,,0.239582,MEDIUM
ga,hfvrp_n001_m03_s03,1,3,1.000000,1788027800693141500,130.438737,0.000000,130.438737,0.000000,,,0,1,,,,,0.721317,BIG
ga,hfvrp_n001_m03_s03,1,3,1.000000,1,130.438737,0.000000,130.438737,0.000000,,,0,1,,,,,0.016085,DEFAULT
ga,hfvrp_n001_m03_s03,1,3,1.000000,1,130.438737,0.000000,130.438737,0.000000,,,0,1,,,,,0.001328,SMALL
ga,ex5_3v_one_used_feasible,3,3,1.000000,9999,115.798990,50.000000,165.798990,0.000000,,,0,1,,,,,1.153104,BIG
ga,ex5_3v_one_used_feasible,3,3,1.000000,19345,115.798990,50.000000,165.798990,0.000000,,,0,1,,,,,0.020119,DEFAULT
ga,ex5_3v_one_used_feasible,3,3,1.000000,19345,115.798990,50.000000,165.798990,0.000000,,,0,1,,,,,0.003853,SMALL
ga,hfvrp_n001_m03_s04,1,3,1.000000,1788027758011502192,122.386776,0.000000,122.386776,0.000000,,,0,1,,,,,0.724423,BIG
ga,hfvrp_n001_m03_s03,1,3,1.000000,1,130.438737,0.000000,130.438737,0.000000,,,0,1,,,,,0.245477,MEDIUM
ga,hfvrp_n001_m03_s04,1,3,1.000000,1,122.386776,0.000000,122.386776,0.000000,,,0,1,,,,,0.013984,DEFAULT
ga,hfvrp_n001_m03_s04,1,3,1.000000,1,122.386776,0.000000,122.386776,0.000000,,,0,1,,,,,0.001328,SMALL
ga,ex3_3v_all_feasible,3,3,1.000000,9999,162.000000,20.000000,182.000000,0.000000,,,0,1,,,,,1.181949,BIG
ga,hfvrp_n001_m03_s02,1,3,1.000000,50,156.310634,50.546098,206.856732,0.000000,,,0,1,,,,,0.726969,BIG
ga,ex3_3v_all_feasible,3,3,1.000000,19345,162.000000,20.000000,182.000000,0.000000,,,0,1,,,,,0.019779,DEFAULT
ga,hfvrp_n001_m03_s02,1,3,1.000000,75,156.310634,50.546098,206.856732,0.000000,,,0,1,,,,,0.013562,DEFAULT
ga,ex3_3v_all_feasible,3,3,1.000000,19345,162.000000,20.000000,182.000000,0.000000,,,0,1,,,,,0.003502,SMALL
ga,ex5_3v_one_used_feasible,3,3,1.000000,19345,115.798990,50.000000,165.798990,0.000000,,,0,1,,,,,0.390113,MEDIUM
ga,hfvrp_n001_m03_s02,1,3,1.000000,75,156.310634,50.546098,206.856732,0.000000,,,0,1,,,,,0.002784,SMALL
ga,ex4_3v_infeasible,4,3,1.000000,1234,141.798990,0.000000,141.798990,0.000000,,,0,0,,,,,1.330022,BIG
ga,hfvrp_n001_m03_s04,1,3,1.000000,1,122.386776,0.000000,122.386776,0.000000,,,0,1,,,,,0.246110,MEDIUM
ga,ex4_3v_infeasible,4,3,1.000000,9999,141.798990,0.000000,141.798990,0.000000,,,0,0,,,,,0.025286,DEFAULT
ga,ex4_3v_infeasible,4,3,1.000000,9999,141.798990,0.000000,141.798990,0.000000,,,0,0,,,,,0.004590,SMALL
ga,hfvrp_n001_m03_s02,1,3,1.000000,75,156.310634,50.546098,206.856732,0.000000,,,0,1,,,,,0.244660,MEDIUM
ga,ex3_3v_all_feasible,3,3,1.000000,19345,162.000000,20.000000,182.000000,0.000000,,,0,1,,,,,0.395690,MEDIUM
ga,hfvrp_n001_m03_s03,1,3,1.000000,1,130.438737,0.000000,130.438737,0.000000,,,0,1,,,,,0.732046,BIG
ga,ex4_3v_infeasible,4,3,1.000000,9999,141.798990,0.000000,141.798990,0.000000,,,0,0,,,,,0.433211,MEDIUM
ga,hfvrp_n001_m03_s03,1,3,1.000000,10,130.438737,0.000000,130.438737,0.000000,,,0,1,,,,,0.012399,DEFAULT
ga,hfvrp_n001_m03_s03,1,3,1.000000,10,130.438737,0.000000,130.438737,0.000000,,,0,1,,,,,0.001359,SMALL
ga,hfvrp_n001_m03_s04,1,3,1.000000,1,122.386776,0.000000,122.386776,0.000000,,,0,1,,,,,0.729019,BIG
ga,hfvrp_n001_m03_s03,1,3,1.000000,10,130.438737,0.000000,130.438737,0.000000,,,0,1,,,,,0.252708,MEDIUM
ga,hfvrp_n001_m03_s04,1,3,1.000000,10,122.386776,0.000000,122.386776,0.000000,,,0,1,,,,,0.016671,DEFAULT
ga,hfvrp_n001_m03_s04,1,3,1.000000,10,122.386776,0.000000,122.386776,0.000000,,,0,1,,,,,0.001292,SMALL
ga,hfvrp_n001_m03_s02,1,3,1.000000,75,156.310634,50.546098,206.856732,0.000000,,,0,1,,,,,0.724009,BIG
ga,hfvrp_n001_m03_s02,1,3,1.000000,100,156.310634,50.546098,206.856732,0.000000,,,0,1,,,,,0.017314,DEFAULT
ga,hfvrp_n001_m03_s02,1,3,1.000000,100,156.310634,50.546098,206.856732,0.000000,,,0,1,,,,,0.003079,SMALL
ga,hfvrp_n001_m03_s04,1,3,1.000000,10,122.386776,0.000000,122.386776,0.000000,,,0,1,,,,,0.245337,MEDIUM
ga,ex5_3v_one_used_feasible,3,3,1.000000,19345,115.798990,50.000000,165.798990,0.000000,,,0,1,,,,,1.147962,BIG
ga,ex5_3v_one_used_feasible,3,3,1.000000,1788027558275184556,115.798990,50.000000,165.798990,0.000000,,,0,1,,,,,0.022650,DEFAULT
ga,ex5_3v_one_used_feasible,3,3,1.000000,1788027528241493792,115.798990,50.000000,165.798990,0.000000,,,0,1,,,,,0.003499,SMALL
ga,hfvrp_n001_m03_s02,1,3,1.000000,100,156.310634,50.546098,206.856732,0.000000,,,0,1,,,,,0.247341,MEDIUM
ga,hfvrp_n001_m03_s03,1,3,1.000000,10,130.438737,0.000000,130.438737,0.000000,,,0,1,,,,,0.729713,BIG
ga,hfvrp_n001_m03_s03,1,3,1.000000,50,130.438737,0.000000,130.438737,0.000000,,,0,1,,,,,0.013725,DEFAULT
ga,hfvrp_n001_m03_s03,1,3,1.000000,50,130.438737,0.000000,130.438737,0.000000,,,0,1,,,,,0.001266,SMALL
ga,ex5_3v_one_used_feasible,3,3,1.000000,1788027532545403632,115.798990,50.000000,165.798990,0.000000,,,0,1,,,,,0.380352,MEDIUM
ga,ex3_3v_all_feasible,3,3,1.000000,19345,162.000000,20.000000,182.000000,0.000000,,,0,1,,,,,1.188915,BIG
ga,ex3_3v_all_feasible,3,3,1.000000,1788027627431331100,162.000000,20.000000,182.000000,0.000000,,,0,1,,,,,0.019762,DEFAULT
ga,ex3_3v_all_feasible,3,3,1.000000,1788027597390038779,162.000000,20.000000,182.000000,0.000000,,,0,1,,,,,0.002158,SMALL
ga,hfvrp_n001_m03_s04,1,3,1.000000,10,122.386776,0.000000,122.386776,0.000000,,,0,1,,,,,0.725544,BIG
ga,hfvrp_n001_m03_s03,1,3,1.000000,50,130.438737,0.000000,130.438737,0.000000,,,0,1,,,,,0.244253,MEDIUM
ga,hfvrp_n001_m03_s04,1,3,1.000000,50,122.386776,0.000000,122.386776,0.000000,,,0,1,,,,,0.016878,DEFAULT
ga,hfvrp_n001_m03_s04,1,3,1.000000,50,122.386776,0.000000,122.386776,0.000000,,,0,1,,,,,0.002565,SMALL
ga,ex4_3v_infeasible,4,3,1.000000,9999,141.798990,0.000000,141.798990,0.000000,,,0,0,,,,,1.337416,BIG
ga,ex4_3v_infeasible,4,3,1.000000,19345,141.798990,0.000000,141.798990,0.000000,,,0,0,,,,,0.024781,DEFAULT
ga,ex4_3v_infeasible,4,3,1.000000,19345,141.798990,0.000000,141.798990,0.000000,,,0,0,,,,,0.004328,SMALL
ga,hfvrp_n001_m03_s02,1,3,1.000000,100,156.310634,50.546098,206.856732,0.000000,,,0,1,,,,,0.737966,BIG
ga,ex3_3v_all_feasible,3,3,1.000000,1788027601690890207,162.000000,20.000000,182.000000,0.000000,,,0,1,,,,,0.399590,MEDIUM
ga,hfvrp_n001_m03_s02,1,3,1.000000,200,156.310634,50.546098,206.856732,0.000000,,,0,1,,,,,0.015221,DEFAULT
ga,hfvrp_n001_m03_s02,1,3,1.000000,200,156.310634,50.546098,206.856732,0.000000,,,0,1,,,,,0.002558,SMALL
ga,hfvrp_n001_m03_s04,1,3,1.000000,50,122.386776,0.000000,122.386776,0.000000,,,0,1,,,,,0.252350,MEDIUM
ga,hfvrp_n001_m03_s02,1,3,1.000000,200,156.310634,50.546098,206.856732,0.000000,,,0,1,,,,,0.240761,MEDIUM
ga,ex4_3v_infeasible,4,3,1.000000,19345,141.798990,0.000000,141.798990,0.000000,,,0,0,,,,,0.440743,MEDIUM
ga,hfvrp_n001_m03_s03,1,3,1.000000,50,130.438737,0.000000,130.438737,0.000000,,,0,1,,,,,0.730514,BIG
ga,hfvrp_n001_m03_s03,1,3,1.000000,75,130.438737,0.000000,130.438737,0.000000,,,0,1,,,,,0.014115,DEFAULT
ga,hfvrp_n001_m03_s03,1,3,1.000000,75,130.438737,0.000000,130.438737,0.000000,,,0,1,,,,,0.001336,SMALL
ga,ex5_3v_one_used_feasible,3,3,1.000000,1788027640308551455,115.798990,50.000000,165.798990,0.000000,,,0,1,,,,,1.158797,BIG
ga,hfvrp_n001_m03_s05,1,3,1.000000,1788027254962072069,89.097550,34.548775,123.646325,0.000000,,,0,1,,,,,0.013648,DEFAULT
ga,hfvrp_n001_m03_s05,1,3,1.000000,1788027259278076010,89.097550,34.548775,123.646325,0.000000,,,0,1,,,,,0.002985,SMALL
ga,hfvrp_n001_m03_s04,1,3,1.000000,50,122.386776,0.000000,122.386776,0.000000,,,0,1,,,,,0.732643,BIG
ga,hfvrp_n001_m03_s03,1,3,1.000000,75,130.438737,0.000000,130.438737,0.000000,,,0,1,,,,,0.246208,MEDIUM
ga,hfvrp_n001_m03_s04,1,3,1.000000,75,122.386776,0.000000,122.386776,0.000000,,,0,1,,,,,0.014078,DEFAULT
ga,hfvrp_n001_m03_s04,1,3,1.000000,75,122.386776,0.000000,122.386776,0.000000,,,0,1,,,,,0.002561,SMALL
ga,hfvrp_n001_m03_s02,1,3,1.000000,200,156.310634,50.546098,206.856732,0.000000,,,0,1,,,,,0.733631,BIG
ga,hfvrp_n001_m03_s05,1,3,1.000000,1788027263580267837,89.097550,34.548775,123.646325,0.000000,,,0,1,,,,,0.244881,MEDIUM
ga,hfvrp_n001_m03_s02,1,3,1.000000,999,156.310634,50.546098,206.856732,0.000000,,,0,1,,,,,0.013190,DEFAULT
ga,hfvrp_n001_m03_s02,1,3,1.000000,999,156.310634,50.546098,206.856732,0.000000,,,0,1,,,,,0.001329,SMALL
ga,hfvrp_n001_m03_s04,1,3,1.000000,75,122.386776,0.000000,122.386776,0.000000,,,0,1,,,,,0.240623,MEDIUM
ga,ex3_3v_all_feasible,3,3,1.000000,1788027241316999340,162.000000,20.000000,182.000000,0.000000,,,0,1,,,,,1.190151,BIG
ga,hfvrp_n002_m03_s01,2,3,1.000000,1788027397169173866,262.852855,468.007587,730.860441,0.000000,,,0,1,,,,,0.019699,DEFAULT
ga,hfvrp_n002_m03_s01,2,3,1.000000,1788027401491103963,262.852855,468.007587,730.860441,0.000000,,,0,1,,,,,0.004910,SMALL
ga,hfvrp_n001_m03_s02,1,3,1.000000,999,156.310634,50.546098,206.856732,0.000000,,,0,1,,,,,0.251782,MEDIUM
ga,hfvrp_n001_m03_s03,1,3,1.000000,75,130.438737,0.000000,130.438737,0.000000,,,0,1,,,,,0.727833,BIG
ga,hfvrp_n001_m03_s03,1,3,1.000000,100,130.438737,0.000000,130.438737,0.000000,,,0,1,,,,,0.014038,DEFAULT
ga,hfvrp_n001_m03_s03,1,3,1.000000,100,130.438737,0.000000,130.438737,0.000000,,,0,1,,,,,0.001339,SMALL
ga,hfvrp_n002_m03_s01,2,3,1.000000,1788027405796046752,262.852855,468.007587,730.860441,0.000000,,,0,1,,,,,0.321829,MEDIUM
ga,ex4_3v_infeasible,4,3,1.000000,19345,141.798990,0.000000,141.798990,0.000000,,,0,0,,,,,1.334194,BIG
ga,ex4_3v_infeasible,4,3,1.000000,1788026916600888619,141.798990,0.000000,141.798990,0.000000,,,0,0,,,,,0.025844,DEFAULT
ga,ex4_3v_infeasible,4,3,1.000000,1788026920928495024,141.798990,0.000000,141.798990,0.000000,,,0,0,,,,,0.005602,SMALL
ga,hfvrp_n001_m03_s05,1,3,1.000000,1788027323958622361,89.097550,34.548775,123.646325,0.000000,,,0,1,,,,,0.763172,BIG
ga,hfvrp_n001_m03_s05,1,3,1.000000,1,89.097550,34.548775,123.646325,0.000000,,,0,1,,,,,0.015281,DEFAULT
ga,hfvrp_n001_m03_s05,1,3,1.000000,1,89.097550,34.548775,123.646325,0.000000,,,0,1,,,,,0.001327,SMALL
ga,hfvrp_n001_m03_s04,1,3,1.000000,75,122.386776,0.000000,122.386776,0.000000,,,0,1,,,,,0.741075,BIG
ga,hfvrp_n001_m03_s03,1,3,1.000000,100,130.438737,0.000000,130.438737,0.000000,,,0,1,,,,,0.260486,MEDIUM
ga,hfvrp_n001_m03_s04,1,3,1.000000,100,122.386776,0.000000,122.386776,0.000000,,,0,1,,,,,0.012745,DEFAULT
ga,hfvrp_n001_m03_s04,1,3,1.000000,100,122.386776,0.000000,122.386776,0.000000,,,0,1,,,,,0.001853,SMALL
ga,hfvrp_n001_m03_s02,1,3,1.000000,999,156.310634,50.546098,206.856732,0.000000,,,0,1,,,,,0.738324,BIG
ga,hfvrp_n001_m03_s02,1,3,1.000000,1234,156.310634,50.546098,206.856732,0.000000,,,0,1,,,,,0.012396,DEFAULT
ga,hfvrp_n001_m03_s02,1,3,1.000000,1234,156.310634,50.546098,206.856732,0.000000,,,0,1,,,,,0.002850,SMALL
ga,hfvrp_n001_m03_s05,1,3,1.000000,1,89.097550,34.548775,123.646325,0.000000,,,0,1,,,,,0.247915,MEDIUM
ga,hfvrp_n001_m03_s04,1,3,1.000000,100,122.386776,0.000000,122.386776,0.000000,,,0,1,,,,,0.242657,MEDIUM
ga,ex4_3v_infeasible,4,3,1.000000,1788026925236880868,141.798990,0.000000,141.798990,0.000000,,,0,0,,,,,0.449631,MEDIUM
ga,hfvrp_n001_m03_s02,1,3,1.000000,1234,156.310634,50.546098,206.856732,0.000000,,,0,1,,,,,0.241268,MEDIUM
ga,hfvrp_n002_m03_s01,2,3,1.000000,1788026929380523223,262.852855,468.007587,730.860441,0.000000,,,0,1,,,,,0.973825,BIG
ga,hfvrp_n001_m03_s03,1,3,1.000000,100,130.438737,0.000000,130.438737,0.000000,,,0,1,,,,,0.723463,BIG
ga,hfvrp_n002_m03_s01,2,3,1.000000,1,262.852855,468.007587,730.860441,0.000000,,,0,1,,,,,0.020374,DEFAULT
ga,hfvrp_n001_m03_s03,1,3,1.000000,200,130.438737,0.000000,130.438737,0.000000,,,0,1,,,,,0.014922,DEFAULT
ga,hfvrp_n001_m03_s03,1,3,1.000000,200,130.438737,0.000000,130.438737,0.000000,,,0,1,,,,,0.002559,SMALL
ga,hfvrp_n002_m03_s01,2,3,1.000000,1,262.852855,468.007587,730.860441,0.000000,,,0,1,,,,,0.005600,SMALL
ga,hfvrp_n001_m03_s05,1,3,1.000000,1,89.097550,34.548775,123.646325,0.000000,,,0,1,,,,,0.733169,BIG
ga,hfvrp_n001_m03_s04,1,3,1.000000,100,122.386776,0.000000,122.386776,0.000000,,,0,1,,,,,0.729395,BIG
ga,hfvrp_n001_m03_s03,1,3,1.000000,200,130.438737,0.000000,130.438737,0.000000,,,0,1,,,,,0.253492,MEDIUM
ga,hfvrp_n001_m03_s05,1,3,1.000000,10,89.097550,34.548775,123.646325,0.000000,,,0,1,,,,,0.017577,DEFAULT
ga,hfvrp_n001_m03_s04,1,3,1.000000,200,122.386776,0.000000,122.386776,0.000000,,,0,1,,,,,0.015146,DEFAULT
ga,hfvrp_n001_m03_s05,1,3,1.000000,10,89.097550,34.548775,123.646325,0.000000,,,0,1,,,,,0.001333,SMALL
ga,hfvrp_n001_m03_s04,1,3,1.000000,200,122.386776,0.000000,122.386776,0.000000,,,0,1,,,,,0.002551,SMALL
ga,hfvrp_n002_m03_s01,2,3,1.000000,1,262.852855,468.007587,730.860441,0.000000,,,0,1,,,,,0.323287,MEDIUM
ga,hfvrp_n001_m03_s02,1,3,1.000000,1234,156.310634,50.546098,206.856732,0.000000,,,0,1,,,,,0.733637,BIG
ga,hfvrp_n001_m03_s02,1,3,1.000000,9999,156.310634,50.546098,206.856732,0.000000,,,0,1,,,,,0.016605,DEFAULT
ga,hfvrp_n001_m03_s02,1,3,1.000000,9999,156.310634,50.546098,206.856732,0.000000,,,0,1,,,,,0.003062,SMALL
ga,hfvrp_n001_m03_s05,1,3,1.000000,10,89.097550,34.548775,123.646325,0.000000,,,0,1,,,,,0.248083,MEDIUM
ga,hfvrp_n001_m03_s04,1,3,1.000000,200,122.386776,0.000000,122.386776,0.000000,,,0,1,,,,,0.257150,MEDIUM
ga,hfvrp_n001_m03_s02,1,3,1.000000,9999,156.310634,50.546098,206.856732,0.000000,,,0,1,,,,,0.243389,MEDIUM
ga,ex4_3v_infeasible,4,3,1.000000,1788027067425980145,141.798990,0.000000,141.798990,0.000000,,,0,0,,,,,1.333350,BIG
ga,hfvrp_n002_m03_s02,2,3,1.000000,1788026712327901795,139.033247,41.343143,180.376390,0.000000,,,0,1,,,,,0.016853,DEFAULT
ga,hfvrp_n002_m03_s02,2,3,1.000000,1788026828312629988,139.033247,41.343143,180.376390,0.000000,,,0,1,,,,,0.001698,SMALL
ga,hfvrp_n001_m03_s03,1,3,1.000000,200,130.438737,0.000000,130.438737,0.000000,,,0,1,,,,,0.740995,BIG
ga,hfvrp_n001_m03_s03,1,3,1.000000,999,130.438737,0.000000,130.438737,0.000000,,,0,1,,,,,0.016361,DEFAULT
ga,hfvrp_n001_m03_s03,1,3,1.000000,999,130.438737,0.000000,130.438737,0.000000,,,0,1,,,,,0.002552,SMALL
ga,hfvrp_n001_m03_s05,1,3,1.000000,10,89.097550,34.548775,123.646325,0.000000,,,0,1,,,,,0.746629,BIG
ga,hfvrp_n001_m03_s04,1,3,1.000000,200,122.386776,0.000000,122.386776,0.000000,,,0,1,,,,,0.728765,BIG
ga,hfvrp_n001_m03_s03,1,3,1.000000,999,130.438737,0.000000,130.438737,0.000000,,,0,1,,,,,0.239322,MEDIUM
ga,hfvrp_n001_m03_s05,1,3,1.000000,50,89.097550,34.548775,123.646325,0.000000,,,0,1,,,,,0.012482,DEFAULT
ga,hfvrp_n001_m03_s04,1,3,1.000000,999,122.386776,0.000000,122.386776,0.000000,,,0,1,,,,,0.012879,DEFAULT
ga,hfvrp_n001_m03_s05,1,3,1.000000,50,89.097550,34.548775,123.646325,0.000000,,,0,1,,,,,0.002571,SMALL
ga,hfvrp_n002_m03_s02,2,3,1.000000,1788026824023078059,139.033247,41.343143,180.376390,0.000000,,,0,1,,,,,0.315288,MEDIUM
ga,hfvrp_n001_m03_s04,1,3,1.000000,999,122.386776,0.000000,122.386776,0.000000,,,0,1,,,,,0.001341,SMALL
ga,hfvrp_n002_m03_s01,2,3,1.000000,1,262.852855,468.007587,730.860441,0.000000,,,0,1,,,,,0.986196,BIG
ga,hfvrp_n002_m03_s01,2,3,1.000000,10,262.852855,468.007587,730.860441,0.000000,,,0,1,,,,,0.017707,DEFAULT
ga,hfvrp_n002_m03_s01,2,3,1.000000,10,262.852855,468.007587,730.860441,0.000000,,,0,1,,,,,0.002408,SMALL
ga,hfvrp_n001_m03_s02,1,3,1.000000,9999,156.310634,50.546098,206.856732,0.000000,,,0,1,,,,,0.740651,BIG
ga,hfvrp_n001_m03_s02,1,3,1.000000,19345,156.310634,50.546098,206.856732,0.000000,,,0,1,,,,,0.013144,DEFAULT
ga,hfvrp_n001_m03_s02,1,3,1.000000,19345,156.310634,50.546098,206.856732,0.000000,,,0,1,,,,,0.001229,SMALL
ga,hfvrp_n001_m03_s05,1,3,1.000000,50,89.097550,34.548775,123.646325,0.000000,,,0,1,,,,,0.247106,MEDIUM
ga,hfvrp_n001_m03_s04,1,3,1.000000,999,122.386776,0.000000,122.386776,0.000000,,,0,1,,,,,0.248142,MEDIUM
ga,hfvrp_n002_m03_s01,2,3,1.000000,10,262.852855,468.007587,730.860441,0.000000,,,0,1,,,,,0.324246,MEDIUM
ga,hfvrp_n001_m03_s02,1,3,1.000000,19345,156.310634,50.546098,206.856732,0.000000,,,0,1,,,,,0.250688,MEDIUM
ga,hfvrp_n001_m03_s03,1,3,1.000000,999,130.438737,0.000000,130.438737,0.000000,,,0,1,,,,,0.730410,BIG
ga,hfvrp_n001_m03_s03,1,3,1.000000,1234,130.438737,0.000000,130.438737,0.000000,,,0,1,,,,,0.017496,DEFAULT
ga,hfvrp_n001_m03_s03,1,3,1.000000,1234,130.438737,0.000000,130.438737,0.000000,,,0,1,,,,,0.002979,SMALL
ga,hfvrp_n002_m03_s02,2,3,1.000000,1788026884473526838,139.033247,41.343143,180.376390,0.000000,,,0,1,,,,,0.937285,BIG
ga,hfvrp_n002_m03_s02,2,3,1.000000,1,139.033247,41.343143,180.376390,0.000000,,,0,1,,,,,0.015836,DEFAULT
ga,hfvrp_n001_m03_s04,1,3,1.000000,999,122.386776,0.000000,122.386776,0.000000,,,0,1,,,,,0.722110,BIG
ga,hfvrp_n002_m03_s02,2,3,1.000000,1,139.033247,41.343143,180.376390,0.000000,,,0,1,,,,,0.003130,SMALL
ga,hfvrp_n001_m03_s05,1,3,1.000000,50,89.097550,34.548775,123.646325,0.000000,,,0,1,,,,,0.732237,BIG
ga,hfvrp_n001_m03_s04,1,3,1.000000,1234,122.386776,0.000000,122.386776,0.000000,,,0,1,,,,,0.013669,DEFAULT
ga,hfvrp_n001_m03_s03,1,3,1.000000,1234,130.438737,0.000000,130.438737,0.000000,,,0,1,,,,,0.246436,MEDIUM
ga,hfvrp_n001_m03_s04,1,3,1.000000,1234,122.386776,0.000000,122.386776,0.000000,,,0,1,,,,,0.001967,SMALL
ga,hfvrp_n001_m03_s05,1,3,1.000000,75,89.097550,34.548775,123.646325,0.000000,,,0,1,,,,,0.015567,DEFAULT
ga,hfvrp_n001_m03_s05,1,3,1.000000,75,89.097550,34.548775,123.646325,0.000000,,,0,1,,,,,0.001345,SMALL
ga,hfvrp_n001_m03_s02,1,3,1.000000,19345,156.310634,50.546098,206.856732,0.000000,,,0,1,,,,,0.729914,BIG
ga,hfvrp_n001_m03_s02,1,3,1.000000,1788026503453181959,156.310634,50.546098,206.856732,0.000000,,,0,1,,,,,0.013688,DEFAULT
ga,hfvrp_n001_m03_s04,1,3,1.000000,1234,122.386776,0.000000,122.386776,0.000000,,,0,1,,,,,0.240670,MEDIUM
ga,hfvrp_n001_m03_s02,1,3,1.000000,1788026499179663977,156.310634,50.546098,206.856732,0.000000,,,0,1,,,,,0.004212,SMALL
ga,hfvrp_n001_m03_s05,1,3,1.000000,75,89.097550,34.548775,123.646325,0.000000,,,0,1,,,,,0.241680,MEDIUM
ga,hfvrp_n002_m03_s02,2,3,1.000000,1,139.033247,41.343143,180.376390,0.000000,,,0,1,,,,,0.322477,MEDIUM
ga,hfvrp_n002_m03_s01,2,3,1.000000,10,262.852855,468.007587,730.860441,0.000000,,,0,1,,,,,0.969557,BIG
ga,hfvrp_n002_m03_s01,2,3,1.000000,50,262.852855,468.007587,730.860441,0.000000,,,0,1,,,,,0.020344,DEFAULT
ga,hfvrp_n002_m03_s01,2,3,1.000000,50,262.852855,468.007587,730.860441,0.000000,,,0,1,,,,,0.001756,SMALL
ga,hfvrp_n001_m03_s02,1,3,1.000000,1788026507777735551,156.310634,50.546098,206.856732,0.000000,,,0,1,,,,,0.245214,MEDIUM
ga,hfvrp_n002_m03_s01,2,3,1.000000,50,262.852855,468.007587,730.860441,0.000000,,,0,1,,,,,0.320905,MEDIUM
ga,hfvrp_n001_m03_s03,1,3,1.000000,1234,130.438737,0.000000,130.438737,0.000000,,,0,1,,,,,0.725333,BIG
ga,hfvrp_n001_m03_s03,1,3,1.000000,9999,130.438737,0.000000,130.438737,0.000000,,,0,1,,,,,0.015422,DEFAULT
ga,hfvrp_n001_m03_s03,1,3,1.000000,9999,130.438737,0.000000,130.438737,0.000000,,,0,1,,,,,0.002573,SMALL
ga,hfvrp_n001_m03_s04,1,3,1.000000,1234,122.386776,0.000000,122.386776,0.000000,,,0,1,,,,,0.724591,BIG
ga,hfvrp_n001_m03_s05,1,3,1.000000,75,89.097550,34.548775,123.646325,0.000000,,,0,1,,,,,0.727830,BIG
ga,hfvrp_n001_m03_s05,1,3,1.000000,100,89.097550,34.548775,123.646325,0.000000,,,0,1,,,,,0.012529,DEFAULT
ga,hfvrp_n001_m03_s04,1,3,1.000000,9999,122.386776,0.000000,122.386776,0.000000,,,0,1,,,,,0.014134,DEFAULT
ga,hfvrp_n001_m03_s05,1,3,1.000000,100,89.097550,34.548775,123.646325,0.000000,,,0,1,,,,,0.002506,SMALL
ga,hfvrp_n001_m03_s04,1,3,1.000000,9999,122.386776,0.000000,122.386776,0.000000,,,0,1,,,,,0.001330,SMALL
ga,hfvrp_n001_m03_s03,1,3,1.000000,9999,130.438737,0.000000,130.438737,0.000000,,,0,1,,,,,0.241753,MEDIUM
ga,hfvrp_n002_m03_s02,2,3,1.000000,1,139.033247,41.343143,180.376390,0.000000,,,0,1,,,,,0.938795,BIG
ga,hfvrp_n001_m03_s05,1,3,1.000000,100,89.097550,34.548775,123.646325,0.000000,,,0,1,,,,,0.240714,MEDIUM
ga,hfvrp_n001_m03_s04,1,3,1.000000,9999,122.386776,0.000000,122.386776,0.000000,,,0,1,,,,,0.240754,MEDIUM
ga,hfvrp_n001_m03_s02,1,3,1.000000,1788026585340217974,156.310634,50.546098,206.856732,0.000000,,,0,1,,,,,0.761433,BIG
ga,hfvrp_n002_m03_s02,2,3,1.000000,10,139.033247,41.343143,180.376390,0.000000,,,0,1,,,,,0.015786,DEFAULT
ga,hfvrp_n002_m03_s02,2,3,1.000000,10,139.033247,41.343143,180.376390,0.000000,,,0,1,,,,,0.001708,SMALL
ga,hfvrp_n002_m03_s03,2,3,1.000000,1788026268311586057,185.309216,25.338303,210.647519,0.000000,,,0,1,,,,,0.016265,DEFAULT
ga,hfvrp_n002_m03_s03,2,3,1.000000,1788026246856286194,185.309216,25.338303,210.647519,0.000000,,,0,1,,,,,0.001755,SMALL
ga,hfvrp_n002_m03_s02,2,3,1.000000,10,139.033247,41.343143,180.376390,0.000000,,,0,1,,,,,0.313950,MEDIUM
ga,hfvrp_n002_m03_s03,2,3,1.000000,1788026242566403039,185.309216,25.338303,210.647519,0.000000,,,0,1,,,,,0.323306,MEDIUM
ga,hfvrp_n002_m03_s01,2,3,1.000000,50,262.852855,468.007587,730.860441,0.000000,,,0,1,,,,,0.973298,BIG
ga,hfvrp_n002_m03_s01,2,3,1.000000,75,262.852855,468.007587,730.860441,0.000000,,,0,1,,,,,0.019403,DEFAULT
ga,hfvrp_n002_m03_s01,2,3,1.000000,75,262.852855,468.007587,730.860441,0.000000,,,0,1,,,,,0.001750,SMALL
ga,hfvrp_n001_m03_s03,1,3,1.000000,9999,130.438737,0.000000,130.438737,0.000000,,,0,1,,,,,0.735910,BIG
ga,hfvrp_n001_m03_s03,1,3,1.000000,19345,130.438737,0.000000,130.438737,0.000000,,,0,1,,,,,0.013615,DEFAULT
ga,hfvrp_n001_m03_s03,1,3,1.000000,19345,130.438737,0.000000,130.438737,0.000000,,,0,1,,,,,0.001333,SMALL
ga,hfvrp_n001_m03_s04,1,3,1.000000,9999,122.386776,0.000000,122.386776,0.000000,,,0,1,,,,,0.734650,BIG
ga,hfvrp_n001_m03_s05,1,3,1.000000,100,89.097550,34.548775,123.646325,0.000000,,,0,1,,,,,0.761482,BIG
ga,hfvrp_n001_m03_s04,1,3,1.000000,19345,122.386776,0.000000,122.386776,0.000000,,,0,1,,,,,0.013123,DEFAULT
ga,hfvrp_n001_m03_s04,1,3,1.000000,19345,122.386776,0.000000,122.386776,0.000000,,,0,1,,,,,0.001328,SMALL
ga,hfvrp_n001_m03_s03,1,3,1.000000,19345,130.438737,0.000000,130.438737,0.000000,,,0,1,,,,,0.246287,MEDIUM
ga,hfvrp_n001_m03_s05,1,3,1.000000,200,89.097550,34.548775,123.646325,0.000000,,,0,1,,,,,0.017582,DEFAULT
ga,hfvrp_n001_m03_s05,1,3,1.000000,200,89.097550,34.548775,123.646325,0.000000,,,0,1,,,,,0.001854,SMALL
ga,hfvrp_n002_m03_s01,2,3,1.000000,75,262.852855,468.007587,730.860441,0.000000,,,0,1,,,,,0.330811,MEDIUM
ga,hfvrp_n001_m03_s04,1,3,1.000000,19345,122.386776,0.000000,122.386776,0.000000,,,0,1,,,,,0.244186,MEDIUM
ga,hfvrp_n001_m03_s05,1,3,1.000000,200,89.097550,34.548775,123.646325,0.000000,,,0,1,,,,,0.240904,MEDIUM
ga,hfvrp_n002_m03_s02,2,3,1.000000,10,139.033247,41.343143,180.376390,0.000000,,,0,1,,,,,0.948182,BIG
ga,hfvrp_n002_m03_s02,2,3,1.000000,50,139.033247,41.343143,180.376390,0.000000,,,0,1,,,,,0.020981,DEFAULT
ga,hfvrp_n002_m03_s02,2,3,1.000000,50,139.033247,41.343143,180.376390,0.000000,,,0,1,,,,,0.001617,SMALL
ga,hfvrp_n002_m03_s03,2,3,1.000000,1788026242893501410,185.309216,25.338303,210.647519,0.000000,,,0,1,,,,,0.977099,BIG
ga,hfvrp_n002_m03_s03,2,3,1.000000,1,185.309216,25.338303,210.647519,0.000000,,,0,1,,,,,0.019021,DEFAULT
ga,hfvrp_n002_m03_s03,2,3,1.000000,1,185.309216,25.338303,210.647519,0.000000,,,0,1,,,,,0.001754,SMALL
ga,hfvrp_n001_m03_s03,1,3,1.000000,19345,130.438737,0.000000,130.438737,0.000000,,,0,1,,,,,0.727480,BIG
ga,hfvrp_n001_m03_s03,1,3,1.000000,1788025878968413885,130.438737,0.000000,130.438737,0.000000,,,0,1,,,,,0.013916,DEFAULT
ga,hfvrp_n001_m03_s03,1,3,1.000000,1788025883284920356,130.438737,0.000000,130.438737,0.000000,,,0,1,,,,,0.002552,SMALL
ga,hfvrp_n002_m03_s02,2,3,1.000000,50,139.033247,41.343143,180.376390,0.000000,,,0,1,,,,,0.320953,MEDIUM
ga,hfvrp_n002_m03_s03,2,3,1.000000,1,185.309216,25.338303,210.647519,0.000000,,,0,1,,,,,0.326886,MEDIUM
ga,hfvrp_n001_m03_s04,1,3,1.000000,19345,122.386776,0.000000,122.386776,0.000000,,,0,1,,,,,0.737101,BIG
ga,hfvrp_n002_m03_s01,2,3,1.000000,75,262.852855,468.007587,730.860441,0.000000,,,0,1,,,,,0.974513,BIG
ga,hfvrp_n001_m03_s05,1,3,1.000000,200,89.097550,34.548775,123.646325,0.000000,,,0,1,,,,,0.738200,BIG
ga,hfvrp_n001_m03_s04,1,3,1.000000,1788025986582452443,122.386776,0.000000,122.386776,0.000000,,,0,1,,,,,0.015147,DEFAULT
ga,hfvrp_n001_m03_s04,1,3,1.000000,1788026081090544864,122.386776,0.000000,122.386776,0.000000,,,0,1,,,,,0.001334,SMALL
ga,hfvrp_n001_m03_s05,1,3,1.000000,999,89.097550,34.548775,123.646325,0.000000,,,0,1,,,,,0.012476,DEFAULT
ga,hfvrp_n002_m03_s01,2,3,1.000000,100,262.852855,468.007587,730.860441,0.000000,,,0,1,,,,,0.019326,DEFAULT
ga,hfvrp_n001_m03_s05,1,3,1.000000,999,89.097550,34.548775,123.646325,0.000000,,,0,1,,,,,0.001377,SMALL
ga,hfvrp_n001_m03_s03,1,3,1.000000,1788026007850025773,130.438737,0.000000,130.438737,0.000000,,,0,1,,,,,0.249684,MEDIUM
ga,hfvrp_n002_m03_s01,2,3,1.000000,100,262.852855,468.007587,730.860441,0.000000,,,0,1,,,,,0.001758,SMALL
ga,hfvrp_n001_m03_s04,1,3,1.000000,1788026072505492068,122.386776,0.000000,122.386776,0.000000,,,0,1,,,,,0.242936,MEDIUM
ga,hfvrp_n001_m03_s05,1,3,1.000000,999,89.097550,34.548775,123.646325,0.000000,,,0,1,,,,,0.245843,MEDIUM
ga,hfvrp_n002_m03_s01,2,3,1.000000,100,262.852855,468.007587,730.860441,0.000000,,,0,1,,,,,0.321299,MEDIUM
ga,hfvrp_n001_m03_s03,1,3,1.000000,1788026055347841554,130.438737,0.000000,130.438737,0.000000,,,0,1,,,,,0.720398,BIG
ga,hfvrp_n002_m03_s04,2,3,1.000000,1788025566489043901,174.940044,35.445494,210.385538,0.000000,,,0,1,,,,,0.017804,DEFAULT
ga,hfvrp_n002_m03_s04,2,3,1.000000,1788025553627720965,174.940044,35.445494,210.385538,0.000000,,,0,1,,,,,0.003308,SMALL
ga,hfvrp_n002_m03_s02,2,3,1.000000,50,139.033247,41.343143,180.376390,0.000000,,,0,1,,,,,0.948994,BIG
ga,hfvrp_n002_m03_s02,2,3,1.000000,75,139.033247,41.343143,180.376390,0.000000,,,0,1,,,,,0.019369,DEFAULT
ga,hfvrp_n002_m03_s02,2,3,1.000000,75,139.033247,41.343143,180.376390,0.000000,,,0,1,,,,,0.003296,SMALL
ga,hfvrp_n002_m03_s03,2,3,1.000000,1,185.309216,25.338303,210.647519,0.000000,,,0,1,,,,,0.984757,BIG
ga,hfvrp_n002_m03_s03,2,3,1.000000,10,185.309216,25.338303,210.647519,0.000000,,,0,1,,,,,0.017719,DEFAULT
ga,hfvrp_n002_m03_s03,2,3,1.000000,10,185.309216,25.338303,210.647519,0.000000,,,0,1,,,,,0.003405,SMALL
ga,hfvrp_n001_m03_s04,1,3,1.000000,1788026046987072148,122.386776,0.000000,122.386776,0.000000,,,0,1,,,,,0.738860,BIG
ga,hfvrp_n001_m03_s05,1,3,1.000000,999,89.097550,34.548775,123.646325,0.000000,,,0,1,,,,,0.738011,BIG
ga,hfvrp_n001_m03_s05,1,3,1.000000,1234,89.097550,34.548775,123.646325,0.000000,,,0,1,,,,,0.012533,DEFAULT
ga,hfvrp_n002_m03_s05,2,3,1.000000,1788025695572374016,302.671304,316.313399,618.984703,0.000000,,,0,1,,,,,0.015815,DEFAULT
ga,hfvrp_n002_m03_s05,2,3,1.000000,1788025674116882498,302.671304,316.313399,618.984703,0.000000,,,0,1,,,,,0.001703,SMALL
ga,hfvrp_n001_m03_s05,1,3,1.000000,1234,89.097550,34.548775,123.646325,0.000000,,,0,1,,,,,0.002214,SMALL
ga,hfvrp_n002_m03_s04,2,3,1.000000,1788025557929925512,174.940044,35.445494,210.385538,0.000000,,,0,1,,,,,0.329559,MEDIUM
ga,hfvrp_n002_m03_s02,2,3,1.000000,75,139.033247,41.343143,180.376390,0.000000,,,0,1,,,,,0.321034,MEDIUM
ga,hfvrp_n001_m03_s05,1,3,1.000000,1234,89.097550,34.548775,123.646325,0.000000,,,0,1,,,,,0.248780,MEDIUM
ga,hfvrp_n002_m03_s03,2,3,1.000000,10,185.309216,25.338303,210.647519,0.000000,,,0,1,,,,,0.324710,MEDIUM
ga,hfvrp_n002_m03_s01,2,3,1.000000,100,262.852855,468.007587,730.860441,0.000000,,,0,1,,,,,0.976930,BIG
ga,hfvrp_n002_m03_s05,2,3,1.000000,1788025678416855962,302.671304,316.313399,618.984703,0.000000,,,0,1,,,,,0.315370,MEDIUM
ga,hfvrp_n002_m03_s01,2,3,1.000000,200,262.852855,468.007587,730.860441,0.000000,,,0,1,,,,,0.018052,DEFAULT
ga,hfvrp_n002_m03_s01,2,3,1.000000,200,262.852855,468.007587,730.860441,0.000000,,,0,1,,,,,0.001746,SMALL
ga,hfvrp_n002_m03_s01,2,3,1.000000,200,262.852855,468.007587,730.860441,0.000000,,,0,1,,,,,0.320314,MEDIUM
ga,hfvrp_n001_m03_s05,1,3,1.000000,1234,89.097550,34.548775,123.646325,0.000000,,,0,1,,,,,0.724487,BIG
ga,hfvrp_n001_m03_s05,1,3,1.000000,9999,89.097550,34.548775,123.646325,0.000000,,,0,1,,,,,0.016765,DEFAULT
ga,hfvrp_n001_m03_s05,1,3,1.000000,9999,89.097550,34.548775,123.646325,0.000000,,,0,1,,,,,0.003357,SMALL
ga,hfvrp_n002_m03_s04,2,3,1.000000,1788025807375472250,174.940044,35.445494,210.385538,0.000000,,,0,1,,,,,0.933393,BIG
ga,hfvrp_n002_m03_s04,2,3,1.000000,1,174.940044,35.445494,210.385538,0.000000,,,0,1,,,,,0.017281,DEFAULT
ga,hfvrp_n002_m03_s04,2,3,1.000000,1,174.940044,35.445494,210.385538,0.000000,,,0,1,,,,,0.001682,SMALL
ga,hfvrp_n002_m03_s02,2,3,1.000000,75,139.033247,41.343143,180.376390,0.000000,,,0,1,,,,,0.936740,BIG
ga,hfvrp_n002_m03_s02,2,3,1.000000,100,139.033247,41.343143,180.376390,0.000000,,,0,1,,,,,0.015916,DEFAULT
ga,hfvrp_n002_m03_s02,2,3,1.000000,100,139.033247,41.343143,180.376390,0.000000,,,0,1,,,,,0.001709,SMALL
ga,hfvrp_n002_m03_s03,2,3,1.000000,10,185.309216,25.338303,210.647519,0.000000,,,0,1,,,,,0.966110,BIG
ga,hfvrp_n002_m03_s05,2,3,1.000000,1788025760340006463,302.671304,316.313399,618.984703,0.000000,,,0,1,,,,,0.930498,BIG
ga,hfvrp_n002_m03_s03,2,3,1.000000,50,185.309216,25.338303,210.647519,0.000000,,,0,1,,,,,0.016278,DEFAULT
ga,hfvrp_n002_m03_s03,2,3,1.000000,50,185.309216,25.338303,210.647519,0.000000,,,0,1,,,,,0.001759,SMALL
ga,hfvrp_n001_m03_s05,1,3,1.000000,9999,89.097550,34.548775,123.646325,0.000000,,,0,1,,,,,0.247807,MEDIUM
ga,hfvrp_n002_m03_s05,2,3,1.000000,1,302.671304,316.313399,618.984703,0.000000,,,0,1,,,,,0.020648,DEFAULT
ga,hfvrp_n002_m03_s05,2,3,1.000000,1,302.671304,316.313399,618.984703,0.000000,,,0,1,,,,,0.001701,SMALL
ga,hfvrp_n002_m03_s04,2,3,1.000000,1,174.940044,35.445494,210.385538,0.000000,,,0,1,,,,,0.319416,MEDIUM
ga,hfvrp_n002_m03_s02,2,3,1.000000,100,139.033247,41.343143,180.376390,0.000000,,,0,1,,,,,0.315038,MEDIUM
ga,hfvrp_n002_m03_s03,2,3,1.000000,50,185.309216,25.338303,210.647519,0.000000,,,0,1,,,,,0.318770,MEDIUM
ga,hfvrp_n002_m03_s05,2,3,1.000000,1,302.671304,316.313399,618.984703,0.000000,,,0,1,,,,,0.307698,MEDIUM
ga,hfvrp_n002_m03_s01,2,3,1.000000,200,262.852855,468.007587,730.860441,0.000000,,,0,1,,,,,0.982008,BIG
ga,hfvrp_n002_m03_s01,2,3,1.000000,999,262.852855,468.007587,730.860441,0.000000,,,0,1,,,,,0.017594,DEFAULT
ga,hfvrp_n002_m03_s01,2,3,1.000000,999,262.852855,468.007587,730.860441,0.000000,,,0,1,,,,,0.001753,SMALL
ga,hfvrp_n002_m03_s01,2,3,1.000000,999,262.852855,468.007587,730.860441,0.000000,,,0,1,,,,,0.321066,MEDIUM
ga,hfvrp_n001_m03_s05,1,3,1.000000,9999,89.097550,34.548775,123.646325,0.000000,,,0,1,,,,,0.729130,BIG
ga,hfvrp_n001_m03_s05,1,3,1.000000,19345,89.097550,34.548775,123.646325,0.000000,,,0,1,,,,,0.014068,DEFAULT
ga,hfvrp_n001_m03_s05,1,3,1.000000,19345,89.097550,34.548775,123.646325,0.000000,,,0,1,,,,,0.001328,SMALL
ga,hfvrp_n001_m03_s05,1,3,1.000000,19345,89.097550,34.548775,123.646325,0.000000,,,0,1,,,,,0.240251,MEDIUM
ga,hfvrp_n002_m03_s04,2,3,1.000000,1,174.940044,35.445494,210.385538,0.000000,,,0,1,,,,,0.945012,BIG
ga,hfvrp_n002_m03_s04,2,3,1.000000,10,174.940044,35.445494,210.385538,0.000000,,,0,1,,,,,0.017005,DEFAULT
ga,hfvrp_n002_m03_s02,2,3,1.000000,100,139.033247,41.343143,180.376390,0.000000,,,0,1,,,,,0.942440,BIG
ga,hfvrp_n002_m03_s04,2,3,1.000000,10,174.940044,35.445494,210.385538,0.000000,,,0,1,,,,,0.001701,SMALL
ga,hfvrp_n002_m03_s02,2,3,1.000000,200,139.033247,41.343143,180.376390,0.000000,,,0,1,,,,,0.017134,DEFAULT
ga,hfvrp_n002_m03_s02,2,3,1.000000,200,139.033247,41.343143,180.376390,0.000000,,,0,1,,,,,0.001714,SMALL
ga,hfvrp_n002_m03_s05,2,3,1.000000,1,302.671304,316.313399,618.984703,0.000000,,,0,1,,,,,0.943426,BIG
ga,hfvrp_n002_m03_s03,2,3,1.000000,50,185.309216,25.338303,210.647519,0.000000,,,0,1,,,,,0.975719,BIG
ga,hfvrp_n002_m03_s05,2,3,1.000000,10,302.671304,316.313399,618.984703,0.000000,,,0,1,,,,,0.019833,DEFAULT
ga,hfvrp_n002_m03_s05,2,3,1.000000,10,302.671304,316.313399,618.984703,0.000000,,,0,1,,,,,0.004569,SMALL
ga,hfvrp_n002_m03_s03,2,3,1.000000,75,185.309216,25.338303,210.647519,0.000000,,,0,1,,,,,0.016372,DEFAULT
ga,hfvrp_n002_m03_s03,2,3,1.000000,75,185.309216,25.338303,210.647519,0.000000,,,0,1,,,,,0.001768,SMALL
ga,hfvrp_n002_m03_s04,2,3,1.000000,10,174.940044,35.445494,210.385538,0.000000,,,0,1,,,,,0.316970,MEDIUM
ga,hfvrp_n002_m03_s02,2,3,1.000000,200,139.033247,41.343143,180.376390,0.000000,,,0,1,,,,,0.312676,MEDIUM
ga,hfvrp_n002_m03_s05,2,3,1.000000,10,302.671304,316.313399,618.984703,0.000000,,,0,1,,,,,0.309177,MEDIUM
ga,hfvrp_n002_m03_s03,2,3,1.000000,75,185.309216,25.338303,210.647519,0.000000,,,0,1,,,,,0.316777,MEDIUM
ga,hfvrp_n002_m03_s01,2,3,1.000000,999,262.852855,468.007587,730.860441,0.000000,,,0,1,,,,,0.980671,BIG
ga,hfvrp_n001_m03_s05,1,3,1.000000,19345,89.097550,34.548775,123.646325,0.000000,,,0,1,,,,,0.732685,BIG
ga,hfvrp_n002_m03_s01,2,3,1.000000,1234,262.852855,468.007587,730.860441,0.000000,,,0,1,,,,,0.017462,DEFAULT
ga,hfvrp_n002_m03_s01,2,3,1.000000,1234,262.852855,468.007587,730.860441,0.000000,,,0,1,,,,,0.001765,SMALL
ga,hfvrp_n001_m03_s05,1,3,1.000000,1788025183252663914,89.097550,34.548775,123.646325,0.000000,,,0,1,,,,,0.013700,DEFAULT
ga,hfvrp_n001_m03_s05,1,3,1.000000,1788025178975084472,89.097550,34.548775,123.646325,0.000000,,,0,1,,,,,0.001328,SMALL
ga,hfvrp_n001_m03_s05,1,3,1.000000,1788025174685115425,89.097550,34.548775,123.646325,0.000000,,,0,1,,,,,0.239988,MEDIUM
ga,hfvrp_n002_m03_s01,2,3,1.000000,1234,262.852855,468.007587,730.860441,0.000000,,,0,1,,,,,0.325701,MEDIUM
ga,hfvrp_n002_m03_s04,2,3,1.000000,10,174.940044,35.445494,210.385538,0.000000,,,0,1,,,,,0.948913,BIG
ga,hfvrp_n002_m03_s02,2,3,1.000000,200,139.033247,41.343143,180.376390,0.000000,,,0,1,,,,,0.938849,BIG
ga,hfvrp_n002_m03_s04,2,3,1.000000,50,174.940044,35.445494,210.385538,0.000000,,,0,1,,,,,0.017956,DEFAULT
ga,hfvrp_n002_m03_s02,2,3,1.000000,999,139.033247,41.343143,180.376390,0.000000,,,0,1,,,,,0.016381,DEFAULT
ga,hfvrp_n002_m03_s04,2,3,1.000000,50,174.940044,35.445494,210.385538,0.000000,,,0,1,,,,,0.003567,SMALL
ga,hfvrp_n002_m03_s02,2,3,1.000000,999,139.033247,41.343143,180.376390,0.000000,,,0,1,,,,,0.003876,SMALL
ga,hfvrp_n002_m03_s05,2,3,1.000000,10,302.671304,316.313399,618.984703,0.000000,,,0,1,,,,,0.936474,BIG
ga,hfvrp_n002_m03_s05,2,3,1.000000,50,302.671304,316.313399,618.984703,0.000000,,,0,1,,,,,0.016994,DEFAULT
ga,hfvrp_n002_m03_s03,2,3,1.000000,75,185.309216,25.338303,210.647519,0.000000,,,0,1,,,,,0.968184,BIG
ga,hfvrp_n002_m03_s05,2,3,1.000000,50,302.671304,316.313399,618.984703,0.000000,,,0,1,,,,,0.001720,SMALL
ga,hfvrp_n002_m03_s03,2,3,1.000000,100,185.309216,25.338303,210.647519,0.000000,,,0,1,,,,,0.016288,DEFAULT
ga,hfvrp_n002_m03_s03,2,3,1.000000,100,185.309216,25.338303,210.647519,0.000000,,,0,1,,,,,0.002868,SMALL
ga,hfvrp_n002_m03_s04,2,3,1.000000,50,174.940044,35.445494,210.385538,0.000000,,,0,1,,,,,0.318534,MEDIUM
ga,hfvrp_n001_m03_s05,1,3,1.000000,1788025170638301569,89.097550,34.548775,123.646325,0.000000,,,0,1,,,,,0.741492,BIG
ga,hfvrp_n002_m03_s02,2,3,1.000000,999,139.033247,41.343143,180.376390,0.000000,,,0,1,,,,,0.321460,MEDIUM
ga,hfvrp_n005_m03_s01,5,3,1.000000,1788024840702415671,350.283936,145.533835,495.817771,0.000000,,,0,1,,,,,0.024099,DEFAULT
ga,hfvrp_n005_m03_s01,5,3,1.000000,1788024836435253345,350.283936,145.533835,495.817771,0.000000,,,0,1,,,,,0.002560,SMALL
ga,hfvrp_n002_m03_s05,2,3,1.000000,50,302.671304,316.313399,618.984703,0.000000,,,0,1,,,,,0.321507,MEDIUM
ga,hfvrp_n002_m03_s03,2,3,1.000000,100,185.309216,25.338303,210.647519,0.000000,,,0,1,,,,,0.334269,MEDIUM
ga,hfvrp_n002_m03_s01,2,3,1.000000,1234,262.852855,468.007587,730.860441,0.000000,,,0,1,,,,,0.979952,BIG
ga,hfvrp_n002_m03_s01,2,3,1.000000,9999,262.852855,468.007587,730.860441,0.000000,,,0,1,,,,,0.017402,DEFAULT
ga,hfvrp_n002_m03_s01,2,3,1.000000,9999,262.852855,468.007587,730.860441,0.000000,,,0,1,,,,,0.003691,SMALL
ga,hfvrp_n005_m03_s01,5,3,1.000000,1788024832146534497,350.283936,145.533835,495.817771,0.000000,,,0,1,,,,,0.476214,MEDIUM
ga,hfvrp_n002_m03_s01,2,3,1.000000,9999,262.852855,468.007587,730.860441,0.000000,,,0,1,,,,,0.318836,MEDIUM
ga,hfvrp_n002_m03_s04,2,3,1.000000,50,174.940044,35.445494,210.385538,0.000000,,,0,1,,,,,0.943106,BIG
ga,hfvrp_n002_m03_s02,2,3,1.000000,999,139.033247,41.343143,180.376390,0.000000,,,0,1,,,,,0.942652,BIG
ga,hfvrp_n002_m03_s04,2,3,1.000000,75,174.940044,35.445494,210.385538,0.000000,,,0,1,,,,,0.019143,DEFAULT
ga,hfvrp_n002_m03_s02,2,3,1.000000,1234,139.033247,41.343143,180.376390,0.000000,,,0,1,,,,,0.016560,DEFAULT
ga,hfvrp_n002_m03_s04,2,3,1.000000,75,174.940044,35.445494,210.385538,0.000000,,,0,1,,,,,0.002866,SMALL
ga,hfvrp_n002_m03_s02,2,3,1.000000,1234,139.033247,41.343143,180.376390,0.000000,,,0,1,,,,,0.003443,SMALL
ga,hfvrp_n002_m03_s05,2,3,1.000000,50,302.671304,316.313399,618.984703,0.000000,,,0,1,,,,,0.937338,BIG
ga,hfvrp_n002_m03_s05,2,3,1.000000,75,302.671304,316.313399,618.984703,0.000000,,,0,1,,,,,0.019389,DEFAULT
ga,hfvrp_n002_m03_s05,2,3,1.000000,75,302.671304,316.313399,618.984703,0.000000,,,0,1,,,,,0.004798,SMALL
ga,hfvrp_n002_m03_s03,2,3,1.000000,100,185.309216,25.338303,210.647519,0.000000,,,0,1,,,,,0.985078,BIG
ga,hfvrp_n002_m03_s03,2,3,1.000000,200,185.309216,25.338303,210.647519,0.000000,,,0,1,,,,,0.021108,DEFAULT
ga,hfvrp_n002_m03_s03,2,3,1.000000,200,185.309216,25.338303,210.647519,0.000000,,,0,1,,,,,0.003662,SMALL
ga,hfvrp_n002_m03_s04,2,3,1.000000,75,174.940044,35.445494,210.385538,0.000000,,,0,1,,,,,0.317916,MEDIUM
ga,hfvrp_n002_m03_s02,2,3,1.000000,1234,139.033247,41.343143,180.376390,0.000000,,,0,1,,,,,0.318939,MEDIUM
ga,hfvrp_n002_m03_s05,2,3,1.000000,75,302.671304,316.313399,618.984703,0.000000,,,0,1,,,,,0.315356,MEDIUM
ga,hfvrp_n002_m03_s03,2,3,1.000000,200,185.309216,25.338303,210.647519,0.000000,,,0,1,,,,,0.319389,MEDIUM
ga,hfvrp_n002_m03_s01,2,3,1.000000,9999,262.852855,468.007587,730.860441,0.000000,,,0,1,,,,,0.970187,BIG
ga,hfvrp_n002_m03_s01,2,3,1.000000,19345,262.852855,468.007587,730.860441,0.000000,,,0,1,,,,,0.019671,DEFAULT
ga,hfvrp_n002_m03_s01,2,3,1.000000,19345,262.852855,468.007587,730.860441,0.000000,,,0,1,,,,,0.004907,SMALL
ga,hfvrp_n005_m03_s01,5,3,1.000000,1788024789681654954,350.283936,145.533835,495.817771,0.000000,,,0,1,,,,,1.435730,BIG
ga,hfvrp_n002_m03_s01,2,3,1.000000,19345,262.852855,468.007587,730.860441,0.000000,,,0,1,,,,,0.322962,MEDIUM
ga,hfvrp_n005_m03_s01,5,3,1.000000,1,350.283936,145.533835,495.817771,0.000000,,,0,1,,,,,0.025735,DEFAULT
ga,hfvrp_n005_m03_s01,5,3,1.000000,1,350.283936,145.533835,495.817771,0.000000,,,0,1,,,,,0.002660,SMALL
ga,hfvrp_n002_m03_s04,2,3,1.000000,75,174.940044,35.445494,210.385538,0.000000,,,0,1,,,,,0.934703,BIG
ga,hfvrp_n002_m03_s02,2,3,1.000000,1234,139.033247,41.343143,180.376390,0.000000,,,0,1,,,,,0.935357,BIG
ga,hfvrp_n002_m03_s04,2,3,1.000000,100,174.940044,35.445494,210.385538,0.000000,,,0,1,,,,,0.019696,DEFAULT
ga,hfvrp_n002_m03_s02,2,3,1.000000,9999,139.033247,41.343143,180.376390,0.000000,,,0,1,,,,,0.017052,DEFAULT
ga,hfvrp_n002_m03_s04,2,3,1.000000,100,174.940044,35.445494,210.385538,0.000000,,,0,1,,,,,0.001705,SMALL
ga,hfvrp_n002_m03_s02,2,3,1.000000,9999,139.033247,41.343143,180.376390,0.000000,,,0,1,,,,,0.003284,SMALL
ga,hfvrp_n002_m03_s05,2,3,1.000000,75,302.671304,316.313399,618.984703,0.000000,,,0,1,,,,,0.937278,BIG
ga,hfvrp_n002_m03_s05,2,3,1.000000,100,302.671304,316.313399,618.984703,0.000000,,,0,1,,,,,0.020254,DEFAULT
ga,hfvrp_n002_m03_s05,2,3,1.000000,100,302.671304,316.313399,618.984703,0.000000,,,0,1,,,,,0.004302,SMALL
ga,hfvrp_n005_m03_s01,5,3,1.000000,1,350.283936,145.533835,495.817771,0.000000,,,0,1,,,,,0.487591,MEDIUM
ga,hfvrp_n002_m03_s03,2,3,1.000000,200,185.309216,25.338303,210.647519,0.000000,,,0,1,,,,,0.975358,BIG
ga,hfvrp_n002_m03_s03,2,3,1.000000,999,185.309216,25.338303,210.647519,0.000000,,,0,1,,,,,0.016315,DEFAULT
ga,hfvrp_n002_m03_s03,2,3,1.000000,999,185.309216,25.338303,210.647519,0.000000,,,0,1,,,,,0.003850,SMALL
ga,hfvrp_n002_m03_s04,2,3,1.000000,100,174.940044,35.445494,210.385538,0.000000,,,0,1,,,,,0.318279,MEDIUM
ga,hfvrp_n002_m03_s02,2,3,1.000000,9999,139.033247,41.343143,180.376390,0.000000,,,0,1,,,,,0.322279,MEDIUM
ga,hfvrp_n002_m03_s05,2,3,1.000000,100,302.671304,316.313399,618.984703,0.000000,,,0,1,,,,,0.322543,MEDIUM
ga,hfvrp_n002_m03_s03,2,3,1.000000,999,185.309216,25.338303,210.647519,0.000000,,,0,1,,,,,0.319904,MEDIUM
ga,hfvrp_n002_m03_s01,2,3,1.000000,19345,262.852855,468.007587,730.860441,0.000000,,,0,1,,,,,0.973115,BIG
ga,hfvrp_n002_m03_s01,2,3,1.000000,1788024585979786741,262.852855,468.007587,730.860441,0.000000,,,0,1,,,,,0.016323,DEFAULT
ga,hfvrp_n002_m03_s01,2,3,1.000000,1788024590299344789,262.852855,468.007587,730.860441,0.000000,,,0,1,,,,,0.005482,SMALL
ga,hfvrp_n002_m03_s01,2,3,1.000000,1788024594605414971,262.852855,468.007587,730.860441,0.000000,,,0,1,,,,,0.319566,MEDIUM
ga,hfvrp_n002_m03_s04,2,3,1.000000,100,174.940044,35.445494,210.385538,0.000000,,,0,1,,,,,0.940386,BIG
ga,hfvrp_n002_m03_s02,2,3,1.000000,9999,139.033247,41.343143,180.376390,0.000000,,,0,1,,,,,0.937780,BIG
ga,hfvrp_n002_m03_s04,2,3,1.000000,200,174.940044,35.445494,210.385538,0.000000,,,0,1,,,,,0.016684,DEFAULT
ga,hfvrp_n002_m03_s02,2,3,1.000000,19345,139.033247,41.343143,180.376390,0.000000,,,0,1,,,,,0.016472,DEFAULT
ga,hfvrp_n002_m03_s04,2,3,1.000000,200,174.940044,35.445494,210.385538,0.000000,,,0,1,,,,,0.001701,SMALL
ga,hfvrp_n002_m03_s02,2,3,1.000000,19345,139.033247,41.343143,180.376390,0.000000,,,0,1,,,,,0.001714,SMALL
ga,hfvrp_n002_m03_s05,2,3,1.000000,100,302.671304,316.313399,618.984703,0.000000,,,0,1,,,,,0.941161,BIG
ga,hfvrp_n002_m03_s05,2,3,1.000000,200,302.671304,316.313399,618.984703,0.000000,,,0,1,,,,,0.015941,DEFAULT
ga,hfvrp_n002_m03_s05,2,3,1.000000,200,302.671304,316.313399,618.984703,0.000000,,,0,1,,,,,0.004739,SMALL
ga,hfvrp_n002_m03_s03,2,3,1.000000,999,185.309216,25.338303,210.647519,0.000000,,,0,1,,,,,0.978340,BIG
ga,hfvrp_n002_m03_s04,2,3,1.000000,200,174.940044,35.445494,210.385538,0.000000,,,0,1,,,,,0.313332,MEDIUM
ga,hfvrp_n002_m03_s02,2,3,1.000000,19345,139.033247,41.343143,180.376390,0.000000,,,0,1,,,,,0.314987,MEDIUM
ga,hfvrp_n002_m03_s03,2,3,1.000000,1234,185.309216,25.338303,210.647519,0.000000,,,0,1,,,,,0.016432,DEFAULT
ga,hfvrp_n002_m03_s03,2,3,1.000000,1234,185.309216,25.338303,210.647519,0.000000,,,0,1,,,,,0.001775,SMALL
ga,hfvrp_n005_m03_s01,5,3,1.000000,1,350.283936,145.533835,495.817771,0.000000,,,0,1,,,,,1.437802,BIG
ga,hfvrp_n005_m03_s01,5,3,1.000000,10,350.283936,145.533835,495.817771,0.000000,,,0,1,,,,,0.023666,DEFAULT
ga,hfvrp_n005_m03_s01,5,3,1.000000,10,350.283936,145.533835,495.817771,0.000000,,,0,1,,,,,0.002406,SMALL
ga,hfvrp_n002_m03_s05,2,3,1.000000,200,302.671304,316.313399,618.984703,0.000000,,,0,1,,,,,0.317389,MEDIUM
ga,hfvrp_n002_m03_s03,2,3,1.000000,1234,185.309216,25.338303,210.647519,0.000000,,,0,1,,,,,0.319502,MEDIUM
ga,hfvrp_n002_m03_s01,2,3,1.000000,1788024599223859059,262.852855,468.007587,730.860441,0.000000,,,0,1,,,,,0.969395,BIG
ga,hfvrp_n005_m03_s02,5,3,1.000000,1788024415551545919,381.944916,176.381442,558.326358,0.000000,,,0,1,,,,,0.027886,DEFAULT
ga,hfvrp_n005_m03_s02,5,3,1.000000,1788024419881783069,381.944916,176.381442,558.326358,0.000000,,,0,1,,,,,0.005688,SMALL
ga,hfvrp_n005_m03_s01,5,3,1.000000,10,350.283936,145.533835,495.817771,0.000000,,,0,1,,,,,0.475699,MEDIUM
ga,hfvrp_n002_m03_s02,2,3,1.000000,19345,139.033247,41.343143,180.376390,0.000000,,,0,1,,,,,0.936991,BIG
ga,hfvrp_n002_m03_s04,2,3,1.000000,200,174.940044,35.445494,210.385538,0.000000,,,0,1,,,,,0.940713,BIG
ga,hfvrp_n005_m03_s02,5,3,1.000000,1788024424186162397,381.944916,176.381442,558.326358,0.000000,,,0,1,,,,,0.462472,MEDIUM
ga,hfvrp_n002_m03_s04,2,3,1.000000,999,174.940044,35.445494,210.385538,0.000000,,,0,1,,,,,0.015912,DEFAULT
ga,hfvrp_n002_m03_s02,2,3,1.000000,1788024334473439919,139.033247,41.343143,180.376390,0.000000,,,0,1,,,,,0.018106,DEFAULT
ga,hfvrp_n002_m03_s04,2,3,1.000000,999,174.940044,35.445494,210.385538,0.000000,,,0,1,,,,,0.001706,SMALL
ga,hfvrp_n002_m03_s02,2,3,1.000000,1788024347380223962,139.033247,41.343143,180.376390,0.000000,,,0,1,,,,,0.001707,SMALL
ga,hfvrp_n002_m03_s05,2,3,1.000000,200,302.671304,316.313399,618.984703,0.000000,,,0,1,,,,,0.935199,BIG
ga,hfvrp_n002_m03_s05,2,3,1.000000,999,302.671304,316.313399,618.984703,0.000000,,,0,1,,,,,0.018622,DEFAULT
ga,hfvrp_n002_m03_s05,2,3,1.000000,999,302.671304,316.313399,618.984703,0.000000,,,0,1,,,,,0.003882,SMALL
ga,hfvrp_n002_m03_s04,2,3,1.000000,999,174.940044,35.445494,210.385538,0.000000,,,0,1,,,,,0.314814,MEDIUM
ga,hfvrp_n002_m03_s03,2,3,1.000000,1234,185.309216,25.338303,210.647519,0.000000,,,0,1,,,,,0.969013,BIG
ga,hfvrp_n002_m03_s02,2,3,1.000000,1788024355975603748,139.033247,41.343143,180.376390,0.000000,,,0,1,,,,,0.313577,MEDIUM
ga,hfvrp_n002_m03_s03,2,3,1.000000,9999,185.309216,25.338303,210.647519,0.000000,,,0,1,,,,,0.016288,DEFAULT
ga,hfvrp_n002_m03_s03,2,3,1.000000,9999,185.309216,25.338303,210.647519,0.000000,,,0,1,,,,,0.001756,SMALL
ga,hfvrp_n002_m03_s05,2,3,1.000000,999,302.671304,316.313399,618.984703,0.000000,,,0,1,,,,,0.312531,MEDIUM
ga,hfvrp_n002_m03_s03,2,3,1.000000,9999,185.309216,25.338303,210.647519,0.000000,,,0,1,,,,,0.317750,MEDIUM
ga,hfvrp_n005_m03_s01,5,3,1.000000,10,350.283936,145.533835,495.817771,0.000000,,,0,1,,,,,1.417967,BIG
ga,hfvrp_n005_m03_s01,5,3,1.000000,50,350.283936,145.533835,495.817771,0.000000,,,0,1,,,,,0.027004,DEFAULT
ga,hfvrp_n005_m03_s01,5,3,1.000000,50,350.283936,145.533835,495.817771,0.000000,,,0,1,,,,,0.002556,SMALL
ga,hfvrp_n002_m03_s04,2,3,1.000000,999,174.940044,35.445494,210.385538,0.000000,,,0,1,,,,,0.929696,BIG
ga,hfvrp_n002_m03_s02,2,3,1.000000,1788023982635028315,139.033247,41.343143,180.376390,0.000000,,,0,1,,,,,0.936241,BIG
ga,hfvrp_n002_m03_s04,2,3,1.000000,1234,174.940044,35.445494,210.385538,0.000000,,,0,1,,,,,0.016610,DEFAULT
ga,hfvrp_n002_m03_s04,2,3,1.000000,1234,174.940044,35.445494,210.385538,0.000000,,,0,1,,,,,0.001755,SMALL
ga,hfvrp_n005_m03_s03,5,3,1.000000,1788024142524792550,444.734799,0.000000,444.734799,0.000000,,,0,1,,,,,0.025695,DEFAULT
ga,hfvrp_n005_m03_s03,5,3,1.000000,1788024146853131227,444.734799,0.000000,444.734799,0.000000,,,0,1,,,,,0.005998,SMALL
ga,hfvrp_n005_m03_s02,5,3,1.000000,1788024304394703253,381.944916,176.381442,558.326358,0.000000,,,0,1,,,,,1.417719,BIG
ga,hfvrp_n005_m03_s02,5,3,1.000000,1,381.944916,176.381442,558.326358,0.000000,,,0,1,,,,,0.024640,DEFAULT
ga,hfvrp_n005_m03_s02,5,3,1.000000,1,381.944916,176.381442,558.326358,0.000000,,,0,1,,,,,0.004533,SMALL
ga,hfvrp_n002_m03_s05,2,3,1.000000,999,302.671304,316.313399,618.984703,0.000000,,,0,1,,,,,0.948528,BIG
ga,hfvrp_n002_m03_s05,2,3,1.000000,1234,302.671304,316.313399,618.984703,0.000000,,,0,1,,,,,0.019515,DEFAULT
ga,hfvrp_n002_m03_s05,2,3,1.000000,1234,302.671304,316.313399,618.984703,0.000000,,,0,1,,,,,0.001710,SMALL
ga,hfvrp_n005_m03_s01,5,3,1.000000,50,350.283936,145.533835,495.817771,0.000000,,,0,1,,,,,0.486493,MEDIUM
ga,hfvrp_n002_m03_s04,2,3,1.000000,1234,174.940044,35.445494,210.385538,0.000000,,,0,1,,,,,0.327387,MEDIUM
ga,hfvrp_n002_m03_s03,2,3,1.000000,9999,185.309216,25.338303,210.647519,0.000000,,,0,1,,,,,0.977777,BIG
ga,hfvrp_n002_m03_s03,2,3,1.000000,19345,185.309216,25.338303,210.647519,0.000000,,,0,1,,,,,0.017439,DEFAULT
ga,hfvrp_n002_m03_s03,2,3,1.000000,19345,185.309216,25.338303,210.647519,0.000000,,,0,1,,,,,0.003995,SMALL
ga,hfvrp_n002_m03_s05,2,3,1.000000,1234,302.671304,316.313399,618.984703,0.000000,,,0,1,,,,,0.316977,MEDIUM
ga,hfvrp_n005_m03_s03,5,3,1.000000,1788024151159056858,444.734799,0.000000,444.734799,0.000000,,,0,1,,,,,0.493988,MEDIUM
ga,hfvrp_n005_m03_s02,5,3,1.000000,1,381.944916,176.381442,558.326358,0.000000,,,0,1,,,,,0.479766,MEDIUM
ga,hfvrp_n002_m03_s03,2,3,1.000000,19345,185.309216,25.338303,210.647519,0.000000,,,0,1,,,,,0.322799,MEDIUM
ga,hfvrp_n002_m03_s04,2,3,1.000000,1234,174.940044,35.445494,210.385538,0.000000,,,0,1,,,,,0.938516,BIG
ga,hfvrp_n002_m03_s04,2,3,1.000000,9999,174.940044,35.445494,210.385538,0.000000,,,0,1,,,,,0.019553,DEFAULT
ga,hfvrp_n002_m03_s04,2,3,1.000000,9999,174.940044,35.445494,210.385538,0.000000,,,0,1,,,,,0.005375,SMALL
ga,hfvrp_n002_m03_s05,2,3,1.000000,1234,302.671304,316.313399,618.984703,0.000000,,,0,1,,,,,0.932970,BIG
ga,hfvrp_n002_m03_s05,2,3,1.000000,9999,302.671304,316.313399,618.984703,0.000000,,,0,1,,,,,0.015909,DEFAULT
ga,hfvrp_n002_m03_s05,2,3,1.000000,9999,302.671304,316.313399,618.984703,0.000000,,,0,1,,,,,0.001709,SMALL
ga,hfvrp_n002_m03_s04,2,3,1.000000,9999,174.940044,35.445494,210.385538,0.000000,,,0,1,,,,,0.311901,MEDIUM
ga,hfvrp_n005_m03_s01,5,3,1.000000,50,350.283936,145.533835,495.817771,0.000000,,,0,1,,,,,1.427101,BIG
ga,hfvrp_n002_m03_s03,2,3,1.000000,19345,185.309216,25.338303,210.647519,0.000000,,,0,1,,,,,0.968733,BIG
ga,hfvrp_n005_m03_s01,5,3,1.000000,75,350.283936,145.533835,495.817771,0.000000,,,0,1,,,,,0.027967,DEFAULT
ga,hfvrp_n005_m03_s01,5,3,1.000000,75,350.283936,145.533835,495.817771,0.000000,,,0,1,,,,,0.002630,SMALL
ga,hfvrp_n002_m03_s03,2,3,1.000000,1788023826430952966,185.309216,25.338303,210.647519,0.000000,,,0,1,,,,,0.016301,DEFAULT
ga,hfvrp_n002_m03_s03,2,3,1.000000,1788023839339169268,185.309216,25.338303,210.647519,0.000000,,,0,1,,,,,0.004899,SMALL
ga,hfvrp_n002_m03_s05,2,3,1.000000,9999,302.671304,316.313399,618.984703,0.000000,,,0,1,,,,,0.315761,MEDIUM
ga,hfvrp_n005_m03_s03,5,3,1.000000,1788023709274871245,444.734799,0.000000,444.734799,0.000000,,,0,1,,,,,1.436527,BIG
ga,hfvrp_n005_m03_s03,5,3,1.000000,1,444.734799,0.000000,444.734799,0.000000,,,0,1,,,,,0.024777,DEFAULT
ga,hfvrp_n005_m03_s03,5,3,1.000000,1,444.734799,0.000000,444.734799,0.000000,,,0,1,,,,,0.005104,SMALL
ga,hfvrp_n005_m03_s02,5,3,1.000000,1,381.944916,176.381442,558.326358,0.000000,,,0,1,,,,,1.412029,BIG
ga,hfvrp_n005_m03_s02,5,3,1.000000,10,381.944916,176.381442,558.326358,0.000000,,,0,1,,,,,0.024556,DEFAULT
ga,hfvrp_n005_m03_s02,5,3,1.000000,10,363.863985,203.627944,567.491929,0.000000,,,0,1,,,,,0.004402,SMALL
ga,hfvrp_n002_m03_s03,2,3,1.000000,1788023835054500426,185.309216,25.338303,210.647519,0.000000,,,0,1,,,,,0.324570,MEDIUM
ga,hfvrp_n005_m03_s01,5,3,1.000000,75,350.283936,145.533835,495.817771,0.000000,,,0,1,,,,,0.484631,MEDIUM
ga,hfvrp_n005_m03_s03,5,3,1.000000,1,444.734799,0.000000,444.734799,0.000000,,,0,1,,,,,0.475620,MEDIUM
ga,hfvrp_n005_m03_s02,5,3,1.000000,10,381.944916,176.381442,558.326358,0.000000,,,0,1,,,,,0.465446,MEDIUM
ga,hfvrp_n002_m03_s04,2,3,1.000000,9999,174.940044,35.445494,210.385538,0.000000,,,0,1,,,,,0.949082,BIG
ga,hfvrp_n002_m03_s04,2,3,1.000000,19345,174.940044,35.445494,210.385538,0.000000,,,0,1,,,,,0.017890,DEFAULT
ga,hfvrp_n002_m03_s04,2,3,1.000000,19345,174.940044,35.445494,210.385538,0.000000,,,0,1,,,,,0.001705,SMALL
ga,hfvrp_n002_m03_s05,2,3,1.000000,9999,302.671304,316.313399,618.984703,0.000000,,,0,1,,,,,0.938659,BIG
ga,hfvrp_n002_m03_s05,2,3,1.000000,19345,302.671304,316.313399,618.984703,0.000000,,,0,1,,,,,0.019110,DEFAULT
ga,hfvrp_n002_m03_s05,2,3,1.000000,19345,302.671304,316.313399,618.984703,0.000000,,,0,1,,,,,0.001629,SMALL
ga,hfvrp_n002_m03_s04,2,3,1.000000,19345,174.940044,35.445494,210.385538,0.000000,,,0,1,,,,,0.309459,MEDIUM
ga,hfvrp_n002_m03_s03,2,3,1.000000,1788023766663609799,185.309216,25.338303,210.647519,0.000000,,,0,1,,,,,0.962294,BIG
ga,hfvrp_n002_m03_s05,2,3,1.000000,19345,302.671304,316.313399,618.984703,0.000000,,,0,1,,,,,0.313254,MEDIUM
ga,hfvrp_n005_m03_s04,5,3,1.000000,1788023355360638031,278.576281,287.478473,566.054754,0.000000,,,0,1,,,,,0.025890,DEFAULT
ga,hfvrp_n005_m03_s04,5,3,1.000000,1788023363981295020,278.576281,287.478473,566.054754,0.000000,,,0,1,,,,,0.003416,SMALL
ga,hfvrp_n005_m03_s04,5,3,1.000000,1788023376873500293,278.576281,287.478473,566.054754,0.000000,,,0,1,,,,,0.474321,MEDIUM
ga,hfvrp_n005_m03_s01,5,3,1.000000,75,350.283936,145.533835,495.817771,0.000000,,,0,1,,,,,1.434351,BIG
ga,hfvrp_n005_m03_s01,5,3,1.000000,100,350.283936,145.533835,495.817771,0.000000,,,0,1,,,,,0.027350,DEFAULT
ga,hfvrp_n005_m03_s01,5,3,1.000000,100,350.283936,145.533835,495.817771,0.000000,,,0,1,,,,,0.006917,SMALL
ga,hfvrp_n002_m03_s04,2,3,1.000000,19345,174.940044,35.445494,210.385538,0.000000,,,0,1,,,,,0.939344,BIG
ga,hfvrp_n002_m03_s04,2,3,1.000000,1788023562314805348,174.940044,35.445494,210.385538,0.000000,,,0,1,,,,,0.015961,DEFAULT
ga,hfvrp_n002_m03_s04,2,3,1.000000,1788023575218887694,174.940044,35.445494,210.385538,0.000000,,,0,1,,,,,0.001696,SMALL
ga,hfvrp_n005_m03_s03,5,3,1.000000,1,444.734799,0.000000,444.734799,0.000000,,,0,1,,,,,1.451498,BIG
ga,hfvrp_n005_m03_s02,5,3,1.000000,10,381.944916,176.381442,558.326358,0.000000,,,0,1,,,,,1.426291,BIG
ga,hfvrp_n005_m03_s03,5,3,1.000000,10,444.734799,0.000000,444.734799,0.000000,,,0,1,,,,,0.026180,DEFAULT
ga,hfvrp_n005_m03_s02,5,3,1.000000,50,381.944916,176.381442,558.326358,0.000000,,,0,1,,,,,0.025222,DEFAULT
ga,hfvrp_n005_m03_s03,5,3,1.000000,10,444.734799,0.000000,444.734799,0.000000,,,0,1,,,,,0.005151,SMALL
ga,hfvrp_n005_m03_s02,5,3,1.000000,50,381.944916,176.381442,558.326358,0.000000,,,0,1,,,,,0.003613,SMALL
ga,hfvrp_n002_m03_s05,2,3,1.000000,19345,302.671304,316.313399,618.984703,0.000000,,,0,1,,,,,0.942279,BIG
ga,hfvrp_n002_m03_s05,2,3,1.000000,1788023523844043008,302.671304,316.313399,618.984703,0.000000,,,0,1,,,,,0.019878,DEFAULT
ga,hfvrp_n002_m03_s05,2,3,1.000000,1788023519574512622,302.671304,316.313399,618.984703,0.000000,,,0,1,,,,,0.003555,SMALL
ga,hfvrp_n005_m03_s01,5,3,1.000000,100,350.283936,145.533835,495.817771,0.000000,,,0,1,,,,,0.480896,MEDIUM
ga,hfvrp_n002_m03_s04,2,3,1.000000,1788023570928712527,174.940044,35.445494,210.385538,0.000000,,,0,1,,,,,0.319404,MEDIUM
ga,hfvrp_n002_m03_s05,2,3,1.000000,1788023532467506635,302.671304,316.313399,618.984703,0.000000,,,0,1,,,,,0.309898,MEDIUM
ga,hfvrp_n005_m03_s03,5,3,1.000000,10,444.734799,0.000000,444.734799,0.000000,,,0,1,,,,,0.477995,MEDIUM
ga,hfvrp_n005_m03_s02,5,3,1.000000,50,381.944916,176.381442,558.326358,0.000000,,,0,1,,,,,0.471635,MEDIUM
ga,hfvrp_n005_m03_s04,5,3,1.000000,1788023373056873544,278.576281,287.478473,566.054754,0.000000,,,0,1,,,,,1.466423,BIG
ga,hfvrp_n005_m03_s04,5,3,1.000000,1,278.576281,287.478473,566.054754,0.000000,,,0,1,,,,,0.025159,DEFAULT
ga,hfvrp_n005_m03_s04,5,3,1.000000,1,278.576281,287.478473,566.054754,0.000000,,,0,1,,,,,0.002471,SMALL
ga,hfvrp_n002_m03_s04,2,3,1.000000,1788023541191365149,174.940044,35.445494,210.385538,0.000000,,,0,1,,,,,0.935956,BIG
ga,hfvrp_n005_m03_s05,5,3,1.000000,1788023078313454884,392.925224,206.042807,598.968031,0.000000,,,0,1,,,,,0.023644,DEFAULT
ga,hfvrp_n005_m03_s05,5,3,1.000000,1788023082638395120,392.925224,206.042807,598.968031,0.000000,,,0,1,,,,,0.004169,SMALL
ga,hfvrp_n002_m03_s05,2,3,1.000000,1788023528490418686,302.671304,316.313399,618.984703,0.000000,,,0,1,,,,,0.935482,BIG
ga,hfvrp_n010_m03_s01,10,3,1.000000,1788023284659902254,535.965065,271.386050,807.351115,0.000000,,,0,1,,,,,0.035724,DEFAULT
ga,hfvrp_n010_m03_s01,10,3,1.000000,1788023288994390969,535.965065,271.386050,807.351115,0.000000,,,0,1,,,,,0.003930,SMALL
ga,hfvrp_n005_m03_s04,5,3,1.000000,1,278.576281,287.478473,566.054754,0.000000,,,0,1,,,,,0.488902,MEDIUM
ga,hfvrp_n005_m03_s01,5,3,1.000000,100,350.283936,145.533835,495.817771,0.000000,,,0,1,,,,,1.423600,BIG
ga,hfvrp_n005_m03_s01,5,3,1.000000,200,350.283936,145.533835,495.817771,0.000000,,,0,1,,,,,0.027210,DEFAULT
ga,hfvrp_n005_m03_s01,5,3,1.000000,200,350.283936,145.533835,495.817771,0.000000,,,0,1,,,,,0.005107,SMALL
ga,hfvrp_n005_m03_s05,5,3,1.000000,1788023104121462604,392.925224,206.042807,598.968031,0.000000,,,0,1,,,,,0.485186,MEDIUM
ga,hfvrp_n005_m03_s02,5,3,1.000000,50,381.944916,176.381442,558.326358,0.000000,,,0,1,,,,,1.434739,BIG
ga,hfvrp_n005_m03_s03,5,3,1.000000,10,444.734799,0.000000,444.734799,0.000000,,,0,1,,,,,1.442319,BIG
ga,hfvrp_n005_m03_s02,5,3,1.000000,75,381.944916,176.381442,558.326358,0.000000,,,0,1,,,,,0.023748,DEFAULT
ga,hfvrp_n005_m03_s03,5,3,1.000000,50,444.734799,0.000000,444.734799,0.000000,,,0,1,,,,,0.024352,DEFAULT
ga,hfvrp_n005_m03_s03,5,3,1.000000,50,444.734799,0.000000,444.734799,0.000000,,,0,1,,,,,0.002652,SMALL
ga,hfvrp_n005_m03_s02,5,3,1.000000,75,363.863985,203.627944,567.491929,0.000000,,,0,1,,,,,0.006566,SMALL
ga,hfvrp_n005_m03_s01,5,3,1.000000,200,350.283936,145.533835,495.817771,0.000000,,,0,1,,,,,0.475577,MEDIUM
ga,hfvrp_n010_m03_s01,10,3,1.000000,1788023310476883282,535.965065,271.386050,807.351115,0.000000,,,0,1,,,,,0.736871,MEDIUM
ga,hfvrp_n005_m03_s02,5,3,1.000000,75,381.944916,176.381442,558.326358,0.000000,,,0,1,,,,,0.463972,MEDIUM
ga,hfvrp_n005_m03_s03,5,3,1.000000,50,444.734799,0.000000,444.734799,0.000000,,,0,1,,,,,0.473560,MEDIUM
ga,hfvrp_n005_m03_s04,5,3,1.000000,1,278.576281,287.478473,566.054754,0.000000,,,0,1,,,,,1.450527,BIG
ga,hfvrp_n005_m03_s04,5,3,1.000000,10,278.576281,287.478473,566.054754,0.000000,,,0,1,,,,,0.025042,DEFAULT
ga,hfvrp_n005_m03_s04,5,3,1.000000,10,278.576281,287.478473,566.054754,0.000000,,,0,1,,,,,0.004832,SMALL
ga,hfvrp_n005_m03_s05,5,3,1.000000,1788023211988840428,392.925224,206.042807,598.968031,0.000000,,,0,1,,,,,1.437478,BIG
ga,hfvrp_n005_m03_s05,5,3,1.000000,1,409.923374,218.215678,628.139052,0.000000,,,0,1,,,,,0.026418,DEFAULT
ga,hfvrp_n005_m03_s05,5,3,1.000000,1,392.925224,206.042807,598.968031,0.000000,,,0,1,,,,,0.006047,SMALL
ga,hfvrp_n005_m03_s01,5,3,1.000000,200,350.283936,145.533835,495.817771,0.000000,,,0,1,,,,,1.409772,BIG
ga,hfvrp_n005_m03_s04,5,3,1.000000,10,278.576281,287.478473,566.054754,0.000000,,,0,1,,,,,0.487685,MEDIUM
ga,hfvrp_n005_m03_s01,5,3,1.000000,999,350.283936,145.533835,495.817771,0.000000,,,0,1,,,,,0.026782,DEFAULT
ga,hfvrp_n005_m03_s01,5,3,1.000000,999,350.283936,145.533835,495.817771,0.000000,,,0,1,,,,,0.002608,SMALL
ga,hfvrp_n005_m03_s05,5,3,1.000000,1,392.925224,206.042807,598.968031,0.000000,,,0,1,,,,,0.480515,MEDIUM
ga,hfvrp_n005_m03_s02,5,3,1.000000,75,381.944916,176.381442,558.326358,0.000000,,,0,1,,,,,1.423336,BIG
ga,hfvrp_n005_m03_s03,5,3,1.000000,50,444.734799,0.000000,444.734799,0.000000,,,0,1,,,,,1.434914,BIG
ga,hfvrp_n005_m03_s02,5,3,1.000000,100,381.944916,176.381442,558.326358,0.000000,,,0,1,,,,,0.024596,DEFAULT
ga,hfvrp_n005_m03_s02,5,3,1.000000,100,363.863985,203.627944,567.491929,0.000000,,,0,1,,,,,0.002611,SMALL
ga,hfvrp_n005_m03_s03,5,3,1.000000,75,444.734799,0.000000,444.734799,0.000000,,,0,1,,,,,0.026015,DEFAULT
ga,hfvrp_n005_m03_s03,5,3,1.000000,75,444.734799,0.000000,444.734799,0.000000,,,0,1,,,,,0.003670,SMALL
ga,hfvrp_n005_m03_s01,5,3,1.000000,999,350.283936,145.533835,495.817771,0.000000,,,0,1,,,,,0.479201,MEDIUM
ga,hfvrp_n005_m03_s02,5,3,1.000000,100,381.944916,176.381442,558.326358,0.000000,,,0,1,,,,,0.468491,MEDIUM
ga,hfvrp_n010_m03_s01,10,3,1.000000,1788022868839776034,535.965065,271.386050,807.351115,0.000000,,,0,1,,,,,2.218893,BIG
ga,hfvrp_n005_m03_s03,5,3,1.000000,75,444.734799,0.000000,444.734799,0.000000,,,0,1,,,,,0.474227,MEDIUM
ga,hfvrp_n010_m03_s01,10,3,1.000000,1,535.965065,271.386050,807.351115,0.000000,,,0,1,,,,,0.036368,DEFAULT
ga,hfvrp_n010_m03_s01,10,3,1.000000,1,535.965065,271.386050,807.351115,0.000000,,,0,1,,,,,0.007517,SMALL
ga,hfvrp_n005_m03_s04,5,3,1.000000,10,278.576281,287.478473,566.054754,0.000000,,,0,1,,,,,1.446930,BIG
ga,hfvrp_n005_m03_s04,5,3,1.000000,50,278.576281,287.478473,566.054754,0.000000,,,0,1,,,,,0.025320,DEFAULT
ga,hfvrp_n005_m03_s04,5,3,1.000000,50,278.576281,287.478473,566.054754,0.000000,,,0,1,,,,,0.002689,SMALL
ga,hfvrp_n005_m03_s05,5,3,1.000000,1,392.925224,206.042807,598.968031,0.000000,,,0,1,,,,,1.441129,BIG
ga,hfvrp_n010_m03_s01,10,3,1.000000,1,535.965065,271.386050,807.351115,0.000000,,,0,1,,,,,0.731970,MEDIUM
ga,hfvrp_n005_m03_s05,5,3,1.000000,10,409.923374,218.215678,628.139052,0.000000,,,0,1,,,,,0.024994,DEFAULT
ga,hfvrp_n005_m03_s05,5,3,1.000000,10,409.923374,218.215678,628.139052,0.000000,,,0,1,,,,,0.002645,SMALL
ga,hfvrp_n005_m03_s01,5,3,1.000000,999,350.283936,145.533835,495.817771,0.000000,,,0,1,,,,,1.424122,BIG
ga,hfvrp_n005_m03_s01,5,3,1.000000,1234,350.283936,145.533835,495.817771,0.000000,,,0,1,,,,,0.025890,DEFAULT
ga,hfvrp_n005_m03_s01,5,3,1.000000,1234,350.283936,145.533835,495.817771,0.000000,,,0,1,,,,,0.002610,SMALL
ga,hfvrp_n005_m03_s04,5,3,1.000000,50,278.576281,287.478473,566.054754,0.000000,,,0,1,,,,,0.488223,MEDIUM
ga,hfvrp_n005_m03_s05,5,3,1.000000,10,392.925224,206.042807,598.968031,0.000000,,,0,1,,,,,0.478329,MEDIUM
ga,hfvrp_n005_m03_s02,5,3,1.000000,100,381.944916,176.381442,558.326358,0.000000,,,0,1,,,,,1.421634,BIG
ga,hfvrp_n005_m03_s02,5,3,1.000000,200,381.944916,176.381442,558.326358,0.000000,,,0,1,,,,,0.023769,DEFAULT
ga,hfvrp_n005_m03_s03,5,3,1.000000,75,444.734799,0.000000,444.734799,0.000000,,,0,1,,,,,1.447993,BIG
ga,hfvrp_n005_m03_s02,5,3,1.000000,200,363.863985,203.627944,567.491929,0.000000,,,0,1,,,,,0.004947,SMALL
ga,hfvrp_n005_m03_s03,5,3,1.000000,100,444.734799,0.000000,444.734799,0.000000,,,0,1,,,,,0.023961,DEFAULT
ga,hfvrp_n005_m03_s03,5,3,1.000000,100,444.734799,0.000000,444.734799,0.000000,,,0,1,,,,,0.005567,SMALL
ga,hfvrp_n005_m03_s01,5,3,1.000000,1234,350.283936,145.533835,495.817771,0.000000,,,0,1,,,,,0.480573,MEDIUM
ga,hfvrp_n005_m03_s02,5,3,1.000000,200,381.944916,176.381442,558.326358,0.000000,,,0,1,,,,,0.468885,MEDIUM
ga,hfvrp_n005_m03_s03,5,3,1.000000,100,444.734799,0.000000,444.734799,0.000000,,,0,1,,,,,0.474304,MEDIUM
ga,hfvrp_n005_m03_s04,5,3,1.000000,50,278.576281,287.478473,566.054754,0.000000,,,0,1,,,,,1.442308,BIG
ga,hfvrp_n005_m03_s04,5,3,1.000000,75,278.576281,287.478473,566.054754,0.000000,,,0,1,,,,,0.025446,DEFAULT
ga,hfvrp_n005_m03_s04,5,3,1.000000,75,278.576281,287.478473,566.054754,0.000000,,,0,1,,,,,0.002584,SMALL
ga,hfvrp_n005_m03_s05,5,3,1.000000,10,392.925224,206.042807,598.968031,0.000000,,,0,1,,,,,1.435628,BIG
ga,hfvrp_n005_m03_s05,5,3,1.000000,50,409.923374,218.215678,628.139052,0.000000,,,0,1,,,,,0.026918,DEFAULT
ga,hfvrp_n005_m03_s05,5,3,1.000000,50,409.923374,218.215678,628.139052,0.000000,,,0,1,,,,,0.005515,SMALL
ga,hfvrp_n010_m03_s01,10,3,1.000000,1,535.965065,271.386050,807.351115,0.000000,,,0,1,,,,,2.197649,BIG
ga,hfvrp_n010_m03_s01,10,3,1.000000,10,535.965065,271.386050,807.351115,0.000000,,,0,1,,,,,0.040924,DEFAULT
ga,hfvrp_n010_m03_s01,10,3,1.000000,10,535.965065,271.386050,807.351115,0.000000,,,0,1,,,,,0.004168,SMALL
ga,hfvrp_n005_m03_s01,5,3,1.000000,1234,350.283936,145.533835,495.817771,0.000000,,,0,1,,,,,1.419035,BIG
ga,hfvrp_n005_m03_s01,5,3,1.000000,9999,350.283936,145.533835,495.817771,0.000000,,,0,1,,,,,0.023928,DEFAULT
ga,hfvrp_n005_m03_s01,5,3,1.000000,9999,350.283936,145.533835,495.817771,0.000000,,,0,1,,,,,0.002520,SMALL
ga,hfvrp_n005_m03_s04,5,3,1.000000,75,278.576281,287.478473,566.054754,0.000000,,,0,1,,,,,0.485491,MEDIUM
ga,hfvrp_n005_m03_s05,5,3,1.000000,50,392.925224,206.042807,598.968031,0.000000,,,0,1,,,,,0.485380,MEDIUM
ga,hfvrp_n005_m03_s02,5,3,1.000000,200,381.944916,176.381442,558.326358,0.000000,,,0,1,,,,,1.413543,BIG
ga,hfvrp_n005_m03_s02,5,3,1.000000,999,381.944916,176.381442,558.326358,0.000000,,,0,1,,,,,0.025257,DEFAULT
ga,hfvrp_n005_m03_s02,5,3,1.000000,999,381.944916,176.381442,558.326358,0.000000,,,0,1,,,,,0.002579,SMALL
ga,hfvrp_n005_m03_s03,5,3,1.000000,100,444.734799,0.000000,444.734799,0.000000,,,0,1,,,,,1.450729,BIG
ga,hfvrp_n005_m03_s03,5,3,1.000000,200,444.734799,0.000000,444.734799,0.000000,,,0,1,,,,,0.023792,DEFAULT
ga,hfvrp_n005_m03_s03,5,3,1.000000,200,444.734799,0.000000,444.734799,0.000000,,,0,1,,,,,0.005040,SMALL
ga,hfvrp_n005_m03_s01,5,3,1.000000,9999,350.283936,145.533835,495.817771,0.000000,,,0,1,,,,,0.475606,MEDIUM
ga,hfvrp_n010_m03_s01,10,3,1.000000,10,535.965065,271.386050,807.351115,0.000000,,,0,1,,,,,0.736280,MEDIUM
ga,hfvrp_n005_m03_s02,5,3,1.000000,999,381.944916,176.381442,558.326358,0.000000,,,0,1,,,,,0.468533,MEDIUM
ga,hfvrp_n005_m03_s03,5,3,1.000000,200,444.734799,0.000000,444.734799,0.000000,,,0,1,,,,,0.473281,MEDIUM
ga,hfvrp_n005_m03_s04,5,3,1.000000,75,278.576281,287.478473,566.054754,0.000000,,,0,1,,,,,1.434624,BIG
ga,hfvrp_n005_m03_s04,5,3,1.000000,100,278.576281,287.478473,566.054754,0.000000,,,0,1,,,,,0.025159,DEFAULT
ga,hfvrp_n005_m03_s04,5,3,1.000000,100,278.576281,287.478473,566.054754,0.000000,,,0,1,,,,,0.002599,SMALL
ga,hfvrp_n005_m03_s05,5,3,1.000000,50,392.925224,206.042807,598.968031,0.000000,,,0,1,,,,,1.443246,BIG
ga,hfvrp_n005_m03_s05,5,3,1.000000,75,392.925224,206.042807,598.968031,0.000000,,,0,1,,,,,0.027051,DEFAULT
ga,hfvrp_n005_m03_s05,5,3,1.000000,75,392.925224,206.042807,598.968031,0.000000,,,0,1,,,,,0.006195,SMALL
ga,hfvrp_n005_m03_s01,5,3,1.000000,9999,350.283936,145.533835,495.817771,0.000000,,,0,1,,,,,1.471266,BIG
ga,hfvrp_n005_m03_s01,5,3,1.000000,19345,350.283936,145.533835,495.817771,0.000000,,,0,1,,,,,0.025759,DEFAULT
ga,hfvrp_n005_m03_s01,5,3,1.000000,19345,350.283936,145.533835,495.817771,0.000000,,,0,1,,,,,0.002518,SMALL
ga,hfvrp_n005_m03_s04,5,3,1.000000,100,278.576281,287.478473,566.054754,0.000000,,,0,1,,,,,0.487711,MEDIUM
ga,hfvrp_n005_m03_s05,5,3,1.000000,75,392.925224,206.042807,598.968031,0.000000,,,0,1,,,,,0.476958,MEDIUM
ga,hfvrp_n005_m03_s02,5,3,1.000000,999,381.944916,176.381442,558.326358,0.000000,,,0,1,,,,,1.403690,BIG
ga,hfvrp_n005_m03_s02,5,3,1.000000,1234,381.944916,176.381442,558.326358,0.000000,,,0,1,,,,,0.027600,DEFAULT
ga,hfvrp_n005_m03_s02,5,3,1.000000,1234,381.944916,176.381442,558.326358,0.000000,,,0,1,,,,,0.002613,SMALL
ga,hfvrp_n005_m03_s03,5,3,1.000000,200,444.734799,0.000000,444.734799,0.000000,,,0,1,,,,,1.441761,BIG
ga,hfvrp_n005_m03_s03,5,3,1.000000,999,444.734799,0.000000,444.734799,0.000000,,,0,1,,,,,0.026029,DEFAULT
ga,hfvrp_n005_m03_s03,5,3,1.000000,999,444.734799,0.000000,444.734799,0.000000,,,0,1,,,,,0.004869,SMALL
ga,hfvrp_n005_m03_s01,5,3,1.000000,19345,350.283936,145.533835,495.817771,0.000000,,,0,1,,,,,0.478764,MEDIUM
ga,hfvrp_n005_m03_s02,5,3,1.000000,1234,381.944916,176.381442,558.326358,0.000000,,,0,1,,,,,0.467084,MEDIUM
ga,hfvrp_n005_m03_s03,5,3,1.000000,999,444.734799,0.000000,444.734799,0.000000,,,0,1,,,,,0.484004,MEDIUM
ga,hfvrp_n010_m03_s01,10,3,1.000000,10,535.965065,271.386050,807.351115,0.000000,,,0,1,,,,,2.220026,BIG
ga,hfvrp_n010_m03_s01,10,3,1.000000,50,535.965065,271.386050,807.351115,0.000000,,,0,1,,,,,0.040389,DEFAULT
ga,hfvrp_n010_m03_s01,10,3,1.000000,50,535.965065,271.386050,807.351115,0.000000,,,0,1,,,,,0.008142,SMALL
ga,hfvrp_n005_m03_s04,5,3,1.000000,100,278.576281,287.478473,566.054754,0.000000,,,0,1,,,,,1.448343,BIG
ga,hfvrp_n005_m03_s04,5,3,1.000000,200,278.576281,287.478473,566.054754,0.000000,,,0,1,,,,,0.025476,DEFAULT
ga,hfvrp_n005_m03_s04,5,3,1.000000,200,278.576281,287.478473,566.054754,0.000000,,,0,1,,,,,0.002628,SMALL
ga,hfvrp_n005_m03_s05,5,3,1.000000,75,392.925224,206.042807,598.968031,0.000000,,,0,1,,,,,1.458083,BIG
ga,hfvrp_n005_m03_s05,5,3,1.000000,100,392.925224,206.042807,598.968031,0.000000,,,0,1,,,,,0.027001,DEFAULT
ga,hfvrp_n005_m03_s05,5,3,1.000000,100,409.923374,218.215678,628.139052,0.000000,,,0,1,,,,,0.006010,SMALL
ga,hfvrp_n010_m03_s01,10,3,1.000000,50,535.965065,271.386050,807.351115,0.000000,,,0,1,,,,,0.741636,MEDIUM
ga,hfvrp_n005_m03_s01,5,3,1.000000,19345,350.283936,145.533835,495.817771,0.000000,,,0,1,,,,,1.463686,BIG
ga,hfvrp_n005_m03_s01,5,3,1.000000,1788022079316186707,350.283936,145.533835,495.817771,0.000000,,,0,1,,,,,0.026391,DEFAULT
ga,hfvrp_n005_m03_s01,5,3,1.000000,1788021980565644326,350.283936,145.533835,495.817771,0.000000,,,0,1,,,,,0.006598,SMALL
ga,hfvrp_n005_m03_s04,5,3,1.000000,200,278.576281,287.478473,566.054754,0.000000,,,0,1,,,,,0.494960,MEDIUM
ga,hfvrp_n005_m03_s02,5,3,1.000000,1234,381.944916,176.381442,558.326358,0.000000,,,0,1,,,,,1.421056,BIG
ga,hfvrp_n005_m03_s05,5,3,1.000000,100,392.925224,206.042807,598.968031,0.000000,,,0,1,,,,,0.486987,MEDIUM
ga,hfvrp_n005_m03_s02,5,3,1.000000,9999,381.944916,176.381442,558.326358,0.000000,,,0,1,,,,,0.023767,DEFAULT
ga,hfvrp_n005_m03_s02,5,3,1.000000,9999,381.944916,176.381442,558.326358,0.000000,,,0,1,,,,,0.002510,SMALL
ga,hfvrp_n005_m03_s03,5,3,1.000000,999,444.734799,0.000000,444.734799,0.000000,,,0,1,,,,,1.455330,BIG
ga,hfvrp_n005_m03_s03,5,3,1.000000,1234,444.734799,0.000000,444.734799,0.000000,,,0,1,,,,,0.025028,DEFAULT
ga,hfvrp_n005_m03_s03,5,3,1.000000,1234,444.734799,0.000000,444.734799,0.000000,,,0,1,,,,,0.004141,SMALL
ga,hfvrp_n005_m03_s01,5,3,1.000000,1788021984871382224,350.283936,145.533835,495.817771,0.000000,,,0,1,,,,,0.479142,MEDIUM
ga,hfvrp_n005_m03_s02,5,3,1.000000,9999,381.944916,176.381442,558.326358,0.000000,,,0,1,,,,,0.465188,MEDIUM
ga,hfvrp_n005_m03_s03,5,3,1.000000,1234,444.734799,0.000000,444.734799,0.000000,,,0,1,,,,,0.472794,MEDIUM
ga,hfvrp_n005_m03_s04,5,3,1.000000,200,278.576281,287.478473,566.054754,0.000000,,,0,1,,,,,1.440764,BIG
ga,hfvrp_n005_m03_s04,5,3,1.000000,999,278.576281,287.478473,566.054754,0.000000,,,0,1,,,,,0.024268,DEFAULT
ga,hfvrp_n005_m03_s04,5,3,1.000000,999,278.576281,287.478473,566.054754,0.000000,,,0,1,,,,,0.006920,SMALL
ga,hfvrp_n005_m03_s05,5,3,1.000000,100,392.925224,206.042807,598.968031,0.000000,,,0,1,,,,,1.432615,BIG
ga,hfvrp_n005_m03_s05,5,3,1.000000,200,392.925224,206.042807,598.968031,0.000000,,,0,1,,,,,0.025523,DEFAULT
ga,hfvrp_n005_m03_s05,5,3,1.000000,200,392.925224,206.042807,598.968031,0.000000,,,0,1,,,,,0.004495,SMALL
ga,hfvrp_n005_m03_s01,5,3,1.000000,1788022195808790650,350.283936,145.533835,495.817771,0.000000,,,0,1,,,,,1.411504,BIG
ga,hfvrp_n010_m03_s01,10,3,1.000000,50,535.965065,271.386050,807.351115,0.000000,,,0,1,,,,,2.198025,BIG
ga,hfvrp_n010_m03_s01,10,3,1.000000,75,535.965065,271.386050,807.351115,0.000000,,,0,1,,,,,0.041763,DEFAULT
ga,hfvrp_n010_m03_s01,10,3,1.000000,75,535.965065,271.386050,807.351115,0.000000,,,0,1,,,,,0.006164,SMALL
ga,hfvrp_n010_m03_s02,10,3,1.000000,1788021754883853510,607.775031,423.038749,1030.813780,0.000000,,,0,1,,,,,0.040081,DEFAULT
ga,hfvrp_n010_m03_s02,10,3,1.000000,1788021810762608977,607.775031,423.038749,1030.813780,0.000000,,,0,1,,,,,0.004214,SMALL
ga,hfvrp_n005_m03_s02,5,3,1.000000,9999,381.944916,176.381442,558.326358,0.000000,,,0,1,,,,,1.411111,BIG
ga,hfvrp_n005_m03_s04,5,3,1.000000,999,278.576281,287.478473,566.054754,0.000000,,,0,1,,,,,0.485239,MEDIUM
ga,hfvrp_n005_m03_s02,5,3,1.000000,19345,363.863985,203.627944,567.491929,0.000000,,,0,1,,,,,0.023776,DEFAULT
ga,hfvrp_n005_m03_s02,5,3,1.000000,19345,363.863985,203.627944,567.491929,0.000000,,,0,1,,,,,0.002565,SMALL
ga,hfvrp_n005_m03_s05,5,3,1.000000,200,392.925224,206.042807,598.968031,0.000000,,,0,1,,,,,0.487493,MEDIUM
ga,hfvrp_n005_m03_s03,5,3,1.000000,1234,444.734799,0.000000,444.734799,0.000000,,,0,1,,,,,1.450873,BIG
ga,hfvrp_n005_m03_s03,5,3,1.000000,9999,444.734799,0.000000,444.734799,0.000000,,,0,1,,,,,0.027631,DEFAULT
ga,hfvrp_n005_m03_s03,5,3,1.000000,9999,444.734799,0.000000,444.734799,0.000000,,,0,1,,,,,0.002453,SMALL
ga,hfvrp_n005_m03_s02,5,3,1.000000,19345,381.944916,176.381442,558.326358,0.000000,,,0,1,,,,,0.466457,MEDIUM
ga,hfvrp_n010_m03_s01,10,3,1.000000,75,535.965065,271.386050,807.351115,0.000000,,,0,1,,,,,0.731498,MEDIUM
ga,hfvrp_n010_m03_s02,10,3,1.000000,1788021806475794527,559.248798,418.059583,977.308381,0.000000,,,0,1,,,,,0.737234,MEDIUM
ga,hfvrp_n005_m03_s03,5,3,1.000000,9999,444.734799,0.000000,444.734799,0.000000,,,0,1,,,,,0.475174,MEDIUM
ga,hfvrp_n005_m03_s04,5,3,1.000000,999,278.576281,287.478473,566.054754,0.000000,,,0,1,,,,,1.437737,BIG
ga,hfvrp_n005_m03_s05,5,3,1.000000,200,392.925224,206.042807,598.968031,0.000000,,,0,1,,,,,1.432190,BIG
ga,hfvrp_n005_m03_s04,5,3,1.000000,1234,278.576281,287.478473,566.054754,0.000000,,,0,1,,,,,0.028210,DEFAULT
ga,hfvrp_n005_m03_s04,5,3,1.000000,1234,278.576281,287.478473,566.054754,0.000000,,,0,1,,,,,0.002692,SMALL
ga,hfvrp_n005_m03_s05,5,3,1.000000,999,392.925224,206.042807,598.968031,0.000000,,,0,1,,,,,0.027207,DEFAULT
ga,hfvrp_n005_m03_s05,5,3,1.000000,999,409.923374,218.215678,628.139052,0.000000,,,0,1,,,,,0.005530,SMALL
ga,hfvrp_n005_m03_s02,5,3,1.000000,19345,381.944916,176.381442,558.326358,0.000000,,,0,1,,,,,1.411039,BIG
ga,hfvrp_n005_m03_s02,5,3,1.000000,1788021847132461706,381.944916,176.381442,558.326358,0.000000,,,0,1,,,,,0.023204,DEFAULT
ga,hfvrp_n005_m03_s04,5,3,1.000000,1234,278.576281,287.478473,566.054754,0.000000,,,0,1,,,,,0.485214,MEDIUM
ga,hfvrp_n005_m03_s02,5,3,1.000000,1788021842864417102,363.863985,203.627944,567.491929,0.000000,,,0,1,,,,,0.002626,SMALL
ga,hfvrp_n005_m03_s05,5,3,1.000000,999,392.925224,206.042807,598.968031,0.000000,,,0,1,,,,,0.478654,MEDIUM
ga,hfvrp_n005_m03_s03,5,3,1.000000,9999,444.734799,0.000000,444.734799,0.000000,,,0,1,,,,,1.434197,BIG
ga,hfvrp_n005_m03_s03,5,3,1.000000,19345,444.734799,0.000000,444.734799,0.000000,,,0,1,,,,,0.025222,DEFAULT
ga,hfvrp_n005_m03_s03,5,3,1.000000,19345,444.734799,0.000000,444.734799,0.000000,,,0,1,,,,,0.002619,SMALL
ga,hfvrp_n005_m03_s02,5,3,1.000000,1788021851460917337,381.944916,176.381442,558.326358,0.000000,,,0,1,,,,,0.469526,MEDIUM
ga,hfvrp_n005_m03_s03,5,3,1.000000,19345,444.734799,0.000000,444.734799,0.000000,,,0,1,,,,,0.477313,MEDIUM
ga,hfvrp_n010_m03_s01,10,3,1.000000,75,535.965065,271.386050,807.351115,0.000000,,,0,1,,,,,2.214766,BIG
ga,hfvrp_n010_m03_s02,10,3,1.000000,1788021725613570492,559.248798,418.059583,977.308381,0.000000,,,0,1,,,,,2.226782,BIG
ga,hfvrp_n010_m03_s01,10,3,1.000000,100,535.965065,271.386050,807.351115,0.000000,,,0,1,,,,,0.037439,DEFAULT
ga,hfvrp_n010_m03_s01,10,3,1.000000,100,535.965065,271.386050,807.351115,0.000000,,,0,1,,,,,0.009195,SMALL
ga,hfvrp_n010_m03_s02,10,3,1.000000,1,607.775031,423.038749,1030.813780,0.000000,,,0,1,,,,,0.038877,DEFAULT
ga,hfvrp_n010_m03_s02,10,3,1.000000,1,624.339007,418.059583,1042.398591,0.000000,,,0,1,,,,,0.005788,SMALL
ga,hfvrp_n005_m03_s04,5,3,1.000000,1234,278.576281,287.478473,566.054754,0.000000,,,0,1,,,,,1.452698,BIG
ga,hfvrp_n005_m03_s05,5,3,1.000000,999,392.925224,206.042807,598.968031,0.000000,,,0,1,,,,,1.451680,BIG
ga,hfvrp_n005_m03_s04,5,3,1.000000,9999,278.576281,287.478473,566.054754,0.000000,,,0,1,,,,,0.028697,DEFAULT
ga,hfvrp_n005_m03_s04,5,3,1.000000,9999,278.576281,287.478473,566.054754,0.000000,,,0,1,,,,,0.004706,SMALL
ga,hfvrp_n005_m03_s05,5,3,1.000000,1234,392.925224,206.042807,598.968031,0.000000,,,0,1,,,,,0.024283,DEFAULT
ga,hfvrp_n005_m03_s05,5,3,1.000000,1234,392.925224,206.042807,598.968031,0.000000,,,0,1,,,,,0.002674,SMALL
ga,hfvrp_n010_m03_s01,10,3,1.000000,100,535.965065,271.386050,807.351115,0.000000,,,0,1,,,,,0.735468,MEDIUM
ga,hfvrp_n010_m03_s02,10,3,1.000000,1,550.492463,418.059583,968.552047,0.000000,,,0,1,,,,,0.741869,MEDIUM
ga,hfvrp_n005_m03_s02,5,3,1.000000,1788021864823444412,381.944916,176.381442,558.326358,0.000000,,,0,1,,,,,1.419239,BIG
ga,hfvrp_n010_m03_s03,10,3,1.000000,1788021673014107373,603.750103,563.761094,1167.511197,0.000000,,,0,1,,,,,0.039114,DEFAULT
ga,hfvrp_n010_m03_s03,10,3,1.000000,1788021668766841956,603.750103,563.761094,1167.511197,0.000000,,,0,1,,,,,0.009389,SMALL
ga,hfvrp_n005_m03_s04,5,3,1.000000,9999,278.576281,287.478473,566.054754,0.000000,,,0,1,,,,,0.484748,MEDIUM
ga,hfvrp_n005_m03_s05,5,3,1.000000,1234,392.925224,206.042807,598.968031,0.000000,,,0,1,,,,,0.480626,MEDIUM
ga,hfvrp_n005_m03_s03,5,3,1.000000,19345,444.734799,0.000000,444.734799,0.000000,,,0,1,,,,,1.452434,BIG
ga,hfvrp_n005_m03_s03,5,3,1.000000,1788021565930473008,444.734799,0.000000,444.734799,0.000000,,,0,1,,,,,0.025618,DEFAULT
ga,hfvrp_n005_m03_s03,5,3,1.000000,1788021570257029455,444.734799,0.000000,444.734799,0.000000,,,0,1,,,,,0.005060,SMALL
ga,hfvrp_n010_m03_s03,10,3,1.000000,1788021673075156552,603.750103,563.761094,1167.511197,0.000000,,,0,1,,,,,0.732013,MEDIUM
ga,hfvrp_n005_m03_s03,5,3,1.000000,1788021557381956311,444.734799,0.000000,444.734799,0.000000,,,0,1,,,,,0.479407,MEDIUM
ga,hfvrp_n005_m03_s04,5,3,1.000000,9999,278.576281,287.478473,566.054754,0.000000,,,0,1,,,,,1.430169,BIG
ga,hfvrp_n005_m03_s05,5,3,1.000000,1234,392.925224,206.042807,598.968031,0.000000,,,0,1,,,,,1.431057,BIG
ga,hfvrp_n005_m03_s04,5,3,1.000000,19345,278.576281,287.478473,566.054754,0.000000,,,0,1,,,,,0.028394,DEFAULT
ga,hfvrp_n005_m03_s04,5,3,1.000000,19345,278.576281,287.478473,566.054754,0.000000,,,0,1,,,,,0.004254,SMALL
ga,hfvrp_n005_m03_s05,5,3,1.000000,9999,392.925224,206.042807,598.968031,0.000000,,,0,1,,,,,0.027049,DEFAULT
ga,hfvrp_n005_m03_s05,5,3,1.000000,9999,392.925224,206.042807,598.968031,0.000000,,,0,1,,,,,0.005153,SMALL
ga,hfvrp_n010_m03_s01,10,3,1.000000,100,535.965065,271.386050,807.351115,0.000000,,,0,1,,,,,2.209606,BIG
ga,hfvrp_n010_m03_s02,10,3,1.000000,1,559.248798,418.059583,977.308381,0.000000,,,0,1,,,,,2.212594,BIG
ga,hfvrp_n010_m03_s01,10,3,1.000000,200,535.965065,271.386050,807.351115,0.000000,,,0,1,,,,,0.039441,DEFAULT
ga,hfvrp_n010_m03_s01,10,3,1.000000,200,535.965065,271.386050,807.351115,0.000000,,,0,1,,,,,0.004238,SMALL
ga,hfvrp_n005_m03_s05,5,3,1.000000,9999,392.925224,206.042807,598.968031,0.000000,,,0,1,,,,,0.478219,MEDIUM
ga,hfvrp_n010_m03_s02,10,3,1.000000,10,607.775031,423.038749,1030.813780,0.000000,,,0,1,,,,,0.041469,DEFAULT
ga,hfvrp_n010_m03_s02,10,3,1.000000,10,607.775031,423.038749,1030.813780,0.000000,,,0,1,,,,,0.007043,SMALL
ga,hfvrp_n005_m03_s04,5,3,1.000000,19345,278.576281,287.478473,566.054754,0.000000,,,0,1,,,,,0.549796,MEDIUM
ga,hfvrp_n005_m03_s03,5,3,1.000000,1788021549275356692,444.734799,0.000000,444.734799,0.000000,,,0,1,,,,,1.436126,BIG
ga,hfvrp_n010_m03_s04,10,3,1.000000,1788021361777035813,526.269414,672.105161,1198.374575,0.000000,,,0,1,,,,,0.039739,DEFAULT
ga,hfvrp_n010_m03_s04,10,3,1.000000,1788021366115526023,526.269414,672.105161,1198.374575,0.000000,,,0,1,,,,,0.004119,SMALL
ga,hfvrp_n010_m03_s01,10,3,1.000000,200,535.965065,271.386050,807.351115,0.000000,,,0,1,,,,,0.739670,MEDIUM
ga,hfvrp_n010_m03_s02,10,3,1.000000,10,607.775031,423.038749,1030.813780,0.000000,,,0,1,,,,,0.738783,MEDIUM
ga,hfvrp_n010_m03_s03,10,3,1.000000,1788021562141919829,603.750103,563.761094,1167.511197,0.000000,,,0,1,,,,,2.232320,BIG
ga,hfvrp_n010_m03_s04,10,3,1.000000,1788021353238498484,526.269414,672.105161,1198.374575,0.000000,,,0,1,,,,,0.728444,MEDIUM
ga,hfvrp_n010_m03_s03,10,3,1.000000,1,603.750103,563.761094,1167.511197,0.000000,,,0,1,,,,,0.041641,DEFAULT
ga,hfvrp_n010_m03_s03,10,3,1.000000,1,603.750103,563.761094,1167.511197,0.000000,,,0,1,,,,,0.005737,SMALL
ga,hfvrp_n005_m03_s05,5,3,1.000000,9999,392.925224,206.042807,598.968031,0.000000,,,0,1,,,,,1.446833,BIG
ga,hfvrp_n005_m03_s05,5,3,1.000000,19345,392.925224,206.042807,598.968031,0.000000,,,0,1,,,,,0.027566,DEFAULT
ga,hfvrp_n005_m03_s04,5,3,1.000000,19345,278.576281,287.478473,566.054754,0.000000,,,0,1,,,,,1.443604,BIG
ga,hfvrp_n005_m03_s05,5,3,1.000000,19345,392.925224,206.042807,598.968031,0.000000,,,0,1,,,,,0.002664,SMALL
ga,hfvrp_n005_m03_s04,5,3,1.000000,1788021328700097769,278.576281,287.478473,566.054754,0.000000,,,0,1,,,,,0.024435,DEFAULT
ga,hfvrp_n005_m03_s04,5,3,1.000000,1788021333023289790,278.576281,287.478473,566.054754,0.000000,,,0,1,,,,,0.002690,SMALL
ga,hfvrp_n010_m03_s03,10,3,1.000000,1,603.750103,563.761094,1167.511197,0.000000,,,0,1,,,,,0.737731,MEDIUM
ga,hfvrp_n005_m03_s05,5,3,1.000000,19345,392.925224,206.042807,598.968031,0.000000,,,0,1,,,,,0.477296,MEDIUM
ga,hfvrp_n005_m03_s04,5,3,1.000000,1788021320148790331,278.576281,287.478473,566.054754,0.000000,,,0,1,,,,,0.480317,MEDIUM
ga,hfvrp_n010_m03_s01,10,3,1.000000,200,535.965065,271.386050,807.351115,0.000000,,,0,1,,,,,2.206234,BIG
ga,hfvrp_n010_m03_s02,10,3,1.000000,10,559.248798,418.059583,977.308381,0.000000,,,0,1,,,,,2.220855,BIG
ga,hfvrp_n010_m03_s01,10,3,1.000000,999,535.965065,271.386050,807.351115,0.000000,,,0,1,,,,,0.040484,DEFAULT
ga,hfvrp_n010_m03_s01,10,3,1.000000,999,535.965065,271.386050,807.351115,0.000000,,,0,1,,,,,0.006875,SMALL
ga,hfvrp_n010_m03_s02,10,3,1.000000,50,559.248798,418.059583,977.308381,0.000000,,,0,1,,,,,0.037802,DEFAULT
ga,hfvrp_n010_m03_s02,10,3,1.000000,50,624.339007,418.059583,1042.398591,0.000000,,,0,1,,,,,0.004094,SMALL
ga,hfvrp_n010_m03_s04,10,3,1.000000,1788021388334847042,526.269414,672.105161,1198.374575,0.000000,,,0,1,,,,,2.197855,BIG
ga,hfvrp_n010_m03_s04,10,3,1.000000,1,526.269414,672.105161,1198.374575,0.000000,,,0,1,,,,,0.036791,DEFAULT
ga,hfvrp_n010_m03_s04,10,3,1.000000,1,526.269414,672.105161,1198.374575,0.000000,,,0,1,,,,,0.008021,SMALL
ga,hfvrp_n005_m03_s05,5,3,1.000000,19345,392.925224,206.042807,598.968031,0.000000,,,0,1,,,,,1.444395,BIG
ga,hfvrp_n005_m03_s05,5,3,1.000000,1788020922615492397,392.925224,206.042807,598.968031,0.000000,,,0,1,,,,,0.026995,DEFAULT
ga,hfvrp_n005_m03_s04,5,3,1.000000,1788021316338108015,278.576281,287.478473,566.054754,0.000000,,,0,1,,,,,1.441861,BIG
ga,hfvrp_n005_m03_s05,5,3,1.000000,1788020918351600064,409.923374,218.215678,628.139052,0.000000,,,0,1,,,,,0.002642,SMALL
ga,hfvrp_n010_m03_s05,10,3,1.000000,1788021128845771734,631.929673,567.888596,1199.818269,0.000000,,,0,1,,,,,0.038289,DEFAULT
ga,hfvrp_n010_m03_s05,10,3,1.000000,1788021124596912264,634.011878,1067.335607,1701.347485,0.000000,,,0,1,,,,,0.009431,SMALL
ga,hfvrp_n010_m03_s01,10,3,1.000000,999,535.965065,271.386050,807.351115,0.000000,,,0,1,,,,,0.741734,MEDIUM
ga,hfvrp_n010_m03_s02,10,3,1.000000,50,550.492463,418.059583,968.552047,0.000000,,,0,1,,,,,0.745050,MEDIUM
ga,hfvrp_n005_m03_s05,5,3,1.000000,1788021098746761142,392.925224,206.042807,598.968031,0.000000,,,0,1,,,,,0.481149,MEDIUM
ga,hfvrp_n010_m03_s03,10,3,1.000000,1,603.750103,563.761094,1167.511197,0.000000,,,0,1,,,,,2.227385,BIG
ga,hfvrp_n010_m03_s04,10,3,1.000000,1,526.269414,672.105161,1198.374575,0.000000,,,0,1,,,,,0.743647,MEDIUM
ga,hfvrp_n010_m03_s03,10,3,1.000000,10,603.750103,563.761094,1167.511197,0.000000,,,0,1,,,,,0.039022,DEFAULT
ga,hfvrp_n010_m03_s03,10,3,1.000000,10,603.750103,563.761094,1167.511197,0.000000,,,0,1,,,,,0.004240,SMALL
ga,hfvrp_n010_m03_s05,10,3,1.000000,1788021120316204748,643.466267,549.133405,1192.599672,0.000000,,,0,1,,,,,0.752158,MEDIUM
ga,hfvrp_n010_m03_s03,10,3,1.000000,10,603.750103,563.761094,1167.511197,0.000000,,,0,1,,,,,0.731951,MEDIUM
ga,hfvrp_n005_m03_s05,5,3,1.000000,1788021107826516017,392.925224,206.042807,598.968031,0.000000,,,0,1,,,,,1.430684,BIG
ga,hfvrp_n015_m03_s01,15,3,1.000000,1788020662639850513,618.348969,2088.235372,2706.584341,0.000000,,,0,1,,,,,0.051918,DEFAULT
ga,hfvrp_n015_m03_s01,15,3,1.000000,1788020658400692790,616.617157,2135.962623,2752.579780,0.000000,,,0,1,,,,,0.005123,SMALL
ga,hfvrp_n010_m03_s01,10,3,1.000000,999,535.965065,271.386050,807.351115,0.000000,,,0,1,,,,,2.198627,BIG
ga,hfvrp_n010_m03_s02,10,3,1.000000,50,559.248798,418.059583,977.308381,0.000000,,,0,1,,,,,2.199844,BIG
ga,hfvrp_n010_m03_s01,10,3,1.000000,1234,535.965065,271.386050,807.351115,0.000000,,,0,1,,,,,0.040770,DEFAULT
ga,hfvrp_n010_m03_s01,10,3,1.000000,1234,560.680571,271.386050,832.066621,0.000000,,,0,1,,,,,0.005822,SMALL
ga,hfvrp_n010_m03_s02,10,3,1.000000,75,607.775031,423.038749,1030.813780,0.000000,,,0,1,,,,,0.041251,DEFAULT
ga,hfvrp_n010_m03_s02,10,3,1.000000,75,559.248798,418.059583,977.308381,0.000000,,,0,1,,,,,0.004101,SMALL
ga,hfvrp_n010_m03_s04,10,3,1.000000,1,526.269414,672.105161,1198.374575,0.000000,,,0,1,,,,,2.210189,BIG
ga,hfvrp_n010_m03_s04,10,3,1.000000,10,526.269414,672.105161,1198.374575,0.000000,,,0,1,,,,,0.036648,DEFAULT
ga,hfvrp_n010_m03_s04,10,3,1.000000,10,526.269414,672.105161,1198.374575,0.000000,,,0,1,,,,,0.009286,SMALL
ga,hfvrp_n015_m03_s01,15,3,1.000000,1788020722834080107,618.348969,2088.235372,2706.584341,0.000000,,,0,1,,,,,0.987515,MEDIUM
ga,hfvrp_n010_m03_s05,10,3,1.000000,1788021000817152643,643.466267,549.133405,1192.599672,0.000000,,,0,1,,,,,2.244929,BIG
ga,hfvrp_n010_m03_s05,10,3,1.000000,1,631.929673,567.888596,1199.818269,0.000000,,,0,1,,,,,0.037803,DEFAULT
ga,hfvrp_n010_m03_s05,10,3,1.000000,1,656.775992,567.888596,1224.664588,0.000000,,,0,1,,,,,0.008904,SMALL
ga,hfvrp_n010_m03_s01,10,3,1.000000,1234,535.965065,271.386050,807.351115,0.000000,,,0,1,,,,,0.733718,MEDIUM
ga,hfvrp_n010_m03_s02,10,3,1.000000,75,550.492463,418.059583,968.552047,0.000000,,,0,1,,,,,0.741492,MEDIUM
ga,hfvrp_n010_m03_s04,10,3,1.000000,10,526.269414,672.105161,1198.374575,0.000000,,,0,1,,,,,0.730219,MEDIUM
ga,hfvrp_n010_m03_s03,10,3,1.000000,10,603.750103,563.761094,1167.511197,0.000000,,,0,1,,,,,2.227181,BIG
ga,hfvrp_n010_m03_s03,10,3,1.000000,50,603.750103,563.761094,1167.511197,0.000000,,,0,1,,,,,0.037181,DEFAULT
ga,hfvrp_n010_m03_s03,10,3,1.000000,50,603.750103,563.761094,1167.511197,0.000000,,,0,1,,,,,0.003971,SMALL
ga,hfvrp_n010_m03_s05,10,3,1.000000,1,631.929673,567.888596,1199.818269,0.000000,,,0,1,,,,,0.739435,MEDIUM
ga,hfvrp_n010_m03_s03,10,3,1.000000,50,603.750103,563.761094,1167.511197,0.000000,,,0,1,,,,,0.733810,MEDIUM
ga,hfvrp_n010_m03_s01,10,3,1.000000,1234,535.965065,271.386050,807.351115,0.000000,,,0,1,,,,,2.182533,BIG
ga,hfvrp_n010_m03_s01,10,3,1.000000,9999,535.965065,271.386050,807.351115,0.000000,,,0,1,,,,,0.038357,DEFAULT
ga,hfvrp_n010_m03_s02,10,3,1.000000,75,559.248798,418.059583,977.308381,0.000000,,,0,1,,,,,2.209279,BIG
ga,hfvrp_n010_m03_s01,10,3,1.000000,9999,535.965065,271.386050,807.351115,0.000000,,,0,1,,,,,0.004140,SMALL
ga,hfvrp_n010_m03_s02,10,3,1.000000,100,607.775031,423.038749,1030.813780,0.000000,,,0,1,,,,,0.039004,DEFAULT
ga,hfvrp_n010_m03_s02,10,3,1.000000,100,607.775031,423.038749,1030.813780,0.000000,,,0,1,,,,,0.004111,SMALL
ga,hfvrp_n010_m03_s04,10,3,1.000000,10,526.269414,672.105161,1198.374575,0.000000,,,0,1,,,,,2.193042,BIG
ga,hfvrp_n010_m03_s04,10,3,1.000000,50,526.269414,672.105161,1198.374575,0.000000,,,0,1,,,,,0.037226,DEFAULT
ga,hfvrp_n010_m03_s04,10,3,1.000000,50,526.269414,672.105161,1198.374575,0.000000,,,0,1,,,,,0.008899,SMALL
ga,hfvrp_n015_m03_s01,15,3,1.000000,1788020629336479099,618.348969,2088.235372,2706.584341,0.000000,,,0,1,,,,,2.977662,BIG
ga,hfvrp_n015_m03_s01,15,3,1.000000,1,618.348969,2088.235372,2706.584341,0.000000,,,0,1,,,,,0.053753,DEFAULT
ga,hfvrp_n015_m03_s01,15,3,1.000000,1,616.617157,2135.962623,2752.579780,0.000000,,,0,1,,,,,0.006112,SMALL
ga,hfvrp_n010_m03_s05,10,3,1.000000,1,643.466267,549.133405,1192.599672,0.000000,,,0,1,,,,,2.263616,BIG
ga,hfvrp_n010_m03_s05,10,3,1.000000,10,631.929673,567.888596,1199.818269,0.000000,,,0,1,,,,,0.037307,DEFAULT
ga,hfvrp_n010_m03_s05,10,3,1.000000,10,544.295849,686.066928,1230.362777,0.000000,,,0,1,,,,,0.007104,SMALL
ga,hfvrp_n010_m03_s01,10,3,1.000000,9999,535.965065,271.386050,807.351115,0.000000,,,0,1,,,,,0.753501,MEDIUM
ga,hfvrp_n010_m03_s02,10,3,1.000000,100,607.775031,423.038749,1030.813780,0.000000,,,0,1,,,,,0.757053,MEDIUM
ga,hfvrp_n010_m03_s04,10,3,1.000000,50,526.269414,672.105161,1198.374575,0.000000,,,0,1,,,,,0.739768,MEDIUM
ga,hfvrp_n010_m03_s03,10,3,1.000000,50,603.750103,563.761094,1167.511197,0.000000,,,0,1,,,,,2.230767,BIG
ga,hfvrp_n010_m03_s03,10,3,1.000000,75,603.750103,563.761094,1167.511197,0.000000,,,0,1,,,,,0.036888,DEFAULT
ga,hfvrp_n010_m03_s03,10,3,1.000000,75,603.750103,563.761094,1167.511197,0.000000,,,0,1,,,,,0.004000,SMALL
ga,hfvrp_n010_m03_s05,10,3,1.000000,10,643.466267,549.133405,1192.599672,0.000000,,,0,1,,,,,0.754531,MEDIUM
ga,hfvrp_n015_m03_s01,15,3,1.000000,1,618.348969,2088.235372,2706.584341,0.000000,,,0,1,,,,,1.013284,MEDIUM
ga,hfvrp_n010_m03_s03,10,3,1.000000,75,603.750103,563.761094,1167.511197,0.000000,,,0,1,,,,,0.732958,MEDIUM
ga,hfvrp_n010_m03_s01,10,3,1.000000,9999,535.965065,271.386050,807.351115,0.000000,,,0,1,,,,,2.206306,BIG
ga,hfvrp_n010_m03_s01,10,3,1.000000,19345,535.965065,271.386050,807.351115,0.000000,,,0,1,,,,,0.040088,DEFAULT
ga,hfvrp_n010_m03_s02,10,3,1.000000,100,559.248798,418.059583,977.308381,0.000000,,,0,1,,,,,2.213897,BIG
ga,hfvrp_n010_m03_s01,10,3,1.000000,19345,535.965065,271.386050,807.351115,0.000000,,,0,1,,,,,0.007073,SMALL
ga,hfvrp_n010_m03_s02,10,3,1.000000,200,607.775031,423.038749,1030.813780,0.000000,,,0,1,,,,,0.037165,DEFAULT
ga,hfvrp_n010_m03_s02,10,3,1.000000,200,607.775031,423.038749,1030.813780,0.000000,,,0,1,,,,,0.003967,SMALL
ga,hfvrp_n010_m03_s04,10,3,1.000000,50,526.269414,672.105161,1198.374575,0.000000,,,0,1,,,,,2.206903,BIG
ga,hfvrp_n010_m03_s04,10,3,1.000000,75,526.269414,672.105161,1198.374575,0.000000,,,0,1,,,,,0.037576,DEFAULT
ga,hfvrp_n010_m03_s04,10,3,1.000000,75,526.269414,672.105161,1198.374575,0.000000,,,0,1,,,,,0.004116,SMALL
ga,hfvrp_n010_m03_s05,10,3,1.000000,10,643.466267,549.133405,1192.599672,0.000000,,,0,1,,,,,2.235609,BIG
ga,hfvrp_n010_m03_s05,10,3,1.000000,50,631.929673,567.888596,1199.818269,0.000000,,,0,1,,,,,0.041431,DEFAULT
ga,hfvrp_n010_m03_s05,10,3,1.000000,50,557.981689,698.612357,1256.594046,0.000000,,,0,1,,,,,0.007555,SMALL
ga,hfvrp_n010_m03_s01,10,3,1.000000,19345,535.965065,271.386050,807.351115,0.000000,,,0,1,,,,,0.793124,MEDIUM
ga,hfvrp_n010_m03_s02,10,3,1.000000,200,559.248798,418.059583,977.308381,0.000000,,,0,1,,,,,0.740308,MEDIUM
ga,hfvrp_n010_m03_s04,10,3,1.000000,75,526.269414,672.105161,1198.374575,0.000000,,,0,1,,,,,0.727033,MEDIUM
ga,hfvrp_n010_m03_s03,10,3,1.000000,75,603.750103,563.761094,1167.511197,0.000000,,,0,1,,,,,2.218508,BIG
ga,hfvrp_n010_m03_s03,10,3,1.000000,100,603.750103,563.761094,1167.511197,0.000000,,,0,1,,,,,0.040562,DEFAULT
ga,hfvrp_n010_m03_s03,10,3,1.000000,100,603.750103,563.761094,1167.511197,0.000000,,,0,1,,,,,0.006835,SMALL
ga,hfvrp_n010_m03_s05,10,3,1.000000,50,643.466267,549.133405,1192.599672,0.000000,,,0,1,,,,,0.756452,MEDIUM
ga,hfvrp_n015_m03_s01,15,3,1.000000,1,618.348969,2088.235372,2706.584341,0.000000,,,0,1,,,,,2.959584,BIG
ga,hfvrp_n015_m03_s01,15,3,1.000000,10,616.617157,2135.962623,2752.579780,0.000000,,,0,1,,,,,0.051615,DEFAULT
ga,hfvrp_n015_m03_s01,15,3,1.000000,10,637.165591,2258.702802,2895.868393,0.000000,,,0,1,,,,,0.008238,SMALL
ga,hfvrp_n010_m03_s03,10,3,1.000000,100,603.750103,563.761094,1167.511197,0.000000,,,0,1,,,,,0.734370,MEDIUM
ga,hfvrp_n015_m03_s01,15,3,1.000000,10,618.348969,2088.235372,2706.584341,0.000000,,,0,1,,,,,0.977164,MEDIUM
ga,hfvrp_n010_m03_s01,10,3,1.000000,19345,535.965065,271.386050,807.351115,0.000000,,,0,1,,,,,2.188285,BIG
ga,hfvrp_n010_m03_s02,10,3,1.000000,200,559.248798,418.059583,977.308381,0.000000,,,0,1,,,,,2.211177,BIG
ga,hfvrp_n010_m03_s01,10,3,1.000000,1788020088201193709,535.965065,271.386050,807.351115,0.000000,,,0,1,,,,,0.040885,DEFAULT
ga,hfvrp_n010_m03_s01,10,3,1.000000,1788020062476264370,535.965065,271.386050,807.351115,0.000000,,,0,1,,,,,0.004184,SMALL
ga,hfvrp_n010_m03_s02,10,3,1.000000,999,607.775031,423.038749,1030.813780,0.000000,,,0,1,,,,,0.038712,DEFAULT
ga,hfvrp_n010_m03_s02,10,3,1.000000,999,627.573571,418.059583,1045.633154,0.000000,,,0,1,,,,,0.004148,SMALL
ga,hfvrp_n010_m03_s04,10,3,1.000000,75,526.269414,672.105161,1198.374575,0.000000,,,0,1,,,,,2.251650,BIG
ga,hfvrp_n010_m03_s04,10,3,1.000000,100,526.269414,672.105161,1198.374575,0.000000,,,0,1,,,,,0.039885,DEFAULT
ga,hfvrp_n010_m03_s04,10,3,1.000000,100,526.269414,672.105161,1198.374575,0.000000,,,0,1,,,,,0.007313,SMALL
ga,hfvrp_n010_m03_s05,10,3,1.000000,50,643.466267,549.133405,1192.599672,0.000000,,,0,1,,,,,2.275880,BIG
ga,hfvrp_n010_m03_s05,10,3,1.000000,75,631.929673,567.888596,1199.818269,0.000000,,,0,1,,,,,0.038079,DEFAULT
ga,hfvrp_n010_m03_s01,10,3,1.000000,1788020066781309885,535.965065,271.386050,807.351115,0.000000,,,0,1,,,,,0.735302,MEDIUM
ga,hfvrp_n010_m03_s05,10,3,1.000000,75,544.295849,686.066928,1230.362777,0.000000,,,0,1,,,,,0.008863,SMALL
ga,hfvrp_n010_m03_s02,10,3,1.000000,999,559.248798,418.059583,977.308381,0.000000,,,0,1,,,,,0.740495,MEDIUM
ga,hfvrp_n010_m03_s04,10,3,1.000000,100,526.269414,672.105161,1198.374575,0.000000,,,0,1,,,,,0.734134,MEDIUM
ga,hfvrp_n010_m03_s03,10,3,1.000000,100,603.750103,563.761094,1167.511197,0.000000,,,0,1,,,,,2.230135,BIG
ga,hfvrp_n010_m03_s03,10,3,1.000000,200,603.750103,563.761094,1167.511197,0.000000,,,0,1,,,,,0.038323,DEFAULT
ga,hfvrp_n010_m03_s03,10,3,1.000000,200,603.750103,563.761094,1167.511197,0.000000,,,0,1,,,,,0.008510,SMALL
ga,hfvrp_n010_m03_s05,10,3,1.000000,75,643.466267,549.133405,1192.599672,0.000000,,,0,1,,,,,0.747957,MEDIUM
ga,hfvrp_n010_m03_s03,10,3,1.000000,200,603.750103,563.761094,1167.511197,0.000000,,,0,1,,,,,0.734174,MEDIUM
ga,hfvrp_n015_m03_s01,15,3,1.000000,10,618.348969,2088.235372,2706.584341,0.000000,,,0,1,,,,,2.964602,BIG
ga,hfvrp_n015_m03_s01,15,3,1.000000,50,616.617157,2135.962623,2752.579780,0.000000,,,0,1,,,,,0.050930,DEFAULT
ga,hfvrp_n015_m03_s01,15,3,1.000000,50,618.348969,2088.235372,2706.584341,0.000000,,,0,1,,,,,0.005189,SMALL
ga,hfvrp_n010_m03_s01,10,3,1.000000,1788020273683679226,535.965065,271.386050,807.351115,0.000000,,,0,1,,,,,2.190361,BIG
ga,hfvrp_n010_m03_s02,10,3,1.000000,999,559.248798,418.059583,977.308381,0.000000,,,0,1,,,,,2.217921,BIG
ga,hfvrp_n010_m03_s02,10,3,1.000000,1234,607.775031,423.038749,1030.813780,0.000000,,,0,1,,,,,0.037705,DEFAULT
ga,hfvrp_n010_m03_s02,10,3,1.000000,1234,624.339007,418.059583,1042.398591,0.000000,,,0,1,,,,,0.007785,SMALL
ga,hfvrp_n015_m03_s02,15,3,1.000000,1788019799196005382,683.405139,1486.663512,2170.068651,0.000000,,,0,1,,,,,0.052706,DEFAULT
ga,hfvrp_n015_m03_s02,15,3,1.000000,1788019816432783727,769.003366,1673.898344,2442.901709,0.000000,,,0,1,,,,,0.005685,SMALL
ga,hfvrp_n010_m03_s04,10,3,1.000000,100,526.269414,672.105161,1198.374575,0.000000,,,0,1,,,,,2.210074,BIG
ga,hfvrp_n010_m03_s04,10,3,1.000000,200,542.369924,679.978119,1222.348044,0.000000,,,0,1,,,,,0.038999,DEFAULT
ga,hfvrp_n010_m03_s04,10,3,1.000000,200,526.269414,672.105161,1198.374575,0.000000,,,0,1,,,,,0.009361,SMALL
ga,hfvrp_n015_m03_s01,15,3,1.000000,50,618.348969,2088.235372,2706.584341,0.000000,,,0,1,,,,,0.988939,MEDIUM
ga,hfvrp_n010_m03_s05,10,3,1.000000,75,631.929673,567.888596,1199.818269,0.000000,,,0,1,,,,,2.254601,BIG
ga,hfvrp_n010_m03_s02,10,3,1.000000,1234,559.248798,418.059583,977.308381,0.000000,,,0,1,,,,,0.737292,MEDIUM
ga,hfvrp_n010_m03_s05,10,3,1.000000,100,631.929673,567.888596,1199.818269,0.000000,,,0,1,,,,,0.037153,DEFAULT
ga,hfvrp_n010_m03_s05,10,3,1.000000,100,544.295849,686.066928,1230.362777,0.000000,,,0,1,,,,,0.004044,SMALL
ga,hfvrp_n010_m03_s04,10,3,1.000000,200,526.269414,672.105161,1198.374575,0.000000,,,0,1,,,,,0.724574,MEDIUM
ga,hfvrp_n010_m03_s03,10,3,1.000000,200,603.750103,563.761094,1167.511197,0.000000,,,0,1,,,,,2.233574,BIG
ga,hfvrp_n015_m03_s02,15,3,1.000000,1788019820737298360,692.492057,1425.759137,2118.251194,0.000000,,,0,1,,,,,0.995598,MEDIUM
ga,hfvrp_n010_m03_s03,10,3,1.000000,999,603.750103,563.761094,1167.511197,0.000000,,,0,1,,,,,0.040515,DEFAULT
ga,hfvrp_n010_m03_s03,10,3,1.000000,999,603.750103,563.761094,1167.511197,0.000000,,,0,1,,,,,0.006884,SMALL
ga,hfvrp_n010_m03_s05,10,3,1.000000,100,643.466267,549.133405,1192.599672,0.000000,,,0,1,,,,,0.743081,MEDIUM
ga,hfvrp_n010_m03_s03,10,3,1.000000,999,603.750103,563.761094,1167.511197,0.000000,,,0,1,,,,,0.728520,MEDIUM
ga,hfvrp_n010_m03_s02,10,3,1.000000,1234,559.248798,418.059583,977.308381,0.000000,,,0,1,,,,,2.206358,BIG
ga,hfvrp_n010_m03_s02,10,3,1.000000,9999,559.248798,418.059583,977.308381,0.000000,,,0,1,,,,,0.039524,DEFAULT
ga,hfvrp_n010_m03_s02,10,3,1.000000,9999,624.339007,418.059583,1042.398591,0.000000,,,0,1,,,,,0.009134,SMALL
ga,hfvrp_n010_m03_s04,10,3,1.000000,200,526.269414,672.105161,1198.374575,0.000000,,,0,1,,,,,2.183088,BIG
ga,hfvrp_n010_m03_s04,10,3,1.000000,999,526.269414,672.105161,1198.374575,0.000000,,,0,1,,,,,0.036516,DEFAULT
ga,hfvrp_n010_m03_s04,10,3,1.000000,999,526.269414,672.105161,1198.374575,0.000000,,,0,1,,,,,0.003816,SMALL
ga,hfvrp_n015_m03_s01,15,3,1.000000,50,618.348969,2088.235372,2706.584341,0.000000,,,0,1,,,,,2.959759,BIG
ga,hfvrp_n015_m03_s01,15,3,1.000000,75,618.348969,2088.235372,2706.584341,0.000000,,,0,1,,,,,0.052637,DEFAULT
ga,hfvrp_n015_m03_s01,15,3,1.000000,75,616.617157,2135.962623,2752.579780,0.000000,,,0,1,,,,,0.010654,SMALL
ga,hfvrp_n010_m03_s05,10,3,1.000000,100,643.466267,549.133405,1192.599672,0.000000,,,0,1,,,,,2.236892,BIG
ga,hfvrp_n010_m03_s02,10,3,1.000000,9999,550.492463,418.059583,968.552047,0.000000,,,0,1,,,,,0.738278,MEDIUM
ga,hfvrp_n010_m03_s05,10,3,1.000000,200,631.929673,567.888596,1199.818269,0.000000,,,0,1,,,,,0.040597,DEFAULT
ga,hfvrp_n010_m03_s05,10,3,1.000000,200,631.929673,567.888596,1199.818269,0.000000,,,0,1,,,,,0.003962,SMALL
ga,hfvrp_n010_m03_s04,10,3,1.000000,999,526.269414,672.105161,1198.374575,0.000000,,,0,1,,,,,0.737683,MEDIUM
ga,hfvrp_n015_m03_s02,15,3,1.000000,1788019989240808816,692.492057,1425.759137,2118.251194,0.000000,,,0,1,,,,,2.968780,BIG
ga,hfvrp_n010_m03_s03,10,3,1.000000,999,603.750103,563.761094,1167.511197,0.000000,,,0,1,,,,,2.203677,BIG
ga,hfvrp_n010_m03_s03,10,3,1.000000,1234,603.750103,563.761094,1167.511197,0.000000,,,0,1,,,,,0.040783,DEFAULT
ga,hfvrp_n010_m03_s03,10,3,1.000000,1234,659.074732,636.528779,1295.603511,0.000000,,,0,1,,,,,0.004116,SMALL
ga,hfvrp_n015_m03_s02,15,3,1.000000,1,683.405139,1486.663512,2170.068651,0.000000,,,0,1,,,,,0.052080,DEFAULT
ga,hfvrp_n015_m03_s02,15,3,1.000000,1,699.813200,1627.342843,2327.156043,0.000000,,,0,1,,,,,0.005696,SMALL
ga,hfvrp_n015_m03_s01,15,3,1.000000,75,618.348969,2088.235372,2706.584341,0.000000,,,0,1,,,,,0.986816,MEDIUM
ga,hfvrp_n010_m03_s05,10,3,1.000000,200,643.466267,549.133405,1192.599672,0.000000,,,0,1,,,,,0.750207,MEDIUM
ga,hfvrp_n010_m03_s03,10,3,1.000000,1234,603.750103,563.761094,1167.511197,0.000000,,,0,1,,,,,0.737112,MEDIUM
ga,hfvrp_n015_m03_s02,15,3,1.000000,1,692.492057,1425.759137,2118.251194,0.000000,,,0,1,,,,,0.983147,MEDIUM
ga,hfvrp_n010_m03_s02,10,3,1.000000,9999,559.248798,418.059583,977.308381,0.000000,,,0,1,,,,,2.217019,BIG
ga,hfvrp_n010_m03_s02,10,3,1.000000,19345,624.339007,418.059583,1042.398591,0.000000,,,0,1,,,,,0.038690,DEFAULT
ga,hfvrp_n010_m03_s02,10,3,1.000000,19345,607.775031,423.038749,1030.813780,0.000000,,,0,1,,,,,0.007002,SMALL
ga,hfvrp_n010_m03_s04,10,3,1.000000,999,526.269414,672.105161,1198.374575,0.000000,,,0,1,,,,,2.206172,BIG
ga,hfvrp_n010_m03_s04,10,3,1.000000,1234,526.269414,672.105161,1198.374575,0.000000,,,0,1,,,,,0.036567,DEFAULT
ga,hfvrp_n010_m03_s04,10,3,1.000000,1234,526.269414,672.105161,1198.374575,0.000000,,,0,1,,,,,0.008565,SMALL
ga,hfvrp_n010_m03_s02,10,3,1.000000,19345,559.248798,418.059583,977.308381,0.000000,,,0,1,,,,,0.732771,MEDIUM
ga,hfvrp_n010_m03_s05,10,3,1.000000,200,643.466267,549.133405,1192.599672,0.000000,,,0,1,,,,,2.238669,BIG
ga,hfvrp_n010_m03_s05,10,3,1.000000,999,643.466267,549.133405,1192.599672,0.000000,,,0,1,,,,,0.041746,DEFAULT
ga,hfvrp_n010_m03_s05,10,3,1.000000,999,680.579416,588.421060,1269.000476,0.000000,,,0,1,,,,,0.008964,SMALL
ga,hfvrp_n010_m03_s04,10,3,1.000000,1234,526.269414,672.105161,1198.374575,0.000000,,,0,1,,,,,0.729015,MEDIUM
ga,hfvrp_n010_m03_s03,10,3,1.000000,1234,603.750103,563.761094,1167.511197,0.000000,,,0,1,,,,,2.217153,BIG
ga,hfvrp_n010_m03_s03,10,3,1.000000,9999,603.750103,563.761094,1167.511197,0.000000,,,0,1,,,,,0.037357,DEFAULT
ga,hfvrp_n010_m03_s03,10,3,1.000000,9999,603.750103,563.761094,1167.511197,0.000000,,,0,1,,,,,0.003861,SMALL
ga,hfvrp_n015_m03_s01,15,3,1.000000,75,618.348969,2088.235372,2706.584341,0.000000,,,0,1,,,,,2.964218,BIG
ga,hfvrp_n015_m03_s01,15,3,1.000000,100,620.456738,2135.184339,2755.641077,0.000000,,,0,1,,,,,0.051820,DEFAULT
ga,hfvrp_n015_m03_s01,15,3,1.000000,100,620.456738,2135.184339,2755.641077,0.000000,,,0,1,,,,,0.005233,SMALL
ga,hfvrp_n010_m03_s05,10,3,1.000000,999,643.466267,549.133405,1192.599672,0.000000,,,0,1,,,,,0.753949,MEDIUM
ga,hfvrp_n010_m03_s03,10,3,1.000000,9999,603.750103,563.761094,1167.511197,0.000000,,,0,1,,,,,0.733134,MEDIUM
ga,hfvrp_n015_m03_s02,15,3,1.000000,1,692.492057,1425.759137,2118.251194,0.000000,,,0,1,,,,,3.004981,BIG
ga,hfvrp_n015_m03_s02,15,3,1.000000,10,683.405139,1486.663512,2170.068651,0.000000,,,0,1,,,,,0.048985,DEFAULT
ga,hfvrp_n015_m03_s02,15,3,1.000000,10,683.405139,1486.663512,2170.068651,0.000000,,,0,1,,,,,0.010757,SMALL
ga,hfvrp_n015_m03_s01,15,3,1.000000,100,618.348969,2088.235372,2706.584341,0.000000,,,0,1,,,,,0.982580,MEDIUM
ga,hfvrp_n010_m03_s02,10,3,1.000000,19345,559.248798,418.059583,977.308381,0.000000,,,0,1,,,,,2.219546,BIG
ga,hfvrp_n010_m03_s02,10,3,1.000000,1788019258563283247,607.775031,423.038749,1030.813780,0.000000,,,0,1,,,,,0.040367,DEFAULT
ga,hfvrp_n010_m03_s02,10,3,1.000000,1788019262902385395,559.248798,418.059583,977.308381,0.000000,,,0,1,,,,,0.004029,SMALL
ga,hfvrp_n010_m03_s04,10,3,1.000000,1234,526.269414,672.105161,1198.374575,0.000000,,,0,1,,,,,2.215539,BIG
ga,hfvrp_n015_m03_s02,15,3,1.000000,10,692.492057,1425.759137,2118.251194,0.000000,,,0,1,,,,,0.991460,MEDIUM
ga,hfvrp_n010_m03_s04,10,3,1.000000,9999,564.852051,651.934801,1216.786852,0.000000,,,0,1,,,,,0.039468,DEFAULT
ga,hfvrp_n010_m03_s04,10,3,1.000000,9999,526.269414,672.105161,1198.374575,0.000000,,,0,1,,,,,0.009154,SMALL
ga,hfvrp_n010_m03_s02,10,3,1.000000,1788019232845375874,559.248798,418.059583,977.308381,0.000000,,,0,1,,,,,0.733625,MEDIUM
ga,hfvrp_n010_m03_s05,10,3,1.000000,999,631.929673,567.888596,1199.818269,0.000000,,,0,1,,,,,2.226686,BIG
ga,hfvrp_n010_m03_s04,10,3,1.000000,9999,526.269414,672.105161,1198.374575,0.000000,,,0,1,,,,,0.726072,MEDIUM
ga,hfvrp_n010_m03_s05,10,3,1.000000,1234,544.295849,686.066928,1230.362777,0.000000,,,0,1,,,,,0.042775,DEFAULT
ga,hfvrp_n010_m03_s05,10,3,1.000000,1234,643.466267,549.133405,1192.599672,0.000000,,,0,1,,,,,0.004289,SMALL
ga,hfvrp_n010_m03_s03,10,3,1.000000,9999,603.750103,563.761094,1167.511197,0.000000,,,0,1,,,,,2.223235,BIG
ga,hfvrp_n010_m03_s03,10,3,1.000000,19345,603.750103,563.761094,1167.511197,0.000000,,,0,1,,,,,0.036364,DEFAULT
ga,hfvrp_n010_m03_s03,10,3,1.000000,19345,603.750103,563.761094,1167.511197,0.000000,,,0,1,,,,,0.009579,SMALL
ga,hfvrp_n010_m03_s05,10,3,1.000000,1234,631.929673,567.888596,1199.818269,0.000000,,,0,1,,,,,0.741322,MEDIUM
ga,hfvrp_n010_m03_s03,10,3,1.000000,19345,603.750103,563.761094,1167.511197,0.000000,,,0,1,,,,,0.736987,MEDIUM
ga,hfvrp_n015_m03_s01,15,3,1.000000,100,618.348969,2088.235372,2706.584341,0.000000,,,0,1,,,,,2.958578,BIG
ga,hfvrp_n015_m03_s01,15,3,1.000000,200,618.348969,2088.235372,2706.584341,0.000000,,,0,1,,,,,0.052332,DEFAULT
ga,hfvrp_n015_m03_s01,15,3,1.000000,200,618.348969,2088.235372,2706.584341,0.000000,,,0,1,,,,,0.009596,SMALL
ga,hfvrp_n010_m03_s02,10,3,1.000000,1788019469806146060,559.248798,418.059583,977.308381,0.000000,,,0,1,,,,,2.216531,BIG
ga,hfvrp_n010_m03_s04,10,3,1.000000,9999,526.269414,672.105161,1198.374575,0.000000,,,0,1,,,,,2.198163,BIG
ga,hfvrp_n015_m03_s02,15,3,1.000000,10,692.492057,1425.759137,2118.251194,0.000000,,,0,1,,,,,2.980454,BIG
ga,hfvrp_n015_m03_s03,15,3,1.000000,1788019051178713213,633.419657,591.222722,1224.642379,0.000000,,,0,1,,,,,0.055544,DEFAULT
ga,hfvrp_n010_m03_s04,10,3,1.000000,19345,526.269414,672.105161,1198.374575,0.000000,,,0,1,,,,,0.037257,DEFAULT
ga,hfvrp_n015_m03_s03,15,3,1.000000,1788019003997951225,623.076761,699.677696,1322.754457,0.000000,,,0,1,,,,,0.010573,SMALL
ga,hfvrp_n010_m03_s04,10,3,1.000000,19345,526.269414,672.105161,1198.374575,0.000000,,,0,1,,,,,0.006964,SMALL
ga,hfvrp_n015_m03_s02,15,3,1.000000,50,683.405139,1486.663512,2170.068651,0.000000,,,0,1,,,,,0.051299,DEFAULT
ga,hfvrp_n015_m03_s02,15,3,1.000000,50,683.405139,1486.663512,2170.068651,0.000000,,,0,1,,,,,0.005559,SMALL
ga,hfvrp_n015_m03_s01,15,3,1.000000,200,618.348969,2088.235372,2706.584341,0.000000,,,0,1,,,,,0.987870,MEDIUM
ga,hfvrp_n010_m03_s04,10,3,1.000000,19345,526.269414,672.105161,1198.374575,0.000000,,,0,1,,,,,0.727829,MEDIUM
ga,hfvrp_n010_m03_s05,10,3,1.000000,1234,643.466267,549.133405,1192.599672,0.000000,,,0,1,,,,,2.306089,BIG
ga,hfvrp_n010_m03_s05,10,3,1.000000,9999,631.929673,567.888596,1199.818269,0.000000,,,0,1,,,,,0.040895,DEFAULT
ga,hfvrp_n010_m03_s05,10,3,1.000000,9999,631.929673,567.888596,1199.818269,0.000000,,,0,1,,,,,0.004088,SMALL
ga,hfvrp_n010_m03_s03,10,3,1.000000,19345,603.750103,563.761094,1167.511197,0.000000,,,0,1,,,,,2.241226,BIG
ga,hfvrp_n010_m03_s03,10,3,1.000000,1788019181027380297,603.750103,563.761094,1167.511197,0.000000,,,0,1,,,,,0.038752,DEFAULT
ga,hfvrp_n010_m03_s03,10,3,1.000000,1788019193954838383,603.750103,563.761094,1167.511197,0.000000,,,0,1,,,,,0.003902,SMALL
ga,hfvrp_n015_m03_s03,15,3,1.000000,1788018978243537539,633.419657,591.222722,1224.642379,0.000000,,,0,1,,,,,1.008480,MEDIUM
ga,hfvrp_n015_m03_s02,15,3,1.000000,50,692.492057,1425.759137,2118.251194,0.000000,,,0,1,,,,,0.994370,MEDIUM
ga,hfvrp_n010_m03_s05,10,3,1.000000,9999,631.929673,567.888596,1199.818269,0.000000,,,0,1,,,,,0.735268,MEDIUM
ga,hfvrp_n010_m03_s03,10,3,1.000000,1788019189671784144,603.750103,563.761094,1167.511197,0.000000,,,0,1,,,,,0.730739,MEDIUM
ga,hfvrp_n010_m03_s04,10,3,1.000000,19345,526.269414,672.105161,1198.374575,0.000000,,,0,1,,,,,2.214417,BIG
ga,hfvrp_n010_m03_s04,10,3,1.000000,1788019135828566356,526.269414,672.105161,1198.374575,0.000000,,,0,1,,,,,0.041105,DEFAULT
ga,hfvrp_n010_m03_s04,10,3,1.000000,1788019140168616732,526.269414,672.105161,1198.374575,0.000000,,,0,1,,,,,0.004090,SMALL
ga,hfvrp_n015_m03_s01,15,3,1.000000,200,618.348969,2088.235372,2706.584341,0.000000,,,0,1,,,,,2.934057,BIG
ga,hfvrp_n015_m03_s01,15,3,1.000000,999,618.348969,2088.235372,2706.584341,0.000000,,,0,1,,,,,0.048145,DEFAULT
ga,hfvrp_n015_m03_s01,15,3,1.000000,999,637.165591,2258.702802,2895.868393,0.000000,,,0,1,,,,,0.009714,SMALL
ga,hfvrp_n010_m03_s04,10,3,1.000000,1788019127291585570,526.269414,672.105161,1198.374575,0.000000,,,0,1,,,,,0.730848,MEDIUM
ga,hfvrp_n010_m03_s05,10,3,1.000000,9999,643.466267,549.133405,1192.599672,0.000000,,,0,1,,,,,2.232832,BIG
ga,hfvrp_n010_m03_s05,10,3,1.000000,19345,631.929673,567.888596,1199.818269,0.000000,,,0,1,,,,,0.040985,DEFAULT
ga,hfvrp_n010_m03_s03,10,3,1.000000,1788019173225963562,603.750103,563.761094,1167.511197,0.000000,,,0,1,,,,,2.205010,BIG
ga,hfvrp_n010_m03_s05,10,3,1.000000,19345,557.981689,698.612357,1256.594046,0.000000,,,0,1,,,,,0.004248,SMALL
ga,hfvrp_n015_m03_s02,15,3,1.000000,50,692.492057,1425.759137,2118.251194,0.000000,,,0,1,,,,,2.971768,BIG
ga,hfvrp_n015_m03_s04,15,3,1.000000,1788018737401786416,677.762268,4688.636753,5366.399021,0.000000,,,0,1,,,,,0.049644,DEFAULT
ga,hfvrp_n015_m03_s04,15,3,1.000000,1788018707391493069,677.762268,4688.636753,5366.399021,0.000000,,,0,1,,,,,0.006698,SMALL
ga,hfvrp_n015_m03_s03,15,3,1.000000,1788019168234518433,633.419657,591.222722,1224.642379,0.000000,,,0,1,,,,,3.026555,BIG
ga,hfvrp_n015_m03_s02,15,3,1.000000,75,683.405139,1486.663512,2170.068651,0.000000,,,0,1,,,,,0.050131,DEFAULT
ga,hfvrp_n015_m03_s02,15,3,1.000000,75,774.012039,1638.363321,2412.375360,0.000000,,,0,1,,,,,0.005709,SMALL
ga,hfvrp_n015_m03_s03,15,3,1.000000,1,633.419657,591.222722,1224.642379,0.000000,,,0,1,,,,,0.054686,DEFAULT
ga,hfvrp_n015_m03_s03,15,3,1.000000,1,671.452329,591.222722,1262.675052,0.000000,,,0,1,,,,,0.009697,SMALL
ga,hfvrp_n015_m03_s01,15,3,1.000000,999,618.348969,2088.235372,2706.584341,0.000000,,,0,1,,,,,1.012246,MEDIUM
ga,hfvrp_n010_m03_s05,10,3,1.000000,19345,643.466267,549.133405,1192.599672,0.000000,,,0,1,,,,,0.754863,MEDIUM
ga,hfvrp_n015_m03_s04,15,3,1.000000,1788018711697006839,823.363855,4046.598340,4869.962195,0.000000,,,0,1,,,,,0.981841,MEDIUM
ga,hfvrp_n015_m03_s02,15,3,1.000000,75,692.492057,1425.759137,2118.251194,0.000000,,,0,1,,,,,0.986138,MEDIUM
ga,hfvrp_n015_m03_s03,15,3,1.000000,1,633.419657,591.222722,1224.642379,0.000000,,,0,1,,,,,1.006711,MEDIUM
ga,hfvrp_n010_m03_s04,10,3,1.000000,1788019093671121942,526.269414,672.105161,1198.374575,0.000000,,,0,1,,,,,2.211422,BIG
ga,hfvrp_n015_m03_s05,15,3,1.000000,1788018855415306868,794.643460,777.198699,1571.842159,0.000000,,,0,1,,,,,0.050550,DEFAULT
ga,hfvrp_n015_m03_s05,15,3,1.000000,1788018859764769319,814.051419,817.301898,1631.353317,0.000000,,,0,1,,,,,0.005691,SMALL
ga,hfvrp_n010_m03_s05,10,3,1.000000,19345,643.466267,549.133405,1192.599672,0.000000,,,0,1,,,,,2.232958,BIG
ga,hfvrp_n010_m03_s05,10,3,1.000000,1788018826275877909,552.442404,684.023532,1236.465936,0.000000,,,0,1,,,,,0.040436,DEFAULT
ga,hfvrp_n010_m03_s05,10,3,1.000000,1788018822029963380,557.981689,698.612357,1256.594046,0.000000,,,0,1,,,,,0.006881,SMALL
ga,hfvrp_n015_m03_s05,15,3,1.000000,1788018846889426381,793.902217,777.689037,1571.591254,0.000000,,,0,1,,,,,0.997627,MEDIUM
ga,hfvrp_n015_m03_s01,15,3,1.000000,999,618.348969,2088.235372,2706.584341,0.000000,,,0,1,,,,,2.949267,BIG
ga,hfvrp_n015_m03_s01,15,3,1.000000,1234,616.617157,2135.962623,2752.579780,0.000000,,,0,1,,,,,0.049435,DEFAULT
ga,hfvrp_n015_m03_s01,15,3,1.000000,1234,616.617157,2135.962623,2752.579780,0.000000,,,0,1,,,,,0.009627,SMALL
ga,hfvrp_n010_m03_s05,10,3,1.000000,1788018817745831980,643.466267,549.133405,1192.599672,0.000000,,,0,1,,,,,0.742340,MEDIUM
ga,hfvrp_n015_m03_s04,15,3,1.000000,1788018923140312054,823.363855,4046.598340,4869.962195,0.000000,,,0,1,,,,,2.930030,BIG
ga,hfvrp_n015_m03_s04,15,3,1.000000,1,823.363855,4046.598340,4869.962195,0.000000,,,0,1,,,,,0.049427,DEFAULT
ga,hfvrp_n015_m03_s04,15,3,1.000000,1,677.762268,4688.636753,5366.399021,0.000000,,,0,1,,,,,0.005603,SMALL
ga,hfvrp_n015_m03_s02,15,3,1.000000,75,692.492057,1425.759137,2118.251194,0.000000,,,0,1,,,,,2.995316,BIG
ga,hfvrp_n015_m03_s03,15,3,1.000000,1,633.419657,591.222722,1224.642379,0.000000,,,0,1,,,,,3.034261,BIG
ga,hfvrp_n015_m03_s02,15,3,1.000000,100,692.492057,1425.759137,2118.251194,0.000000,,,0,1,,,,,0.057325,DEFAULT
ga,hfvrp_n015_m03_s02,15,3,1.000000,100,752.252179,1534.585268,2286.837447,0.000000,,,0,1,,,,,0.007889,SMALL
ga,hfvrp_n015_m03_s03,15,3,1.000000,10,633.419657,591.222722,1224.642379,0.000000,,,0,1,,,,,0.054090,DEFAULT
ga,hfvrp_n015_m03_s03,15,3,1.000000,10,623.076761,699.677696,1322.754457,0.000000,,,0,1,,,,,0.009653,SMALL
ga,hfvrp_n015_m03_s01,15,3,1.000000,1234,618.348969,2088.235372,2706.584341,0.000000,,,0,1,,,,,0.998425,MEDIUM
ga,hfvrp_n015_m03_s04,15,3,1.000000,1,823.363855,4046.598340,4869.962195,0.000000,,,0,1,,,,,0.986606,MEDIUM
ga,hfvrp_n015_m03_s02,15,3,1.000000,100,692.492057,1425.759137,2118.251194,0.000000,,,0,1,,,,,1.000618,MEDIUM
ga,hfvrp_n015_m03_s03,15,3,1.000000,10,633.419657,591.222722,1224.642379,0.000000,,,0,1,,,,,1.004449,MEDIUM
ga,hfvrp_n010_m03_s05,10,3,1.000000,1788018504959608134,643.466267,549.133405,1192.599672,0.000000,,,0,1,,,,,2.250634,BIG
ga,hfvrp_n015_m03_s05,15,3,1.000000,1788018813535770006,781.517320,777.689037,1559.206358,0.000000,,,0,1,,,,,3.011996,BIG
ga,hfvrp_n020_m04_s01,20,4,1.000000,1788018614661000378,890.694979,1312.442187,2203.137166,0.000000,,,0,1,,,,,0.066916,DEFAULT
ga,hfvrp_n020_m04_s01,20,4,1.000000,1788018588962177206,890.694979,1312.442187,2203.137166,0.000000,,,0,1,,,,,0.007717,SMALL
ga,hfvrp_n015_m03_s05,15,3,1.000000,1,781.517320,777.689037,1559.206358,0.000000,,,0,1,,,,,0.050991,DEFAULT
ga,hfvrp_n015_m03_s05,15,3,1.000000,1,814.051419,817.301898,1631.353317,0.000000,,,0,1,,,,,0.007417,SMALL
ga,hfvrp_n015_m03_s05,15,3,1.000000,1,793.902217,777.689037,1571.591254,0.000000,,,0,1,,,,,0.993679,MEDIUM
ga,hfvrp_n020_m04_s01,20,4,1.000000,1788018584683496888,908.457636,1029.991694,1938.449330,0.000000,,,0,1,,,,,1.297710,MEDIUM
ga,hfvrp_n015_m03_s01,15,3,1.000000,1234,618.348969,2088.235372,2706.584341,0.000000,,,0,1,,,,,2.970016,BIG
ga,hfvrp_n015_m03_s01,15,3,1.000000,9999,618.348969,2088.235372,2706.584341,0.000000,,,0,1,,,,,0.048182,DEFAULT
ga,hfvrp_n015_m03_s01,15,3,1.000000,9999,616.617157,2135.962623,2752.579780,0.000000,,,0,1,,,,,0.005297,SMALL
ga,hfvrp_n015_m03_s04,15,3,1.000000,1,961.127104,3573.113725,4534.240829,0.000000,,,0,1,,,,,2.943114,BIG
ga,hfvrp_n015_m03_s04,15,3,1.000000,10,823.363855,4046.598340,4869.962195,0.000000,,,0,1,,,,,0.049090,DEFAULT
ga,hfvrp_n015_m03_s04,15,3,1.000000,10,677.762268,4688.636753,5366.399021,0.000000,,,0,1,,,,,0.005531,SMALL
ga,hfvrp_n015_m03_s02,15,3,1.000000,100,692.492057,1425.759137,2118.251194,0.000000,,,0,1,,,,,2.985648,BIG
ga,hfvrp_n015_m03_s02,15,3,1.000000,200,683.405139,1486.663512,2170.068651,0.000000,,,0,1,,,,,0.051740,DEFAULT
ga,hfvrp_n015_m03_s02,15,3,1.000000,200,712.559434,1486.663512,2199.222946,0.000000,,,0,1,,,,,0.005346,SMALL
ga,hfvrp_n015_m03_s03,15,3,1.000000,10,633.419657,591.222722,1224.642379,0.000000,,,0,1,,,,,3.031884,BIG
ga,hfvrp_n015_m03_s03,15,3,1.000000,50,633.419657,591.222722,1224.642379,0.000000,,,0,1,,,,,0.049284,DEFAULT
ga,hfvrp_n015_m03_s03,15,3,1.000000,50,633.419657,591.222722,1224.642379,0.000000,,,0,1,,,,,0.005491,SMALL
ga,hfvrp_n015_m03_s01,15,3,1.000000,9999,618.348969,2088.235372,2706.584341,0.000000,,,0,1,,,,,1.024084,MEDIUM
ga,hfvrp_n015_m03_s04,15,3,1.000000,10,823.363855,4046.598340,4869.962195,0.000000,,,0,1,,,,,0.978899,MEDIUM
ga,hfvrp_n015_m03_s02,15,3,1.000000,200,692.492057,1425.759137,2118.251194,0.000000,,,0,1,,,,,0.985293,MEDIUM
ga,hfvrp_n015_m03_s03,15,3,1.000000,50,633.419657,591.222722,1224.642379,0.000000,,,0,1,,,,,1.003274,MEDIUM
ga,hfvrp_n015_m03_s05,15,3,1.000000,1,793.902217,777.689037,1571.591254,0.000000,,,0,1,,,,,3.000692,BIG
ga,hfvrp_n015_m03_s05,15,3,1.000000,10,793.902217,777.689037,1571.591254,0.000000,,,0,1,,,,,0.051728,DEFAULT
ga,hfvrp_n015_m03_s05,15,3,1.000000,10,794.643460,777.198699,1571.842159,0.000000,,,0,1,,,,,0.009518,SMALL
ga,hfvrp_n015_m03_s05,15,3,1.000000,10,793.902217,777.689037,1571.591254,0.000000,,,0,1,,,,,0.994841,MEDIUM
ga,hfvrp_n020_m04_s01,20,4,1.000000,1788018482910298284,908.457636,1029.991694,1938.449330,0.000000,,,0,1,,,,,3.924811,BIG
ga,hfvrp_n020_m04_s01,20,4,1.000000,1,901.038328,1063.782909,1964.821237,0.000000,,,0,1,,,,,0.065702,DEFAULT
ga,hfvrp_n020_m04_s01,20,4,1.000000,1,988.724068,1063.782909,2052.506977,0.000000,,,0,1,,,,,0.007949,SMALL
ga,hfvrp_n015_m03_s01,15,3,1.000000,9999,618.348969,2088.235372,2706.584341,0.000000,,,0,1,,,,,2.946141,BIG
ga,hfvrp_n015_m03_s01,15,3,1.000000,19345,616.617157,2135.962623,2752.579780,0.000000,,,0,1,,,,,0.050162,DEFAULT
ga,hfvrp_n015_m03_s01,15,3,1.000000,19345,618.348969,2088.235372,2706.584341,0.000000,,,0,1,,,,,0.009174,SMALL
ga,hfvrp_n015_m03_s04,15,3,1.000000,10,823.363855,4046.598340,4869.962195,0.000000,,,0,1,,,,,2.941090,BIG
ga,hfvrp_n015_m03_s04,15,3,1.000000,50,823.363855,4046.598340,4869.962195,0.000000,,,0,1,,,,,0.051511,DEFAULT
ga,hfvrp_n015_m03_s04,15,3,1.000000,50,768.520893,4699.209642,5467.730535,0.000000,,,0,1,,,,,0.005215,SMALL
ga,hfvrp_n015_m03_s02,15,3,1.000000,200,692.492057,1425.759137,2118.251194,0.000000,,,0,1,,,,,2.984446,BIG
ga,hfvrp_n015_m03_s02,15,3,1.000000,999,683.405139,1486.663512,2170.068651,0.000000,,,0,1,,,,,0.052468,DEFAULT
ga,hfvrp_n015_m03_s02,15,3,1.000000,999,699.813200,1627.342843,2327.156043,0.000000,,,0,1,,,,,0.009212,SMALL
ga,hfvrp_n015_m03_s03,15,3,1.000000,50,633.419657,591.222722,1224.642379,0.000000,,,0,1,,,,,3.066535,BIG
ga,hfvrp_n015_m03_s03,15,3,1.000000,75,641.331575,590.461173,1231.792748,0.000000,,,0,1,,,,,0.053572,DEFAULT
ga,hfvrp_n015_m03_s03,15,3,1.000000,75,633.419657,591.222722,1224.642379,0.000000,,,0,1,,,,,0.009325,SMALL
ga,hfvrp_n015_m03_s01,15,3,1.000000,19345,618.348969,2088.235372,2706.584341,0.000000,,,0,1,,,,,0.994622,MEDIUM
ga,hfvrp_n020_m04_s01,20,4,1.000000,1,908.457636,1029.991694,1938.449330,0.000000,,,0,1,,,,,1.321984,MEDIUM
ga,hfvrp_n015_m03_s04,15,3,1.000000,50,823.363855,4046.598340,4869.962195,0.000000,,,0,1,,,,,0.986695,MEDIUM
ga,hfvrp_n015_m03_s02,15,3,1.000000,999,692.492057,1425.759137,2118.251194,0.000000,,,0,1,,,,,0.999146,MEDIUM
ga,hfvrp_n015_m03_s03,15,3,1.000000,75,633.419657,591.222722,1224.642379,0.000000,,,0,1,,,,,1.004998,MEDIUM
ga,hfvrp_n015_m03_s05,15,3,1.000000,10,781.517320,777.689037,1559.206358,0.000000,,,0,1,,,,,3.030319,BIG
ga,hfvrp_n015_m03_s05,15,3,1.000000,50,774.190493,832.866067,1607.056560,0.000000,,,0,1,,,,,0.051219,DEFAULT
ga,hfvrp_n015_m03_s05,15,3,1.000000,50,800.159679,817.301898,1617.461577,0.000000,,,0,1,,,,,0.008275,SMALL
ga,hfvrp_n015_m03_s05,15,3,1.000000,50,781.517320,777.689037,1559.206358,0.000000,,,0,1,,,,,0.995967,MEDIUM
ga,hfvrp_n015_m03_s01,15,3,1.000000,19345,618.348969,2088.235372,2706.584341,0.000000,,,0,1,,,,,2.940210,BIG
ga,hfvrp_n015_m03_s01,15,3,1.000000,1788018048751681190,618.348969,2088.235372,2706.584341,0.000000,,,0,1,,,,,0.053573,DEFAULT
ga,hfvrp_n015_m03_s01,15,3,1.000000,1788018070284083853,616.617157,2135.962623,2752.579780,0.000000,,,0,1,,,,,0.005574,SMALL
ga,hfvrp_n015_m03_s04,15,3,1.000000,50,823.363855,4046.598340,4869.962195,0.000000,,,0,1,,,,,2.913501,BIG
ga,hfvrp_n015_m03_s04,15,3,1.000000,75,823.363855,4046.598340,4869.962195,0.000000,,,0,1,,,,,0.052670,DEFAULT
ga,hfvrp_n015_m03_s04,15,3,1.000000,75,856.022009,4091.378617,4947.400625,0.000000,,,0,1,,,,,0.008418,SMALL
ga,hfvrp_n015_m03_s02,15,3,1.000000,999,692.492057,1425.759137,2118.251194,0.000000,,,0,1,,,,,2.957955,BIG
ga,hfvrp_n015_m03_s02,15,3,1.000000,1234,683.405139,1486.663512,2170.068651,0.000000,,,0,1,,,,,0.047948,DEFAULT
ga,hfvrp_n015_m03_s02,15,3,1.000000,1234,699.813200,1627.342843,2327.156043,0.000000,,,0,1,,,,,0.005542,SMALL
ga,hfvrp_n015_m03_s03,15,3,1.000000,75,633.419657,591.222722,1224.642379,0.000000,,,0,1,,,,,3.014382,BIG
ga,hfvrp_n015_m03_s03,15,3,1.000000,100,633.419657,591.222722,1224.642379,0.000000,,,0,1,,,,,0.052968,DEFAULT
ga,hfvrp_n015_m03_s03,15,3,1.000000,100,633.419657,591.222722,1224.642379,0.000000,,,0,1,,,,,0.005481,SMALL
ga,hfvrp_n020_m04_s01,20,4,1.000000,1,908.457636,1029.991694,1938.449330,0.000000,,,0,1,,,,,3.913289,BIG
ga,hfvrp_n015_m03_s01,15,3,1.000000,1788018074591579150,618.348969,2088.235372,2706.584341,0.000000,,,0,1,,,,,0.997518,MEDIUM
ga,hfvrp_n020_m04_s01,20,4,1.000000,10,901.038328,1063.782909,1964.821237,0.000000,,,0,1,,,,,0.068607,DEFAULT
ga,hfvrp_n020_m04_s01,20,4,1.000000,10,908.430710,1384.254457,2292.685167,0.000000,,,0,1,,,,,0.007346,SMALL
ga,hfvrp_n015_m03_s04,15,3,1.000000,75,823.363855,4046.598340,4869.962195,0.000000,,,0,1,,,,,0.990834,MEDIUM
ga,hfvrp_n015_m03_s02,15,3,1.000000,1234,692.492057,1425.759137,2118.251194,0.000000,,,0,1,,,,,0.990918,MEDIUM
ga,hfvrp_n015_m03_s03,15,3,1.000000,100,633.419657,591.222722,1224.642379,0.000000,,,0,1,,,,,1.008811,MEDIUM
ga,hfvrp_n020_m04_s01,20,4,1.000000,10,901.038328,1063.782909,1964.821237,0.000000,,,0,1,,,,,1.316864,MEDIUM
ga,hfvrp_n015_m03_s05,15,3,1.000000,50,781.517320,777.689037,1559.206358,0.000000,,,0,1,,,,,3.013120,BIG
ga,hfvrp_n015_m03_s05,15,3,1.000000,75,774.190493,832.866067,1607.056560,0.000000,,,0,1,,,,,0.053014,DEFAULT
ga,hfvrp_n015_m03_s05,15,3,1.000000,75,787.564215,817.792236,1605.356451,0.000000,,,0,1,,,,,0.009324,SMALL
ga,hfvrp_n015_m03_s05,15,3,1.000000,75,781.517320,777.689037,1559.206358,0.000000,,,0,1,,,,,0.985872,MEDIUM
ga,hfvrp_n015_m03_s01,15,3,1.000000,1788017899501240328,618.348969,2088.235372,2706.584341,0.000000,,,0,1,,,,,2.940221,BIG
ga,hfvrp_n020_m04_s02,20,4,1.000000,1788017765077930381,901.204695,1199.370628,2100.575323,0.000000,,,0,1,,,,,0.067539,DEFAULT
ga,hfvrp_n020_m04_s02,20,4,1.000000,1788017760856665337,916.479894,1451.078575,2367.558470,0.000000,,,0,1,,,,,0.009823,SMALL
ga,hfvrp_n015_m03_s04,15,3,1.000000,75,823.363855,4046.598340,4869.962195,0.000000,,,0,1,,,,,2.933966,BIG
ga,hfvrp_n015_m03_s04,15,3,1.000000,100,844.815755,3956.665046,4801.480801,0.000000,,,0,1,,,,,0.050112,DEFAULT
ga,hfvrp_n015_m03_s04,15,3,1.000000,100,854.171542,4046.598340,4900.769882,0.000000,,,0,1,,,,,0.005567,SMALL
ga,hfvrp_n015_m03_s02,15,3,1.000000,1234,692.492057,1425.759137,2118.251194,0.000000,,,0,1,,,,,2.976568,BIG
ga,hfvrp_n015_m03_s02,15,3,1.000000,9999,683.405139,1486.663512,2170.068651,0.000000,,,0,1,,,,,0.050260,DEFAULT
ga,hfvrp_n015_m03_s02,15,3,1.000000,9999,683.405139,1486.663512,2170.068651,0.000000,,,0,1,,,,,0.005443,SMALL
ga,hfvrp_n015_m03_s03,15,3,1.000000,100,633.419657,591.222722,1224.642379,0.000000,,,0,1,,,,,3.033083,BIG
ga,hfvrp_n015_m03_s03,15,3,1.000000,200,623.076761,699.677696,1322.754457,0.000000,,,0,1,,,,,0.051735,DEFAULT
ga,hfvrp_n015_m03_s03,15,3,1.000000,200,633.419657,591.222722,1224.642379,0.000000,,,0,1,,,,,0.005366,SMALL
ga,hfvrp_n020_m04_s02,20,4,1.000000,1788017756576513213,895.795335,1064.477083,1960.272418,0.000000,,,0,1,,,,,1.312762,MEDIUM
ga,hfvrp_n015_m03_s04,15,3,1.000000,100,961.127104,3573.113725,4534.240829,0.000000,,,0,1,,,,,0.984324,MEDIUM
ga,hfvrp_n015_m03_s02,15,3,1.000000,9999,692.492057,1425.759137,2118.251194,0.000000,,,0,1,,,,,0.987615,MEDIUM
ga,hfvrp_n015_m03_s03,15,3,1.000000,200,633.419657,591.222722,1224.642379,0.000000,,,0,1,,,,,1.004080,MEDIUM
ga,hfvrp_n020_m04_s01,20,4,1.000000,10,908.457636,1029.991694,1938.449330,0.000000,,,0,1,,,,,3.921041,BIG
ga,hfvrp_n020_m04_s01,20,4,1.000000,50,932.876862,1346.726635,2279.603497,0.000000,,,0,1,,,,,0.069012,DEFAULT
ga,hfvrp_n020_m04_s01,20,4,1.000000,50,914.132658,1438.761767,2352.894425,0.000000,,,0,1,,,,,0.007383,SMALL
ga,hfvrp_n015_m03_s05,15,3,1.000000,75,781.517320,777.689037,1559.206358,0.000000,,,0,1,,,,,3.000198,BIG
ga,hfvrp_n015_m03_s05,15,3,1.000000,100,774.190493,832.866067,1607.056560,0.000000,,,0,1,,,,,0.052070,DEFAULT
ga,hfvrp_n015_m03_s05,15,3,1.000000,100,774.190493,832.866067,1607.056560,0.000000,,,0,1,,,,,0.008491,SMALL
ga,hfvrp_n020_m04_s01,20,4,1.000000,50,908.457636,1029.991694,1938.449330,0.000000,,,0,1,,,,,1.301948,MEDIUM
ga,hfvrp_n015_m03_s05,15,3,1.000000,100,781.517320,777.689037,1559.206358,0.000000,,,0,1,,,,,0.984330,MEDIUM
ga,hfvrp_n015_m03_s04,15,3,1.000000,100,823.363855,4046.598340,4869.962195,0.000000,,,0,1,,,,,2.923765,BIG
ga,hfvrp_n015_m03_s04,15,3,1.000000,200,677.762268,4688.636753,5366.399021,0.000000,,,0,1,,,,,0.049959,DEFAULT
ga,hfvrp_n015_m03_s04,15,3,1.000000,200,677.762268,4688.636753,5366.399021,0.000000,,,0,1,,,,,0.005262,SMALL
ga,hfvrp_n015_m03_s02,15,3,1.000000,9999,692.492057,1425.759137,2118.251194,0.000000,,,0,1,,,,,2.965431,BIG
ga,hfvrp_n015_m03_s02,15,3,1.000000,19345,683.405139,1486.663512,2170.068651,0.000000,,,0,1,,,,,0.053422,DEFAULT
ga,hfvrp_n015_m03_s02,15,3,1.000000,19345,683.405139,1486.663512,2170.068651,0.000000,,,0,1,,,,,0.009747,SMALL
ga,hfvrp_n015_m03_s03,15,3,1.000000,200,633.419657,591.222722,1224.642379,0.000000,,,0,1,,,,,3.097474,BIG
ga,hfvrp_n020_m04_s02,20,4,1.000000,1788017594689448877,820.925251,1064.477083,1885.402334,0.000000,,,0,1,,,,,3.893085,BIG
ga,hfvrp_n015_m03_s03,15,3,1.000000,999,633.419657,591.222722,1224.642379,0.000000,,,0,1,,,,,0.053697,DEFAULT
ga,hfvrp_n015_m03_s03,15,3,1.000000,999,581.499246,658.085449,1239.584695,0.000000,,,0,1,,,,,0.009334,SMALL
ga,hfvrp_n020_m04_s02,20,4,1.000000,1,903.555176,1057.400800,1960.955976,0.000000,,,0,1,,,,,0.065133,DEFAULT
ga,hfvrp_n020_m04_s02,20,4,1.000000,1,805.482125,1187.948184,1993.430309,0.000000,,,0,1,,,,,0.007425,SMALL
ga,hfvrp_n015_m03_s04,15,3,1.000000,200,823.363855,4046.598340,4869.962195,0.000000,,,0,1,,,,,0.981419,MEDIUM
ga,hfvrp_n015_m03_s02,15,3,1.000000,19345,692.492057,1425.759137,2118.251194,0.000000,,,0,1,,,,,0.988992,MEDIUM
ga,hfvrp_n015_m03_s03,15,3,1.000000,999,633.419657,591.222722,1224.642379,0.000000,,,0,1,,,,,1.008990,MEDIUM
ga,hfvrp_n020_m04_s02,20,4,1.000000,1,939.156398,1055.588751,1994.745148,0.000000,,,0,1,,,,,1.293842,MEDIUM
ga,hfvrp_n015_m03_s05,15,3,1.000000,100,781.517320,777.689037,1559.206358,0.000000,,,0,1,,,,,3.029279,BIG
ga,hfvrp_n015_m03_s05,15,3,1.000000,200,793.902217,777.689037,1571.591254,0.000000,,,0,1,,,,,0.050938,DEFAULT
ga,hfvrp_n015_m03_s05,15,3,1.000000,200,774.190493,832.866067,1607.056560,0.000000,,,0,1,,,,,0.010773,SMALL
ga,hfvrp_n020_m04_s01,20,4,1.000000,50,772.036802,1109.574898,1881.611701,0.000000,,,0,1,,,,,3.915836,BIG
ga,hfvrp_n020_m04_s01,20,4,1.000000,75,901.038328,1063.782909,1964.821237,0.000000,,,0,1,,,,,0.068134,DEFAULT
ga,hfvrp_n020_m04_s01,20,4,1.000000,75,899.877968,1414.126137,2314.004105,0.000000,,,0,1,,,,,0.010702,SMALL
ga,hfvrp_n015_m03_s05,15,3,1.000000,200,781.517320,777.689037,1559.206358,0.000000,,,0,1,,,,,0.992584,MEDIUM
ga,hfvrp_n015_m03_s04,15,3,1.000000,200,961.127104,3573.113725,4534.240829,0.000000,,,0,1,,,,,2.943180,BIG
ga,hfvrp_n015_m03_s04,15,3,1.000000,999,823.363855,4046.598340,4869.962195,0.000000,,,0,1,,,,,0.047532,DEFAULT
ga,hfvrp_n015_m03_s04,15,3,1.000000,999,823.363855,4046.598340,4869.962195,0.000000,,,0,1,,,,,0.005378,SMALL
ga,hfvrp_n015_m03_s02,15,3,1.000000,19345,692.492057,1425.759137,2118.251194,0.000000,,,0,1,,,,,2.956536,BIG
ga,hfvrp_n015_m03_s02,15,3,1.000000,1788017387373763992,683.405139,1486.663512,2170.068651,0.000000,,,0,1,,,,,0.048986,DEFAULT
ga,hfvrp_n015_m03_s02,15,3,1.000000,1788017383135799553,683.405139,1486.663512,2170.068651,0.000000,,,0,1,,,,,0.008906,SMALL
ga,hfvrp_n020_m04_s01,20,4,1.000000,75,901.038328,1063.782909,1964.821237,0.000000,,,0,1,,,,,1.313390,MEDIUM
ga,hfvrp_n015_m03_s03,15,3,1.000000,999,633.419657,591.222722,1224.642379,0.000000,,,0,1,,,,,3.026071,BIG
ga,hfvrp_n015_m03_s04,15,3,1.000000,999,823.363855,4046.598340,4869.962195,0.000000,,,0,1,,,,,0.972663,MEDIUM
ga,hfvrp_n015_m03_s03,15,3,1.000000,1234,633.419657,591.222722,1224.642379,0.000000,,,0,1,,,,,0.054841,DEFAULT
ga,hfvrp_n015_m03_s03,15,3,1.000000,1234,633.419657,591.222722,1224.642379,0.000000,,,0,1,,,,,0.005781,SMALL
ga,hfvrp_n015_m03_s02,15,3,1.000000,1788017361673897141,692.492057,1425.759137,2118.251194,0.000000,,,0,1,,,,,0.986135,MEDIUM
ga,hfvrp_n015_m03_s03,15,3,1.000000,1234,633.419657,591.222722,1224.642379,0.000000,,,0,1,,,,,1.000500,MEDIUM
ga,hfvrp_n020_m04_s02,20,4,1.000000,1,903.555176,1057.400800,1960.955976,0.000000,,,0,1,,,,,3.931811,BIG
ga,hfvrp_n020_m04_s02,20,4,1.000000,10,896.702535,1188.716468,2085.419003,0.000000,,,0,1,,,,,0.063460,DEFAULT
ga,hfvrp_n020_m04_s02,20,4,1.000000,10,876.390514,1202.869032,2079.259546,0.000000,,,0,1,,,,,0.012903,SMALL
ga,hfvrp_n015_m03_s05,15,3,1.000000,200,781.517320,777.689037,1559.206358,0.000000,,,0,1,,,,,3.008417,BIG
ga,hfvrp_n015_m03_s05,15,3,1.000000,999,793.902217,777.689037,1571.591254,0.000000,,,0,1,,,,,0.052236,DEFAULT
ga,hfvrp_n015_m03_s05,15,3,1.000000,999,774.392005,834.161497,1608.553502,0.000000,,,0,1,,,,,0.009187,SMALL
ga,hfvrp_n015_m03_s05,15,3,1.000000,999,781.517320,777.689037,1559.206358,0.000000,,,0,1,,,,,0.994900,MEDIUM
ga,hfvrp_n020_m04_s02,20,4,1.000000,10,903.555176,1057.400800,1960.955976,0.000000,,,0,1,,,,,1.322004,MEDIUM
ga,hfvrp_n015_m03_s04,15,3,1.000000,999,823.363855,4046.598340,4869.962195,0.000000,,,0,1,,,,,2.922693,BIG
ga,hfvrp_n015_m03_s04,15,3,1.000000,1234,677.762268,4688.636753,5366.399021,0.000000,,,0,1,,,,,0.048503,DEFAULT
ga,hfvrp_n015_m03_s04,15,3,1.000000,1234,677.762268,4688.636753,5366.399021,0.000000,,,0,1,,,,,0.010287,SMALL
ga,hfvrp_n015_m03_s02,15,3,1.000000,1788017405630901375,692.492057,1425.759137,2118.251194,0.000000,,,0,1,,,,,2.963882,BIG
ga,hfvrp_n020_m04_s03,20,4,1.000000,1788017022121106069,891.960265,2260.119361,3152.079626,0.000000,,,0,1,,,,,0.063022,DEFAULT
ga,hfvrp_n020_m04_s03,20,4,1.000000,1788017026487821622,1052.006708,2218.624295,3270.631003,0.000000,,,0,1,,,,,0.011295,SMALL
ga,hfvrp_n020_m04_s01,20,4,1.000000,75,901.038328,1063.782909,1964.821237,0.000000,,,0,1,,,,,3.967297,BIG
ga,hfvrp_n020_m04_s01,20,4,1.000000,100,901.038328,1063.782909,1964.821237,0.000000,,,0,1,,,,,0.064122,DEFAULT
ga,hfvrp_n020_m04_s01,20,4,1.000000,100,901.038328,1063.782909,1964.821237,0.000000,,,0,1,,,,,0.007562,SMALL
ga,hfvrp_n015_m03_s04,15,3,1.000000,1234,823.363855,4046.598340,4869.962195,0.000000,,,0,1,,,,,0.981632,MEDIUM
ga,hfvrp_n015_m03_s03,15,3,1.000000,1234,633.419657,591.222722,1224.642379,0.000000,,,0,1,,,,,3.033275,BIG
ga,hfvrp_n015_m03_s03,15,3,1.000000,9999,633.419657,591.222722,1224.642379,0.000000,,,0,1,,,,,0.048479,DEFAULT
ga,hfvrp_n015_m03_s03,15,3,1.000000,9999,633.419657,591.222722,1224.642379,0.000000,,,0,1,,,,,0.005370,SMALL
ga,hfvrp_n020_m04_s03,20,4,1.000000,1788017013620417388,812.633004,1847.720468,2660.353472,0.000000,,,0,1,,,,,1.307696,MEDIUM
ga,hfvrp_n020_m04_s01,20,4,1.000000,100,908.457636,1029.991694,1938.449330,0.000000,,,0,1,,,,,1.286364,MEDIUM
ga,hfvrp_n015_m03_s03,15,3,1.000000,9999,633.419657,591.222722,1224.642379,0.000000,,,0,1,,,,,1.001486,MEDIUM
ga,hfvrp_n015_m03_s05,15,3,1.000000,999,781.517320,777.689037,1559.206358,0.000000,,,0,1,,,,,3.029897,BIG
ga,hfvrp_n015_m03_s05,15,3,1.000000,1234,794.643460,777.198699,1571.842159,0.000000,,,0,1,,,,,0.049928,DEFAULT
ga,hfvrp_n015_m03_s05,15,3,1.000000,1234,831.308274,817.301898,1648.610172,0.000000,,,0,1,,,,,0.005463,SMALL
ga,hfvrp_n020_m04_s02,20,4,1.000000,10,903.555176,1057.400800,1960.955976,0.000000,,,0,1,,,,,3.925580,BIG
ga,hfvrp_n020_m04_s02,20,4,1.000000,50,876.083481,1209.972791,2086.056271,0.000000,,,0,1,,,,,0.069313,DEFAULT
ga,hfvrp_n020_m04_s02,20,4,1.000000,50,993.098231,1538.171406,2531.269637,0.000000,,,0,1,,,,,0.012002,SMALL
ga,hfvrp_n015_m03_s05,15,3,1.000000,1234,793.902217,777.689037,1571.591254,0.000000,,,0,1,,,,,1.001893,MEDIUM
ga,hfvrp_n015_m03_s04,15,3,1.000000,1234,823.363855,4046.598340,4869.962195,0.000000,,,0,1,,,,,2.916194,BIG
ga,hfvrp_n015_m03_s04,15,3,1.000000,9999,823.363855,4046.598340,4869.962195,0.000000,,,0,1,,,,,0.051843,DEFAULT
ga,hfvrp_n015_m03_s04,15,3,1.000000,9999,823.363855,4046.598340,4869.962195,0.000000,,,0,1,,,,,0.009300,SMALL
ga,hfvrp_n015_m03_s04,15,3,1.000000,9999,823.363855,4046.598340,4869.962195,0.000000,,,0,1,,,,,0.970943,MEDIUM
ga,hfvrp_n020_m04_s02,20,4,1.000000,50,940.806961,1055.588751,1996.395711,0.000000,,,0,1,,,,,1.298171,MEDIUM
ga,hfvrp_n015_m03_s03,15,3,1.000000,9999,633.419657,591.222722,1224.642379,0.000000,,,0,1,,,,,3.032359,BIG
ga,hfvrp_n015_m03_s03,15,3,1.000000,19345,633.419657,591.222722,1224.642379,0.000000,,,0,1,,,,,0.049579,DEFAULT
ga,hfvrp_n015_m03_s03,15,3,1.000000,19345,633.419657,591.222722,1224.642379,0.000000,,,0,1,,,,,0.010696,SMALL
ga,hfvrp_n020_m04_s03,20,4,1.000000,1788017083656527909,812.633004,1847.720468,2660.353472,0.000000,,,0,1,,,,,3.950221,BIG
ga,hfvrp_n020_m04_s03,20,4,1.000000,1,812.633004,1847.720468,2660.353472,0.000000,,,0,1,,,,,0.063741,DEFAULT
ga,hfvrp_n020_m04_s03,20,4,1.000000,1,1007.994359,2434.312307,3442.306666,0.000000,,,0,1,,,,,0.007412,SMALL
ga,hfvrp_n020_m04_s01,20,4,1.000000,100,908.457636,1029.991694,1938.449330,0.000000,,,0,1,,,,,3.913986,BIG
ga,hfvrp_n020_m04_s01,20,4,1.000000,200,901.038328,1063.782909,1964.821237,0.000000,,,0,1,,,,,0.068628,DEFAULT
ga,hfvrp_n020_m04_s01,20,4,1.000000,200,907.760036,1417.244823,2325.004859,0.000000,,,0,1,,,,,0.007137,SMALL
ga,hfvrp_n015_m03_s03,15,3,1.000000,19345,633.419657,591.222722,1224.642379,0.000000,,,0,1,,,,,1.019179,MEDIUM
ga,hfvrp_n015_m03_s05,15,3,1.000000,1234,781.517320,777.689037,1559.206358,0.000000,,,0,1,,,,,3.002158,BIG
ga,hfvrp_n015_m03_s05,15,3,1.000000,9999,774.190493,832.866067,1607.056560,0.000000,,,0,1,,,,,0.047638,DEFAULT
ga,hfvrp_n015_m03_s05,15,3,1.000000,9999,774.190493,832.866067,1607.056560,0.000000,,,0,1,,,,,0.008075,SMALL
ga,hfvrp_n020_m04_s03,20,4,1.000000,1,866.881237,2065.584207,2932.465444,0.000000,,,0,1,,,,,1.305764,MEDIUM
ga,hfvrp_n020_m04_s01,20,4,1.000000,200,901.038328,1063.782909,1964.821237,0.000000,,,0,1,,,,,1.331789,MEDIUM
ga,hfvrp_n015_m03_s05,15,3,1.000000,9999,793.902217,777.689037,1571.591254,0.000000,,,0,1,,,,,1.014871,MEDIUM
ga,hfvrp_n015_m03_s04,15,3,1.000000,9999,961.127104,3573.113725,4534.240829,0.000000,,,0,1,,,,,2.955553,BIG
ga,hfvrp_n015_m03_s04,15,3,1.000000,19345,823.363855,4046.598340,4869.962195,0.000000,,,0,1,,,,,0.052343,DEFAULT
ga,hfvrp_n015_m03_s04,15,3,1.000000,19345,762.822177,4242.376270,5005.198447,0.000000,,,0,1,,,,,0.009100,SMALL
ga,hfvrp_n020_m04_s02,20,4,1.000000,50,824.239310,1057.400800,1881.640110,0.000000,,,0,1,,,,,3.948010,BIG
ga,hfvrp_n015_m03_s04,15,3,1.000000,19345,823.363855,4046.598340,4869.962195,0.000000,,,0,1,,,,,0.979019,MEDIUM
ga,hfvrp_n020_m04_s02,20,4,1.000000,75,934.503523,1352.989191,2287.492714,0.000000,,,0,1,,,,,0.066954,DEFAULT
ga,hfvrp_n020_m04_s02,20,4,1.000000,75,858.912711,1398.200153,2257.112864,0.000000,,,0,1,,,,,0.012428,SMALL
ga,hfvrp_n015_m03_s03,15,3,1.000000,19345,633.419657,591.222722,1224.642379,0.000000,,,0,1,,,,,3.032769,BIG
ga,hfvrp_n015_m03_s03,15,3,1.000000,1788016653046487940,633.419657,591.222722,1224.642379,0.000000,,,0,1,,,,,0.054014,DEFAULT
ga,hfvrp_n015_m03_s03,15,3,1.000000,1788016657403305057,633.419657,591.222722,1224.642379,0.000000,,,0,1,,,,,0.010522,SMALL
ga,hfvrp_n020_m04_s02,20,4,1.000000,75,903.555176,1057.400800,1960.955976,0.000000,,,0,1,,,,,1.296946,MEDIUM
ga,hfvrp_n015_m03_s03,15,3,1.000000,1788016661713064064,633.419657,591.222722,1224.642379,0.000000,,,0,1,,,,,1.006223,MEDIUM
ga,hfvrp_n015_m03_s05,15,3,1.000000,9999,781.517320,777.689037,1559.206358,0.000000,,,0,1,,,,,3.005280,BIG
ga,hfvrp_n015_m03_s05,15,3,1.000000,19345,774.190493,832.866067,1607.056560,0.000000,,,0,1,,,,,0.048589,DEFAULT
ga,hfvrp_n015_m03_s05,15,3,1.000000,19345,693.223644,1001.178660,1694.402304,0.000000,,,0,1,,,,,0.008264,SMALL
ga,hfvrp_n020_m04_s01,20,4,1.000000,200,908.457636,1029.991694,1938.449330,0.000000,,,0,1,,,,,4.027230,BIG
ga,hfvrp_n020_m04_s01,20,4,1.000000,999,901.038328,1063.782909,1964.821237,0.000000,,,0,1,,,,,0.067818,DEFAULT
ga,hfvrp_n020_m04_s01,20,4,1.000000,999,1004.632738,1391.466562,2396.099300,0.000000,,,0,1,,,,,0.008763,SMALL
ga,hfvrp_n015_m03_s05,15,3,1.000000,19345,794.643460,777.198699,1571.842159,0.000000,,,0,1,,,,,0.990389,MEDIUM
ga,hfvrp_n015_m03_s04,15,3,1.000000,19345,823.363855,4046.598340,4869.962195,0.000000,,,0,1,,,,,2.923887,BIG
ga,hfvrp_n020_m04_s03,20,4,1.000000,1,857.182655,1815.865601,2673.048256,0.000000,,,0,1,,,,,4.790819,BIG
ga,hfvrp_n015_m03_s04,15,3,1.000000,1788016690084976035,823.363855,4046.598340,4869.962195,0.000000,,,0,1,,,,,0.053332,DEFAULT
ga,hfvrp_n015_m03_s04,15,3,1.000000,1788016505462460329,856.022009,4091.378617,4947.400625,0.000000,,,0,1,,,,,0.010461,SMALL
ga,hfvrp_n020_m04_s03,20,4,1.000000,10,812.633004,1847.720468,2660.353472,0.000000,,,0,1,,,,,0.063994,DEFAULT
ga,hfvrp_n020_m04_s03,20,4,1.000000,10,967.827169,2779.906872,3747.734041,0.000000,,,0,1,,,,,0.011960,SMALL
ga,hfvrp_n020_m04_s01,20,4,1.000000,999,901.038328,1063.782909,1964.821237,0.000000,,,0,1,,,,,1.318192,MEDIUM
ga,hfvrp_n015_m03_s04,15,3,1.000000,1788016509771863440,823.363855,4046.598340,4869.962195,0.000000,,,0,1,,,,,0.976335,MEDIUM
ga,hfvrp_n015_m03_s03,15,3,1.000000,1788016602594660322,633.419657,591.222722,1224.642379,0.000000,,,0,1,,,,,3.019479,BIG
ga,hfvrp_n020_m04_s03,20,4,1.000000,10,812.633004,1847.720468,2660.353472,0.000000,,,0,1,,,,,1.306628,MEDIUM
ga,hfvrp_n020_m04_s04,20,4,1.000000,1788016597119472088,922.086211,1886.474158,2808.560368,0.000000,,,0,1,,,,,0.068429,DEFAULT
ga,hfvrp_n020_m04_s04,20,4,1.000000,1788016592899032265,1029.759010,2185.560280,3215.319290,0.000000,,,0,1,,,,,0.010169,SMALL
ga,hfvrp_n020_m04_s02,20,4,1.000000,75,903.555176,1057.400800,1960.955976,0.000000,,,0,1,,,,,3.941582,BIG
ga,hfvrp_n020_m04_s02,20,4,1.000000,100,897.723471,1199.828942,2097.552413,0.000000,,,0,1,,,,,0.069099,DEFAULT
ga,hfvrp_n020_m04_s02,20,4,1.000000,100,904.124164,1202.869032,2106.993196,0.000000,,,0,1,,,,,0.007724,SMALL
ga,hfvrp_n015_m03_s05,15,3,1.000000,19345,781.517320,777.689037,1559.206358,0.000000,,,0,1,,,,,3.008464,BIG
ga,hfvrp_n020_m04_s04,20,4,1.000000,1788016537079591613,923.632671,1895.374845,2819.007516,0.000000,,,0,1,,,,,1.327918,MEDIUM
ga,hfvrp_n015_m03_s05,15,3,1.000000,1788016383773130873,774.190493,832.866067,1607.056560,0.000000,,,0,1,,,,,0.050559,DEFAULT
ga,hfvrp_n015_m03_s05,15,3,1.000000,1788016392421769810,774.190493,832.866067,1607.056560,0.000000,,,0,1,,,,,0.009139,SMALL
ga,hfvrp_n020_m04_s02,20,4,1.000000,100,956.851003,1034.545686,1991.396689,0.000000,,,0,1,,,,,1.299163,MEDIUM
ga,hfvrp_n015_m03_s04,15,3,1.000000,1788016523636349048,823.363855,4046.598340,4869.962195,0.000000,,,0,1,,,,,2.926868,BIG
ga,hfvrp_n015_m03_s05,15,3,1.000000,1788016388139441968,808.004525,777.198699,1585.203224,0.000000,,,0,1,,,,,0.991393,MEDIUM
ga,hfvrp_n020_m04_s05,20,4,1.000000,1788016457955945562,812.752865,1940.120725,2752.873591,0.000000,,,0,1,,,,,0.064166,DEFAULT
ga,hfvrp_n020_m04_s05,20,4,1.000000,1788016402189447570,910.423761,2563.699145,3474.122906,0.000000,,,0,1,,,,,0.007211,SMALL
ga,hfvrp_n020_m04_s01,20,4,1.000000,999,908.457636,1029.991694,1938.449330,0.000000,,,0,1,,,,,3.915189,BIG
ga,hfvrp_n020_m04_s01,20,4,1.000000,1234,901.038328,1063.782909,1964.821237,0.000000,,,0,1,,,,,0.069045,DEFAULT
ga,hfvrp_n020_m04_s01,20,4,1.000000,1234,914.132658,1438.761767,2352.894425,0.000000,,,0,1,,,,,0.007106,SMALL
ga,hfvrp_n020_m04_s03,20,4,1.000000,10,857.182655,1815.865601,2673.048256,0.000000,,,0,1,,,,,3.932139,BIG
ga,hfvrp_n020_m04_s05,20,4,1.000000,1788016397905492181,801.921463,1829.096403,2631.017866,0.000000,,,0,1,,,,,1.295017,MEDIUM
ga,hfvrp_n020_m04_s03,20,4,1.000000,50,951.494936,2531.887955,3483.382891,0.000000,,,0,1,,,,,0.065972,DEFAULT
ga,hfvrp_n020_m04_s03,20,4,1.000000,50,846.631094,2189.342870,3035.973965,0.000000,,,0,1,,,,,0.012696,SMALL
ga,hfvrp_n020_m04_s01,20,4,1.000000,1234,765.752851,1083.212734,1848.965585,0.000000,,,0,1,,,,,1.302529,MEDIUM
ga,hfvrp_n020_m04_s04,20,4,1.000000,1788016379497874926,988.343529,1923.560331,2911.903860,0.000000,,,0,1,,,,,3.895946,BIG
ga,hfvrp_n020_m04_s03,20,4,1.000000,50,812.633004,1847.720468,2660.353472,0.000000,,,0,1,,,,,1.311648,MEDIUM
ga,hfvrp_n020_m04_s04,20,4,1.000000,1,986.656059,2221.406239,3208.062298,0.000000,,,0,1,,,,,0.063497,DEFAULT
ga,hfvrp_n015_m03_s05,15,3,1.000000,1788016341889762789,781.517320,777.689037,1559.206358,0.000000,,,0,1,,,,,2.992284,BIG
ga,hfvrp_n020_m04_s04,20,4,1.000000,1,1069.843578,2104.788061,3174.631638,0.000000,,,0,1,,,,,0.012783,SMALL
ga,hfvrp_n030_m06_s01,30,6,1.000000,1788016280590949928,1634.065553,2934.772943,4568.838496,0.000000,,,0,1,,,,,0.097724,DEFAULT
ga,hfvrp_n030_m06_s01,30,6,1.000000,1788016096013688136,2115.817818,2714.928893,4830.746710,0.000000,,,0,1,,,,,0.015904,SMALL
ga,hfvrp_n020_m04_s02,20,4,1.000000,100,903.555176,1057.400800,1960.955976,0.000000,,,0,1,,,,,3.933520,BIG
ga,hfvrp_n020_m04_s02,20,4,1.000000,200,940.049819,1055.588751,1995.638569,0.000000,,,0,1,,,,,0.067323,DEFAULT
ga,hfvrp_n020_m04_s02,20,4,1.000000,200,905.582856,1318.127646,2223.710502,0.000000,,,0,1,,,,,0.011832,SMALL
ga,hfvrp_n020_m04_s04,20,4,1.000000,1,943.592764,1835.942964,2779.535728,0.000000,,,0,1,,,,,1.300784,MEDIUM
ga,hfvrp_n020_m04_s02,20,4,1.000000,200,903.555176,1057.400800,1960.955976,0.000000,,,0,1,,,,,1.302669,MEDIUM
ga,hfvrp_n030_m06_s01,30,6,1.000000,1788016100330340264,1653.962806,2401.044093,4055.006900,0.000000,,,0,1,,,,,2.036311,MEDIUM
ga,hfvrp_n020_m04_s05,20,4,1.000000,1788016240294908260,801.921463,1829.096403,2631.017866,0.000000,,,0,1,,,,,4.022758,BIG
ga,hfvrp_n020_m04_s05,20,4,1.000000,1,815.215904,2020.152775,2835.368679,0.000000,,,0,1,,,,,0.070050,DEFAULT
ga,hfvrp_n020_m04_s05,20,4,1.000000,1,880.445349,2033.254902,2913.700252,0.000000,,,0,1,,,,,0.007742,SMALL
ga,hfvrp_n020_m04_s01,20,4,1.000000,1234,765.752851,1083.212734,1848.965585,0.000000,,,0,1,,,,,3.936562,BIG
ga,hfvrp_n020_m04_s01,20,4,1.000000,9999,901.038328,1063.782909,1964.821237,0.000000,,,0,1,,,,,0.067331,DEFAULT
ga,hfvrp_n020_m04_s01,20,4,1.000000,9999,972.802941,1113.981765,2086.784705,0.000000,,,0,1,,,,,0.007426,SMALL
ga,hfvrp_n020_m04_s03,20,4,1.000000,50,812.633004,1847.720468,2660.353472,0.000000,,,0,1,,,,,3.968510,BIG
ga,hfvrp_n020_m04_s03,20,4,1.000000,75,945.280785,2531.887955,3477.168740,0.000000,,,0,1,,,,,0.063111,DEFAULT
ga,hfvrp_n020_m04_s03,20,4,1.000000,75,912.401547,2867.602765,3780.004312,0.000000,,,0,1,,,,,0.011370,SMALL
ga,hfvrp_n020_m04_s05,20,4,1.000000,1,801.921463,1829.096403,2631.017866,0.000000,,,0,1,,,,,1.308012,MEDIUM
ga,hfvrp_n020_m04_s01,20,4,1.000000,9999,908.457636,1029.991694,1938.449330,0.000000,,,0,1,,,,,1.298778,MEDIUM
ga,hfvrp_n020_m04_s04,20,4,1.000000,1,937.856539,1702.666354,2640.522894,0.000000,,,0,1,,,,,3.928506,BIG
ga,hfvrp_n020_m04_s03,20,4,1.000000,75,862.941335,1815.865601,2678.806936,0.000000,,,0,1,,,,,1.287118,MEDIUM
ga,hfvrp_n020_m04_s04,20,4,1.000000,10,994.451331,1998.734175,2993.185506,0.000000,,,0,1,,,,,0.068365,DEFAULT
ga,hfvrp_n020_m04_s04,20,4,1.000000,10,1094.459787,2144.584470,3239.044257,0.000000,,,0,1,,,,,0.007578,SMALL
ga,hfvrp_n020_m04_s02,20,4,1.000000,200,903.555176,1057.400800,1960.955976,0.000000,,,0,1,,,,,3.943895,BIG
ga,hfvrp_n020_m04_s02,20,4,1.000000,999,901.204695,1199.370628,2100.575323,0.000000,,,0,1,,,,,0.068260,DEFAULT
ga,hfvrp_n020_m04_s02,20,4,1.000000,999,950.570245,1485.508730,2436.078975,0.000000,,,0,1,,,,,0.011921,SMALL
ga,hfvrp_n020_m04_s04,20,4,1.000000,10,915.116981,1702.666354,2617.783336,0.000000,,,0,1,,,,,1.301901,MEDIUM
ga,hfvrp_n020_m04_s02,20,4,1.000000,999,903.555176,1057.400800,1960.955976,0.000000,,,0,1,,,,,1.296560,MEDIUM
ga,hfvrp_n020_m04_s05,20,4,1.000000,1,801.921463,1829.096403,2631.017866,0.000000,,,0,1,,,,,3.896077,BIG
ga,hfvrp_n020_m04_s05,20,4,1.000000,10,812.752865,1940.120725,2752.873591,0.000000,,,0,1,,,,,0.065936,DEFAULT
ga,hfvrp_n020_m04_s05,20,4,1.000000,10,839.073913,1932.280842,2771.354755,0.000000,,,0,1,,,,,0.009262,SMALL
ga,hfvrp_n030_m06_s01,30,6,1.000000,1788016059425655962,1635.454122,2401.723131,4037.177254,0.000000,,,0,1,,,,,6.084008,BIG
ga,hfvrp_n020_m04_s01,20,4,1.000000,9999,765.752851,1083.212734,1848.965585,0.000000,,,0,1,,,,,3.917270,BIG
ga,hfvrp_n030_m06_s01,30,6,1.000000,1,1719.600351,2469.267842,4188.868193,0.000000,,,0,1,,,,,0.105347,DEFAULT
ga,hfvrp_n030_m06_s01,30,6,1.000000,1,1996.409938,2434.510502,4430.920440,0.000000,,,0,1,,,,,0.016066,SMALL
ga,hfvrp_n020_m04_s01,20,4,1.000000,19345,901.038328,1063.782909,1964.821237,0.000000,,,0,1,,,,,0.069932,DEFAULT
ga,hfvrp_n020_m04_s01,20,4,1.000000,19345,1075.050577,1349.143321,2424.193898,0.000000,,,0,1,,,,,0.007916,SMALL
ga,hfvrp_n020_m04_s03,20,4,1.000000,75,812.633004,1847.720468,2660.353472,0.000000,,,0,1,,,,,3.968202,BIG
ga,hfvrp_n020_m04_s03,20,4,1.000000,100,812.633004,1847.720468,2660.353472,0.000000,,,0,1,,,,,0.063504,DEFAULT
ga,hfvrp_n020_m04_s03,20,4,1.000000,100,832.261939,1969.278422,2801.540361,0.000000,,,0,1,,,,,0.007353,SMALL
ga,hfvrp_n020_m04_s05,20,4,1.000000,10,801.921463,1829.096403,2631.017866,0.000000,,,0,1,,,,,1.301575,MEDIUM
ga,hfvrp_n020_m04_s01,20,4,1.000000,19345,908.457636,1029.991694,1938.449330,0.000000,,,0,1,,,,,1.293542,MEDIUM
ga,hfvrp_n020_m04_s04,20,4,1.000000,10,937.856539,1702.666354,2640.522894,0.000000,,,0,1,,,,,3.918930,BIG
ga,hfvrp_n030_m06_s01,30,6,1.000000,1,1644.232404,2412.464222,4056.696626,0.000000,,,0,1,,,,,1.993339,MEDIUM
ga,hfvrp_n020_m04_s03,20,4,1.000000,100,812.633004,1847.720468,2660.353472,0.000000,,,0,1,,,,,1.312302,MEDIUM
ga,hfvrp_n020_m04_s04,20,4,1.000000,50,923.675633,1886.474158,2810.149791,0.000000,,,0,1,,,,,0.066120,DEFAULT
ga,hfvrp_n020_m04_s04,20,4,1.000000,50,940.045001,2316.146579,3256.191580,0.000000,,,0,1,,,,,0.012269,SMALL
ga,hfvrp_n020_m04_s02,20,4,1.000000,999,895.013738,1043.434018,1938.447756,0.000000,,,0,1,,,,,3.924060,BIG
ga,hfvrp_n020_m04_s02,20,4,1.000000,1234,820.925251,1064.477083,1885.402334,0.000000,,,0,1,,,,,0.068081,DEFAULT
ga,hfvrp_n020_m04_s02,20,4,1.000000,1234,975.969049,1093.222729,2069.191778,0.000000,,,0,1,,,,,0.012891,SMALL
ga,hfvrp_n020_m04_s04,20,4,1.000000,50,1004.619353,1923.560331,2928.179684,0.000000,,,0,1,,,,,1.268895,MEDIUM
ga,hfvrp_n020_m04_s02,20,4,1.000000,1234,903.555176,1057.400800,1960.955976,0.000000,,,0,1,,,,,1.298768,MEDIUM
ga,hfvrp_n020_m04_s05,20,4,1.000000,10,801.921463,1829.096403,2631.017866,0.000000,,,0,1,,,,,3.895595,BIG
ga,hfvrp_n020_m04_s05,20,4,1.000000,50,770.782865,2172.484091,2943.266956,0.000000,,,0,1,,,,,0.070101,DEFAULT
ga,hfvrp_n020_m04_s05,20,4,1.000000,50,816.559350,2338.526860,3155.086209,0.000000,,,0,1,,,,,0.007236,SMALL
ga,hfvrp_n020_m04_s01,20,4,1.000000,19345,870.140140,1028.958818,1899.098958,0.000000,,,0,1,,,,,3.959059,BIG
ga,hfvrp_n020_m04_s01,20,4,1.000000,1788015650277640259,930.639990,1336.454065,2267.094055,0.000000,,,0,1,,,,,0.068513,DEFAULT
ga,hfvrp_n020_m04_s01,20,4,1.000000,1788015766314269226,911.287229,1036.984620,1948.271848,0.000000,,,0,1,,,,,0.007192,SMALL
ga,hfvrp_n020_m04_s03,20,4,1.000000,100,812.633004,1847.720468,2660.353472,0.000000,,,0,1,,,,,3.957533,BIG
ga,hfvrp_n020_m04_s05,20,4,1.000000,50,801.921463,1829.096403,2631.017866,0.000000,,,0,1,,,,,1.302776,MEDIUM
ga,hfvrp_n020_m04_s03,20,4,1.000000,200,844.464737,1902.932572,2747.397309,0.000000,,,0,1,,,,,0.069373,DEFAULT
ga,hfvrp_n020_m04_s03,20,4,1.000000,200,846.631094,2189.342870,3035.973965,0.000000,,,0,1,,,,,0.010291,SMALL
ga,hfvrp_n020_m04_s01,20,4,1.000000,1788015762030342049,908.457636,1029.991694,1938.449330,0.000000,,,0,1,,,,,1.306448,MEDIUM
ga,hfvrp_n020_m04_s04,20,4,1.000000,50,988.343529,1923.560331,2911.903860,0.000000,,,0,1,,,,,3.897841,BIG
ga,hfvrp_n020_m04_s04,20,4,1.000000,75,947.371522,2087.533754,3034.905276,0.000000,,,0,1,,,,,0.066398,DEFAULT
ga,hfvrp_n020_m04_s03,20,4,1.000000,200,828.361605,1846.669573,2675.031178,0.000000,,,0,1,,,,,1.306463,MEDIUM
ga,hfvrp_n020_m04_s04,20,4,1.000000,75,968.648692,2080.009170,3048.657862,0.000000,,,0,1,,,,,0.011316,SMALL
ga,hfvrp_n030_m06_s01,30,6,1.000000,1,1635.454122,2401.723131,4037.177254,0.000000,,,0,1,,,,,6.084519,BIG
ga,hfvrp_n020_m04_s02,20,4,1.000000,1234,903.555176,1057.400800,1960.955976,0.000000,,,0,1,,,,,3.924941,BIG
ga,hfvrp_n020_m04_s02,20,4,1.000000,9999,899.494285,1202.994728,2102.489012,0.000000,,,0,1,,,,,0.069680,DEFAULT
ga,hfvrp_n020_m04_s02,20,4,1.000000,9999,926.371226,1201.398288,2127.769514,0.000000,,,0,1,,,,,0.007342,SMALL
ga,hfvrp_n030_m06_s01,30,6,1.000000,10,1758.966977,3195.059083,4954.026060,0.000000,,,0,1,,,,,0.103047,DEFAULT
ga,hfvrp_n030_m06_s01,30,6,1.000000,10,1964.518576,3249.695044,5214.213621,0.000000,,,0,1,,,,,0.017592,SMALL
ga,hfvrp_n020_m04_s04,20,4,1.000000,75,880.092193,1866.543162,2746.635355,0.000000,,,0,1,,,,,1.310752,MEDIUM
ga,hfvrp_n020_m04_s02,20,4,1.000000,9999,903.555176,1057.400800,1960.955976,0.000000,,,0,1,,,,,1.304545,MEDIUM
ga,hfvrp_n020_m04_s05,20,4,1.000000,50,801.921463,1829.096403,2631.017866,0.000000,,,0,1,,,,,3.915405,BIG
ga,hfvrp_n020_m04_s05,20,4,1.000000,75,956.714673,2242.209777,3198.924450,0.000000,,,0,1,,,,,0.069142,DEFAULT
ga,hfvrp_n020_m04_s05,20,4,1.000000,75,844.211505,1932.280842,2776.492348,0.000000,,,0,1,,,,,0.012276,SMALL
ga,hfvrp_n030_m06_s01,30,6,1.000000,10,1653.962806,2401.044093,4055.006900,0.000000,,,0,1,,,,,1.982572,MEDIUM
ga,hfvrp_n020_m04_s01,20,4,1.000000,1788015724686316032,901.038328,1063.782909,1964.821237,0.000000,,,0,1,,,,,3.947033,BIG
ga,hfvrp_n030_m06_s02,30,6,1.000000,1788015393752778868,1502.340138,2308.989689,3811.329828,0.000000,,,0,1,,,,,0.097731,DEFAULT
ga,hfvrp_n030_m06_s02,30,6,1.000000,1788015389559196659,1969.173643,2833.801724,4802.975366,0.000000,,,0,1,,,,,0.013255,SMALL
ga,hfvrp_n020_m04_s03,20,4,1.000000,200,812.633004,1847.720468,2660.353472,0.000000,,,0,1,,,,,3.949953,BIG
ga,hfvrp_n020_m04_s05,20,4,1.000000,75,801.921463,1829.096403,2631.017866,0.000000,,,0,1,,,,,1.306125,MEDIUM
ga,hfvrp_n020_m04_s03,20,4,1.000000,999,860.338097,2132.389950,2992.728046,0.000000,,,0,1,,,,,0.071843,DEFAULT
ga,hfvrp_n020_m04_s03,20,4,1.000000,999,957.782856,2797.557484,3755.340340,0.000000,,,0,1,,,,,0.007747,SMALL
ga,hfvrp_n020_m04_s04,20,4,1.000000,75,937.856539,1702.666354,2640.522894,0.000000,,,0,1,,,,,3.968539,BIG
ga,hfvrp_n020_m04_s03,20,4,1.000000,999,857.182655,1815.865601,2673.048256,0.000000,,,0,1,,,,,1.291524,MEDIUM
ga,hfvrp_n020_m04_s04,20,4,1.000000,100,1014.777892,1985.696599,3000.474491,0.000000,,,0,1,,,,,0.072013,DEFAULT
ga,hfvrp_n020_m04_s04,20,4,1.000000,100,1073.912968,2167.220017,3241.132985,0.000000,,,0,1,,,,,0.010654,SMALL
ga,hfvrp_n030_m06_s02,30,6,1.000000,1788015385280946965,1318.255626,2307.353391,3625.609017,0.000000,,,0,1,,,,,2.008309,MEDIUM
ga,hfvrp_n020_m04_s02,20,4,1.000000,9999,817.596406,1064.477083,1882.073488,0.000000,,,0,1,,,,,3.918644,BIG
ga,hfvrp_n020_m04_s02,20,4,1.000000,19345,946.025896,1055.588751,2001.614647,0.000000,,,0,1,,,,,0.069016,DEFAULT
ga,hfvrp_n020_m04_s02,20,4,1.000000,19345,927.630500,1434.385712,2362.016212,0.000000,,,0,1,,,,,0.010983,SMALL
ga,hfvrp_n020_m04_s04,20,4,1.000000,100,964.936072,1834.326820,2799.262891,0.000000,,,0,1,,,,,1.320222,MEDIUM
ga,hfvrp_n020_m04_s02,20,4,1.000000,19345,939.156398,1055.588751,1994.745148,0.000000,,,0,1,,,,,1.310047,MEDIUM
ga,hfvrp_n020_m04_s05,20,4,1.000000,75,801.921463,1829.096403,2631.017866,0.000000,,,0,1,,,,,3.915873,BIG
ga,hfvrp_n020_m04_s05,20,4,1.000000,100,920.419866,2406.434361,3326.854228,0.000000,,,0,1,,,,,0.067992,DEFAULT
ga,hfvrp_n020_m04_s05,20,4,1.000000,100,925.437264,2502.854548,3428.291811,0.000000,,,0,1,,,,,0.010291,SMALL
ga,hfvrp_n030_m06_s01,30,6,1.000000,10,1635.454122,2401.723131,4037.177254,0.000000,,,0,1,,,,,6.124089,BIG
ga,hfvrp_n030_m06_s01,30,6,1.000000,50,1606.888427,2484.534838,4091.423265,0.000000,,,0,1,,,,,0.098664,DEFAULT
ga,hfvrp_n030_m06_s01,30,6,1.000000,50,2091.123077,2539.677945,4630.801022,0.000000,,,0,1,,,,,0.012282,SMALL
ga,hfvrp_n020_m04_s03,20,4,1.000000,999,812.633004,1847.720468,2660.353472,0.000000,,,0,1,,,,,3.975358,BIG
ga,hfvrp_n020_m04_s05,20,4,1.000000,100,801.921463,1829.096403,2631.017866,0.000000,,,0,1,,,,,1.300578,MEDIUM
ga,hfvrp_n020_m04_s03,20,4,1.000000,1234,810.706636,1849.782569,2660.489206,0.000000,,,0,1,,,,,0.070365,DEFAULT
ga,hfvrp_n020_m04_s03,20,4,1.000000,1234,954.879267,2756.793753,3711.673021,0.000000,,,0,1,,,,,0.007797,SMALL
ga,hfvrp_n020_m04_s04,20,4,1.000000,100,915.116981,1702.666354,2617.783336,0.000000,,,0,1,,,,,3.936998,BIG
ga,hfvrp_n020_m04_s03,20,4,1.000000,1234,861.122557,2065.584207,2926.706764,0.000000,,,0,1,,,,,1.304462,MEDIUM
ga,hfvrp_n020_m04_s04,20,4,1.000000,200,952.761484,1818.345638,2771.107123,0.000000,,,0,1,,,,,0.068096,DEFAULT
ga,hfvrp_n020_m04_s04,20,4,1.000000,200,864.716701,2183.482467,3048.199168,0.000000,,,0,1,,,,,0.007799,SMALL
ga,hfvrp_n030_m06_s01,30,6,1.000000,50,1644.232404,2412.464222,4056.696626,0.000000,,,0,1,,,,,2.039918,MEDIUM
ga,hfvrp_n020_m04_s02,20,4,1.000000,19345,903.555176,1057.400800,1960.955976,0.000000,,,0,1,,,,,3.948128,BIG
ga,hfvrp_n030_m06_s02,30,6,1.000000,1788015451722191348,1552.196601,2552.148407,4104.345008,0.000000,,,0,1,,,,,5.945235,BIG
ga,hfvrp_n020_m04_s02,20,4,1.000000,1788015212870434971,902.847135,1266.818293,2169.665428,0.000000,,,0,1,,,,,0.065618,DEFAULT
ga,hfvrp_n020_m04_s02,20,4,1.000000,1788015217234997006,859.828542,1321.499557,2181.328100,0.000000,,,0,1,,,,,0.007645,SMALL
ga,hfvrp_n030_m06_s02,30,6,1.000000,1,1570.660279,2392.758143,3963.418421,0.000000,,,0,1,,,,,0.100012,DEFAULT
ga,hfvrp_n030_m06_s02,30,6,1.000000,1,1477.596975,3082.961100,4560.558075,0.000000,,,0,1,,,,,0.011507,SMALL
ga,hfvrp_n020_m04_s04,20,4,1.000000,200,929.241970,1752.015268,2681.257239,0.000000,,,0,1,,,,,1.305355,MEDIUM
ga,hfvrp_n020_m04_s02,20,4,1.000000,1788015221546238189,895.795335,1064.477083,1960.272418,0.000000,,,0,1,,,,,1.288625,MEDIUM
ga,hfvrp_n020_m04_s05,20,4,1.000000,100,801.921463,1829.096403,2631.017866,0.000000,,,0,1,,,,,3.911301,BIG
ga,hfvrp_n020_m04_s05,20,4,1.000000,200,812.752865,1940.120725,2752.873591,0.000000,,,0,1,,,,,0.069722,DEFAULT
ga,hfvrp_n020_m04_s05,20,4,1.000000,200,956.927575,2023.385883,2980.313458,0.000000,,,0,1,,,,,0.007959,SMALL
ga,hfvrp_n030_m06_s02,30,6,1.000000,1,1457.936614,2288.318001,3746.254615,0.000000,,,0,1,,,,,1.998177,MEDIUM
ga,hfvrp_n020_m04_s03,20,4,1.000000,1234,812.633004,1847.720468,2660.353472,0.000000,,,0,1,,,,,3.949029,BIG
ga,hfvrp_n020_m04_s05,20,4,1.000000,200,801.921463,1829.096403,2631.017866,0.000000,,,0,1,,,,,1.290895,MEDIUM
ga,hfvrp_n020_m04_s03,20,4,1.000000,9999,981.995566,2064.728685,3046.724251,0.000000,,,0,1,,,,,0.066335,DEFAULT
ga,hfvrp_n020_m04_s03,20,4,1.000000,9999,962.452586,2104.520876,3066.973462,0.000000,,,0,1,,,,,0.011206,SMALL
ga,hfvrp_n020_m04_s04,20,4,1.000000,200,937.856539,1702.666354,2640.522894,0.000000,,,0,1,,,,,3.922243,BIG
ga,hfvrp_n020_m04_s04,20,4,1.000000,999,1081.701325,1925.326361,3007.027686,0.000000,,,0,1,,,,,0.068694,DEFAULT
ga,hfvrp_n020_m04_s03,20,4,1.000000,9999,834.834217,2053.675213,2888.509430,0.000000,,,0,1,,,,,1.363627,MEDIUM
ga,hfvrp_n020_m04_s04,20,4,1.000000,999,1028.476071,1923.560331,2952.036402,0.000000,,,0,1,,,,,0.010918,SMALL
ga,hfvrp_n020_m04_s02,20,4,1.000000,1788015098289649133,903.555176,1057.400800,1960.955976,0.000000,,,0,1,,,,,3.916581,BIG
ga,hfvrp_n030_m06_s03,30,6,1.000000,1788014999252874577,1561.918272,1612.278459,3174.196731,0.000000,,,0,1,,,,,0.102166,DEFAULT
ga,hfvrp_n030_m06_s03,30,6,1.000000,1788014986473602852,1558.924904,2435.416934,3994.341838,0.000000,,,0,1,,,,,0.011540,SMALL
ga,hfvrp_n030_m06_s01,30,6,1.000000,50,1644.232404,2412.464222,4056.696626,0.000000,,,0,1,,,,,6.073988,BIG
ga,hfvrp_n030_m06_s01,30,6,1.000000,75,1792.514755,2637.476092,4429.990847,0.000000,,,0,1,,,,,0.102467,DEFAULT
ga,hfvrp_n030_m06_s01,30,6,1.000000,75,1693.883447,3557.686974,5251.570421,0.000000,,,0,1,,,,,0.014355,SMALL
ga,hfvrp_n020_m04_s04,20,4,1.000000,999,880.092193,1866.543162,2746.635355,0.000000,,,0,1,,,,,1.316456,MEDIUM
ga,hfvrp_n020_m04_s05,20,4,1.000000,200,801.921463,1829.096403,2631.017866,0.000000,,,0,1,,,,,3.917086,BIG
ga,hfvrp_n020_m04_s05,20,4,1.000000,999,801.921463,1829.096403,2631.017866,0.000000,,,0,1,,,,,0.066903,DEFAULT
ga,hfvrp_n020_m04_s05,20,4,1.000000,999,770.782865,2196.708855,2967.491720,0.000000,,,0,1,,,,,0.012887,SMALL
ga,hfvrp_n030_m06_s03,30,6,1.000000,1788014990783506737,1617.615970,1634.259387,3251.875357,0.000000,,,0,1,,,,,1.991964,MEDIUM
ga,hfvrp_n030_m06_s01,30,6,1.000000,75,1651.571632,2405.654578,4057.226209,0.000000,,,0,1,,,,,2.029466,MEDIUM
ga,hfvrp_n030_m06_s02,30,6,1.000000,1,1463.791649,2095.787254,3559.578904,0.000000,,,0,1,,,,,6.119661,BIG
ga,hfvrp_n030_m06_s02,30,6,1.000000,10,1242.497065,3441.810611,4684.307677,0.000000,,,0,1,,,,,0.099847,DEFAULT
ga,hfvrp_n030_m06_s02,30,6,1.000000,10,1597.618441,3428.937464,5026.555905,0.000000,,,0,1,,,,,0.017362,SMALL
ga,hfvrp_n020_m04_s05,20,4,1.000000,999,823.164598,1819.227383,2642.391981,0.000000,,,0,1,,,,,1.301720,MEDIUM
ga,hfvrp_n020_m04_s03,20,4,1.000000,9999,812.633004,1847.720468,2660.353472,0.000000,,,0,1,,,,,3.978629,BIG
ga,hfvrp_n020_m04_s03,20,4,1.000000,19345,963.942891,2065.584207,3029.527098,0.000000,,,0,1,,,,,0.069043,DEFAULT
ga,hfvrp_n020_m04_s03,20,4,1.000000,19345,967.105714,2695.904634,3663.010349,0.000000,,,0,1,,,,,0.011930,SMALL
ga,hfvrp_n020_m04_s04,20,4,1.000000,999,937.856539,1702.666354,2640.522894,0.000000,,,0,1,,,,,4.066460,BIG
ga,hfvrp_n020_m04_s03,20,4,1.000000,19345,897.716216,1846.669573,2744.385789,0.000000,,,0,1,,,,,1.285273,MEDIUM
ga,hfvrp_n020_m04_s04,20,4,1.000000,1234,925.702497,1910.314378,2836.016874,0.000000,,,0,1,,,,,0.071218,DEFAULT
ga,hfvrp_n020_m04_s04,20,4,1.000000,1234,929.537767,2025.164294,2954.702061,0.000000,,,0,1,,,,,0.013199,SMALL
ga,hfvrp_n030_m06_s02,30,6,1.000000,10,1361.304947,2330.263782,3691.568728,0.000000,,,0,1,,,,,1.989127,MEDIUM
ga,hfvrp_n020_m04_s04,20,4,1.000000,1234,1080.294083,1866.792032,2947.086115,0.000000,,,0,1,,,,,1.308732,MEDIUM
ga,hfvrp_n020_m04_s05,20,4,1.000000,999,801.921463,1829.096403,2631.017866,0.000000,,,0,1,,,,,3.897296,BIG
ga,hfvrp_n020_m04_s05,20,4,1.000000,1234,770.782865,2172.484091,2943.266956,0.000000,,,0,1,,,,,0.071622,DEFAULT
ga,hfvrp_n020_m04_s05,20,4,1.000000,1234,845.833220,2582.166985,3428.000205,0.000000,,,0,1,,,,,0.011496,SMALL
ga,hfvrp_n030_m06_s03,30,6,1.000000,1788014924064643784,1439.720787,1618.252839,3057.973626,0.000000,,,0,1,,,,,5.959798,BIG
ga,hfvrp_n030_m06_s03,30,6,1.000000,1,1462.378899,1896.279126,3358.658025,0.000000,,,0,1,,,,,0.102662,DEFAULT
ga,hfvrp_n030_m06_s03,30,6,1.000000,1,1668.661187,2722.182612,4390.843799,0.000000,,,0,1,,,,,0.012315,SMALL
ga,hfvrp_n020_m04_s05,20,4,1.000000,1234,801.921463,1829.096403,2631.017866,0.000000,,,0,1,,,,,1.301847,MEDIUM
ga,hfvrp_n020_m04_s03,20,4,1.000000,19345,812.633004,1847.720468,2660.353472,0.000000,,,0,1,,,,,3.962349,BIG
ga,hfvrp_n030_m06_s01,30,6,1.000000,75,1644.232404,2412.464222,4056.696626,0.000000,,,0,1,,,,,6.059827,BIG
ga,hfvrp_n020_m04_s03,20,4,1.000000,1788014711645215517,921.484719,2181.619792,3103.104510,0.000000,,,0,1,,,,,0.066759,DEFAULT
ga,hfvrp_n020_m04_s03,20,4,1.000000,1788014720305679633,972.800846,2130.629281,3103.430127,0.000000,,,0,1,,,,,0.007204,SMALL
ga,hfvrp_n030_m06_s01,30,6,1.000000,100,1747.074382,2735.513857,4482.588239,0.000000,,,0,1,,,,,0.097478,DEFAULT
ga,hfvrp_n030_m06_s01,30,6,1.000000,100,1995.360851,2967.808246,4963.169097,0.000000,,,0,1,,,,,0.013516,SMALL
ga,hfvrp_n020_m04_s03,20,4,1.000000,1788014724611661147,823.381668,1932.366359,2755.748027,0.000000,,,0,1,,,,,1.301567,MEDIUM
ga,hfvrp_n020_m04_s04,20,4,1.000000,1234,937.856539,1702.666354,2640.522894,0.000000,,,0,1,,,,,3.924542,BIG
ga,hfvrp_n030_m06_s03,30,6,1.000000,1,1510.613118,1625.656720,3136.269838,0.000000,,,0,1,,,,,1.961539,MEDIUM
ga,hfvrp_n020_m04_s04,20,4,1.000000,9999,1004.619353,1923.560331,2928.179684,0.000000,,,0,1,,,,,0.067121,DEFAULT
ga,hfvrp_n020_m04_s04,20,4,1.000000,9999,1008.671211,2521.442446,3530.113657,0.000000,,,0,1,,,,,0.012603,SMALL
ga,hfvrp_n030_m06_s01,30,6,1.000000,100,1550.121317,2553.661748,4103.783065,0.000000,,,0,1,,,,,2.007779,MEDIUM
ga,hfvrp_n030_m06_s02,30,6,1.000000,10,1319.146938,2307.496757,3626.643695,0.000000,,,0,1,,,,,6.018704,BIG
ga,hfvrp_n030_m06_s02,30,6,1.000000,50,1357.522348,3047.998305,4405.520653,0.000000,,,0,1,,,,,0.097017,DEFAULT
ga,hfvrp_n030_m06_s02,30,6,1.000000,50,1516.658385,3080.408061,4597.066445,0.000000,,,0,1,,,,,0.011748,SMALL
ga,hfvrp_n020_m04_s04,20,4,1.000000,9999,988.839471,1934.283002,2923.122474,0.000000,,,0,1,,,,,1.297910,MEDIUM
ga,hfvrp_n020_m04_s05,20,4,1.000000,1234,906.705230,1681.283237,2587.988467,0.000000,,,0,1,,,,,3.980723,BIG
ga,hfvrp_n020_m04_s05,20,4,1.000000,9999,833.996000,1930.251706,2764.247706,0.000000,,,0,1,,,,,0.067205,DEFAULT
ga,hfvrp_n020_m04_s05,20,4,1.000000,9999,791.748419,2358.444200,3150.192619,0.000000,,,0,1,,,,,0.013036,SMALL
ga,hfvrp_n030_m06_s02,30,6,1.000000,50,1263.988132,3162.838160,4426.826292,0.000000,,,0,1,,,,,1.966997,MEDIUM
ga,hfvrp_n020_m04_s03,20,4,1.000000,1788014640022125224,812.633004,1847.720468,2660.353472,0.000000,,,0,1,,,,,3.957527,BIG
ga,hfvrp_n020_m04_s05,20,4,1.000000,9999,801.921463,1829.096403,2631.017866,0.000000,,,0,1,,,,,1.303595,MEDIUM
ga,hfvrp_n030_m06_s04,30,6,1.000000,1788014532430009845,1509.532610,1739.274057,3248.806667,0.000000,,,0,1,,,,,0.104658,DEFAULT
ga,hfvrp_n030_m06_s04,30,6,1.000000,1788014511067859222,1807.362301,2600.117595,4407.479896,0.000000,,,0,1,,,,,0.018529,SMALL
ga,hfvrp_n020_m04_s04,20,4,1.000000,9999,915.116981,1702.666354,2617.783336,0.000000,,,0,1,,,,,3.914598,BIG
ga,hfvrp_n020_m04_s04,20,4,1.000000,19345,978.282390,1949.303831,2927.586221,0.000000,,,0,1,,,,,0.062579,DEFAULT
ga,hfvrp_n020_m04_s04,20,4,1.000000,19345,1105.094626,2190.422344,3295.516970,0.000000,,,0,1,,,,,0.007682,SMALL
ga,hfvrp_n030_m06_s03,30,6,1.000000,1,1409.643665,1485.290433,2894.934098,0.000000,,,0,1,,,,,5.882841,BIG
ga,hfvrp_n030_m06_s04,30,6,1.000000,1788014506795037735,1668.278188,1843.791793,3512.069980,0.000000,,,0,1,,,,,1.963104,MEDIUM
ga,hfvrp_n030_m06_s03,30,6,1.000000,10,1701.353631,1595.945388,3297.299019,0.000000,,,0,1,,,,,0.101696,DEFAULT
ga,hfvrp_n030_m06_s03,30,6,1.000000,10,1838.384370,2046.919213,3885.303583,0.000000,,,0,1,,,,,0.016865,SMALL
ga,hfvrp_n020_m04_s04,20,4,1.000000,19345,937.856539,1702.666354,2640.522894,0.000000,,,0,1,,,,,1.325169,MEDIUM
ga,hfvrp_n030_m06_s01,30,6,1.000000,100,1644.232404,2412.464222,4056.696626,0.000000,,,0,1,,,,,6.076447,BIG
ga,hfvrp_n030_m06_s01,30,6,1.000000,200,1670.989729,2499.134520,4170.124249,0.000000,,,0,1,,,,,0.100874,DEFAULT
ga,hfvrp_n030_m06_s01,30,6,1.000000,200,1953.006779,2827.647566,4780.654345,0.000000,,,0,1,,,,,0.013392,SMALL
ga,hfvrp_n020_m04_s05,20,4,1.000000,9999,801.921463,1829.096403,2631.017866,0.000000,,,0,1,,,,,3.928852,BIG
ga,hfvrp_n020_m04_s05,20,4,1.000000,19345,854.494371,2037.759308,2892.253679,0.000000,,,0,1,,,,,0.069927,DEFAULT
ga,hfvrp_n020_m04_s05,20,4,1.000000,19345,873.875321,2337.509978,3211.385299,0.000000,,,0,1,,,,,0.007787,SMALL
ga,hfvrp_n030_m06_s03,30,6,1.000000,10,1714.885310,1594.684493,3309.569804,0.000000,,,0,1,,,,,2.012358,MEDIUM
ga,hfvrp_n030_m06_s02,30,6,1.000000,50,1467.432908,2318.749383,3786.182291,0.000000,,,0,1,,,,,5.977915,BIG
ga,hfvrp_n030_m06_s01,30,6,1.000000,200,1644.543877,2412.464222,4057.008099,0.000000,,,0,1,,,,,2.018862,MEDIUM
ga,hfvrp_n030_m06_s02,30,6,1.000000,75,1238.695271,3020.294578,4258.989848,0.000000,,,0,1,,,,,0.102314,DEFAULT
ga,hfvrp_n030_m06_s02,30,6,1.000000,75,1481.619625,3702.150464,5183.770089,0.000000,,,0,1,,,,,0.015992,SMALL
ga,hfvrp_n020_m04_s05,20,4,1.000000,19345,801.921463,1829.096403,2631.017866,0.000000,,,0,1,,,,,1.296991,MEDIUM
ga,hfvrp_n020_m04_s04,20,4,1.000000,19345,988.343529,1923.560331,2911.903860,0.000000,,,0,1,,,,,3.906124,BIG
ga,hfvrp_n020_m04_s04,20,4,1.000000,1788014320136696493,983.367157,2053.325699,3036.692856,0.000000,,,0,1,,,,,0.066036,DEFAULT
ga,hfvrp_n020_m04_s04,20,4,1.000000,1788014315911788258,1088.485936,2274.769173,3363.255110,0.000000,,,0,1,,,,,0.007785,SMALL
ga,hfvrp_n030_m06_s02,30,6,1.000000,75,1357.480575,1951.020782,3308.501357,0.000000,,,0,1,,,,,2.012382,MEDIUM
ga,hfvrp_n020_m04_s04,20,4,1.000000,1788014311628510863,949.757010,1755.028208,2704.785218,0.000000,,,0,1,,,,,1.295251,MEDIUM
ga,hfvrp_n030_m06_s04,30,6,1.000000,1788014470109781190,1494.166774,1749.224993,3243.391766,0.000000,,,0,1,,,,,6.065167,BIG
ga,hfvrp_n030_m06_s04,30,6,1.000000,1,1683.155024,1849.441084,3532.596108,0.000000,,,0,1,,,,,0.102055,DEFAULT
ga,hfvrp_n030_m06_s04,30,6,1.000000,1,1998.050644,2275.747366,4273.798010,0.000000,,,0,1,,,,,0.017846,SMALL
ga,hfvrp_n020_m04_s05,20,4,1.000000,19345,801.921463,1829.096403,2631.017866,0.000000,,,0,1,,,,,3.913745,BIG
ga,hfvrp_n020_m04_s05,20,4,1.000000,1788014254023767607,856.597623,2152.855584,3009.453207,0.000000,,,0,1,,,,,0.063493,DEFAULT
ga,hfvrp_n020_m04_s05,20,4,1.000000,1788014249800362293,938.472753,2437.670167,3376.142920,0.000000,,,0,1,,,,,0.011987,SMALL
ga,hfvrp_n030_m06_s03,30,6,1.000000,10,1479.007713,1624.359950,3103.367662,0.000000,,,0,1,,,,,5.886912,BIG
ga,hfvrp_n030_m06_s03,30,6,1.000000,50,1894.252533,1659.323536,3553.576069,0.000000,,,0,1,,,,,0.103730,DEFAULT
ga,hfvrp_n030_m06_s03,30,6,1.000000,50,2162.922801,1901.294166,4064.216966,0.000000,,,0,1,,,,,0.013341,SMALL
ga,hfvrp_n030_m06_s04,30,6,1.000000,1,1611.475559,1746.236674,3357.712233,0.000000,,,0,1,,,,,1.992934,MEDIUM
ga,hfvrp_n020_m04_s05,20,4,1.000000,1788014245521974394,770.782865,2172.484091,2943.266956,0.000000,,,0,1,,,,,1.333200,MEDIUM
ga,hfvrp_n030_m06_s01,30,6,1.000000,200,1653.962806,2401.044093,4055.006900,0.000000,,,0,1,,,,,6.072139,BIG
ga,hfvrp_n030_m06_s01,30,6,1.000000,999,1567.808322,2567.092768,4134.901089,0.000000,,,0,1,,,,,0.103427,DEFAULT
ga,hfvrp_n030_m06_s01,30,6,1.000000,999,2232.336372,3102.047618,5334.383990,0.000000,,,0,1,,,,,0.017175,SMALL
ga,hfvrp_n020_m04_s04,20,4,1.000000,1788014304337944090,937.856539,1702.666354,2640.522894,0.000000,,,0,1,,,,,3.948602,BIG
ga,hfvrp_n030_m06_s03,30,6,1.000000,50,1542.072857,1737.858481,3279.931338,0.000000,,,0,1,,,,,2.011510,MEDIUM
ga,hfvrp_n030_m06_s05,30,6,1.000000,1788014067914009391,1666.125646,2069.230124,3735.355770,0.000000,,,0,1,,,,,0.103005,DEFAULT
ga,hfvrp_n030_m06_s05,30,6,1.000000,1788014076610424717,1708.332814,2241.580277,3949.913091,0.000000,,,0,1,,,,,0.012804,SMALL
ga,hfvrp_n030_m06_s02,30,6,1.000000,75,1390.538800,2250.702291,3641.241091,0.000000,,,0,1,,,,,6.046574,BIG
ga,hfvrp_n030_m06_s01,30,6,1.000000,999,1531.234523,2602.328955,4133.563478,0.000000,,,0,1,,,,,1.977866,MEDIUM
ga,hfvrp_n030_m06_s02,30,6,1.000000,100,1279.079459,2377.886265,3656.965724,0.000000,,,0,1,,,,,0.103307,DEFAULT
ga,hfvrp_n030_m06_s02,30,6,1.000000,100,1768.990658,3211.303396,4980.294054,0.000000,,,0,1,,,,,0.015721,SMALL
ga,hfvrp_n030_m06_s05,30,6,1.000000,1788014080921593428,1576.099441,1638.540193,3214.639634,0.000000,,,0,1,,,,,2.014853,MEDIUM
ga,hfvrp_n020_m04_s05,20,4,1.000000,1788014139489317647,801.921463,1829.096403,2631.017866,0.000000,,,0,1,,,,,3.916008,BIG
ga,hfvrp_n050_m10_s01,50,10,1.000000,1788013976282523108,2961.725469,5911.485829,8873.211298,0.000000,,,0,1,,,,,0.175888,DEFAULT
ga,hfvrp_n050_m10_s01,50,10,1.000000,1788013972167272569,3648.236999,8615.214075,12263.451074,0.000000,,,0,1,,,,,0.024423,SMALL
ga,hfvrp_n030_m06_s02,30,6,1.000000,100,1417.323259,2272.331067,3689.654326,0.000000,,,0,1,,,,,1.974845,MEDIUM
ga,hfvrp_n030_m06_s04,30,6,1.000000,1,1554.241308,1802.734865,3356.976173,0.000000,,,0,1,,,,,5.918793,BIG
ga,hfvrp_n030_m06_s04,30,6,1.000000,10,1643.479701,1929.451463,3572.931165,0.000000,,,0,1,,,,,0.102253,DEFAULT
ga,hfvrp_n030_m06_s04,30,6,1.000000,10,1897.042501,2669.795242,4566.837743,0.000000,,,0,1,,,,,0.014997,SMALL
ga,hfvrp_n030_m06_s03,30,6,1.000000,50,1535.756455,1618.789013,3154.545467,0.000000,,,0,1,,,,,5.997732,BIG
ga,hfvrp_n030_m06_s04,30,6,1.000000,10,1623.712363,1927.588426,3551.300789,0.000000,,,0,1,,,,,1.942996,MEDIUM
ga,hfvrp_n030_m06_s03,30,6,1.000000,75,1648.934631,1942.353388,3591.288019,0.000000,,,0,1,,,,,0.102640,DEFAULT
ga,hfvrp_n030_m06_s03,30,6,1.000000,75,1862.457572,1860.554966,3723.012537,0.000000,,,0,1,,,,,0.012486,SMALL
ga,hfvrp_n050_m10_s01,50,10,1.000000,1788013985080239856,2997.555321,4958.412383,7955.967705,0.000000,,,0,1,,,,,3.404294,MEDIUM
ga,hfvrp_n030_m06_s01,30,6,1.000000,999,1644.232404,2412.464222,4056.696626,0.000000,,,0,1,,,,,6.060003,BIG
ga,hfvrp_n030_m06_s01,30,6,1.000000,1234,1523.448264,2510.554648,4034.002912,0.000000,,,0,1,,,,,0.099332,DEFAULT
ga,hfvrp_n030_m06_s01,30,6,1.000000,1234,2049.116566,3358.775971,5407.892536,0.000000,,,0,1,,,,,0.013683,SMALL
ga,hfvrp_n030_m06_s03,30,6,1.000000,75,1741.190521,1598.702225,3339.892747,0.000000,,,0,1,,,,,1.982567,MEDIUM
ga,hfvrp_n030_m06_s05,30,6,1.000000,1788014052880319190,1538.108614,1657.654829,3195.763444,0.000000,,,0,1,,,,,6.156649,BIG
ga,hfvrp_n030_m06_s05,30,6,1.000000,1,1546.601508,1771.688564,3318.290071,0.000000,,,0,1,,,,,0.103662,DEFAULT
ga,hfvrp_n030_m06_s05,30,6,1.000000,1,1665.302671,2243.930240,3909.232911,0.000000,,,0,1,,,,,0.018542,SMALL
ga,hfvrp_n030_m06_s02,30,6,1.000000,100,1290.870742,2307.353391,3598.224132,0.000000,,,0,1,,,,,6.033009,BIG
ga,hfvrp_n030_m06_s01,30,6,1.000000,1234,1653.962806,2401.044093,4055.006900,0.000000,,,0,1,,,,,1.984586,MEDIUM
ga,hfvrp_n030_m06_s02,30,6,1.000000,200,1512.841534,2901.497762,4414.339297,0.000000,,,0,1,,,,,0.103704,DEFAULT
ga,hfvrp_n030_m06_s02,30,6,1.000000,200,1752.928593,3292.294518,5045.223111,0.000000,,,0,1,,,,,0.012663,SMALL
ga,hfvrp_n030_m06_s05,30,6,1.000000,1,1465.535323,1694.728432,3160.263755,0.000000,,,0,1,,,,,1.981909,MEDIUM
ga,hfvrp_n030_m06_s02,30,6,1.000000,200,1312.463961,2313.710116,3626.174077,0.000000,,,0,1,,,,,1.978542,MEDIUM
ga,hfvrp_n030_m06_s04,30,6,1.000000,10,1592.416540,1731.604063,3324.020604,0.000000,,,0,1,,,,,6.034011,BIG
ga,hfvrp_n030_m06_s04,30,6,1.000000,50,1495.297880,1856.046498,3351.344377,0.000000,,,0,1,,,,,0.106274,DEFAULT
ga,hfvrp_n030_m06_s04,30,6,1.000000,50,1794.033626,2474.363994,4268.397619,0.000000,,,0,1,,,,,0.013386,SMALL
ga,hfvrp_n030_m06_s04,30,6,1.000000,50,1611.573262,1814.028045,3425.601307,0.000000,,,0,1,,,,,1.970481,MEDIUM
ga,hfvrp_n030_m06_s03,30,6,1.000000,75,1486.873581,1611.341776,3098.215356,0.000000,,,0,1,,,,,6.168914,BIG
ga,hfvrp_n030_m06_s03,30,6,1.000000,100,1685.224652,1981.562266,3666.786918,0.000000,,,0,1,,,,,0.100859,DEFAULT
ga,hfvrp_n030_m06_s03,30,6,1.000000,100,2013.388956,1778.499978,3791.888933,0.000000,,,0,1,,,,,0.013333,SMALL
ga,hfvrp_n030_m06_s01,30,6,1.000000,1234,1644.232404,2412.464222,4056.696626,0.000000,,,0,1,,,,,6.045619,BIG
ga,hfvrp_n030_m06_s01,30,6,1.000000,9999,1643.459152,3132.136642,4775.595794,0.000000,,,0,1,,,,,0.104180,DEFAULT
ga,hfvrp_n030_m06_s01,30,6,1.000000,9999,1855.940968,3801.784069,5657.725037,0.000000,,,0,1,,,,,0.017175,SMALL
ga,hfvrp_n030_m06_s05,30,6,1.000000,1,1519.394975,2151.594078,3670.989053,0.000000,,,0,1,,,,,6.031837,BIG
ga,hfvrp_n030_m06_s03,30,6,1.000000,100,1635.822296,1845.402325,3481.224621,0.000000,,,0,1,,,,,2.027035,MEDIUM
ga,hfvrp_n030_m06_s05,30,6,1.000000,10,1670.602862,2099.700897,3770.303759,0.000000,,,0,1,,,,,0.100010,DEFAULT
ga,hfvrp_n030_m06_s05,30,6,1.000000,10,1559.570394,2426.887129,3986.457522,0.000000,,,0,1,,,,,0.013431,SMALL
ga,hfvrp_n050_m10_s01,50,10,1.000000,1788013915478401119,3051.984829,4116.230120,7168.214949,0.000000,,,0,1,,,,,10.472369,BIG
ga,hfvrp_n050_m10_s01,50,10,1.000000,1,3699.343484,6380.654744,10079.998228,0.000000,,,0,1,,,,,0.174321,DEFAULT
ga,hfvrp_n050_m10_s01,50,10,1.000000,1,4363.501704,7967.463375,12330.965080,0.000000,,,0,1,,,,,0.026626,SMALL
ga,hfvrp_n030_m06_s02,30,6,1.000000,200,1556.410612,2481.290175,4037.700786,0.000000,,,0,1,,,,,6.004527,BIG
ga,hfvrp_n030_m06_s01,30,6,1.000000,9999,1644.232404,2412.464222,4056.696626,0.000000,,,0,1,,,,,2.011719,MEDIUM
ga,hfvrp_n030_m06_s02,30,6,1.000000,999,1352.809778,2409.666070,3762.475849,0.000000,,,0,1,,,,,0.105602,DEFAULT
ga,hfvrp_n030_m06_s02,30,6,1.000000,999,1690.839560,3393.628045,5084.467605,0.000000,,,0,1,,,,,0.013120,SMALL
ga,hfvrp_n030_m06_s05,30,6,1.000000,10,1478.484188,1852.357350,3330.841538,0.000000,,,0,1,,,,,1.996183,MEDIUM
ga,hfvrp_n030_m06_s02,30,6,1.000000,999,1437.120207,2793.100119,4230.220327,0.000000,,,0,1,,,,,1.973459,MEDIUM
ga,hfvrp_n030_m06_s04,30,6,1.000000,50,1387.849284,1741.196465,3129.045749,0.000000,,,0,1,,,,,5.997445,BIG
ga,hfvrp_n030_m06_s04,30,6,1.000000,75,1661.071239,1702.443456,3363.514695,0.000000,,,0,1,,,,,0.102172,DEFAULT
ga,hfvrp_n030_m06_s04,30,6,1.000000,75,1807.151820,2550.941090,4358.092910,0.000000,,,0,1,,,,,0.013593,SMALL
ga,hfvrp_n050_m10_s01,50,10,1.000000,1,3300.445415,4261.439216,7561.884631,0.000000,,,0,1,,,,,3.450928,MEDIUM
ga,hfvrp_n030_m06_s03,30,6,1.000000,100,1477.248214,1674.720463,3151.968677,0.000000,,,0,1,,,,,5.866927,BIG
ga,hfvrp_n030_m06_s04,30,6,1.000000,75,1450.145637,1797.830958,3247.976595,0.000000,,,0,1,,,,,1.988471,MEDIUM
ga,hfvrp_n030_m06_s03,30,6,1.000000,200,1468.580155,1940.538876,3409.119031,0.000000,,,0,1,,,,,0.101048,DEFAULT
ga,hfvrp_n030_m06_s03,30,6,1.000000,200,1806.791896,2259.584360,4066.376256,0.000000,,,0,1,,,,,0.013188,SMALL
ga,hfvrp_n030_m06_s01,30,6,1.000000,9999,1635.454122,2401.723131,4037.177254,0.000000,,,0,1,,,,,6.101809,BIG
ga,hfvrp_n030_m06_s01,30,6,1.000000,19345,1879.878461,2599.115413,4478.993875,0.000000,,,0,1,,,,,0.102930,DEFAULT
ga,hfvrp_n030_m06_s01,30,6,1.000000,19345,1711.576249,2904.614799,4616.191048,0.000000,,,0,1,,,,,0.015787,SMALL
ga,hfvrp_n030_m06_s03,30,6,1.000000,200,1618.125179,1630.166545,3248.291725,0.000000,,,0,1,,,,,2.008411,MEDIUM
ga,hfvrp_n030_m06_s05,30,6,1.000000,10,1348.960571,1658.073208,3007.033779,0.000000,,,0,1,,,,,5.991459,BIG
ga,hfvrp_n030_m06_s05,30,6,1.000000,50,1462.358186,1953.625189,3415.983375,0.000000,,,0,1,,,,,0.105159,DEFAULT
ga,hfvrp_n030_m06_s05,30,6,1.000000,50,2259.690509,2933.345527,5193.036037,0.000000,,,0,1,,,,,0.012650,SMALL
ga,hfvrp_n030_m06_s02,30,6,1.000000,999,1371.253546,2504.083252,3875.336798,0.000000,,,0,1,,,,,6.027980,BIG
ga,hfvrp_n030_m06_s02,30,6,1.000000,1234,1507.910836,2378.045533,3885.956369,0.000000,,,0,1,,,,,0.098591,DEFAULT
ga,hfvrp_n030_m06_s02,30,6,1.000000,1234,1709.623903,3640.459918,5350.083821,0.000000,,,0,1,,,,,0.016587,SMALL
ga,hfvrp_n030_m06_s01,30,6,1.000000,19345,1616.618830,2473.114710,4089.733539,0.000000,,,0,1,,,,,2.066749,MEDIUM
ga,hfvrp_n030_m06_s05,30,6,1.000000,50,1526.214290,1708.071300,3234.285590,0.000000,,,0,1,,,,,2.002375,MEDIUM
ga,hfvrp_n030_m06_s02,30,6,1.000000,1234,1586.129478,2412.619217,3998.748695,0.000000,,,0,1,,,,,1.985815,MEDIUM
ga,hfvrp_n030_m06_s04,30,6,1.000000,75,1487.676694,1740.056862,3227.733556,0.000000,,,0,1,,,,,5.982183,BIG
ga,hfvrp_n030_m06_s04,30,6,1.000000,100,1553.556445,1773.296461,3326.852906,0.000000,,,0,1,,,,,0.104269,DEFAULT
ga,hfvrp_n030_m06_s04,30,6,1.000000,100,1885.466817,2583.935299,4469.402116,0.000000,,,0,1,,,,,0.012722,SMALL
ga,hfvrp_n030_m06_s03,30,6,1.000000,200,1567.486880,1684.806782,3252.293661,0.000000,,,0,1,,,,,5.973888,BIG
ga,hfvrp_n030_m06_s04,30,6,1.000000,100,1523.272087,1849.441084,3372.713171,0.000000,,,0,1,,,,,1.954909,MEDIUM
ga,hfvrp_n030_m06_s03,30,6,1.000000,999,1745.924319,1579.922011,3325.846330,0.000000,,,0,1,,,,,0.103535,DEFAULT
ga,hfvrp_n030_m06_s03,30,6,1.000000,999,1800.473238,1994.745402,3795.218640,0.000000,,,0,1,,,,,0.012682,SMALL
ga,hfvrp_n050_m10_s01,50,10,1.000000,1,3558.489799,4345.504492,7903.994291,0.000000,,,0,1,,,,,10.449400,BIG
ga,hfvrp_n050_m10_s01,50,10,1.000000,10,3582.896264,5952.317156,9535.213420,0.000000,,,0,1,,,,,0.174924,DEFAULT
ga,hfvrp_n050_m10_s01,50,10,1.000000,10,4812.807631,8872.566423,13685.374055,0.000000,,,0,1,,,,,0.026135,SMALL
ga,hfvrp_n030_m06_s01,30,6,1.000000,19345,1644.232404,2412.464222,4056.696626,0.000000,,,0,1,,,,,6.066573,BIG
ga,hfvrp_n030_m06_s01,30,6,1.000000,1788013288552496705,1707.786984,2604.593485,4312.380469,0.000000,,,0,1,,,,,0.103085,DEFAULT
ga,hfvrp_n030_m06_s01,30,6,1.000000,1788013284364148774,1970.472883,2592.421382,4562.894266,0.000000,,,0,1,,,,,0.012436,SMALL
ga,hfvrp_n030_m06_s03,30,6,1.000000,999,1614.864620,1458.510370,3073.374990,0.000000,,,0,1,,,,,1.997385,MEDIUM
ga,hfvrp_n030_m06_s05,30,6,1.000000,50,1361.979173,1579.534277,2941.513450,0.000000,,,0,1,,,,,6.004049,BIG
ga,hfvrp_n030_m06_s05,30,6,1.000000,75,1583.516972,1607.345886,3190.862858,0.000000,,,0,1,,,,,0.098063,DEFAULT
ga,hfvrp_n030_m06_s05,30,6,1.000000,75,1882.931874,2434.635980,4317.567854,0.000000,,,0,1,,,,,0.012891,SMALL
ga,hfvrp_n030_m06_s02,30,6,1.000000,1234,1301.138526,2332.024323,3633.162848,0.000000,,,0,1,,,,,5.934015,BIG
ga,hfvrp_n030_m06_s02,30,6,1.000000,9999,1322.669444,2234.752606,3557.422050,0.000000,,,0,1,,,,,0.098780,DEFAULT
ga,hfvrp_n030_m06_s02,30,6,1.000000,9999,1656.616838,2517.838669,4174.455507,0.000000,,,0,1,,,,,0.016079,SMALL
ga,hfvrp_n030_m06_s01,30,6,1.000000,1788013280089993064,1653.962806,2401.044093,4055.006900,0.000000,,,0,1,,,,,2.006469,MEDIUM
ga,hfvrp_n030_m06_s05,30,6,1.000000,75,1533.290079,1662.576254,3195.866333,0.000000,,,0,1,,,,,1.982706,MEDIUM
ga,hfvrp_n050_m10_s01,50,10,1.000000,10,2899.634285,4661.779147,7561.413432,0.000000,,,0,1,,,,,3.425439,MEDIUM
ga,hfvrp_n030_m06_s02,30,6,1.000000,9999,1366.147700,2825.871669,4192.019369,0.000000,,,0,1,,,,,1.978792,MEDIUM
ga,hfvrp_n030_m06_s04,30,6,1.000000,100,1508.042369,1749.224993,3257.267362,0.000000,,,0,1,,,,,5.988224,BIG
ga,hfvrp_n030_m06_s04,30,6,1.000000,200,1546.382448,1859.708554,3406.091001,0.000000,,,0,1,,,,,0.100378,DEFAULT
ga,hfvrp_n030_m06_s04,30,6,1.000000,200,1848.217315,2352.238576,4200.455891,0.000000,,,0,1,,,,,0.016444,SMALL
ga,hfvrp_n030_m06_s03,30,6,1.000000,999,1627.337226,1634.266428,3261.603654,0.000000,,,0,1,,,,,5.930118,BIG
ga,hfvrp_n030_m06_s04,30,6,1.000000,200,1478.622527,1745.497278,3224.119805,0.000000,,,0,1,,,,,2.079093,MEDIUM
ga,hfvrp_n030_m06_s03,30,6,1.000000,1234,1692.768700,1646.931534,3339.700234,0.000000,,,0,1,,,,,0.099856,DEFAULT
ga,hfvrp_n030_m06_s03,30,6,1.000000,1234,1780.832324,2292.275278,4073.107602,0.000000,,,0,1,,,,,0.016369,SMALL
ga,hfvrp_n030_m06_s01,30,6,1.000000,1787985631102809362,1644.232404,2412.464222,4056.696626,0.000000,,,0,1,,,,,6.019589,BIG
ga,hfvrp_n030_m06_s03,30,6,1.000000,1234,1631.798812,1811.858866,3443.657678,0.000000,,,0,1,,,,,1.983159,MEDIUM
ga,hfvrp_n030_m06_s05,30,6,1.000000,75,1401.201174,1614.712025,3015.913200,0.000000,,,0,1,,,,,6.029117,BIG
ga,hfvrp_n050_m10_s02,50,10,1.000000,1787985766590602783,3044.451069,9707.930180,12752.381248,0.000000,,,0,1,,,,,0.180639,DEFAULT
ga,hfvrp_n050_m10_s02,50,10,1.000000,1787985792549834934,3415.017926,13668.956306,17083.974231,0.000000,,,0,1,,,,,0.026869,SMALL
ga,hfvrp_n030_m06_s05,30,6,1.000000,100,1623.117170,1708.789643,3331.906813,0.000000,,,0,1,,,,,0.097032,DEFAULT
ga,hfvrp_n030_m06_s05,30,6,1.000000,100,1627.534129,2816.297871,4443.832001,0.000000,,,0,1,,,,,0.016008,SMALL
ga,hfvrp_n030_m06_s02,30,6,1.000000,9999,1366.147700,2825.871669,4192.019369,0.000000,,,0,1,,,,,6.010971,BIG
ga,hfvrp_n030_m06_s02,30,6,1.000000,19345,1483.909316,3344.767595,4828.676912,0.000000,,,0,1,,,,,0.099981,DEFAULT
ga,hfvrp_n030_m06_s02,30,6,1.000000,19345,1467.214806,3259.636568,4726.851374,0.000000,,,0,1,,,,,0.016059,SMALL
ga,hfvrp_n030_m06_s05,30,6,1.000000,100,1639.149456,1795.297990,3434.447446,0.000000,,,0,1,,,,,2.026379,MEDIUM
ga,hfvrp_n030_m06_s02,30,6,1.000000,19345,1423.957391,2122.630292,3546.587682,0.000000,,,0,1,,,,,2.001401,MEDIUM
ga,hfvrp_n050_m10_s02,50,10,1.000000,1787985805469284545,2600.200361,7527.513560,10127.713921,0.000000,,,0,1,,,,,3.488651,MEDIUM
ga,hfvrp_n030_m06_s04,30,6,1.000000,200,1443.145907,1751.842325,3194.988232,0.000000,,,0,1,,,,,5.976217,BIG
ga,hfvrp_n030_m06_s04,30,6,1.000000,999,1630.410760,1945.706825,3576.117585,0.000000,,,0,1,,,,,0.100850,DEFAULT
ga,hfvrp_n030_m06_s04,30,6,1.000000,999,1782.837923,2422.831000,4205.668923,0.000000,,,0,1,,,,,0.014393,SMALL
ga,hfvrp_n050_m10_s01,50,10,1.000000,10,3128.330118,4208.485402,7336.815520,0.000000,,,0,1,,,,,10.508086,BIG
ga,hfvrp_n050_m10_s01,50,10,1.000000,50,3411.359590,5329.539851,8740.899441,0.000000,,,0,1,,,,,0.169746,DEFAULT
ga,hfvrp_n050_m10_s01,50,10,1.000000,50,3789.672398,8551.621541,12341.293939,0.000000,,,0,1,,,,,0.021697,SMALL
ga,hfvrp_n030_m06_s03,30,6,1.000000,1234,1693.668820,1358.073524,3051.742345,0.000000,,,0,1,,,,,6.044665,BIG
ga,hfvrp_n030_m06_s04,30,6,1.000000,999,1597.102582,1992.731723,3589.834305,0.000000,,,0,1,,,,,1.992152,MEDIUM
ga,hfvrp_n030_m06_s03,30,6,1.000000,9999,1594.804660,1772.712576,3367.517235,0.000000,,,0,1,,,,,0.098639,DEFAULT
ga,hfvrp_n030_m06_s03,30,6,1.000000,9999,2124.027796,1831.399506,3955.427302,0.000000,,,0,1,,,,,0.012661,SMALL
ga,hfvrp_n030_m06_s03,30,6,1.000000,9999,1449.278777,1644.708348,3093.987124,0.000000,,,0,1,,,,,1.947012,MEDIUM
ga,hfvrp_n030_m06_s05,30,6,1.000000,100,1361.979173,1579.534277,2941.513450,0.000000,,,0,1,,,,,6.014172,BIG
ga,hfvrp_n030_m06_s05,30,6,1.000000,200,1363.086778,2100.891572,3463.978349,0.000000,,,0,1,,,,,0.100588,DEFAULT
ga,hfvrp_n030_m06_s05,30,6,1.000000,200,2050.668132,2318.216115,4368.884247,0.000000,,,0,1,,,,,0.018327,SMALL
ga,hfvrp_n050_m10_s01,50,10,1.000000,50,2923.086656,4764.555102,7687.641758,0.000000,,,0,1,,,,,3.478027,MEDIUM
ga,hfvrp_n030_m06_s02,30,6,1.000000,19345,1431.868150,2305.055163,3736.923313,0.000000,,,0,1,,,,,5.964989,BIG
ga,hfvrp_n030_m06_s02,30,6,1.000000,1787985990767664590,1246.889031,3599.711108,4846.600140,0.000000,,,0,1,,,,,0.101163,DEFAULT
ga,hfvrp_n030_m06_s02,30,6,1.000000,1787985995171366370,1759.533257,3157.623941,4917.157198,0.000000,,,0,1,,,,,0.016910,SMALL
ga,hfvrp_n030_m06_s05,30,6,1.000000,200,1377.323198,1689.722710,3067.045908,0.000000,,,0,1,,,,,1.985446,MEDIUM
ga,hfvrp_n030_m06_s02,30,6,1.000000,1787985999487251958,1283.426429,2212.996748,3496.423177,0.000000,,,0,1,,,,,1.992975,MEDIUM
ga,hfvrp_n030_m06_s04,30,6,1.000000,999,1467.731942,1821.331647,3289.063589,0.000000,,,0,1,,,,,5.863176,BIG
ga,hfvrp_n030_m06_s04,30,6,1.000000,1234,1666.948296,2085.198779,3752.147075,0.000000,,,0,1,,,,,0.101020,DEFAULT
ga,hfvrp_n030_m06_s04,30,6,1.000000,1234,1866.754393,2251.002652,4117.757045,0.000000,,,0,1,,,,,0.012129,SMALL
ga,hfvrp_n030_m06_s04,30,6,1.000000,1234,1554.241308,1802.734865,3356.976173,0.000000,,,0,1,,,,,1.948292,MEDIUM
ga,hfvrp_n030_m06_s03,30,6,1.000000,9999,1500.206026,1485.290433,2985.496460,0.000000,,,0,1,,,,,5.928815,BIG
ga,hfvrp_n050_m10_s02,50,10,1.000000,1787985864795703470,2811.399383,8155.435795,10966.835179,0.000000,,,0,1,,,,,10.492183,BIG
ga,hfvrp_n030_m06_s03,30,6,1.000000,19345,1420.666509,1877.744365,3298.410874,0.000000,,,0,1,,,,,0.095914,DEFAULT
ga,hfvrp_n030_m06_s03,30,6,1.000000,19345,1996.287612,2574.007696,4570.295309,0.000000,,,0,1,,,,,0.012692,SMALL
ga,hfvrp_n050_m10_s02,50,10,1.000000,1,3184.403867,10151.997302,13336.401168,0.000000,,,0,1,,,,,0.173028,DEFAULT
ga,hfvrp_n050_m10_s02,50,10,1.000000,1,3661.249971,15081.955045,18743.205016,0.000000,,,0,1,,,,,0.022542,SMALL
ga,hfvrp_n030_m06_s03,30,6,1.000000,19345,1600.211986,1930.472828,3530.684814,0.000000,,,0,1,,,,,1.983462,MEDIUM
ga,hfvrp_n030_m06_s05,30,6,1.000000,200,1356.105313,1631.184107,2987.289420,0.000000,,,0,1,,,,,5.939910,BIG
ga,hfvrp_n030_m06_s05,30,6,1.000000,999,1709.608681,2298.656932,4008.265613,0.000000,,,0,1,,,,,0.118721,DEFAULT
ga,hfvrp_n030_m06_s05,30,6,1.000000,999,1974.000270,2881.353605,4855.353876,0.000000,,,0,1,,,,,0.012208,SMALL
ga,hfvrp_n030_m06_s02,30,6,1.000000,1787986022963067541,1270.265226,2324.470270,3594.735496,0.000000,,,0,1,,,,,6.009061,BIG
ga,hfvrp_n050_m10_s03,50,10,1.000000,1787986252692218420,2961.489926,8119.257506,11080.747432,0.000000,,,0,1,,,,,0.166131,DEFAULT
ga,hfvrp_n050_m10_s03,50,10,1.000000,1787986257156787882,3573.607744,15661.619999,19235.227743,0.000000,,,0,1,,,,,0.021243,SMALL
ga,hfvrp_n050_m10_s02,50,10,1.000000,1,2791.117480,7306.255409,10097.372889,0.000000,,,0,1,,,,,3.443938,MEDIUM
ga,hfvrp_n030_m06_s05,30,6,1.000000,999,1505.152799,1687.100594,3192.253393,0.000000,,,0,1,,,,,1.978961,MEDIUM
ga,hfvrp_n050_m10_s01,50,10,1.000000,50,3183.083836,4156.833737,7339.917572,0.000000,,,0,1,,,,,10.451296,BIG
ga,hfvrp_n050_m10_s01,50,10,1.000000,75,3343.860392,5073.520030,8417.380422,0.000000,,,0,1,,,,,0.175444,DEFAULT
ga,hfvrp_n050_m10_s01,50,10,1.000000,75,4571.739330,7461.699698,12033.439027,0.000000,,,0,1,,,,,0.028579,SMALL
ga,hfvrp_n030_m06_s04,30,6,1.000000,1234,1307.636156,1849.845536,3157.481692,0.000000,,,0,1,,,,,6.009831,BIG
ga,hfvrp_n030_m06_s04,30,6,1.000000,9999,1501.928306,1771.364295,3273.292600,0.000000,,,0,1,,,,,0.103639,DEFAULT
ga,hfvrp_n030_m06_s04,30,6,1.000000,9999,1792.809898,1918.386511,3711.196410,0.000000,,,0,1,,,,,0.011353,SMALL
ga,hfvrp_n050_m10_s03,50,10,1.000000,1787986244301709064,2663.895633,6602.127932,9266.023566,0.000000,,,0,1,,,,,3.456198,MEDIUM
ga,hfvrp_n030_m06_s03,30,6,1.000000,19345,1526.642861,1273.529488,2800.172348,0.000000,,,0,1,,,,,5.940492,BIG
ga,hfvrp_n030_m06_s04,30,6,1.000000,9999,1684.564284,1843.791793,3528.356076,0.000000,,,0,1,,,,,1.955723,MEDIUM
ga,hfvrp_n030_m06_s03,30,6,1.000000,1787986355929627984,1710.518937,1633.539707,3344.058644,0.000000,,,0,1,,,,,0.101885,DEFAULT
ga,hfvrp_n030_m06_s03,30,6,1.000000,1787986351740125582,1961.193048,1693.782175,3654.975223,0.000000,,,0,1,,,,,0.012300,SMALL
ga,hfvrp_n050_m10_s01,50,10,1.000000,75,3352.254479,5084.278453,8436.532933,0.000000,,,0,1,,,,,3.497314,MEDIUM
ga,hfvrp_n030_m06_s03,30,6,1.000000,1787986347462693386,1510.501814,2024.804627,3535.306441,0.000000,,,0,1,,,,,1.934068,MEDIUM
ga,hfvrp_n030_m06_s05,30,6,1.000000,999,1444.703460,1680.532625,3125.236085,0.000000,,,0,1,,,,,5.977656,BIG
ga,hfvrp_n030_m06_s05,30,6,1.000000,1234,1349.202734,1723.420879,3072.623613,0.000000,,,0,1,,,,,0.102231,DEFAULT
ga,hfvrp_n030_m06_s05,30,6,1.000000,1234,1884.921396,2371.368404,4256.289800,0.000000,,,0,1,,,,,0.012575,SMALL
ga,hfvrp_n030_m06_s05,30,6,1.000000,1234,1456.389789,1857.307154,3313.696943,0.000000,,,0,1,,,,,2.050377,MEDIUM
ga,hfvrp_n030_m06_s04,30,6,1.000000,9999,1511.843010,1747.033496,3258.876506,0.000000,,,0,1,,,,,6.030653,BIG
ga,hfvrp_n030_m06_s04,30,6,1.000000,19345,1659.931247,1840.521979,3500.453226,0.000000,,,0,1,,,,,0.103273,DEFAULT
ga,hfvrp_n030_m06_s04,30,6,1.000000,19345,1909.706373,2235.615424,4145.321796,0.000000,,,0,1,,,,,0.012278,SMALL
ga,hfvrp_n050_m10_s02,50,10,1.000000,1,3049.951808,8229.007500,11278.959308,0.000000,,,0,1,,,,,10.436177,BIG
ga,hfvrp_n050_m10_s02,50,10,1.000000,10,3362.582169,9233.259400,12595.841569,0.000000,,,0,1,,,,,0.172947,DEFAULT
ga,hfvrp_n050_m10_s02,50,10,1.000000,10,3675.275632,12489.371999,16164.647631,0.000000,,,0,1,,,,,0.022260,SMALL
ga,hfvrp_n030_m06_s03,30,6,1.000000,1787986340815517465,1593.048133,1716.781094,3309.829227,0.000000,,,0,1,,,,,5.875061,BIG
ga,hfvrp_n030_m06_s04,30,6,1.000000,19345,1536.970771,1756.364484,3293.335254,0.000000,,,0,1,,,,,1.982605,MEDIUM
ga,hfvrp_n050_m10_s04,50,10,1.000000,1787986549180937122,3213.887995,6036.377217,9250.265212,0.000000,,,0,1,,,,,0.177138,DEFAULT
ga,hfvrp_n050_m10_s04,50,10,1.000000,1787986545066775812,4157.383665,8716.535973,12873.919638,0.000000,,,0,1,,,,,0.023393,SMALL
ga,hfvrp_n050_m10_s03,50,10,1.000000,1787986320780653272,2596.561326,6089.830750,8686.392076,0.000000,,,0,1,,,,,10.291446,BIG
ga,hfvrp_n050_m10_s03,50,10,1.000000,1,3016.966429,7222.316331,10239.282760,0.000000,,,0,1,,,,,0.175625,DEFAULT
ga,hfvrp_n050_m10_s03,50,10,1.000000,1,3029.257128,13047.194714,16076.451842,0.000000,,,0,1,,,,,0.026440,SMALL
ga,hfvrp_n030_m06_s05,30,6,1.000000,1234,1423.097150,1679.344001,3102.441152,0.000000,,,0,1,,,,,5.996118,BIG
ga,hfvrp_n050_m10_s02,50,10,1.000000,10,2821.887216,7809.483869,10631.371085,0.000000,,,0,1,,,,,3.440625,MEDIUM
ga,hfvrp_n030_m06_s05,30,6,1.000000,9999,1719.852564,1724.411117,3444.263681,0.000000,,,0,1,,,,,0.103186,DEFAULT
ga,hfvrp_n030_m06_s05,30,6,1.000000,9999,1858.024628,1824.090970,3682.115598,0.000000,,,0,1,,,,,0.017783,SMALL
ga,hfvrp_n050_m10_s01,50,10,1.000000,75,3137.870349,4602.454309,7740.324658,0.000000,,,0,1,,,,,10.440183,BIG
ga,hfvrp_n050_m10_s01,50,10,1.000000,100,3977.358041,5504.324250,9481.682290,0.000000,,,0,1,,,,,0.177041,DEFAULT
ga,hfvrp_n050_m10_s01,50,10,1.000000,100,4430.730915,8324.175911,12754.906827,0.000000,,,0,1,,,,,0.024487,SMALL
ga,hfvrp_n050_m10_s04,50,10,1.000000,1787986557978521464,2756.134720,5350.293733,8106.428453,0.000000,,,0,1,,,,,3.395169,MEDIUM
ga,hfvrp_n030_m06_s05,30,6,1.000000,9999,1606.252691,1792.441080,3398.693771,0.000000,,,0,1,,,,,1.999564,MEDIUM
ga,hfvrp_n050_m10_s03,50,10,1.000000,1,2495.016057,6267.503057,8762.519114,0.000000,,,0,1,,,,,3.473404,MEDIUM
ga,hfvrp_n030_m06_s04,30,6,1.000000,19345,1513.516460,1796.900266,3310.416725,0.000000,,,0,1,,,,,5.995749,BIG
ga,hfvrp_n030_m06_s04,30,6,1.000000,1787986675087558793,1449.162148,1797.744083,3246.906231,0.000000,,,0,1,,,,,0.104999,DEFAULT
ga,hfvrp_n030_m06_s04,30,6,1.000000,1787986679490602195,1830.995821,2436.047410,4267.043230,0.000000,,,0,1,,,,,0.013178,SMALL
ga,hfvrp_n050_m10_s01,50,10,1.000000,100,3076.452628,5288.938927,8365.391555,0.000000,,,0,1,,,,,3.483896,MEDIUM
ga,hfvrp_n030_m06_s04,30,6,1.000000,1787986700981633091,1569.840529,1759.494916,3329.335445,0.000000,,,0,1,,,,,1.959941,MEDIUM
ga,hfvrp_n030_m06_s05,30,6,1.000000,9999,1418.006845,1772.578490,3190.585335,0.000000,,,0,1,,,,,5.995819,BIG
ga,hfvrp_n030_m06_s05,30,6,1.000000,19345,1738.114885,1992.569974,3730.684858,0.000000,,,0,1,,,,,0.102732,DEFAULT
ga,hfvrp_n030_m06_s05,30,6,1.000000,19345,2011.532070,2265.656138,4277.188208,0.000000,,,0,1,,,,,0.017037,SMALL
ga,hfvrp_n050_m10_s02,50,10,1.000000,10,2593.832359,7524.299327,10118.131686,0.000000,,,0,1,,,,,10.478742,BIG
ga,hfvrp_n030_m06_s05,30,6,1.000000,19345,1454.340621,1675.212809,3129.553430,0.000000,,,0,1,,,,,2.049392,MEDIUM
ga,hfvrp_n050_m10_s02,50,10,1.000000,50,3342.559782,10348.534460,13691.094242,0.000000,,,0,1,,,,,0.177884,DEFAULT
ga,hfvrp_n050_m10_s02,50,10,1.000000,50,3833.679998,16880.059274,20713.739271,0.000000,,,0,1,,,,,0.024789,SMALL
ga,hfvrp_n030_m06_s04,30,6,1.000000,1787986694355543771,1556.595513,1765.539432,3322.134945,0.000000,,,0,1,,,,,5.974109,BIG
ga,hfvrp_n050_m10_s04,50,10,1.000000,1787986582857199942,2707.263051,5446.523189,8153.786239,0.000000,,,0,1,,,,,10.375233,BIG
ga,hfvrp_n050_m10_s05,50,10,1.000000,1787986825383171667,3615.932750,6880.059746,10495.992496,0.000000,,,0,1,,,,,0.174501,DEFAULT
ga,hfvrp_n050_m10_s05,50,10,1.000000,1787986795496725322,4173.513508,9915.665559,14089.179067,0.000000,,,0,1,,,,,0.024299,SMALL
ga,hfvrp_n050_m10_s04,50,10,1.000000,1,3053.814092,6247.645008,9301.459100,0.000000,,,0,1,,,,,0.174968,DEFAULT
ga,hfvrp_n050_m10_s04,50,10,1.000000,1,4265.456065,7096.813006,11362.269072,0.000000,,,0,1,,,,,0.030717,SMALL
ga,hfvrp_n050_m10_s03,50,10,1.000000,1,2512.639556,6099.866676,8612.506232,0.000000,,,0,1,,,,,10.519992,BIG
ga,hfvrp_n050_m10_s03,50,10,1.000000,10,2714.871261,8054.127599,10768.998859,0.000000,,,0,1,,,,,0.170444,DEFAULT
ga,hfvrp_n050_m10_s03,50,10,1.000000,10,2952.942914,12719.345670,15672.288584,0.000000,,,0,1,,,,,0.026243,SMALL
ga,hfvrp_n050_m10_s02,50,10,1.000000,50,3064.930076,7890.627281,10955.557357,0.000000,,,0,1,,,,,3.502444,MEDIUM
ga,hfvrp_n050_m10_s01,50,10,1.000000,100,2965.224074,4316.230923,7281.454997,0.000000,,,0,1,,,,,10.423040,BIG
ga,hfvrp_n050_m10_s01,50,10,1.000000,200,3394.937124,5738.630497,9133.567622,0.000000,,,0,1,,,,,0.170151,DEFAULT
ga,hfvrp_n050_m10_s05,50,10,1.000000,1787986799824510304,2891.224507,6203.150813,9094.375320,0.000000,,,0,1,,,,,3.419754,MEDIUM
ga,hfvrp_n050_m10_s01,50,10,1.000000,200,5165.289521,9094.756315,14260.045836,0.000000,,,0,1,,,,,0.028687,SMALL
ga,hfvrp_n050_m10_s04,50,10,1.000000,1,2953.759281,5630.154279,8583.913560,0.000000,,,0,1,,,,,3.358292,MEDIUM
ga,hfvrp_n030_m06_s05,30,6,1.000000,19345,1733.143816,1895.542315,3628.686131,0.000000,,,0,1,,,,,6.077750,BIG
ga,hfvrp_n030_m06_s05,30,6,1.000000,1787986980375662303,1587.627011,1619.166770,3206.793781,0.000000,,,0,1,,,,,0.102052,DEFAULT
ga,hfvrp_n030_m06_s05,30,6,1.000000,1787986976188627194,2045.092365,2391.692931,4436.785297,0.000000,,,0,1,,,,,0.017414,SMALL
ga,hfvrp_n050_m10_s03,50,10,1.000000,10,2728.260584,6356.788921,9085.049505,0.000000,,,0,1,,,,,3.395554,MEDIUM
ga,hfvrp_n030_m06_s05,30,6,1.000000,1787986954735891065,1728.507579,1677.000180,3405.507759,0.000000,,,0,1,,,,,2.035548,MEDIUM
ga,hfvrp_n050_m10_s01,50,10,1.000000,200,3202.698334,4876.015358,8078.713693,0.000000,,,0,1,,,,,3.428232,MEDIUM
ga,hfvrp_n030_m06_s05,30,6,1.000000,1787986965364652673,1468.586670,1679.167020,3147.753690,0.000000,,,0,1,,,,,6.039299,BIG
ga,hfvrp_n050_m10_s02,50,10,1.000000,50,2755.512793,8686.226553,11441.739346,0.000000,,,0,1,,,,,10.365814,BIG
ga,hfvrp_n050_m10_s02,50,10,1.000000,75,3310.126860,10318.032495,13628.159355,0.000000,,,0,1,,,,,0.177708,DEFAULT
ga,hfvrp_n050_m10_s02,50,10,1.000000,75,3976.426573,13419.823775,17396.250349,0.000000,,,0,1,,,,,0.028553,SMALL
ga,hfvrp_n050_m10_s05,50,10,1.000000,1787986871971587975,2966.940748,5178.144002,8145.084750,0.000000,,,0,1,,,,,10.327851,BIG
ga,hfvrp_n075_m15_s01,75,15,1.000000,1787987006745600052,5840.701878,4761.897818,10602.599696,0.000000,,,0,1,,,,,0.295516,DEFAULT
ga,hfvrp_n075_m15_s01,75,15,1.000000,1787987114421623393,9514.484441,8442.992053,17957.476494,0.000000,,,0,1,,,,,0.045569,SMALL
ga,hfvrp_n050_m10_s04,50,10,1.000000,1,2726.219132,5376.364819,8102.583952,0.000000,,,0,1,,,,,10.304198,BIG
ga,hfvrp_n050_m10_s05,50,10,1.000000,1,3634.336371,7520.613254,11154.949625,0.000000,,,0,1,,,,,0.171549,DEFAULT
ga,hfvrp_n050_m10_s05,50,10,1.000000,1,4624.937320,9008.984150,13633.921470,0.000000,,,0,1,,,,,0.025130,SMALL
ga,hfvrp_n050_m10_s04,50,10,1.000000,10,3026.834555,6259.489983,9286.324539,0.000000,,,0,1,,,,,0.175637,DEFAULT
ga,hfvrp_n050_m10_s04,50,10,1.000000,10,3884.531135,8084.305114,11968.836249,0.000000,,,0,1,,,,,0.029956,SMALL
ga,hfvrp_n050_m10_s03,50,10,1.000000,10,2600.629858,5818.630687,8419.260546,0.000000,,,0,1,,,,,10.730995,BIG
ga,hfvrp_n050_m10_s03,50,10,1.000000,50,2817.731134,7144.793742,9962.524877,0.000000,,,0,1,,,,,0.173845,DEFAULT
ga,hfvrp_n050_m10_s03,50,10,1.000000,50,2929.349094,11801.427524,14730.776618,0.000000,,,0,1,,,,,0.025822,SMALL
ga,hfvrp_n050_m10_s02,50,10,1.000000,75,2766.730440,8192.482483,10959.212923,0.000000,,,0,1,,,,,3.487661,MEDIUM
ga,hfvrp_n050_m10_s01,50,10,1.000000,200,3140.891878,4937.831959,8078.723837,0.000000,,,0,1,,,,,10.475164,BIG
ga,hfvrp_n050_m10_s05,50,10,1.000000,1,3055.708239,6322.133797,9377.842036,0.000000,,,0,1,,,,,3.373454,MEDIUM
ga,hfvrp_n050_m10_s01,50,10,1.000000,999,3290.810322,6269.387039,9560.197361,0.000000,,,0,1,,,,,0.173667,DEFAULT
ga,hfvrp_n050_m10_s01,50,10,1.000000,999,4889.602822,9121.211710,14010.814532,0.000000,,,0,1,,,,,0.029612,SMALL
ga,hfvrp_n050_m10_s04,50,10,1.000000,10,3390.570993,6360.553905,9751.124897,0.000000,,,0,1,,,,,3.463837,MEDIUM
ga,hfvrp_n075_m15_s01,75,15,1.000000,1787987110176176047,4537.441347,3917.907024,8455.348371,0.000000,,,0,1,,,,,5.500308,MEDIUM
ga,hfvrp_n050_m10_s03,50,10,1.000000,50,2624.225200,5940.095806,8564.321006,0.000000,,,0,1,,,,,3.427656,MEDIUM
ga,hfvrp_n050_m10_s01,50,10,1.000000,999,3366.100742,4441.301979,7807.402720,0.000000,,,0,1,,,,,3.428753,MEDIUM
ga,hfvrp_n050_m10_s02,50,10,1.000000,75,2811.599161,7865.719894,10677.319055,0.000000,,,0,1,,,,,10.563961,BIG
ga,hfvrp_n050_m10_s05,50,10,1.000000,1,3062.889522,5884.941087,8947.830609,0.000000,,,0,1,,,,,10.398083,BIG
ga,hfvrp_n050_m10_s02,50,10,1.000000,100,3161.854813,10085.345053,13247.199866,0.000000,,,0,1,,,,,0.170779,DEFAULT
ga,hfvrp_n050_m10_s02,50,10,1.000000,100,3267.405280,11557.032650,14824.437930,0.000000,,,0,1,,,,,0.027304,SMALL
ga,hfvrp_n050_m10_s04,50,10,1.000000,10,2814.576297,5435.954553,8250.530850,0.000000,,,0,1,,,,,10.284069,BIG
ga,hfvrp_n050_m10_s05,50,10,1.000000,10,3110.705172,7803.703785,10914.408957,0.000000,,,0,1,,,,,0.172260,DEFAULT
ga,hfvrp_n050_m10_s05,50,10,1.000000,10,3454.244730,10638.163368,14092.408099,0.000000,,,0,1,,,,,0.028148,SMALL
ga,hfvrp_n050_m10_s04,50,10,1.000000,50,3140.687707,6140.074184,9280.761891,0.000000,,,0,1,,,,,0.179424,DEFAULT
ga,hfvrp_n050_m10_s04,50,10,1.000000,50,3578.718409,9985.537918,13564.256327,0.000000,,,0,1,,,,,0.028867,SMALL
ga,hfvrp_n050_m10_s03,50,10,1.000000,50,2426.175381,6024.775760,8450.951141,0.000000,,,0,1,,,,,10.437971,BIG
ga,hfvrp_n050_m10_s03,50,10,1.000000,75,3342.699966,8781.620057,12124.320023,0.000000,,,0,1,,,,,0.172113,DEFAULT
ga,hfvrp_n050_m10_s03,50,10,1.000000,75,3338.190327,11883.811553,15222.001880,0.000000,,,0,1,,,,,0.023266,SMALL
ga,hfvrp_n050_m10_s01,50,10,1.000000,999,3138.712755,4720.584167,7859.296922,0.000000,,,0,1,,,,,10.438810,BIG
ga,hfvrp_n050_m10_s02,50,10,1.000000,100,3120.489485,8287.707524,11408.197008,0.000000,,,0,1,,,,,3.476579,MEDIUM
ga,hfvrp_n050_m10_s01,50,10,1.000000,1234,3306.399929,5375.176664,8681.576593,0.000000,,,0,1,,,,,0.177391,DEFAULT
ga,hfvrp_n050_m10_s05,50,10,1.000000,10,3243.548280,6963.118721,10206.667001,0.000000,,,0,1,,,,,3.456728,MEDIUM
ga,hfvrp_n050_m10_s01,50,10,1.000000,1234,4727.132831,7384.961974,12112.094805,0.000000,,,0,1,,,,,0.029048,SMALL
ga,hfvrp_n050_m10_s04,50,10,1.000000,50,2978.485597,5896.072965,8874.558562,0.000000,,,0,1,,,,,3.410598,MEDIUM
ga,hfvrp_n050_m10_s03,50,10,1.000000,75,2836.410880,6264.316749,9100.727629,0.000000,,,0,1,,,,,3.475637,MEDIUM
ga,hfvrp_n050_m10_s01,50,10,1.000000,1234,3124.094658,4626.630295,7750.724953,0.000000,,,0,1,,,,,3.436897,MEDIUM
ga,hfvrp_n075_m15_s01,75,15,1.000000,1787987115680606711,4959.192638,4125.625584,9084.818222,0.000000,,,0,1,,,,,16.614057,BIG
ga,hfvrp_n075_m15_s01,75,15,1.000000,1,5909.487389,4284.479375,10193.966765,0.000000,,,0,1,,,,,0.276854,DEFAULT
ga,hfvrp_n075_m15_s01,75,15,1.000000,1,7158.838294,8903.000983,16061.839277,0.000000,,,0,1,,,,,0.038510,SMALL
ga,hfvrp_n050_m10_s02,50,10,1.000000,100,2812.214109,7522.666745,10334.880855,0.000000,,,0,1,,,,,10.490589,BIG
ga,hfvrp_n050_m10_s05,50,10,1.000000,10,2885.117909,5782.498796,8667.616705,0.000000,,,0,1,,,,,10.502159,BIG
ga,hfvrp_n075_m15_s01,75,15,1.000000,1,4856.704611,4215.201267,9071.905878,0.000000,,,0,1,,,,,5.580622,MEDIUM
ga,hfvrp_n050_m10_s04,50,10,1.000000,50,2684.608492,5460.603113,8145.211605,0.000000,,,0,1,,,,,10.384597,BIG
ga,hfvrp_n050_m10_s02,50,10,1.000000,200,2950.778264,8731.266583,11682.044847,0.000000,,,0,1,,,,,0.174913,DEFAULT
ga,hfvrp_n050_m10_s02,50,10,1.000000,200,4021.809022,13523.862755,17545.671777,0.000000,,,0,1,,,,,0.024687,SMALL
ga,hfvrp_n050_m10_s05,50,10,1.000000,50,3538.564528,6930.660401,10469.224929,0.000000,,,0,1,,,,,0.170244,DEFAULT
ga,hfvrp_n050_m10_s05,50,10,1.000000,50,4399.491755,10208.608743,14608.100498,0.000000,,,0,1,,,,,0.026424,SMALL
ga,hfvrp_n050_m10_s04,50,10,1.000000,75,3590.043562,7951.751457,11541.795018,0.000000,,,0,1,,,,,0.179342,DEFAULT
ga,hfvrp_n050_m10_s04,50,10,1.000000,75,4141.443720,8252.352663,12393.796384,0.000000,,,0,1,,,,,0.027549,SMALL
ga,hfvrp_n050_m10_s03,50,10,1.000000,75,2808.264800,6942.860567,9751.125366,0.000000,,,0,1,,,,,10.317571,BIG
ga,hfvrp_n050_m10_s03,50,10,1.000000,100,2849.907297,8383.545029,11233.452326,0.000000,,,0,1,,,,,0.164981,DEFAULT
ga,hfvrp_n050_m10_s03,50,10,1.000000,100,2963.086717,13600.700491,16563.787208,0.000000,,,0,1,,,,,0.021148,SMALL
ga,hfvrp_n050_m10_s01,50,10,1.000000,1234,3051.771607,4630.131201,7681.902808,0.000000,,,0,1,,,,,10.322007,BIG
ga,hfvrp_n050_m10_s01,50,10,1.000000,9999,3605.252263,4956.919930,8562.172193,0.000000,,,0,1,,,,,0.171476,DEFAULT
ga,hfvrp_n050_m10_s01,50,10,1.000000,9999,4313.246040,7548.874039,11862.120079,0.000000,,,0,1,,,,,0.029121,SMALL
ga,hfvrp_n050_m10_s02,50,10,1.000000,200,2950.084771,7762.926861,10713.011632,0.000000,,,0,1,,,,,3.458355,MEDIUM
ga,hfvrp_n050_m10_s05,50,10,1.000000,50,3015.099913,6127.709680,9142.809593,0.000000,,,0,1,,,,,3.463648,MEDIUM
ga,hfvrp_n050_m10_s04,50,10,1.000000,75,3035.417271,5595.453538,8630.870809,0.000000,,,0,1,,,,,3.474347,MEDIUM
ga,hfvrp_n050_m10_s03,50,10,1.000000,100,2681.325357,6115.895539,8797.220895,0.000000,,,0,1,,,,,3.400274,MEDIUM
ga,hfvrp_n050_m10_s01,50,10,1.000000,9999,2909.243456,4576.667693,7485.911149,0.000000,,,0,1,,,,,3.409073,MEDIUM
ga,hfvrp_n050_m10_s02,50,10,1.000000,200,2977.286478,7598.807263,10576.093741,0.000000,,,0,1,,,,,10.442798,BIG
ga,hfvrp_n050_m10_s05,50,10,1.000000,50,2797.552100,6368.363384,9165.915484,0.000000,,,0,1,,,,,10.397483,BIG
ga,hfvrp_n050_m10_s04,50,10,1.000000,75,2767.485252,5310.280195,8077.765447,0.000000,,,0,1,,,,,10.364630,BIG
ga,hfvrp_n050_m10_s05,50,10,1.000000,75,3728.399193,7277.148205,11005.547397,0.000000,,,0,1,,,,,0.173093,DEFAULT
ga,hfvrp_n050_m10_s02,50,10,1.000000,999,3247.283641,10690.174084,13937.457725,0.000000,,,0,1,,,,,0.172664,DEFAULT
ga,hfvrp_n050_m10_s05,50,10,1.000000,75,4048.163442,12191.735753,16239.899195,0.000000,,,0,1,,,,,0.023919,SMALL
ga,hfvrp_n050_m10_s02,50,10,1.000000,999,4070.553859,11267.453754,15338.007612,0.000000,,,0,1,,,,,0.025522,SMALL
ga,hfvrp_n050_m10_s04,50,10,1.000000,100,3017.738713,6204.043591,9221.782304,0.000000,,,0,1,,,,,0.177718,DEFAULT
ga,hfvrp_n050_m10_s04,50,10,1.000000,100,3585.394693,8362.149119,11947.543813,0.000000,,,0,1,,,,,0.024869,SMALL
ga,hfvrp_n050_m10_s03,50,10,1.000000,100,3033.014345,5870.476634,8903.490979,0.000000,,,0,1,,,,,10.433983,BIG
ga,hfvrp_n050_m10_s03,50,10,1.000000,200,2903.488858,8364.224890,11267.713748,0.000000,,,0,1,,,,,0.166787,DEFAULT
ga,hfvrp_n050_m10_s03,50,10,1.000000,200,3011.640599,13361.675903,16373.316502,0.000000,,,0,1,,,,,0.023387,SMALL
ga,hfvrp_n075_m15_s01,75,15,1.000000,1,4450.248901,3883.067882,8333.316782,0.000000,,,0,1,,,,,17.024723,BIG
ga,hfvrp_n050_m10_s01,50,10,1.000000,9999,2835.862466,4499.159545,7335.022011,0.000000,,,0,1,,,,,10.365196,BIG
ga,hfvrp_n050_m10_s01,50,10,1.000000,19345,3783.308682,6212.146094,9995.454776,0.000000,,,0,1,,,,,0.175699,DEFAULT
ga,hfvrp_n050_m10_s01,50,10,1.000000,19345,4374.100986,7166.562789,11540.663775,0.000000,,,0,1,,,,,0.024666,SMALL
ga,hfvrp_n075_m15_s01,75,15,1.000000,10,5252.471625,4720.886280,9973.357905,0.000000,,,0,1,,,,,0.283971,DEFAULT
ga,hfvrp_n075_m15_s01,75,15,1.000000,10,6780.076769,8462.456051,15242.532821,0.000000,,,0,1,,,,,0.046641,SMALL
ga,hfvrp_n050_m10_s05,50,10,1.000000,75,2821.200353,6059.067368,8880.267721,0.000000,,,0,1,,,,,3.431856,MEDIUM
ga,hfvrp_n050_m10_s02,50,10,1.000000,999,2727.618121,7700.072014,10427.690136,0.000000,,,0,1,,,,,3.447390,MEDIUM
ga,hfvrp_n050_m10_s04,50,10,1.000000,100,3147.860621,6091.521670,9239.382290,0.000000,,,0,1,,,,,3.456152,MEDIUM
ga,hfvrp_n050_m10_s03,50,10,1.000000,200,2877.331852,6304.812852,9182.144704,0.000000,,,0,1,,,,,3.472843,MEDIUM
ga,hfvrp_n050_m10_s01,50,10,1.000000,19345,3170.474313,4544.928227,7715.402540,0.000000,,,0,1,,,,,3.481903,MEDIUM
ga,hfvrp_n075_m15_s01,75,15,1.000000,10,4196.664635,4215.371195,8412.035830,0.000000,,,0,1,,,,,5.531771,MEDIUM
ga,hfvrp_n050_m10_s05,50,10,1.000000,75,3179.209566,5086.537784,8265.747349,0.000000,,,0,1,,,,,10.437862,BIG
ga,hfvrp_n050_m10_s02,50,10,1.000000,999,3089.169940,8530.103342,11619.273282,0.000000,,,0,1,,,,,10.440484,BIG
ga,hfvrp_n050_m10_s05,50,10,1.000000,100,3137.768021,6913.889087,10051.657108,0.000000,,,0,1,,,,,0.173425,DEFAULT
ga,hfvrp_n050_m10_s05,50,10,1.000000,100,3245.009642,13323.367512,16568.377154,0.000000,,,0,1,,,,,0.027339,SMALL
ga,hfvrp_n050_m10_s04,50,10,1.000000,100,2537.076104,5227.177847,7764.253950,0.000000,,,0,1,,,,,10.473122,BIG
ga,hfvrp_n050_m10_s02,50,10,1.000000,1234,3962.074601,9839.029140,13801.103741,0.000000,,,0,1,,,,,0.179746,DEFAULT
ga,hfvrp_n050_m10_s02,50,10,1.000000,1234,3739.699813,12703.355410,16443.055223,0.000000,,,0,1,,,,,0.024634,SMALL
ga,hfvrp_n050_m10_s04,50,10,1.000000,200,3074.108533,6531.961812,9606.070345,0.000000,,,0,1,,,,,0.173203,DEFAULT
ga,hfvrp_n050_m10_s03,50,10,1.000000,200,2532.377510,5784.716723,8317.094234,0.000000,,,0,1,,,,,10.514896,BIG
ga,hfvrp_n050_m10_s04,50,10,1.000000,200,4218.722655,10196.978520,14415.701176,0.000000,,,0,1,,,,,0.026400,SMALL
ga,hfvrp_n050_m10_s03,50,10,1.000000,999,2960.892761,7736.595120,10697.487881,0.000000,,,0,1,,,,,0.183537,DEFAULT
ga,hfvrp_n050_m10_s03,50,10,1.000000,999,3129.220054,14177.198728,17306.418782,0.000000,,,0,1,,,,,0.025569,SMALL
ga,hfvrp_n050_m10_s01,50,10,1.000000,19345,3274.669438,4231.549690,7506.219128,0.000000,,,0,1,,,,,10.466114,BIG
ga,hfvrp_n050_m10_s01,50,10,1.000000,1787987974729386458,3350.928008,5628.612563,8979.540571,0.000000,,,0,1,,,,,0.172258,DEFAULT
ga,hfvrp_n050_m10_s01,50,10,1.000000,1787987962024967409,4403.306392,8449.500051,12852.806443,0.000000,,,0,1,,,,,0.027311,SMALL
ga,hfvrp_n050_m10_s05,50,10,1.000000,100,3017.477639,5536.026214,8553.503853,0.000000,,,0,1,,,,,3.458021,MEDIUM
ga,hfvrp_n050_m10_s02,50,10,1.000000,1234,2676.216744,8884.122056,11560.338800,0.000000,,,0,1,,,,,3.402833,MEDIUM
ga,hfvrp_n050_m10_s04,50,10,1.000000,200,2930.702190,5850.785696,8781.487885,0.000000,,,0,1,,,,,3.426607,MEDIUM
ga,hfvrp_n050_m10_s03,50,10,1.000000,999,2698.092057,6501.380212,9199.472269,0.000000,,,0,1,,,,,3.425287,MEDIUM
ga,hfvrp_n050_m10_s01,50,10,1.000000,1787987966351742923,3346.550936,4854.895162,8201.446098,0.000000,,,0,1,,,,,3.425767,MEDIUM
ga,hfvrp_n075_m15_s01,75,15,1.000000,10,4677.806710,3797.686320,8475.493029,0.000000,,,0,1,,,,,17.351921,BIG
ga,hfvrp_n075_m15_s01,75,15,1.000000,50,7108.723509,5398.451335,12507.174844,0.000000,,,0,1,,,,,0.278071,DEFAULT
ga,hfvrp_n075_m15_s01,75,15,1.000000,50,8113.460015,7204.907013,15318.367028,0.000000,,,0,1,,,,,0.043542,SMALL
ga,hfvrp_n050_m10_s05,50,10,1.000000,100,3067.645898,5454.381467,8522.027365,0.000000,,,0,1,,,,,10.428398,BIG
ga,hfvrp_n050_m10_s02,50,10,1.000000,1234,2825.060610,8035.324626,10860.385236,0.000000,,,0,1,,,,,10.453736,BIG
ga,hfvrp_n050_m10_s05,50,10,1.000000,200,3581.490914,5800.924828,9382.415742,0.000000,,,0,1,,,,,0.171387,DEFAULT
ga,hfvrp_n050_m10_s05,50,10,1.000000,200,3876.928187,9189.209345,13066.137532,0.000000,,,0,1,,,,,0.027083,SMALL
ga,hfvrp_n050_m10_s04,50,10,1.000000,200,2824.386364,5984.091129,8808.477493,0.000000,,,0,1,,,,,10.377521,BIG
ga,hfvrp_n050_m10_s02,50,10,1.000000,9999,3039.036896,9485.238456,12524.275353,0.000000,,,0,1,,,,,0.178274,DEFAULT
ga,hfvrp_n050_m10_s02,50,10,1.000000,9999,3955.421771,13606.527853,17561.949624,0.000000,,,0,1,,,,,0.023819,SMALL
ga,hfvrp_n050_m10_s03,50,10,1.000000,999,2409.956129,5989.454373,8399.410502,0.000000,,,0,1,,,,,10.545186,BIG
ga,hfvrp_n050_m10_s04,50,10,1.000000,999,3323.508214,7359.738532,10683.246746,0.000000,,,0,1,,,,,0.183257,DEFAULT
ga,hfvrp_n050_m10_s04,50,10,1.000000,999,3725.813271,8194.206884,11920.020155,0.000000,,,0,1,,,,,0.029613,SMALL
ga,hfvrp_n050_m10_s03,50,10,1.000000,1234,2609.245909,7811.470761,10420.716670,0.000000,,,0,1,,,,,0.172507,DEFAULT
ga,hfvrp_n050_m10_s03,50,10,1.000000,1234,3400.427267,12606.995513,16007.422779,0.000000,,,0,1,,,,,0.022873,SMALL
ga,hfvrp_n050_m10_s01,50,10,1.000000,1787987939717002485,3025.232722,4154.529284,7179.762006,0.000000,,,0,1,,,,,10.463910,BIG
ga,hfvrp_n050_m10_s05,50,10,1.000000,200,3300.650188,6402.203186,9702.853375,0.000000,,,0,1,,,,,3.435406,MEDIUM
ga,hfvrp_n050_m10_s02,50,10,1.000000,9999,2868.586822,8466.031035,11334.617857,0.000000,,,0,1,,,,,3.485919,MEDIUM
ga,hfvrp_n075_m15_s01,75,15,1.000000,50,4757.613571,3748.531915,8506.145486,0.000000,,,0,1,,,,,5.640044,MEDIUM
ga,hfvrp_n075_m15_s02,75,15,1.000000,1787988299628666340,7460.188550,12082.219713,19542.408263,0.000000,,,0,1,,,,,0.284376,DEFAULT
ga,hfvrp_n075_m15_s02,75,15,1.000000,1787988308506956534,8460.573929,21665.765491,30126.339420,0.000000,,,0,1,,,,,0.035252,SMALL
ga,hfvrp_n050_m10_s04,50,10,1.000000,999,2853.776600,5235.313562,8089.090162,0.000000,,,0,1,,,,,3.416319,MEDIUM
ga,hfvrp_n050_m10_s03,50,10,1.000000,1234,2990.545762,6917.426119,9907.971882,0.000000,,,0,1,,,,,3.387625,MEDIUM
ga,hfvrp_n075_m15_s02,75,15,1.000000,1787988321435975078,5921.635868,8004.120322,13925.756190,0.000000,,,0,1,,,,,5.548323,MEDIUM
ga,hfvrp_n050_m10_s05,50,10,1.000000,200,3067.448973,5746.479570,8813.928544,0.000000,,,0,1,,,,,10.346123,BIG
ga,hfvrp_n050_m10_s02,50,10,1.000000,9999,2769.638474,8033.572999,10803.211474,0.000000,,,0,1,,,,,10.353750,BIG
ga,hfvrp_n050_m10_s05,50,10,1.000000,999,3497.461793,6054.182640,9551.644433,0.000000,,,0,1,,,,,0.173817,DEFAULT
ga,hfvrp_n050_m10_s05,50,10,1.000000,999,3978.190349,8198.554166,12176.744515,0.000000,,,0,1,,,,,0.023330,SMALL
ga,hfvrp_n050_m10_s04,50,10,1.000000,999,2664.309508,5493.086848,8157.396356,0.000000,,,0,1,,,,,10.400180,BIG
ga,hfvrp_n050_m10_s02,50,10,1.000000,19345,2995.098692,9788.406705,12783.505397,0.000000,,,0,1,,,,,0.183970,DEFAULT
ga,hfvrp_n050_m10_s02,50,10,1.000000,19345,3400.779538,13671.819065,17072.598603,0.000000,,,0,1,,,,,0.024651,SMALL
ga,hfvrp_n050_m10_s03,50,10,1.000000,1234,3183.385478,6254.271556,9437.657035,0.000000,,,0,1,,,,,10.255141,BIG
ga,hfvrp_n050_m10_s04,50,10,1.000000,1234,2845.404747,6274.392602,9119.797349,0.000000,,,0,1,,,,,0.177920,DEFAULT
ga,hfvrp_n050_m10_s03,50,10,1.000000,9999,2955.736567,8769.263126,11724.999693,0.000000,,,0,1,,,,,0.169229,DEFAULT
ga,hfvrp_n050_m10_s04,50,10,1.000000,1234,3992.767288,7549.831699,11542.598987,0.000000,,,0,1,,,,,0.029237,SMALL
ga,hfvrp_n050_m10_s03,50,10,1.000000,9999,3120.527285,11638.933338,14759.460622,0.000000,,,0,1,,,,,0.025822,SMALL
ga,hfvrp_n050_m10_s05,50,10,1.000000,999,3162.052448,5937.941808,9099.994256,0.000000,,,0,1,,,,,3.472209,MEDIUM
ga,hfvrp_n050_m10_s02,50,10,1.000000,19345,2998.420272,7970.419630,10968.839902,0.000000,,,0,1,,,,,3.465823,MEDIUM
ga,hfvrp_n050_m10_s04,50,10,1.000000,1234,2823.732333,5117.318856,7941.051188,0.000000,,,0,1,,,,,3.439038,MEDIUM
ga,hfvrp_n050_m10_s03,50,10,1.000000,9999,2563.956047,5990.209255,8554.165302,0.000000,,,0,1,,,,,3.446500,MEDIUM
ga,hfvrp_n075_m15_s01,75,15,1.000000,50,4362.431069,3910.593404,8273.024473,0.000000,,,0,1,,,,,16.721457,BIG
ga,hfvrp_n075_m15_s01,75,15,1.000000,75,5188.311496,5964.141157,11152.452653,0.000000,,,0,1,,,,,0.279337,DEFAULT
ga,hfvrp_n075_m15_s01,75,15,1.000000,75,6342.506802,7556.509892,13899.016694,0.000000,,,0,1,,,,,0.042067,SMALL
ga,hfvrp_n075_m15_s02,75,15,1.000000,1787988331288108976,5089.832848,7651.160273,12740.993121,0.000000,,,0,1,,,,,16.717400,BIG
ga,hfvrp_n075_m15_s01,75,15,1.000000,75,5151.170545,3964.985478,9116.156022,0.000000,,,0,1,,,,,5.643279,MEDIUM
ga,hfvrp_n050_m10_s05,50,10,1.000000,999,2915.703838,5786.110917,8701.814755,0.000000,,,0,1,,,,,10.311326,BIG
ga,hfvrp_n075_m15_s02,75,15,1.000000,1,6880.232280,11851.145306,18731.377586,0.000000,,,0,1,,,,,0.278519,DEFAULT
ga,hfvrp_n075_m15_s02,75,15,1.000000,1,8762.871547,19410.293703,28173.165250,0.000000,,,0,1,,,,,0.040108,SMALL
ga,hfvrp_n050_m10_s05,50,10,1.000000,1234,3674.459709,6689.954034,10364.413743,0.000000,,,0,1,,,,,0.170911,DEFAULT
ga,hfvrp_n050_m10_s05,50,10,1.000000,1234,4054.147659,9745.963402,13800.111061,0.000000,,,0,1,,,,,0.023699,SMALL
ga,hfvrp_n050_m10_s02,50,10,1.000000,19345,3059.487365,8392.793249,11452.280615,0.000000,,,0,1,,,,,10.583108,BIG
ga,hfvrp_n050_m10_s04,50,10,1.000000,1234,2771.742318,5427.765689,8199.508007,0.000000,,,0,1,,,,,10.361822,BIG
ga,hfvrp_n050_m10_s03,50,10,1.000000,9999,3006.528286,7070.708031,10077.236317,0.000000,,,0,1,,,,,10.395832,BIG
ga,hfvrp_n050_m10_s02,50,10,1.000000,1787988613092997658,2826.205388,10970.702372,13796.907759,0.000000,,,0,1,,,,,0.169756,DEFAULT
ga,hfvrp_n050_m10_s02,50,10,1.000000,1787988608971645359,3655.831712,13396.596719,17052.428431,0.000000,,,0,1,,,,,0.023407,SMALL
ga,hfvrp_n050_m10_s03,50,10,1.000000,19345,2634.344362,7914.333351,10548.677713,0.000000,,,0,1,,,,,0.170896,DEFAULT
ga,hfvrp_n050_m10_s03,50,10,1.000000,19345,2697.533196,11043.301433,13740.834629,0.000000,,,0,1,,,,,0.024439,SMALL
ga,hfvrp_n050_m10_s04,50,10,1.000000,9999,3052.096558,5763.487561,8815.584119,0.000000,,,0,1,,,,,0.175589,DEFAULT
ga,hfvrp_n050_m10_s04,50,10,1.000000,9999,3807.064797,8140.763791,11947.828588,0.000000,,,0,1,,,,,0.024033,SMALL
ga,hfvrp_n050_m10_s05,50,10,1.000000,1234,3360.621248,5916.744554,9277.365802,0.000000,,,0,1,,,,,3.448963,MEDIUM
ga,hfvrp_n050_m10_s02,50,10,1.000000,1787988604703866276,2761.469012,8250.037317,11011.506328,0.000000,,,0,1,,,,,3.423818,MEDIUM
ga,hfvrp_n050_m10_s03,50,10,1.000000,19345,2772.605229,5855.841384,8628.446614,0.000000,,,0,1,,,,,3.479894,MEDIUM
ga,hfvrp_n050_m10_s04,50,10,1.000000,9999,2742.041690,6304.556624,9046.598314,0.000000,,,0,1,,,,,3.377075,MEDIUM
ga,hfvrp_n075_m15_s02,75,15,1.000000,1,5203.015409,8890.815956,14093.831364,0.000000,,,0,1,,,,,5.711998,MEDIUM
ga,hfvrp_n050_m10_s05,50,10,1.000000,1234,3021.551303,5480.392770,8501.944073,0.000000,,,0,1,,,,,10.370891,BIG
ga,hfvrp_n050_m10_s05,50,10,1.000000,9999,3197.483563,6683.149121,9880.632684,0.000000,,,0,1,,,,,0.174864,DEFAULT
ga,hfvrp_n050_m10_s05,50,10,1.000000,9999,4339.700130,11038.568727,15378.268858,0.000000,,,0,1,,,,,0.023971,SMALL
ga,hfvrp_n050_m10_s02,50,10,1.000000,1787988694030949053,3011.653184,7279.172397,10290.825581,0.000000,,,0,1,,,,,10.343755,BIG
ga,hfvrp_n050_m10_s04,50,10,1.000000,9999,2660.914673,5537.202465,8198.117138,0.000000,,,0,1,,,,,10.324268,BIG
ga,hfvrp_n050_m10_s03,50,10,1.000000,19345,2603.025269,5975.284517,8578.309786,0.000000,,,0,1,,,,,10.536166,BIG
ga,hfvrp_n075_m15_s01,75,15,1.000000,75,4353.658295,3977.163327,8330.821622,0.000000,,,0,1,,,,,16.709685,BIG
ga,hfvrp_n050_m10_s03,50,10,1.000000,1787988499054270187,3145.973530,8524.891302,11670.864831,0.000000,,,0,1,,,,,0.172469,DEFAULT
ga,hfvrp_n050_m10_s03,50,10,1.000000,1787988525000305041,2895.419759,10582.257589,13477.677348,0.000000,,,0,1,,,,,0.024821,SMALL
ga,hfvrp_n050_m10_s04,50,10,1.000000,19345,3039.801164,6206.990615,9246.791779,0.000000,,,0,1,,,,,0.179633,DEFAULT
ga,hfvrp_n050_m10_s04,50,10,1.000000,19345,4498.309252,8565.966820,13064.276072,0.000000,,,0,1,,,,,0.025268,SMALL
ga,hfvrp_n075_m15_s01,75,15,1.000000,100,6042.629676,5094.838442,11137.468118,0.000000,,,0,1,,,,,0.288538,DEFAULT
ga,hfvrp_n075_m15_s01,75,15,1.000000,100,8273.062583,8965.526807,17238.589390,0.000000,,,0,1,,,,,0.039935,SMALL
ga,hfvrp_n075_m15_s03,75,15,1.000000,1787988873962749996,8142.005827,12689.526401,20831.532228,0.000000,,,0,1,,,,,0.277805,DEFAULT
ga,hfvrp_n075_m15_s03,75,15,1.000000,1787988904313827133,8423.831843,17857.578841,26281.410684,0.000000,,,0,1,,,,,0.041996,SMALL
ga,hfvrp_n050_m10_s05,50,10,1.000000,9999,3254.450406,5553.890505,8808.340911,0.000000,,,0,1,,,,,3.457763,MEDIUM
ga,hfvrp_n050_m10_s03,50,10,1.000000,1787988520734003671,2479.528192,6737.960925,9217.489117,0.000000,,,0,1,,,,,3.373537,MEDIUM
ga,hfvrp_n050_m10_s04,50,10,1.000000,19345,2984.600559,5425.298082,8409.898641,0.000000,,,0,1,,,,,3.419731,MEDIUM
ga,hfvrp_n075_m15_s01,75,15,1.000000,100,4297.717854,3589.908878,7887.626732,0.000000,,,0,1,,,,,5.619142,MEDIUM
ga,hfvrp_n075_m15_s02,75,15,1.000000,1,5944.671732,7691.959702,13636.631434,0.000000,,,0,1,,,,,17.190810,BIG
ga,hfvrp_n075_m15_s03,75,15,1.000000,1787988900069204101,5943.123969,8686.548094,14629.672063,0.000000,,,0,1,,,,,5.589829,MEDIUM
ga,hfvrp_n075_m15_s02,75,15,1.000000,10,7396.620924,15534.826399,22931.447323,0.000000,,,0,1,,,,,0.277473,DEFAULT
ga,hfvrp_n075_m15_s02,75,15,1.000000,10,9175.457406,15275.401094,24450.858499,0.000000,,,0,1,,,,,0.046243,SMALL
ga,hfvrp_n050_m10_s05,50,10,1.000000,9999,2901.748595,6031.918199,8933.666794,0.000000,,,0,1,,,,,10.339076,BIG
ga,hfvrp_n050_m10_s05,50,10,1.000000,19345,3762.337892,6465.073262,10227.411153,0.000000,,,0,1,,,,,0.173964,DEFAULT
ga,hfvrp_n050_m10_s05,50,10,1.000000,19345,3848.317925,8810.841157,12659.159082,0.000000,,,0,1,,,,,0.027086,SMALL
ga,hfvrp_n050_m10_s03,50,10,1.000000,1787988893478579484,2840.842606,6641.333727,9482.176332,0.000000,,,0,1,,,,,10.411642,BIG
ga,hfvrp_n050_m10_s04,50,10,1.000000,19345,3022.519377,5379.295969,8401.815346,0.000000,,,0,1,,,,,10.220395,BIG
ga,hfvrp_n075_m15_s02,75,15,1.000000,10,5510.735758,9737.164738,15247.900495,0.000000,,,0,1,,,,,5.532945,MEDIUM
ga,hfvrp_n050_m10_s04,50,10,1.000000,1787988711244805430,3354.115347,7100.618868,10454.734215,0.000000,,,0,1,,,,,0.176933,DEFAULT
ga,hfvrp_n050_m10_s04,50,10,1.000000,1787988715720525128,3948.519342,7794.148399,11742.667740,0.000000,,,0,1,,,,,0.025976,SMALL
ga,hfvrp_n075_m15_s04,75,15,1.000000,1787988708355254773,6900.853293,8647.238445,15548.091738,0.000000,,,0,1,,,,,0.286202,DEFAULT
ga,hfvrp_n075_m15_s04,75,15,1.000000,1787988833198754061,11715.043260,17966.571060,29681.614320,0.000000,,,0,1,,,,,0.038920,SMALL
ga,hfvrp_n050_m10_s05,50,10,1.000000,19345,2926.230363,5765.603773,8691.834136,0.000000,,,0,1,,,,,3.445960,MEDIUM
ga,hfvrp_n050_m10_s04,50,10,1.000000,1787988702865357092,2895.214852,6290.271898,9185.486751,0.000000,,,0,1,,,,,3.428049,MEDIUM
ga,hfvrp_n075_m15_s04,75,15,1.000000,1787988837536706580,6238.854709,6427.914142,12666.768851,0.000000,,,0,1,,,,,5.722724,MEDIUM
ga,hfvrp_n075_m15_s01,75,15,1.000000,100,4611.692598,4113.026688,8724.719287,0.000000,,,0,1,,,,,16.910798,BIG
ga,hfvrp_n075_m15_s03,75,15,1.000000,1787988854128133376,5607.582424,7967.547357,13575.129781,0.000000,,,0,1,,,,,17.101776,BIG
ga,hfvrp_n075_m15_s01,75,15,1.000000,200,6150.868564,4943.126399,11093.994964,0.000000,,,0,1,,,,,0.291834,DEFAULT
ga,hfvrp_n075_m15_s01,75,15,1.000000,200,7586.171262,8287.010361,15873.181623,0.000000,,,0,1,,,,,0.044708,SMALL
ga,hfvrp_n075_m15_s03,75,15,1.000000,1,6836.223261,10002.575968,16838.799229,0.000000,,,0,1,,,,,0.280193,DEFAULT
ga,hfvrp_n075_m15_s03,75,15,1.000000,1,8034.828316,18912.830647,26947.658962,0.000000,,,0,1,,,,,0.044348,SMALL
ga,hfvrp_n050_m10_s05,50,10,1.000000,19345,3264.963765,5635.750853,8900.714619,0.000000,,,0,1,,,,,10.402270,BIG
ga,hfvrp_n050_m10_s05,50,10,1.000000,1787989209848871391,3497.374784,7315.721244,10813.096028,0.000000,,,0,1,,,,,0.168179,DEFAULT
ga,hfvrp_n050_m10_s05,50,10,1.000000,1787989222905610870,4060.275673,9222.815644,13283.091317,0.000000,,,0,1,,,,,0.024563,SMALL
ga,hfvrp_n050_m10_s04,50,10,1.000000,1787988822260970131,2743.204265,5307.574999,8050.779264,0.000000,,,0,1,,,,,10.501143,BIG
ga,hfvrp_n075_m15_s05,75,15,1.000000,1787989134753214082,6525.660284,7280.394679,13806.054963,0.000000,,,0,1,,,,,0.277945,DEFAULT
ga,hfvrp_n075_m15_s05,75,15,1.000000,1787989156509863375,7782.695549,13288.141426,21070.836975,0.000000,,,0,1,,,,,0.039565,SMALL
ga,hfvrp_n075_m15_s01,75,15,1.000000,200,4518.363129,4027.912886,8546.276015,0.000000,,,0,1,,,,,5.478668,MEDIUM
ga,hfvrp_n075_m15_s02,75,15,1.000000,10,5660.148103,7402.323583,13062.471686,0.000000,,,0,1,,,,,16.837493,BIG
ga,hfvrp_n050_m10_s05,50,10,1.000000,1787989218638884924,3013.916358,5839.673157,8853.589515,0.000000,,,0,1,,,,,3.458836,MEDIUM
ga,hfvrp_n075_m15_s03,75,15,1.000000,1,5143.424433,6999.816301,12143.240734,0.000000,,,0,1,,,,,5.671490,MEDIUM
ga,hfvrp_n075_m15_s02,75,15,1.000000,50,5940.795136,11677.673186,17618.468322,0.000000,,,0,1,,,,,0.269140,DEFAULT
ga,hfvrp_n075_m15_s02,75,15,1.000000,50,9673.040226,16678.226505,26351.266730,0.000000,,,0,1,,,,,0.044841,SMALL
ga,hfvrp_n075_m15_s05,75,15,1.000000,1787989160848231335,5600.619692,5919.091154,11519.710846,0.000000,,,0,1,,,,,5.633072,MEDIUM
ga,hfvrp_n075_m15_s02,75,15,1.000000,50,5354.994312,9226.913074,14581.907386,0.000000,,,0,1,,,,,5.553944,MEDIUM
ga,hfvrp_n075_m15_s04,75,15,1.000000,1787988718709663953,5539.369659,6488.135952,12027.505610,0.000000,,,0,1,,,,,17.337645,BIG
ga,hfvrp_n075_m15_s04,75,15,1.000000,1,6471.070702,9085.808963,15556.879665,0.000000,,,0,1,,,,,0.277807,DEFAULT
ga,hfvrp_n075_m15_s04,75,15,1.000000,1,10325.532531,14694.096993,25019.629524,0.000000,,,0,1,,,,,0.045238,SMALL
ga,hfvrp_n050_m10_s05,50,10,1.000000,1787989170562141190,3121.415016,5327.237896,8448.652912,0.000000,,,0,1,,,,,10.475122,BIG
ga,hfvrp_n100_m20_s01,100,20,1.000000,1787989043207872210,11731.427082,14625.431979,26356.859061,0.000000,,,0,1,,,,,0.402809,DEFAULT
ga,hfvrp_n100_m20_s01,100,20,1.000000,1787989039324333050,13884.975429,32900.373226,46785.348655,0.000000,,,0,1,,,,,0.068826,SMALL
ga,hfvrp_n075_m15_s04,75,15,1.000000,1,6353.051730,7238.065265,13591.116995,0.000000,,,0,1,,,,,5.656898,MEDIUM
ga,hfvrp_n075_m15_s01,75,15,1.000000,200,4661.297584,3658.523609,8319.821193,0.000000,,,0,1,,,,,17.074961,BIG
ga,hfvrp_n075_m15_s01,75,15,1.000000,999,6537.198742,4300.437895,10837.636637,0.000000,,,0,1,,,,,0.283417,DEFAULT
ga,hfvrp_n075_m15_s01,75,15,1.000000,999,8351.564539,6058.479713,14410.044252,0.000000,,,0,1,,,,,0.042855,SMALL
ga,hfvrp_n075_m15_s03,75,15,1.000000,1,5712.026875,6948.774182,12660.801057,0.000000,,,0,1,,,,,16.986428,BIG
ga,hfvrp_n075_m15_s03,75,15,1.000000,10,7293.381647,11523.537413,18816.919060,0.000000,,,0,1,,,,,0.284856,DEFAULT
ga,hfvrp_n075_m15_s03,75,15,1.000000,10,7397.275307,18819.933479,26217.208786,0.000000,,,0,1,,,,,0.040578,SMALL
ga,hfvrp_n075_m15_s05,75,15,1.000000,1787989076291349367,5594.769415,6068.699151,11663.468566,0.000000,,,0,1,,,,,17.196405,BIG
ga,hfvrp_n100_m20_s01,100,20,1.000000,1787989017922254104,9079.814479,12179.700841,21259.515320,0.000000,,,0,1,,,,,7.855966,MEDIUM
ga,hfvrp_n075_m15_s01,75,15,1.000000,999,4741.723573,4149.343646,8891.067219,0.000000,,,0,1,,,,,5.613780,MEDIUM
ga,hfvrp_n075_m15_s05,75,15,1.000000,1,6501.744695,7299.652560,13801.397255,0.000000,,,0,1,,,,,0.291011,DEFAULT
ga,hfvrp_n075_m15_s05,75,15,1.000000,1,7837.035063,11080.686910,18917.721973,0.000000,,,0,1,,,,,0.039593,SMALL
ga,hfvrp_n075_m15_s02,75,15,1.000000,50,6558.593477,7868.755392,14427.348869,0.000000,,,0,1,,,,,17.349356,BIG
ga,hfvrp_n075_m15_s03,75,15,1.000000,10,5159.847605,8709.264264,13869.111869,0.000000,,,0,1,,,,,5.594435,MEDIUM
ga,hfvrp_n075_m15_s02,75,15,1.000000,75,6665.107131,11636.545678,18301.652809,0.000000,,,0,1,,,,,0.271374,DEFAULT
ga,hfvrp_n075_m15_s02,75,15,1.000000,75,8558.181685,17096.409027,25654.590712,0.000000,,,0,1,,,,,0.042971,SMALL
ga,hfvrp_n075_m15_s05,75,15,1.000000,1,5555.528710,6349.198541,11904.727250,0.000000,,,0,1,,,,,5.538772,MEDIUM
ga,hfvrp_n075_m15_s02,75,15,1.000000,75,5396.783619,8397.325916,13794.109535,0.000000,,,0,1,,,,,5.603187,MEDIUM
ga,hfvrp_n075_m15_s04,75,15,1.000000,1,5682.970299,6503.472029,12186.442329,0.000000,,,0,1,,,,,17.083070,BIG
ga,hfvrp_n075_m15_s04,75,15,1.000000,10,7341.081311,9324.939491,16666.020802,0.000000,,,0,1,,,,,0.287594,DEFAULT
ga,hfvrp_n075_m15_s04,75,15,1.000000,10,8813.228367,14848.881328,23662.109695,0.000000,,,0,1,,,,,0.040239,SMALL
ga,hfvrp_n075_m15_s01,75,15,1.000000,999,4579.018785,4195.842863,8774.861647,0.000000,,,0,1,,,,,17.020489,BIG
ga,hfvrp_n075_m15_s04,75,15,1.000000,10,6143.884822,7443.642668,13587.527490,0.000000,,,0,1,,,,,5.634866,MEDIUM
ga,hfvrp_n075_m15_s01,75,15,1.000000,1234,5201.580101,4683.637345,9885.217446,0.000000,,,0,1,,,,,0.293572,DEFAULT
ga,hfvrp_n075_m15_s01,75,15,1.000000,1234,7316.849386,8876.244456,16193.093842,0.000000,,,0,1,,,,,0.038876,SMALL
ga,hfvrp_n075_m15_s03,75,15,1.000000,10,5525.977764,8067.039591,13593.017355,0.000000,,,0,1,,,,,16.970269,BIG
ga,hfvrp_n075_m15_s03,75,15,1.000000,50,7700.390464,13600.244966,21300.635430,0.000000,,,0,1,,,,,0.276417,DEFAULT
ga,hfvrp_n075_m15_s03,75,15,1.000000,50,8766.756812,17218.159282,25984.916094,0.000000,,,0,1,,,,,0.034585,SMALL
ga,hfvrp_n075_m15_s05,75,15,1.000000,1,5392.968720,6500.824089,11893.792808,0.000000,,,0,1,,,,,17.275037,BIG
ga,hfvrp_n100_m20_s01,100,20,1.000000,1787989420925050364,8569.598561,12831.892102,21401.490663,0.000000,,,0,1,,,,,23.462522,BIG
ga,hfvrp_n075_m15_s01,75,15,1.000000,1234,4957.187317,3638.693831,8595.881148,0.000000,,,0,1,,,,,5.558541,MEDIUM
ga,hfvrp_n075_m15_s05,75,15,1.000000,10,7013.828997,9275.767284,16289.596280,0.000000,,,0,1,,,,,0.273565,DEFAULT
ga,hfvrp_n075_m15_s05,75,15,1.000000,10,7562.362267,10862.515879,18424.878146,0.000000,,,0,1,,,,,0.040096,SMALL
ga,hfvrp_n075_m15_s02,75,15,1.000000,75,5748.094443,7924.913658,13673.008101,0.000000,,,0,1,,,,,17.249309,BIG
ga,hfvrp_n100_m20_s01,100,20,1.000000,1,11590.731405,17446.511691,29037.243096,0.000000,,,0,1,,,,,0.414358,DEFAULT
ga,hfvrp_n100_m20_s01,100,20,1.000000,1,13860.245318,30117.540029,43977.785347,0.000000,,,0,1,,,,,0.069145,SMALL
ga,hfvrp_n075_m15_s03,75,15,1.000000,50,5539.725175,7495.348367,13035.073542,0.000000,,,0,1,,,,,5.620523,MEDIUM
ga,hfvrp_n075_m15_s02,75,15,1.000000,100,7268.693780,10776.696443,18045.390224,0.000000,,,0,1,,,,,0.282109,DEFAULT
ga,hfvrp_n075_m15_s02,75,15,1.000000,100,8962.887701,15877.110331,24839.998032,0.000000,,,0,1,,,,,0.044795,SMALL
ga,hfvrp_n075_m15_s05,75,15,1.000000,10,5521.659396,5815.809203,11337.468599,0.000000,,,0,1,,,,,5.584197,MEDIUM
ga,hfvrp_n075_m15_s02,75,15,1.000000,100,6160.637606,7777.571080,13938.208685,0.000000,,,0,1,,,,,5.647688,MEDIUM
ga,hfvrp_n075_m15_s04,75,15,1.000000,10,5509.132615,6562.763743,12071.896358,0.000000,,,0,1,,,,,16.827933,BIG
ga,hfvrp_n100_m20_s01,100,20,1.000000,1,8626.566645,14102.939874,22729.506519,0.000000,,,0,1,,,,,7.696739,MEDIUM
ga,hfvrp_n075_m15_s04,75,15,1.000000,50,8061.067853,8352.194173,16413.262027,0.000000,,,0,1,,,,,0.299904,DEFAULT
ga,hfvrp_n075_m15_s04,75,15,1.000000,50,10135.978131,20636.003723,30771.981854,0.000000,,,0,1,,,,,0.044427,SMALL
ga,hfvrp_n075_m15_s01,75,15,1.000000,1234,5042.793140,4023.110658,9065.903798,0.000000,,,0,1,,,,,17.143326,BIG
ga,hfvrp_n075_m15_s01,75,15,1.000000,9999,5926.977101,4585.628419,10512.605520,0.000000,,,0,1,,,,,0.289457,DEFAULT
ga,hfvrp_n075_m15_s01,75,15,1.000000,9999,7722.722483,7344.420027,15067.142509,0.000000,,,0,1,,,,,0.043175,SMALL
ga,hfvrp_n075_m15_s04,75,15,1.000000,50,6989.376428,6611.973542,13601.349970,0.000000,,,0,1,,,,,5.694730,MEDIUM
ga,hfvrp_n075_m15_s03,75,15,1.000000,50,5608.059129,7669.396549,13277.455677,0.000000,,,0,1,,,,,17.022770,BIG
ga,hfvrp_n075_m15_s03,75,15,1.000000,75,7367.073518,10894.125450,18261.198968,0.000000,,,0,1,,,,,0.274270,DEFAULT
ga,hfvrp_n075_m15_s03,75,15,1.000000,75,7646.312687,17738.631941,25384.944628,0.000000,,,0,1,,,,,0.040667,SMALL
ga,hfvrp_n075_m15_s05,75,15,1.000000,10,4840.220406,6461.730652,11301.951058,0.000000,,,0,1,,,,,17.011837,BIG
ga,hfvrp_n075_m15_s01,75,15,1.000000,9999,5196.818030,3995.801964,9192.619994,0.000000,,,0,1,,,,,5.677314,MEDIUM
ga,hfvrp_n075_m15_s05,75,15,1.000000,50,6925.276814,7342.521978,14267.798791,0.000000,,,0,1,,,,,0.286434,DEFAULT
ga,hfvrp_n075_m15_s05,75,15,1.000000,50,9868.204685,13816.465621,23684.670306,0.000000,,,0,1,,,,,0.043404,SMALL
ga,hfvrp_n075_m15_s03,75,15,1.000000,75,5745.945720,8420.329140,14166.274859,0.000000,,,0,1,,,,,5.632075,MEDIUM
ga,hfvrp_n075_m15_s02,75,15,1.000000,100,5497.443124,7417.259868,12914.702992,0.000000,,,0,1,,,,,19.858612,BIG
ga,hfvrp_n075_m15_s05,75,15,1.000000,50,5405.815225,6076.369693,11482.184918,0.000000,,,0,1,,,,,5.464594,MEDIUM
ga,hfvrp_n075_m15_s02,75,15,1.000000,200,6697.585819,10971.454868,17669.040687,0.000000,,,0,1,,,,,0.275869,DEFAULT
ga,hfvrp_n075_m15_s02,75,15,1.000000,200,7337.822312,15710.111877,23047.934190,0.000000,,,0,1,,,,,0.042098,SMALL
ga,hfvrp_n100_m20_s01,100,20,1.000000,1,8295.253957,11763.975857,20059.229814,0.000000,,,0,1,,,,,23.817329,BIG
ga,hfvrp_n075_m15_s04,75,15,1.000000,50,5712.814254,6998.154346,12710.968600,0.000000,,,0,1,,,,,17.216338,BIG
ga,hfvrp_n075_m15_s02,75,15,1.000000,200,5242.763512,8193.263223,13436.026735,0.000000,,,0,1,,,,,5.535796,MEDIUM
ga,hfvrp_n075_m15_s04,75,15,1.000000,75,7953.406938,9342.422195,17295.829134,0.000000,,,0,1,,,,,0.292177,DEFAULT
ga,hfvrp_n075_m15_s04,75,15,1.000000,75,9403.804621,17613.722142,27017.526763,0.000000,,,0,1,,,,,0.037259,SMALL
ga,hfvrp_n100_m20_s01,100,20,1.000000,10,12281.761743,17164.722468,29446.484211,0.000000,,,0,1,,,,,0.415042,DEFAULT
ga,hfvrp_n100_m20_s01,100,20,1.000000,10,14758.199735,31110.677532,45868.877268,0.000000,,,0,1,,,,,0.070183,SMALL
ga,hfvrp_n075_m15_s01,75,15,1.000000,9999,5391.867579,3950.403656,9342.271235,0.000000,,,0,1,,,,,17.175317,BIG
ga,hfvrp_n075_m15_s01,75,15,1.000000,19345,6489.762066,4782.504780,11272.266846,0.000000,,,0,1,,,,,0.292318,DEFAULT
ga,hfvrp_n075_m15_s01,75,15,1.000000,19345,8672.232429,7665.222955,16337.455384,0.000000,,,0,1,,,,,0.046822,SMALL
ga,hfvrp_n075_m15_s04,75,15,1.000000,75,6091.280717,6098.375969,12189.656686,0.000000,,,0,1,,,,,5.784919,MEDIUM
ga,hfvrp_n075_m15_s03,75,15,1.000000,75,5574.277542,8196.981589,13771.259130,0.000000,,,0,1,,,,,17.190491,BIG
ga,hfvrp_n100_m20_s01,100,20,1.000000,10,9542.239538,12796.368430,22338.607969,0.000000,,,0,1,,,,,7.761925,MEDIUM
ga,hfvrp_n075_m15_s05,75,15,1.000000,50,5211.493039,6287.392761,11498.885800,0.000000,,,0,1,,,,,17.272760,BIG
ga,hfvrp_n075_m15_s01,75,15,1.000000,19345,5140.212634,4007.361529,9147.574163,0.000000,,,0,1,,,,,5.533751,MEDIUM
ga,hfvrp_n075_m15_s03,75,15,1.000000,100,7423.502956,10432.314136,17855.817092,0.000000,,,0,1,,,,,0.278617,DEFAULT
ga,hfvrp_n075_m15_s03,75,15,1.000000,100,8501.955925,22579.314385,31081.270310,0.000000,,,0,1,,,,,0.043454,SMALL
ga,hfvrp_n075_m15_s05,75,15,1.000000,75,7376.129135,8155.826993,15531.956128,0.000000,,,0,1,,,,,0.282658,DEFAULT
ga,hfvrp_n075_m15_s05,75,15,1.000000,75,7828.114610,13378.767763,21206.882373,0.000000,,,0,1,,,,,0.039053,SMALL
ga,hfvrp_n075_m15_s03,75,15,1.000000,100,6096.636790,8099.847157,14196.483947,0.000000,,,0,1,,,,,5.537868,MEDIUM
ga,hfvrp_n075_m15_s02,75,15,1.000000,200,5848.974651,7808.277316,13657.251967,0.000000,,,0,1,,,,,17.066196,BIG
ga,hfvrp_n075_m15_s05,75,15,1.000000,75,5321.724205,6453.847794,11775.571999,0.000000,,,0,1,,,,,5.633900,MEDIUM
ga,hfvrp_n075_m15_s02,75,15,1.000000,999,7149.871561,11065.133411,18215.004972,0.000000,,,0,1,,,,,0.282143,DEFAULT
ga,hfvrp_n075_m15_s02,75,15,1.000000,999,8364.417249,14681.524652,23045.941901,0.000000,,,0,1,,,,,0.041631,SMALL
ga,hfvrp_n075_m15_s02,75,15,1.000000,999,6479.269187,7790.578377,14269.847564,0.000000,,,0,1,,,,,5.586321,MEDIUM
ga,hfvrp_n075_m15_s04,75,15,1.000000,75,5613.460048,6643.028775,12256.488824,0.000000,,,0,1,,,,,17.376706,BIG
ga,hfvrp_n075_m15_s04,75,15,1.000000,100,7573.051148,8613.670615,16186.721763,0.000000,,,0,1,,,,,0.297583,DEFAULT
ga,hfvrp_n075_m15_s04,75,15,1.000000,100,10272.088695,18506.584485,28778.673181,0.000000,,,0,1,,,,,0.036930,SMALL
ga,hfvrp_n075_m15_s01,75,15,1.000000,19345,5044.589831,3482.598451,8527.188283,0.000000,,,0,1,,,,,16.907234,BIG
ga,hfvrp_n075_m15_s01,75,15,1.000000,1787989798714520013,6115.359656,5309.359434,11424.719090,0.000000,,,0,1,,,,,0.284675,DEFAULT
ga,hfvrp_n075_m15_s01,75,15,1.000000,1787989768938552536,7656.943808,9098.080690,16755.024498,0.000000,,,0,1,,,,,0.039579,SMALL
ga,hfvrp_n075_m15_s04,75,15,1.000000,100,6134.445258,7209.997624,13344.442881,0.000000,,,0,1,,,,,5.710672,MEDIUM
ga,hfvrp_n075_m15_s03,75,15,1.000000,100,5301.175049,7541.841561,12843.016610,0.000000,,,0,1,,,,,17.003495,BIG
ga,hfvrp_n100_m20_s01,100,20,1.000000,10,8037.196961,13076.571250,21113.768211,0.000000,,,0,1,,,,,24.191150,BIG
ga,hfvrp_n075_m15_s01,75,15,1.000000,1787989773277118151,4798.971150,4171.421525,8970.392675,0.000000,,,0,1,,,,,5.523915,MEDIUM
ga,hfvrp_n075_m15_s05,75,15,1.000000,75,5673.518269,6529.089333,12202.607602,0.000000,,,0,1,,,,,17.061354,BIG
ga,hfvrp_n075_m15_s03,75,15,1.000000,200,6701.366205,9738.087771,16439.453976,0.000000,,,0,1,,,,,0.278114,DEFAULT
ga,hfvrp_n075_m15_s03,75,15,1.000000,200,8339.884707,17486.934610,25826.819317,0.000000,,,0,1,,,,,0.044140,SMALL
ga,hfvrp_n075_m15_s05,75,15,1.000000,100,7027.184247,7042.928995,14070.113241,0.000000,,,0,1,,,,,0.272325,DEFAULT
ga,hfvrp_n075_m15_s05,75,15,1.000000,100,7974.118758,13218.927245,21193.046003,0.000000,,,0,1,,,,,0.042461,SMALL
ga,hfvrp_n100_m20_s01,100,20,1.000000,50,10796.536787,24723.778976,35520.315763,0.000000,,,0,1,,,,,0.401931,DEFAULT
ga,hfvrp_n100_m20_s01,100,20,1.000000,50,15039.623299,28637.153082,43676.776381,0.000000,,,0,1,,,,,0.075893,SMALL
ga,hfvrp_n075_m15_s02,75,15,1.000000,999,5791.060194,8683.781598,14474.841793,0.000000,,,0,1,,,,,16.984246,BIG
ga,hfvrp_n075_m15_s03,75,15,1.000000,200,5638.960492,7944.774231,13583.734723,0.000000,,,0,1,,,,,5.582556,MEDIUM
ga,hfvrp_n075_m15_s05,75,15,1.000000,100,5904.373214,5702.540228,11606.913442,0.000000,,,0,1,,,,,5.659150,MEDIUM
ga,hfvrp_n075_m15_s02,75,15,1.000000,1234,7885.862909,9739.292102,17625.155011,0.000000,,,0,1,,,,,0.283197,DEFAULT
ga,hfvrp_n075_m15_s02,75,15,1.000000,1234,8846.383459,18324.728186,27171.111645,0.000000,,,0,1,,,,,0.038033,SMALL
ga,hfvrp_n100_m20_s01,100,20,1.000000,50,8251.121326,12098.379802,20349.501128,0.000000,,,0,1,,,,,7.920419,MEDIUM
ga,hfvrp_n075_m15_s02,75,15,1.000000,1234,6167.893962,8384.940265,14552.834227,0.000000,,,0,1,,,,,5.464084,MEDIUM
ga,hfvrp_n075_m15_s04,75,15,1.000000,100,5615.724985,6775.998536,12391.723521,0.000000,,,0,1,,,,,17.095750,BIG
ga,hfvrp_n075_m15_s01,75,15,1.000000,1787989735855722037,5116.164710,4410.163261,9526.327971,0.000000,,,0,1,,,,,17.067869,BIG
ga,hfvrp_n075_m15_s04,75,15,1.000000,200,7199.072845,9103.900261,16302.973106,0.000000,,,0,1,,,,,0.281301,DEFAULT
ga,hfvrp_n075_m15_s04,75,15,1.000000,200,9125.103440,15355.697518,24480.800958,0.000000,,,0,1,,,,,0.045027,SMALL
ga,hfvrp_n100_m20_s02,100,20,1.000000,1787990618618606442,11506.029707,18794.476252,30300.505959,0.000000,,,0,1,,,,,0.425384,DEFAULT
ga,hfvrp_n100_m20_s02,100,20,1.000000,1787990623343187226,12625.660254,25601.899787,38227.560042,0.000000,,,0,1,,,,,0.057665,SMALL
ga,hfvrp_n075_m15_s04,75,15,1.000000,200,6163.371221,7143.798379,13307.169600,0.000000,,,0,1,,,,,5.548839,MEDIUM
ga,hfvrp_n075_m15_s03,75,15,1.000000,200,5326.412194,7697.435996,13023.848190,0.000000,,,0,1,,,,,17.205526,BIG
ga,hfvrp_n075_m15_s05,75,15,1.000000,100,5784.912444,6359.451838,12144.364282,0.000000,,,0,1,,,,,17.006269,BIG
ga,hfvrp_n075_m15_s05,75,15,1.000000,200,6967.384055,8193.712651,15161.096706,0.000000,,,0,1,,,,,0.275592,DEFAULT
ga,hfvrp_n075_m15_s05,75,15,1.000000,200,7262.073545,10739.205943,18001.279488,0.000000,,,0,1,,,,,0.042571,SMALL
ga,hfvrp_n075_m15_s03,75,15,1.000000,999,6807.932855,11597.227702,18405.160557,0.000000,,,0,1,,,,,0.279722,DEFAULT
ga,hfvrp_n075_m15_s03,75,15,1.000000,999,8275.314053,21362.290160,29637.604213,0.000000,,,0,1,,,,,0.040856,SMALL
ga,hfvrp_n100_m20_s02,100,20,1.000000,1787990610520126341,8346.091703,10246.546281,18592.637984,0.000000,,,0,1,,,,,7.951025,MEDIUM
ga,hfvrp_n075_m15_s02,75,15,1.000000,1234,5563.521644,8269.705366,13833.227011,0.000000,,,0,1,,,,,16.647344,BIG
ga,hfvrp_n075_m15_s05,75,15,1.000000,200,5464.591658,6652.553717,12117.145375,0.000000,,,0,1,,,,,5.480367,MEDIUM
ga,hfvrp_n075_m15_s03,75,15,1.000000,999,6124.653369,7940.482968,14065.136337,0.000000,,,0,1,,,,,5.653900,MEDIUM
ga,hfvrp_n075_m15_s02,75,15,1.000000,9999,8097.818636,10139.853292,18237.671928,0.000000,,,0,1,,,,,0.279216,DEFAULT
ga,hfvrp_n075_m15_s02,75,15,1.000000,9999,9290.203723,21337.039871,30627.243595,0.000000,,,0,1,,,,,0.039007,SMALL
ga,hfvrp_n100_m20_s01,100,20,1.000000,50,8081.373385,12964.536631,21045.910016,0.000000,,,0,1,,,,,23.546785,BIG
ga,hfvrp_n075_m15_s02,75,15,1.000000,9999,5593.787027,9467.779238,15061.566265,0.000000,,,0,1,,,,,5.630286,MEDIUM
ga,hfvrp_n100_m20_s01,100,20,1.000000,75,11630.897536,21362.842073,32993.739609,0.000000,,,0,1,,,,,0.395097,DEFAULT
ga,hfvrp_n100_m20_s01,100,20,1.000000,75,13150.059969,35856.997826,49007.057795,0.000000,,,0,1,,,,,0.060793,SMALL
ga,hfvrp_n075_m15_s04,75,15,1.000000,200,5290.606621,5986.346356,11276.952977,0.000000,,,0,1,,,,,17.583838,BIG
ga,hfvrp_n075_m15_s04,75,15,1.000000,999,9227.089208,8724.389345,17951.478553,0.000000,,,0,1,,,,,0.283019,DEFAULT
ga,hfvrp_n075_m15_s04,75,15,1.000000,999,10011.492878,19137.636200,29149.129079,0.000000,,,0,1,,,,,0.046086,SMALL
ga,hfvrp_n100_m20_s01,100,20,1.000000,75,8082.615875,12132.654543,20215.270418,0.000000,,,0,1,,,,,7.790565,MEDIUM
ga,hfvrp_n075_m15_s04,75,15,1.000000,999,6102.291094,6473.056689,12575.347783,0.000000,,,0,1,,,,,5.474177,MEDIUM
ga,hfvrp_n075_m15_s05,75,15,1.000000,200,6406.091268,6309.940918,12716.032186,0.000000,,,0,1,,,,,17.260658,BIG
ga,hfvrp_n075_m15_s03,75,15,1.000000,999,5879.022474,7630.785423,13509.807897,0.000000,,,0,1,,,,,17.076754,BIG
ga,hfvrp_n075_m15_s05,75,15,1.000000,999,6396.372381,8254.433748,14650.806129,0.000000,,,0,1,,,,,0.270514,DEFAULT
ga,hfvrp_n075_m15_s05,75,15,1.000000,999,8217.342813,13052.230795,21269.573608,0.000000,,,0,1,,,,,0.039209,SMALL
ga,hfvrp_n100_m20_s02,100,20,1.000000,1787990532576179510,6991.964133,11775.232433,18767.196566,0.000000,,,0,1,,,,,23.802204,BIG
ga,hfvrp_n075_m15_s03,75,15,1.000000,1234,6569.152716,12795.785129,19364.937845,0.000000,,,0,1,,,,,0.283832,DEFAULT
ga,hfvrp_n075_m15_s03,75,15,1.000000,1234,7929.161772,21555.347871,29484.509643,0.000000,,,0,1,,,,,0.044456,SMALL
ga,hfvrp_n100_m20_s02,100,20,1.000000,1,11430.507864,16605.385979,28035.893843,0.000000,,,0,1,,,,,0.403398,DEFAULT
ga,hfvrp_n100_m20_s02,100,20,1.000000,1,14824.965935,30514.092007,45339.057941,0.000000,,,0,1,,,,,0.058558,SMALL
ga,hfvrp_n075_m15_s02,75,15,1.000000,9999,5988.832521,9148.499949,15137.332470,0.000000,,,0,1,,,,,16.623127,BIG
ga,hfvrp_n075_m15_s05,75,15,1.000000,999,5917.723241,6781.266120,12698.989362,0.000000,,,0,1,,,,,5.627658,MEDIUM
ga,hfvrp_n075_m15_s02,75,15,1.000000,19345,7116.862876,12053.914578,19170.777454,0.000000,,,0,1,,,,,0.287036,DEFAULT
ga,hfvrp_n075_m15_s02,75,15,1.000000,19345,8920.411099,17136.485346,26056.896446,0.000000,,,0,1,,,,,0.040812,SMALL
ga,hfvrp_n075_m15_s03,75,15,1.000000,1234,5485.379382,7844.567147,13329.946529,0.000000,,,0,1,,,,,5.640867,MEDIUM
ga,hfvrp_n075_m15_s02,75,15,1.000000,19345,5266.924482,7425.322231,12692.246713,0.000000,,,0,1,,,,,5.657184,MEDIUM
ga,hfvrp_n100_m20_s02,100,20,1.000000,1,7407.519266,9843.639300,17251.158566,0.000000,,,0,1,,,,,7.974349,MEDIUM
ga,hfvrp_n075_m15_s04,75,15,1.000000,999,5637.562869,6381.863744,12019.426613,0.000000,,,0,1,,,,,17.459807,BIG
ga,hfvrp_n075_m15_s04,75,15,1.000000,1234,7944.784570,10031.754060,17976.538630,0.000000,,,0,1,,,,,0.280548,DEFAULT
ga,hfvrp_n075_m15_s04,75,15,1.000000,1234,10089.428865,13889.508791,23978.937656,0.000000,,,0,1,,,,,0.037658,SMALL
ga,hfvrp_n100_m20_s01,100,20,1.000000,75,7509.973331,13855.964460,21365.937791,0.000000,,,0,1,,,,,23.606891,BIG
ga,hfvrp_n075_m15_s05,75,15,1.000000,999,6060.973747,5948.067840,12009.041587,0.000000,,,0,1,,,,,17.310297,BIG
ga,hfvrp_n075_m15_s04,75,15,1.000000,1234,6291.453207,6518.551847,12810.005054,0.000000,,,0,1,,,,,5.705669,MEDIUM
ga,hfvrp_n075_m15_s03,75,15,1.000000,1234,5380.813406,7213.843106,12594.656512,0.000000,,,0,1,,,,,17.217722,BIG
ga,hfvrp_n075_m15_s05,75,15,1.000000,1234,7112.197025,7336.322990,14448.520014,0.000000,,,0,1,,,,,0.284200,DEFAULT
ga,hfvrp_n075_m15_s05,75,15,1.000000,1234,8381.707622,12056.414321,20438.121943,0.000000,,,0,1,,,,,0.041333,SMALL
ga,hfvrp_n100_m20_s01,100,20,1.000000,100,10901.208131,18000.002417,28901.210548,0.000000,,,0,1,,,,,0.410028,DEFAULT
ga,hfvrp_n100_m20_s01,100,20,1.000000,100,15116.033815,34195.058304,49311.092119,0.000000,,,0,1,,,,,0.071211,SMALL
ga,hfvrp_n075_m15_s03,75,15,1.000000,9999,6143.248389,12649.730240,18792.978629,0.000000,,,0,1,,,,,0.277856,DEFAULT
ga,hfvrp_n075_m15_s03,75,15,1.000000,9999,8265.047033,23465.859552,31730.906585,0.000000,,,0,1,,,,,0.042923,SMALL
ga,hfvrp_n075_m15_s02,75,15,1.000000,19345,5402.661675,7768.461461,13171.123136,0.000000,,,0,1,,,,,16.690538,BIG
ga,hfvrp_n075_m15_s02,75,15,1.000000,1787991152222463981,6387.640772,10769.660423,17157.301195,0.000000,,,0,1,,,,,0.279030,DEFAULT
ga,hfvrp_n075_m15_s02,75,15,1.000000,1787991156799793852,9253.923003,18662.105328,27916.028331,0.000000,,,0,1,,,,,0.040361,SMALL
ga,hfvrp_n075_m15_s05,75,15,1.000000,1234,5919.352520,7770.405673,13689.758192,0.000000,,,0,1,,,,,5.506635,MEDIUM
ga,hfvrp_n075_m15_s03,75,15,1.000000,9999,5093.979507,8593.115941,13687.095448,0.000000,,,0,1,,,,,5.546856,MEDIUM
ga,hfvrp_n100_m20_s01,100,20,1.000000,100,8321.556044,12270.464113,20592.020157,0.000000,,,0,1,,,,,7.863845,MEDIUM
ga,hfvrp_n075_m15_s02,75,15,1.000000,1787991161143523454,5545.092720,8111.066060,13656.158780,0.000000,,,0,1,,,,,5.516165,MEDIUM
ga,hfvrp_n100_m20_s02,100,20,1.000000,1,8045.542073,10109.746751,18155.288824,0.000000,,,0,1,,,,,24.083880,BIG
ga,hfvrp_n100_m20_s02,100,20,1.000000,10,11258.212441,20406.684756,31664.897197,0.000000,,,0,1,,,,,0.376446,DEFAULT
ga,hfvrp_n100_m20_s02,100,20,1.000000,10,13312.185610,37707.449978,51019.635588,0.000000,,,0,1,,,,,0.053138,SMALL
ga,hfvrp_n075_m15_s04,75,15,1.000000,1234,5892.242597,6015.832554,11908.075151,0.000000,,,0,1,,,,,17.122225,BIG
ga,hfvrp_n075_m15_s04,75,15,1.000000,9999,7592.486707,8734.470961,16326.957668,0.000000,,,0,1,,,,,0.289587,DEFAULT
ga,hfvrp_n075_m15_s04,75,15,1.000000,9999,9437.629527,19175.652229,28613.281757,0.000000,,,0,1,,,,,0.040258,SMALL
ga,hfvrp_n100_m20_s02,100,20,1.000000,10,7695.512177,9103.363906,16798.876083,0.000000,,,0,1,,,,,7.883779,MEDIUM
ga,hfvrp_n075_m15_s05,75,15,1.000000,1234,5337.489100,6271.466951,11608.956051,0.000000,,,0,1,,,,,17.130422,BIG
ga,hfvrp_n075_m15_s04,75,15,1.000000,9999,5684.035739,6609.780667,12293.816407,0.000000,,,0,1,,,,,5.752628,MEDIUM
ga,hfvrp_n075_m15_s03,75,15,1.000000,9999,5114.312140,6758.024892,11872.337032,0.000000,,,0,1,,,,,17.042933,BIG
ga,hfvrp_n075_m15_s05,75,15,1.000000,9999,6972.182195,9705.674607,16677.856802,0.000000,,,0,1,,,,,0.293529,DEFAULT
ga,hfvrp_n075_m15_s05,75,15,1.000000,9999,8084.040010,11232.303659,19316.343669,0.000000,,,0,1,,,,,0.040503,SMALL
ga,hfvrp_n075_m15_s03,75,15,1.000000,19345,6464.798251,12564.058370,19028.856621,0.000000,,,0,1,,,,,0.290171,DEFAULT
ga,hfvrp_n075_m15_s03,75,15,1.000000,19345,6842.481355,19200.341987,26042.823342,0.000000,,,0,1,,,,,0.037554,SMALL
ga,hfvrp_n075_m15_s02,75,15,1.000000,1787990908966185859,6023.104361,8297.812262,14320.916624,0.000000,,,0,1,,,,,17.249902,BIG
ga,hfvrp_n075_m15_s05,75,15,1.000000,9999,5347.247010,6007.739453,11354.986462,0.000000,,,0,1,,,,,5.650754,MEDIUM
ga,hfvrp_n100_m20_s01,100,20,1.000000,100,8353.523122,11522.113723,19875.636845,0.000000,,,0,1,,,,,23.639320,BIG
ga,hfvrp_n100_m20_s03,100,20,1.000000,1787990813449773837,12502.499295,15133.775004,27636.274299,0.000000,,,0,1,,,,,0.402948,DEFAULT
ga,hfvrp_n100_m20_s03,100,20,1.000000,1787990852515952601,16076.135458,25592.847507,41668.982965,0.000000,,,0,1,,,,,0.059150,SMALL
ga,hfvrp_n075_m15_s03,75,15,1.000000,19345,5134.710860,7916.426487,13051.137347,0.000000,,,0,1,,,,,5.733849,MEDIUM
ga,hfvrp_n100_m20_s01,100,20,1.000000,200,11380.210631,21937.641151,33317.851782,0.000000,,,0,1,,,,,0.406709,DEFAULT
ga,hfvrp_n100_m20_s01,100,20,1.000000,200,13211.626637,32980.915761,46192.542398,0.000000,,,0,1,,,,,0.066437,SMALL
ga,hfvrp_n100_m20_s03,100,20,1.000000,1787990848285390376,7733.217078,9440.790780,17174.007857,0.000000,,,0,1,,,,,7.993898,MEDIUM
ga,hfvrp_n075_m15_s04,75,15,1.000000,9999,5815.401412,5857.857058,11673.258470,0.000000,,,0,1,,,,,17.321771,BIG
ga,hfvrp_n075_m15_s04,75,15,1.000000,19345,8194.830778,9719.515008,17914.345786,0.000000,,,0,1,,,,,0.282351,DEFAULT
ga,hfvrp_n075_m15_s04,75,15,1.000000,19345,11080.649039,19674.664953,30755.313992,0.000000,,,0,1,,,,,0.046646,SMALL
ga,hfvrp_n100_m20_s01,100,20,1.000000,200,8410.992220,11284.647101,19695.639321,0.000000,,,0,1,,,,,7.968577,MEDIUM
ga,hfvrp_n100_m20_s02,100,20,1.000000,10,8050.774057,9736.187882,17786.961938,0.000000,,,0,1,,,,,23.845672,BIG
ga,hfvrp_n075_m15_s05,75,15,1.000000,9999,5663.193498,6309.796155,11972.989653,0.000000,,,0,1,,,,,17.160401,BIG
ga,hfvrp_n100_m20_s02,100,20,1.000000,50,9889.422165,16893.082923,26782.505088,0.000000,,,0,1,,,,,0.400317,DEFAULT
ga,hfvrp_n100_m20_s02,100,20,1.000000,50,12072.897974,26873.572969,38946.470943,0.000000,,,0,1,,,,,0.059174,SMALL
ga,hfvrp_n075_m15_s05,75,15,1.000000,19345,6559.339033,7359.662387,13919.001420,0.000000,,,0,1,,,,,0.273008,DEFAULT
ga,hfvrp_n075_m15_s05,75,15,1.000000,19345,8203.784087,11019.712329,19223.496416,0.000000,,,0,1,,,,,0.036515,SMALL
ga,hfvrp_n075_m15_s04,75,15,1.000000,19345,4993.635903,6932.750009,11926.385912,0.000000,,,0,1,,,,,5.618993,MEDIUM
ga,hfvrp_n075_m15_s03,75,15,1.000000,19345,4811.154300,7911.766804,12722.921104,0.000000,,,0,1,,,,,17.001936,BIG
ga,hfvrp_n075_m15_s03,75,15,1.000000,1787990760503150492,6390.477862,10224.829010,16615.306873,0.000000,,,0,1,,,,,0.279783,DEFAULT
ga,hfvrp_n075_m15_s03,75,15,1.000000,1787990756491984908,8696.641180,13648.253731,22344.894912,0.000000,,,0,1,,,,,0.036169,SMALL
ga,hfvrp_n075_m15_s05,75,15,1.000000,19345,5563.394532,6093.931658,11657.326190,0.000000,,,0,1,,,,,5.586353,MEDIUM
ga,hfvrp_n100_m20_s02,100,20,1.000000,50,9103.837017,9844.516225,18948.353242,0.000000,,,0,1,,,,,8.039545,MEDIUM
ga,hfvrp_n075_m15_s03,75,15,1.000000,1787990752237077110,5910.201735,9101.876254,15012.077989,0.000000,,,0,1,,,,,5.613490,MEDIUM
ga,hfvrp_n100_m20_s03,100,20,1.000000,1787990834813567977,8693.205884,9020.151715,17713.357599,0.000000,,,0,1,,,,,23.758800,BIG
ga,hfvrp_n075_m15_s04,75,15,1.000000,19345,6221.461707,7821.500163,14042.961870,0.000000,,,0,1,,,,,17.154233,BIG
ga,hfvrp_n100_m20_s03,100,20,1.000000,1,11877.340502,13493.191049,25370.531550,0.000000,,,0,1,,,,,0.442049,DEFAULT
ga,hfvrp_n100_m20_s03,100,20,1.000000,1,15694.709091,26511.240124,42205.949215,0.000000,,,0,1,,,,,0.056509,SMALL
ga,hfvrp_n100_m20_s01,100,20,1.000000,200,7983.522168,11981.269687,19964.791855,0.000000,,,0,1,,,,,23.846261,BIG
ga,hfvrp_n075_m15_s04,75,15,1.000000,1787991614662264669,7026.384580,8707.056744,15733.441324,0.000000,,,0,1,,,,,0.299660,DEFAULT
ga,hfvrp_n075_m15_s04,75,15,1.000000,1787991610672122344,9898.253059,18301.906012,28200.159071,0.000000,,,0,1,,,,,0.038813,SMALL
ga,hfvrp_n075_m15_s05,75,15,1.000000,19345,5297.616957,6265.144075,11562.761032,0.000000,,,0,1,,,,,17.018387,BIG
ga,hfvrp_n100_m20_s01,100,20,1.000000,999,11366.529981,24327.686163,35694.216144,0.000000,,,0,1,,,,,0.426769,DEFAULT
ga,hfvrp_n100_m20_s01,100,20,1.000000,999,13602.947479,28907.325538,42510.273017,0.000000,,,0,1,,,,,0.070861,SMALL
ga,hfvrp_n075_m15_s05,75,15,1.000000,1787991601998077385,6537.676830,12456.099854,18993.776684,0.000000,,,0,1,,,,,0.272022,DEFAULT
ga,hfvrp_n075_m15_s05,75,15,1.000000,1787991606573575518,9521.149315,12299.493702,21820.643017,0.000000,,,0,1,,,,,0.048079,SMALL
ga,hfvrp_n075_m15_s04,75,15,1.000000,1787991606420235440,6757.978831,6673.513000,13431.491831,0.000000,,,0,1,,,,,5.655254,MEDIUM
ga,hfvrp_n075_m15_s03,75,15,1.000000,1787990719200259143,5296.615866,6753.591667,12050.207533,0.000000,,,0,1,,,,,17.156058,BIG
ga,hfvrp_n100_m20_s03,100,20,1.000000,1,8828.269983,9397.146375,18225.416358,0.000000,,,0,1,,,,,7.984992,MEDIUM
ga,hfvrp_n100_m20_s04,100,20,1.000000,1787991538233535328,10735.602997,18709.465697,29445.068694,0.000000,,,0,1,,,,,0.404587,DEFAULT
ga,hfvrp_n100_m20_s04,100,20,1.000000,1787991551527232524,13250.889966,31165.453921,44416.343887,0.000000,,,0,1,,,,,0.062138,SMALL
ga,hfvrp_n075_m15_s05,75,15,1.000000,1787991610924811082,5762.710973,6311.172507,12073.883481,0.000000,,,0,1,,,,,5.548071,MEDIUM
ga,hfvrp_n100_m20_s01,100,20,1.000000,999,8652.768276,13356.295844,22009.064120,0.000000,,,0,1,,,,,7.983085,MEDIUM
ga,hfvrp_n100_m20_s02,100,20,1.000000,50,7249.268212,10465.456160,17714.724372,0.000000,,,0,1,,,,,23.916429,BIG
ga,hfvrp_n100_m20_s02,100,20,1.000000,75,11902.139079,14105.984400,26008.123480,0.000000,,,0,1,,,,,0.397046,DEFAULT
ga,hfvrp_n100_m20_s02,100,20,1.000000,75,13334.991022,25732.523256,39067.514278,0.000000,,,0,1,,,,,0.066632,SMALL
ga,hfvrp_n100_m20_s04,100,20,1.000000,1787991547303877781,8296.635758,10152.243863,18448.879621,0.000000,,,0,1,,,,,8.132186,MEDIUM
ga,hfvrp_n100_m20_s02,100,20,1.000000,75,7821.406907,10044.164490,17865.571396,0.000000,,,0,1,,,,,7.856100,MEDIUM
ga,hfvrp_n075_m15_s04,75,15,1.000000,1787991616379273235,5145.157625,6714.530026,11859.687651,0.000000,,,0,1,,,,,17.062844,BIG
ga,hfvrp_n100_m20_s05,100,20,1.000000,1787991404386842166,11328.638294,16729.076236,28057.714530,0.000000,,,0,1,,,,,0.406915,DEFAULT
ga,hfvrp_n100_m20_s05,100,20,1.000000,1787991400503083909,13564.819385,36742.094144,50306.913529,0.000000,,,0,1,,,,,0.061642,SMALL
ga,hfvrp_n075_m15_s05,75,15,1.000000,1787991560642791702,5137.701085,6463.708776,11601.409860,0.000000,,,0,1,,,,,17.229483,BIG
ga,hfvrp_n100_m20_s03,100,20,1.000000,1,8677.669376,9258.279112,17935.948487,0.000000,,,0,1,,,,,23.865602,BIG
ga,hfvrp_n100_m20_s05,100,20,1.000000,1787991413459168630,8529.555695,9420.382584,17949.938278,0.000000,,,0,1,,,,,7.991731,MEDIUM
ga,hfvrp_n100_m20_s03,100,20,1.000000,10,10996.353804,14032.765440,25029.119245,0.000000,,,0,1,,,,,0.393103,DEFAULT
ga,hfvrp_n100_m20_s03,100,20,1.000000,10,15085.281582,30034.698352,45119.979934,0.000000,,,0,1,,,,,0.065249,SMALL
ga,hfvrp_n100_m20_s01,100,20,1.000000,999,7846.481892,12350.964110,20197.446002,0.000000,,,0,1,,,,,23.850141,BIG
ga,hfvrp_n100_m20_s01,100,20,1.000000,1234,8824.783146,19772.156372,28596.939518,0.000000,,,0,1,,,,,0.407510,DEFAULT
ga,hfvrp_n100_m20_s01,100,20,1.000000,1234,13191.865161,43473.434037,56665.299198,0.000000,,,0,1,,,,,0.070030,SMALL
ga,hfvrp_n150_m30_s01,150,30,1.000000,1787991345920537940,25337.834592,27171.528176,52509.362769,0.000000,,,0,1,,,,,0.788590,DEFAULT
ga,hfvrp_n150_m30_s01,150,30,1.000000,1787991282289187088,27391.664374,59749.126449,87140.790823,0.000000,,,0,1,,,,,0.114962,SMALL
ga,hfvrp_n100_m20_s04,100,20,1.000000,1787991460956117771,8044.452506,9799.576525,17844.029030,0.000000,,,0,1,,,,,23.848372,BIG
ga,hfvrp_n100_m20_s03,100,20,1.000000,10,8524.305309,9261.388273,17785.693582,0.000000,,,0,1,,,,,7.919294,MEDIUM
ga,hfvrp_n100_m20_s04,100,20,1.000000,1,10547.384208,15428.144765,25975.528973,0.000000,,,0,1,,,,,0.416115,DEFAULT
ga,hfvrp_n100_m20_s04,100,20,1.000000,1,13984.037119,28227.303877,42211.340996,0.000000,,,0,1,,,,,0.061083,SMALL
ga,hfvrp_n100_m20_s02,100,20,1.000000,75,7661.146446,9869.554117,17530.700564,0.000000,,,0,1,,,,,24.136366,BIG
ga,hfvrp_n100_m20_s01,100,20,1.000000,1234,8120.799042,13184.802134,21305.601175,0.000000,,,0,1,,,,,7.820604,MEDIUM
ga,hfvrp_n100_m20_s02,100,20,1.000000,100,9379.332574,17518.520251,26897.852825,0.000000,,,0,1,,,,,0.398758,DEFAULT
ga,hfvrp_n100_m20_s02,100,20,1.000000,100,13267.199726,26736.431248,40003.630974,0.000000,,,0,1,,,,,0.057519,SMALL
ga,hfvrp_n100_m20_s04,100,20,1.000000,1,8498.038343,9759.457732,18257.496076,0.000000,,,0,1,,,,,7.968368,MEDIUM
ga,hfvrp_n150_m30_s01,150,30,1.000000,1787991278113512310,15400.837129,16409.320480,31810.157609,0.000000,,,0,1,,,,,14.756296,MEDIUM
ga,hfvrp_n100_m20_s02,100,20,1.000000,100,8373.564366,10643.500451,19017.064817,0.000000,,,0,1,,,,,8.035997,MEDIUM
ga,hfvrp_n100_m20_s05,100,20,1.000000,1787991322671020555,8459.163959,8379.791400,16838.955359,0.000000,,,0,1,,,,,24.025208,BIG
ga,hfvrp_n100_m20_s05,100,20,1.000000,1,11042.754215,20446.469025,31489.223240,0.000000,,,0,1,,,,,0.406588,DEFAULT
ga,hfvrp_n100_m20_s05,100,20,1.000000,1,13378.029676,30182.182914,43560.212590,0.000000,,,0,1,,,,,0.066091,SMALL
ga,hfvrp_n100_m20_s03,100,20,1.000000,10,7831.436365,10625.278888,18456.715252,0.000000,,,0,1,,,,,23.176433,BIG
ga,hfvrp_n100_m20_s03,100,20,1.000000,50,12227.334925,14621.072806,26848.407731,0.000000,,,0,1,,,,,0.413624,DEFAULT
ga,hfvrp_n100_m20_s03,100,20,1.000000,50,15548.889823,23179.372423,38728.262246,0.000000,,,0,1,,,,,0.057366,SMALL
ga,hfvrp_n100_m20_s05,100,20,1.000000,1,8313.359377,10771.537752,19084.897130,0.000000,,,0,1,,,,,7.868403,MEDIUM
ga,hfvrp_n100_m20_s01,100,20,1.000000,1234,8946.118852,13905.139931,22851.258783,0.000000,,,0,1,,,,,23.793177,BIG
ga,hfvrp_n100_m20_s01,100,20,1.000000,9999,10413.935789,18204.710899,28618.646687,0.000000,,,0,1,,,,,0.401557,DEFAULT
ga,hfvrp_n100_m20_s01,100,20,1.000000,9999,13065.376967,34170.960457,47236.337424,0.000000,,,0,1,,,,,0.066165,SMALL
ga,hfvrp_n100_m20_s03,100,20,1.000000,50,8840.035254,8529.243194,17369.278448,0.000000,,,0,1,,,,,7.982231,MEDIUM
ga,hfvrp_n100_m20_s04,100,20,1.000000,1,8776.611065,10845.814787,19622.425852,0.000000,,,0,1,,,,,24.260337,BIG
ga,hfvrp_n100_m20_s04,100,20,1.000000,10,11195.946574,14572.851282,25768.797855,0.000000,,,0,1,,,,,0.402928,DEFAULT
ga,hfvrp_n100_m20_s04,100,20,1.000000,10,14510.843362,36871.720018,51382.563380,0.000000,,,0,1,,,,,0.054928,SMALL
ga,hfvrp_n100_m20_s02,100,20,1.000000,100,7831.072868,11989.795003,19820.867871,0.000000,,,0,1,,,,,23.683684,BIG
ga,hfvrp_n100_m20_s01,100,20,1.000000,9999,8204.661711,13471.088005,21675.749716,0.000000,,,0,1,,,,,7.917239,MEDIUM
ga,hfvrp_n100_m20_s02,100,20,1.000000,200,11582.760206,14568.802068,26151.562274,0.000000,,,0,1,,,,,0.402368,DEFAULT
ga,hfvrp_n100_m20_s02,100,20,1.000000,200,9956.744865,32005.455970,41962.200835,0.000000,,,0,1,,,,,0.057611,SMALL
ga,hfvrp_n100_m20_s04,100,20,1.000000,10,8347.429892,10402.784633,18750.214525,0.000000,,,0,1,,,,,7.985483,MEDIUM
ga,hfvrp_n100_m20_s02,100,20,1.000000,200,7340.512180,10303.005323,17643.517503,0.000000,,,0,1,,,,,7.924442,MEDIUM
ga,hfvrp_n100_m20_s05,100,20,1.000000,1,7047.190356,8439.429808,15486.620164,0.000000,,,0,1,,,,,24.281251,BIG
ga,hfvrp_n100_m20_s05,100,20,1.000000,10,11378.940784,13699.540726,25078.481510,0.000000,,,0,1,,,,,0.404843,DEFAULT
ga,hfvrp_n100_m20_s05,100,20,1.000000,10,18768.127133,40712.890087,59481.017220,0.000000,,,0,1,,,,,0.061787,SMALL
ga,hfvrp_n150_m30_s01,150,30,1.000000,1787991241335394859,15436.806039,14179.558950,29616.364990,0.000000,,,0,1,,,,,44.422774,BIG
ga,hfvrp_n100_m20_s03,100,20,1.000000,50,8497.813755,9716.984511,18214.798265,0.000000,,,0,1,,,,,24.220758,BIG
ga,hfvrp_n100_m20_s03,100,20,1.000000,75,13487.679031,15332.811253,28820.490284,0.000000,,,0,1,,,,,0.408403,DEFAULT
ga,hfvrp_n100_m20_s05,100,20,1.000000,10,8090.134610,10970.409562,19060.544171,0.000000,,,0,1,,,,,7.923201,MEDIUM
ga,hfvrp_n100_m20_s03,100,20,1.000000,75,17234.908203,31333.922897,48568.831100,0.000000,,,0,1,,,,,0.065560,SMALL
ga,hfvrp_n100_m20_s01,100,20,1.000000,9999,8088.270131,11493.669288,19581.939419,0.000000,,,0,1,,,,,23.718951,BIG
ga,hfvrp_n100_m20_s01,100,20,1.000000,19345,12302.307323,22534.117708,34836.425031,0.000000,,,0,1,,,,,0.396169,DEFAULT
ga,hfvrp_n100_m20_s01,100,20,1.000000,19345,13303.603438,35383.828332,48687.431770,0.000000,,,0,1,,,,,0.065925,SMALL
ga,hfvrp_n100_m20_s03,100,20,1.000000,75,8575.477175,8408.642619,16984.119794,0.000000,,,0,1,,,,,7.978997,MEDIUM
ga,hfvrp_n100_m20_s04,100,20,1.000000,10,7857.651999,10530.978900,18388.630899,0.000000,,,0,1,,,,,24.170710,BIG
ga,hfvrp_n150_m30_s01,150,30,1.000000,1,23529.739915,33174.047374,56703.787288,0.000000,,,0,1,,,,,0.758783,DEFAULT
ga,hfvrp_n150_m30_s01,150,30,1.000000,1,22786.712100,55301.284233,78087.996332,0.000000,,,0,1,,,,,0.118240,SMALL
ga,hfvrp_n100_m20_s02,100,20,1.000000,200,8078.667541,10595.168520,18673.836060,0.000000,,,0,1,,,,,23.998080,BIG
ga,hfvrp_n100_m20_s04,100,20,1.000000,50,10307.820987,16129.548029,26437.369016,0.000000,,,0,1,,,,,0.412918,DEFAULT
ga,hfvrp_n100_m20_s04,100,20,1.000000,50,13160.395548,30006.347856,43166.743404,0.000000,,,0,1,,,,,0.060414,SMALL
ga,hfvrp_n100_m20_s02,100,20,1.000000,999,11107.995744,17286.945301,28394.941045,0.000000,,,0,1,,,,,0.390036,DEFAULT
ga,hfvrp_n100_m20_s02,100,20,1.000000,999,15144.932985,25891.122826,41036.055811,0.000000,,,0,1,,,,,0.062146,SMALL
ga,hfvrp_n100_m20_s01,100,20,1.000000,19345,8123.290644,13878.970278,22002.260922,0.000000,,,0,1,,,,,7.815519,MEDIUM
ga,hfvrp_n100_m20_s04,100,20,1.000000,50,8371.426926,10049.035498,18420.462423,0.000000,,,0,1,,,,,8.212933,MEDIUM
ga,hfvrp_n100_m20_s02,100,20,1.000000,999,8227.891284,11168.076557,19395.967841,0.000000,,,0,1,,,,,7.991771,MEDIUM
ga,hfvrp_n150_m30_s01,150,30,1.000000,1,17112.583757,16761.814094,33874.397851,0.000000,,,0,1,,,,,14.403815,MEDIUM
ga,hfvrp_n100_m20_s05,100,20,1.000000,10,7908.324369,10377.377474,18285.701843,0.000000,,,0,1,,,,,23.909690,BIG
ga,hfvrp_n100_m20_s05,100,20,1.000000,50,12489.084141,14184.894082,26673.978222,0.000000,,,0,1,,,,,0.406568,DEFAULT
ga,hfvrp_n100_m20_s05,100,20,1.000000,50,14193.479661,32090.673248,46284.152909,0.000000,,,0,1,,,,,0.064351,SMALL
ga,hfvrp_n100_m20_s03,100,20,1.000000,75,8017.400078,8825.854823,16843.254902,0.000000,,,0,1,,,,,24.137400,BIG
ga,hfvrp_n100_m20_s05,100,20,1.000000,50,7372.325715,8715.587489,16087.913203,0.000000,,,0,1,,,,,7.833063,MEDIUM
ga,hfvrp_n100_m20_s03,100,20,1.000000,100,10832.737737,14527.344968,25360.082704,0.000000,,,0,1,,,,,0.407728,DEFAULT
ga,hfvrp_n100_m20_s03,100,20,1.000000,100,13885.150470,27800.609011,41685.759481,0.000000,,,0,1,,,,,0.058056,SMALL
ga,hfvrp_n100_m20_s01,100,20,1.000000,19345,7688.645464,11227.352986,18915.998450,0.000000,,,0,1,,,,,23.906738,BIG
ga,hfvrp_n100_m20_s01,100,20,1.000000,1787992780377577034,12339.207389,20797.467700,33136.675089,0.000000,,,0,1,,,,,0.408277,DEFAULT
ga,hfvrp_n100_m20_s01,100,20,1.000000,1787992776495299751,13716.027653,30043.904357,43759.932010,0.000000,,,0,1,,,,,0.063523,SMALL
ga,hfvrp_n100_m20_s03,100,20,1.000000,100,9965.182755,10063.956627,20029.139381,0.000000,,,0,1,,,,,7.984813,MEDIUM
ga,hfvrp_n100_m20_s04,100,20,1.000000,50,8065.289462,9719.900964,17785.190425,0.000000,,,0,1,,,,,24.308495,BIG
ga,hfvrp_n100_m20_s02,100,20,1.000000,999,7942.778782,11815.465660,19758.244442,0.000000,,,0,1,,,,,23.677768,BIG
ga,hfvrp_n100_m20_s04,100,20,1.000000,75,10429.462226,16104.708228,26534.170454,0.000000,,,0,1,,,,,0.401733,DEFAULT
ga,hfvrp_n100_m20_s04,100,20,1.000000,75,10524.085429,38421.432219,48945.517649,0.000000,,,0,1,,,,,0.061033,SMALL
ga,hfvrp_n100_m20_s02,100,20,1.000000,1234,10055.378946,16355.936741,26411.315687,0.000000,,,0,1,,,,,0.399492,DEFAULT
ga,hfvrp_n100_m20_s02,100,20,1.000000,1234,15218.785636,29162.976919,44381.762555,0.000000,,,0,1,,,,,0.059681,SMALL
ga,hfvrp_n100_m20_s01,100,20,1.000000,1787992772268035822,8149.839613,11938.449716,20088.289329,0.000000,,,0,1,,,,,7.798872,MEDIUM
ga,hfvrp_n100_m20_s04,100,20,1.000000,75,8610.413846,10295.882864,18906.296711,0.000000,,,0,1,,,,,8.174841,MEDIUM
ga,hfvrp_n100_m20_s02,100,20,1.000000,1234,8593.185590,11554.734575,20147.920166,0.000000,,,0,1,,,,,7.898316,MEDIUM
ga,hfvrp_n100_m20_s05,100,20,1.000000,50,7907.986876,9063.231077,16971.217954,0.000000,,,0,1,,,,,23.951686,BIG
ga,hfvrp_n100_m20_s05,100,20,1.000000,75,12222.223455,17860.666119,30082.889574,0.000000,,,0,1,,,,,0.412824,DEFAULT
ga,hfvrp_n100_m20_s05,100,20,1.000000,75,15681.703656,27676.354515,43358.058170,0.000000,,,0,1,,,,,0.061832,SMALL
ga,hfvrp_n150_m30_s01,150,30,1.000000,1,18157.882728,14087.157028,32245.039756,0.000000,,,0,1,,,,,44.018309,BIG
ga,hfvrp_n100_m20_s03,100,20,1.000000,100,8651.742041,8204.418550,16856.160591,0.000000,,,0,1,,,,,23.994118,BIG
ga,hfvrp_n100_m20_s05,100,20,1.000000,75,8092.624512,8727.120465,16819.744976,0.000000,,,0,1,,,,,8.027837,MEDIUM
ga,hfvrp_n100_m20_s03,100,20,1.000000,200,12582.312845,12707.614878,25289.927724,0.000000,,,0,1,,,,,0.421943,DEFAULT
ga,hfvrp_n100_m20_s03,100,20,1.000000,200,13973.929295,23678.814720,37652.744015,0.000000,,,0,1,,,,,0.059260,SMALL
ga,hfvrp_n100_m20_s01,100,20,1.000000,1787992711356827269,7562.297643,12974.918436,20537.216079,0.000000,,,0,1,,,,,24.041996,BIG
ga,hfvrp_n100_m20_s03,100,20,1.000000,200,8669.628194,8523.527572,17193.155767,0.000000,,,0,1,,,,,7.938171,MEDIUM
ga,hfvrp_n100_m20_s04,100,20,1.000000,75,7961.945181,9811.997649,17773.942830,0.000000,,,0,1,,,,,23.908722,BIG
ga,hfvrp_n100_m20_s02,100,20,1.000000,1234,8270.449759,12252.452472,20522.902231,0.000000,,,0,1,,,,,24.024171,BIG
ga,hfvrp_n150_m30_s01,150,30,1.000000,10,25446.778710,33100.449920,58547.228630,0.000000,,,0,1,,,,,0.764708,DEFAULT
ga,hfvrp_n150_m30_s01,150,30,1.000000,10,26105.670022,74667.546614,100773.216637,0.000000,,,0,1,,,,,0.112901,SMALL
ga,hfvrp_n100_m20_s04,100,20,1.000000,100,10840.359827,14404.867759,25245.227585,0.000000,,,0,1,,,,,0.402436,DEFAULT
ga,hfvrp_n100_m20_s04,100,20,1.000000,100,12555.062903,23896.617968,36451.680871,0.000000,,,0,1,,,,,0.063059,SMALL
ga,hfvrp_n100_m20_s02,100,20,1.000000,9999,10079.669784,14566.225097,24645.894881,0.000000,,,0,1,,,,,0.409595,DEFAULT
ga,hfvrp_n100_m20_s02,100,20,1.000000,9999,11948.634916,32234.466918,44183.101834,0.000000,,,0,1,,,,,0.056414,SMALL
ga,hfvrp_n150_m30_s02,150,30,1.000000,1787991964220100415,21823.763478,30510.132656,52333.896133,0.000000,,,0,1,,,,,0.758135,DEFAULT
ga,hfvrp_n150_m30_s02,150,30,1.000000,1787991934917944468,26873.641381,60131.900827,87005.542208,0.000000,,,0,1,,,,,0.119189,SMALL
ga,hfvrp_n100_m20_s04,100,20,1.000000,100,8698.361310,9419.173332,18117.534643,0.000000,,,0,1,,,,,7.807952,MEDIUM
ga,hfvrp_n100_m20_s02,100,20,1.000000,9999,7905.275891,10862.093629,18767.369520,0.000000,,,0,1,,,,,7.924437,MEDIUM
ga,hfvrp_n100_m20_s05,100,20,1.000000,75,7876.937596,8963.194761,16840.132357,0.000000,,,0,1,,,,,24.015093,BIG
ga,hfvrp_n150_m30_s01,150,30,1.000000,10,16576.516398,15782.157036,32358.673434,0.000000,,,0,1,,,,,14.783227,MEDIUM
ga,hfvrp_n100_m20_s05,100,20,1.000000,100,11626.460124,15838.899993,27465.360117,0.000000,,,0,1,,,,,0.398375,DEFAULT
ga,hfvrp_n100_m20_s05,100,20,1.000000,100,12664.795628,40118.177798,52782.973425,0.000000,,,0,1,,,,,0.053898,SMALL
ga,hfvrp_n100_m20_s03,100,20,1.000000,200,8275.696919,8296.215925,16571.912844,0.000000,,,0,1,,,,,23.724839,BIG
ga,hfvrp_n150_m30_s02,150,30,1.000000,1787991930746459808,14606.668572,13051.278744,27657.947315,0.000000,,,0,1,,,,,15.019501,MEDIUM
ga,hfvrp_n100_m20_s05,100,20,1.000000,100,8145.913523,7776.489979,15922.403501,0.000000,,,0,1,,,,,8.046683,MEDIUM
ga,hfvrp_n100_m20_s03,100,20,1.000000,999,11381.787656,12665.588261,24047.375917,0.000000,,,0,1,,,,,0.398386,DEFAULT
ga,hfvrp_n100_m20_s03,100,20,1.000000,999,14407.299999,21320.858543,35728.158542,0.000000,,,0,1,,,,,0.054696,SMALL
ga,hfvrp_n100_m20_s03,100,20,1.000000,999,9101.331744,10318.752276,19420.084020,0.000000,,,0,1,,,,,7.778969,MEDIUM
ga,hfvrp_n100_m20_s02,100,20,1.000000,9999,6905.245438,9833.750083,16738.995521,0.000000,,,0,1,,,,,23.241350,BIG
ga,hfvrp_n100_m20_s04,100,20,1.000000,100,8307.166466,9958.940446,18266.106912,0.000000,,,0,1,,,,,23.927520,BIG
ga,hfvrp_n100_m20_s02,100,20,1.000000,19345,12546.295918,19212.245846,31758.541765,0.000000,,,0,1,,,,,0.387095,DEFAULT
ga,hfvrp_n100_m20_s02,100,20,1.000000,19345,14187.448322,39392.889371,53580.337693,0.000000,,,0,1,,,,,0.049785,SMALL
ga,hfvrp_n100_m20_s04,100,20,1.000000,200,11423.681730,11575.290799,22998.972529,0.000000,,,0,1,,,,,0.415258,DEFAULT
ga,hfvrp_n100_m20_s04,100,20,1.000000,200,12847.512279,24452.978968,37300.491248,0.000000,,,0,1,,,,,0.066559,SMALL
ga,hfvrp_n100_m20_s02,100,20,1.000000,19345,7881.067136,10765.941851,18647.008987,0.000000,,,0,1,,,,,7.872833,MEDIUM
ga,hfvrp_n100_m20_s04,100,20,1.000000,200,9062.546703,11997.667542,21060.214245,0.000000,,,0,1,,,,,7.778662,MEDIUM
ga,hfvrp_n100_m20_s05,100,20,1.000000,100,7457.129302,8386.368409,15843.497710,0.000000,,,0,1,,,,,23.619800,BIG
ga,hfvrp_n100_m20_s05,100,20,1.000000,200,10121.790343,18659.037286,28780.827628,0.000000,,,0,1,,,,,0.417396,DEFAULT
ga,hfvrp_n100_m20_s05,100,20,1.000000,200,13117.215539,24320.022081,37437.237620,0.000000,,,0,1,,,,,0.062839,SMALL
ga,hfvrp_n100_m20_s03,100,20,1.000000,999,8222.212989,9587.744088,17809.957077,0.000000,,,0,1,,,,,23.858758,BIG
ga,hfvrp_n150_m30_s01,150,30,1.000000,10,16470.621751,14707.849285,31178.471036,0.000000,,,0,1,,,,,43.424582,BIG
ga,hfvrp_n100_m20_s05,100,20,1.000000,200,8168.046195,8938.178817,17106.225011,0.000000,,,0,1,,,,,7.757430,MEDIUM
ga,hfvrp_n100_m20_s03,100,20,1.000000,1234,11420.646929,15660.064866,27080.711795,0.000000,,,0,1,,,,,0.392879,DEFAULT
ga,hfvrp_n100_m20_s03,100,20,1.000000,1234,12941.226910,20814.247873,33755.474783,0.000000,,,0,1,,,,,0.056658,SMALL
ga,hfvrp_n150_m30_s02,150,30,1.000000,1787991846986689464,15337.926039,13143.589882,28481.515921,0.000000,,,0,1,,,,,43.451251,BIG
ga,hfvrp_n100_m20_s02,100,20,1.000000,19345,8006.978161,8678.995229,16685.973390,0.000000,,,0,1,,,,,24.090569,BIG
ga,hfvrp_n100_m20_s03,100,20,1.000000,1234,8197.501597,8326.622278,16524.123875,0.000000,,,0,1,,,,,7.745945,MEDIUM
ga,hfvrp_n100_m20_s04,100,20,1.000000,200,8183.062933,10574.492868,18757.555801,0.000000,,,0,1,,,,,24.046511,BIG
ga,hfvrp_n100_m20_s02,100,20,1.000000,1787992107915154084,11233.722421,17846.153137,29079.875558,0.000000,,,0,1,,,,,0.408554,DEFAULT
ga,hfvrp_n100_m20_s02,100,20,1.000000,1787992104038204292,14498.995928,24664.569655,39163.565583,0.000000,,,0,1,,,,,0.063027,SMALL
ga,hfvrp_n150_m30_s01,150,30,1.000000,50,23216.598185,34694.446146,57911.044331,0.000000,,,0,1,,,,,0.710577,DEFAULT
ga,hfvrp_n150_m30_s01,150,30,1.000000,50,23987.855510,53399.677795,77387.533305,0.000000,,,0,1,,,,,0.126415,SMALL
ga,hfvrp_n100_m20_s04,100,20,1.000000,999,11277.078486,16993.816769,28270.895255,0.000000,,,0,1,,,,,0.398236,DEFAULT
ga,hfvrp_n100_m20_s04,100,20,1.000000,999,13668.230652,32414.251005,46082.481657,0.000000,,,0,1,,,,,0.065154,SMALL
ga,hfvrp_n100_m20_s02,100,20,1.000000,1787992129880211128,8710.102087,10063.375455,18773.477541,0.000000,,,0,1,,,,,8.078159,MEDIUM
ga,hfvrp_n100_m20_s04,100,20,1.000000,999,8624.529722,9340.754668,17965.284390,0.000000,,,0,1,,,,,8.135128,MEDIUM
ga,hfvrp_n150_m30_s02,150,30,1.000000,1,22050.270160,23913.246483,45963.516643,0.000000,,,0,1,,,,,0.730643,DEFAULT
ga,hfvrp_n100_m20_s05,100,20,1.000000,200,9032.047461,9686.972750,18719.020211,0.000000,,,0,1,,,,,24.147833,BIG
ga,hfvrp_n150_m30_s02,150,30,1.000000,1,28802.017030,59606.704159,88408.721189,0.000000,,,0,1,,,,,0.115517,SMALL
ga,hfvrp_n100_m20_s05,100,20,1.000000,999,13173.430795,18073.485100,31246.915895,0.000000,,,0,1,,,,,0.416345,DEFAULT
ga,hfvrp_n150_m30_s01,150,30,1.000000,50,16123.640151,16812.019648,32935.659799,0.000000,,,0,1,,,,,14.787406,MEDIUM
ga,hfvrp_n100_m20_s05,100,20,1.000000,999,15721.073511,28929.749215,44650.822726,0.000000,,,0,1,,,,,0.066425,SMALL
ga,hfvrp_n100_m20_s03,100,20,1.000000,1234,8740.828563,8795.676759,17536.505322,0.000000,,,0,1,,,,,24.040667,BIG
ga,hfvrp_n100_m20_s05,100,20,1.000000,999,8179.846637,8205.085336,16384.931973,0.000000,,,0,1,,,,,7.975415,MEDIUM
ga,hfvrp_n100_m20_s03,100,20,1.000000,9999,11320.124796,17381.355465,28701.480261,0.000000,,,0,1,,,,,0.421346,DEFAULT
ga,hfvrp_n100_m20_s03,100,20,1.000000,9999,14724.024907,24445.894902,39169.919809,0.000000,,,0,1,,,,,0.054289,SMALL
ga,hfvrp_n150_m30_s02,150,30,1.000000,1,17621.407361,13211.740112,30833.147473,0.000000,,,0,1,,,,,14.426754,MEDIUM
ga,hfvrp_n100_m20_s02,100,20,1.000000,1787992095013453252,7271.858210,9615.570816,16887.429027,0.000000,,,0,1,,,,,24.132458,BIG
ga,hfvrp_n100_m20_s03,100,20,1.000000,9999,8656.143668,8728.983934,17385.127602,0.000000,,,0,1,,,,,7.863517,MEDIUM
ga,hfvrp_n100_m20_s04,100,20,1.000000,999,8289.841016,9167.580624,17457.421639,0.000000,,,0,1,,,,,24.077081,BIG
ga,hfvrp_n100_m20_s04,100,20,1.000000,1234,12773.942602,13302.097597,26076.040200,0.000000,,,0,1,,,,,0.424083,DEFAULT
ga,hfvrp_n100_m20_s04,100,20,1.000000,1234,13774.546582,29328.721565,43103.268147,0.000000,,,0,1,,,,,0.062519,SMALL
ga,hfvrp_n100_m20_s04,100,20,1.000000,1234,8454.742246,10038.733924,18493.476170,0.000000,,,0,1,,,,,8.117931,MEDIUM
ga,hfvrp_n100_m20_s05,100,20,1.000000,999,7143.416595,9215.691475,16359.108070,0.000000,,,0,1,,,,,23.926184,BIG
ga,hfvrp_n100_m20_s05,100,20,1.000000,1234,12854.423324,15130.704599,27985.127923,0.000000,,,0,1,,,,,0.410575,DEFAULT
ga,hfvrp_n100_m20_s05,100,20,1.000000,1234,14278.303963,34052.211093,48330.515056,0.000000,,,0,1,,,,,0.059360,SMALL
ga,hfvrp_n150_m30_s03,150,30,1.000000,1787993468476312400,22991.136137,26593.865681,49585.001818,0.000000,,,0,1,,,,,0.773981,DEFAULT
ga,hfvrp_n150_m30_s03,150,30,1.000000,1787993473549973705,24934.270659,76224.142755,101158.413414,0.000000,,,0,1,,,,,0.105965,SMALL
ga,hfvrp_n100_m20_s03,100,20,1.000000,9999,8347.038994,8658.900389,17005.939383,0.000000,,,0,1,,,,,24.150378,BIG
ga,hfvrp_n100_m20_s05,100,20,1.000000,1234,8055.002076,9246.698165,17301.700241,0.000000,,,0,1,,,,,7.921275,MEDIUM
ga,hfvrp_n150_m30_s01,150,30,1.000000,50,15911.060731,14108.935280,30019.996011,0.000000,,,0,1,,,,,43.940425,BIG
ga,hfvrp_n100_m20_s03,100,20,1.000000,19345,12963.232562,14619.770457,27583.003019,0.000000,,,0,1,,,,,0.389768,DEFAULT
ga,hfvrp_n100_m20_s03,100,20,1.000000,19345,13194.521457,22044.980958,35239.502415,0.000000,,,0,1,,,,,0.058181,SMALL
ga,hfvrp_n100_m20_s03,100,20,1.000000,19345,9038.875075,9707.504399,18746.379474,0.000000,,,0,1,,,,,7.782571,MEDIUM
ga,hfvrp_n100_m20_s04,100,20,1.000000,1234,7337.351953,9835.106216,17172.458170,0.000000,,,0,1,,,,,23.980336,BIG
ga,hfvrp_n150_m30_s03,150,30,1.000000,1787993409235926415,17250.752080,16544.037474,33794.789554,0.000000,,,0,1,,,,,14.901410,MEDIUM
ga,hfvrp_n150_m30_s02,150,30,1.000000,1,16791.209461,14340.757729,31131.967191,0.000000,,,0,1,,,,,44.809605,BIG
ga,hfvrp_n100_m20_s04,100,20,1.000000,9999,10810.384615,16131.885462,26942.270077,0.000000,,,0,1,,,,,0.403516,DEFAULT
ga,hfvrp_n100_m20_s04,100,20,1.000000,9999,13561.586729,40074.346111,53635.932840,0.000000,,,0,1,,,,,0.060608,SMALL
ga,hfvrp_n150_m30_s01,150,30,1.000000,75,19907.241087,40690.971246,60598.212333,0.000000,,,0,1,,,,,0.730214,DEFAULT
ga,hfvrp_n150_m30_s01,150,30,1.000000,75,26050.096136,87993.558154,114043.654290,0.000000,,,0,1,,,,,0.119706,SMALL
ga,hfvrp_n100_m20_s04,100,20,1.000000,9999,7701.651210,10286.861619,17988.512828,0.000000,,,0,1,,,,,8.141831,MEDIUM
ga,hfvrp_n100_m20_s05,100,20,1.000000,1234,7692.783618,8247.746654,15940.530271,0.000000,,,0,1,,,,,24.362308,BIG
ga,hfvrp_n100_m20_s05,100,20,1.000000,9999,11261.228149,14577.886684,25839.114833,0.000000,,,0,1,,,,,0.421529,DEFAULT
ga,hfvrp_n100_m20_s05,100,20,1.000000,9999,15406.680100,35472.244752,50878.924852,0.000000,,,0,1,,,,,0.057744,SMALL
ga,hfvrp_n150_m30_s01,150,30,1.000000,75,16303.645011,17062.183175,33365.828186,0.000000,,,0,1,,,,,14.614727,MEDIUM
ga,hfvrp_n150_m30_s02,150,30,1.000000,10,26058.902138,29137.652696,55196.554834,0.000000,,,0,1,,,,,0.775504,DEFAULT
ga,hfvrp_n150_m30_s02,150,30,1.000000,10,29720.595882,51360.057222,81080.653104,0.000000,,,0,1,,,,,0.123433,SMALL
ga,hfvrp_n100_m20_s03,100,20,1.000000,19345,8132.281813,8185.508045,16317.789859,0.000000,,,0,1,,,,,24.583045,BIG
ga,hfvrp_n100_m20_s05,100,20,1.000000,9999,7496.988378,9530.722222,17027.710600,0.000000,,,0,1,,,,,7.938974,MEDIUM
ga,hfvrp_n100_m20_s03,100,20,1.000000,1787993510325083429,12162.679778,12977.727285,25140.407062,0.000000,,,0,1,,,,,0.418386,DEFAULT
ga,hfvrp_n100_m20_s03,100,20,1.000000,1787993506452905412,15393.979623,24883.973259,40277.952882,0.000000,,,0,1,,,,,0.056020,SMALL
ga,hfvrp_n150_m30_s02,150,30,1.000000,10,16057.279799,13140.278472,29197.558271,0.000000,,,0,1,,,,,14.452545,MEDIUM
ga,hfvrp_n100_m20_s03,100,20,1.000000,1787993519398042130,9015.192618,8824.116527,17839.309145,0.000000,,,0,1,,,,,7.646058,MEDIUM
ga,hfvrp_n100_m20_s04,100,20,1.000000,9999,7336.119021,9299.989616,16636.108638,0.000000,,,0,1,,,,,24.084945,BIG
ga,hfvrp_n100_m20_s04,100,20,1.000000,19345,10090.263034,16463.888137,26554.151171,0.000000,,,0,1,,,,,0.407775,DEFAULT
ga,hfvrp_n100_m20_s04,100,20,1.000000,19345,15678.006974,36309.316061,51987.323036,0.000000,,,0,1,,,,,0.059996,SMALL
ga,hfvrp_n150_m30_s03,150,30,1.000000,1787993896594494776,16313.905530,15055.988856,31369.894387,0.000000,,,0,1,,,,,43.669554,BIG
ga,hfvrp_n100_m20_s04,100,20,1.000000,19345,8217.948563,10819.950606,19037.899169,0.000000,,,0,1,,,,,7.972980,MEDIUM
ga,hfvrp_n100_m20_s05,100,20,1.000000,9999,8275.983780,9214.496033,17490.479812,0.000000,,,0,1,,,,,24.204516,BIG
ga,hfvrp_n100_m20_s05,100,20,1.000000,19345,11910.413510,13500.041380,25410.454890,0.000000,,,0,1,,,,,0.429440,DEFAULT
ga,hfvrp_n100_m20_s05,100,20,1.000000,19345,17305.697151,32058.542019,49364.239170,0.000000,,,0,1,,,,,0.064997,SMALL
ga,hfvrp_n100_m20_s03,100,20,1.000000,1787993518459037040,8232.884032,7820.073661,16052.957693,0.000000,,,0,1,,,,,24.056352,BIG
ga,hfvrp_n100_m20_s05,100,20,1.000000,19345,8039.189538,8893.828604,16933.018142,0.000000,,,0,1,,,,,7.753193,MEDIUM
ga,hfvrp_n150_m30_s01,150,30,1.000000,75,15854.143072,14867.094953,30721.238025,0.000000,,,0,1,,,,,44.676007,BIG
ga,hfvrp_n150_m30_s03,150,30,1.000000,1,21127.465643,24579.653273,45707.118916,0.000000,,,0,1,,,,,0.731329,DEFAULT
ga,hfvrp_n150_m30_s03,150,30,1.000000,1,29324.492173,59926.328515,89250.820687,0.000000,,,0,1,,,,,0.109175,SMALL
ga,hfvrp_n100_m20_s04,100,20,1.000000,19345,8360.627885,9443.295216,17803.923102,0.000000,,,0,1,,,,,23.606430,BIG
ga,hfvrp_n150_m30_s04,150,30,1.000000,1787993111839039609,23719.102191,34447.040641,58166.142832,0.000000,,,0,1,,,,,0.748780,DEFAULT
ga,hfvrp_n150_m30_s04,150,30,1.000000,1787993219966625037,27925.817862,69481.609185,97407.427047,0.000000,,,0,1,,,,,0.116350,SMALL
ga,hfvrp_n100_m20_s04,100,20,1.000000,1787993230316527448,11413.239948,16907.070036,28320.309983,0.000000,,,0,1,,,,,0.392648,DEFAULT
ga,hfvrp_n100_m20_s04,100,20,1.000000,1787993235013135821,12955.412091,27503.047626,40458.459717,0.000000,,,0,1,,,,,0.065207,SMALL
ga,hfvrp_n150_m30_s01,150,30,1.000000,100,24026.667731,27922.561150,51949.228880,0.000000,,,0,1,,,,,0.774565,DEFAULT
ga,hfvrp_n150_m30_s01,150,30,1.000000,100,26161.895573,62240.725618,88402.621191,0.000000,,,0,1,,,,,0.111640,SMALL
ga,hfvrp_n150_m30_s02,150,30,1.000000,10,15656.155106,14546.809351,30202.964457,0.000000,,,0,1,,,,,44.579646,BIG
ga,hfvrp_n100_m20_s04,100,20,1.000000,1787993205022422681,8243.723340,10013.581789,18257.305129,0.000000,,,0,1,,,,,7.922260,MEDIUM
ga,hfvrp_n150_m30_s03,150,30,1.000000,1,17528.438745,15404.849225,32933.287970,0.000000,,,0,1,,,,,14.679065,MEDIUM
ga,hfvrp_n100_m20_s05,100,20,1.000000,19345,7851.949959,8906.859063,16758.809022,0.000000,,,0,1,,,,,23.919096,BIG
ga,hfvrp_n150_m30_s04,150,30,1.000000,1787993224382300782,19017.151097,15909.386936,34926.538033,0.000000,,,0,1,,,,,14.745560,MEDIUM
ga,hfvrp_n100_m20_s05,100,20,1.000000,1787993291399316300,12595.764140,17961.279432,30557.043572,0.000000,,,0,1,,,,,0.417822,DEFAULT
ga,hfvrp_n100_m20_s05,100,20,1.000000,1787993287531212288,12711.146319,28529.832271,41240.978590,0.000000,,,0,1,,,,,0.061469,SMALL
ga,hfvrp_n150_m30_s01,150,30,1.000000,100,16403.990445,14443.675317,30847.665762,0.000000,,,0,1,,,,,14.737288,MEDIUM
ga,hfvrp_n150_m30_s02,150,30,1.000000,50,21094.662632,22559.352152,43654.014784,0.000000,,,0,1,,,,,0.722881,DEFAULT
ga,hfvrp_n150_m30_s02,150,30,1.000000,50,26293.599149,48100.471842,74394.070992,0.000000,,,0,1,,,,,0.122730,SMALL
ga,hfvrp_n100_m20_s05,100,20,1.000000,1787993283301305831,8283.940434,9606.705671,17890.646105,0.000000,,,0,1,,,,,8.013605,MEDIUM
ga,hfvrp_n100_m20_s04,100,20,1.000000,1787993178594930883,7760.375943,10776.076197,18536.452140,0.000000,,,0,1,,,,,23.931904,BIG
ga,hfvrp_n150_m30_s02,150,30,1.000000,50,15360.968564,13955.900541,29316.869105,0.000000,,,0,1,,,,,14.763770,MEDIUM
ga,hfvrp_n150_m30_s05,150,30,1.000000,1787993291562462176,22922.792078,31791.653680,54714.445758,0.000000,,,0,1,,,,,0.734192,DEFAULT
ga,hfvrp_n150_m30_s05,150,30,1.000000,1787993288006393707,28376.659158,55908.857260,84285.516418,0.000000,,,0,1,,,,,0.104967,SMALL
ga,hfvrp_n100_m20_s05,100,20,1.000000,1787993355748274657,8770.902955,10208.890348,18979.793303,0.000000,,,0,1,,,,,23.873114,BIG
ga,hfvrp_n150_m30_s03,150,30,1.000000,1,16952.031955,15544.334059,32496.366014,0.000000,,,0,1,,,,,44.164537,BIG
ga,hfvrp_n150_m30_s04,150,30,1.000000,1787993294967344721,16647.550118,17362.441839,34009.991957,0.000000,,,0,1,,,,,44.350679,BIG
ga,hfvrp_n150_m30_s05,150,30,1.000000,1787993283821066073,16265.511391,13797.760710,30063.272101,0.000000,,,0,1,,,,,14.629403,MEDIUM
ga,hfvrp_n150_m30_s01,150,30,1.000000,100,15021.856885,14533.173611,29555.030496,0.000000,,,0,1,,,,,45.657316,BIG
ga,hfvrp_n150_m30_s04,150,30,1.000000,1,26304.124524,24464.369510,50768.494034,0.000000,,,0,1,,,,,0.753686,DEFAULT
ga,hfvrp_n150_m30_s04,150,30,1.000000,1,27019.452665,66602.916997,93622.369662,0.000000,,,0,1,,,,,0.111154,SMALL
ga,hfvrp_n150_m30_s03,150,30,1.000000,10,24104.531793,32714.361515,56818.893309,0.000000,,,0,1,,,,,0.760500,DEFAULT
ga,hfvrp_n150_m30_s03,150,30,1.000000,10,25368.916225,49154.179340,74523.095564,0.000000,,,0,1,,,,,0.113325,SMALL
ga,hfvrp_n150_m30_s01,150,30,1.000000,200,21296.166347,36063.523791,57359.690138,0.000000,,,0,1,,,,,0.723358,DEFAULT
ga,hfvrp_n150_m30_s01,150,30,1.000000,200,24114.654576,66218.868052,90333.522628,0.000000,,,0,1,,,,,0.110074,SMALL
ga,hfvrp_n150_m30_s02,150,30,1.000000,50,14633.044886,13797.716059,28430.760946,0.000000,,,0,1,,,,,44.769307,BIG
ga,hfvrp_n200_m40_s01,200,40,1.000000,1787993077102279246,39392.659648,56242.966865,95635.626512,0.000000,,,0,1,,,,,1.356887,DEFAULT
ga,hfvrp_n200_m40_s01,200,40,1.000000,1787992850830726675,54815.998931,99077.599882,153893.598813,0.000000,,,0,1,,,,,0.165150,SMALL
ga,hfvrp_n150_m30_s04,150,30,1.000000,1,15642.081630,18817.910863,34459.992493,0.000000,,,0,1,,,,,14.853184,MEDIUM
ga,hfvrp_n150_m30_s03,150,30,1.000000,10,16238.546327,15026.526110,31265.072437,0.000000,,,0,1,,,,,14.526213,MEDIUM
ga,hfvrp_n150_m30_s01,150,30,1.000000,200,16593.108108,14875.947621,31469.055729,0.000000,,,0,1,,,,,14.790665,MEDIUM
ga,hfvrp_n150_m30_s02,150,30,1.000000,75,23886.064146,32094.179992,55980.244139,0.000000,,,0,1,,,,,0.745588,DEFAULT
ga,hfvrp_n150_m30_s02,150,30,1.000000,75,27188.594418,73556.964452,100745.558871,0.000000,,,0,1,,,,,0.112054,SMALL
ga,hfvrp_n150_m30_s05,150,30,1.000000,1787992860368629594,14180.924896,11838.313100,26019.237997,0.000000,,,0,1,,,,,43.606605,BIG
ga,hfvrp_n150_m30_s02,150,30,1.000000,75,16395.031403,12670.777876,29065.809279,0.000000,,,0,1,,,,,14.740239,MEDIUM
ga,hfvrp_n200_m40_s01,200,40,1.000000,1787992855295532696,27518.129838,20218.886197,47737.016036,0.000000,,,0,1,,,,,27.093029,MEDIUM
ga,hfvrp_n150_m30_s05,150,30,1.000000,1,22804.294311,30107.881142,52912.175453,0.000000,,,0,1,,,,,0.763293,DEFAULT
ga,hfvrp_n150_m30_s05,150,30,1.000000,1,27995.615400,69003.968046,96999.583447,0.000000,,,0,1,,,,,0.105472,SMALL
ga,hfvrp_n150_m30_s04,150,30,1.000000,1,16951.794516,16737.535939,33689.330455,0.000000,,,0,1,,,,,44.410359,BIG
ga,hfvrp_n150_m30_s05,150,30,1.000000,1,16218.866421,15476.716317,31695.582738,0.000000,,,0,1,,,,,14.052828,MEDIUM
ga,hfvrp_n150_m30_s03,150,30,1.000000,10,16301.441614,13408.223570,29709.665184,0.000000,,,0,1,,,,,43.389239,BIG
ga,hfvrp_n150_m30_s01,150,30,1.000000,200,16123.353047,15408.533468,31531.886515,0.000000,,,0,1,,,,,44.171160,BIG
ga,hfvrp_n150_m30_s04,150,30,1.000000,10,25279.733808,34368.117726,59647.851534,0.000000,,,0,1,,,,,0.735457,DEFAULT
ga,hfvrp_n150_m30_s04,150,30,1.000000,10,28780.353667,58781.545931,87561.899598,0.000000,,,0,1,,,,,0.115252,SMALL
ga,hfvrp_n150_m30_s01,150,30,1.000000,999,23472.440576,36389.089332,59861.529908,0.000000,,,0,1,,,,,0.745098,DEFAULT
ga,hfvrp_n150_m30_s01,150,30,1.000000,999,28427.957695,56365.399797,84793.357492,0.000000,,,0,1,,,,,0.120654,SMALL
ga,hfvrp_n150_m30_s02,150,30,1.000000,75,14042.274445,11080.402087,25122.676531,0.000000,,,0,1,,,,,45.373589,BIG
ga,hfvrp_n150_m30_s04,150,30,1.000000,10,18021.258404,18284.767583,36306.025986,0.000000,,,0,1,,,,,14.605053,MEDIUM
ga,hfvrp_n150_m30_s03,150,30,1.000000,50,22125.445712,25747.547250,47872.992961,0.000000,,,0,1,,,,,0.722461,DEFAULT
ga,hfvrp_n150_m30_s03,150,30,1.000000,50,24493.576300,46176.782214,70670.358514,0.000000,,,0,1,,,,,0.111234,SMALL
ga,hfvrp_n150_m30_s01,150,30,1.000000,999,17089.610174,17031.260208,34120.870382,0.000000,,,0,1,,,,,14.766347,MEDIUM
ga,hfvrp_n150_m30_s02,150,30,1.000000,100,23237.596033,25325.701539,48563.297572,0.000000,,,0,1,,,,,0.736263,DEFAULT
ga,hfvrp_n150_m30_s02,150,30,1.000000,100,25316.577449,48804.639761,74121.217210,0.000000,,,0,1,,,,,0.117884,SMALL
ga,hfvrp_n150_m30_s03,150,30,1.000000,50,16477.124980,12798.280614,29275.405594,0.000000,,,0,1,,,,,14.629440,MEDIUM
ga,hfvrp_n150_m30_s05,150,30,1.000000,1,16144.701159,12296.606960,28441.308119,0.000000,,,0,1,,,,,44.146994,BIG
ga,hfvrp_n150_m30_s02,150,30,1.000000,100,16060.298415,14479.804129,30540.102543,0.000000,,,0,1,,,,,14.786137,MEDIUM
ga,hfvrp_n150_m30_s05,150,30,1.000000,10,21864.277664,28018.515905,49882.793569,0.000000,,,0,1,,,,,0.742327,DEFAULT
ga,hfvrp_n150_m30_s05,150,30,1.000000,10,28264.252262,54645.901391,82910.153653,0.000000,,,0,1,,,,,0.100048,SMALL
ga,hfvrp_n200_m40_s01,200,40,1.000000,1787992916753511575,23537.857119,17192.054462,40729.911581,0.000000,,,0,1,,,,,83.252874,BIG
ga,hfvrp_n150_m30_s05,150,30,1.000000,10,15098.509768,13459.414236,28557.924004,0.000000,,,0,1,,,,,14.355569,MEDIUM
ga,hfvrp_n150_m30_s04,150,30,1.000000,10,16586.974843,14503.474372,31090.449216,0.000000,,,0,1,,,,,45.177018,BIG
ga,hfvrp_n150_m30_s01,150,30,1.000000,999,17220.642990,15102.135666,32322.778655,0.000000,,,0,1,,,,,43.975913,BIG
ga,hfvrp_n150_m30_s04,150,30,1.000000,50,23798.460356,31122.368215,54920.828571,0.000000,,,0,1,,,,,0.744465,DEFAULT
ga,hfvrp_n150_m30_s04,150,30,1.000000,50,32999.171796,56730.807836,89729.979632,0.000000,,,0,1,,,,,0.120698,SMALL
ga,hfvrp_n150_m30_s03,150,30,1.000000,50,16434.168401,12363.894574,28798.062974,0.000000,,,0,1,,,,,44.149274,BIG
ga,hfvrp_n150_m30_s01,150,30,1.000000,1234,24175.624343,35108.997625,59284.621968,0.000000,,,0,1,,,,,0.727130,DEFAULT
ga,hfvrp_n150_m30_s01,150,30,1.000000,1234,28524.964336,68372.925413,96897.889749,0.000000,,,0,1,,,,,0.110742,SMALL
ga,hfvrp_n150_m30_s04,150,30,1.000000,50,17122.164979,15459.589639,32581.754617,0.000000,,,0,1,,,,,14.668765,MEDIUM
ga,hfvrp_n150_m30_s02,150,30,1.000000,100,16014.879778,12529.959689,28544.839467,0.000000,,,0,1,,,,,44.386216,BIG
ga,hfvrp_n200_m40_s01,200,40,1.000000,1,44379.142459,44007.938765,88387.081224,0.000000,,,0,1,,,,,1.368508,DEFAULT
ga,hfvrp_n200_m40_s01,200,40,1.000000,1,54937.305718,104496.686140,159433.991858,0.000000,,,0,1,,,,,0.165430,SMALL
ga,hfvrp_n150_m30_s01,150,30,1.000000,1234,15537.319034,14865.543497,30402.862531,0.000000,,,0,1,,,,,14.796346,MEDIUM
ga,hfvrp_n150_m30_s03,150,30,1.000000,75,23959.522619,34409.832353,58369.354972,0.000000,,,0,1,,,,,0.749461,DEFAULT
ga,hfvrp_n150_m30_s03,150,30,1.000000,75,31303.111192,53846.897842,85150.009034,0.000000,,,0,1,,,,,0.127100,SMALL
ga,hfvrp_n150_m30_s05,150,30,1.000000,10,16491.863806,13442.762312,29934.626119,0.000000,,,0,1,,,,,44.067332,BIG
ga,hfvrp_n150_m30_s02,150,30,1.000000,200,22849.743902,22857.892825,45707.636727,0.000000,,,0,1,,,,,0.743852,DEFAULT
ga,hfvrp_n150_m30_s02,150,30,1.000000,200,25445.234949,65447.664990,90892.899939,0.000000,,,0,1,,,,,0.113689,SMALL
ga,hfvrp_n150_m30_s03,150,30,1.000000,75,17317.286179,16917.936886,34235.223065,0.000000,,,0,1,,,,,14.664566,MEDIUM
ga,hfvrp_n150_m30_s05,150,30,1.000000,50,24518.386780,20801.932521,45320.319300,0.000000,,,0,1,,,,,0.725732,DEFAULT
ga,hfvrp_n150_m30_s05,150,30,1.000000,50,27816.903717,57626.148901,85443.052618,0.000000,,,0,1,,,,,0.099651,SMALL
ga,hfvrp_n200_m40_s01,200,40,1.000000,1,28125.686347,20913.026385,49038.712733,0.000000,,,0,1,,,,,26.636470,MEDIUM
ga,hfvrp_n150_m30_s02,150,30,1.000000,200,17296.007453,13590.399179,30886.406632,0.000000,,,0,1,,,,,14.654325,MEDIUM
ga,hfvrp_n150_m30_s05,150,30,1.000000,50,16084.109142,14251.017237,30335.126379,0.000000,,,0,1,,,,,14.406058,MEDIUM
ga,hfvrp_n150_m30_s04,150,30,1.000000,50,17616.496305,17488.021386,35104.517691,0.000000,,,0,1,,,,,44.823078,BIG
ga,hfvrp_n150_m30_s01,150,30,1.000000,1234,17952.666543,15437.488098,33390.154642,0.000000,,,0,1,,,,,43.796322,BIG
ga,hfvrp_n150_m30_s04,150,30,1.000000,75,23555.675633,30817.217787,54372.893420,0.000000,,,0,1,,,,,0.739813,DEFAULT
ga,hfvrp_n150_m30_s04,150,30,1.000000,75,34475.238296,64954.744049,99429.982346,0.000000,,,0,1,,,,,0.112057,SMALL
ga,hfvrp_n150_m30_s01,150,30,1.000000,9999,24432.534056,25429.548610,49862.082665,0.000000,,,0,1,,,,,0.750057,DEFAULT
ga,hfvrp_n150_m30_s01,150,30,1.000000,9999,28083.340857,70580.777552,98664.118409,0.000000,,,0,1,,,,,0.114057,SMALL
ga,hfvrp_n150_m30_s03,150,30,1.000000,75,17283.769883,16294.849745,33578.619628,0.000000,,,0,1,,,,,44.400013,BIG
ga,hfvrp_n150_m30_s04,150,30,1.000000,75,16957.002859,14998.639989,31955.642848,0.000000,,,0,1,,,,,14.948171,MEDIUM
ga,hfvrp_n150_m30_s02,150,30,1.000000,200,14176.966753,12462.052165,26639.018918,0.000000,,,0,1,,,,,45.466847,BIG
ga,hfvrp_n150_m30_s01,150,30,1.000000,9999,17485.216183,15510.054964,32995.271147,0.000000,,,0,1,,,,,14.408693,MEDIUM
ga,hfvrp_n150_m30_s05,150,30,1.000000,50,15426.869501,12862.218802,28289.088303,0.000000,,,0,1,,,,,43.395713,BIG
ga,hfvrp_n150_m30_s03,150,30,1.000000,100,24722.963988,27360.209265,52083.173253,0.000000,,,0,1,,,,,0.751543,DEFAULT
ga,hfvrp_n150_m30_s03,150,30,1.000000,100,28527.793499,70374.406754,98902.200253,0.000000,,,0,1,,,,,0.114937,SMALL
ga,hfvrp_n150_m30_s02,150,30,1.000000,999,23669.217300,32712.966052,56382.183352,0.000000,,,0,1,,,,,0.722515,DEFAULT
ga,hfvrp_n150_m30_s02,150,30,1.000000,999,27285.706981,56060.821016,83346.527997,0.000000,,,0,1,,,,,0.118582,SMALL
ga,hfvrp_n150_m30_s05,150,30,1.000000,75,21483.041329,25555.685426,47038.726754,0.000000,,,0,1,,,,,0.735223,DEFAULT
ga,hfvrp_n150_m30_s05,150,30,1.000000,75,28695.122375,71731.610595,100426.732971,0.000000,,,0,1,,,,,0.104661,SMALL
ga,hfvrp_n150_m30_s03,150,30,1.000000,100,15456.415243,14033.637036,29490.052278,0.000000,,,0,1,,,,,14.553228,MEDIUM
ga,hfvrp_n150_m30_s02,150,30,1.000000,999,15189.891453,12580.255737,27770.147191,0.000000,,,0,1,,,,,14.554353,MEDIUM
ga,hfvrp_n200_m40_s01,200,40,1.000000,1,26355.924486,16688.415225,43044.339711,0.000000,,,0,1,,,,,81.303121,BIG
ga,hfvrp_n150_m30_s05,150,30,1.000000,75,17298.003273,13134.501501,30432.504774,0.000000,,,0,1,,,,,14.385657,MEDIUM
ga,hfvrp_n150_m30_s04,150,30,1.000000,75,17402.222234,15040.717303,32442.939537,0.000000,,,0,1,,,,,44.859830,BIG
ga,hfvrp_n150_m30_s01,150,30,1.000000,9999,15956.989426,14285.825095,30242.814521,0.000000,,,0,1,,,,,44.462969,BIG
ga,hfvrp_n150_m30_s04,150,30,1.000000,100,27195.843346,37294.490405,64490.333751,0.000000,,,0,1,,,,,0.736250,DEFAULT
ga,hfvrp_n150_m30_s04,150,30,1.000000,100,29408.564113,74917.387348,104325.951462,0.000000,,,0,1,,,,,0.111535,SMALL
ga,hfvrp_n150_m30_s01,150,30,1.000000,19345,22799.770593,48337.785231,71137.555824,0.000000,,,0,1,,,,,0.714914,DEFAULT
ga,hfvrp_n150_m30_s01,150,30,1.000000,19345,28005.208554,70615.430967,98620.639521,0.000000,,,0,1,,,,,0.118821,SMALL
ga,hfvrp_n150_m30_s04,150,30,1.000000,100,17747.809029,15184.962521,32932.771551,0.000000,,,0,1,,,,,14.909524,MEDIUM
ga,hfvrp_n200_m40_s01,200,40,1.000000,10,44134.339540,49989.679000,94124.018540,0.000000,,,0,1,,,,,1.331565,DEFAULT
ga,hfvrp_n200_m40_s01,200,40,1.000000,10,46182.294970,91757.832921,137940.127891,0.000000,,,0,1,,,,,0.170879,SMALL
ga,hfvrp_n150_m30_s03,150,30,1.000000,100,16447.699688,13888.233345,30335.933033,0.000000,,,0,1,,,,,44.020927,BIG
ga,hfvrp_n150_m30_s02,150,30,1.000000,999,15581.040560,12471.129619,28052.170179,0.000000,,,0,1,,,,,44.794823,BIG
ga,hfvrp_n150_m30_s01,150,30,1.000000,19345,17277.254308,15106.801101,32384.055409,0.000000,,,0,1,,,,,15.152586,MEDIUM
ga,hfvrp_n150_m30_s05,150,30,1.000000,75,15888.345564,12960.864595,28849.210158,0.000000,,,0,1,,,,,43.835089,BIG
ga,hfvrp_n150_m30_s02,150,30,1.000000,1234,23958.390036,25599.473149,49557.863184,0.000000,,,0,1,,,,,0.726714,DEFAULT
ga,hfvrp_n150_m30_s02,150,30,1.000000,1234,28466.125414,42360.268802,70826.394216,0.000000,,,0,1,,,,,0.121703,SMALL
ga,hfvrp_n150_m30_s05,150,30,1.000000,100,22679.484745,28520.488857,51199.973603,0.000000,,,0,1,,,,,0.706193,DEFAULT
ga,hfvrp_n150_m30_s05,150,30,1.000000,100,25725.088196,62474.919833,88200.008029,0.000000,,,0,1,,,,,0.102097,SMALL
ga,hfvrp_n150_m30_s03,150,30,1.000000,200,21962.934187,29936.227118,51899.161305,0.000000,,,0,1,,,,,0.745521,DEFAULT
ga,hfvrp_n150_m30_s03,150,30,1.000000,200,29392.060695,61154.234246,90546.294941,0.000000,,,0,1,,,,,0.112406,SMALL
ga,hfvrp_n200_m40_s01,200,40,1.000000,10,29407.956825,22690.855198,52098.812023,0.000000,,,0,1,,,,,26.751678,MEDIUM
ga,hfvrp_n150_m30_s02,150,30,1.000000,1234,17421.888196,12980.696882,30402.585078,0.000000,,,0,1,,,,,14.580598,MEDIUM
ga,hfvrp_n150_m30_s05,150,30,1.000000,100,16760.169713,12195.882681,28956.052393,0.000000,,,0,1,,,,,14.668410,MEDIUM
ga,hfvrp_n150_m30_s03,150,30,1.000000,200,16827.971779,15003.008971,31830.980749,0.000000,,,0,1,,,,,14.896495,MEDIUM
ga,hfvrp_n150_m30_s04,150,30,1.000000,100,17939.211849,13751.754922,31690.966771,0.000000,,,0,1,,,,,44.305560,BIG
ga,hfvrp_n150_m30_s01,150,30,1.000000,19345,16568.678045,13439.323121,30008.001167,0.000000,,,0,1,,,,,44.709602,BIG
ga,hfvrp_n150_m30_s04,150,30,1.000000,200,22876.711713,32033.415559,54910.127272,0.000000,,,0,1,,,,,0.747273,DEFAULT
ga,hfvrp_n150_m30_s04,150,30,1.000000,200,25657.075727,69728.619393,95385.695119,0.000000,,,0,1,,,,,0.111759,SMALL
ga,hfvrp_n150_m30_s01,150,30,1.000000,1787993391179934981,21774.100184,36306.751925,58080.852109,0.000000,,,0,1,,,,,0.732149,DEFAULT
ga,hfvrp_n150_m30_s01,150,30,1.000000,1787993421981800907,27361.379222,61357.643881,88719.023103,0.000000,,,0,1,,,,,0.119717,SMALL
ga,hfvrp_n150_m30_s04,150,30,1.000000,200,18699.351412,17737.369996,36436.721408,0.000000,,,0,1,,,,,14.899422,MEDIUM
ga,hfvrp_n150_m30_s02,150,30,1.000000,1234,14189.878838,12360.754141,26550.632979,0.000000,,,0,1,,,,,44.227717,BIG
ga,hfvrp_n150_m30_s01,150,30,1.000000,1787993417811363456,15306.469222,17403.418047,32709.887270,0.000000,,,0,1,,,,,14.796842,MEDIUM
ga,hfvrp_n150_m30_s05,150,30,1.000000,100,15980.088358,12792.362311,28772.450669,0.000000,,,0,1,,,,,43.023370,BIG
ga,hfvrp_n150_m30_s03,150,30,1.000000,200,16469.122153,16005.700657,32474.822810,0.000000,,,0,1,,,,,44.081189,BIG
ga,hfvrp_n150_m30_s05,150,30,1.000000,200,20954.787107,33250.397900,54205.185007,0.000000,,,0,1,,,,,0.745526,DEFAULT
ga,hfvrp_n150_m30_s05,150,30,1.000000,200,22698.283247,47455.951541,70154.234788,0.000000,,,0,1,,,,,0.108400,SMALL
ga,hfvrp_n150_m30_s02,150,30,1.000000,9999,26169.675616,24431.194198,50600.869814,0.000000,,,0,1,,,,,0.760201,DEFAULT
ga,hfvrp_n150_m30_s02,150,30,1.000000,9999,27614.349533,44739.218906,72353.568438,0.000000,,,0,1,,,,,0.121949,SMALL
ga,hfvrp_n150_m30_s05,150,30,1.000000,200,15104.785634,12543.756823,27648.542457,0.000000,,,0,1,,,,,14.717292,MEDIUM
ga,hfvrp_n150_m30_s03,150,30,1.000000,999,24154.077103,31243.236158,55397.313261,0.000000,,,0,1,,,,,0.743191,DEFAULT
ga,hfvrp_n150_m30_s03,150,30,1.000000,999,25501.978905,56004.707115,81506.686019,0.000000,,,0,1,,,,,0.114024,SMALL
ga,hfvrp_n150_m30_s02,150,30,1.000000,9999,17027.394278,13717.613888,30745.008166,0.000000,,,0,1,,,,,14.794474,MEDIUM
ga,hfvrp_n200_m40_s01,200,40,1.000000,10,24134.912476,17942.874481,42077.786956,0.000000,,,0,1,,,,,80.600614,BIG
ga,hfvrp_n150_m30_s04,150,30,1.000000,200,16670.037161,15267.016822,31937.053983,0.000000,,,0,1,,,,,45.280259,BIG
ga,hfvrp_n150_m30_s03,150,30,1.000000,999,16900.955459,15831.858257,32732.813717,0.000000,,,0,1,,,,,14.930007,MEDIUM
ga,hfvrp_n150_m30_s01,150,30,1.000000,1787993415433420725,14103.015452,15306.697768,29409.713220,0.000000,,,0,1,,,,,44.128590,BIG
ga,hfvrp_n150_m30_s04,150,30,1.000000,999,27327.190911,32816.046928,60143.237839,0.000000,,,0,1,,,,,0.754638,DEFAULT
ga,hfvrp_n150_m30_s04,150,30,1.000000,999,31792.970928,74060.548424,105853.519353,0.000000,,,0,1,,,,,0.125370,SMALL
ga,hfvrp_n150_m30_s04,150,30,1.000000,999,16701.992016,16975.275012,33677.267028,0.000000,,,0,1,,,,,15.013985,MEDIUM
ga,hfvrp_n200_m40_s01,200,40,1.000000,50,38991.349352,60033.068991,99024.418343,0.000000,,,0,1,,,,,1.357254,DEFAULT
ga,hfvrp_n200_m40_s01,200,40,1.000000,50,44861.341044,107089.397543,151950.738586,0.000000,,,0,1,,,,,0.168194,SMALL
ga,hfvrp_n150_m30_s05,150,30,1.000000,200,15446.129042,12412.403043,27858.532085,0.000000,,,0,1,,,,,44.201575,BIG
ga,hfvrp_n150_m30_s02,150,30,1.000000,9999,15533.986426,12073.343091,27607.329517,0.000000,,,0,1,,,,,43.581341,BIG
ga,hfvrp_n150_m30_s05,150,30,1.000000,999,24938.662312,32075.018409,57013.680722,0.000000,,,0,1,,,,,0.710924,DEFAULT
ga,hfvrp_n150_m30_s05,150,30,1.000000,999,29847.620837,51267.898326,81115.519163,0.000000,,,0,1,,,,,0.111939,SMALL
ga,hfvrp_n200_m40_s02,200,40,1.000000,1787993589281047962,39786.448218,46824.584120,86611.032339,0.000000,,,0,1,,,,,1.376102,DEFAULT
ga,hfvrp_n200_m40_s02,200,40,1.000000,1787993607842044717,52220.362359,93131.811055,145352.173414,0.000000,,,0,1,,,,,0.184571,SMALL
ga,hfvrp_n150_m30_s03,150,30,1.000000,999,16367.728962,14645.152659,31012.881622,0.000000,,,0,1,,,,,44.706262,BIG
ga,hfvrp_n150_m30_s02,150,30,1.000000,19345,25076.809538,27398.999211,52475.808749,0.000000,,,0,1,,,,,0.750268,DEFAULT
ga,hfvrp_n150_m30_s02,150,30,1.000000,19345,28658.305012,51111.567702,79769.872714,0.000000,,,0,1,,,,,0.123880,SMALL
ga,hfvrp_n200_m40_s01,200,40,1.000000,50,27603.821424,22509.970327,50113.791751,0.000000,,,0,1,,,,,26.544268,MEDIUM
ga,hfvrp_n150_m30_s05,150,30,1.000000,999,16704.844522,14697.344361,31402.188883,0.000000,,,0,1,,,,,14.617322,MEDIUM
ga,hfvrp_n150_m30_s02,150,30,1.000000,19345,15087.234870,12067.420637,27154.655507,0.000000,,,0,1,,,,,14.827524,MEDIUM
ga,hfvrp_n150_m30_s04,150,30,1.000000,999,17187.948287,14836.111556,32024.059843,0.000000,,,0,1,,,,,43.937130,BIG
ga,hfvrp_n150_m30_s03,150,30,1.000000,1234,24470.423589,34962.673298,59433.096887,0.000000,,,0,1,,,,,0.716507,DEFAULT
ga,hfvrp_n150_m30_s03,150,30,1.000000,1234,27296.548795,39420.875699,66717.424494,0.000000,,,0,1,,,,,0.125350,SMALL
ga,hfvrp_n200_m40_s02,200,40,1.000000,1787993612332771903,29889.100153,20293.557315,50182.657468,0.000000,,,0,1,,,,,27.623929,MEDIUM
ga,hfvrp_n150_m30_s04,150,30,1.000000,1234,26974.840072,34553.747195,61528.587267,0.000000,,,0,1,,,,,0.719340,DEFAULT
ga,hfvrp_n150_m30_s04,150,30,1.000000,1234,30484.190949,79793.211324,110277.402273,0.000000,,,0,1,,,,,0.120581,SMALL
ga,hfvrp_n150_m30_s03,150,30,1.000000,1234,17385.790922,17037.126058,34422.916980,0.000000,,,0,1,,,,,14.925433,MEDIUM
ga,hfvrp_n150_m30_s04,150,30,1.000000,1234,17129.460623,15539.405096,32668.865720,0.000000,,,0,1,,,,,14.803001,MEDIUM
ga,hfvrp_n150_m30_s05,150,30,1.000000,999,14808.661801,15126.309680,29934.971481,0.000000,,,0,1,,,,,48.791997,BIG
ga,hfvrp_n150_m30_s02,150,30,1.000000,19345,16566.002433,11874.342872,28440.345306,0.000000,,,0,1,,,,,45.247699,BIG
ga,hfvrp_n150_m30_s05,150,30,1.000000,1234,23528.109757,23382.405787,46910.515544,0.000000,,,0,1,,,,,0.730678,DEFAULT
ga,hfvrp_n150_m30_s05,150,30,1.000000,1234,26983.700965,51847.869880,78831.570845,0.000000,,,0,1,,,,,0.105414,SMALL
ga,hfvrp_n150_m30_s02,150,30,1.000000,1787996658284656808,24554.855248,26819.391997,51374.247245,0.000000,,,0,1,,,,,0.749004,DEFAULT
ga,hfvrp_n150_m30_s02,150,30,1.000000,1787996663337859071,29943.948595,59978.681526,89922.630121,0.000000,,,0,1,,,,,0.124366,SMALL
ga,hfvrp_n150_m30_s03,150,30,1.000000,1234,15888.113760,13095.346599,28983.460359,0.000000,,,0,1,,,,,44.248741,BIG
ga,hfvrp_n150_m30_s05,150,30,1.000000,1234,14834.074904,14505.679200,29339.754104,0.000000,,,0,1,,,,,14.405602,MEDIUM
ga,hfvrp_n200_m40_s01,200,40,1.000000,50,24481.506075,18197.379444,42678.885519,0.000000,,,0,1,,,,,79.733664,BIG
ga,hfvrp_n150_m30_s04,150,30,1.000000,1234,16423.708579,14441.528230,30865.236809,0.000000,,,0,1,,,,,45.105645,BIG
ga,hfvrp_n150_m30_s02,150,30,1.000000,1787996667766477890,16624.615131,13571.539234,30196.154364,0.000000,,,0,1,,,,,14.784789,MEDIUM
ga,hfvrp_n150_m30_s04,150,30,1.000000,9999,26279.493277,36673.020203,62952.513479,0.000000,,,0,1,,,,,0.728442,DEFAULT
ga,hfvrp_n150_m30_s04,150,30,1.000000,9999,30898.301976,89949.117323,120847.419299,0.000000,,,0,1,,,,,0.107676,SMALL
ga,hfvrp_n200_m40_s02,200,40,1.000000,1787996526185156291,26469.696270,16057.815461,42527.511730,0.000000,,,0,1,,,,,78.534935,BIG
ga,hfvrp_n150_m30_s03,150,30,1.000000,9999,22991.165868,39298.386538,62289.552406,0.000000,,,0,1,,,,,0.750653,DEFAULT
ga,hfvrp_n150_m30_s03,150,30,1.000000,9999,29345.549771,70525.436492,99870.986263,0.000000,,,0,1,,,,,0.119362,SMALL
ga,hfvrp_n150_m30_s04,150,30,1.000000,9999,18437.117752,17557.744626,35994.862378,0.000000,,,0,1,,,,,14.806503,MEDIUM
ga,hfvrp_n150_m30_s03,150,30,1.000000,9999,16779.319758,15600.478501,32379.798259,0.000000,,,0,1,,,,,14.522483,MEDIUM
ga,hfvrp_n200_m40_s01,200,40,1.000000,75,45224.582690,45317.113854,90541.696543,0.000000,,,0,1,,,,,1.332404,DEFAULT
ga,hfvrp_n200_m40_s01,200,40,1.000000,75,47974.001597,87708.552620,135682.554217,0.000000,,,0,1,,,,,0.171663,SMALL
ga,hfvrp_n150_m30_s05,150,30,1.000000,1234,13615.501526,11352.665699,24968.167225,0.000000,,,0,1,,,,,43.906515,BIG
ga,hfvrp_n150_m30_s02,150,30,1.000000,1787996467812466768,14492.978528,12466.999329,26959.977857,0.000000,,,0,1,,,,,43.925253,BIG
ga,hfvrp_n150_m30_s05,150,30,1.000000,9999,25394.830775,23160.254147,48555.084922,0.000000,,,0,1,,,,,0.754646,DEFAULT
ga,hfvrp_n150_m30_s05,150,30,1.000000,9999,28343.508499,50751.860494,79095.368993,0.000000,,,0,1,,,,,0.111392,SMALL
ga,hfvrp_n200_m40_s02,200,40,1.000000,1,38315.978129,42420.989835,80736.967964,0.000000,,,0,1,,,,,1.389516,DEFAULT
ga,hfvrp_n200_m40_s02,200,40,1.000000,1,55516.944353,75390.404455,130907.348808,0.000000,,,0,1,,,,,0.188630,SMALL
ga,hfvrp_n200_m40_s01,200,40,1.000000,75,27617.996072,18498.854801,46116.850873,0.000000,,,0,1,,,,,26.601325,MEDIUM
ga,hfvrp_n150_m30_s05,150,30,1.000000,9999,15142.211159,12450.801617,27593.012776,0.000000,,,0,1,,,,,14.502880,MEDIUM
ga,hfvrp_n150_m30_s04,150,30,1.000000,9999,17383.325611,15051.216078,32434.541689,0.000000,,,0,1,,,,,44.568185,BIG
ga,hfvrp_n150_m30_s03,150,30,1.000000,9999,16688.920020,14367.940263,31056.860283,0.000000,,,0,1,,,,,45.006987,BIG
ga,hfvrp_n200_m40_s02,200,40,1.000000,1,27289.817821,21833.688040,49123.505861,0.000000,,,0,1,,,,,26.982255,MEDIUM
ga,hfvrp_n150_m30_s04,150,30,1.000000,19345,25621.334080,52941.375862,78562.709942,0.000000,,,0,1,,,,,0.745043,DEFAULT
ga,hfvrp_n150_m30_s04,150,30,1.000000,19345,28800.296584,63247.547142,92047.843726,0.000000,,,0,1,,,,,0.124359,SMALL
ga,hfvrp_n150_m30_s03,150,30,1.000000,19345,26026.868995,33907.883956,59934.752951,0.000000,,,0,1,,,,,0.732283,DEFAULT
ga,hfvrp_n150_m30_s03,150,30,1.000000,19345,26990.619898,50273.008781,77263.628680,0.000000,,,0,1,,,,,0.118973,SMALL
ga,hfvrp_n150_m30_s04,150,30,1.000000,19345,17422.565085,19228.288701,36650.853786,0.000000,,,0,1,,,,,14.853134,MEDIUM
ga,hfvrp_n200_m40_s03,200,40,1.000000,1787996204481468662,42449.643938,61077.064312,103526.708250,0.000000,,,0,1,,,,,1.293449,DEFAULT
ga,hfvrp_n200_m40_s03,200,40,1.000000,1787996201485100708,48484.857223,132876.617440,181361.474662,0.000000,,,0,1,,,,,0.164374,SMALL
ga,hfvrp_n150_m30_s05,150,30,1.000000,9999,16735.129406,11247.196215,27982.325620,0.000000,,,0,1,,,,,43.946798,BIG
ga,hfvrp_n150_m30_s03,150,30,1.000000,19345,15542.428483,14658.799930,30201.228412,0.000000,,,0,1,,,,,14.321694,MEDIUM
ga,hfvrp_n150_m30_s05,150,30,1.000000,19345,23474.846287,24564.787047,48039.633334,0.000000,,,0,1,,,,,0.744987,DEFAULT
ga,hfvrp_n150_m30_s05,150,30,1.000000,19345,29438.258599,55854.999840,85293.258439,0.000000,,,0,1,,,,,0.101610,SMALL
ga,hfvrp_n200_m40_s03,200,40,1.000000,1787996214539366086,27010.955622,28224.372877,55235.328500,0.000000,,,0,1,,,,,27.019280,MEDIUM
ga,hfvrp_n150_m30_s05,150,30,1.000000,19345,15059.359120,11764.094877,26823.453997,0.000000,,,0,1,,,,,15.065036,MEDIUM
ga,hfvrp_n200_m40_s01,200,40,1.000000,75,28101.656284,17459.364280,45561.020563,0.000000,,,0,1,,,,,80.252767,BIG
ga,hfvrp_n150_m30_s04,150,30,1.000000,19345,17403.823992,16392.066796,33795.890788,0.000000,,,0,1,,,,,44.999355,BIG
ga,hfvrp_n150_m30_s03,150,30,1.000000,19345,17313.901423,15062.824123,32376.725546,0.000000,,,0,1,,,,,43.953680,BIG
ga,hfvrp_n150_m30_s04,150,30,1.000000,1787997203023842585,25817.247003,36792.221317,62609.468320,0.000000,,,0,1,,,,,0.758116,DEFAULT
ga,hfvrp_n150_m30_s04,150,30,1.000000,1787996125755633618,30961.599594,64944.648615,95906.248209,0.000000,,,0,1,,,,,0.112938,SMALL
ga,hfvrp_n200_m40_s02,200,40,1.000000,1,26916.655400,16882.403420,43799.058821,0.000000,,,0,1,,,,,80.438443,BIG
ga,hfvrp_n150_m30_s04,150,30,1.000000,1787996130168161560,18098.332439,14925.889967,33024.222406,0.000000,,,0,1,,,,,14.678486,MEDIUM
ga,hfvrp_n150_m30_s03,150,30,1.000000,1787996134482150649,20449.282200,25583.884455,46033.166655,0.000000,,,0,1,,,,,0.736058,DEFAULT
ga,hfvrp_n150_m30_s03,150,30,1.000000,1787996152402765411,27027.429131,62280.941582,89308.370713,0.000000,,,0,1,,,,,0.113977,SMALL
ga,hfvrp_n200_m40_s01,200,40,1.000000,100,43070.014869,45451.766552,88521.781421,0.000000,,,0,1,,,,,1.349615,DEFAULT
ga,hfvrp_n200_m40_s01,200,40,1.000000,100,48236.252345,90797.864179,139034.116524,0.000000,,,0,1,,,,,0.172014,SMALL
ga,hfvrp_n150_m30_s05,150,30,1.000000,19345,13895.119903,16512.523555,30407.643457,0.000000,,,0,1,,,,,44.316024,BIG
ga,hfvrp_n150_m30_s03,150,30,1.000000,1787996139636388745,17301.286717,16621.475511,33922.762228,0.000000,,,0,1,,,,,14.721639,MEDIUM
ga,hfvrp_n150_m30_s05,150,30,1.000000,1787996241550768515,20935.018041,23991.265001,44926.283042,0.000000,,,0,1,,,,,0.701128,DEFAULT
ga,hfvrp_n150_m30_s05,150,30,1.000000,1787996237961693508,25490.727402,50883.712701,76374.440103,0.000000,,,0,1,,,,,0.099491,SMALL
ga,hfvrp_n200_m40_s02,200,40,1.000000,10,37488.684006,53510.848612,90999.532618,0.000000,,,0,1,,,,,1.369781,DEFAULT
ga,hfvrp_n200_m40_s02,200,40,1.000000,10,52006.620114,82349.324420,134355.944534,0.000000,,,0,1,,,,,0.189411,SMALL
ga,hfvrp_n200_m40_s01,200,40,1.000000,100,26330.179090,21920.471731,48250.650821,0.000000,,,0,1,,,,,26.636070,MEDIUM
ga,hfvrp_n150_m30_s05,150,30,1.000000,1787996216590972787,16432.760412,13139.482317,29572.242729,0.000000,,,0,1,,,,,14.519148,MEDIUM
ga,hfvrp_n200_m40_s03,200,40,1.000000,1787996168549657422,24630.330908,23094.480682,47724.811590,0.000000,,,0,1,,,,,78.492801,BIG
ga,hfvrp_n150_m30_s04,150,30,1.000000,1787996131972624195,17107.243072,14884.879398,31992.122470,0.000000,,,0,1,,,,,44.785912,BIG
ga,hfvrp_n200_m40_s02,200,40,1.000000,10,27493.037648,19676.269547,47169.307194,0.000000,,,0,1,,,,,26.953236,MEDIUM
ga,hfvrp_n150_m30_s03,150,30,1.000000,1787996227383377575,16990.559051,14209.440214,31199.999264,0.000000,,,0,1,,,,,45.241956,BIG
ga,hfvrp_n200_m40_s04,200,40,1.000000,1787996279065321881,41633.529662,51353.618177,92987.147839,0.000000,,,0,1,,,,,1.369872,DEFAULT
ga,hfvrp_n200_m40_s04,200,40,1.000000,1787996293324977716,54882.997625,83761.343148,138644.340773,0.000000,,,0,1,,,,,0.220535,SMALL
ga,hfvrp_n150_m30_s05,150,30,1.000000,1787996175286899374,15877.148608,10777.714017,26654.862625,0.000000,,,0,1,,,,,44.048596,BIG
ga,augerat_A_n32_k5,31,8,1.000000,1787996494335607645,8341.252025,1724.570302,10065.822328,0.000000,,,0,1,,,,,0.101808,DEFAULT
ga,augerat_A_n32_k5,31,8,1.000000,1787996490146517602,8556.824768,1720.499954,10277.324723,0.000000,,,0,1,,,,,0.012538,SMALL
ga,augerat_A_n32_k5,31,8,1.000000,1787996485872714048,8254.367235,1724.570302,9978.937537,0.000000,,,0,1,,,,,2.126348,MEDIUM
ga,augerat_A_n32_k5,31,8,1.000000,1787996449353565491,8253.866375,1709.543397,9963.409772,0.000000,,,0,1,,,,,6.319800,BIG
ga,augerat_A_n32_k5,31,8,1.000000,1,8388.468633,1724.570302,10113.038936,0.000000,,,0,1,,,,,0.108077,DEFAULT
ga,augerat_A_n32_k5,31,8,1.000000,1,8293.437919,1794.223055,10087.660974,0.000000,,,0,1,,,,,0.013861,SMALL
ga,augerat_A_n32_k5,31,8,1.000000,1,8261.774486,1709.543397,9971.317883,0.000000,,,0,1,,,,,2.096410,MEDIUM
ga,augerat_A_n32_k5,31,8,1.000000,1,8286.115187,1724.570302,10010.685489,0.000000,,,0,1,,,,,6.302381,BIG
ga,augerat_A_n32_k5,31,8,1.000000,10,8287.682214,1709.487474,9997.169688,0.000000,,,0,1,,,,,0.106115,DEFAULT
ga,augerat_A_n32_k5,31,8,1.000000,10,8339.129075,1881.883941,10221.013017,0.000000,,,0,1,,,,,0.013698,SMALL
ga,hfvrp_n200_m40_s04,200,40,1.000000,1787996289255482124,30016.400815,17446.230154,47462.630969,0.000000,,,0,1,,,,,26.840522,MEDIUM
ga,augerat_A_n32_k5,31,8,1.000000,10,8265.551425,1718.659317,9984.210742,0.000000,,,0,1,,,,,2.109562,MEDIUM
ga,hfvrp_n200_m40_s03,200,40,1.000000,1,39300.452224,66024.164420,105324.616644,0.000000,,,0,1,,,,,1.353982,DEFAULT
ga,hfvrp_n200_m40_s03,200,40,1.000000,1,46908.720781,149827.704961,196736.425742,0.000000,,,0,1,,,,,0.180076,SMALL
ga,hfvrp_n200_m40_s05,200,40,1.000000,1787996415378320640,44938.295744,45787.929417,90726.225161,0.000000,,,0,1,,,,,1.437090,DEFAULT
ga,hfvrp_n200_m40_s05,200,40,1.000000,1787996429711203640,47598.137020,73500.812402,121098.949422,0.000000,,,0,1,,,,,0.204821,SMALL
ga,augerat_A_n32_k5,31,8,1.000000,10,8244.407713,1724.570302,9968.978015,0.000000,,,0,1,,,,,6.579469,BIG
ga,augerat_A_n32_k5,31,8,1.000000,50,8268.478975,1709.543397,9978.022372,0.000000,,,0,1,,,,,0.109261,DEFAULT
ga,augerat_A_n32_k5,31,8,1.000000,50,8624.588448,1616.538596,10241.127044,0.000000,,,0,1,,,,,0.013306,SMALL
ga,augerat_A_n32_k5,31,8,1.000000,50,8302.198773,1724.570302,10026.769075,0.000000,,,0,1,,,,,2.085135,MEDIUM
ga,augerat_A_n32_k5,31,8,1.000000,50,8262.488614,1724.570302,9987.058916,0.000000,,,0,1,,,,,6.300563,BIG
ga,augerat_A_n32_k5,31,8,1.000000,75,8419.771925,1627.078081,10046.850006,0.000000,,,0,1,,,,,0.105091,DEFAULT
ga,augerat_A_n32_k5,31,8,1.000000,75,8363.740733,1752.799542,10116.540276,0.000000,,,0,1,,,,,0.012481,SMALL
ga,hfvrp_n200_m40_s01,200,40,1.000000,100,28348.632436,15478.015453,43826.647889,0.000000,,,0,1,,,,,82.812857,BIG
ga,augerat_A_n32_k5,31,8,1.000000,75,8270.679972,1724.570302,9995.250274,0.000000,,,0,1,,,,,2.077711,MEDIUM
ga,augerat_A_n32_k5,31,8,1.000000,75,8254.367235,1724.570302,9978.937537,0.000000,,,0,1,,,,,6.351900,BIG
ga,augerat_A_n32_k5,31,8,1.000000,100,8366.780754,1618.576219,9985.356973,0.000000,,,0,1,,,,,0.105737,DEFAULT
ga,augerat_A_n32_k5,31,8,1.000000,100,8396.232058,1724.570302,10120.802360,0.000000,,,0,1,,,,,0.011927,SMALL
ga,augerat_A_n32_k5,31,8,1.000000,100,8259.186818,1724.570302,9983.757120,0.000000,,,0,1,,,,,2.084742,MEDIUM
ga,hfvrp_n200_m40_s03,200,40,1.000000,1,28750.621086,29908.589804,58659.210890,0.000000,,,0,1,,,,,26.419153,MEDIUM
ga,augerat_A_n32_k5,31,8,1.000000,100,8254.367235,1724.570302,9978.937537,0.000000,,,0,1,,,,,6.493946,BIG
ga,hfvrp_n200_m40_s05,200,40,1.000000,1787996425631734044,28643.873076,17826.561021,46470.434097,0.000000,,,0,1,,,,,26.470544,MEDIUM
ga,augerat_A_n32_k5,31,8,1.000000,200,8257.835536,1724.570302,9982.405838,0.000000,,,0,1,,,,,0.108821,DEFAULT
ga,augerat_A_n32_k5,31,8,1.000000,200,8589.163461,1645.410550,10234.574010,0.000000,,,0,1,,,,,0.012500,SMALL
ga,hfvrp_n200_m40_s02,200,40,1.000000,10,26417.801856,17950.116102,44367.917957,0.000000,,,0,1,,,,,78.648243,BIG
ga,augerat_A_n32_k5,31,8,1.000000,200,8271.368927,1724.570302,9995.939229,0.000000,,,0,1,,,,,2.105970,MEDIUM
ga,augerat_A_n32_k5,31,8,1.000000,200,8257.835536,1724.570302,9982.405838,0.000000,,,0,1,,,,,6.273935,BIG
ga,augerat_A_n32_k5,31,8,1.000000,999,8312.415255,1724.570302,10036.985557,0.000000,,,0,1,,,,,0.103151,DEFAULT
ga,augerat_A_n32_k5,31,8,1.000000,999,8580.755311,1560.172887,10140.928198,0.000000,,,0,1,,,,,0.013617,SMALL
ga,augerat_A_n32_k5,31,8,1.000000,999,8239.754635,1724.570302,9964.324937,0.000000,,,0,1,,,,,2.062532,MEDIUM
ga,augerat_A_n32_k5,31,8,1.000000,999,8244.407713,1724.570302,9968.978015,0.000000,,,0,1,,,,,6.365912,BIG
ga,augerat_A_n32_k5,31,8,1.000000,1234,8363.023691,1724.570302,10087.593993,0.000000,,,0,1,,,,,0.105987,DEFAULT
ga,augerat_A_n32_k5,31,8,1.000000,1234,8413.362588,1752.799542,10166.162131,0.000000,,,0,1,,,,,0.012534,SMALL
ga,augerat_A_n32_k5,31,8,1.000000,1234,8281.248581,1727.617312,10008.865893,0.000000,,,0,1,,,,,2.076075,MEDIUM
ga,hfvrp_n200_m40_s01,200,40,1.000000,200,42722.942905,49451.391591,92174.334496,0.000000,,,0,1,,,,,1.356209,DEFAULT
ga,hfvrp_n200_m40_s01,200,40,1.000000,200,50006.058185,96783.750958,146789.809144,0.000000,,,0,1,,,,,0.171868,SMALL
ga,augerat_A_n32_k5,31,8,1.000000,1234,8253.852503,1724.570302,9978.422805,0.000000,,,0,1,,,,,6.334576,BIG
ga,augerat_A_n32_k5,31,8,1.000000,9999,8365.964956,1709.543397,10075.508353,0.000000,,,0,1,,,,,0.103953,DEFAULT
ga,augerat_A_n32_k5,31,8,1.000000,9999,8415.739337,1724.958761,10140.698098,0.000000,,,0,1,,,,,0.012836,SMALL
ga,augerat_A_n32_k5,31,8,1.000000,9999,8250.938825,1718.659317,9969.598142,0.000000,,,0,1,,,,,2.080148,MEDIUM
ga,augerat_A_n32_k5,31,8,1.000000,9999,8314.421892,1584.868880,9899.290772,0.000000,,,0,1,,,,,6.325914,BIG
ga,augerat_A_n32_k5,31,8,1.000000,19345,8378.909929,1727.617312,10106.527241,0.000000,,,0,1,,,,,0.106915,DEFAULT
ga,augerat_A_n32_k5,31,8,1.000000,19345,8361.727336,1724.570302,10086.297638,0.000000,,,0,1,,,,,0.013179,SMALL
ga,augerat_A_n32_k5,31,8,1.000000,19345,8296.668390,1683.231423,9979.899813,0.000000,,,0,1,,,,,2.039633,MEDIUM
ga,hfvrp_n200_m40_s02,200,40,1.000000,50,43296.252756,52710.618059,96006.870815,0.000000,,,0,1,,,,,1.378926,DEFAULT
ga,hfvrp_n200_m40_s02,200,40,1.000000,50,57282.311779,68479.943803,125762.255582,0.000000,,,0,1,,,,,0.195982,SMALL
ga,augerat_A_n32_k5,31,8,1.000000,19345,8354.564739,1526.560436,9881.125176,0.000000,,,0,1,,,,,6.348807,BIG
ga,augerat_A_n32_k5,31,8,1.000000,1787996061560001189,8283.728843,1724.570302,10008.299146,0.000000,,,0,1,,,,,0.104899,DEFAULT
ga,augerat_A_n32_k5,31,8,1.000000,1787996057374128390,8368.750194,1724.570302,10093.320496,0.000000,,,0,1,,,,,0.012398,SMALL
ga,augerat_A_n32_k5,31,8,1.000000,1787996070275183760,8239.754635,1724.570302,9964.324937,0.000000,,,0,1,,,,,2.082921,MEDIUM
ga,hfvrp_n200_m40_s01,200,40,1.000000,200,28564.460199,18990.067539,47554.527738,0.000000,,,0,1,,,,,26.929400,MEDIUM
ga,hfvrp_n200_m40_s04,200,40,1.000000,1787996397711892962,25995.410841,15206.170372,41201.581213,0.000000,,,0,1,,,,,82.221154,BIG
ga,augerat_A_n32_k5,31,8,1.000000,1787996059477642888,8254.367235,1724.570302,9978.937537,0.000000,,,0,1,,,,,6.363275,BIG
ga,augerat_A_n37_k5,36,8,1.000000,1787996010219450632,8353.332857,976.395701,9329.728558,0.000000,,,0,1,,,,,0.120052,DEFAULT
ga,augerat_A_n37_k5,36,8,1.000000,1787996006053571624,8404.322949,1214.257411,9618.580361,0.000000,,,0,1,,,,,0.018807,SMALL
ga,augerat_A_n37_k5,36,8,1.000000,1787996036141115335,8325.530411,960.189083,9285.719494,0.000000,,,0,1,,,,,2.447712,MEDIUM
ga,augerat_A_n37_k5,36,8,1.000000,1787996042888233866,8263.315713,962.140407,9225.456120,0.000000,,,0,1,,,,,7.463088,BIG
ga,augerat_A_n37_k5,36,8,1.000000,1,8378.732144,1124.791001,9503.523145,0.000000,,,0,1,,,,,0.123158,DEFAULT
ga,augerat_A_n37_k5,36,8,1.000000,1,8679.010911,1229.579340,9908.590251,0.000000,,,0,1,,,,,0.015845,SMALL
ga,augerat_A_n37_k5,36,8,1.000000,1,8307.389596,926.151094,9233.540690,0.000000,,,0,1,,,,,2.434055,MEDIUM
ga,hfvrp_n200_m40_s02,200,40,1.000000,50,28122.276848,18323.743142,46446.019989,0.000000,,,0,1,,,,,25.736657,MEDIUM
ga,augerat_A_n37_k5,36,8,1.000000,1,8276.821558,920.850536,9197.672094,0.000000,,,0,1,,,,,7.358630,BIG
ga,augerat_A_n37_k5,36,8,1.000000,10,8334.773311,953.687534,9288.460845,0.000000,,,0,1,,,,,0.120314,DEFAULT
ga,augerat_A_n37_k5,36,8,1.000000,10,8489.756052,1124.302430,9614.058482,0.000000,,,0,1,,,,,0.015158,SMALL
ga,augerat_A_n37_k5,36,8,1.000000,10,8251.821199,917.418492,9169.239691,0.000000,,,0,1,,,,,2.462746,MEDIUM
ga,hfvrp_n200_m40_s03,200,40,1.000000,1,25972.022789,27193.764259,53165.787048,0.000000,,,0,1,,,,,80.122020,BIG
ga,hfvrp_n200_m40_s05,200,40,1.000000,1787995760623329035,26513.900516,15993.649974,42507.550490,0.000000,,,0,1,,,,,79.749506,BIG
ga,hfvrp_n200_m40_s04,200,40,1.000000,1,39959.214452,51492.093370,91451.307821,0.000000,,,0,1,,,,,1.347936,DEFAULT
ga,hfvrp_n200_m40_s04,200,40,1.000000,1,45655.145966,109773.584850,155428.730816,0.000000,,,0,1,,,,,0.222564,SMALL
ga,augerat_A_n37_k5,36,8,1.000000,10,8256.264832,930.258698,9186.523530,0.000000,,,0,1,,,,,7.536065,BIG
ga,augerat_A_n37_k5,36,8,1.000000,50,8428.529967,961.314280,9389.844247,0.000000,,,0,1,,,,,0.126839,DEFAULT
ga,augerat_A_n37_k5,36,8,1.000000,50,8686.240335,991.752361,9677.992695,0.000000,,,0,1,,,,,0.015919,SMALL
ga,augerat_A_n37_k5,36,8,1.000000,50,8231.278602,923.955834,9155.234435,0.000000,,,0,1,,,,,2.398117,MEDIUM
ga,augerat_A_n37_k5,36,8,1.000000,50,8296.183367,952.416035,9248.599402,0.000000,,,0,1,,,,,7.427068,BIG
ga,augerat_A_n37_k5,36,8,1.000000,75,8423.051669,953.981576,9377.033245,0.000000,,,0,1,,,,,0.122202,DEFAULT
ga,augerat_A_n37_k5,36,8,1.000000,75,8604.240476,1285.477908,9889.718384,0.000000,,,0,1,,,,,0.019216,SMALL
ga,augerat_A_n37_k5,36,8,1.000000,75,8348.276126,974.917654,9323.193780,0.000000,,,0,1,,,,,2.492444,MEDIUM
ga,augerat_A_n37_k5,36,8,1.000000,75,8339.627932,993.106107,9332.734039,0.000000,,,0,1,,,,,7.489905,BIG
ga,augerat_A_n37_k5,36,8,1.000000,100,8349.572692,968.833112,9318.405803,0.000000,,,0,1,,,,,0.120070,DEFAULT
ga,augerat_A_n37_k5,36,8,1.000000,100,8568.696910,1044.805573,9613.502482,0.000000,,,0,1,,,,,0.019016,SMALL
ga,augerat_A_n37_k5,36,8,1.000000,100,8316.918981,1005.532274,9322.451255,0.000000,,,0,1,,,,,2.488167,MEDIUM
ga,hfvrp_n200_m40_s04,200,40,1.000000,1,28706.532530,16538.591186,45245.123715,0.000000,,,0,1,,,,,26.704534,MEDIUM
ga,augerat_A_n37_k5,36,8,1.000000,100,8282.880344,958.578609,9241.458952,0.000000,,,0,1,,,,,7.392044,BIG
ga,augerat_A_n37_k5,36,8,1.000000,200,8319.368247,935.779163,9255.147410,0.000000,,,0,1,,,,,0.123634,DEFAULT
ga,augerat_A_n37_k5,36,8,1.000000,200,8447.118011,1319.875120,9766.993131,0.000000,,,0,1,,,,,0.014573,SMALL
ga,augerat_A_n37_k5,36,8,1.000000,200,8341.537781,960.138091,9301.675872,0.000000,,,0,1,,,,,2.440857,MEDIUM
ga,hfvrp_n200_m40_s05,200,40,1.000000,1,42948.566414,34173.901048,77122.467462,0.000000,,,0,1,,,,,1.402067,DEFAULT
ga,hfvrp_n200_m40_s05,200,40,1.000000,1,55677.173826,91315.472011,146992.645837,0.000000,,,0,1,,,,,0.194208,SMALL
ga,augerat_A_n37_k5,36,8,1.000000,200,8276.831916,954.452123,9231.284039,0.000000,,,0,1,,,,,7.387294,BIG
ga,augerat_A_n37_k5,36,8,1.000000,999,8391.658468,1014.622488,9406.280956,0.000000,,,0,1,,,,,0.118510,DEFAULT
ga,augerat_A_n37_k5,36,8,1.000000,999,8449.985529,972.453616,9422.439145,0.000000,,,0,1,,,,,0.014977,SMALL
ga,augerat_A_n37_k5,36,8,1.000000,999,8322.952938,927.319694,9250.272632,0.000000,,,0,1,,,,,2.457243,MEDIUM
ga,hfvrp_n200_m40_s01,200,40,1.000000,200,24431.323513,16345.848107,40777.171619,0.000000,,,0,1,,,,,79.325995,BIG
ga,augerat_A_n37_k5,36,8,1.000000,999,8376.287376,915.665455,9291.952831,0.000000,,,0,1,,,,,7.326326,BIG
ga,augerat_A_n37_k5,36,8,1.000000,1234,8382.104473,987.395046,9369.499520,0.000000,,,0,1,,,,,0.118525,DEFAULT
ga,augerat_A_n37_k5,36,8,1.000000,1234,8528.180642,1375.282736,9903.463379,0.000000,,,0,1,,,,,0.014780,SMALL
ga,augerat_A_n37_k5,36,8,1.000000,1234,8273.686991,927.364948,9201.051940,0.000000,,,0,1,,,,,2.471200,MEDIUM
ga,hfvrp_n200_m40_s03,200,40,1.000000,10,44039.673142,67038.653230,111078.326372,0.000000,,,0,1,,,,,1.287491,DEFAULT
ga,hfvrp_n200_m40_s03,200,40,1.000000,10,45242.826890,124126.609327,169369.436217,0.000000,,,0,1,,,,,0.175904,SMALL
ga,augerat_A_n37_k5,36,8,1.000000,1234,8263.013373,936.974246,9199.987619,0.000000,,,0,1,,,,,7.556837,BIG
ga,augerat_A_n37_k5,36,8,1.000000,9999,8355.461602,992.194715,9347.656317,0.000000,,,0,1,,,,,0.124277,DEFAULT
ga,augerat_A_n37_k5,36,8,1.000000,9999,8464.593660,1288.173568,9752.767228,0.000000,,,0,1,,,,,0.018490,SMALL
ga,hfvrp_n200_m40_s02,200,40,1.000000,50,24364.891817,24420.915939,48785.807755,0.000000,,,0,1,,,,,78.310180,BIG
ga,augerat_A_n37_k5,36,8,1.000000,9999,8309.764912,908.737430,9218.502342,0.000000,,,0,1,,,,,2.461443,MEDIUM
ga,hfvrp_n200_m40_s05,200,40,1.000000,1,28181.393837,20219.845916,48401.239753,0.000000,,,0,1,,,,,26.667724,MEDIUM
ga,augerat_A_n37_k5,36,8,1.000000,9999,8293.557080,968.590325,9262.147405,0.000000,,,0,1,,,,,7.549968,BIG
ga,augerat_A_n37_k5,36,8,1.000000,19345,8342.874365,918.693100,9261.567464,0.000000,,,0,1,,,,,0.118476,DEFAULT
ga,augerat_A_n37_k5,36,8,1.000000,19345,8715.679777,989.559524,9705.239301,0.000000,,,0,1,,,,,0.015421,SMALL
ga,augerat_A_n37_k5,36,8,1.000000,19345,8374.211368,944.817446,9319.028814,0.000000,,,0,1,,,,,2.449131,MEDIUM
ga,augerat_A_n37_k5,36,8,1.000000,19345,8330.586453,987.939922,9318.526376,0.000000,,,0,1,,,,,7.422136,BIG
ga,augerat_A_n37_k5,36,8,1.000000,1787995044822843823,8450.360221,1035.863753,9486.223974,0.000000,,,0,1,,,,,0.117682,DEFAULT
ga,augerat_A_n37_k5,36,8,1.000000,1787995032058964659,8650.495257,1356.628227,10007.123484,0.000000,,,0,1,,,,,0.014876,SMALL
ga,hfvrp_n200_m40_s01,200,40,1.000000,999,41115.939619,46445.556301,87561.495920,0.000000,,,0,1,,,,,1.320696,DEFAULT
ga,hfvrp_n200_m40_s01,200,40,1.000000,999,47692.051539,101265.748720,148957.800260,0.000000,,,0,1,,,,,0.168871,SMALL
ga,hfvrp_n200_m40_s03,200,40,1.000000,10,25746.344131,26839.141464,52585.485595,0.000000,,,0,1,,,,,26.186585,MEDIUM
ga,augerat_A_n37_k5,36,8,1.000000,1787995036371966890,8317.406461,972.533307,9289.939767,0.000000,,,0,1,,,,,2.440532,MEDIUM
ga,augerat_A_n37_k5,36,8,1.000000,1787995159075328499,8261.152396,923.050611,9184.203007,0.000000,,,0,1,,,,,7.529220,BIG
ga,augerat_A_n45_k6,44,8,1.000000,1787995089545435904,11852.229180,982.674885,12834.904065,0.000000,,,0,1,,,,,0.149696,DEFAULT
ga,augerat_A_n45_k6,44,8,1.000000,1787995231437757725,12005.568922,1767.648922,13773.217844,0.000000,,,0,1,,,,,0.023033,SMALL
ga,augerat_A_n45_k6,44,8,1.000000,1787995235761938507,11747.747728,1012.765628,12760.513357,0.000000,,,0,1,,,,,3.068513,MEDIUM
ga,augerat_A_n45_k6,44,8,1.000000,1787995243134865773,11678.191462,1032.778405,12710.969868,0.000000,,,0,1,,,,,9.292684,BIG
ga,hfvrp_n200_m40_s02,200,40,1.000000,75,45162.631879,33924.018489,79086.650369,0.000000,,,0,1,,,,,1.392807,DEFAULT
ga,hfvrp_n200_m40_s02,200,40,1.000000,75,47372.607765,99434.116503,146806.724268,0.000000,,,0,1,,,,,0.196249,SMALL
ga,hfvrp_n200_m40_s04,200,40,1.000000,1,25717.814415,14802.836802,40520.651217,0.000000,,,0,1,,,,,81.204817,BIG
ga,augerat_A_n45_k6,44,8,1.000000,1,11653.019062,964.061705,12617.080767,0.000000,,,0,1,,,,,0.158485,DEFAULT
ga,augerat_A_n45_k6,44,8,1.000000,1,12021.405556,1185.004364,13206.409921,0.000000,,,0,1,,,,,0.019591,SMALL
ga,augerat_A_n45_k6,44,8,1.000000,1,11644.200257,980.115458,12624.315715,0.000000,,,0,1,,,,,3.015198,MEDIUM
ga,hfvrp_n200_m40_s01,200,40,1.000000,999,26185.974823,16510.596017,42696.570841,0.000000,,,0,1,,,,,26.759804,MEDIUM
ga,augerat_A_n45_k6,44,8,1.000000,1,11595.038638,985.061160,12580.099798,0.000000,,,0,1,,,,,9.088872,BIG
ga,augerat_A_n45_k6,44,8,1.000000,10,11773.172344,1031.716380,12804.888724,0.000000,,,0,1,,,,,0.151942,DEFAULT
ga,augerat_A_n45_k6,44,8,1.000000,10,12031.244834,1349.673089,13380.917924,0.000000,,,0,1,,,,,0.019198,SMALL
ga,augerat_A_n45_k6,44,8,1.000000,10,11693.727369,984.804285,12678.531654,0.000000,,,0,1,,,,,3.016892,MEDIUM
ga,augerat_A_n45_k6,44,8,1.000000,10,11714.279280,949.747119,12664.026399,0.000000,,,0,1,,,,,9.275401,BIG
ga,augerat_A_n45_k6,44,8,1.000000,50,11852.046538,1007.874906,12859.921443,0.000000,,,0,1,,,,,0.155832,DEFAULT
ga,augerat_A_n45_k6,44,8,1.000000,50,11890.084806,1393.217864,13283.302670,0.000000,,,0,1,,,,,0.019687,SMALL
ga,hfvrp_n200_m40_s02,200,40,1.000000,75,27594.791537,18650.002964,46244.794501,0.000000,,,0,1,,,,,26.231329,MEDIUM
ga,augerat_A_n45_k6,44,8,1.000000,50,11646.431944,1003.758917,12650.190861,0.000000,,,0,1,,,,,3.055730,MEDIUM
ga,hfvrp_n200_m40_s04,200,40,1.000000,10,40480.415301,45555.543317,86035.958618,0.000000,,,0,1,,,,,1.385545,DEFAULT
ga,hfvrp_n200_m40_s04,200,40,1.000000,10,43986.233155,93425.036501,137411.269656,0.000000,,,0,1,,,,,0.223212,SMALL
ga,augerat_A_n45_k6,44,8,1.000000,50,11647.731130,993.931527,12641.662658,0.000000,,,0,1,,,,,9.241261,BIG
ga,augerat_A_n45_k6,44,8,1.000000,75,11944.771879,981.744886,12926.516766,0.000000,,,0,1,,,,,0.154406,DEFAULT
ga,augerat_A_n45_k6,44,8,1.000000,75,11924.755015,1226.007024,13150.762038,0.000000,,,0,1,,,,,0.019260,SMALL
ga,augerat_A_n45_k6,44,8,1.000000,75,11562.267747,959.254360,12521.522106,0.000000,,,0,1,,,,,3.012186,MEDIUM
ga,hfvrp_n200_m40_s05,200,40,1.000000,1,24021.358626,17314.821637,41336.180263,0.000000,,,0,1,,,,,81.701497,BIG
ga,augerat_A_n45_k6,44,8,1.000000,75,11593.699551,959.953906,12553.653457,0.000000,,,0,1,,,,,9.318521,BIG
ga,augerat_A_n45_k6,44,8,1.000000,100,11726.915558,1003.400396,12730.315954,0.000000,,,0,1,,,,,0.154044,DEFAULT
ga,augerat_A_n45_k6,44,8,1.000000,100,11879.596424,1354.689435,13234.285859,0.000000,,,0,1,,,,,0.017628,SMALL
ga,augerat_A_n45_k6,44,8,1.000000,100,11739.612254,945.131151,12684.743405,0.000000,,,0,1,,,,,3.058418,MEDIUM
ga,hfvrp_n200_m40_s04,200,40,1.000000,10,27642.596131,16594.836380,44237.432511,0.000000,,,0,1,,,,,27.175691,MEDIUM
ga,hfvrp_n200_m40_s03,200,40,1.000000,10,25626.229475,21160.887532,46787.117007,0.000000,,,0,1,,,,,80.239014,BIG
ga,augerat_A_n45_k6,44,8,1.000000,100,11528.999122,968.505724,12497.504846,0.000000,,,0,1,,,,,9.326260,BIG
ga,augerat_A_n45_k6,44,8,1.000000,200,11854.350126,959.255119,12813.605245,0.000000,,,0,1,,,,,0.152253,DEFAULT
ga,augerat_A_n45_k6,44,8,1.000000,200,11901.090386,1668.266509,13569.356895,0.000000,,,0,1,,,,,0.018084,SMALL
ga,augerat_A_n45_k6,44,8,1.000000,200,11725.693277,999.070235,12724.763512,0.000000,,,0,1,,,,,3.042840,MEDIUM
ga,augerat_A_n45_k6,44,8,1.000000,200,11624.667093,985.061160,12609.728253,0.000000,,,0,1,,,,,9.106470,BIG
ga,augerat_A_n45_k6,44,8,1.000000,999,11665.022514,979.110985,12644.133499,0.000000,,,0,1,,,,,0.154619,DEFAULT
ga,augerat_A_n45_k6,44,8,1.000000,999,11711.501109,1411.308477,13122.809585,0.000000,,,0,1,,,,,0.019798,SMALL
ga,augerat_A_n45_k6,44,8,1.000000,999,11673.809265,1007.094380,12680.903645,0.000000,,,0,1,,,,,3.029873,MEDIUM
ga,hfvrp_n200_m40_s05,200,40,1.000000,10,40738.626691,45364.942281,86103.568972,0.000000,,,0,1,,,,,1.349028,DEFAULT
ga,hfvrp_n200_m40_s05,200,40,1.000000,10,51055.808246,108946.131948,160001.940193,0.000000,,,0,1,,,,,0.192353,SMALL
ga,hfvrp_n200_m40_s01,200,40,1.000000,999,24394.470857,16420.602546,40815.073404,0.000000,,,0,1,,,,,81.202622,BIG
ga,augerat_A_n45_k6,44,8,1.000000,999,11617.737526,985.027994,12602.765520,0.000000,,,0,1,,,,,9.239913,BIG
ga,augerat_A_n45_k6,44,8,1.000000,1234,11701.269678,1017.866489,12719.136167,0.000000,,,0,1,,,,,0.148121,DEFAULT
ga,augerat_A_n45_k6,44,8,1.000000,1234,12141.720119,1103.402507,13245.122626,0.000000,,,0,1,,,,,0.020224,SMALL
ga,augerat_A_n45_k6,44,8,1.000000,1234,11647.451196,1005.801206,12653.252402,0.000000,,,0,1,,,,,3.033383,MEDIUM
ga,augerat_A_n45_k6,44,8,1.000000,1234,11642.111608,964.038378,12606.149987,0.000000,,,0,1,,,,,9.235951,BIG
ga,augerat_A_n45_k6,44,8,1.000000,9999,11899.593048,1024.227094,12923.820142,0.000000,,,0,1,,,,,0.150819,DEFAULT
ga,augerat_A_n45_k6,44,8,1.000000,9999,12188.760773,1056.296731,13245.057504,0.000000,,,0,1,,,,,0.018188,SMALL
ga,augerat_A_n45_k6,44,8,1.000000,9999,11682.955732,1046.782648,12729.738380,0.000000,,,0,1,,,,,3.021425,MEDIUM
ga,hfvrp_n200_m40_s02,200,40,1.000000,75,27180.788955,16592.784217,43773.573172,0.000000,,,0,1,,,,,79.760975,BIG
ga,hfvrp_n200_m40_s05,200,40,1.000000,10,30040.962944,20315.822166,50356.785110,0.000000,,,0,1,,,,,26.396076,MEDIUM
ga,augerat_A_n45_k6,44,8,1.000000,9999,11671.952368,993.931527,12665.883896,0.000000,,,0,1,,,,,9.315148,BIG
ga,augerat_A_n45_k6,44,8,1.000000,19345,11672.350479,1026.919559,12699.270038,0.000000,,,0,1,,,,,0.149551,DEFAULT
ga,augerat_A_n45_k6,44,8,1.000000,19345,12162.849863,1083.987312,13246.837176,0.000000,,,0,1,,,,,0.019228,SMALL
ga,augerat_A_n45_k6,44,8,1.000000,19345,11642.923137,987.033347,12629.956484,0.000000,,,0,1,,,,,2.993944,MEDIUM
ga,hfvrp_n200_m40_s03,200,40,1.000000,50,40542.028937,97450.238680,137992.267617,0.000000,,,0,1,,,,,1.267351,DEFAULT
ga,hfvrp_n200_m40_s03,200,40,1.000000,50,43138.886649,111050.475800,154189.362449,0.000000,,,0,1,,,,,0.165172,SMALL
ga,hfvrp_n200_m40_s01,200,40,1.000000,1234,44035.400263,50216.548482,94251.948745,0.000000,,,0,1,,,,,1.317706,DEFAULT
ga,hfvrp_n200_m40_s01,200,40,1.000000,1234,51446.692912,112121.834128,163568.527040,0.000000,,,0,1,,,,,0.169286,SMALL
ga,augerat_A_n45_k6,44,8,1.000000,19345,11667.928706,996.739156,12664.667862,0.000000,,,0,1,,,,,9.306792,BIG
ga,augerat_A_n45_k6,44,8,1.000000,1787999068906920171,11841.704801,1001.875942,12843.580743,0.000000,,,0,1,,,,,0.156867,DEFAULT
ga,augerat_A_n45_k6,44,8,1.000000,1787998944518226076,12322.606014,1116.974418,13439.580431,0.000000,,,0,1,,,,,0.024340,SMALL
ga,augerat_A_n45_k6,44,8,1.000000,1787998940252106728,11657.128778,954.255848,12611.384626,0.000000,,,0,1,,,,,3.053852,MEDIUM
ga,augerat_A_n45_k6,44,8,1.000000,1787998956199663961,11601.891979,1018.857312,12620.749291,0.000000,,,0,1,,,,,9.187161,BIG
ga,hfvrp_n200_m40_s04,200,40,1.000000,10,27240.516992,14225.535323,41466.052315,0.000000,,,0,1,,,,,81.261891,BIG
ga,augerat_A_n54_k7,53,8,1.000000,1787998871274343339,12903.959098,2802.029508,15705.988606,0.000000,,,0,1,,,,,0.190376,DEFAULT
ga,augerat_A_n54_k7,53,8,1.000000,1787998875763781953,12981.044302,2956.869489,15937.913791,0.000000,,,0,1,,,,,0.024739,SMALL
ga,augerat_A_n54_k7,53,8,1.000000,1787998880092196379,12749.435354,2562.437225,15311.872579,0.000000,,,0,1,,,,,3.764740,MEDIUM
ga,hfvrp_n200_m40_s02,200,40,1.000000,100,44205.136769,50897.789072,95102.925841,0.000000,,,0,1,,,,,1.389537,DEFAULT
ga,hfvrp_n200_m40_s02,200,40,1.000000,100,42304.177360,121367.049165,163671.226525,0.000000,,,0,1,,,,,0.189732,SMALL
ga,hfvrp_n200_m40_s03,200,40,1.000000,50,28792.116857,25976.650092,54768.766949,0.000000,,,0,1,,,,,26.653659,MEDIUM
ga,hfvrp_n200_m40_s01,200,40,1.000000,1234,31121.877370,17109.467643,48231.345013,0.000000,,,0,1,,,,,26.524701,MEDIUM
ga,augerat_A_n54_k7,53,8,1.000000,1787998888161212650,12569.623581,2569.975619,15139.599200,0.000000,,,0,1,,,,,11.456531,BIG
ga,augerat_A_n54_k7,53,8,1.000000,1,12910.785458,2631.587295,15542.372753,0.000000,,,0,1,,,,,0.182874,DEFAULT
ga,augerat_A_n54_k7,53,8,1.000000,1,13093.560013,3577.230837,16670.790850,0.000000,,,0,1,,,,,0.023317,SMALL
ga,augerat_A_n54_k7,53,8,1.000000,1,12785.351534,2761.824489,15547.176023,0.000000,,,0,1,,,,,3.713759,MEDIUM
ga,hfvrp_n200_m40_s04,200,40,1.000000,50,44018.030705,41750.486628,85768.517333,0.000000,,,0,1,,,,,1.407388,DEFAULT
ga,hfvrp_n200_m40_s04,200,40,1.000000,50,47901.221339,74273.060564,122174.281903,0.000000,,,0,1,,,,,0.230259,SMALL
ga,augerat_A_n54_k7,53,8,1.000000,1,12603.315288,2708.826816,15312.142104,0.000000,,,0,1,,,,,11.453850,BIG
ga,augerat_A_n54_k7,53,8,1.000000,10,13427.213650,2790.989714,16218.203365,0.000000,,,0,1,,,,,0.211317,DEFAULT
ga,augerat_A_n54_k7,53,8,1.000000,10,13181.648192,3256.300198,16437.948391,0.000000,,,0,1,,,,,0.024474,SMALL
ga,hfvrp_n200_m40_s02,200,40,1.000000,100,29651.458887,18212.171429,47863.630316,0.000000,,,0,1,,,,,26.813617,MEDIUM
ga,augerat_A_n54_k7,53,8,1.000000,10,12576.781388,2537.704928,15114.486316,0.000000,,,0,1,,,,,3.636373,MEDIUM
ga,augerat_A_n54_k7,53,8,1.000000,10,12590.717330,2561.144563,15151.861893,0.000000,,,0,1,,,,,11.489087,BIG
ga,augerat_A_n54_k7,53,8,1.000000,50,12689.437999,2741.908681,15431.346680,0.000000,,,0,1,,,,,0.188002,DEFAULT
ga,augerat_A_n54_k7,53,8,1.000000,50,13826.871554,3168.540876,16995.412430,0.000000,,,0,1,,,,,0.023220,SMALL
ga,hfvrp_n200_m40_s05,200,40,1.000000,10,25468.050313,16541.368788,42009.419101,0.000000,,,0,1,,,,,80.524311,BIG
ga,augerat_A_n54_k7,53,8,1.000000,50,12693.789522,2662.659519,15356.449041,0.000000,,,0,1,,,,,3.726352,MEDIUM
ga,hfvrp_n200_m40_s04,200,40,1.000000,50,28236.093136,14852.937831,43089.030967,0.000000,,,0,1,,,,,26.631865,MEDIUM
ga,augerat_A_n54_k7,53,8,1.000000,50,12599.061321,2668.173576,15267.234897,0.000000,,,0,1,,,,,11.312655,BIG
ga,augerat_A_n54_k7,53,8,1.000000,75,12798.436168,2751.894899,15550.331067,0.000000,,,0,1,,,,,0.187207,DEFAULT
ga,augerat_A_n54_k7,53,8,1.000000,75,13696.225407,2769.320743,16465.546149,0.000000,,,0,1,,,,,0.026598,SMALL
ga,augerat_A_n54_k7,53,8,1.000000,75,12610.150038,2538.235107,15148.385145,0.000000,,,0,1,,,,,3.686896,MEDIUM
ga,augerat_A_n54_k7,53,8,1.000000,75,12622.277371,2566.668571,15188.945941,0.000000,,,0,1,,,,,11.380949,BIG
ga,augerat_A_n54_k7,53,8,1.000000,100,12760.948265,2865.260518,15626.208784,0.000000,,,0,1,,,,,0.183693,DEFAULT
ga,augerat_A_n54_k7,53,8,1.000000,100,13930.989543,3123.007664,17053.997206,0.000000,,,0,1,,,,,0.026745,SMALL
ga,augerat_A_n54_k7,53,8,1.000000,100,12589.624493,2638.950540,15228.575033,0.000000,,,0,1,,,,,3.711975,MEDIUM
ga,hfvrp_n200_m40_s01,200,40,1.000000,1234,24600.265886,18044.223823,42644.489709,0.000000,,,0,1,,,,,78.686888,BIG
ga,hfvrp_n200_m40_s05,200,40,1.000000,50,47012.523835,40646.122176,87658.646011,0.000000,,,0,1,,,,,1.392249,DEFAULT
ga,hfvrp_n200_m40_s05,200,40,1.000000,50,56631.382237,101961.077596,158592.459833,0.000000,,,0,1,,,,,0.191534,SMALL
ga,hfvrp_n200_m40_s03,200,40,1.000000,50,24825.307266,22612.111685,47437.418951,0.000000,,,0,1,,,,,82.363002,BIG
ga,augerat_A_n54_k7,53,8,1.000000,100,12573.583650,2633.894733,15207.478383,0.000000,,,0,1,,,,,11.336943,BIG
ga,augerat_A_n54_k7,53,8,1.000000,200,12703.913980,2753.485238,15457.399218,0.000000,,,0,1,,,,,0.186835,DEFAULT
ga,augerat_A_n54_k7,53,8,1.000000,200,13726.457594,2846.538588,16572.996182,0.000000,,,0,1,,,,,0.024285,SMALL
ga,augerat_A_n54_k7,53,8,1.000000,200,12657.828449,2544.539647,15202.368097,0.000000,,,0,1,,,,,3.667598,MEDIUM
ga,augerat_A_n54_k7,53,8,1.000000,200,12636.506145,2633.150491,15269.656635,0.000000,,,0,1,,,,,11.367779,BIG
ga,augerat_A_n54_k7,53,8,1.000000,999,12854.171986,2788.792438,15642.964424,0.000000,,,0,1,,,,,0.182991,DEFAULT
ga,augerat_A_n54_k7,53,8,1.000000,999,13020.451161,2970.331947,15990.783108,0.000000,,,0,1,,,,,0.027176,SMALL
ga,augerat_A_n54_k7,53,8,1.000000,999,12642.882141,2550.157380,15193.039521,0.000000,,,0,1,,,,,3.709551,MEDIUM
ga,hfvrp_n200_m40_s02,200,40,1.000000,100,28218.291470,15050.696594,43268.988064,0.000000,,,0,1,,,,,80.030657,BIG
ga,hfvrp_n200_m40_s05,200,40,1.000000,50,29911.786277,16161.828277,46073.614554,0.000000,,,0,1,,,,,26.694367,MEDIUM
ga,augerat_A_n54_k7,53,8,1.000000,999,12684.910826,2899.799290,15584.710117,0.000000,,,0,1,,,,,11.428702,BIG
ga,augerat_A_n54_k7,53,8,1.000000,1234,12840.425826,2654.441146,15494.866973,0.000000,,,0,1,,,,,0.185662,DEFAULT
ga,augerat_A_n54_k7,53,8,1.000000,1234,13044.789548,3010.439616,16055.229163,0.000000,,,0,1,,,,,0.023640,SMALL
ga,hfvrp_n200_m40_s01,200,40,1.000000,9999,41967.674351,41323.406252,83291.080603,0.000000,,,0,1,,,,,1.386463,DEFAULT
ga,hfvrp_n200_m40_s01,200,40,1.000000,9999,48570.820251,83752.090119,132322.910369,0.000000,,,0,1,,,,,0.173389,SMALL
ga,augerat_A_n54_k7,53,8,1.000000,1234,12603.798145,2581.946338,15185.744482,0.000000,,,0,1,,,,,3.778978,MEDIUM
ga,hfvrp_n200_m40_s04,200,40,1.000000,50,26934.921487,15656.857381,42591.778868,0.000000,,,0,1,,,,,80.784351,BIG
ga,augerat_A_n54_k7,53,8,1.000000,1234,12673.603818,2605.178679,15278.782497,0.000000,,,0,1,,,,,11.264520,BIG
ga,augerat_A_n54_k7,53,8,1.000000,9999,12848.023884,2940.407568,15788.431452,0.000000,,,0,1,,,,,0.185134,DEFAULT
ga,augerat_A_n54_k7,53,8,1.000000,9999,13725.410892,3285.603343,17011.014235,0.000000,,,0,1,,,,,0.029642,SMALL
ga,augerat_A_n54_k7,53,8,1.000000,9999,12779.338218,2530.051488,15309.389706,0.000000,,,0,1,,,,,3.641794,MEDIUM
ga,hfvrp_n200_m40_s01,200,40,1.000000,9999,28649.439847,21318.090171,49967.530019,0.000000,,,0,1,,,,,26.747718,MEDIUM
ga,hfvrp_n200_m40_s02,200,40,1.000000,200,38699.238114,40998.318834,79697.556948,0.000000,,,0,1,,,,,1.422727,DEFAULT
ga,hfvrp_n200_m40_s03,200,40,1.000000,75,41731.332723,71700.573196,113431.905918,0.000000,,,0,1,,,,,1.316113,DEFAULT
ga,hfvrp_n200_m40_s02,200,40,1.000000,200,52672.026713,127197.523281,179869.549994,0.000000,,,0,1,,,,,0.191186,SMALL
ga,hfvrp_n200_m40_s03,200,40,1.000000,75,48650.456618,123639.616582,172290.073200,0.000000,,,0,1,,,,,0.169648,SMALL
ga,augerat_A_n54_k7,53,8,1.000000,9999,12528.224664,2702.884504,15231.109168,0.000000,,,0,1,,,,,11.366996,BIG
ga,augerat_A_n54_k7,53,8,1.000000,19345,12749.243864,2812.023878,15561.267742,0.000000,,,0,1,,,,,0.191289,DEFAULT
ga,augerat_A_n54_k7,53,8,1.000000,19345,13480.775904,3114.231593,16595.007497,0.000000,,,0,1,,,,,0.025210,SMALL
ga,augerat_A_n54_k7,53,8,1.000000,19345,12647.453954,2725.617279,15373.071232,0.000000,,,0,1,,,,,3.699167,MEDIUM
ga,hfvrp_n200_m40_s04,200,40,1.000000,75,43839.060534,34425.246476,78264.307010,0.000000,,,0,1,,,,,1.420855,DEFAULT
ga,hfvrp_n200_m40_s04,200,40,1.000000,75,58006.810580,90290.453664,148297.264245,0.000000,,,0,1,,,,,0.221785,SMALL
ga,augerat_A_n54_k7,53,8,1.000000,19345,12500.902667,2613.819009,15114.721677,0.000000,,,0,1,,,,,11.431818,BIG
ga,augerat_A_n54_k7,53,8,1.000000,1787996015645856746,12839.268563,2612.904177,15452.172740,0.000000,,,0,1,,,,,0.182650,DEFAULT
ga,augerat_A_n54_k7,53,8,1.000000,1787995985768095261,13154.475260,3049.057013,16203.532273,0.000000,,,0,1,,,,,0.025951,SMALL
ga,augerat_A_n54_k7,53,8,1.000000,1787995990093188188,12575.005035,2594.211284,15169.216319,0.000000,,,0,1,,,,,3.752909,MEDIUM
ga,hfvrp_n200_m40_s02,200,40,1.000000,200,26011.480942,21080.642814,47092.123756,0.000000,,,0,1,,,,,26.402831,MEDIUM
ga,hfvrp_n200_m40_s03,200,40,1.000000,75,27223.235698,27383.075238,54606.310937,0.000000,,,0,1,,,,,26.652455,MEDIUM
ga,augerat_A_n54_k7,53,8,1.000000,1787995998145715104,12561.902439,2648.920772,15210.823211,0.000000,,,0,1,,,,,11.292094,BIG
ga,augerat_A_n60_k9,59,10,1.000000,1787996198921570895,16206.271490,2558.537963,18764.809452,0.000000,,,0,1,,,,,0.200550,DEFAULT
ga,augerat_A_n60_k9,59,10,1.000000,1787996194831661813,16737.004952,3495.140557,20232.145508,0.000000,,,0,1,,,,,0.027326,SMALL
ga,augerat_A_n60_k9,59,10,1.000000,1787996190568377278,16042.299082,2501.086519,18543.385602,0.000000,,,0,1,,,,,4.212928,MEDIUM
ga,hfvrp_n200_m40_s04,200,40,1.000000,75,27381.268891,15684.037417,43065.306308,0.000000,,,0,1,,,,,27.267950,MEDIUM
ga,hfvrp_n200_m40_s05,200,40,1.000000,50,25513.695978,16901.655159,42415.351137,0.000000,,,0,1,,,,,79.923688,BIG
ga,augerat_A_n60_k9,59,10,1.000000,1787996336520030947,15989.961657,2505.621029,18495.582686,0.000000,,,0,1,,,,,13.242960,BIG
ga,augerat_A_n60_k9,59,10,1.000000,1,16441.424122,2657.874996,19099.299118,0.000000,,,0,1,,,,,0.211306,DEFAULT
ga,augerat_A_n60_k9,59,10,1.000000,1,16536.507690,3326.809976,19863.317666,0.000000,,,0,1,,,,,0.027465,SMALL
ga,augerat_A_n60_k9,59,10,1.000000,1,16107.771316,2619.309373,18727.080689,0.000000,,,0,1,,,,,4.194518,MEDIUM
ga,augerat_A_n60_k9,59,10,1.000000,1,16173.453725,2656.249154,18829.702879,0.000000,,,0,1,,,,,12.811693,BIG
ga,augerat_A_n60_k9,59,10,1.000000,10,16369.777657,2650.682641,19020.460297,0.000000,,,0,1,,,,,0.215745,DEFAULT
ga,augerat_A_n60_k9,59,10,1.000000,10,16712.758761,3493.655067,20206.413828,0.000000,,,0,1,,,,,0.027647,SMALL
ga,augerat_A_n60_k9,59,10,1.000000,10,16140.157702,2622.112292,18762.269994,0.000000,,,0,1,,,,,4.266947,MEDIUM
ga,hfvrp_n200_m40_s01,200,40,1.000000,9999,25446.884081,18523.759663,43970.643744,0.000000,,,0,1,,,,,80.819521,BIG
ga,hfvrp_n200_m40_s05,200,40,1.000000,75,44207.939096,52669.886917,96877.826013,0.000000,,,0,1,,,,,1.354563,DEFAULT
ga,hfvrp_n200_m40_s05,200,40,1.000000,75,48679.853702,101745.159526,150425.013228,0.000000,,,0,1,,,,,0.193108,SMALL
ga,augerat_A_n60_k9,59,10,1.000000,10,15971.923921,2580.474922,18552.398843,0.000000,,,0,1,,,,,13.019342,BIG
ga,augerat_A_n60_k9,59,10,1.000000,50,16485.542549,2726.373333,19211.915881,0.000000,,,0,1,,,,,0.205738,DEFAULT
ga,augerat_A_n60_k9,59,10,1.000000,50,16791.952883,3051.741192,19843.694075,0.000000,,,0,1,,,,,0.030694,SMALL
ga,augerat_A_n60_k9,59,10,1.000000,50,16127.789301,2573.403092,18701.192393,0.000000,,,0,1,,,,,4.198018,MEDIUM
ga,hfvrp_n200_m40_s02,200,40,1.000000,200,25537.655333,19215.891050,44753.546383,0.000000,,,0,1,,,,,76.899239,BIG
ga,augerat_A_n60_k9,59,10,1.000000,50,16123.656529,2568.806681,18692.463211,0.000000,,,0,1,,,,,12.909526,BIG
ga,augerat_A_n60_k9,59,10,1.000000,75,16327.645744,2877.176646,19204.822390,0.000000,,,0,1,,,,,0.207856,DEFAULT
ga,augerat_A_n60_k9,59,10,1.000000,75,16613.331417,3130.527456,19743.858873,0.000000,,,0,1,,,,,0.026858,SMALL
ga,hfvrp_n200_m40_s03,200,40,1.000000,75,26913.873347,22261.779878,49175.653225,0.000000,,,0,1,,,,,79.627307,BIG
ga,augerat_A_n60_k9,59,10,1.000000,75,16064.579157,2640.046310,18704.625467,0.000000,,,0,1,,,,,4.198485,MEDIUM
ga,hfvrp_n200_m40_s05,200,40,1.000000,75,28105.161837,19146.658202,47251.820039,0.000000,,,0,1,,,,,26.268179,MEDIUM
ga,hfvrp_n200_m40_s01,200,40,1.000000,19345,49137.867310,45052.061717,94189.929027,0.000000,,,0,1,,,,,1.356942,DEFAULT
ga,hfvrp_n200_m40_s01,200,40,1.000000,19345,47009.748396,109874.491847,156884.240244,0.000000,,,0,1,,,,,0.168921,SMALL
ga,augerat_A_n60_k9,59,10,1.000000,75,16032.630430,2553.865616,18586.496046,0.000000,,,0,1,,,,,12.936708,BIG
ga,augerat_A_n60_k9,59,10,1.000000,100,16365.814623,2706.630985,19072.445609,0.000000,,,0,1,,,,,0.213289,DEFAULT
ga,augerat_A_n60_k9,59,10,1.000000,100,16769.903665,3450.521909,20220.425574,0.000000,,,0,1,,,,,0.030131,SMALL
ga,hfvrp_n200_m40_s04,200,40,1.000000,75,25607.951334,13066.489812,38674.441146,0.000000,,,0,1,,,,,82.772883,BIG
ga,augerat_A_n60_k9,59,10,1.000000,100,16064.942451,2536.791147,18601.733599,0.000000,,,0,1,,,,,4.225465,MEDIUM
ga,augerat_A_n60_k9,59,10,1.000000,100,16051.077279,2508.494219,18559.571498,0.000000,,,0,1,,,,,12.960775,BIG
ga,augerat_A_n60_k9,59,10,1.000000,200,16339.647352,2564.362964,18904.010316,0.000000,,,0,1,,,,,0.208449,DEFAULT
ga,augerat_A_n60_k9,59,10,1.000000,200,16562.284807,3220.419108,19782.703914,0.000000,,,0,1,,,,,0.032580,SMALL
ga,hfvrp_n200_m40_s02,200,40,1.000000,999,47644.319006,34644.174798,82288.493804,0.000000,,,0,1,,,,,1.400240,DEFAULT
ga,hfvrp_n200_m40_s02,200,40,1.000000,999,53134.081243,78192.976249,131327.057492,0.000000,,,0,1,,,,,0.199052,SMALL
ga,augerat_A_n60_k9,59,10,1.000000,200,16185.965467,2568.236395,18754.201862,0.000000,,,0,1,,,,,4.211418,MEDIUM
ga,hfvrp_n200_m40_s01,200,40,1.000000,19345,29841.161406,20586.823491,50427.984898,0.000000,,,0,1,,,,,26.484799,MEDIUM
ga,hfvrp_n200_m40_s04,200,40,1.000000,100,44164.289786,31183.418349,75347.708136,0.000000,,,0,1,,,,,1.408825,DEFAULT
ga,hfvrp_n200_m40_s04,200,40,1.000000,100,53173.410928,91491.493912,144664.904840,0.000000,,,0,1,,,,,0.226718,SMALL
ga,augerat_A_n60_k9,59,10,1.000000,200,16091.571321,2642.029523,18733.600844,0.000000,,,0,1,,,,,12.934533,BIG
ga,augerat_A_n60_k9,59,10,1.000000,999,16474.037107,2749.179176,19223.216283,0.000000,,,0,1,,,,,0.212695,DEFAULT
ga,augerat_A_n60_k9,59,10,1.000000,999,16535.220918,3123.526458,19658.747376,0.000000,,,0,1,,,,,0.028173,SMALL
ga,augerat_A_n60_k9,59,10,1.000000,999,16059.492316,2588.904403,18648.396719,0.000000,,,0,1,,,,,4.277994,MEDIUM
ga,hfvrp_n200_m40_s03,200,40,1.000000,100,41310.710573,79442.878935,120753.589508,0.000000,,,0,1,,,,,1.322285,DEFAULT
ga,hfvrp_n200_m40_s03,200,40,1.000000,100,46761.791204,113590.061136,160351.852340,0.000000,,,0,1,,,,,0.179130,SMALL
ga,hfvrp_n200_m40_s02,200,40,1.000000,999,29561.303815,19422.157112,48983.460926,0.000000,,,0,1,,,,,26.669454,MEDIUM
ga,augerat_A_n60_k9,59,10,1.000000,999,16000.759021,2555.966073,18556.725094,0.000000,,,0,1,,,,,13.112357,BIG
ga,augerat_A_n60_k9,59,10,1.000000,1234,16578.259806,2608.499838,19186.759644,0.000000,,,0,1,,,,,0.208914,DEFAULT
ga,augerat_A_n60_k9,59,10,1.000000,1234,16655.350063,3209.140996,19864.491059,0.000000,,,0,1,,,,,0.032797,SMALL
ga,augerat_A_n60_k9,59,10,1.000000,1234,16065.854111,2657.130695,18722.984806,0.000000,,,0,1,,,,,4.137798,MEDIUM
ga,hfvrp_n200_m40_s04,200,40,1.000000,100,26787.012019,15683.254126,42470.266145,0.000000,,,0,1,,,,,26.933950,MEDIUM
ga,hfvrp_n200_m40_s05,200,40,1.000000,75,24252.294208,18203.893512,42456.187720,0.000000,,,0,1,,,,,77.869510,BIG
ga,augerat_A_n60_k9,59,10,1.000000,1234,16111.810813,2598.409991,18710.220804,0.000000,,,0,1,,,,,12.977924,BIG
ga,augerat_A_n60_k9,59,10,1.000000,9999,16344.392784,2690.214799,19034.607583,0.000000,,,0,1,,,,,0.206422,DEFAULT
ga,augerat_A_n60_k9,59,10,1.000000,9999,16591.155489,3643.867180,20235.022668,0.000000,,,0,1,,,,,0.026332,SMALL
ga,hfvrp_n200_m40_s03,200,40,1.000000,100,29755.947123,31926.637434,61682.584557,0.000000,,,0,1,,,,,26.161421,MEDIUM
ga,augerat_A_n60_k9,59,10,1.000000,9999,16072.580779,2530.469432,18603.050211,0.000000,,,0,1,,,,,4.386510,MEDIUM
ga,augerat_A_n60_k9,59,10,1.000000,9999,16158.493890,2702.835741,18861.329631,0.000000,,,0,1,,,,,13.000759,BIG
ga,augerat_A_n60_k9,59,10,1.000000,19345,16305.769113,2633.668511,18939.437624,0.000000,,,0,1,,,,,0.208400,DEFAULT
ga,augerat_A_n60_k9,59,10,1.000000,19345,16546.168725,3342.331283,19888.500008,0.000000,,,0,1,,,,,0.030256,SMALL
ga,augerat_A_n60_k9,59,10,1.000000,19345,16002.068968,2567.015297,18569.084265,0.000000,,,0,1,,,,,4.168485,MEDIUM
ga,hfvrp_n200_m40_s01,200,40,1.000000,19345,26829.432171,18541.075418,45370.507590,0.000000,,,0,1,,,,,80.083397,BIG
ga,hfvrp_n200_m40_s05,200,40,1.000000,100,45773.694991,40075.666395,85849.361386,0.000000,,,0,1,,,,,1.389014,DEFAULT
ga,hfvrp_n200_m40_s05,200,40,1.000000,100,46764.868363,73947.719866,120712.588229,0.000000,,,0,1,,,,,0.205256,SMALL
ga,augerat_A_n60_k9,59,10,1.000000,19345,16181.467689,2529.833867,18711.301555,0.000000,,,0,1,,,,,12.752360,BIG
ga,augerat_A_n60_k9,59,10,1.000000,1787997031890896613,16393.728046,2576.971158,18970.699204,0.000000,,,0,1,,,,,0.202126,DEFAULT
ga,augerat_A_n60_k9,59,10,1.000000,1787997027806764831,16673.537302,3421.015772,20094.553074,0.000000,,,0,1,,,,,0.032227,SMALL
ga,augerat_A_n60_k9,59,10,1.000000,1787997143808362688,16319.057529,2624.164286,18943.221815,0.000000,,,0,1,,,,,4.176290,MEDIUM
ga,augerat_A_n60_k9,59,10,1.000000,1787997152283581820,16066.546834,2543.024691,18609.571525,0.000000,,,0,1,,,,,13.017011,BIG
ga,augerat_A_n80_k10,79,11,1.000000,1787997209326153751,18394.206404,4348.022273,22742.228677,0.000000,,,0,1,,,,,0.288800,DEFAULT
ga,augerat_A_n80_k10,79,11,1.000000,1787997093655433014,18793.369657,4882.483408,23675.853065,0.000000,,,0,1,,,,,0.037288,SMALL
ga,hfvrp_n200_m40_s02,200,40,1.000000,999,24727.003352,15704.205551,40431.208902,0.000000,,,0,1,,,,,80.753294,BIG
ga,augerat_A_n80_k10,79,11,1.000000,1787997097997201890,18225.766020,3972.681783,22198.447804,0.000000,,,0,1,,,,,5.849541,MEDIUM
ga,hfvrp_n200_m40_s05,200,40,1.000000,100,31481.930175,16997.799393,48479.729568,0.000000,,,0,1,,,,,26.477206,MEDIUM
ga,hfvrp_n200_m40_s04,200,40,1.000000,100,25881.018798,14237.911706,40118.930504,0.000000,,,0,1,,,,,81.342797,BIG
ga,hfvrp_n200_m40_s01,200,40,1.000000,1787997140771715184,41228.983673,54796.277435,96025.261108,0.000000,,,0,1,,,,,1.361925,DEFAULT
ga,hfvrp_n200_m40_s01,200,40,1.000000,1787997120663643509,48365.474981,114401.886595,162767.361576,0.000000,,,0,1,,,,,0.165433,SMALL
ga,augerat_A_n80_k10,79,11,1.000000,1787997108151478291,18080.079524,3960.912229,22040.991753,0.000000,,,0,1,,,,,17.546609,BIG
ga,augerat_A_n80_k10,79,11,1.000000,1,18541.304100,4226.366384,22767.670484,0.000000,,,0,1,,,,,0.293001,DEFAULT
ga,augerat_A_n80_k10,79,11,1.000000,1,19772.440193,4706.458755,24478.898949,0.000000,,,0,1,,,,,0.040156,SMALL
ga,hfvrp_n200_m40_s03,200,40,1.000000,100,29759.561343,27116.398680,56875.960022,0.000000,,,0,1,,,,,78.954429,BIG
ga,augerat_A_n80_k10,79,11,1.000000,1,18235.252268,3990.144016,22225.396284,0.000000,,,0,1,,,,,5.731557,MEDIUM
ga,hfvrp_n200_m40_s01,200,40,1.000000,1787997133718619492,27614.226375,22729.691577,50343.917951,0.000000,,,0,1,,,,,27.019464,MEDIUM
ga,hfvrp_n200_m40_s02,200,40,1.000000,1234,44442.871749,49564.997564,94007.869314,0.000000,,,0,1,,,,,1.352425,DEFAULT
ga,hfvrp_n200_m40_s02,200,40,1.000000,1234,47234.352965,94422.996830,141657.349795,0.000000,,,0,1,,,,,0.185057,SMALL
ga,hfvrp_n200_m40_s04,200,40,1.000000,200,43236.512641,69274.061714,112510.574355,0.000000,,,0,1,,,,,1.352627,DEFAULT
ga,hfvrp_n200_m40_s04,200,40,1.000000,200,53996.452515,80803.900150,134800.352666,0.000000,,,0,1,,,,,0.225111,SMALL
ga,augerat_A_n80_k10,79,11,1.000000,1,18213.619082,3954.548202,22168.167283,0.000000,,,0,1,,,,,18.359234,BIG
ga,augerat_A_n80_k10,79,11,1.000000,10,19151.207160,4012.693933,23163.901093,0.000000,,,0,1,,,,,0.283226,DEFAULT
ga,augerat_A_n80_k10,79,11,1.000000,10,19218.253375,5399.874963,24618.128339,0.000000,,,0,1,,,,,0.036891,SMALL
ga,augerat_A_n80_k10,79,11,1.000000,10,18070.100141,3919.449005,21989.549146,0.000000,,,0,1,,,,,5.777205,MEDIUM
ga,hfvrp_n200_m40_s02,200,40,1.000000,1234,27680.271295,18740.035946,46420.307241,0.000000,,,0,1,,,,,26.962314,MEDIUM
ga,hfvrp_n200_m40_s04,200,40,1.000000,200,30498.310864,16375.501552,46873.812417,0.000000,,,0,1,,,,,26.873628,MEDIUM
ga,augerat_A_n80_k10,79,11,1.000000,10,18149.557499,3871.314155,22020.871654,0.000000,,,0,1,,,,,18.127317,BIG
ga,augerat_A_n80_k10,79,11,1.000000,50,18651.617846,4278.886474,22930.504320,0.000000,,,0,1,,,,,0.280203,DEFAULT
ga,augerat_A_n80_k10,79,11,1.000000,50,18977.743151,5087.360752,24065.103903,0.000000,,,0,1,,,,,0.034254,SMALL
ga,augerat_A_n80_k10,79,11,1.000000,50,18169.591812,3911.508119,22081.099931,0.000000,,,0,1,,,,,5.859174,MEDIUM
ga,hfvrp_n200_m40_s05,200,40,1.000000,100,29114.965776,16359.776375,45474.742151,0.000000,,,0,1,,,,,79.866106,BIG
ga,hfvrp_n200_m40_s03,200,40,1.000000,200,40758.595606,63077.842614,103836.438220,0.000000,,,0,1,,,,,1.402874,DEFAULT
ga,hfvrp_n200_m40_s03,200,40,1.000000,200,46413.490950,110000.897915,156414.388865,0.000000,,,0,1,,,,,0.176225,SMALL
ga,augerat_A_n80_k10,79,11,1.000000,50,18191.002226,4069.847468,22260.849694,0.000000,,,0,1,,,,,17.877297,BIG
ga,augerat_A_n80_k10,79,11,1.000000,75,18688.411163,4309.473841,22997.885004,0.000000,,,0,1,,,,,0.278569,DEFAULT
ga,augerat_A_n80_k10,79,11,1.000000,75,19047.727846,5430.150734,24477.878580,0.000000,,,0,1,,,,,0.042243,SMALL
ga,augerat_A_n80_k10,79,11,1.000000,75,18082.371011,4062.708730,22145.079741,0.000000,,,0,1,,,,,5.814754,MEDIUM
ga,hfvrp_n200_m40_s03,200,40,1.000000,200,27934.408269,25766.836506,53701.244775,0.000000,,,0,1,,,,,26.590748,MEDIUM
ga,hfvrp_n200_m40_s01,200,40,1.000000,1787996744137399193,27618.174499,17027.750776,44645.925275,0.000000,,,0,1,,,,,81.710058,BIG
ga,augerat_A_n80_k10,79,11,1.000000,75,18096.615714,3950.404206,22047.019920,0.000000,,,0,1,,,,,17.849004,BIG
ga,augerat_A_n80_k10,79,11,1.000000,100,18528.444016,4086.918331,22615.362347,0.000000,,,0,1,,,,,0.287935,DEFAULT
ga,augerat_A_n80_k10,79,11,1.000000,100,19143.080978,4919.794086,24062.875064,0.000000,,,0,1,,,,,0.042163,SMALL
ga,pyvrp_X101_FSMFD,100,26,1.000000,1796868522443543273,3976930.280465,36052.592114,4012982.872579,0.000000,,,0,1,,,,,0.395695,DEFAULT
ga,pyvrp_X101_FSMFD,100,26,1.000000,1796868518548872096,4864648.810966,53924.262318,4918573.073283,0.000000,,,0,1,,,,,0.055924,SMALL
ga,hfvrp_n200_m40_s05,200,40,1.000000,200,45961.827436,39785.096877,85746.924312,0.000000,,,0,1,,,,,1.395123,DEFAULT
ga,hfvrp_n200_m40_s05,200,40,1.000000,200,48225.837576,97513.252472,145739.090048,0.000000,,,0,1,,,,,0.197915,SMALL
ga,augerat_A_n80_k10,79,11,1.000000,100,18255.150399,3952.860318,22208.010717,0.000000,,,0,1,,,,,5.867246,MEDIUM
ga,pyvrp_X101_FSMFD,100,26,1.000000,1796868514314247876,3972047.342583,34051.358547,4006098.701130,0.000000,,,0,1,,,,,8.243185,MEDIUM
ga,augerat_A_n80_k10,79,11,1.000000,100,18181.058949,4011.588426,22192.647375,0.000000,,,0,1,,,,,17.513982,BIG
ga,hfvrp_n200_m40_s02,200,40,1.000000,1234,27873.987691,17608.732257,45482.719948,0.000000,,,0,1,,,,,78.921765,BIG
ga,augerat_A_n80_k10,79,11,1.000000,200,18691.252784,4268.601569,22959.854353,0.000000,,,0,1,,,,,0.289217,DEFAULT
ga,augerat_A_n80_k10,79,11,1.000000,200,18728.401674,4553.113412,23281.515085,0.000000,,,0,1,,,,,0.033396,SMALL
ga,hfvrp_n200_m40_s04,200,40,1.000000,200,26715.764541,15019.407162,41735.171702,0.000000,,,0,1,,,,,81.950435,BIG
ga,hfvrp_n200_m40_s05,200,40,1.000000,200,28208.126007,19376.161828,47584.287835,0.000000,,,0,1,,,,,27.626479,MEDIUM
ga,augerat_A_n80_k10,79,11,1.000000,200,18176.932446,4003.815251,22180.747697,0.000000,,,0,1,,,,,5.749298,MEDIUM
ga,pyvrp_X101_FSMFD,100,26,1.000000,1796868625641819252,3762860.538381,38361.312440,3801221.850822,0.000000,,,0,1,,,,,25.040185,BIG
ga,pyvrp_X101_FSMFD,100,26,1.000000,1,4286529.507263,39500.842039,4326030.349302,0.000000,,,0,1,,,,,0.407027,DEFAULT
ga,pyvrp_X101_FSMFD,100,26,1.000000,1,4580611.861415,40886.400044,4621498.261459,0.000000,,,0,1,,,,,0.060231,SMALL
ga,pyvrp_X101_FSMFD,100,26,1.000000,1,3882984.958860,33536.900045,3916521.858905,0.000000,,,0,1,,,,,8.156120,MEDIUM
ga,augerat_A_n80_k10,79,11,1.000000,200,18291.157853,3929.674180,22220.832033,0.000000,,,0,1,,,,,17.479453,BIG
ga,augerat_A_n80_k10,79,11,1.000000,999,18863.182700,4177.792118,23040.974818,0.000000,,,0,1,,,,,0.291260,DEFAULT
ga,augerat_A_n80_k10,79,11,1.000000,999,19654.536009,4413.560150,24068.096159,0.000000,,,0,1,,,,,0.039606,SMALL
ga,augerat_A_n80_k10,79,11,1.000000,999,18136.393882,3889.187802,22025.581684,0.000000,,,0,1,,,,,5.688883,MEDIUM
ga,hfvrp_n200_m40_s04,200,40,1.000000,999,45402.854998,41434.808458,86837.663456,0.000000,,,0,1,,,,,1.412977,DEFAULT
ga,hfvrp_n200_m40_s04,200,40,1.000000,999,51553.327455,76956.926682,128510.254137,0.000000,,,0,1,,,,,0.222707,SMALL
ga,hfvrp_n200_m40_s02,200,40,1.000000,9999,43830.727449,40822.424429,84653.151878,0.000000,,,0,1,,,,,1.363473,DEFAULT
ga,hfvrp_n200_m40_s02,200,40,1.000000,9999,47163.528277,113968.624114,161132.152391,0.000000,,,0,1,,,,,0.187797,SMALL
ga,hfvrp_n200_m40_s03,200,40,1.000000,200,26481.070651,23467.397932,49948.468583,0.000000,,,0,1,,,,,79.262259,BIG
ga,pyvrp_X101_FSMFD,100,26,1.000000,1,3969074.454689,33895.546612,4002970.001301,0.000000,,,0,1,,,,,24.967005,BIG
ga,augerat_A_n80_k10,79,11,1.000000,999,18169.586289,3892.917437,22062.503727,0.000000,,,0,1,,,,,17.851212,BIG
ga,augerat_A_n80_k10,79,11,1.000000,1234,19353.385813,3956.403569,23309.789383,0.000000,,,0,1,,,,,0.286685,DEFAULT
ga,augerat_A_n80_k10,79,11,1.000000,1234,18900.850993,5059.799013,23960.650006,0.000000,,,0,1,,,,,0.036458,SMALL
ga,pyvrp_X101_FSMFD,100,26,1.000000,10,4159536.468227,44452.458907,4203988.927134,0.000000,,,0,1,,,,,0.401710,DEFAULT
ga,pyvrp_X101_FSMFD,100,26,1.000000,10,4719517.376318,47953.258794,4767470.635112,0.000000,,,0,1,,,,,0.057705,SMALL
ga,augerat_A_n80_k10,79,11,1.000000,1234,18199.735675,3870.714853,22070.450528,0.000000,,,0,1,,,,,6.005693,MEDIUM
ga,hfvrp_n200_m40_s04,200,40,1.000000,999,27358.360360,14164.222396,41522.582757,0.000000,,,0,1,,,,,26.842759,MEDIUM
ga,pyvrp_X101_FSMFD,100,26,1.000000,10,3883932.332556,37914.833308,3921847.165864,0.000000,,,0,1,,,,,10.120360,MEDIUM
ga,hfvrp_n200_m40_s02,200,40,1.000000,9999,29415.099487,15752.377521,45167.477009,0.000000,,,0,1,,,,,26.591108,MEDIUM
ga,augerat_A_n80_k10,79,11,1.000000,1234,18252.133431,3855.974779,22108.108210,0.000000,,,0,1,,,,,17.926423,BIG
ga,augerat_A_n80_k10,79,11,1.000000,9999,19224.223878,4119.248688,23343.472566,0.000000,,,0,1,,,,,0.280281,DEFAULT
ga,augerat_A_n80_k10,79,11,1.000000,9999,18937.685206,5204.939673,24142.624878,0.000000,,,0,1,,,,,0.039412,SMALL
ga,augerat_A_n80_k10,79,11,1.000000,9999,18124.538081,3986.288582,22110.826663,0.000000,,,0,1,,,,,5.742955,MEDIUM
ga,pyvrp_X101_FSMFD,100,26,1.000000,10,3753436.619649,37612.130375,3791048.750023,0.000000,,,0,1,,,,,24.840724,BIG
ga,hfvrp_n200_m40_s05,200,40,1.000000,200,26761.649418,17783.411537,44545.060955,0.000000,,,0,1,,,,,82.431080,BIG
ga,pyvrp_X101_FSMFD,100,26,1.000000,50,4409284.880077,45566.549216,4454851.429293,0.000000,,,0,1,,,,,0.402513,DEFAULT
ga,pyvrp_X101_FSMFD,100,26,1.000000,50,4556510.280038,39743.066739,4596253.346776,0.000000,,,0,1,,,,,0.055255,SMALL
ga,augerat_A_n80_k10,79,11,1.000000,9999,18089.612597,3978.433844,22068.046441,0.000000,,,0,1,,,,,17.601343,BIG
ga,pyvrp_X101_FSMFD,100,26,1.000000,50,3820498.847956,35477.320703,3855976.168660,0.000000,,,0,1,,,,,8.610920,MEDIUM
ga,augerat_A_n80_k10,79,11,1.000000,19345,18611.888290,4021.683834,22633.572124,0.000000,,,0,1,,,,,0.288981,DEFAULT
ga,augerat_A_n80_k10,79,11,1.000000,19345,19857.311868,4750.731832,24608.043699,0.000000,,,0,1,,,,,0.040785,SMALL
ga,augerat_A_n80_k10,79,11,1.000000,19345,18164.516746,3960.438543,22124.955289,0.000000,,,0,1,,,,,5.679974,MEDIUM
ga,hfvrp_n200_m40_s03,200,40,1.000000,999,36354.910204,56838.859668,93193.769871,0.000000,,,0,1,,,,,1.344098,DEFAULT
ga,hfvrp_n200_m40_s03,200,40,1.000000,999,46743.401391,110612.966083,157356.367474,0.000000,,,0,1,,,,,0.178364,SMALL
ga,augerat_A_n80_k10,79,11,1.000000,19345,18273.505945,3851.148148,22124.654093,0.000000,,,0,1,,,,,17.634214,BIG
ga,pyvrp_X101_FSMFD,100,26,1.000000,50,3791691.884013,34978.099009,3826669.983022,0.000000,,,0,1,,,,,25.083646,BIG
ga,augerat_A_n80_k10,79,11,1.000000,1796869065556921761,18675.042294,4609.089473,23284.131767,0.000000,,,0,1,,,,,0.287082,DEFAULT
ga,augerat_A_n80_k10,79,11,1.000000,1796869087324319631,19144.608668,5422.825486,24567.434154,0.000000,,,0,1,,,,,0.037576,SMALL
ga,pyvrp_X101_FSMFD,100,26,1.000000,75,4302001.789726,44670.272003,4346672.061729,0.000000,,,0,1,,,,,0.392943,DEFAULT
ga,pyvrp_X101_FSMFD,100,26,1.000000,75,4574709.384070,59077.804791,4633787.188860,0.000000,,,0,1,,,,,0.055388,SMALL
ga,hfvrp_n200_m40_s05,200,40,1.000000,999,39627.895358,48314.293644,87942.189002,0.000000,,,0,1,,,,,1.409153,DEFAULT
ga,hfvrp_n200_m40_s05,200,40,1.000000,999,48349.630370,93115.190564,141464.820934,0.000000,,,0,1,,,,,0.192241,SMALL
ga,augerat_A_n80_k10,79,11,1.000000,1796869091662135344,18281.984862,3905.851035,22187.835896,0.000000,,,0,1,,,,,5.861933,MEDIUM
ga,hfvrp_n200_m40_s03,200,40,1.000000,999,30583.158795,23904.625475,54487.784270,0.000000,,,0,1,,,,,26.365721,MEDIUM
ga,pyvrp_X101_FSMFD,100,26,1.000000,75,3816554.302664,36640.642133,3853194.944797,0.000000,,,0,1,,,,,8.208434,MEDIUM
ga,hfvrp_n200_m40_s04,200,40,1.000000,999,24307.754921,16970.862918,41278.617839,0.000000,,,0,1,,,,,82.306635,BIG
ga,hfvrp_n200_m40_s02,200,40,1.000000,9999,26925.433236,16819.245489,43744.678726,0.000000,,,0,1,,,,,78.940852,BIG
ga,augerat_A_n80_k10,79,11,1.000000,1796868165520265120,18217.148575,3929.186490,22146.335065,0.000000,,,0,1,,,,,17.517887,BIG
ga,pyvrp_X106_FSMD,105,16,1.000000,1796868082551600389,4414663.282077,68182.358633,4482845.640710,0.000000,,,0,1,,,,,0.407511,DEFAULT
ga,pyvrp_X106_FSMD,105,16,1.000000,1796868087258520149,5003162.225932,82374.354318,5085536.580250,0.000000,,,0,1,,,,,0.056746,SMALL
ga,hfvrp_n200_m40_s05,200,40,1.000000,999,27849.482276,19877.979512,47727.461788,0.000000,,,0,1,,,,,27.185064,MEDIUM
ga,pyvrp_X106_FSMD,105,16,1.000000,1796868091614489965,3778385.309330,64649.779800,3843035.089131,0.000000,,,0,1,,,,,8.109069,MEDIUM
ga,pyvrp_X101_FSMFD,100,26,1.000000,75,3710340.005794,34819.909489,3745159.915283,0.000000,,,0,1,,,,,25.285727,BIG
ga,pyvrp_X101_FSMFD,100,26,1.000000,100,4178055.177342,40649.707072,4218704.884413,0.000000,,,0,1,,,,,0.414969,DEFAULT
ga,pyvrp_X101_FSMFD,100,26,1.000000,100,4590323.629791,48832.420852,4639156.050643,0.000000,,,0,1,,,,,0.055147,SMALL
ga,pyvrp_X101_FSMFD,100,26,1.000000,100,3910135.281102,38788.127231,3948923.408333,0.000000,,,0,1,,,,,8.303235,MEDIUM
ga,hfvrp_n200_m40_s04,200,40,1.000000,1234,38958.722383,40793.169867,79751.892250,0.000000,,,0,1,,,,,1.385265,DEFAULT
ga,hfvrp_n200_m40_s04,200,40,1.000000,1234,46209.376440,67902.274460,114111.650900,0.000000,,,0,1,,,,,0.222636,SMALL
ga,pyvrp_X106_FSMD,105,16,1.000000,1796868108318295497,3846615.133819,58410.134411,3905025.268229,0.000000,,,0,1,,,,,24.695286,BIG
ga,pyvrp_X106_FSMD,105,16,1.000000,1,4359111.278897,75359.386304,4434470.665201,0.000000,,,0,1,,,,,0.383392,DEFAULT
ga,pyvrp_X106_FSMD,105,16,1.000000,1,5215343.792865,103338.925271,5318682.718136,0.000000,,,0,1,,,,,0.051096,SMALL
ga,hfvrp_n200_m40_s02,200,40,1.000000,19345,41202.967303,51042.893554,92245.860857,0.000000,,,0,1,,,,,1.354535,DEFAULT
ga,hfvrp_n200_m40_s02,200,40,1.000000,19345,51228.047706,96559.048621,147787.096327,0.000000,,,0,1,,,,,0.186277,SMALL
ga,pyvrp_X106_FSMD,105,16,1.000000,1,3860220.450945,67251.054101,3927471.505046,0.000000,,,0,1,,,,,7.953846,MEDIUM
ga,pyvrp_X101_FSMFD,100,26,1.000000,100,3870960.310885,39997.991073,3910958.301957,0.000000,,,0,1,,,,,25.213934,BIG
ga,hfvrp_n200_m40_s04,200,40,1.000000,1234,26808.831182,16596.233198,43405.064380,0.000000,,,0,1,,,,,27.136564,MEDIUM
ga,pyvrp_X101_FSMFD,100,26,1.000000,200,4348398.331154,40008.839881,4388407.171036,0.000000,,,0,1,,,,,0.448596,DEFAULT
ga,pyvrp_X101_FSMFD,100,26,1.000000,200,4743370.241277,50949.108543,4794319.349821,0.000000,,,0,1,,,,,0.062547,SMALL
ga,pyvrp_X101_FSMFD,100,26,1.000000,200,3802624.245932,37040.626468,3839664.872401,0.000000,,,0,1,,,,,8.149826,MEDIUM
ga,hfvrp_n200_m40_s02,200,40,1.000000,19345,29949.989749,19024.266473,48974.256222,0.000000,,,0,1,,,,,25.741673,MEDIUM
ga,hfvrp_n200_m40_s03,200,40,1.000000,999,25830.954140,24293.439134,50124.393275,0.000000,,,0,1,,,,,80.520867,BIG
ga,pyvrp_X106_FSMD,105,16,1.000000,1,3805495.122400,61520.967881,3867016.090281,0.000000,,,0,1,,,,,24.187991,BIG
ga,pyvrp_X106_FSMD,105,16,1.000000,10,4450883.070557,73723.405375,4524606.475932,0.000000,,,0,1,,,,,0.405319,DEFAULT
ga,pyvrp_X106_FSMD,105,16,1.000000,10,4618753.024795,81983.154225,4700736.179019,0.000000,,,0,1,,,,,0.056076,SMALL
ga,pyvrp_X106_FSMD,105,16,1.000000,10,3703107.419384,64929.453595,3768036.872979,0.000000,,,0,1,,,,,7.947189,MEDIUM
ga,hfvrp_n200_m40_s05,200,40,1.000000,999,29178.690099,16292.734849,45471.424948,0.000000,,,0,1,,,,,78.190910,BIG
ga,pyvrp_X101_FSMFD,100,26,1.000000,200,3811981.166652,39273.377342,3851254.543994,0.000000,,,0,1,,,,,24.920434,BIG
ga,pyvrp_X101_FSMFD,100,26,1.000000,999,4254769.699052,42281.423764,4297051.122815,0.000000,,,0,1,,,,,0.393010,DEFAULT
ga,pyvrp_X101_FSMFD,100,26,1.000000,999,4658575.482550,43451.843838,4702027.326388,0.000000,,,0,1,,,,,0.058430,SMALL
ga,pyvrp_X101_FSMFD,100,26,1.000000,999,3902915.708490,39058.686854,3941974.395344,0.000000,,,0,1,,,,,8.163112,MEDIUM
ga,pyvrp_X106_FSMD,105,16,1.000000,10,3784927.709830,62720.172710,3847647.882540,0.000000,,,0,1,,,,,23.556202,BIG
ga,pyvrp_X106_FSMD,105,16,1.000000,50,4455242.469437,68993.288614,4524235.758051,0.000000,,,0,1,,,,,0.397605,DEFAULT
ga,pyvrp_X106_FSMD,105,16,1.000000,50,4619068.909231,82482.078991,4701550.988222,0.000000,,,0,1,,,,,0.052007,SMALL
ga,pyvrp_X106_FSMD,105,16,1.000000,50,3761923.065908,59033.351444,3820956.417352,0.000000,,,0,1,,,,,7.974922,MEDIUM
ga,pyvrp_X101_FSMFD,100,26,1.000000,999,3713969.712109,36966.779232,3750936.491341,0.000000,,,0,1,,,,,25.155474,BIG
ga,hfvrp_n200_m40_s05,200,40,1.000000,1234,42579.309314,42331.569177,84910.878491,0.000000,,,0,1,,,,,1.363919,DEFAULT
ga,hfvrp_n200_m40_s05,200,40,1.000000,1234,49394.175076,88262.420049,137656.595125,0.000000,,,0,1,,,,,0.196871,SMALL
ga,pyvrp_X101_FSMFD,100,26,1.000000,1234,4293683.834463,42106.280372,4335790.114835,0.000000,,,0,1,,,,,0.405312,DEFAULT
ga,pyvrp_X101_FSMFD,100,26,1.000000,1234,4706740.001714,41050.389272,4747790.390986,0.000000,,,0,1,,,,,0.062311,SMALL
ga,hfvrp_n200_m40_s03,200,40,1.000000,1234,39833.022664,73815.404613,113648.427277,0.000000,,,0,1,,,,,1.311514,DEFAULT
ga,hfvrp_n200_m40_s03,200,40,1.000000,1234,52571.395718,131097.891928,183669.287646,0.000000,,,0,1,,,,,0.175054,SMALL
ga,hfvrp_n200_m40_s04,200,40,1.000000,1234,26771.639984,14270.352879,41041.992862,0.000000,,,0,1,,,,,79.779755,BIG
ga,pyvrp_X101_FSMFD,100,26,1.000000,1234,3914576.931201,39166.168828,3953743.100028,0.000000,,,0,1,,,,,8.283564,MEDIUM
ga,pyvrp_X106_FSMD,105,16,1.000000,50,3681702.516720,62378.274364,3744080.791084,0.000000,,,0,1,,,,,24.460954,BIG
ga,pyvrp_X106_FSMD,105,16,1.000000,75,4587821.900364,70802.104757,4658624.005121,0.000000,,,0,1,,,,,0.382862,DEFAULT
ga,pyvrp_X106_FSMD,105,16,1.000000,75,5092000.487441,78909.867325,5170910.354766,0.000000,,,0,1,,,,,0.053048,SMALL
ga,hfvrp_n200_m40_s02,200,40,1.000000,19345,26348.685786,15787.127998,42135.813784,0.000000,,,0,1,,,,,79.090353,BIG
ga,pyvrp_X106_FSMD,105,16,1.000000,75,3822867.501369,63498.829039,3886366.330409,0.000000,,,0,1,,,,,7.851135,MEDIUM
ga,hfvrp_n200_m40_s05,200,40,1.000000,1234,29819.686359,20260.402776,50080.089135,0.000000,,,0,1,,,,,26.709268,MEDIUM
ga,hfvrp_n200_m40_s03,200,40,1.000000,1234,28399.325355,23458.020374,51857.345729,0.000000,,,0,1,,,,,26.087042,MEDIUM
ga,pyvrp_X101_FSMFD,100,26,1.000000,1234,3874902.431258,37073.157458,3911975.588715,0.000000,,,0,1,,,,,25.190538,BIG
ga,hfvrp_n200_m40_s04,200,40,1.000000,9999,41368.067165,48943.512731,90311.579896,0.000000,,,0,1,,,,,1.390079,DEFAULT
ga,hfvrp_n200_m40_s04,200,40,1.000000,9999,51324.889549,74134.222895,125459.112444,0.000000,,,0,1,,,,,0.226373,SMALL
ga,pyvrp_X101_FSMFD,100,26,1.000000,9999,4246761.301797,35079.642386,4281840.944183,0.000000,,,0,1,,,,,0.444001,DEFAULT
ga,pyvrp_X101_FSMFD,100,26,1.000000,9999,4750906.148567,49471.982399,4800378.130966,0.000000,,,0,1,,,,,0.059427,SMALL
ga,pyvrp_X101_FSMFD,100,26,1.000000,9999,3864421.385781,37316.455908,3901737.841689,0.000000,,,0,1,,,,,8.306088,MEDIUM
ga,pyvrp_X106_FSMD,105,16,1.000000,75,3895757.701290,60836.314508,3956594.015798,0.000000,,,0,1,,,,,24.502867,BIG
ga,pyvrp_X106_FSMD,105,16,1.000000,100,4110096.246588,68816.044597,4178912.291185,0.000000,,,0,1,,,,,0.382386,DEFAULT
ga,pyvrp_X106_FSMD,105,16,1.000000,100,4673113.826408,71661.962120,4744775.788528,0.000000,,,0,1,,,,,0.052070,SMALL
ga,hfvrp_n200_m40_s02,200,40,1.000000,1796870076547661531,43229.780285,48393.915852,91623.696136,0.000000,,,0,1,,,,,1.398856,DEFAULT
ga,hfvrp_n200_m40_s02,200,40,1.000000,1796870082246478879,45779.730646,78722.958059,124502.688704,0.000000,,,0,1,,,,,0.192081,SMALL
ga,pyvrp_X106_FSMD,105,16,1.000000,100,3819283.908871,65666.354541,3884950.263412,0.000000,,,0,1,,,,,8.028008,MEDIUM
ga,hfvrp_n200_m40_s04,200,40,1.000000,9999,27500.860245,15509.014700,43009.874945,0.000000,,,0,1,,,,,27.479261,MEDIUM
ga,pyvrp_X101_FSMFD,100,26,1.000000,9999,3782596.029425,36869.518392,3819465.547817,0.000000,,,0,1,,,,,25.346828,BIG
ga,pyvrp_X101_FSMFD,100,26,1.000000,19345,4445725.787868,46642.175624,4492367.963492,0.000000,,,0,1,,,,,0.449289,DEFAULT
ga,pyvrp_X101_FSMFD,100,26,1.000000,19345,4857325.267948,44856.366775,4902181.634723,0.000000,,,0,1,,,,,0.050582,SMALL
ga,hfvrp_n200_m40_s02,200,40,1.000000,1796870103918372446,32418.992216,18704.236500,51123.228716,0.000000,,,0,1,,,,,25.867074,MEDIUM
ga,pyvrp_X106_FSMD,105,16,1.000000,100,3692268.587618,60860.002846,3753128.590464,0.000000,,,0,1,,,,,24.181967,BIG
ga,pyvrp_X101_FSMFD,100,26,1.000000,19345,3894567.090734,35565.876774,3930132.967509,0.000000,,,0,1,,,,,8.235775,MEDIUM
ga,pyvrp_X106_FSMD,105,16,1.000000,200,4503766.373928,74850.470399,4578616.844327,0.000000,,,0,1,,,,,0.403164,DEFAULT
ga,pyvrp_X106_FSMD,105,16,1.000000,200,4638243.130659,70202.796199,4708445.926858,0.000000,,,0,1,,,,,0.050893,SMALL
ga,pyvrp_X106_FSMD,105,16,1.000000,200,3831910.933659,64794.632329,3896705.565987,0.000000,,,0,1,,,,,7.801361,MEDIUM
ga,hfvrp_n200_m40_s05,200,40,1.000000,1234,25437.367588,17440.467274,42877.834862,0.000000,,,0,1,,,,,78.757914,BIG
ga,pyvrp_X101_FSMFD,100,26,1.000000,19345,3943826.013702,35469.739152,3979295.752853,0.000000,,,0,1,,,,,25.301362,BIG
ga,hfvrp_n200_m40_s03,200,40,1.000000,1234,30127.550549,25644.685334,55772.235882,0.000000,,,0,1,,,,,81.164223,BIG
ga,pyvrp_X101_FSMFD,100,26,1.000000,1796870258683708901,4494831.089126,46105.242447,4540936.331573,0.000000,,,0,1,,,,,0.388535,DEFAULT
ga,pyvrp_X101_FSMFD,100,26,1.000000,1796870254786453321,4804770.915635,46788.890664,4851559.806299,0.000000,,,0,1,,,,,0.055826,SMALL
ga,pyvrp_X106_FSMD,105,16,1.000000,200,3875553.390888,61640.023089,3937193.413977,0.000000,,,0,1,,,,,23.617044,BIG
ga,pyvrp_X106_FSMD,105,16,1.000000,999,4375207.841861,82018.540179,4457226.382040,0.000000,,,0,1,,,,,0.382331,DEFAULT
ga,pyvrp_X106_FSMD,105,16,1.000000,999,4983406.775165,91473.871556,5074880.646721,0.000000,,,0,1,,,,,0.055385,SMALL
ga,pyvrp_X101_FSMFD,100,26,1.000000,1796870250553438029,3914406.645513,36452.540804,3950859.186317,0.000000,,,0,1,,,,,8.303777,MEDIUM
ga,pyvrp_X106_FSMD,105,16,1.000000,999,3800552.336249,64303.002355,3864855.338605,0.000000,,,0,1,,,,,7.935828,MEDIUM
ga,hfvrp_n200_m40_s04,200,40,1.000000,9999,24594.644087,15769.265555,40363.909642,0.000000,,,0,1,,,,,79.594664,BIG
ga,hfvrp_n200_m40_s05,200,40,1.000000,9999,40008.952702,43460.965452,83469.918154,0.000000,,,0,1,,,,,1.375250,DEFAULT
ga,hfvrp_n200_m40_s05,200,40,1.000000,9999,47746.507060,89948.037168,137694.544229,0.000000,,,0,1,,,,,0.192681,SMALL
ga,pyvrp_X101_FSMFD,100,26,1.000000,1796870207321866921,3897571.172378,38979.988393,3936551.160771,0.000000,,,0,1,,,,,25.429596,BIG
ga,pyvrp_X110_HD,109,13,1.000000,1796869789556187000,2729646.423078,65874.199906,2795520.622984,0.000000,,,0,1,,,,,0.416719,DEFAULT
ga,pyvrp_X110_HD,109,13,1.000000,1796869794272024125,3103803.177807,63600.363449,3167403.541256,0.000000,,,0,1,,,,,0.053868,SMALL
ga,pyvrp_X106_FSMD,105,16,1.000000,999,3813801.948946,63116.606511,3876918.555457,0.000000,,,0,1,,,,,23.908682,BIG
ga,pyvrp_X106_FSMD,105,16,1.000000,1234,4343347.452221,71710.920926,4415058.373147,0.000000,,,0,1,,,,,0.400482,DEFAULT
ga,pyvrp_X106_FSMD,105,16,1.000000,1234,4737332.365128,73326.866868,4810659.231996,0.000000,,,0,1,,,,,0.056547,SMALL
ga,pyvrp_X110_HD,109,13,1.000000,1796869798630502642,2001291.953221,36543.405353,2037835.358573,0.000000,,,0,1,,,,,8.376254,MEDIUM
ga,hfvrp_n200_m40_s02,200,40,1.000000,1796870104026750228,25876.539008,14776.601562,40653.140570,0.000000,,,0,1,,,,,79.584235,BIG
ga,pyvrp_X106_FSMD,105,16,1.000000,1234,3815371.000455,66390.591841,3881761.592295,0.000000,,,0,1,,,,,7.747659,MEDIUM
ga,pyvrp_X115_HVRP,114,18,1.000000,1796869928457995753,2527963.939121,52008.979842,2579972.918963,0.000000,,,0,0,,,,,0.430620,DEFAULT
ga,pyvrp_X115_HVRP,114,18,1.000000,1796869933187915411,2831040.727532,78853.021182,2909893.748714,0.000000,,,0,0,,,,,0.062157,SMALL
ga,hfvrp_n200_m40_s05,200,40,1.000000,9999,27946.883484,16768.412241,44715.295726,0.000000,,,0,1,,,,,26.331074,MEDIUM
ga,hfvrp_n200_m40_s04,200,40,1.000000,19345,47440.137264,43820.524285,91260.661549,0.000000,,,0,1,,,,,1.373367,DEFAULT
ga,hfvrp_n200_m40_s04,200,40,1.000000,19345,48263.082013,113239.025149,161502.107162,0.000000,,,0,1,,,,,0.222215,SMALL
ga,hfvrp_n200_m40_s03,200,40,1.000000,9999,42217.301264,78856.480106,121073.781371,0.000000,,,0,1,,,,,1.329255,DEFAULT
ga,hfvrp_n200_m40_s03,200,40,1.000000,9999,50211.428906,108929.394458,159140.823365,0.000000,,,0,1,,,,,0.175760,SMALL
ga,pyvrp_X115_HVRP,114,18,1.000000,1796869903189496864,2081582.842451,43419.382466,2125002.224918,0.000000,,,0,0,,,,,9.244446,MEDIUM
ga,pyvrp_X110_HD,109,13,1.000000,1796869974515234221,2019628.101180,35818.911392,2055447.012572,0.000000,,,0,1,,,,,25.328343,BIG
ga,pyvrp_X106_FSMD,105,16,1.000000,1234,3864182.860132,64683.120905,3928865.981037,0.000000,,,0,1,,,,,24.193300,BIG
ga,pyvrp_X110_HD,109,13,1.000000,1,2672044.882310,54485.769334,2726530.651645,0.000000,,,0,1,,,,,0.415927,DEFAULT
ga,pyvrp_X110_HD,109,13,1.000000,1,3250048.238233,72974.006999,3323022.245232,0.000000,,,0,1,,,,,0.055307,SMALL
ga,pyvrp_X106_FSMD,105,16,1.000000,9999,4495895.921775,72303.752547,4568199.674322,0.000000,,,0,1,,,,,0.387947,DEFAULT
ga,pyvrp_X106_FSMD,105,16,1.000000,9999,4728662.190198,77970.828296,4806633.018494,0.000000,,,0,1,,,,,0.051878,SMALL
ga,pyvrp_X110_HD,109,13,1.000000,1,2012572.446868,45670.568939,2058243.015807,0.000000,,,0,1,,,,,8.600242,MEDIUM
ga,pyvrp_X106_FSMD,105,16,1.000000,9999,3790382.215157,61506.473191,3851888.688348,0.000000,,,0,1,,,,,8.280220,MEDIUM
ga,hfvrp_n200_m40_s04,200,40,1.000000,19345,27386.746925,17283.554741,44670.301666,0.000000,,,0,1,,,,,26.371624,MEDIUM
ga,hfvrp_n200_m40_s03,200,40,1.000000,9999,28438.800140,27431.545294,55870.345434,0.000000,,,0,1,,,,,26.066169,MEDIUM
ga,pyvrp_X115_HVRP,114,18,1.000000,1796869878084494772,1987253.927553,48353.420435,2035607.347988,0.000000,,,0,0,,,,,27.314724,BIG
ga,pyvrp_X115_HVRP,114,18,1.000000,1,2213155.243407,60614.392683,2273769.636090,0.000000,,,0,0,,,,,0.428606,DEFAULT
ga,pyvrp_X115_HVRP,114,18,1.000000,1,2802295.057254,76258.405601,2878553.462855,0.000000,,,0,0,,,,,0.063045,SMALL
ga,pyvrp_X115_HVRP,114,18,1.000000,1,2034356.928568,51274.098548,2085631.027116,0.000000,,,0,0,,,,,8.814706,MEDIUM
ga,pyvrp_X110_HD,109,13,1.000000,1,2008245.596666,35475.465985,2043721.062651,0.000000,,,0,1,,,,,25.380652,BIG
ga,pyvrp_X106_FSMD,105,16,1.000000,9999,3804854.840606,63527.652052,3868382.492659,0.000000,,,0,1,,,,,24.133841,BIG
ga,pyvrp_X106_FSMD,105,16,1.000000,19345,4392320.045617,82908.570967,4475228.616584,0.000000,,,0,1,,,,,0.385040,DEFAULT
ga,pyvrp_X106_FSMD,105,16,1.000000,19345,4824722.925138,74088.088104,4898811.013241,0.000000,,,0,1,,,,,0.050948,SMALL
ga,pyvrp_X110_HD,109,13,1.000000,10,2770125.454450,64367.486998,2834492.941447,0.000000,,,0,1,,,,,0.421018,DEFAULT
ga,pyvrp_X110_HD,109,13,1.000000,10,2813602.627263,58807.611683,2872410.238946,0.000000,,,0,1,,,,,0.056807,SMALL
ga,pyvrp_X106_FSMD,105,16,1.000000,19345,3728729.611440,64838.086454,3793567.697894,0.000000,,,0,1,,,,,7.901797,MEDIUM
ga,pyvrp_X110_HD,109,13,1.000000,10,2122864.712518,42244.418489,2165109.131007,0.000000,,,0,1,,,,,8.296202,MEDIUM
ga,pyvrp_X115_HVRP,114,18,1.000000,1,2026001.497640,39566.394464,2065567.892103,0.000000,,,0,0,,,,,27.915578,BIG
ga,pyvrp_X115_HVRP,114,18,1.000000,10,2466360.473544,66747.379037,2533107.852581,0.000000,,,0,0,,,,,0.437855,DEFAULT
ga,pyvrp_X115_HVRP,114,18,1.000000,10,2810101.217650,74920.001820,2885021.219470,0.000000,,,0,0,,,,,0.058753,SMALL
ga,hfvrp_n200_m40_s05,200,40,1.000000,9999,25933.116088,15052.197316,40985.313404,0.000000,,,0,1,,,,,80.483062,BIG
ga,pyvrp_X115_HVRP,114,18,1.000000,10,2052142.756299,39795.597867,2091938.354167,0.000000,,,0,0,,,,,9.155210,MEDIUM
ga,pyvrp_X106_FSMD,105,16,1.000000,19345,3693588.155583,61072.384457,3754660.540040,0.000000,,,0,1,,,,,24.454516,BIG
ga,pyvrp_X110_HD,109,13,1.000000,10,2148982.728101,48081.987533,2197064.715634,0.000000,,,0,1,,,,,24.858599,BIG
ga,pyvrp_X106_FSMD,105,16,1.000000,1796869496169200581,4444325.280443,65503.185204,4509828.465647,0.000000,,,0,1,,,,,0.391240,DEFAULT
ga,pyvrp_X106_FSMD,105,16,1.000000,1796869518039016440,5068644.960989,102425.471118,5171070.432107,0.000000,,,0,1,,,,,0.046366,SMALL
ga,pyvrp_X110_HD,109,13,1.000000,50,2597461.020496,58985.467184,2656446.487680,0.000000,,,0,1,,,,,0.419268,DEFAULT
ga,pyvrp_X110_HD,109,13,1.000000,50,3104127.778438,74334.083478,3178461.861916,0.000000,,,0,1,,,,,0.059384,SMALL
ga,pyvrp_X106_FSMD,105,16,1.000000,1796869522383895928,3828541.304458,58797.089806,3887338.394264,0.000000,,,0,1,,,,,8.035360,MEDIUM
ga,pyvrp_X110_HD,109,13,1.000000,50,2179454.746071,52863.636358,2232318.382430,0.000000,,,0,1,,,,,8.506750,MEDIUM
ga,hfvrp_n200_m40_s03,200,40,1.000000,9999,25922.636283,22379.458998,48302.095281,0.000000,,,0,1,,,,,80.846311,BIG
ga,pyvrp_X115_HVRP,114,18,1.000000,10,2015725.495119,46771.750209,2062497.245328,0.000000,,,0,0,,,,,27.357292,BIG
ga,hfvrp_n200_m40_s04,200,40,1.000000,19345,26624.539337,13503.353234,40127.892571,0.000000,,,0,1,,,,,82.759001,BIG
ga,pyvrp_X115_HVRP,114,18,1.000000,50,2500785.836015,62472.620301,2563258.456316,0.000000,,,0,0,,,,,0.448620,DEFAULT
ga,pyvrp_X115_HVRP,114,18,1.000000,50,2920109.129369,58955.717123,2979064.846492,0.000000,,,0,0,,,,,0.069003,SMALL
ga,hfvrp_n200_m40_s05,200,40,1.000000,19345,38128.414096,45324.453131,83452.867227,0.000000,,,0,1,,,,,1.350152,DEFAULT
ga,hfvrp_n200_m40_s05,200,40,1.000000,19345,47205.295421,80700.558628,127905.854049,0.000000,,,0,1,,,,,0.191313,SMALL
ga,pyvrp_X106_FSMD,105,16,1.000000,1796869410164459334,3806451.355478,62420.416495,3868871.771973,0.000000,,,0,1,,,,,23.472430,BIG
ga,pyvrp_X115_HVRP,114,18,1.000000,50,2027968.914693,40406.991387,2068375.906080,0.000000,,,0,0,,,,,9.374791,MEDIUM
ga,pyvrp_X120_FSMF,119,12,1.000000,1796869289472302787,3420759.611551,151496.174259,3572255.785809,0.000000,,,0,1,,,,,0.443653,DEFAULT
ga,pyvrp_X120_FSMF,119,12,1.000000,1796869311399071357,3758007.922647,144691.731285,3902699.653932,0.000000,,,0,1,,,,,0.059936,SMALL
ga,pyvrp_X110_HD,109,13,1.000000,50,1952883.121678,41406.503424,1994289.625103,0.000000,,,0,1,,,,,25.113230,BIG
ga,pyvrp_X110_HD,109,13,1.000000,75,2771554.026844,64392.376733,2835946.403577,0.000000,,,0,1,,,,,0.404103,DEFAULT
ga,pyvrp_X110_HD,109,13,1.000000,75,3347977.569183,82839.557709,3430817.126892,0.000000,,,0,1,,,,,0.059241,SMALL
ga,pyvrp_X120_FSMF,119,12,1.000000,1796869315758624511,3206800.047845,91136.846272,3297936.894117,0.000000,,,0,1,,,,,8.505639,MEDIUM
ga,pyvrp_X110_HD,109,13,1.000000,75,2099570.203518,43399.965255,2142970.168773,0.000000,,,0,1,,,,,8.509844,MEDIUM
ga,hfvrp_n200_m40_s04,200,40,1.000000,1796869254404521838,42310.008163,37692.916123,80002.924286,0.000000,,,0,1,,,,,1.397840,DEFAULT
ga,hfvrp_n200_m40_s04,200,40,1.000000,1796869242927103429,49476.258025,82999.682038,132475.940063,0.000000,,,0,1,,,,,0.226163,SMALL
ga,hfvrp_n200_m40_s05,200,40,1.000000,19345,26038.093100,22382.160491,48420.253591,0.000000,,,0,1,,,,,26.222753,MEDIUM
ga,pyvrp_X115_HVRP,114,18,1.000000,50,1985498.898173,39713.220104,2025212.118277,0.000000,,,0,0,,,,,27.940960,BIG
ga,pyvrp_X115_HVRP,114,18,1.000000,75,2655002.777540,67086.737844,2722089.515384,0.000000,,,0,0,,,,,0.452722,DEFAULT
ga,pyvrp_X115_HVRP,114,18,1.000000,75,2963491.444589,96710.405866,3060201.850455,0.000000,,,0,0,,,,,0.066847,SMALL
ga,pyvrp_X120_FSMF,119,12,1.000000,1796869255554686160,3140584.135057,73747.193840,3214331.328897,0.000000,,,0,1,,,,,26.310424,BIG
ga,pyvrp_X120_FSMF,119,12,1.000000,1,3639461.410145,143356.059748,3782817.469893,0.000000,,,0,1,,,,,0.431587,DEFAULT
ga,pyvrp_X120_FSMF,119,12,1.000000,1,3873095.995893,158971.927486,4032067.923379,0.000000,,,0,1,,,,,0.062946,SMALL
ga,pyvrp_X115_HVRP,114,18,1.000000,75,2104954.172758,38861.189545,2143815.362304,0.000000,,,0,0,,,,,8.991299,MEDIUM
ga,pyvrp_X110_HD,109,13,1.000000,75,2002209.838898,38782.055063,2040991.893962,0.000000,,,0,1,,,,,24.806694,BIG
ga,pyvrp_X110_HD,109,13,1.000000,100,2811803.427274,54489.305533,2866292.732807,0.000000,,,0,1,,,,,0.417354,DEFAULT
ga,pyvrp_X110_HD,109,13,1.000000,100,3127032.522076,76779.169126,3203811.691202,0.000000,,,0,1,,,,,0.053797,SMALL
ga,hfvrp_n200_m40_s04,200,40,1.000000,1796869247458782236,26831.809284,16949.446317,43781.255600,0.000000,,,0,1,,,,,27.305772,MEDIUM
ga,pyvrp_X120_FSMF,119,12,1.000000,1,3169477.993834,102341.645650,3271819.639484,0.000000,,,0,1,,,,,8.756289,MEDIUM
ga,hfvrp_n200_m40_s03,200,40,1.000000,19345,44333.914565,64138.234830,108472.149394,0.000000,,,0,1,,,,,1.331061,DEFAULT
ga,hfvrp_n200_m40_s03,200,40,1.000000,19345,48249.799740,130347.538962,178597.338703,0.000000,,,0,1,,,,,0.180068,SMALL
ga,pyvrp_X110_HD,109,13,1.000000,100,2051486.415126,39033.271657,2090519.686783,0.000000,,,0,1,,,,,8.430945,MEDIUM
ga,pyvrp_X115_HVRP,114,18,1.000000,75,1944026.947373,49515.517147,1993542.464520,0.000000,,,0,0,,,,,27.088662,BIG
ga,pyvrp_X115_HVRP,114,18,1.000000,100,2538831.035807,74760.891545,2613591.927352,0.000000,,,0,0,,,,,0.461558,DEFAULT
ga,pyvrp_X115_HVRP,114,18,1.000000,100,2989565.030364,66573.916035,3056138.946399,0.000000,,,0,0,,,,,0.061168,SMALL
ga,pyvrp_X120_FSMF,119,12,1.000000,1,3199965.295740,84623.212955,3284588.508695,0.000000,,,0,1,,,,,25.543672,BIG
ga,pyvrp_X120_FSMF,119,12,1.000000,10,3526592.662629,162411.074798,3689003.737427,0.000000,,,0,1,,,,,0.437174,DEFAULT
ga,pyvrp_X120_FSMF,119,12,1.000000,10,3971226.374191,187510.447194,4158736.821385,0.000000,,,0,1,,,,,0.056959,SMALL
ga,hfvrp_n200_m40_s03,200,40,1.000000,19345,30262.033347,29547.935995,59809.969342,0.000000,,,0,1,,,,,26.380546,MEDIUM
ga,pyvrp_X110_HD,109,13,1.000000,100,2023030.544738,41687.800630,2064718.345368,0.000000,,,0,1,,,,,25.067869,BIG
ga,pyvrp_X115_HVRP,114,18,1.000000,100,2074894.581344,56194.849983,2131089.431327,0.000000,,,0,0,,,,,9.259505,MEDIUM
ga,pyvrp_X110_HD,109,13,1.000000,200,2617152.547807,55853.928231,2673006.476038,0.000000,,,0,1,,,,,0.406372,DEFAULT
ga,pyvrp_X110_HD,109,13,1.000000,200,3218048.602591,62392.559636,3280441.162227,0.000000,,,0,1,,,,,0.055148,SMALL
ga,pyvrp_X120_FSMF,119,12,1.000000,10,3107475.393240,107952.408960,3215427.802200,0.000000,,,0,1,,,,,8.436811,MEDIUM
ga,pyvrp_X110_HD,109,13,1.000000,200,2193123.260344,52326.070499,2245449.330842,0.000000,,,0,1,,,,,8.184658,MEDIUM
ga,hfvrp_n200_m40_s05,200,40,1.000000,19345,25051.572001,16269.875953,41321.447954,0.000000,,,0,1,,,,,79.350558,BIG
ga,pyvrp_X120_FSMF,119,12,1.000000,10,3251731.672470,88500.472923,3340232.145393,0.000000,,,0,1,,,,,25.621639,BIG
ga,pyvrp_X115_HVRP,114,18,1.000000,100,2323904.135688,33585.434339,2357489.570027,0.000000,,,0,1,,,,,30.082133,BIG
ga,pyvrp_X120_FSMF,119,12,1.000000,50,3606073.945111,125533.519626,3731607.464738,0.000000,,,0,1,,,,,0.412308,DEFAULT
ga,pyvrp_X120_FSMF,119,12,1.000000,50,3700871.457395,149230.245357,3850101.702752,0.000000,,,0,1,,,,,0.061349,SMALL
ga,pyvrp_X115_HVRP,114,18,1.000000,200,2791229.700404,68064.122533,2859293.822937,0.000000,,,0,1,,,,,0.476067,DEFAULT
ga,pyvrp_X115_HVRP,114,18,1.000000,200,2715698.663569,71538.726594,2787237.390163,0.000000,,,0,0,,,,,0.064447,SMALL
ga,pyvrp_X110_HD,109,13,1.000000,200,1953799.510959,39564.321212,1993363.832171,0.000000,,,0,1,,,,,25.469365,BIG
ga,pyvrp_X110_HD,109,13,1.000000,999,2490678.473873,59212.913074,2549891.386947,0.000000,,,0,1,,,,,0.421031,DEFAULT
ga,pyvrp_X110_HD,109,13,1.000000,999,3406594.087908,71795.491690,3478389.579598,0.000000,,,0,1,,,,,0.050429,SMALL
ga,pyvrp_X120_FSMF,119,12,1.000000,50,3203338.302780,93036.406496,3296374.709276,0.000000,,,0,1,,,,,8.554371,MEDIUM
ga,pyvrp_X115_HVRP,114,18,1.000000,200,2141402.528334,49918.343520,2191320.871854,0.000000,,,0,0,,,,,9.265853,MEDIUM
ga,hfvrp_n200_m40_s04,200,40,1.000000,1796867041386068769,24222.477797,16134.881928,40357.359725,0.000000,,,0,1,,,,,79.959979,BIG
ga,pyvrp_X110_HD,109,13,1.000000,999,2091917.798007,44604.661986,2136522.459992,0.000000,,,0,1,,,,,8.252599,MEDIUM
ga,hfvrp_n200_m40_s05,200,40,1.000000,1796867392010376595,42163.126471,46821.254087,88984.380558,0.000000,,,0,1,,,,,1.392938,DEFAULT
ga,hfvrp_n200_m40_s05,200,40,1.000000,1796867389113229183,49777.520167,100870.113153,150647.633320,0.000000,,,0,1,,,,,0.185470,SMALL
ga,pyvrp_X120_FSMF,119,12,1.000000,50,3142808.740103,91225.010472,3234033.750575,0.000000,,,0,1,,,,,26.104019,BIG
ga,pyvrp_X120_FSMF,119,12,1.000000,75,3579970.839026,121340.987459,3701311.826485,0.000000,,,0,1,,,,,0.435642,DEFAULT
ga,pyvrp_X120_FSMF,119,12,1.000000,75,3986077.962864,167572.020806,4153649.983670,0.000000,,,0,1,,,,,0.056835,SMALL
ga,pyvrp_X115_HVRP,114,18,1.000000,200,2022726.198461,35893.316827,2058619.515288,0.000000,,,0,0,,,,,27.196772,BIG
ga,pyvrp_X115_HVRP,114,18,1.000000,999,2437787.055363,60375.738044,2498162.793407,0.000000,,,0,0,,,,,0.460223,DEFAULT
ga,pyvrp_X115_HVRP,114,18,1.000000,999,2940670.061034,97351.275420,3038021.336454,0.000000,,,0,0,,,,,0.062194,SMALL
ga,pyvrp_X110_HD,109,13,1.000000,999,2069780.579173,59346.296808,2129126.875982,0.000000,,,0,1,,,,,25.228788,BIG
ga,pyvrp_X110_HD,109,13,1.000000,1234,2786722.241486,46785.674877,2833507.916363,0.000000,,,0,1,,,,,0.413954,DEFAULT
ga,pyvrp_X110_HD,109,13,1.000000,1234,2971929.590527,71758.895957,3043688.486485,0.000000,,,0,1,,,,,0.053293,SMALL
ga,pyvrp_X120_FSMF,119,12,1.000000,75,3077780.173036,98478.795554,3176258.968589,0.000000,,,0,1,,,,,8.659862,MEDIUM
ga,hfvrp_n200_m40_s03,200,40,1.000000,19345,28722.885603,23729.130180,52452.015783,0.000000,,,0,1,,,,,82.364350,BIG
ga,pyvrp_X115_HVRP,114,18,1.000000,999,2369715.076013,50128.404073,2419843.480086,0.000000,,,0,1,,,,,9.465298,MEDIUM
ga,pyvrp_X110_HD,109,13,1.000000,1234,2050438.061401,43855.498382,2094293.559783,0.000000,,,0,1,,,,,8.310957,MEDIUM
ga,hfvrp_n200_m40_s05,200,40,1.000000,1796867385014483748,27715.952974,19568.340198,47284.293172,0.000000,,,0,1,,,,,26.774670,MEDIUM
ga,pyvrp_X120_FSMF,119,12,1.000000,75,3196258.652068,84015.229275,3280273.881343,0.000000,,,0,1,,,,,25.689542,BIG
ga,pyvrp_X120_FSMF,119,12,1.000000,100,3558031.846010,159908.078175,3717939.924185,0.000000,,,0,1,,,,,0.432453,DEFAULT
ga,pyvrp_X120_FSMF,119,12,1.000000,100,3758567.648408,134696.951564,3893264.599972,0.000000,,,0,1,,,,,0.061868,SMALL
ga,pyvrp_X115_HVRP,114,18,1.000000,999,1969946.416278,36431.637786,2006378.054063,0.000000,,,0,0,,,,,27.924885,BIG
ga,pyvrp_X110_HD,109,13,1.000000,1234,1949589.352652,52941.355666,2002530.708318,0.000000,,,0,1,,,,,25.570399,BIG
ga,pyvrp_X115_HVRP,114,18,1.000000,1234,2342558.383902,50026.959507,2392585.343409,0.000000,,,0,0,,,,,0.447189,DEFAULT
ga,pyvrp_X115_HVRP,114,18,1.000000,1234,2803917.697532,57290.531740,2861208.229273,0.000000,,,0,0,,,,,0.070151,SMALL
ga,pyvrp_X120_FSMF,119,12,1.000000,100,3171275.584033,90024.602870,3261300.186903,0.000000,,,0,1,,,,,8.622299,MEDIUM
ga,pyvrp_X110_HD,109,13,1.000000,9999,2550744.602050,57764.225536,2608508.827586,0.000000,,,0,1,,,,,0.417173,DEFAULT
ga,pyvrp_X110_HD,109,13,1.000000,9999,2919881.212849,61502.829409,2981384.042258,0.000000,,,0,1,,,,,0.058732,SMALL
ga,pyvrp_X115_HVRP,114,18,1.000000,1234,2078291.176001,38334.404597,2116625.580598,0.000000,,,0,0,,,,,9.373864,MEDIUM
ga,pyvrp_X110_HD,109,13,1.000000,9999,1991353.667195,39310.613661,2030664.280856,0.000000,,,0,1,,,,,8.377784,MEDIUM
ga,pyvrp_X120_FSMF,119,12,1.000000,100,3141717.409479,118736.108651,3260453.518130,0.000000,,,0,1,,,,,25.111279,BIG
ga,pyvrp_X120_FSMF,119,12,1.000000,200,3499309.060061,139148.149712,3638457.209773,0.000000,,,0,1,,,,,0.441759,DEFAULT
ga,pyvrp_X120_FSMF,119,12,1.000000,200,3816341.401408,174675.692799,3991017.094208,0.000000,,,0,1,,,,,0.055086,SMALL
ga,hfvrp_n200_m40_s03,200,40,1.000000,1796867710683791837,46639.007136,62504.302447,109143.309583,0.000000,,,0,1,,,,,1.322540,DEFAULT
ga,hfvrp_n200_m40_s03,200,40,1.000000,1796867707722094611,49218.709659,112686.757307,161905.466966,0.000000,,,0,1,,,,,0.171277,SMALL
ga,pyvrp_X115_HVRP,114,18,1.000000,1234,2095741.612255,39355.911008,2135097.523263,0.000000,,,0,0,,,,,26.889606,BIG
ga,pyvrp_X120_FSMF,119,12,1.000000,200,3149580.912630,120022.463597,3269603.376227,0.000000,,,0,1,,,,,8.527704,MEDIUM
ga,pyvrp_X110_HD,109,13,1.000000,9999,1976314.430996,37187.988951,2013502.419947,0.000000,,,0,1,,,,,27.128415,BIG
ga,pyvrp_X115_HVRP,114,18,1.000000,9999,2549379.427919,54230.858836,2603610.286754,0.000000,,,0,0,,,,,0.457777,DEFAULT
ga,pyvrp_X115_HVRP,114,18,1.000000,9999,2936343.943284,60683.724946,2997027.668229,0.000000,,,0,0,,,,,0.059288,SMALL
ga,pyvrp_X110_HD,109,13,1.000000,19345,2620279.730982,48500.052943,2668779.783925,0.000000,,,0,1,,,,,0.410884,DEFAULT
ga,pyvrp_X110_HD,109,13,1.000000,19345,2998587.322756,74959.222530,3073546.545286,0.000000,,,0,1,,,,,0.055089,SMALL
ga,pyvrp_X115_HVRP,114,18,1.000000,9999,2027763.324493,41233.718575,2068997.043069,0.000000,,,0,0,,,,,9.035104,MEDIUM
ga,pyvrp_X110_HD,109,13,1.000000,19345,2157726.285071,45941.838414,2203668.123486,0.000000,,,0,1,,,,,8.540634,MEDIUM
ga,hfvrp_n200_m40_s03,200,40,1.000000,1796867720786367836,28317.865305,27727.409951,56045.275256,0.000000,,,0,1,,,,,25.951196,MEDIUM
ga,hfvrp_n200_m40_s05,200,40,1.000000,1796867282951049026,26532.398992,16331.870323,42864.269315,0.000000,,,0,1,,,,,78.383093,BIG
ga,pyvrp_X120_FSMF,119,12,1.000000,200,3190218.737362,81916.355744,3272135.093106,0.000000,,,0,1,,,,,25.385495,BIG
ga,pyvrp_X120_FSMF,119,12,1.000000,999,3499817.182397,138120.702458,3637937.884855,0.000000,,,0,1,,,,,0.429015,DEFAULT
ga,pyvrp_X120_FSMF,119,12,1.000000,999,3722331.676832,194404.278894,3916735.955727,0.000000,,,0,1,,,,,0.064752,SMALL
ga,pyvrp_X120_FSMF,119,12,1.000000,999,3185722.319964,102096.169647,3287818.489611,0.000000,,,0,1,,,,,8.532631,MEDIUM
ga,pyvrp_X115_HVRP,114,18,1.000000,9999,2058825.861791,51109.993535,2109935.855326,0.000000,,,0,0,,,,,26.367878,BIG
ga,pyvrp_X110_HD,109,13,1.000000,19345,2061958.044577,41320.021297,2103278.065874,0.000000,,,0,1,,,,,24.920093,BIG
ga,pyvrp_X115_HVRP,114,18,1.000000,19345,2391245.641428,66973.206895,2458218.848324,0.000000,,,0,0,,,,,0.431889,DEFAULT
ga,pyvrp_X115_HVRP,114,18,1.000000,19345,2992513.634462,80466.497934,3072980.132396,0.000000,,,0,0,,,,,0.055118,SMALL
ga,pyvrp_X110_HD,109,13,1.000000,1796867618707211052,2480843.249886,65051.119291,2545894.369177,0.000000,,,0,1,,,,,0.394653,DEFAULT
ga,pyvrp_X110_HD,109,13,1.000000,1796867631990868004,3033695.569310,71137.177290,3104832.746600,0.000000,,,0,1,,,,,0.055305,SMALL
ga,pyvrp_X115_HVRP,114,18,1.000000,19345,1946890.650664,37110.745282,1984001.395946,0.000000,,,0,0,,,,,9.240637,MEDIUM
ga,pyvrp_X110_HD,109,13,1.000000,1796867627755185488,2124447.680884,38807.146821,2163254.827705,0.000000,,,0,1,,,,,8.265994,MEDIUM
ga,pyvrp_X120_FSMF,119,12,1.000000,999,3171136.440458,85054.278502,3256190.718959,0.000000,,,0,1,,,,,25.754607,BIG
ga,pyvrp_X120_FSMF,119,12,1.000000,1234,3557170.862761,137889.506338,3695060.369099,0.000000,,,0,1,,,,,0.418841,DEFAULT
ga,pyvrp_X120_FSMF,119,12,1.000000,1234,3934645.843710,130092.731423,4064738.575133,0.000000,,,0,1,,,,,0.055586,SMALL
ga,pyvrp_X120_FSMF,119,12,1.000000,1234,3219112.186035,134732.653571,3353844.839607,0.000000,,,0,1,,,,,8.502843,MEDIUM
ga,pyvrp_X110_HD,109,13,1.000000,1796867575896256325,2031416.764211,41752.291473,2073169.055684,0.000000,,,0,1,,,,,25.699444,BIG
ga,pyvrp_X115_HVRP,114,18,1.000000,19345,2097066.228725,44029.863478,2141096.092203,0.000000,,,0,0,,,,,27.629985,BIG
ga,pyvrp_X115_HVRP,114,18,1.000000,1796868064710800133,2321462.312359,47119.368952,2368581.681311,0.000000,,,0,0,,,,,0.444213,DEFAULT
ga,pyvrp_X115_HVRP,114,18,1.000000,1796868069454105807,2867806.223749,53328.714827,2921134.938576,0.000000,,,0,0,,,,,0.063243,SMALL
ga,pyvrp_X115_HVRP,114,18,1.000000,1796867541240384774,2140540.799016,44841.196978,2185381.995994,0.000000,,,0,0,,,,,8.895392,MEDIUM
ga,hfvrp_n200_m40_s03,200,40,1.000000,1796867720979355950,24799.902374,24853.629838,49653.532212,0.000000,,,0,1,,,,,78.215046,BIG
ga,pyvrp_X120_FSMF,119,12,1.000000,1234,3249573.423638,92053.687111,3341627.110750,0.000000,,,0,1,,,,,24.679639,BIG
ga,pyvrp_X120_FSMF,119,12,1.000000,9999,3559274.095298,129597.011493,3688871.106791,0.000000,,,0,1,,,,,0.418413,DEFAULT
ga,pyvrp_X120_FSMF,119,12,1.000000,9999,3875320.808138,166082.818689,4041403.626827,0.000000,,,0,1,,,,,0.057197,SMALL
ga,pyvrp_X120_FSMF,119,12,1.000000,9999,3085334.157289,93779.787073,3179113.944362,0.000000,,,0,1,,,,,8.425399,MEDIUM
ga,pyvrp_X115_HVRP,114,18,1.000000,1796867554435493467,2072973.436827,41266.057482,2114239.494309,0.000000,,,0,0,,,,,26.829335,BIG
ga,pyvrp_X120_FSMF,119,12,1.000000,9999,3239366.331217,86304.007779,3325670.338995,0.000000,,,0,1,,,,,24.758607,BIG
ga,pyvrp_X120_FSMF,119,12,1.000000,19345,3444902.165269,149309.178456,3594211.343725,0.000000,,,0,1,,,,,0.396952,DEFAULT
ga,pyvrp_X120_FSMF,119,12,1.000000,19345,4087793.657730,229924.688717,4317718.346447,0.000000,,,0,1,,,,,0.054667,SMALL
ga,pyvrp_X120_FSMF,119,12,1.000000,19345,3096597.236715,93017.176074,3189614.412789,0.000000,,,0,1,,,,,8.195501,MEDIUM
ga,pyvrp_X120_FSMF,119,12,1.000000,19345,3138113.894756,90888.574330,3229002.469086,0.000000,,,0,1,,,,,25.018854,BIG
ga,pyvrp_X120_FSMF,119,12,1.000000,1796867592804256363,3368063.967972,152605.693964,3520669.661936,0.000000,,,0,1,,,,,0.419665,DEFAULT
ga,pyvrp_X120_FSMF,119,12,1.000000,1796867588932839835,3727711.481355,135550.973679,3863262.455034,0.000000,,,0,1,,,,,0.050968,SMALL
ga,pyvrp_X120_FSMF,119,12,1.000000,1796867584692632110,3130629.653467,100266.775436,3230896.428902,0.000000,,,0,1,,,,,8.465533,MEDIUM
ga,pyvrp_X120_FSMF,119,12,1.000000,1796867554507574195,3228390.536698,98519.650404,3326910.187101,0.000000,,,0,1,,,,,24.938998,BIG
