method,instance,N,M,beta,seed,cost_operational,cost_priority,cost_total,lower_bound,root_lp_bound,gap,optimal,feasible,status,num_nodes,num_iterations,num_solutions,runtime_sec,variant
exact,ex2_1v_infeasible,2,1,0.500000,42,0.000000,0.000000,0.000000,0.000000,0.000000,1.000000,0,0,infeasible,0,0,0,0.000409,
exact,ex1_1v_feasible,2,1,0.500000,42,84.142136,50.000000,109.142136,109.142136,78.556349,0.000000,1,1,optimal,0,2,2,0.003591,
exact,ex4_3v_infeasible,4,3,0.500000,42,0.000000,0.000000,0.000000,0.000000,169.094658,1.000000,0,0,infeasible,0,0,0,0.000986,
exact,ex3_3v_all_feasible,3,3,0.500000,42,162.000000,20.000000,172.000000,172.000000,154.363591,0.000000,1,1,optimal,0,0,1,0.000622,
exact,hfvrp_n001_m03_s01,1,3,0.500000,42,87.334995,168.337487,171.503738,171.503738,171.503738,0.000000,1,1,optimal,0,0,1,0.000571,
exact,ex5_3v_one_used_feasible,3,3,0.500000,42,115.798990,50.000000,140.798990,140.798990,95.597980,0.000000,1,1,optimal,0,10,2,0.005615,
exact,hfvrp_n001_m03_s02,1,3,0.500000,42,156.310634,50.546098,181.583683,181.583683,181.583683,0.000000,1,1,optimal,0,0,1,0.000795,
exact,hfvrp_n001_m03_s03,1,3,0.500000,42,130.438737,0.000000,130.438737,130.438737,130.438737,0.000000,1,1,optimal,0,0,1,0.000610,
exact,hfvrp_n001_m03_s04,1,3,0.500000,42,122.386776,0.000000,122.386776,122.386776,122.386776,0.000000,1,1,optimal,0,0,1,0.000708,
exact,hfvrp_n001_m03_s05,1,3,0.500000,42,89.097550,34.548775,106.371937,106.371937,106.371937,0.000000,1,1,optimal,0,0,1,0.000598,
exact,hfvrp_n002_m03_s01,2,3,0.500000,42,262.852855,468.007587,496.856648,496.856648,258.097137,0.000000,1,1,optimal,0,0,3,0.005675,
exact,hfvrp_n002_m03_s02,2,3,0.500000,42,139.033247,41.343143,159.704818,159.704818,130.817821,0.000000,1,1,optimal,0,12,3,0.004885,
exact,hfvrp_n002_m03_s03,2,3,0.500000,42,185.309216,25.338303,197.978368,197.978368,155.417444,0.000000,1,1,optimal,0,0,3,0.004745,
exact,hfvrp_n002_m03_s04,2,3,0.500000,42,174.552021,35.445494,192.274768,192.274768,142.481649,0.000000,1,1,optimal,0,19,3,0.006178,
exact,hfvrp_n002_m03_s05,2,3,0.500000,42,252.004246,183.153460,343.580976,343.580976,216.906774,0.000000,1,1,optimal,0,9,2,0.006138,
exact,hfvrp_n005_m03_s01,5,3,0.500000,42,350.283936,145.533835,423.050854,423.050854,267.549103,0.000000,1,1,optimal,53,286,5,0.020914,
exact,hfvrp_n005_m03_s02,5,3,0.500000,42,358.545666,176.381442,446.736387,446.736387,289.508762,0.000000,1,1,optimal,92,587,6,0.037498,
exact,hfvrp_n005_m03_s03,5,3,0.500000,42,444.734799,0.000000,444.734799,438.931910,325.638053,0.013048,1,1,optimal,0,224,3,0.044424,
exact,hfvrp_n005_m03_s04,5,3,0.500000,42,278.576281,287.478473,422.315518,422.315518,158.921111,0.000000,1,1,optimal,78,648,6,0.048097,
exact,hfvrp_n005_m03_s05,5,3,0.500000,42,384.694704,176.850818,473.120113,473.120113,301.150444,0.000000,1,1,optimal,233,1425,6,0.100952,
exact,hfvrp_n010_m03_s01,10,3,0.500000,42,515.549909,271.386050,651.242934,651.242934,315.594584,0.000000,1,1,optimal,6785,75373,6,6.277673,
exact,hfvrp_n010_m03_s02,10,3,0.500000,42,528.820236,418.059583,737.850027,737.849560,309.276307,0.000001,1,1,optimal,30793,240174,6,19.732931,
exact,hfvrp_n010_m03_s03,10,3,0.500000,42,606.447332,554.788198,883.841431,883.841431,425.188513,0.000000,1,1,optimal,36179,327259,8,27.425201,
exact,hfvrp_n010_m03_s05,10,3,0.500000,42,587.048776,429.667436,801.882494,801.882494,340.923866,0.000000,1,1,optimal,48774,510967,14,39.729310,
exact,hfvrp_n010_m03_s04,10,3,0.500000,42,567.788112,393.900677,764.738451,764.738451,354.592371,0.000000,1,1,optimal,70037,636434,14,55.955661,
exact,hfvrp_n015_m03_s05,15,3,0.500000,42,661.850404,696.171785,1009.936296,1009.936296,352.825609,0.000000,1,1,optimal,214543,4263419,23,352.491392,
exact,hfvrp_n015_m03_s01,15,3,0.500000,42,637.317432,1035.172168,1154.903516,1154.902617,418.056740,0.000001,1,1,optimal,514182,9312320,27,1045.300856,
exact,hfvrp_n015_m03_s03,15,3,0.500000,42,532.308784,523.471010,794.044289,794.044289,336.962556,0.000000,1,1,optimal,1251606,20636547,15,2240.103982,
exact,hfvrp_n015_m03_s02,15,3,0.500000,42,646.982376,970.324017,1132.144385,1132.143401,369.693351,0.000001,1,1,optimal,3478601,50462508,15,7117.207568,
exact,hfvrp_n020_m04_s05,20,4,0.500000,42,815.933907,1144.849260,1388.358537,904.109114,548.793994,0.348793,0,1,mem_limit,1359651,24789761,22,5017.718957,
exact,hfvrp_n015_m03_s04,15,3,0.500000,42,704.632524,1887.840354,1648.552701,1377.992771,403.518958,0.164119,0,1,time_limit,8495782,102681801,25,18000.003215,
exact,hfvrp_n020_m04_s01,20,4,0.500000,42,817.730053,645.557639,1140.508872,925.748103,484.079248,0.188303,0,1,time_limit,4099608,116875031,44,18000.001471,
exact,hfvrp_n020_m04_s02,20,4,0.500000,42,809.860961,790.545856,1205.133889,904.978261,516.395425,0.249064,0,1,time_limit,3763225,93976844,24,18000.004066,
exact,hfvrp_n020_m04_s03,20,4,0.500000,42,805.966514,1357.873724,1484.903376,1021.458862,462.677123,0.312104,0,1,time_limit,4265294,102115479,31,18000.001223,
exact,hfvrp_n020_m04_s04,20,4,0.500000,42,862.684778,1181.188854,1453.279205,897.449555,507.487641,0.382466,0,1,time_limit,4928605,143927935,37,18000.004719,
exact,hfvrp_n030_m06_s03,30,6,0.500000,42,1341.419424,1469.343877,2076.091363,1152.537649,794.221151,0.444852,0,1,mem_limit,784714,26811374,43,6685.227759,
exact,hfvrp_n030_m06_s01,30,6,0.500000,42,1336.880267,2208.217487,2440.989011,1152.913971,682.168747,0.527686,0,1,time_limit,1748829,72860350,58,18000.005516,
exact,hfvrp_n030_m06_s05,30,6,0.500000,42,1464.527198,1406.277603,2167.665999,1205.752034,796.518999,0.443756,0,1,mem_limit,1118310,35460088,43,12780.729046,
exact,hfvrp_n030_m06_s02,30,6,0.500000,42,1316.851320,1716.655333,2175.178987,1070.501870,701.312133,0.507856,0,1,time_limit,2141329,85874992,57,18000.004128,
exact,hfvrp_n030_m06_s04,30,6,0.500000,42,1185.615231,1576.913122,1974.071792,1257.329576,854.868152,0.363078,0,1,time_limit,1165672,69356604,24,18000.002248,
exact,hfvrp_n050_m10_s01,50,10,0.500000,42,2620.324155,4352.525311,4796.586810,1946.093986,1320.522719,0.594275,0,1,time_limit,265566,25719256,72,18000.021711,
exact,hfvrp_n050_m10_s02,50,10,0.500000,42,2406.023467,8348.329813,6580.188373,1849.522102,1286.560910,0.718926,0,1,time_limit,253914,23793420,67,18000.035918,
exact,hfvrp_n050_m10_s03,50,10,0.500000,42,2414.773187,5541.036252,5185.291312,1799.272034,1225.063023,0.653005,0,1,time_limit,225495,24490077,84,18000.029370,
exact,hfvrp_n050_m10_s04,50,10,0.500000,42,2334.420170,4672.385330,4670.612835,1762.020228,1252.731272,0.622743,0,1,time_limit,242635,22261235,87,18000.027791,
exact,hfvrp_n050_m10_s05,50,10,0.500000,42,2692.614081,3897.931557,4641.579860,1902.200906,1158.815585,0.590182,0,1,time_limit,285731,23958224,110,18000.041353,
exact,hfvrp_n075_m15_s01,75,15,0.500000,42,5145.736318,6886.532750,8589.002693,2535.183706,1825.311141,0.704834,0,1,time_limit,70965,6538502,63,18000.070409,
exact,hfvrp_n075_m15_s02,75,15,0.500000,42,0.000000,0.000000,0.000000,2895.623039,2092.227672,1.000000,0,0,no_solution,30667,4140850,0,18000.046670,
exact,hfvrp_n075_m15_s03,75,15,0.500000,42,5161.944489,10959.785493,10641.837235,3039.455911,2155.929751,0.714386,0,1,time_limit,74777,7401804,60,18000.069439,
exact,hfvrp_n075_m15_s04,75,15,0.500000,42,0.000000,0.000000,0.000000,2796.811403,2071.372250,1.000000,0,0,no_solution,33193,4302136,0,18000.015351,
exact,hfvrp_n075_m15_s05,75,15,0.500000,42,5280.228089,10889.229982,10724.843080,2837.181203,2159.027377,0.735457,0,1,time_limit,35876,3885170,39,18000.045250,
exact,hfvrp_n100_m20_s01,100,20,0.500000,42,8571.880219,26574.655281,21859.207860,3812.805584,2957.348607,0.825574,0,1,time_limit,25757,2958031,42,18000.124586,
exact,hfvrp_n100_m20_s02,100,20,0.500000,42,10872.957500,37072.108032,29409.011516,3595.209295,2752.884228,0.877751,0,1,time_limit,12189,1654029,13,18000.079900,
exact,hfvrp_n100_m20_s03,100,20,0.500000,42,0.000000,0.000000,0.000000,3770.822313,2856.661782,1.000000,0,0,no_solution,9692,1323605,0,18000.032527,
exact,hfvrp_n100_m20_s04,100,20,0.500000,42,0.000000,0.000000,0.000000,3974.006006,3002.353415,1.000000,0,0,no_solution,9104,1455759,0,18000.032855,
exact,hfvrp_n100_m20_s05,100,20,0.500000,42,8053.879294,18853.976681,17480.867634,3629.664240,2774.994506,0.792364,0,1,time_limit,26537,2507122,53,18000.164665,
exact,hfvrp_n150_m30_s01,150,30,0.500000,42,21279.969963,94368.488083,68464.214004,6635.788254,5147.309259,0.903077,0,1,time_limit,4517,915559,7,18000.385998,
exact,hfvrp_n150_m30_s02,150,30,0.500000,42,22626.961454,134397.839633,89825.881270,6473.655161,4935.867158,0.927975,0,0,time_limit,4615,839849,1,18000.359264,
exact,hfvrp_n150_m30_s03,150,30,0.500000,42,0.000000,0.000000,0.000000,6487.756839,5269.518578,1.000000,0,0,no_solution,2016,372325,0,18000.144807,
exact,hfvrp_n150_m30_s04,150,30,0.500000,42,0.000000,0.000000,0.000000,6615.880197,5229.400932,1.000000,0,0,no_solution,3024,590345,0,18000.429782,
exact,hfvrp_n150_m30_s05,150,30,0.500000,42,0.000000,0.000000,0.000000,6566.415297,5117.686791,1.000000,0,0,no_solution,2016,353303,0,18002.606678,
exact,hfvrp_n200_m40_s01,200,40,0.500000,42,0.000000,0.000000,0.000000,10248.222010,8695.742805,1.000000,0,0,no_solution,1232,438855,0,18000.211437,
exact,hfvrp_n200_m40_s02,200,40,0.500000,42,8222.839852,4312.649974,10379.164839,10519.876932,8762.069592,0.318906,0,0,time_limit,918,398651,1,18000.241878,
exact,augerat_A_n32_k5,31,8,0.500000,42,6391.899687,1783.806211,7283.802792,5680.596848,5557.793975,0.220106,0,1,mem_limit,1144450,45281812,50,11827.150919,
exact,hfvrp_n200_m40_s03,200,40,0.500000,42,0.000000,0.000000,0.000000,10350.647949,8494.383172,1.000000,0,0,no_solution,1836,640766,0,18000.464398,
exact,hfvrp_n200_m40_s04,200,40,0.500000,42,9335.225672,7087.620930,12879.036137,10242.248694,8618.328821,0.441519,0,0,time_limit,918,505234,1,18000.613339,
exact,hfvrp_n200_m40_s05,200,40,0.500000,42,8283.671763,4390.055652,10478.699589,10283.871696,8496.529150,0.354021,0,0,time_limit,934,412630,1,18000.224049,
exact,augerat_A_n37_k5,36,8,0.500000,42,5918.675579,960.119099,6398.735128,5659.344333,5474.595385,0.115553,0,1,time_limit,467701,27223881,74,18000.008820,
exact,augerat_A_n45_k6,44,8,0.500000,42,10382.177234,991.555246,10877.954857,9954.059339,8817.923568,0.084933,0,1,time_limit,237960,17506670,90,18000.025839,
exact,augerat_A_n54_k7,53,8,0.500000,42,12943.450321,2838.589878,14362.745260,11015.815373,10321.271985,0.233029,0,1,time_limit,122538,14566126,54,18000.016328,
exact,augerat_A_n60_k9,59,10,0.500000,42,14415.274561,2740.575707,15785.562415,13226.432396,12829.634497,0.162118,0,1,time_limit,95331,9559279,44,18000.021999,
exact,augerat_A_n80_k10,79,11,0.500000,42,18378.791237,5418.317706,21087.950091,16343.536461,14973.308684,0.224982,0,0,time_limit,27276,4235835,43,18000.037834,
exact,pyvrp_X101_FSMFD,100,26,0.500000,42,0.000000,0.000000,0.000000,2614119.658740,2482738.062988,1.000000,0,0,no_solution,3567,607070,0,18000.034891,
exact,pyvrp_X106_FSMD,105,16,0.500000,42,0.000000,0.000000,0.000000,2514142.430919,2277852.141730,1.000000,0,0,no_solution,10603,1111051,0,18000.026326,
exact,pyvrp_X110_HD,109,13,0.500000,42,3666146.260734,82920.594156,3707606.557812,1132749.736453,963289.605275,0.698249,0,0,time_limit,24495,1743463,1,18000.029670,
exact,pyvrp_X115_HVRP,114,18,0.500000,42,0.000000,0.000000,0.000000,1386729.834752,1240009.383263,1.000000,0,0,no_solution,6488,1537244,0,18000.031131,
exact,pyvrp_X120_FSMF,119,12,0.500000,42,3867778.669924,117267.992280,3926412.666064,2499001.533503,2407339.589557,0.363541,0,1,time_limit,32646,2731040,37,18000.073420,
savings,ex1_1v_feasible,2,1,0.500000,42,84.142136,50.000000,109.142136,0.000000,,,0,1,,,,,0.000006,
savings,ex2_1v_infeasible,2,1,0.500000,42,70.000000,0.000000,70.000000,0.000000,,,0,0,,,,,0.000007,
savings,ex3_3v_all_feasible,3,3,0.500000,42,162.000000,20.000000,172.000000,0.000000,,,0,1,,,,,0.000028,
savings,ex4_3v_infeasible,4,3,0.500000,42,141.798990,0.000000,141.798990,0.000000,,,0,0,,,,,0.000014,
savings,ex5_3v_one_used_feasible,3,3,0.500000,42,115.798990,50.000000,140.798990,0.000000,,,0,1,,,,,0.000008,
savings,hfvrp_n001_m03_s01,1,3,0.500000,42,87.334995,168.337487,171.503738,0.000000,,,0,1,,,,,0.000008,
savings,hfvrp_n001_m03_s02,1,3,0.500000,42,156.310634,50.546098,181.583683,0.000000,,,0,1,,,,,0.000005,
savings,hfvrp_n001_m03_s03,1,3,0.500000,42,130.438737,0.000000,130.438737,0.000000,,,0,1,,,,,0.000008,
savings,hfvrp_n001_m03_s04,1,3,0.500000,42,122.386776,0.000000,122.386776,0.000000,,,0,1,,,,,0.000007,
savings,hfvrp_n001_m03_s05,1,3,0.500000,42,89.097550,34.548775,106.371937,0.000000,,,0,1,,,,,0.000010,
savings,hfvrp_n002_m03_s01,2,3,0.500000,42,262.852855,468.007587,496.856648,0.000000,,,0,1,,,,,0.000020,
savings,hfvrp_n002_m03_s02,2,3,0.500000,42,139.033247,41.343143,159.704818,0.000000,,,0,1,,,,,0.000023,
savings,hfvrp_n002_m03_s03,2,3,0.500000,42,185.309216,25.338303,197.978368,0.000000,,,0,1,,,,,0.000011,
savings,hfvrp_n002_m03_s04,2,3,0.500000,42,174.940044,35.445494,192.662791,0.000000,,,0,1,,,,,0.000012,
savings,hfvrp_n002_m03_s05,2,3,0.500000,42,302.671304,316.313399,460.828004,0.000000,,,0,1,,,,,0.000008,
savings,hfvrp_n005_m03_s01,5,3,0.500000,42,350.283936,145.533835,423.050854,0.000000,,,0,1,,,,,0.000016,
savings,hfvrp_n005_m03_s02,5,3,0.500000,42,384.586949,224.002134,496.588016,0.000000,,,0,1,,,,,0.000040,
savings,hfvrp_n005_m03_s03,5,3,0.500000,42,461.844903,0.000000,461.844903,0.000000,,,0,1,,,,,0.000023,
savings,hfvrp_n005_m03_s04,5,3,0.500000,42,323.716251,287.478473,467.455487,0.000000,,,0,1,,,,,0.000019,
savings,hfvrp_n005_m03_s05,5,3,0.500000,42,403.901343,324.445774,566.124230,0.000000,,,0,1,,,,,0.000025,
savings,hfvrp_n010_m03_s01,10,3,0.500000,42,561.770060,357.432841,740.486481,0.000000,,,0,1,,,,,0.000030,
savings,hfvrp_n010_m03_s02,10,3,0.500000,42,537.829798,824.734674,950.197135,0.000000,,,0,1,,,,,0.000022,
savings,hfvrp_n010_m03_s03,10,3,0.500000,42,603.750103,563.761094,885.630650,0.000000,,,0,1,,,,,0.000016,
savings,hfvrp_n010_m03_s04,10,3,0.500000,42,560.288925,769.238058,944.907954,0.000000,,,0,1,,,,,0.000060,
savings,hfvrp_n010_m03_s05,10,3,0.500000,42,481.969273,655.167646,809.553096,0.000000,,,0,1,,,,,0.000027,
savings,hfvrp_n015_m03_s01,15,3,0.500000,42,612.794894,2540.732242,1883.161015,0.000000,,,0,1,,,,,0.000049,
savings,hfvrp_n015_m03_s02,15,3,0.500000,42,771.815031,2020.799386,1782.214724,0.000000,,,0,1,,,,,0.000096,
savings,hfvrp_n015_m03_s03,15,3,0.500000,42,600.898460,762.829412,982.313166,0.000000,,,0,1,,,,,0.000120,
savings,hfvrp_n015_m03_s04,15,3,0.500000,42,666.490364,5026.085400,3179.533064,0.000000,,,0,1,,,,,0.000027,
savings,hfvrp_n015_m03_s05,15,3,0.500000,42,687.501123,952.163640,1163.582943,0.000000,,,0,1,,,,,0.000032,
savings,hfvrp_n020_m04_s01,20,4,0.500000,42,917.042693,1616.790702,1725.438044,0.000000,,,0,1,,,,,0.000246,
savings,hfvrp_n020_m04_s02,20,4,0.500000,42,720.795646,1680.833244,1561.212268,0.000000,,,0,1,,,,,0.000084,
savings,hfvrp_n020_m04_s03,20,4,0.500000,42,912.401547,2867.602765,2346.202930,0.000000,,,0,1,,,,,0.000061,
savings,hfvrp_n020_m04_s04,20,4,0.500000,42,828.310213,3139.121742,2397.871084,0.000000,,,0,1,,,,,0.000070,
savings,hfvrp_n020_m04_s05,20,4,0.500000,42,898.059912,2942.552243,2369.336033,0.000000,,,0,1,,,,,0.000152,
savings,hfvrp_n030_m06_s01,30,6,0.500000,42,1615.332100,3085.731540,3158.197870,0.000000,,,0,1,,,,,0.000177,
savings,hfvrp_n030_m06_s02,30,6,0.500000,42,1138.050291,4038.597509,3157.349046,0.000000,,,0,1,,,,,0.000258,
savings,hfvrp_n030_m06_s03,30,6,0.500000,42,1497.756885,2331.227136,2663.370454,0.000000,,,0,1,,,,,0.000385,
savings,hfvrp_n030_m06_s04,30,6,0.500000,42,1312.969391,2517.781054,2571.859918,0.000000,,,0,1,,,,,0.000077,
savings,hfvrp_n030_m06_s05,30,6,0.500000,42,1354.101109,3156.394790,2932.298504,0.000000,,,0,1,,,,,0.000202,
savings,hfvrp_n050_m10_s01,50,10,0.500000,42,2552.834589,9331.757092,7218.713135,0.000000,,,0,1,,,,,0.002309,
savings,hfvrp_n050_m10_s02,50,10,0.500000,42,2607.170898,14366.958118,9790.649957,0.000000,,,0,1,,,,,0.003104,
savings,hfvrp_n050_m10_s03,50,10,0.500000,42,2037.929459,14768.898613,9422.378765,0.000000,,,0,1,,,,,0.001148,
savings,hfvrp_n050_m10_s04,50,10,0.500000,42,2484.942084,10723.793165,7846.838667,0.000000,,,0,1,,,,,0.002023,
savings,hfvrp_n050_m10_s05,50,10,0.500000,42,2268.988664,9775.273352,7156.625340,0.000000,,,0,1,,,,,0.000660,
savings,hfvrp_n075_m15_s01,75,15,0.500000,42,3916.081627,8241.699159,8036.931207,0.000000,,,0,1,,,,,0.001088,
savings,hfvrp_n075_m15_s02,75,15,0.500000,42,4122.330420,13671.655636,10958.158237,0.000000,,,0,1,,,,,0.001651,
savings,hfvrp_n075_m15_s03,75,15,0.500000,42,3983.791112,16771.526414,12369.554319,0.000000,,,0,1,,,,,0.001408,
savings,hfvrp_n075_m15_s04,75,15,0.500000,42,4318.321698,11859.500561,10248.071979,0.000000,,,0,1,,,,,0.002981,
savings,hfvrp_n075_m15_s05,75,15,0.500000,42,3677.479878,11990.523228,9672.741492,0.000000,,,0,1,,,,,0.000630,
savings,hfvrp_n100_m20_s01,100,20,0.500000,42,6368.284077,17686.260106,15211.414130,0.000000,,,0,1,,,,,0.013644,
savings,hfvrp_n100_m20_s02,100,20,0.500000,42,5194.838776,22750.769665,16570.223609,0.000000,,,0,1,,,,,0.003756,
savings,hfvrp_n100_m20_s03,100,20,0.500000,42,5768.806357,19640.612535,15589.112625,0.000000,,,0,1,,,,,0.005435,
savings,hfvrp_n100_m20_s04,100,20,0.500000,42,5555.787402,21637.874503,16374.724654,0.000000,,,0,1,,,,,0.008164,
savings,hfvrp_n100_m20_s05,100,20,0.500000,42,5623.311930,21235.976257,16241.300058,0.000000,,,0,1,,,,,0.006179,
savings,hfvrp_n150_m30_s01,150,30,0.500000,42,9859.855042,43939.389400,31829.549742,0.000000,,,0,1,,,,,0.021188,
savings,hfvrp_n150_m30_s02,150,30,0.500000,42,9741.544833,40567.301608,30025.195637,0.000000,,,0,1,,,,,0.019326,
savings,hfvrp_n150_m30_s03,150,30,0.500000,42,10359.839011,41468.259256,31093.968639,0.000000,,,0,1,,,,,0.021055,
savings,hfvrp_n150_m30_s04,150,30,0.500000,42,10160.971451,45640.542172,32981.242537,0.000000,,,0,1,,,,,0.017524,
savings,hfvrp_n150_m30_s05,150,30,0.500000,42,9850.241925,29459.245595,24579.864722,0.000000,,,0,1,,,,,0.012555,
savings,hfvrp_n200_m40_s01,200,40,0.500000,42,14500.394058,48302.000258,38651.394187,0.000000,,,0,1,,,,,0.013423,
savings,hfvrp_n200_m40_s02,200,40,0.500000,42,15641.134393,47859.078936,39570.673860,0.000000,,,0,1,,,,,0.024237,
savings,hfvrp_n200_m40_s03,200,40,0.500000,42,14773.493844,53414.042354,41480.515021,0.000000,,,0,1,,,,,0.018559,
savings,hfvrp_n200_m40_s04,200,40,0.500000,42,17450.265538,36507.247713,35703.889395,0.000000,,,0,1,,,,,0.025239,
savings,hfvrp_n200_m40_s05,200,40,0.500000,42,16616.379749,34065.848988,33649.304243,0.000000,,,0,1,,,,,0.027107,
savings,augerat_A_n32_k5,31,8,0.500000,42,8254.950118,1752.799542,9131.349889,0.000000,,,0,1,,,,,0.000069,
savings,augerat_A_n37_k5,36,8,0.500000,42,8145.682471,926.643449,8609.004195,0.000000,,,0,1,,,,,0.000147,
savings,augerat_A_n45_k6,44,8,0.500000,42,11375.449447,1029.597647,11890.248271,0.000000,,,0,1,,,,,0.000200,
savings,augerat_A_n54_k7,53,8,0.500000,42,13291.664596,2770.657453,14676.993322,0.000000,,,0,1,,,,,0.000190,
savings,augerat_A_n60_k9,59,10,0.500000,42,15083.906024,2619.091062,16393.451555,0.000000,,,0,1,,,,,0.000426,
savings,augerat_A_n80_k10,79,11,0.500000,42,17124.426986,4860.055378,19554.454675,0.000000,,,0,1,,,,,0.001105,
savings,pyvrp_X101_FSMFD,100,26,0.500000,42,3723016.307644,33444.735460,3739738.675374,0.000000,,,0,1,,,,,0.000567,
savings,pyvrp_X106_FSMD,105,16,0.500000,42,4015189.139603,62605.697726,4046491.988466,0.000000,,,0,1,,,,,0.000609,
savings,pyvrp_X110_HD,109,13,0.500000,42,2236773.371054,38873.657731,2256210.199920,0.000000,,,0,1,,,,,0.001667,
savings,pyvrp_X115_HVRP,114,18,0.500000,42,2187988.031936,45479.132043,2210727.597957,0.000000,,,0,0,,,,,0.001564,
savings,pyvrp_X120_FSMF,119,12,0.500000,42,3185104.723963,90157.997148,3230183.722537,0.000000,,,0,1,,,,,0.000960,
tabu,ex1_1v_feasible,2,1,0.500000,1788061541273634423,84.142136,50.000000,109.142136,0.000000,,,0,1,,,,,0.000005,
tabu,ex2_1v_infeasible,2,1,0.500000,1788061004404357967,70.000000,0.000000,70.000000,0.000000,,,0,0,,,,,0.000008,
tabu,ex4_3v_infeasible,4,3,0.500000,1788061038766367522,141.798990,0.000000,141.798990,0.000000,,,0,0,,,,,0.000022,
tabu,ex3_3v_all_feasible,3,3,0.500000,1788061051651401116,162.000000,20.000000,172.000000,0.000000,,,0,1,,,,,0.000030,
tabu,ex5_3v_one_used_feasible,3,3,0.500000,1788061055948438619,115.798990,50.000000,140.798990,0.000000,,,0,1,,,,,0.000047,
tabu,hfvrp_n001_m03_s01,1,3,0.500000,1788061094608767825,87.334995,168.337487,171.503738,0.000000,,,0,1,,,,,0.000167,
tabu,hfvrp_n001_m03_s01,1,3,0.500000,1,87.334995,168.337487,171.503738,0.000000,,,0,1,,,,,0.000294,
tabu,ex1_1v_feasible,2,1,0.500000,1,84.142136,50.000000,109.142136,0.000000,,,0,1,,,,,0.000005,
tabu,ex2_1v_infeasible,2,1,0.500000,1,70.000000,0.000000,70.000000,0.000000,,,0,0,,,,,0.000008,
tabu,ex5_3v_one_used_feasible,3,3,0.500000,1,115.798990,50.000000,140.798990,0.000000,,,0,1,,,,,0.000043,
tabu,ex3_3v_all_feasible,3,3,0.500000,1,162.000000,20.000000,172.000000,0.000000,,,0,1,,,,,0.000079,
tabu,ex4_3v_infeasible,4,3,0.500000,1,141.798990,0.000000,141.798990,0.000000,,,0,0,,,,,0.000076,
tabu,hfvrp_n001_m03_s01,1,3,0.500000,10,87.334995,168.337487,171.503738,0.000000,,,0,1,,,,,0.000404,
tabu,ex1_1v_feasible,2,1,0.500000,10,84.142136,50.000000,109.142136,0.000000,,,0,1,,,,,0.000005,
tabu,ex2_1v_infeasible,2,1,0.500000,10,70.000000,0.000000,70.000000,0.000000,,,0,0,,,,,0.000011,
tabu,hfvrp_n001_m03_s01,1,3,0.500000,50,87.334995,168.337487,171.503738,0.000000,,,0,1,,,,,0.000135,
tabu,ex5_3v_one_used_feasible,3,3,0.500000,10,115.798990,50.000000,140.798990,0.000000,,,0,1,,,,,0.000131,
tabu,ex3_3v_all_feasible,3,3,0.500000,10,162.000000,20.000000,172.000000,0.000000,,,0,1,,,,,0.000077,
tabu,ex4_3v_infeasible,4,3,0.500000,10,141.798990,0.000000,141.798990,0.000000,,,0,0,,,,,0.000023,
tabu,ex1_1v_feasible,2,1,0.500000,50,84.142136,50.000000,109.142136,0.000000,,,0,1,,,,,0.000025,
tabu,ex2_1v_infeasible,2,1,0.500000,50,70.000000,0.000000,70.000000,0.000000,,,0,0,,,,,0.000008,
tabu,hfvrp_n001_m03_s01,1,3,0.500000,75,87.334995,168.337487,171.503738,0.000000,,,0,1,,,,,0.000130,
tabu,ex5_3v_one_used_feasible,3,3,0.500000,50,115.798990,50.000000,140.798990,0.000000,,,0,1,,,,,0.000132,
tabu,ex3_3v_all_feasible,3,3,0.500000,50,162.000000,20.000000,172.000000,0.000000,,,0,1,,,,,0.000079,
tabu,ex1_1v_feasible,2,1,0.500000,75,84.142136,50.000000,109.142136,0.000000,,,0,1,,,,,0.000005,
tabu,ex2_1v_infeasible,2,1,0.500000,75,70.000000,0.000000,70.000000,0.000000,,,0,0,,,,,0.000011,
tabu,hfvrp_n001_m03_s01,1,3,0.500000,100,87.334995,168.337487,171.503738,0.000000,,,0,1,,,,,0.000403,
tabu,ex4_3v_infeasible,4,3,0.500000,50,141.798990,0.000000,141.798990,0.000000,,,0,0,,,,,0.000047,
tabu,hfvrp_n001_m03_s01,1,3,0.500000,200,87.334995,168.337487,171.503738,0.000000,,,0,1,,,,,0.000130,
tabu,ex1_1v_feasible,2,1,0.500000,100,84.142136,50.000000,109.142136,0.000000,,,0,1,,,,,0.000026,
tabu,ex2_1v_infeasible,2,1,0.500000,100,70.000000,0.000000,70.000000,0.000000,,,0,0,,,,,0.000011,
tabu,ex5_3v_one_used_feasible,3,3,0.500000,75,115.798990,50.000000,140.798990,0.000000,,,0,1,,,,,0.000046,
tabu,ex3_3v_all_feasible,3,3,0.500000,75,162.000000,20.000000,172.000000,0.000000,,,0,1,,,,,0.000080,
tabu,hfvrp_n001_m03_s01,1,3,0.500000,999,87.334995,168.337487,171.503738,0.000000,,,0,1,,,,,0.000142,
tabu,ex4_3v_infeasible,4,3,0.500000,75,141.798990,0.000000,141.798990,0.000000,,,0,0,,,,,0.000078,
tabu,ex1_1v_feasible,2,1,0.500000,200,84.142136,50.000000,109.142136,0.000000,,,0,1,,,,,0.000025,
tabu,ex2_1v_infeasible,2,1,0.500000,200,70.000000,0.000000,70.000000,0.000000,,,0,0,,,,,0.000022,
tabu,ex5_3v_one_used_feasible,3,3,0.500000,100,115.798990,50.000000,140.798990,0.000000,,,0,1,,,,,0.000144,
tabu,ex3_3v_all_feasible,3,3,0.500000,100,162.000000,20.000000,172.000000,0.000000,,,0,1,,,,,0.000026,
tabu,hfvrp_n001_m03_s01,1,3,0.500000,1234,87.334995,168.337487,171.503738,0.000000,,,0,1,,,,,0.000153,
tabu,ex1_1v_feasible,2,1,0.500000,999,84.142136,50.000000,109.142136,0.000000,,,0,1,,,,,0.000008,
tabu,ex2_1v_infeasible,2,1,0.500000,999,70.000000,0.000000,70.000000,0.000000,,,0,0,,,,,0.000023,
tabu,ex4_3v_infeasible,4,3,0.500000,100,141.798990,0.000000,141.798990,0.000000,,,0,0,,,,,0.000022,
tabu,hfvrp_n001_m03_s01,1,3,0.500000,9999,87.334995,168.337487,171.503738,0.000000,,,0,1,,,,,0.000129,
tabu,ex5_3v_one_used_feasible,3,3,0.500000,200,115.798990,50.000000,140.798990,0.000000,,,0,1,,,,,0.000132,
tabu,ex3_3v_all_feasible,3,3,0.500000,200,162.000000,20.000000,172.000000,0.000000,,,0,1,,,,,0.000079,
tabu,ex1_1v_feasible,2,1,0.500000,1234,84.142136,50.000000,109.142136,0.000000,,,0,1,,,,,0.000012,
tabu,ex2_1v_infeasible,2,1,0.500000,1234,70.000000,0.000000,70.000000,0.000000,,,0,0,,,,,0.000008,
tabu,hfvrp_n001_m03_s01,1,3,0.500000,19345,87.334995,168.337487,171.503738,0.000000,,,0,1,,,,,0.000248,
tabu,ex4_3v_infeasible,4,3,0.500000,200,141.798990,0.000000,141.798990,0.000000,,,0,0,,,,,0.000023,
tabu,ex1_1v_feasible,2,1,0.500000,9999,84.142136,50.000000,109.142136,0.000000,,,0,1,,,,,0.000011,
tabu,ex5_3v_one_used_feasible,3,3,0.500000,999,115.798990,50.000000,140.798990,0.000000,,,0,1,,,,,0.000044,
tabu,hfvrp_n001_m03_s01,1,3,0.500000,1788062750866707080,87.334995,168.337487,171.503738,0.000000,,,0,1,,,,,0.000403,
tabu,ex2_1v_infeasible,2,1,0.500000,9999,70.000000,0.000000,70.000000,0.000000,,,0,0,,,,,0.000031,
tabu,ex3_3v_all_feasible,3,3,0.500000,999,162.000000,20.000000,172.000000,0.000000,,,0,1,,,,,0.000065,
tabu,hfvrp_n001_m03_s02,1,3,0.500000,1788062893630256482,156.310634,50.546098,181.583683,0.000000,,,0,1,,,,,0.000108,
tabu,ex1_1v_feasible,2,1,0.500000,19345,84.142136,50.000000,109.142136,0.000000,,,0,1,,,,,0.000013,
tabu,ex2_1v_infeasible,2,1,0.500000,19345,70.000000,0.000000,70.000000,0.000000,,,0,0,,,,,0.000017,
tabu,ex5_3v_one_used_feasible,3,3,0.500000,1234,115.798990,50.000000,140.798990,0.000000,,,0,1,,,,,0.000095,
tabu,ex4_3v_infeasible,4,3,0.500000,999,141.798990,0.000000,141.798990,0.000000,,,0,0,,,,,0.000026,
tabu,ex3_3v_all_feasible,3,3,0.500000,1234,162.000000,20.000000,172.000000,0.000000,,,0,1,,,,,0.000071,
tabu,hfvrp_n001_m03_s02,1,3,0.500000,1,156.310634,50.546098,181.583683,0.000000,,,0,1,,,,,0.000216,
tabu,ex1_1v_feasible,2,1,0.500000,1788063680900447473,84.142136,50.000000,109.142136,0.000000,,,0,1,,,,,0.000013,
tabu,ex2_1v_infeasible,2,1,0.500000,1788063715459837025,70.000000,0.000000,70.000000,0.000000,,,0,0,,,,,0.000011,
tabu,ex5_3v_one_used_feasible,3,3,0.500000,9999,115.798990,50.000000,140.798990,0.000000,,,0,1,,,,,0.000083,
tabu,hfvrp_n001_m03_s02,1,3,0.500000,10,156.310634,50.546098,181.583683,0.000000,,,0,1,,,,,0.000108,
tabu,ex4_3v_infeasible,4,3,0.500000,1234,141.798990,0.000000,141.798990,0.000000,,,0,0,,,,,0.000068,
tabu,ex3_3v_all_feasible,3,3,0.500000,9999,162.000000,20.000000,172.000000,0.000000,,,0,1,,,,,0.000105,
tabu,hfvrp_n001_m03_s03,1,3,0.500000,1788063364339175629,130.438737,0.000000,130.438737,0.000000,,,0,1,,,,,0.000208,
tabu,hfvrp_n001_m03_s04,1,3,0.500000,1788063433271166094,122.386776,0.000000,122.386776,0.000000,,,0,1,,,,,0.000150,
tabu,hfvrp_n001_m03_s02,1,3,0.500000,50,156.310634,50.546098,181.583683,0.000000,,,0,1,,,,,0.000109,
tabu,hfvrp_n001_m03_s03,1,3,0.500000,1,130.438737,0.000000,130.438737,0.000000,,,0,1,,,,,0.000112,
tabu,ex5_3v_one_used_feasible,3,3,0.500000,19345,115.798990,50.000000,140.798990,0.000000,,,0,1,,,,,0.000046,
tabu,hfvrp_n001_m03_s04,1,3,0.500000,1,122.386776,0.000000,122.386776,0.000000,,,0,1,,,,,0.000277,
tabu,hfvrp_n001_m03_s02,1,3,0.500000,75,156.310634,50.546098,181.583683,0.000000,,,0,1,,,,,0.000108,
tabu,ex3_3v_all_feasible,3,3,0.500000,19345,162.000000,20.000000,172.000000,0.000000,,,0,1,,,,,0.000025,
tabu,ex4_3v_infeasible,4,3,0.500000,9999,141.798990,0.000000,141.798990,0.000000,,,0,0,,,,,0.000040,
tabu,hfvrp_n001_m03_s03,1,3,0.500000,10,130.438737,0.000000,130.438737,0.000000,,,0,1,,,,,0.000230,
tabu,hfvrp_n001_m03_s04,1,3,0.500000,10,122.386776,0.000000,122.386776,0.000000,,,0,1,,,,,0.000251,
tabu,hfvrp_n001_m03_s02,1,3,0.500000,100,156.310634,50.546098,181.583683,0.000000,,,0,1,,,,,0.000347,
tabu,ex5_3v_one_used_feasible,3,3,0.500000,1788063822270655046,115.798990,50.000000,140.798990,0.000000,,,0,1,,,,,0.000116,
tabu,hfvrp_n001_m03_s03,1,3,0.500000,50,130.438737,0.000000,130.438737,0.000000,,,0,1,,,,,0.000347,
tabu,ex3_3v_all_feasible,3,3,0.500000,1788063891510179098,162.000000,20.000000,172.000000,0.000000,,,0,1,,,,,0.000071,
tabu,hfvrp_n001_m03_s04,1,3,0.500000,50,122.386776,0.000000,122.386776,0.000000,,,0,1,,,,,0.000110,
tabu,ex4_3v_infeasible,4,3,0.500000,19345,141.798990,0.000000,141.798990,0.000000,,,0,0,,,,,0.000027,
tabu,hfvrp_n001_m03_s02,1,3,0.500000,200,156.310634,50.546098,181.583683,0.000000,,,0,1,,,,,0.000350,
tabu,hfvrp_n001_m03_s03,1,3,0.500000,75,130.438737,0.000000,130.438737,0.000000,,,0,1,,,,,0.000359,
tabu,hfvrp_n001_m03_s05,1,3,0.500000,1788064695775642853,89.097550,34.548775,106.371937,0.000000,,,0,1,,,,,0.000195,
tabu,hfvrp_n001_m03_s04,1,3,0.500000,75,122.386776,0.000000,122.386776,0.000000,,,0,1,,,,,0.000139,
tabu,hfvrp_n001_m03_s02,1,3,0.500000,999,156.310634,50.546098,181.583683,0.000000,,,0,1,,,,,0.000108,
tabu,hfvrp_n002_m03_s01,2,3,0.500000,1788064838071623257,262.852855,468.007587,496.856648,0.000000,,,0,1,,,,,0.000356,
tabu,hfvrp_n001_m03_s03,1,3,0.500000,100,130.438737,0.000000,130.438737,0.000000,,,0,1,,,,,0.000301,
tabu,ex4_3v_infeasible,4,3,0.500000,1788064357412792803,141.798990,0.000000,141.798990,0.000000,,,0,0,,,,,0.000022,
tabu,hfvrp_n001_m03_s05,1,3,0.500000,1,89.097550,34.548775,106.371937,0.000000,,,0,1,,,,,0.000133,
tabu,hfvrp_n001_m03_s04,1,3,0.500000,100,122.386776,0.000000,122.386776,0.000000,,,0,1,,,,,0.000352,
tabu,hfvrp_n001_m03_s02,1,3,0.500000,1234,156.310634,50.546098,181.583683,0.000000,,,0,1,,,,,0.000206,
tabu,hfvrp_n001_m03_s03,1,3,0.500000,200,130.438737,0.000000,130.438737,0.000000,,,0,1,,,,,0.000349,
tabu,hfvrp_n002_m03_s01,2,3,0.500000,1,262.852855,468.007587,496.856648,0.000000,,,0,1,,,,,0.000945,
tabu,hfvrp_n001_m03_s05,1,3,0.500000,10,89.097550,34.548775,106.371937,0.000000,,,0,1,,,,,0.000377,
tabu,hfvrp_n001_m03_s04,1,3,0.500000,200,122.386776,0.000000,122.386776,0.000000,,,0,1,,,,,0.000147,
tabu,hfvrp_n001_m03_s02,1,3,0.500000,9999,156.310634,50.546098,181.583683,0.000000,,,0,1,,,,,0.000213,
tabu,hfvrp_n002_m03_s02,2,3,0.500000,1788065244032046166,139.033247,41.343143,159.704818,0.000000,,,0,1,,,,,0.000262,
tabu,hfvrp_n001_m03_s03,1,3,0.500000,999,130.438737,0.000000,130.438737,0.000000,,,0,1,,,,,0.000358,
tabu,hfvrp_n001_m03_s05,1,3,0.500000,50,89.097550,34.548775,106.371937,0.000000,,,0,1,,,,,0.000418,
tabu,hfvrp_n001_m03_s04,1,3,0.500000,999,122.386776,0.000000,122.386776,0.000000,,,0,1,,,,,0.000218,
tabu,hfvrp_n002_m03_s01,2,3,0.500000,10,262.852855,468.007587,496.856648,0.000000,,,0,1,,,,,0.000580,
tabu,hfvrp_n001_m03_s02,1,3,0.500000,19345,156.310634,50.546098,181.583683,0.000000,,,0,1,,,,,0.000350,
tabu,hfvrp_n001_m03_s03,1,3,0.500000,1234,130.438737,0.000000,130.438737,0.000000,,,0,1,,,,,0.000112,
tabu,hfvrp_n002_m03_s02,2,3,0.500000,1,139.033247,41.343143,159.704818,0.000000,,,0,1,,,,,0.000502,
tabu,hfvrp_n001_m03_s05,1,3,0.500000,75,89.097550,34.548775,106.371937,0.000000,,,0,1,,,,,0.000404,
tabu,hfvrp_n001_m03_s04,1,3,0.500000,1234,122.386776,0.000000,122.386776,0.000000,,,0,1,,,,,0.000147,
tabu,hfvrp_n001_m03_s02,1,3,0.500000,1788065039498930032,156.310634,50.546098,181.583683,0.000000,,,0,1,,,,,0.000334,
tabu,hfvrp_n002_m03_s01,2,3,0.500000,50,262.852855,468.007587,496.856648,0.000000,,,0,1,,,,,0.000958,
tabu,hfvrp_n001_m03_s03,1,3,0.500000,9999,130.438737,0.000000,130.438737,0.000000,,,0,1,,,,,0.000112,
tabu,hfvrp_n001_m03_s04,1,3,0.500000,9999,122.386776,0.000000,122.386776,0.000000,,,0,1,,,,,0.000112,
tabu,hfvrp_n001_m03_s05,1,3,0.500000,100,89.097550,34.548775,106.371937,0.000000,,,0,1,,,,,0.000186,
tabu,hfvrp_n002_m03_s02,2,3,0.500000,10,139.033247,41.343143,159.704818,0.000000,,,0,1,,,,,0.000348,
tabu,hfvrp_n002_m03_s03,2,3,0.500000,1788057034712162346,185.309216,25.338303,197.978368,0.000000,,,0,1,,,,,0.000300,
tabu,hfvrp_n002_m03_s01,2,3,0.500000,75,262.852855,468.007587,496.856648,0.000000,,,0,1,,,,,0.000300,
tabu,hfvrp_n001_m03_s03,1,3,0.500000,19345,130.438737,0.000000,130.438737,0.000000,,,0,1,,,,,0.000111,
tabu,hfvrp_n001_m03_s04,1,3,0.500000,19345,122.386776,0.000000,122.386776,0.000000,,,0,1,,,,,0.000109,
tabu,hfvrp_n001_m03_s05,1,3,0.500000,200,89.097550,34.548775,106.371937,0.000000,,,0,1,,,,,0.000293,
tabu,hfvrp_n002_m03_s02,2,3,0.500000,50,139.033247,41.343143,159.704818,0.000000,,,0,1,,,,,0.000553,
tabu,hfvrp_n002_m03_s03,2,3,0.500000,1,185.309216,25.338303,197.978368,0.000000,,,0,1,,,,,0.000637,
tabu,hfvrp_n001_m03_s03,1,3,0.500000,1788056722754874413,130.438737,0.000000,130.438737,0.000000,,,0,1,,,,,0.000108,
tabu,hfvrp_n001_m03_s04,1,3,0.500000,1788056748699628049,122.386776,0.000000,122.386776,0.000000,,,0,1,,,,,0.000149,
tabu,hfvrp_n001_m03_s05,1,3,0.500000,999,89.097550,34.548775,106.371937,0.000000,,,0,1,,,,,0.000447,
tabu,hfvrp_n002_m03_s01,2,3,0.500000,100,262.852855,468.007587,496.856648,0.000000,,,0,1,,,,,0.000568,
tabu,hfvrp_n002_m03_s02,2,3,0.500000,75,139.033247,41.343143,159.704818,0.000000,,,0,1,,,,,0.000178,
tabu,hfvrp_n002_m03_s04,2,3,0.500000,1788057471152707936,174.552021,35.445494,192.274768,0.000000,,,0,1,,,,,0.000378,
tabu,hfvrp_n002_m03_s03,2,3,0.500000,10,185.309216,25.338303,197.978368,0.000000,,,0,1,,,,,0.000300,
tabu,hfvrp_n001_m03_s05,1,3,0.500000,1234,89.097550,34.548775,106.371937,0.000000,,,0,1,,,,,0.000269,
tabu,hfvrp_n002_m03_s05,2,3,0.500000,1788057561487937530,252.004246,183.153460,343.580976,0.000000,,,0,1,,,,,0.000303,
tabu,hfvrp_n002_m03_s01,2,3,0.500000,200,262.852855,468.007587,496.856648,0.000000,,,0,1,,,,,0.000759,
tabu,hfvrp_n001_m03_s05,1,3,0.500000,9999,89.097550,34.548775,106.371937,0.000000,,,0,1,,,,,0.000412,
tabu,hfvrp_n002_m03_s02,2,3,0.500000,100,139.033247,41.343143,159.704818,0.000000,,,0,1,,,,,0.000376,
tabu,hfvrp_n002_m03_s04,2,3,0.500000,1,174.552021,35.445494,192.274768,0.000000,,,0,1,,,,,0.000358,
tabu,hfvrp_n002_m03_s03,2,3,0.500000,50,185.309216,25.338303,197.978368,0.000000,,,0,1,,,,,0.000298,
tabu,hfvrp_n002_m03_s05,2,3,0.500000,1,252.004246,183.153460,343.580976,0.000000,,,0,1,,,,,0.000301,
tabu,hfvrp_n002_m03_s01,2,3,0.500000,999,262.852855,468.007587,496.856648,0.000000,,,0,1,,,,,0.000295,
tabu,hfvrp_n001_m03_s05,1,3,0.500000,19345,89.097550,34.548775,106.371937,0.000000,,,0,1,,,,,0.000402,
tabu,hfvrp_n002_m03_s02,2,3,0.500000,200,139.033247,41.343143,159.704818,0.000000,,,0,1,,,,,0.000341,
tabu,hfvrp_n002_m03_s04,2,3,0.500000,10,174.552021,35.445494,192.274768,0.000000,,,0,1,,,,,0.000274,
tabu,hfvrp_n002_m03_s05,2,3,0.500000,10,252.004246,183.153460,343.580976,0.000000,,,0,1,,,,,0.000301,
tabu,hfvrp_n002_m03_s03,2,3,0.500000,75,185.309216,25.338303,197.978368,0.000000,,,0,1,,,,,0.000837,
tabu,hfvrp_n001_m03_s05,1,3,0.500000,1788058101464535138,89.097550,34.548775,106.371937,0.000000,,,0,1,,,,,0.000419,
tabu,hfvrp_n002_m03_s01,2,3,0.500000,1234,262.852855,468.007587,496.856648,0.000000,,,0,1,,,,,0.000687,
tabu,hfvrp_n002_m03_s02,2,3,0.500000,999,139.033247,41.343143,159.704818,0.000000,,,0,1,,,,,0.000472,
tabu,hfvrp_n002_m03_s04,2,3,0.500000,50,174.552021,35.445494,192.274768,0.000000,,,0,1,,,,,0.000893,
tabu,hfvrp_n002_m03_s05,2,3,0.500000,50,252.004246,183.153460,343.580976,0.000000,,,0,1,,,,,0.000306,
tabu,hfvrp_n002_m03_s03,2,3,0.500000,100,185.309216,25.338303,197.978368,0.000000,,,0,1,,,,,0.000300,
tabu,hfvrp_n005_m03_s01,5,3,0.500000,1788057720258068096,350.283936,145.533835,423.050854,0.000000,,,0,1,,,,,0.000052,
tabu,hfvrp_n002_m03_s01,2,3,0.500000,9999,262.852855,468.007587,496.856648,0.000000,,,0,1,,,,,0.000939,
tabu,hfvrp_n002_m03_s02,2,3,0.500000,1234,139.033247,41.343143,159.704818,0.000000,,,0,1,,,,,0.000580,
tabu,hfvrp_n002_m03_s04,2,3,0.500000,75,174.552021,35.445494,192.274768,0.000000,,,0,1,,,,,0.000279,
tabu,hfvrp_n002_m03_s05,2,3,0.500000,75,252.004246,183.153460,343.580976,0.000000,,,0,1,,,,,0.000309,
tabu,hfvrp_n002_m03_s03,2,3,0.500000,200,185.309216,25.338303,197.978368,0.000000,,,0,1,,,,,0.000945,
tabu,hfvrp_n002_m03_s01,2,3,0.500000,19345,262.852855,468.007587,496.856648,0.000000,,,0,1,,,,,0.000669,
tabu,hfvrp_n005_m03_s01,5,3,0.500000,1,350.283936,145.533835,423.050854,0.000000,,,0,1,,,,,0.000033,
tabu,hfvrp_n002_m03_s02,2,3,0.500000,9999,139.033247,41.343143,159.704818,0.000000,,,0,1,,,,,0.000179,
tabu,hfvrp_n002_m03_s04,2,3,0.500000,100,174.552021,35.445494,192.274768,0.000000,,,0,1,,,,,0.000891,
tabu,hfvrp_n002_m03_s05,2,3,0.500000,100,252.004246,183.153460,343.580976,0.000000,,,0,1,,,,,0.000304,
tabu,hfvrp_n002_m03_s03,2,3,0.500000,999,185.309216,25.338303,197.978368,0.000000,,,0,1,,,,,0.000304,
tabu,hfvrp_n002_m03_s01,2,3,0.500000,1788058685436456744,262.852855,468.007587,496.856648,0.000000,,,0,1,,,,,0.000940,
tabu,hfvrp_n002_m03_s02,2,3,0.500000,19345,139.033247,41.343143,159.704818,0.000000,,,0,1,,,,,0.000178,
tabu,hfvrp_n002_m03_s04,2,3,0.500000,200,174.552021,35.445494,192.274768,0.000000,,,0,1,,,,,0.000642,
tabu,hfvrp_n002_m03_s05,2,3,0.500000,200,252.004246,183.153460,343.580976,0.000000,,,0,1,,,,,0.000551,
tabu,hfvrp_n002_m03_s03,2,3,0.500000,1234,185.309216,25.338303,197.978368,0.000000,,,0,1,,,,,0.000491,
tabu,hfvrp_n005_m03_s01,5,3,0.500000,10,350.283936,145.533835,423.050854,0.000000,,,0,1,,,,,0.000029,
tabu,hfvrp_n005_m03_s02,5,3,0.500000,1788058446291819390,392.228528,176.381442,480.419249,0.000000,,,0,1,,,,,0.000079,
tabu,hfvrp_n002_m03_s04,2,3,0.500000,999,174.552021,35.445494,192.274768,0.000000,,,0,1,,,,,0.000952,
tabu,hfvrp_n002_m03_s02,2,3,0.500000,1788058511096674740,139.033247,41.343143,159.704818,0.000000,,,0,1,,,,,0.000549,
tabu,hfvrp_n002_m03_s05,2,3,0.500000,999,252.004246,183.153460,343.580976,0.000000,,,0,1,,,,,0.000320,
tabu,hfvrp_n002_m03_s03,2,3,0.500000,9999,185.309216,25.338303,197.978368,0.000000,,,0,1,,,,,0.000298,
tabu,hfvrp_n005_m03_s01,5,3,0.500000,50,350.283936,145.533835,423.050854,0.000000,,,0,1,,,,,0.000055,
tabu,hfvrp_n002_m03_s04,2,3,0.500000,1234,174.552021,35.445494,192.274768,0.000000,,,0,1,,,,,0.000877,
tabu,hfvrp_n005_m03_s03,5,3,0.500000,1788059272630331542,444.734799,0.000000,444.734799,0.000000,,,0,1,,,,,0.001783,
tabu,hfvrp_n002_m03_s05,2,3,0.500000,1234,252.004246,183.153460,343.580976,0.000000,,,0,1,,,,,0.000301,
tabu,hfvrp_n005_m03_s02,5,3,0.500000,1,392.228528,176.381442,480.419249,0.000000,,,0,1,,,,,0.000055,
tabu,hfvrp_n002_m03_s03,2,3,0.500000,19345,185.309216,25.338303,197.978368,0.000000,,,0,1,,,,,0.000950,
tabu,hfvrp_n002_m03_s04,2,3,0.500000,9999,174.552021,35.445494,192.274768,0.000000,,,0,1,,,,,0.000596,
tabu,hfvrp_n002_m03_s05,2,3,0.500000,9999,252.004246,183.153460,343.580976,0.000000,,,0,1,,,,,0.001009,
tabu,hfvrp_n005_m03_s01,5,3,0.500000,75,350.283936,145.533835,423.050854,0.000000,,,0,1,,,,,0.000089,
tabu,hfvrp_n002_m03_s03,2,3,0.500000,1788058978059304822,185.309216,25.338303,197.978368,0.000000,,,0,1,,,,,0.000414,
tabu,hfvrp_n005_m03_s03,5,3,0.500000,1,444.734799,0.000000,444.734799,0.000000,,,0,1,,,,,0.000934,
tabu,hfvrp_n005_m03_s02,5,3,0.500000,10,392.228528,176.381442,480.419249,0.000000,,,0,1,,,,,0.000079,
tabu,hfvrp_n002_m03_s04,2,3,0.500000,19345,174.552021,35.445494,192.274768,0.000000,,,0,1,,,,,0.000474,
tabu,hfvrp_n002_m03_s05,2,3,0.500000,19345,252.004246,183.153460,343.580976,0.000000,,,0,1,,,,,0.000956,
tabu,hfvrp_n005_m03_s04,5,3,0.500000,1788059726775996950,278.576281,287.478473,422.315518,0.000000,,,0,1,,,,,0.001052,
tabu,hfvrp_n005_m03_s01,5,3,0.500000,100,350.283936,145.533835,423.050854,0.000000,,,0,1,,,,,0.000049,
tabu,hfvrp_n002_m03_s04,2,3,0.500000,1788059800557190038,174.552021,35.445494,192.274768,0.000000,,,0,1,,,,,0.000274,
tabu,hfvrp_n002_m03_s05,2,3,0.500000,1788059787746725743,252.004246,183.153460,343.580976,0.000000,,,0,1,,,,,0.000302,
tabu,hfvrp_n005_m03_s03,5,3,0.500000,10,444.734799,0.000000,444.734799,0.000000,,,0,1,,,,,0.002303,
tabu,hfvrp_n005_m03_s02,5,3,0.500000,50,392.228528,176.381442,480.419249,0.000000,,,0,1,,,,,0.000055,
tabu,hfvrp_n005_m03_s04,5,3,0.500000,1,278.576281,287.478473,422.315518,0.000000,,,0,1,,,,,0.002455,
tabu,hfvrp_n005_m03_s05,5,3,0.500000,1788059454008767223,384.694704,176.850818,473.120113,0.000000,,,0,1,,,,,0.000166,
tabu,hfvrp_n010_m03_s01,10,3,0.500000,1788059522781643871,515.549909,271.386050,651.242934,0.000000,,,0,1,,,,,0.003987,
tabu,hfvrp_n005_m03_s01,5,3,0.500000,200,350.283936,145.533835,423.050854,0.000000,,,0,1,,,,,0.000060,
tabu,hfvrp_n005_m03_s03,5,3,0.500000,50,444.734799,0.000000,444.734799,0.000000,,,0,1,,,,,0.000928,
tabu,hfvrp_n005_m03_s02,5,3,0.500000,75,392.228528,176.381442,480.419249,0.000000,,,0,1,,,,,0.000157,
tabu,hfvrp_n005_m03_s04,5,3,0.500000,10,278.576281,287.478473,422.315518,0.000000,,,0,1,,,,,0.001660,
tabu,hfvrp_n005_m03_s05,5,3,0.500000,1,384.694704,176.850818,473.120113,0.000000,,,0,1,,,,,0.000248,
tabu,hfvrp_n005_m03_s01,5,3,0.500000,999,350.283936,145.533835,423.050854,0.000000,,,0,1,,,,,0.000090,
tabu,hfvrp_n005_m03_s03,5,3,0.500000,75,444.734799,0.000000,444.734799,0.000000,,,0,1,,,,,0.002888,
tabu,hfvrp_n005_m03_s02,5,3,0.500000,100,392.228528,176.381442,480.419249,0.000000,,,0,1,,,,,0.000071,
tabu,hfvrp_n010_m03_s01,10,3,0.500000,1,515.549909,271.386050,651.242934,0.000000,,,0,1,,,,,0.006808,
tabu,hfvrp_n005_m03_s04,5,3,0.500000,50,278.576281,287.478473,422.315518,0.000000,,,0,1,,,,,0.002886,
tabu,hfvrp_n005_m03_s05,5,3,0.500000,10,384.694704,176.850818,473.120113,0.000000,,,0,1,,,,,0.000077,
tabu,hfvrp_n005_m03_s01,5,3,0.500000,1234,350.283936,145.533835,423.050854,0.000000,,,0,1,,,,,0.000048,
tabu,hfvrp_n005_m03_s03,5,3,0.500000,100,444.734799,0.000000,444.734799,0.000000,,,0,1,,,,,0.001371,
tabu,hfvrp_n005_m03_s02,5,3,0.500000,200,392.228528,176.381442,480.419249,0.000000,,,0,1,,,,,0.000167,
tabu,hfvrp_n005_m03_s04,5,3,0.500000,75,278.576281,287.478473,422.315518,0.000000,,,0,1,,,,,0.002887,
tabu,hfvrp_n005_m03_s05,5,3,0.500000,50,384.694704,176.850818,473.120113,0.000000,,,0,1,,,,,0.000260,
tabu,hfvrp_n010_m03_s01,10,3,0.500000,10,515.549909,271.386050,651.242934,0.000000,,,0,1,,,,,0.003560,
tabu,hfvrp_n005_m03_s01,5,3,0.500000,9999,350.283936,145.533835,423.050854,0.000000,,,0,1,,,,,0.000099,
tabu,hfvrp_n005_m03_s03,5,3,0.500000,200,444.734799,0.000000,444.734799,0.000000,,,0,1,,,,,0.002889,
tabu,hfvrp_n005_m03_s02,5,3,0.500000,999,392.228528,176.381442,480.419249,0.000000,,,0,1,,,,,0.000050,
tabu,hfvrp_n005_m03_s04,5,3,0.500000,100,278.576281,287.478473,422.315518,0.000000,,,0,1,,,,,0.000920,
tabu,hfvrp_n005_m03_s05,5,3,0.500000,75,384.694704,176.850818,473.120113,0.000000,,,0,1,,,,,0.000244,
tabu,hfvrp_n005_m03_s01,5,3,0.500000,19345,350.283936,145.533835,423.050854,0.000000,,,0,1,,,,,0.000099,
tabu,hfvrp_n005_m03_s03,5,3,0.500000,999,444.734799,0.000000,444.734799,0.000000,,,0,1,,,,,0.002596,
tabu,hfvrp_n005_m03_s02,5,3,0.500000,1234,392.228528,176.381442,480.419249,0.000000,,,0,1,,,,,0.000154,
tabu,hfvrp_n010_m03_s01,10,3,0.500000,50,515.549909,271.386050,651.242934,0.000000,,,0,1,,,,,0.006092,
tabu,hfvrp_n005_m03_s04,5,3,0.500000,200,278.576281,287.478473,422.315518,0.000000,,,0,1,,,,,0.002296,
tabu,hfvrp_n005_m03_s05,5,3,0.500000,100,384.694704,176.850818,473.120113,0.000000,,,0,1,,,,,0.000076,
tabu,hfvrp_n005_m03_s01,5,3,0.500000,1788060477830064590,350.283936,145.533835,423.050854,0.000000,,,0,1,,,,,0.000100,
tabu,hfvrp_n005_m03_s03,5,3,0.500000,1234,444.734799,0.000000,444.734799,0.000000,,,0,1,,,,,0.002418,
tabu,hfvrp_n005_m03_s02,5,3,0.500000,9999,392.228528,176.381442,480.419249,0.000000,,,0,1,,,,,0.000156,
tabu,hfvrp_n005_m03_s04,5,3,0.500000,999,278.576281,287.478473,422.315518,0.000000,,,0,1,,,,,0.000922,
tabu,hfvrp_n005_m03_s05,5,3,0.500000,200,384.694704,176.850818,473.120113,0.000000,,,0,1,,,,,0.000222,
tabu,hfvrp_n010_m03_s02,10,3,0.500000,1788060651616117073,527.854616,423.038749,739.373991,0.000000,,,0,1,,,,,0.003194,
tabu,hfvrp_n010_m03_s01,10,3,0.500000,75,515.549909,271.386050,651.242934,0.000000,,,0,1,,,,,0.003527,
tabu,hfvrp_n005_m03_s03,5,3,0.500000,9999,444.734799,0.000000,444.734799,0.000000,,,0,1,,,,,0.002918,
tabu,hfvrp_n005_m03_s02,5,3,0.500000,19345,392.228528,176.381442,480.419249,0.000000,,,0,1,,,,,0.000228,
tabu,hfvrp_n005_m03_s04,5,3,0.500000,1234,278.576281,287.478473,422.315518,0.000000,,,0,1,,,,,0.000927,
tabu,hfvrp_n005_m03_s05,5,3,0.500000,999,384.694704,176.850818,473.120113,0.000000,,,0,1,,,,,0.000155,
tabu,hfvrp_n005_m03_s03,5,3,0.500000,19345,444.734799,0.000000,444.734799,0.000000,,,0,1,,,,,0.002608,
tabu,hfvrp_n005_m03_s02,5,3,0.500000,1788052712788485605,392.228528,176.381442,480.419249,0.000000,,,0,1,,,,,0.000050,
tabu,hfvrp_n010_m03_s01,10,3,0.500000,100,515.549909,271.386050,651.242934,0.000000,,,0,1,,,,,0.003596,
tabu,hfvrp_n010_m03_s02,10,3,0.500000,1,527.854616,423.038749,739.373991,0.000000,,,0,1,,,,,0.003184,
tabu,hfvrp_n005_m03_s04,5,3,0.500000,9999,278.576281,287.478473,422.315518,0.000000,,,0,1,,,,,0.002311,
tabu,hfvrp_n005_m03_s05,5,3,0.500000,1234,384.694704,176.850818,473.120113,0.000000,,,0,1,,,,,0.000146,
tabu,hfvrp_n005_m03_s03,5,3,0.500000,1788052401178020553,444.734799,0.000000,444.734799,0.000000,,,0,1,,,,,0.001650,
tabu,hfvrp_n010_m03_s03,10,3,0.500000,1788052469965151409,603.750103,563.761094,885.630650,0.000000,,,0,1,,,,,0.000306,
tabu,hfvrp_n005_m03_s04,5,3,0.500000,19345,278.576281,287.478473,422.315518,0.000000,,,0,1,,,,,0.000937,
tabu,hfvrp_n005_m03_s05,5,3,0.500000,9999,384.694704,176.850818,473.120113,0.000000,,,0,1,,,,,0.000076,
tabu,hfvrp_n010_m03_s01,10,3,0.500000,200,515.549909,271.386050,651.242934,0.000000,,,0,1,,,,,0.003543,
tabu,hfvrp_n010_m03_s02,10,3,0.500000,10,527.854616,423.038749,739.373991,0.000000,,,0,1,,,,,0.006915,
tabu,hfvrp_n010_m03_s04,10,3,0.500000,1788053223550667373,567.788112,393.900677,764.738451,0.000000,,,0,1,,,,,0.000491,
tabu,hfvrp_n010_m03_s03,10,3,0.500000,1,603.750103,563.761094,885.630650,0.000000,,,0,1,,,,,0.000620,
tabu,hfvrp_n005_m03_s04,5,3,0.500000,1788053186086971520,278.576281,287.478473,422.315518,0.000000,,,0,1,,,,,0.000923,
tabu,hfvrp_n005_m03_s05,5,3,0.500000,19345,384.694704,176.850818,473.120113,0.000000,,,0,1,,,,,0.000256,
tabu,hfvrp_n010_m03_s01,10,3,0.500000,999,515.549909,271.386050,651.242934,0.000000,,,0,1,,,,,0.003519,
tabu,hfvrp_n010_m03_s02,10,3,0.500000,50,527.854616,423.038749,739.373991,0.000000,,,0,1,,,,,0.003194,
tabu,hfvrp_n010_m03_s04,10,3,0.500000,1,567.788112,393.900677,764.738451,0.000000,,,0,1,,,,,0.000671,
tabu,hfvrp_n005_m03_s05,5,3,0.500000,1788052784332624131,384.694704,176.850818,473.120113,0.000000,,,0,1,,,,,0.000080,
tabu,hfvrp_n010_m03_s05,10,3,0.500000,1788052986240779801,481.969273,655.167646,809.553096,0.000000,,,0,1,,,,,0.004302,
tabu,hfvrp_n010_m03_s03,10,3,0.500000,10,603.750103,563.761094,885.630650,0.000000,,,0,1,,,,,0.000378,
tabu,hfvrp_n015_m03_s01,15,3,0.500000,1788053658212443324,634.352947,1083.676552,1176.191223,0.000000,,,0,1,,,,,0.021399,
tabu,hfvrp_n010_m03_s01,10,3,0.500000,1234,515.549909,271.386050,651.242934,0.000000,,,0,1,,,,,0.003520,
tabu,hfvrp_n010_m03_s02,10,3,0.500000,75,527.854616,423.038749,739.373991,0.000000,,,0,1,,,,,0.004942,
tabu,hfvrp_n010_m03_s04,10,3,0.500000,10,567.788112,393.900677,764.738451,0.000000,,,0,1,,,,,0.000893,
tabu,hfvrp_n010_m03_s05,10,3,0.500000,1,481.969273,655.167646,809.553096,0.000000,,,0,1,,,,,0.003697,
tabu,hfvrp_n010_m03_s03,10,3,0.500000,50,603.750103,563.761094,885.630650,0.000000,,,0,1,,,,,0.000703,
tabu,hfvrp_n010_m03_s01,10,3,0.500000,9999,515.549909,271.386050,651.242934,0.000000,,,0,1,,,,,0.003517,
tabu,hfvrp_n010_m03_s02,10,3,0.500000,100,527.854616,423.038749,739.373991,0.000000,,,0,1,,,,,0.003134,
tabu,hfvrp_n010_m03_s04,10,3,0.500000,50,567.788112,393.900677,764.738451,0.000000,,,0,1,,,,,0.000504,
tabu,hfvrp_n015_m03_s01,15,3,0.500000,1,634.352947,1083.676552,1176.191223,0.000000,,,0,1,,,,,0.024243,
tabu,hfvrp_n010_m03_s05,10,3,0.500000,10,481.969273,655.167646,809.553096,0.000000,,,0,1,,,,,0.003709,
tabu,hfvrp_n010_m03_s03,10,3,0.500000,75,603.750103,563.761094,885.630650,0.000000,,,0,1,,,,,0.000710,
tabu,hfvrp_n010_m03_s01,10,3,0.500000,19345,515.549909,271.386050,651.242934,0.000000,,,0,1,,,,,0.006582,
tabu,hfvrp_n010_m03_s04,10,3,0.500000,75,567.788112,393.900677,764.738451,0.000000,,,0,1,,,,,0.000406,
tabu,hfvrp_n010_m03_s02,10,3,0.500000,200,527.854616,423.038749,739.373991,0.000000,,,0,1,,,,,0.007086,
tabu,hfvrp_n010_m03_s05,10,3,0.500000,50,481.969273,655.167646,809.553096,0.000000,,,0,1,,,,,0.003726,
tabu,hfvrp_n010_m03_s03,10,3,0.500000,100,603.750103,563.761094,885.630650,0.000000,,,0,1,,,,,0.000471,
tabu,hfvrp_n015_m03_s01,15,3,0.500000,10,634.352947,1083.676552,1176.191223,0.000000,,,0,1,,,,,0.024433,
tabu,hfvrp_n010_m03_s01,10,3,0.500000,1788054148810012657,515.549909,271.386050,651.242934,0.000000,,,0,1,,,,,0.003542,
tabu,hfvrp_n010_m03_s04,10,3,0.500000,100,567.788112,393.900677,764.738451,0.000000,,,0,1,,,,,0.000709,
tabu,hfvrp_n010_m03_s02,10,3,0.500000,999,527.854616,423.038749,739.373991,0.000000,,,0,1,,,,,0.003167,
tabu,hfvrp_n010_m03_s05,10,3,0.500000,75,481.969273,655.167646,809.553096,0.000000,,,0,1,,,,,0.003741,
tabu,hfvrp_n010_m03_s03,10,3,0.500000,200,603.750103,563.761094,885.630650,0.000000,,,0,1,,,,,0.000229,
tabu,hfvrp_n015_m03_s01,15,3,0.500000,50,634.352947,1083.676552,1176.191223,0.000000,,,0,1,,,,,0.023663,
tabu,hfvrp_n015_m03_s02,15,3,0.500000,1788053954293400053,722.833089,969.323635,1207.494906,0.000000,,,0,1,,,,,0.021778,
tabu,hfvrp_n010_m03_s04,10,3,0.500000,200,567.788112,393.900677,764.738451,0.000000,,,0,1,,,,,0.001293,
tabu,hfvrp_n010_m03_s02,10,3,0.500000,1234,527.854616,423.038749,739.373991,0.000000,,,0,1,,,,,0.007093,
tabu,hfvrp_n010_m03_s05,10,3,0.500000,100,481.969273,655.167646,809.553096,0.000000,,,0,1,,,,,0.006846,
tabu,hfvrp_n010_m03_s03,10,3,0.500000,999,603.750103,563.761094,885.630650,0.000000,,,0,1,,,,,0.000305,
tabu,hfvrp_n010_m03_s04,10,3,0.500000,999,567.788112,393.900677,764.738451,0.000000,,,0,1,,,,,0.001029,
tabu,hfvrp_n010_m03_s02,10,3,0.500000,9999,527.854616,423.038749,739.373991,0.000000,,,0,1,,,,,0.006671,
tabu,hfvrp_n015_m03_s01,15,3,0.500000,75,634.352947,1083.676552,1176.191223,0.000000,,,0,1,,,,,0.020120,
tabu,hfvrp_n010_m03_s05,10,3,0.500000,200,481.969273,655.167646,809.553096,0.000000,,,0,1,,,,,0.003700,
tabu,hfvrp_n015_m03_s02,15,3,0.500000,1,722.833089,969.323635,1207.494906,0.000000,,,0,1,,,,,0.023279,
tabu,hfvrp_n010_m03_s03,10,3,0.500000,1234,603.750103,563.761094,885.630650,0.000000,,,0,1,,,,,0.000694,
tabu,hfvrp_n010_m03_s04,10,3,0.500000,1234,567.788112,393.900677,764.738451,0.000000,,,0,1,,,,,0.001244,
tabu,hfvrp_n010_m03_s02,10,3,0.500000,19345,527.854616,423.038749,739.373991,0.000000,,,0,1,,,,,0.003144,
tabu,hfvrp_n010_m03_s05,10,3,0.500000,999,481.969273,655.167646,809.553096,0.000000,,,0,1,,,,,0.006206,
tabu,hfvrp_n010_m03_s03,10,3,0.500000,9999,603.750103,563.761094,885.630650,0.000000,,,0,1,,,,,0.000224,
tabu,hfvrp_n015_m03_s01,15,3,0.500000,100,634.352947,1083.676552,1176.191223,0.000000,,,0,1,,,,,0.020179,
tabu,hfvrp_n015_m03_s02,15,3,0.500000,10,722.833089,969.323635,1207.494906,0.000000,,,0,1,,,,,0.019847,
tabu,hfvrp_n010_m03_s04,10,3,0.500000,9999,567.788112,393.900677,764.738451,0.000000,,,0,1,,,,,0.000420,
tabu,hfvrp_n010_m03_s02,10,3,0.500000,1788054445092502299,527.854616,423.038749,739.373991,0.000000,,,0,1,,,,,0.003138,
tabu,hfvrp_n010_m03_s05,10,3,0.500000,1234,481.969273,655.167646,809.553096,0.000000,,,0,1,,,,,0.005314,
tabu,hfvrp_n010_m03_s03,10,3,0.500000,19345,603.750103,563.761094,885.630650,0.000000,,,0,1,,,,,0.000219,
tabu,hfvrp_n015_m03_s01,15,3,0.500000,200,634.352947,1083.676552,1176.191223,0.000000,,,0,1,,,,,0.020179,
tabu,hfvrp_n015_m03_s02,15,3,0.500000,50,722.833089,969.323635,1207.494906,0.000000,,,0,1,,,,,0.020057,
tabu,hfvrp_n010_m03_s04,10,3,0.500000,19345,567.788112,393.900677,764.738451,0.000000,,,0,1,,,,,0.000995,
tabu,hfvrp_n015_m03_s03,15,3,0.500000,1788055229906867039,532.308784,523.471010,794.044289,0.000000,,,0,1,,,,,0.011685,
tabu,hfvrp_n010_m03_s05,10,3,0.500000,9999,481.969273,655.167646,809.553096,0.000000,,,0,1,,,,,0.003757,
tabu,hfvrp_n010_m03_s03,10,3,0.500000,1788055436875483102,603.750103,563.761094,885.630650,0.000000,,,0,1,,,,,0.000249,
tabu,hfvrp_n010_m03_s04,10,3,0.500000,1788055464238167183,567.788112,393.900677,764.738451,0.000000,,,0,1,,,,,0.001254,
tabu,hfvrp_n015_m03_s01,15,3,0.500000,999,634.352947,1083.676552,1176.191223,0.000000,,,0,1,,,,,0.020141,
tabu,hfvrp_n010_m03_s05,10,3,0.500000,19345,481.969273,655.167646,809.553096,0.000000,,,0,1,,,,,0.005469,
tabu,hfvrp_n015_m03_s02,15,3,0.500000,75,722.833089,969.323635,1207.494906,0.000000,,,0,1,,,,,0.022459,
tabu,hfvrp_n015_m03_s04,15,3,0.500000,1788054958885536444,704.632524,1887.840354,1648.552701,0.000000,,,0,1,,,,,0.016600,
tabu,hfvrp_n015_m03_s03,15,3,0.500000,1,532.308784,523.471010,794.044289,0.000000,,,0,1,,,,,0.010643,
tabu,hfvrp_n015_m03_s05,15,3,0.500000,1788055123678592770,611.521308,824.122147,1023.582382,0.000000,,,0,1,,,,,0.004533,
tabu,hfvrp_n010_m03_s05,10,3,0.500000,1788055085813930891,481.969273,655.167646,809.553096,0.000000,,,0,1,,,,,0.007493,
tabu,hfvrp_n015_m03_s01,15,3,0.500000,1234,634.352947,1083.676552,1176.191223,0.000000,,,0,1,,,,,0.023389,
tabu,hfvrp_n015_m03_s02,15,3,0.500000,100,722.833089,969.323635,1207.494906,0.000000,,,0,1,,,,,0.024146,
tabu,hfvrp_n015_m03_s04,15,3,0.500000,1,704.632524,1887.840354,1648.552701,0.000000,,,0,1,,,,,0.012720,
tabu,hfvrp_n015_m03_s03,15,3,0.500000,10,532.308784,523.471010,794.044289,0.000000,,,0,1,,,,,0.015118,
tabu,hfvrp_n020_m04_s01,20,4,0.500000,1788055990829160885,827.005178,738.204791,1196.107573,0.000000,,,0,1,,,,,0.035236,
tabu,hfvrp_n015_m03_s05,15,3,0.500000,1,611.521308,824.122147,1023.582382,0.000000,,,0,1,,,,,0.007455,
tabu,hfvrp_n015_m03_s01,15,3,0.500000,9999,634.352947,1083.676552,1176.191223,0.000000,,,0,1,,,,,0.024168,
tabu,hfvrp_n015_m03_s02,15,3,0.500000,200,722.833089,969.323635,1207.494906,0.000000,,,0,1,,,,,0.019856,
tabu,hfvrp_n015_m03_s04,15,3,0.500000,10,704.632524,1887.840354,1648.552701,0.000000,,,0,1,,,,,0.013032,
tabu,hfvrp_n015_m03_s03,15,3,0.500000,50,532.308784,523.471010,794.044289,0.000000,,,0,1,,,,,0.010648,
tabu,hfvrp_n015_m03_s05,15,3,0.500000,10,611.521308,824.122147,1023.582382,0.000000,,,0,1,,,,,0.008108,
tabu,hfvrp_n020_m04_s01,20,4,0.500000,1,827.005178,738.204791,1196.107573,0.000000,,,0,1,,,,,0.034538,
tabu,hfvrp_n015_m03_s01,15,3,0.500000,19345,634.352947,1083.676552,1176.191223,0.000000,,,0,1,,,,,0.023489,
tabu,hfvrp_n015_m03_s02,15,3,0.500000,999,722.833089,969.323635,1207.494906,0.000000,,,0,1,,,,,0.023961,
tabu,hfvrp_n015_m03_s04,15,3,0.500000,50,704.632524,1887.840354,1648.552701,0.000000,,,0,1,,,,,0.015473,
tabu,hfvrp_n015_m03_s03,15,3,0.500000,75,532.308784,523.471010,794.044289,0.000000,,,0,1,,,,,0.010704,
tabu,hfvrp_n015_m03_s05,15,3,0.500000,50,611.521308,824.122147,1023.582382,0.000000,,,0,1,,,,,0.007001,
tabu,hfvrp_n015_m03_s01,15,3,0.500000,1788056361390512573,634.352947,1083.676552,1176.191223,0.000000,,,0,1,,,,,0.023991,
tabu,hfvrp_n015_m03_s02,15,3,0.500000,1234,722.833089,969.323635,1207.494906,0.000000,,,0,1,,,,,0.019848,
tabu,hfvrp_n015_m03_s04,15,3,0.500000,75,704.632524,1887.840354,1648.552701,0.000000,,,0,1,,,,,0.016138,
tabu,hfvrp_n020_m04_s01,20,4,0.500000,10,827.005178,738.204791,1196.107573,0.000000,,,0,1,,,,,0.033500,
tabu,hfvrp_n015_m03_s03,15,3,0.500000,100,532.308784,523.471010,794.044289,0.000000,,,0,1,,,,,0.013961,
tabu,hfvrp_n015_m03_s05,15,3,0.500000,75,611.521308,824.122147,1023.582382,0.000000,,,0,1,,,,,0.009163,
tabu,hfvrp_n020_m04_s02,20,4,0.500000,1788056146411668737,839.456385,853.351559,1266.132164,0.000000,,,0,1,,,,,0.028761,
tabu,hfvrp_n015_m03_s02,15,3,0.500000,9999,722.833089,969.323635,1207.494906,0.000000,,,0,1,,,,,0.019843,
tabu,hfvrp_n015_m03_s04,15,3,0.500000,100,704.632524,1887.840354,1648.552701,0.000000,,,0,1,,,,,0.016196,
tabu,hfvrp_n015_m03_s03,15,3,0.500000,200,532.308784,523.471010,794.044289,0.000000,,,0,1,,,,,0.010672,
tabu,hfvrp_n020_m04_s01,20,4,0.500000,50,827.005178,738.204791,1196.107573,0.000000,,,0,1,,,,,0.033182,
tabu,hfvrp_n015_m03_s05,15,3,0.500000,100,611.521308,824.122147,1023.582382,0.000000,,,0,1,,,,,0.004884,
tabu,hfvrp_n015_m03_s02,15,3,0.500000,19345,722.833089,969.323635,1207.494906,0.000000,,,0,1,,,,,0.022724,
tabu,hfvrp_n015_m03_s04,15,3,0.500000,200,704.632524,1887.840354,1648.552701,0.000000,,,0,1,,,,,0.016809,
tabu,hfvrp_n020_m04_s02,20,4,0.500000,1,839.456385,853.351559,1266.132164,0.000000,,,0,1,,,,,0.028178,
tabu,hfvrp_n015_m03_s03,15,3,0.500000,999,532.308784,523.471010,794.044289,0.000000,,,0,1,,,,,0.014822,
tabu,hfvrp_n015_m03_s05,15,3,0.500000,200,611.521308,824.122147,1023.582382,0.000000,,,0,1,,,,,0.004502,
tabu,hfvrp_n020_m04_s01,20,4,0.500000,75,827.005178,738.204791,1196.107573,0.000000,,,0,1,,,,,0.034054,
tabu,hfvrp_n015_m03_s02,15,3,0.500000,1788048299809509984,722.833089,969.323635,1207.494906,0.000000,,,0,1,,,,,0.023712,
tabu,hfvrp_n015_m03_s04,15,3,0.500000,999,704.632524,1887.840354,1648.552701,0.000000,,,0,1,,,,,0.012910,
tabu,hfvrp_n015_m03_s03,15,3,0.500000,1234,532.308784,523.471010,794.044289,0.000000,,,0,1,,,,,0.012879,
tabu,hfvrp_n020_m04_s02,20,4,0.500000,10,839.456385,853.351559,1266.132164,0.000000,,,0,1,,,,,0.028281,
tabu,hfvrp_n015_m03_s05,15,3,0.500000,999,611.521308,824.122147,1023.582382,0.000000,,,0,1,,,,,0.007861,
tabu,hfvrp_n015_m03_s04,15,3,0.500000,1234,704.632524,1887.840354,1648.552701,0.000000,,,0,1,,,,,0.016638,
tabu,hfvrp_n020_m04_s03,20,4,0.500000,1788048063453495895,815.122215,1373.187014,1501.715722,0.000000,,,0,1,,,,,0.028380,
tabu,hfvrp_n020_m04_s01,20,4,0.500000,100,827.005178,738.204791,1196.107573,0.000000,,,0,1,,,,,0.033659,
tabu,hfvrp_n015_m03_s03,15,3,0.500000,9999,532.308784,523.471010,794.044289,0.000000,,,0,1,,,,,0.010753,
tabu,hfvrp_n015_m03_s05,15,3,0.500000,1234,611.521308,824.122147,1023.582382,0.000000,,,0,1,,,,,0.004495,
tabu,hfvrp_n020_m04_s02,20,4,0.500000,50,839.456385,853.351559,1266.132164,0.000000,,,0,1,,,,,0.029975,
tabu,hfvrp_n015_m03_s04,15,3,0.500000,9999,704.632524,1887.840354,1648.552701,0.000000,,,0,1,,,,,0.012890,
tabu,hfvrp_n015_m03_s03,15,3,0.500000,19345,532.308784,523.471010,794.044289,0.000000,,,0,1,,,,,0.014123,
tabu,hfvrp_n020_m04_s03,20,4,0.500000,1,815.122215,1373.187014,1501.715722,0.000000,,,0,1,,,,,0.023803,
tabu,hfvrp_n020_m04_s01,20,4,0.500000,200,827.005178,738.204791,1196.107573,0.000000,,,0,1,,,,,0.034107,
tabu,hfvrp_n015_m03_s05,15,3,0.500000,9999,611.521308,824.122147,1023.582382,0.000000,,,0,1,,,,,0.006606,
tabu,hfvrp_n015_m03_s04,15,3,0.500000,19345,704.632524,1887.840354,1648.552701,0.000000,,,0,1,,,,,0.012958,
tabu,hfvrp_n020_m04_s02,20,4,0.500000,75,839.456385,853.351559,1266.132164,0.000000,,,0,1,,,,,0.027885,
tabu,hfvrp_n015_m03_s03,15,3,0.500000,1788048501688582789,532.308784,523.471010,794.044289,0.000000,,,0,1,,,,,0.015081,
tabu,hfvrp_n015_m03_s05,15,3,0.500000,19345,611.521308,824.122147,1023.582382,0.000000,,,0,1,,,,,0.006253,
tabu,hfvrp_n020_m04_s03,20,4,0.500000,10,815.122215,1373.187014,1501.715722,0.000000,,,0,1,,,,,0.028007,
tabu,hfvrp_n020_m04_s01,20,4,0.500000,999,827.005178,738.204791,1196.107573,0.000000,,,0,1,,,,,0.037879,
tabu,hfvrp_n015_m03_s04,15,3,0.500000,1788048350404467782,704.632524,1887.840354,1648.552701,0.000000,,,0,1,,,,,0.012986,
tabu,hfvrp_n020_m04_s04,20,4,0.500000,1788048424191239266,939.215292,1179.524252,1528.977418,0.000000,,,0,1,,,,,0.029264,
tabu,hfvrp_n020_m04_s02,20,4,0.500000,100,839.456385,853.351559,1266.132164,0.000000,,,0,1,,,,,0.031891,
tabu,hfvrp_n015_m03_s05,15,3,0.500000,1788049340531927640,611.521308,824.122147,1023.582382,0.000000,,,0,1,,,,,0.004495,
tabu,hfvrp_n020_m04_s05,20,4,0.500000,1788049402451095555,852.008424,1335.966718,1519.991783,0.000000,,,0,1,,,,,0.029617,
tabu,hfvrp_n020_m04_s03,20,4,0.500000,50,815.122215,1373.187014,1501.715722,0.000000,,,0,1,,,,,0.028396,
tabu,hfvrp_n020_m04_s01,20,4,0.500000,1234,827.005178,738.204791,1196.107573,0.000000,,,0,1,,,,,0.037544,
tabu,hfvrp_n020_m04_s04,20,4,0.500000,1,939.215292,1179.524252,1528.977418,0.000000,,,0,1,,,,,0.027499,
tabu,hfvrp_n030_m06_s01,30,6,0.500000,1788049301689148156,1436.571609,1993.846841,2433.495029,0.000000,,,0,1,,,,,0.080232,
tabu,hfvrp_n020_m04_s02,20,4,0.500000,200,839.456385,853.351559,1266.132164,0.000000,,,0,1,,,,,0.032124,
tabu,hfvrp_n020_m04_s05,20,4,0.500000,1,852.008424,1335.966718,1519.991783,0.000000,,,0,1,,,,,0.031056,
tabu,hfvrp_n020_m04_s03,20,4,0.500000,75,815.122215,1373.187014,1501.715722,0.000000,,,0,1,,,,,0.023680,
tabu,hfvrp_n020_m04_s01,20,4,0.500000,9999,827.005178,738.204791,1196.107573,0.000000,,,0,1,,,,,0.035638,
tabu,hfvrp_n020_m04_s04,20,4,0.500000,10,939.215292,1179.524252,1528.977418,0.000000,,,0,1,,,,,0.031317,
tabu,hfvrp_n020_m04_s02,20,4,0.500000,999,839.456385,853.351559,1266.132164,0.000000,,,0,1,,,,,0.031683,
tabu,hfvrp_n030_m06_s01,30,6,0.500000,1,1436.571609,1993.846841,2433.495029,0.000000,,,0,1,,,,,0.081487,
tabu,hfvrp_n020_m04_s05,20,4,0.500000,10,852.008424,1335.966718,1519.991783,0.000000,,,0,1,,,,,0.029368,
tabu,hfvrp_n020_m04_s03,20,4,0.500000,100,815.122215,1373.187014,1501.715722,0.000000,,,0,1,,,,,0.026844,
tabu,hfvrp_n020_m04_s01,20,4,0.500000,19345,827.005178,738.204791,1196.107573,0.000000,,,0,1,,,,,0.035328,
tabu,hfvrp_n020_m04_s04,20,4,0.500000,50,939.215292,1179.524252,1528.977418,0.000000,,,0,1,,,,,0.030976,
tabu,hfvrp_n020_m04_s02,20,4,0.500000,1234,839.456385,853.351559,1266.132164,0.000000,,,0,1,,,,,0.028193,
tabu,hfvrp_n020_m04_s05,20,4,0.500000,50,852.008424,1335.966718,1519.991783,0.000000,,,0,1,,,,,0.028245,
tabu,hfvrp_n020_m04_s03,20,4,0.500000,200,815.122215,1373.187014,1501.715722,0.000000,,,0,1,,,,,0.026706,
tabu,hfvrp_n020_m04_s01,20,4,0.500000,1788049801809798716,827.005178,738.204791,1196.107573,0.000000,,,0,1,,,,,0.036957,
tabu,hfvrp_n020_m04_s04,20,4,0.500000,75,939.215292,1179.524252,1528.977418,0.000000,,,0,1,,,,,0.029196,
tabu,hfvrp_n030_m06_s01,30,6,0.500000,10,1436.571609,1993.846841,2433.495029,0.000000,,,0,1,,,,,0.082204,
tabu,hfvrp_n020_m04_s02,20,4,0.500000,9999,839.456385,853.351559,1266.132164,0.000000,,,0,1,,,,,0.028171,
tabu,hfvrp_n020_m04_s05,20,4,0.500000,75,852.008424,1335.966718,1519.991783,0.000000,,,0,1,,,,,0.032364,
tabu,hfvrp_n020_m04_s03,20,4,0.500000,999,815.122215,1373.187014,1501.715722,0.000000,,,0,1,,,,,0.028544,
tabu,hfvrp_n030_m06_s02,30,6,0.500000,1788049476571446186,1283.473372,1831.100229,2199.023486,0.000000,,,0,1,,,,,0.096692,
tabu,hfvrp_n020_m04_s04,20,4,0.500000,100,939.215292,1179.524252,1528.977418,0.000000,,,0,1,,,,,0.027175,
tabu,hfvrp_n020_m04_s02,20,4,0.500000,19345,839.456385,853.351559,1266.132164,0.000000,,,0,1,,,,,0.028155,
tabu,hfvrp_n020_m04_s05,20,4,0.500000,100,852.008424,1335.966718,1519.991783,0.000000,,,0,1,,,,,0.031919,
tabu,hfvrp_n020_m04_s03,20,4,0.500000,1234,815.122215,1373.187014,1501.715722,0.000000,,,0,1,,,,,0.024416,
tabu,hfvrp_n030_m06_s01,30,6,0.500000,50,1436.571609,1993.846841,2433.495029,0.000000,,,0,1,,,,,0.083780,
tabu,hfvrp_n020_m04_s04,20,4,0.500000,200,939.215292,1179.524252,1528.977418,0.000000,,,0,1,,,,,0.027142,
tabu,hfvrp_n020_m04_s02,20,4,0.500000,1788050329906538672,839.456385,853.351559,1266.132164,0.000000,,,0,1,,,,,0.032594,
tabu,hfvrp_n030_m06_s02,30,6,0.500000,1,1283.473372,1831.100229,2199.023486,0.000000,,,0,1,,,,,0.090028,
tabu,hfvrp_n020_m04_s05,20,4,0.500000,200,852.008424,1335.966718,1519.991783,0.000000,,,0,1,,,,,0.030932,
tabu,hfvrp_n020_m04_s03,20,4,0.500000,9999,815.122215,1373.187014,1501.715722,0.000000,,,0,1,,,,,0.026900,
tabu,hfvrp_n020_m04_s04,20,4,0.500000,999,939.215292,1179.524252,1528.977418,0.000000,,,0,1,,,,,0.031325,
tabu,hfvrp_n030_m06_s03,30,6,0.500000,1788050219328700579,1411.253827,1412.394883,2117.451269,0.000000,,,0,1,,,,,0.075143,
tabu,hfvrp_n030_m06_s01,30,6,0.500000,75,1436.571609,1993.846841,2433.495029,0.000000,,,0,1,,,,,0.083580,
tabu,hfvrp_n020_m04_s05,20,4,0.500000,999,852.008424,1335.966718,1519.991783,0.000000,,,0,1,,,,,0.031503,
tabu,hfvrp_n020_m04_s03,20,4,0.500000,19345,815.122215,1373.187014,1501.715722,0.000000,,,0,1,,,,,0.026780,
tabu,hfvrp_n030_m06_s02,30,6,0.500000,10,1283.473372,1831.100229,2199.023486,0.000000,,,0,1,,,,,0.092340,
tabu,hfvrp_n020_m04_s04,20,4,0.500000,1234,939.215292,1179.524252,1528.977418,0.000000,,,0,1,,,,,0.030126,
tabu,hfvrp_n020_m04_s05,20,4,0.500000,1234,852.008424,1335.966718,1519.991783,0.000000,,,0,1,,,,,0.030486,
tabu,hfvrp_n020_m04_s03,20,4,0.500000,1788051086384374192,815.122215,1373.187014,1501.715722,0.000000,,,0,1,,,,,0.023885,
tabu,hfvrp_n030_m06_s03,30,6,0.500000,1,1411.253827,1412.394883,2117.451269,0.000000,,,0,1,,,,,0.073359,
tabu,hfvrp_n030_m06_s01,30,6,0.500000,100,1436.571609,1993.846841,2433.495029,0.000000,,,0,1,,,,,0.082629,
tabu,hfvrp_n020_m04_s04,20,4,0.500000,9999,939.215292,1179.524252,1528.977418,0.000000,,,0,1,,,,,0.027184,
tabu,hfvrp_n030_m06_s02,30,6,0.500000,50,1283.473372,1831.100229,2199.023486,0.000000,,,0,1,,,,,0.096901,
tabu,hfvrp_n020_m04_s05,20,4,0.500000,9999,852.008424,1335.966718,1519.991783,0.000000,,,0,1,,,,,0.031953,
tabu,hfvrp_n030_m06_s04,30,6,0.500000,1788050713888428675,1292.422027,1526.384743,2055.614398,0.000000,,,0,1,,,,,0.125145,
tabu,hfvrp_n020_m04_s04,20,4,0.500000,19345,939.215292,1179.524252,1528.977418,0.000000,,,0,1,,,,,0.030307,
tabu,hfvrp_n030_m06_s03,30,6,0.500000,10,1411.253827,1412.394883,2117.451269,0.000000,,,0,1,,,,,0.075890,
tabu,hfvrp_n030_m06_s01,30,6,0.500000,200,1436.571609,1993.846841,2433.495029,0.000000,,,0,1,,,,,0.079652,
tabu,hfvrp_n020_m04_s05,20,4,0.500000,19345,852.008424,1335.966718,1519.991783,0.000000,,,0,1,,,,,0.028127,
tabu,hfvrp_n030_m06_s02,30,6,0.500000,75,1283.473372,1831.100229,2199.023486,0.000000,,,0,1,,,,,0.091809,
tabu,hfvrp_n020_m04_s04,20,4,0.500000,1788050587581030716,939.215292,1179.524252,1528.977418,0.000000,,,0,1,,,,,0.028383,
tabu,hfvrp_n030_m06_s04,30,6,0.500000,1,1292.422027,1526.384743,2055.614398,0.000000,,,0,1,,,,,0.122846,
tabu,hfvrp_n020_m04_s05,20,4,0.500000,1788051613260847741,852.008424,1335.966718,1519.991783,0.000000,,,0,1,,,,,0.031139,
tabu,hfvrp_n030_m06_s03,30,6,0.500000,50,1411.253827,1412.394883,2117.451269,0.000000,,,0,1,,,,,0.072535,
tabu,hfvrp_n030_m06_s01,30,6,0.500000,999,1436.571609,1993.846841,2433.495029,0.000000,,,0,1,,,,,0.080484,
tabu,hfvrp_n030_m06_s05,30,6,0.500000,1788051477743448982,1233.399279,1610.539710,2038.669134,0.000000,,,0,1,,,,,0.066894,
tabu,hfvrp_n030_m06_s02,30,6,0.500000,100,1283.473372,1831.100229,2199.023486,0.000000,,,0,1,,,,,0.096273,
tabu,hfvrp_n050_m10_s01,50,10,0.500000,1788051309450033142,2705.762192,2597.557876,4004.541131,0.000000,,,0,1,,,,,0.331306,
tabu,hfvrp_n030_m06_s04,30,6,0.500000,10,1292.422027,1526.384743,2055.614398,0.000000,,,0,1,,,,,0.126691,
tabu,hfvrp_n030_m06_s03,30,6,0.500000,75,1411.253827,1412.394883,2117.451269,0.000000,,,0,1,,,,,0.076592,
tabu,hfvrp_n030_m06_s01,30,6,0.500000,1234,1436.571609,1993.846841,2433.495029,0.000000,,,0,1,,,,,0.083011,
tabu,hfvrp_n030_m06_s05,30,6,0.500000,1,1233.399279,1610.539710,2038.669134,0.000000,,,0,1,,,,,0.070620,
tabu,hfvrp_n030_m06_s02,30,6,0.500000,200,1283.473372,1831.100229,2199.023486,0.000000,,,0,1,,,,,0.093227,
tabu,hfvrp_n030_m06_s04,30,6,0.500000,50,1292.422027,1526.384743,2055.614398,0.000000,,,0,1,,,,,0.123584,
tabu,hfvrp_n030_m06_s03,30,6,0.500000,100,1411.253827,1412.394883,2117.451269,0.000000,,,0,1,,,,,0.075199,
tabu,hfvrp_n030_m06_s01,30,6,0.500000,9999,1436.571609,1993.846841,2433.495029,0.000000,,,0,1,,,,,0.082949,
tabu,hfvrp_n030_m06_s05,30,6,0.500000,10,1233.399279,1610.539710,2038.669134,0.000000,,,0,1,,,,,0.064616,
tabu,hfvrp_n050_m10_s01,50,10,0.500000,1,2705.762192,2597.557876,4004.541131,0.000000,,,0,1,,,,,0.328032,
tabu,hfvrp_n030_m06_s02,30,6,0.500000,999,1283.473372,1831.100229,2199.023486,0.000000,,,0,1,,,,,0.096028,
tabu,hfvrp_n030_m06_s04,30,6,0.500000,75,1292.422027,1526.384743,2055.614398,0.000000,,,0,1,,,,,0.126400,
tabu,hfvrp_n030_m06_s03,30,6,0.500000,200,1411.253827,1412.394883,2117.451269,0.000000,,,0,1,,,,,0.076592,
tabu,hfvrp_n030_m06_s01,30,6,0.500000,19345,1436.571609,1993.846841,2433.495029,0.000000,,,0,1,,,,,0.082242,
tabu,hfvrp_n030_m06_s05,30,6,0.500000,50,1233.399279,1610.539710,2038.669134,0.000000,,,0,1,,,,,0.065017,
tabu,hfvrp_n030_m06_s02,30,6,0.500000,1234,1283.473372,1831.100229,2199.023486,0.000000,,,0,1,,,,,0.095919,
tabu,hfvrp_n030_m06_s04,30,6,0.500000,100,1292.422027,1526.384743,2055.614398,0.000000,,,0,1,,,,,0.125666,
tabu,hfvrp_n030_m06_s03,30,6,0.500000,999,1411.253827,1412.394883,2117.451269,0.000000,,,0,1,,,,,0.074940,
tabu,hfvrp_n050_m10_s01,50,10,0.500000,10,2705.762192,2597.557876,4004.541131,0.000000,,,0,1,,,,,0.333502,
tabu,hfvrp_n030_m06_s01,30,6,0.500000,1788051810967987027,1436.571609,1993.846841,2433.495029,0.000000,,,0,1,,,,,0.082191,
tabu,hfvrp_n030_m06_s05,30,6,0.500000,75,1233.399279,1610.539710,2038.669134,0.000000,,,0,1,,,,,0.065363,
tabu,hfvrp_n030_m06_s02,30,6,0.500000,9999,1283.473372,1831.100229,2199.023486,0.000000,,,0,1,,,,,0.093935,
tabu,hfvrp_n030_m06_s04,30,6,0.500000,200,1292.422027,1526.384743,2055.614398,0.000000,,,0,1,,,,,0.121978,
tabu,hfvrp_n030_m06_s03,30,6,0.500000,1234,1411.253827,1412.394883,2117.451269,0.000000,,,0,1,,,,,0.074587,
tabu,hfvrp_n050_m10_s02,50,10,0.500000,1788043877821505589,2535.334896,5769.368282,5420.019038,0.000000,,,0,1,,,,,0.267611,
tabu,hfvrp_n030_m06_s05,30,6,0.500000,100,1233.399279,1610.539710,2038.669134,0.000000,,,0,1,,,,,0.068524,
tabu,hfvrp_n030_m06_s02,30,6,0.500000,19345,1283.473372,1831.100229,2199.023486,0.000000,,,0,1,,,,,0.095127,
tabu,hfvrp_n030_m06_s04,30,6,0.500000,999,1292.422027,1526.384743,2055.614398,0.000000,,,0,1,,,,,0.121989,
tabu,hfvrp_n050_m10_s01,50,10,0.500000,50,2705.762192,2597.557876,4004.541131,0.000000,,,0,1,,,,,0.325094,
tabu,hfvrp_n030_m06_s03,30,6,0.500000,9999,1411.253827,1412.394883,2117.451269,0.000000,,,0,1,,,,,0.075859,
tabu,hfvrp_n030_m06_s05,30,6,0.500000,200,1233.399279,1610.539710,2038.669134,0.000000,,,0,1,,,,,0.065089,
tabu,hfvrp_n030_m06_s02,30,6,0.500000,1788043609532911005,1283.473372,1831.100229,2199.023486,0.000000,,,0,1,,,,,0.091852,
tabu,hfvrp_n030_m06_s04,30,6,0.500000,1234,1292.422027,1526.384743,2055.614398,0.000000,,,0,1,,,,,0.121350,
tabu,hfvrp_n050_m10_s02,50,10,0.500000,1,2535.334896,5769.368282,5420.019038,0.000000,,,0,1,,,,,0.266927,
tabu,hfvrp_n030_m06_s03,30,6,0.500000,19345,1411.253827,1412.394883,2117.451269,0.000000,,,0,1,,,,,0.075063,
tabu,hfvrp_n030_m06_s05,30,6,0.500000,999,1233.399279,1610.539710,2038.669134,0.000000,,,0,1,,,,,0.068179,
tabu,hfvrp_n050_m10_s03,50,10,0.500000,1788043411540566624,2386.854754,3669.235194,4221.472351,0.000000,,,0,1,,,,,0.463207,
tabu,hfvrp_n050_m10_s01,50,10,0.500000,75,2705.762192,2597.557876,4004.541131,0.000000,,,0,1,,,,,0.327482,
tabu,hfvrp_n030_m06_s04,30,6,0.500000,9999,1292.422027,1526.384743,2055.614398,0.000000,,,0,1,,,,,0.125403,
tabu,hfvrp_n030_m06_s03,30,6,0.500000,1788043484183594873,1411.253827,1412.394883,2117.451269,0.000000,,,0,1,,,,,0.071239,
tabu,hfvrp_n030_m06_s05,30,6,0.500000,1234,1233.399279,1610.539710,2038.669134,0.000000,,,0,1,,,,,0.068343,
tabu,hfvrp_n050_m10_s02,50,10,0.500000,10,2535.334896,5769.368282,5420.019038,0.000000,,,0,1,,,,,0.261795,
tabu,hfvrp_n030_m06_s04,30,6,0.500000,19345,1292.422027,1526.384743,2055.614398,0.000000,,,0,1,,,,,0.125127,
tabu,hfvrp_n050_m10_s04,50,10,0.500000,1788043672774372769,2607.791756,3938.390865,4576.987188,0.000000,,,0,1,,,,,0.324546,
tabu,hfvrp_n030_m06_s05,30,6,0.500000,9999,1233.399279,1610.539710,2038.669134,0.000000,,,0,1,,,,,0.065598,
tabu,hfvrp_n050_m10_s03,50,10,0.500000,1,2386.854754,3669.235194,4221.472351,0.000000,,,0,1,,,,,0.462663,
tabu,hfvrp_n050_m10_s01,50,10,0.500000,100,2705.762192,2597.557876,4004.541131,0.000000,,,0,1,,,,,0.359654,
tabu,hfvrp_n030_m06_s04,30,6,0.500000,1788043804560238892,1292.422027,1526.384743,2055.614398,0.000000,,,0,1,,,,,0.123443,
tabu,hfvrp_n030_m06_s05,30,6,0.500000,19345,1233.399279,1610.539710,2038.669134,0.000000,,,0,1,,,,,0.068711,
tabu,hfvrp_n050_m10_s02,50,10,0.500000,50,2535.334896,5769.368282,5420.019038,0.000000,,,0,1,,,,,0.267601,
tabu,hfvrp_n050_m10_s04,50,10,0.500000,1,2607.791756,3938.390865,4576.987188,0.000000,,,0,1,,,,,0.327696,
tabu,hfvrp_n050_m10_s05,50,10,0.500000,1788045066936618274,2666.924522,3287.465095,4310.657069,0.000000,,,0,1,,,,,0.397198,
tabu,hfvrp_n050_m10_s03,50,10,0.500000,10,2386.854754,3669.235194,4221.472351,0.000000,,,0,1,,,,,0.468177,
tabu,hfvrp_n050_m10_s01,50,10,0.500000,200,2705.762192,2597.557876,4004.541131,0.000000,,,0,1,,,,,0.330596,
tabu,hfvrp_n030_m06_s05,30,6,0.500000,1788045168793939685,1233.399279,1610.539710,2038.669134,0.000000,,,0,1,,,,,0.068725,
tabu,hfvrp_n050_m10_s02,50,10,0.500000,75,2535.334896,5769.368282,5420.019038,0.000000,,,0,1,,,,,0.267179,
tabu,hfvrp_n075_m15_s01,75,15,0.500000,1788045318766404927,3911.294189,3520.995821,5671.792100,0.000000,,,0,1,,,,,1.473043,
tabu,hfvrp_n050_m10_s04,50,10,0.500000,10,2607.791756,3938.390865,4576.987188,0.000000,,,0,1,,,,,0.330123,
tabu,hfvrp_n050_m10_s05,50,10,0.500000,1,2666.924522,3287.465095,4310.657069,0.000000,,,0,1,,,,,0.402884,
tabu,hfvrp_n050_m10_s03,50,10,0.500000,50,2386.854754,3669.235194,4221.472351,0.000000,,,0,1,,,,,0.471492,
tabu,hfvrp_n050_m10_s01,50,10,0.500000,999,2705.762192,2597.557876,4004.541131,0.000000,,,0,1,,,,,0.331828,
tabu,hfvrp_n050_m10_s02,50,10,0.500000,100,2535.334896,5769.368282,5420.019038,0.000000,,,0,1,,,,,0.267329,
tabu,hfvrp_n050_m10_s04,50,10,0.500000,50,2607.791756,3938.390865,4576.987188,0.000000,,,0,1,,,,,0.324514,
tabu,hfvrp_n050_m10_s05,50,10,0.500000,10,2666.924522,3287.465095,4310.657069,0.000000,,,0,1,,,,,0.405016,
tabu,hfvrp_n050_m10_s01,50,10,0.500000,1234,2705.762192,2597.557876,4004.541131,0.000000,,,0,1,,,,,0.330854,
tabu,hfvrp_n050_m10_s03,50,10,0.500000,75,2386.854754,3669.235194,4221.472351,0.000000,,,0,1,,,,,0.464235,
tabu,hfvrp_n075_m15_s01,75,15,0.500000,1,3911.294189,3520.995821,5671.792100,0.000000,,,0,1,,,,,1.459791,
tabu,hfvrp_n050_m10_s02,50,10,0.500000,200,2535.334896,5769.368282,5420.019038,0.000000,,,0,1,,,,,0.264022,
tabu,hfvrp_n050_m10_s04,50,10,0.500000,75,2607.791756,3938.390865,4576.987188,0.000000,,,0,1,,,,,0.326089,
tabu,hfvrp_n050_m10_s05,50,10,0.500000,50,2666.924522,3287.465095,4310.657069,0.000000,,,0,1,,,,,0.404209,
tabu,hfvrp_n050_m10_s03,50,10,0.500000,100,2386.854754,3669.235194,4221.472351,0.000000,,,0,1,,,,,0.470625,
tabu,hfvrp_n050_m10_s01,50,10,0.500000,9999,2705.762192,2597.557876,4004.541131,0.000000,,,0,1,,,,,0.334665,
tabu,hfvrp_n050_m10_s02,50,10,0.500000,999,2535.334896,5769.368282,5420.019038,0.000000,,,0,1,,,,,0.261562,
tabu,hfvrp_n050_m10_s04,50,10,0.500000,100,2607.791756,3938.390865,4576.987188,0.000000,,,0,1,,,,,0.326836,
tabu,hfvrp_n050_m10_s05,50,10,0.500000,75,2666.924522,3287.465095,4310.657069,0.000000,,,0,1,,,,,0.404629,
tabu,hfvrp_n050_m10_s01,50,10,0.500000,19345,2705.762192,2597.557876,4004.541131,0.000000,,,0,1,,,,,0.325495,
tabu,hfvrp_n050_m10_s03,50,10,0.500000,200,2386.854754,3669.235194,4221.472351,0.000000,,,0,1,,,,,0.463729,
tabu,hfvrp_n075_m15_s01,75,15,0.500000,10,3911.294189,3520.995821,5671.792100,0.000000,,,0,1,,,,,1.466117,
tabu,hfvrp_n050_m10_s02,50,10,0.500000,1234,2535.334896,5769.368282,5420.019038,0.000000,,,0,1,,,,,0.265228,
tabu,hfvrp_n050_m10_s04,50,10,0.500000,200,2607.791756,3938.390865,4576.987188,0.000000,,,0,1,,,,,0.326453,
tabu,hfvrp_n050_m10_s05,50,10,0.500000,100,2666.924522,3287.465095,4310.657069,0.000000,,,0,1,,,,,0.399832,
tabu,hfvrp_n050_m10_s01,50,10,0.500000,1788046231696080840,2705.762192,2597.557876,4004.541131,0.000000,,,0,1,,,,,0.332318,
tabu,hfvrp_n050_m10_s03,50,10,0.500000,999,2386.854754,3669.235194,4221.472351,0.000000,,,0,1,,,,,0.463658,
tabu,hfvrp_n050_m10_s02,50,10,0.500000,9999,2535.334896,5769.368282,5420.019038,0.000000,,,0,1,,,,,0.263481,
tabu,hfvrp_n050_m10_s04,50,10,0.500000,999,2607.791756,3938.390865,4576.987188,0.000000,,,0,1,,,,,0.324580,
tabu,hfvrp_n075_m15_s01,75,15,0.500000,50,3911.294189,3520.995821,5671.792100,0.000000,,,0,1,,,,,1.469856,
tabu,hfvrp_n050_m10_s05,50,10,0.500000,200,2666.924522,3287.465095,4310.657069,0.000000,,,0,1,,,,,0.402025,
tabu,hfvrp_n050_m10_s03,50,10,0.500000,1234,2386.854754,3669.235194,4221.472351,0.000000,,,0,1,,,,,0.465607,
tabu,hfvrp_n075_m15_s02,75,15,0.500000,1788046297486675196,4255.466536,6905.184376,7708.058724,0.000000,,,0,1,,,,,1.476629,
tabu,hfvrp_n050_m10_s02,50,10,0.500000,19345,2535.334896,5769.368282,5420.019038,0.000000,,,0,1,,,,,0.268217,
tabu,hfvrp_n050_m10_s04,50,10,0.500000,1234,2607.791756,3938.390865,4576.987188,0.000000,,,0,1,,,,,0.324236,
tabu,hfvrp_n050_m10_s05,50,10,0.500000,999,2666.924522,3287.465095,4310.657069,0.000000,,,0,1,,,,,0.401833,
tabu,hfvrp_n050_m10_s03,50,10,0.500000,9999,2386.854754,3669.235194,4221.472351,0.000000,,,0,1,,,,,0.464085,
tabu,hfvrp_n075_m15_s01,75,15,0.500000,75,3911.294189,3520.995821,5671.792100,0.000000,,,0,1,,,,,1.462386,
tabu,hfvrp_n050_m10_s02,50,10,0.500000,1788046620708483167,2535.334896,5769.368282,5420.019038,0.000000,,,0,1,,,,,0.262996,
tabu,hfvrp_n050_m10_s04,50,10,0.500000,9999,2607.791756,3938.390865,4576.987188,0.000000,,,0,1,,,,,0.326723,
tabu,hfvrp_n075_m15_s02,75,15,0.500000,1,4255.466536,6905.184376,7708.058724,0.000000,,,0,1,,,,,1.471355,
tabu,hfvrp_n050_m10_s05,50,10,0.500000,1234,2666.924522,3287.465095,4310.657069,0.000000,,,0,1,,,,,0.402513,
tabu,hfvrp_n050_m10_s03,50,10,0.500000,19345,2386.854754,3669.235194,4221.472351,0.000000,,,0,1,,,,,0.460324,
tabu,hfvrp_n075_m15_s03,75,15,0.500000,1788045630129751382,4395.346530,8934.790388,8862.741723,0.000000,,,0,1,,,,,0.913566,
tabu,hfvrp_n050_m10_s04,50,10,0.500000,19345,2607.791756,3938.390865,4576.987188,0.000000,,,0,1,,,,,0.327281,
tabu,hfvrp_n050_m10_s05,50,10,0.500000,9999,2666.924522,3287.465095,4310.657069,0.000000,,,0,1,,,,,0.402487,
tabu,hfvrp_n050_m10_s03,50,10,0.500000,1788045731408471572,2386.854754,3669.235194,4221.472351,0.000000,,,0,1,,,,,0.465980,
tabu,hfvrp_n075_m15_s01,75,15,0.500000,100,3911.294189,3520.995821,5671.792100,0.000000,,,0,1,,,,,1.466413,
tabu,hfvrp_n075_m15_s02,75,15,0.500000,10,4255.466536,6905.184376,7708.058724,0.000000,,,0,1,,,,,1.474014,
tabu,hfvrp_n050_m10_s04,50,10,0.500000,1788046097608302376,2607.791756,3938.390865,4576.987188,0.000000,,,0,1,,,,,0.330557,
tabu,hfvrp_n050_m10_s05,50,10,0.500000,19345,2666.924522,3287.465095,4310.657069,0.000000,,,0,1,,,,,0.397557,
tabu,hfvrp_n075_m15_s04,75,15,0.500000,1788045917955159143,4455.493684,5132.927955,7021.957662,0.000000,,,0,1,,,,,1.232430,
tabu,hfvrp_n075_m15_s03,75,15,0.500000,1,4395.346530,8934.790388,8862.741723,0.000000,,,0,1,,,,,0.911638,
tabu,hfvrp_n075_m15_s05,75,15,0.500000,1788047443250179449,4107.040971,5256.424916,6735.253429,0.000000,,,0,1,,,,,1.829024,
tabu,hfvrp_n075_m15_s01,75,15,0.500000,200,3911.294189,3520.995821,5671.792100,0.000000,,,0,1,,,,,1.467097,
tabu,hfvrp_n050_m10_s05,50,10,0.500000,1788047497379059694,2666.924522,3287.465095,4310.657069,0.000000,,,0,1,,,,,0.403080,
tabu,hfvrp_n075_m15_s02,75,15,0.500000,50,4255.466536,6905.184376,7708.058724,0.000000,,,0,1,,,,,1.470704,
tabu,hfvrp_n075_m15_s04,75,15,0.500000,1,4455.493684,5132.927955,7021.957662,0.000000,,,0,1,,,,,1.235193,
tabu,hfvrp_n075_m15_s03,75,15,0.500000,10,4395.346530,8934.790388,8862.741723,0.000000,,,0,1,,,,,0.915230,
tabu,hfvrp_n100_m20_s01,100,20,0.500000,1788047327030439561,6427.513132,12240.722386,12547.874325,0.000000,,,0,1,,,,,2.346117,
tabu,hfvrp_n075_m15_s05,75,15,0.500000,1,4107.040971,5256.424916,6735.253429,0.000000,,,0,1,,,,,1.830533,
tabu,hfvrp_n075_m15_s01,75,15,0.500000,999,3911.294189,3520.995821,5671.792100,0.000000,,,0,1,,,,,1.462473,
tabu,hfvrp_n075_m15_s02,75,15,0.500000,75,4255.466536,6905.184376,7708.058724,0.000000,,,0,1,,,,,1.468533,
tabu,hfvrp_n075_m15_s04,75,15,0.500000,10,4455.493684,5132.927955,7021.957662,0.000000,,,0,1,,,,,1.232187,
tabu,hfvrp_n075_m15_s03,75,15,0.500000,50,4395.346530,8934.790388,8862.741723,0.000000,,,0,1,,,,,0.913475,
tabu,hfvrp_n075_m15_s01,75,15,0.500000,1234,3911.294189,3520.995821,5671.792100,0.000000,,,0,1,,,,,1.467580,
tabu,hfvrp_n075_m15_s05,75,15,0.500000,10,4107.040971,5256.424916,6735.253429,0.000000,,,0,1,,,,,1.828781,
tabu,hfvrp_n100_m20_s01,100,20,0.500000,1,6427.513132,12240.722386,12547.874325,0.000000,,,0,1,,,,,2.328019,
tabu,hfvrp_n075_m15_s02,75,15,0.500000,100,4255.466536,6905.184376,7708.058724,0.000000,,,0,1,,,,,1.492134,
tabu,hfvrp_n075_m15_s04,75,15,0.500000,50,4455.493684,5132.927955,7021.957662,0.000000,,,0,1,,,,,1.228269,
tabu,hfvrp_n075_m15_s03,75,15,0.500000,75,4395.346530,8934.790388,8862.741723,0.000000,,,0,1,,,,,0.908161,
tabu,hfvrp_n075_m15_s01,75,15,0.500000,9999,3911.294189,3520.995821,5671.792100,0.000000,,,0,1,,,,,1.468456,
tabu,hfvrp_n075_m15_s05,75,15,0.500000,50,4107.040971,5256.424916,6735.253429,0.000000,,,0,1,,,,,1.823638,
tabu,hfvrp_n075_m15_s02,75,15,0.500000,200,4255.466536,6905.184376,7708.058724,0.000000,,,0,1,,,,,1.467904,
tabu,hfvrp_n100_m20_s01,100,20,0.500000,10,6427.513132,12240.722386,12547.874325,0.000000,,,0,1,,,,,2.325573,
tabu,hfvrp_n075_m15_s04,75,15,0.500000,75,4455.493684,5132.927955,7021.957662,0.000000,,,0,1,,,,,1.235187,
tabu,hfvrp_n075_m15_s03,75,15,0.500000,100,4395.346530,8934.790388,8862.741723,0.000000,,,0,1,,,,,0.920444,
tabu,hfvrp_n075_m15_s01,75,15,0.500000,19345,3911.294189,3520.995821,5671.792100,0.000000,,,0,1,,,,,1.467379,
tabu,hfvrp_n075_m15_s05,75,15,0.500000,75,4107.040971,5256.424916,6735.253429,0.000000,,,0,1,,,,,1.834600,
tabu,hfvrp_n075_m15_s02,75,15,0.500000,999,4255.466536,6905.184376,7708.058724,0.000000,,,0,1,,,,,1.467171,
tabu,hfvrp_n075_m15_s03,75,15,0.500000,200,4395.346530,8934.790388,8862.741723,0.000000,,,0,1,,,,,0.911415,
tabu,hfvrp_n075_m15_s04,75,15,0.500000,100,4455.493684,5132.927955,7021.957662,0.000000,,,0,1,,,,,1.234374,
tabu,hfvrp_n100_m20_s01,100,20,0.500000,50,6427.513132,12240.722386,12547.874325,0.000000,,,0,1,,,,,2.331051,
tabu,hfvrp_n075_m15_s01,75,15,0.500000,1788039852395225214,3911.294189,3520.995821,5671.792100,0.000000,,,0,1,,,,,1.458273,
tabu,hfvrp_n075_m15_s05,75,15,0.500000,100,4107.040971,5256.424916,6735.253429,0.000000,,,0,1,,,,,1.831268,
tabu,hfvrp_n075_m15_s02,75,15,0.500000,1234,4255.466536,6905.184376,7708.058724,0.000000,,,0,1,,,,,1.469687,
tabu,hfvrp_n075_m15_s03,75,15,0.500000,999,4395.346530,8934.790388,8862.741723,0.000000,,,0,1,,,,,0.915854,
tabu,hfvrp_n075_m15_s04,75,15,0.500000,200,4455.493684,5132.927955,7021.957662,0.000000,,,0,1,,,,,1.238688,
tabu,hfvrp_n100_m20_s02,100,20,0.500000,1788040074037272376,6369.945588,8919.697733,10829.794454,0.000000,,,0,1,,,,,2.416117,
tabu,hfvrp_n075_m15_s05,75,15,0.500000,200,4107.040971,5256.424916,6735.253429,0.000000,,,0,1,,,,,1.834607,
tabu,hfvrp_n075_m15_s02,75,15,0.500000,9999,4255.466536,6905.184376,7708.058724,0.000000,,,0,1,,,,,1.474863,
tabu,hfvrp_n100_m20_s01,100,20,0.500000,75,6427.513132,12240.722386,12547.874325,0.000000,,,0,1,,,,,2.337364,
tabu,hfvrp_n075_m15_s03,75,15,0.500000,1234,4395.346530,8934.790388,8862.741723,0.000000,,,0,1,,,,,0.911871,
tabu,hfvrp_n075_m15_s04,75,15,0.500000,999,4455.493684,5132.927955,7021.957662,0.000000,,,0,1,,,,,1.232512,
tabu,hfvrp_n075_m15_s02,75,15,0.500000,19345,4255.466536,6905.184376,7708.058724,0.000000,,,0,1,,,,,1.471438,
tabu,hfvrp_n075_m15_s05,75,15,0.500000,999,4107.040971,5256.424916,6735.253429,0.000000,,,0,1,,,,,1.824310,
tabu,hfvrp_n100_m20_s02,100,20,0.500000,1,6369.945588,8919.697733,10829.794454,0.000000,,,0,1,,,,,2.416877,
tabu,hfvrp_n075_m15_s03,75,15,0.500000,9999,4395.346530,8934.790388,8862.741723,0.000000,,,0,1,,,,,0.919615,
tabu,hfvrp_n075_m15_s04,75,15,0.500000,1234,4455.493684,5132.927955,7021.957662,0.000000,,,0,1,,,,,1.229427,
tabu,hfvrp_n100_m20_s01,100,20,0.500000,100,6427.513132,12240.722386,12547.874325,0.000000,,,0,1,,,,,2.328692,
tabu,hfvrp_n075_m15_s02,75,15,0.500000,1788039336268576052,4255.466536,6905.184376,7708.058724,0.000000,,,0,1,,,,,1.474734,
tabu,hfvrp_n075_m15_s05,75,15,0.500000,1234,4107.040971,5256.424916,6735.253429,0.000000,,,0,1,,,,,1.830658,
tabu,hfvrp_n075_m15_s03,75,15,0.500000,19345,4395.346530,8934.790388,8862.741723,0.000000,,,0,1,,,,,0.909243,
tabu,hfvrp_n075_m15_s04,75,15,0.500000,9999,4455.493684,5132.927955,7021.957662,0.000000,,,0,1,,,,,1.230001,
tabu,hfvrp_n100_m20_s02,100,20,0.500000,10,6369.945588,8919.697733,10829.794454,0.000000,,,0,1,,,,,2.418624,
tabu,hfvrp_n100_m20_s01,100,20,0.500000,200,6427.513132,12240.722386,12547.874325,0.000000,,,0,1,,,,,2.325165,
tabu,hfvrp_n075_m15_s05,75,15,0.500000,9999,4107.040971,5256.424916,6735.253429,0.000000,,,0,1,,,,,1.846722,
tabu,hfvrp_n100_m20_s03,100,20,0.500000,1788039081968095438,6580.617616,7190.575705,10175.905469,0.000000,,,0,1,,,,,3.952734,
tabu,hfvrp_n075_m15_s03,75,15,0.500000,1788039023925150648,4395.346530,8934.790388,8862.741723,0.000000,,,0,1,,,,,0.912005,
tabu,hfvrp_n075_m15_s04,75,15,0.500000,19345,4455.493684,5132.927955,7021.957662,0.000000,,,0,1,,,,,1.231655,
tabu,hfvrp_n075_m15_s05,75,15,0.500000,19345,4107.040971,5256.424916,6735.253429,0.000000,,,0,1,,,,,1.831338,
tabu,hfvrp_n100_m20_s02,100,20,0.500000,50,6369.945588,8919.697733,10829.794454,0.000000,,,0,1,,,,,2.420470,
tabu,hfvrp_n100_m20_s04,100,20,0.500000,1788041066611227850,5696.657277,9700.380644,10546.847599,0.000000,,,0,1,,,,,2.359911,
tabu,hfvrp_n100_m20_s01,100,20,0.500000,999,6427.513132,12240.722386,12547.874325,0.000000,,,0,1,,,,,2.342603,
tabu,hfvrp_n075_m15_s04,75,15,0.500000,1788041116254195430,4455.493684,5132.927955,7021.957662,0.000000,,,0,1,,,,,1.240413,
tabu,hfvrp_n100_m20_s03,100,20,0.500000,1,6580.617616,7190.575705,10175.905469,0.000000,,,0,1,,,,,3.941039,
tabu,hfvrp_n075_m15_s05,75,15,0.500000,1788040991789963650,4107.040971,5256.424916,6735.253429,0.000000,,,0,1,,,,,1.836087,
tabu,hfvrp_n100_m20_s05,100,20,0.500000,1788041011725908012,6707.632278,7310.343398,10362.803978,0.000000,,,0,1,,,,,2.794360,
tabu,hfvrp_n100_m20_s02,100,20,0.500000,75,6369.945588,8919.697733,10829.794454,0.000000,,,0,1,,,,,2.425966,
tabu,hfvrp_n100_m20_s01,100,20,0.500000,1234,6427.513132,12240.722386,12547.874325,0.000000,,,0,1,,,,,2.342731,
tabu,hfvrp_n100_m20_s04,100,20,0.500000,1,5696.657277,9700.380644,10546.847599,0.000000,,,0,1,,,,,2.380874,
tabu,hfvrp_n100_m20_s03,100,20,0.500000,10,6580.617616,7190.575705,10175.905469,0.000000,,,0,1,,,,,3.994704,
tabu,hfvrp_n100_m20_s05,100,20,0.500000,1,6707.632278,7310.343398,10362.803978,0.000000,,,0,1,,,,,2.789445,
tabu,hfvrp_n150_m30_s01,150,30,0.500000,1788040703210413065,11114.469470,12904.609847,17566.774394,0.000000,,,0,1,,,,,21.706072,
tabu,hfvrp_n100_m20_s02,100,20,0.500000,100,6369.945588,8919.697733,10829.794454,0.000000,,,0,1,,,,,2.412566,
tabu,hfvrp_n100_m20_s01,100,20,0.500000,9999,6427.513132,12240.722386,12547.874325,0.000000,,,0,1,,,,,2.326309,
tabu,hfvrp_n100_m20_s04,100,20,0.500000,10,5696.657277,9700.380644,10546.847599,0.000000,,,0,1,,,,,2.353408,
tabu,hfvrp_n100_m20_s03,100,20,0.500000,50,6580.617616,7190.575705,10175.905469,0.000000,,,0,1,,,,,3.945468,
tabu,hfvrp_n100_m20_s05,100,20,0.500000,10,6707.632278,7310.343398,10362.803978,0.000000,,,0,1,,,,,2.786774,
tabu,hfvrp_n100_m20_s02,100,20,0.500000,200,6369.945588,8919.697733,10829.794454,0.000000,,,0,1,,,,,2.430020,
tabu,hfvrp_n100_m20_s01,100,20,0.500000,19345,6427.513132,12240.722386,12547.874325,0.000000,,,0,1,,,,,2.317543,
tabu,hfvrp_n100_m20_s04,100,20,0.500000,50,5696.657277,9700.380644,10546.847599,0.000000,,,0,1,,,,,2.355170,
tabu,hfvrp_n100_m20_s03,100,20,0.500000,75,6580.617616,7190.575705,10175.905469,0.000000,,,0,1,,,,,3.946506,
tabu,hfvrp_n100_m20_s05,100,20,0.500000,50,6707.632278,7310.343398,10362.803978,0.000000,,,0,1,,,,,2.798825,
tabu,hfvrp_n100_m20_s02,100,20,0.500000,999,6369.945588,8919.697733,10829.794454,0.000000,,,0,1,,,,,2.436148,
tabu,hfvrp_n100_m20_s01,100,20,0.500000,1788039898202079051,6427.513132,12240.722386,12547.874325,0.000000,,,0,1,,,,,2.327829,
tabu,hfvrp_n100_m20_s04,100,20,0.500000,75,5696.657277,9700.380644,10546.847599,0.000000,,,0,1,,,,,2.364337,
tabu,hfvrp_n150_m30_s01,150,30,0.500000,1,11114.469470,12904.609847,17566.774394,0.000000,,,0,1,,,,,21.858189,
tabu,hfvrp_n100_m20_s03,100,20,0.500000,100,6580.617616,7190.575705,10175.905469,0.000000,,,0,1,,,,,3.946728,
tabu,hfvrp_n100_m20_s05,100,20,0.500000,75,6707.632278,7310.343398,10362.803978,0.000000,,,0,1,,,,,2.794537,
tabu,hfvrp_n100_m20_s02,100,20,0.500000,1234,6369.945588,8919.697733,10829.794454,0.000000,,,0,1,,,,,2.423028,
tabu,hfvrp_n100_m20_s04,100,20,0.500000,100,5696.657277,9700.380644,10546.847599,0.000000,,,0,1,,,,,2.352288,
tabu,hfvrp_n150_m30_s02,150,30,0.500000,1788042333716637664,11654.769702,12460.545719,17885.042561,0.000000,,,0,1,,,,,11.420849,
tabu,hfvrp_n100_m20_s03,100,20,0.500000,200,6580.617616,7190.575705,10175.905469,0.000000,,,0,1,,,,,3.947900,
tabu,hfvrp_n100_m20_s05,100,20,0.500000,100,6707.632278,7310.343398,10362.803978,0.000000,,,0,1,,,,,2.794926,
tabu,hfvrp_n100_m20_s02,100,20,0.500000,9999,6369.945588,8919.697733,10829.794454,0.000000,,,0,1,,,,,2.427626,
tabu,hfvrp_n100_m20_s04,100,20,0.500000,200,5696.657277,9700.380644,10546.847599,0.000000,,,0,1,,,,,2.354140,
tabu,hfvrp_n100_m20_s03,100,20,0.500000,999,6580.617616,7190.575705,10175.905469,0.000000,,,0,1,,,,,3.944270,
tabu,hfvrp_n150_m30_s01,150,30,0.500000,10,11114.469470,12904.609847,17566.774394,0.000000,,,0,1,,,,,21.646081,
tabu,hfvrp_n100_m20_s05,100,20,0.500000,200,6707.632278,7310.343398,10362.803978,0.000000,,,0,1,,,,,2.792937,
tabu,hfvrp_n100_m20_s02,100,20,0.500000,19345,6369.945588,8919.697733,10829.794454,0.000000,,,0,1,,,,,2.434939,
tabu,hfvrp_n100_m20_s04,100,20,0.500000,999,5696.657277,9700.380644,10546.847599,0.000000,,,0,1,,,,,2.367303,
tabu,hfvrp_n150_m30_s02,150,30,0.500000,1,11654.769702,12460.545719,17885.042561,0.000000,,,0,1,,,,,11.569599,
tabu,hfvrp_n100_m20_s03,100,20,0.500000,1234,6580.617616,7190.575705,10175.905469,0.000000,,,0,1,,,,,3.960044,
tabu,hfvrp_n100_m20_s05,100,20,0.500000,999,6707.632278,7310.343398,10362.803978,0.000000,,,0,1,,,,,2.796279,
tabu,hfvrp_n100_m20_s02,100,20,0.500000,1788042699299111616,6369.945588,8919.697733,10829.794454,0.000000,,,0,1,,,,,2.419964,
tabu,hfvrp_n100_m20_s04,100,20,0.500000,1234,5696.657277,9700.380644,10546.847599,0.000000,,,0,1,,,,,2.357146,
tabu,hfvrp_n100_m20_s03,100,20,0.500000,9999,6580.617616,7190.575705,10175.905469,0.000000,,,0,1,,,,,3.941411,
tabu,hfvrp_n150_m30_s01,150,30,0.500000,50,11114.469470,12904.609847,17566.774394,0.000000,,,0,1,,,,,21.718975,
tabu,hfvrp_n100_m20_s05,100,20,0.500000,1234,6707.632278,7310.343398,10362.803978,0.000000,,,0,1,,,,,2.810030,
tabu,hfvrp_n100_m20_s04,100,20,0.500000,9999,5696.657277,9700.380644,10546.847599,0.000000,,,0,1,,,,,2.366353,
tabu,hfvrp_n150_m30_s03,150,30,0.500000,1788042888283244756,11130.978302,13751.778777,18006.867691,0.000000,,,0,1,,,,,9.382445,
tabu,hfvrp_n150_m30_s02,150,30,0.500000,10,11654.769702,12460.545719,17885.042561,0.000000,,,0,1,,,,,11.499560,
tabu,hfvrp_n100_m20_s03,100,20,0.500000,19345,6580.617616,7190.575705,10175.905469,0.000000,,,0,1,,,,,3.961926,
tabu,hfvrp_n100_m20_s05,100,20,0.500000,9999,6707.632278,7310.343398,10362.803978,0.000000,,,0,1,,,,,2.785091,
tabu,hfvrp_n100_m20_s04,100,20,0.500000,19345,5696.657277,9700.380644,10546.847599,0.000000,,,0,1,,,,,2.348615,
tabu,hfvrp_n100_m20_s03,100,20,0.500000,1788043246529414805,6580.617616,7190.575705,10175.905469,0.000000,,,0,1,,,,,3.953607,
tabu,hfvrp_n100_m20_s05,100,20,0.500000,19345,6707.632278,7310.343398,10362.803978,0.000000,,,0,1,,,,,2.792837,
tabu,hfvrp_n100_m20_s04,100,20,0.500000,1788043190226075775,5696.657277,9700.380644,10546.847599,0.000000,,,0,1,,,,,2.348750,
tabu,hfvrp_n150_m30_s03,150,30,0.500000,1,11130.978302,13751.778777,18006.867691,0.000000,,,0,1,,,,,9.406504,
tabu,hfvrp_n150_m30_s01,150,30,0.500000,75,11114.469470,12904.609847,17566.774394,0.000000,,,0,1,,,,,21.643049,
tabu,hfvrp_n150_m30_s02,150,30,0.500000,50,11654.769702,12460.545719,17885.042561,0.000000,,,0,1,,,,,11.371045,
tabu,hfvrp_n100_m20_s05,100,20,0.500000,1788041605454628859,6707.632278,7310.343398,10362.803978,0.000000,,,0,1,,,,,2.802981,
tabu,hfvrp_n150_m30_s04,150,30,0.500000,1788041577386138511,12248.953806,11726.856670,18112.382141,0.000000,,,0,1,,,,,9.856815,
tabu,hfvrp_n150_m30_s05,150,30,0.500000,1788041652641761863,11098.479244,11818.555090,17007.756789,0.000000,,,0,1,,,,,10.279344,
tabu,hfvrp_n150_m30_s03,150,30,0.500000,10,11130.978302,13751.778777,18006.867691,0.000000,,,0,1,,,,,9.388282,
tabu,hfvrp_n150_m30_s02,150,30,0.500000,75,11654.769702,12460.545719,17885.042561,0.000000,,,0,1,,,,,11.496546,
tabu,hfvrp_n150_m30_s01,150,30,0.500000,100,11114.469470,12904.609847,17566.774394,0.000000,,,0,1,,,,,21.552154,
tabu,hfvrp_n200_m40_s01,200,40,0.500000,1788041223379975093,16380.197514,21987.926622,27374.160825,0.000000,,,0,1,,,,,28.481346,
tabu,hfvrp_n150_m30_s04,150,30,0.500000,1,12248.953806,11726.856670,18112.382141,0.000000,,,0,1,,,,,9.903698,
tabu,hfvrp_n150_m30_s05,150,30,0.500000,1,11098.479244,11818.555090,17007.756789,0.000000,,,0,1,,,,,10.254746,
tabu,hfvrp_n150_m30_s03,150,30,0.500000,50,11130.978302,13751.778777,18006.867691,0.000000,,,0,1,,,,,9.348336,
tabu,hfvrp_n150_m30_s02,150,30,0.500000,100,11654.769702,12460.545719,17885.042561,0.000000,,,0,1,,,,,11.436137,
tabu,hfvrp_n150_m30_s01,150,30,0.500000,200,11114.469470,12904.609847,17566.774394,0.000000,,,0,1,,,,,21.609275,
tabu,hfvrp_n150_m30_s04,150,30,0.500000,10,12248.953806,11726.856670,18112.382141,0.000000,,,0,1,,,,,9.839777,
tabu,hfvrp_n150_m30_s05,150,30,0.500000,10,11098.479244,11818.555090,17007.756789,0.000000,,,0,1,,,,,10.263787,
tabu,hfvrp_n150_m30_s03,150,30,0.500000,75,11130.978302,13751.778777,18006.867691,0.000000,,,0,1,,,,,9.416929,
tabu,hfvrp_n150_m30_s02,150,30,0.500000,200,11654.769702,12460.545719,17885.042561,0.000000,,,0,1,,,,,11.402385,
tabu,hfvrp_n200_m40_s01,200,40,0.500000,1,16380.197514,21987.926622,27374.160825,0.000000,,,0,1,,,,,28.385948,
tabu,hfvrp_n150_m30_s04,150,30,0.500000,50,12248.953806,11726.856670,18112.382141,0.000000,,,0,1,,,,,9.837192,
tabu,hfvrp_n150_m30_s01,150,30,0.500000,999,11114.469470,12904.609847,17566.774394,0.000000,,,0,1,,,,,21.652404,
tabu,hfvrp_n150_m30_s05,150,30,0.500000,50,11098.479244,11818.555090,17007.756789,0.000000,,,0,1,,,,,10.272882,
tabu,hfvrp_n150_m30_s03,150,30,0.500000,100,11130.978302,13751.778777,18006.867691,0.000000,,,0,1,,,,,9.340909,
tabu,hfvrp_n150_m30_s02,150,30,0.500000,999,11654.769702,12460.545719,17885.042561,0.000000,,,0,1,,,,,11.393807,
tabu,hfvrp_n150_m30_s04,150,30,0.500000,75,12248.953806,11726.856670,18112.382141,0.000000,,,0,1,,,,,9.817412,
tabu,hfvrp_n150_m30_s05,150,30,0.500000,75,11098.479244,11818.555090,17007.756789,0.000000,,,0,1,,,,,10.269585,
tabu,hfvrp_n150_m30_s01,150,30,0.500000,1234,11114.469470,12904.609847,17566.774394,0.000000,,,0,1,,,,,21.619237,
tabu,hfvrp_n150_m30_s03,150,30,0.500000,200,11130.978302,13751.778777,18006.867691,0.000000,,,0,1,,,,,9.347357,
tabu,hfvrp_n200_m40_s01,200,40,0.500000,10,16380.197514,21987.926622,27374.160825,0.000000,,,0,1,,,,,28.354598,
tabu,hfvrp_n150_m30_s02,150,30,0.500000,1234,11654.769702,12460.545719,17885.042561,0.000000,,,0,1,,,,,11.382543,
tabu,hfvrp_n150_m30_s04,150,30,0.500000,100,12248.953806,11726.856670,18112.382141,0.000000,,,0,1,,,,,9.879301,
tabu,hfvrp_n150_m30_s05,150,30,0.500000,100,11098.479244,11818.555090,17007.756789,0.000000,,,0,1,,,,,10.284056,
tabu,hfvrp_n150_m30_s03,150,30,0.500000,999,11130.978302,13751.778777,18006.867691,0.000000,,,0,1,,,,,9.364977,
tabu,hfvrp_n150_m30_s01,150,30,0.500000,9999,11114.469470,12904.609847,17566.774394,0.000000,,,0,1,,,,,21.635166,
tabu,hfvrp_n150_m30_s02,150,30,0.500000,9999,11654.769702,12460.545719,17885.042561,0.000000,,,0,1,,,,,11.450045,
tabu,hfvrp_n150_m30_s04,150,30,0.500000,200,12248.953806,11726.856670,18112.382141,0.000000,,,0,1,,,,,9.870111,
tabu,hfvrp_n150_m30_s05,150,30,0.500000,200,11098.479244,11818.555090,17007.756789,0.000000,,,0,1,,,,,10.266053,
tabu,hfvrp_n150_m30_s03,150,30,0.500000,1234,11130.978302,13751.778777,18006.867691,0.000000,,,0,1,,,,,9.344454,
tabu,hfvrp_n150_m30_s01,150,30,0.500000,19345,11114.469470,12904.609847,17566.774394,0.000000,,,0,1,,,,,21.646156,
tabu,hfvrp_n200_m40_s01,200,40,0.500000,50,16380.197514,21987.926622,27374.160825,0.000000,,,0,1,,,,,28.344818,
tabu,hfvrp_n150_m30_s02,150,30,0.500000,19345,11654.769702,12460.545719,17885.042561,0.000000,,,0,1,,,,,11.435257,
tabu,hfvrp_n150_m30_s04,150,30,0.500000,999,12248.953806,11726.856670,18112.382141,0.000000,,,0,1,,,,,9.854590,
tabu,hfvrp_n150_m30_s05,150,30,0.500000,999,11098.479244,11818.555090,17007.756789,0.000000,,,0,1,,,,,10.238570,
tabu,hfvrp_n150_m30_s03,150,30,0.500000,9999,11130.978302,13751.778777,18006.867691,0.000000,,,0,1,,,,,9.357942,
tabu,hfvrp_n150_m30_s01,150,30,0.500000,1788035976782312769,11114.469470,12904.609847,17566.774394,0.000000,,,0,1,,,,,21.738238,
tabu,hfvrp_n150_m30_s02,150,30,0.500000,1788036000052296689,11654.769702,12460.545719,17885.042561,0.000000,,,0,1,,,,,11.461968,
tabu,hfvrp_n150_m30_s04,150,30,0.500000,1234,12248.953806,11726.856670,18112.382141,0.000000,,,0,1,,,,,9.809664,
tabu,hfvrp_n150_m30_s05,150,30,0.500000,1234,11098.479244,11818.555090,17007.756789,0.000000,,,0,1,,,,,10.281781,
tabu,hfvrp_n150_m30_s03,150,30,0.500000,19345,11130.978302,13751.778777,18006.867691,0.000000,,,0,1,,,,,9.345245,
tabu,hfvrp_n200_m40_s01,200,40,0.500000,75,16380.197514,21987.926622,27374.160825,0.000000,,,0,1,,,,,28.383202,
tabu,hfvrp_n150_m30_s04,150,30,0.500000,9999,12248.953806,11726.856670,18112.382141,0.000000,,,0,1,,,,,9.855104,
tabu,hfvrp_n150_m30_s05,150,30,0.500000,9999,11098.479244,11818.555090,17007.756789,0.000000,,,0,1,,,,,10.295505,
tabu,hfvrp_n200_m40_s02,200,40,0.500000,1788036135155821514,16842.216786,17080.936585,25382.685078,0.000000,,,0,1,,,,,32.052647,
tabu,hfvrp_n200_m40_s03,200,40,0.500000,1788035779110574272,16828.583948,24870.892683,29264.030290,0.000000,,,0,1,,,,,36.579813,
tabu,hfvrp_n150_m30_s03,150,30,0.500000,1788035958741577028,11130.978302,13751.778777,18006.867691,0.000000,,,0,1,,,,,9.344701,
tabu,hfvrp_n150_m30_s04,150,30,0.500000,19345,12248.953806,11726.856670,18112.382141,0.000000,,,0,1,,,,,9.942523,
tabu,hfvrp_n150_m30_s05,150,30,0.500000,19345,11098.479244,11818.555090,17007.756789,0.000000,,,0,1,,,,,10.287470,
tabu,hfvrp_n200_m40_s01,200,40,0.500000,100,16380.197514,21987.926622,27374.160825,0.000000,,,0,1,,,,,28.401722,
tabu,hfvrp_n200_m40_s04,200,40,0.500000,1788035627639677665,17793.026227,18874.018023,27230.035238,0.000000,,,0,1,,,,,32.946130,
tabu,hfvrp_n150_m30_s04,150,30,0.500000,1788035531014907115,12248.953806,11726.856670,18112.382141,0.000000,,,0,1,,,,,9.805574,
tabu,hfvrp_n150_m30_s05,150,30,0.500000,1788035515107049937,11098.479244,11818.555090,17007.756789,0.000000,,,0,1,,,,,10.304614,
tabu,hfvrp_n200_m40_s02,200,40,0.500000,1,16842.216786,17080.936585,25382.685078,0.000000,,,0,1,,,,,31.911018,
tabu,hfvrp_n200_m40_s03,200,40,0.500000,1,16828.583948,24870.892683,29264.030290,0.000000,,,0,1,,,,,36.681508,
tabu,augerat_A_n32_k5,31,8,0.500000,1788038264681135999,8247.632223,1753.866404,9124.565426,0.000000,,,0,1,,,,,0.073704,
tabu,augerat_A_n32_k5,31,8,0.500000,1,8247.632223,1753.866404,9124.565426,0.000000,,,0,1,,,,,0.074927,
tabu,augerat_A_n32_k5,31,8,0.500000,10,8247.632223,1753.866404,9124.565426,0.000000,,,0,1,,,,,0.075560,
tabu,hfvrp_n200_m40_s05,200,40,0.500000,1788038180662791775,17654.234212,18755.065591,27031.767007,0.000000,,,0,1,,,,,26.740797,
tabu,augerat_A_n32_k5,31,8,0.500000,50,8247.632223,1753.866404,9124.565426,0.000000,,,0,1,,,,,0.077156,
tabu,augerat_A_n32_k5,31,8,0.500000,75,8247.632223,1753.866404,9124.565426,0.000000,,,0,1,,,,,0.073907,
tabu,augerat_A_n32_k5,31,8,0.500000,100,8247.632223,1753.866404,9124.565426,0.000000,,,0,1,,,,,0.078120,
tabu,augerat_A_n32_k5,31,8,0.500000,200,8247.632223,1753.866404,9124.565426,0.000000,,,0,1,,,,,0.078252,
tabu,hfvrp_n200_m40_s01,200,40,0.500000,200,16380.197514,21987.926622,27374.160825,0.000000,,,0,1,,,,,28.491880,
tabu,hfvrp_n200_m40_s04,200,40,0.500000,1,17793.026227,18874.018023,27230.035238,0.000000,,,0,1,,,,,32.962096,
tabu,augerat_A_n32_k5,31,8,0.500000,999,8247.632223,1753.866404,9124.565426,0.000000,,,0,1,,,,,0.078242,
tabu,augerat_A_n32_k5,31,8,0.500000,1234,8247.632223,1753.866404,9124.565426,0.000000,,,0,1,,,,,0.077282,
tabu,augerat_A_n32_k5,31,8,0.500000,9999,8247.632223,1753.866404,9124.565426,0.000000,,,0,1,,,,,0.074161,
tabu,hfvrp_n200_m40_s02,200,40,0.500000,10,16842.216786,17080.936585,25382.685078,0.000000,,,0,1,,,,,32.073332,
tabu,augerat_A_n32_k5,31,8,0.500000,19345,8247.632223,1753.866404,9124.565426,0.000000,,,0,1,,,,,0.076726,
tabu,augerat_A_n32_k5,31,8,0.500000,1788038823583281231,8247.632223,1753.866404,9124.565426,0.000000,,,0,1,,,,,0.076280,
tabu,hfvrp_n200_m40_s03,200,40,0.500000,10,16828.583948,24870.892683,29264.030290,0.000000,,,0,1,,,,,36.533631,
tabu,augerat_A_n37_k5,36,8,0.500000,1788038729215103026,8046.792083,925.494261,8509.539214,0.000000,,,0,1,,,,,0.132942,
tabu,augerat_A_n37_k5,36,8,0.500000,1,8046.792083,925.494261,8509.539214,0.000000,,,0,1,,,,,0.133391,
tabu,augerat_A_n37_k5,36,8,0.500000,10,8046.792083,925.494261,8509.539214,0.000000,,,0,1,,,,,0.134897,
tabu,augerat_A_n37_k5,36,8,0.500000,50,8046.792083,925.494261,8509.539214,0.000000,,,0,1,,,,,0.134007,
tabu,augerat_A_n37_k5,36,8,0.500000,75,8046.792083,925.494261,8509.539214,0.000000,,,0,1,,,,,0.131109,
tabu,augerat_A_n37_k5,36,8,0.500000,100,8046.792083,925.494261,8509.539214,0.000000,,,0,1,,,,,0.133991,
tabu,hfvrp_n200_m40_s05,200,40,0.500000,1,17654.234212,18755.065591,27031.767007,0.000000,,,0,1,,,,,26.905376,
tabu,augerat_A_n37_k5,36,8,0.500000,200,8046.792083,925.494261,8509.539214,0.000000,,,0,1,,,,,0.133215,
tabu,augerat_A_n37_k5,36,8,0.500000,999,8046.792083,925.494261,8509.539214,0.000000,,,0,1,,,,,0.130342,
tabu,augerat_A_n37_k5,36,8,0.500000,1234,8046.792083,925.494261,8509.539214,0.000000,,,0,1,,,,,0.135287,
tabu,hfvrp_n200_m40_s01,200,40,0.500000,999,16380.197514,21987.926622,27374.160825,0.000000,,,0,1,,,,,28.503920,
tabu,augerat_A_n37_k5,36,8,0.500000,9999,8046.792083,925.494261,8509.539214,0.000000,,,0,1,,,,,0.134443,
tabu,hfvrp_n200_m40_s04,200,40,0.500000,10,17793.026227,18874.018023,27230.035238,0.000000,,,0,1,,,,,32.954024,
tabu,augerat_A_n37_k5,36,8,0.500000,19345,8046.792083,925.494261,8509.539214,0.000000,,,0,1,,,,,0.130626,
tabu,augerat_A_n37_k5,36,8,0.500000,1788035079039579562,8046.792083,925.494261,8509.539214,0.000000,,,0,1,,,,,0.133189,
tabu,hfvrp_n200_m40_s02,200,40,0.500000,50,16842.216786,17080.936585,25382.685078,0.000000,,,0,1,,,,,31.965392,
tabu,augerat_A_n45_k6,44,8,0.500000,1788034956170866500,11279.679187,975.825436,11767.591906,0.000000,,,0,1,,,,,0.205432,
tabu,augerat_A_n45_k6,44,8,0.500000,1,11279.679187,975.825436,11767.591906,0.000000,,,0,1,,,,,0.204877,
tabu,hfvrp_n200_m40_s03,200,40,0.500000,50,16828.583948,24870.892683,29264.030290,0.000000,,,0,1,,,,,36.559363,
tabu,augerat_A_n45_k6,44,8,0.500000,10,11279.679187,975.825436,11767.591906,0.000000,,,0,1,,,,,0.207543,
tabu,augerat_A_n45_k6,44,8,0.500000,50,11279.679187,975.825436,11767.591906,0.000000,,,0,1,,,,,0.205858,
tabu,augerat_A_n45_k6,44,8,0.500000,75,11279.679187,975.825436,11767.591906,0.000000,,,0,1,,,,,0.206833,
tabu,augerat_A_n45_k6,44,8,0.500000,100,11279.679187,975.825436,11767.591906,0.000000,,,0,1,,,,,0.205091,
tabu,hfvrp_n200_m40_s05,200,40,0.500000,10,17654.234212,18755.065591,27031.767007,0.000000,,,0,1,,,,,26.856887,
tabu,augerat_A_n45_k6,44,8,0.500000,200,11279.679187,975.825436,11767.591906,0.000000,,,0,1,,,,,0.206897,
tabu,augerat_A_n45_k6,44,8,0.500000,999,11279.679187,975.825436,11767.591906,0.000000,,,0,1,,,,,0.204544,
tabu,hfvrp_n200_m40_s01,200,40,0.500000,1234,16380.197514,21987.926622,27374.160825,0.000000,,,0,1,,,,,28.375277,
tabu,augerat_A_n45_k6,44,8,0.500000,1234,11279.679187,975.825436,11767.591906,0.000000,,,0,1,,,,,0.208529,
tabu,hfvrp_n200_m40_s04,200,40,0.500000,50,17793.026227,18874.018023,27230.035238,0.000000,,,0,1,,,,,32.959797,
tabu,augerat_A_n45_k6,44,8,0.500000,9999,11279.679187,975.825436,11767.591906,0.000000,,,0,1,,,,,0.202631,
tabu,augerat_A_n45_k6,44,8,0.500000,19345,11279.679187,975.825436,11767.591906,0.000000,,,0,1,,,,,0.206116,
tabu,hfvrp_n200_m40_s02,200,40,0.500000,75,16842.216786,17080.936585,25382.685078,0.000000,,,0,1,,,,,32.231141,
tabu,augerat_A_n45_k6,44,8,0.500000,1788035362330776292,11279.679187,975.825436,11767.591906,0.000000,,,0,1,,,,,0.207465,
tabu,augerat_A_n54_k7,53,8,0.500000,1788035306415304957,12374.205035,2563.797540,13656.103805,0.000000,,,0,1,,,,,0.347342,
tabu,hfvrp_n200_m40_s03,200,40,0.500000,75,16828.583948,24870.892683,29264.030290,0.000000,,,0,1,,,,,36.481078,
tabu,augerat_A_n54_k7,53,8,0.500000,1,12374.205035,2563.797540,13656.103805,0.000000,,,0,1,,,,,0.341858,
tabu,augerat_A_n54_k7,53,8,0.500000,10,12374.205035,2563.797540,13656.103805,0.000000,,,0,1,,,,,0.346059,
tabu,hfvrp_n200_m40_s05,200,40,0.500000,50,17654.234212,18755.065591,27031.767007,0.000000,,,0,1,,,,,26.922777,
tabu,augerat_A_n54_k7,53,8,0.500000,50,12374.205035,2563.797540,13656.103805,0.000000,,,0,1,,,,,0.345837,
tabu,augerat_A_n54_k7,53,8,0.500000,75,12374.205035,2563.797540,13656.103805,0.000000,,,0,1,,,,,0.343669,
tabu,augerat_A_n54_k7,53,8,0.500000,100,12374.205035,2563.797540,13656.103805,0.000000,,,0,1,,,,,0.345597,
tabu,hfvrp_n200_m40_s01,200,40,0.500000,9999,16380.197514,21987.926622,27374.160825,0.000000,,,0,1,,,,,28.332354,
tabu,augerat_A_n54_k7,53,8,0.500000,200,12374.205035,2563.797540,13656.103805,0.000000,,,0,1,,,,,0.344395,
tabu,hfvrp_n200_m40_s04,200,40,0.500000,75,17793.026227,18874.018023,27230.035238,0.000000,,,0,1,,,,,33.033513,
tabu,augerat_A_n54_k7,53,8,0.500000,999,12374.205035,2563.797540,13656.103805,0.000000,,,0,1,,,,,0.340621,
tabu,hfvrp_n200_m40_s02,200,40,0.500000,100,16842.216786,17080.936585,25382.685078,0.000000,,,0,1,,,,,31.987484,
tabu,augerat_A_n54_k7,53,8,0.500000,1234,12374.205035,2563.797540,13656.103805,0.000000,,,0,1,,,,,0.342935,
tabu,augerat_A_n54_k7,53,8,0.500000,9999,12374.205035,2563.797540,13656.103805,0.000000,,,0,1,,,,,0.344250,
tabu,hfvrp_n200_m40_s03,200,40,0.500000,100,16828.583948,24870.892683,29264.030290,0.000000,,,0,1,,,,,36.493626,
tabu,augerat_A_n54_k7,53,8,0.500000,19345,12374.205035,2563.797540,13656.103805,0.000000,,,0,1,,,,,0.347524,
tabu,augerat_A_n54_k7,53,8,0.500000,1788035765663962610,12374.205035,2563.797540,13656.103805,0.000000,,,0,1,,,,,0.346195,
tabu,hfvrp_n200_m40_s05,200,40,0.500000,75,17654.234212,18755.065591,27031.767007,0.000000,,,0,1,,,,,26.913887,
tabu,augerat_A_n60_k9,59,10,0.500000,1788035794409036342,14997.683105,2625.783162,16310.574686,0.000000,,,0,1,,,,,0.464448,
tabu,augerat_A_n60_k9,59,10,0.500000,1,14997.683105,2625.783162,16310.574686,0.000000,,,0,1,,,,,0.459222,
tabu,augerat_A_n60_k9,59,10,0.500000,10,14997.683105,2625.783162,16310.574686,0.000000,,,0,1,,,,,0.458715,
tabu,hfvrp_n200_m40_s01,200,40,0.500000,19345,16380.197514,21987.926622,27374.160825,0.000000,,,0,1,,,,,28.484771,
tabu,augerat_A_n60_k9,59,10,0.500000,50,14997.683105,2625.783162,16310.574686,0.000000,,,0,1,,,,,0.464116,
tabu,hfvrp_n200_m40_s04,200,40,0.500000,100,17793.026227,18874.018023,27230.035238,0.000000,,,0,1,,,,,32.936387,
tabu,augerat_A_n60_k9,59,10,0.500000,75,14997.683105,2625.783162,16310.574686,0.000000,,,0,1,,,,,0.457507,
tabu,hfvrp_n200_m40_s02,200,40,0.500000,200,16842.216786,17080.936585,25382.685078,0.000000,,,0,1,,,,,31.884163,
tabu,augerat_A_n60_k9,59,10,0.500000,100,14997.683105,2625.783162,16310.574686,0.000000,,,0,1,,,,,0.461001,
tabu,augerat_A_n60_k9,59,10,0.500000,200,14997.683105,2625.783162,16310.574686,0.000000,,,0,1,,,,,0.456158,
tabu,hfvrp_n200_m40_s03,200,40,0.500000,200,16828.583948,24870.892683,29264.030290,0.000000,,,0,1,,,,,36.455544,
tabu,hfvrp_n200_m40_s05,200,40,0.500000,100,17654.234212,18755.065591,27031.767007,0.000000,,,0,1,,,,,26.866919,
tabu,augerat_A_n60_k9,59,10,0.500000,999,14997.683105,2625.783162,16310.574686,0.000000,,,0,1,,,,,0.461345,
tabu,augerat_A_n60_k9,59,10,0.500000,1234,14997.683105,2625.783162,16310.574686,0.000000,,,0,1,,,,,0.455707,
tabu,augerat_A_n60_k9,59,10,0.500000,9999,14997.683105,2625.783162,16310.574686,0.000000,,,0,1,,,,,0.459312,
tabu,hfvrp_n200_m40_s01,200,40,0.500000,1788033122515984567,16380.197514,21987.926622,27374.160825,0.000000,,,0,1,,,,,28.517740,
tabu,augerat_A_n60_k9,59,10,0.500000,19345,14997.683105,2625.783162,16310.574686,0.000000,,,0,1,,,,,0.457978,
tabu,hfvrp_n200_m40_s04,200,40,0.500000,200,17793.026227,18874.018023,27230.035238,0.000000,,,0,1,,,,,33.171271,
tabu,augerat_A_n60_k9,59,10,0.500000,1788033062450681952,14997.683105,2625.783162,16310.574686,0.000000,,,0,1,,,,,0.458047,
tabu,hfvrp_n200_m40_s02,200,40,0.500000,999,16842.216786,17080.936585,25382.685078,0.000000,,,0,1,,,,,31.841874,
tabu,augerat_A_n80_k10,79,11,0.500000,1788033492594623637,17088.238832,4696.332871,19436.405268,0.000000,,,0,1,,,,,0.953513,
tabu,augerat_A_n80_k10,79,11,0.500000,1,17088.238832,4696.332871,19436.405268,0.000000,,,0,1,,,,,0.955272,
tabu,hfvrp_n200_m40_s03,200,40,0.500000,999,16828.583948,24870.892683,29264.030290,0.000000,,,0,1,,,,,36.521057,
tabu,hfvrp_n200_m40_s05,200,40,0.500000,200,17654.234212,18755.065591,27031.767007,0.000000,,,0,1,,,,,26.819625,
tabu,augerat_A_n80_k10,79,11,0.500000,10,17088.238832,4696.332871,19436.405268,0.000000,,,0,1,,,,,0.953612,
tabu,pyvrp_X101_FSMFD,100,26,0.500000,1788033173097617386,3667525.034676,33109.902689,3684079.986020,0.000000,,,0,1,,,,,3.493281,
tabu,augerat_A_n80_k10,79,11,0.500000,50,17088.238832,4696.332871,19436.405268,0.000000,,,0,1,,,,,0.949601,
tabu,augerat_A_n80_k10,79,11,0.500000,75,17088.238832,4696.332871,19436.405268,0.000000,,,0,1,,,,,0.953931,
tabu,pyvrp_X101_FSMFD,100,26,0.500000,1,3667525.034676,33109.902689,3684079.986020,0.000000,,,0,1,,,,,3.499791,
tabu,hfvrp_n200_m40_s04,200,40,0.500000,999,17793.026227,18874.018023,27230.035238,0.000000,,,0,1,,,,,33.007116,
tabu,augerat_A_n80_k10,79,11,0.500000,100,17088.238832,4696.332871,19436.405268,0.000000,,,0,1,,,,,0.954033,
tabu,hfvrp_n200_m40_s02,200,40,0.500000,1234,16842.216786,17080.936585,25382.685078,0.000000,,,0,1,,,,,31.928025,
tabu,pyvrp_X101_FSMFD,100,26,0.500000,10,3667525.034676,33109.902689,3684079.986020,0.000000,,,0,1,,,,,3.531134,
tabu,augerat_A_n80_k10,79,11,0.500000,200,17088.238832,4696.332871,19436.405268,0.000000,,,0,1,,,,,0.963035,
tabu,hfvrp_n200_m40_s05,200,40,0.500000,999,17654.234212,18755.065591,27031.767007,0.000000,,,0,1,,,,,26.824030,
tabu,augerat_A_n80_k10,79,11,0.500000,999,17088.238832,4696.332871,19436.405268,0.000000,,,0,1,,,,,0.951987,
tabu,hfvrp_n200_m40_s03,200,40,0.500000,1234,16828.583948,24870.892683,29264.030290,0.000000,,,0,1,,,,,36.882339,
tabu,pyvrp_X101_FSMFD,100,26,0.500000,50,3667525.034676,33109.902689,3684079.986020,0.000000,,,0,1,,,,,3.500811,
tabu,augerat_A_n80_k10,79,11,0.500000,1234,17088.238832,4696.332871,19436.405268,0.000000,,,0,1,,,,,0.953281,
tabu,pyvrp_X101_FSMFD,100,26,0.500000,75,3667525.034676,33109.902689,3684079.986020,0.000000,,,0,1,,,,,3.505005,
tabu,augerat_A_n80_k10,79,11,0.500000,9999,17088.238832,4696.332871,19436.405268,0.000000,,,0,1,,,,,0.952364,
tabu,augerat_A_n80_k10,79,11,0.500000,19345,17088.238832,4696.332871,19436.405268,0.000000,,,0,1,,,,,0.952216,
tabu,pyvrp_X101_FSMFD,100,26,0.500000,100,3667525.034676,33109.902689,3684079.986020,0.000000,,,0,1,,,,,3.499009,
tabu,hfvrp_n200_m40_s04,200,40,0.500000,1234,17793.026227,18874.018023,27230.035238,0.000000,,,0,1,,,,,32.909532,
tabu,hfvrp_n200_m40_s02,200,40,0.500000,9999,16842.216786,17080.936585,25382.685078,0.000000,,,0,1,,,,,31.895748,
tabu,augerat_A_n80_k10,79,11,0.500000,1788034475498105326,17088.238832,4696.332871,19436.405268,0.000000,,,0,1,,,,,0.952388,
tabu,pyvrp_X101_FSMFD,100,26,0.500000,200,3667525.034676,33109.902689,3684079.986020,0.000000,,,0,1,,,,,3.494496,
tabu,pyvrp_X106_FSMD,105,16,0.500000,1788032670370851854,3714937.400323,60271.807118,3745073.303882,0.000000,,,0,1,,,,,2.541718,
tabu,hfvrp_n200_m40_s05,200,40,0.500000,1234,17654.234212,18755.065591,27031.767007,0.000000,,,0,1,,,,,26.898936,
tabu,hfvrp_n200_m40_s03,200,40,0.500000,9999,16828.583948,24870.892683,29264.030290,0.000000,,,0,1,,,,,36.639613,
tabu,pyvrp_X101_FSMFD,100,26,0.500000,999,3667525.034676,33109.902689,3684079.986020,0.000000,,,0,1,,,,,3.496732,
tabu,pyvrp_X106_FSMD,105,16,0.500000,1,3714937.400323,60271.807118,3745073.303882,0.000000,,,0,1,,,,,2.548640,
tabu,pyvrp_X106_FSMD,105,16,0.500000,10,3714937.400323,60271.807118,3745073.303882,0.000000,,,0,1,,,,,2.538288,
tabu,pyvrp_X101_FSMFD,100,26,0.500000,1234,3667525.034676,33109.902689,3684079.986020,0.000000,,,0,1,,,,,3.510346,
tabu,hfvrp_n200_m40_s04,200,40,0.500000,9999,17793.026227,18874.018023,27230.035238,0.000000,,,0,1,,,,,32.975329,
tabu,pyvrp_X106_FSMD,105,16,0.500000,50,3714937.400323,60271.807118,3745073.303882,0.000000,,,0,1,,,,,2.604626,
tabu,pyvrp_X101_FSMFD,100,26,0.500000,9999,3667525.034676,33109.902689,3684079.986020,0.000000,,,0,1,,,,,3.551547,
tabu,hfvrp_n200_m40_s02,200,40,0.500000,19345,16842.216786,17080.936585,25382.685078,0.000000,,,0,1,,,,,31.978879,
tabu,pyvrp_X106_FSMD,105,16,0.500000,75,3714937.400323,60271.807118,3745073.303882,0.000000,,,0,1,,,,,2.534644,
tabu,pyvrp_X101_FSMFD,100,26,0.500000,19345,3667525.034676,33109.902689,3684079.986020,0.000000,,,0,1,,,,,3.513178,
tabu,hfvrp_n200_m40_s05,200,40,0.500000,9999,17654.234212,18755.065591,27031.767007,0.000000,,,0,1,,,,,26.884667,
tabu,hfvrp_n200_m40_s03,200,40,0.500000,19345,16828.583948,24870.892683,29264.030290,0.000000,,,0,1,,,,,36.511260,
tabu,pyvrp_X106_FSMD,105,16,0.500000,100,3714937.400323,60271.807118,3745073.303882,0.000000,,,0,1,,,,,2.535508,
tabu,pyvrp_X101_FSMFD,100,26,0.500000,1788033086164211337,3667525.034676,33109.902689,3684079.986020,0.000000,,,0,1,,,,,3.502131,
tabu,pyvrp_X106_FSMD,105,16,0.500000,200,3714937.400323,60271.807118,3745073.303882,0.000000,,,0,1,,,,,2.555099,
tabu,pyvrp_X110_HD,109,13,0.500000,1788033368782583290,1895663.792481,33617.708896,1912472.646929,0.000000,,,0,1,,,,,2.660883,
tabu,pyvrp_X106_FSMD,105,16,0.500000,999,3714937.400323,60271.807118,3745073.303882,0.000000,,,0,1,,,,,2.547213,
tabu,hfvrp_n200_m40_s04,200,40,0.500000,19345,17793.026227,18874.018023,27230.035238,0.000000,,,0,1,,,,,32.918534,
tabu,hfvrp_n200_m40_s02,200,40,0.500000,1788033431843698786,16842.216786,17080.936585,25382.685078,0.000000,,,0,1,,,,,31.928348,
tabu,pyvrp_X110_HD,109,13,0.500000,1,1895663.792481,33617.708896,1912472.646929,0.000000,,,0,1,,,,,2.669021,
tabu,pyvrp_X106_FSMD,105,16,0.500000,1234,3714937.400323,60271.807118,3745073.303882,0.000000,,,0,1,,,,,2.559223,
tabu,hfvrp_n200_m40_s05,200,40,0.500000,19345,17654.234212,18755.065591,27031.767007,0.000000,,,0,1,,,,,26.864726,
tabu,pyvrp_X110_HD,109,13,0.500000,10,1895663.792481,33617.708896,1912472.646929,0.000000,,,0,1,,,,,2.652838,
tabu,pyvrp_X106_FSMD,105,16,0.500000,9999,3714937.400323,60271.807118,3745073.303882,0.000000,,,0,1,,,,,2.538162,
tabu,hfvrp_n200_m40_s03,200,40,0.500000,1788031597092700330,16828.583948,24870.892683,29264.030290,0.000000,,,0,1,,,,,36.586143,
tabu,pyvrp_X110_HD,109,13,0.500000,50,1895663.792481,33617.708896,1912472.646929,0.000000,,,0,1,,,,,2.658411,
tabu,pyvrp_X106_FSMD,105,16,0.500000,19345,3714937.400323,60271.807118,3745073.303882,0.000000,,,0,1,,,,,2.543920,
tabu,pyvrp_X115_HVRP,114,18,0.500000,1788031769272916542,2070554.157087,46094.928455,2093601.621315,0.000000,,,0,0,,,,,2.484359,
tabu,pyvrp_X110_HD,109,13,0.500000,75,1895663.792481,33617.708896,1912472.646929,0.000000,,,0,1,,,,,2.658826,
tabu,pyvrp_X106_FSMD,105,16,0.500000,1788031394018413555,3714937.400323,60271.807118,3745073.303882,0.000000,,,0,1,,,,,2.545928,
tabu,hfvrp_n200_m40_s04,200,40,0.500000,1788031744068195489,17793.026227,18874.018023,27230.035238,0.000000,,,0,1,,,,,32.994376,
tabu,pyvrp_X115_HVRP,114,18,0.500000,1,2070554.157087,46094.928455,2093601.621315,0.000000,,,0,0,,,,,2.495752,
tabu,pyvrp_X110_HD,109,13,0.500000,100,1895663.792481,33617.708896,1912472.646929,0.000000,,,0,1,,,,,2.655876,
tabu,hfvrp_n200_m40_s05,200,40,0.500000,1788031345361623177,17654.234212,18755.065591,27031.767007,0.000000,,,0,1,,,,,27.035026,
tabu,pyvrp_X120_FSMF,119,12,0.500000,1788031399077887152,3185104.723963,90157.997148,3230183.722537,0.000000,,,0,1,,,,,1.811738,
tabu,pyvrp_X110_HD,109,13,0.500000,200,1895663.792481,33617.708896,1912472.646929,0.000000,,,0,1,,,,,2.657293,
tabu,pyvrp_X115_HVRP,114,18,0.500000,10,2070554.157087,46094.928455,2093601.621315,0.000000,,,0,0,,,,,2.491125,
tabu,pyvrp_X120_FSMF,119,12,0.500000,1,3185104.723963,90157.997148,3230183.722537,0.000000,,,0,1,,,,,1.808626,
tabu,pyvrp_X110_HD,109,13,0.500000,999,1895663.792481,33617.708896,1912472.646929,0.000000,,,0,1,,,,,2.652727,
tabu,pyvrp_X115_HVRP,114,18,0.500000,50,2070554.157087,46094.928455,2093601.621315,0.000000,,,0,0,,,,,2.489967,
tabu,pyvrp_X120_FSMF,119,12,0.500000,10,3185104.723963,90157.997148,3230183.722537,0.000000,,,0,1,,,,,1.813055,
tabu,pyvrp_X110_HD,109,13,0.500000,1234,1895663.792481,33617.708896,1912472.646929,0.000000,,,0,1,,,,,2.663565,
tabu,pyvrp_X115_HVRP,114,18,0.500000,75,2070554.157087,46094.928455,2093601.621315,0.000000,,,0,0,,,,,2.482262,
tabu,pyvrp_X120_FSMF,119,12,0.500000,50,3185104.723963,90157.997148,3230183.722537,0.000000,,,0,1,,,,,1.810317,
tabu,pyvrp_X110_HD,109,13,0.500000,9999,1895663.792481,33617.708896,1912472.646929,0.000000,,,0,1,,,,,2.648169,
tabu,pyvrp_X115_HVRP,114,18,0.500000,100,2070554.157087,46094.928455,2093601.621315,0.000000,,,0,0,,,,,2.488186,
tabu,pyvrp_X120_FSMF,119,12,0.500000,75,3185104.723963,90157.997148,3230183.722537,0.000000,,,0,1,,,,,1.818352,
tabu,pyvrp_X110_HD,109,13,0.500000,19345,1895663.792481,33617.708896,1912472.646929,0.000000,,,0,1,,,,,2.655200,
tabu,pyvrp_X120_FSMF,119,12,0.500000,100,3185104.723963,90157.997148,3230183.722537,0.000000,,,0,1,,,,,1.812004,
tabu,pyvrp_X115_HVRP,114,18,0.500000,200,2070554.157087,46094.928455,2093601.621315,0.000000,,,0,0,,,,,2.482828,
tabu,pyvrp_X110_HD,109,13,0.500000,1788031776232655723,1895663.792481,33617.708896,1912472.646929,0.000000,,,0,1,,,,,2.650425,
tabu,pyvrp_X120_FSMF,119,12,0.500000,200,3185104.723963,90157.997148,3230183.722537,0.000000,,,0,1,,,,,1.816670,
tabu,pyvrp_X115_HVRP,114,18,0.500000,999,2070554.157087,46094.928455,2093601.621315,0.000000,,,0,0,,,,,2.482425,
tabu,pyvrp_X120_FSMF,119,12,0.500000,999,3185104.723963,90157.997148,3230183.722537,0.000000,,,0,1,,,,,1.748692,
tabu,pyvrp_X115_HVRP,114,18,0.500000,1234,2070554.157087,46094.928455,2093601.621315,0.000000,,,0,0,,,,,2.408256,
tabu,pyvrp_X120_FSMF,119,12,0.500000,1234,3185104.723963,90157.997148,3230183.722537,0.000000,,,0,1,,,,,1.758661,
tabu,pyvrp_X115_HVRP,114,18,0.500000,9999,2070554.157087,46094.928455,2093601.621315,0.000000,,,0,0,,,,,2.400639,
tabu,pyvrp_X120_FSMF,119,12,0.500000,9999,3185104.723963,90157.997148,3230183.722537,0.000000,,,0,1,,,,,1.751625,
tabu,pyvrp_X115_HVRP,114,18,0.500000,19345,2070554.157087,46094.928455,2093601.621315,0.000000,,,0,0,,,,,2.404254,
tabu,pyvrp_X120_FSMF,119,12,0.500000,19345,3185104.723963,90157.997148,3230183.722537,0.000000,,,0,1,,,,,1.753015,
tabu,pyvrp_X115_HVRP,114,18,0.500000,1788031206276843049,2070554.157087,46094.928455,2093601.621315,0.000000,,,0,0,,,,,2.401462,
tabu,pyvrp_X120_FSMF,119,12,0.500000,1788031186513876287,3185104.723963,90157.997148,3230183.722537,0.000000,,,0,1,,,,,1.753384,
ga,ex1_1v_feasible,2,1,0.500000,1788061034471168096,84.142136,50.000000,109.142136,0.000000,,,0,1,,,,,0.015458,DEFAULT
ga,ex2_1v_infeasible,2,1,0.500000,1788061060242635250,70.000000,0.000000,70.000000,0.000000,,,0,0,,,,,0.015267,DEFAULT
ga,ex1_1v_feasible,2,1,0.500000,1788061103209449280,84.142136,50.000000,109.142136,0.000000,,,0,1,,,,,0.001624,SMALL
ga,ex2_1v_infeasible,2,1,0.500000,1788061098915902120,70.000000,0.000000,70.000000,0.000000,,,0,0,,,,,0.001643,SMALL
ga,ex3_3v_all_feasible,3,3,0.500000,1788061068834660630,162.000000,20.000000,172.000000,0.000000,,,0,1,,,,,0.019956,DEFAULT
ga,hfvrp_n001_m03_s01,1,3,0.500000,1788061090317009257,87.334995,168.337487,171.503738,0.000000,,,0,1,,,,,0.012479,DEFAULT
ga,ex5_3v_one_used_feasible,3,3,0.500000,1788061081721590483,115.798990,50.000000,140.798990,0.000000,,,0,1,,,,,0.019513,DEFAULT
ga,ex4_3v_infeasible,4,3,0.500000,1788061064539924075,141.798990,0.000000,141.798990,0.000000,,,0,0,,,,,0.022312,DEFAULT
ga,hfvrp_n001_m03_s01,1,3,0.500000,1788061120397812733,87.334995,168.337487,171.503738,0.000000,,,0,1,,,,,0.001332,SMALL
ga,ex3_3v_all_feasible,3,3,0.500000,1788061116102929375,162.000000,20.000000,172.000000,0.000000,,,0,1,,,,,0.002137,SMALL
ga,ex5_3v_one_used_feasible,3,3,0.500000,1788061128989262792,115.798990,50.000000,140.798990,0.000000,,,0,1,,,,,0.002203,SMALL
ga,ex4_3v_infeasible,4,3,0.500000,1788061124696032358,141.798990,0.000000,141.798990,0.000000,,,0,0,,,,,0.002396,SMALL
ga,hfvrp_n001_m03_s01,1,3,0.500000,1788061137582432258,87.334995,168.337487,171.503738,0.000000,,,0,1,,,,,0.240658,MEDIUM
ga,ex1_1v_feasible,2,1,0.500000,1788061111804275262,84.142136,50.000000,109.142136,0.000000,,,0,1,,,,,0.295227,MEDIUM
ga,ex2_1v_infeasible,2,1,0.500000,1788061107510763479,70.000000,0.000000,70.000000,0.000000,,,0,0,,,,,0.298623,MEDIUM
ga,ex5_3v_one_used_feasible,3,3,0.500000,1788061146174798191,115.798990,50.000000,140.798990,0.000000,,,0,1,,,,,0.381360,MEDIUM
ga,ex3_3v_all_feasible,3,3,0.500000,1788061133288433513,162.000000,20.000000,172.000000,0.000000,,,0,1,,,,,0.392787,MEDIUM
ga,ex4_3v_infeasible,4,3,0.500000,1788061141882332048,141.798990,0.000000,141.798990,0.000000,,,0,0,,,,,0.438154,MEDIUM
ga,hfvrp_n001_m03_s01,1,3,0.500000,1788061155006831939,87.334995,168.337487,171.503738,0.000000,,,0,1,,,,,0.722639,BIG
ga,hfvrp_n001_m03_s01,1,3,0.500000,1,87.334995,168.337487,171.503738,0.000000,,,0,1,,,,,0.011920,DEFAULT
ga,hfvrp_n001_m03_s01,1,3,0.500000,1,87.334995,168.337487,171.503738,0.000000,,,0,1,,,,,0.001233,SMALL
ga,ex1_1v_feasible,2,1,0.500000,1788061150758145621,84.142136,50.000000,109.142136,0.000000,,,0,1,,,,,0.883849,BIG
ga,ex2_1v_infeasible,2,1,0.500000,1788061163647763071,70.000000,0.000000,70.000000,0.000000,,,0,0,,,,,0.894657,BIG
ga,ex1_1v_feasible,2,1,0.500000,1,84.142136,50.000000,109.142136,0.000000,,,0,1,,,,,0.019671,DEFAULT
ga,ex2_1v_infeasible,2,1,0.500000,1,70.000000,0.000000,70.000000,0.000000,,,0,0,,,,,0.015093,DEFAULT
ga,ex1_1v_feasible,2,1,0.500000,1,84.142136,50.000000,109.142136,0.000000,,,0,1,,,,,0.002633,SMALL
ga,ex2_1v_infeasible,2,1,0.500000,1,70.000000,0.000000,70.000000,0.000000,,,0,0,,,,,0.001649,SMALL
ga,hfvrp_n001_m03_s01,1,3,0.500000,1,87.334995,168.337487,171.503738,0.000000,,,0,1,,,,,0.246267,MEDIUM
ga,ex1_1v_feasible,2,1,0.500000,1,84.142136,50.000000,109.142136,0.000000,,,0,1,,,,,0.291294,MEDIUM
ga,ex2_1v_infeasible,2,1,0.500000,1,70.000000,0.000000,70.000000,0.000000,,,0,0,,,,,0.294614,MEDIUM
ga,ex5_3v_one_used_feasible,3,3,0.500000,1788061159449781914,115.798990,50.000000,140.798990,0.000000,,,0,1,,,,,1.155302,BIG
ga,ex5_3v_one_used_feasible,3,3,0.500000,1,115.798990,50.000000,140.798990,0.000000,,,0,1,,,,,0.023727,DEFAULT
ga,ex3_3v_all_feasible,3,3,0.500000,1788061172339956560,162.000000,20.000000,172.000000,0.000000,,,0,1,,,,,1.189338,BIG
ga,ex5_3v_one_used_feasible,3,3,0.500000,1,115.798990,50.000000,140.798990,0.000000,,,0,1,,,,,0.002068,SMALL
ga,ex3_3v_all_feasible,3,3,0.500000,1,162.000000,20.000000,172.000000,0.000000,,,0,1,,,,,0.021731,DEFAULT
ga,ex3_3v_all_feasible,3,3,0.500000,1,162.000000,20.000000,172.000000,0.000000,,,0,1,,,,,0.002148,SMALL
ga,ex4_3v_infeasible,4,3,0.500000,1788061168098894470,141.798990,0.000000,141.798990,0.000000,,,0,0,,,,,1.323388,BIG
ga,ex4_3v_infeasible,4,3,0.500000,1,141.798990,0.000000,141.798990,0.000000,,,0,0,,,,,0.024937,DEFAULT
ga,ex4_3v_infeasible,4,3,0.500000,1,141.798990,0.000000,141.798990,0.000000,,,0,0,,,,,0.002249,SMALL
ga,ex5_3v_one_used_feasible,3,3,0.500000,1,115.798990,50.000000,140.798990,0.000000,,,0,1,,,,,0.381645,MEDIUM
ga,hfvrp_n001_m03_s01,1,3,0.500000,1,87.334995,168.337487,171.503738,0.000000,,,0,1,,,,,0.731904,BIG
ga,hfvrp_n001_m03_s01,1,3,0.500000,10,87.334995,168.337487,171.503738,0.000000,,,0,1,,,,,0.012440,DEFAULT
ga,ex3_3v_all_feasible,3,3,0.500000,1,162.000000,20.000000,172.000000,0.000000,,,0,1,,,,,0.395320,MEDIUM
ga,hfvrp_n001_m03_s01,1,3,0.500000,10,87.334995,168.337487,171.503738,0.000000,,,0,1,,,,,0.003178,SMALL
ga,ex4_3v_infeasible,4,3,0.500000,1,141.798990,0.000000,141.798990,0.000000,,,0,0,,,,,0.441218,MEDIUM
ga,hfvrp_n001_m03_s01,1,3,0.500000,10,87.334995,168.337487,171.503738,0.000000,,,0,1,,,,,0.239689,MEDIUM
ga,ex1_1v_feasible,2,1,0.500000,1,84.142136,50.000000,109.142136,0.000000,,,0,1,,,,,0.895973,BIG
ga,ex2_1v_infeasible,2,1,0.500000,1,70.000000,0.000000,70.000000,0.000000,,,0,0,,,,,0.909201,BIG
ga,ex1_1v_feasible,2,1,0.500000,10,84.142136,50.000000,109.142136,0.000000,,,0,1,,,,,0.019013,DEFAULT
ga,ex1_1v_feasible,2,1,0.500000,10,84.142136,50.000000,109.142136,0.000000,,,0,1,,,,,0.002718,SMALL
ga,ex2_1v_infeasible,2,1,0.500000,10,70.000000,0.000000,70.000000,0.000000,,,0,0,,,,,0.019724,DEFAULT
ga,ex2_1v_infeasible,2,1,0.500000,10,70.000000,0.000000,70.000000,0.000000,,,0,0,,,,,0.001632,SMALL
ga,ex1_1v_feasible,2,1,0.500000,10,84.142136,50.000000,109.142136,0.000000,,,0,1,,,,,0.292012,MEDIUM
ga,ex2_1v_infeasible,2,1,0.500000,10,70.000000,0.000000,70.000000,0.000000,,,0,0,,,,,0.297270,MEDIUM
ga,hfvrp_n001_m03_s01,1,3,0.500000,10,87.334995,168.337487,171.503738,0.000000,,,0,1,,,,,0.728380,BIG
ga,hfvrp_n001_m03_s01,1,3,0.500000,50,87.334995,168.337487,171.503738,0.000000,,,0,1,,,,,0.016938,DEFAULT
ga,hfvrp_n001_m03_s01,1,3,0.500000,50,87.334995,168.337487,171.503738,0.000000,,,0,1,,,,,0.001335,SMALL
ga,ex5_3v_one_used_feasible,3,3,0.500000,1,115.798990,50.000000,140.798990,0.000000,,,0,1,,,,,1.151046,BIG
ga,ex5_3v_one_used_feasible,3,3,0.500000,10,115.798990,50.000000,140.798990,0.000000,,,0,1,,,,,0.022423,DEFAULT
ga,ex5_3v_one_used_feasible,3,3,0.500000,10,115.798990,50.000000,140.798990,0.000000,,,0,1,,,,,0.002066,SMALL
ga,ex3_3v_all_feasible,3,3,0.500000,1,162.000000,20.000000,172.000000,0.000000,,,0,1,,,,,1.180572,BIG
ga,ex3_3v_all_feasible,3,3,0.500000,10,162.000000,20.000000,172.000000,0.000000,,,0,1,,,,,0.025084,DEFAULT
ga,ex3_3v_all_feasible,3,3,0.500000,10,162.000000,20.000000,172.000000,0.000000,,,0,1,,,,,0.004987,SMALL
ga,hfvrp_n001_m03_s01,1,3,0.500000,50,87.334995,168.337487,171.503738,0.000000,,,0,1,,,,,0.256634,MEDIUM
ga,ex5_3v_one_used_feasible,3,3,0.500000,10,115.798990,50.000000,140.798990,0.000000,,,0,1,,,,,0.385245,MEDIUM
ga,ex4_3v_infeasible,4,3,0.500000,1,141.798990,0.000000,141.798990,0.000000,,,0,0,,,,,1.327124,BIG
ga,ex4_3v_infeasible,4,3,0.500000,10,141.798990,0.000000,141.798990,0.000000,,,0,0,,,,,0.021796,DEFAULT
ga,ex4_3v_infeasible,4,3,0.500000,10,141.798990,0.000000,141.798990,0.000000,,,0,0,,,,,0.002235,SMALL
ga,ex1_1v_feasible,2,1,0.500000,10,84.142136,50.000000,109.142136,0.000000,,,0,1,,,,,0.901210,BIG
ga,ex3_3v_all_feasible,3,3,0.500000,10,162.000000,20.000000,172.000000,0.000000,,,0,1,,,,,0.399342,MEDIUM
ga,ex2_1v_infeasible,2,1,0.500000,10,70.000000,0.000000,70.000000,0.000000,,,0,0,,,,,0.923120,BIG
ga,ex1_1v_feasible,2,1,0.500000,50,84.142136,50.000000,109.142136,0.000000,,,0,1,,,,,0.019501,DEFAULT
ga,ex1_1v_feasible,2,1,0.500000,50,84.142136,50.000000,109.142136,0.000000,,,0,1,,,,,0.001634,SMALL
ga,ex2_1v_infeasible,2,1,0.500000,50,70.000000,0.000000,70.000000,0.000000,,,0,0,,,,,0.015191,DEFAULT
ga,ex2_1v_infeasible,2,1,0.500000,50,70.000000,0.000000,70.000000,0.000000,,,0,0,,,,,0.001541,SMALL
ga,ex1_1v_feasible,2,1,0.500000,50,84.142136,50.000000,109.142136,0.000000,,,0,1,,,,,0.291330,MEDIUM
ga,ex2_1v_infeasible,2,1,0.500000,50,70.000000,0.000000,70.000000,0.000000,,,0,0,,,,,0.294087,MEDIUM
ga,hfvrp_n001_m03_s01,1,3,0.500000,50,87.334995,168.337487,171.503738,0.000000,,,0,1,,,,,0.727380,BIG
ga,hfvrp_n001_m03_s01,1,3,0.500000,75,87.334995,168.337487,171.503738,0.000000,,,0,1,,,,,0.016941,DEFAULT
ga,hfvrp_n001_m03_s01,1,3,0.500000,75,87.334995,168.337487,171.503738,0.000000,,,0,1,,,,,0.002581,SMALL
ga,ex4_3v_infeasible,4,3,0.500000,10,141.798990,0.000000,141.798990,0.000000,,,0,0,,,,,0.444233,MEDIUM
ga,hfvrp_n001_m03_s01,1,3,0.500000,75,87.334995,168.337487,171.503738,0.000000,,,0,1,,,,,0.239008,MEDIUM
ga,ex5_3v_one_used_feasible,3,3,0.500000,10,115.798990,50.000000,140.798990,0.000000,,,0,1,,,,,1.150486,BIG
ga,ex5_3v_one_used_feasible,3,3,0.500000,50,115.798990,50.000000,140.798990,0.000000,,,0,1,,,,,0.020622,DEFAULT
ga,ex5_3v_one_used_feasible,3,3,0.500000,50,115.798990,50.000000,140.798990,0.000000,,,0,1,,,,,0.005799,SMALL
ga,ex3_3v_all_feasible,3,3,0.500000,10,162.000000,20.000000,172.000000,0.000000,,,0,1,,,,,1.176573,BIG
ga,ex1_1v_feasible,2,1,0.500000,50,84.142136,50.000000,109.142136,0.000000,,,0,1,,,,,0.887446,BIG
ga,ex3_3v_all_feasible,3,3,0.500000,50,162.000000,20.000000,172.000000,0.000000,,,0,1,,,,,0.025590,DEFAULT
ga,ex3_3v_all_feasible,3,3,0.500000,50,162.000000,20.000000,172.000000,0.000000,,,0,1,,,,,0.006028,SMALL
ga,ex1_1v_feasible,2,1,0.500000,75,84.142136,50.000000,109.142136,0.000000,,,0,1,,,,,0.015100,DEFAULT
ga,ex1_1v_feasible,2,1,0.500000,75,84.142136,50.000000,109.142136,0.000000,,,0,1,,,,,0.001637,SMALL
ga,ex2_1v_infeasible,2,1,0.500000,50,70.000000,0.000000,70.000000,0.000000,,,0,0,,,,,0.898783,BIG
ga,ex2_1v_infeasible,2,1,0.500000,75,70.000000,0.000000,70.000000,0.000000,,,0,0,,,,,0.018663,DEFAULT
ga,ex2_1v_infeasible,2,1,0.500000,75,70.000000,0.000000,70.000000,0.000000,,,0,0,,,,,0.001514,SMALL
ga,hfvrp_n001_m03_s01,1,3,0.500000,75,87.334995,168.337487,171.503738,0.000000,,,0,1,,,,,0.738606,BIG
ga,hfvrp_n001_m03_s01,1,3,0.500000,100,87.334995,168.337487,171.503738,0.000000,,,0,1,,,,,0.016344,DEFAULT
ga,hfvrp_n001_m03_s01,1,3,0.500000,100,87.334995,168.337487,171.503738,0.000000,,,0,1,,,,,0.003718,SMALL
ga,ex5_3v_one_used_feasible,3,3,0.500000,50,115.798990,50.000000,140.798990,0.000000,,,0,1,,,,,0.391197,MEDIUM
ga,ex1_1v_feasible,2,1,0.500000,75,84.142136,50.000000,109.142136,0.000000,,,0,1,,,,,0.298747,MEDIUM
ga,ex2_1v_infeasible,2,1,0.500000,75,70.000000,0.000000,70.000000,0.000000,,,0,0,,,,,0.308966,MEDIUM
ga,ex3_3v_all_feasible,3,3,0.500000,50,162.000000,20.000000,172.000000,0.000000,,,0,1,,,,,0.397596,MEDIUM
ga,hfvrp_n001_m03_s01,1,3,0.500000,100,87.334995,168.337487,171.503738,0.000000,,,0,1,,,,,0.247928,MEDIUM
ga,ex4_3v_infeasible,4,3,0.500000,10,141.798990,0.000000,141.798990,0.000000,,,0,0,,,,,1.325770,BIG
ga,ex4_3v_infeasible,4,3,0.500000,50,141.798990,0.000000,141.798990,0.000000,,,0,0,,,,,0.024181,DEFAULT
ga,ex4_3v_infeasible,4,3,0.500000,50,141.798990,0.000000,141.798990,0.000000,,,0,0,,,,,0.006716,SMALL
ga,ex4_3v_infeasible,4,3,0.500000,50,141.798990,0.000000,141.798990,0.000000,,,0,0,,,,,0.428240,MEDIUM
ga,hfvrp_n001_m03_s01,1,3,0.500000,100,87.334995,168.337487,171.503738,0.000000,,,0,1,,,,,0.722457,BIG
ga,ex1_1v_feasible,2,1,0.500000,75,84.142136,50.000000,109.142136,0.000000,,,0,1,,,,,0.881671,BIG
ga,hfvrp_n001_m03_s01,1,3,0.500000,200,87.334995,168.337487,171.503738,0.000000,,,0,1,,,,,0.012506,DEFAULT
ga,hfvrp_n001_m03_s01,1,3,0.500000,200,87.334995,168.337487,171.503738,0.000000,,,0,1,,,,,0.003847,SMALL
ga,ex1_1v_feasible,2,1,0.500000,100,84.142136,50.000000,109.142136,0.000000,,,0,1,,,,,0.016962,DEFAULT
ga,ex1_1v_feasible,2,1,0.500000,100,84.142136,50.000000,109.142136,0.000000,,,0,1,,,,,0.002253,SMALL
ga,ex2_1v_infeasible,2,1,0.500000,75,70.000000,0.000000,70.000000,0.000000,,,0,0,,,,,0.899106,BIG
ga,ex2_1v_infeasible,2,1,0.500000,100,70.000000,0.000000,70.000000,0.000000,,,0,0,,,,,0.018924,DEFAULT
ga,ex2_1v_infeasible,2,1,0.500000,100,70.000000,0.000000,70.000000,0.000000,,,0,0,,,,,0.004082,SMALL
ga,ex5_3v_one_used_feasible,3,3,0.500000,50,115.798990,50.000000,140.798990,0.000000,,,0,1,,,,,1.148020,BIG
ga,ex5_3v_one_used_feasible,3,3,0.500000,75,115.798990,50.000000,140.798990,0.000000,,,0,1,,,,,0.023247,DEFAULT
ga,ex5_3v_one_used_feasible,3,3,0.500000,75,115.798990,50.000000,140.798990,0.000000,,,0,1,,,,,0.005779,SMALL
ga,hfvrp_n001_m03_s01,1,3,0.500000,200,87.334995,168.337487,171.503738,0.000000,,,0,1,,,,,0.252513,MEDIUM
ga,ex1_1v_feasible,2,1,0.500000,100,84.142136,50.000000,109.142136,0.000000,,,0,1,,,,,0.304359,MEDIUM
ga,ex3_3v_all_feasible,3,3,0.500000,50,162.000000,20.000000,172.000000,0.000000,,,0,1,,,,,1.182706,BIG
ga,ex3_3v_all_feasible,3,3,0.500000,75,162.000000,20.000000,172.000000,0.000000,,,0,1,,,,,0.021558,DEFAULT
ga,ex3_3v_all_feasible,3,3,0.500000,75,162.000000,20.000000,172.000000,0.000000,,,0,1,,,,,0.002173,SMALL
ga,ex2_1v_infeasible,2,1,0.500000,100,70.000000,0.000000,70.000000,0.000000,,,0,0,,,,,0.309264,MEDIUM
ga,ex5_3v_one_used_feasible,3,3,0.500000,75,115.798990,50.000000,140.798990,0.000000,,,0,1,,,,,0.385278,MEDIUM
ga,ex3_3v_all_feasible,3,3,0.500000,75,162.000000,20.000000,172.000000,0.000000,,,0,1,,,,,0.394312,MEDIUM
ga,hfvrp_n001_m03_s01,1,3,0.500000,200,87.334995,168.337487,171.503738,0.000000,,,0,1,,,,,0.726405,BIG
ga,hfvrp_n001_m03_s01,1,3,0.500000,999,87.334995,168.337487,171.503738,0.000000,,,0,1,,,,,0.012479,DEFAULT
ga,hfvrp_n001_m03_s01,1,3,0.500000,999,87.334995,168.337487,171.503738,0.000000,,,0,1,,,,,0.003053,SMALL
ga,ex4_3v_infeasible,4,3,0.500000,50,141.798990,0.000000,141.798990,0.000000,,,0,0,,,,,1.337132,BIG
ga,ex4_3v_infeasible,4,3,0.500000,75,141.798990,0.000000,141.798990,0.000000,,,0,0,,,,,0.025081,DEFAULT
ga,ex4_3v_infeasible,4,3,0.500000,75,141.798990,0.000000,141.798990,0.000000,,,0,0,,,,,0.002374,SMALL
ga,ex1_1v_feasible,2,1,0.500000,100,84.142136,50.000000,109.142136,0.000000,,,0,1,,,,,0.888487,BIG
ga,ex1_1v_feasible,2,1,0.500000,200,84.142136,50.000000,109.142136,0.000000,,,0,1,,,,,0.017628,DEFAULT
ga,ex1_1v_feasible,2,1,0.500000,200,84.142136,50.000000,109.142136,0.000000,,,0,1,,,,,0.004561,SMALL
ga,hfvrp_n001_m03_s01,1,3,0.500000,999,87.334995,168.337487,171.503738,0.000000,,,0,1,,,,,0.244629,MEDIUM
ga,ex2_1v_infeasible,2,1,0.500000,100,70.000000,0.000000,70.000000,0.000000,,,0,0,,,,,0.899848,BIG
ga,ex2_1v_infeasible,2,1,0.500000,200,70.000000,0.000000,70.000000,0.000000,,,0,0,,,,,0.015680,DEFAULT
ga,ex2_1v_infeasible,2,1,0.500000,200,70.000000,0.000000,70.000000,0.000000,,,0,0,,,,,0.001630,SMALL
ga,ex1_1v_feasible,2,1,0.500000,200,84.142136,50.000000,109.142136,0.000000,,,0,1,,,,,0.294954,MEDIUM
ga,ex4_3v_infeasible,4,3,0.500000,75,141.798990,0.000000,141.798990,0.000000,,,0,0,,,,,0.441157,MEDIUM
ga,ex2_1v_infeasible,2,1,0.500000,200,70.000000,0.000000,70.000000,0.000000,,,0,0,,,,,0.298547,MEDIUM
ga,ex5_3v_one_used_feasible,3,3,0.500000,75,115.798990,50.000000,140.798990,0.000000,,,0,1,,,,,1.156980,BIG
ga,ex5_3v_one_used_feasible,3,3,0.500000,100,115.798990,50.000000,140.798990,0.000000,,,0,1,,,,,0.020995,DEFAULT
ga,ex5_3v_one_used_feasible,3,3,0.500000,100,115.798990,50.000000,140.798990,0.000000,,,0,1,,,,,0.002071,SMALL
ga,ex3_3v_all_feasible,3,3,0.500000,75,162.000000,20.000000,172.000000,0.000000,,,0,1,,,,,1.191576,BIG
ga,hfvrp_n001_m03_s01,1,3,0.500000,999,87.334995,168.337487,171.503738,0.000000,,,0,1,,,,,0.733258,BIG
ga,hfvrp_n001_m03_s01,1,3,0.500000,1234,87.334995,168.337487,171.503738,0.000000,,,0,1,,,,,0.016440,DEFAULT
ga,ex3_3v_all_feasible,3,3,0.500000,100,162.000000,20.000000,172.000000,0.000000,,,0,1,,,,,0.023928,DEFAULT
ga,hfvrp_n001_m03_s01,1,3,0.500000,1234,87.334995,168.337487,171.503738,0.000000,,,0,1,,,,,0.002569,SMALL
ga,ex3_3v_all_feasible,3,3,0.500000,100,162.000000,20.000000,172.000000,0.000000,,,0,1,,,,,0.002145,SMALL
ga,ex5_3v_one_used_feasible,3,3,0.500000,100,115.798990,50.000000,140.798990,0.000000,,,0,1,,,,,0.382787,MEDIUM
ga,hfvrp_n001_m03_s01,1,3,0.500000,1234,87.334995,168.337487,171.503738,0.000000,,,0,1,,,,,0.245527,MEDIUM
ga,ex3_3v_all_feasible,3,3,0.500000,100,162.000000,20.000000,172.000000,0.000000,,,0,1,,,,,0.390068,MEDIUM
ga,ex1_1v_feasible,2,1,0.500000,200,84.142136,50.000000,109.142136,0.000000,,,0,1,,,,,0.901165,BIG
ga,ex1_1v_feasible,2,1,0.500000,999,84.142136,50.000000,109.142136,0.000000,,,0,1,,,,,0.016288,DEFAULT
ga,ex1_1v_feasible,2,1,0.500000,999,84.142136,50.000000,109.142136,0.000000,,,0,1,,,,,0.001626,SMALL
ga,ex2_1v_infeasible,2,1,0.500000,200,70.000000,0.000000,70.000000,0.000000,,,0,0,,,,,0.903117,BIG
ga,ex2_1v_infeasible,2,1,0.500000,999,70.000000,0.000000,70.000000,0.000000,,,0,0,,,,,0.017524,DEFAULT
ga,ex2_1v_infeasible,2,1,0.500000,999,70.000000,0.000000,70.000000,0.000000,,,0,0,,,,,0.001628,SMALL
ga,ex1_1v_feasible,2,1,0.500000,999,84.142136,50.000000,109.142136,0.000000,,,0,1,,,,,0.297439,MEDIUM
ga,ex2_1v_infeasible,2,1,0.500000,999,70.000000,0.000000,70.000000,0.000000,,,0,0,,,,,0.302509,MEDIUM
ga,ex4_3v_infeasible,4,3,0.500000,75,141.798990,0.000000,141.798990,0.000000,,,0,0,,,,,1.328189,BIG
ga,ex4_3v_infeasible,4,3,0.500000,100,141.798990,0.000000,141.798990,0.000000,,,0,0,,,,,0.022121,DEFAULT
ga,ex4_3v_infeasible,4,3,0.500000,100,141.798990,0.000000,141.798990,0.000000,,,0,0,,,,,0.006460,SMALL
ga,hfvrp_n001_m03_s01,1,3,0.500000,1234,87.334995,168.337487,171.503738,0.000000,,,0,1,,,,,0.740482,BIG
ga,hfvrp_n001_m03_s01,1,3,0.500000,9999,87.334995,168.337487,171.503738,0.000000,,,0,1,,,,,0.012550,DEFAULT
ga,hfvrp_n001_m03_s01,1,3,0.500000,9999,87.334995,168.337487,171.503738,0.000000,,,0,1,,,,,0.001236,SMALL
ga,hfvrp_n001_m03_s01,1,3,0.500000,9999,87.334995,168.337487,171.503738,0.000000,,,0,1,,,,,0.241379,MEDIUM
ga,ex5_3v_one_used_feasible,3,3,0.500000,100,115.798990,50.000000,140.798990,0.000000,,,0,1,,,,,1.157389,BIG
ga,ex5_3v_one_used_feasible,3,3,0.500000,200,115.798990,50.000000,140.798990,0.000000,,,0,1,,,,,0.021983,DEFAULT
ga,ex4_3v_infeasible,4,3,0.500000,100,141.798990,0.000000,141.798990,0.000000,,,0,0,,,,,0.439577,MEDIUM
ga,ex5_3v_one_used_feasible,3,3,0.500000,200,115.798990,50.000000,140.798990,0.000000,,,0,1,,,,,0.002069,SMALL
ga,ex3_3v_all_feasible,3,3,0.500000,100,162.000000,20.000000,172.000000,0.000000,,,0,1,,,,,1.193042,BIG
ga,ex3_3v_all_feasible,3,3,0.500000,200,162.000000,20.000000,172.000000,0.000000,,,0,1,,,,,0.020408,DEFAULT
ga,ex3_3v_all_feasible,3,3,0.500000,200,162.000000,20.000000,172.000000,0.000000,,,0,1,,,,,0.002170,SMALL
ga,ex1_1v_feasible,2,1,0.500000,999,84.142136,50.000000,109.142136,0.000000,,,0,1,,,,,0.900141,BIG
ga,ex1_1v_feasible,2,1,0.500000,1234,84.142136,50.000000,109.142136,0.000000,,,0,1,,,,,0.016243,DEFAULT
ga,ex1_1v_feasible,2,1,0.500000,1234,84.142136,50.000000,109.142136,0.000000,,,0,1,,,,,0.003134,SMALL
ga,ex5_3v_one_used_feasible,3,3,0.500000,200,115.798990,50.000000,140.798990,0.000000,,,0,1,,,,,0.384981,MEDIUM
ga,ex2_1v_infeasible,2,1,0.500000,999,70.000000,0.000000,70.000000,0.000000,,,0,0,,,,,0.913653,BIG
ga,ex2_1v_infeasible,2,1,0.500000,1234,70.000000,0.000000,70.000000,0.000000,,,0,0,,,,,0.017748,DEFAULT
ga,ex2_1v_infeasible,2,1,0.500000,1234,70.000000,0.000000,70.000000,0.000000,,,0,0,,,,,0.002646,SMALL
ga,ex1_1v_feasible,2,1,0.500000,1234,84.142136,50.000000,109.142136,0.000000,,,0,1,,,,,0.300685,MEDIUM
ga,hfvrp_n001_m03_s01,1,3,0.500000,9999,87.334995,168.337487,171.503738,0.000000,,,0,1,,,,,0.739964,BIG
ga,ex3_3v_all_feasible,3,3,0.500000,200,162.000000,20.000000,172.000000,0.000000,,,0,1,,,,,0.405930,MEDIUM
ga,hfvrp_n001_m03_s01,1,3,0.500000,19345,87.334995,168.337487,171.503738,0.000000,,,0,1,,,,,0.013662,DEFAULT
ga,hfvrp_n001_m03_s01,1,3,0.500000,19345,87.334995,168.337487,171.503738,0.000000,,,0,1,,,,,0.001326,SMALL
ga,ex2_1v_infeasible,2,1,0.500000,1234,70.000000,0.000000,70.000000,0.000000,,,0,0,,,,,0.303712,MEDIUM
ga,hfvrp_n001_m03_s01,1,3,0.500000,19345,87.334995,168.337487,171.503738,0.000000,,,0,1,,,,,0.242115,MEDIUM
ga,ex4_3v_infeasible,4,3,0.500000,100,141.798990,0.000000,141.798990,0.000000,,,0,0,,,,,1.330763,BIG
ga,ex4_3v_infeasible,4,3,0.500000,200,141.798990,0.000000,141.798990,0.000000,,,0,0,,,,,0.021616,DEFAULT
ga,ex4_3v_infeasible,4,3,0.500000,200,141.798990,0.000000,141.798990,0.000000,,,0,0,,,,,0.005121,SMALL
ga,ex1_1v_feasible,2,1,0.500000,1234,84.142136,50.000000,109.142136,0.000000,,,0,1,,,,,0.880333,BIG
ga,ex1_1v_feasible,2,1,0.500000,9999,84.142136,50.000000,109.142136,0.000000,,,0,1,,,,,0.015011,DEFAULT
ga,ex1_1v_feasible,2,1,0.500000,9999,84.142136,50.000000,109.142136,0.000000,,,0,1,,,,,0.001626,SMALL
ga,ex5_3v_one_used_feasible,3,3,0.500000,200,115.798990,50.000000,140.798990,0.000000,,,0,1,,,,,1.145966,BIG
ga,ex5_3v_one_used_feasible,3,3,0.500000,999,115.798990,50.000000,140.798990,0.000000,,,0,1,,,,,0.019098,DEFAULT
ga,ex5_3v_one_used_feasible,3,3,0.500000,999,115.798990,50.000000,140.798990,0.000000,,,0,1,,,,,0.002240,SMALL
ga,ex2_1v_infeasible,2,1,0.500000,1234,70.000000,0.000000,70.000000,0.000000,,,0,0,,,,,0.901803,BIG
ga,hfvrp_n001_m03_s01,1,3,0.500000,19345,87.334995,168.337487,171.503738,0.000000,,,0,1,,,,,0.734320,BIG
ga,hfvrp_n001_m03_s01,1,3,0.500000,1788062798118440938,87.334995,168.337487,171.503738,0.000000,,,0,1,,,,,0.013819,DEFAULT
ga,ex2_1v_infeasible,2,1,0.500000,9999,70.000000,0.000000,70.000000,0.000000,,,0,0,,,,,0.017132,DEFAULT
ga,hfvrp_n001_m03_s01,1,3,0.500000,1788062802430659386,87.334995,168.337487,171.503738,0.000000,,,0,1,,,,,0.001340,SMALL
ga,ex2_1v_infeasible,2,1,0.500000,9999,70.000000,0.000000,70.000000,0.000000,,,0,0,,,,,0.001637,SMALL
ga,ex4_3v_infeasible,4,3,0.500000,200,141.798990,0.000000,141.798990,0.000000,,,0,0,,,,,0.443929,MEDIUM
ga,ex1_1v_feasible,2,1,0.500000,9999,84.142136,50.000000,109.142136,0.000000,,,0,1,,,,,0.301574,MEDIUM
ga,ex3_3v_all_feasible,3,3,0.500000,200,162.000000,20.000000,172.000000,0.000000,,,0,1,,,,,1.192899,BIG
ga,ex3_3v_all_feasible,3,3,0.500000,999,162.000000,20.000000,172.000000,0.000000,,,0,1,,,,,0.018963,DEFAULT
ga,ex3_3v_all_feasible,3,3,0.500000,999,162.000000,20.000000,172.000000,0.000000,,,0,1,,,,,0.002061,SMALL
ga,hfvrp_n001_m03_s01,1,3,0.500000,1788062811025542887,87.334995,168.337487,171.503738,0.000000,,,0,1,,,,,0.244653,MEDIUM
ga,ex5_3v_one_used_feasible,3,3,0.500000,999,115.798990,50.000000,140.798990,0.000000,,,0,1,,,,,0.389611,MEDIUM
ga,ex2_1v_infeasible,2,1,0.500000,9999,70.000000,0.000000,70.000000,0.000000,,,0,0,,,,,0.303522,MEDIUM
ga,ex3_3v_all_feasible,3,3,0.500000,999,162.000000,20.000000,172.000000,0.000000,,,0,1,,,,,0.387693,MEDIUM
ga,hfvrp_n001_m03_s01,1,3,0.500000,1788062824158898193,87.334995,168.337487,171.503738,0.000000,,,0,1,,,,,0.716522,BIG
ga,hfvrp_n001_m03_s02,1,3,0.500000,1788062897928474963,156.310634,50.546098,181.583683,0.000000,,,0,1,,,,,0.012439,DEFAULT
ga,ex1_1v_feasible,2,1,0.500000,9999,84.142136,50.000000,109.142136,0.000000,,,0,1,,,,,0.881052,BIG
ga,hfvrp_n001_m03_s02,1,3,0.500000,1788063486359380039,156.310634,50.546098,181.583683,0.000000,,,0,1,,,,,0.002771,SMALL
ga,ex1_1v_feasible,2,1,0.500000,19345,84.142136,50.000000,109.142136,0.000000,,,0,1,,,,,0.019074,DEFAULT
ga,ex1_1v_feasible,2,1,0.500000,19345,84.142136,50.000000,109.142136,0.000000,,,0,1,,,,,0.004341,SMALL
ga,ex2_1v_infeasible,2,1,0.500000,9999,70.000000,0.000000,70.000000,0.000000,,,0,0,,,,,0.893916,BIG
ga,ex2_1v_infeasible,2,1,0.500000,19345,70.000000,0.000000,70.000000,0.000000,,,0,0,,,,,0.019240,DEFAULT
ga,ex2_1v_infeasible,2,1,0.500000,19345,70.000000,0.000000,70.000000,0.000000,,,0,0,,,,,0.003198,SMALL
ga,hfvrp_n001_m03_s02,1,3,0.500000,1788063469188841913,156.310634,50.546098,181.583683,0.000000,,,0,1,,,,,0.243972,MEDIUM
ga,ex1_1v_feasible,2,1,0.500000,19345,84.142136,50.000000,109.142136,0.000000,,,0,1,,,,,0.295416,MEDIUM
ga,ex5_3v_one_used_feasible,3,3,0.500000,999,115.798990,50.000000,140.798990,0.000000,,,0,1,,,,,1.138442,BIG
ga,ex5_3v_one_used_feasible,3,3,0.500000,1234,115.798990,50.000000,140.798990,0.000000,,,0,1,,,,,0.020700,DEFAULT
ga,ex4_3v_infeasible,4,3,0.500000,200,141.798990,0.000000,141.798990,0.000000,,,0,0,,,,,1.325059,BIG
ga,ex5_3v_one_used_feasible,3,3,0.500000,1234,115.798990,50.000000,140.798990,0.000000,,,0,1,,,,,0.002073,SMALL
ga,ex4_3v_infeasible,4,3,0.500000,999,141.798990,0.000000,141.798990,0.000000,,,0,0,,,,,0.025443,DEFAULT
ga,ex4_3v_infeasible,4,3,0.500000,999,141.798990,0.000000,141.798990,0.000000,,,0,0,,,,,0.005027,SMALL
ga,ex2_1v_infeasible,2,1,0.500000,19345,70.000000,0.000000,70.000000,0.000000,,,0,0,,,,,0.303535,MEDIUM
ga,ex3_3v_all_feasible,3,3,0.500000,999,162.000000,20.000000,172.000000,0.000000,,,0,1,,,,,1.191130,BIG
ga,ex3_3v_all_feasible,3,3,0.500000,1234,162.000000,20.000000,172.000000,0.000000,,,0,1,,,,,0.024646,DEFAULT
ga,ex3_3v_all_feasible,3,3,0.500000,1234,162.000000,20.000000,172.000000,0.000000,,,0,1,,,,,0.002150,SMALL
ga,ex5_3v_one_used_feasible,3,3,0.500000,1234,115.798990,50.000000,140.798990,0.000000,,,0,1,,,,,0.380616,MEDIUM
ga,ex4_3v_infeasible,4,3,0.500000,999,141.798990,0.000000,141.798990,0.000000,,,0,0,,,,,0.436182,MEDIUM
ga,hfvrp_n001_m03_s02,1,3,0.500000,1788063555335664287,156.310634,50.546098,181.583683,0.000000,,,0,1,,,,,0.729879,BIG
ga,hfvrp_n001_m03_s02,1,3,0.500000,1,156.310634,50.546098,181.583683,0.000000,,,0,1,,,,,0.012397,DEFAULT
ga,hfvrp_n001_m03_s02,1,3,0.500000,1,156.310634,50.546098,181.583683,0.000000,,,0,1,,,,,0.001362,SMALL
ga,ex3_3v_all_feasible,3,3,0.500000,1234,162.000000,20.000000,172.000000,0.000000,,,0,1,,,,,0.390151,MEDIUM
ga,ex1_1v_feasible,2,1,0.500000,19345,84.142136,50.000000,109.142136,0.000000,,,0,1,,,,,0.898613,BIG
ga,hfvrp_n001_m03_s02,1,3,0.500000,1,156.310634,50.546098,181.583683,0.000000,,,0,1,,,,,0.242234,MEDIUM
ga,ex1_1v_feasible,2,1,0.500000,1788063689494970432,84.142136,50.000000,109.142136,0.000000,,,0,1,,,,,0.016351,DEFAULT
ga,ex1_1v_feasible,2,1,0.500000,1788063728169142690,84.142136,50.000000,109.142136,0.000000,,,0,1,,,,,0.001504,SMALL
ga,ex2_1v_infeasible,2,1,0.500000,19345,70.000000,0.000000,70.000000,0.000000,,,0,0,,,,,0.910843,BIG
ga,ex2_1v_infeasible,2,1,0.500000,1788063719762698172,70.000000,0.000000,70.000000,0.000000,,,0,0,,,,,0.018762,DEFAULT
ga,ex2_1v_infeasible,2,1,0.500000,1788063724081878182,70.000000,0.000000,70.000000,0.000000,,,0,0,,,,,0.003887,SMALL
ga,ex1_1v_feasible,2,1,0.500000,1788063732472996448,84.142136,50.000000,109.142136,0.000000,,,0,1,,,,,0.297773,MEDIUM
ga,ex2_1v_infeasible,2,1,0.500000,1788063212990570375,70.000000,0.000000,70.000000,0.000000,,,0,0,,,,,0.295316,MEDIUM
ga,ex5_3v_one_used_feasible,3,3,0.500000,1234,115.798990,50.000000,140.798990,0.000000,,,0,1,,,,,1.143553,BIG
ga,hfvrp_n001_m03_s02,1,3,0.500000,1,156.310634,50.546098,181.583683,0.000000,,,0,1,,,,,0.723931,BIG
ga,ex5_3v_one_used_feasible,3,3,0.500000,9999,115.798990,50.000000,140.798990,0.000000,,,0,1,,,,,0.021614,DEFAULT
ga,hfvrp_n001_m03_s02,1,3,0.500000,10,156.310634,50.546098,181.583683,0.000000,,,0,1,,,,,0.014868,DEFAULT
ga,ex5_3v_one_used_feasible,3,3,0.500000,9999,115.798990,50.000000,140.798990,0.000000,,,0,1,,,,,0.002910,SMALL
ga,hfvrp_n001_m03_s02,1,3,0.500000,10,156.310634,50.546098,181.583683,0.000000,,,0,1,,,,,0.002226,SMALL
ga,ex4_3v_infeasible,4,3,0.500000,999,141.798990,0.000000,141.798990,0.000000,,,0,0,,,,,1.318051,BIG
ga,hfvrp_n001_m03_s02,1,3,0.500000,10,156.310634,50.546098,181.583683,0.000000,,,0,1,,,,,0.239870,MEDIUM
ga,ex4_3v_infeasible,4,3,0.500000,1234,141.798990,0.000000,141.798990,0.000000,,,0,0,,,,,0.024118,DEFAULT
ga,ex4_3v_infeasible,4,3,0.500000,1234,141.798990,0.000000,141.798990,0.000000,,,0,0,,,,,0.004758,SMALL
ga,ex5_3v_one_used_feasible,3,3,0.500000,9999,115.798990,50.000000,140.798990,0.000000,,,0,1,,,,,0.380468,MEDIUM
ga,ex3_3v_all_feasible,3,3,0.500000,1234,162.000000,20.000000,172.000000,0.000000,,,0,1,,,,,1.190125,BIG
ga,ex3_3v_all_feasible,3,3,0.500000,9999,162.000000,20.000000,172.000000,0.000000,,,0,1,,,,,0.021158,DEFAULT
ga,ex3_3v_all_feasible,3,3,0.500000,9999,162.000000,20.000000,172.000000,0.000000,,,0,1,,,,,0.002146,SMALL
ga,ex1_1v_feasible,2,1,0.500000,1788063217382575803,84.142136,50.000000,109.142136,0.000000,,,0,1,,,,,0.892949,BIG
ga,hfvrp_n001_m03_s03,1,3,0.500000,1788063377228248287,130.438737,0.000000,130.438737,0.000000,,,0,1,,,,,0.012738,DEFAULT
ga,hfvrp_n001_m03_s03,1,3,0.500000,1788063372949507848,130.438737,0.000000,130.438737,0.000000,,,0,1,,,,,0.001334,SMALL
ga,ex2_1v_infeasible,2,1,0.500000,1788063221878846267,70.000000,0.000000,70.000000,0.000000,,,0,0,,,,,0.904767,BIG
ga,ex4_3v_infeasible,4,3,0.500000,1234,141.798990,0.000000,141.798990,0.000000,,,0,0,,,,,0.445825,MEDIUM
ga,hfvrp_n001_m03_s04,1,3,0.500000,1788063446163524195,122.386776,0.000000,122.386776,0.000000,,,0,1,,,,,0.015672,DEFAULT
ga,hfvrp_n001_m03_s04,1,3,0.500000,1788064038888405426,122.386776,0.000000,122.386776,0.000000,,,0,1,,,,,0.001351,SMALL
ga,hfvrp_n001_m03_s03,1,3,0.500000,1788063420199106005,130.438737,0.000000,130.438737,0.000000,,,0,1,,,,,0.245595,MEDIUM
ga,ex3_3v_all_feasible,3,3,0.500000,9999,162.000000,20.000000,172.000000,0.000000,,,0,1,,,,,0.403370,MEDIUM
ga,hfvrp_n001_m03_s04,1,3,0.500000,1788064034598448773,122.386776,0.000000,122.386776,0.000000,,,0,1,,,,,0.242220,MEDIUM
ga,hfvrp_n001_m03_s02,1,3,0.500000,10,156.310634,50.546098,181.583683,0.000000,,,0,1,,,,,0.742565,BIG
ga,hfvrp_n001_m03_s02,1,3,0.500000,50,156.310634,50.546098,181.583683,0.000000,,,0,1,,,,,0.016781,DEFAULT
ga,hfvrp_n001_m03_s02,1,3,0.500000,50,156.310634,50.546098,181.583683,0.000000,,,0,1,,,,,0.002545,SMALL
ga,hfvrp_n001_m03_s02,1,3,0.500000,50,156.310634,50.546098,181.583683,0.000000,,,0,1,,,,,0.240015,MEDIUM
ga,hfvrp_n001_m03_s03,1,3,0.500000,1788064047513787313,130.438737,0.000000,130.438737,0.000000,,,0,1,,,,,0.742701,BIG
ga,ex5_3v_one_used_feasible,3,3,0.500000,9999,115.798990,50.000000,140.798990,0.000000,,,0,1,,,,,1.162778,BIG
ga,hfvrp_n001_m03_s03,1,3,0.500000,1,130.438737,0.000000,130.438737,0.000000,,,0,1,,,,,0.017025,DEFAULT
ga,hfvrp_n001_m03_s03,1,3,0.500000,1,130.438737,0.000000,130.438737,0.000000,,,0,1,,,,,0.001594,SMALL
ga,ex5_3v_one_used_feasible,3,3,0.500000,19345,115.798990,50.000000,140.798990,0.000000,,,0,1,,,,,0.023222,DEFAULT
ga,ex5_3v_one_used_feasible,3,3,0.500000,19345,115.798990,50.000000,140.798990,0.000000,,,0,1,,,,,0.002078,SMALL
ga,hfvrp_n001_m03_s04,1,3,0.500000,1788064021959679932,122.386776,0.000000,122.386776,0.000000,,,0,1,,,,,0.728196,BIG
ga,hfvrp_n001_m03_s04,1,3,0.500000,1,122.386776,0.000000,122.386776,0.000000,,,0,1,,,,,0.012413,DEFAULT
ga,hfvrp_n001_m03_s04,1,3,0.500000,1,122.386776,0.000000,122.386776,0.000000,,,0,1,,,,,0.002761,SMALL
ga,hfvrp_n001_m03_s03,1,3,0.500000,1,130.438737,0.000000,130.438737,0.000000,,,0,1,,,,,0.245917,MEDIUM
ga,ex5_3v_one_used_feasible,3,3,0.500000,19345,115.798990,50.000000,140.798990,0.000000,,,0,1,,,,,0.383190,MEDIUM
ga,hfvrp_n001_m03_s04,1,3,0.500000,1,122.386776,0.000000,122.386776,0.000000,,,0,1,,,,,0.244675,MEDIUM
ga,hfvrp_n001_m03_s02,1,3,0.500000,50,156.310634,50.546098,181.583683,0.000000,,,0,1,,,,,0.734631,BIG
ga,ex3_3v_all_feasible,3,3,0.500000,9999,162.000000,20.000000,172.000000,0.000000,,,0,1,,,,,1.182780,BIG
ga,hfvrp_n001_m03_s02,1,3,0.500000,75,156.310634,50.546098,181.583683,0.000000,,,0,1,,,,,0.016078,DEFAULT
ga,ex4_3v_infeasible,4,3,0.500000,1234,141.798990,0.000000,141.798990,0.000000,,,0,0,,,,,1.328022,BIG
ga,hfvrp_n001_m03_s02,1,3,0.500000,75,156.310634,50.546098,181.583683,0.000000,,,0,1,,,,,0.002639,SMALL
ga,ex3_3v_all_feasible,3,3,0.500000,19345,162.000000,20.000000,172.000000,0.000000,,,0,1,,,,,0.021669,DEFAULT
ga,ex3_3v_all_feasible,3,3,0.500000,19345,162.000000,20.000000,172.000000,0.000000,,,0,1,,,,,0.002160,SMALL
ga,ex4_3v_infeasible,4,3,0.500000,9999,141.798990,0.000000,141.798990,0.000000,,,0,0,,,,,0.022230,DEFAULT
ga,ex4_3v_infeasible,4,3,0.500000,9999,141.798990,0.000000,141.798990,0.000000,,,0,0,,,,,0.005057,SMALL
ga,hfvrp_n001_m03_s02,1,3,0.500000,75,156.310634,50.546098,181.583683,0.000000,,,0,1,,,,,0.247594,MEDIUM
ga,ex3_3v_all_feasible,3,3,0.500000,19345,162.000000,20.000000,172.000000,0.000000,,,0,1,,,,,0.391830,MEDIUM
ga,hfvrp_n001_m03_s03,1,3,0.500000,1,130.438737,0.000000,130.438737,0.000000,,,0,1,,,,,0.732448,BIG
ga,ex4_3v_infeasible,4,3,0.500000,9999,141.798990,0.000000,141.798990,0.000000,,,0,0,,,,,0.438751,MEDIUM
ga,hfvrp_n001_m03_s03,1,3,0.500000,10,130.438737,0.000000,130.438737,0.000000,,,0,1,,,,,0.012488,DEFAULT
ga,hfvrp_n001_m03_s03,1,3,0.500000,10,130.438737,0.000000,130.438737,0.000000,,,0,1,,,,,0.002295,SMALL
ga,hfvrp_n001_m03_s04,1,3,0.500000,1,122.386776,0.000000,122.386776,0.000000,,,0,1,,,,,0.734509,BIG
ga,hfvrp_n001_m03_s04,1,3,0.500000,10,122.386776,0.000000,122.386776,0.000000,,,0,1,,,,,0.012441,DEFAULT
ga,hfvrp_n001_m03_s04,1,3,0.500000,10,122.386776,0.000000,122.386776,0.000000,,,0,1,,,,,0.001336,SMALL
ga,hfvrp_n001_m03_s03,1,3,0.500000,10,130.438737,0.000000,130.438737,0.000000,,,0,1,,,,,0.244708,MEDIUM
ga,hfvrp_n001_m03_s04,1,3,0.500000,10,122.386776,0.000000,122.386776,0.000000,,,0,1,,,,,0.244528,MEDIUM
ga,hfvrp_n001_m03_s02,1,3,0.500000,75,156.310634,50.546098,181.583683,0.000000,,,0,1,,,,,0.729993,BIG
ga,hfvrp_n001_m03_s02,1,3,0.500000,100,156.310634,50.546098,181.583683,0.000000,,,0,1,,,,,0.015818,DEFAULT
ga,hfvrp_n001_m03_s02,1,3,0.500000,100,156.310634,50.546098,181.583683,0.000000,,,0,1,,,,,0.001329,SMALL
ga,ex5_3v_one_used_feasible,3,3,0.500000,19345,115.798990,50.000000,140.798990,0.000000,,,0,1,,,,,1.166613,BIG
ga,ex5_3v_one_used_feasible,3,3,0.500000,1788063869521101105,115.798990,50.000000,140.798990,0.000000,,,0,1,,,,,0.019017,DEFAULT
ga,ex5_3v_one_used_feasible,3,3,0.500000,1788063865248936011,115.798990,50.000000,140.798990,0.000000,,,0,1,,,,,0.001904,SMALL
ga,hfvrp_n001_m03_s02,1,3,0.500000,100,156.310634,50.546098,181.583683,0.000000,,,0,1,,,,,0.244449,MEDIUM
ga,hfvrp_n001_m03_s03,1,3,0.500000,10,130.438737,0.000000,130.438737,0.000000,,,0,1,,,,,0.728533,BIG
ga,ex5_3v_one_used_feasible,3,3,0.500000,1788063878143780993,115.798990,50.000000,140.798990,0.000000,,,0,1,,,,,0.382783,MEDIUM
ga,hfvrp_n001_m03_s03,1,3,0.500000,50,130.438737,0.000000,130.438737,0.000000,,,0,1,,,,,0.014240,DEFAULT
ga,hfvrp_n001_m03_s03,1,3,0.500000,50,130.438737,0.000000,130.438737,0.000000,,,0,1,,,,,0.001340,SMALL
ga,ex3_3v_all_feasible,3,3,0.500000,19345,162.000000,20.000000,172.000000,0.000000,,,0,1,,,,,1.194181,BIG
ga,ex3_3v_all_feasible,3,3,0.500000,1788063938762092744,162.000000,20.000000,172.000000,0.000000,,,0,1,,,,,0.019457,DEFAULT
ga,ex3_3v_all_feasible,3,3,0.500000,1788063934490134487,162.000000,20.000000,172.000000,0.000000,,,0,1,,,,,0.001995,SMALL
ga,hfvrp_n001_m03_s04,1,3,0.500000,10,122.386776,0.000000,122.386776,0.000000,,,0,1,,,,,0.736561,BIG
ga,hfvrp_n001_m03_s04,1,3,0.500000,50,122.386776,0.000000,122.386776,0.000000,,,0,1,,,,,0.012426,DEFAULT
ga,hfvrp_n001_m03_s04,1,3,0.500000,50,122.386776,0.000000,122.386776,0.000000,,,0,1,,,,,0.001342,SMALL
ga,hfvrp_n001_m03_s03,1,3,0.500000,50,130.438737,0.000000,130.438737,0.000000,,,0,1,,,,,0.249770,MEDIUM
ga,ex4_3v_infeasible,4,3,0.500000,9999,141.798990,0.000000,141.798990,0.000000,,,0,0,,,,,1.336275,BIG
ga,ex4_3v_infeasible,4,3,0.500000,19345,141.798990,0.000000,141.798990,0.000000,,,0,0,,,,,0.023534,DEFAULT
ga,ex4_3v_infeasible,4,3,0.500000,19345,141.798990,0.000000,141.798990,0.000000,,,0,0,,,,,0.002391,SMALL
ga,hfvrp_n001_m03_s04,1,3,0.500000,50,122.386776,0.000000,122.386776,0.000000,,,0,1,,,,,0.244896,MEDIUM
ga,hfvrp_n001_m03_s02,1,3,0.500000,100,156.310634,50.546098,181.583683,0.000000,,,0,1,,,,,0.736033,BIG
ga,hfvrp_n001_m03_s02,1,3,0.500000,200,156.310634,50.546098,181.583683,0.000000,,,0,1,,,,,0.013859,DEFAULT
ga,hfvrp_n001_m03_s02,1,3,0.500000,200,156.310634,50.546098,181.583683,0.000000,,,0,1,,,,,0.003515,SMALL
ga,ex3_3v_all_feasible,3,3,0.500000,1788063947385359343,162.000000,20.000000,172.000000,0.000000,,,0,1,,,,,0.403869,MEDIUM
ga,hfvrp_n001_m03_s02,1,3,0.500000,200,156.310634,50.546098,181.583683,0.000000,,,0,1,,,,,0.240213,MEDIUM
ga,ex4_3v_infeasible,4,3,0.500000,19345,141.798990,0.000000,141.798990,0.000000,,,0,0,,,,,0.435282,MEDIUM
ga,hfvrp_n001_m03_s03,1,3,0.500000,50,130.438737,0.000000,130.438737,0.000000,,,0,1,,,,,0.727389,BIG
ga,hfvrp_n001_m03_s03,1,3,0.500000,75,130.438737,0.000000,130.438737,0.000000,,,0,1,,,,,0.013727,DEFAULT
ga,hfvrp_n001_m03_s03,1,3,0.500000,75,130.438737,0.000000,130.438737,0.000000,,,0,1,,,,,0.001332,SMALL
ga,ex5_3v_one_used_feasible,3,3,0.500000,1788063900006186833,115.798990,50.000000,140.798990,0.000000,,,0,1,,,,,1.156270,BIG
ga,hfvrp_n001_m03_s04,1,3,0.500000,50,122.386776,0.000000,122.386776,0.000000,,,0,1,,,,,0.727604,BIG
ga,hfvrp_n001_m03_s05,1,3,0.500000,1788064700079225716,89.097550,34.548775,106.371937,0.000000,,,0,1,,,,,0.017103,DEFAULT
ga,hfvrp_n001_m03_s05,1,3,0.500000,1788064674330289264,89.097550,34.548775,106.371937,0.000000,,,0,1,,,,,0.001330,SMALL
ga,hfvrp_n001_m03_s04,1,3,0.500000,75,122.386776,0.000000,122.386776,0.000000,,,0,1,,,,,0.012443,DEFAULT
ga,hfvrp_n001_m03_s04,1,3,0.500000,75,122.386776,0.000000,122.386776,0.000000,,,0,1,,,,,0.004233,SMALL
ga,hfvrp_n001_m03_s03,1,3,0.500000,75,130.438737,0.000000,130.438737,0.000000,,,0,1,,,,,0.247087,MEDIUM
ga,hfvrp_n001_m03_s05,1,3,0.500000,1788064730170847589,89.097550,34.548775,106.371937,0.000000,,,0,1,,,,,0.240610,MEDIUM
ga,hfvrp_n001_m03_s04,1,3,0.500000,75,122.386776,0.000000,122.386776,0.000000,,,0,1,,,,,0.240513,MEDIUM
ga,hfvrp_n001_m03_s02,1,3,0.500000,200,156.310634,50.546098,181.583683,0.000000,,,0,1,,,,,0.730091,BIG
ga,hfvrp_n001_m03_s02,1,3,0.500000,999,156.310634,50.546098,181.583683,0.000000,,,0,1,,,,,0.014384,DEFAULT
ga,hfvrp_n001_m03_s02,1,3,0.500000,999,156.310634,50.546098,181.583683,0.000000,,,0,1,,,,,0.001844,SMALL
ga,ex3_3v_all_feasible,3,3,0.500000,1788064600629045149,162.000000,20.000000,172.000000,0.000000,,,0,1,,,,,1.181263,BIG
ga,hfvrp_n002_m03_s01,2,3,0.500000,1788064825192569653,262.852855,468.007587,496.856648,0.000000,,,0,1,,,,,0.018296,DEFAULT
ga,hfvrp_n002_m03_s01,2,3,0.500000,1788064829509540726,262.852855,468.007587,496.856648,0.000000,,,0,1,,,,,0.001741,SMALL
ga,hfvrp_n001_m03_s02,1,3,0.500000,999,156.310634,50.546098,181.583683,0.000000,,,0,1,,,,,0.242802,MEDIUM
ga,hfvrp_n001_m03_s03,1,3,0.500000,75,130.438737,0.000000,130.438737,0.000000,,,0,1,,,,,0.725211,BIG
ga,hfvrp_n001_m03_s03,1,3,0.500000,100,130.438737,0.000000,130.438737,0.000000,,,0,1,,,,,0.014272,DEFAULT
ga,hfvrp_n001_m03_s03,1,3,0.500000,100,130.438737,0.000000,130.438737,0.000000,,,0,1,,,,,0.003720,SMALL
ga,hfvrp_n002_m03_s01,2,3,0.500000,1788064816634604717,262.852855,468.007587,496.856648,0.000000,,,0,1,,,,,0.325973,MEDIUM
ga,ex4_3v_infeasible,4,3,0.500000,19345,141.798990,0.000000,141.798990,0.000000,,,0,0,,,,,1.335278,BIG
ga,ex4_3v_infeasible,4,3,0.500000,1788064344535503049,141.798990,0.000000,141.798990,0.000000,,,0,0,,,,,0.026432,DEFAULT
ga,ex4_3v_infeasible,4,3,0.500000,1788064348864026692,141.798990,0.000000,141.798990,0.000000,,,0,0,,,,,0.005009,SMALL
ga,hfvrp_n001_m03_s05,1,3,0.500000,1788064713239728883,89.097550,34.548775,106.371937,0.000000,,,0,1,,,,,0.742460,BIG
ga,hfvrp_n001_m03_s04,1,3,0.500000,75,122.386776,0.000000,122.386776,0.000000,,,0,1,,,,,0.742481,BIG
ga,hfvrp_n001_m03_s05,1,3,0.500000,1,89.097550,34.548775,106.371937,0.000000,,,0,1,,,,,0.012475,DEFAULT
ga,hfvrp_n001_m03_s05,1,3,0.500000,1,89.097550,34.548775,106.371937,0.000000,,,0,1,,,,,0.001354,SMALL
ga,hfvrp_n001_m03_s04,1,3,0.500000,100,122.386776,0.000000,122.386776,0.000000,,,0,1,,,,,0.013457,DEFAULT
ga,hfvrp_n001_m03_s04,1,3,0.500000,100,122.386776,0.000000,122.386776,0.000000,,,0,1,,,,,0.001325,SMALL
ga,hfvrp_n001_m03_s03,1,3,0.500000,100,130.438737,0.000000,130.438737,0.000000,,,0,1,,,,,0.255795,MEDIUM
ga,hfvrp_n001_m03_s05,1,3,0.500000,1,89.097550,34.548775,106.371937,0.000000,,,0,1,,,,,0.241627,MEDIUM
ga,hfvrp_n001_m03_s04,1,3,0.500000,100,122.386776,0.000000,122.386776,0.000000,,,0,1,,,,,0.244160,MEDIUM
ga,hfvrp_n001_m03_s02,1,3,0.500000,999,156.310634,50.546098,181.583683,0.000000,,,0,1,,,,,0.736351,BIG
ga,hfvrp_n001_m03_s02,1,3,0.500000,1234,156.310634,50.546098,181.583683,0.000000,,,0,1,,,,,0.012855,DEFAULT
ga,hfvrp_n001_m03_s02,1,3,0.500000,1234,156.310634,50.546098,181.583683,0.000000,,,0,1,,,,,0.001343,SMALL
ga,ex4_3v_infeasible,4,3,0.500000,1788064335988345192,141.798990,0.000000,141.798990,0.000000,,,0,0,,,,,0.444614,MEDIUM
ga,hfvrp_n001_m03_s02,1,3,0.500000,1234,156.310634,50.546098,181.583683,0.000000,,,0,1,,,,,0.241575,MEDIUM
ga,hfvrp_n001_m03_s03,1,3,0.500000,100,130.438737,0.000000,130.438737,0.000000,,,0,1,,,,,0.729311,BIG
ga,hfvrp_n002_m03_s01,2,3,0.500000,1788064305863385225,262.852855,468.007587,496.856648,0.000000,,,0,1,,,,,0.971931,BIG
ga,hfvrp_n001_m03_s03,1,3,0.500000,200,130.438737,0.000000,130.438737,0.000000,,,0,1,,,,,0.015612,DEFAULT
ga,hfvrp_n001_m03_s03,1,3,0.500000,200,130.438737,0.000000,130.438737,0.000000,,,0,1,,,,,0.001337,SMALL
ga,hfvrp_n002_m03_s01,2,3,0.500000,1,262.852855,468.007587,496.856648,0.000000,,,0,1,,,,,0.018890,DEFAULT
ga,hfvrp_n002_m03_s01,2,3,0.500000,1,262.852855,468.007587,496.856648,0.000000,,,0,1,,,,,0.001754,SMALL
ga,hfvrp_n001_m03_s05,1,3,0.500000,1,89.097550,34.548775,106.371937,0.000000,,,0,1,,,,,0.733359,BIG
ga,hfvrp_n001_m03_s04,1,3,0.500000,100,122.386776,0.000000,122.386776,0.000000,,,0,1,,,,,0.737414,BIG
ga,hfvrp_n001_m03_s05,1,3,0.500000,10,89.097550,34.548775,106.371937,0.000000,,,0,1,,,,,0.016953,DEFAULT
ga,hfvrp_n001_m03_s05,1,3,0.500000,10,89.097550,34.548775,106.371937,0.000000,,,0,1,,,,,0.001340,SMALL
ga,hfvrp_n001_m03_s04,1,3,0.500000,200,122.386776,0.000000,122.386776,0.000000,,,0,1,,,,,0.015487,DEFAULT
ga,hfvrp_n001_m03_s04,1,3,0.500000,200,122.386776,0.000000,122.386776,0.000000,,,0,1,,,,,0.001333,SMALL
ga,hfvrp_n001_m03_s03,1,3,0.500000,200,130.438737,0.000000,130.438737,0.000000,,,0,1,,,,,0.247725,MEDIUM
ga,hfvrp_n002_m03_s01,2,3,0.500000,1,262.852855,468.007587,496.856648,0.000000,,,0,1,,,,,0.330719,MEDIUM
ga,hfvrp_n001_m03_s05,1,3,0.500000,10,89.097550,34.548775,106.371937,0.000000,,,0,1,,,,,0.243491,MEDIUM
ga,hfvrp_n001_m03_s04,1,3,0.500000,200,122.386776,0.000000,122.386776,0.000000,,,0,1,,,,,0.239447,MEDIUM
ga,hfvrp_n001_m03_s02,1,3,0.500000,1234,156.310634,50.546098,181.583683,0.000000,,,0,1,,,,,0.734483,BIG
ga,hfvrp_n001_m03_s02,1,3,0.500000,9999,156.310634,50.546098,181.583683,0.000000,,,0,1,,,,,0.016317,DEFAULT
ga,hfvrp_n001_m03_s02,1,3,0.500000,9999,156.310634,50.546098,181.583683,0.000000,,,0,1,,,,,0.001326,SMALL
ga,hfvrp_n001_m03_s02,1,3,0.500000,9999,156.310634,50.546098,181.583683,0.000000,,,0,1,,,,,0.236249,MEDIUM
ga,ex4_3v_infeasible,4,3,0.500000,1788064443811232149,141.798990,0.000000,141.798990,0.000000,,,0,0,,,,,1.315880,BIG
ga,hfvrp_n002_m03_s02,2,3,0.500000,1788065231151844164,139.033247,41.343143,159.704818,0.000000,,,0,1,,,,,0.016820,DEFAULT
ga,hfvrp_n002_m03_s02,2,3,0.500000,1788065235471963462,139.033247,41.343143,159.704818,0.000000,,,0,1,,,,,0.003453,SMALL
ga,hfvrp_n001_m03_s03,1,3,0.500000,200,130.438737,0.000000,130.438737,0.000000,,,0,1,,,,,0.725640,BIG
ga,hfvrp_n001_m03_s03,1,3,0.500000,999,130.438737,0.000000,130.438737,0.000000,,,0,1,,,,,0.014128,DEFAULT
ga,hfvrp_n001_m03_s03,1,3,0.500000,999,130.438737,0.000000,130.438737,0.000000,,,0,1,,,,,0.001329,SMALL
ga,hfvrp_n001_m03_s05,1,3,0.500000,10,89.097550,34.548775,106.371937,0.000000,,,0,1,,,,,0.729943,BIG
ga,hfvrp_n001_m03_s04,1,3,0.500000,200,122.386776,0.000000,122.386776,0.000000,,,0,1,,,,,0.756024,BIG
ga,hfvrp_n001_m03_s05,1,3,0.500000,50,89.097550,34.548775,106.371937,0.000000,,,0,1,,,,,0.017369,DEFAULT
ga,hfvrp_n001_m03_s05,1,3,0.500000,50,89.097550,34.548775,106.371937,0.000000,,,0,1,,,,,0.001341,SMALL
ga,hfvrp_n001_m03_s04,1,3,0.500000,999,122.386776,0.000000,122.386776,0.000000,,,0,1,,,,,0.014391,DEFAULT
ga,hfvrp_n001_m03_s04,1,3,0.500000,999,122.386776,0.000000,122.386776,0.000000,,,0,1,,,,,0.002630,SMALL
ga,hfvrp_n002_m03_s02,2,3,0.500000,1788065222595428766,139.033247,41.343143,159.704818,0.000000,,,0,1,,,,,0.315773,MEDIUM
ga,hfvrp_n001_m03_s03,1,3,0.500000,999,130.438737,0.000000,130.438737,0.000000,,,0,1,,,,,0.245198,MEDIUM
ga,hfvrp_n002_m03_s01,2,3,0.500000,1,262.852855,468.007587,496.856648,0.000000,,,0,1,,,,,0.978680,BIG
ga,hfvrp_n002_m03_s01,2,3,0.500000,10,262.852855,468.007587,496.856648,0.000000,,,0,1,,,,,0.020763,DEFAULT
ga,hfvrp_n002_m03_s01,2,3,0.500000,10,262.852855,468.007587,496.856648,0.000000,,,0,1,,,,,0.003415,SMALL
ga,hfvrp_n001_m03_s05,1,3,0.500000,50,89.097550,34.548775,106.371937,0.000000,,,0,1,,,,,0.247813,MEDIUM
ga,hfvrp_n001_m03_s02,1,3,0.500000,9999,156.310634,50.546098,181.583683,0.000000,,,0,1,,,,,0.743149,BIG
ga,hfvrp_n001_m03_s04,1,3,0.500000,999,122.386776,0.000000,122.386776,0.000000,,,0,1,,,,,0.249123,MEDIUM
ga,hfvrp_n001_m03_s02,1,3,0.500000,19345,156.310634,50.546098,181.583683,0.000000,,,0,1,,,,,0.013789,DEFAULT
ga,hfvrp_n001_m03_s02,1,3,0.500000,19345,156.310634,50.546098,181.583683,0.000000,,,0,1,,,,,0.001329,SMALL
ga,hfvrp_n002_m03_s01,2,3,0.500000,10,262.852855,468.007587,496.856648,0.000000,,,0,1,,,,,0.326030,MEDIUM
ga,hfvrp_n001_m03_s02,1,3,0.500000,19345,156.310634,50.546098,181.583683,0.000000,,,0,1,,,,,0.241637,MEDIUM
ga,hfvrp_n001_m03_s03,1,3,0.500000,999,130.438737,0.000000,130.438737,0.000000,,,0,1,,,,,0.736483,BIG
ga,hfvrp_n001_m03_s03,1,3,0.500000,1234,130.438737,0.000000,130.438737,0.000000,,,0,1,,,,,0.016843,DEFAULT
ga,hfvrp_n001_m03_s03,1,3,0.500000,1234,130.438737,0.000000,130.438737,0.000000,,,0,1,,,,,0.001326,SMALL
ga,hfvrp_n002_m03_s02,2,3,0.500000,1788065334584421006,139.033247,41.343143,159.704818,0.000000,,,0,1,,,,,0.939989,BIG
ga,hfvrp_n001_m03_s05,1,3,0.500000,50,89.097550,34.548775,106.371937,0.000000,,,0,1,,,,,0.736938,BIG
ga,hfvrp_n002_m03_s02,2,3,0.500000,1,139.033247,41.343143,159.704818,0.000000,,,0,1,,,,,0.017647,DEFAULT
ga,hfvrp_n002_m03_s02,2,3,0.500000,1,139.033247,41.343143,159.704818,0.000000,,,0,1,,,,,0.001709,SMALL
ga,hfvrp_n001_m03_s04,1,3,0.500000,999,122.386776,0.000000,122.386776,0.000000,,,0,1,,,,,0.729200,BIG
ga,hfvrp_n001_m03_s05,1,3,0.500000,75,89.097550,34.548775,106.371937,0.000000,,,0,1,,,,,0.012438,DEFAULT
ga,hfvrp_n001_m03_s05,1,3,0.500000,75,89.097550,34.548775,106.371937,0.000000,,,0,1,,,,,0.001408,SMALL
ga,hfvrp_n001_m03_s04,1,3,0.500000,1234,122.386776,0.000000,122.386776,0.000000,,,0,1,,,,,0.013889,DEFAULT
ga,hfvrp_n001_m03_s04,1,3,0.500000,1234,122.386776,0.000000,122.386776,0.000000,,,0,1,,,,,0.001380,SMALL
ga,hfvrp_n001_m03_s03,1,3,0.500000,1234,130.438737,0.000000,130.438737,0.000000,,,0,1,,,,,0.251734,MEDIUM
ga,hfvrp_n001_m03_s05,1,3,0.500000,75,89.097550,34.548775,106.371937,0.000000,,,0,1,,,,,0.244317,MEDIUM
ga,hfvrp_n001_m03_s02,1,3,0.500000,19345,156.310634,50.546098,181.583683,0.000000,,,0,1,,,,,0.731930,BIG
ga,hfvrp_n001_m03_s04,1,3,0.500000,1234,122.386776,0.000000,122.386776,0.000000,,,0,1,,,,,0.242575,MEDIUM
ga,hfvrp_n001_m03_s02,1,3,0.500000,1788065030913524125,156.310634,50.546098,181.583683,0.000000,,,0,1,,,,,0.012459,DEFAULT
ga,hfvrp_n001_m03_s02,1,3,0.500000,1788065026636248545,156.310634,50.546098,181.583683,0.000000,,,0,1,,,,,0.002545,SMALL
ga,hfvrp_n002_m03_s02,2,3,0.500000,1,139.033247,41.343143,159.704818,0.000000,,,0,1,,,,,0.321924,MEDIUM
ga,hfvrp_n002_m03_s01,2,3,0.500000,10,262.852855,468.007587,496.856648,0.000000,,,0,1,,,,,0.976144,BIG
ga,hfvrp_n002_m03_s01,2,3,0.500000,50,262.852855,468.007587,496.856648,0.000000,,,0,1,,,,,0.020891,DEFAULT
ga,hfvrp_n002_m03_s01,2,3,0.500000,50,262.852855,468.007587,496.856648,0.000000,,,0,1,,,,,0.004033,SMALL
ga,hfvrp_n001_m03_s02,1,3,0.500000,1788065022347837741,156.310634,50.546098,181.583683,0.000000,,,0,1,,,,,0.246229,MEDIUM
ga,hfvrp_n001_m03_s03,1,3,0.500000,1234,130.438737,0.000000,130.438737,0.000000,,,0,1,,,,,0.734281,BIG
ga,hfvrp_n001_m03_s03,1,3,0.500000,9999,130.438737,0.000000,130.438737,0.000000,,,0,1,,,,,0.016492,DEFAULT
ga,hfvrp_n001_m03_s03,1,3,0.500000,9999,130.438737,0.000000,130.438737,0.000000,,,0,1,,,,,0.002588,SMALL
ga,hfvrp_n002_m03_s01,2,3,0.500000,50,262.852855,468.007587,496.856648,0.000000,,,0,1,,,,,0.322118,MEDIUM
ga,hfvrp_n001_m03_s04,1,3,0.500000,1234,122.386776,0.000000,122.386776,0.000000,,,0,1,,,,,0.729812,BIG
ga,hfvrp_n001_m03_s05,1,3,0.500000,75,89.097550,34.548775,106.371937,0.000000,,,0,1,,,,,0.738286,BIG
ga,hfvrp_n001_m03_s04,1,3,0.500000,9999,122.386776,0.000000,122.386776,0.000000,,,0,1,,,,,0.012412,DEFAULT
ga,hfvrp_n001_m03_s04,1,3,0.500000,9999,122.386776,0.000000,122.386776,0.000000,,,0,1,,,,,0.001328,SMALL
ga,hfvrp_n001_m03_s05,1,3,0.500000,100,89.097550,34.548775,106.371937,0.000000,,,0,1,,,,,0.013484,DEFAULT
ga,hfvrp_n001_m03_s05,1,3,0.500000,100,89.097550,34.548775,106.371937,0.000000,,,0,1,,,,,0.001333,SMALL
ga,hfvrp_n001_m03_s03,1,3,0.500000,9999,130.438737,0.000000,130.438737,0.000000,,,0,1,,,,,0.247016,MEDIUM
ga,hfvrp_n002_m03_s02,2,3,0.500000,1,139.033247,41.343143,159.704818,0.000000,,,0,1,,,,,0.944341,BIG
ga,hfvrp_n001_m03_s04,1,3,0.500000,9999,122.386776,0.000000,122.386776,0.000000,,,0,1,,,,,0.241808,MEDIUM
ga,hfvrp_n001_m03_s02,1,3,0.500000,1788065052662708704,156.310634,50.546098,181.583683,0.000000,,,0,1,,,,,0.727461,BIG
ga,hfvrp_n001_m03_s05,1,3,0.500000,100,89.097550,34.548775,106.371937,0.000000,,,0,1,,,,,0.243465,MEDIUM
ga,hfvrp_n002_m03_s02,2,3,0.500000,10,139.033247,41.343143,159.704818,0.000000,,,0,1,,,,,0.020053,DEFAULT
ga,hfvrp_n002_m03_s02,2,3,0.500000,10,139.033247,41.343143,159.704818,0.000000,,,0,1,,,,,0.001708,SMALL
ga,hfvrp_n002_m03_s03,2,3,0.500000,1788057026128676358,185.309216,25.338303,197.978368,0.000000,,,0,1,,,,,0.018871,DEFAULT
ga,hfvrp_n002_m03_s03,2,3,0.500000,1788057017561500888,185.309216,25.338303,197.978368,0.000000,,,0,1,,,,,0.001754,SMALL
ga,hfvrp_n002_m03_s02,2,3,0.500000,10,139.033247,41.343143,159.704818,0.000000,,,0,1,,,,,0.309349,MEDIUM
ga,hfvrp_n002_m03_s03,2,3,0.500000,1788057013276030333,185.309216,25.338303,197.978368,0.000000,,,0,1,,,,,0.330725,MEDIUM
ga,hfvrp_n002_m03_s01,2,3,0.500000,50,262.852855,468.007587,496.856648,0.000000,,,0,1,,,,,0.970427,BIG
ga,hfvrp_n001_m03_s03,1,3,0.500000,9999,130.438737,0.000000,130.438737,0.000000,,,0,1,,,,,0.732496,BIG
ga,hfvrp_n001_m03_s03,1,3,0.500000,19345,130.438737,0.000000,130.438737,0.000000,,,0,1,,,,,0.012396,DEFAULT
ga,hfvrp_n001_m03_s03,1,3,0.500000,19345,130.438737,0.000000,130.438737,0.000000,,,0,1,,,,,0.001330,SMALL
ga,hfvrp_n002_m03_s01,2,3,0.500000,75,262.852855,468.007587,496.856648,0.000000,,,0,1,,,,,0.020554,DEFAULT
ga,hfvrp_n002_m03_s01,2,3,0.500000,75,262.852855,468.007587,496.856648,0.000000,,,0,1,,,,,0.001754,SMALL
ga,hfvrp_n001_m03_s04,1,3,0.500000,9999,122.386776,0.000000,122.386776,0.000000,,,0,1,,,,,0.741513,BIG
ga,hfvrp_n001_m03_s05,1,3,0.500000,100,89.097550,34.548775,106.371937,0.000000,,,0,1,,,,,0.735455,BIG
ga,hfvrp_n001_m03_s04,1,3,0.500000,19345,122.386776,0.000000,122.386776,0.000000,,,0,1,,,,,0.012458,DEFAULT
ga,hfvrp_n001_m03_s04,1,3,0.500000,19345,122.386776,0.000000,122.386776,0.000000,,,0,1,,,,,0.001854,SMALL
ga,hfvrp_n001_m03_s05,1,3,0.500000,200,89.097550,34.548775,106.371937,0.000000,,,0,1,,,,,0.016169,DEFAULT
ga,hfvrp_n001_m03_s05,1,3,0.500000,200,89.097550,34.548775,106.371937,0.000000,,,0,1,,,,,0.001327,SMALL
ga,hfvrp_n001_m03_s03,1,3,0.500000,19345,130.438737,0.000000,130.438737,0.000000,,,0,1,,,,,0.250437,MEDIUM
ga,hfvrp_n002_m03_s01,2,3,0.500000,75,262.852855,468.007587,496.856648,0.000000,,,0,1,,,,,0.333992,MEDIUM
ga,hfvrp_n001_m03_s04,1,3,0.500000,19345,122.386776,0.000000,122.386776,0.000000,,,0,1,,,,,0.243474,MEDIUM
ga,hfvrp_n001_m03_s05,1,3,0.500000,200,89.097550,34.548775,106.371937,0.000000,,,0,1,,,,,0.242840,MEDIUM
ga,hfvrp_n002_m03_s02,2,3,0.500000,10,139.033247,41.343143,159.704818,0.000000,,,0,1,,,,,0.946297,BIG
ga,hfvrp_n002_m03_s02,2,3,0.500000,50,139.033247,41.343143,159.704818,0.000000,,,0,1,,,,,0.020018,DEFAULT
ga,hfvrp_n002_m03_s02,2,3,0.500000,50,139.033247,41.343143,159.704818,0.000000,,,0,1,,,,,0.001640,SMALL
ga,hfvrp_n002_m03_s03,2,3,0.500000,1788057073740390057,185.309216,25.338303,197.978368,0.000000,,,0,1,,,,,0.974164,BIG
ga,hfvrp_n002_m03_s03,2,3,0.500000,1,185.309216,25.338303,197.978368,0.000000,,,0,1,,,,,0.016938,DEFAULT
ga,hfvrp_n002_m03_s03,2,3,0.500000,1,185.309216,25.338303,197.978368,0.000000,,,0,1,,,,,0.001753,SMALL
ga,hfvrp_n001_m03_s03,1,3,0.500000,19345,130.438737,0.000000,130.438737,0.000000,,,0,1,,,,,0.732866,BIG
ga,hfvrp_n001_m03_s03,1,3,0.500000,1788056718468197831,130.438737,0.000000,130.438737,0.000000,,,0,1,,,,,0.016710,DEFAULT
ga,hfvrp_n001_m03_s03,1,3,0.500000,1788056714195852324,130.438737,0.000000,130.438737,0.000000,,,0,1,,,,,0.002559,SMALL
ga,hfvrp_n002_m03_s02,2,3,0.500000,50,139.033247,41.343143,159.704818,0.000000,,,0,1,,,,,0.315887,MEDIUM
ga,hfvrp_n002_m03_s03,2,3,0.500000,1,185.309216,25.338303,197.978368,0.000000,,,0,1,,,,,0.328960,MEDIUM
ga,hfvrp_n001_m03_s04,1,3,0.500000,19345,122.386776,0.000000,122.386776,0.000000,,,0,1,,,,,0.734501,BIG
ga,hfvrp_n001_m03_s05,1,3,0.500000,200,89.097550,34.548775,106.371937,0.000000,,,0,1,,,,,0.731465,BIG
ga,hfvrp_n001_m03_s04,1,3,0.500000,1788056735818455416,122.386776,0.000000,122.386776,0.000000,,,0,1,,,,,0.012404,DEFAULT
ga,hfvrp_n001_m03_s04,1,3,0.500000,1788056791669315450,122.386776,0.000000,122.386776,0.000000,,,0,1,,,,,0.001699,SMALL
ga,hfvrp_n001_m03_s05,1,3,0.500000,999,89.097550,34.548775,106.371937,0.000000,,,0,1,,,,,0.015556,DEFAULT
ga,hfvrp_n001_m03_s05,1,3,0.500000,999,89.097550,34.548775,106.371937,0.000000,,,0,1,,,,,0.001329,SMALL
ga,hfvrp_n001_m03_s03,1,3,0.500000,1788056709920932907,130.438737,0.000000,130.438737,0.000000,,,0,1,,,,,0.254082,MEDIUM
ga,hfvrp_n002_m03_s01,2,3,0.500000,75,262.852855,468.007587,496.856648,0.000000,,,0,1,,,,,0.976898,BIG
ga,hfvrp_n002_m03_s01,2,3,0.500000,100,262.852855,468.007587,496.856648,0.000000,,,0,1,,,,,0.019885,DEFAULT
ga,hfvrp_n002_m03_s01,2,3,0.500000,100,262.852855,468.007587,496.856648,0.000000,,,0,1,,,,,0.001713,SMALL
ga,hfvrp_n001_m03_s04,1,3,0.500000,1788056787379442411,122.386776,0.000000,122.386776,0.000000,,,0,1,,,,,0.246725,MEDIUM
ga,hfvrp_n001_m03_s05,1,3,0.500000,999,89.097550,34.548775,106.371937,0.000000,,,0,1,,,,,0.246803,MEDIUM
ga,hfvrp_n002_m03_s01,2,3,0.500000,100,262.852855,468.007587,496.856648,0.000000,,,0,1,,,,,0.319557,MEDIUM
ga,hfvrp_n002_m03_s02,2,3,0.500000,50,139.033247,41.343143,159.704818,0.000000,,,0,1,,,,,0.939469,BIG
ga,hfvrp_n001_m03_s03,1,3,0.500000,1788056774607839356,130.438737,0.000000,130.438737,0.000000,,,0,1,,,,,0.729490,BIG
ga,hfvrp_n002_m03_s02,2,3,0.500000,75,139.033247,41.343143,159.704818,0.000000,,,0,1,,,,,0.020407,DEFAULT
ga,hfvrp_n002_m03_s02,2,3,0.500000,75,139.033247,41.343143,159.704818,0.000000,,,0,1,,,,,0.001713,SMALL
ga,hfvrp_n002_m03_s04,2,3,0.500000,1788057466862911148,174.940044,35.445494,192.662791,0.000000,,,0,1,,,,,0.017328,DEFAULT
ga,hfvrp_n002_m03_s04,2,3,0.500000,1788057462588999365,174.940044,35.445494,192.662791,0.000000,,,0,1,,,,,0.001706,SMALL
ga,hfvrp_n002_m03_s03,2,3,0.500000,1,185.309216,25.338303,197.978368,0.000000,,,0,1,,,,,0.976516,BIG
ga,hfvrp_n002_m03_s03,2,3,0.500000,10,185.309216,25.338303,197.978368,0.000000,,,0,1,,,,,0.016325,DEFAULT
ga,hfvrp_n002_m03_s03,2,3,0.500000,10,185.309216,25.338303,197.978368,0.000000,,,0,1,,,,,0.005488,SMALL
ga,hfvrp_n001_m03_s04,1,3,0.500000,1788056809109413084,122.386776,0.000000,122.386776,0.000000,,,0,1,,,,,0.733988,BIG
ga,hfvrp_n001_m03_s05,1,3,0.500000,999,89.097550,34.548775,106.371937,0.000000,,,0,1,,,,,0.737132,BIG
ga,hfvrp_n001_m03_s05,1,3,0.500000,1234,89.097550,34.548775,106.371937,0.000000,,,0,1,,,,,0.014629,DEFAULT
ga,hfvrp_n002_m03_s05,2,3,0.500000,1788057621622557771,302.671304,316.313399,460.828004,0.000000,,,0,1,,,,,0.017549,DEFAULT
ga,hfvrp_n001_m03_s05,1,3,0.500000,1234,89.097550,34.548775,106.371937,0.000000,,,0,1,,,,,0.002172,SMALL
ga,hfvrp_n002_m03_s05,2,3,0.500000,1788057613053938531,302.671304,316.313399,460.828004,0.000000,,,0,1,,,,,0.001710,SMALL
ga,hfvrp_n002_m03_s02,2,3,0.500000,75,139.033247,41.343143,159.704818,0.000000,,,0,1,,,,,0.323356,MEDIUM
ga,hfvrp_n002_m03_s04,2,3,0.500000,1788057458299464009,174.940044,35.445494,192.662791,0.000000,,,0,1,,,,,0.323064,MEDIUM
ga,hfvrp_n001_m03_s05,1,3,0.500000,1234,89.097550,34.548775,106.371937,0.000000,,,0,1,,,,,0.249258,MEDIUM
ga,hfvrp_n002_m03_s03,2,3,0.500000,10,185.309216,25.338303,197.978368,0.000000,,,0,1,,,,,0.331832,MEDIUM
ga,hfvrp_n002_m03_s05,2,3,0.500000,1788057604469409497,302.671304,316.313399,460.828004,0.000000,,,0,1,,,,,0.319152,MEDIUM
ga,hfvrp_n002_m03_s01,2,3,0.500000,100,262.852855,468.007587,496.856648,0.000000,,,0,1,,,,,0.994545,BIG
ga,hfvrp_n002_m03_s01,2,3,0.500000,200,262.852855,468.007587,496.856648,0.000000,,,0,1,,,,,0.017137,DEFAULT
ga,hfvrp_n002_m03_s01,2,3,0.500000,200,262.852855,468.007587,496.856648,0.000000,,,0,1,,,,,0.004410,SMALL
ga,hfvrp_n002_m03_s01,2,3,0.500000,200,262.852855,468.007587,496.856648,0.000000,,,0,1,,,,,0.319967,MEDIUM
ga,hfvrp_n001_m03_s05,1,3,0.500000,1234,89.097550,34.548775,106.371937,0.000000,,,0,1,,,,,0.735537,BIG
ga,hfvrp_n001_m03_s05,1,3,0.500000,9999,89.097550,34.548775,106.371937,0.000000,,,0,1,,,,,0.014783,DEFAULT
ga,hfvrp_n001_m03_s05,1,3,0.500000,9999,89.097550,34.548775,106.371937,0.000000,,,0,1,,,,,0.003332,SMALL
ga,hfvrp_n002_m03_s02,2,3,0.500000,75,139.033247,41.343143,159.704818,0.000000,,,0,1,,,,,0.939371,BIG
ga,hfvrp_n002_m03_s02,2,3,0.500000,100,139.033247,41.343143,159.704818,0.000000,,,0,1,,,,,0.016024,DEFAULT
ga,hfvrp_n002_m03_s02,2,3,0.500000,100,139.033247,41.343143,159.704818,0.000000,,,0,1,,,,,0.003215,SMALL
ga,hfvrp_n002_m03_s04,2,3,0.500000,1788057596065467979,174.940044,35.445494,192.662791,0.000000,,,0,1,,,,,0.940308,BIG
ga,hfvrp_n002_m03_s04,2,3,0.500000,1,174.940044,35.445494,192.662791,0.000000,,,0,1,,,,,0.016984,DEFAULT
ga,hfvrp_n002_m03_s04,2,3,0.500000,1,174.940044,35.445494,192.662791,0.000000,,,0,1,,,,,0.001712,SMALL
ga,hfvrp_n002_m03_s03,2,3,0.500000,10,185.309216,25.338303,197.978368,0.000000,,,0,1,,,,,0.971654,BIG
ga,hfvrp_n002_m03_s05,2,3,0.500000,1788057669217035424,302.671304,316.313399,460.828004,0.000000,,,0,1,,,,,0.942719,BIG
ga,hfvrp_n002_m03_s03,2,3,0.500000,50,185.309216,25.338303,197.978368,0.000000,,,0,1,,,,,0.016370,DEFAULT
ga,hfvrp_n001_m03_s05,1,3,0.500000,9999,89.097550,34.548775,106.371937,0.000000,,,0,1,,,,,0.251559,MEDIUM
ga,hfvrp_n002_m03_s03,2,3,0.500000,50,185.309216,25.338303,197.978368,0.000000,,,0,1,,,,,0.004983,SMALL
ga,hfvrp_n002_m03_s05,2,3,0.500000,1,302.671304,316.313399,460.828004,0.000000,,,0,1,,,,,0.015839,DEFAULT
ga,hfvrp_n002_m03_s05,2,3,0.500000,1,302.671304,316.313399,460.828004,0.000000,,,0,1,,,,,0.001700,SMALL
ga,hfvrp_n002_m03_s02,2,3,0.500000,100,139.033247,41.343143,159.704818,0.000000,,,0,1,,,,,0.317746,MEDIUM
ga,hfvrp_n002_m03_s04,2,3,0.500000,1,174.940044,35.445494,192.662791,0.000000,,,0,1,,,,,0.314854,MEDIUM
ga,hfvrp_n002_m03_s05,2,3,0.500000,1,302.671304,316.313399,460.828004,0.000000,,,0,1,,,,,0.309985,MEDIUM
ga,hfvrp_n002_m03_s03,2,3,0.500000,50,185.309216,25.338303,197.978368,0.000000,,,0,1,,,,,0.324609,MEDIUM
ga,hfvrp_n002_m03_s01,2,3,0.500000,200,262.852855,468.007587,496.856648,0.000000,,,0,1,,,,,0.972195,BIG
ga,hfvrp_n002_m03_s01,2,3,0.500000,999,262.852855,468.007587,496.856648,0.000000,,,0,1,,,,,0.020161,DEFAULT
ga,hfvrp_n002_m03_s01,2,3,0.500000,999,262.852855,468.007587,496.856648,0.000000,,,0,1,,,,,0.003702,SMALL
ga,hfvrp_n001_m03_s05,1,3,0.500000,9999,89.097550,34.548775,106.371937,0.000000,,,0,1,,,,,0.728208,BIG
ga,hfvrp_n001_m03_s05,1,3,0.500000,19345,89.097550,34.548775,106.371937,0.000000,,,0,1,,,,,0.016749,DEFAULT
ga,hfvrp_n001_m03_s05,1,3,0.500000,19345,89.097550,34.548775,106.371937,0.000000,,,0,1,,,,,0.003357,SMALL
ga,hfvrp_n002_m03_s01,2,3,0.500000,999,262.852855,468.007587,496.856648,0.000000,,,0,1,,,,,0.325608,MEDIUM
ga,hfvrp_n001_m03_s05,1,3,0.500000,19345,89.097550,34.548775,106.371937,0.000000,,,0,1,,,,,0.239878,MEDIUM
ga,hfvrp_n002_m03_s02,2,3,0.500000,100,139.033247,41.343143,159.704818,0.000000,,,0,1,,,,,0.946010,BIG
ga,hfvrp_n002_m03_s04,2,3,0.500000,1,174.940044,35.445494,192.662791,0.000000,,,0,1,,,,,0.945006,BIG
ga,hfvrp_n002_m03_s02,2,3,0.500000,200,139.033247,41.343143,159.704818,0.000000,,,0,1,,,,,0.020124,DEFAULT
ga,hfvrp_n002_m03_s02,2,3,0.500000,200,139.033247,41.343143,159.704818,0.000000,,,0,1,,,,,0.001709,SMALL
ga,hfvrp_n002_m03_s04,2,3,0.500000,10,174.940044,35.445494,192.662791,0.000000,,,0,1,,,,,0.015828,DEFAULT
ga,hfvrp_n002_m03_s04,2,3,0.500000,10,174.940044,35.445494,192.662791,0.000000,,,0,1,,,,,0.003277,SMALL
ga,hfvrp_n002_m03_s05,2,3,0.500000,1,302.671304,316.313399,460.828004,0.000000,,,0,1,,,,,0.947291,BIG
ga,hfvrp_n002_m03_s05,2,3,0.500000,10,302.671304,316.313399,460.828004,0.000000,,,0,1,,,,,0.015857,DEFAULT
ga,hfvrp_n002_m03_s05,2,3,0.500000,10,302.671304,316.313399,460.828004,0.000000,,,0,1,,,,,0.001697,SMALL
ga,hfvrp_n002_m03_s03,2,3,0.500000,50,185.309216,25.338303,197.978368,0.000000,,,0,1,,,,,0.970828,BIG
ga,hfvrp_n002_m03_s03,2,3,0.500000,75,185.309216,25.338303,197.978368,0.000000,,,0,1,,,,,0.016407,DEFAULT
ga,hfvrp_n002_m03_s03,2,3,0.500000,75,185.309216,25.338303,197.978368,0.000000,,,0,1,,,,,0.001619,SMALL
ga,hfvrp_n002_m03_s02,2,3,0.500000,200,139.033247,41.343143,159.704818,0.000000,,,0,1,,,,,0.319753,MEDIUM
ga,hfvrp_n002_m03_s04,2,3,0.500000,10,174.940044,35.445494,192.662791,0.000000,,,0,1,,,,,0.317821,MEDIUM
ga,hfvrp_n002_m03_s05,2,3,0.500000,10,302.671304,316.313399,460.828004,0.000000,,,0,1,,,,,0.317122,MEDIUM
ga,hfvrp_n002_m03_s03,2,3,0.500000,75,185.309216,25.338303,197.978368,0.000000,,,0,1,,,,,0.322977,MEDIUM
ga,hfvrp_n001_m03_s05,1,3,0.500000,19345,89.097550,34.548775,106.371937,0.000000,,,0,1,,,,,0.741766,BIG
ga,hfvrp_n001_m03_s05,1,3,0.500000,1788058105769351777,89.097550,34.548775,106.371937,0.000000,,,0,1,,,,,0.016525,DEFAULT
ga,hfvrp_n001_m03_s05,1,3,0.500000,1788058041365199180,89.097550,34.548775,106.371937,0.000000,,,0,1,,,,,0.001259,SMALL
ga,hfvrp_n002_m03_s01,2,3,0.500000,999,262.852855,468.007587,496.856648,0.000000,,,0,1,,,,,0.969561,BIG
ga,hfvrp_n002_m03_s01,2,3,0.500000,1234,262.852855,468.007587,496.856648,0.000000,,,0,1,,,,,0.020605,DEFAULT
ga,hfvrp_n002_m03_s01,2,3,0.500000,1234,262.852855,468.007587,496.856648,0.000000,,,0,1,,,,,0.003147,SMALL
ga,hfvrp_n001_m03_s05,1,3,0.500000,1788058045665155479,89.097550,34.548775,106.371937,0.000000,,,0,1,,,,,0.242854,MEDIUM
ga,hfvrp_n002_m03_s01,2,3,0.500000,1234,262.852855,468.007587,496.856648,0.000000,,,0,1,,,,,0.321545,MEDIUM
ga,hfvrp_n002_m03_s02,2,3,0.500000,200,139.033247,41.343143,159.704818,0.000000,,,0,1,,,,,0.934351,BIG
ga,hfvrp_n002_m03_s04,2,3,0.500000,10,174.940044,35.445494,192.662791,0.000000,,,0,1,,,,,0.934056,BIG
ga,hfvrp_n002_m03_s02,2,3,0.500000,999,139.033247,41.343143,159.704818,0.000000,,,0,1,,,,,0.017318,DEFAULT
ga,hfvrp_n002_m03_s02,2,3,0.500000,999,139.033247,41.343143,159.704818,0.000000,,,0,1,,,,,0.001707,SMALL
ga,hfvrp_n002_m03_s04,2,3,0.500000,50,174.940044,35.445494,192.662791,0.000000,,,0,1,,,,,0.017104,DEFAULT
ga,hfvrp_n002_m03_s04,2,3,0.500000,50,174.940044,35.445494,192.662791,0.000000,,,0,1,,,,,0.003609,SMALL
ga,hfvrp_n002_m03_s05,2,3,0.500000,10,302.671304,316.313399,460.828004,0.000000,,,0,1,,,,,0.946848,BIG
ga,hfvrp_n002_m03_s05,2,3,0.500000,50,302.671304,316.313399,460.828004,0.000000,,,0,1,,,,,0.020062,DEFAULT
ga,hfvrp_n002_m03_s05,2,3,0.500000,50,302.671304,316.313399,460.828004,0.000000,,,0,1,,,,,0.003172,SMALL
ga,hfvrp_n002_m03_s03,2,3,0.500000,75,185.309216,25.338303,197.978368,0.000000,,,0,1,,,,,1.003227,BIG
ga,hfvrp_n002_m03_s03,2,3,0.500000,100,185.309216,25.338303,197.978368,0.000000,,,0,1,,,,,0.016629,DEFAULT
ga,hfvrp_n002_m03_s03,2,3,0.500000,100,185.309216,25.338303,197.978368,0.000000,,,0,1,,,,,0.001654,SMALL
ga,hfvrp_n002_m03_s02,2,3,0.500000,999,139.033247,41.343143,159.704818,0.000000,,,0,1,,,,,0.321247,MEDIUM
ga,hfvrp_n001_m03_s05,1,3,0.500000,1788058148991159157,89.097550,34.548775,106.371937,0.000000,,,0,1,,,,,0.733992,BIG
ga,hfvrp_n002_m03_s04,2,3,0.500000,50,174.940044,35.445494,192.662791,0.000000,,,0,1,,,,,0.317944,MEDIUM
ga,hfvrp_n005_m03_s01,5,3,0.500000,1788057724556976194,350.283936,145.533835,423.050854,0.000000,,,0,1,,,,,0.023937,DEFAULT
ga,hfvrp_n005_m03_s01,5,3,0.500000,1788057728882028038,350.283936,145.533835,423.050854,0.000000,,,0,1,,,,,0.004305,SMALL
ga,hfvrp_n002_m03_s05,2,3,0.500000,50,302.671304,316.313399,460.828004,0.000000,,,0,1,,,,,0.319684,MEDIUM
ga,hfvrp_n002_m03_s03,2,3,0.500000,100,185.309216,25.338303,197.978368,0.000000,,,0,1,,,,,0.327286,MEDIUM
ga,hfvrp_n002_m03_s01,2,3,0.500000,1234,262.852855,468.007587,496.856648,0.000000,,,0,1,,,,,0.978114,BIG
ga,hfvrp_n002_m03_s01,2,3,0.500000,9999,262.852855,468.007587,496.856648,0.000000,,,0,1,,,,,0.018683,DEFAULT
ga,hfvrp_n002_m03_s01,2,3,0.500000,9999,262.852855,468.007587,496.856648,0.000000,,,0,1,,,,,0.003937,SMALL
ga,hfvrp_n005_m03_s01,5,3,0.500000,1788057801904740827,350.283936,145.533835,423.050854,0.000000,,,0,1,,,,,0.479533,MEDIUM
ga,hfvrp_n002_m03_s01,2,3,0.500000,9999,262.852855,468.007587,496.856648,0.000000,,,0,1,,,,,0.320155,MEDIUM
ga,hfvrp_n002_m03_s02,2,3,0.500000,999,139.033247,41.343143,159.704818,0.000000,,,0,1,,,,,0.945866,BIG
ga,hfvrp_n002_m03_s04,2,3,0.500000,50,174.940044,35.445494,192.662791,0.000000,,,0,1,,,,,0.942181,BIG
ga,hfvrp_n002_m03_s02,2,3,0.500000,1234,139.033247,41.343143,159.704818,0.000000,,,0,1,,,,,0.020833,DEFAULT
ga,hfvrp_n002_m03_s02,2,3,0.500000,1234,139.033247,41.343143,159.704818,0.000000,,,0,1,,,,,0.003192,SMALL
ga,hfvrp_n002_m03_s04,2,3,0.500000,75,174.940044,35.445494,192.662791,0.000000,,,0,1,,,,,0.019585,DEFAULT
ga,hfvrp_n002_m03_s04,2,3,0.500000,75,174.940044,35.445494,192.662791,0.000000,,,0,1,,,,,0.001863,SMALL
ga,hfvrp_n002_m03_s05,2,3,0.500000,50,302.671304,316.313399,460.828004,0.000000,,,0,1,,,,,0.940350,BIG
ga,hfvrp_n002_m03_s05,2,3,0.500000,75,302.671304,316.313399,460.828004,0.000000,,,0,1,,,,,0.015880,DEFAULT
ga,hfvrp_n002_m03_s05,2,3,0.500000,75,302.671304,316.313399,460.828004,0.000000,,,0,1,,,,,0.001734,SMALL
ga,hfvrp_n002_m03_s03,2,3,0.500000,100,185.309216,25.338303,197.978368,0.000000,,,0,1,,,,,0.983363,BIG
ga,hfvrp_n002_m03_s03,2,3,0.500000,200,185.309216,25.338303,197.978368,0.000000,,,0,1,,,,,0.017634,DEFAULT
ga,hfvrp_n002_m03_s03,2,3,0.500000,200,185.309216,25.338303,197.978368,0.000000,,,0,1,,,,,0.003291,SMALL
ga,hfvrp_n002_m03_s02,2,3,0.500000,1234,139.033247,41.343143,159.704818,0.000000,,,0,1,,,,,0.319514,MEDIUM
ga,hfvrp_n002_m03_s04,2,3,0.500000,75,174.940044,35.445494,192.662791,0.000000,,,0,1,,,,,0.318454,MEDIUM
ga,hfvrp_n002_m03_s05,2,3,0.500000,75,302.671304,316.313399,460.828004,0.000000,,,0,1,,,,,0.318530,MEDIUM
ga,hfvrp_n002_m03_s03,2,3,0.500000,200,185.309216,25.338303,197.978368,0.000000,,,0,1,,,,,0.327233,MEDIUM
ga,hfvrp_n002_m03_s01,2,3,0.500000,9999,262.852855,468.007587,496.856648,0.000000,,,0,1,,,,,0.975092,BIG
ga,hfvrp_n002_m03_s01,2,3,0.500000,19345,262.852855,468.007587,496.856648,0.000000,,,0,1,,,,,0.017186,DEFAULT
ga,hfvrp_n002_m03_s01,2,3,0.500000,19345,262.852855,468.007587,496.856648,0.000000,,,0,1,,,,,0.001631,SMALL
ga,hfvrp_n005_m03_s01,5,3,0.500000,1788057776622914604,350.283936,145.533835,423.050854,0.000000,,,0,1,,,,,1.439171,BIG
ga,hfvrp_n005_m03_s01,5,3,0.500000,1,350.283936,145.533835,423.050854,0.000000,,,0,1,,,,,0.025831,DEFAULT
ga,hfvrp_n005_m03_s01,5,3,0.500000,1,350.283936,145.533835,423.050854,0.000000,,,0,1,,,,,0.004675,SMALL
ga,hfvrp_n002_m03_s01,2,3,0.500000,19345,262.852855,468.007587,496.856648,0.000000,,,0,1,,,,,0.320639,MEDIUM
ga,hfvrp_n002_m03_s02,2,3,0.500000,1234,139.033247,41.343143,159.704818,0.000000,,,0,1,,,,,0.937156,BIG
ga,hfvrp_n002_m03_s04,2,3,0.500000,75,174.940044,35.445494,192.662791,0.000000,,,0,1,,,,,0.932802,BIG
ga,hfvrp_n002_m03_s02,2,3,0.500000,9999,139.033247,41.343143,159.704818,0.000000,,,0,1,,,,,0.015996,DEFAULT
ga,hfvrp_n002_m03_s02,2,3,0.500000,9999,139.033247,41.343143,159.704818,0.000000,,,0,1,,,,,0.002867,SMALL
ga,hfvrp_n002_m03_s04,2,3,0.500000,100,174.940044,35.445494,192.662791,0.000000,,,0,1,,,,,0.017805,DEFAULT
ga,hfvrp_n002_m03_s04,2,3,0.500000,100,174.940044,35.445494,192.662791,0.000000,,,0,1,,,,,0.001704,SMALL
ga,hfvrp_n002_m03_s05,2,3,0.500000,75,302.671304,316.313399,460.828004,0.000000,,,0,1,,,,,0.937905,BIG
ga,hfvrp_n002_m03_s05,2,3,0.500000,100,302.671304,316.313399,460.828004,0.000000,,,0,1,,,,,0.019438,DEFAULT
ga,hfvrp_n002_m03_s05,2,3,0.500000,100,302.671304,316.313399,460.828004,0.000000,,,0,1,,,,,0.002881,SMALL
ga,hfvrp_n005_m03_s01,5,3,0.500000,1,350.283936,145.533835,423.050854,0.000000,,,0,1,,,,,0.479219,MEDIUM
ga,hfvrp_n002_m03_s03,2,3,0.500000,200,185.309216,25.338303,197.978368,0.000000,,,0,1,,,,,0.961064,BIG
ga,hfvrp_n002_m03_s02,2,3,0.500000,9999,139.033247,41.343143,159.704818,0.000000,,,0,1,,,,,0.312247,MEDIUM
ga,hfvrp_n002_m03_s03,2,3,0.500000,999,185.309216,25.338303,197.978368,0.000000,,,0,1,,,,,0.016281,DEFAULT
ga,hfvrp_n002_m03_s04,2,3,0.500000,100,174.940044,35.445494,192.662791,0.000000,,,0,1,,,,,0.317894,MEDIUM
ga,hfvrp_n002_m03_s03,2,3,0.500000,999,185.309216,25.338303,197.978368,0.000000,,,0,1,,,,,0.003185,SMALL
ga,hfvrp_n002_m03_s05,2,3,0.500000,100,302.671304,316.313399,460.828004,0.000000,,,0,1,,,,,0.308775,MEDIUM
ga,hfvrp_n002_m03_s03,2,3,0.500000,999,185.309216,25.338303,197.978368,0.000000,,,0,1,,,,,0.317650,MEDIUM
ga,hfvrp_n002_m03_s01,2,3,0.500000,19345,262.852855,468.007587,496.856648,0.000000,,,0,1,,,,,0.964930,BIG
ga,hfvrp_n002_m03_s01,2,3,0.500000,1788058767050533486,262.852855,468.007587,496.856648,0.000000,,,0,1,,,,,0.020502,DEFAULT
ga,hfvrp_n002_m03_s01,2,3,0.500000,1788058762780983032,262.852855,468.007587,496.856648,0.000000,,,0,1,,,,,0.003371,SMALL
ga,hfvrp_n002_m03_s01,2,3,0.500000,1788058775673011451,262.852855,468.007587,496.856648,0.000000,,,0,1,,,,,0.316648,MEDIUM
ga,hfvrp_n002_m03_s02,2,3,0.500000,9999,139.033247,41.343143,159.704818,0.000000,,,0,1,,,,,0.932464,BIG
ga,hfvrp_n002_m03_s04,2,3,0.500000,100,174.940044,35.445494,192.662791,0.000000,,,0,1,,,,,0.927743,BIG
ga,hfvrp_n002_m03_s02,2,3,0.500000,19345,139.033247,41.343143,159.704818,0.000000,,,0,1,,,,,0.018826,DEFAULT
ga,hfvrp_n002_m03_s04,2,3,0.500000,200,174.940044,35.445494,192.662791,0.000000,,,0,1,,,,,0.015878,DEFAULT
ga,hfvrp_n002_m03_s04,2,3,0.500000,200,174.940044,35.445494,192.662791,0.000000,,,0,1,,,,,0.002598,SMALL
ga,hfvrp_n002_m03_s02,2,3,0.500000,19345,139.033247,41.343143,159.704818,0.000000,,,0,1,,,,,0.003433,SMALL
ga,hfvrp_n002_m03_s05,2,3,0.500000,100,302.671304,316.313399,460.828004,0.000000,,,0,1,,,,,0.930724,BIG
ga,hfvrp_n002_m03_s05,2,3,0.500000,200,302.671304,316.313399,460.828004,0.000000,,,0,1,,,,,0.016047,DEFAULT
ga,hfvrp_n002_m03_s05,2,3,0.500000,200,302.671304,316.313399,460.828004,0.000000,,,0,1,,,,,0.001712,SMALL
ga,hfvrp_n002_m03_s04,2,3,0.500000,200,174.940044,35.445494,192.662791,0.000000,,,0,1,,,,,0.309990,MEDIUM
ga,hfvrp_n002_m03_s02,2,3,0.500000,19345,139.033247,41.343143,159.704818,0.000000,,,0,1,,,,,0.311049,MEDIUM
ga,hfvrp_n002_m03_s03,2,3,0.500000,999,185.309216,25.338303,197.978368,0.000000,,,0,1,,,,,0.975306,BIG
ga,hfvrp_n002_m03_s03,2,3,0.500000,1234,185.309216,25.338303,197.978368,0.000000,,,0,1,,,,,0.017662,DEFAULT
ga,hfvrp_n002_m03_s03,2,3,0.500000,1234,185.309216,25.338303,197.978368,0.000000,,,0,1,,,,,0.001732,SMALL
ga,hfvrp_n005_m03_s01,5,3,0.500000,1,350.283936,145.533835,423.050854,0.000000,,,0,1,,,,,1.435613,BIG
ga,hfvrp_n005_m03_s01,5,3,0.500000,10,350.283936,145.533835,423.050854,0.000000,,,0,1,,,,,0.027479,DEFAULT
ga,hfvrp_n005_m03_s01,5,3,0.500000,10,350.283936,145.533835,423.050854,0.000000,,,0,1,,,,,0.002603,SMALL
ga,hfvrp_n002_m03_s05,2,3,0.500000,200,302.671304,316.313399,460.828004,0.000000,,,0,1,,,,,0.314418,MEDIUM
ga,hfvrp_n002_m03_s03,2,3,0.500000,1234,185.309216,25.338303,197.978368,0.000000,,,0,1,,,,,0.320831,MEDIUM
ga,hfvrp_n002_m03_s01,2,3,0.500000,1788058771699437397,262.852855,468.007587,496.856648,0.000000,,,0,1,,,,,0.970080,BIG
ga,hfvrp_n005_m03_s01,5,3,0.500000,10,350.283936,145.533835,423.050854,0.000000,,,0,1,,,,,0.469467,MEDIUM
ga,hfvrp_n005_m03_s02,5,3,0.500000,1788058386166086573,363.863985,203.627944,465.677957,0.000000,,,0,1,,,,,0.024905,DEFAULT
ga,hfvrp_n005_m03_s02,5,3,0.500000,1788058399082385289,363.863985,203.627944,465.677957,0.000000,,,0,1,,,,,0.004608,SMALL
ga,hfvrp_n002_m03_s04,2,3,0.500000,200,174.940044,35.445494,192.662791,0.000000,,,0,1,,,,,0.939686,BIG
ga,hfvrp_n002_m03_s02,2,3,0.500000,19345,139.033247,41.343143,159.704818,0.000000,,,0,1,,,,,0.941848,BIG
ga,hfvrp_n002_m03_s04,2,3,0.500000,999,174.940044,35.445494,192.662791,0.000000,,,0,1,,,,,0.017266,DEFAULT
ga,hfvrp_n002_m03_s04,2,3,0.500000,999,174.940044,35.445494,192.662791,0.000000,,,0,1,,,,,0.001706,SMALL
ga,hfvrp_n002_m03_s02,2,3,0.500000,1788058515397786913,139.033247,41.343143,159.704818,0.000000,,,0,1,,,,,0.017952,DEFAULT
ga,hfvrp_n002_m03_s02,2,3,0.500000,1788058459584553508,139.033247,41.343143,159.704818,0.000000,,,0,1,,,,,0.001697,SMALL
ga,hfvrp_n002_m03_s05,2,3,0.500000,200,302.671304,316.313399,460.828004,0.000000,,,0,1,,,,,0.937667,BIG
ga,hfvrp_n005_m03_s02,5,3,0.500000,1788058394795959501,363.863985,203.627944,465.677957,0.000000,,,0,1,,,,,0.475941,MEDIUM
ga,hfvrp_n002_m03_s05,2,3,0.500000,999,302.671304,316.313399,460.828004,0.000000,,,0,1,,,,,0.020678,DEFAULT
ga,hfvrp_n002_m03_s05,2,3,0.500000,999,302.671304,316.313399,460.828004,0.000000,,,0,1,,,,,0.001582,SMALL
ga,hfvrp_n002_m03_s04,2,3,0.500000,999,174.940044,35.445494,192.662791,0.000000,,,0,1,,,,,0.313730,MEDIUM
ga,hfvrp_n002_m03_s02,2,3,0.500000,1788058463884586419,139.033247,41.343143,159.704818,0.000000,,,0,1,,,,,0.312987,MEDIUM
ga,hfvrp_n002_m03_s03,2,3,0.500000,1234,185.309216,25.338303,197.978368,0.000000,,,0,1,,,,,0.972573,BIG
ga,hfvrp_n002_m03_s03,2,3,0.500000,9999,185.309216,25.338303,197.978368,0.000000,,,0,1,,,,,0.020046,DEFAULT
ga,hfvrp_n002_m03_s03,2,3,0.500000,9999,185.309216,25.338303,197.978368,0.000000,,,0,1,,,,,0.001682,SMALL
ga,hfvrp_n002_m03_s05,2,3,0.500000,999,302.671304,316.313399,460.828004,0.000000,,,0,1,,,,,0.311418,MEDIUM
ga,hfvrp_n002_m03_s03,2,3,0.500000,9999,185.309216,25.338303,197.978368,0.000000,,,0,1,,,,,0.317999,MEDIUM
ga,hfvrp_n005_m03_s01,5,3,0.500000,10,350.283936,145.533835,423.050854,0.000000,,,0,1,,,,,1.423741,BIG
ga,hfvrp_n005_m03_s01,5,3,0.500000,50,350.283936,145.533835,423.050854,0.000000,,,0,1,,,,,0.028627,DEFAULT
ga,hfvrp_n005_m03_s01,5,3,0.500000,50,350.283936,145.533835,423.050854,0.000000,,,0,1,,,,,0.005436,SMALL
ga,hfvrp_n002_m03_s04,2,3,0.500000,999,174.940044,35.445494,192.662791,0.000000,,,0,1,,,,,0.934797,BIG
ga,hfvrp_n002_m03_s02,2,3,0.500000,1788059108450268243,139.033247,41.343143,159.704818,0.000000,,,0,1,,,,,0.939678,BIG
ga,hfvrp_n002_m03_s04,2,3,0.500000,1234,174.940044,35.445494,192.662791,0.000000,,,0,1,,,,,0.020092,DEFAULT
ga,hfvrp_n002_m03_s04,2,3,0.500000,1234,174.940044,35.445494,192.662791,0.000000,,,0,1,,,,,0.001697,SMALL
ga,hfvrp_n005_m03_s03,5,3,0.500000,1788059264046296703,444.734799,0.000000,444.734799,0.000000,,,0,1,,,,,0.024253,DEFAULT
ga,hfvrp_n005_m03_s03,5,3,0.500000,1788059221127430583,444.734799,0.000000,444.734799,0.000000,,,0,1,,,,,0.007312,SMALL
ga,hfvrp_n002_m03_s05,2,3,0.500000,999,302.671304,316.313399,460.828004,0.000000,,,0,1,,,,,0.943036,BIG
ga,hfvrp_n002_m03_s05,2,3,0.500000,1234,302.671304,316.313399,460.828004,0.000000,,,0,1,,,,,0.015870,DEFAULT
ga,hfvrp_n002_m03_s05,2,3,0.500000,1234,302.671304,316.313399,460.828004,0.000000,,,0,1,,,,,0.001712,SMALL
ga,hfvrp_n005_m03_s02,5,3,0.500000,1788058472585242967,363.863985,203.627944,465.677957,0.000000,,,0,1,,,,,1.430426,BIG
ga,hfvrp_n005_m03_s01,5,3,0.500000,50,350.283936,145.533835,423.050854,0.000000,,,0,1,,,,,0.480061,MEDIUM
ga,hfvrp_n005_m03_s02,5,3,0.500000,1,363.863985,203.627944,465.677957,0.000000,,,0,1,,,,,0.027816,DEFAULT
ga,hfvrp_n005_m03_s02,5,3,0.500000,1,363.863985,203.627944,465.677957,0.000000,,,0,1,,,,,0.002442,SMALL
ga,hfvrp_n002_m03_s04,2,3,0.500000,1234,174.940044,35.445494,192.662791,0.000000,,,0,1,,,,,0.319216,MEDIUM
ga,hfvrp_n002_m03_s03,2,3,0.500000,9999,185.309216,25.338303,197.978368,0.000000,,,0,1,,,,,0.974761,BIG
ga,hfvrp_n002_m03_s05,2,3,0.500000,1234,302.671304,316.313399,460.828004,0.000000,,,0,1,,,,,0.316818,MEDIUM
ga,hfvrp_n002_m03_s03,2,3,0.500000,19345,185.309216,25.338303,197.978368,0.000000,,,0,1,,,,,0.020364,DEFAULT
ga,hfvrp_n002_m03_s03,2,3,0.500000,19345,185.309216,25.338303,197.978368,0.000000,,,0,1,,,,,0.001756,SMALL
ga,hfvrp_n005_m03_s03,5,3,0.500000,1788059208254603025,444.734799,0.000000,444.734799,0.000000,,,0,1,,,,,0.490451,MEDIUM
ga,hfvrp_n005_m03_s02,5,3,0.500000,1,363.863985,203.627944,465.677957,0.000000,,,0,1,,,,,0.480410,MEDIUM
ga,hfvrp_n002_m03_s03,2,3,0.500000,19345,185.309216,25.338303,197.978368,0.000000,,,0,1,,,,,0.319310,MEDIUM
ga,hfvrp_n002_m03_s04,2,3,0.500000,1234,174.940044,35.445494,192.662791,0.000000,,,0,1,,,,,0.935295,BIG
ga,hfvrp_n002_m03_s04,2,3,0.500000,9999,174.940044,35.445494,192.662791,0.000000,,,0,1,,,,,0.016543,DEFAULT
ga,hfvrp_n002_m03_s04,2,3,0.500000,9999,174.940044,35.445494,192.662791,0.000000,,,0,1,,,,,0.001708,SMALL
ga,hfvrp_n002_m03_s05,2,3,0.500000,1234,302.671304,316.313399,460.828004,0.000000,,,0,1,,,,,0.933508,BIG
ga,hfvrp_n002_m03_s05,2,3,0.500000,9999,302.671304,316.313399,460.828004,0.000000,,,0,1,,,,,0.018402,DEFAULT
ga,hfvrp_n002_m03_s05,2,3,0.500000,9999,302.671304,316.313399,460.828004,0.000000,,,0,1,,,,,0.003641,SMALL
ga,hfvrp_n002_m03_s04,2,3,0.500000,9999,174.940044,35.445494,192.662791,0.000000,,,0,1,,,,,0.310848,MEDIUM
ga,hfvrp_n005_m03_s01,5,3,0.500000,50,350.283936,145.533835,423.050854,0.000000,,,0,1,,,,,1.426032,BIG
ga,hfvrp_n005_m03_s01,5,3,0.500000,75,350.283936,145.533835,423.050854,0.000000,,,0,1,,,,,0.025118,DEFAULT
ga,hfvrp_n005_m03_s01,5,3,0.500000,75,350.283936,145.533835,423.050854,0.000000,,,0,1,,,,,0.006591,SMALL
ga,hfvrp_n002_m03_s05,2,3,0.500000,9999,302.671304,316.313399,460.828004,0.000000,,,0,1,,,,,0.310093,MEDIUM
ga,hfvrp_n002_m03_s03,2,3,0.500000,19345,185.309216,25.338303,197.978368,0.000000,,,0,1,,,,,0.971031,BIG
ga,hfvrp_n002_m03_s03,2,3,0.500000,1788058982362744942,185.309216,25.338303,197.978368,0.000000,,,0,1,,,,,0.021144,DEFAULT
ga,hfvrp_n002_m03_s03,2,3,0.500000,1788058969504680975,185.309216,25.338303,197.978368,0.000000,,,0,1,,,,,0.003647,SMALL
ga,hfvrp_n005_m03_s03,5,3,0.500000,1788058835091014994,444.734799,0.000000,444.734799,0.000000,,,0,1,,,,,1.442231,BIG
ga,hfvrp_n005_m03_s03,5,3,0.500000,1,444.734799,0.000000,444.734799,0.000000,,,0,1,,,,,0.028437,DEFAULT
ga,hfvrp_n005_m03_s03,5,3,0.500000,1,444.734799,0.000000,444.734799,0.000000,,,0,1,,,,,0.006189,SMALL
ga,hfvrp_n002_m03_s03,2,3,0.500000,1788058973807137945,185.309216,25.338303,197.978368,0.000000,,,0,1,,,,,0.325372,MEDIUM
ga,hfvrp_n005_m03_s02,5,3,0.500000,1,363.863985,203.627944,465.677957,0.000000,,,0,1,,,,,1.436116,BIG
ga,hfvrp_n005_m03_s01,5,3,0.500000,75,350.283936,145.533835,423.050854,0.000000,,,0,1,,,,,0.477912,MEDIUM
ga,hfvrp_n005_m03_s02,5,3,0.500000,10,363.863985,203.627944,465.677957,0.000000,,,0,1,,,,,0.025431,DEFAULT
ga,hfvrp_n005_m03_s02,5,3,0.500000,10,363.863985,203.627944,465.677957,0.000000,,,0,1,,,,,0.002635,SMALL
ga,hfvrp_n005_m03_s03,5,3,0.500000,1,444.734799,0.000000,444.734799,0.000000,,,0,1,,,,,0.478825,MEDIUM
ga,hfvrp_n002_m03_s04,2,3,0.500000,9999,174.940044,35.445494,192.662791,0.000000,,,0,1,,,,,0.947631,BIG
ga,hfvrp_n002_m03_s04,2,3,0.500000,19345,174.940044,35.445494,192.662791,0.000000,,,0,1,,,,,0.019884,DEFAULT
ga,hfvrp_n002_m03_s04,2,3,0.500000,19345,174.940044,35.445494,192.662791,0.000000,,,0,1,,,,,0.004688,SMALL
ga,hfvrp_n002_m03_s05,2,3,0.500000,9999,302.671304,316.313399,460.828004,0.000000,,,0,1,,,,,0.941255,BIG
ga,hfvrp_n002_m03_s05,2,3,0.500000,19345,302.671304,316.313399,460.828004,0.000000,,,0,1,,,,,0.016365,DEFAULT
ga,hfvrp_n002_m03_s05,2,3,0.500000,19345,302.671304,316.313399,460.828004,0.000000,,,0,1,,,,,0.001613,SMALL
ga,hfvrp_n005_m03_s02,5,3,0.500000,10,363.863985,203.627944,465.677957,0.000000,,,0,1,,,,,0.477707,MEDIUM
ga,hfvrp_n002_m03_s04,2,3,0.500000,19345,174.940044,35.445494,192.662791,0.000000,,,0,1,,,,,0.316763,MEDIUM
ga,hfvrp_n002_m03_s05,2,3,0.500000,19345,302.671304,316.313399,460.828004,0.000000,,,0,1,,,,,0.311477,MEDIUM
ga,hfvrp_n002_m03_s03,2,3,0.500000,1788058939780740885,185.309216,25.338303,197.978368,0.000000,,,0,1,,,,,0.983087,BIG
ga,hfvrp_n005_m03_s04,5,3,0.500000,1788059722485975195,278.576281,287.478473,422.315518,0.000000,,,0,1,,,,,0.024423,DEFAULT
ga,hfvrp_n005_m03_s04,5,3,0.500000,1788059752578926908,278.576281,287.478473,422.315518,0.000000,,,0,1,,,,,0.002669,SMALL
ga,hfvrp_n005_m03_s01,5,3,0.500000,75,350.283936,145.533835,423.050854,0.000000,,,0,1,,,,,1.425073,BIG
ga,hfvrp_n005_m03_s04,5,3,0.500000,1788059748290256185,278.576281,287.478473,422.315518,0.000000,,,0,1,,,,,0.474674,MEDIUM
ga,hfvrp_n005_m03_s01,5,3,0.500000,100,350.283936,145.533835,423.050854,0.000000,,,0,1,,,,,0.026504,DEFAULT
ga,hfvrp_n005_m03_s01,5,3,0.500000,100,350.283936,145.533835,423.050854,0.000000,,,0,1,,,,,0.003938,SMALL
ga,hfvrp_n002_m03_s04,2,3,0.500000,19345,174.940044,35.445494,192.662791,0.000000,,,0,1,,,,,0.968644,BIG
ga,hfvrp_n002_m03_s04,2,3,0.500000,1788059796266220446,174.940044,35.445494,192.662791,0.000000,,,0,1,,,,,0.015860,DEFAULT
ga,hfvrp_n002_m03_s04,2,3,0.500000,1788059791995459035,174.940044,35.445494,192.662791,0.000000,,,0,1,,,,,0.003253,SMALL
ga,hfvrp_n005_m03_s03,5,3,0.500000,1,444.734799,0.000000,444.734799,0.000000,,,0,1,,,,,1.465776,BIG
ga,hfvrp_n002_m03_s05,2,3,0.500000,19345,302.671304,316.313399,460.828004,0.000000,,,0,1,,,,,0.937311,BIG
ga,hfvrp_n002_m03_s05,2,3,0.500000,1788059783457551376,302.671304,316.313399,460.828004,0.000000,,,0,1,,,,,0.019769,DEFAULT
ga,hfvrp_n005_m03_s03,5,3,0.500000,10,444.734799,0.000000,444.734799,0.000000,,,0,1,,,,,0.024201,DEFAULT
ga,hfvrp_n002_m03_s05,2,3,0.500000,1788059774890800349,302.671304,316.313399,460.828004,0.000000,,,0,1,,,,,0.001707,SMALL
ga,hfvrp_n005_m03_s03,5,3,0.500000,10,444.734799,0.000000,444.734799,0.000000,,,0,1,,,,,0.004619,SMALL
ga,hfvrp_n005_m03_s02,5,3,0.500000,10,363.863985,203.627944,465.677957,0.000000,,,0,1,,,,,1.429283,BIG
ga,hfvrp_n005_m03_s01,5,3,0.500000,100,350.283936,145.533835,423.050854,0.000000,,,0,1,,,,,0.475200,MEDIUM
ga,hfvrp_n005_m03_s02,5,3,0.500000,50,363.863985,203.627944,465.677957,0.000000,,,0,1,,,,,0.028687,DEFAULT
ga,hfvrp_n005_m03_s02,5,3,0.500000,50,363.863985,203.627944,465.677957,0.000000,,,0,1,,,,,0.004761,SMALL
ga,hfvrp_n002_m03_s04,2,3,0.500000,1788059822068172101,174.940044,35.445494,192.662791,0.000000,,,0,1,,,,,0.327884,MEDIUM
ga,hfvrp_n002_m03_s05,2,3,0.500000,1788059869385576607,302.671304,316.313399,460.828004,0.000000,,,0,1,,,,,0.316513,MEDIUM
ga,hfvrp_n005_m03_s03,5,3,0.500000,10,444.734799,0.000000,444.734799,0.000000,,,0,1,,,,,0.486389,MEDIUM
ga,hfvrp_n005_m03_s02,5,3,0.500000,50,363.863985,203.627944,465.677957,0.000000,,,0,1,,,,,0.471726,MEDIUM
ga,hfvrp_n005_m03_s04,5,3,0.500000,1788059688643450069,278.576281,287.478473,422.315518,0.000000,,,0,1,,,,,1.456268,BIG
ga,hfvrp_n005_m03_s04,5,3,0.500000,1,278.576281,287.478473,422.315518,0.000000,,,0,1,,,,,0.025862,DEFAULT
ga,hfvrp_n005_m03_s04,5,3,0.500000,1,278.576281,287.478473,422.315518,0.000000,,,0,1,,,,,0.005121,SMALL
ga,hfvrp_n002_m03_s04,2,3,0.500000,1788059826699524925,174.940044,35.445494,192.662791,0.000000,,,0,1,,,,,0.933763,BIG
ga,hfvrp_n002_m03_s05,2,3,0.500000,1788059856823086645,302.671304,316.313399,460.828004,0.000000,,,0,1,,,,,0.934450,BIG
ga,hfvrp_n005_m03_s05,5,3,0.500000,1788059449718761272,392.925224,206.042807,495.946627,0.000000,,,0,1,,,,,0.028193,DEFAULT
ga,hfvrp_n005_m03_s05,5,3,0.500000,1788059415394891521,392.925224,206.042807,495.946627,0.000000,,,0,1,,,,,0.005479,SMALL
ga,hfvrp_n010_m03_s01,10,3,0.500000,1788059518494762308,529.611331,271.386050,665.304356,0.000000,,,0,1,,,,,0.039201,DEFAULT
ga,hfvrp_n010_m03_s01,10,3,0.500000,1788059548602538862,529.611331,271.386050,665.304356,0.000000,,,0,1,,,,,0.004215,SMALL
ga,hfvrp_n005_m03_s01,5,3,0.500000,100,350.283936,145.533835,423.050854,0.000000,,,0,1,,,,,1.451747,BIG
ga,hfvrp_n005_m03_s04,5,3,0.500000,1,278.576281,287.478473,422.315518,0.000000,,,0,1,,,,,0.486914,MEDIUM
ga,hfvrp_n005_m03_s01,5,3,0.500000,200,350.283936,145.533835,423.050854,0.000000,,,0,1,,,,,0.023919,DEFAULT
ga,hfvrp_n005_m03_s01,5,3,0.500000,200,350.283936,145.533835,423.050854,0.000000,,,0,1,,,,,0.002464,SMALL
ga,hfvrp_n005_m03_s05,5,3,0.500000,1788059527077577128,392.925224,206.042807,495.946627,0.000000,,,0,1,,,,,0.481938,MEDIUM
ga,hfvrp_n005_m03_s03,5,3,0.500000,10,444.734799,0.000000,444.734799,0.000000,,,0,1,,,,,1.447660,BIG
ga,hfvrp_n005_m03_s03,5,3,0.500000,50,444.734799,0.000000,444.734799,0.000000,,,0,1,,,,,0.027076,DEFAULT
ga,hfvrp_n005_m03_s03,5,3,0.500000,50,444.734799,0.000000,444.734799,0.000000,,,0,1,,,,,0.004758,SMALL
ga,hfvrp_n010_m03_s01,10,3,0.500000,1788059544315593026,529.611331,271.386050,665.304356,0.000000,,,0,1,,,,,0.731190,MEDIUM
ga,hfvrp_n005_m03_s01,5,3,0.500000,200,350.283936,145.533835,423.050854,0.000000,,,0,1,,,,,0.473217,MEDIUM
ga,hfvrp_n005_m03_s02,5,3,0.500000,50,363.863985,203.627944,465.677957,0.000000,,,0,1,,,,,1.441183,BIG
ga,hfvrp_n005_m03_s02,5,3,0.500000,75,363.863985,203.627944,465.677957,0.000000,,,0,1,,,,,0.025134,DEFAULT
ga,hfvrp_n005_m03_s02,5,3,0.500000,75,363.863985,203.627944,465.677957,0.000000,,,0,1,,,,,0.002425,SMALL
ga,hfvrp_n005_m03_s03,5,3,0.500000,50,444.734799,0.000000,444.734799,0.000000,,,0,1,,,,,0.472057,MEDIUM
ga,hfvrp_n005_m03_s02,5,3,0.500000,75,363.863985,203.627944,465.677957,0.000000,,,0,1,,,,,0.464671,MEDIUM
ga,hfvrp_n005_m03_s04,5,3,0.500000,1,278.576281,287.478473,422.315518,0.000000,,,0,1,,,,,1.439149,BIG
ga,hfvrp_n005_m03_s04,5,3,0.500000,10,278.576281,287.478473,422.315518,0.000000,,,0,1,,,,,0.029214,DEFAULT
ga,hfvrp_n005_m03_s04,5,3,0.500000,10,278.576281,287.478473,422.315518,0.000000,,,0,1,,,,,0.002682,SMALL
ga,hfvrp_n005_m03_s05,5,3,0.500000,1788059506088559124,392.925224,206.042807,495.946627,0.000000,,,0,1,,,,,1.432821,BIG
ga,hfvrp_n005_m03_s05,5,3,0.500000,1,392.925224,206.042807,495.946627,0.000000,,,0,1,,,,,0.025721,DEFAULT
ga,hfvrp_n005_m03_s05,5,3,0.500000,1,392.925224,206.042807,495.946627,0.000000,,,0,1,,,,,0.002658,SMALL
ga,hfvrp_n005_m03_s01,5,3,0.500000,200,350.283936,145.533835,423.050854,0.000000,,,0,1,,,,,1.414823,BIG
ga,hfvrp_n005_m03_s01,5,3,0.500000,999,350.283936,145.533835,423.050854,0.000000,,,0,1,,,,,0.024289,DEFAULT
ga,hfvrp_n005_m03_s01,5,3,0.500000,999,350.283936,145.533835,423.050854,0.000000,,,0,1,,,,,0.002407,SMALL
ga,hfvrp_n005_m03_s04,5,3,0.500000,10,278.576281,287.478473,422.315518,0.000000,,,0,1,,,,,0.485187,MEDIUM
ga,hfvrp_n005_m03_s05,5,3,0.500000,1,392.925224,206.042807,495.946627,0.000000,,,0,1,,,,,0.481198,MEDIUM
ga,hfvrp_n005_m03_s03,5,3,0.500000,50,444.734799,0.000000,444.734799,0.000000,,,0,1,,,,,1.440107,BIG
ga,hfvrp_n005_m03_s03,5,3,0.500000,75,444.734799,0.000000,444.734799,0.000000,,,0,1,,,,,0.028174,DEFAULT
ga,hfvrp_n005_m03_s03,5,3,0.500000,75,444.734799,0.000000,444.734799,0.000000,,,0,1,,,,,0.005833,SMALL
ga,hfvrp_n005_m03_s01,5,3,0.500000,999,350.283936,145.533835,423.050854,0.000000,,,0,1,,,,,0.482301,MEDIUM
ga,hfvrp_n005_m03_s02,5,3,0.500000,75,363.863985,203.627944,465.677957,0.000000,,,0,1,,,,,1.430804,BIG
ga,hfvrp_n005_m03_s02,5,3,0.500000,100,363.863985,203.627944,465.677957,0.000000,,,0,1,,,,,0.026974,DEFAULT
ga,hfvrp_n005_m03_s02,5,3,0.500000,100,363.863985,203.627944,465.677957,0.000000,,,0,1,,,,,0.007342,SMALL
ga,hfvrp_n010_m03_s01,10,3,0.500000,1788059609475194141,529.611331,271.386050,665.304356,0.000000,,,0,1,,,,,2.216751,BIG
ga,hfvrp_n010_m03_s01,10,3,0.500000,1,529.611331,271.386050,665.304356,0.000000,,,0,1,,,,,0.039700,DEFAULT
ga,hfvrp_n010_m03_s01,10,3,0.500000,1,529.611331,271.386050,665.304356,0.000000,,,0,1,,,,,0.008670,SMALL
ga,hfvrp_n005_m03_s03,5,3,0.500000,75,444.734799,0.000000,444.734799,0.000000,,,0,1,,,,,0.491724,MEDIUM
ga,hfvrp_n005_m03_s02,5,3,0.500000,100,363.863985,203.627944,465.677957,0.000000,,,0,1,,,,,0.477798,MEDIUM
ga,hfvrp_n005_m03_s04,5,3,0.500000,10,278.576281,287.478473,422.315518,0.000000,,,0,1,,,,,1.453318,BIG
ga,hfvrp_n010_m03_s01,10,3,0.500000,1,529.611331,271.386050,665.304356,0.000000,,,0,1,,,,,0.735790,MEDIUM
ga,hfvrp_n005_m03_s04,5,3,0.500000,50,278.576281,287.478473,422.315518,0.000000,,,0,1,,,,,0.024815,DEFAULT
ga,hfvrp_n005_m03_s04,5,3,0.500000,50,278.576281,287.478473,422.315518,0.000000,,,0,1,,,,,0.006074,SMALL
ga,hfvrp_n005_m03_s05,5,3,0.500000,1,392.925224,206.042807,495.946627,0.000000,,,0,1,,,,,1.448822,BIG
ga,hfvrp_n005_m03_s05,5,3,0.500000,10,392.925224,206.042807,495.946627,0.000000,,,0,1,,,,,0.028961,DEFAULT
ga,hfvrp_n005_m03_s05,5,3,0.500000,10,392.925224,206.042807,495.946627,0.000000,,,0,1,,,,,0.004108,SMALL
ga,hfvrp_n005_m03_s01,5,3,0.500000,999,350.283936,145.533835,423.050854,0.000000,,,0,1,,,,,1.424661,BIG
ga,hfvrp_n005_m03_s01,5,3,0.500000,1234,350.283936,145.533835,423.050854,0.000000,,,0,1,,,,,0.024862,DEFAULT
ga,hfvrp_n005_m03_s01,5,3,0.500000,1234,350.283936,145.533835,423.050854,0.000000,,,0,1,,,,,0.002417,SMALL
ga,hfvrp_n005_m03_s04,5,3,0.500000,50,278.576281,287.478473,422.315518,0.000000,,,0,1,,,,,0.481785,MEDIUM
ga,hfvrp_n005_m03_s05,5,3,0.500000,10,392.925224,206.042807,495.946627,0.000000,,,0,1,,,,,0.477275,MEDIUM
ga,hfvrp_n005_m03_s03,5,3,0.500000,75,444.734799,0.000000,444.734799,0.000000,,,0,1,,,,,1.455956,BIG
ga,hfvrp_n005_m03_s03,5,3,0.500000,100,444.734799,0.000000,444.734799,0.000000,,,0,1,,,,,0.025407,DEFAULT
ga,hfvrp_n005_m03_s03,5,3,0.500000,100,444.734799,0.000000,444.734799,0.000000,,,0,1,,,,,0.002609,SMALL
ga,hfvrp_n005_m03_s01,5,3,0.500000,1234,350.283936,145.533835,423.050854,0.000000,,,0,1,,,,,0.476175,MEDIUM
ga,hfvrp_n005_m03_s02,5,3,0.500000,100,363.863985,203.627944,465.677957,0.000000,,,0,1,,,,,1.438172,BIG
ga,hfvrp_n005_m03_s02,5,3,0.500000,200,363.863985,203.627944,465.677957,0.000000,,,0,1,,,,,0.027116,DEFAULT
ga,hfvrp_n005_m03_s02,5,3,0.500000,200,363.863985,203.627944,465.677957,0.000000,,,0,1,,,,,0.004187,SMALL
ga,hfvrp_n005_m03_s03,5,3,0.500000,100,444.734799,0.000000,444.734799,0.000000,,,0,1,,,,,0.482261,MEDIUM
ga,hfvrp_n005_m03_s02,5,3,0.500000,200,363.863985,203.627944,465.677957,0.000000,,,0,1,,,,,0.484245,MEDIUM
ga,hfvrp_n005_m03_s04,5,3,0.500000,50,278.576281,287.478473,422.315518,0.000000,,,0,1,,,,,1.441983,BIG
ga,hfvrp_n005_m03_s04,5,3,0.500000,75,278.576281,287.478473,422.315518,0.000000,,,0,1,,,,,0.026122,DEFAULT
ga,hfvrp_n005_m03_s04,5,3,0.500000,75,278.576281,287.478473,422.315518,0.000000,,,0,1,,,,,0.002665,SMALL
ga,hfvrp_n005_m03_s05,5,3,0.500000,10,392.925224,206.042807,495.946627,0.000000,,,0,1,,,,,1.451495,BIG
ga,hfvrp_n005_m03_s05,5,3,0.500000,50,392.925224,206.042807,495.946627,0.000000,,,0,1,,,,,0.026223,DEFAULT
ga,hfvrp_n005_m03_s05,5,3,0.500000,50,392.925224,206.042807,495.946627,0.000000,,,0,1,,,,,0.002577,SMALL
ga,hfvrp_n010_m03_s01,10,3,0.500000,1,529.611331,271.386050,665.304356,0.000000,,,0,1,,,,,2.221813,BIG
ga,hfvrp_n010_m03_s01,10,3,0.500000,10,529.611331,271.386050,665.304356,0.000000,,,0,1,,,,,0.036840,DEFAULT
ga,hfvrp_n010_m03_s01,10,3,0.500000,10,526.249715,357.432841,704.966136,0.000000,,,0,1,,,,,0.003958,SMALL
ga,hfvrp_n005_m03_s01,5,3,0.500000,1234,350.283936,145.533835,423.050854,0.000000,,,0,1,,,,,1.422486,BIG
ga,hfvrp_n005_m03_s01,5,3,0.500000,9999,350.283936,145.533835,423.050854,0.000000,,,0,1,,,,,0.027303,DEFAULT
ga,hfvrp_n005_m03_s01,5,3,0.500000,9999,350.283936,145.533835,423.050854,0.000000,,,0,1,,,,,0.003931,SMALL
ga,hfvrp_n005_m03_s04,5,3,0.500000,75,278.576281,287.478473,422.315518,0.000000,,,0,1,,,,,0.482309,MEDIUM
ga,hfvrp_n005_m03_s05,5,3,0.500000,50,392.925224,206.042807,495.946627,0.000000,,,0,1,,,,,0.476580,MEDIUM
ga,hfvrp_n005_m03_s03,5,3,0.500000,100,444.734799,0.000000,444.734799,0.000000,,,0,1,,,,,1.434002,BIG
ga,hfvrp_n005_m03_s03,5,3,0.500000,200,444.734799,0.000000,444.734799,0.000000,,,0,1,,,,,0.027884,DEFAULT
ga,hfvrp_n005_m03_s03,5,3,0.500000,200,444.734799,0.000000,444.734799,0.000000,,,0,1,,,,,0.005493,SMALL
ga,hfvrp_n005_m03_s01,5,3,0.500000,9999,350.283936,145.533835,423.050854,0.000000,,,0,1,,,,,0.473543,MEDIUM
ga,hfvrp_n005_m03_s02,5,3,0.500000,200,363.863985,203.627944,465.677957,0.000000,,,0,1,,,,,1.433240,BIG
ga,hfvrp_n005_m03_s02,5,3,0.500000,999,363.863985,203.627944,465.677957,0.000000,,,0,1,,,,,0.024322,DEFAULT
ga,hfvrp_n005_m03_s02,5,3,0.500000,999,363.863985,203.627944,465.677957,0.000000,,,0,1,,,,,0.008000,SMALL
ga,hfvrp_n010_m03_s01,10,3,0.500000,10,529.611331,271.386050,665.304356,0.000000,,,0,1,,,,,0.752673,MEDIUM
ga,hfvrp_n005_m03_s03,5,3,0.500000,200,444.734799,0.000000,444.734799,0.000000,,,0,1,,,,,0.480970,MEDIUM
ga,hfvrp_n005_m03_s02,5,3,0.500000,999,363.863985,203.627944,465.677957,0.000000,,,0,1,,,,,0.472815,MEDIUM
ga,hfvrp_n005_m03_s04,5,3,0.500000,75,278.576281,287.478473,422.315518,0.000000,,,0,1,,,,,1.445722,BIG
ga,hfvrp_n005_m03_s04,5,3,0.500000,100,278.576281,287.478473,422.315518,0.000000,,,0,1,,,,,0.027225,DEFAULT
ga,hfvrp_n005_m03_s04,5,3,0.500000,100,278.576281,287.478473,422.315518,0.000000,,,0,1,,,,,0.007391,SMALL
ga,hfvrp_n005_m03_s05,5,3,0.500000,50,392.925224,206.042807,495.946627,0.000000,,,0,1,,,,,1.448870,BIG
ga,hfvrp_n005_m03_s05,5,3,0.500000,75,392.925224,206.042807,495.946627,0.000000,,,0,1,,,,,0.026016,DEFAULT
ga,hfvrp_n005_m03_s05,5,3,0.500000,75,392.925224,206.042807,495.946627,0.000000,,,0,1,,,,,0.002665,SMALL
ga,hfvrp_n005_m03_s01,5,3,0.500000,9999,350.283936,145.533835,423.050854,0.000000,,,0,1,,,,,1.430925,BIG
ga,hfvrp_n005_m03_s01,5,3,0.500000,19345,350.283936,145.533835,423.050854,0.000000,,,0,1,,,,,0.024362,DEFAULT
ga,hfvrp_n005_m03_s01,5,3,0.500000,19345,350.283936,145.533835,423.050854,0.000000,,,0,1,,,,,0.002601,SMALL
ga,hfvrp_n005_m03_s04,5,3,0.500000,100,278.576281,287.478473,422.315518,0.000000,,,0,1,,,,,0.487545,MEDIUM
ga,hfvrp_n005_m03_s05,5,3,0.500000,75,392.925224,206.042807,495.946627,0.000000,,,0,1,,,,,0.482971,MEDIUM
ga,hfvrp_n005_m03_s03,5,3,0.500000,200,444.734799,0.000000,444.734799,0.000000,,,0,1,,,,,1.442463,BIG
ga,hfvrp_n005_m03_s03,5,3,0.500000,999,444.734799,0.000000,444.734799,0.000000,,,0,1,,,,,0.028352,DEFAULT
ga,hfvrp_n005_m03_s03,5,3,0.500000,999,444.734799,0.000000,444.734799,0.000000,,,0,1,,,,,0.002617,SMALL
ga,hfvrp_n005_m03_s01,5,3,0.500000,19345,350.283936,145.533835,423.050854,0.000000,,,0,1,,,,,0.476580,MEDIUM
ga,hfvrp_n005_m03_s02,5,3,0.500000,999,363.863985,203.627944,465.677957,0.000000,,,0,1,,,,,1.450443,BIG
ga,hfvrp_n005_m03_s02,5,3,0.500000,1234,363.863985,203.627944,465.677957,0.000000,,,0,1,,,,,0.026217,DEFAULT
ga,hfvrp_n005_m03_s02,5,3,0.500000,1234,363.863985,203.627944,465.677957,0.000000,,,0,1,,,,,0.002633,SMALL
ga,hfvrp_n010_m03_s01,10,3,0.500000,10,529.611331,271.386050,665.304356,0.000000,,,0,1,,,,,2.234032,BIG
ga,hfvrp_n010_m03_s01,10,3,0.500000,50,529.611331,271.386050,665.304356,0.000000,,,0,1,,,,,0.036179,DEFAULT
ga,hfvrp_n005_m03_s03,5,3,0.500000,999,444.734799,0.000000,444.734799,0.000000,,,0,1,,,,,0.486996,MEDIUM
ga,hfvrp_n010_m03_s01,10,3,0.500000,50,529.611331,271.386050,665.304356,0.000000,,,0,1,,,,,0.007347,SMALL
ga,hfvrp_n005_m03_s02,5,3,0.500000,1234,363.863985,203.627944,465.677957,0.000000,,,0,1,,,,,0.476627,MEDIUM
ga,hfvrp_n005_m03_s04,5,3,0.500000,100,278.576281,287.478473,422.315518,0.000000,,,0,1,,,,,1.457300,BIG
ga,hfvrp_n005_m03_s04,5,3,0.500000,200,278.576281,287.478473,422.315518,0.000000,,,0,1,,,,,0.024409,DEFAULT
ga,hfvrp_n005_m03_s04,5,3,0.500000,200,278.576281,287.478473,422.315518,0.000000,,,0,1,,,,,0.002679,SMALL
ga,hfvrp_n005_m03_s05,5,3,0.500000,75,392.925224,206.042807,495.946627,0.000000,,,0,1,,,,,1.450628,BIG
ga,hfvrp_n010_m03_s01,10,3,0.500000,50,529.611331,271.386050,665.304356,0.000000,,,0,1,,,,,0.734963,MEDIUM
ga,hfvrp_n005_m03_s05,5,3,0.500000,100,392.925224,206.042807,495.946627,0.000000,,,0,1,,,,,0.024404,DEFAULT
ga,hfvrp_n005_m03_s05,5,3,0.500000,100,392.925224,206.042807,495.946627,0.000000,,,0,1,,,,,0.002685,SMALL
ga,hfvrp_n005_m03_s01,5,3,0.500000,19345,350.283936,145.533835,423.050854,0.000000,,,0,1,,,,,1.429627,BIG
ga,hfvrp_n005_m03_s01,5,3,0.500000,1788060473540270385,350.283936,145.533835,423.050854,0.000000,,,0,1,,,,,0.026527,DEFAULT
ga,hfvrp_n005_m03_s01,5,3,0.500000,1788060452095719139,350.283936,145.533835,423.050854,0.000000,,,0,1,,,,,0.002604,SMALL
ga,hfvrp_n005_m03_s04,5,3,0.500000,200,278.576281,287.478473,422.315518,0.000000,,,0,1,,,,,0.487085,MEDIUM
ga,hfvrp_n005_m03_s05,5,3,0.500000,100,392.925224,206.042807,495.946627,0.000000,,,0,1,,,,,0.481605,MEDIUM
ga,hfvrp_n005_m03_s03,5,3,0.500000,999,444.734799,0.000000,444.734799,0.000000,,,0,1,,,,,1.444448,BIG
ga,hfvrp_n005_m03_s01,5,3,0.500000,1788060447807065128,350.283936,145.533835,423.050854,0.000000,,,0,1,,,,,0.481597,MEDIUM
ga,hfvrp_n005_m03_s03,5,3,0.500000,1234,444.734799,0.000000,444.734799,0.000000,,,0,1,,,,,0.025680,DEFAULT
ga,hfvrp_n005_m03_s03,5,3,0.500000,1234,444.734799,0.000000,444.734799,0.000000,,,0,1,,,,,0.002617,SMALL
ga,hfvrp_n005_m03_s02,5,3,0.500000,1234,363.863985,203.627944,465.677957,0.000000,,,0,1,,,,,1.459410,BIG
ga,hfvrp_n005_m03_s02,5,3,0.500000,9999,363.863985,203.627944,465.677957,0.000000,,,0,1,,,,,0.025372,DEFAULT
ga,hfvrp_n005_m03_s02,5,3,0.500000,9999,363.863985,203.627944,465.677957,0.000000,,,0,1,,,,,0.002637,SMALL
ga,hfvrp_n005_m03_s03,5,3,0.500000,1234,444.734799,0.000000,444.734799,0.000000,,,0,1,,,,,0.477683,MEDIUM
ga,hfvrp_n005_m03_s02,5,3,0.500000,9999,363.863985,203.627944,465.677957,0.000000,,,0,1,,,,,0.473544,MEDIUM
ga,hfvrp_n005_m03_s04,5,3,0.500000,200,278.576281,287.478473,422.315518,0.000000,,,0,1,,,,,1.463502,BIG
ga,hfvrp_n005_m03_s04,5,3,0.500000,999,278.576281,287.478473,422.315518,0.000000,,,0,1,,,,,0.024397,DEFAULT
ga,hfvrp_n005_m03_s04,5,3,0.500000,999,278.576281,287.478473,422.315518,0.000000,,,0,1,,,,,0.002664,SMALL
ga,hfvrp_n005_m03_s05,5,3,0.500000,100,392.925224,206.042807,495.946627,0.000000,,,0,1,,,,,1.445869,BIG
ga,hfvrp_n005_m03_s05,5,3,0.500000,200,392.925224,206.042807,495.946627,0.000000,,,0,1,,,,,0.025026,DEFAULT
ga,hfvrp_n005_m03_s05,5,3,0.500000,200,392.925224,206.042807,495.946627,0.000000,,,0,1,,,,,0.002688,SMALL
ga,hfvrp_n005_m03_s01,5,3,0.500000,1788060559961751297,350.283936,145.533835,423.050854,0.000000,,,0,1,,,,,1.422642,BIG
ga,hfvrp_n010_m03_s01,10,3,0.500000,50,529.611331,271.386050,665.304356,0.000000,,,0,1,,,,,2.229673,BIG
ga,hfvrp_n010_m03_s02,10,3,0.500000,1788060655920586726,583.757554,423.038749,795.276929,0.000000,,,0,1,,,,,0.041487,DEFAULT
ga,hfvrp_n010_m03_s02,10,3,0.500000,1788052521302452684,543.106201,483.480302,784.846352,0.000000,,,0,1,,,,,0.007146,SMALL
ga,hfvrp_n010_m03_s01,10,3,0.500000,75,529.611331,271.386050,665.304356,0.000000,,,0,1,,,,,0.037659,DEFAULT
ga,hfvrp_n010_m03_s01,10,3,0.500000,75,529.611331,271.386050,665.304356,0.000000,,,0,1,,,,,0.004168,SMALL
ga,hfvrp_n005_m03_s04,5,3,0.500000,999,278.576281,287.478473,422.315518,0.000000,,,0,1,,,,,0.491311,MEDIUM
ga,hfvrp_n005_m03_s05,5,3,0.500000,200,392.925224,206.042807,495.946627,0.000000,,,0,1,,,,,0.484727,MEDIUM
ga,hfvrp_n005_m03_s03,5,3,0.500000,1234,444.734799,0.000000,444.734799,0.000000,,,0,1,,,,,1.447979,BIG
ga,hfvrp_n005_m03_s03,5,3,0.500000,9999,444.734799,0.000000,444.734799,0.000000,,,0,1,,,,,0.023518,DEFAULT
ga,hfvrp_n005_m03_s03,5,3,0.500000,9999,444.734799,0.000000,444.734799,0.000000,,,0,1,,,,,0.002568,SMALL
ga,hfvrp_n005_m03_s02,5,3,0.500000,9999,363.863985,203.627944,465.677957,0.000000,,,0,1,,,,,1.435296,BIG
ga,hfvrp_n005_m03_s02,5,3,0.500000,19345,363.863985,203.627944,465.677957,0.000000,,,0,1,,,,,0.026388,DEFAULT
ga,hfvrp_n005_m03_s02,5,3,0.500000,19345,363.863985,203.627944,465.677957,0.000000,,,0,1,,,,,0.002474,SMALL
ga,hfvrp_n010_m03_s02,10,3,0.500000,1788052508429448112,543.106201,483.480302,784.846352,0.000000,,,0,1,,,,,0.754763,MEDIUM
ga,hfvrp_n010_m03_s01,10,3,0.500000,75,529.611331,271.386050,665.304356,0.000000,,,0,1,,,,,0.735074,MEDIUM
ga,hfvrp_n005_m03_s03,5,3,0.500000,9999,444.734799,0.000000,444.734799,0.000000,,,0,1,,,,,0.476038,MEDIUM
ga,hfvrp_n005_m03_s02,5,3,0.500000,19345,363.863985,203.627944,465.677957,0.000000,,,0,1,,,,,0.468709,MEDIUM
ga,hfvrp_n005_m03_s04,5,3,0.500000,999,278.576281,287.478473,422.315518,0.000000,,,0,1,,,,,1.435076,BIG
ga,hfvrp_n005_m03_s04,5,3,0.500000,1234,278.576281,287.478473,422.315518,0.000000,,,0,1,,,,,0.024410,DEFAULT
ga,hfvrp_n005_m03_s05,5,3,0.500000,200,392.925224,206.042807,495.946627,0.000000,,,0,1,,,,,1.442281,BIG
ga,hfvrp_n005_m03_s04,5,3,0.500000,1234,278.576281,287.478473,422.315518,0.000000,,,0,1,,,,,0.004534,SMALL
ga,hfvrp_n005_m03_s05,5,3,0.500000,999,392.925224,206.042807,495.946627,0.000000,,,0,1,,,,,0.024389,DEFAULT
ga,hfvrp_n005_m03_s05,5,3,0.500000,999,392.925224,206.042807,495.946627,0.000000,,,0,1,,,,,0.004690,SMALL
ga,hfvrp_n005_m03_s04,5,3,0.500000,1234,278.576281,287.478473,422.315518,0.000000,,,0,1,,,,,0.487948,MEDIUM
ga,hfvrp_n005_m03_s05,5,3,0.500000,999,392.925224,206.042807,495.946627,0.000000,,,0,1,,,,,0.478630,MEDIUM
ga,hfvrp_n005_m03_s03,5,3,0.500000,9999,444.734799,0.000000,444.734799,0.000000,,,0,1,,,,,1.436032,BIG
ga,hfvrp_n005_m03_s03,5,3,0.500000,19345,444.734799,0.000000,444.734799,0.000000,,,0,1,,,,,0.025008,DEFAULT
ga,hfvrp_n005_m03_s03,5,3,0.500000,19345,444.734799,0.000000,444.734799,0.000000,,,0,1,,,,,0.006046,SMALL
ga,hfvrp_n005_m03_s02,5,3,0.500000,19345,363.863985,203.627944,465.677957,0.000000,,,0,1,,,,,1.424000,BIG
ga,hfvrp_n005_m03_s02,5,3,0.500000,1788052708496862865,363.863985,203.627944,465.677957,0.000000,,,0,1,,,,,0.023631,DEFAULT
ga,hfvrp_n005_m03_s02,5,3,0.500000,1788052704233452888,363.863985,203.627944,465.677957,0.000000,,,0,1,,,,,0.005870,SMALL
ga,hfvrp_n005_m03_s03,5,3,0.500000,19345,444.734799,0.000000,444.734799,0.000000,,,0,1,,,,,0.479980,MEDIUM
ga,hfvrp_n010_m03_s01,10,3,0.500000,75,529.611331,271.386050,665.304356,0.000000,,,0,1,,,,,2.217629,BIG
ga,hfvrp_n005_m03_s02,5,3,0.500000,1788052699947777328,363.863985,203.627944,465.677957,0.000000,,,0,1,,,,,0.471177,MEDIUM
ga,hfvrp_n010_m03_s02,10,3,0.500000,1788052573612649053,543.106201,483.480302,784.846352,0.000000,,,0,1,,,,,2.257762,BIG
ga,hfvrp_n010_m03_s01,10,3,0.500000,100,529.611331,271.386050,665.304356,0.000000,,,0,1,,,,,0.037732,DEFAULT
ga,hfvrp_n010_m03_s01,10,3,0.500000,100,529.611331,271.386050,665.304356,0.000000,,,0,1,,,,,0.004163,SMALL
ga,hfvrp_n010_m03_s02,10,3,0.500000,1,543.106201,483.480302,784.846352,0.000000,,,0,1,,,,,0.040122,DEFAULT
ga,hfvrp_n010_m03_s02,10,3,0.500000,1,543.106201,483.480302,784.846352,0.000000,,,0,1,,,,,0.009920,SMALL
ga,hfvrp_n005_m03_s04,5,3,0.500000,1234,278.576281,287.478473,422.315518,0.000000,,,0,1,,,,,1.452102,BIG
ga,hfvrp_n005_m03_s05,5,3,0.500000,999,392.925224,206.042807,495.946627,0.000000,,,0,1,,,,,1.448953,BIG
ga,hfvrp_n005_m03_s04,5,3,0.500000,9999,278.576281,287.478473,422.315518,0.000000,,,0,1,,,,,0.024407,DEFAULT
ga,hfvrp_n005_m03_s04,5,3,0.500000,9999,278.576281,287.478473,422.315518,0.000000,,,0,1,,,,,0.002679,SMALL
ga,hfvrp_n005_m03_s05,5,3,0.500000,1234,392.925224,206.042807,495.946627,0.000000,,,0,1,,,,,0.025420,DEFAULT
ga,hfvrp_n005_m03_s05,5,3,0.500000,1234,363.420355,288.915413,507.878061,0.000000,,,0,1,,,,,0.004650,SMALL
ga,hfvrp_n010_m03_s01,10,3,0.500000,100,529.611331,271.386050,665.304356,0.000000,,,0,1,,,,,0.735683,MEDIUM
ga,hfvrp_n010_m03_s02,10,3,0.500000,1,543.106201,483.480302,784.846352,0.000000,,,0,1,,,,,0.752632,MEDIUM
ga,hfvrp_n005_m03_s04,5,3,0.500000,9999,278.576281,287.478473,422.315518,0.000000,,,0,1,,,,,0.480934,MEDIUM
ga,hfvrp_n005_m03_s05,5,3,0.500000,1234,392.925224,206.042807,495.946627,0.000000,,,0,1,,,,,0.478334,MEDIUM
ga,hfvrp_n005_m03_s03,5,3,0.500000,19345,444.734799,0.000000,444.734799,0.000000,,,0,1,,,,,1.459254,BIG
ga,hfvrp_n005_m03_s02,5,3,0.500000,1788052258045177009,363.863985,203.627944,465.677957,0.000000,,,0,1,,,,,1.435481,BIG
ga,hfvrp_n005_m03_s03,5,3,0.500000,1788052396892913876,444.734799,0.000000,444.734799,0.000000,,,0,1,,,,,0.028647,DEFAULT
ga,hfvrp_n005_m03_s03,5,3,0.500000,1788052388335624828,444.734799,0.000000,444.734799,0.000000,,,0,1,,,,,0.002652,SMALL
ga,hfvrp_n010_m03_s03,10,3,0.500000,1788052465674755018,603.750103,563.761094,885.630650,0.000000,,,0,1,,,,,0.039334,DEFAULT
ga,hfvrp_n010_m03_s03,10,3,0.500000,1788052461422350104,603.750103,563.761094,885.630650,0.000000,,,0,1,,,,,0.003943,SMALL
ga,hfvrp_n005_m03_s03,5,3,0.500000,1788052366871437192,444.734799,0.000000,444.734799,0.000000,,,0,1,,,,,0.483266,MEDIUM
ga,hfvrp_n010_m03_s03,10,3,0.500000,1788052457134677876,603.750103,563.761094,885.630650,0.000000,,,0,1,,,,,0.730982,MEDIUM
ga,hfvrp_n005_m03_s04,5,3,0.500000,9999,278.576281,287.478473,422.315518,0.000000,,,0,1,,,,,1.460010,BIG
ga,hfvrp_n005_m03_s05,5,3,0.500000,1234,392.925224,206.042807,495.946627,0.000000,,,0,1,,,,,1.440555,BIG
ga,hfvrp_n005_m03_s04,5,3,0.500000,19345,278.576281,287.478473,422.315518,0.000000,,,0,1,,,,,0.028394,DEFAULT
ga,hfvrp_n005_m03_s05,5,3,0.500000,9999,392.925224,206.042807,495.946627,0.000000,,,0,1,,,,,0.027989,DEFAULT
ga,hfvrp_n005_m03_s04,5,3,0.500000,19345,278.576281,287.478473,422.315518,0.000000,,,0,1,,,,,0.004081,SMALL
ga,hfvrp_n005_m03_s05,5,3,0.500000,9999,392.925224,206.042807,495.946627,0.000000,,,0,1,,,,,0.002678,SMALL
ga,hfvrp_n010_m03_s01,10,3,0.500000,100,529.611331,271.386050,665.304356,0.000000,,,0,1,,,,,2.210737,BIG
ga,hfvrp_n010_m03_s01,10,3,0.500000,200,529.611331,271.386050,665.304356,0.000000,,,0,1,,,,,0.036870,DEFAULT
ga,hfvrp_n010_m03_s01,10,3,0.500000,200,529.611331,271.386050,665.304356,0.000000,,,0,1,,,,,0.004171,SMALL
ga,hfvrp_n010_m03_s02,10,3,0.500000,1,543.106201,483.480302,784.846352,0.000000,,,0,1,,,,,2.257774,BIG
ga,hfvrp_n010_m03_s02,10,3,0.500000,10,543.106201,483.480302,784.846352,0.000000,,,0,1,,,,,0.039538,DEFAULT
ga,hfvrp_n005_m03_s04,5,3,0.500000,19345,278.576281,287.478473,422.315518,0.000000,,,0,1,,,,,0.485535,MEDIUM
ga,hfvrp_n005_m03_s05,5,3,0.500000,9999,392.925224,206.042807,495.946627,0.000000,,,0,1,,,,,0.483904,MEDIUM
ga,hfvrp_n010_m03_s02,10,3,0.500000,10,583.757554,423.038749,795.276929,0.000000,,,0,1,,,,,0.004183,SMALL
ga,hfvrp_n005_m03_s03,5,3,0.500000,1788052453262294616,444.734799,0.000000,444.734799,0.000000,,,0,1,,,,,1.450602,BIG
ga,hfvrp_n010_m03_s04,10,3,0.500000,1788053219260270179,526.269414,672.105161,862.321994,0.000000,,,0,1,,,,,0.038481,DEFAULT
ga,hfvrp_n010_m03_s04,10,3,0.500000,1788053215011891492,526.269414,672.105161,862.321994,0.000000,,,0,1,,,,,0.009375,SMALL
ga,hfvrp_n010_m03_s01,10,3,0.500000,200,529.611331,271.386050,665.304356,0.000000,,,0,1,,,,,0.743800,MEDIUM
ga,hfvrp_n010_m03_s02,10,3,0.500000,10,543.106201,483.480302,784.846352,0.000000,,,0,1,,,,,0.757828,MEDIUM
ga,hfvrp_n010_m03_s04,10,3,0.500000,1788053210730975175,526.269414,672.105161,862.321994,0.000000,,,0,1,,,,,0.726612,MEDIUM
ga,hfvrp_n010_m03_s03,10,3,0.500000,1788052444989525926,603.750103,563.761094,885.630650,0.000000,,,0,1,,,,,2.231749,BIG
ga,hfvrp_n010_m03_s03,10,3,0.500000,1,603.750103,563.761094,885.630650,0.000000,,,0,1,,,,,0.038454,DEFAULT
ga,hfvrp_n010_m03_s03,10,3,0.500000,1,603.750103,563.761094,885.630650,0.000000,,,0,1,,,,,0.006727,SMALL
ga,hfvrp_n005_m03_s05,5,3,0.500000,9999,392.925224,206.042807,495.946627,0.000000,,,0,1,,,,,1.445364,BIG
ga,hfvrp_n005_m03_s04,5,3,0.500000,19345,278.576281,287.478473,422.315518,0.000000,,,0,1,,,,,1.452439,BIG
ga,hfvrp_n005_m03_s04,5,3,0.500000,1788053190386801206,278.576281,287.478473,422.315518,0.000000,,,0,1,,,,,0.024393,DEFAULT
ga,hfvrp_n005_m03_s04,5,3,0.500000,1788053199004909739,278.576281,287.478473,422.315518,0.000000,,,0,1,,,,,0.002671,SMALL
ga,hfvrp_n005_m03_s05,5,3,0.500000,19345,392.925224,206.042807,495.946627,0.000000,,,0,1,,,,,0.028029,DEFAULT
ga,hfvrp_n005_m03_s05,5,3,0.500000,19345,392.925224,206.042807,495.946627,0.000000,,,0,1,,,,,0.002667,SMALL
ga,hfvrp_n005_m03_s04,5,3,0.500000,1788053203306262112,278.576281,287.478473,422.315518,0.000000,,,0,1,,,,,0.479254,MEDIUM
ga,hfvrp_n005_m03_s05,5,3,0.500000,19345,392.925224,206.042807,495.946627,0.000000,,,0,1,,,,,0.477207,MEDIUM
ga,hfvrp_n010_m03_s03,10,3,0.500000,1,603.750103,563.761094,885.630650,0.000000,,,0,1,,,,,0.741917,MEDIUM
ga,hfvrp_n010_m03_s01,10,3,0.500000,200,529.611331,271.386050,665.304356,0.000000,,,0,1,,,,,2.219425,BIG
ga,hfvrp_n010_m03_s01,10,3,0.500000,999,529.611331,271.386050,665.304356,0.000000,,,0,1,,,,,0.036731,DEFAULT
ga,hfvrp_n010_m03_s01,10,3,0.500000,999,529.611331,271.386050,665.304356,0.000000,,,0,1,,,,,0.007999,SMALL
ga,hfvrp_n010_m03_s02,10,3,0.500000,10,543.106201,483.480302,784.846352,0.000000,,,0,1,,,,,2.261251,BIG
ga,hfvrp_n010_m03_s02,10,3,0.500000,50,543.106201,483.480302,784.846352,0.000000,,,0,1,,,,,0.040949,DEFAULT
ga,hfvrp_n010_m03_s02,10,3,0.500000,50,579.889126,418.059583,788.918918,0.000000,,,0,1,,,,,0.006042,SMALL
ga,hfvrp_n010_m03_s04,10,3,0.500000,1788053258710484164,526.269414,672.105161,862.321994,0.000000,,,0,1,,,,,2.199887,BIG
ga,hfvrp_n010_m03_s04,10,3,0.500000,1,526.269414,672.105161,862.321994,0.000000,,,0,1,,,,,0.036154,DEFAULT
ga,hfvrp_n010_m03_s04,10,3,0.500000,1,526.269414,672.105161,862.321994,0.000000,,,0,1,,,,,0.007064,SMALL
ga,hfvrp_n005_m03_s05,5,3,0.500000,19345,392.925224,206.042807,495.946627,0.000000,,,0,1,,,,,1.431351,BIG
ga,hfvrp_n005_m03_s04,5,3,0.500000,1788053216679065933,278.576281,287.478473,422.315518,0.000000,,,0,1,,,,,1.453221,BIG
ga,hfvrp_n005_m03_s05,5,3,0.500000,1788052788634748764,392.925224,206.042807,495.946627,0.000000,,,0,1,,,,,0.028837,DEFAULT
ga,hfvrp_n005_m03_s05,5,3,0.500000,1788052969055622976,392.925224,206.042807,495.946627,0.000000,,,0,1,,,,,0.002663,SMALL
ga,hfvrp_n010_m03_s05,10,3,0.500000,1788052994841750258,544.295849,686.066928,887.329313,0.000000,,,0,1,,,,,0.040288,DEFAULT
ga,hfvrp_n010_m03_s05,10,3,0.500000,1788052999180958630,598.742551,1159.646472,1178.565787,0.000000,,,0,1,,,,,0.004136,SMALL
ga,hfvrp_n010_m03_s01,10,3,0.500000,999,529.611331,271.386050,665.304356,0.000000,,,0,1,,,,,0.742334,MEDIUM
ga,hfvrp_n010_m03_s02,10,3,0.500000,50,543.106201,483.480302,784.846352,0.000000,,,0,1,,,,,0.763320,MEDIUM
ga,hfvrp_n005_m03_s05,5,3,0.500000,1788052990536523669,392.925224,206.042807,495.946627,0.000000,,,0,1,,,,,0.479228,MEDIUM
ga,hfvrp_n010_m03_s04,10,3,0.500000,1,526.269414,672.105161,862.321994,0.000000,,,0,1,,,,,0.735794,MEDIUM
ga,hfvrp_n010_m03_s05,10,3,0.500000,1788053003483886168,544.295849,686.066928,887.329313,0.000000,,,0,1,,,,,0.737288,MEDIUM
ga,hfvrp_n010_m03_s03,10,3,0.500000,1,603.750103,563.761094,885.630650,0.000000,,,0,1,,,,,2.222628,BIG
ga,hfvrp_n010_m03_s03,10,3,0.500000,10,603.750103,563.761094,885.630650,0.000000,,,0,1,,,,,0.037048,DEFAULT
ga,hfvrp_n010_m03_s03,10,3,0.500000,10,600.618708,763.645230,982.441323,0.000000,,,0,1,,,,,0.008821,SMALL
ga,hfvrp_n010_m03_s03,10,3,0.500000,10,603.750103,563.761094,885.630650,0.000000,,,0,1,,,,,0.729336,MEDIUM
ga,hfvrp_n005_m03_s05,5,3,0.500000,1788053016793108758,392.925224,206.042807,495.946627,0.000000,,,0,1,,,,,1.432391,BIG
ga,hfvrp_n015_m03_s01,15,3,0.500000,1788053671122748309,618.348969,2088.235372,1662.466655,0.000000,,,0,1,,,,,0.048925,DEFAULT
ga,hfvrp_n015_m03_s01,15,3,0.500000,1788053666880588873,616.617157,2135.962623,1684.598469,0.000000,,,0,1,,,,,0.005586,SMALL
ga,hfvrp_n010_m03_s01,10,3,0.500000,999,529.611331,271.386050,665.304356,0.000000,,,0,1,,,,,2.206031,BIG
ga,hfvrp_n010_m03_s01,10,3,0.500000,1234,529.611331,271.386050,665.304356,0.000000,,,0,1,,,,,0.036802,DEFAULT
ga,hfvrp_n010_m03_s01,10,3,0.500000,1234,529.611331,271.386050,665.304356,0.000000,,,0,1,,,,,0.004130,SMALL
ga,hfvrp_n010_m03_s02,10,3,0.500000,50,543.106201,483.480302,784.846352,0.000000,,,0,1,,,,,2.261102,BIG
ga,hfvrp_n010_m03_s02,10,3,0.500000,75,583.757554,423.038749,795.276929,0.000000,,,0,1,,,,,0.035461,DEFAULT
ga,hfvrp_n010_m03_s02,10,3,0.500000,75,583.757554,423.038749,795.276929,0.000000,,,0,1,,,,,0.006003,SMALL
ga,hfvrp_n010_m03_s04,10,3,0.500000,1,526.269414,672.105161,862.321994,0.000000,,,0,1,,,,,2.209477,BIG
ga,hfvrp_n010_m03_s04,10,3,0.500000,10,526.269414,672.105161,862.321994,0.000000,,,0,1,,,,,0.038652,DEFAULT
ga,hfvrp_n010_m03_s04,10,3,0.500000,10,526.269414,672.105161,862.321994,0.000000,,,0,1,,,,,0.004066,SMALL
ga,hfvrp_n015_m03_s01,15,3,0.500000,1788053679774906606,618.348969,2088.235372,1662.466655,0.000000,,,0,1,,,,,0.988389,MEDIUM
ga,hfvrp_n010_m03_s05,10,3,0.500000,1788052888261449710,544.295849,686.066928,887.329313,0.000000,,,0,1,,,,,2.254907,BIG
ga,hfvrp_n010_m03_s05,10,3,0.500000,1,544.295849,686.066928,887.329313,0.000000,,,0,1,,,,,0.038050,DEFAULT
ga,hfvrp_n010_m03_s05,10,3,0.500000,1,575.365979,655.167646,902.949802,0.000000,,,0,1,,,,,0.006601,SMALL
ga,hfvrp_n010_m03_s01,10,3,0.500000,1234,529.611331,271.386050,665.304356,0.000000,,,0,1,,,,,0.743447,MEDIUM
ga,hfvrp_n010_m03_s02,10,3,0.500000,75,543.106201,483.480302,784.846352,0.000000,,,0,1,,,,,0.757103,MEDIUM
ga,hfvrp_n010_m03_s04,10,3,0.500000,10,526.269414,672.105161,862.321994,0.000000,,,0,1,,,,,0.737761,MEDIUM
ga,hfvrp_n010_m03_s05,10,3,0.500000,1,544.295849,686.066928,887.329313,0.000000,,,0,1,,,,,0.743899,MEDIUM
ga,hfvrp_n010_m03_s03,10,3,0.500000,10,603.750103,563.761094,885.630650,0.000000,,,0,1,,,,,2.246179,BIG
ga,hfvrp_n010_m03_s03,10,3,0.500000,50,603.750103,563.761094,885.630650,0.000000,,,0,1,,,,,0.039010,DEFAULT
ga,hfvrp_n010_m03_s03,10,3,0.500000,50,603.750103,563.761094,885.630650,0.000000,,,0,1,,,,,0.004082,SMALL
ga,hfvrp_n010_m03_s03,10,3,0.500000,50,603.750103,563.761094,885.630650,0.000000,,,0,1,,,,,0.737455,MEDIUM
ga,hfvrp_n010_m03_s01,10,3,0.500000,1234,529.611331,271.386050,665.304356,0.000000,,,0,1,,,,,2.199821,BIG
ga,hfvrp_n010_m03_s01,10,3,0.500000,9999,529.611331,271.386050,665.304356,0.000000,,,0,1,,,,,0.037422,DEFAULT
ga,hfvrp_n010_m03_s01,10,3,0.500000,9999,529.611331,271.386050,665.304356,0.000000,,,0,1,,,,,0.004251,SMALL
ga,hfvrp_n010_m03_s02,10,3,0.500000,75,543.106201,483.480302,784.846352,0.000000,,,0,1,,,,,2.256005,BIG
ga,hfvrp_n010_m03_s02,10,3,0.500000,100,543.106201,483.480302,784.846352,0.000000,,,0,1,,,,,0.040050,DEFAULT
ga,hfvrp_n010_m03_s04,10,3,0.500000,10,526.269414,672.105161,862.321994,0.000000,,,0,1,,,,,2.196506,BIG
ga,hfvrp_n010_m03_s02,10,3,0.500000,100,583.757554,423.038749,795.276929,0.000000,,,0,1,,,,,0.008996,SMALL
ga,hfvrp_n010_m03_s04,10,3,0.500000,50,526.269414,672.105161,862.321994,0.000000,,,0,1,,,,,0.038965,DEFAULT
ga,hfvrp_n010_m03_s04,10,3,0.500000,50,526.269414,672.105161,862.321994,0.000000,,,0,1,,,,,0.004087,SMALL
ga,hfvrp_n015_m03_s01,15,3,0.500000,1788053637817700585,618.348969,2088.235372,1662.466655,0.000000,,,0,1,,,,,2.961536,BIG
ga,hfvrp_n015_m03_s01,15,3,0.500000,1,618.348969,2088.235372,1662.466655,0.000000,,,0,1,,,,,0.053855,DEFAULT
ga,hfvrp_n015_m03_s01,15,3,0.500000,1,618.348969,2088.235372,1662.466655,0.000000,,,0,1,,,,,0.010772,SMALL
ga,hfvrp_n010_m03_s05,10,3,0.500000,1,544.295849,686.066928,887.329313,0.000000,,,0,1,,,,,2.243137,BIG
ga,hfvrp_n010_m03_s05,10,3,0.500000,10,544.295849,686.066928,887.329313,0.000000,,,0,1,,,,,0.036937,DEFAULT
ga,hfvrp_n010_m03_s05,10,3,0.500000,10,544.295849,686.066928,887.329313,0.000000,,,0,1,,,,,0.007558,SMALL
ga,hfvrp_n010_m03_s01,10,3,0.500000,9999,529.611331,271.386050,665.304356,0.000000,,,0,1,,,,,0.749790,MEDIUM
ga,hfvrp_n010_m03_s02,10,3,0.500000,100,543.106201,483.480302,784.846352,0.000000,,,0,1,,,,,0.787342,MEDIUM
ga,hfvrp_n010_m03_s04,10,3,0.500000,50,526.269414,672.105161,862.321994,0.000000,,,0,1,,,,,0.740881,MEDIUM
ga,hfvrp_n010_m03_s05,10,3,0.500000,10,544.295849,686.066928,887.329313,0.000000,,,0,1,,,,,0.741338,MEDIUM
ga,hfvrp_n010_m03_s03,10,3,0.500000,50,603.750103,563.761094,885.630650,0.000000,,,0,1,,,,,2.222116,BIG
ga,hfvrp_n010_m03_s03,10,3,0.500000,75,603.750103,563.761094,885.630650,0.000000,,,0,1,,,,,0.038594,DEFAULT
ga,hfvrp_n010_m03_s03,10,3,0.500000,75,600.618708,763.645230,982.441323,0.000000,,,0,1,,,,,0.004064,SMALL
ga,hfvrp_n015_m03_s01,15,3,0.500000,1,618.348969,2088.235372,1662.466655,0.000000,,,0,1,,,,,1.001148,MEDIUM
ga,hfvrp_n010_m03_s03,10,3,0.500000,75,603.750103,563.761094,885.630650,0.000000,,,0,1,,,,,0.731813,MEDIUM
ga,hfvrp_n010_m03_s01,10,3,0.500000,9999,529.611331,271.386050,665.304356,0.000000,,,0,1,,,,,2.192685,BIG
ga,hfvrp_n010_m03_s01,10,3,0.500000,19345,529.611331,271.386050,665.304356,0.000000,,,0,1,,,,,0.040394,DEFAULT
ga,hfvrp_n010_m03_s01,10,3,0.500000,19345,526.249715,357.432841,704.966136,0.000000,,,0,1,,,,,0.006845,SMALL
ga,hfvrp_n010_m03_s04,10,3,0.500000,50,526.269414,672.105161,862.321994,0.000000,,,0,1,,,,,2.187582,BIG
ga,hfvrp_n010_m03_s04,10,3,0.500000,75,526.269414,672.105161,862.321994,0.000000,,,0,1,,,,,0.036416,DEFAULT
ga,hfvrp_n010_m03_s02,10,3,0.500000,100,543.106201,483.480302,784.846352,0.000000,,,0,1,,,,,2.253370,BIG
ga,hfvrp_n010_m03_s04,10,3,0.500000,75,526.269414,672.105161,862.321994,0.000000,,,0,1,,,,,0.008553,SMALL
ga,hfvrp_n010_m03_s02,10,3,0.500000,200,543.106201,483.480302,784.846352,0.000000,,,0,1,,,,,0.037278,DEFAULT
ga,hfvrp_n010_m03_s02,10,3,0.500000,200,583.757554,423.038749,795.276929,0.000000,,,0,1,,,,,0.003987,SMALL
ga,hfvrp_n010_m03_s05,10,3,0.500000,10,544.295849,686.066928,887.329313,0.000000,,,0,1,,,,,2.231950,BIG
ga,hfvrp_n010_m03_s05,10,3,0.500000,50,598.742551,1159.646472,1178.565787,0.000000,,,0,1,,,,,0.040405,DEFAULT
ga,hfvrp_n010_m03_s05,10,3,0.500000,50,544.295849,686.066928,887.329313,0.000000,,,0,1,,,,,0.003899,SMALL
ga,hfvrp_n010_m03_s01,10,3,0.500000,19345,529.611331,271.386050,665.304356,0.000000,,,0,1,,,,,0.734619,MEDIUM
ga,hfvrp_n010_m03_s04,10,3,0.500000,75,526.269414,672.105161,862.321994,0.000000,,,0,1,,,,,0.731065,MEDIUM
ga,hfvrp_n010_m03_s02,10,3,0.500000,200,543.106201,483.480302,784.846352,0.000000,,,0,1,,,,,0.746356,MEDIUM
ga,hfvrp_n010_m03_s05,10,3,0.500000,50,544.295849,686.066928,887.329313,0.000000,,,0,1,,,,,0.738527,MEDIUM
ga,hfvrp_n010_m03_s03,10,3,0.500000,75,603.750103,563.761094,885.630650,0.000000,,,0,1,,,,,2.208473,BIG
ga,hfvrp_n010_m03_s03,10,3,0.500000,100,603.750103,563.761094,885.630650,0.000000,,,0,1,,,,,0.037897,DEFAULT
ga,hfvrp_n015_m03_s01,15,3,0.500000,1,618.348969,2088.235372,1662.466655,0.000000,,,0,1,,,,,2.944900,BIG
ga,hfvrp_n010_m03_s03,10,3,0.500000,100,600.618708,763.645230,982.441323,0.000000,,,0,1,,,,,0.009314,SMALL
ga,hfvrp_n015_m03_s01,15,3,0.500000,10,616.617157,2135.962623,1684.598469,0.000000,,,0,1,,,,,0.051611,DEFAULT
ga,hfvrp_n015_m03_s01,15,3,0.500000,10,667.365516,2353.788397,1844.259715,0.000000,,,0,1,,,,,0.005285,SMALL
ga,hfvrp_n010_m03_s03,10,3,0.500000,100,603.750103,563.761094,885.630650,0.000000,,,0,1,,,,,0.733010,MEDIUM
ga,hfvrp_n015_m03_s01,15,3,0.500000,10,618.348969,2088.235372,1662.466655,0.000000,,,0,1,,,,,0.972074,MEDIUM
ga,hfvrp_n010_m03_s01,10,3,0.500000,19345,529.611331,271.386050,665.304356,0.000000,,,0,1,,,,,2.230871,BIG
ga,hfvrp_n010_m03_s01,10,3,0.500000,1788054144522494272,529.611331,271.386050,665.304356,0.000000,,,0,1,,,,,0.035650,DEFAULT
ga,hfvrp_n010_m03_s01,10,3,0.500000,1788054140271814512,529.611331,271.386050,665.304356,0.000000,,,0,1,,,,,0.006897,SMALL
ga,hfvrp_n010_m03_s04,10,3,0.500000,75,526.269414,672.105161,862.321994,0.000000,,,0,1,,,,,2.193702,BIG
ga,hfvrp_n010_m03_s04,10,3,0.500000,100,526.269414,672.105161,862.321994,0.000000,,,0,1,,,,,0.037460,DEFAULT
ga,hfvrp_n010_m03_s04,10,3,0.500000,100,526.269414,672.105161,862.321994,0.000000,,,0,1,,,,,0.004129,SMALL
ga,hfvrp_n010_m03_s02,10,3,0.500000,200,543.106201,483.480302,784.846352,0.000000,,,0,1,,,,,2.245213,BIG
ga,hfvrp_n010_m03_s02,10,3,0.500000,999,543.106201,483.480302,784.846352,0.000000,,,0,1,,,,,0.040279,DEFAULT
ga,hfvrp_n010_m03_s02,10,3,0.500000,999,543.106201,483.480302,784.846352,0.000000,,,0,1,,,,,0.008321,SMALL
ga,hfvrp_n010_m03_s05,10,3,0.500000,50,544.295849,686.066928,887.329313,0.000000,,,0,1,,,,,2.226587,BIG
ga,hfvrp_n010_m03_s05,10,3,0.500000,75,544.295849,686.066928,887.329313,0.000000,,,0,1,,,,,0.039916,DEFAULT
ga,hfvrp_n010_m03_s05,10,3,0.500000,75,598.742551,1159.646472,1178.565787,0.000000,,,0,1,,,,,0.007472,SMALL
ga,hfvrp_n010_m03_s01,10,3,0.500000,1788054170348666369,529.611331,271.386050,665.304356,0.000000,,,0,1,,,,,0.745062,MEDIUM
ga,hfvrp_n010_m03_s04,10,3,0.500000,100,526.269414,672.105161,862.321994,0.000000,,,0,1,,,,,0.740736,MEDIUM
ga,hfvrp_n010_m03_s02,10,3,0.500000,999,543.106201,483.480302,784.846352,0.000000,,,0,1,,,,,0.750363,MEDIUM
ga,hfvrp_n010_m03_s05,10,3,0.500000,75,544.295849,686.066928,887.329313,0.000000,,,0,1,,,,,0.747026,MEDIUM
ga,hfvrp_n010_m03_s03,10,3,0.500000,100,603.750103,563.761094,885.630650,0.000000,,,0,1,,,,,2.289465,BIG
ga,hfvrp_n010_m03_s03,10,3,0.500000,200,603.750103,563.761094,885.630650,0.000000,,,0,1,,,,,0.037239,DEFAULT
ga,hfvrp_n010_m03_s03,10,3,0.500000,200,603.750103,563.761094,885.630650,0.000000,,,0,1,,,,,0.007023,SMALL
ga,hfvrp_n010_m03_s03,10,3,0.500000,200,603.750103,563.761094,885.630650,0.000000,,,0,1,,,,,0.725788,MEDIUM
ga,hfvrp_n015_m03_s01,15,3,0.500000,10,618.348969,2088.235372,1662.466655,0.000000,,,0,1,,,,,2.945727,BIG
ga,hfvrp_n015_m03_s01,15,3,0.500000,50,616.617157,2135.962623,1684.598469,0.000000,,,0,1,,,,,0.050928,DEFAULT
ga,hfvrp_n015_m03_s01,15,3,0.500000,50,618.348969,2088.235372,1662.466655,0.000000,,,0,1,,,,,0.005198,SMALL
ga,hfvrp_n010_m03_s01,10,3,0.500000,1788054385850829389,529.611331,271.386050,665.304356,0.000000,,,0,1,,,,,2.192107,BIG
ga,hfvrp_n015_m03_s02,15,3,0.500000,1788053958618794593,683.405139,1486.663512,1426.736895,0.000000,,,0,1,,,,,0.052130,DEFAULT
ga,hfvrp_n015_m03_s02,15,3,0.500000,1788053962969758156,742.818034,1483.393545,1484.514807,0.000000,,,0,1,,,,,0.005275,SMALL
ga,hfvrp_n010_m03_s04,10,3,0.500000,100,526.269414,672.105161,862.321994,0.000000,,,0,1,,,,,2.194799,BIG
ga,hfvrp_n010_m03_s04,10,3,0.500000,200,526.269414,672.105161,862.321994,0.000000,,,0,1,,,,,0.037115,DEFAULT
ga,hfvrp_n010_m03_s04,10,3,0.500000,200,526.269414,672.105161,862.321994,0.000000,,,0,1,,,,,0.003836,SMALL
ga,hfvrp_n010_m03_s02,10,3,0.500000,999,543.106201,483.480302,784.846352,0.000000,,,0,1,,,,,2.254755,BIG
ga,hfvrp_n010_m03_s02,10,3,0.500000,1234,583.757554,423.038749,795.276929,0.000000,,,0,1,,,,,0.036907,DEFAULT
ga,hfvrp_n010_m03_s02,10,3,0.500000,1234,543.106201,483.480302,784.846352,0.000000,,,0,1,,,,,0.005892,SMALL
ga,hfvrp_n015_m03_s01,15,3,0.500000,50,618.348969,2088.235372,1662.466655,0.000000,,,0,1,,,,,0.984691,MEDIUM
ga,hfvrp_n010_m03_s05,10,3,0.500000,75,544.295849,686.066928,887.329313,0.000000,,,0,1,,,,,2.247260,BIG
ga,hfvrp_n010_m03_s05,10,3,0.500000,100,598.742551,1159.646472,1178.565787,0.000000,,,0,1,,,,,0.036429,DEFAULT
ga,hfvrp_n010_m03_s05,10,3,0.500000,100,575.365979,655.167646,902.949802,0.000000,,,0,1,,,,,0.003879,SMALL
ga,hfvrp_n010_m03_s04,10,3,0.500000,200,526.269414,672.105161,862.321994,0.000000,,,0,1,,,,,0.724241,MEDIUM
ga,hfvrp_n015_m03_s02,15,3,0.500000,1788053864195621795,692.492057,1425.759137,1405.371625,0.000000,,,0,1,,,,,0.990319,MEDIUM
ga,hfvrp_n010_m03_s02,10,3,0.500000,1234,543.106201,483.480302,784.846352,0.000000,,,0,1,,,,,0.749167,MEDIUM
ga,hfvrp_n010_m03_s05,10,3,0.500000,100,544.295849,686.066928,887.329313,0.000000,,,0,1,,,,,0.743579,MEDIUM
ga,hfvrp_n010_m03_s03,10,3,0.500000,200,603.750103,563.761094,885.630650,0.000000,,,0,1,,,,,2.218737,BIG
ga,hfvrp_n010_m03_s03,10,3,0.500000,999,603.750103,563.761094,885.630650,0.000000,,,0,1,,,,,0.039489,DEFAULT
ga,hfvrp_n010_m03_s03,10,3,0.500000,999,603.750103,563.761094,885.630650,0.000000,,,0,1,,,,,0.004142,SMALL
ga,hfvrp_n010_m03_s03,10,3,0.500000,999,603.750103,563.761094,885.630650,0.000000,,,0,1,,,,,0.730426,MEDIUM
ga,hfvrp_n010_m03_s04,10,3,0.500000,200,526.269414,672.105161,862.321994,0.000000,,,0,1,,,,,2.181763,BIG
ga,hfvrp_n010_m03_s04,10,3,0.500000,999,526.269414,672.105161,862.321994,0.000000,,,0,1,,,,,0.036840,DEFAULT
ga,hfvrp_n010_m03_s04,10,3,0.500000,999,526.269414,672.105161,862.321994,0.000000,,,0,1,,,,,0.004127,SMALL
ga,hfvrp_n015_m03_s01,15,3,0.500000,50,618.348969,2088.235372,1662.466655,0.000000,,,0,1,,,,,2.939128,BIG
ga,hfvrp_n010_m03_s02,10,3,0.500000,1234,543.106201,483.480302,784.846352,0.000000,,,0,1,,,,,2.244606,BIG
ga,hfvrp_n010_m03_s02,10,3,0.500000,9999,583.757554,423.038749,795.276929,0.000000,,,0,1,,,,,0.037202,DEFAULT
ga,hfvrp_n015_m03_s01,15,3,0.500000,75,618.348969,2088.235372,1662.466655,0.000000,,,0,1,,,,,0.052357,DEFAULT
ga,hfvrp_n010_m03_s02,10,3,0.500000,9999,583.757554,423.038749,795.276929,0.000000,,,0,1,,,,,0.009394,SMALL
ga,hfvrp_n015_m03_s01,15,3,0.500000,75,616.617157,2135.962623,1684.598469,0.000000,,,0,1,,,,,0.007251,SMALL
ga,hfvrp_n010_m03_s05,10,3,0.500000,100,544.295849,686.066928,887.329313,0.000000,,,0,1,,,,,2.233647,BIG
ga,hfvrp_n010_m03_s05,10,3,0.500000,200,598.742551,1159.646472,1178.565787,0.000000,,,0,1,,,,,0.037012,DEFAULT
ga,hfvrp_n010_m03_s05,10,3,0.500000,200,598.742551,1159.646472,1178.565787,0.000000,,,0,1,,,,,0.006744,SMALL
ga,hfvrp_n015_m03_s02,15,3,0.500000,1788054105712287455,692.492057,1425.759137,1405.371625,0.000000,,,0,1,,,,,2.974123,BIG
ga,hfvrp_n010_m03_s04,10,3,0.500000,999,526.269414,672.105161,862.321994,0.000000,,,0,1,,,,,0.743970,MEDIUM
ga,hfvrp_n015_m03_s02,15,3,0.500000,1,692.492057,1425.759137,1405.371625,0.000000,,,0,1,,,,,0.052040,DEFAULT
ga,hfvrp_n015_m03_s02,15,3,0.500000,1,683.405139,1486.663512,1426.736895,0.000000,,,0,1,,,,,0.009741,SMALL
ga,hfvrp_n010_m03_s02,10,3,0.500000,9999,543.106201,483.480302,784.846352,0.000000,,,0,1,,,,,0.757291,MEDIUM
ga,hfvrp_n010_m03_s03,10,3,0.500000,999,603.750103,563.761094,885.630650,0.000000,,,0,1,,,,,2.223252,BIG
ga,hfvrp_n010_m03_s05,10,3,0.500000,200,544.295849,686.066928,887.329313,0.000000,,,0,1,,,,,0.749856,MEDIUM
ga,hfvrp_n010_m03_s03,10,3,0.500000,1234,603.750103,563.761094,885.630650,0.000000,,,0,1,,,,,0.038934,DEFAULT
ga,hfvrp_n015_m03_s01,15,3,0.500000,75,618.348969,2088.235372,1662.466655,0.000000,,,0,1,,,,,0.992243,MEDIUM
ga,hfvrp_n010_m03_s03,10,3,0.500000,1234,600.618708,763.645230,982.441323,0.000000,,,0,1,,,,,0.006574,SMALL
ga,hfvrp_n015_m03_s02,15,3,0.500000,1,683.405139,1486.663512,1426.736895,0.000000,,,0,1,,,,,0.994195,MEDIUM
ga,hfvrp_n010_m03_s03,10,3,0.500000,1234,603.750103,563.761094,885.630650,0.000000,,,0,1,,,,,0.729542,MEDIUM
ga,hfvrp_n010_m03_s04,10,3,0.500000,999,526.269414,672.105161,862.321994,0.000000,,,0,1,,,,,2.185054,BIG
ga,hfvrp_n010_m03_s04,10,3,0.500000,1234,526.269414,672.105161,862.321994,0.000000,,,0,1,,,,,0.037396,DEFAULT
ga,hfvrp_n010_m03_s04,10,3,0.500000,1234,526.269414,672.105161,862.321994,0.000000,,,0,1,,,,,0.007131,SMALL
ga,hfvrp_n010_m03_s02,10,3,0.500000,9999,543.106201,483.480302,784.846352,0.000000,,,0,1,,,,,2.256092,BIG
ga,hfvrp_n010_m03_s02,10,3,0.500000,19345,543.106201,483.480302,784.846352,0.000000,,,0,1,,,,,0.041949,DEFAULT
ga,hfvrp_n010_m03_s02,10,3,0.500000,19345,583.757554,423.038749,795.276929,0.000000,,,0,1,,,,,0.005393,SMALL
ga,hfvrp_n010_m03_s05,10,3,0.500000,200,544.295849,686.066928,887.329313,0.000000,,,0,1,,,,,2.221069,BIG
ga,hfvrp_n010_m03_s05,10,3,0.500000,999,544.295849,686.066928,887.329313,0.000000,,,0,1,,,,,0.041436,DEFAULT
ga,hfvrp_n010_m03_s05,10,3,0.500000,999,552.442404,684.023532,894.454170,0.000000,,,0,1,,,,,0.004216,SMALL
ga,hfvrp_n010_m03_s04,10,3,0.500000,1234,526.269414,672.105161,862.321994,0.000000,,,0,1,,,,,0.736850,MEDIUM
ga,hfvrp_n010_m03_s02,10,3,0.500000,19345,543.106201,483.480302,784.846352,0.000000,,,0,1,,,,,0.747652,MEDIUM
ga,hfvrp_n015_m03_s01,15,3,0.500000,75,618.348969,2088.235372,1662.466655,0.000000,,,0,1,,,,,2.955640,BIG
ga,hfvrp_n010_m03_s03,10,3,0.500000,1234,603.750103,563.761094,885.630650,0.000000,,,0,1,,,,,2.222688,BIG
ga,hfvrp_n010_m03_s03,10,3,0.500000,9999,603.750103,563.761094,885.630650,0.000000,,,0,1,,,,,0.037170,DEFAULT
ga,hfvrp_n010_m03_s03,10,3,0.500000,9999,603.750103,563.761094,885.630650,0.000000,,,0,1,,,,,0.004004,SMALL
ga,hfvrp_n010_m03_s05,10,3,0.500000,999,544.295849,686.066928,887.329313,0.000000,,,0,1,,,,,0.762960,MEDIUM
ga,hfvrp_n015_m03_s01,15,3,0.500000,100,618.348969,2088.235372,1662.466655,0.000000,,,0,1,,,,,0.049744,DEFAULT
ga,hfvrp_n015_m03_s01,15,3,0.500000,100,620.456738,2135.184339,1688.048907,0.000000,,,0,1,,,,,0.010530,SMALL
ga,hfvrp_n015_m03_s02,15,3,0.500000,1,692.492057,1425.759137,1405.371625,0.000000,,,0,1,,,,,2.974860,BIG
ga,hfvrp_n015_m03_s02,15,3,0.500000,10,692.492057,1425.759137,1405.371625,0.000000,,,0,1,,,,,0.051742,DEFAULT
ga,hfvrp_n015_m03_s02,15,3,0.500000,10,683.405139,1486.663512,1426.736895,0.000000,,,0,1,,,,,0.009889,SMALL
ga,hfvrp_n010_m03_s03,10,3,0.500000,9999,603.750103,563.761094,885.630650,0.000000,,,0,1,,,,,0.735934,MEDIUM
ga,hfvrp_n015_m03_s01,15,3,0.500000,100,618.348969,2088.235372,1662.466655,0.000000,,,0,1,,,,,0.981024,MEDIUM
ga,hfvrp_n015_m03_s02,15,3,0.500000,10,683.405139,1486.663512,1426.736895,0.000000,,,0,1,,,,,0.984387,MEDIUM
ga,hfvrp_n010_m03_s04,10,3,0.500000,1234,526.269414,672.105161,862.321994,0.000000,,,0,1,,,,,2.184339,BIG
ga,hfvrp_n010_m03_s04,10,3,0.500000,9999,526.269414,672.105161,862.321994,0.000000,,,0,1,,,,,0.040276,DEFAULT
ga,hfvrp_n010_m03_s04,10,3,0.500000,9999,526.269414,672.105161,862.321994,0.000000,,,0,1,,,,,0.006171,SMALL
ga,hfvrp_n010_m03_s02,10,3,0.500000,19345,543.106201,483.480302,784.846352,0.000000,,,0,1,,,,,2.244899,BIG
ga,hfvrp_n010_m03_s02,10,3,0.500000,1788054432218751702,543.106201,483.480302,784.846352,0.000000,,,0,1,,,,,0.040487,DEFAULT
ga,hfvrp_n010_m03_s02,10,3,0.500000,1788054436558813325,543.106201,483.480302,784.846352,0.000000,,,0,1,,,,,0.007069,SMALL
ga,hfvrp_n010_m03_s05,10,3,0.500000,999,544.295849,686.066928,887.329313,0.000000,,,0,1,,,,,2.235443,BIG
ga,hfvrp_n010_m03_s05,10,3,0.500000,1234,544.295849,686.066928,887.329313,0.000000,,,0,1,,,,,0.041037,DEFAULT
ga,hfvrp_n010_m03_s05,10,3,0.500000,1234,631.929673,567.888596,915.873971,0.000000,,,0,1,,,,,0.004249,SMALL
ga,hfvrp_n010_m03_s04,10,3,0.500000,9999,526.269414,672.105161,862.321994,0.000000,,,0,1,,,,,0.732599,MEDIUM
ga,hfvrp_n010_m03_s02,10,3,0.500000,1788054629843630798,543.106201,483.480302,784.846352,0.000000,,,0,1,,,,,0.749765,MEDIUM
ga,hfvrp_n010_m03_s03,10,3,0.500000,9999,603.750103,563.761094,885.630650,0.000000,,,0,1,,,,,2.210698,BIG
ga,hfvrp_n010_m03_s03,10,3,0.500000,19345,603.750103,563.761094,885.630650,0.000000,,,0,1,,,,,0.040052,DEFAULT
ga,hfvrp_n010_m03_s03,10,3,0.500000,19345,603.750103,563.761094,885.630650,0.000000,,,0,1,,,,,0.006897,SMALL
ga,hfvrp_n010_m03_s05,10,3,0.500000,1234,544.295849,686.066928,887.329313,0.000000,,,0,1,,,,,0.742145,MEDIUM
ga,hfvrp_n010_m03_s03,10,3,0.500000,19345,603.750103,563.761094,885.630650,0.000000,,,0,1,,,,,0.732243,MEDIUM
ga,hfvrp_n015_m03_s01,15,3,0.500000,100,618.348969,2088.235372,1662.466655,0.000000,,,0,1,,,,,2.934228,BIG
ga,hfvrp_n015_m03_s01,15,3,0.500000,200,618.348969,2088.235372,1662.466655,0.000000,,,0,1,,,,,0.052388,DEFAULT
ga,hfvrp_n015_m03_s01,15,3,0.500000,200,618.348969,2088.235372,1662.466655,0.000000,,,0,1,,,,,0.008216,SMALL
ga,hfvrp_n015_m03_s02,15,3,0.500000,10,692.492057,1425.759137,1405.371625,0.000000,,,0,1,,,,,2.983031,BIG
ga,hfvrp_n010_m03_s04,10,3,0.500000,9999,526.269414,672.105161,862.321994,0.000000,,,0,1,,,,,2.190700,BIG
ga,hfvrp_n015_m03_s02,15,3,0.500000,50,692.492057,1425.759137,1405.371625,0.000000,,,0,1,,,,,0.055429,DEFAULT
ga,hfvrp_n010_m03_s04,10,3,0.500000,19345,526.269414,672.105161,862.321994,0.000000,,,0,1,,,,,0.040883,DEFAULT
ga,hfvrp_n010_m03_s04,10,3,0.500000,19345,526.269414,672.105161,862.321994,0.000000,,,0,1,,,,,0.004083,SMALL
ga,hfvrp_n015_m03_s02,15,3,0.500000,50,683.405139,1486.663512,1426.736895,0.000000,,,0,1,,,,,0.010991,SMALL
ga,hfvrp_n015_m03_s01,15,3,0.500000,200,618.348969,2088.235372,1662.466655,0.000000,,,0,1,,,,,0.988156,MEDIUM
ga,hfvrp_n010_m03_s02,10,3,0.500000,1788054669256891133,543.106201,483.480302,784.846352,0.000000,,,0,1,,,,,2.263162,BIG
ga,hfvrp_n015_m03_s03,15,3,0.500000,1788055225627560686,581.499246,658.085449,910.541970,0.000000,,,0,1,,,,,0.049506,DEFAULT
ga,hfvrp_n015_m03_s03,15,3,0.500000,1788055221385971574,592.511234,658.085449,921.553959,0.000000,,,0,1,,,,,0.005565,SMALL
ga,hfvrp_n010_m03_s05,10,3,0.500000,1234,544.295849,686.066928,887.329313,0.000000,,,0,1,,,,,2.231760,BIG
ga,hfvrp_n010_m03_s05,10,3,0.500000,9999,544.295849,686.066928,887.329313,0.000000,,,0,1,,,,,0.036621,DEFAULT
ga,hfvrp_n010_m03_s05,10,3,0.500000,9999,598.742551,1159.646472,1178.565787,0.000000,,,0,1,,,,,0.003938,SMALL
ga,hfvrp_n010_m03_s04,10,3,0.500000,19345,526.269414,672.105161,862.321994,0.000000,,,0,1,,,,,0.735505,MEDIUM
ga,hfvrp_n015_m03_s02,15,3,0.500000,50,692.492057,1425.759137,1405.371625,0.000000,,,0,1,,,,,0.989576,MEDIUM
ga,hfvrp_n010_m03_s03,10,3,0.500000,19345,603.750103,563.761094,885.630650,0.000000,,,0,1,,,,,2.233587,BIG
ga,hfvrp_n010_m03_s03,10,3,0.500000,1788055432588799994,603.750103,563.761094,885.630650,0.000000,,,0,1,,,,,0.039647,DEFAULT
ga,hfvrp_n010_m03_s03,10,3,0.500000,1788055428338572680,603.750103,563.761094,885.630650,0.000000,,,0,1,,,,,0.006869,SMALL
ga,hfvrp_n010_m03_s05,10,3,0.500000,9999,544.295849,686.066928,887.329313,0.000000,,,0,1,,,,,0.742188,MEDIUM
ga,hfvrp_n015_m03_s03,15,3,0.500000,1788055285819833963,581.499246,658.085449,910.541970,0.000000,,,0,1,,,,,0.987016,MEDIUM
ga,hfvrp_n010_m03_s03,10,3,0.500000,1788055492773914446,603.750103,563.761094,885.630650,0.000000,,,0,1,,,,,0.732570,MEDIUM
ga,hfvrp_n010_m03_s04,10,3,0.500000,19345,526.269414,672.105161,862.321994,0.000000,,,0,1,,,,,2.186061,BIG
ga,hfvrp_n010_m03_s04,10,3,0.500000,1788055391234208336,526.269414,672.105161,862.321994,0.000000,,,0,1,,,,,0.039575,DEFAULT
ga,hfvrp_n010_m03_s04,10,3,0.500000,1788055386986059224,526.269414,672.105161,862.321994,0.000000,,,0,1,,,,,0.007915,SMALL
ga,hfvrp_n015_m03_s01,15,3,0.500000,200,618.348969,2088.235372,1662.466655,0.000000,,,0,1,,,,,2.953239,BIG
ga,hfvrp_n015_m03_s01,15,3,0.500000,999,618.348969,2088.235372,1662.466655,0.000000,,,0,1,,,,,0.047875,DEFAULT
ga,hfvrp_n015_m03_s01,15,3,0.500000,999,637.165591,2258.702802,1766.516992,0.000000,,,0,1,,,,,0.008710,SMALL
ga,hfvrp_n010_m03_s05,10,3,0.500000,9999,544.295849,686.066928,887.329313,0.000000,,,0,1,,,,,2.239477,BIG
ga,hfvrp_n010_m03_s04,10,3,0.500000,1788055382703387326,526.269414,672.105161,862.321994,0.000000,,,0,1,,,,,0.729965,MEDIUM
ga,hfvrp_n010_m03_s05,10,3,0.500000,19345,598.742551,1159.646472,1178.565787,0.000000,,,0,1,,,,,0.041471,DEFAULT
ga,hfvrp_n010_m03_s05,10,3,0.500000,19345,598.742551,1159.646472,1178.565787,0.000000,,,0,1,,,,,0.004149,SMALL
ga,hfvrp_n015_m03_s02,15,3,0.500000,50,692.492057,1425.759137,1405.371625,0.000000,,,0,1,,,,,2.965911,BIG
ga,hfvrp_n015_m03_s02,15,3,0.500000,75,683.405139,1486.663512,1426.736895,0.000000,,,0,1,,,,,0.048128,DEFAULT
ga,hfvrp_n015_m03_s02,15,3,0.500000,75,751.904952,1424.124153,1463.967029,0.000000,,,0,1,,,,,0.005382,SMALL
ga,hfvrp_n010_m03_s03,10,3,0.500000,1788055480624895100,603.750103,563.761094,885.630650,0.000000,,,0,1,,,,,2.206747,BIG
ga,hfvrp_n015_m03_s01,15,3,0.500000,999,618.348969,2088.235372,1662.466655,0.000000,,,0,1,,,,,0.995132,MEDIUM
ga,hfvrp_n015_m03_s04,15,3,0.500000,1788054954613188526,677.762268,4688.636753,3022.080645,0.000000,,,0,1,,,,,0.055157,DEFAULT
ga,hfvrp_n015_m03_s04,15,3,0.500000,1788055014806552631,873.347892,4133.651603,2940.173694,0.000000,,,0,1,,,,,0.010796,SMALL
ga,hfvrp_n010_m03_s05,10,3,0.500000,19345,544.295849,686.066928,887.329313,0.000000,,,0,1,,,,,0.759056,MEDIUM
ga,hfvrp_n015_m03_s03,15,3,0.500000,1788055484383220390,581.499246,658.085449,910.541970,0.000000,,,0,1,,,,,2.995329,BIG
ga,hfvrp_n015_m03_s03,15,3,0.500000,1,581.499246,658.085449,910.541970,0.000000,,,0,1,,,,,0.052310,DEFAULT
ga,hfvrp_n015_m03_s03,15,3,0.500000,1,603.765723,763.743271,985.637358,0.000000,,,0,1,,,,,0.008640,SMALL
ga,hfvrp_n015_m03_s02,15,3,0.500000,75,692.492057,1425.759137,1405.371625,0.000000,,,0,1,,,,,1.006905,MEDIUM
ga,hfvrp_n015_m03_s04,15,3,0.500000,1788055010526337931,823.363855,4046.598340,2846.663025,0.000000,,,0,1,,,,,0.984041,MEDIUM
ga,hfvrp_n015_m03_s03,15,3,0.500000,1,581.499246,658.085449,910.541970,0.000000,,,0,1,,,,,1.002098,MEDIUM
ga,hfvrp_n010_m03_s04,10,3,0.500000,1788055396322304531,526.269414,672.105161,862.321994,0.000000,,,0,1,,,,,2.198371,BIG
ga,hfvrp_n015_m03_s05,15,3,0.500000,1788055127986551827,714.018114,952.163640,1190.099933,0.000000,,,0,1,,,,,0.054058,DEFAULT
ga,hfvrp_n015_m03_s05,15,3,0.500000,1788055132342804117,714.018114,952.163640,1190.099933,0.000000,,,0,1,,,,,0.009589,SMALL
ga,hfvrp_n010_m03_s05,10,3,0.500000,19345,544.295849,686.066928,887.329313,0.000000,,,0,1,,,,,2.224149,BIG
ga,hfvrp_n010_m03_s05,10,3,0.500000,1788055090124466230,598.742551,1159.646472,1178.565787,0.000000,,,0,1,,,,,0.040078,DEFAULT
ga,hfvrp_n010_m03_s05,10,3,0.500000,1788055094462651304,544.295849,686.066928,887.329313,0.000000,,,0,1,,,,,0.003909,SMALL
ga,hfvrp_n015_m03_s05,15,3,0.500000,1788055136652144124,692.808029,953.144315,1169.380187,0.000000,,,0,1,,,,,0.990072,MEDIUM
ga,hfvrp_n015_m03_s01,15,3,0.500000,999,618.348969,2088.235372,1662.466655,0.000000,,,0,1,,,,,2.943717,BIG
ga,hfvrp_n015_m03_s01,15,3,0.500000,1234,616.617157,2135.962623,1684.598469,0.000000,,,0,1,,,,,0.046706,DEFAULT
ga,hfvrp_n015_m03_s01,15,3,0.500000,1234,616.617157,2135.962623,1684.598469,0.000000,,,0,1,,,,,0.005293,SMALL
ga,hfvrp_n010_m03_s05,10,3,0.500000,1788055098764619209,544.295849,686.066928,887.329313,0.000000,,,0,1,,,,,0.740925,MEDIUM
ga,hfvrp_n015_m03_s02,15,3,0.500000,75,692.492057,1425.759137,1405.371625,0.000000,,,0,1,,,,,2.962908,BIG
ga,hfvrp_n015_m03_s02,15,3,0.500000,100,683.405139,1486.663512,1426.736895,0.000000,,,0,1,,,,,0.053807,DEFAULT
ga,hfvrp_n015_m03_s02,15,3,0.500000,100,683.405139,1486.663512,1426.736895,0.000000,,,0,1,,,,,0.010636,SMALL
ga,hfvrp_n015_m03_s04,15,3,0.500000,1788055200493040718,823.363855,4046.598340,2846.663025,0.000000,,,0,1,,,,,2.951257,BIG
ga,hfvrp_n015_m03_s01,15,3,0.500000,1234,618.348969,2088.235372,1662.466655,0.000000,,,0,1,,,,,0.976903,MEDIUM
ga,hfvrp_n015_m03_s04,15,3,0.500000,1,677.762268,4688.636753,3022.080645,0.000000,,,0,1,,,,,0.053619,DEFAULT
ga,hfvrp_n015_m03_s04,15,3,0.500000,1,677.762268,4688.636753,3022.080645,0.000000,,,0,1,,,,,0.008600,SMALL
ga,hfvrp_n015_m03_s03,15,3,0.500000,1,581.499246,658.085449,910.541970,0.000000,,,0,1,,,,,2.983897,BIG
ga,hfvrp_n015_m03_s03,15,3,0.500000,10,581.499246,658.085449,910.541970,0.000000,,,0,1,,,,,0.052372,DEFAULT
ga,hfvrp_n015_m03_s03,15,3,0.500000,10,598.465694,672.417444,934.674416,0.000000,,,0,1,,,,,0.008423,SMALL
ga,hfvrp_n015_m03_s02,15,3,0.500000,100,683.405139,1486.663512,1426.736895,0.000000,,,0,1,,,,,0.992588,MEDIUM
ga,hfvrp_n015_m03_s04,15,3,0.500000,1,823.363855,4046.598340,2846.663025,0.000000,,,0,1,,,,,0.970460,MEDIUM
ga,hfvrp_n015_m03_s03,15,3,0.500000,10,581.499246,658.085449,910.541970,0.000000,,,0,1,,,,,0.989645,MEDIUM
ga,hfvrp_n010_m03_s05,10,3,0.500000,1788055894077700313,544.295849,686.066928,887.329313,0.000000,,,0,1,,,,,2.222535,BIG
ga,hfvrp_n020_m04_s01,20,4,0.500000,1788055986578178089,959.443180,1071.052809,1494.969584,0.000000,,,0,1,,,,,0.069460,DEFAULT
ga,hfvrp_n020_m04_s01,20,4,0.500000,1788055999536522859,937.172763,1399.644362,1636.994944,0.000000,,,0,1,,,,,0.007842,SMALL
ga,hfvrp_n015_m03_s05,15,3,0.500000,1788055103291312293,692.808029,953.144315,1169.380187,0.000000,,,0,1,,,,,2.992710,BIG
ga,hfvrp_n015_m03_s05,15,3,0.500000,1,781.517320,777.689037,1170.361839,0.000000,,,0,1,,,,,0.051877,DEFAULT
ga,hfvrp_n015_m03_s05,15,3,0.500000,1,689.900411,1002.159336,1190.980080,0.000000,,,0,1,,,,,0.005690,SMALL
ga,hfvrp_n015_m03_s05,15,3,0.500000,1,793.902217,777.689037,1182.746736,0.000000,,,0,1,,,,,0.989717,MEDIUM
ga,hfvrp_n020_m04_s01,20,4,0.500000,1788055995253278597,862.720832,1062.336882,1393.889273,0.000000,,,0,1,,,,,1.321847,MEDIUM
ga,hfvrp_n015_m03_s01,15,3,0.500000,1234,618.348969,2088.235372,1662.466655,0.000000,,,0,1,,,,,2.960923,BIG
ga,hfvrp_n015_m03_s01,15,3,0.500000,9999,618.348969,2088.235372,1662.466655,0.000000,,,0,1,,,,,0.053375,DEFAULT
ga,hfvrp_n015_m03_s01,15,3,0.500000,9999,618.348969,2088.235372,1662.466655,0.000000,,,0,1,,,,,0.005551,SMALL
ga,hfvrp_n015_m03_s02,15,3,0.500000,100,692.492057,1425.759137,1405.371625,0.000000,,,0,1,,,,,2.984279,BIG
ga,hfvrp_n015_m03_s02,15,3,0.500000,200,683.405139,1486.663512,1426.736895,0.000000,,,0,1,,,,,0.048380,DEFAULT
ga,hfvrp_n015_m03_s02,15,3,0.500000,200,683.405139,1486.663512,1426.736895,0.000000,,,0,1,,,,,0.005224,SMALL
ga,hfvrp_n015_m03_s04,15,3,0.500000,1,762.822177,4242.376270,2884.010312,0.000000,,,0,1,,,,,2.950350,BIG
ga,hfvrp_n015_m03_s01,15,3,0.500000,9999,618.348969,2088.235372,1662.466655,0.000000,,,0,1,,,,,0.981882,MEDIUM
ga,hfvrp_n015_m03_s04,15,3,0.500000,10,762.822177,4242.376270,2884.010312,0.000000,,,0,1,,,,,0.052075,DEFAULT
ga,hfvrp_n015_m03_s04,15,3,0.500000,10,677.762268,4688.636753,3022.080645,0.000000,,,0,1,,,,,0.005511,SMALL
ga,hfvrp_n015_m03_s03,15,3,0.500000,10,581.499246,658.085449,910.541970,0.000000,,,0,1,,,,,2.989034,BIG
ga,hfvrp_n015_m03_s03,15,3,0.500000,50,581.499246,658.085449,910.541970,0.000000,,,0,1,,,,,0.051003,DEFAULT
ga,hfvrp_n015_m03_s03,15,3,0.500000,50,623.732188,672.417444,959.940910,0.000000,,,0,1,,,,,0.009195,SMALL
ga,hfvrp_n015_m03_s02,15,3,0.500000,200,692.492057,1425.759137,1405.371625,0.000000,,,0,1,,,,,1.002938,MEDIUM
ga,hfvrp_n015_m03_s04,15,3,0.500000,10,762.822177,4242.376270,2884.010312,0.000000,,,0,1,,,,,0.982254,MEDIUM
ga,hfvrp_n015_m03_s03,15,3,0.500000,50,581.499246,658.085449,910.541970,0.000000,,,0,1,,,,,0.990300,MEDIUM
ga,hfvrp_n015_m03_s05,15,3,0.500000,1,793.902217,777.689037,1182.746736,0.000000,,,0,1,,,,,3.017939,BIG
ga,hfvrp_n015_m03_s05,15,3,0.500000,10,692.808029,953.144315,1169.380187,0.000000,,,0,1,,,,,0.051944,DEFAULT
ga,hfvrp_n015_m03_s05,15,3,0.500000,10,794.643460,777.198699,1183.242810,0.000000,,,0,1,,,,,0.005675,SMALL
ga,hfvrp_n015_m03_s05,15,3,0.500000,10,692.808029,953.144315,1169.380187,0.000000,,,0,1,,,,,0.990859,MEDIUM
ga,hfvrp_n020_m04_s01,20,4,0.500000,1788055975109079141,870.140140,1028.958818,1384.619549,0.000000,,,0,1,,,,,4.004871,BIG
ga,hfvrp_n020_m04_s01,20,4,0.500000,1,959.443180,1071.052809,1494.969584,0.000000,,,0,1,,,,,0.069128,DEFAULT
ga,hfvrp_n020_m04_s01,20,4,0.500000,1,937.172763,1399.644362,1636.994944,0.000000,,,0,1,,,,,0.011825,SMALL
ga,hfvrp_n015_m03_s01,15,3,0.500000,9999,618.348969,2088.235372,1662.466655,0.000000,,,0,1,,,,,2.990063,BIG
ga,hfvrp_n015_m03_s01,15,3,0.500000,19345,616.617157,2135.962623,1684.598469,0.000000,,,0,1,,,,,0.051318,DEFAULT
ga,hfvrp_n015_m03_s01,15,3,0.500000,19345,618.348969,2088.235372,1662.466655,0.000000,,,0,1,,,,,0.007074,SMALL
ga,hfvrp_n015_m03_s02,15,3,0.500000,200,683.405139,1486.663512,1426.736895,0.000000,,,0,1,,,,,2.976417,BIG
ga,hfvrp_n015_m03_s02,15,3,0.500000,999,692.492057,1425.759137,1405.371625,0.000000,,,0,1,,,,,0.053435,DEFAULT
ga,hfvrp_n015_m03_s02,15,3,0.500000,999,751.904952,1424.124153,1463.967029,0.000000,,,0,1,,,,,0.009404,SMALL
ga,hfvrp_n015_m03_s04,15,3,0.500000,10,823.363855,4046.598340,2846.663025,0.000000,,,0,1,,,,,2.955918,BIG
ga,hfvrp_n015_m03_s04,15,3,0.500000,50,823.363855,4046.598340,2846.663025,0.000000,,,0,1,,,,,0.047225,DEFAULT
ga,hfvrp_n015_m03_s04,15,3,0.500000,50,731.330936,4772.750455,3117.706164,0.000000,,,0,1,,,,,0.010409,SMALL
ga,hfvrp_n015_m03_s01,15,3,0.500000,19345,618.348969,2088.235372,1662.466655,0.000000,,,0,1,,,,,1.003064,MEDIUM
ga,hfvrp_n020_m04_s01,20,4,0.500000,1,862.720832,1062.336882,1393.889273,0.000000,,,0,1,,,,,1.344755,MEDIUM
ga,hfvrp_n015_m03_s03,15,3,0.500000,50,581.499246,658.085449,910.541970,0.000000,,,0,1,,,,,2.989057,BIG
ga,hfvrp_n015_m03_s03,15,3,0.500000,75,581.499246,658.085449,910.541970,0.000000,,,0,1,,,,,0.054447,DEFAULT
ga,hfvrp_n015_m03_s03,15,3,0.500000,75,603.765723,763.743271,985.637358,0.000000,,,0,1,,,,,0.008489,SMALL
ga,hfvrp_n015_m03_s02,15,3,0.500000,999,683.405139,1486.663512,1426.736895,0.000000,,,0,1,,,,,0.995017,MEDIUM
ga,hfvrp_n015_m03_s04,15,3,0.500000,50,823.363855,4046.598340,2846.663025,0.000000,,,0,1,,,,,0.978816,MEDIUM
ga,hfvrp_n015_m03_s03,15,3,0.500000,75,581.499246,658.085449,910.541970,0.000000,,,0,1,,,,,0.992077,MEDIUM
ga,hfvrp_n015_m03_s05,15,3,0.500000,10,793.902217,777.689037,1182.746736,0.000000,,,0,1,,,,,3.017121,BIG
ga,hfvrp_n015_m03_s05,15,3,0.500000,50,692.808029,953.144315,1169.380187,0.000000,,,0,1,,,,,0.054019,DEFAULT
ga,hfvrp_n015_m03_s05,15,3,0.500000,50,714.018114,952.163640,1190.099933,0.000000,,,0,1,,,,,0.010575,SMALL
ga,hfvrp_n015_m03_s05,15,3,0.500000,50,781.517320,777.689037,1170.361839,0.000000,,,0,1,,,,,0.985973,MEDIUM
ga,hfvrp_n015_m03_s01,15,3,0.500000,19345,618.348969,2088.235372,1662.466655,0.000000,,,0,1,,,,,2.950551,BIG
ga,hfvrp_n015_m03_s01,15,3,0.500000,1788056357128201297,618.348969,2088.235372,1662.466655,0.000000,,,0,1,,,,,0.051685,DEFAULT
ga,hfvrp_n015_m03_s01,15,3,0.500000,1788056387248702232,618.348969,2088.235372,1662.466655,0.000000,,,0,1,,,,,0.005589,SMALL
ga,hfvrp_n015_m03_s02,15,3,0.500000,999,692.492057,1425.759137,1405.371625,0.000000,,,0,1,,,,,2.967232,BIG
ga,hfvrp_n015_m03_s02,15,3,0.500000,1234,683.405139,1486.663512,1426.736895,0.000000,,,0,1,,,,,0.048688,DEFAULT
ga,hfvrp_n015_m03_s02,15,3,0.500000,1234,699.851338,1471.007271,1435.354974,0.000000,,,0,1,,,,,0.008931,SMALL
ga,hfvrp_n015_m03_s04,15,3,0.500000,50,823.363855,4046.598340,2846.663025,0.000000,,,0,1,,,,,2.932772,BIG
ga,hfvrp_n015_m03_s04,15,3,0.500000,75,762.822177,4242.376270,2884.010312,0.000000,,,0,1,,,,,0.049135,DEFAULT
ga,hfvrp_n015_m03_s04,15,3,0.500000,75,762.822177,4242.376270,2884.010312,0.000000,,,0,1,,,,,0.006137,SMALL
ga,hfvrp_n015_m03_s01,15,3,0.500000,1788056382963162110,618.348969,2088.235372,1662.466655,0.000000,,,0,1,,,,,0.985138,MEDIUM
ga,hfvrp_n020_m04_s01,20,4,0.500000,1,862.720832,1062.336882,1393.889273,0.000000,,,0,1,,,,,4.004985,BIG
ga,hfvrp_n020_m04_s01,20,4,0.500000,10,906.252716,1519.357769,1665.931600,0.000000,,,0,1,,,,,0.069003,DEFAULT
ga,hfvrp_n020_m04_s01,20,4,0.500000,10,961.525500,1140.826829,1531.938915,0.000000,,,0,1,,,,,0.011808,SMALL
ga,hfvrp_n015_m03_s03,15,3,0.500000,75,581.499246,658.085449,910.541970,0.000000,,,0,1,,,,,3.009788,BIG
ga,hfvrp_n015_m03_s03,15,3,0.500000,100,623.732188,672.417444,959.940910,0.000000,,,0,1,,,,,0.051641,DEFAULT
ga,hfvrp_n015_m03_s03,15,3,0.500000,100,581.499246,658.085449,910.541970,0.000000,,,0,1,,,,,0.005268,SMALL
ga,hfvrp_n015_m03_s02,15,3,0.500000,1234,683.405139,1486.663512,1426.736895,0.000000,,,0,1,,,,,1.003256,MEDIUM
ga,hfvrp_n015_m03_s04,15,3,0.500000,75,762.822177,4242.376270,2884.010312,0.000000,,,0,1,,,,,0.982400,MEDIUM
ga,hfvrp_n015_m03_s03,15,3,0.500000,100,581.499246,658.085449,910.541970,0.000000,,,0,1,,,,,0.978724,MEDIUM
ga,hfvrp_n020_m04_s01,20,4,0.500000,10,954.246365,1062.336882,1485.414806,0.000000,,,0,1,,,,,1.314142,MEDIUM
ga,hfvrp_n015_m03_s05,15,3,0.500000,50,793.902217,777.689037,1182.746736,0.000000,,,0,1,,,,,3.000281,BIG
ga,hfvrp_n015_m03_s05,15,3,0.500000,75,714.018114,952.163640,1190.099933,0.000000,,,0,1,,,,,0.053336,DEFAULT
ga,hfvrp_n015_m03_s05,15,3,0.500000,75,689.900411,1002.159336,1190.980080,0.000000,,,0,1,,,,,0.010805,SMALL
ga,hfvrp_n015_m03_s05,15,3,0.500000,75,692.808029,953.144315,1169.380187,0.000000,,,0,1,,,,,0.988547,MEDIUM
ga,hfvrp_n015_m03_s01,15,3,0.500000,1788056594405811970,618.348969,2088.235372,1662.466655,0.000000,,,0,1,,,,,2.944144,BIG
ga,hfvrp_n020_m04_s02,20,4,0.500000,1788056116379815269,751.150838,1287.543067,1394.922371,0.000000,,,0,1,,,,,0.065366,DEFAULT
ga,hfvrp_n020_m04_s02,20,4,0.500000,1788056120744187747,845.327953,1064.477083,1377.566494,0.000000,,,0,1,,,,,0.007957,SMALL
ga,hfvrp_n015_m03_s02,15,3,0.500000,1234,683.405139,1486.663512,1426.736895,0.000000,,,0,1,,,,,2.969142,BIG
ga,hfvrp_n015_m03_s02,15,3,0.500000,9999,751.904952,1424.124153,1463.967029,0.000000,,,0,1,,,,,0.054056,DEFAULT
ga,hfvrp_n015_m03_s02,15,3,0.500000,9999,683.405139,1486.663512,1426.736895,0.000000,,,0,1,,,,,0.005657,SMALL
ga,hfvrp_n015_m03_s04,15,3,0.500000,75,823.363855,4046.598340,2846.663025,0.000000,,,0,1,,,,,2.945601,BIG
ga,hfvrp_n015_m03_s04,15,3,0.500000,100,844.815755,3956.665046,2823.148278,0.000000,,,0,1,,,,,0.051692,DEFAULT
ga,hfvrp_n015_m03_s04,15,3,0.500000,100,762.822177,4242.376270,2884.010312,0.000000,,,0,1,,,,,0.005443,SMALL
ga,hfvrp_n015_m03_s03,15,3,0.500000,100,581.499246,658.085449,910.541970,0.000000,,,0,1,,,,,3.002216,BIG
ga,hfvrp_n020_m04_s02,20,4,0.500000,1788056125050979023,808.748101,1064.477083,1340.986643,0.000000,,,0,1,,,,,1.320289,MEDIUM
ga,hfvrp_n015_m03_s03,15,3,0.500000,200,589.411164,657.247745,918.035036,0.000000,,,0,1,,,,,0.050182,DEFAULT
ga,hfvrp_n015_m03_s03,15,3,0.500000,200,595.368685,657.311609,924.024489,0.000000,,,0,1,,,,,0.005263,SMALL
ga,hfvrp_n015_m03_s02,15,3,0.500000,9999,683.405139,1486.663512,1426.736895,0.000000,,,0,1,,,,,0.991361,MEDIUM
ga,hfvrp_n015_m03_s04,15,3,0.500000,100,823.363855,4046.598340,2846.663025,0.000000,,,0,1,,,,,0.989896,MEDIUM
ga,hfvrp_n015_m03_s03,15,3,0.500000,200,581.499246,658.085449,910.541970,0.000000,,,0,1,,,,,0.992884,MEDIUM
ga,hfvrp_n020_m04_s01,20,4,0.500000,10,862.720832,1062.336882,1393.889273,0.000000,,,0,1,,,,,3.983890,BIG
ga,hfvrp_n020_m04_s01,20,4,0.500000,50,903.775323,1633.700779,1720.625713,0.000000,,,0,1,,,,,0.068663,DEFAULT
ga,hfvrp_n020_m04_s01,20,4,0.500000,50,951.604178,1434.959202,1669.083779,0.000000,,,0,1,,,,,0.009346,SMALL
ga,hfvrp_n015_m03_s05,15,3,0.500000,75,793.902217,777.689037,1182.746736,0.000000,,,0,1,,,,,3.012045,BIG
ga,hfvrp_n015_m03_s05,15,3,0.500000,100,774.190493,832.866067,1190.623527,0.000000,,,0,1,,,,,0.052837,DEFAULT
ga,hfvrp_n015_m03_s05,15,3,0.500000,100,714.018114,952.163640,1190.099933,0.000000,,,0,1,,,,,0.010978,SMALL
ga,hfvrp_n015_m03_s05,15,3,0.500000,100,692.808029,953.144315,1169.380187,0.000000,,,0,1,,,,,0.986769,MEDIUM
ga,hfvrp_n020_m04_s01,20,4,0.500000,50,940.149554,1066.418373,1473.358740,0.000000,,,0,1,,,,,1.307311,MEDIUM
ga,hfvrp_n015_m03_s02,15,3,0.500000,9999,692.492057,1425.759137,1405.371625,0.000000,,,0,1,,,,,2.970865,BIG
ga,hfvrp_n015_m03_s02,15,3,0.500000,19345,683.405139,1486.663512,1426.736895,0.000000,,,0,1,,,,,0.050170,DEFAULT
ga,hfvrp_n015_m03_s04,15,3,0.500000,100,823.363855,4046.598340,2846.663025,0.000000,,,0,1,,,,,2.930460,BIG
ga,hfvrp_n015_m03_s02,15,3,0.500000,19345,683.405139,1486.663512,1426.736895,0.000000,,,0,1,,,,,0.005658,SMALL
ga,hfvrp_n015_m03_s04,15,3,0.500000,200,677.762268,4688.636753,3022.080645,0.000000,,,0,1,,,,,0.048944,DEFAULT
ga,hfvrp_n015_m03_s04,15,3,0.500000,200,677.762268,4688.636753,3022.080645,0.000000,,,0,1,,,,,0.005138,SMALL
ga,hfvrp_n020_m04_s02,20,4,0.500000,1788056315358778153,808.748101,1064.477083,1340.986643,0.000000,,,0,1,,,,,3.884441,BIG
ga,hfvrp_n020_m04_s02,20,4,0.500000,1,888.040677,1064.477083,1420.279218,0.000000,,,0,1,,,,,0.069419,DEFAULT
ga,hfvrp_n015_m03_s03,15,3,0.500000,200,581.499246,658.085449,910.541970,0.000000,,,0,1,,,,,2.980319,BIG
ga,hfvrp_n020_m04_s02,20,4,0.500000,1,754.607635,1289.703566,1399.459418,0.000000,,,0,1,,,,,0.012292,SMALL
ga,hfvrp_n015_m03_s03,15,3,0.500000,999,581.499246,658.085449,910.541970,0.000000,,,0,1,,,,,0.050345,DEFAULT
ga,hfvrp_n015_m03_s03,15,3,0.500000,999,581.499246,658.085449,910.541970,0.000000,,,0,1,,,,,0.005674,SMALL
ga,hfvrp_n015_m03_s02,15,3,0.500000,19345,683.405139,1486.663512,1426.736895,0.000000,,,0,1,,,,,0.995265,MEDIUM
ga,hfvrp_n015_m03_s04,15,3,0.500000,200,762.822177,4242.376270,2884.010312,0.000000,,,0,1,,,,,0.993755,MEDIUM
ga,hfvrp_n015_m03_s03,15,3,0.500000,999,581.499246,658.085449,910.541970,0.000000,,,0,1,,,,,0.990302,MEDIUM
ga,hfvrp_n020_m04_s02,20,4,0.500000,1,808.748101,1064.477083,1340.986643,0.000000,,,0,1,,,,,1.294321,MEDIUM
ga,hfvrp_n015_m03_s05,15,3,0.500000,100,793.902217,777.689037,1182.746736,0.000000,,,0,1,,,,,3.015175,BIG
ga,hfvrp_n015_m03_s05,15,3,0.500000,200,693.223644,1001.178660,1193.812974,0.000000,,,0,1,,,,,0.050246,DEFAULT
ga,hfvrp_n015_m03_s05,15,3,0.500000,200,774.190493,832.866067,1190.623527,0.000000,,,0,1,,,,,0.011138,SMALL
ga,hfvrp_n015_m03_s05,15,3,0.500000,200,692.808029,953.144315,1169.380187,0.000000,,,0,1,,,,,0.999118,MEDIUM
ga,hfvrp_n020_m04_s01,20,4,0.500000,50,870.140140,1028.958818,1384.619549,0.000000,,,0,1,,,,,3.997643,BIG
ga,hfvrp_n020_m04_s01,20,4,0.500000,75,864.896858,1066.418373,1398.106044,0.000000,,,0,1,,,,,0.068596,DEFAULT
ga,hfvrp_n020_m04_s01,20,4,0.500000,75,921.666681,1313.694865,1578.514113,0.000000,,,0,1,,,,,0.011914,SMALL
ga,hfvrp_n015_m03_s02,15,3,0.500000,19345,692.492057,1425.759137,1405.371625,0.000000,,,0,1,,,,,2.970251,BIG
ga,hfvrp_n015_m03_s04,15,3,0.500000,200,823.363855,4046.598340,2846.663025,0.000000,,,0,1,,,,,2.942770,BIG
ga,hfvrp_n015_m03_s02,15,3,0.500000,1788048304136703379,683.405139,1486.663512,1426.736895,0.000000,,,0,1,,,,,0.055592,DEFAULT
ga,hfvrp_n015_m03_s02,15,3,0.500000,1788048278428779475,751.904952,1424.124153,1463.967029,0.000000,,,0,1,,,,,0.011298,SMALL
ga,hfvrp_n015_m03_s04,15,3,0.500000,999,762.822177,4242.376270,2884.010312,0.000000,,,0,1,,,,,0.055713,DEFAULT
ga,hfvrp_n015_m03_s04,15,3,0.500000,999,677.762268,4688.636753,3022.080645,0.000000,,,0,1,,,,,0.005364,SMALL
ga,hfvrp_n020_m04_s01,20,4,0.500000,75,862.720832,1062.336882,1393.889273,0.000000,,,0,1,,,,,1.333575,MEDIUM
ga,hfvrp_n015_m03_s03,15,3,0.500000,999,581.499246,658.085449,910.541970,0.000000,,,0,1,,,,,2.976041,BIG
ga,hfvrp_n015_m03_s03,15,3,0.500000,1234,589.411164,657.247745,918.035036,0.000000,,,0,1,,,,,0.049800,DEFAULT
ga,hfvrp_n015_m03_s03,15,3,0.500000,1234,594.217123,747.508375,967.971310,0.000000,,,0,1,,,,,0.009553,SMALL
ga,hfvrp_n015_m03_s02,15,3,0.500000,1788048265559949985,683.405139,1486.663512,1426.736895,0.000000,,,0,1,,,,,0.991057,MEDIUM
ga,hfvrp_n015_m03_s04,15,3,0.500000,999,823.363855,4046.598340,2846.663025,0.000000,,,0,1,,,,,0.973510,MEDIUM
ga,hfvrp_n015_m03_s03,15,3,0.500000,1234,581.499246,658.085449,910.541970,0.000000,,,0,1,,,,,0.985817,MEDIUM
ga,hfvrp_n020_m04_s02,20,4,0.500000,1,808.748101,1064.477083,1340.986643,0.000000,,,0,1,,,,,3.912913,BIG
ga,hfvrp_n020_m04_s02,20,4,0.500000,10,880.099061,1057.400800,1408.799461,0.000000,,,0,1,,,,,0.068754,DEFAULT
ga,hfvrp_n020_m04_s02,20,4,0.500000,10,870.979899,1299.429629,1520.694713,0.000000,,,0,1,,,,,0.010324,SMALL
ga,hfvrp_n015_m03_s05,15,3,0.500000,200,793.902217,777.689037,1182.746736,0.000000,,,0,1,,,,,3.006178,BIG
ga,hfvrp_n015_m03_s05,15,3,0.500000,999,714.018114,952.163640,1190.099933,0.000000,,,0,1,,,,,0.050745,DEFAULT
ga,hfvrp_n015_m03_s05,15,3,0.500000,999,737.716922,1021.784837,1248.609341,0.000000,,,0,1,,,,,0.005499,SMALL
ga,hfvrp_n015_m03_s05,15,3,0.500000,999,692.808029,953.144315,1169.380187,0.000000,,,0,1,,,,,0.992289,MEDIUM
ga,hfvrp_n020_m04_s02,20,4,0.500000,10,808.748101,1064.477083,1340.986643,0.000000,,,0,1,,,,,1.295230,MEDIUM
ga,hfvrp_n015_m03_s04,15,3,0.500000,999,823.363855,4046.598340,2846.663025,0.000000,,,0,1,,,,,2.929601,BIG
ga,hfvrp_n015_m03_s02,15,3,0.500000,1788048227900442764,692.492057,1425.759137,1405.371625,0.000000,,,0,1,,,,,3.004065,BIG
ga,hfvrp_n015_m03_s04,15,3,0.500000,1234,677.762268,4688.636753,3022.080645,0.000000,,,0,1,,,,,0.054059,DEFAULT
ga,hfvrp_n015_m03_s04,15,3,0.500000,1234,677.762268,4688.636753,3022.080645,0.000000,,,0,1,,,,,0.008986,SMALL
ga,hfvrp_n020_m04_s03,20,4,0.500000,1788048054900690012,945.280785,2531.887955,2211.224762,0.000000,,,0,1,,,,,0.071148,DEFAULT
ga,hfvrp_n020_m04_s03,20,4,0.500000,1788048050680955504,926.629531,2116.924160,1985.091611,0.000000,,,0,1,,,,,0.008013,SMALL
ga,hfvrp_n020_m04_s01,20,4,0.500000,75,961.665672,1028.958818,1476.145081,0.000000,,,0,1,,,,,3.965758,BIG
ga,hfvrp_n020_m04_s01,20,4,0.500000,100,940.149554,1066.418373,1473.358740,0.000000,,,0,1,,,,,0.065943,DEFAULT
ga,hfvrp_n020_m04_s01,20,4,0.500000,100,907.378579,1606.355115,1710.556137,0.000000,,,0,1,,,,,0.007502,SMALL
ga,hfvrp_n015_m03_s03,15,3,0.500000,1234,581.499246,658.085449,910.541970,0.000000,,,0,1,,,,,3.015712,BIG
ga,hfvrp_n015_m03_s03,15,3,0.500000,9999,581.499246,658.085449,910.541970,0.000000,,,0,1,,,,,0.049700,DEFAULT
ga,hfvrp_n015_m03_s03,15,3,0.500000,9999,603.765723,763.743271,985.637358,0.000000,,,0,1,,,,,0.005335,SMALL
ga,hfvrp_n015_m03_s04,15,3,0.500000,1234,823.363855,4046.598340,2846.663025,0.000000,,,0,1,,,,,0.994647,MEDIUM
ga,hfvrp_n020_m04_s03,20,4,0.500000,1788048046402469454,810.706636,1849.782569,1735.597921,0.000000,,,0,1,,,,,1.320113,MEDIUM
ga,hfvrp_n015_m03_s03,15,3,0.500000,9999,581.499246,658.085449,910.541970,0.000000,,,0,1,,,,,0.983400,MEDIUM
ga,hfvrp_n020_m04_s01,20,4,0.500000,100,870.140140,1028.958818,1384.619549,0.000000,,,0,1,,,,,1.325175,MEDIUM
ga,hfvrp_n015_m03_s05,15,3,0.500000,999,692.808029,953.144315,1169.380187,0.000000,,,0,1,,,,,3.009814,BIG
ga,hfvrp_n015_m03_s05,15,3,0.500000,1234,714.018114,952.163640,1190.099933,0.000000,,,0,1,,,,,0.052709,DEFAULT
ga,hfvrp_n015_m03_s05,15,3,0.500000,1234,693.223644,1001.178660,1193.812974,0.000000,,,0,1,,,,,0.008746,SMALL
ga,hfvrp_n020_m04_s02,20,4,0.500000,10,808.748101,1064.477083,1340.986643,0.000000,,,0,1,,,,,3.947012,BIG
ga,hfvrp_n020_m04_s02,20,4,0.500000,50,751.150838,1287.543067,1394.922371,0.000000,,,0,1,,,,,0.067031,DEFAULT
ga,hfvrp_n015_m03_s05,15,3,0.500000,1234,692.808029,953.144315,1169.380187,0.000000,,,0,1,,,,,0.992011,MEDIUM
ga,hfvrp_n020_m04_s02,20,4,0.500000,50,833.526939,1354.415822,1510.734850,0.000000,,,0,1,,,,,0.007795,SMALL
ga,hfvrp_n015_m03_s04,15,3,0.500000,1234,823.363855,4046.598340,2846.663025,0.000000,,,0,1,,,,,2.935250,BIG
ga,hfvrp_n015_m03_s04,15,3,0.500000,9999,677.762268,4688.636753,3022.080645,0.000000,,,0,1,,,,,0.052692,DEFAULT
ga,hfvrp_n015_m03_s04,15,3,0.500000,9999,762.822177,4242.376270,2884.010312,0.000000,,,0,1,,,,,0.010451,SMALL
ga,hfvrp_n020_m04_s02,20,4,0.500000,50,808.748101,1064.477083,1340.986643,0.000000,,,0,1,,,,,1.294288,MEDIUM
ga,hfvrp_n015_m03_s03,15,3,0.500000,9999,581.499246,658.085449,910.541970,0.000000,,,0,1,,,,,2.956036,BIG
ga,hfvrp_n015_m03_s03,15,3,0.500000,19345,581.499246,658.085449,910.541970,0.000000,,,0,1,,,,,0.048026,DEFAULT
ga,hfvrp_n015_m03_s03,15,3,0.500000,19345,600.423153,657.247745,929.047025,0.000000,,,0,1,,,,,0.005477,SMALL
ga,hfvrp_n015_m03_s04,15,3,0.500000,9999,762.822177,4242.376270,2884.010312,0.000000,,,0,1,,,,,0.982448,MEDIUM
ga,hfvrp_n020_m04_s03,20,4,0.500000,1788047979011975627,810.706636,1849.782569,1735.597921,0.000000,,,0,1,,,,,3.938938,BIG
ga,hfvrp_n020_m04_s03,20,4,0.500000,1,915.393008,1815.865601,1823.325808,0.000000,,,0,1,,,,,0.069144,DEFAULT
ga,hfvrp_n020_m04_s03,20,4,0.500000,1,837.024650,2300.870536,1987.459919,0.000000,,,0,1,,,,,0.007623,SMALL
ga,hfvrp_n015_m03_s03,15,3,0.500000,19345,581.499246,658.085449,910.541970,0.000000,,,0,1,,,,,0.997021,MEDIUM
ga,hfvrp_n020_m04_s01,20,4,0.500000,100,870.140140,1028.958818,1384.619549,0.000000,,,0,1,,,,,3.993836,BIG
ga,hfvrp_n020_m04_s01,20,4,0.500000,200,921.514086,1071.052809,1457.040490,0.000000,,,0,1,,,,,0.069933,DEFAULT
ga,hfvrp_n020_m04_s01,20,4,0.500000,200,964.809916,1077.283581,1503.451707,0.000000,,,0,1,,,,,0.011109,SMALL
ga,hfvrp_n015_m03_s05,15,3,0.500000,1234,692.808029,953.144315,1169.380187,0.000000,,,0,1,,,,,2.994846,BIG
ga,hfvrp_n015_m03_s05,15,3,0.500000,9999,774.190493,832.866067,1190.623527,0.000000,,,0,1,,,,,0.051651,DEFAULT
ga,hfvrp_n015_m03_s05,15,3,0.500000,9999,774.190493,832.866067,1190.623527,0.000000,,,0,1,,,,,0.005609,SMALL
ga,hfvrp_n020_m04_s03,20,4,0.500000,1,810.706636,1849.782569,1735.597921,0.000000,,,0,1,,,,,1.326394,MEDIUM
ga,hfvrp_n015_m03_s05,15,3,0.500000,9999,692.808029,953.144315,1169.380187,0.000000,,,0,1,,,,,0.992061,MEDIUM
ga,hfvrp_n020_m04_s01,20,4,0.500000,200,870.140140,1028.958818,1384.619549,0.000000,,,0,1,,,,,1.336304,MEDIUM
ga,hfvrp_n015_m03_s04,15,3,0.500000,9999,823.363855,4046.598340,2846.663025,0.000000,,,0,1,,,,,2.951860,BIG
ga,hfvrp_n015_m03_s04,15,3,0.500000,19345,677.762268,4688.636753,3022.080645,0.000000,,,0,1,,,,,0.052610,DEFAULT
ga,hfvrp_n015_m03_s04,15,3,0.500000,19345,762.822177,4242.376270,2884.010312,0.000000,,,0,1,,,,,0.007440,SMALL
ga,hfvrp_n020_m04_s02,20,4,0.500000,50,808.748101,1064.477083,1340.986643,0.000000,,,0,1,,,,,4.000974,BIG
ga,hfvrp_n020_m04_s02,20,4,0.500000,75,808.748101,1064.477083,1340.986643,0.000000,,,0,1,,,,,0.069023,DEFAULT
ga,hfvrp_n020_m04_s02,20,4,0.500000,75,751.150838,1287.543067,1394.922371,0.000000,,,0,1,,,,,0.007783,SMALL
ga,hfvrp_n015_m03_s03,15,3,0.500000,19345,581.499246,658.085449,910.541970,0.000000,,,0,1,,,,,3.015505,BIG
ga,hfvrp_n015_m03_s03,15,3,0.500000,1788048497412705751,581.499246,658.085449,910.541970,0.000000,,,0,1,,,,,0.050255,DEFAULT
ga,hfvrp_n015_m03_s03,15,3,0.500000,1788048510351894983,607.867329,673.255149,944.494904,0.000000,,,0,1,,,,,0.005814,SMALL
ga,hfvrp_n015_m03_s04,15,3,0.500000,19345,823.363855,4046.598340,2846.663025,0.000000,,,0,1,,,,,0.990794,MEDIUM
ga,hfvrp_n015_m03_s03,15,3,0.500000,1788048506066621340,581.499246,658.085449,910.541970,0.000000,,,0,1,,,,,0.991273,MEDIUM
ga,hfvrp_n020_m04_s02,20,4,0.500000,75,808.748101,1064.477083,1340.986643,0.000000,,,0,1,,,,,1.299698,MEDIUM
ga,hfvrp_n015_m03_s05,15,3,0.500000,9999,692.808029,953.144315,1169.380187,0.000000,,,0,1,,,,,2.993199,BIG
ga,hfvrp_n015_m03_s05,15,3,0.500000,19345,774.190493,832.866067,1190.623527,0.000000,,,0,1,,,,,0.051019,DEFAULT
ga,hfvrp_n015_m03_s05,15,3,0.500000,19345,692.808029,953.144315,1169.380187,0.000000,,,0,1,,,,,0.010491,SMALL
ga,hfvrp_n020_m04_s03,20,4,0.500000,1,810.706636,1849.782569,1735.597921,0.000000,,,0,1,,,,,3.955557,BIG
ga,hfvrp_n020_m04_s03,20,4,0.500000,10,860.338097,2132.389950,1926.533072,0.000000,,,0,1,,,,,0.068929,DEFAULT
ga,hfvrp_n020_m04_s03,20,4,0.500000,10,912.401547,2867.602765,2346.202930,0.000000,,,0,1,,,,,0.007856,SMALL
ga,hfvrp_n015_m03_s05,15,3,0.500000,19345,793.902217,777.689037,1182.746736,0.000000,,,0,1,,,,,1.005115,MEDIUM
ga,hfvrp_n020_m04_s01,20,4,0.500000,200,870.140140,1028.958818,1384.619549,0.000000,,,0,1,,,,,4.010213,BIG
ga,hfvrp_n020_m04_s01,20,4,0.500000,999,896.732213,1200.325098,1496.894762,0.000000,,,0,1,,,,,0.067467,DEFAULT
ga,hfvrp_n020_m04_s01,20,4,0.500000,999,926.595244,1585.972992,1719.581740,0.000000,,,0,1,,,,,0.007418,SMALL
ga,hfvrp_n015_m03_s04,15,3,0.500000,19345,762.822177,4242.376270,2884.010312,0.000000,,,0,1,,,,,2.949547,BIG
ga,hfvrp_n015_m03_s04,15,3,0.500000,1788048354720597924,677.762268,4688.636753,3022.080645,0.000000,,,0,1,,,,,0.051008,DEFAULT
ga,hfvrp_n015_m03_s04,15,3,0.500000,1788048376254198412,823.363855,4046.598340,2846.663025,0.000000,,,0,1,,,,,0.010268,SMALL
ga,hfvrp_n020_m04_s03,20,4,0.500000,10,810.706636,1849.782569,1735.597921,0.000000,,,0,1,,,,,1.318098,MEDIUM
ga,hfvrp_n015_m03_s03,15,3,0.500000,1788048515655970256,581.499246,658.085449,910.541970,0.000000,,,0,1,,,,,2.989439,BIG
ga,hfvrp_n020_m04_s01,20,4,0.500000,999,863.050583,1063.782909,1394.942037,0.000000,,,0,1,,,,,1.323655,MEDIUM
ga,hfvrp_n020_m04_s04,20,4,0.500000,1788048449999046251,813.256296,2083.586082,1855.049337,0.000000,,,0,1,,,,,0.069024,DEFAULT
ga,hfvrp_n020_m04_s04,20,4,0.500000,1788048437187175778,879.763261,2690.145012,2224.835767,0.000000,,,0,1,,,,,0.007915,SMALL
ga,hfvrp_n015_m03_s04,15,3,0.500000,1788048380563767240,823.363855,4046.598340,2846.663025,0.000000,,,0,1,,,,,0.981964,MEDIUM
ga,hfvrp_n020_m04_s02,20,4,0.500000,75,808.748101,1064.477083,1340.986643,0.000000,,,0,1,,,,,3.907720,BIG
ga,hfvrp_n020_m04_s02,20,4,0.500000,100,751.150838,1287.543067,1394.922371,0.000000,,,0,1,,,,,0.065412,DEFAULT
ga,hfvrp_n020_m04_s02,20,4,0.500000,100,815.382343,1691.961368,1661.363027,0.000000,,,0,1,,,,,0.007879,SMALL
ga,hfvrp_n020_m04_s04,20,4,0.500000,1788048441493985955,824.419794,1889.406072,1769.122830,0.000000,,,0,1,,,,,1.303271,MEDIUM
ga,hfvrp_n015_m03_s05,15,3,0.500000,19345,793.902217,777.689037,1182.746736,0.000000,,,0,1,,,,,3.013010,BIG
ga,hfvrp_n015_m03_s05,15,3,0.500000,1788049344835313524,710.694881,953.144315,1187.267039,0.000000,,,0,1,,,,,0.050681,DEFAULT
ga,hfvrp_n015_m03_s05,15,3,0.500000,1788049332004812433,714.018114,952.163640,1190.099933,0.000000,,,0,1,,,,,0.005322,SMALL
ga,hfvrp_n020_m04_s02,20,4,0.500000,100,808.748101,1064.477083,1340.986643,0.000000,,,0,1,,,,,1.298495,MEDIUM
ga,hfvrp_n015_m03_s05,15,3,0.500000,1788049336308780455,793.902217,777.689037,1182.746736,0.000000,,,0,1,,,,,1.010382,MEDIUM
ga,hfvrp_n015_m03_s04,15,3,0.500000,1788048463157942879,762.822177,4242.376270,2884.010312,0.000000,,,0,1,,,,,2.946036,BIG
ga,hfvrp_n020_m04_s05,20,4,0.500000,1788049398189665738,801.921463,1829.096403,1716.469665,0.000000,,,0,1,,,,,0.062836,DEFAULT
ga,hfvrp_n020_m04_s05,20,4,0.500000,1788049428321088850,854.245649,2092.769818,1900.630558,0.000000,,,0,1,,,,,0.007010,SMALL
ga,hfvrp_n020_m04_s03,20,4,0.500000,10,810.706636,1849.782569,1735.597921,0.000000,,,0,1,,,,,3.999305,BIG
ga,hfvrp_n020_m04_s03,20,4,0.500000,50,897.716216,1846.669573,1821.051003,0.000000,,,0,1,,,,,0.067870,DEFAULT
ga,hfvrp_n020_m04_s03,20,4,0.500000,50,912.401547,2867.602765,2346.202930,0.000000,,,0,1,,,,,0.012080,SMALL
ga,hfvrp_n020_m04_s01,20,4,0.500000,999,870.140140,1028.958818,1384.619549,0.000000,,,0,1,,,,,3.995623,BIG
ga,hfvrp_n020_m04_s01,20,4,0.500000,1234,917.042693,1616.790702,1725.438044,0.000000,,,0,1,,,,,0.069065,DEFAULT
ga,hfvrp_n020_m04_s01,20,4,0.500000,1234,931.330794,1332.392318,1597.526953,0.000000,,,0,1,,,,,0.010638,SMALL
ga,hfvrp_n020_m04_s05,20,4,0.500000,1788049424036922364,801.921463,1829.096403,1716.469665,0.000000,,,0,1,,,,,1.304412,MEDIUM
ga,hfvrp_n020_m04_s03,20,4,0.500000,50,823.381668,1932.366359,1789.564848,0.000000,,,0,1,,,,,1.286464,MEDIUM
ga,hfvrp_n020_m04_s04,20,4,0.500000,1788049323274455086,824.419794,1889.406072,1769.122830,0.000000,,,0,1,,,,,3.901340,BIG
ga,hfvrp_n020_m04_s04,20,4,0.500000,1,824.419794,1889.406072,1769.122830,0.000000,,,0,1,,,,,0.067301,DEFAULT
ga,hfvrp_n020_m04_s04,20,4,0.500000,1,1043.016813,2083.647129,2084.840377,0.000000,,,0,1,,,,,0.012793,SMALL
ga,hfvrp_n020_m04_s01,20,4,0.500000,1234,748.652252,1126.531616,1311.918060,0.000000,,,0,1,,,,,1.324891,MEDIUM
ga,hfvrp_n015_m03_s05,15,3,0.500000,1788049354502887892,692.808029,953.144315,1169.380187,0.000000,,,0,1,,,,,2.988891,BIG
ga,hfvrp_n030_m06_s01,30,6,0.500000,1788049297478209645,1527.935535,3855.760246,3455.815658,0.000000,,,0,1,,,,,0.097319,DEFAULT
ga,hfvrp_n030_m06_s01,30,6,0.500000,1788049052766135301,1714.943793,3847.782856,3638.835221,0.000000,,,0,1,,,,,0.012807,SMALL
ga,hfvrp_n020_m04_s02,20,4,0.500000,100,808.748101,1064.477083,1340.986643,0.000000,,,0,1,,,,,3.909075,BIG
ga,hfvrp_n020_m04_s02,20,4,0.500000,200,798.909149,1535.022832,1566.420565,0.000000,,,0,1,,,,,0.066756,DEFAULT
ga,hfvrp_n020_m04_s02,20,4,0.500000,200,793.884825,1519.322429,1553.546039,0.000000,,,0,1,,,,,0.012575,SMALL
ga,hfvrp_n020_m04_s04,20,4,0.500000,1,824.419794,1889.406072,1769.122830,0.000000,,,0,1,,,,,1.317899,MEDIUM
ga,hfvrp_n020_m04_s02,20,4,0.500000,200,808.748101,1064.477083,1340.986643,0.000000,,,0,1,,,,,1.289312,MEDIUM
ga,hfvrp_n030_m06_s01,30,6,0.500000,1788049048487583368,1569.172059,2502.895312,2820.619715,0.000000,,,0,1,,,,,2.006899,MEDIUM
ga,hfvrp_n020_m04_s05,20,4,0.500000,1788049223486713199,801.921463,1829.096403,1716.469665,0.000000,,,0,1,,,,,3.915280,BIG
ga,hfvrp_n020_m04_s05,20,4,0.500000,1,901.616742,2205.493534,2004.363509,0.000000,,,0,1,,,,,0.068219,DEFAULT
ga,hfvrp_n020_m04_s05,20,4,0.500000,1,858.225421,2258.759465,1987.605154,0.000000,,,0,1,,,,,0.007273,SMALL
ga,hfvrp_n020_m04_s03,20,4,0.500000,50,810.706636,1849.782569,1735.597921,0.000000,,,0,1,,,,,4.031430,BIG
ga,hfvrp_n020_m04_s03,20,4,0.500000,75,810.706636,1849.782569,1735.597921,0.000000,,,0,1,,,,,0.071479,DEFAULT
ga,hfvrp_n020_m04_s03,20,4,0.500000,75,903.893269,2438.565518,2123.176027,0.000000,,,0,1,,,,,0.012422,SMALL
ga,hfvrp_n020_m04_s01,20,4,0.500000,1234,870.140140,1028.958818,1384.619549,0.000000,,,0,1,,,,,3.994492,BIG
ga,hfvrp_n020_m04_s01,20,4,0.500000,9999,906.252716,1519.357769,1665.931600,0.000000,,,0,1,,,,,0.068901,DEFAULT
ga,hfvrp_n020_m04_s01,20,4,0.500000,9999,970.223333,1164.745852,1552.596259,0.000000,,,0,1,,,,,0.011549,SMALL
ga,hfvrp_n020_m04_s05,20,4,0.500000,1,801.921463,1829.096403,1716.469665,0.000000,,,0,1,,,,,1.300519,MEDIUM
ga,hfvrp_n020_m04_s03,20,4,0.500000,75,810.706636,1849.782569,1735.597921,0.000000,,,0,1,,,,,1.316240,MEDIUM
ga,hfvrp_n020_m04_s04,20,4,0.500000,1,824.419794,1889.406072,1769.122830,0.000000,,,0,1,,,,,3.905610,BIG
ga,hfvrp_n020_m04_s04,20,4,0.500000,10,823.415112,2274.782038,1960.806131,0.000000,,,0,1,,,,,0.069429,DEFAULT
ga,hfvrp_n020_m04_s04,20,4,0.500000,10,961.442811,2221.500364,2072.192993,0.000000,,,0,1,,,,,0.007949,SMALL
ga,hfvrp_n020_m04_s01,20,4,0.500000,9999,870.140140,1028.958818,1384.619549,0.000000,,,0,1,,,,,1.328020,MEDIUM
ga,hfvrp_n020_m04_s02,20,4,0.500000,200,808.748101,1064.477083,1340.986643,0.000000,,,0,1,,,,,3.907047,BIG
ga,hfvrp_n020_m04_s02,20,4,0.500000,999,751.150838,1287.543067,1394.922371,0.000000,,,0,1,,,,,0.067896,DEFAULT
ga,hfvrp_n020_m04_s02,20,4,0.500000,999,766.399895,1297.073728,1414.936759,0.000000,,,0,1,,,,,0.007630,SMALL
ga,hfvrp_n020_m04_s04,20,4,0.500000,10,824.419794,1889.406072,1769.122830,0.000000,,,0,1,,,,,1.296470,MEDIUM
ga,hfvrp_n020_m04_s02,20,4,0.500000,999,808.748101,1064.477083,1340.986643,0.000000,,,0,1,,,,,1.298923,MEDIUM
ga,hfvrp_n030_m06_s01,30,6,0.500000,1788049102037858339,1561.832832,2509.704956,2816.685310,0.000000,,,0,1,,,,,6.026640,BIG
ga,hfvrp_n020_m04_s05,20,4,0.500000,1,801.921463,1829.096403,1716.469665,0.000000,,,0,1,,,,,3.919097,BIG
ga,hfvrp_n030_m06_s01,30,6,0.500000,1,1569.172059,2502.895312,2820.619715,0.000000,,,0,1,,,,,0.100957,DEFAULT
ga,hfvrp_n030_m06_s01,30,6,0.500000,1,1847.826064,2671.704256,3183.678193,0.000000,,,0,1,,,,,0.012652,SMALL
ga,hfvrp_n020_m04_s05,20,4,0.500000,10,739.937292,1931.303738,1705.589161,0.000000,,,0,1,,,,,0.064819,DEFAULT
ga,hfvrp_n020_m04_s05,20,4,0.500000,10,801.348041,2742.693248,2172.694665,0.000000,,,0,1,,,,,0.007309,SMALL
ga,hfvrp_n020_m04_s03,20,4,0.500000,75,810.706636,1849.782569,1735.597921,0.000000,,,0,1,,,,,3.958113,BIG
ga,hfvrp_n020_m04_s03,20,4,0.500000,100,903.893269,2438.565518,2123.176027,0.000000,,,0,1,,,,,0.063630,DEFAULT
ga,hfvrp_n020_m04_s03,20,4,0.500000,100,945.280785,2531.887955,2211.224762,0.000000,,,0,1,,,,,0.011564,SMALL
ga,hfvrp_n020_m04_s01,20,4,0.500000,9999,862.720832,1062.336882,1393.889273,0.000000,,,0,1,,,,,3.979732,BIG
ga,hfvrp_n020_m04_s01,20,4,0.500000,19345,916.317271,1062.336882,1447.485712,0.000000,,,0,1,,,,,0.067909,DEFAULT
ga,hfvrp_n020_m04_s01,20,4,0.500000,19345,972.785888,1316.144030,1630.857903,0.000000,,,0,1,,,,,0.012384,SMALL
ga,hfvrp_n020_m04_s05,20,4,0.500000,10,801.921463,1829.096403,1716.469665,0.000000,,,0,1,,,,,1.294690,MEDIUM
ga,hfvrp_n020_m04_s03,20,4,0.500000,100,842.665450,2053.675213,1869.503057,0.000000,,,0,1,,,,,1.310420,MEDIUM
ga,hfvrp_n020_m04_s04,20,4,0.500000,10,824.419794,1889.406072,1769.122830,0.000000,,,0,1,,,,,3.904606,BIG
ga,hfvrp_n030_m06_s01,30,6,0.500000,1,1569.172059,2502.895312,2820.619715,0.000000,,,0,1,,,,,2.004925,MEDIUM
ga,hfvrp_n020_m04_s04,20,4,0.500000,50,832.872132,2642.129756,2153.937010,0.000000,,,0,1,,,,,0.066994,DEFAULT
ga,hfvrp_n020_m04_s04,20,4,0.500000,50,762.910606,2568.923363,2047.372288,0.000000,,,0,1,,,,,0.007178,SMALL
ga,hfvrp_n020_m04_s01,20,4,0.500000,19345,862.720832,1062.336882,1393.889273,0.000000,,,0,1,,,,,1.320799,MEDIUM
ga,hfvrp_n020_m04_s02,20,4,0.500000,999,808.748101,1064.477083,1340.986643,0.000000,,,0,1,,,,,3.961541,BIG
ga,hfvrp_n020_m04_s02,20,4,0.500000,1234,751.150838,1287.543067,1394.922371,0.000000,,,0,1,,,,,0.064006,DEFAULT
ga,hfvrp_n020_m04_s02,20,4,0.500000,1234,848.089841,1488.295140,1592.237411,0.000000,,,0,1,,,,,0.007537,SMALL
ga,hfvrp_n020_m04_s04,20,4,0.500000,50,835.184264,1886.474158,1778.421343,0.000000,,,0,1,,,,,1.297728,MEDIUM
ga,hfvrp_n020_m04_s02,20,4,0.500000,1234,808.748101,1064.477083,1340.986643,0.000000,,,0,1,,,,,1.293108,MEDIUM
ga,hfvrp_n020_m04_s05,20,4,0.500000,10,801.921463,1829.096403,1716.469665,0.000000,,,0,1,,,,,3.884788,BIG
ga,hfvrp_n020_m04_s05,20,4,0.500000,50,844.688829,2542.666650,2116.022154,0.000000,,,0,1,,,,,0.067051,DEFAULT
ga,hfvrp_n020_m04_s05,20,4,0.500000,50,861.305845,2525.243922,2123.927806,0.000000,,,0,1,,,,,0.006950,SMALL
ga,hfvrp_n020_m04_s03,20,4,0.500000,100,810.706636,1849.782569,1735.597921,0.000000,,,0,1,,,,,3.939737,BIG
ga,hfvrp_n020_m04_s03,20,4,0.500000,200,843.108557,2169.626055,1927.921585,0.000000,,,0,1,,,,,0.065091,DEFAULT
ga,hfvrp_n020_m04_s03,20,4,0.500000,200,846.631094,2189.342870,1941.302529,0.000000,,,0,1,,,,,0.012247,SMALL
ga,hfvrp_n020_m04_s01,20,4,0.500000,19345,862.720832,1062.336882,1393.889273,0.000000,,,0,1,,,,,3.978937,BIG
ga,hfvrp_n020_m04_s01,20,4,0.500000,1788049797556867982,799.711459,1110.783818,1355.103369,0.000000,,,0,1,,,,,0.065803,DEFAULT
ga,hfvrp_n020_m04_s01,20,4,0.500000,1788049793335753009,926.393330,1456.266596,1654.526628,0.000000,,,0,1,,,,,0.011560,SMALL
ga,hfvrp_n020_m04_s05,20,4,0.500000,50,801.921463,1829.096403,1716.469665,0.000000,,,0,1,,,,,1.304535,MEDIUM
ga,hfvrp_n020_m04_s03,20,4,0.500000,200,810.706636,1849.782569,1735.597921,0.000000,,,0,1,,,,,1.306936,MEDIUM
ga,hfvrp_n020_m04_s04,20,4,0.500000,50,839.064985,1886.474158,1782.302064,0.000000,,,0,1,,,,,3.907955,BIG
ga,hfvrp_n020_m04_s04,20,4,0.500000,75,790.018629,2390.111670,1985.074464,0.000000,,,0,1,,,,,0.064738,DEFAULT
ga,hfvrp_n020_m04_s04,20,4,0.500000,75,800.606889,2782.862334,2192.038056,0.000000,,,0,1,,,,,0.011024,SMALL
ga,hfvrp_n020_m04_s01,20,4,0.500000,1788049857775868865,870.140140,1028.958818,1384.619549,0.000000,,,0,1,,,,,1.317782,MEDIUM
ga,hfvrp_n030_m06_s01,30,6,0.500000,1,1561.832832,2509.704956,2816.685310,0.000000,,,0,1,,,,,6.062876,BIG
ga,hfvrp_n030_m06_s01,30,6,0.500000,10,1582.416205,3503.322988,3334.077699,0.000000,,,0,1,,,,,0.099798,DEFAULT
ga,hfvrp_n030_m06_s01,30,6,0.500000,10,1544.989074,3753.261022,3421.619585,0.000000,,,0,1,,,,,0.012179,SMALL
ga,hfvrp_n020_m04_s02,20,4,0.500000,1234,808.748101,1064.477083,1340.986643,0.000000,,,0,1,,,,,3.923437,BIG
ga,hfvrp_n020_m04_s02,20,4,0.500000,9999,816.066126,1218.861123,1425.496688,0.000000,,,0,1,,,,,0.066630,DEFAULT
ga,hfvrp_n020_m04_s02,20,4,0.500000,9999,851.299242,1388.793608,1545.696046,0.000000,,,0,1,,,,,0.008012,SMALL
ga,hfvrp_n020_m04_s04,20,4,0.500000,75,813.256296,2083.586082,1855.049337,0.000000,,,0,1,,,,,1.310768,MEDIUM
ga,hfvrp_n020_m04_s02,20,4,0.500000,9999,808.748101,1064.477083,1340.986643,0.000000,,,0,1,,,,,1.292475,MEDIUM
ga,hfvrp_n030_m06_s01,30,6,0.500000,10,1561.832832,2509.704956,2816.685310,0.000000,,,0,1,,,,,1.995341,MEDIUM
ga,hfvrp_n020_m04_s05,20,4,0.500000,50,801.921463,1829.096403,1716.469665,0.000000,,,0,1,,,,,3.919760,BIG
ga,hfvrp_n020_m04_s05,20,4,0.500000,75,890.526879,2326.775637,2053.914698,0.000000,,,0,1,,,,,0.069544,DEFAULT
ga,hfvrp_n020_m04_s05,20,4,0.500000,75,801.348041,2742.693248,2172.694665,0.000000,,,0,1,,,,,0.012300,SMALL
ga,hfvrp_n020_m04_s03,20,4,0.500000,200,820.530372,1846.669573,1743.865158,0.000000,,,0,1,,,,,3.890034,BIG
ga,hfvrp_n020_m04_s03,20,4,0.500000,999,945.280785,2531.887955,2211.224762,0.000000,,,0,1,,,,,0.068061,DEFAULT
ga,hfvrp_n020_m04_s03,20,4,0.500000,999,976.954162,2104.520876,2029.214600,0.000000,,,0,1,,,,,0.013205,SMALL
ga,hfvrp_n020_m04_s01,20,4,0.500000,1788049609994099405,954.246365,1062.336882,1485.414806,0.000000,,,0,1,,,,,3.970064,BIG
ga,hfvrp_n030_m06_s02,30,6,0.500000,1788049480971765145,1259.220458,3246.729426,2882.585170,0.000000,,,0,1,,,,,0.102605,DEFAULT
ga,hfvrp_n030_m06_s02,30,6,0.500000,1788049554092605002,1668.129862,3751.464370,3543.862047,0.000000,,,0,1,,,,,0.012461,SMALL
ga,hfvrp_n020_m04_s05,20,4,0.500000,75,750.472033,2040.659339,1770.801702,0.000000,,,0,1,,,,,1.314473,MEDIUM
ga,hfvrp_n020_m04_s03,20,4,0.500000,999,810.706636,1849.782569,1735.597921,0.000000,,,0,1,,,,,1.322479,MEDIUM
ga,hfvrp_n020_m04_s04,20,4,0.500000,75,824.419794,1889.406072,1769.122830,0.000000,,,0,1,,,,,3.906227,BIG
ga,hfvrp_n020_m04_s04,20,4,0.500000,100,835.184264,1886.474158,1778.421343,0.000000,,,0,1,,,,,0.064071,DEFAULT
ga,hfvrp_n020_m04_s04,20,4,0.500000,100,765.186383,2568.923363,2049.648065,0.000000,,,0,1,,,,,0.011531,SMALL
ga,hfvrp_n020_m04_s02,20,4,0.500000,9999,808.748101,1064.477083,1340.986643,0.000000,,,0,1,,,,,3.925370,BIG
ga,hfvrp_n020_m04_s02,20,4,0.500000,19345,751.150838,1287.543067,1394.922371,0.000000,,,0,1,,,,,0.063093,DEFAULT
ga,hfvrp_n020_m04_s02,20,4,0.500000,19345,804.653214,1447.635330,1528.470879,0.000000,,,0,1,,,,,0.007381,SMALL
ga,hfvrp_n030_m06_s02,30,6,0.500000,1788049558403651473,1184.248705,2440.930432,2404.713921,0.000000,,,0,1,,,,,2.023072,MEDIUM
ga,hfvrp_n020_m04_s04,20,4,0.500000,100,834.179582,2271.505193,1969.932178,0.000000,,,0,1,,,,,1.305805,MEDIUM
ga,hfvrp_n020_m04_s02,20,4,0.500000,19345,808.748101,1064.477083,1340.986643,0.000000,,,0,1,,,,,1.295102,MEDIUM
ga,hfvrp_n020_m04_s05,20,4,0.500000,75,801.921463,1829.096403,1716.469665,0.000000,,,0,1,,,,,3.900510,BIG
ga,hfvrp_n020_m04_s05,20,4,0.500000,100,813.342081,2024.170295,1825.427229,0.000000,,,0,1,,,,,0.069191,DEFAULT
ga,hfvrp_n020_m04_s05,20,4,0.500000,100,925.437264,2502.854548,2176.864537,0.000000,,,0,1,,,,,0.012002,SMALL
ga,hfvrp_n030_m06_s01,30,6,0.500000,10,1569.172059,2502.895312,2820.619715,0.000000,,,0,1,,,,,6.102252,BIG
ga,hfvrp_n020_m04_s03,20,4,0.500000,999,810.706636,1849.782569,1735.597921,0.000000,,,0,1,,,,,3.970996,BIG
ga,hfvrp_n020_m04_s03,20,4,0.500000,1234,854.123374,2111.820692,1910.033720,0.000000,,,0,1,,,,,0.068237,DEFAULT
ga,hfvrp_n020_m04_s03,20,4,0.500000,1234,844.734152,2219.477107,1954.472706,0.000000,,,0,1,,,,,0.011492,SMALL
ga,hfvrp_n030_m06_s01,30,6,0.500000,50,1779.823553,2517.628024,3038.637565,0.000000,,,0,1,,,,,0.100839,DEFAULT
ga,hfvrp_n030_m06_s01,30,6,0.500000,50,1928.413016,2692.358289,3274.592161,0.000000,,,0,1,,,,,0.012959,SMALL
ga,hfvrp_n020_m04_s05,20,4,0.500000,100,801.921463,1829.096403,1716.469665,0.000000,,,0,1,,,,,1.301412,MEDIUM
ga,hfvrp_n020_m04_s03,20,4,0.500000,1234,837.685513,2188.562429,1931.966728,0.000000,,,0,1,,,,,1.287149,MEDIUM
ga,hfvrp_n020_m04_s04,20,4,0.500000,100,824.419794,1889.406072,1769.122830,0.000000,,,0,1,,,,,3.908219,BIG
ga,hfvrp_n020_m04_s04,20,4,0.500000,200,854.551104,2348.646611,2028.874409,0.000000,,,0,1,,,,,0.062152,DEFAULT
ga,hfvrp_n020_m04_s04,20,4,0.500000,200,769.601805,2581.203879,2060.203745,0.000000,,,0,1,,,,,0.011783,SMALL
ga,hfvrp_n030_m06_s01,30,6,0.500000,50,1569.172059,2502.895312,2820.619715,0.000000,,,0,1,,,,,2.015791,MEDIUM
ga,hfvrp_n020_m04_s02,20,4,0.500000,19345,808.748101,1064.477083,1340.986643,0.000000,,,0,1,,,,,3.897959,BIG
ga,hfvrp_n020_m04_s02,20,4,0.500000,1788050282698619238,794.223587,1355.167955,1471.807565,0.000000,,,0,1,,,,,0.062639,DEFAULT
ga,hfvrp_n020_m04_s02,20,4,0.500000,1788050287065045064,751.150838,1287.543067,1394.922371,0.000000,,,0,1,,,,,0.013074,SMALL
ga,hfvrp_n020_m04_s04,20,4,0.500000,200,835.184264,1886.474158,1778.421343,0.000000,,,0,1,,,,,1.312363,MEDIUM
ga,hfvrp_n030_m06_s02,30,6,0.500000,1788050458078806883,1309.362696,2479.841162,2549.283277,0.000000,,,0,1,,,,,5.975756,BIG
ga,hfvrp_n030_m06_s02,30,6,0.500000,1,1279.784223,3525.023255,3042.295851,0.000000,,,0,1,,,,,0.099942,DEFAULT
ga,hfvrp_n030_m06_s02,30,6,0.500000,1,1310.492073,3813.826866,3217.405506,0.000000,,,0,1,,,,,0.011008,SMALL
ga,hfvrp_n020_m04_s02,20,4,0.500000,1788050274199172151,808.748101,1064.477083,1340.986643,0.000000,,,0,1,,,,,1.292021,MEDIUM
ga,hfvrp_n020_m04_s05,20,4,0.500000,100,801.921463,1829.096403,1716.469665,0.000000,,,0,1,,,,,3.927050,BIG
ga,hfvrp_n020_m04_s05,20,4,0.500000,200,812.752865,1940.120725,1782.813228,0.000000,,,0,1,,,,,0.068044,DEFAULT
ga,hfvrp_n020_m04_s05,20,4,0.500000,200,810.229628,2185.548261,1903.003759,0.000000,,,0,1,,,,,0.007802,SMALL
ga,hfvrp_n020_m04_s03,20,4,0.500000,1234,810.706636,1849.782569,1735.597921,0.000000,,,0,1,,,,,3.928962,BIG
ga,hfvrp_n020_m04_s03,20,4,0.500000,9999,945.280785,2531.887955,2211.224762,0.000000,,,0,1,,,,,0.069372,DEFAULT
ga,hfvrp_n020_m04_s03,20,4,0.500000,9999,947.096997,2125.056858,2009.625425,0.000000,,,0,1,,,,,0.007158,SMALL
ga,hfvrp_n030_m06_s02,30,6,0.500000,1,1255.387200,3431.129422,2970.951912,0.000000,,,0,1,,,,,1.977164,MEDIUM
ga,hfvrp_n020_m04_s05,20,4,0.500000,200,801.921463,1829.096403,1716.469665,0.000000,,,0,1,,,,,1.329165,MEDIUM
ga,hfvrp_n020_m04_s03,20,4,0.500000,9999,860.338097,2132.389950,1926.533072,0.000000,,,0,1,,,,,1.298471,MEDIUM
ga,hfvrp_n020_m04_s04,20,4,0.500000,200,835.661929,1889.406072,1780.364965,0.000000,,,0,1,,,,,3.896376,BIG
ga,hfvrp_n020_m04_s04,20,4,0.500000,999,865.198129,2064.584604,1897.490430,0.000000,,,0,1,,,,,0.068348,DEFAULT
ga,hfvrp_n020_m04_s04,20,4,0.500000,999,892.889073,2612.428416,2199.103281,0.000000,,,0,1,,,,,0.007457,SMALL
ga,hfvrp_n020_m04_s02,20,4,0.500000,1788050382874290631,808.748101,1064.477083,1340.986643,0.000000,,,0,1,,,,,3.906436,BIG
ga,hfvrp_n030_m06_s03,30,6,0.500000,1788050215112539215,1462.328323,2117.706257,2521.181452,0.000000,,,0,1,,,,,0.098432,DEFAULT
ga,hfvrp_n030_m06_s03,30,6,0.500000,1788050210919553155,1786.794244,2322.591453,2948.089971,0.000000,,,0,1,,,,,0.012227,SMALL
ga,hfvrp_n030_m06_s01,30,6,0.500000,50,1561.832832,2509.704956,2816.685310,0.000000,,,0,1,,,,,6.076500,BIG
ga,hfvrp_n020_m04_s04,20,4,0.500000,999,824.419794,1889.406072,1769.122830,0.000000,,,0,1,,,,,1.306551,MEDIUM
ga,hfvrp_n030_m06_s01,30,6,0.500000,75,1672.391091,3289.659190,3317.220686,0.000000,,,0,1,,,,,0.104074,DEFAULT
ga,hfvrp_n030_m06_s01,30,6,0.500000,75,1893.257734,2914.203482,3350.359475,0.000000,,,0,1,,,,,0.012769,SMALL
ga,hfvrp_n030_m06_s03,30,6,0.500000,1788050206645059208,1423.550185,2156.999804,2502.050087,0.000000,,,0,1,,,,,1.942002,MEDIUM
ga,hfvrp_n020_m04_s05,20,4,0.500000,200,801.921463,1829.096403,1716.469665,0.000000,,,0,1,,,,,3.918582,BIG
ga,hfvrp_n020_m04_s05,20,4,0.500000,999,910.705936,2494.946029,2158.178950,0.000000,,,0,1,,,,,0.067154,DEFAULT
ga,hfvrp_n020_m04_s05,20,4,0.500000,999,791.281442,2771.443712,2177.003298,0.000000,,,0,1,,,,,0.012862,SMALL
ga,hfvrp_n030_m06_s01,30,6,0.500000,75,1621.413520,2502.895312,2872.861176,0.000000,,,0,1,,,,,2.020892,MEDIUM
ga,hfvrp_n020_m04_s03,20,4,0.500000,9999,823.381668,1932.366359,1789.564848,0.000000,,,0,1,,,,,3.883863,BIG
ga,hfvrp_n020_m04_s03,20,4,0.500000,19345,945.280785,2531.887955,2211.224762,0.000000,,,0,1,,,,,0.068603,DEFAULT
ga,hfvrp_n020_m04_s03,20,4,0.500000,19345,975.751438,2264.519237,2108.011057,0.000000,,,0,1,,,,,0.007303,SMALL
ga,hfvrp_n030_m06_s02,30,6,0.500000,1,1259.812004,2914.760970,2717.192489,0.000000,,,0,1,,,,,5.965546,BIG
ga,hfvrp_n020_m04_s05,20,4,0.500000,999,824.729443,2078.138237,1863.798561,0.000000,,,0,1,,,,,1.315418,MEDIUM
ga,hfvrp_n030_m06_s02,30,6,0.500000,10,1194.774255,3301.757785,2845.653147,0.000000,,,0,1,,,,,0.095280,DEFAULT
ga,hfvrp_n030_m06_s02,30,6,0.500000,10,1320.534956,3554.004877,3097.537395,0.000000,,,0,1,,,,,0.017668,SMALL
ga,hfvrp_n020_m04_s03,20,4,0.500000,19345,858.411729,2135.483102,1926.153280,0.000000,,,0,1,,,,,1.309931,MEDIUM
ga,hfvrp_n020_m04_s04,20,4,0.500000,999,839.064985,1886.474158,1782.302064,0.000000,,,0,1,,,,,3.896919,BIG
ga,hfvrp_n020_m04_s04,20,4,0.500000,1234,842.962796,2449.077721,2067.501656,0.000000,,,0,1,,,,,0.065111,DEFAULT
ga,hfvrp_n020_m04_s04,20,4,0.500000,1234,889.542731,2862.579406,2320.832434,0.000000,,,0,1,,,,,0.007864,SMALL
ga,hfvrp_n020_m04_s04,20,4,0.500000,1234,831.632492,2008.820586,1836.042785,0.000000,,,0,1,,,,,1.281039,MEDIUM
ga,hfvrp_n030_m06_s02,30,6,0.500000,10,1223.393965,2302.604526,2374.696228,0.000000,,,0,1,,,,,1.986409,MEDIUM
ga,hfvrp_n020_m04_s05,20,4,0.500000,999,801.921463,1829.096403,1716.469665,0.000000,,,0,1,,,,,3.900073,BIG
ga,hfvrp_n020_m04_s05,20,4,0.500000,1234,815.215904,2020.152775,1825.292291,0.000000,,,0,1,,,,,0.069383,DEFAULT
ga,hfvrp_n020_m04_s05,20,4,0.500000,1234,818.742564,2612.596364,2125.040746,0.000000,,,0,1,,,,,0.010893,SMALL
ga,hfvrp_n020_m04_s03,20,4,0.500000,19345,810.706636,1849.782569,1735.597921,0.000000,,,0,1,,,,,3.932796,BIG
ga,hfvrp_n030_m06_s03,30,6,0.500000,1788050066861737789,1458.288731,2085.778355,2501.177909,0.000000,,,0,1,,,,,5.935342,BIG
ga,hfvrp_n020_m04_s03,20,4,0.500000,1788051082121637149,756.367801,2441.289019,1977.012310,0.000000,,,0,1,,,,,0.071417,DEFAULT
ga,hfvrp_n020_m04_s03,20,4,0.500000,1788051077906707419,860.424745,2134.328249,1927.588870,0.000000,,,0,1,,,,,0.012728,SMALL
ga,hfvrp_n030_m06_s03,30,6,0.500000,1,1427.589778,2188.927706,2522.053631,0.000000,,,0,1,,,,,0.098977,DEFAULT
ga,hfvrp_n030_m06_s03,30,6,0.500000,1,1584.327179,2202.154511,2685.404434,0.000000,,,0,1,,,,,0.012493,SMALL
ga,hfvrp_n030_m06_s01,30,6,0.500000,75,1561.832832,2509.704956,2816.685310,0.000000,,,0,1,,,,,6.067241,BIG
ga,hfvrp_n030_m06_s01,30,6,0.500000,100,1629.959806,2898.231558,3079.075585,0.000000,,,0,1,,,,,0.101730,DEFAULT
ga,hfvrp_n030_m06_s01,30,6,0.500000,100,1729.160830,2665.023537,3061.672599,0.000000,,,0,1,,,,,0.013114,SMALL
ga,hfvrp_n020_m04_s05,20,4,0.500000,1234,812.752865,1940.120725,1782.813228,0.000000,,,0,1,,,,,1.304986,MEDIUM
ga,hfvrp_n020_m04_s03,20,4,0.500000,1788051052154484666,810.706636,1849.782569,1735.597921,0.000000,,,0,1,,,,,1.310744,MEDIUM
ga,hfvrp_n020_m04_s04,20,4,0.500000,1234,835.661929,1889.406072,1780.364965,0.000000,,,0,1,,,,,3.895654,BIG
ga,hfvrp_n020_m04_s04,20,4,0.500000,9999,842.396962,2005.888672,1845.341298,0.000000,,,0,1,,,,,0.065378,DEFAULT
ga,hfvrp_n020_m04_s04,20,4,0.500000,9999,799.686999,2360.906733,1980.140366,0.000000,,,0,1,,,,,0.012475,SMALL
ga,hfvrp_n030_m06_s03,30,6,0.500000,1,1423.550185,2156.999804,2502.050087,0.000000,,,0,1,,,,,1.961385,MEDIUM
ga,hfvrp_n030_m06_s01,30,6,0.500000,100,1561.832832,2509.704956,2816.685310,0.000000,,,0,1,,,,,2.008861,MEDIUM
ga,hfvrp_n020_m04_s04,20,4,0.500000,9999,824.419794,1889.406072,1769.122830,0.000000,,,0,1,,,,,1.297360,MEDIUM
ga,hfvrp_n030_m06_s02,30,6,0.500000,10,1224.674884,2398.022525,2423.686146,0.000000,,,0,1,,,,,5.943477,BIG
ga,hfvrp_n030_m06_s02,30,6,0.500000,50,1507.093300,2367.106181,2690.646390,0.000000,,,0,1,,,,,0.102883,DEFAULT
ga,hfvrp_n030_m06_s02,30,6,0.500000,50,1560.571200,3288.423664,3204.783032,0.000000,,,0,1,,,,,0.012404,SMALL
ga,hfvrp_n020_m04_s05,20,4,0.500000,1234,801.921463,1829.096403,1716.469665,0.000000,,,0,1,,,,,3.924680,BIG
ga,hfvrp_n020_m04_s05,20,4,0.500000,9999,910.705936,2494.946029,2158.178950,0.000000,,,0,1,,,,,0.067321,DEFAULT
ga,hfvrp_n020_m04_s05,20,4,0.500000,9999,799.700715,2726.122813,2162.762122,0.000000,,,0,1,,,,,0.007160,SMALL
ga,hfvrp_n020_m04_s03,20,4,0.500000,1788050885970427503,810.706636,1849.782569,1735.597921,0.000000,,,0,1,,,,,3.971671,BIG
ga,hfvrp_n030_m06_s04,30,6,0.500000,1788050718314498240,1514.893770,2151.395649,2590.591594,0.000000,,,0,1,,,,,0.106129,DEFAULT
ga,hfvrp_n030_m06_s04,30,6,0.500000,1788050705543545319,1821.010783,2730.963133,3186.492349,0.000000,,,0,1,,,,,0.015247,SMALL
ga,hfvrp_n030_m06_s02,30,6,0.500000,50,1255.387200,3431.129422,2970.951912,0.000000,,,0,1,,,,,1.968641,MEDIUM
ga,hfvrp_n020_m04_s05,20,4,0.500000,9999,812.752865,1940.120725,1782.813228,0.000000,,,0,1,,,,,1.296512,MEDIUM
ga,hfvrp_n020_m04_s04,20,4,0.500000,9999,824.419794,1889.406072,1769.122830,0.000000,,,0,1,,,,,3.925437,BIG
ga,hfvrp_n020_m04_s04,20,4,0.500000,19345,841.449481,2107.547240,1895.223101,0.000000,,,0,1,,,,,0.069531,DEFAULT
ga,hfvrp_n020_m04_s04,20,4,0.500000,19345,820.311696,2199.360108,1919.991750,0.000000,,,0,1,,,,,0.007885,SMALL
ga,hfvrp_n030_m06_s04,30,6,0.500000,1788050709857388089,1540.008517,1852.221950,2466.119492,0.000000,,,0,1,,,,,1.945876,MEDIUM
ga,hfvrp_n030_m06_s03,30,6,0.500000,1,1559.955750,1787.030886,2453.471193,0.000000,,,0,1,,,,,5.925876,BIG
ga,hfvrp_n030_m06_s03,30,6,0.500000,10,1665.985097,2119.023327,2725.496760,0.000000,,,0,1,,,,,0.101156,DEFAULT
ga,hfvrp_n030_m06_s03,30,6,0.500000,10,1606.676984,2129.220478,2671.287223,0.000000,,,0,1,,,,,0.012018,SMALL
ga,hfvrp_n020_m04_s04,20,4,0.500000,19345,835.184264,1886.474158,1778.421343,0.000000,,,0,1,,,,,1.295876,MEDIUM
ga,hfvrp_n030_m06_s01,30,6,0.500000,100,1561.832832,2509.704956,2816.685310,0.000000,,,0,1,,,,,6.064564,BIG
ga,hfvrp_n030_m06_s01,30,6,0.500000,200,1576.673979,2873.055838,3013.201898,0.000000,,,0,1,,,,,0.095763,DEFAULT
ga,hfvrp_n030_m06_s01,30,6,0.500000,200,1839.849575,3902.984663,3791.341907,0.000000,,,0,1,,,,,0.016428,SMALL
ga,hfvrp_n030_m06_s03,30,6,0.500000,10,1488.834077,1851.457937,2414.563045,0.000000,,,0,1,,,,,1.967746,MEDIUM
ga,hfvrp_n020_m04_s05,20,4,0.500000,9999,801.921463,1829.096403,1716.469665,0.000000,,,0,1,,,,,3.915279,BIG
ga,hfvrp_n020_m04_s05,20,4,0.500000,19345,838.834989,2198.867094,1938.268535,0.000000,,,0,1,,,,,0.069773,DEFAULT
ga,hfvrp_n020_m04_s05,20,4,0.500000,19345,860.864319,2638.256411,2179.992524,0.000000,,,0,1,,,,,0.011887,SMALL
ga,hfvrp_n030_m06_s01,30,6,0.500000,200,1561.832832,2509.704956,2816.685310,0.000000,,,0,1,,,,,1.996350,MEDIUM
ga,hfvrp_n020_m04_s05,20,4,0.500000,19345,801.921463,1829.096403,1716.469665,0.000000,,,0,1,,,,,1.294142,MEDIUM
ga,hfvrp_n030_m06_s02,30,6,0.500000,50,1224.569133,3030.603811,2739.871038,0.000000,,,0,1,,,,,5.948094,BIG
ga,hfvrp_n030_m06_s02,30,6,0.500000,75,1315.679767,3553.620056,3092.489795,0.000000,,,0,1,,,,,0.102239,DEFAULT
ga,hfvrp_n030_m06_s02,30,6,0.500000,75,1301.998801,3841.586736,3222.792169,0.000000,,,0,1,,,,,0.011544,SMALL
ga,hfvrp_n020_m04_s04,20,4,0.500000,19345,824.419794,1889.406072,1769.122830,0.000000,,,0,1,,,,,3.926085,BIG
ga,hfvrp_n020_m04_s04,20,4,0.500000,1788050591908381600,842.811637,2564.662799,2125.143036,0.000000,,,0,1,,,,,0.062642,DEFAULT
ga,hfvrp_n020_m04_s04,20,4,0.500000,1788050596270035087,816.393739,2688.159373,2160.473426,0.000000,,,0,1,,,,,0.007443,SMALL
ga,hfvrp_n030_m06_s04,30,6,0.500000,1788050797711255843,1531.676559,1823.344967,2443.349043,0.000000,,,0,1,,,,,6.032165,BIG
ga,hfvrp_n020_m04_s04,20,4,0.500000,1788050600576210836,899.279730,2349.015198,2073.787329,0.000000,,,0,1,,,,,1.320462,MEDIUM
ga,hfvrp_n030_m06_s04,30,6,0.500000,1,1482.851067,1874.322713,2420.012423,0.000000,,,0,1,,,,,0.102712,DEFAULT
ga,hfvrp_n030_m06_s04,30,6,0.500000,1,1749.214751,2127.106237,2812.767870,0.000000,,,0,1,,,,,0.014056,SMALL
ga,hfvrp_n030_m06_s02,30,6,0.500000,75,1224.569133,3030.603811,2739.871038,0.000000,,,0,1,,,,,1.966145,MEDIUM
ga,hfvrp_n020_m04_s05,20,4,0.500000,19345,801.921463,1829.096403,1716.469665,0.000000,,,0,1,,,,,3.928426,BIG
ga,hfvrp_n020_m04_s05,20,4,0.500000,1788051626184977933,856.748633,2379.441010,2046.469138,0.000000,,,0,1,,,,,0.067507,DEFAULT
ga,hfvrp_n020_m04_s05,20,4,0.500000,1788051621965128701,770.782865,2196.708855,1869.137292,0.000000,,,0,1,,,,,0.011414,SMALL
ga,hfvrp_n030_m06_s04,30,6,0.500000,1,1590.485995,1795.424374,2488.198182,0.000000,,,0,1,,,,,1.957676,MEDIUM
ga,hfvrp_n030_m06_s03,30,6,0.500000,10,1483.535797,1839.017409,2403.044501,0.000000,,,0,1,,,,,6.031183,BIG
ga,hfvrp_n030_m06_s03,30,6,0.500000,50,1673.509091,2279.978738,2813.498460,0.000000,,,0,1,,,,,0.097290,DEFAULT
ga,hfvrp_n030_m06_s03,30,6,0.500000,50,1681.813493,2359.698408,2861.662697,0.000000,,,0,1,,,,,0.012059,SMALL
ga,hfvrp_n030_m06_s01,30,6,0.500000,200,1561.832832,2509.704956,2816.685310,0.000000,,,0,1,,,,,6.044140,BIG
ga,hfvrp_n020_m04_s05,20,4,0.500000,1788051634864990931,964.424206,1949.972856,1939.410634,0.000000,,,0,1,,,,,1.320831,MEDIUM
ga,hfvrp_n030_m06_s01,30,6,0.500000,999,1356.814422,3103.883308,2908.756076,0.000000,,,0,1,,,,,0.105262,DEFAULT
ga,hfvrp_n030_m06_s01,30,6,0.500000,999,1797.039576,2524.567850,3059.323501,0.000000,,,0,1,,,,,0.017421,SMALL
ga,hfvrp_n020_m04_s04,20,4,0.500000,1788051585452994590,835.184264,1886.474158,1778.421343,0.000000,,,0,1,,,,,3.923659,BIG
ga,hfvrp_n030_m06_s05,30,6,0.500000,1788051490699075177,1643.325426,2258.757036,2772.703944,0.000000,,,0,1,,,,,0.099199,DEFAULT
ga,hfvrp_n030_m06_s05,30,6,0.500000,1788051486511902311,1971.382816,3068.651648,3505.708640,0.000000,,,0,1,,,,,0.015526,SMALL
ga,hfvrp_n030_m06_s03,30,6,0.500000,50,1393.302300,2220.414363,2503.509482,0.000000,,,0,1,,,,,1.958037,MEDIUM
ga,hfvrp_n030_m06_s01,30,6,0.500000,999,1606.516036,2430.824696,2821.928384,0.000000,,,0,1,,,,,2.005721,MEDIUM
ga,hfvrp_n030_m06_s05,30,6,0.500000,1788051499418087857,1505.363387,1995.776124,2503.251449,0.000000,,,0,1,,,,,2.004959,MEDIUM
ga,hfvrp_n030_m06_s02,30,6,0.500000,75,1308.982400,2683.306679,2650.635739,0.000000,,,0,1,,,,,5.904110,BIG
ga,hfvrp_n030_m06_s02,30,6,0.500000,100,1211.143827,3147.292931,2784.790292,0.000000,,,0,1,,,,,0.101367,DEFAULT
ga,hfvrp_n030_m06_s02,30,6,0.500000,100,1423.702277,3419.842327,3133.623441,0.000000,,,0,1,,,,,0.012225,SMALL
ga,hfvrp_n020_m04_s05,20,4,0.500000,1788051558884840210,801.921463,1829.096403,1716.469665,0.000000,,,0,1,,,,,3.921933,BIG
ga,hfvrp_n050_m10_s01,50,10,0.500000,1788051331259957869,3650.236184,5719.635698,6510.054032,0.000000,,,0,1,,,,,0.171440,DEFAULT
ga,hfvrp_n050_m10_s01,50,10,0.500000,1788051335730055780,4186.999008,9418.478160,8896.238088,0.000000,,,0,1,,,,,0.022518,SMALL
ga,hfvrp_n030_m06_s04,30,6,0.500000,1,1326.611859,1928.022307,2290.623012,0.000000,,,0,1,,,,,6.116861,BIG
ga,hfvrp_n030_m06_s04,30,6,0.500000,10,1453.426551,2140.607790,2523.730446,0.000000,,,0,1,,,,,0.103147,DEFAULT
ga,hfvrp_n030_m06_s04,30,6,0.500000,10,1936.860447,2931.173684,3402.447289,0.000000,,,0,1,,,,,0.012658,SMALL
ga,hfvrp_n030_m06_s02,30,6,0.500000,100,1224.569133,3030.603811,2739.871038,0.000000,,,0,1,,,,,1.971305,MEDIUM
ga,hfvrp_n030_m06_s04,30,6,0.500000,10,1262.033863,2078.905518,2301.486622,0.000000,,,0,1,,,,,2.013265,MEDIUM
ga,hfvrp_n030_m06_s03,30,6,0.500000,50,1423.550185,2156.999804,2502.050087,0.000000,,,0,1,,,,,5.872837,BIG
ga,hfvrp_n030_m06_s03,30,6,0.500000,75,1462.328323,2117.706257,2521.181452,0.000000,,,0,1,,,,,0.099020,DEFAULT
ga,hfvrp_n030_m06_s03,30,6,0.500000,75,1813.843403,2021.256841,2824.471823,0.000000,,,0,1,,,,,0.013161,SMALL
ga,hfvrp_n050_m10_s01,50,10,0.500000,1788051322871163622,3089.353721,5078.471966,5628.589704,0.000000,,,0,1,,,,,3.489785,MEDIUM
ga,hfvrp_n030_m06_s01,30,6,0.500000,999,1561.832832,2509.704956,2816.685310,0.000000,,,0,1,,,,,6.076555,BIG
ga,hfvrp_n030_m06_s01,30,6,0.500000,1234,1633.872599,2780.025717,3023.885458,0.000000,,,0,1,,,,,0.101113,DEFAULT
ga,hfvrp_n030_m06_s01,30,6,0.500000,1234,1538.429792,3447.134902,3261.997243,0.000000,,,0,1,,,,,0.013401,SMALL
ga,hfvrp_n030_m06_s05,30,6,0.500000,1788051505721769224,1299.091219,1846.638286,2222.410362,0.000000,,,0,1,,,,,6.097979,BIG
ga,hfvrp_n030_m06_s05,30,6,0.500000,1,1419.157840,2587.249954,2712.782817,0.000000,,,0,1,,,,,0.095852,DEFAULT
ga,hfvrp_n030_m06_s05,30,6,0.500000,1,1685.430860,3056.013136,3213.437428,0.000000,,,0,1,,,,,0.016154,SMALL
ga,hfvrp_n030_m06_s03,30,6,0.500000,75,1428.323377,2079.308246,2467.977500,0.000000,,,0,1,,,,,1.952444,MEDIUM
ga,hfvrp_n030_m06_s01,30,6,0.500000,1234,1561.832832,2509.704956,2816.685310,0.000000,,,0,1,,,,,1.987818,MEDIUM
ga,hfvrp_n030_m06_s05,30,6,0.500000,1,1298.435884,2636.475238,2616.673503,0.000000,,,0,1,,,,,1.995811,MEDIUM
ga,hfvrp_n030_m06_s02,30,6,0.500000,100,1184.910638,2440.930432,2405.375854,0.000000,,,0,1,,,,,6.094941,BIG
ga,hfvrp_n030_m06_s02,30,6,0.500000,200,1424.251058,2964.500750,2906.501433,0.000000,,,0,1,,,,,0.096822,DEFAULT
ga,hfvrp_n030_m06_s02,30,6,0.500000,200,1445.641403,3442.992321,3167.137563,0.000000,,,0,1,,,,,0.012443,SMALL
ga,hfvrp_n030_m06_s04,30,6,0.500000,10,1350.336079,2059.067009,2379.869584,0.000000,,,0,1,,,,,5.954605,BIG
ga,hfvrp_n030_m06_s04,30,6,0.500000,50,1627.784938,1923.611399,2589.590638,0.000000,,,0,1,,,,,0.097347,DEFAULT
ga,hfvrp_n030_m06_s04,30,6,0.500000,50,1713.055055,1676.225604,2551.167857,0.000000,,,0,1,,,,,0.012983,SMALL
ga,hfvrp_n030_m06_s02,30,6,0.500000,200,1266.231289,3021.021730,2776.742154,0.000000,,,0,1,,,,,1.967137,MEDIUM
ga,hfvrp_n030_m06_s04,30,6,0.500000,50,1502.981123,2232.679809,2619.321028,0.000000,,,0,1,,,,,1.937527,MEDIUM
ga,hfvrp_n030_m06_s03,30,6,0.500000,75,1423.550185,2156.999804,2502.050087,0.000000,,,0,1,,,,,5.956795,BIG
ga,hfvrp_n030_m06_s03,30,6,0.500000,100,1428.323377,2079.308246,2467.977500,0.000000,,,0,1,,,,,0.100371,DEFAULT
ga,hfvrp_n030_m06_s03,30,6,0.500000,100,1538.626032,2176.265215,2626.758640,0.000000,,,0,1,,,,,0.012669,SMALL
ga,hfvrp_n030_m06_s01,30,6,0.500000,1234,1549.613544,2529.265442,2814.246265,0.000000,,,0,1,,,,,6.069400,BIG
ga,hfvrp_n030_m06_s01,30,6,0.500000,9999,1678.251028,2655.014449,3005.758253,0.000000,,,0,1,,,,,0.102844,DEFAULT
ga,hfvrp_n030_m06_s01,30,6,0.500000,9999,2048.292275,3425.453413,3761.018982,0.000000,,,0,1,,,,,0.011941,SMALL
ga,hfvrp_n030_m06_s05,30,6,0.500000,1,1435.412949,2124.947923,2497.886911,0.000000,,,0,1,,,,,5.949207,BIG
ga,hfvrp_n030_m06_s05,30,6,0.500000,10,1387.124039,2630.469721,2702.358900,0.000000,,,0,1,,,,,0.102266,DEFAULT
ga,hfvrp_n030_m06_s05,30,6,0.500000,10,1544.541040,2923.389637,3006.235859,0.000000,,,0,1,,,,,0.017345,SMALL
ga,hfvrp_n030_m06_s03,30,6,0.500000,100,1487.991300,1871.361222,2423.671911,0.000000,,,0,1,,,,,1.971274,MEDIUM
ga,hfvrp_n050_m10_s01,50,10,0.500000,1788051253354617135,3116.755434,5382.816823,5808.163845,0.000000,,,0,1,,,,,10.381433,BIG
ga,hfvrp_n030_m06_s01,30,6,0.500000,9999,1569.172059,2502.895312,2820.619715,0.000000,,,0,1,,,,,2.004229,MEDIUM
ga,hfvrp_n050_m10_s01,50,10,0.500000,1,3193.030554,5914.603933,6150.332520,0.000000,,,0,1,,,,,0.172983,DEFAULT
ga,hfvrp_n050_m10_s01,50,10,0.500000,1,3543.733473,8411.253193,7749.360069,0.000000,,,0,1,,,,,0.026157,SMALL
ga,hfvrp_n030_m06_s05,30,6,0.500000,10,1298.435884,2636.475238,2616.673503,0.000000,,,0,1,,,,,1.985403,MEDIUM
ga,hfvrp_n030_m06_s02,30,6,0.500000,200,1289.160860,2746.334672,2662.328196,0.000000,,,0,1,,,,,6.000808,BIG
ga,hfvrp_n030_m06_s02,30,6,0.500000,999,1276.276297,3490.042781,3021.297688,0.000000,,,0,1,,,,,0.102023,DEFAULT
ga,hfvrp_n030_m06_s02,30,6,0.500000,999,1470.024257,3174.010691,3057.029602,0.000000,,,0,1,,,,,0.013040,SMALL
ga,hfvrp_n030_m06_s04,30,6,0.500000,50,1460.851711,1781.985859,2351.844640,0.000000,,,0,1,,,,,6.194980,BIG
ga,hfvrp_n030_m06_s02,30,6,0.500000,999,1181.392400,2352.001011,2357.392905,0.000000,,,0,1,,,,,1.970448,MEDIUM
ga,hfvrp_n030_m06_s04,30,6,0.500000,75,1494.397124,1871.879269,2430.336759,0.000000,,,0,1,,,,,0.106046,DEFAULT
ga,hfvrp_n030_m06_s04,30,6,0.500000,75,1804.507237,1967.485358,2788.249916,0.000000,,,0,1,,,,,0.012388,SMALL
ga,hfvrp_n050_m10_s01,50,10,0.500000,1,2976.205602,5038.326670,5495.368937,0.000000,,,0,1,,,,,3.453026,MEDIUM
ga,hfvrp_n030_m06_s03,30,6,0.500000,100,1418.930917,2176.903089,2507.382461,0.000000,,,0,1,,,,,5.886834,BIG
ga,hfvrp_n030_m06_s03,30,6,0.500000,200,1527.375202,2154.517355,2604.633880,0.000000,,,0,1,,,,,0.101674,DEFAULT
ga,hfvrp_n030_m06_s03,30,6,0.500000,200,1967.857063,2130.836248,3033.275186,0.000000,,,0,1,,,,,0.012280,SMALL
ga,hfvrp_n030_m06_s04,30,6,0.500000,75,1441.733353,1756.946043,2320.206374,0.000000,,,0,1,,,,,1.976375,MEDIUM
ga,hfvrp_n030_m06_s01,30,6,0.500000,9999,1561.832832,2509.704956,2816.685310,0.000000,,,0,1,,,,,6.028649,BIG
ga,hfvrp_n030_m06_s01,30,6,0.500000,19345,1787.650201,2603.221917,3089.261160,0.000000,,,0,1,,,,,0.101850,DEFAULT
ga,hfvrp_n030_m06_s01,30,6,0.500000,19345,1738.393835,3395.436193,3436.111932,0.000000,,,0,1,,,,,0.014944,SMALL
ga,hfvrp_n030_m06_s05,30,6,0.500000,10,1243.612451,2199.670377,2343.447640,0.000000,,,0,1,,,,,6.066055,BIG
ga,hfvrp_n030_m06_s05,30,6,0.500000,50,1334.386607,2105.853029,2387.313122,0.000000,,,0,1,,,,,0.103402,DEFAULT
ga,hfvrp_n030_m06_s05,30,6,0.500000,50,1883.549125,2469.639316,3118.368783,0.000000,,,0,1,,,,,0.015263,SMALL
ga,hfvrp_n030_m06_s03,30,6,0.500000,200,1496.223727,1862.161881,2427.304667,0.000000,,,0,1,,,,,1.986968,MEDIUM
ga,hfvrp_n030_m06_s01,30,6,0.500000,19345,1621.515803,2509.025918,2876.028762,0.000000,,,0,1,,,,,1.990260,MEDIUM
ga,hfvrp_n030_m06_s05,30,6,0.500000,50,1481.245660,1861.425072,2411.958196,0.000000,,,0,1,,,,,2.005318,MEDIUM
ga,hfvrp_n030_m06_s02,30,6,0.500000,999,1329.657301,2202.122685,2430.718644,0.000000,,,0,1,,,,,6.051422,BIG
ga,hfvrp_n030_m06_s02,30,6,0.500000,1234,1346.758840,3238.361799,2965.939740,0.000000,,,0,1,,,,,0.100616,DEFAULT
ga,hfvrp_n030_m06_s02,30,6,0.500000,1234,1494.335935,3368.251070,3178.461470,0.000000,,,0,1,,,,,0.013026,SMALL
ga,hfvrp_n030_m06_s04,30,6,0.500000,75,1245.579254,2001.393737,2246.276122,0.000000,,,0,1,,,,,6.071066,BIG
ga,hfvrp_n030_m06_s02,30,6,0.500000,1234,1169.473419,3495.975715,2917.461276,0.000000,,,0,1,,,,,1.979795,MEDIUM
ga,hfvrp_n030_m06_s04,30,6,0.500000,100,1527.385625,1890.034373,2472.402811,0.000000,,,0,1,,,,,0.103863,DEFAULT
ga,hfvrp_n030_m06_s04,30,6,0.500000,100,1789.100487,3422.512453,3500.356714,0.000000,,,0,1,,,,,0.011590,SMALL
ga,hfvrp_n030_m06_s03,30,6,0.500000,200,1483.535797,1839.017409,2403.044501,0.000000,,,0,1,,,,,5.998404,BIG
ga,hfvrp_n030_m06_s03,30,6,0.500000,999,1753.317044,1995.324064,2750.979076,0.000000,,,0,1,,,,,0.102259,DEFAULT
ga,hfvrp_n030_m06_s03,30,6,0.500000,999,1694.195775,2043.854636,2716.123093,0.000000,,,0,1,,,,,0.011615,SMALL
ga,hfvrp_n030_m06_s04,30,6,0.500000,100,1463.134662,1786.862183,2356.565754,0.000000,,,0,1,,,,,1.987923,MEDIUM
ga,hfvrp_n050_m10_s01,50,10,0.500000,1,2627.038176,5436.364128,5345.220240,0.000000,,,0,1,,,,,10.353408,BIG
ga,hfvrp_n030_m06_s01,30,6,0.500000,19345,1561.832832,2509.704956,2816.685310,0.000000,,,0,1,,,,,6.033977,BIG
ga,hfvrp_n030_m06_s01,30,6,0.500000,1788051750924791431,1535.924987,2630.493446,2851.171710,0.000000,,,0,1,,,,,0.099586,DEFAULT
ga,hfvrp_n030_m06_s01,30,6,0.500000,1788051763912319438,1613.855264,2424.015051,2825.862789,0.000000,,,0,1,,,,,0.012547,SMALL
ga,hfvrp_n050_m10_s01,50,10,0.500000,10,3123.455493,6190.340973,6218.625980,0.000000,,,0,1,,,,,0.176428,DEFAULT
ga,hfvrp_n050_m10_s01,50,10,0.500000,10,3999.662444,9188.946346,8594.135617,0.000000,,,0,1,,,,,0.028580,SMALL
ga,hfvrp_n030_m06_s05,30,6,0.500000,50,1398.450323,1832.019305,2314.459975,0.000000,,,0,1,,,,,6.055902,BIG
ga,hfvrp_n030_m06_s05,30,6,0.500000,75,1432.709424,1882.053637,2373.736243,0.000000,,,0,1,,,,,0.101788,DEFAULT
ga,hfvrp_n030_m06_s05,30,6,0.500000,75,1600.570833,3483.034408,3342.088037,0.000000,,,0,1,,,,,0.017083,SMALL
ga,hfvrp_n030_m06_s03,30,6,0.500000,999,1453.287912,1902.431968,2404.503896,0.000000,,,0,1,,,,,1.983798,MEDIUM
ga,hfvrp_n030_m06_s01,30,6,0.500000,1788051759637826000,1561.832832,2509.704956,2816.685310,0.000000,,,0,1,,,,,1.986030,MEDIUM
ga,hfvrp_n030_m06_s05,30,6,0.500000,75,1379.701486,2252.923841,2506.163406,0.000000,,,0,1,,,,,2.036288,MEDIUM
ga,hfvrp_n030_m06_s02,30,6,0.500000,1234,1258.911659,2530.633177,2524.228247,0.000000,,,0,1,,,,,5.897144,BIG
ga,hfvrp_n030_m06_s02,30,6,0.500000,9999,1226.090920,3359.161060,2905.671450,0.000000,,,0,1,,,,,0.098016,DEFAULT
ga,hfvrp_n030_m06_s02,30,6,0.500000,9999,1538.567394,3111.402462,3094.268625,0.000000,,,0,1,,,,,0.012356,SMALL
ga,hfvrp_n050_m10_s01,50,10,0.500000,10,2788.718022,5463.595314,5520.515679,0.000000,,,0,1,,,,,3.393432,MEDIUM
ga,hfvrp_n030_m06_s02,30,6,0.500000,9999,1241.773636,3047.941142,2765.744207,0.000000,,,0,1,,,,,1.957924,MEDIUM
ga,hfvrp_n030_m06_s04,30,6,0.500000,100,1460.851711,1781.985859,2351.844640,0.000000,,,0,1,,,,,5.959974,BIG
ga,hfvrp_n030_m06_s04,30,6,0.500000,200,1492.840903,2040.458514,2513.070160,0.000000,,,0,1,,,,,0.103074,DEFAULT
ga,hfvrp_n030_m06_s04,30,6,0.500000,200,1737.956219,2676.118822,3076.015630,0.000000,,,0,1,,,,,0.016089,SMALL
ga,hfvrp_n030_m06_s03,30,6,0.500000,999,1559.955750,1787.030886,2453.471193,0.000000,,,0,1,,,,,5.909474,BIG
ga,hfvrp_n030_m06_s03,30,6,0.500000,1234,1715.138714,1791.788392,2611.032910,0.000000,,,0,1,,,,,0.097309,DEFAULT
ga,hfvrp_n030_m06_s03,30,6,0.500000,1234,1886.885911,2419.970299,3096.871060,0.000000,,,0,1,,,,,0.013309,SMALL
ga,hfvrp_n030_m06_s04,30,6,0.500000,200,1390.388893,2077.904188,2429.340987,0.000000,,,0,1,,,,,2.000015,MEDIUM
ga,hfvrp_n030_m06_s01,30,6,0.500000,1788051748747616181,1561.832832,2509.704956,2816.685310,0.000000,,,0,1,,,,,6.006951,BIG
ga,hfvrp_n050_m10_s02,50,10,0.500000,1788043873797913023,2742.016912,10443.698485,7963.866154,0.000000,,,0,1,,,,,0.174244,DEFAULT
ga,hfvrp_n050_m10_s02,50,10,0.500000,1788043869685322893,3152.328390,17132.860233,11718.758506,0.000000,,,0,1,,,,,0.028596,SMALL
ga,hfvrp_n030_m06_s05,30,6,0.500000,75,1373.247640,1796.525341,2271.510311,0.000000,,,0,1,,,,,6.047653,BIG
ga,hfvrp_n030_m06_s03,30,6,0.500000,1234,1486.341870,1858.442356,2415.563048,0.000000,,,0,1,,,,,2.003700,MEDIUM
ga,hfvrp_n030_m06_s05,30,6,0.500000,100,1457.964134,1816.911137,2366.419703,0.000000,,,0,1,,,,,0.102894,DEFAULT
ga,hfvrp_n030_m06_s05,30,6,0.500000,100,1516.805113,3634.209332,3333.909779,0.000000,,,0,1,,,,,0.011607,SMALL
ga,hfvrp_n030_m06_s05,30,6,0.500000,100,1456.006051,2307.969896,2609.990999,0.000000,,,0,1,,,,,1.985702,MEDIUM
ga,hfvrp_n030_m06_s02,30,6,0.500000,9999,1256.857801,2942.166824,2727.941213,0.000000,,,0,1,,,,,6.000990,BIG
ga,hfvrp_n030_m06_s02,30,6,0.500000,19345,1243.431351,3260.011451,2873.437076,0.000000,,,0,1,,,,,0.102426,DEFAULT
ga,hfvrp_n030_m06_s02,30,6,0.500000,19345,1357.532429,3206.379919,2960.722389,0.000000,,,0,1,,,,,0.012441,SMALL
ga,hfvrp_n050_m10_s02,50,10,0.500000,1788043865422564911,2608.984946,8721.900180,6969.935036,0.000000,,,0,1,,,,,3.444174,MEDIUM
ga,hfvrp_n030_m06_s04,30,6,0.500000,200,1458.923530,1781.985859,2349.916460,0.000000,,,0,1,,,,,5.916043,BIG
ga,hfvrp_n030_m06_s02,30,6,0.500000,19345,1224.569133,3030.603811,2739.871038,0.000000,,,0,1,,,,,1.950446,MEDIUM
ga,hfvrp_n030_m06_s04,30,6,0.500000,999,1696.964772,1796.960593,2595.445068,0.000000,,,0,1,,,,,0.101167,DEFAULT
ga,hfvrp_n030_m06_s04,30,6,0.500000,999,1621.448199,2308.733872,2775.815135,0.000000,,,0,1,,,,,0.011885,SMALL
ga,hfvrp_n050_m10_s01,50,10,0.500000,10,2775.869527,5084.145030,5317.942042,0.000000,,,0,1,,,,,10.304272,BIG
ga,hfvrp_n050_m10_s01,50,10,0.500000,50,3697.473570,6786.130580,7090.538860,0.000000,,,0,1,,,,,0.176978,DEFAULT
ga,hfvrp_n050_m10_s01,50,10,0.500000,50,3650.983326,9589.679020,8445.822836,0.000000,,,0,1,,,,,0.029057,SMALL
ga,hfvrp_n030_m06_s03,30,6,0.500000,1234,1424.546052,1869.760206,2359.426155,0.000000,,,0,1,,,,,5.918455,BIG
ga,hfvrp_n030_m06_s03,30,6,0.500000,9999,1469.295175,2208.104738,2573.347545,0.000000,,,0,1,,,,,0.099284,DEFAULT
ga,hfvrp_n030_m06_s03,30,6,0.500000,9999,1759.886974,1909.556089,2714.665019,0.000000,,,0,1,,,,,0.011677,SMALL
ga,hfvrp_n030_m06_s04,30,6,0.500000,999,1442.048185,1862.438516,2373.267443,0.000000,,,0,1,,,,,2.016740,MEDIUM
ga,hfvrp_n030_m06_s05,30,6,0.500000,100,1319.179824,1796.525341,2217.442495,0.000000,,,0,1,,,,,5.998325,BIG
ga,hfvrp_n030_m06_s03,30,6,0.500000,9999,1487.148955,1849.721353,2412.009631,0.000000,,,0,1,,,,,1.967100,MEDIUM
ga,hfvrp_n030_m06_s05,30,6,0.500000,200,1348.636512,2671.547511,2684.410268,0.000000,,,0,1,,,,,0.097889,DEFAULT
ga,hfvrp_n030_m06_s05,30,6,0.500000,200,1851.467696,2778.256033,3240.595712,0.000000,,,0,1,,,,,0.011849,SMALL
ga,hfvrp_n050_m10_s01,50,10,0.500000,50,3064.550831,5683.709529,5906.405596,0.000000,,,0,1,,,,,3.415568,MEDIUM
ga,hfvrp_n030_m06_s05,30,6,0.500000,200,1248.913915,2221.673108,2359.750469,0.000000,,,0,1,,,,,1.982706,MEDIUM
ga,hfvrp_n030_m06_s02,30,6,0.500000,19345,1270.219689,3150.887654,2845.663515,0.000000,,,0,1,,,,,5.938533,BIG
ga,hfvrp_n030_m06_s02,30,6,0.500000,1788043622513440080,1365.978101,3142.621110,2937.288656,0.000000,,,0,1,,,,,0.097417,DEFAULT
ga,hfvrp_n030_m06_s02,30,6,0.500000,1788043618319550758,1318.455721,3525.905966,3081.408704,0.000000,,,0,1,,,,,0.012598,SMALL
ga,hfvrp_n030_m06_s02,30,6,0.500000,1788043596860823048,1241.773636,3047.941142,2765.744207,0.000000,,,0,1,,,,,1.951700,MEDIUM
ga,hfvrp_n030_m06_s04,30,6,0.500000,999,1460.851711,1781.985859,2351.844640,0.000000,,,0,1,,,,,6.170568,BIG
ga,hfvrp_n030_m06_s04,30,6,0.500000,1234,1641.247871,2103.030017,2692.762880,0.000000,,,0,1,,,,,0.099408,DEFAULT
ga,hfvrp_n030_m06_s04,30,6,0.500000,1234,1536.113934,2573.879326,2823.053597,0.000000,,,0,1,,,,,0.015240,SMALL
ga,hfvrp_n050_m10_s02,50,10,0.500000,1788043761496328767,2776.860460,8386.666309,6970.193615,0.000000,,,0,1,,,,,10.504760,BIG
ga,hfvrp_n030_m06_s03,30,6,0.500000,9999,1483.535797,1839.017409,2403.044501,0.000000,,,0,1,,,,,6.019944,BIG
ga,hfvrp_n050_m10_s02,50,10,0.500000,1,2709.635550,12765.395277,9092.333188,0.000000,,,0,1,,,,,0.173434,DEFAULT
ga,hfvrp_n050_m10_s02,50,10,0.500000,1,4111.729514,12521.505521,10372.482275,0.000000,,,0,1,,,,,0.026884,SMALL
ga,hfvrp_n030_m06_s03,30,6,0.500000,19345,1559.969106,2531.578813,2825.758512,0.000000,,,0,1,,,,,0.100483,DEFAULT
ga,hfvrp_n030_m06_s03,30,6,0.500000,19345,1688.423610,2109.962720,2743.404970,0.000000,,,0,1,,,,,0.012155,SMALL
ga,hfvrp_n030_m06_s04,30,6,0.500000,1234,1411.470169,1752.752517,2287.846428,0.000000,,,0,1,,,,,1.988433,MEDIUM
ga,hfvrp_n030_m06_s05,30,6,0.500000,200,1439.472643,2049.978132,2464.461709,0.000000,,,0,1,,,,,5.950612,BIG
ga,hfvrp_n030_m06_s03,30,6,0.500000,19345,1484.970285,1853.585014,2411.762792,0.000000,,,0,1,,,,,1.971024,MEDIUM
ga,hfvrp_n030_m06_s05,30,6,0.500000,999,1465.398192,2292.829910,2611.813147,0.000000,,,0,1,,,,,0.100450,DEFAULT
ga,hfvrp_n030_m06_s05,30,6,0.500000,999,1494.750419,2876.960973,2933.230906,0.000000,,,0,1,,,,,0.017272,SMALL
ga,hfvrp_n050_m10_s02,50,10,0.500000,1,2707.817936,9117.028342,7266.332107,0.000000,,,0,1,,,,,3.437219,MEDIUM
ga,hfvrp_n030_m06_s02,30,6,0.500000,1788043594525794162,1323.302986,2848.221060,2747.413516,0.000000,,,0,1,,,,,5.951448,BIG
ga,hfvrp_n030_m06_s05,30,6,0.500000,999,1369.802433,2147.358505,2443.481686,0.000000,,,0,1,,,,,2.001225,MEDIUM
ga,hfvrp_n050_m10_s03,50,10,0.500000,1788043403422702646,2677.414465,8577.672943,6966.250937,0.000000,,,0,1,,,,,0.174202,DEFAULT
ga,hfvrp_n050_m10_s03,50,10,0.500000,1788044498817327623,2748.655470,12020.974512,8759.142726,0.000000,,,0,1,,,,,0.021837,SMALL
ga,hfvrp_n050_m10_s01,50,10,0.500000,50,2768.322876,4825.742907,5181.194329,0.000000,,,0,1,,,,,10.329557,BIG
ga,hfvrp_n050_m10_s01,50,10,0.500000,75,2756.133825,5997.071303,5754.669477,0.000000,,,0,1,,,,,0.179505,DEFAULT
ga,hfvrp_n050_m10_s01,50,10,0.500000,75,3476.294206,7557.386237,7254.987324,0.000000,,,0,1,,,,,0.027965,SMALL
ga,hfvrp_n030_m06_s04,30,6,0.500000,1234,1245.504970,2001.393737,2246.201839,0.000000,,,0,1,,,,,6.114986,BIG
ga,hfvrp_n030_m06_s04,30,6,0.500000,9999,1645.681481,2455.822730,2873.592846,0.000000,,,0,1,,,,,0.103160,DEFAULT
ga,hfvrp_n030_m06_s04,30,6,0.500000,9999,1929.118182,2286.301121,3072.268743,0.000000,,,0,1,,,,,0.012007,SMALL
ga,hfvrp_n030_m06_s03,30,6,0.500000,19345,1483.535797,1839.017409,2403.044501,0.000000,,,0,1,,,,,6.013067,BIG
ga,hfvrp_n050_m10_s03,50,10,0.500000,1788044494547821996,2796.011950,6718.887166,6155.455533,0.000000,,,0,1,,,,,3.405959,MEDIUM
ga,hfvrp_n030_m06_s03,30,6,0.500000,1788043488557573634,1655.453899,1822.233850,2566.570824,0.000000,,,0,1,,,,,0.103789,DEFAULT
ga,hfvrp_n030_m06_s03,30,6,0.500000,1788043497256659735,1568.192698,3188.577299,3162.481348,0.000000,,,0,1,,,,,0.015754,SMALL
ga,hfvrp_n030_m06_s04,30,6,0.500000,9999,1534.208967,2089.952058,2579.184996,0.000000,,,0,1,,,,,1.983075,MEDIUM
ga,hfvrp_n050_m10_s01,50,10,0.500000,75,2612.463730,4684.716619,4954.822040,0.000000,,,0,1,,,,,3.436858,MEDIUM
ga,hfvrp_n030_m06_s05,30,6,0.500000,999,1429.635879,1684.619430,2271.945594,0.000000,,,0,1,,,,,5.983028,BIG
ga,hfvrp_n030_m06_s03,30,6,0.500000,1788043501570352761,1487.991300,1871.361222,2423.671911,0.000000,,,0,1,,,,,1.992626,MEDIUM
ga,hfvrp_n030_m06_s05,30,6,0.500000,1234,1733.760923,2565.201290,3016.361567,0.000000,,,0,1,,,,,0.101293,DEFAULT
ga,hfvrp_n030_m06_s05,30,6,0.500000,1234,1529.431224,3614.921210,3336.891830,0.000000,,,0,1,,,,,0.013232,SMALL
ga,hfvrp_n030_m06_s05,30,6,0.500000,1234,1416.722171,2045.462262,2439.453302,0.000000,,,0,1,,,,,1.979342,MEDIUM
ga,hfvrp_n050_m10_s02,50,10,0.500000,1,2671.427786,7814.545585,6578.700578,0.000000,,,0,1,,,,,10.447705,BIG
ga,hfvrp_n050_m10_s02,50,10,0.500000,10,3022.120630,9382.050022,7713.145641,0.000000,,,0,1,,,,,0.165405,DEFAULT
ga,hfvrp_n050_m10_s02,50,10,0.500000,10,3595.809467,11796.238862,9493.928898,0.000000,,,0,1,,,,,0.026343,SMALL
ga,hfvrp_n030_m06_s04,30,6,0.500000,9999,1460.851711,1781.985859,2351.844640,0.000000,,,0,1,,,,,5.981450,BIG
ga,hfvrp_n030_m06_s04,30,6,0.500000,19345,1587.969588,1822.833656,2499.386416,0.000000,,,0,1,,,,,0.101604,DEFAULT
ga,hfvrp_n030_m06_s04,30,6,0.500000,19345,1646.616427,2181.117669,2737.175262,0.000000,,,0,1,,,,,0.012827,SMALL
ga,hfvrp_n030_m06_s03,30,6,0.500000,1788043537929212890,1463.260398,1812.763799,2369.642298,0.000000,,,0,1,,,,,5.951244,BIG
ga,hfvrp_n050_m10_s04,50,10,0.500000,1788043660217741335,3093.444008,7357.416556,6772.152286,0.000000,,,0,1,,,,,0.169335,DEFAULT
ga,hfvrp_n050_m10_s04,50,10,0.500000,1788043664685729349,3704.090813,16560.141069,11984.161347,0.000000,,,0,1,,,,,0.021482,SMALL
ga,hfvrp_n030_m06_s04,30,6,0.500000,19345,1443.145907,1751.842325,2319.067069,0.000000,,,0,1,,,,,1.996575,MEDIUM
ga,hfvrp_n050_m10_s02,50,10,0.500000,10,2749.602293,9615.363593,7557.284089,0.000000,,,0,1,,,,,3.468578,MEDIUM
ga,hfvrp_n030_m06_s05,30,6,0.500000,1234,1299.091219,1846.638286,2222.410362,0.000000,,,0,1,,,,,5.963741,BIG
ga,hfvrp_n030_m06_s05,30,6,0.500000,9999,1445.545771,2861.603647,2876.347594,0.000000,,,0,1,,,,,0.102181,DEFAULT
ga,hfvrp_n030_m06_s05,30,6,0.500000,9999,1510.952680,3488.609530,3255.257445,0.000000,,,0,1,,,,,0.014725,SMALL
ga,hfvrp_n050_m10_s03,50,10,0.500000,1788043492936133844,2213.307792,6407.125716,5416.870650,0.000000,,,0,1,,,,,10.410638,BIG
ga,hfvrp_n050_m10_s03,50,10,0.500000,1,2989.201559,8029.932997,7004.168058,0.000000,,,0,1,,,,,0.172109,DEFAULT
ga,hfvrp_n050_m10_s03,50,10,0.500000,1,2905.465694,13171.825962,9491.378675,0.000000,,,0,1,,,,,0.022283,SMALL
ga,hfvrp_n050_m10_s01,50,10,0.500000,75,2939.029922,4572.992313,5225.526078,0.000000,,,0,1,,,,,10.417132,BIG
ga,hfvrp_n050_m10_s01,50,10,0.500000,100,3240.296163,5693.091283,6086.841804,0.000000,,,0,1,,,,,0.172634,DEFAULT
ga,hfvrp_n050_m10_s01,50,10,0.500000,100,3617.142919,9928.818713,8581.552276,0.000000,,,0,1,,,,,0.021374,SMALL
ga,hfvrp_n050_m10_s04,50,10,0.500000,1788043686185552762,2490.377799,6200.259558,5590.507578,0.000000,,,0,1,,,,,3.478719,MEDIUM
ga,hfvrp_n030_m06_s05,30,6,0.500000,9999,1473.889378,2473.110124,2710.444440,0.000000,,,0,1,,,,,1.972624,MEDIUM
ga,hfvrp_n050_m10_s03,50,10,0.500000,1,2586.907048,6295.813921,5734.814009,0.000000,,,0,1,,,,,3.354300,MEDIUM
ga,hfvrp_n030_m06_s04,30,6,0.500000,19345,1417.958365,1702.880545,2269.398638,0.000000,,,0,1,,,,,6.134893,BIG
ga,hfvrp_n050_m10_s01,50,10,0.500000,100,2828.791888,5636.792251,5647.188013,0.000000,,,0,1,,,,,3.450028,MEDIUM
ga,hfvrp_n030_m06_s04,30,6,0.500000,1788043830461507172,1527.703358,1832.869995,2444.138356,0.000000,,,0,1,,,,,0.102698,DEFAULT
ga,hfvrp_n030_m06_s04,30,6,0.500000,1788043826277086211,1659.876614,2158.011734,2738.882481,0.000000,,,0,1,,,,,0.016732,SMALL
ga,hfvrp_n030_m06_s04,30,6,0.500000,1788043822001876808,1456.602603,1750.761211,2331.983209,0.000000,,,0,1,,,,,1.968883,MEDIUM
ga,hfvrp_n030_m06_s05,30,6,0.500000,9999,1320.561715,2122.222203,2381.672816,0.000000,,,0,1,,,,,6.033315,BIG
ga,hfvrp_n030_m06_s05,30,6,0.500000,19345,1618.641129,2397.006113,2817.144186,0.000000,,,0,1,,,,,0.101030,DEFAULT
ga,hfvrp_n030_m06_s05,30,6,0.500000,19345,1622.055836,2272.158825,2758.135249,0.000000,,,0,1,,,,,0.018330,SMALL
ga,hfvrp_n050_m10_s02,50,10,0.500000,10,2644.852971,8739.942281,7014.824112,0.000000,,,0,1,,,,,10.443603,BIG
ga,hfvrp_n030_m06_s05,30,6,0.500000,19345,1467.876626,2105.435370,2520.594312,0.000000,,,0,1,,,,,1.994407,MEDIUM
ga,hfvrp_n050_m10_s02,50,10,0.500000,50,3030.660755,10289.394208,8175.357859,0.000000,,,0,1,,,,,0.170375,DEFAULT
ga,hfvrp_n050_m10_s02,50,10,0.500000,50,3589.882916,12262.557312,9721.161572,0.000000,,,0,1,,,,,0.023765,SMALL
ga,hfvrp_n050_m10_s04,50,10,0.500000,1788043792747327755,2623.378502,5847.766951,5547.261978,0.000000,,,0,1,,,,,10.211919,BIG
ga,hfvrp_n050_m10_s04,50,10,0.500000,1,3046.493178,5989.783119,6041.384737,0.000000,,,0,1,,,,,0.175398,DEFAULT
ga,hfvrp_n050_m10_s04,50,10,0.500000,1,3903.798158,11735.327300,9771.461808,0.000000,,,0,1,,,,,0.024771,SMALL
ga,hfvrp_n030_m06_s04,30,6,0.500000,1788043845448760859,1417.509866,1888.026037,2361.522884,0.000000,,,0,1,,,,,5.977339,BIG
ga,hfvrp_n050_m10_s02,50,10,0.500000,50,2555.612817,8026.793926,6569.009780,0.000000,,,0,1,,,,,3.414269,MEDIUM
ga,hfvrp_n050_m10_s05,50,10,0.500000,1788045063047690455,3235.483259,7929.894638,7200.430578,0.000000,,,0,1,,,,,0.170688,DEFAULT
ga,hfvrp_n050_m10_s05,50,10,0.500000,1788045106171923425,3152.120427,9635.979180,7970.110017,0.000000,,,0,1,,,,,0.023059,SMALL
ga,hfvrp_n050_m10_s03,50,10,0.500000,1,2550.644246,6803.493792,5952.391142,0.000000,,,0,1,,,,,10.498313,BIG
ga,hfvrp_n050_m10_s03,50,10,0.500000,10,2748.588455,8090.218549,6793.697730,0.000000,,,0,1,,,,,0.173142,DEFAULT
ga,hfvrp_n050_m10_s03,50,10,0.500000,10,2803.324900,12128.318071,8867.483936,0.000000,,,0,1,,,,,0.024324,SMALL
ga,hfvrp_n050_m10_s01,50,10,0.500000,100,2789.556230,5022.880522,5300.996491,0.000000,,,0,1,,,,,10.312716,BIG
ga,hfvrp_n050_m10_s04,50,10,0.500000,1,2450.220913,5551.173486,5225.807656,0.000000,,,0,1,,,,,3.392925,MEDIUM
ga,hfvrp_n050_m10_s01,50,10,0.500000,200,3202.652868,8677.595747,7541.450741,0.000000,,,0,1,,,,,0.172348,DEFAULT
ga,hfvrp_n050_m10_s01,50,10,0.500000,200,3996.846848,8886.926224,8440.309960,0.000000,,,0,1,,,,,0.025116,SMALL
ga,hfvrp_n030_m06_s05,30,6,0.500000,19345,1385.771043,2149.293364,2460.417725,0.000000,,,0,1,,,,,6.064972,BIG
ga,hfvrp_n030_m06_s05,30,6,0.500000,1788045155986179525,1433.477309,2495.617348,2681.285982,0.000000,,,0,1,,,,,0.103307,DEFAULT
ga,hfvrp_n030_m06_s05,30,6,0.500000,1788045160387962477,1578.074991,3146.279638,3151.214810,0.000000,,,0,1,,,,,0.011882,SMALL
ga,hfvrp_n050_m10_s05,50,10,0.500000,1788045119088488462,3114.680630,6108.282019,6168.821639,0.000000,,,0,1,,,,,3.462785,MEDIUM
ga,hfvrp_n030_m06_s05,30,6,0.500000,1788045216237902886,1390.311737,1828.314463,2304.468968,0.000000,,,0,1,,,,,2.005012,MEDIUM
ga,hfvrp_n050_m10_s03,50,10,0.500000,10,2544.841655,6627.501790,5858.592549,0.000000,,,0,1,,,,,3.377991,MEDIUM
ga,hfvrp_n050_m10_s01,50,10,0.500000,200,2755.124201,6089.120688,5799.684545,0.000000,,,0,1,,,,,3.405058,MEDIUM
ga,hfvrp_n050_m10_s02,50,10,0.500000,50,2668.714266,8269.319254,6803.373893,0.000000,,,0,1,,,,,10.399171,BIG
ga,hfvrp_n030_m06_s05,30,6,0.500000,1788045209656904132,1230.605100,1820.022075,2140.616137,0.000000,,,0,1,,,,,5.981871,BIG
ga,hfvrp_n050_m10_s02,50,10,0.500000,75,2690.492337,11656.564834,8518.774754,0.000000,,,0,1,,,,,0.180020,DEFAULT
ga,hfvrp_n050_m10_s02,50,10,0.500000,75,3733.781264,15134.323545,11300.943037,0.000000,,,0,1,,,,,0.024562,SMALL
ga,hfvrp_n050_m10_s04,50,10,0.500000,1,2618.329583,5893.177857,5564.918512,0.000000,,,0,1,,,,,10.281155,BIG
ga,hfvrp_n075_m15_s01,75,15,0.500000,1788045264414043868,6067.704610,6611.991237,9373.700228,0.000000,,,0,1,,,,,0.285057,DEFAULT
ga,hfvrp_n075_m15_s01,75,15,0.500000,1788045286182348435,7014.560175,6753.375491,10391.247920,0.000000,,,0,1,,,,,0.045179,SMALL
ga,hfvrp_n050_m10_s04,50,10,0.500000,10,3145.962693,6274.074811,6283.000099,0.000000,,,0,1,,,,,0.174774,DEFAULT
ga,hfvrp_n050_m10_s04,50,10,0.500000,10,3503.613577,8727.100815,7867.163984,0.000000,,,0,1,,,,,0.025866,SMALL
ga,hfvrp_n050_m10_s05,50,10,0.500000,1788045221343970922,2817.288228,5529.822154,5582.199305,0.000000,,,0,1,,,,,10.437734,BIG
ga,hfvrp_n050_m10_s02,50,10,0.500000,75,2663.864420,8594.970699,6961.349770,0.000000,,,0,1,,,,,3.445586,MEDIUM
ga,hfvrp_n050_m10_s05,50,10,0.500000,1,3357.075681,7166.255894,6940.203628,0.000000,,,0,1,,,,,0.173648,DEFAULT
ga,hfvrp_n050_m10_s05,50,10,0.500000,1,4145.389296,10145.435983,9218.107287,0.000000,,,0,1,,,,,0.023267,SMALL
ga,hfvrp_n050_m10_s03,50,10,0.500000,10,2813.427484,6878.994129,6252.924549,0.000000,,,0,1,,,,,10.590352,BIG
ga,hfvrp_n050_m10_s01,50,10,0.500000,200,2581.120983,5247.335834,5204.788901,0.000000,,,0,1,,,,,10.247099,BIG
ga,hfvrp_n050_m10_s03,50,10,0.500000,50,2928.011771,8067.437979,6961.730761,0.000000,,,0,1,,,,,0.170508,DEFAULT
ga,hfvrp_n050_m10_s03,50,10,0.500000,50,3062.985039,11479.020370,8802.495224,0.000000,,,0,1,,,,,0.024634,SMALL
ga,hfvrp_n050_m10_s01,50,10,0.500000,999,3124.627616,6547.226573,6398.240902,0.000000,,,0,1,,,,,0.181127,DEFAULT
ga,hfvrp_n050_m10_s01,50,10,0.500000,999,3480.536889,9245.267544,8103.170661,0.000000,,,0,1,,,,,0.026898,SMALL
ga,hfvrp_n050_m10_s04,50,10,0.500000,10,2743.816790,6399.881878,5943.757729,0.000000,,,0,1,,,,,3.446646,MEDIUM
ga,hfvrp_n050_m10_s05,50,10,0.500000,1,2633.539885,7081.465943,6174.272856,0.000000,,,0,1,,,,,3.380848,MEDIUM
ga,hfvrp_n075_m15_s01,75,15,0.500000,1788045290527443748,4666.322622,4466.366889,6899.506067,0.000000,,,0,1,,,,,5.574963,MEDIUM
ga,hfvrp_n050_m10_s03,50,10,0.500000,50,2133.386904,6951.388535,5609.081172,0.000000,,,0,1,,,,,3.430910,MEDIUM
ga,hfvrp_n050_m10_s01,50,10,0.500000,999,3213.462607,5439.813479,5933.369347,0.000000,,,0,1,,,,,3.410900,MEDIUM
ga,hfvrp_n050_m10_s02,50,10,0.500000,75,2592.489586,8950.248529,7067.613851,0.000000,,,0,1,,,,,10.403764,BIG
ga,hfvrp_n050_m10_s02,50,10,0.500000,100,2909.593630,10520.829300,8170.008281,0.000000,,,0,1,,,,,0.175336,DEFAULT
ga,hfvrp_n050_m10_s02,50,10,0.500000,100,2858.226138,16350.344118,11033.398198,0.000000,,,0,1,,,,,0.022419,SMALL
ga,hfvrp_n050_m10_s04,50,10,0.500000,10,2652.832616,5680.998315,5493.331774,0.000000,,,0,1,,,,,10.373044,BIG
ga,hfvrp_n050_m10_s04,50,10,0.500000,50,3212.347675,6681.419879,6553.057615,0.000000,,,0,1,,,,,0.168338,DEFAULT
ga,hfvrp_n050_m10_s04,50,10,0.500000,50,3925.240752,9087.727350,8469.104427,0.000000,,,0,1,,,,,0.027151,SMALL
ga,hfvrp_n050_m10_s05,50,10,0.500000,1,2632.152531,6539.261503,5901.783282,0.000000,,,0,1,,,,,10.384040,BIG
ga,hfvrp_n050_m10_s02,50,10,0.500000,100,2587.821184,8271.569791,6723.606080,0.000000,,,0,1,,,,,3.394009,MEDIUM
ga,hfvrp_n050_m10_s05,50,10,0.500000,10,3586.776996,6697.855803,6935.704898,0.000000,,,0,1,,,,,0.173005,DEFAULT
ga,hfvrp_n050_m10_s05,50,10,0.500000,10,4209.920424,11779.478965,10099.659907,0.000000,,,0,1,,,,,0.023992,SMALL
ga,hfvrp_n050_m10_s03,50,10,0.500000,50,2591.656475,6691.860240,5937.586595,0.000000,,,0,1,,,,,10.361516,BIG
ga,hfvrp_n050_m10_s01,50,10,0.500000,999,2642.096356,5360.594864,5322.393789,0.000000,,,0,1,,,,,10.320844,BIG
ga,hfvrp_n050_m10_s03,50,10,0.500000,75,2676.451129,9229.538524,7291.220391,0.000000,,,0,1,,,,,0.169474,DEFAULT
ga,hfvrp_n050_m10_s01,50,10,0.500000,1234,3096.039644,6730.455909,6461.267599,0.000000,,,0,1,,,,,0.171664,DEFAULT
ga,hfvrp_n050_m10_s03,50,10,0.500000,75,3044.248565,14006.034313,10047.265721,0.000000,,,0,1,,,,,0.022857,SMALL
ga,hfvrp_n050_m10_s01,50,10,0.500000,1234,3670.329737,8124.832185,7732.745829,0.000000,,,0,1,,,,,0.022997,SMALL
ga,hfvrp_n050_m10_s04,50,10,0.500000,50,2629.406762,5950.433624,5604.623573,0.000000,,,0,1,,,,,3.398209,MEDIUM
ga,hfvrp_n050_m10_s05,50,10,0.500000,10,2793.882769,6975.773602,6281.769569,0.000000,,,0,1,,,,,3.409573,MEDIUM
ga,hfvrp_n050_m10_s03,50,10,0.500000,75,2138.988698,7863.244361,6070.610878,0.000000,,,0,1,,,,,3.367052,MEDIUM
ga,hfvrp_n050_m10_s01,50,10,0.500000,1234,2842.680611,5242.658066,5464.009645,0.000000,,,0,1,,,,,3.476450,MEDIUM
ga,hfvrp_n075_m15_s01,75,15,0.500000,1788045399185484089,4736.919061,4304.913241,6889.375681,0.000000,,,0,1,,,,,16.945009,BIG
ga,hfvrp_n075_m15_s01,75,15,0.500000,1,6439.335922,8146.143265,10512.407555,0.000000,,,0,1,,,,,0.275224,DEFAULT
ga,hfvrp_n075_m15_s01,75,15,0.500000,1,6656.307265,12784.837287,13048.725909,0.000000,,,0,1,,,,,0.040538,SMALL
ga,hfvrp_n050_m10_s02,50,10,0.500000,100,2543.125125,9104.581917,7095.416084,0.000000,,,0,1,,,,,10.358214,BIG
ga,hfvrp_n050_m10_s02,50,10,0.500000,200,2891.649470,9447.171502,7615.235221,0.000000,,,0,1,,,,,0.174378,DEFAULT
ga,hfvrp_n050_m10_s02,50,10,0.500000,200,3729.677649,13690.760806,10575.058052,0.000000,,,0,1,,,,,0.023720,SMALL
ga,hfvrp_n050_m10_s04,50,10,0.500000,50,2465.862713,5746.687225,5339.206325,0.000000,,,0,1,,,,,10.414810,BIG
ga,hfvrp_n050_m10_s04,50,10,0.500000,75,2776.818358,6745.751208,6149.693961,0.000000,,,0,1,,,,,0.175883,DEFAULT
ga,hfvrp_n050_m10_s04,50,10,0.500000,75,3678.370945,8374.682908,7865.712399,0.000000,,,0,1,,,,,0.025674,SMALL
ga,hfvrp_n075_m15_s01,75,15,0.500000,1,4357.046701,4249.468082,6481.780742,0.000000,,,0,1,,,,,5.538603,MEDIUM
ga,hfvrp_n050_m10_s05,50,10,0.500000,10,2553.138312,6410.629802,5758.453213,0.000000,,,0,1,,,,,10.278046,BIG
ga,hfvrp_n050_m10_s02,50,10,0.500000,200,2619.175027,9859.047579,7548.698816,0.000000,,,0,1,,,,,3.386346,MEDIUM
ga,hfvrp_n050_m10_s05,50,10,0.500000,50,2889.983460,6928.724446,6354.345683,0.000000,,,0,1,,,,,0.169903,DEFAULT
ga,hfvrp_n050_m10_s05,50,10,0.500000,50,3648.730575,15047.979132,11172.720141,0.000000,,,0,1,,,,,0.020745,SMALL
ga,hfvrp_n050_m10_s03,50,10,0.500000,75,2115.069557,8511.459972,6370.799543,0.000000,,,0,1,,,,,10.234468,BIG
ga,hfvrp_n050_m10_s01,50,10,0.500000,1234,3171.883206,4963.483198,5653.624805,0.000000,,,0,1,,,,,10.314049,BIG
ga,hfvrp_n050_m10_s03,50,10,0.500000,100,2605.446114,9866.035689,7538.463959,0.000000,,,0,1,,,,,0.174182,DEFAULT
ga,hfvrp_n050_m10_s03,50,10,0.500000,100,3432.199868,13201.248441,10032.824089,0.000000,,,0,1,,,,,0.022739,SMALL
ga,hfvrp_n050_m10_s01,50,10,0.500000,9999,3436.443651,5867.461126,6370.174214,0.000000,,,0,1,,,,,0.182295,DEFAULT
ga,hfvrp_n050_m10_s01,50,10,0.500000,9999,3833.513074,8426.022865,8046.524507,0.000000,,,0,1,,,,,0.026289,SMALL
ga,hfvrp_n050_m10_s04,50,10,0.500000,75,2686.485660,5987.536279,5680.253800,0.000000,,,0,1,,,,,3.473685,MEDIUM
ga,hfvrp_n050_m10_s05,50,10,0.500000,50,2742.049928,7068.602568,6276.351212,0.000000,,,0,1,,,,,3.381739,MEDIUM
ga,hfvrp_n050_m10_s03,50,10,0.500000,100,2378.963493,6503.476966,5630.701976,0.000000,,,0,1,,,,,3.382543,MEDIUM
ga,hfvrp_n050_m10_s01,50,10,0.500000,9999,2775.825355,5012.908066,5282.279388,0.000000,,,0,1,,,,,3.415543,MEDIUM
ga,hfvrp_n050_m10_s02,50,10,0.500000,200,2525.795515,8731.779319,6891.685175,0.000000,,,0,1,,,,,10.221041,BIG
ga,hfvrp_n050_m10_s02,50,10,0.500000,999,2854.884279,9940.659398,7825.213978,0.000000,,,0,1,,,,,0.174085,DEFAULT
ga,hfvrp_n050_m10_s02,50,10,0.500000,999,3130.538607,12400.255565,9330.666390,0.000000,,,0,1,,,,,0.022762,SMALL
ga,hfvrp_n050_m10_s04,50,10,0.500000,75,2611.658899,5403.890059,5313.603928,0.000000,,,0,1,,,,,10.255457,BIG
ga,hfvrp_n050_m10_s04,50,10,0.500000,100,2752.200290,6520.786886,6012.593733,0.000000,,,0,1,,,,,0.175557,DEFAULT
ga,hfvrp_n050_m10_s04,50,10,0.500000,100,3766.073734,8462.684501,7997.415984,0.000000,,,0,1,,,,,0.022320,SMALL
ga,hfvrp_n050_m10_s02,50,10,0.500000,999,2596.375800,8305.703792,6749.227696,0.000000,,,0,1,,,,,3.459353,MEDIUM
ga,hfvrp_n050_m10_s05,50,10,0.500000,50,2807.029673,7073.159690,6343.609518,0.000000,,,0,1,,,,,10.322388,BIG
ga,hfvrp_n050_m10_s05,50,10,0.500000,75,3270.932117,9444.522870,7993.193552,0.000000,,,0,1,,,,,0.171089,DEFAULT
ga,hfvrp_n050_m10_s05,50,10,0.500000,75,4179.866825,11093.378470,9726.556060,0.000000,,,0,1,,,,,0.026056,SMALL
ga,hfvrp_n050_m10_s03,50,10,0.500000,100,2664.999377,6448.436640,5889.217697,0.000000,,,0,1,,,,,10.442500,BIG
ga,hfvrp_n050_m10_s01,50,10,0.500000,9999,2893.876722,4717.226430,5252.489937,0.000000,,,0,1,,,,,10.462788,BIG
ga,hfvrp_n075_m15_s01,75,15,0.500000,1,5126.651507,4359.574429,7306.438722,0.000000,,,0,1,,,,,16.900689,BIG
ga,hfvrp_n050_m10_s04,50,10,0.500000,100,2774.348458,5892.911848,5720.804382,0.000000,,,0,1,,,,,3.421064,MEDIUM
ga,hfvrp_n050_m10_s01,50,10,0.500000,19345,3204.649546,6337.461250,6373.380172,0.000000,,,0,1,,,,,0.179730,DEFAULT
ga,hfvrp_n050_m10_s03,50,10,0.500000,200,2951.210223,8334.576123,7118.498285,0.000000,,,0,1,,,,,0.178138,DEFAULT
ga,hfvrp_n050_m10_s03,50,10,0.500000,200,3606.782039,10704.984492,8959.274285,0.000000,,,0,1,,,,,0.022733,SMALL
ga,hfvrp_n050_m10_s01,50,10,0.500000,19345,3675.147709,7721.621988,7535.958703,0.000000,,,0,1,,,,,0.030095,SMALL
ga,hfvrp_n050_m10_s05,50,10,0.500000,75,2903.441349,7175.729000,6491.305849,0.000000,,,0,1,,,,,3.394707,MEDIUM
ga,hfvrp_n075_m15_s01,75,15,0.500000,10,5867.618153,5766.938818,8751.087562,0.000000,,,0,1,,,,,0.283714,DEFAULT
ga,hfvrp_n075_m15_s01,75,15,0.500000,10,7616.132410,9334.509189,12283.387004,0.000000,,,0,1,,,,,0.041779,SMALL
ga,hfvrp_n050_m10_s01,50,10,0.500000,19345,2778.371165,6228.755165,5892.748748,0.000000,,,0,1,,,,,3.372951,MEDIUM
ga,hfvrp_n050_m10_s03,50,10,0.500000,200,2479.858296,7121.994326,6040.855459,0.000000,,,0,1,,,,,3.383012,MEDIUM
ga,hfvrp_n075_m15_s01,75,15,0.500000,10,4160.632689,4819.145833,6570.205605,0.000000,,,0,1,,,,,5.534261,MEDIUM
ga,hfvrp_n050_m10_s02,50,10,0.500000,999,2558.219618,8875.000867,6995.720051,0.000000,,,0,1,,,,,10.312930,BIG
ga,hfvrp_n050_m10_s02,50,10,0.500000,1234,2716.584654,10419.640931,7926.405120,0.000000,,,0,1,,,,,0.169594,DEFAULT
ga,hfvrp_n050_m10_s02,50,10,0.500000,1234,3389.409274,12947.301902,9863.060225,0.000000,,,0,1,,,,,0.022583,SMALL
ga,hfvrp_n050_m10_s04,50,10,0.500000,100,2466.875089,5502.663741,5218.206959,0.000000,,,0,1,,,,,10.337772,BIG
ga,hfvrp_n050_m10_s04,50,10,0.500000,200,3073.805727,6091.085262,6119.348358,0.000000,,,0,1,,,,,0.171111,DEFAULT
ga,hfvrp_n050_m10_s04,50,10,0.500000,200,3696.706319,9878.262616,8635.837627,0.000000,,,0,1,,,,,0.026050,SMALL
ga,hfvrp_n050_m10_s02,50,10,0.500000,1234,2595.562026,7665.815836,6428.469944,0.000000,,,0,1,,,,,3.433942,MEDIUM
ga,hfvrp_n050_m10_s05,50,10,0.500000,75,2502.149433,7090.230259,6047.264562,0.000000,,,0,1,,,,,10.336698,BIG
ga,hfvrp_n050_m10_s05,50,10,0.500000,100,2988.171960,7281.412219,6628.878069,0.000000,,,0,1,,,,,0.170937,DEFAULT
ga,hfvrp_n050_m10_s05,50,10,0.500000,100,4050.330552,11428.397253,9764.529179,0.000000,,,0,1,,,,,0.022906,SMALL
ga,hfvrp_n050_m10_s03,50,10,0.500000,200,2170.801982,7222.865956,5782.234960,0.000000,,,0,1,,,,,10.289023,BIG
ga,hfvrp_n050_m10_s01,50,10,0.500000,19345,2810.522422,4870.269467,5245.657155,0.000000,,,0,1,,,,,10.328921,BIG
ga,hfvrp_n050_m10_s04,50,10,0.500000,200,2297.630175,5472.113274,5033.686812,0.000000,,,0,1,,,,,3.408880,MEDIUM
ga,hfvrp_n050_m10_s01,50,10,0.500000,1788046227742182251,3207.611252,5313.056702,5864.139603,0.000000,,,0,1,,,,,0.175181,DEFAULT
ga,hfvrp_n050_m10_s01,50,10,0.500000,1788046283755032098,3249.462722,9022.472913,7760.699178,0.000000,,,0,1,,,,,0.021387,SMALL
ga,hfvrp_n050_m10_s03,50,10,0.500000,999,2906.878598,9339.014257,7576.385726,0.000000,,,0,1,,,,,0.168852,DEFAULT
ga,hfvrp_n050_m10_s03,50,10,0.500000,999,3473.034862,10581.891314,8763.980519,0.000000,,,0,1,,,,,0.024678,SMALL
ga,hfvrp_n050_m10_s05,50,10,0.500000,100,2990.340420,5846.966217,5913.823528,0.000000,,,0,1,,,,,3.448024,MEDIUM
ga,hfvrp_n050_m10_s01,50,10,0.500000,1788046279489038475,2999.335639,5240.334950,5619.503114,0.000000,,,0,1,,,,,3.368512,MEDIUM
ga,hfvrp_n050_m10_s03,50,10,0.500000,999,2358.903824,7101.086076,5909.446862,0.000000,,,0,1,,,,,3.391745,MEDIUM
ga,hfvrp_n050_m10_s02,50,10,0.500000,1234,2744.557273,8765.463366,7127.288956,0.000000,,,0,1,,,,,10.307296,BIG
ga,hfvrp_n050_m10_s02,50,10,0.500000,9999,2626.019753,8557.602928,6904.821217,0.000000,,,0,1,,,,,0.176388,DEFAULT
ga,hfvrp_n050_m10_s02,50,10,0.500000,9999,3139.363464,13399.758459,9839.242694,0.000000,,,0,1,,,,,0.023277,SMALL
ga,hfvrp_n075_m15_s01,75,15,0.500000,10,4990.796054,4349.795318,7165.693713,0.000000,,,0,1,,,,,17.028488,BIG
ga,hfvrp_n050_m10_s04,50,10,0.500000,200,2598.566520,5450.577491,5323.855265,0.000000,,,0,1,,,,,10.214630,BIG
ga,hfvrp_n050_m10_s04,50,10,0.500000,999,2947.916558,6592.484310,6244.158713,0.000000,,,0,1,,,,,0.173427,DEFAULT
ga,hfvrp_n050_m10_s04,50,10,0.500000,999,3448.390898,11753.531203,9325.156500,0.000000,,,0,1,,,,,0.027972,SMALL
ga,hfvrp_n050_m10_s02,50,10,0.500000,9999,2902.229803,8560.132789,7182.296197,0.000000,,,0,1,,,,,3.453740,MEDIUM
ga,hfvrp_n075_m15_s01,75,15,0.500000,50,6189.198046,5404.781409,8891.588751,0.000000,,,0,1,,,,,0.278539,DEFAULT
ga,hfvrp_n075_m15_s01,75,15,0.500000,50,7077.198604,13014.077976,13584.237592,0.000000,,,0,1,,,,,0.034214,SMALL
ga,hfvrp_n050_m10_s05,50,10,0.500000,100,2608.490154,6858.606283,6037.793295,0.000000,,,0,1,,,,,10.316667,BIG
ga,hfvrp_n050_m10_s05,50,10,0.500000,200,3226.920604,6508.224559,6481.032883,0.000000,,,0,1,,,,,0.170520,DEFAULT
ga,hfvrp_n050_m10_s05,50,10,0.500000,200,3133.800716,13683.475787,9975.538610,0.000000,,,0,1,,,,,0.021959,SMALL
ga,hfvrp_n050_m10_s01,50,10,0.500000,1788046265680989793,3029.939327,4916.159229,5488.018941,0.000000,,,0,1,,,,,10.287737,BIG
ga,hfvrp_n050_m10_s03,50,10,0.500000,999,2574.821207,6474.414605,5812.028510,0.000000,,,0,1,,,,,10.327041,BIG
ga,hfvrp_n050_m10_s04,50,10,0.500000,999,2835.812614,5674.224286,5672.924757,0.000000,,,0,1,,,,,3.435634,MEDIUM
ga,hfvrp_n050_m10_s03,50,10,0.500000,1234,2757.010039,9769.969111,7641.994594,0.000000,,,0,1,,,,,0.172703,DEFAULT
ga,hfvrp_n050_m10_s03,50,10,0.500000,1234,2956.794195,13701.434522,9807.511455,0.000000,,,0,1,,,,,0.026387,SMALL
ga,hfvrp_n075_m15_s02,75,15,0.500000,1788046543780516915,6760.016201,13883.896953,13701.964677,0.000000,,,0,1,,,,,0.278070,DEFAULT
ga,hfvrp_n075_m15_s02,75,15,0.500000,1788046531177618608,8207.007817,18167.494859,17290.755247,0.000000,,,0,1,,,,,0.041738,SMALL
ga,hfvrp_n050_m10_s05,50,10,0.500000,200,2750.592258,6434.115006,5967.649761,0.000000,,,0,1,,,,,3.433761,MEDIUM
ga,hfvrp_n075_m15_s01,75,15,0.500000,50,4977.043198,4693.765172,7323.925784,0.000000,,,0,1,,,,,5.466711,MEDIUM
ga,hfvrp_n050_m10_s03,50,10,0.500000,1234,2734.059013,6977.571562,6222.844793,0.000000,,,0,1,,,,,3.416028,MEDIUM
ga,hfvrp_n075_m15_s02,75,15,0.500000,1788046535518201364,5484.767350,9639.010619,10304.272660,0.000000,,,0,1,,,,,5.536159,MEDIUM
ga,hfvrp_n050_m10_s02,50,10,0.500000,9999,2831.088567,8165.883148,6914.030141,0.000000,,,0,1,,,,,10.241491,BIG
ga,hfvrp_n050_m10_s02,50,10,0.500000,19345,2853.992036,9925.183740,7816.583905,0.000000,,,0,1,,,,,0.174207,DEFAULT
ga,hfvrp_n050_m10_s02,50,10,0.500000,19345,2892.994434,12788.647472,9287.318170,0.000000,,,0,1,,,,,0.024104,SMALL
ga,hfvrp_n050_m10_s04,50,10,0.500000,999,2674.588392,6126.981623,5738.079203,0.000000,,,0,1,,,,,10.382316,BIG
ga,hfvrp_n050_m10_s04,50,10,0.500000,1234,2910.305822,6614.620675,6217.616159,0.000000,,,0,1,,,,,0.168483,DEFAULT
ga,hfvrp_n050_m10_s04,50,10,0.500000,1234,4094.099522,10223.030039,9205.614541,0.000000,,,0,1,,,,,0.024648,SMALL
ga,hfvrp_n050_m10_s02,50,10,0.500000,19345,2579.832602,9383.601989,7271.633597,0.000000,,,0,1,,,,,3.464272,MEDIUM
ga,hfvrp_n050_m10_s05,50,10,0.500000,200,2494.996070,6490.681250,5740.336695,0.000000,,,0,1,,,,,10.308133,BIG
ga,hfvrp_n050_m10_s05,50,10,0.500000,999,2882.143613,6350.212305,6057.249765,0.000000,,,0,1,,,,,0.173100,DEFAULT
ga,hfvrp_n050_m10_s05,50,10,0.500000,999,3831.357538,11604.211170,9633.463123,0.000000,,,0,1,,,,,0.024223,SMALL
ga,hfvrp_n050_m10_s03,50,10,0.500000,1234,2297.491708,6420.412688,5507.698052,0.000000,,,0,1,,,,,10.467033,BIG
ga,hfvrp_n050_m10_s04,50,10,0.500000,1234,2335.879023,5853.793180,5262.775613,0.000000,,,0,1,,,,,3.373764,MEDIUM
ga,hfvrp_n050_m10_s03,50,10,0.500000,9999,2647.850485,9019.578890,7157.639930,0.000000,,,0,1,,,,,0.171342,DEFAULT
ga,hfvrp_n050_m10_s03,50,10,0.500000,9999,3536.492404,12774.794588,9923.889698,0.000000,,,0,1,,,,,0.021672,SMALL
ga,hfvrp_n050_m10_s05,50,10,0.500000,999,2997.889465,6338.289808,6167.034369,0.000000,,,0,1,,,,,3.399974,MEDIUM
ga,hfvrp_n050_m10_s03,50,10,0.500000,9999,2626.727711,6700.947157,5977.201289,0.000000,,,0,1,,,,,3.415817,MEDIUM
ga,hfvrp_n075_m15_s01,75,15,0.500000,50,4477.966163,4017.499302,6486.715814,0.000000,,,0,1,,,,,17.107017,BIG
ga,hfvrp_n075_m15_s01,75,15,0.500000,75,6031.671762,5065.586744,8564.465135,0.000000,,,0,1,,,,,0.286709,DEFAULT
ga,hfvrp_n075_m15_s01,75,15,0.500000,75,6523.115062,13139.243799,13092.736961,0.000000,,,0,1,,,,,0.035434,SMALL
ga,hfvrp_n050_m10_s02,50,10,0.500000,19345,2567.269874,8337.484963,6736.012355,0.000000,,,0,1,,,,,10.410200,BIG
ga,hfvrp_n050_m10_s02,50,10,0.500000,1788046616685325043,2650.378340,9927.488995,7614.122838,0.000000,,,0,1,,,,,0.172883,DEFAULT
ga,hfvrp_n050_m10_s02,50,10,0.500000,1788046612566868271,4089.917373,15722.232678,11951.033712,0.000000,,,0,1,,,,,0.023446,SMALL
ga,hfvrp_n075_m15_s02,75,15,0.500000,1788046541058681565,5791.034541,9433.095773,10507.582427,0.000000,,,0,1,,,,,16.702605,BIG
ga,hfvrp_n050_m10_s04,50,10,0.500000,1234,2485.433966,6088.029418,5529.448675,0.000000,,,0,1,,,,,10.156905,BIG
ga,hfvrp_n050_m10_s04,50,10,0.500000,9999,3357.232870,6236.601509,6475.533625,0.000000,,,0,1,,,,,0.179068,DEFAULT
ga,hfvrp_n050_m10_s04,50,10,0.500000,9999,3647.184035,14742.594388,11018.481229,0.000000,,,0,1,,,,,0.023674,SMALL
ga,hfvrp_n075_m15_s02,75,15,0.500000,1,5677.818506,10812.817100,11084.227057,0.000000,,,0,1,,,,,0.276411,DEFAULT
ga,hfvrp_n075_m15_s02,75,15,0.500000,1,8020.834065,17166.353755,16604.010943,0.000000,,,0,1,,,,,0.040642,SMALL
ga,hfvrp_n050_m10_s02,50,10,0.500000,1788046608298883735,2684.472793,8545.975751,6957.460669,0.000000,,,0,1,,,,,3.410938,MEDIUM
ga,hfvrp_n050_m10_s05,50,10,0.500000,999,2536.087064,6341.457207,5706.815668,0.000000,,,0,1,,,,,10.317827,BIG
ga,hfvrp_n050_m10_s05,50,10,0.500000,1234,3309.678245,6446.191734,6532.774112,0.000000,,,0,1,,,,,0.171532,DEFAULT
ga,hfvrp_n050_m10_s05,50,10,0.500000,1234,3740.478153,7970.545839,7725.751073,0.000000,,,0,1,,,,,0.026994,SMALL
ga,hfvrp_n075_m15_s01,75,15,0.500000,75,5038.992969,4651.026377,7364.506157,0.000000,,,0,1,,,,,5.582329,MEDIUM
ga,hfvrp_n050_m10_s04,50,10,0.500000,9999,2423.060312,6257.326674,5551.723649,0.000000,,,0,1,,,,,3.393411,MEDIUM
ga,hfvrp_n050_m10_s03,50,10,0.500000,9999,2438.915758,6687.751864,5782.791690,0.000000,,,0,1,,,,,10.447486,BIG
ga,hfvrp_n050_m10_s03,50,10,0.500000,19345,3013.097104,8190.756262,7108.475235,0.000000,,,0,1,,,,,0.172366,DEFAULT
ga,hfvrp_n050_m10_s03,50,10,0.500000,19345,3318.527229,11373.711375,9005.382917,0.000000,,,0,1,,,,,0.023259,SMALL
ga,hfvrp_n050_m10_s05,50,10,0.500000,1234,2680.029840,6361.177232,5860.618456,0.000000,,,0,1,,,,,3.346581,MEDIUM
ga,hfvrp_n075_m15_s02,75,15,0.500000,1,4953.593290,8876.169173,9391.677876,0.000000,,,0,1,,,,,5.594511,MEDIUM
ga,hfvrp_n050_m10_s03,50,10,0.500000,19345,2531.690324,5813.381779,5438.381213,0.000000,,,0,1,,,,,3.485206,MEDIUM
ga,hfvrp_n050_m10_s02,50,10,0.500000,1788045757015290389,2678.486271,8133.722029,6745.347285,0.000000,,,0,1,,,,,10.514013,BIG
ga,hfvrp_n075_m15_s03,75,15,0.500000,1788045626757599735,6495.929966,12813.495891,12902.677911,0.000000,,,0,1,,,,,0.276188,DEFAULT
ga,hfvrp_n075_m15_s03,75,15,0.500000,1788045622742909110,9338.543968,23134.198684,20905.643310,0.000000,,,0,1,,,,,0.035135,SMALL
ga,hfvrp_n050_m10_s04,50,10,0.500000,9999,2626.407795,5834.235845,5543.525717,0.000000,,,0,1,,,,,10.190068,BIG
ga,hfvrp_n050_m10_s04,50,10,0.500000,19345,2817.882849,6487.203439,6061.484569,0.000000,,,0,1,,,,,0.173641,DEFAULT
ga,hfvrp_n050_m10_s04,50,10,0.500000,19345,4089.176847,12561.831836,10370.092765,0.000000,,,0,1,,,,,0.022848,SMALL
ga,hfvrp_n050_m10_s05,50,10,0.500000,1234,2844.726189,5510.384663,5599.918521,0.000000,,,0,1,,,,,10.241309,BIG
ga,hfvrp_n050_m10_s05,50,10,0.500000,9999,2880.759080,10166.764401,7964.141280,0.000000,,,0,1,,,,,0.172950,DEFAULT
ga,hfvrp_n050_m10_s05,50,10,0.500000,9999,4154.452507,9593.686661,8951.295837,0.000000,,,0,1,,,,,0.021530,SMALL
ga,hfvrp_n050_m10_s04,50,10,0.500000,19345,2695.639053,5505.707164,5448.492635,0.000000,,,0,1,,,,,3.408825,MEDIUM
ga,hfvrp_n050_m10_s03,50,10,0.500000,19345,2336.229343,6366.417626,5519.438156,0.000000,,,0,1,,,,,10.362774,BIG
ga,hfvrp_n075_m15_s03,75,15,0.500000,1788045618487061380,4870.455069,8532.599891,9136.755015,0.000000,,,0,1,,,,,5.703397,MEDIUM
ga,hfvrp_n050_m10_s03,50,10,0.500000,1788045706108501900,2761.276741,6570.457910,6046.505696,0.000000,,,0,1,,,,,0.171050,DEFAULT
ga,hfvrp_n050_m10_s03,50,10,0.500000,1788045710578205689,3308.636136,13539.744480,10078.508376,0.000000,,,0,1,,,,,0.021303,SMALL
ga,hfvrp_n075_m15_s01,75,15,0.500000,75,5038.620383,3972.034052,7024.637409,0.000000,,,0,1,,,,,16.951486,BIG
ga,hfvrp_n050_m10_s05,50,10,0.500000,9999,2689.545980,6568.945628,5974.018794,0.000000,,,0,1,,,,,3.408162,MEDIUM
ga,hfvrp_n075_m15_s01,75,15,0.500000,100,4939.704755,6300.794330,8090.101920,0.000000,,,0,1,,,,,0.276538,DEFAULT
ga,hfvrp_n075_m15_s01,75,15,0.500000,100,6450.799734,8612.301384,10756.950426,0.000000,,,0,1,,,,,0.042039,SMALL
ga,hfvrp_n050_m10_s03,50,10,0.500000,1788045714897974576,2559.840324,6523.605437,5821.643042,0.000000,,,0,1,,,,,3.453998,MEDIUM
ga,hfvrp_n075_m15_s02,75,15,0.500000,1,4881.798675,10252.303117,10007.950234,0.000000,,,0,1,,,,,17.309803,BIG
ga,hfvrp_n075_m15_s02,75,15,0.500000,10,6524.196857,10972.852874,12010.623294,0.000000,,,0,1,,,,,0.275181,DEFAULT
ga,hfvrp_n075_m15_s02,75,15,0.500000,10,7421.386665,15623.728772,15233.251051,0.000000,,,0,1,,,,,0.039085,SMALL
ga,hfvrp_n075_m15_s01,75,15,0.500000,100,5167.388573,4174.019699,7254.398422,0.000000,,,0,1,,,,,5.551507,MEDIUM
ga,hfvrp_n050_m10_s04,50,10,0.500000,19345,2667.038601,5614.639092,5474.358147,0.000000,,,0,1,,,,,10.479561,BIG
ga,hfvrp_n050_m10_s04,50,10,0.500000,1788046085063024077,2967.816157,6643.844400,6289.738357,0.000000,,,0,1,,,,,0.173131,DEFAULT
ga,hfvrp_n050_m10_s04,50,10,0.500000,1788046089535056234,3749.075985,8997.147346,8247.649659,0.000000,,,0,1,,,,,0.026279,SMALL
ga,hfvrp_n050_m10_s05,50,10,0.500000,9999,2647.250029,6508.380503,5901.440281,0.000000,,,0,1,,,,,10.419532,BIG
ga,hfvrp_n075_m15_s02,75,15,0.500000,10,4787.629301,9780.521422,9677.890012,0.000000,,,0,1,,,,,5.605579,MEDIUM
ga,hfvrp_n050_m10_s05,50,10,0.500000,19345,3210.121214,7108.570014,6764.406221,0.000000,,,0,1,,,,,0.172738,DEFAULT
ga,hfvrp_n050_m10_s05,50,10,0.500000,19345,3476.542512,9185.527729,8069.306377,0.000000,,,0,1,,,,,0.022516,SMALL
ga,hfvrp_n050_m10_s04,50,10,0.500000,1788046145399786977,2686.988375,5561.570151,5467.773451,0.000000,,,0,1,,,,,3.348112,MEDIUM
ga,hfvrp_n050_m10_s03,50,10,0.500000,1788046070543319971,2360.224739,6275.898145,5498.173812,0.000000,,,0,1,,,,,10.577175,BIG
ga,hfvrp_n050_m10_s05,50,10,0.500000,19345,2770.352175,7223.156298,6381.930324,0.000000,,,0,1,,,,,3.427903,MEDIUM
ga,hfvrp_n075_m15_s04,75,15,0.500000,1788045979325729959,6405.902273,11218.434097,12015.119321,0.000000,,,0,1,,,,,0.282478,DEFAULT
ga,hfvrp_n075_m15_s04,75,15,0.500000,1788045983909733174,8657.353031,18522.722212,17918.714137,0.000000,,,0,1,,,,,0.042794,SMALL
ga,hfvrp_n075_m15_s03,75,15,0.500000,1788045735868838057,4912.976446,8150.870899,8988.411895,0.000000,,,0,1,,,,,17.038493,BIG
ga,hfvrp_n075_m15_s03,75,15,0.500000,1,5822.576672,14824.100879,13234.627112,0.000000,,,0,1,,,,,0.275988,DEFAULT
ga,hfvrp_n075_m15_s03,75,15,0.500000,1,7834.551628,24229.268775,19949.186015,0.000000,,,0,1,,,,,0.033702,SMALL
ga,hfvrp_n075_m15_s04,75,15,0.500000,1788045988253936185,5529.363011,7027.212928,9042.969475,0.000000,,,0,1,,,,,5.586802,MEDIUM
ga,hfvrp_n050_m10_s04,50,10,0.500000,1788045903938992769,2704.257096,6389.531364,5899.022778,0.000000,,,0,1,,,,,10.261909,BIG
ga,hfvrp_n075_m15_s03,75,15,0.500000,1,4800.543931,9912.150545,9756.619204,0.000000,,,0,1,,,,,5.536836,MEDIUM
ga,hfvrp_n075_m15_s01,75,15,0.500000,100,4365.224309,4428.808168,6579.628393,0.000000,,,0,1,,,,,16.799595,BIG
ga,hfvrp_n075_m15_s05,75,15,0.500000,1788047419313430942,6774.060236,9119.337975,11333.729224,0.000000,,,0,1,,,,,0.268648,DEFAULT
ga,hfvrp_n075_m15_s05,75,15,0.500000,1788047406700982568,7926.566696,14809.427707,15331.280550,0.000000,,,0,1,,,,,0.039723,SMALL
ga,hfvrp_n050_m10_s05,50,10,0.500000,19345,2612.933502,6903.726416,6064.796710,0.000000,,,0,1,,,,,10.571021,BIG
ga,hfvrp_n075_m15_s01,75,15,0.500000,200,5765.460138,5587.774284,8559.347280,0.000000,,,0,1,,,,,0.275541,DEFAULT
ga,hfvrp_n050_m10_s05,50,10,0.500000,1788047523560198066,3481.129897,7506.738311,7234.499052,0.000000,,,0,1,,,,,0.171243,DEFAULT
ga,hfvrp_n075_m15_s01,75,15,0.500000,200,6632.877980,10295.945157,11780.850559,0.000000,,,0,1,,,,,0.039909,SMALL
ga,hfvrp_n050_m10_s05,50,10,0.500000,1788047515149963831,3441.490798,12953.728433,9918.355014,0.000000,,,0,1,,,,,0.025997,SMALL
ga,hfvrp_n075_m15_s02,75,15,0.500000,10,4599.670028,8974.272259,9086.806157,0.000000,,,0,1,,,,,16.840428,BIG
ga,hfvrp_n050_m10_s05,50,10,0.500000,1788047472233828200,2548.853140,6653.025080,5875.365680,0.000000,,,0,1,,,,,3.371059,MEDIUM
ga,hfvrp_n075_m15_s02,75,15,0.500000,50,6565.580804,12807.666440,12969.414024,0.000000,,,0,1,,,,,0.274289,DEFAULT
ga,hfvrp_n075_m15_s02,75,15,0.500000,50,8273.643399,18789.978861,17668.632830,0.000000,,,0,1,,,,,0.042433,SMALL
ga,hfvrp_n075_m15_s05,75,15,0.500000,1788047411044552753,5151.456971,7196.522250,8749.718097,0.000000,,,0,1,,,,,5.668181,MEDIUM
ga,hfvrp_n075_m15_s01,75,15,0.500000,200,4010.953907,4707.456401,6364.682108,0.000000,,,0,1,,,,,5.635561,MEDIUM
ga,hfvrp_n075_m15_s02,75,15,0.500000,50,5806.030393,10903.036156,11257.548471,0.000000,,,0,1,,,,,5.624049,MEDIUM
ga,hfvrp_n075_m15_s04,75,15,0.500000,1788045959489872161,5434.577206,6169.112811,8519.133612,0.000000,,,0,1,,,,,16.998028,BIG
ga,hfvrp_n075_m15_s04,75,15,0.500000,1,7112.725216,8566.911517,11396.180974,0.000000,,,0,1,,,,,0.276240,DEFAULT
ga,hfvrp_n075_m15_s04,75,15,0.500000,1,8623.866502,21016.523559,19132.128281,0.000000,,,0,1,,,,,0.038231,SMALL
ga,hfvrp_n050_m10_s05,50,10,0.500000,1788047479903859922,2842.954902,6465.230494,6075.570149,0.000000,,,0,1,,,,,10.282524,BIG
ga,hfvrp_n075_m15_s03,75,15,0.500000,1,5295.620629,8191.456035,9391.348647,0.000000,,,0,1,,,,,16.805399,BIG
ga,hfvrp_n075_m15_s03,75,15,0.500000,10,7032.341579,10979.347455,12522.015307,0.000000,,,0,1,,,,,0.273093,DEFAULT
ga,hfvrp_n075_m15_s03,75,15,0.500000,10,7358.721879,16494.893575,15606.168666,0.000000,,,0,1,,,,,0.043275,SMALL
ga,hfvrp_n100_m20_s01,100,20,0.500000,1788047724522739695,9500.902496,21067.261910,20034.533451,0.000000,,,0,1,,,,,0.394197,DEFAULT
ga,hfvrp_n100_m20_s01,100,20,0.500000,1788047729216097911,12098.190426,35149.979953,29673.180403,0.000000,,,0,1,,,,,0.064677,SMALL
ga,hfvrp_n075_m15_s04,75,15,0.500000,1,5660.455937,6872.092142,9096.502008,0.000000,,,0,1,,,,,5.598614,MEDIUM
ga,hfvrp_n075_m15_s03,75,15,0.500000,10,4695.481437,9013.017409,9201.990142,0.000000,,,0,1,,,,,5.456125,MEDIUM
ga,hfvrp_n075_m15_s05,75,15,0.500000,1788047292168017143,5550.097740,6964.576892,9032.386186,0.000000,,,0,1,,,,,17.243160,BIG
ga,hfvrp_n075_m15_s01,75,15,0.500000,200,4595.703221,4258.599938,6725.003190,0.000000,,,0,1,,,,,16.664666,BIG
ga,hfvrp_n075_m15_s05,75,15,0.500000,1,6563.281498,7357.638954,10242.100975,0.000000,,,0,1,,,,,0.277902,DEFAULT
ga,hfvrp_n075_m15_s05,75,15,0.500000,1,7399.724721,12212.150181,13505.799812,0.000000,,,0,1,,,,,0.035508,SMALL
ga,hfvrp_n075_m15_s01,75,15,0.500000,999,5562.881442,5894.336917,8510.049900,0.000000,,,0,1,,,,,0.263843,DEFAULT
ga,hfvrp_n075_m15_s01,75,15,0.500000,999,6236.232404,11692.027298,12082.246053,0.000000,,,0,1,,,,,0.038810,SMALL
ga,hfvrp_n100_m20_s01,100,20,0.500000,1788047716399941301,7789.645738,15028.774374,15304.032925,0.000000,,,0,1,,,,,8.069872,MEDIUM
ga,hfvrp_n075_m15_s02,75,15,0.500000,50,4795.231820,10327.397001,9958.930320,0.000000,,,0,1,,,,,16.833487,BIG
ga,hfvrp_n075_m15_s02,75,15,0.500000,75,5937.268208,11983.106301,11928.821358,0.000000,,,0,1,,,,,0.280894,DEFAULT
ga,hfvrp_n075_m15_s02,75,15,0.500000,75,7446.180354,23086.139310,18989.250009,0.000000,,,0,1,,,,,0.042420,SMALL
ga,hfvrp_n075_m15_s05,75,15,0.500000,1,5207.327569,7127.066045,8770.860592,0.000000,,,0,1,,,,,5.578800,MEDIUM
ga,hfvrp_n075_m15_s01,75,15,0.500000,999,4594.877916,4346.244096,6767.999964,0.000000,,,0,1,,,,,5.572352,MEDIUM
ga,hfvrp_n075_m15_s02,75,15,0.500000,75,5456.663320,8564.606777,9738.966708,0.000000,,,0,1,,,,,5.499242,MEDIUM
ga,hfvrp_n075_m15_s04,75,15,0.500000,1,4956.268491,6141.973972,8027.255477,0.000000,,,0,1,,,,,16.964887,BIG
ga,hfvrp_n075_m15_s03,75,15,0.500000,10,5070.946817,8886.201134,9514.047384,0.000000,,,0,1,,,,,16.936602,BIG
ga,hfvrp_n075_m15_s04,75,15,0.500000,10,7925.947299,9344.697238,12598.295918,0.000000,,,0,1,,,,,0.290012,DEFAULT
ga,hfvrp_n075_m15_s04,75,15,0.500000,10,8151.913630,17449.951016,16876.889138,0.000000,,,0,1,,,,,0.040615,SMALL
ga,hfvrp_n075_m15_s03,75,15,0.500000,50,7609.947213,11508.458103,13364.176265,0.000000,,,0,1,,,,,0.273506,DEFAULT
ga,hfvrp_n075_m15_s03,75,15,0.500000,50,7151.236253,19768.875688,17035.674096,0.000000,,,0,1,,,,,0.034026,SMALL
ga,hfvrp_n075_m15_s04,75,15,0.500000,10,5055.267769,7549.137391,8829.836464,0.000000,,,0,1,,,,,5.646970,MEDIUM
ga,hfvrp_n075_m15_s03,75,15,0.500000,50,5276.370798,8608.280382,9580.510989,0.000000,,,0,1,,,,,5.537634,MEDIUM
ga,hfvrp_n075_m15_s01,75,15,0.500000,999,4664.587339,3988.647023,6658.910850,0.000000,,,0,1,,,,,16.776684,BIG
ga,hfvrp_n075_m15_s05,75,15,0.500000,1,5385.178867,6123.178423,8446.768079,0.000000,,,0,1,,,,,17.275145,BIG
ga,hfvrp_n100_m20_s01,100,20,0.500000,1788047677234136869,7583.488862,14888.931726,15027.954725,0.000000,,,0,1,,,,,23.497694,BIG
ga,hfvrp_n075_m15_s01,75,15,0.500000,1234,5824.701923,6572.029387,9110.716617,0.000000,,,0,1,,,,,0.280906,DEFAULT
ga,hfvrp_n075_m15_s01,75,15,0.500000,1234,6763.601280,5917.612275,9722.407418,0.000000,,,0,1,,,,,0.040659,SMALL
ga,hfvrp_n075_m15_s05,75,15,0.500000,10,6737.618990,9944.280325,11709.759152,0.000000,,,0,1,,,,,0.273310,DEFAULT
ga,hfvrp_n075_m15_s05,75,15,0.500000,10,7526.863417,11915.808796,13484.767815,0.000000,,,0,1,,,,,0.038120,SMALL
ga,hfvrp_n075_m15_s02,75,15,0.500000,75,5224.324551,9779.733761,10114.191432,0.000000,,,0,1,,,,,16.457181,BIG
ga,hfvrp_n100_m20_s01,100,20,0.500000,1,9276.696186,19678.157905,19115.775138,0.000000,,,0,1,,,,,0.403392,DEFAULT
ga,hfvrp_n100_m20_s01,100,20,0.500000,1,12256.187081,38467.152093,31489.763127,0.000000,,,0,1,,,,,0.065047,SMALL
ga,hfvrp_n075_m15_s02,75,15,0.500000,100,6611.636153,11503.595167,12363.433736,0.000000,,,0,1,,,,,0.281279,DEFAULT
ga,hfvrp_n075_m15_s02,75,15,0.500000,100,7532.330357,19095.340808,17080.000761,0.000000,,,0,1,,,,,0.041612,SMALL
ga,hfvrp_n075_m15_s01,75,15,0.500000,1234,4560.783387,4669.061418,6895.314096,0.000000,,,0,1,,,,,5.579824,MEDIUM
ga,hfvrp_n075_m15_s05,75,15,0.500000,10,5339.456270,6615.084339,8646.998439,0.000000,,,0,1,,,,,5.651589,MEDIUM
ga,hfvrp_n075_m15_s02,75,15,0.500000,100,5013.840275,9051.450525,9539.565537,0.000000,,,0,1,,,,,5.715035,MEDIUM
ga,hfvrp_n100_m20_s01,100,20,0.500000,1,7990.838302,13692.451702,14837.064153,0.000000,,,0,1,,,,,7.866007,MEDIUM
ga,hfvrp_n075_m15_s04,75,15,0.500000,10,5274.239186,7113.344879,8830.911625,0.000000,,,0,1,,,,,16.843431,BIG
ga,hfvrp_n075_m15_s03,75,15,0.500000,50,5160.792241,9847.885121,10084.734802,0.000000,,,0,1,,,,,16.952570,BIG
ga,hfvrp_n075_m15_s04,75,15,0.500000,50,6694.084012,7593.127995,10490.648010,0.000000,,,0,1,,,,,0.287647,DEFAULT
ga,hfvrp_n075_m15_s04,75,15,0.500000,50,7815.990894,23947.808832,19789.895310,0.000000,,,0,1,,,,,0.036467,SMALL
ga,hfvrp_n075_m15_s03,75,15,0.500000,75,6165.400670,12419.785906,12375.293622,0.000000,,,0,1,,,,,0.272867,DEFAULT
ga,hfvrp_n075_m15_s03,75,15,0.500000,75,8766.253010,16466.902521,16999.704271,0.000000,,,0,1,,,,,0.042245,SMALL
ga,hfvrp_n075_m15_s04,75,15,0.500000,50,5656.317987,6251.791327,8782.213651,0.000000,,,0,1,,,,,5.588308,MEDIUM
ga,hfvrp_n075_m15_s03,75,15,0.500000,75,5889.733206,8635.299503,10207.382957,0.000000,,,0,1,,,,,5.575818,MEDIUM
ga,hfvrp_n075_m15_s01,75,15,0.500000,1234,4372.166780,4080.174032,6412.253796,0.000000,,,0,1,,,,,17.224876,BIG
ga,hfvrp_n075_m15_s05,75,15,0.500000,10,4912.059462,7470.611253,8647.365088,0.000000,,,0,1,,,,,17.036906,BIG
ga,hfvrp_n075_m15_s01,75,15,0.500000,9999,5562.182401,6181.397369,8652.881086,0.000000,,,0,1,,,,,0.279215,DEFAULT
ga,hfvrp_n075_m15_s01,75,15,0.500000,9999,6256.600081,9491.235824,11002.217993,0.000000,,,0,1,,,,,0.040611,SMALL
ga,hfvrp_n075_m15_s05,75,15,0.500000,50,7010.910425,8969.421494,11495.621172,0.000000,,,0,1,,,,,0.271156,DEFAULT
ga,hfvrp_n075_m15_s05,75,15,0.500000,50,8013.150642,14590.903311,15308.602297,0.000000,,,0,1,,,,,0.037550,SMALL
ga,hfvrp_n075_m15_s02,75,15,0.500000,100,4636.173318,9500.693520,9386.520078,0.000000,,,0,1,,,,,16.886053,BIG
ga,hfvrp_n075_m15_s02,75,15,0.500000,200,5555.139582,12597.080580,11853.679873,0.000000,,,0,1,,,,,0.282163,DEFAULT
ga,hfvrp_n075_m15_s02,75,15,0.500000,200,7025.814299,17059.917466,15555.773032,0.000000,,,0,1,,,,,0.039784,SMALL
ga,hfvrp_n075_m15_s01,75,15,0.500000,9999,5071.781669,4384.267113,7263.915226,0.000000,,,0,1,,,,,5.661292,MEDIUM
ga,hfvrp_n075_m15_s05,75,15,0.500000,50,5369.589007,6591.169498,8665.173756,0.000000,,,0,1,,,,,5.486065,MEDIUM
ga,hfvrp_n075_m15_s02,75,15,0.500000,200,5438.381528,9184.741551,10030.752304,0.000000,,,0,1,,,,,5.477521,MEDIUM
ga,hfvrp_n100_m20_s01,100,20,0.500000,1,7204.079043,14265.796123,14336.977104,0.000000,,,0,1,,,,,23.327155,BIG
ga,hfvrp_n075_m15_s04,75,15,0.500000,50,5378.055085,6711.821014,8733.965592,0.000000,,,0,1,,,,,16.908008,BIG
ga,hfvrp_n075_m15_s03,75,15,0.500000,75,5059.137930,9061.284535,9589.780198,0.000000,,,0,1,,,,,16.737583,BIG
ga,hfvrp_n100_m20_s01,100,20,0.500000,10,10207.914624,20796.776119,20606.302684,0.000000,,,0,1,,,,,0.413078,DEFAULT
ga,hfvrp_n100_m20_s01,100,20,0.500000,10,11420.305313,25138.425212,23989.517919,0.000000,,,0,1,,,,,0.072828,SMALL
ga,hfvrp_n075_m15_s04,75,15,0.500000,75,7390.847403,10431.228773,12606.461790,0.000000,,,0,1,,,,,0.282538,DEFAULT
ga,hfvrp_n075_m15_s04,75,15,0.500000,75,8961.803076,16990.980515,17457.293333,0.000000,,,0,1,,,,,0.039934,SMALL
ga,hfvrp_n075_m15_s03,75,15,0.500000,100,6250.064232,12376.022964,12438.075714,0.000000,,,0,1,,,,,0.274976,DEFAULT
ga,hfvrp_n075_m15_s03,75,15,0.500000,100,7155.526483,21126.035519,17718.544243,0.000000,,,0,1,,,,,0.036004,SMALL
ga,hfvrp_n075_m15_s04,75,15,0.500000,75,5774.331453,6149.013866,8848.838386,0.000000,,,0,1,,,,,5.627884,MEDIUM
ga,hfvrp_n075_m15_s03,75,15,0.500000,100,4522.314194,10691.388126,9868.008257,0.000000,,,0,1,,,,,5.602198,MEDIUM
ga,hfvrp_n100_m20_s01,100,20,0.500000,10,7847.637393,15137.394525,15416.334655,0.000000,,,0,1,,,,,7.920617,MEDIUM
ga,hfvrp_n075_m15_s01,75,15,0.500000,9999,4535.755797,4512.685255,6792.098424,0.000000,,,0,1,,,,,16.822601,BIG
ga,hfvrp_n075_m15_s05,75,15,0.500000,50,5578.631464,7253.094868,9205.178898,0.000000,,,0,1,,,,,17.079785,BIG
ga,hfvrp_n075_m15_s01,75,15,0.500000,19345,6485.573938,6151.027578,9561.087726,0.000000,,,0,1,,,,,0.273196,DEFAULT
ga,hfvrp_n075_m15_s01,75,15,0.500000,19345,7026.220599,14302.786029,14177.613614,0.000000,,,0,1,,,,,0.032811,SMALL
ga,hfvrp_n075_m15_s05,75,15,0.500000,75,5996.713139,8781.567189,10387.496733,0.000000,,,0,1,,,,,0.272247,DEFAULT
ga,hfvrp_n075_m15_s05,75,15,0.500000,75,7640.939278,15019.427605,15150.653080,0.000000,,,0,1,,,,,0.038001,SMALL
ga,hfvrp_n075_m15_s02,75,15,0.500000,200,4922.559093,9885.197710,9865.157948,0.000000,,,0,1,,,,,16.931370,BIG
ga,hfvrp_n075_m15_s02,75,15,0.500000,999,6609.162140,12443.173420,12830.748850,0.000000,,,0,1,,,,,0.274449,DEFAULT
ga,hfvrp_n075_m15_s02,75,15,0.500000,999,8543.911909,17763.949699,17425.886758,0.000000,,,0,1,,,,,0.037221,SMALL
ga,hfvrp_n075_m15_s01,75,15,0.500000,19345,4614.245885,3873.757670,6551.124720,0.000000,,,0,1,,,,,5.487035,MEDIUM
ga,hfvrp_n075_m15_s05,75,15,0.500000,75,4802.134319,6831.310569,8217.789604,0.000000,,,0,1,,,,,5.627046,MEDIUM
ga,hfvrp_n075_m15_s02,75,15,0.500000,999,5356.409191,8427.432317,9570.125349,0.000000,,,0,1,,,,,5.549548,MEDIUM
ga,hfvrp_n075_m15_s04,75,15,0.500000,75,5634.708179,6487.336136,8878.376247,0.000000,,,0,1,,,,,17.063344,BIG
ga,hfvrp_n075_m15_s03,75,15,0.500000,100,5326.158294,8206.007915,9429.162252,0.000000,,,0,1,,,,,17.135881,BIG
ga,hfvrp_n075_m15_s03,75,15,0.500000,200,6861.283464,8593.011916,11157.789422,0.000000,,,0,1,,,,,0.277832,DEFAULT
ga,hfvrp_n075_m15_s03,75,15,0.500000,200,8742.979782,23353.318339,20419.638951,0.000000,,,0,1,,,,,0.038349,SMALL
ga,hfvrp_n075_m15_s04,75,15,0.500000,100,7319.861275,7729.592644,11184.657598,0.000000,,,0,1,,,,,0.284206,DEFAULT
ga,hfvrp_n075_m15_s04,75,15,0.500000,100,7925.953157,17251.670096,16551.788205,0.000000,,,0,1,,,,,0.040221,SMALL
ga,hfvrp_n075_m15_s03,75,15,0.500000,200,5488.280415,7678.137820,9327.349325,0.000000,,,0,1,,,,,5.590199,MEDIUM
ga,hfvrp_n075_m15_s04,75,15,0.500000,100,4846.968247,7157.827422,8425.881958,0.000000,,,0,1,,,,,5.596513,MEDIUM
ga,hfvrp_n100_m20_s01,100,20,0.500000,10,7000.886308,13966.212413,13983.992515,0.000000,,,0,1,,,,,23.284516,BIG
ga,hfvrp_n100_m20_s01,100,20,0.500000,50,10781.205913,19975.367268,20768.889547,0.000000,,,0,1,,,,,0.394871,DEFAULT
ga,hfvrp_n100_m20_s01,100,20,0.500000,50,12307.687080,28406.970734,26511.172447,0.000000,,,0,1,,,,,0.061255,SMALL
ga,hfvrp_n075_m15_s01,75,15,0.500000,19345,4456.462198,4384.325589,6648.624993,0.000000,,,0,1,,,,,16.998409,BIG
ga,hfvrp_n075_m15_s01,75,15,0.500000,1788039840972746429,5842.170400,7718.282940,9701.311871,0.000000,,,0,1,,,,,0.283158,DEFAULT
ga,hfvrp_n075_m15_s01,75,15,0.500000,1788039836964865509,7383.828878,8678.562469,11723.110113,0.000000,,,0,1,,,,,0.038929,SMALL
ga,hfvrp_n075_m15_s05,75,15,0.500000,75,4655.803171,7037.776585,8174.691464,0.000000,,,0,1,,,,,17.176084,BIG
ga,hfvrp_n075_m15_s02,75,15,0.500000,999,5458.934733,9080.464578,9999.167022,0.000000,,,0,1,,,,,17.009393,BIG
ga,hfvrp_n075_m15_s05,75,15,0.500000,100,6143.626598,8065.771664,10176.512430,0.000000,,,0,1,,,,,0.276659,DEFAULT
ga,hfvrp_n075_m15_s05,75,15,0.500000,100,7140.561601,10888.783099,12584.953150,0.000000,,,0,1,,,,,0.037895,SMALL
ga,hfvrp_n075_m15_s02,75,15,0.500000,1234,6051.411528,13214.714500,12658.768779,0.000000,,,0,1,,,,,0.260889,DEFAULT
ga,hfvrp_n075_m15_s02,75,15,0.500000,1234,7901.058699,18735.485365,17268.801382,0.000000,,,0,1,,,,,0.033730,SMALL
ga,hfvrp_n100_m20_s01,100,20,0.500000,50,7984.045175,14317.364859,15142.727604,0.000000,,,0,1,,,,,7.761442,MEDIUM
ga,hfvrp_n075_m15_s01,75,15,0.500000,1788039832712953031,4917.830058,6175.577113,8005.618614,0.000000,,,0,1,,,,,5.458964,MEDIUM
ga,hfvrp_n075_m15_s05,75,15,0.500000,100,5554.863285,6107.213481,8608.470026,0.000000,,,0,1,,,,,6.457091,MEDIUM
ga,hfvrp_n075_m15_s02,75,15,0.500000,1234,5703.074914,8544.320413,9975.235121,0.000000,,,0,1,,,,,5.614805,MEDIUM
ga,hfvrp_n075_m15_s04,75,15,0.500000,100,5581.034744,6353.719109,8757.894299,0.000000,,,0,1,,,,,16.779317,BIG
ga,hfvrp_n075_m15_s03,75,15,0.500000,200,5139.143669,8266.613797,9272.450567,0.000000,,,0,1,,,,,17.137547,BIG
ga,hfvrp_n075_m15_s03,75,15,0.500000,999,6645.121887,10983.302545,12136.773159,0.000000,,,0,1,,,,,0.273806,DEFAULT
ga,hfvrp_n075_m15_s03,75,15,0.500000,999,7500.564333,26096.061816,20548.595241,0.000000,,,0,1,,,,,0.038258,SMALL
ga,hfvrp_n075_m15_s04,75,15,0.500000,200,6252.195821,9855.660597,11180.026120,0.000000,,,0,1,,,,,0.293122,DEFAULT
ga,hfvrp_n075_m15_s04,75,15,0.500000,200,9232.397400,19575.457660,19020.126230,0.000000,,,0,1,,,,,0.037764,SMALL
ga,hfvrp_n075_m15_s03,75,15,0.500000,999,5312.726654,9858.106401,10241.779855,0.000000,,,0,1,,,,,5.485646,MEDIUM
ga,hfvrp_n075_m15_s04,75,15,0.500000,200,5165.263734,6386.880151,8358.703810,0.000000,,,0,1,,,,,5.535971,MEDIUM
ga,hfvrp_n075_m15_s01,75,15,0.500000,1788039958439863762,4515.978404,4982.313956,7007.135382,0.000000,,,0,1,,,,,16.765509,BIG
ga,hfvrp_n100_m20_s02,100,20,0.500000,1788040080758159084,11586.117992,15859.924132,19516.080058,0.000000,,,0,1,,,,,0.412981,DEFAULT
ga,hfvrp_n100_m20_s02,100,20,0.500000,1788040085470294341,14343.517406,25025.169658,26856.102235,0.000000,,,0,1,,,,,0.059020,SMALL
ga,hfvrp_n075_m15_s05,75,15,0.500000,100,5151.118567,6717.090118,8509.663627,0.000000,,,0,1,,,,,16.803582,BIG
ga,hfvrp_n075_m15_s02,75,15,0.500000,1234,5438.096318,8649.158970,9762.675803,0.000000,,,0,1,,,,,16.801184,BIG
ga,hfvrp_n075_m15_s05,75,15,0.500000,200,5501.846258,8345.950109,9674.821312,0.000000,,,0,1,,,,,0.277138,DEFAULT
ga,hfvrp_n075_m15_s05,75,15,0.500000,200,8732.448109,13987.507486,15726.201852,0.000000,,,0,1,,,,,0.037444,SMALL
ga,hfvrp_n075_m15_s02,75,15,0.500000,9999,7175.435137,12441.568278,13396.219276,0.000000,,,0,1,,,,,0.272023,DEFAULT
ga,hfvrp_n075_m15_s02,75,15,0.500000,9999,7933.255705,17720.910198,16793.710804,0.000000,,,0,1,,,,,0.038226,SMALL
ga,hfvrp_n100_m20_s01,100,20,0.500000,50,7375.180285,12100.911523,13425.636046,0.000000,,,0,1,,,,,23.772873,BIG
ga,hfvrp_n100_m20_s01,100,20,0.500000,75,9935.587362,19146.602237,19508.888481,0.000000,,,0,1,,,,,0.398170,DEFAULT
ga,hfvrp_n100_m20_s01,100,20,0.500000,75,12533.636075,40250.619612,32658.945881,0.000000,,,0,1,,,,,0.065346,SMALL
ga,hfvrp_n100_m20_s02,100,20,0.500000,1788040055468574267,8363.409927,12627.219623,14677.019739,0.000000,,,0,1,,,,,7.679117,MEDIUM
ga,hfvrp_n075_m15_s05,75,15,0.500000,200,5276.210752,7379.684070,8966.052787,0.000000,,,0,1,,,,,5.487840,MEDIUM
ga,hfvrp_n075_m15_s02,75,15,0.500000,9999,5988.371591,9061.990822,10519.367002,0.000000,,,0,1,,,,,5.532321,MEDIUM
ga,hfvrp_n075_m15_s03,75,15,0.500000,999,5204.114815,8478.123378,9443.176504,0.000000,,,0,1,,,,,17.072474,BIG
ga,hfvrp_n075_m15_s04,75,15,0.500000,200,5144.287507,6280.994964,8284.784988,0.000000,,,0,1,,,,,17.200180,BIG
ga,hfvrp_n075_m15_s03,75,15,0.500000,1234,7105.913406,13263.373012,13737.599912,0.000000,,,0,1,,,,,0.279751,DEFAULT
ga,hfvrp_n075_m15_s03,75,15,0.500000,1234,6090.757597,21561.208427,16871.361810,0.000000,,,0,1,,,,,0.042354,SMALL
ga,hfvrp_n075_m15_s04,75,15,0.500000,999,7458.549374,10204.142992,12560.620870,0.000000,,,0,1,,,,,0.284355,DEFAULT
ga,hfvrp_n075_m15_s04,75,15,0.500000,999,7483.148722,15541.334167,15253.815805,0.000000,,,0,1,,,,,0.039589,SMALL
ga,hfvrp_n100_m20_s01,100,20,0.500000,75,8013.298470,14328.049682,15177.323311,0.000000,,,0,1,,,,,7.768197,MEDIUM
ga,hfvrp_n075_m15_s03,75,15,0.500000,1234,5814.966430,8566.099818,10098.016339,0.000000,,,0,1,,,,,5.463568,MEDIUM
ga,hfvrp_n075_m15_s04,75,15,0.500000,999,5115.653626,6991.743886,8611.525569,0.000000,,,0,1,,,,,5.561821,MEDIUM
ga,hfvrp_n075_m15_s02,75,15,0.500000,9999,5215.120744,8572.980601,9501.611045,0.000000,,,0,1,,,,,16.930403,BIG
ga,hfvrp_n075_m15_s05,75,15,0.500000,200,4766.609059,6771.928421,8152.573270,0.000000,,,0,1,,,,,17.203257,BIG
ga,hfvrp_n075_m15_s02,75,15,0.500000,19345,6730.698957,12178.078359,12819.738136,0.000000,,,0,1,,,,,0.273560,DEFAULT
ga,hfvrp_n075_m15_s02,75,15,0.500000,19345,8254.992491,17164.217353,16837.101167,0.000000,,,0,1,,,,,0.040237,SMALL
ga,hfvrp_n075_m15_s05,75,15,0.500000,999,6283.445870,7605.065445,10085.978593,0.000000,,,0,1,,,,,0.278810,DEFAULT
ga,hfvrp_n075_m15_s05,75,15,0.500000,999,7514.661147,13310.626693,14169.974494,0.000000,,,0,1,,,,,0.036605,SMALL
ga,hfvrp_n100_m20_s02,100,20,0.500000,1788039556345989969,7639.721521,12066.417730,13672.930386,0.000000,,,0,1,,,,,23.702481,BIG
ga,hfvrp_n075_m15_s02,75,15,0.500000,19345,5490.604475,7499.370905,9240.289927,0.000000,,,0,1,,,,,5.594152,MEDIUM
ga,hfvrp_n075_m15_s05,75,15,0.500000,999,6224.259627,6563.966777,9506.243016,0.000000,,,0,1,,,,,5.436596,MEDIUM
ga,hfvrp_n075_m15_s03,75,15,0.500000,1234,4928.230783,8877.922079,9367.191823,0.000000,,,0,1,,,,,17.016651,BIG
ga,hfvrp_n075_m15_s04,75,15,0.500000,999,5999.564346,6871.935830,9435.532261,0.000000,,,0,1,,,,,16.990321,BIG
ga,hfvrp_n100_m20_s02,100,20,0.500000,1,11115.138394,17899.293412,20064.785100,0.000000,,,0,1,,,,,0.412218,DEFAULT
ga,hfvrp_n100_m20_s02,100,20,0.500000,1,12633.353137,27499.388541,26383.047407,0.000000,,,0,1,,,,,0.057337,SMALL
ga,hfvrp_n075_m15_s03,75,15,0.500000,9999,6786.370277,10061.780920,11817.260737,0.000000,,,0,1,,,,,0.284740,DEFAULT
ga,hfvrp_n075_m15_s03,75,15,0.500000,9999,7105.492263,18001.686378,16106.335452,0.000000,,,0,1,,,,,0.047485,SMALL
ga,hfvrp_n075_m15_s04,75,15,0.500000,1234,6930.634994,7959.757085,10910.513537,0.000000,,,0,1,,,,,0.277804,DEFAULT
ga,hfvrp_n075_m15_s04,75,15,0.500000,1234,8636.091214,17599.657240,17435.919834,0.000000,,,0,1,,,,,0.047647,SMALL
ga,hfvrp_n100_m20_s01,100,20,0.500000,75,7361.076743,13548.610955,14135.382221,0.000000,,,0,1,,,,,23.401892,BIG
ga,hfvrp_n075_m15_s03,75,15,0.500000,9999,5185.195301,8750.525465,9560.458034,0.000000,,,0,1,,,,,5.575349,MEDIUM
ga,hfvrp_n100_m20_s01,100,20,0.500000,100,10368.567235,22781.228634,21759.181552,0.000000,,,0,1,,,,,0.382245,DEFAULT
ga,hfvrp_n100_m20_s01,100,20,0.500000,100,12913.844973,28268.509466,27048.099706,0.000000,,,0,1,,,,,0.061815,SMALL
ga,hfvrp_n075_m15_s04,75,15,0.500000,1234,4776.025581,7358.265816,8455.158490,0.000000,,,0,1,,,,,5.567770,MEDIUM
ga,hfvrp_n100_m20_s02,100,20,0.500000,1,7663.499475,12592.398888,13959.698919,0.000000,,,0,1,,,,,7.633343,MEDIUM
ga,hfvrp_n100_m20_s01,100,20,0.500000,100,7580.821853,14265.311259,14713.477483,0.000000,,,0,1,,,,,7.548194,MEDIUM
ga,hfvrp_n075_m15_s02,75,15,0.500000,19345,5682.284091,8890.394951,10127.481566,0.000000,,,0,1,,,,,17.111250,BIG
ga,hfvrp_n075_m15_s05,75,15,0.500000,999,4859.297776,6562.816816,8140.706184,0.000000,,,0,1,,,,,16.986488,BIG
ga,hfvrp_n075_m15_s02,75,15,0.500000,1788039290503063894,7003.811753,13070.533711,13539.078608,0.000000,,,0,1,,,,,0.275648,DEFAULT
ga,hfvrp_n075_m15_s02,75,15,0.500000,1788039295077829510,7886.248593,16994.454473,16383.475830,0.000000,,,0,1,,,,,0.040124,SMALL
ga,hfvrp_n075_m15_s05,75,15,0.500000,1234,6099.649186,9184.758535,10692.028453,0.000000,,,0,1,,,,,0.286509,DEFAULT
ga,hfvrp_n075_m15_s05,75,15,0.500000,1234,7400.049582,12565.653330,13682.876247,0.000000,,,0,1,,,,,0.035934,SMALL
ga,hfvrp_n075_m15_s02,75,15,0.500000,1788039299416848080,5545.556811,8399.840716,9745.477169,0.000000,,,0,1,,,,,5.496342,MEDIUM
ga,hfvrp_n075_m15_s03,75,15,0.500000,9999,5942.284198,8804.823902,10344.696149,0.000000,,,0,1,,,,,16.602823,BIG
ga,hfvrp_n075_m15_s05,75,15,0.500000,1234,4745.890188,7866.730181,8679.255278,0.000000,,,0,1,,,,,5.563896,MEDIUM
ga,hfvrp_n075_m15_s03,75,15,0.500000,19345,6854.161996,11322.370078,12515.347035,0.000000,,,0,1,,,,,0.282290,DEFAULT
ga,hfvrp_n075_m15_s03,75,15,0.500000,19345,7669.186866,25390.205644,20364.289688,0.000000,,,0,1,,,,,0.035020,SMALL
ga,hfvrp_n075_m15_s04,75,15,0.500000,1234,5360.949552,7426.454133,9074.176618,0.000000,,,0,1,,,,,16.935541,BIG
ga,hfvrp_n075_m15_s04,75,15,0.500000,9999,7350.406750,9025.850234,11863.331867,0.000000,,,0,1,,,,,0.287484,DEFAULT
ga,hfvrp_n075_m15_s04,75,15,0.500000,9999,8479.804016,21671.663620,19315.635826,0.000000,,,0,1,,,,,0.036645,SMALL
ga,hfvrp_n075_m15_s03,75,15,0.500000,19345,4720.056010,9515.314398,9477.713209,0.000000,,,0,1,,,,,5.666089,MEDIUM
ga,hfvrp_n075_m15_s04,75,15,0.500000,9999,4667.390701,7286.992299,8310.886850,0.000000,,,0,1,,,,,5.639794,MEDIUM
ga,hfvrp_n100_m20_s02,100,20,0.500000,1,7232.958600,11409.708999,12937.813099,0.000000,,,0,1,,,,,23.885831,BIG
ga,hfvrp_n100_m20_s02,100,20,0.500000,10,10743.791544,18108.649686,19798.116387,0.000000,,,0,1,,,,,0.403038,DEFAULT
ga,hfvrp_n100_m20_s02,100,20,0.500000,10,12589.431762,35470.598307,30324.730916,0.000000,,,0,1,,,,,0.066810,SMALL
ga,hfvrp_n100_m20_s01,100,20,0.500000,100,7542.871483,13133.478364,14109.610665,0.000000,,,0,1,,,,,23.021024,BIG
ga,hfvrp_n100_m20_s01,100,20,0.500000,200,10354.558802,17964.939013,19337.028309,0.000000,,,0,1,,,,,0.400738,DEFAULT
ga,hfvrp_n100_m20_s01,100,20,0.500000,200,10899.423439,33719.323275,27759.085077,0.000000,,,0,1,,,,,0.061056,SMALL
ga,hfvrp_n075_m15_s02,75,15,0.500000,1788039528256004435,5092.027507,8811.278397,9497.666706,0.000000,,,0,1,,,,,17.525774,BIG
ga,hfvrp_n075_m15_s05,75,15,0.500000,1234,5317.535511,6351.925136,8493.498079,0.000000,,,0,1,,,,,17.297750,BIG
ga,hfvrp_n100_m20_s02,100,20,0.500000,10,7959.911793,11328.483117,13624.153351,0.000000,,,0,1,,,,,7.890840,MEDIUM
ga,hfvrp_n075_m15_s05,75,15,0.500000,9999,6046.580762,10123.415376,11108.288450,0.000000,,,0,1,,,,,0.284830,DEFAULT
ga,hfvrp_n075_m15_s05,75,15,0.500000,9999,7250.036135,15043.547354,14771.809812,0.000000,,,0,1,,,,,0.038822,SMALL
ga,hfvrp_n100_m20_s03,100,20,0.500000,1788039047275399104,11226.164032,17643.179252,20047.753658,0.000000,,,0,1,,,,,0.417174,DEFAULT
ga,hfvrp_n100_m20_s03,100,20,0.500000,1788039043401770398,10569.914099,24467.914977,22803.871588,0.000000,,,0,1,,,,,0.064967,SMALL
ga,hfvrp_n075_m15_s03,75,15,0.500000,19345,4619.314799,9719.947013,9479.288305,0.000000,,,0,1,,,,,16.896388,BIG
ga,hfvrp_n100_m20_s01,100,20,0.500000,200,8550.322599,13054.937295,15077.791247,0.000000,,,0,1,,,,,7.699421,MEDIUM
ga,hfvrp_n075_m15_s03,75,15,0.500000,1788039261064572254,6756.756636,11251.011020,12382.262146,0.000000,,,0,1,,,,,0.279314,DEFAULT
ga,hfvrp_n075_m15_s03,75,15,0.500000,1788039269937852358,7572.232499,23023.110441,19083.787720,0.000000,,,0,1,,,,,0.037281,SMALL
ga,hfvrp_n075_m15_s05,75,15,0.500000,9999,5104.674059,6642.632490,8425.990304,0.000000,,,0,1,,,,,5.518619,MEDIUM
ga,hfvrp_n075_m15_s04,75,15,0.500000,9999,5977.299249,7413.146671,9683.872584,0.000000,,,0,1,,,,,17.327326,BIG
ga,hfvrp_n075_m15_s04,75,15,0.500000,19345,7582.006682,9213.298450,12188.655907,0.000000,,,0,1,,,,,0.278733,DEFAULT
ga,hfvrp_n075_m15_s04,75,15,0.500000,19345,9998.072880,20243.272829,20119.709294,0.000000,,,0,1,,,,,0.039487,SMALL
ga,hfvrp_n100_m20_s03,100,20,0.500000,1788039039175794017,8167.851728,11232.493497,13784.098477,0.000000,,,0,1,,,,,7.862492,MEDIUM
ga,hfvrp_n075_m15_s03,75,15,0.500000,1788039274274016603,4860.384255,9908.168712,9814.468610,0.000000,,,0,1,,,,,5.546054,MEDIUM
ga,hfvrp_n075_m15_s04,75,15,0.500000,19345,5388.144576,6344.872479,8560.580816,0.000000,,,0,1,,,,,5.660082,MEDIUM
ga,hfvrp_n075_m15_s05,75,15,0.500000,9999,5326.376664,6921.643772,8787.198550,0.000000,,,0,1,,,,,17.074356,BIG
ga,hfvrp_n100_m20_s02,100,20,0.500000,10,6881.904544,11304.942434,12534.375761,0.000000,,,0,1,,,,,23.819750,BIG
ga,hfvrp_n075_m15_s05,75,15,0.500000,19345,6495.518198,8664.828836,10827.932616,0.000000,,,0,1,,,,,0.274237,DEFAULT
ga,hfvrp_n075_m15_s05,75,15,0.500000,19345,8340.774902,15210.258900,15945.904352,0.000000,,,0,1,,,,,0.036821,SMALL
ga,hfvrp_n100_m20_s02,100,20,0.500000,50,9922.781657,20539.718495,20192.640904,0.000000,,,0,1,,,,,0.391357,DEFAULT
ga,hfvrp_n100_m20_s02,100,20,0.500000,50,11283.361256,28279.414459,25423.068485,0.000000,,,0,1,,,,,0.057357,SMALL
ga,hfvrp_n075_m15_s03,75,15,0.500000,1788039039305730629,5073.383945,8935.215289,9540.991589,0.000000,,,0,1,,,,,17.212229,BIG
ga,hfvrp_n100_m20_s01,100,20,0.500000,200,7235.272045,15034.076525,14752.310307,0.000000,,,0,1,,,,,23.371282,BIG
ga,hfvrp_n075_m15_s04,75,15,0.500000,19345,5471.231870,6035.127459,8488.795600,0.000000,,,0,1,,,,,17.189016,BIG
ga,hfvrp_n075_m15_s05,75,15,0.500000,19345,5747.513046,6441.646484,8968.336288,0.000000,,,0,1,,,,,5.626342,MEDIUM
ga,hfvrp_n100_m20_s04,100,20,0.500000,1788041133399184160,9856.772629,18592.193814,19152.869535,0.000000,,,0,1,,,,,0.384402,DEFAULT
ga,hfvrp_n100_m20_s04,100,20,0.500000,1788041163852482465,12634.622314,24719.012142,24994.128385,0.000000,,,0,1,,,,,0.058237,SMALL
ga,hfvrp_n100_m20_s01,100,20,0.500000,999,10349.842535,22044.256907,21371.970988,0.000000,,,0,1,,,,,0.400962,DEFAULT
ga,hfvrp_n100_m20_s01,100,20,0.500000,999,13232.103957,36760.408937,31612.308425,0.000000,,,0,1,,,,,0.060622,SMALL
ga,hfvrp_n075_m15_s04,75,15,0.500000,1788041147567848589,7105.692257,9614.328377,11912.856446,0.000000,,,0,1,,,,,0.292689,DEFAULT
ga,hfvrp_n075_m15_s04,75,15,0.500000,1788041134979586375,7265.925406,20733.774097,17632.812455,0.000000,,,0,1,,,,,0.038797,SMALL
ga,hfvrp_n100_m20_s03,100,20,0.500000,1788039042747760871,8449.217255,9415.852272,13157.143391,0.000000,,,0,1,,,,,24.096685,BIG
ga,hfvrp_n100_m20_s02,100,20,0.500000,50,7761.079901,11746.218279,13634.189040,0.000000,,,0,1,,,,,7.815509,MEDIUM
ga,hfvrp_n075_m15_s04,75,15,0.500000,1788041139317307313,5312.197672,5690.544496,8157.469920,0.000000,,,0,1,,,,,5.586253,MEDIUM
ga,hfvrp_n100_m20_s03,100,20,0.500000,1,10521.891772,13907.754440,17475.768992,0.000000,,,0,1,,,,,0.471726,DEFAULT
ga,hfvrp_n100_m20_s03,100,20,0.500000,1,13306.809168,19961.400332,23287.509334,0.000000,,,0,1,,,,,0.062225,SMALL
ga,hfvrp_n100_m20_s04,100,20,0.500000,1788041151029837817,7947.766606,9856.061102,12875.797157,0.000000,,,0,1,,,,,7.930044,MEDIUM
ga,hfvrp_n100_m20_s01,100,20,0.500000,999,8247.525008,14398.355821,15446.702918,0.000000,,,0,1,,,,,7.727075,MEDIUM
ga,hfvrp_n100_m20_s03,100,20,0.500000,1,7927.162908,10306.147238,13080.236527,0.000000,,,0,1,,,,,7.730760,MEDIUM
ga,hfvrp_n075_m15_s05,75,15,0.500000,19345,4940.441648,6724.150147,8302.516722,0.000000,,,0,1,,,,,17.172314,BIG
ga,hfvrp_n075_m15_s05,75,15,0.500000,1788040937801056215,6380.679253,8068.238776,10414.798641,0.000000,,,0,1,,,,,0.272102,DEFAULT
ga,hfvrp_n075_m15_s05,75,15,0.500000,1788040942372443578,6350.449658,12843.957138,12772.428227,0.000000,,,0,1,,,,,0.040402,SMALL
ga,hfvrp_n075_m15_s04,75,15,0.500000,1788041179272912364,5490.395827,6293.591040,8637.191347,0.000000,,,0,1,,,,,17.081734,BIG
ga,hfvrp_n075_m15_s05,75,15,0.500000,1788040929532135173,5205.892743,9219.329133,9815.557310,0.000000,,,0,1,,,,,5.433294,MEDIUM
ga,hfvrp_n100_m20_s05,100,20,0.500000,1788041023119677720,11227.752807,20853.465391,21654.485503,0.000000,,,0,1,,,,,0.411637,DEFAULT
ga,hfvrp_n100_m20_s05,100,20,0.500000,1788041027830710562,12250.536608,51797.817536,38149.445376,0.000000,,,0,1,,,,,0.054578,SMALL
ga,hfvrp_n100_m20_s02,100,20,0.500000,50,7550.574020,9963.105252,12532.126646,0.000000,,,0,1,,,,,23.949278,BIG
ga,hfvrp_n100_m20_s02,100,20,0.500000,75,10575.296594,17739.726256,19445.159722,0.000000,,,0,1,,,,,0.400376,DEFAULT
ga,hfvrp_n100_m20_s02,100,20,0.500000,75,14188.679828,25397.047404,26887.203530,0.000000,,,0,1,,,,,0.056843,SMALL
ga,hfvrp_n100_m20_s01,100,20,0.500000,999,7842.946792,13872.364434,14779.129009,0.000000,,,0,1,,,,,23.350911,BIG
ga,hfvrp_n100_m20_s04,100,20,0.500000,1788040957105602763,7796.713985,10005.627608,12799.527789,0.000000,,,0,1,,,,,23.947952,BIG
ga,hfvrp_n100_m20_s01,100,20,0.500000,1234,9557.384736,18421.870355,18768.319914,0.000000,,,0,1,,,,,0.395720,DEFAULT
ga,hfvrp_n100_m20_s01,100,20,0.500000,1234,14344.744179,35106.064072,31897.776215,0.000000,,,0,1,,,,,0.060949,SMALL
ga,hfvrp_n100_m20_s04,100,20,0.500000,1,10291.410992,19120.832776,19851.827380,0.000000,,,0,1,,,,,0.390018,DEFAULT
ga,hfvrp_n100_m20_s04,100,20,0.500000,1,12214.459382,25447.041897,24937.980330,0.000000,,,0,1,,,,,0.061603,SMALL
ga,hfvrp_n100_m20_s05,100,20,0.500000,1788040997830023370,6617.358296,12137.916136,12686.316364,0.000000,,,0,1,,,,,7.702349,MEDIUM
ga,hfvrp_n100_m20_s02,100,20,0.500000,75,8146.520346,11363.794392,13828.417542,0.000000,,,0,1,,,,,7.734087,MEDIUM
ga,hfvrp_n100_m20_s03,100,20,0.500000,1,8006.921113,9760.410363,12887.126295,0.000000,,,0,1,,,,,24.184068,BIG
ga,hfvrp_n075_m15_s05,75,15,0.500000,1788041007984245883,5732.691065,6047.038122,8756.210126,0.000000,,,0,1,,,,,17.290374,BIG
ga,hfvrp_n100_m20_s01,100,20,0.500000,1234,7704.863135,15347.545672,15378.635971,0.000000,,,0,1,,,,,7.618880,MEDIUM
ga,hfvrp_n100_m20_s04,100,20,0.500000,1,7405.879089,11720.921496,13266.339837,0.000000,,,0,1,,,,,7.999011,MEDIUM
ga,hfvrp_n100_m20_s03,100,20,0.500000,10,10886.115681,19833.688487,20802.959925,0.000000,,,0,1,,,,,0.388680,DEFAULT
ga,hfvrp_n100_m20_s03,100,20,0.500000,10,14789.295286,24696.438809,27137.514691,0.000000,,,0,1,,,,,0.061496,SMALL
ga,hfvrp_n100_m20_s03,100,20,0.500000,10,8964.556745,11099.243277,14514.178383,0.000000,,,0,1,,,,,7.847435,MEDIUM
ga,hfvrp_n100_m20_s05,100,20,0.500000,1788040911047561096,7217.932910,9933.982743,12184.924281,0.000000,,,0,1,,,,,23.934030,BIG
ga,hfvrp_n100_m20_s02,100,20,0.500000,75,8031.690640,11790.889185,13927.135232,0.000000,,,0,1,,,,,23.325484,BIG
ga,hfvrp_n100_m20_s05,100,20,0.500000,1,9144.591931,21404.162741,19846.673301,0.000000,,,0,1,,,,,0.394951,DEFAULT
ga,hfvrp_n100_m20_s05,100,20,0.500000,1,13081.203046,31842.037523,29002.221807,0.000000,,,0,1,,,,,0.053333,SMALL
ga,hfvrp_n100_m20_s02,100,20,0.500000,100,8519.711634,12510.981519,14775.202393,0.000000,,,0,1,,,,,0.391181,DEFAULT
ga,hfvrp_n150_m30_s01,150,30,0.500000,1788040664796854036,22979.493582,36226.748016,41092.867590,0.000000,,,0,1,,,,,0.745176,DEFAULT
ga,hfvrp_n100_m20_s02,100,20,0.500000,100,12897.380835,32265.428192,29030.094931,0.000000,,,0,1,,,,,0.056434,SMALL
ga,hfvrp_n150_m30_s01,150,30,0.500000,1788040704201133818,27302.786125,67934.971682,61270.271966,0.000000,,,0,1,,,,,0.108991,SMALL
ga,hfvrp_n100_m20_s01,100,20,0.500000,1234,7481.220235,13966.151764,14464.296116,0.000000,,,0,1,,,,,24.070432,BIG
ga,hfvrp_n100_m20_s04,100,20,0.500000,1,7284.820779,9227.088171,11898.364865,0.000000,,,0,1,,,,,23.275955,BIG
ga,hfvrp_n100_m20_s01,100,20,0.500000,9999,9952.462581,20127.741184,20016.333173,0.000000,,,0,1,,,,,0.385347,DEFAULT
ga,hfvrp_n100_m20_s01,100,20,0.500000,9999,13525.050052,27719.272740,27384.686422,0.000000,,,0,1,,,,,0.060817,SMALL
ga,hfvrp_n100_m20_s04,100,20,0.500000,10,9559.630564,20618.160917,19868.711022,0.000000,,,0,1,,,,,0.394768,DEFAULT
ga,hfvrp_n100_m20_s04,100,20,0.500000,10,11002.458252,36992.104489,29498.510497,0.000000,,,0,1,,,,,0.055320,SMALL
ga,hfvrp_n100_m20_s05,100,20,0.500000,1,7254.557710,12180.041652,13344.578536,0.000000,,,0,1,,,,,7.848206,MEDIUM
ga,hfvrp_n100_m20_s02,100,20,0.500000,100,7375.960434,10874.300476,12813.110672,0.000000,,,0,1,,,,,7.924472,MEDIUM
ga,hfvrp_n100_m20_s03,100,20,0.500000,10,6863.885143,11194.703700,12461.236993,0.000000,,,0,1,,,,,23.841911,BIG
ga,hfvrp_n100_m20_s01,100,20,0.500000,9999,8279.452007,14659.603053,15609.253533,0.000000,,,0,1,,,,,7.888855,MEDIUM
ga,hfvrp_n100_m20_s04,100,20,0.500000,10,8323.214176,10121.141956,13383.785154,0.000000,,,0,1,,,,,7.982639,MEDIUM
ga,hfvrp_n150_m30_s01,150,30,0.500000,1788040712904336599,14218.155859,20176.690283,24306.501001,0.000000,,,0,1,,,,,14.669198,MEDIUM
ga,hfvrp_n100_m20_s03,100,20,0.500000,50,9499.257466,15981.739295,17490.127114,0.000000,,,0,1,,,,,0.386137,DEFAULT
ga,hfvrp_n100_m20_s03,100,20,0.500000,50,12399.636102,23488.673870,24143.973037,0.000000,,,0,1,,,,,0.053113,SMALL
ga,hfvrp_n100_m20_s03,100,20,0.500000,50,7912.284193,13096.792029,14460.680208,0.000000,,,0,1,,,,,7.732321,MEDIUM
ga,hfvrp_n100_m20_s05,100,20,0.500000,1,7289.118052,11327.795776,12953.015940,0.000000,,,0,1,,,,,23.561095,BIG
ga,hfvrp_n100_m20_s02,100,20,0.500000,100,6610.661471,12610.434032,12915.878487,0.000000,,,0,1,,,,,23.902199,BIG
ga,hfvrp_n100_m20_s05,100,20,0.500000,10,11005.344465,14340.030296,18175.359613,0.000000,,,0,1,,,,,0.397835,DEFAULT
ga,hfvrp_n100_m20_s05,100,20,0.500000,10,13404.572617,27864.382618,27336.763926,0.000000,,,0,1,,,,,0.064910,SMALL
ga,hfvrp_n100_m20_s02,100,20,0.500000,200,10879.673047,16621.048030,19190.197062,0.000000,,,0,1,,,,,0.399945,DEFAULT
ga,hfvrp_n100_m20_s02,100,20,0.500000,200,11770.037802,40165.680701,31852.878152,0.000000,,,0,1,,,,,0.054087,SMALL
ga,hfvrp_n100_m20_s01,100,20,0.500000,9999,7796.097104,15848.368364,15720.281286,0.000000,,,0,1,,,,,23.417412,BIG
ga,hfvrp_n100_m20_s04,100,20,0.500000,10,7864.385940,11708.972092,13718.871986,0.000000,,,0,1,,,,,23.540937,BIG
ga,hfvrp_n100_m20_s01,100,20,0.500000,19345,10033.936989,20705.244452,20386.559215,0.000000,,,0,1,,,,,0.402968,DEFAULT
ga,hfvrp_n100_m20_s01,100,20,0.500000,19345,11688.397277,31052.927763,27214.861158,0.000000,,,0,1,,,,,0.069597,SMALL
ga,hfvrp_n100_m20_s04,100,20,0.500000,50,8658.595696,12608.549626,14962.870510,0.000000,,,0,1,,,,,0.404596,DEFAULT
ga,hfvrp_n100_m20_s04,100,20,0.500000,50,10982.623884,23094.654502,22529.951135,0.000000,,,0,1,,,,,0.062456,SMALL
ga,hfvrp_n100_m20_s05,100,20,0.500000,10,8293.747890,10938.628788,13763.062284,0.000000,,,0,1,,,,,8.028452,MEDIUM
ga,hfvrp_n100_m20_s02,100,20,0.500000,200,7269.711940,12121.173068,13330.298474,0.000000,,,0,1,,,,,7.786075,MEDIUM
ga,hfvrp_n100_m20_s01,100,20,0.500000,19345,8350.287296,14720.046100,15710.310346,0.000000,,,0,1,,,,,7.701858,MEDIUM
ga,hfvrp_n100_m20_s04,100,20,0.500000,50,8477.093637,10940.591322,13947.389297,0.000000,,,0,1,,,,,7.829629,MEDIUM
ga,hfvrp_n100_m20_s03,100,20,0.500000,50,8166.117522,9681.971301,13007.103173,0.000000,,,0,1,,,,,23.897818,BIG
ga,hfvrp_n100_m20_s03,100,20,0.500000,75,10312.980683,16214.790854,18420.376110,0.000000,,,0,1,,,,,0.395288,DEFAULT
ga,hfvrp_n100_m20_s03,100,20,0.500000,75,12864.578248,26954.261652,26341.709074,0.000000,,,0,1,,,,,0.058793,SMALL
ga,hfvrp_n150_m30_s01,150,30,0.500000,1788040560074933473,14615.698158,16994.167253,23112.781784,0.000000,,,0,1,,,,,43.544452,BIG
ga,hfvrp_n100_m20_s03,100,20,0.500000,75,7568.521484,10900.657615,13018.850292,0.000000,,,0,1,,,,,7.798780,MEDIUM
ga,hfvrp_n100_m20_s05,100,20,0.500000,10,7734.032958,13205.106086,14336.586001,0.000000,,,0,1,,,,,23.805245,BIG
ga,hfvrp_n100_m20_s02,100,20,0.500000,200,7292.523693,10289.528556,12437.287971,0.000000,,,0,1,,,,,23.550564,BIG
ga,hfvrp_n100_m20_s05,100,20,0.500000,50,10259.868546,15814.995039,18167.366066,0.000000,,,0,1,,,,,0.384114,DEFAULT
ga,hfvrp_n100_m20_s05,100,20,0.500000,50,12018.151971,22903.184064,23469.744003,0.000000,,,0,1,,,,,0.053667,SMALL
ga,hfvrp_n100_m20_s02,100,20,0.500000,999,10496.981108,19457.820386,20225.891301,0.000000,,,0,1,,,,,0.391434,DEFAULT
ga,hfvrp_n100_m20_s02,100,20,0.500000,999,13407.806979,34529.692801,30672.653379,0.000000,,,0,1,,,,,0.056447,SMALL
ga,hfvrp_n100_m20_s01,100,20,0.500000,19345,8267.419246,14262.975577,15398.907034,0.000000,,,0,1,,,,,23.865673,BIG
ga,hfvrp_n100_m20_s04,100,20,0.500000,50,7701.936495,9299.881361,12351.877175,0.000000,,,0,1,,,,,23.752759,BIG
ga,hfvrp_n100_m20_s01,100,20,0.500000,1788039964964020038,10667.404906,24767.638509,23051.224160,0.000000,,,0,1,,,,,0.394981,DEFAULT
ga,hfvrp_n100_m20_s01,100,20,0.500000,1788039952478272125,13402.078576,40141.785209,33472.971180,0.000000,,,0,1,,,,,0.068336,SMALL
ga,hfvrp_n100_m20_s04,100,20,0.500000,75,9157.286424,18772.039694,18543.306271,0.000000,,,0,1,,,,,0.390696,DEFAULT
ga,hfvrp_n100_m20_s04,100,20,0.500000,75,11495.737609,27370.487876,25180.981547,0.000000,,,0,1,,,,,0.061920,SMALL
ga,hfvrp_n100_m20_s05,100,20,0.500000,50,7287.218532,12442.611391,13508.524227,0.000000,,,0,1,,,,,7.725364,MEDIUM
ga,hfvrp_n100_m20_s02,100,20,0.500000,999,7170.681368,12173.942228,13257.652482,0.000000,,,0,1,,,,,7.814997,MEDIUM
ga,hfvrp_n100_m20_s01,100,20,0.500000,1788039943960470146,7951.575388,15308.603587,15605.877181,0.000000,,,0,1,,,,,7.640855,MEDIUM
ga,hfvrp_n150_m30_s01,150,30,0.500000,1,21208.143544,40930.185336,41673.236212,0.000000,,,0,1,,,,,0.707230,DEFAULT
ga,hfvrp_n150_m30_s01,150,30,0.500000,1,22633.383652,78025.217503,61645.992403,0.000000,,,0,1,,,,,0.109595,SMALL
ga,hfvrp_n100_m20_s04,100,20,0.500000,75,7413.762206,11454.984177,13141.254294,0.000000,,,0,1,,,,,7.748771,MEDIUM
ga,hfvrp_n100_m20_s03,100,20,0.500000,75,8233.405519,9605.606169,13036.208603,0.000000,,,0,1,,,,,23.527565,BIG
ga,hfvrp_n100_m20_s03,100,20,0.500000,100,10689.455695,13475.041716,17426.976554,0.000000,,,0,1,,,,,0.415991,DEFAULT
ga,hfvrp_n100_m20_s03,100,20,0.500000,100,14287.156679,31194.589298,29884.451328,0.000000,,,0,1,,,,,0.063384,SMALL
ga,hfvrp_n150_m30_s01,150,30,0.500000,1,13408.713140,19572.587358,23195.006819,0.000000,,,0,1,,,,,14.628950,MEDIUM
ga,hfvrp_n100_m20_s03,100,20,0.500000,100,8428.701237,12888.588168,14872.995321,0.000000,,,0,1,,,,,7.903651,MEDIUM
ga,hfvrp_n100_m20_s05,100,20,0.500000,50,7348.524940,11042.738414,12869.894147,0.000000,,,0,1,,,,,23.681265,BIG
ga,hfvrp_n100_m20_s02,100,20,0.500000,999,7509.291455,10417.818152,12718.200531,0.000000,,,0,1,,,,,23.734248,BIG
ga,hfvrp_n100_m20_s05,100,20,0.500000,75,9139.971640,17870.171621,18075.057451,0.000000,,,0,1,,,,,0.397824,DEFAULT
ga,hfvrp_n100_m20_s05,100,20,0.500000,75,11504.195675,38168.786602,30588.588976,0.000000,,,0,1,,,,,0.063557,SMALL
ga,hfvrp_n100_m20_s02,100,20,0.500000,1234,10823.541587,17888.101580,19767.592377,0.000000,,,0,1,,,,,0.407136,DEFAULT
ga,hfvrp_n100_m20_s02,100,20,0.500000,1234,12700.746935,31653.304703,28527.399286,0.000000,,,0,1,,,,,0.052876,SMALL
ga,hfvrp_n100_m20_s01,100,20,0.500000,1788039985969596929,8065.077685,13300.369001,14715.262186,0.000000,,,0,1,,,,,24.111842,BIG
ga,hfvrp_n100_m20_s04,100,20,0.500000,75,7918.490437,12969.479822,14403.230348,0.000000,,,0,1,,,,,24.038883,BIG
ga,hfvrp_n100_m20_s04,100,20,0.500000,100,9676.050688,15838.385358,17595.243367,0.000000,,,0,1,,,,,0.407946,DEFAULT
ga,hfvrp_n100_m20_s04,100,20,0.500000,100,13611.373880,23669.703706,25446.225733,0.000000,,,0,1,,,,,0.064760,SMALL
ga,hfvrp_n100_m20_s05,100,20,0.500000,75,7560.306868,10374.550370,12747.582053,0.000000,,,0,1,,,,,7.854507,MEDIUM
ga,hfvrp_n100_m20_s02,100,20,0.500000,1234,8093.399775,12157.471061,14172.135305,0.000000,,,0,1,,,,,7.773633,MEDIUM
ga,hfvrp_n100_m20_s04,100,20,0.500000,100,7299.976441,12159.872000,13379.912441,0.000000,,,0,1,,,,,7.890830,MEDIUM
ga,hfvrp_n150_m30_s02,150,30,0.500000,1788042323669245247,20229.401571,36681.699344,38570.251243,0.000000,,,0,1,,,,,0.709589,DEFAULT
ga,hfvrp_n150_m30_s02,150,30,0.500000,1788042328678562487,25470.492749,78462.117347,64701.551422,0.000000,,,0,1,,,,,0.096905,SMALL
ga,hfvrp_n100_m20_s03,100,20,0.500000,100,8325.101856,9501.289937,13075.746824,0.000000,,,0,1,,,,,23.981029,BIG
ga,hfvrp_n100_m20_s03,100,20,0.500000,200,10270.265718,14925.873375,17733.202405,0.000000,,,0,1,,,,,0.403824,DEFAULT
ga,hfvrp_n100_m20_s03,100,20,0.500000,200,13203.227866,31576.380490,28991.418111,0.000000,,,0,1,,,,,0.062077,SMALL
ga,hfvrp_n150_m30_s02,150,30,0.500000,1788042333075097358,15055.663148,16774.281406,23442.803851,0.000000,,,0,1,,,,,14.399384,MEDIUM
ga,hfvrp_n100_m20_s03,100,20,0.500000,200,8104.475827,11093.773435,13651.362545,0.000000,,,0,1,,,,,7.857710,MEDIUM
ga,hfvrp_n100_m20_s05,100,20,0.500000,75,6908.893941,8944.286441,11381.037161,0.000000,,,0,1,,,,,23.457776,BIG
ga,hfvrp_n100_m20_s02,100,20,0.500000,1234,7971.065134,11226.948154,13584.539211,0.000000,,,0,1,,,,,23.750312,BIG
ga,hfvrp_n100_m20_s05,100,20,0.500000,100,10235.063006,17819.508865,19144.817439,0.000000,,,0,1,,,,,0.403653,DEFAULT
ga,hfvrp_n100_m20_s05,100,20,0.500000,100,10558.086828,35073.377661,28094.775659,0.000000,,,0,1,,,,,0.059581,SMALL
ga,hfvrp_n100_m20_s02,100,20,0.500000,9999,9595.510745,22424.682177,20807.851834,0.000000,,,0,1,,,,,0.397724,DEFAULT
ga,hfvrp_n100_m20_s02,100,20,0.500000,9999,12010.695361,39245.451515,31633.421119,0.000000,,,0,1,,,,,0.058223,SMALL
ga,hfvrp_n150_m30_s01,150,30,0.500000,1,14255.100377,17777.731177,23143.965965,0.000000,,,0,1,,,,,43.006493,BIG
ga,hfvrp_n100_m20_s04,100,20,0.500000,100,7723.711654,10574.760699,13011.092003,0.000000,,,0,1,,,,,23.806124,BIG
ga,hfvrp_n100_m20_s04,100,20,0.500000,200,9792.778382,16680.179261,18132.868012,0.000000,,,0,1,,,,,0.405334,DEFAULT
ga,hfvrp_n100_m20_s04,100,20,0.500000,200,11488.606467,30189.496600,26583.354767,0.000000,,,0,1,,,,,0.058079,SMALL
ga,hfvrp_n100_m20_s05,100,20,0.500000,100,6863.985360,10096.831540,11912.401130,0.000000,,,0,1,,,,,8.010449,MEDIUM
ga,hfvrp_n100_m20_s02,100,20,0.500000,9999,7245.996390,10503.530219,12497.761500,0.000000,,,0,1,,,,,7.835701,MEDIUM
ga,hfvrp_n100_m20_s04,100,20,0.500000,200,7770.775213,11421.311954,13481.431190,0.000000,,,0,1,,,,,7.945877,MEDIUM
ga,hfvrp_n100_m20_s03,100,20,0.500000,200,7769.068153,9485.056541,12511.596423,0.000000,,,0,1,,,,,23.986803,BIG
ga,hfvrp_n100_m20_s03,100,20,0.500000,999,10129.176623,14583.788224,17421.070735,0.000000,,,0,1,,,,,0.395204,DEFAULT
ga,hfvrp_n100_m20_s03,100,20,0.500000,999,12185.411082,30587.074443,27478.948304,0.000000,,,0,1,,,,,0.058042,SMALL
ga,hfvrp_n150_m30_s01,150,30,0.500000,10,22552.756207,33513.721482,39309.616948,0.000000,,,0,1,,,,,0.719500,DEFAULT
ga,hfvrp_n150_m30_s01,150,30,0.500000,10,25275.598865,80695.902841,65623.550285,0.000000,,,0,1,,,,,0.105123,SMALL
ga,hfvrp_n100_m20_s03,100,20,0.500000,999,8048.360002,9780.050996,12938.385500,0.000000,,,0,1,,,,,7.849847,MEDIUM
ga,hfvrp_n100_m20_s05,100,20,0.500000,100,7141.802848,10224.380511,12253.993104,0.000000,,,0,1,,,,,23.588731,BIG
ga,hfvrp_n100_m20_s02,100,20,0.500000,9999,7109.807517,9897.482241,12058.548638,0.000000,,,0,1,,,,,23.998468,BIG
ga,hfvrp_n100_m20_s05,100,20,0.500000,200,9402.826092,19425.009500,19115.330842,0.000000,,,0,1,,,,,0.401706,DEFAULT
ga,hfvrp_n100_m20_s05,100,20,0.500000,200,14116.081528,36649.154502,32440.658779,0.000000,,,0,1,,,,,0.059169,SMALL
ga,hfvrp_n100_m20_s02,100,20,0.500000,19345,8585.781175,16963.253856,17067.408103,0.000000,,,0,1,,,,,0.390850,DEFAULT
ga,hfvrp_n100_m20_s02,100,20,0.500000,19345,13067.915550,30322.707702,28229.269401,0.000000,,,0,1,,,,,0.055879,SMALL
ga,hfvrp_n100_m20_s04,100,20,0.500000,200,7666.487930,11363.307013,13348.141436,0.000000,,,0,1,,,,,23.561456,BIG
ga,hfvrp_n150_m30_s02,150,30,0.500000,1788042356075332273,15255.728084,16546.339914,23528.898042,0.000000,,,0,1,,,,,43.377755,BIG
ga,hfvrp_n150_m30_s01,150,30,0.500000,10,13856.088406,20652.636390,24182.406601,0.000000,,,0,1,,,,,14.524216,MEDIUM
ga,hfvrp_n100_m20_s04,100,20,0.500000,999,9977.087514,19280.746246,19617.460637,0.000000,,,0,1,,,,,0.399256,DEFAULT
ga,hfvrp_n100_m20_s04,100,20,0.500000,999,11892.694832,33323.140595,28554.265130,0.000000,,,0,1,,,,,0.060750,SMALL
ga,hfvrp_n100_m20_s05,100,20,0.500000,200,7898.532017,11646.683185,13721.873610,0.000000,,,0,1,,,,,7.736419,MEDIUM
ga,hfvrp_n100_m20_s02,100,20,0.500000,19345,7211.291530,11404.170807,12913.376933,0.000000,,,0,1,,,,,7.901313,MEDIUM
ga,hfvrp_n100_m20_s04,100,20,0.500000,999,7882.448878,9701.446920,12733.172337,0.000000,,,0,1,,,,,7.774746,MEDIUM
ga,hfvrp_n150_m30_s02,150,30,0.500000,1,22438.003917,31667.464413,38271.736123,0.000000,,,0,1,,,,,0.715240,DEFAULT
ga,hfvrp_n150_m30_s02,150,30,0.500000,1,20885.256885,47639.201776,44704.857773,0.000000,,,0,1,,,,,0.105751,SMALL
ga,hfvrp_n100_m20_s03,100,20,0.500000,999,8152.575632,11658.575944,13981.863605,0.000000,,,0,1,,,,,23.475463,BIG
ga,hfvrp_n100_m20_s03,100,20,0.500000,1234,10316.942431,18261.319229,19447.602045,0.000000,,,0,1,,,,,0.386176,DEFAULT
ga,hfvrp_n100_m20_s03,100,20,0.500000,1234,13234.541341,23640.417196,25054.749939,0.000000,,,0,1,,,,,0.063899,SMALL
ga,hfvrp_n150_m30_s02,150,30,0.500000,1,13981.672622,16797.673555,22380.509400,0.000000,,,0,1,,,,,14.422416,MEDIUM
ga,hfvrp_n100_m20_s05,100,20,0.500000,200,7319.784791,12852.503214,13746.036399,0.000000,,,0,1,,,,,23.525821,BIG
ga,hfvrp_n100_m20_s03,100,20,0.500000,1234,8069.060516,11831.284560,13984.702796,0.000000,,,0,1,,,,,7.821673,MEDIUM
ga,hfvrp_n100_m20_s02,100,20,0.500000,19345,7528.467426,10977.454990,13017.194921,0.000000,,,0,1,,,,,23.456383,BIG
ga,hfvrp_n100_m20_s05,100,20,0.500000,999,11138.677194,17513.712524,19895.533456,0.000000,,,0,1,,,,,0.400841,DEFAULT
ga,hfvrp_n100_m20_s05,100,20,0.500000,999,10800.638838,30532.472292,26066.874984,0.000000,,,0,1,,,,,0.060942,SMALL
ga,hfvrp_n100_m20_s02,100,20,0.500000,1788042684543668186,11130.470941,16053.521510,19157.231696,0.000000,,,0,1,,,,,0.391659,DEFAULT
ga,hfvrp_n100_m20_s02,100,20,0.500000,1788042680650130969,12847.548115,33187.519441,29441.307836,0.000000,,,0,1,,,,,0.055859,SMALL
ga,hfvrp_n100_m20_s04,100,20,0.500000,999,7668.632707,12196.054408,13766.659911,0.000000,,,0,1,,,,,23.427409,BIG
ga,hfvrp_n100_m20_s04,100,20,0.500000,1234,9709.643165,20462.542457,19940.914394,0.000000,,,0,1,,,,,0.387740,DEFAULT
ga,hfvrp_n100_m20_s04,100,20,0.500000,1234,10886.013840,35217.664755,28494.846217,0.000000,,,0,1,,,,,0.060087,SMALL
ga,hfvrp_n100_m20_s05,100,20,0.500000,999,7580.915938,10456.034393,12808.933134,0.000000,,,0,1,,,,,7.789081,MEDIUM
ga,hfvrp_n100_m20_s02,100,20,0.500000,1788042693595170442,7491.290125,12317.035873,13649.808062,0.000000,,,0,1,,,,,7.898862,MEDIUM
ga,hfvrp_n100_m20_s04,100,20,0.500000,1234,7683.937848,9145.976427,12256.926061,0.000000,,,0,1,,,,,7.911400,MEDIUM
ga,hfvrp_n150_m30_s01,150,30,0.500000,10,14717.519647,18422.633301,23928.836297,0.000000,,,0,1,,,,,43.452266,BIG
ga,hfvrp_n100_m20_s03,100,20,0.500000,1234,8178.251994,10338.329690,13347.416839,0.000000,,,0,1,,,,,24.076050,BIG
ga,hfvrp_n100_m20_s03,100,20,0.500000,9999,10447.742697,17653.437275,19274.461334,0.000000,,,0,1,,,,,0.402493,DEFAULT
ga,hfvrp_n100_m20_s03,100,20,0.500000,9999,12852.080240,26571.734293,26137.947386,0.000000,,,0,1,,,,,0.062270,SMALL
ga,hfvrp_n100_m20_s05,100,20,0.500000,999,6773.522477,12395.835658,12971.440306,0.000000,,,0,1,,,,,23.880474,BIG
ga,hfvrp_n100_m20_s02,100,20,0.500000,1788042989266926248,7396.405546,10829.653428,12811.232260,0.000000,,,0,1,,,,,23.507009,BIG
ga,hfvrp_n100_m20_s03,100,20,0.500000,9999,8551.209007,11761.516983,14431.967498,0.000000,,,0,1,,,,,8.025491,MEDIUM
ga,hfvrp_n100_m20_s05,100,20,0.500000,1234,11363.155345,15531.515880,19128.913285,0.000000,,,0,1,,,,,0.410334,DEFAULT
ga,hfvrp_n100_m20_s05,100,20,0.500000,1234,15360.408598,35329.485055,33025.151126,0.000000,,,0,1,,,,,0.065376,SMALL
ga,hfvrp_n150_m30_s01,150,30,0.500000,50,21210.208403,37934.507600,40177.462202,0.000000,,,0,1,,,,,0.726747,DEFAULT
ga,hfvrp_n150_m30_s01,150,30,0.500000,50,23628.254916,69167.598675,58212.054254,0.000000,,,0,1,,,,,0.106723,SMALL
ga,hfvrp_n100_m20_s04,100,20,0.500000,1234,7248.007201,8601.622477,11548.818439,0.000000,,,0,1,,,,,23.723961,BIG
ga,hfvrp_n150_m30_s02,150,30,0.500000,1,13741.972113,23533.683313,25508.813769,0.000000,,,0,1,,,,,43.462425,BIG
ga,hfvrp_n100_m20_s04,100,20,0.500000,9999,9887.961292,19483.218345,19629.570465,0.000000,,,0,1,,,,,0.392981,DEFAULT
ga,hfvrp_n100_m20_s04,100,20,0.500000,9999,13637.964902,28663.751074,27969.840439,0.000000,,,0,1,,,,,0.065738,SMALL
ga,hfvrp_n150_m30_s03,150,30,0.500000,1788042962099888635,20389.396155,36628.918601,38703.855456,0.000000,,,0,1,,,,,0.713978,DEFAULT
ga,hfvrp_n150_m30_s03,150,30,0.500000,1788042949938524483,24201.522070,44447.831099,46425.437620,0.000000,,,0,1,,,,,0.122267,SMALL
ga,hfvrp_n100_m20_s05,100,20,0.500000,1234,7373.364334,10440.149501,12593.439084,0.000000,,,0,1,,,,,7.954243,MEDIUM
ga,hfvrp_n100_m20_s04,100,20,0.500000,9999,7367.415748,13292.623112,14013.727304,0.000000,,,0,1,,,,,7.833359,MEDIUM
ga,hfvrp_n150_m30_s01,150,30,0.500000,50,16714.469572,18927.644663,26178.291903,0.000000,,,0,1,,,,,14.409741,MEDIUM
ga,hfvrp_n150_m30_s02,150,30,0.500000,10,23391.820918,34760.333127,40771.987482,0.000000,,,0,1,,,,,0.745484,DEFAULT
ga,hfvrp_n150_m30_s02,150,30,0.500000,10,28722.741505,67554.580276,62500.031643,0.000000,,,0,1,,,,,0.107242,SMALL
ga,hfvrp_n150_m30_s03,150,30,0.500000,1788042954365248595,15016.488763,17367.312399,23700.144963,0.000000,,,0,1,,,,,14.328481,MEDIUM
ga,hfvrp_n100_m20_s03,100,20,0.500000,9999,8655.598040,10439.344099,13875.270090,0.000000,,,0,1,,,,,23.749202,BIG
ga,hfvrp_n100_m20_s03,100,20,0.500000,19345,10973.462067,14963.010892,18454.967513,0.000000,,,0,1,,,,,0.408006,DEFAULT
ga,hfvrp_n100_m20_s03,100,20,0.500000,19345,14241.892335,22185.700641,25334.742656,0.000000,,,0,1,,,,,0.058400,SMALL
ga,hfvrp_n150_m30_s02,150,30,0.500000,10,13658.086891,21570.360191,24443.266986,0.000000,,,0,1,,,,,14.301758,MEDIUM
ga,hfvrp_n100_m20_s05,100,20,0.500000,1234,7812.516089,11787.666090,13706.349134,0.000000,,,0,1,,,,,23.684629,BIG
ga,hfvrp_n100_m20_s05,100,20,0.500000,9999,8872.734975,15701.776583,16723.623267,0.000000,,,0,1,,,,,0.402724,DEFAULT
ga,hfvrp_n100_m20_s05,100,20,0.500000,9999,13868.757777,35957.430960,31847.473257,0.000000,,,0,1,,,,,0.060571,SMALL
ga,hfvrp_n100_m20_s03,100,20,0.500000,19345,7750.415817,12586.028876,14043.430255,0.000000,,,0,1,,,,,7.812282,MEDIUM
ga,hfvrp_n100_m20_s04,100,20,0.500000,9999,8671.470181,11022.873078,14182.906720,0.000000,,,0,1,,,,,24.104111,BIG
ga,hfvrp_n100_m20_s04,100,20,0.500000,19345,9022.181332,19131.358816,18587.860740,0.000000,,,0,1,,,,,0.393175,DEFAULT
ga,hfvrp_n100_m20_s04,100,20,0.500000,19345,11773.003750,32896.196151,28221.101825,0.000000,,,0,1,,,,,0.062370,SMALL
ga,hfvrp_n100_m20_s05,100,20,0.500000,9999,7923.909896,13514.465643,14681.142717,0.000000,,,0,1,,,,,7.756313,MEDIUM
ga,hfvrp_n100_m20_s04,100,20,0.500000,19345,7488.563958,9142.691815,12059.909866,0.000000,,,0,1,,,,,7.904040,MEDIUM
ga,hfvrp_n150_m30_s01,150,30,0.500000,50,13180.098944,23535.203357,24947.700623,0.000000,,,0,1,,,,,43.680665,BIG
ga,hfvrp_n100_m20_s03,100,20,0.500000,19345,8414.222826,9149.342480,12988.894065,0.000000,,,0,1,,,,,23.745217,BIG
ga,hfvrp_n100_m20_s03,100,20,0.500000,1788043237602008325,10140.686227,17270.299890,18775.836171,0.000000,,,0,1,,,,,0.390895,DEFAULT
ga,hfvrp_n100_m20_s03,100,20,0.500000,1788043233707116236,11334.235352,26767.506121,24717.988412,0.000000,,,0,1,,,,,0.056380,SMALL
ga,hfvrp_n150_m30_s03,150,30,0.500000,1788043342366904745,15113.509321,16501.711438,23364.365040,0.000000,,,0,1,,,,,43.759316,BIG
ga,hfvrp_n100_m20_s05,100,20,0.500000,9999,7405.251516,11788.295177,13299.399105,0.000000,,,0,1,,,,,23.705909,BIG
ga,hfvrp_n100_m20_s05,100,20,0.500000,19345,10818.530500,16988.413622,19312.737312,0.000000,,,0,1,,,,,0.416630,DEFAULT
ga,hfvrp_n100_m20_s05,100,20,0.500000,19345,11896.014070,32778.430521,28285.229331,0.000000,,,0,1,,,,,0.057629,SMALL
ga,hfvrp_n100_m20_s04,100,20,0.500000,19345,7608.644266,10012.657616,12614.973074,0.000000,,,0,1,,,,,24.504883,BIG
ga,hfvrp_n100_m20_s03,100,20,0.500000,1788043263835243244,7823.957135,11395.229556,13521.571913,0.000000,,,0,1,,,,,8.045552,MEDIUM
ga,hfvrp_n100_m20_s04,100,20,0.500000,1788043175398550770,10813.694552,17131.291939,19379.340521,0.000000,,,0,1,,,,,0.401784,DEFAULT
ga,hfvrp_n100_m20_s04,100,20,0.500000,1788043162924283823,10687.196854,33102.442368,27238.418038,0.000000,,,0,1,,,,,0.068593,SMALL
ga,hfvrp_n150_m30_s03,150,30,0.500000,1,18988.829694,34670.886057,36324.272723,0.000000,,,0,1,,,,,0.717363,DEFAULT
ga,hfvrp_n150_m30_s02,150,30,0.500000,10,14966.493373,15579.054635,22756.020691,0.000000,,,0,1,,,,,45.159461,BIG
ga,hfvrp_n150_m30_s03,150,30,0.500000,1,23602.259073,59747.544543,53476.031345,0.000000,,,0,1,,,,,0.119631,SMALL
ga,hfvrp_n100_m20_s05,100,20,0.500000,19345,6586.520515,13893.774309,13533.407669,0.000000,,,0,1,,,,,8.009147,MEDIUM
ga,hfvrp_n150_m30_s01,150,30,0.500000,75,21176.992210,48091.652876,45222.818647,0.000000,,,0,1,,,,,0.690767,DEFAULT
ga,hfvrp_n150_m30_s01,150,30,0.500000,75,22526.274166,67433.726024,56243.137177,0.000000,,,0,1,,,,,0.112269,SMALL
ga,hfvrp_n100_m20_s04,100,20,0.500000,1788043167292072460,7725.745288,9864.027302,12657.758939,0.000000,,,0,1,,,,,7.821355,MEDIUM
ga,hfvrp_n150_m30_s02,150,30,0.500000,50,22728.230966,29920.437664,37688.449798,0.000000,,,0,1,,,,,0.742201,DEFAULT
ga,hfvrp_n150_m30_s02,150,30,0.500000,50,23642.683711,68925.344304,58105.355863,0.000000,,,0,1,,,,,0.106676,SMALL
ga,hfvrp_n150_m30_s03,150,30,0.500000,1,16464.002595,18409.268474,25668.636831,0.000000,,,0,1,,,,,14.366128,MEDIUM
ga,hfvrp_n100_m20_s03,100,20,0.500000,1788043168805946441,8884.627716,12574.878044,15172.066738,0.000000,,,0,1,,,,,23.428523,BIG
ga,hfvrp_n150_m30_s01,150,30,0.500000,75,13178.183137,18946.972158,22651.669216,0.000000,,,0,1,,,,,14.631560,MEDIUM
ga,hfvrp_n100_m20_s05,100,20,0.500000,19345,7085.109566,11166.744473,12668.481803,0.000000,,,0,1,,,,,23.786088,BIG
ga,hfvrp_n150_m30_s02,150,30,0.500000,50,16237.589274,18814.515668,25644.847108,0.000000,,,0,1,,,,,14.359062,MEDIUM
ga,hfvrp_n100_m20_s05,100,20,0.500000,1788041608267557605,10337.812608,15581.013198,18128.319207,0.000000,,,0,1,,,,,0.405502,DEFAULT
ga,hfvrp_n100_m20_s05,100,20,0.500000,1788041587202756534,12472.440895,31771.897350,28358.389570,0.000000,,,0,1,,,,,0.056969,SMALL
ga,hfvrp_n150_m30_s04,150,30,0.500000,1788041582952760739,23852.485389,37600.257185,42652.613981,0.000000,,,0,1,,,,,0.759965,DEFAULT
ga,hfvrp_n150_m30_s04,150,30,0.500000,1788041592307551322,23985.221496,89615.958464,68793.200728,0.000000,,,0,1,,,,,0.095674,SMALL
ga,hfvrp_n100_m20_s04,100,20,0.500000,1788041491495523998,7577.628344,10250.293979,12702.775333,0.000000,,,0,1,,,,,23.648849,BIG
ga,hfvrp_n100_m20_s05,100,20,0.500000,1788041595853829693,7357.769416,13928.073783,14321.806307,0.000000,,,0,1,,,,,7.937529,MEDIUM
ga,hfvrp_n150_m30_s05,150,30,0.500000,1788041645746217625,22459.073155,23565.625631,34241.885970,0.000000,,,0,1,,,,,0.702747,DEFAULT
ga,hfvrp_n150_m30_s05,150,30,0.500000,1788041719468322943,24707.580432,53846.325957,51630.743411,0.000000,,,0,1,,,,,0.091209,SMALL
ga,hfvrp_n150_m30_s04,150,30,0.500000,1788041639652574986,16483.227369,22666.745452,27816.600095,0.000000,,,0,1,,,,,14.396027,MEDIUM
ga,hfvrp_n150_m30_s05,150,30,0.500000,1788041723864116839,13444.164947,17904.578324,22396.454109,0.000000,,,0,1,,,,,14.217296,MEDIUM
ga,hfvrp_n150_m30_s03,150,30,0.500000,1,16084.969223,17401.688314,24785.813380,0.000000,,,0,1,,,,,43.780844,BIG
ga,hfvrp_n100_m20_s05,100,20,0.500000,1788041655340670466,6781.116207,12476.976154,13019.604284,0.000000,,,0,1,,,,,23.247294,BIG
ga,hfvrp_n150_m30_s01,150,30,0.500000,75,13150.252162,17246.143698,21773.324011,0.000000,,,0,1,,,,,44.544350,BIG
ga,hfvrp_n150_m30_s03,150,30,0.500000,10,20334.633851,30030.813762,35350.040732,0.000000,,,0,1,,,,,0.740470,DEFAULT
ga,hfvrp_n150_m30_s03,150,30,0.500000,10,27583.255562,63921.625621,59544.068373,0.000000,,,0,1,,,,,0.112073,SMALL
ga,hfvrp_n150_m30_s02,150,30,0.500000,50,14055.922326,16955.513845,22533.679249,0.000000,,,0,1,,,,,43.980158,BIG
ga,hfvrp_n150_m30_s02,150,30,0.500000,75,20380.092387,37211.627681,38985.906228,0.000000,,,0,1,,,,,0.714687,DEFAULT
ga,hfvrp_n150_m30_s02,150,30,0.500000,75,24882.146294,52976.442960,51370.367774,0.000000,,,0,1,,,,,0.110160,SMALL
ga,hfvrp_n150_m30_s03,150,30,0.500000,10,16637.984245,18621.925444,25948.946967,0.000000,,,0,1,,,,,14.613857,MEDIUM
ga,hfvrp_n150_m30_s01,150,30,0.500000,100,21555.436402,41671.256605,42391.064704,0.000000,,,0,1,,,,,0.713482,DEFAULT
ga,hfvrp_n150_m30_s01,150,30,0.500000,100,26286.402839,79243.807925,65908.306801,0.000000,,,0,1,,,,,0.109766,SMALL
ga,hfvrp_n150_m30_s04,150,30,0.500000,1788041731363253394,15007.048328,19287.859630,24650.978143,0.000000,,,0,1,,,,,44.616389,BIG
ga,hfvrp_n200_m40_s01,200,40,0.500000,1788041238987933601,37092.668883,61017.634421,67601.486093,0.000000,,,0,1,,,,,1.368769,DEFAULT
ga,hfvrp_n200_m40_s01,200,40,0.500000,1788041425051520576,46724.161563,95253.533071,94350.928099,0.000000,,,0,1,,,,,0.172297,SMALL
ga,hfvrp_n150_m30_s02,150,30,0.500000,75,13745.171224,20070.489607,23780.416028,0.000000,,,0,1,,,,,14.687045,MEDIUM
ga,hfvrp_n150_m30_s05,150,30,0.500000,1788041738092431695,13245.123412,15483.086782,20986.666803,0.000000,,,0,1,,,,,43.684912,BIG
ga,hfvrp_n150_m30_s04,150,30,0.500000,1,20522.330145,40843.816831,40944.238561,0.000000,,,0,1,,,,,0.689840,DEFAULT
ga,hfvrp_n150_m30_s04,150,30,0.500000,1,26677.111831,60792.290040,57073.256851,0.000000,,,0,1,,,,,0.109621,SMALL
ga,hfvrp_n150_m30_s01,150,30,0.500000,100,15745.558117,17142.384582,24316.750408,0.000000,,,0,1,,,,,14.456523,MEDIUM
ga,hfvrp_n150_m30_s05,150,30,0.500000,1,19764.764347,35139.105362,37334.317028,0.000000,,,0,1,,,,,0.698377,DEFAULT
ga,hfvrp_n150_m30_s05,150,30,0.500000,1,25395.343634,50154.331475,50472.509372,0.000000,,,0,1,,,,,0.101107,SMALL
ga,hfvrp_n150_m30_s04,150,30,0.500000,1,16499.814251,19973.710364,26486.669433,0.000000,,,0,1,,,,,14.566821,MEDIUM
ga,hfvrp_n200_m40_s01,200,40,0.500000,1788041420933547877,25850.197418,22862.295623,37281.345230,0.000000,,,0,1,,,,,26.948240,MEDIUM
ga,hfvrp_n150_m30_s05,150,30,0.500000,1,15104.683652,16649.185764,23429.276534,0.000000,,,0,1,,,,,14.098916,MEDIUM
ga,hfvrp_n150_m30_s03,150,30,0.500000,10,15594.924198,16655.837198,23922.842797,0.000000,,,0,1,,,,,42.778319,BIG
ga,hfvrp_n150_m30_s03,150,30,0.500000,50,22579.817438,30432.328780,37795.981829,0.000000,,,0,1,,,,,0.728277,DEFAULT
ga,hfvrp_n150_m30_s03,150,30,0.500000,50,25107.707215,61380.642605,55798.028518,0.000000,,,0,1,,,,,0.111493,SMALL
ga,hfvrp_n150_m30_s02,150,30,0.500000,75,14745.326306,16862.040327,23176.346469,0.000000,,,0,1,,,,,44.555540,BIG
ga,hfvrp_n150_m30_s01,150,30,0.500000,100,13369.258627,21357.788022,24048.152638,0.000000,,,0,1,,,,,42.983948,BIG
ga,hfvrp_n150_m30_s03,150,30,0.500000,50,15084.256147,19883.080467,25025.796380,0.000000,,,0,1,,,,,14.341287,MEDIUM
ga,hfvrp_n150_m30_s02,150,30,0.500000,100,20471.513577,27716.141747,34329.584450,0.000000,,,0,1,,,,,0.729760,DEFAULT
ga,hfvrp_n150_m30_s02,150,30,0.500000,100,26362.081365,54457.039829,53590.601280,0.000000,,,0,1,,,,,0.112235,SMALL
ga,hfvrp_n150_m30_s04,150,30,0.500000,1,16781.290238,18766.404191,26164.492333,0.000000,,,0,1,,,,,44.491152,BIG
ga,hfvrp_n150_m30_s01,150,30,0.500000,200,21752.482767,42780.808608,43142.887072,0.000000,,,0,1,,,,,0.723174,DEFAULT
ga,hfvrp_n150_m30_s01,150,30,0.500000,200,24559.028824,80798.299932,64958.178790,0.000000,,,0,1,,,,,0.120839,SMALL
ga,hfvrp_n150_m30_s05,150,30,0.500000,1,13670.948957,16482.484739,21912.191327,0.000000,,,0,1,,,,,43.869361,BIG
ga,hfvrp_n150_m30_s02,150,30,0.500000,100,16513.357427,17630.123176,25328.419015,0.000000,,,0,1,,,,,14.531428,MEDIUM
ga,hfvrp_n150_m30_s04,150,30,0.500000,10,23084.570769,37422.278518,41795.710028,0.000000,,,0,1,,,,,0.711172,DEFAULT
ga,hfvrp_n150_m30_s04,150,30,0.500000,10,27007.098094,69046.773148,61530.484668,0.000000,,,0,1,,,,,0.101032,SMALL
ga,hfvrp_n150_m30_s05,150,30,0.500000,10,21438.314272,32043.860638,37460.244591,0.000000,,,0,1,,,,,0.738476,DEFAULT
ga,hfvrp_n150_m30_s05,150,30,0.500000,10,24050.991459,52350.932828,50226.457873,0.000000,,,0,1,,,,,0.096874,SMALL
ga,hfvrp_n150_m30_s01,150,30,0.500000,200,15590.203647,23714.847362,27447.627328,0.000000,,,0,1,,,,,14.447732,MEDIUM
ga,hfvrp_n150_m30_s04,150,30,0.500000,10,16483.947028,19353.607867,26160.750962,0.000000,,,0,1,,,,,14.655657,MEDIUM
ga,hfvrp_n150_m30_s05,150,30,0.500000,10,13148.274733,14994.515978,20645.532722,0.000000,,,0,1,,,,,14.151800,MEDIUM
ga,hfvrp_n150_m30_s03,150,30,0.500000,50,15866.946681,19457.672494,25595.782928,0.000000,,,0,1,,,,,44.735291,BIG
ga,hfvrp_n200_m40_s01,200,40,0.500000,1788041430707150250,27019.500577,20669.657246,37354.329200,0.000000,,,0,1,,,,,80.685609,BIG
ga,hfvrp_n150_m30_s03,150,30,0.500000,75,23757.726465,36379.099078,41947.276004,0.000000,,,0,1,,,,,0.733527,DEFAULT
ga,hfvrp_n150_m30_s03,150,30,0.500000,75,27204.827437,73266.917358,63838.286116,0.000000,,,0,1,,,,,0.115285,SMALL
ga,hfvrp_n150_m30_s02,150,30,0.500000,100,14539.228236,18885.467346,23981.961909,0.000000,,,0,1,,,,,42.181702,BIG
ga,hfvrp_n150_m30_s03,150,30,0.500000,75,16773.609582,18812.033786,26179.626475,0.000000,,,0,1,,,,,14.363566,MEDIUM
ga,hfvrp_n150_m30_s02,150,30,0.500000,200,23033.883446,32970.816038,39519.291465,0.000000,,,0,1,,,,,0.721946,DEFAULT
ga,hfvrp_n150_m30_s02,150,30,0.500000,200,24029.684759,49247.981277,48653.675398,0.000000,,,0,1,,,,,0.114183,SMALL
ga,hfvrp_n150_m30_s01,150,30,0.500000,200,14446.897976,20522.056465,24707.926209,0.000000,,,0,1,,,,,43.910186,BIG
ga,hfvrp_n200_m40_s01,200,40,0.500000,1,37213.421872,51217.951581,62822.397663,0.000000,,,0,1,,,,,1.315698,DEFAULT
ga,hfvrp_n200_m40_s01,200,40,0.500000,1,50113.722899,126488.874416,113358.160107,0.000000,,,0,1,,,,,0.164236,SMALL
ga,hfvrp_n150_m30_s04,150,30,0.500000,10,14318.451525,18503.766186,23570.334618,0.000000,,,0,1,,,,,44.790619,BIG
ga,hfvrp_n150_m30_s05,150,30,0.500000,10,14017.679756,15076.407684,21555.883598,0.000000,,,0,1,,,,,43.580366,BIG
ga,hfvrp_n150_m30_s02,150,30,0.500000,200,15264.409011,18056.579625,24292.698824,0.000000,,,0,1,,,,,14.532073,MEDIUM
ga,hfvrp_n150_m30_s04,150,30,0.500000,50,22717.359757,40614.689192,43024.704353,0.000000,,,0,1,,,,,0.710328,DEFAULT
ga,hfvrp_n150_m30_s04,150,30,0.500000,50,28933.760622,79260.221091,68563.871168,0.000000,,,0,1,,,,,0.105257,SMALL
ga,hfvrp_n150_m30_s01,150,30,0.500000,999,23652.742739,43597.510984,45451.498232,0.000000,,,0,1,,,,,0.732611,DEFAULT
ga,hfvrp_n150_m30_s01,150,30,0.500000,999,24532.440577,63999.549308,56532.215231,0.000000,,,0,1,,,,,0.116766,SMALL
ga,hfvrp_n150_m30_s05,150,30,0.500000,50,20855.841787,27490.923610,34601.303592,0.000000,,,0,1,,,,,0.694844,DEFAULT
ga,hfvrp_n150_m30_s05,150,30,0.500000,50,24223.295433,64283.511997,56365.051431,0.000000,,,0,1,,,,,0.099401,SMALL
ga,hfvrp_n150_m30_s04,150,30,0.500000,50,18212.458377,22075.762939,29250.339847,0.000000,,,0,1,,,,,14.595300,MEDIUM
ga,hfvrp_n200_m40_s01,200,40,0.500000,1,26227.373906,20915.334331,36685.041071,0.000000,,,0,1,,,,,26.986719,MEDIUM
ga,hfvrp_n150_m30_s05,150,30,0.500000,50,14529.801778,15256.895545,22158.249551,0.000000,,,0,1,,,,,14.220970,MEDIUM
ga,hfvrp_n150_m30_s01,150,30,0.500000,999,13935.357597,17868.270544,22869.492870,0.000000,,,0,1,,,,,14.856752,MEDIUM
ga,hfvrp_n150_m30_s03,150,30,0.500000,75,15081.359355,14821.588611,22492.153661,0.000000,,,0,1,,,,,43.394308,BIG
ga,hfvrp_n150_m30_s03,150,30,0.500000,100,20815.352142,39871.341755,40751.023019,0.000000,,,0,1,,,,,0.734950,DEFAULT
ga,hfvrp_n150_m30_s03,150,30,0.500000,100,26090.285280,61741.425203,56960.997882,0.000000,,,0,1,,,,,0.108786,SMALL
ga,hfvrp_n150_m30_s02,150,30,0.500000,200,15754.077784,18586.517035,25047.336302,0.000000,,,0,1,,,,,44.021094,BIG
ga,hfvrp_n150_m30_s03,150,30,0.500000,100,15227.874199,17973.896309,24214.822354,0.000000,,,0,1,,,,,14.323688,MEDIUM
ga,hfvrp_n150_m30_s02,150,30,0.500000,999,21161.353146,30163.882649,36243.294470,0.000000,,,0,1,,,,,0.727336,DEFAULT
ga,hfvrp_n150_m30_s02,150,30,0.500000,999,26183.355958,67678.687946,60022.699931,0.000000,,,0,1,,,,,0.112769,SMALL
ga,hfvrp_n150_m30_s04,150,30,0.500000,50,15790.767167,18377.251966,24979.393150,0.000000,,,0,1,,,,,44.634477,BIG
ga,hfvrp_n150_m30_s05,150,30,0.500000,50,13872.854196,15176.428542,21461.068467,0.000000,,,0,1,,,,,43.054946,BIG
ga,hfvrp_n150_m30_s01,150,30,0.500000,999,15131.821515,16073.648625,23168.645828,0.000000,,,0,1,,,,,44.438335,BIG
ga,hfvrp_n150_m30_s02,150,30,0.500000,999,14467.250647,16983.990973,22959.246133,0.000000,,,0,1,,,,,14.541664,MEDIUM
ga,hfvrp_n150_m30_s04,150,30,0.500000,75,23037.514683,52580.652133,49327.840749,0.000000,,,0,1,,,,,0.724942,DEFAULT
ga,hfvrp_n150_m30_s04,150,30,0.500000,75,30616.651851,62807.301180,62020.302441,0.000000,,,0,1,,,,,0.103495,SMALL
ga,hfvrp_n150_m30_s05,150,30,0.500000,75,20495.254683,28880.450671,34935.480019,0.000000,,,0,1,,,,,0.711316,DEFAULT
ga,hfvrp_n150_m30_s05,150,30,0.500000,75,29595.627394,50136.882687,54664.068737,0.000000,,,0,1,,,,,0.099908,SMALL
ga,hfvrp_n150_m30_s04,150,30,0.500000,75,17019.661498,21139.696926,27589.509961,0.000000,,,0,1,,,,,14.542702,MEDIUM
ga,hfvrp_n150_m30_s01,150,30,0.500000,1234,19478.948240,35081.403582,37019.650031,0.000000,,,0,1,,,,,0.721299,DEFAULT
ga,hfvrp_n150_m30_s01,150,30,0.500000,1234,23141.861920,76932.467902,61608.095871,0.000000,,,0,1,,,,,0.105323,SMALL
ga,hfvrp_n150_m30_s05,150,30,0.500000,75,13139.227228,15361.241062,20819.847759,0.000000,,,0,1,,,,,14.298447,MEDIUM
ga,hfvrp_n150_m30_s03,150,30,0.500000,100,14034.133389,18213.990361,23141.128569,0.000000,,,0,1,,,,,43.627062,BIG
ga,hfvrp_n200_m40_s01,200,40,0.500000,1,27440.491790,20603.430711,37742.207145,0.000000,,,0,1,,,,,78.907435,BIG
ga,hfvrp_n150_m30_s03,150,30,0.500000,200,20724.533043,41666.466173,41557.766130,0.000000,,,0,1,,,,,0.728303,DEFAULT
ga,hfvrp_n150_m30_s03,150,30,0.500000,200,27519.203838,67181.338613,61109.873145,0.000000,,,0,1,,,,,0.112658,SMALL
ga,hfvrp_n150_m30_s01,150,30,0.500000,1234,14550.251341,19761.153440,24430.828061,0.000000,,,0,1,,,,,14.512354,MEDIUM
ga,hfvrp_n150_m30_s02,150,30,0.500000,999,13069.625882,14262.281956,20200.766860,0.000000,,,0,1,,,,,43.567503,BIG
ga,hfvrp_n150_m30_s03,150,30,0.500000,200,17071.869095,17431.069919,25787.404054,0.000000,,,0,1,,,,,14.589011,MEDIUM
ga,hfvrp_n200_m40_s01,200,40,0.500000,10,40895.008064,51704.167021,66747.091575,0.000000,,,0,1,,,,,1.350913,DEFAULT
ga,hfvrp_n200_m40_s01,200,40,0.500000,10,42451.043688,80521.430462,82711.758919,0.000000,,,0,1,,,,,0.169744,SMALL
ga,hfvrp_n150_m30_s02,150,30,0.500000,1234,19999.464356,30404.289597,35201.609154,0.000000,,,0,1,,,,,0.716100,DEFAULT
ga,hfvrp_n150_m30_s02,150,30,0.500000,1234,26679.685535,50085.796547,51722.583809,0.000000,,,0,1,,,,,0.107114,SMALL
ga,hfvrp_n150_m30_s04,150,30,0.500000,75,15667.867514,18329.496076,24832.615552,0.000000,,,0,1,,,,,44.646688,BIG
ga,hfvrp_n150_m30_s05,150,30,0.500000,75,14609.623110,12292.905978,20756.076099,0.000000,,,0,1,,,,,43.843108,BIG
ga,hfvrp_n150_m30_s04,150,30,0.500000,100,22468.233483,36654.139449,40795.303208,0.000000,,,0,1,,,,,0.744293,DEFAULT
ga,hfvrp_n150_m30_s02,150,30,0.500000,1234,14020.933295,17756.648828,22899.257709,0.000000,,,0,1,,,,,14.742193,MEDIUM
ga,hfvrp_n150_m30_s04,150,30,0.500000,100,26630.196411,86450.119455,69855.256138,0.000000,,,0,1,,,,,0.104951,SMALL
ga,hfvrp_n150_m30_s05,150,30,0.500000,100,21601.180694,27973.998996,35588.180192,0.000000,,,0,1,,,,,0.720497,DEFAULT
ga,hfvrp_n150_m30_s05,150,30,0.500000,100,28369.274083,48213.470956,52476.009561,0.000000,,,0,1,,,,,0.112728,SMALL
ga,hfvrp_n150_m30_s01,150,30,0.500000,1234,13791.817820,18990.065733,23286.850687,0.000000,,,0,1,,,,,44.432413,BIG
ga,hfvrp_n200_m40_s01,200,40,0.500000,10,27178.417721,24714.606002,39535.720722,0.000000,,,0,1,,,,,26.533886,MEDIUM
ga,hfvrp_n150_m30_s04,150,30,0.500000,100,15788.482952,19294.965058,25435.965482,0.000000,,,0,1,,,,,14.778689,MEDIUM
ga,hfvrp_n150_m30_s03,150,30,0.500000,200,15126.220338,17012.175125,23632.307900,0.000000,,,0,1,,,,,42.347531,BIG
ga,hfvrp_n150_m30_s05,150,30,0.500000,100,14118.482390,16820.857127,22528.910954,0.000000,,,0,1,,,,,14.056600,MEDIUM
ga,hfvrp_n150_m30_s03,150,30,0.500000,999,19255.226146,33692.562299,36101.507296,0.000000,,,0,1,,,,,0.760047,DEFAULT
ga,hfvrp_n150_m30_s03,150,30,0.500000,999,24398.956296,68688.916043,58743.414318,0.000000,,,0,1,,,,,0.109038,SMALL
ga,hfvrp_n150_m30_s01,150,30,0.500000,9999,19034.285316,32505.460679,35287.015655,0.000000,,,0,1,,,,,0.724163,DEFAULT
ga,hfvrp_n150_m30_s01,150,30,0.500000,9999,24466.145945,70453.141957,59692.716923,0.000000,,,0,1,,,,,0.115980,SMALL
ga,hfvrp_n150_m30_s02,150,30,0.500000,1234,16206.431340,15809.379673,24111.121177,0.000000,,,0,1,,,,,43.115419,BIG
ga,hfvrp_n150_m30_s03,150,30,0.500000,999,14807.018794,20550.209408,25082.123498,0.000000,,,0,1,,,,,14.332894,MEDIUM
ga,hfvrp_n150_m30_s01,150,30,0.500000,9999,14376.979840,19454.688311,24104.323996,0.000000,,,0,1,,,,,14.437893,MEDIUM
ga,hfvrp_n150_m30_s02,150,30,0.500000,9999,19238.036300,36515.155553,37495.614077,0.000000,,,0,1,,,,,0.717884,DEFAULT
ga,hfvrp_n150_m30_s02,150,30,0.500000,9999,25682.206605,59817.123508,55590.768359,0.000000,,,0,1,,,,,0.106946,SMALL
ga,hfvrp_n150_m30_s04,150,30,0.500000,100,16520.776733,20063.733182,26552.643324,0.000000,,,0,1,,,,,44.509778,BIG
ga,hfvrp_n150_m30_s05,150,30,0.500000,100,13452.063112,15017.155381,20960.640803,0.000000,,,0,1,,,,,41.789651,BIG
ga,hfvrp_n150_m30_s02,150,30,0.500000,9999,15575.630803,22015.023873,26583.142739,0.000000,,,0,1,,,,,14.115218,MEDIUM
ga,hfvrp_n150_m30_s04,150,30,0.500000,200,22396.786700,34117.191825,39455.382612,0.000000,,,0,1,,,,,0.704698,DEFAULT
ga,hfvrp_n150_m30_s04,150,30,0.500000,200,23357.110762,89287.848418,68001.034971,0.000000,,,0,1,,,,,0.091703,SMALL
ga,hfvrp_n150_m30_s05,150,30,0.500000,200,20845.976619,29856.657442,35774.305340,0.000000,,,0,1,,,,,0.692351,DEFAULT
ga,hfvrp_n150_m30_s05,150,30,0.500000,200,27166.382481,55025.959083,54679.362023,0.000000,,,0,1,,,,,0.098560,SMALL
ga,hfvrp_n150_m30_s04,150,30,0.500000,200,16637.917032,19365.255174,26320.544619,0.000000,,,0,1,,,,,14.649079,MEDIUM
ga,hfvrp_n150_m30_s03,150,30,0.500000,999,15284.752174,15515.377202,23042.440775,0.000000,,,0,1,,,,,43.390616,BIG
ga,hfvrp_n150_m30_s05,150,30,0.500000,200,16193.147432,15727.825460,24057.060162,0.000000,,,0,1,,,,,14.434228,MEDIUM
ga,hfvrp_n200_m40_s01,200,40,0.500000,10,24774.536213,20669.307142,35109.189784,0.000000,,,0,1,,,,,79.046246,BIG
ga,hfvrp_n150_m30_s01,150,30,0.500000,9999,13845.970045,16669.947554,22180.943821,0.000000,,,0,1,,,,,45.179257,BIG
ga,hfvrp_n150_m30_s03,150,30,0.500000,1234,22073.438298,29031.114013,36588.995305,0.000000,,,0,1,,,,,0.714404,DEFAULT
ga,hfvrp_n150_m30_s03,150,30,0.500000,1234,22447.545458,76323.645471,60609.368193,0.000000,,,0,1,,,,,0.104235,SMALL
ga,hfvrp_n150_m30_s03,150,30,0.500000,1234,15826.354991,17875.035630,24763.872805,0.000000,,,0,1,,,,,14.604760,MEDIUM
ga,hfvrp_n150_m30_s02,150,30,0.500000,9999,14620.489961,21419.317039,25330.148480,0.000000,,,0,1,,,,,42.912539,BIG
ga,hfvrp_n150_m30_s01,150,30,0.500000,19345,20725.427283,42772.454293,42111.654430,0.000000,,,0,1,,,,,0.738933,DEFAULT
ga,hfvrp_n150_m30_s01,150,30,0.500000,19345,27927.423687,70908.485946,63381.666660,0.000000,,,0,1,,,,,0.108962,SMALL
ga,hfvrp_n200_m40_s01,200,40,0.500000,50,43051.534847,58904.333793,72503.701744,0.000000,,,0,1,,,,,1.334133,DEFAULT
ga,hfvrp_n200_m40_s01,200,40,0.500000,50,44971.060472,90417.149532,90179.635238,0.000000,,,0,1,,,,,0.173520,SMALL
ga,hfvrp_n150_m30_s02,150,30,0.500000,19345,23865.052092,29838.910441,38784.507313,0.000000,,,0,1,,,,,0.730740,DEFAULT
ga,hfvrp_n150_m30_s02,150,30,0.500000,19345,27314.693404,56712.520281,55670.953544,0.000000,,,0,1,,,,,0.108129,SMALL
ga,hfvrp_n150_m30_s01,150,30,0.500000,19345,14390.710154,23285.455298,26033.437803,0.000000,,,0,1,,,,,14.136664,MEDIUM
ga,hfvrp_n150_m30_s04,150,30,0.500000,200,16330.368565,20207.232471,26433.984801,0.000000,,,0,1,,,,,44.324634,BIG
ga,hfvrp_n150_m30_s05,150,30,0.500000,200,13389.049286,13698.506170,20238.302371,0.000000,,,0,1,,,,,43.603640,BIG
ga,hfvrp_n150_m30_s02,150,30,0.500000,19345,15730.617551,21002.022525,26231.628813,0.000000,,,0,1,,,,,14.765176,MEDIUM
ga,hfvrp_n150_m30_s04,150,30,0.500000,999,22856.840699,36824.896432,41269.288915,0.000000,,,0,1,,,,,0.713086,DEFAULT
ga,hfvrp_n150_m30_s04,150,30,0.500000,999,27738.947792,51540.809851,53509.352718,0.000000,,,0,1,,,,,0.115447,SMALL
ga,hfvrp_n150_m30_s05,150,30,0.500000,999,24482.323579,27571.471982,38268.059570,0.000000,,,0,1,,,,,0.744840,DEFAULT
ga,hfvrp_n150_m30_s05,150,30,0.500000,999,27632.922872,51481.074486,53373.460115,0.000000,,,0,1,,,,,0.100182,SMALL
ga,hfvrp_n200_m40_s01,200,40,0.500000,50,27511.343427,22820.606628,38921.646741,0.000000,,,0,1,,,,,26.056291,MEDIUM
ga,hfvrp_n150_m30_s04,150,30,0.500000,999,17792.541480,18270.278533,26927.680747,0.000000,,,0,1,,,,,14.460271,MEDIUM
ga,hfvrp_n150_m30_s03,150,30,0.500000,1234,16449.845807,17415.406817,25157.549215,0.000000,,,0,1,,,,,43.134044,BIG
ga,hfvrp_n150_m30_s05,150,30,0.500000,999,15087.559071,15575.443642,22875.280893,0.000000,,,0,1,,,,,14.315009,MEDIUM
ga,hfvrp_n150_m30_s03,150,30,0.500000,9999,21797.619791,33558.198996,38576.719289,0.000000,,,0,1,,,,,0.749728,DEFAULT
ga,hfvrp_n150_m30_s03,150,30,0.500000,9999,23134.338560,80417.893831,63343.285475,0.000000,,,0,1,,,,,0.107471,SMALL
ga,hfvrp_n150_m30_s01,150,30,0.500000,19345,15205.204011,17135.084741,23772.746381,0.000000,,,0,1,,,,,44.593076,BIG
ga,hfvrp_n150_m30_s03,150,30,0.500000,9999,16390.696072,19095.957661,25938.674902,0.000000,,,0,1,,,,,14.792915,MEDIUM
ga,hfvrp_n150_m30_s02,150,30,0.500000,19345,15044.136771,15352.077419,22720.175480,0.000000,,,0,1,,,,,43.263251,BIG
ga,hfvrp_n150_m30_s01,150,30,0.500000,1788035989941471169,20962.970972,31290.039345,36607.990644,0.000000,,,0,1,,,,,0.720222,DEFAULT
ga,hfvrp_n150_m30_s01,150,30,0.500000,1788036033616174431,23130.346437,79943.730019,63102.211447,0.000000,,,0,1,,,,,0.111149,SMALL
ga,hfvrp_n150_m30_s02,150,30,0.500000,1788035994341335248,21548.320525,30858.387591,36977.514321,0.000000,,,0,1,,,,,0.757844,DEFAULT
ga,hfvrp_n150_m30_s02,150,30,0.500000,1788036042353717743,26552.736804,65666.799656,59386.136632,0.000000,,,0,1,,,,,0.103901,SMALL
ga,hfvrp_n150_m30_s04,150,30,0.500000,999,15392.097715,17982.607453,24383.401442,0.000000,,,0,1,,,,,43.511808,BIG
ga,hfvrp_n150_m30_s05,150,30,0.500000,999,13528.188600,14641.804458,20849.090829,0.000000,,,0,1,,,,,43.654714,BIG
ga,hfvrp_n150_m30_s04,150,30,0.500000,1234,24318.948996,40791.602032,44714.750012,0.000000,,,0,1,,,,,0.716762,DEFAULT
ga,hfvrp_n150_m30_s04,150,30,0.500000,1234,27467.000614,59483.200376,57208.600802,0.000000,,,0,1,,,,,0.106656,SMALL
ga,hfvrp_n150_m30_s02,150,30,0.500000,1788036046756660761,15431.281161,18330.374127,24596.468225,0.000000,,,0,1,,,,,14.255497,MEDIUM
ga,hfvrp_n150_m30_s01,150,30,0.500000,1788036038026957220,14654.026105,19021.510177,24164.781193,0.000000,,,0,1,,,,,14.872669,MEDIUM
ga,hfvrp_n150_m30_s05,150,30,0.500000,1234,22550.849910,21431.216378,33266.458099,0.000000,,,0,1,,,,,0.705509,DEFAULT
ga,hfvrp_n150_m30_s05,150,30,0.500000,1234,27825.983375,39958.785341,47805.376046,0.000000,,,0,1,,,,,0.094854,SMALL
ga,hfvrp_n150_m30_s04,150,30,0.500000,1234,14851.553973,19787.209976,24745.158961,0.000000,,,0,1,,,,,14.714283,MEDIUM
ga,hfvrp_n150_m30_s03,150,30,0.500000,9999,15297.303846,17546.010709,24070.309200,0.000000,,,0,1,,,,,43.020281,BIG
ga,hfvrp_n150_m30_s05,150,30,0.500000,1234,15554.193457,15370.127839,23239.257376,0.000000,,,0,1,,,,,14.262599,MEDIUM
ga,hfvrp_n200_m40_s01,200,40,0.500000,50,23124.845246,18652.997978,32451.344235,0.000000,,,0,1,,,,,79.982837,BIG
ga,hfvrp_n150_m30_s03,150,30,0.500000,19345,19983.786023,36122.339391,38044.955719,0.000000,,,0,1,,,,,0.716363,DEFAULT
ga,hfvrp_n150_m30_s03,150,30,0.500000,19345,25345.289500,64051.993066,57371.286033,0.000000,,,0,1,,,,,0.112771,SMALL
ga,hfvrp_n150_m30_s03,150,30,0.500000,19345,16133.806870,20932.221040,26599.917390,0.000000,,,0,1,,,,,14.429660,MEDIUM
ga,hfvrp_n150_m30_s02,150,30,0.500000,1788036052432447854,13339.242250,18298.435607,22488.460053,0.000000,,,0,1,,,,,43.992231,BIG
ga,hfvrp_n150_m30_s01,150,30,0.500000,1788036048609747071,14847.764668,17674.449336,23684.989336,0.000000,,,0,1,,,,,43.962963,BIG
ga,hfvrp_n200_m40_s01,200,40,0.500000,75,40084.380249,64023.236505,72095.998502,0.000000,,,0,1,,,,,1.302320,DEFAULT
ga,hfvrp_n200_m40_s01,200,40,0.500000,75,49961.388515,119127.948489,109525.362759,0.000000,,,0,1,,,,,0.173148,SMALL
ga,hfvrp_n150_m30_s04,150,30,0.500000,1234,15170.405071,18299.055915,24319.933028,0.000000,,,0,1,,,,,44.429444,BIG
ga,hfvrp_n150_m30_s05,150,30,0.500000,1234,13958.025333,18223.522459,23069.786562,0.000000,,,0,1,,,,,44.052479,BIG
ga,hfvrp_n150_m30_s04,150,30,0.500000,9999,21350.931911,39199.146715,40950.505269,0.000000,,,0,1,,,,,0.699677,DEFAULT
ga,hfvrp_n150_m30_s04,150,30,0.500000,9999,25503.303736,54007.778227,52507.192849,0.000000,,,0,1,,,,,0.107484,SMALL
ga,hfvrp_n150_m30_s05,150,30,0.500000,9999,20009.100832,29860.937914,34939.569789,0.000000,,,0,1,,,,,0.677137,DEFAULT
ga,hfvrp_n150_m30_s05,150,30,0.500000,9999,23036.834539,51587.628178,48830.648628,0.000000,,,0,1,,,,,0.098844,SMALL
ga,hfvrp_n200_m40_s01,200,40,0.500000,75,27325.836259,25582.249724,40116.961121,0.000000,,,0,1,,,,,25.752553,MEDIUM
ga,hfvrp_n200_m40_s02,200,40,0.500000,1788035707657715075,39119.110485,50450.932097,64344.576534,0.000000,,,0,1,,,,,1.340130,DEFAULT
ga,hfvrp_n200_m40_s02,200,40,0.500000,1788035704707203688,48230.261373,89628.570997,93044.546872,0.000000,,,0,1,,,,,0.173044,SMALL
ga,hfvrp_n150_m30_s03,150,30,0.500000,19345,16359.419031,17099.141075,24908.989568,0.000000,,,0,1,,,,,44.034029,BIG
ga,hfvrp_n200_m40_s03,200,40,0.500000,1788035734097717602,33496.138639,81083.024474,74037.650876,0.000000,,,0,1,,,,,1.319685,DEFAULT
ga,hfvrp_n200_m40_s03,200,40,0.500000,1788035954471649005,47144.429664,110238.403583,102263.631455,0.000000,,,0,1,,,,,0.164212,SMALL
ga,hfvrp_n150_m30_s04,150,30,0.500000,9999,15738.206620,20125.639989,25801.026614,0.000000,,,0,1,,,,,14.766493,MEDIUM
ga,hfvrp_n150_m30_s05,150,30,0.500000,9999,13365.284766,16323.039139,21526.804335,0.000000,,,0,1,,,,,14.159064,MEDIUM
ga,hfvrp_n150_m30_s03,150,30,0.500000,1788035946621640481,23707.344162,37524.886310,42469.787317,0.000000,,,0,1,,,,,0.731074,DEFAULT
ga,hfvrp_n150_m30_s03,150,30,0.500000,1788035960241862312,26445.710510,69846.358421,61368.889721,0.000000,,,0,1,,,,,0.104695,SMALL
ga,hfvrp_n200_m40_s02,200,40,0.500000,1788035709184930038,26323.052336,25767.300644,39206.702658,0.000000,,,0,1,,,,,26.227176,MEDIUM
ga,hfvrp_n150_m30_s03,150,30,0.500000,1788035956060916005,17113.142800,18752.859733,26489.572667,0.000000,,,0,1,,,,,14.375524,MEDIUM
ga,hfvrp_n200_m40_s03,200,40,0.500000,1788035950348261591,28150.131298,38725.857958,47513.060277,0.000000,,,0,1,,,,,26.211738,MEDIUM
ga,hfvrp_n150_m30_s04,150,30,0.500000,9999,14945.293722,23245.797582,26568.192513,0.000000,,,0,1,,,,,42.972404,BIG
ga,hfvrp_n150_m30_s05,150,30,0.500000,9999,13450.655059,17156.669305,22028.989712,0.000000,,,0,1,,,,,43.064402,BIG
ga,hfvrp_n150_m30_s04,150,30,0.500000,19345,22118.628028,31248.834146,37743.045101,0.000000,,,0,1,,,,,0.728290,DEFAULT
ga,hfvrp_n150_m30_s04,150,30,0.500000,19345,30770.015097,80207.525329,70873.777761,0.000000,,,0,1,,,,,0.110275,SMALL
ga,hfvrp_n150_m30_s05,150,30,0.500000,19345,22313.538539,26544.376450,35585.726764,0.000000,,,0,1,,,,,0.717776,DEFAULT
ga,hfvrp_n150_m30_s05,150,30,0.500000,19345,22945.599152,60377.426246,53134.312275,0.000000,,,0,1,,,,,0.098873,SMALL
ga,hfvrp_n150_m30_s03,150,30,0.500000,1788035747102682726,15350.512691,16997.380294,23849.202838,0.000000,,,0,1,,,,,43.680646,BIG
ga,hfvrp_n150_m30_s04,150,30,0.500000,19345,16004.089459,20095.986539,26052.082729,0.000000,,,0,1,,,,,14.722300,MEDIUM
ga,hfvrp_n200_m40_s01,200,40,0.500000,75,25213.810364,23539.608644,36983.614686,0.000000,,,0,1,,,,,80.950410,BIG
ga,hfvrp_n150_m30_s05,150,30,0.500000,19345,14195.883256,13293.460249,20842.613380,0.000000,,,0,1,,,,,14.360983,MEDIUM
ga,hfvrp_n200_m40_s02,200,40,0.500000,1788035739718333899,20182.127314,18384.144457,29374.199543,0.000000,,,0,1,,,,,78.013764,BIG
ga,hfvrp_n200_m40_s01,200,40,0.500000,100,37255.646553,53117.503511,63814.398308,0.000000,,,0,1,,,,,1.344444,DEFAULT
ga,hfvrp_n200_m40_s01,200,40,0.500000,100,51239.882096,102344.639584,102412.201888,0.000000,,,0,1,,,,,0.170920,SMALL
ga,hfvrp_n200_m40_s04,200,40,0.500000,1788035613351366729,38349.165760,49434.864948,63066.598234,0.000000,,,0,1,,,,,1.311837,DEFAULT
ga,hfvrp_n200_m40_s04,200,40,0.500000,1788035610379074750,46168.664723,86665.622486,89501.475966,0.000000,,,0,1,,,,,0.177055,SMALL
ga,hfvrp_n200_m40_s03,200,40,0.500000,1788035753231791168,23116.335227,31142.414588,38687.542520,0.000000,,,0,1,,,,,78.500565,BIG
ga,hfvrp_n150_m30_s04,150,30,0.500000,19345,15456.660287,18245.798287,24579.559430,0.000000,,,0,1,,,,,43.707243,BIG
ga,hfvrp_n150_m30_s05,150,30,0.500000,19345,13709.511156,17168.011564,22293.516938,0.000000,,,0,1,,,,,42.760801,BIG
ga,hfvrp_n150_m30_s04,150,30,0.500000,1788035502170352729,22031.478143,32791.693743,38427.325015,0.000000,,,0,1,,,,,0.710721,DEFAULT
ga,hfvrp_n150_m30_s04,150,30,0.500000,1788035498590426964,25392.073887,85113.126609,67948.637192,0.000000,,,0,1,,,,,0.104697,SMALL
ga,hfvrp_n150_m30_s05,150,30,0.500000,1788035508236320776,24317.721968,29665.527551,39150.485743,0.000000,,,0,1,,,,,0.704527,DEFAULT
ga,hfvrp_n150_m30_s05,150,30,0.500000,1788035513240294490,26489.913801,49295.126943,51137.477272,0.000000,,,0,1,,,,,0.104993,SMALL
ga,hfvrp_n200_m40_s01,200,40,0.500000,100,25246.849493,24735.894059,37614.796523,0.000000,,,0,1,,,,,27.172508,MEDIUM
ga,hfvrp_n200_m40_s04,200,40,0.500000,1788035606266897472,25977.377583,17855.081599,34904.918383,0.000000,,,0,1,,,,,25.988952,MEDIUM
ga,hfvrp_n200_m40_s02,200,40,0.500000,1,39883.104765,54489.192115,67127.700822,0.000000,,,0,1,,,,,1.359756,DEFAULT
ga,hfvrp_n200_m40_s02,200,40,0.500000,1,43454.299192,98577.645061,92743.121723,0.000000,,,0,1,,,,,0.173300,SMALL
ga,hfvrp_n150_m30_s04,150,30,0.500000,1788035502994252452,16570.245714,20292.135859,26716.313644,0.000000,,,0,1,,,,,14.525339,MEDIUM
ga,hfvrp_n150_m30_s05,150,30,0.500000,1788035517644500909,13966.375840,13877.335952,20905.043816,0.000000,,,0,1,,,,,14.348730,MEDIUM
ga,hfvrp_n200_m40_s03,200,40,0.500000,1,35817.733912,68283.279037,69959.373431,0.000000,,,0,1,,,,,1.323738,DEFAULT
ga,hfvrp_n200_m40_s03,200,40,0.500000,1,43440.547015,132207.108555,109544.101292,0.000000,,,0,1,,,,,0.175564,SMALL
ga,hfvrp_n200_m40_s02,200,40,0.500000,1,25676.097918,21357.114747,36354.655291,0.000000,,,0,1,,,,,26.004464,MEDIUM
ga,hfvrp_n200_m40_s03,200,40,0.500000,1,26681.529500,29683.405578,41523.232288,0.000000,,,0,1,,,,,26.288549,MEDIUM
ga,hfvrp_n150_m30_s04,150,30,0.500000,1788035470285271971,15052.318289,16365.055000,23234.845789,0.000000,,,0,1,,,,,43.130515,BIG
ga,hfvrp_n150_m30_s05,150,30,0.500000,1788035467579095423,15636.613266,15110.410769,23191.818651,0.000000,,,0,1,,,,,43.991350,BIG
ga,augerat_A_n32_k5,31,8,0.500000,1788038269054044364,8496.693337,1603.733052,9298.559863,0.000000,,,0,1,,,,,0.104142,DEFAULT
ga,augerat_A_n32_k5,31,8,0.500000,1788038256277565145,8342.098778,1811.336277,9247.766916,0.000000,,,0,1,,,,,0.012479,SMALL
ga,augerat_A_n32_k5,31,8,0.500000,1788038260593688877,8236.594060,1752.799542,9112.993831,0.000000,,,0,1,,,,,2.072590,MEDIUM
ga,augerat_A_n32_k5,31,8,0.500000,1788038249790796803,8251.206660,1752.799542,9127.606431,0.000000,,,0,1,,,,,6.339195,BIG
ga,augerat_A_n32_k5,31,8,0.500000,1,8286.115187,1724.570302,9148.400338,0.000000,,,0,1,,,,,0.106078,DEFAULT
ga,augerat_A_n32_k5,31,8,0.500000,1,8461.747289,1752.799542,9338.147060,0.000000,,,0,1,,,,,0.016684,SMALL
ga,augerat_A_n32_k5,31,8,0.500000,1,8242.902699,1752.799542,9119.302471,0.000000,,,0,1,,,,,2.089271,MEDIUM
ga,augerat_A_n32_k5,31,8,0.500000,1,8246.038195,1724.570302,9108.323346,0.000000,,,0,1,,,,,6.318849,BIG
ga,augerat_A_n32_k5,31,8,0.500000,10,8297.184016,1724.570302,9159.469167,0.000000,,,0,1,,,,,0.105994,DEFAULT
ga,augerat_A_n32_k5,31,8,0.500000,10,8404.568682,1724.570302,9266.853833,0.000000,,,0,1,,,,,0.011897,SMALL
ga,augerat_A_n32_k5,31,8,0.500000,10,8254.367235,1724.570302,9116.652386,0.000000,,,0,1,,,,,2.089551,MEDIUM
ga,hfvrp_n200_m40_s04,200,40,0.500000,1788035529188072874,28113.507976,20031.333030,38129.174491,0.000000,,,0,1,,,,,78.850031,BIG
ga,hfvrp_n200_m40_s01,200,40,0.500000,100,23955.819620,23368.847372,35640.243306,0.000000,,,0,1,,,,,81.370368,BIG
ga,hfvrp_n200_m40_s05,200,40,0.500000,1788038319083877570,37441.865012,46666.594246,60775.162135,0.000000,,,0,1,,,,,1.330793,DEFAULT
ga,hfvrp_n200_m40_s05,200,40,0.500000,1788038436383727158,44516.247378,77522.336347,83277.415551,0.000000,,,0,1,,,,,0.180583,SMALL
ga,augerat_A_n32_k5,31,8,0.500000,10,8247.662746,1724.570302,9109.947897,0.000000,,,0,1,,,,,6.314751,BIG
ga,augerat_A_n32_k5,31,8,0.500000,50,8319.309985,1755.846552,9197.233261,0.000000,,,0,1,,,,,0.107682,DEFAULT
ga,augerat_A_n32_k5,31,8,0.500000,50,8482.508141,1766.041225,9365.528754,0.000000,,,0,1,,,,,0.012446,SMALL
ga,augerat_A_n32_k5,31,8,0.500000,50,8261.712483,1724.570302,9123.997634,0.000000,,,0,1,,,,,2.078000,MEDIUM
ga,augerat_A_n32_k5,31,8,0.500000,50,8227.756028,1753.296746,9104.404401,0.000000,,,0,1,,,,,6.325263,BIG
ga,augerat_A_n32_k5,31,8,0.500000,75,8265.548004,1737.425222,9134.260615,0.000000,,,0,1,,,,,0.103798,DEFAULT
ga,augerat_A_n32_k5,31,8,0.500000,75,8426.958938,1812.129930,9333.023903,0.000000,,,0,1,,,,,0.014689,SMALL
ga,augerat_A_n32_k5,31,8,0.500000,75,8244.407713,1724.570302,9106.692864,0.000000,,,0,1,,,,,2.098612,MEDIUM
ga,augerat_A_n32_k5,31,8,0.500000,75,8244.407713,1724.570302,9106.692864,0.000000,,,0,1,,,,,6.340517,BIG
ga,augerat_A_n32_k5,31,8,0.500000,100,8276.412156,1728.815837,9140.820075,0.000000,,,0,1,,,,,0.106340,DEFAULT
ga,augerat_A_n32_k5,31,8,0.500000,100,8338.792782,1724.570302,9201.077933,0.000000,,,0,1,,,,,0.018592,SMALL
ga,augerat_A_n32_k5,31,8,0.500000,100,8236.594060,1752.799542,9112.993831,0.000000,,,0,1,,,,,2.086156,MEDIUM
ga,hfvrp_n200_m40_s05,200,40,0.500000,1788038440864232014,26886.112350,24378.037010,39075.130855,0.000000,,,0,1,,,,,25.861102,MEDIUM
ga,augerat_A_n32_k5,31,8,0.500000,100,8244.407713,1724.570302,9106.692864,0.000000,,,0,1,,,,,6.387259,BIG
ga,hfvrp_n200_m40_s02,200,40,0.500000,1,25836.305405,17565.182570,34618.896689,0.000000,,,0,1,,,,,77.239333,BIG
ga,augerat_A_n32_k5,31,8,0.500000,200,8322.836745,1724.570302,9185.121896,0.000000,,,0,1,,,,,0.105747,DEFAULT
ga,augerat_A_n32_k5,31,8,0.500000,200,8436.503009,1751.354253,9312.180135,0.000000,,,0,1,,,,,0.016671,SMALL
ga,augerat_A_n32_k5,31,8,0.500000,200,8227.756028,1753.296746,9104.404401,0.000000,,,0,1,,,,,2.086052,MEDIUM
ga,hfvrp_n200_m40_s01,200,40,0.500000,200,40959.008293,48867.024484,65392.520535,0.000000,,,0,1,,,,,1.344365,DEFAULT
ga,hfvrp_n200_m40_s01,200,40,0.500000,200,47840.762457,88676.490076,92179.007495,0.000000,,,0,1,,,,,0.169058,SMALL
ga,hfvrp_n200_m40_s04,200,40,0.500000,1,38293.082538,50110.133554,63348.149315,0.000000,,,0,1,,,,,1.311613,DEFAULT
ga,hfvrp_n200_m40_s04,200,40,0.500000,1,45696.231787,106984.013240,99188.238407,0.000000,,,0,1,,,,,0.173771,SMALL
ga,augerat_A_n32_k5,31,8,0.500000,200,8251.206660,1752.799542,9127.606431,0.000000,,,0,1,,,,,6.325761,BIG
ga,augerat_A_n32_k5,31,8,0.500000,999,8260.094570,1724.570302,9122.379721,0.000000,,,0,1,,,,,0.105817,DEFAULT
ga,augerat_A_n32_k5,31,8,0.500000,999,8362.181323,1631.678959,9178.020802,0.000000,,,0,1,,,,,0.012126,SMALL
ga,augerat_A_n32_k5,31,8,0.500000,999,8276.363980,1727.617312,9140.172636,0.000000,,,0,1,,,,,2.068131,MEDIUM
ga,hfvrp_n200_m40_s03,200,40,0.500000,1,23938.708305,29171.000982,38524.208795,0.000000,,,0,1,,,,,79.827380,BIG
ga,augerat_A_n32_k5,31,8,0.500000,999,8251.206660,1752.799542,9127.606431,0.000000,,,0,1,,,,,6.307242,BIG
ga,augerat_A_n32_k5,31,8,0.500000,1234,8346.327326,1728.815837,9210.735245,0.000000,,,0,1,,,,,0.103279,DEFAULT
ga,augerat_A_n32_k5,31,8,0.500000,1234,8417.550187,1724.570302,9279.835338,0.000000,,,0,1,,,,,0.011897,SMALL
ga,augerat_A_n32_k5,31,8,0.500000,1234,8251.206660,1752.799542,9127.606431,0.000000,,,0,1,,,,,2.072290,MEDIUM
ga,augerat_A_n32_k5,31,8,0.500000,1234,8227.756028,1753.296746,9104.404401,0.000000,,,0,1,,,,,6.304369,BIG
ga,augerat_A_n32_k5,31,8,0.500000,9999,8346.973188,1724.570302,9209.258339,0.000000,,,0,1,,,,,0.099095,DEFAULT
ga,augerat_A_n32_k5,31,8,0.500000,9999,8447.002175,1724.570302,9309.287326,0.000000,,,0,1,,,,,0.013010,SMALL
ga,augerat_A_n32_k5,31,8,0.500000,9999,8242.368628,1753.296746,9119.017001,0.000000,,,0,1,,,,,2.090700,MEDIUM
ga,hfvrp_n200_m40_s01,200,40,0.500000,200,25773.268726,22713.307552,37129.922502,0.000000,,,0,1,,,,,27.600961,MEDIUM
ga,hfvrp_n200_m40_s04,200,40,0.500000,1,27015.888100,21668.852775,37850.314487,0.000000,,,0,1,,,,,26.300086,MEDIUM
ga,hfvrp_n200_m40_s02,200,40,0.500000,10,36579.673162,59160.852956,66160.099640,0.000000,,,0,1,,,,,1.336264,DEFAULT
ga,hfvrp_n200_m40_s02,200,40,0.500000,10,48354.543727,83421.499028,90065.293241,0.000000,,,0,1,,,,,0.178779,SMALL
ga,augerat_A_n32_k5,31,8,0.500000,9999,8253.861782,1753.296746,9130.510155,0.000000,,,0,1,,,,,6.268581,BIG
ga,augerat_A_n32_k5,31,8,0.500000,19345,8241.468190,1752.799542,9117.867962,0.000000,,,0,1,,,,,0.110723,DEFAULT
ga,augerat_A_n32_k5,31,8,0.500000,19345,8434.152891,1788.318319,9328.312051,0.000000,,,0,1,,,,,0.013129,SMALL
ga,augerat_A_n32_k5,31,8,0.500000,19345,8271.368927,1724.570302,9133.654078,0.000000,,,0,1,,,,,2.097146,MEDIUM
ga,augerat_A_n32_k5,31,8,0.500000,19345,8251.206660,1752.799542,9127.606431,0.000000,,,0,1,,,,,6.323247,BIG
ga,augerat_A_n32_k5,31,8,0.500000,1788038827958673702,8353.128148,1752.799542,9229.527919,0.000000,,,0,1,,,,,0.099805,DEFAULT
ga,augerat_A_n32_k5,31,8,0.500000,1788038797997913580,8498.961870,1730.778825,9364.351282,0.000000,,,0,1,,,,,0.013562,SMALL
ga,augerat_A_n32_k5,31,8,0.500000,1788038802310235777,8276.113861,1728.815837,9140.521780,0.000000,,,0,1,,,,,2.070280,MEDIUM
ga,hfvrp_n200_m40_s03,200,40,0.500000,10,37744.913334,77490.090975,76489.958821,0.000000,,,0,1,,,,,1.332064,DEFAULT
ga,hfvrp_n200_m40_s03,200,40,0.500000,10,42191.720179,129888.304503,107135.872430,0.000000,,,0,1,,,,,0.164075,SMALL
ga,augerat_A_n32_k5,31,8,0.500000,1788038808679863968,8232.409106,1753.296746,9109.057479,0.000000,,,0,1,,,,,6.395123,BIG
ga,augerat_A_n37_k5,36,8,0.500000,1788038733647310193,8365.734000,1001.983543,8866.725771,0.000000,,,0,1,,,,,0.119225,DEFAULT
ga,augerat_A_n37_k5,36,8,0.500000,1788038995763759257,8434.800300,1359.050757,9114.325679,0.000000,,,0,1,,,,,0.015896,SMALL
ga,augerat_A_n37_k5,36,8,0.500000,1788039000083348054,8296.766502,949.047249,8771.290126,0.000000,,,0,1,,,,,2.437400,MEDIUM
ga,hfvrp_n200_m40_s02,200,40,0.500000,10,24667.128735,23199.756105,36267.006787,0.000000,,,0,1,,,,,25.940590,MEDIUM
ga,augerat_A_n37_k5,36,8,0.500000,1788038989645190328,8250.488151,981.427913,8741.202108,0.000000,,,0,1,,,,,7.508936,BIG
ga,augerat_A_n37_k5,36,8,0.500000,1,8387.323879,1039.295273,8906.971516,0.000000,,,0,1,,,,,0.128666,DEFAULT
ga,augerat_A_n37_k5,36,8,0.500000,1,8427.824638,1351.467525,9103.558401,0.000000,,,0,1,,,,,0.015787,SMALL
ga,augerat_A_n37_k5,36,8,0.500000,1,8267.494126,1019.829193,8777.408722,0.000000,,,0,1,,,,,2.441895,MEDIUM
ga,augerat_A_n37_k5,36,8,0.500000,1,8285.460951,1023.606619,8797.264261,0.000000,,,0,1,,,,,7.333108,BIG
ga,augerat_A_n37_k5,36,8,0.500000,10,8247.893358,1036.984310,8766.385514,0.000000,,,0,1,,,,,0.124835,DEFAULT
ga,augerat_A_n37_k5,36,8,0.500000,10,8433.146736,1310.011943,9088.152707,0.000000,,,0,1,,,,,0.015045,SMALL
ga,augerat_A_n37_k5,36,8,0.500000,10,8234.282614,1010.865511,8739.715369,0.000000,,,0,1,,,,,2.459017,MEDIUM
ga,hfvrp_n200_m40_s03,200,40,0.500000,10,24706.398494,32506.519756,40959.658371,0.000000,,,0,1,,,,,26.001509,MEDIUM
ga,hfvrp_n200_m40_s05,200,40,0.500000,1788038556930412757,24440.176283,21625.216826,35252.784696,0.000000,,,0,1,,,,,79.811223,BIG
ga,augerat_A_n37_k5,36,8,0.500000,10,8260.601398,1020.687476,8770.945136,0.000000,,,0,1,,,,,7.343152,BIG
ga,augerat_A_n37_k5,36,8,0.500000,50,8346.132303,969.209283,8830.736945,0.000000,,,0,1,,,,,0.122329,DEFAULT
ga,augerat_A_n37_k5,36,8,0.500000,50,8492.016227,1453.129386,9218.580920,0.000000,,,0,1,,,,,0.015624,SMALL
ga,augerat_A_n37_k5,36,8,0.500000,50,8278.918029,977.468879,8767.652469,0.000000,,,0,1,,,,,2.433911,MEDIUM
ga,augerat_A_n37_k5,36,8,0.500000,50,8288.648321,981.135276,8779.215959,0.000000,,,0,1,,,,,7.482535,BIG
ga,augerat_A_n37_k5,36,8,0.500000,75,8309.090499,977.448675,8797.814836,0.000000,,,0,1,,,,,0.118543,DEFAULT
ga,augerat_A_n37_k5,36,8,0.500000,75,8378.643300,1076.906704,8917.096652,0.000000,,,0,1,,,,,0.016170,SMALL
ga,augerat_A_n37_k5,36,8,0.500000,75,8372.258137,1023.347093,8883.931683,0.000000,,,0,1,,,,,2.431015,MEDIUM
ga,augerat_A_n37_k5,36,8,0.500000,75,8277.187604,945.515029,8749.945119,0.000000,,,0,1,,,,,7.494830,BIG
ga,augerat_A_n37_k5,36,8,0.500000,100,8345.910126,1063.660389,8877.740321,0.000000,,,0,1,,,,,0.123418,DEFAULT
ga,augerat_A_n37_k5,36,8,0.500000,100,8570.257105,1021.257724,9080.885967,0.000000,,,0,1,,,,,0.014647,SMALL
ga,augerat_A_n37_k5,36,8,0.500000,100,8307.887461,1009.434535,8812.604728,0.000000,,,0,1,,,,,2.412845,MEDIUM
ga,hfvrp_n200_m40_s05,200,40,0.500000,1,39343.443736,51970.859835,65328.873653,0.000000,,,0,1,,,,,1.334185,DEFAULT
ga,hfvrp_n200_m40_s05,200,40,0.500000,1,47865.144829,91931.046840,93830.668249,0.000000,,,0,1,,,,,0.192040,SMALL
ga,hfvrp_n200_m40_s01,200,40,0.500000,200,24802.984944,20517.526280,35061.748084,0.000000,,,0,1,,,,,78.602347,BIG
ga,augerat_A_n37_k5,36,8,0.500000,100,8204.076047,1014.239467,8711.195781,0.000000,,,0,1,,,,,7.450253,BIG
ga,augerat_A_n37_k5,36,8,0.500000,200,8327.138195,1204.837036,8929.556713,0.000000,,,0,1,,,,,0.121239,DEFAULT
ga,augerat_A_n37_k5,36,8,0.500000,200,8528.797205,1285.678416,9171.636413,0.000000,,,0,1,,,,,0.014647,SMALL
ga,hfvrp_n200_m40_s04,200,40,0.500000,1,24795.902265,18399.852254,33995.828391,0.000000,,,0,1,,,,,81.062321,BIG
ga,augerat_A_n37_k5,36,8,0.500000,200,8308.182374,909.818491,8763.091620,0.000000,,,0,1,,,,,2.454195,MEDIUM
ga,augerat_A_n37_k5,36,8,0.500000,200,8212.394300,968.012119,8696.400359,0.000000,,,0,1,,,,,7.529577,BIG
ga,augerat_A_n37_k5,36,8,0.500000,999,8304.492802,1123.317631,8866.151617,0.000000,,,0,1,,,,,0.120061,DEFAULT
ga,augerat_A_n37_k5,36,8,0.500000,999,8384.800893,1198.957049,8984.279417,0.000000,,,0,1,,,,,0.018964,SMALL
ga,augerat_A_n37_k5,36,8,0.500000,999,8350.542908,909.725040,8805.405428,0.000000,,,0,1,,,,,2.439096,MEDIUM
ga,augerat_A_n37_k5,36,8,0.500000,999,8219.451586,1009.509552,8724.206361,0.000000,,,0,1,,,,,7.434455,BIG
ga,augerat_A_n37_k5,36,8,0.500000,1234,8309.973186,984.981138,8802.463755,0.000000,,,0,1,,,,,0.121977,DEFAULT
ga,augerat_A_n37_k5,36,8,0.500000,1234,8505.020940,1359.451792,9184.746836,0.000000,,,0,1,,,,,0.014891,SMALL
ga,hfvrp_n200_m40_s05,200,40,0.500000,1,25552.128317,25696.980644,38400.618639,0.000000,,,0,1,,,,,26.212987,MEDIUM
ga,augerat_A_n37_k5,36,8,0.500000,1234,8269.801552,1005.800512,8772.701808,0.000000,,,0,1,,,,,2.431177,MEDIUM
ga,hfvrp_n200_m40_s02,200,40,0.500000,10,24941.105162,20577.041200,35229.625762,0.000000,,,0,1,,,,,78.994525,BIG
ga,hfvrp_n200_m40_s01,200,40,0.500000,999,39568.524730,77641.297513,78389.173486,0.000000,,,0,1,,,,,1.325842,DEFAULT
ga,hfvrp_n200_m40_s01,200,40,0.500000,999,43755.096273,119540.000129,103525.096337,0.000000,,,0,1,,,,,0.171862,SMALL
ga,augerat_A_n37_k5,36,8,0.500000,1234,8271.828262,978.805702,8761.231113,0.000000,,,0,1,,,,,7.401538,BIG
ga,augerat_A_n37_k5,36,8,0.500000,9999,8325.372297,1121.796548,8886.270571,0.000000,,,0,1,,,,,0.123620,DEFAULT
ga,augerat_A_n37_k5,36,8,0.500000,9999,8496.909805,1071.235761,9032.527686,0.000000,,,0,1,,,,,0.014358,SMALL
ga,augerat_A_n37_k5,36,8,0.500000,9999,8336.231769,987.670553,8830.067045,0.000000,,,0,1,,,,,2.479664,MEDIUM
ga,hfvrp_n200_m40_s04,200,40,0.500000,10,41185.571436,50667.128435,66519.135653,0.000000,,,0,1,,,,,1.316511,DEFAULT
ga,hfvrp_n200_m40_s04,200,40,0.500000,10,43834.234473,92670.860178,90169.664562,0.000000,,,0,1,,,,,0.174150,SMALL
ga,augerat_A_n37_k5,36,8,0.500000,9999,8169.303600,973.009078,8655.808139,0.000000,,,0,1,,,,,7.505282,BIG
ga,augerat_A_n37_k5,36,8,0.500000,19345,8316.397209,949.405177,8791.099797,0.000000,,,0,1,,,,,0.123805,DEFAULT
ga,augerat_A_n37_k5,36,8,0.500000,19345,8406.005984,969.337822,8890.674894,0.000000,,,0,1,,,,,0.019380,SMALL
ga,augerat_A_n37_k5,36,8,0.500000,19345,8300.235929,946.370406,8773.421132,0.000000,,,0,1,,,,,2.454087,MEDIUM
ga,hfvrp_n200_m40_s03,200,40,0.500000,10,25203.018947,33080.644436,41743.341165,0.000000,,,0,1,,,,,80.710851,BIG
ga,augerat_A_n37_k5,36,8,0.500000,19345,8237.446904,977.163870,8726.028839,0.000000,,,0,1,,,,,7.444542,BIG
ga,augerat_A_n37_k5,36,8,0.500000,1788035083471199167,8311.445859,1378.064026,9000.477872,0.000000,,,0,1,,,,,0.120517,DEFAULT
ga,augerat_A_n37_k5,36,8,0.500000,1788035019170447191,8460.552808,1296.281817,9108.693717,0.000000,,,0,1,,,,,0.016047,SMALL
ga,hfvrp_n200_m40_s01,200,40,0.500000,999,25664.223839,21137.383908,36232.915793,0.000000,,,0,1,,,,,26.944437,MEDIUM
ga,augerat_A_n37_k5,36,8,0.500000,1788035023489587679,8252.186538,991.680172,8748.026624,0.000000,,,0,1,,,,,2.464302,MEDIUM
ga,hfvrp_n200_m40_s02,200,40,0.500000,50,35697.614993,58343.589070,64869.409528,0.000000,,,0,1,,,,,1.364255,DEFAULT
ga,hfvrp_n200_m40_s02,200,40,0.500000,50,55571.362297,92585.606594,101864.165594,0.000000,,,0,1,,,,,0.172369,SMALL
ga,augerat_A_n37_k5,36,8,0.500000,1788035034547491938,8223.892703,1001.916474,8724.850940,0.000000,,,0,1,,,,,7.479370,BIG
ga,augerat_A_n45_k6,44,8,0.500000,1788034977860407489,11669.093085,1152.913288,12245.549729,0.000000,,,0,1,,,,,0.155484,DEFAULT
ga,augerat_A_n45_k6,44,8,0.500000,1788034982315212286,11783.725186,1747.489153,12657.469763,0.000000,,,0,1,,,,,0.019523,SMALL
ga,hfvrp_n200_m40_s04,200,40,0.500000,10,26911.392662,20405.701576,37114.243450,0.000000,,,0,1,,,,,27.047831,MEDIUM
ga,augerat_A_n45_k6,44,8,0.500000,1788034969453734035,11584.083884,1008.736102,12088.451935,0.000000,,,0,1,,,,,3.066016,MEDIUM
ga,augerat_A_n45_k6,44,8,0.500000,1788034929574572467,11507.647368,1043.280494,12029.287615,0.000000,,,0,1,,,,,9.303316,BIG
ga,augerat_A_n45_k6,44,8,0.500000,1,11823.131758,1061.037845,12353.650681,0.000000,,,0,1,,,,,0.152694,DEFAULT
ga,augerat_A_n45_k6,44,8,0.500000,1,11851.491313,1671.949317,12687.465972,0.000000,,,0,1,,,,,0.017805,SMALL
ga,augerat_A_n45_k6,44,8,0.500000,1,11630.827941,1006.527045,12134.091463,0.000000,,,0,1,,,,,2.992692,MEDIUM
ga,hfvrp_n200_m40_s03,200,40,0.500000,50,35035.324336,89542.100720,79806.374695,0.000000,,,0,1,,,,,1.321376,DEFAULT
ga,hfvrp_n200_m40_s03,200,40,0.500000,50,46726.671735,110494.432832,101973.888151,0.000000,,,0,1,,,,,0.169511,SMALL
ga,hfvrp_n200_m40_s02,200,40,0.500000,50,24671.864963,21609.665752,35476.697839,0.000000,,,0,1,,,,,25.681268,MEDIUM
ga,augerat_A_n45_k6,44,8,0.500000,1,11511.004132,1042.594480,12032.301372,0.000000,,,0,1,,,,,8.998563,BIG
ga,augerat_A_n45_k6,44,8,0.500000,10,11618.495461,1195.248441,12216.119682,0.000000,,,0,1,,,,,0.151362,DEFAULT
ga,augerat_A_n45_k6,44,8,0.500000,10,12102.949721,1663.908325,12934.903883,0.000000,,,0,1,,,,,0.021207,SMALL
ga,augerat_A_n45_k6,44,8,0.500000,10,11511.774914,1205.664982,12114.607405,0.000000,,,0,1,,,,,2.994186,MEDIUM
ga,augerat_A_n45_k6,44,8,0.500000,10,11635.163245,1057.624241,12163.975365,0.000000,,,0,1,,,,,9.237161,BIG
ga,augerat_A_n45_k6,44,8,0.500000,50,11777.058018,993.541509,12273.828772,0.000000,,,0,1,,,,,0.151618,DEFAULT
ga,augerat_A_n45_k6,44,8,0.500000,50,11971.930657,1463.338837,12703.600075,0.000000,,,0,1,,,,,0.020314,SMALL
ga,hfvrp_n200_m40_s05,200,40,0.500000,1,24717.911279,19731.809066,34583.815813,0.000000,,,0,1,,,,,79.162980,BIG
ga,augerat_A_n45_k6,44,8,0.500000,50,11462.954306,1037.147556,11981.528084,0.000000,,,0,1,,,,,3.072627,MEDIUM
ga,hfvrp_n200_m40_s03,200,40,0.500000,50,26120.932662,33786.065775,43013.965550,0.000000,,,0,1,,,,,26.297091,MEDIUM
ga,augerat_A_n45_k6,44,8,0.500000,50,11474.220798,975.006137,11961.723866,0.000000,,,0,1,,,,,9.406400,BIG
ga,augerat_A_n45_k6,44,8,0.500000,75,11835.832727,1095.135866,12383.400660,0.000000,,,0,1,,,,,0.153978,DEFAULT
ga,augerat_A_n45_k6,44,8,0.500000,75,11789.843779,1021.593533,12300.640546,0.000000,,,0,1,,,,,0.019312,SMALL
ga,augerat_A_n45_k6,44,8,0.500000,75,11651.306612,999.024431,12150.818827,0.000000,,,0,1,,,,,3.001220,MEDIUM
ga,augerat_A_n45_k6,44,8,0.500000,75,11507.592380,1061.576914,12038.380837,0.000000,,,0,1,,,,,9.400853,BIG
ga,augerat_A_n45_k6,44,8,0.500000,100,11729.928372,1173.091379,12316.474061,0.000000,,,0,1,,,,,0.158223,DEFAULT
ga,augerat_A_n45_k6,44,8,0.500000,100,11998.166578,1393.358106,12694.845631,0.000000,,,0,1,,,,,0.021427,SMALL
ga,augerat_A_n45_k6,44,8,0.500000,100,11480.603868,1043.221771,12002.214754,0.000000,,,0,1,,,,,3.104088,MEDIUM
ga,hfvrp_n200_m40_s05,200,40,0.500000,10,36540.325967,64442.637927,68761.644931,0.000000,,,0,1,,,,,1.353681,DEFAULT
ga,hfvrp_n200_m40_s05,200,40,0.500000,10,43844.379214,94177.759906,90933.259167,0.000000,,,0,1,,,,,0.174082,SMALL
ga,hfvrp_n200_m40_s01,200,40,0.500000,999,23804.012358,23893.894721,35750.959718,0.000000,,,0,1,,,,,80.555179,BIG
ga,augerat_A_n45_k6,44,8,0.500000,100,11508.011182,1038.632567,12027.327465,0.000000,,,0,1,,,,,9.159911,BIG
ga,augerat_A_n45_k6,44,8,0.500000,200,11709.067522,1003.358283,12210.746664,0.000000,,,0,1,,,,,0.152412,DEFAULT
ga,augerat_A_n45_k6,44,8,0.500000,200,11801.227376,1470.447359,12536.451055,0.000000,,,0,1,,,,,0.018705,SMALL
ga,augerat_A_n45_k6,44,8,0.500000,200,11479.470241,1039.827181,11999.383832,0.000000,,,0,1,,,,,3.069532,MEDIUM
ga,hfvrp_n200_m40_s04,200,40,0.500000,10,25420.642626,17996.852163,34419.068707,0.000000,,,0,1,,,,,80.894519,BIG
ga,augerat_A_n45_k6,44,8,0.500000,200,11510.518256,979.563453,12000.299983,0.000000,,,0,1,,,,,9.381892,BIG
ga,augerat_A_n45_k6,44,8,0.500000,999,11576.285987,1072.748474,12112.660224,0.000000,,,0,1,,,,,0.148298,DEFAULT
ga,augerat_A_n45_k6,44,8,0.500000,999,11932.081409,1842.983979,12853.573399,0.000000,,,0,1,,,,,0.018965,SMALL
ga,augerat_A_n45_k6,44,8,0.500000,999,11572.726054,1233.024836,12189.238472,0.000000,,,0,1,,,,,3.062231,MEDIUM
ga,hfvrp_n200_m40_s05,200,40,0.500000,10,26429.049480,22742.699695,37800.399328,0.000000,,,0,1,,,,,25.617936,MEDIUM
ga,augerat_A_n45_k6,44,8,0.500000,999,11585.877878,994.740676,12083.248216,0.000000,,,0,1,,,,,9.471644,BIG
ga,hfvrp_n200_m40_s01,200,40,0.500000,1234,41403.809476,47660.540678,65234.079815,0.000000,,,0,1,,,,,1.367271,DEFAULT
ga,hfvrp_n200_m40_s01,200,40,0.500000,1234,43079.676160,99847.282383,93003.317352,0.000000,,,0,1,,,,,0.170743,SMALL
ga,augerat_A_n45_k6,44,8,0.500000,1234,11678.406157,1186.030069,12271.421192,0.000000,,,0,1,,,,,0.154169,DEFAULT
ga,augerat_A_n45_k6,44,8,0.500000,1234,11984.330438,1815.386476,12892.023676,0.000000,,,0,1,,,,,0.019235,SMALL
ga,hfvrp_n200_m40_s02,200,40,0.500000,50,25252.869653,16386.462651,33446.100978,0.000000,,,0,1,,,,,80.797792,BIG
ga,augerat_A_n45_k6,44,8,0.500000,1234,11595.770478,1105.584766,12148.562861,0.000000,,,0,1,,,,,2.956136,MEDIUM
ga,augerat_A_n45_k6,44,8,0.500000,1234,11547.329425,1069.766506,12082.212677,0.000000,,,0,1,,,,,9.184566,BIG
ga,augerat_A_n45_k6,44,8,0.500000,9999,11647.270370,998.399956,12146.470348,0.000000,,,0,1,,,,,0.145386,DEFAULT
ga,augerat_A_n45_k6,44,8,0.500000,9999,11868.154292,1796.782012,12766.545298,0.000000,,,0,1,,,,,0.018872,SMALL
ga,hfvrp_n200_m40_s04,200,40,0.500000,50,35143.374919,52337.881194,61312.315516,0.000000,,,0,1,,,,,1.276569,DEFAULT
ga,hfvrp_n200_m40_s04,200,40,0.500000,50,43166.780020,100570.826276,93452.193158,0.000000,,,0,1,,,,,0.173252,SMALL
ga,augerat_A_n45_k6,44,8,0.500000,9999,11569.780831,1050.384256,12094.972959,0.000000,,,0,1,,,,,3.042090,MEDIUM
ga,hfvrp_n200_m40_s03,200,40,0.500000,50,23518.481613,28097.260268,37567.111747,0.000000,,,0,1,,,,,76.882606,BIG
ga,augerat_A_n45_k6,44,8,0.500000,9999,11533.823317,1155.508257,12111.577446,0.000000,,,0,1,,,,,9.189156,BIG
ga,augerat_A_n45_k6,44,8,0.500000,19345,11824.569136,1058.756299,12353.947286,0.000000,,,0,1,,,,,0.155681,DEFAULT
ga,augerat_A_n45_k6,44,8,0.500000,19345,11939.297919,1086.970618,12482.783227,0.000000,,,0,1,,,,,0.018528,SMALL
ga,augerat_A_n45_k6,44,8,0.500000,19345,11587.049421,978.696654,12076.397748,0.000000,,,0,1,,,,,3.033109,MEDIUM
ga,hfvrp_n200_m40_s01,200,40,0.500000,1234,25929.245314,23587.274201,37722.882415,0.000000,,,0,1,,,,,28.323054,MEDIUM
ga,hfvrp_n200_m40_s02,200,40,0.500000,75,31732.151143,65651.133741,64557.718013,0.000000,,,0,1,,,,,1.282306,DEFAULT
ga,hfvrp_n200_m40_s02,200,40,0.500000,75,41066.658682,97056.296676,89594.807020,0.000000,,,0,1,,,,,0.176511,SMALL
ga,augerat_A_n45_k6,44,8,0.500000,19345,11689.467202,1136.807012,12257.870708,0.000000,,,0,1,,,,,9.158416,BIG
ga,augerat_A_n45_k6,44,8,0.500000,1788035392607414048,11776.191564,1057.152397,12304.767763,0.000000,,,0,1,,,,,0.147404,DEFAULT
ga,augerat_A_n45_k6,44,8,0.500000,1788035388464083000,11922.567090,1260.266559,12552.700369,0.000000,,,0,1,,,,,0.021012,SMALL
ga,hfvrp_n200_m40_s04,200,40,0.500000,50,26598.844230,19524.426975,36361.057718,0.000000,,,0,1,,,,,26.032206,MEDIUM
ga,augerat_A_n45_k6,44,8,0.500000,1788035384199011221,11533.421526,1005.607934,12036.225493,0.000000,,,0,1,,,,,3.056767,MEDIUM
ga,augerat_A_n45_k6,44,8,0.500000,1788035344315585671,11543.487320,1107.006409,12096.990524,0.000000,,,0,1,,,,,9.307753,BIG
ga,augerat_A_n54_k7,53,8,0.500000,1788035293882297074,12787.396372,2930.429432,14252.611088,0.000000,,,0,1,,,,,0.182483,DEFAULT
ga,augerat_A_n54_k7,53,8,0.500000,1788035298364142070,12937.788484,3445.142024,14660.359496,0.000000,,,0,1,,,,,0.024597,SMALL
ga,augerat_A_n54_k7,53,8,0.500000,1788036110141604830,12502.396157,2677.128372,13840.960343,0.000000,,,0,1,,,,,3.745415,MEDIUM
ga,hfvrp_n200_m40_s03,200,40,0.500000,75,43194.725429,73045.224829,79717.337843,0.000000,,,0,1,,,,,1.275407,DEFAULT
ga,hfvrp_n200_m40_s03,200,40,0.500000,75,46988.269742,99405.614889,96691.077187,0.000000,,,0,1,,,,,0.171840,SMALL
ga,hfvrp_n200_m40_s02,200,40,0.500000,75,24700.159421,29555.245003,39477.781922,0.000000,,,0,1,,,,,26.617951,MEDIUM
ga,augerat_A_n54_k7,53,8,0.500000,1788036109596703205,12523.547792,2572.249627,13809.672605,0.000000,,,0,1,,,,,11.316371,BIG
ga,augerat_A_n54_k7,53,8,0.500000,1,12745.340070,2782.201189,14136.440665,0.000000,,,0,1,,,,,0.185988,DEFAULT
ga,augerat_A_n54_k7,53,8,0.500000,1,13082.256017,3230.477704,14697.494869,0.000000,,,0,1,,,,,0.025584,SMALL
ga,augerat_A_n54_k7,53,8,0.500000,1,12575.533167,2890.786040,14020.926187,0.000000,,,0,1,,,,,3.667276,MEDIUM
ga,hfvrp_n200_m40_s05,200,40,0.500000,10,25284.094414,21030.801875,35799.495351,0.000000,,,0,1,,,,,79.438426,BIG
ga,augerat_A_n54_k7,53,8,0.500000,1,12442.403872,2663.761593,13774.284668,0.000000,,,0,1,,,,,11.258706,BIG
ga,augerat_A_n54_k7,53,8,0.500000,10,12714.043660,2969.312421,14198.699870,0.000000,,,0,1,,,,,0.184791,DEFAULT
ga,augerat_A_n54_k7,53,8,0.500000,10,12897.644859,2964.168059,14379.728889,0.000000,,,0,1,,,,,0.028241,SMALL
ga,augerat_A_n54_k7,53,8,0.500000,10,12411.783454,2877.503747,13850.535327,0.000000,,,0,1,,,,,3.805743,MEDIUM
ga,hfvrp_n200_m40_s03,200,40,0.500000,75,27680.822200,33465.558348,44413.601374,0.000000,,,0,1,,,,,26.300641,MEDIUM
ga,augerat_A_n54_k7,53,8,0.500000,10,12515.303186,2661.267067,13845.936720,0.000000,,,0,1,,,,,11.258077,BIG
ga,augerat_A_n54_k7,53,8,0.500000,50,12832.906075,2680.212501,14173.012326,0.000000,,,0,1,,,,,0.180355,DEFAULT
ga,augerat_A_n54_k7,53,8,0.500000,50,12904.211414,3289.351863,14548.887345,0.000000,,,0,1,,,,,0.029772,SMALL
ga,hfvrp_n200_m40_s05,200,40,0.500000,50,43518.652457,42388.150494,64712.727704,0.000000,,,0,1,,,,,1.337315,DEFAULT
ga,hfvrp_n200_m40_s05,200,40,0.500000,50,45808.876719,99428.756422,95523.254930,0.000000,,,0,1,,,,,0.179363,SMALL
ga,augerat_A_n54_k7,53,8,0.500000,50,12605.350123,2762.715519,13986.707882,0.000000,,,0,1,,,,,3.703891,MEDIUM
ga,hfvrp_n200_m40_s01,200,40,0.500000,1234,21345.108287,23015.721435,32852.969004,0.000000,,,0,1,,,,,82.221881,BIG
ga,augerat_A_n54_k7,53,8,0.500000,50,12554.393905,2654.391214,13881.589512,0.000000,,,0,1,,,,,11.366434,BIG
ga,augerat_A_n54_k7,53,8,0.500000,75,12812.461406,2848.218222,14236.570518,0.000000,,,0,1,,,,,0.183769,DEFAULT
ga,augerat_A_n54_k7,53,8,0.500000,75,12908.585639,3034.225652,14425.698465,0.000000,,,0,1,,,,,0.027977,SMALL
ga,augerat_A_n54_k7,53,8,0.500000,75,12551.622973,2673.122793,13888.184370,0.000000,,,0,1,,,,,3.686411,MEDIUM
ga,hfvrp_n200_m40_s04,200,40,0.500000,50,26066.620473,22627.887751,37380.564349,0.000000,,,0,1,,,,,78.942543,BIG
ga,hfvrp_n200_m40_s05,200,40,0.500000,50,27836.445941,24662.086568,40167.489225,0.000000,,,0,1,,,,,25.847705,MEDIUM
ga,augerat_A_n54_k7,53,8,0.500000,75,12531.303517,2657.679433,13860.143233,0.000000,,,0,1,,,,,11.344192,BIG
ga,augerat_A_n54_k7,53,8,0.500000,100,12876.096298,2800.696608,14276.444602,0.000000,,,0,1,,,,,0.186028,DEFAULT
ga,augerat_A_n54_k7,53,8,0.500000,100,12862.293520,3335.821589,14530.204315,0.000000,,,0,1,,,,,0.022559,SMALL
ga,augerat_A_n54_k7,53,8,0.500000,100,12650.016574,2641.028078,13970.530613,0.000000,,,0,1,,,,,3.666065,MEDIUM
ga,hfvrp_n200_m40_s01,200,40,0.500000,9999,41004.952022,55451.913750,68730.908897,0.000000,,,0,1,,,,,1.329388,DEFAULT
ga,hfvrp_n200_m40_s01,200,40,0.500000,9999,47228.222327,118717.912392,106587.178523,0.000000,,,0,1,,,,,0.165909,SMALL
ga,hfvrp_n200_m40_s02,200,40,0.500000,75,23009.943243,18308.806888,32164.346687,0.000000,,,0,1,,,,,78.691472,BIG
ga,augerat_A_n54_k7,53,8,0.500000,100,12554.429948,2699.333741,13904.096819,0.000000,,,0,1,,,,,11.307315,BIG
ga,augerat_A_n54_k7,53,8,0.500000,200,12806.551236,2826.693811,14219.898142,0.000000,,,0,1,,,,,0.183312,DEFAULT
ga,augerat_A_n54_k7,53,8,0.500000,200,13013.633006,3257.804107,14642.535059,0.000000,,,0,1,,,,,0.026950,SMALL
ga,augerat_A_n54_k7,53,8,0.500000,200,12652.208008,2674.860643,13989.638329,0.000000,,,0,1,,,,,3.694716,MEDIUM
ga,hfvrp_n200_m40_s04,200,40,0.500000,75,38529.709482,42718.297259,59888.858111,0.000000,,,0,1,,,,,1.357914,DEFAULT
ga,hfvrp_n200_m40_s04,200,40,0.500000,75,52090.210944,80516.818700,92348.620294,0.000000,,,0,1,,,,,0.185936,SMALL
ga,augerat_A_n54_k7,53,8,0.500000,200,12595.054478,2554.466633,13872.287794,0.000000,,,0,1,,,,,11.285606,BIG
ga,augerat_A_n54_k7,53,8,0.500000,999,12647.631628,3062.478983,14178.871120,0.000000,,,0,1,,,,,0.183208,DEFAULT
ga,augerat_A_n54_k7,53,8,0.500000,999,13068.730850,3191.295471,14664.378586,0.000000,,,0,1,,,,,0.023655,SMALL
ga,augerat_A_n54_k7,53,8,0.500000,999,12569.751110,2695.460952,13917.481586,0.000000,,,0,1,,,,,3.661167,MEDIUM
ga,hfvrp_n200_m40_s03,200,40,0.500000,75,22673.396372,27088.020608,36217.406675,0.000000,,,0,1,,,,,79.291949,BIG
ga,hfvrp_n200_m40_s01,200,40,0.500000,9999,25849.848586,22482.087361,37090.892267,0.000000,,,0,1,,,,,26.814789,MEDIUM
ga,hfvrp_n200_m40_s02,200,40,0.500000,100,39679.128528,48048.924331,63703.590694,0.000000,,,0,1,,,,,1.316395,DEFAULT
ga,hfvrp_n200_m40_s02,200,40,0.500000,100,39849.944870,90852.680469,85276.285105,0.000000,,,0,1,,,,,0.181844,SMALL
ga,augerat_A_n54_k7,53,8,0.500000,999,12433.260048,2706.199548,13786.359822,0.000000,,,0,1,,,,,11.244438,BIG
ga,augerat_A_n54_k7,53,8,0.500000,1234,12645.118949,2845.062886,14067.650392,0.000000,,,0,1,,,,,0.184741,DEFAULT
ga,augerat_A_n54_k7,53,8,0.500000,1234,12967.375441,2927.701841,14431.226361,0.000000,,,0,1,,,,,0.029557,SMALL
ga,augerat_A_n54_k7,53,8,0.500000,1234,12597.474836,2723.350954,13959.150313,0.000000,,,0,1,,,,,3.706067,MEDIUM
ga,hfvrp_n200_m40_s04,200,40,0.500000,75,26393.617892,24360.023299,38573.629542,0.000000,,,0,1,,,,,26.783623,MEDIUM
ga,augerat_A_n54_k7,53,8,0.500000,1234,12548.848824,2672.018406,13884.858026,0.000000,,,0,1,,,,,11.264178,BIG
ga,augerat_A_n54_k7,53,8,0.500000,9999,12756.129097,2897.495823,14204.877008,0.000000,,,0,1,,,,,0.183148,DEFAULT
ga,augerat_A_n54_k7,53,8,0.500000,9999,13123.006058,2965.702416,14605.857266,0.000000,,,0,1,,,,,0.030860,SMALL
ga,augerat_A_n54_k7,53,8,0.500000,9999,12495.950970,2709.292619,13850.597279,0.000000,,,0,1,,,,,3.675789,MEDIUM
ga,hfvrp_n200_m40_s02,200,40,0.500000,100,27916.357024,20277.545952,38055.130000,0.000000,,,0,1,,,,,25.956568,MEDIUM
ga,hfvrp_n200_m40_s05,200,40,0.500000,50,24131.355672,18987.220610,33624.965977,0.000000,,,0,1,,,,,77.292987,BIG
ga,hfvrp_n200_m40_s03,200,40,0.500000,100,36282.383192,65597.803810,69081.285097,0.000000,,,0,1,,,,,1.278257,DEFAULT
ga,hfvrp_n200_m40_s03,200,40,0.500000,100,42679.235368,116971.062756,101164.766746,0.000000,,,0,1,,,,,0.165826,SMALL
ga,augerat_A_n54_k7,53,8,0.500000,9999,12488.202285,2793.636564,13885.020566,0.000000,,,0,1,,,,,11.250783,BIG
ga,augerat_A_n54_k7,53,8,0.500000,19345,12766.614561,2744.573665,14138.901393,0.000000,,,0,1,,,,,0.187025,DEFAULT
ga,augerat_A_n54_k7,53,8,0.500000,19345,12979.240625,3384.354781,14671.418016,0.000000,,,0,1,,,,,0.023722,SMALL
ga,augerat_A_n54_k7,53,8,0.500000,19345,12641.693191,2731.672368,14007.529375,0.000000,,,0,1,,,,,3.745102,MEDIUM
ga,augerat_A_n54_k7,53,8,0.500000,19345,12526.703425,2798.781483,13926.094166,0.000000,,,0,1,,,,,11.306430,BIG
ga,augerat_A_n54_k7,53,8,0.500000,1788035770309617759,12728.466101,2740.209149,14098.570675,0.000000,,,0,1,,,,,0.182657,DEFAULT
ga,augerat_A_n54_k7,53,8,0.500000,1788035757611746314,13058.814686,3010.407919,14564.018645,0.000000,,,0,1,,,,,0.024737,SMALL
ga,augerat_A_n54_k7,53,8,0.500000,1788035761935481787,12496.202114,2653.333262,13822.868745,0.000000,,,0,1,,,,,3.762308,MEDIUM
ga,hfvrp_n200_m40_s05,200,40,0.500000,75,39402.664379,48858.141862,63831.735310,0.000000,,,0,1,,,,,1.382624,DEFAULT
ga,hfvrp_n200_m40_s05,200,40,0.500000,75,45086.150558,81082.703788,85627.502452,0.000000,,,0,1,,,,,0.184965,SMALL
ga,hfvrp_n200_m40_s03,200,40,0.500000,100,24539.567458,33055.647007,41067.390962,0.000000,,,0,1,,,,,27.058082,MEDIUM
ga,augerat_A_n54_k7,53,8,0.500000,1788035752817595771,12453.626832,2802.137240,13854.695452,0.000000,,,0,1,,,,,11.486709,BIG
ga,augerat_A_n60_k9,59,10,0.500000,1788035807762787163,16468.743628,2785.643187,17861.565222,0.000000,,,0,1,,,,,0.205494,DEFAULT
ga,augerat_A_n60_k9,59,10,0.500000,1788035795087772940,16701.997230,3768.911360,18586.452910,0.000000,,,0,1,,,,,0.025799,SMALL
ga,augerat_A_n60_k9,59,10,0.500000,1788035885316666963,15961.948451,2576.221157,17250.059029,0.000000,,,0,1,,,,,4.208234,MEDIUM
ga,hfvrp_n200_m40_s01,200,40,0.500000,9999,25214.343257,20249.778559,35339.232536,0.000000,,,0,1,,,,,79.552345,BIG
ga,augerat_A_n60_k9,59,10,0.500000,1788035885239623282,15975.481255,2567.419556,17259.191033,0.000000,,,0,1,,,,,12.977647,BIG
ga,augerat_A_n60_k9,59,10,0.500000,1,16255.115863,2895.559977,17702.895851,0.000000,,,0,1,,,,,0.208030,DEFAULT
ga,augerat_A_n60_k9,59,10,0.500000,1,16549.423748,2872.981397,17985.914447,0.000000,,,0,1,,,,,0.029605,SMALL
ga,hfvrp_n200_m40_s05,200,40,0.500000,75,27988.757748,21373.870281,38675.692889,0.000000,,,0,1,,,,,26.134189,MEDIUM
ga,augerat_A_n60_k9,59,10,0.500000,1,16011.464178,2563.209483,17293.068920,0.000000,,,0,1,,,,,4.263099,MEDIUM
ga,hfvrp_n200_m40_s04,200,40,0.500000,75,25032.025618,19280.344378,34672.197807,0.000000,,,0,1,,,,,81.268088,BIG
ga,augerat_A_n60_k9,59,10,0.500000,1,16088.889519,2615.093284,17396.436161,0.000000,,,0,1,,,,,12.934303,BIG
ga,augerat_A_n60_k9,59,10,0.500000,10,16119.758689,2704.613388,17472.065383,0.000000,,,0,1,,,,,0.210857,DEFAULT
ga,augerat_A_n60_k9,59,10,0.500000,10,16607.906086,3944.588680,18580.200426,0.000000,,,0,1,,,,,0.029301,SMALL
ga,hfvrp_n200_m40_s01,200,40,0.500000,19345,39289.600345,76688.344455,77633.772573,0.000000,,,0,1,,,,,1.283233,DEFAULT
ga,hfvrp_n200_m40_s01,200,40,0.500000,19345,45246.277333,123977.413528,107234.984097,0.000000,,,0,1,,,,,0.163628,SMALL
ga,hfvrp_n200_m40_s02,200,40,0.500000,100,22494.764150,21834.504641,33412.016471,0.000000,,,0,1,,,,,77.917697,BIG
ga,augerat_A_n60_k9,59,10,0.500000,10,16118.281019,2649.368617,17442.965328,0.000000,,,0,1,,,,,4.223192,MEDIUM
ga,augerat_A_n60_k9,59,10,0.500000,10,16083.468467,2566.623310,17366.780122,0.000000,,,0,1,,,,,12.836206,BIG
ga,augerat_A_n60_k9,59,10,0.500000,50,16286.997347,2756.101543,17665.048119,0.000000,,,0,1,,,,,0.207544,DEFAULT
ga,augerat_A_n60_k9,59,10,0.500000,50,16410.359793,3075.314262,17948.016925,0.000000,,,0,1,,,,,0.025070,SMALL
ga,hfvrp_n200_m40_s04,200,40,0.500000,100,37831.836767,48750.899618,62207.286576,0.000000,,,0,1,,,,,1.344805,DEFAULT
ga,hfvrp_n200_m40_s04,200,40,0.500000,100,43836.965600,85475.237156,86574.584178,0.000000,,,0,1,,,,,0.179130,SMALL
ga,augerat_A_n60_k9,59,10,0.500000,50,15960.531397,2600.432325,17260.747559,0.000000,,,0,1,,,,,4.266334,MEDIUM
ga,hfvrp_n200_m40_s01,200,40,0.500000,19345,24095.072398,27759.444373,37974.794584,0.000000,,,0,1,,,,,27.685153,MEDIUM
ga,augerat_A_n60_k9,59,10,0.500000,50,15973.942644,2665.128574,17306.506931,0.000000,,,0,1,,,,,13.031967,BIG
ga,augerat_A_n60_k9,59,10,0.500000,75,16256.895043,2609.655715,17561.722900,0.000000,,,0,1,,,,,0.206428,DEFAULT
ga,augerat_A_n60_k9,59,10,0.500000,75,16557.722036,4035.493379,18575.468726,0.000000,,,0,1,,,,,0.024945,SMALL
ga,hfvrp_n200_m40_s03,200,40,0.500000,100,28403.138316,27744.346426,42275.311529,0.000000,,,0,1,,,,,79.142021,BIG
ga,hfvrp_n200_m40_s02,200,40,0.500000,200,38017.512210,49777.849198,62906.436809,0.000000,,,0,1,,,,,1.346925,DEFAULT
ga,hfvrp_n200_m40_s02,200,40,0.500000,200,42795.753495,111107.282559,98349.394774,0.000000,,,0,1,,,,,0.176450,SMALL
ga,augerat_A_n60_k9,59,10,0.500000,75,16091.032300,2585.689488,17383.877044,0.000000,,,0,1,,,,,4.216728,MEDIUM
ga,hfvrp_n200_m40_s04,200,40,0.500000,100,26174.405721,21842.142573,37095.477008,0.000000,,,0,1,,,,,26.578569,MEDIUM
ga,augerat_A_n60_k9,59,10,0.500000,75,15921.205171,2648.078929,17245.244636,0.000000,,,0,1,,,,,12.947535,BIG
ga,augerat_A_n60_k9,59,10,0.500000,100,16184.000848,2879.475518,17623.738608,0.000000,,,0,1,,,,,0.211113,DEFAULT
ga,augerat_A_n60_k9,59,10,0.500000,100,16412.569747,3831.526767,18328.333131,0.000000,,,0,1,,,,,0.027415,SMALL
ga,augerat_A_n60_k9,59,10,0.500000,100,16000.674248,2557.525266,17279.436881,0.000000,,,0,1,,,,,4.178051,MEDIUM
ga,hfvrp_n200_m40_s05,200,40,0.500000,75,24673.264622,20740.032906,35043.281076,0.000000,,,0,1,,,,,78.757070,BIG
ga,hfvrp_n200_m40_s02,200,40,0.500000,200,28068.024200,20201.723031,38168.885716,0.000000,,,0,1,,,,,25.612987,MEDIUM
ga,augerat_A_n60_k9,59,10,0.500000,100,16019.374553,2566.984467,17302.866787,0.000000,,,0,1,,,,,12.754697,BIG
ga,augerat_A_n60_k9,59,10,0.500000,200,16153.018589,2746.035809,17526.036493,0.000000,,,0,1,,,,,0.210147,DEFAULT
ga,augerat_A_n60_k9,59,10,0.500000,200,16576.255232,3596.748395,18374.629430,0.000000,,,0,1,,,,,0.030616,SMALL
ga,hfvrp_n200_m40_s03,200,40,0.500000,200,38402.732104,70046.856157,73426.160182,0.000000,,,0,1,,,,,1.270337,DEFAULT
ga,hfvrp_n200_m40_s03,200,40,0.500000,200,43360.741598,116822.487242,101771.985219,0.000000,,,0,1,,,,,0.169972,SMALL
ga,augerat_A_n60_k9,59,10,0.500000,200,16000.462032,2584.644554,17292.784309,0.000000,,,0,1,,,,,4.223789,MEDIUM
ga,augerat_A_n60_k9,59,10,0.500000,200,15957.425067,2553.204455,17234.027294,0.000000,,,0,1,,,,,12.969305,BIG
ga,augerat_A_n60_k9,59,10,0.500000,999,16263.743994,2679.803608,17603.645798,0.000000,,,0,1,,,,,0.208959,DEFAULT
ga,augerat_A_n60_k9,59,10,0.500000,999,16421.057632,3438.105027,18140.110146,0.000000,,,0,1,,,,,0.029616,SMALL
ga,hfvrp_n200_m40_s05,200,40,0.500000,100,43061.999337,58558.092677,72341.045676,0.000000,,,0,1,,,,,1.339339,DEFAULT
ga,hfvrp_n200_m40_s05,200,40,0.500000,100,44097.994199,104221.916898,96208.952647,0.000000,,,0,1,,,,,0.177975,SMALL
ga,augerat_A_n60_k9,59,10,0.500000,999,16094.994678,2668.969760,17429.479558,0.000000,,,0,1,,,,,4.212495,MEDIUM
ga,hfvrp_n200_m40_s03,200,40,0.500000,200,26317.871604,36012.600252,44324.171730,0.000000,,,0,1,,,,,26.182602,MEDIUM
ga,augerat_A_n60_k9,59,10,0.500000,999,15963.539146,2798.421938,17362.750115,0.000000,,,0,1,,,,,12.969314,BIG
ga,augerat_A_n60_k9,59,10,0.500000,1234,16262.177248,2895.606134,17709.980314,0.000000,,,0,1,,,,,0.206370,DEFAULT
ga,augerat_A_n60_k9,59,10,0.500000,1234,16614.098317,3374.623989,18301.410311,0.000000,,,0,1,,,,,0.028270,SMALL
ga,hfvrp_n200_m40_s01,200,40,0.500000,19345,25634.562106,17734.984909,34502.054561,0.000000,,,0,1,,,,,78.718801,BIG
ga,augerat_A_n60_k9,59,10,0.500000,1234,16075.814968,2571.038632,17361.334284,0.000000,,,0,1,,,,,4.190692,MEDIUM
ga,hfvrp_n200_m40_s05,200,40,0.500000,100,26372.675450,26473.883810,39609.617355,0.000000,,,0,1,,,,,25.948493,MEDIUM
ga,augerat_A_n60_k9,59,10,0.500000,1234,16060.945694,2605.015193,17363.453291,0.000000,,,0,1,,,,,13.110828,BIG
ga,augerat_A_n60_k9,59,10,0.500000,9999,16202.260350,2751.847862,17578.184281,0.000000,,,0,1,,,,,0.206043,DEFAULT
ga,augerat_A_n60_k9,59,10,0.500000,9999,16629.662196,3705.218068,18482.271230,0.000000,,,0,1,,,,,0.028064,SMALL
ga,hfvrp_n200_m40_s04,200,40,0.500000,100,25006.332859,19265.789449,34639.227583,0.000000,,,0,1,,,,,79.061854,BIG
ga,augerat_A_n60_k9,59,10,0.500000,9999,16025.855442,2553.068758,17302.389821,0.000000,,,0,1,,,,,4.278830,MEDIUM
ga,hfvrp_n200_m40_s01,200,40,0.500000,1788033155338342422,37627.347350,52552.072843,63903.383771,0.000000,,,0,1,,,,,1.331755,DEFAULT
ga,hfvrp_n200_m40_s01,200,40,0.500000,1788033160975907024,44265.087962,67437.992232,77984.084078,0.000000,,,0,1,,,,,0.175285,SMALL
ga,hfvrp_n200_m40_s02,200,40,0.500000,200,23313.004547,16530.750062,31578.379578,0.000000,,,0,1,,,,,78.084127,BIG
ga,augerat_A_n60_k9,59,10,0.500000,9999,15947.585601,2535.388770,17215.279986,0.000000,,,0,1,,,,,13.056319,BIG
ga,augerat_A_n60_k9,59,10,0.500000,19345,16236.829655,2755.185258,17614.422284,0.000000,,,0,1,,,,,0.209809,DEFAULT
ga,augerat_A_n60_k9,59,10,0.500000,19345,16718.906599,3549.612589,18493.712894,0.000000,,,0,1,,,,,0.029443,SMALL
ga,augerat_A_n60_k9,59,10,0.500000,19345,16031.461689,2605.534226,17334.228802,0.000000,,,0,1,,,,,4.280731,MEDIUM
ga,augerat_A_n60_k9,59,10,0.500000,19345,15929.375326,2588.924782,17223.837716,0.000000,,,0,1,,,,,12.995970,BIG
ga,augerat_A_n60_k9,59,10,0.500000,1788032989902336123,16278.526084,2647.309816,17602.180993,0.000000,,,0,1,,,,,0.206560,DEFAULT
ga,augerat_A_n60_k9,59,10,0.500000,1788032985817407000,16472.188585,3363.911205,18154.144188,0.000000,,,0,1,,,,,0.027328,SMALL
ga,hfvrp_n200_m40_s04,200,40,0.500000,200,40087.764299,33776.894007,56976.211303,0.000000,,,0,1,,,,,1.355019,DEFAULT
ga,hfvrp_n200_m40_s04,200,40,0.500000,200,46977.171818,98848.395611,96401.369624,0.000000,,,0,1,,,,,0.172162,SMALL
ga,augerat_A_n60_k9,59,10,0.500000,1788032981553086739,15992.587059,2788.723969,17386.949043,0.000000,,,0,1,,,,,4.191119,MEDIUM
ga,hfvrp_n200_m40_s01,200,40,0.500000,1788033148270618560,26256.913591,24532.504082,38523.165632,0.000000,,,0,1,,,,,27.477337,MEDIUM
ga,hfvrp_n200_m40_s02,200,40,0.500000,999,36881.983609,56306.608443,65035.287830,0.000000,,,0,1,,,,,1.358543,DEFAULT
ga,hfvrp_n200_m40_s02,200,40,0.500000,999,47791.044184,100067.522673,97824.805521,0.000000,,,0,1,,,,,0.171686,SMALL
ga,augerat_A_n60_k9,59,10,0.500000,1788033020108561404,16054.146051,2731.595841,17419.943971,0.000000,,,0,1,,,,,12.876526,BIG
ga,hfvrp_n200_m40_s03,200,40,0.500000,200,23935.436577,29092.052541,38481.462847,0.000000,,,0,1,,,,,79.292958,BIG
ga,augerat_A_n80_k10,79,11,0.500000,1788033467782776303,18472.661228,4207.593659,20576.458057,0.000000,,,0,1,,,,,0.290903,DEFAULT
ga,augerat_A_n80_k10,79,11,0.500000,1788033442308389193,18968.633391,5870.890899,21904.078840,0.000000,,,0,1,,,,,0.039392,SMALL
ga,augerat_A_n80_k10,79,11,0.500000,1788033446651423569,18142.761728,3947.834754,20116.679105,0.000000,,,0,1,,,,,5.806430,MEDIUM
ga,hfvrp_n200_m40_s04,200,40,0.500000,200,25552.242740,21039.422951,36071.954216,0.000000,,,0,1,,,,,26.031244,MEDIUM
ga,hfvrp_n200_m40_s05,200,40,0.500000,100,28648.192281,20302.777982,38799.581271,0.000000,,,0,1,,,,,79.741418,BIG
ga,hfvrp_n200_m40_s02,200,40,0.500000,999,23533.960913,27073.119495,37070.520660,0.000000,,,0,1,,,,,26.787376,MEDIUM
ga,augerat_A_n80_k10,79,11,0.500000,1788033448172695906,18211.554898,3885.560377,20154.335086,0.000000,,,0,1,,,,,18.076952,BIG
ga,augerat_A_n80_k10,79,11,0.500000,1,18361.732093,4194.096580,20458.780383,0.000000,,,0,1,,,,,0.299135,DEFAULT
ga,augerat_A_n80_k10,79,11,0.500000,1,18862.281370,5678.797406,21701.680073,0.000000,,,0,1,,,,,0.034223,SMALL
ga,augerat_A_n80_k10,79,11,0.500000,1,18163.954929,4062.363675,20195.136767,0.000000,,,0,1,,,,,5.818568,MEDIUM
ga,hfvrp_n200_m40_s03,200,40,0.500000,999,38056.191637,61063.191493,68587.787384,0.000000,,,0,1,,,,,1.301013,DEFAULT
ga,hfvrp_n200_m40_s03,200,40,0.500000,999,47113.692533,96473.042946,95350.214006,0.000000,,,0,1,,,,,0.172531,SMALL
ga,hfvrp_n200_m40_s05,200,40,0.500000,200,42813.640494,48338.617656,66982.949322,0.000000,,,0,1,,,,,1.363879,DEFAULT
ga,hfvrp_n200_m40_s05,200,40,0.500000,200,46694.763385,104403.517382,98896.522076,0.000000,,,0,1,,,,,0.181945,SMALL
ga,augerat_A_n80_k10,79,11,0.500000,1,18146.185600,3934.023017,20113.197109,0.000000,,,0,1,,,,,18.136963,BIG
ga,augerat_A_n80_k10,79,11,0.500000,10,18459.922835,4489.428669,20704.637169,0.000000,,,0,1,,,,,0.284366,DEFAULT
ga,augerat_A_n80_k10,79,11,0.500000,10,18767.255340,5382.714938,21458.612809,0.000000,,,0,1,,,,,0.041076,SMALL
ga,augerat_A_n80_k10,79,11,0.500000,10,18113.457254,4188.808879,20207.861693,0.000000,,,0,1,,,,,5.857952,MEDIUM
ga,hfvrp_n200_m40_s03,200,40,0.500000,999,26049.970887,34806.768683,43453.355229,0.000000,,,0,1,,,,,27.132982,MEDIUM
ga,hfvrp_n200_m40_s01,200,40,0.500000,1788033016838855638,24618.456896,19679.852042,34458.382917,0.000000,,,0,1,,,,,78.910942,BIG
ga,hfvrp_n200_m40_s05,200,40,0.500000,200,24785.787109,21214.392123,35392.983170,0.000000,,,0,1,,,,,25.485554,MEDIUM
ga,pyvrp_X101_FSMFD,100,26,0.500000,1788033189484872401,4422174.042374,44947.528708,4444647.806729,0.000000,,,0,1,,,,,0.402009,DEFAULT
ga,pyvrp_X101_FSMFD,100,26,0.500000,1788033164121739845,4766787.961068,58191.122763,4795883.522449,0.000000,,,0,1,,,,,0.053077,SMALL
ga,augerat_A_n80_k10,79,11,0.500000,10,18101.278359,3940.430787,20071.493753,0.000000,,,0,1,,,,,17.662300,BIG
ga,augerat_A_n80_k10,79,11,0.500000,50,18507.409436,4130.259691,20572.539282,0.000000,,,0,1,,,,,0.289153,DEFAULT
ga,augerat_A_n80_k10,79,11,0.500000,50,18999.340951,6166.142524,22082.412213,0.000000,,,0,1,,,,,0.034175,SMALL
ga,pyvrp_X101_FSMFD,100,26,0.500000,1788033168474237979,3910844.316179,37782.428320,3929735.530339,0.000000,,,0,1,,,,,8.189718,MEDIUM
ga,augerat_A_n80_k10,79,11,0.500000,50,18042.928873,4071.770289,20078.814018,0.000000,,,0,1,,,,,5.731799,MEDIUM
ga,hfvrp_n200_m40_s04,200,40,0.500000,200,23758.447197,19173.769242,33345.331818,0.000000,,,0,1,,,,,79.650997,BIG
ga,augerat_A_n80_k10,79,11,0.500000,50,18055.292382,4129.198040,20119.891402,0.000000,,,0,1,,,,,17.325841,BIG
ga,augerat_A_n80_k10,79,11,0.500000,75,18616.122819,4190.169651,20711.207645,0.000000,,,0,1,,,,,0.294721,DEFAULT
ga,augerat_A_n80_k10,79,11,0.500000,75,18735.412573,5565.827468,21518.326307,0.000000,,,0,1,,,,,0.037296,SMALL
ga,hfvrp_n200_m40_s02,200,40,0.500000,999,24201.661328,19773.982407,34088.652532,0.000000,,,0,1,,,,,79.370561,BIG
ga,pyvrp_X101_FSMFD,100,26,0.500000,1788032729992386318,3902505.529667,34260.048061,3919635.553698,0.000000,,,0,1,,,,,25.338820,BIG
ga,augerat_A_n80_k10,79,11,0.500000,75,18172.469450,4111.323921,20228.131410,0.000000,,,0,1,,,,,5.864308,MEDIUM
ga,pyvrp_X101_FSMFD,100,26,0.500000,1,4320098.141824,40840.946842,4340518.615246,0.000000,,,0,1,,,,,0.399025,DEFAULT
ga,pyvrp_X101_FSMFD,100,26,0.500000,1,4914337.595522,52312.952353,4940494.071698,0.000000,,,0,1,,,,,0.054597,SMALL
ga,pyvrp_X101_FSMFD,100,26,0.500000,1,3822940.975415,39267.717914,3842574.834372,0.000000,,,0,1,,,,,8.172589,MEDIUM
ga,hfvrp_n200_m40_s04,200,40,0.500000,999,41074.720698,49005.724955,65577.583175,0.000000,,,0,1,,,,,1.345570,DEFAULT
ga,hfvrp_n200_m40_s04,200,40,0.500000,999,48469.119454,88462.875591,92700.557250,0.000000,,,0,1,,,,,0.177282,SMALL
ga,augerat_A_n80_k10,79,11,0.500000,75,18126.325673,4067.734551,20160.192949,0.000000,,,0,1,,,,,18.084331,BIG
ga,augerat_A_n80_k10,79,11,0.500000,100,18571.598635,4181.174290,20662.185780,0.000000,,,0,1,,,,,0.286983,DEFAULT
ga,augerat_A_n80_k10,79,11,0.500000,100,18837.551170,4978.345294,21326.723817,0.000000,,,0,1,,,,,0.037807,SMALL
ga,augerat_A_n80_k10,79,11,0.500000,100,18182.458354,3921.185333,20143.051020,0.000000,,,0,1,,,,,5.813965,MEDIUM
ga,hfvrp_n200_m40_s02,200,40,0.500000,1234,39896.877875,40721.779033,60257.767392,0.000000,,,0,1,,,,,1.336217,DEFAULT
ga,hfvrp_n200_m40_s02,200,40,0.500000,1234,44137.984558,113796.921726,101036.445421,0.000000,,,0,1,,,,,0.166886,SMALL
ga,pyvrp_X101_FSMFD,100,26,0.500000,1,3717752.047660,35056.979159,3735280.537240,0.000000,,,0,1,,,,,24.828157,BIG
ga,hfvrp_n200_m40_s03,200,40,0.500000,999,22766.112067,27309.128558,36420.676346,0.000000,,,0,1,,,,,78.981874,BIG
ga,pyvrp_X101_FSMFD,100,26,0.500000,10,4516122.979392,52068.802596,4542157.380690,0.000000,,,0,1,,,,,0.416574,DEFAULT
ga,pyvrp_X101_FSMFD,100,26,0.500000,10,4827753.974832,45751.643838,4850629.796751,0.000000,,,0,1,,,,,0.051918,SMALL
ga,hfvrp_n200_m40_s05,200,40,0.500000,200,23926.214369,20757.012156,34304.720447,0.000000,,,0,1,,,,,78.428636,BIG
ga,augerat_A_n80_k10,79,11,0.500000,100,18029.440600,3922.688703,19990.784952,0.000000,,,0,1,,,,,18.067996,BIG
ga,hfvrp_n200_m40_s04,200,40,0.500000,999,30144.917457,21091.020805,40690.427859,0.000000,,,0,1,,,,,26.888924,MEDIUM
ga,augerat_A_n80_k10,79,11,0.500000,200,18394.098705,4045.336389,20416.766899,0.000000,,,0,1,,,,,0.279960,DEFAULT
ga,augerat_A_n80_k10,79,11,0.500000,200,18772.592057,5217.313769,21381.248941,0.000000,,,0,1,,,,,0.033440,SMALL
ga,pyvrp_X101_FSMFD,100,26,0.500000,10,3779633.934219,39679.184259,3799473.526348,0.000000,,,0,1,,,,,8.414725,MEDIUM
ga,augerat_A_n80_k10,79,11,0.500000,200,18204.008729,4110.964271,20259.490865,0.000000,,,0,1,,,,,5.775362,MEDIUM
ga,hfvrp_n200_m40_s02,200,40,0.500000,1234,26976.478938,19971.778557,36962.368216,0.000000,,,0,1,,,,,26.437730,MEDIUM
ga,augerat_A_n80_k10,79,11,0.500000,200,18069.478016,3883.840972,20011.398502,0.000000,,,0,1,,,,,17.973948,BIG
ga,augerat_A_n80_k10,79,11,0.500000,999,18633.863944,4278.616841,20773.172365,0.000000,,,0,1,,,,,0.282516,DEFAULT
ga,augerat_A_n80_k10,79,11,0.500000,999,19085.993777,5219.443006,21695.715280,0.000000,,,0,1,,,,,0.039888,SMALL
ga,hfvrp_n200_m40_s05,200,40,0.500000,999,38711.493340,57298.822156,67360.904418,0.000000,,,0,1,,,,,1.358773,DEFAULT
ga,hfvrp_n200_m40_s05,200,40,0.500000,999,47738.587384,99091.080504,97284.127636,0.000000,,,0,1,,,,,0.180278,SMALL
ga,pyvrp_X101_FSMFD,100,26,0.500000,10,3877471.168612,38058.079031,3896500.208128,0.000000,,,0,1,,,,,25.003527,BIG
ga,augerat_A_n80_k10,79,11,0.500000,999,18052.857686,4043.695708,20074.705541,0.000000,,,0,1,,,,,5.784290,MEDIUM
ga,pyvrp_X101_FSMFD,100,26,0.500000,50,4298324.463067,41338.974502,4318993.950317,0.000000,,,0,1,,,,,0.410828,DEFAULT
ga,pyvrp_X101_FSMFD,100,26,0.500000,50,4697275.076042,49052.930713,4721801.541398,0.000000,,,0,1,,,,,0.058189,SMALL
ga,hfvrp_n200_m40_s03,200,40,0.500000,1234,39298.311819,69332.260408,73964.442023,0.000000,,,0,1,,,,,1.307631,DEFAULT
ga,hfvrp_n200_m40_s03,200,40,0.500000,1234,40791.788220,107595.353367,94589.464904,0.000000,,,0,1,,,,,0.173576,SMALL
ga,pyvrp_X101_FSMFD,100,26,0.500000,50,3809168.198923,37201.336030,3827768.866938,0.000000,,,0,1,,,,,8.100573,MEDIUM
ga,augerat_A_n80_k10,79,11,0.500000,999,18095.208368,4088.315941,20139.366339,0.000000,,,0,1,,,,,17.689220,BIG
ga,augerat_A_n80_k10,79,11,0.500000,1234,18369.117527,4192.383502,20465.309278,0.000000,,,0,1,,,,,0.287826,DEFAULT
ga,augerat_A_n80_k10,79,11,0.500000,1234,18555.600607,4776.601702,20943.901458,0.000000,,,0,1,,,,,0.034293,SMALL
ga,hfvrp_n200_m40_s05,200,40,0.500000,999,25877.414990,20931.412468,36343.121224,0.000000,,,0,1,,,,,26.002669,MEDIUM
ga,augerat_A_n80_k10,79,11,0.500000,1234,18152.334481,4022.275755,20163.472358,0.000000,,,0,1,,,,,5.821746,MEDIUM
ga,hfvrp_n200_m40_s03,200,40,0.500000,1234,26703.579803,28107.820347,40757.489977,0.000000,,,0,1,,,,,26.460988,MEDIUM
ga,pyvrp_X101_FSMFD,100,26,0.500000,50,3888387.959300,36102.163417,3906439.041009,0.000000,,,0,1,,,,,24.876519,BIG
ga,pyvrp_X101_FSMFD,100,26,0.500000,75,4254395.748387,38387.871150,4273589.683963,0.000000,,,0,1,,,,,0.403988,DEFAULT
ga,pyvrp_X101_FSMFD,100,26,0.500000,75,4738429.093898,52338.763282,4764598.475539,0.000000,,,0,1,,,,,0.057576,SMALL
ga,augerat_A_n80_k10,79,11,0.500000,1234,18020.181588,3923.383639,19981.873407,0.000000,,,0,1,,,,,17.198779,BIG
ga,augerat_A_n80_k10,79,11,0.500000,9999,18532.510250,4393.049093,20729.034797,0.000000,,,0,1,,,,,0.278048,DEFAULT
ga,augerat_A_n80_k10,79,11,0.500000,9999,18957.758000,4939.677463,21427.596732,0.000000,,,0,1,,,,,0.035362,SMALL
ga,pyvrp_X101_FSMFD,100,26,0.500000,75,3870538.824987,34383.383938,3887730.516956,0.000000,,,0,1,,,,,8.416579,MEDIUM
ga,hfvrp_n200_m40_s04,200,40,0.500000,999,25802.619387,19464.786964,35535.012869,0.000000,,,0,1,,,,,79.253216,BIG
ga,augerat_A_n80_k10,79,11,0.500000,9999,18129.821936,4097.028898,20178.336385,0.000000,,,0,1,,,,,5.856152,MEDIUM
ga,hfvrp_n200_m40_s02,200,40,0.500000,1234,24579.124103,19388.288261,34273.268234,0.000000,,,0,1,,,,,78.497243,BIG
ga,augerat_A_n80_k10,79,11,0.500000,9999,18145.138120,3947.226558,20118.751400,0.000000,,,0,1,,,,,17.805887,BIG
ga,augerat_A_n80_k10,79,11,0.500000,19345,18589.289055,4279.319592,20728.948851,0.000000,,,0,1,,,,,0.282800,DEFAULT
ga,augerat_A_n80_k10,79,11,0.500000,19345,19083.908438,5472.978648,21820.397762,0.000000,,,0,1,,,,,0.040430,SMALL
ga,pyvrp_X101_FSMFD,100,26,0.500000,75,3799336.099413,39061.166167,3818866.682497,0.000000,,,0,1,,,,,25.442617,BIG
ga,augerat_A_n80_k10,79,11,0.500000,19345,18129.914081,3984.406175,20122.117168,0.000000,,,0,1,,,,,5.757617,MEDIUM
ga,pyvrp_X101_FSMFD,100,26,0.500000,100,4260690.624035,39037.035410,4280209.141740,0.000000,,,0,1,,,,,0.395558,DEFAULT
ga,pyvrp_X101_FSMFD,100,26,0.500000,100,4632845.433389,43221.893718,4654456.380248,0.000000,,,0,1,,,,,0.048759,SMALL
ga,hfvrp_n200_m40_s04,200,40,0.500000,1234,40855.230285,42772.378312,62241.419441,0.000000,,,0,1,,,,,1.324393,DEFAULT
ga,hfvrp_n200_m40_s04,200,40,0.500000,1234,46338.904187,83332.075511,88004.941943,0.000000,,,0,1,,,,,0.182226,SMALL
ga,pyvrp_X101_FSMFD,100,26,0.500000,100,3944795.041779,40921.303985,3965255.693771,0.000000,,,0,1,,,,,8.331177,MEDIUM
ga,hfvrp_n200_m40_s02,200,40,0.500000,9999,35635.122130,65675.705830,68472.975045,0.000000,,,0,1,,,,,1.359494,DEFAULT
ga,augerat_A_n80_k10,79,11,0.500000,19345,18099.465001,3990.114127,20094.522064,0.000000,,,0,1,,,,,17.825893,BIG
ga,hfvrp_n200_m40_s02,200,40,0.500000,9999,41834.299485,68073.046573,75870.822772,0.000000,,,0,1,,,,,0.183336,SMALL
ga,augerat_A_n80_k10,79,11,0.500000,1788034467865067307,18473.618603,4382.210643,20664.723924,0.000000,,,0,1,,,,,0.286151,DEFAULT
ga,augerat_A_n80_k10,79,11,0.500000,1788034472450488807,18955.193033,5172.399939,21541.393002,0.000000,,,0,1,,,,,0.034823,SMALL
ga,augerat_A_n80_k10,79,11,0.500000,1788034476784301287,18178.173096,4066.663943,20211.505067,0.000000,,,0,1,,,,,5.778963,MEDIUM
ga,hfvrp_n200_m40_s05,200,40,0.500000,999,24960.619784,17989.124058,33955.181813,0.000000,,,0,1,,,,,79.248928,BIG
ga,hfvrp_n200_m40_s03,200,40,0.500000,1234,24520.467211,28498.674991,38769.804707,0.000000,,,0,1,,,,,80.269910,BIG
ga,hfvrp_n200_m40_s04,200,40,0.500000,1234,27221.325956,19817.477248,37130.064580,0.000000,,,0,1,,,,,26.085532,MEDIUM
ga,pyvrp_X101_FSMFD,100,26,0.500000,100,3803088.005850,36185.603097,3821180.807398,0.000000,,,0,1,,,,,25.685071,BIG
ga,pyvrp_X101_FSMFD,100,26,0.500000,200,4230916.714153,41124.230656,4251478.829481,0.000000,,,0,1,,,,,0.401567,DEFAULT
ga,pyvrp_X101_FSMFD,100,26,0.500000,200,4770970.749791,62618.775512,4802280.137547,0.000000,,,0,1,,,,,0.052105,SMALL
ga,augerat_A_n80_k10,79,11,0.500000,1788034478272988695,18036.957721,4021.984921,20047.950182,0.000000,,,0,1,,,,,17.420290,BIG
ga,hfvrp_n200_m40_s02,200,40,0.500000,9999,25953.775539,22145.559283,37026.555180,0.000000,,,0,1,,,,,25.956507,MEDIUM
ga,pyvrp_X106_FSMD,105,16,0.500000,1788032664327245934,4417731.496816,75799.587965,4455631.290799,0.000000,,,0,1,,,,,0.390714,DEFAULT
ga,pyvrp_X106_FSMD,105,16,0.500000,1788032669017475304,4913701.598895,82809.153728,4955106.175759,0.000000,,,0,1,,,,,0.055174,SMALL
ga,pyvrp_X101_FSMFD,100,26,0.500000,200,3937492.204315,40328.778472,3957656.593551,0.000000,,,0,1,,,,,8.520730,MEDIUM
ga,pyvrp_X106_FSMD,105,16,0.500000,1788032690551802943,3858157.254499,63991.386672,3890152.947835,0.000000,,,0,1,,,,,7.970562,MEDIUM
ga,hfvrp_n200_m40_s05,200,40,0.500000,1234,37877.111502,43108.005014,59431.114010,0.000000,,,0,1,,,,,1.338754,DEFAULT
ga,hfvrp_n200_m40_s05,200,40,0.500000,1234,47734.940733,107929.517393,101699.699430,0.000000,,,0,1,,,,,0.188310,SMALL
ga,hfvrp_n200_m40_s03,200,40,0.500000,9999,35361.137671,80650.855729,75686.565536,0.000000,,,0,1,,,,,1.302115,DEFAULT
ga,hfvrp_n200_m40_s03,200,40,0.500000,9999,40072.636855,121358.161106,100751.717408,0.000000,,,0,1,,,,,0.161879,SMALL
ga,pyvrp_X101_FSMFD,100,26,0.500000,200,3941148.592634,35201.790006,3958749.487637,0.000000,,,0,1,,,,,25.180915,BIG
ga,pyvrp_X106_FSMD,105,16,0.500000,1788032711412092167,3717723.670695,61571.869053,3748509.605221,0.000000,,,0,1,,,,,23.254176,BIG
ga,pyvrp_X101_FSMFD,100,26,0.500000,999,4320370.014811,41776.888316,4341258.458969,0.000000,,,0,1,,,,,0.474871,DEFAULT
ga,pyvrp_X101_FSMFD,100,26,0.500000,999,4627904.132085,53597.186242,4654702.725206,0.000000,,,0,1,,,,,0.051760,SMALL
ga,pyvrp_X106_FSMD,105,16,0.500000,1,4332329.141720,71220.854677,4367939.569058,0.000000,,,0,1,,,,,0.401593,DEFAULT
ga,pyvrp_X106_FSMD,105,16,0.500000,1,5215343.792865,103338.925271,5267013.255500,0.000000,,,0,1,,,,,0.049524,SMALL
ga,hfvrp_n200_m40_s05,200,40,0.500000,1234,27767.619622,24375.485126,39955.362185,0.000000,,,0,1,,,,,26.317780,MEDIUM
ga,pyvrp_X101_FSMFD,100,26,0.500000,999,3823519.382160,39582.415858,3843310.590089,0.000000,,,0,1,,,,,8.250342,MEDIUM
ga,pyvrp_X106_FSMD,105,16,0.500000,1,3699852.242812,60480.693913,3730092.589768,0.000000,,,0,1,,,,,7.859898,MEDIUM
ga,hfvrp_n200_m40_s03,200,40,0.500000,9999,30380.360737,36272.761458,48516.741466,0.000000,,,0,1,,,,,25.508226,MEDIUM
ga,pyvrp_X101_FSMFD,100,26,0.500000,999,3805966.995667,32701.550492,3822317.770913,0.000000,,,0,1,,,,,24.978671,BIG
ga,pyvrp_X106_FSMD,105,16,0.500000,1,3777233.481791,62144.084483,3808305.524033,0.000000,,,0,1,,,,,23.844645,BIG
ga,pyvrp_X106_FSMD,105,16,0.500000,10,4375818.570812,73072.152068,4412354.646846,0.000000,,,0,1,,,,,0.388343,DEFAULT
ga,pyvrp_X106_FSMD,105,16,0.500000,10,4815623.682871,86876.185815,4859061.775779,0.000000,,,0,1,,,,,0.048406,SMALL
ga,pyvrp_X101_FSMFD,100,26,0.500000,1234,4233745.158528,34756.492183,4251123.404620,0.000000,,,0,1,,,,,0.423323,DEFAULT
ga,hfvrp_n200_m40_s04,200,40,0.500000,1234,25582.543789,22144.392837,36654.740207,0.000000,,,0,1,,,,,80.411245,BIG
ga,pyvrp_X101_FSMFD,100,26,0.500000,1234,4529977.056716,41946.144299,4550950.128866,0.000000,,,0,1,,,,,0.055551,SMALL
ga,hfvrp_n200_m40_s02,200,40,0.500000,9999,23461.196125,18945.476091,32933.934170,0.000000,,,0,1,,,,,78.358010,BIG
ga,pyvrp_X106_FSMD,105,16,0.500000,10,3924224.946526,67356.752143,3957903.322597,0.000000,,,0,1,,,,,8.116585,MEDIUM
ga,pyvrp_X101_FSMFD,100,26,0.500000,1234,3885662.045954,35058.204186,3903191.148047,0.000000,,,0,1,,,,,8.211407,MEDIUM
ga,pyvrp_X106_FSMD,105,16,0.500000,10,3788249.587661,64359.670335,3820429.422829,0.000000,,,0,1,,,,,23.783711,BIG
ga,pyvrp_X101_FSMFD,100,26,0.500000,1234,3812113.924831,40670.723143,3832449.286403,0.000000,,,0,1,,,,,25.436175,BIG
ga,hfvrp_n200_m40_s04,200,40,0.500000,9999,39705.199361,47353.238266,63381.818494,0.000000,,,0,1,,,,,1.311308,DEFAULT
ga,hfvrp_n200_m40_s04,200,40,0.500000,9999,42705.360641,83236.107765,84323.414524,0.000000,,,0,1,,,,,0.180082,SMALL
ga,pyvrp_X106_FSMD,105,16,0.500000,50,4199479.306194,72267.898038,4235613.255213,0.000000,,,0,1,,,,,0.398661,DEFAULT
ga,pyvrp_X106_FSMD,105,16,0.500000,50,4851145.084828,79518.583335,4890904.376496,0.000000,,,0,1,,,,,0.052349,SMALL
ga,pyvrp_X101_FSMFD,100,26,0.500000,9999,4257979.042348,34066.960216,4275012.522456,0.000000,,,0,1,,,,,0.461898,DEFAULT
ga,pyvrp_X101_FSMFD,100,26,0.500000,9999,4768067.185850,43793.226990,4789963.799345,0.000000,,,0,1,,,,,0.053428,SMALL
ga,hfvrp_n200_m40_s02,200,40,0.500000,19345,36874.386800,49856.410798,61802.592199,0.000000,,,0,1,,,,,1.357020,DEFAULT
ga,hfvrp_n200_m40_s02,200,40,0.500000,19345,44410.600973,103413.167440,96117.184693,0.000000,,,0,1,,,,,0.174436,SMALL
ga,pyvrp_X106_FSMD,105,16,0.500000,50,3780564.117204,60804.668978,3810966.451693,0.000000,,,0,1,,,,,7.901796,MEDIUM
ga,pyvrp_X101_FSMFD,100,26,0.500000,9999,3956169.730942,35615.232934,3973977.347409,0.000000,,,0,1,,,,,8.288446,MEDIUM
ga,hfvrp_n200_m40_s05,200,40,0.500000,1234,24358.793795,21158.035917,34937.811753,0.000000,,,0,1,,,,,81.411448,BIG
ga,hfvrp_n200_m40_s04,200,40,0.500000,9999,27824.825912,21182.450650,38416.051237,0.000000,,,0,1,,,,,26.799598,MEDIUM
ga,hfvrp_n200_m40_s03,200,40,0.500000,9999,23136.407551,27781.465107,37027.140104,0.000000,,,0,1,,,,,79.323731,BIG
ga,pyvrp_X106_FSMD,105,16,0.500000,50,3723670.248797,61883.456588,3754611.977090,0.000000,,,0,1,,,,,23.693229,BIG
ga,hfvrp_n200_m40_s02,200,40,0.500000,19345,26103.122537,25504.261975,38855.253525,0.000000,,,0,1,,,,,25.889499,MEDIUM
ga,pyvrp_X106_FSMD,105,16,0.500000,75,4575432.718875,75026.893710,4612946.165730,0.000000,,,0,1,,,,,0.384345,DEFAULT
ga,pyvrp_X106_FSMD,105,16,0.500000,75,4885904.233449,82408.461643,4927108.464270,0.000000,,,0,1,,,,,0.051367,SMALL
ga,pyvrp_X101_FSMFD,100,26,0.500000,9999,3797548.093983,36867.273134,3815981.730550,0.000000,,,0,1,,,,,24.650162,BIG
ga,pyvrp_X101_FSMFD,100,26,0.500000,19345,4190656.712398,40919.812504,4211116.618650,0.000000,,,0,1,,,,,0.403653,DEFAULT
ga,pyvrp_X101_FSMFD,100,26,0.500000,19345,4600335.438358,41458.088527,4621064.482621,0.000000,,,0,1,,,,,0.051840,SMALL
ga,hfvrp_n200_m40_s05,200,40,0.500000,9999,37553.894590,57161.638982,66134.714081,0.000000,,,0,1,,,,,1.351284,DEFAULT
ga,hfvrp_n200_m40_s05,200,40,0.500000,9999,42982.209894,106060.760519,96012.590153,0.000000,,,0,1,,,,,0.183026,SMALL
ga,pyvrp_X106_FSMD,105,16,0.500000,75,3891690.285453,70293.804108,3926837.187507,0.000000,,,0,1,,,,,8.014328,MEDIUM
ga,pyvrp_X101_FSMFD,100,26,0.500000,19345,3827842.190982,33789.817608,3844737.099786,0.000000,,,0,1,,,,,8.175889,MEDIUM
ga,hfvrp_n200_m40_s03,200,40,0.500000,19345,38308.286692,51743.816194,64180.194789,0.000000,,,0,1,,,,,1.379004,DEFAULT
ga,hfvrp_n200_m40_s03,200,40,0.500000,19345,46321.510434,128882.548855,110762.784861,0.000000,,,0,1,,,,,0.168582,SMALL
ga,pyvrp_X106_FSMD,105,16,0.500000,75,3701643.698448,64200.122643,3733743.759770,0.000000,,,0,1,,,,,23.403628,BIG
ga,hfvrp_n200_m40_s05,200,40,0.500000,9999,25870.452333,20935.592434,36338.248550,0.000000,,,0,1,,,,,25.826182,MEDIUM
ga,pyvrp_X106_FSMD,105,16,0.500000,100,4054907.491862,68259.461851,4089037.222787,0.000000,,,0,1,,,,,0.389336,DEFAULT
ga,pyvrp_X106_FSMD,105,16,0.500000,100,4565099.075138,73775.451660,4601986.800968,0.000000,,,0,1,,,,,0.053444,SMALL
ga,pyvrp_X101_FSMFD,100,26,0.500000,19345,3757457.477928,39357.551641,3777136.253748,0.000000,,,0,1,,,,,24.602704,BIG
ga,pyvrp_X101_FSMFD,100,26,0.500000,1788033068200872946,4307304.164401,40958.203995,4327783.266399,0.000000,,,0,1,,,,,0.399257,DEFAULT
ga,pyvrp_X101_FSMFD,100,26,0.500000,1788033072901130607,4734610.972311,57181.935796,4763201.940209,0.000000,,,0,1,,,,,0.058614,SMALL
ga,pyvrp_X106_FSMD,105,16,0.500000,100,3921504.419550,60652.711139,3951830.775120,0.000000,,,0,1,,,,,8.033794,MEDIUM
ga,pyvrp_X101_FSMFD,100,26,0.500000,1788033042900629922,3950330.768694,40105.467677,3970383.502532,0.000000,,,0,1,,,,,8.254951,MEDIUM
ga,hfvrp_n200_m40_s03,200,40,0.500000,19345,24446.181476,27678.315774,38285.339363,0.000000,,,0,1,,,,,26.541696,MEDIUM
ga,pyvrp_X106_FSMD,105,16,0.500000,100,3625384.882358,65055.252423,3657912.508570,0.000000,,,0,1,,,,,23.585931,BIG
ga,pyvrp_X106_FSMD,105,16,0.500000,200,4544330.543607,76396.679446,4582528.883330,0.000000,,,0,1,,,,,0.402396,DEFAULT
ga,pyvrp_X106_FSMD,105,16,0.500000,200,4608978.435996,72988.645364,4645472.758679,0.000000,,,0,1,,,,,0.053705,SMALL
ga,hfvrp_n200_m40_s04,200,40,0.500000,9999,26129.520633,18244.063347,35251.552307,0.000000,,,0,1,,,,,80.337549,BIG
ga,pyvrp_X101_FSMFD,100,26,0.500000,1788033042570079267,3836532.708033,36703.099330,3854884.257697,0.000000,,,0,1,,,,,25.519082,BIG
ga,pyvrp_X106_FSMD,105,16,0.500000,200,3780062.127339,61478.840197,3810801.547438,0.000000,,,0,1,,,,,7.996686,MEDIUM
ga,hfvrp_n200_m40_s02,200,40,0.500000,19345,24320.036987,21468.233521,35054.153747,0.000000,,,0,1,,,,,80.962707,BIG
ga,pyvrp_X110_HD,109,13,0.500000,1788033380043479685,2684347.579175,76535.656786,2722615.407568,0.000000,,,0,1,,,,,0.429531,DEFAULT
ga,pyvrp_X110_HD,109,13,0.500000,1788033436317144140,3380778.201952,93665.064050,3427610.733977,0.000000,,,0,1,,,,,0.063409,SMALL
ga,pyvrp_X110_HD,109,13,0.500000,1788033406322788535,1948270.760503,44741.007686,1970641.264346,0.000000,,,0,1,,,,,8.593050,MEDIUM
ga,pyvrp_X106_FSMD,105,16,0.500000,200,3796756.052485,62248.074821,3827880.089895,0.000000,,,0,1,,,,,23.609987,BIG
ga,pyvrp_X106_FSMD,105,16,0.500000,999,4377235.505452,89619.178885,4422045.094894,0.000000,,,0,1,,,,,0.386050,DEFAULT
ga,pyvrp_X106_FSMD,105,16,0.500000,999,4960573.144832,89439.489908,5005292.889786,0.000000,,,0,1,,,,,0.053155,SMALL
ga,hfvrp_n200_m40_s04,200,40,0.500000,19345,41761.173578,40271.420006,61896.883581,0.000000,,,0,1,,,,,1.351214,DEFAULT
ga,hfvrp_n200_m40_s04,200,40,0.500000,19345,45527.298964,69262.055009,80158.326469,0.000000,,,0,1,,,,,0.181634,SMALL
ga,pyvrp_X106_FSMD,105,16,0.500000,999,3759338.658172,62824.839649,3790751.077996,0.000000,,,0,1,,,,,7.738371,MEDIUM
ga,hfvrp_n200_m40_s02,200,40,0.500000,1788033317754191761,32876.483996,43798.043144,54775.505568,0.000000,,,0,1,,,,,1.333785,DEFAULT
ga,hfvrp_n200_m40_s02,200,40,0.500000,1788033327682887558,43244.267049,71436.493521,78962.513810,0.000000,,,0,1,,,,,0.176680,SMALL
ga,pyvrp_X110_HD,109,13,0.500000,1788033419215864184,1972963.204570,38943.283197,1992434.846169,0.000000,,,0,1,,,,,25.495008,BIG
ga,hfvrp_n200_m40_s05,200,40,0.500000,9999,25287.982932,21508.176842,36042.071354,0.000000,,,0,1,,,,,82.316795,BIG
ga,pyvrp_X110_HD,109,13,0.500000,1,2704731.672507,69326.290468,2739394.817741,0.000000,,,0,1,,,,,0.410964,DEFAULT
ga,pyvrp_X110_HD,109,13,0.500000,1,3066269.082023,77592.888172,3105065.526109,0.000000,,,0,1,,,,,0.058363,SMALL
ga,pyvrp_X110_HD,109,13,0.500000,1,1984910.495976,39598.503467,2004709.747709,0.000000,,,0,1,,,,,8.318855,MEDIUM
ga,hfvrp_n200_m40_s04,200,40,0.500000,19345,27817.216265,19450.375440,37542.403985,0.000000,,,0,1,,,,,26.148046,MEDIUM
ga,pyvrp_X106_FSMD,105,16,0.500000,999,3879799.793636,69300.061875,3914449.824573,0.000000,,,0,1,,,,,23.629912,BIG
ga,hfvrp_n200_m40_s03,200,40,0.500000,19345,24250.999708,29691.195069,39096.597243,0.000000,,,0,1,,,,,80.514641,BIG
ga,hfvrp_n200_m40_s02,200,40,0.500000,1788033332159535771,24058.462845,22142.593583,35129.759636,0.000000,,,0,1,,,,,25.880645,MEDIUM
ga,pyvrp_X106_FSMD,105,16,0.500000,1234,4400135.474585,73226.923025,4436748.936097,0.000000,,,0,1,,,,,0.394345,DEFAULT
ga,pyvrp_X106_FSMD,105,16,0.500000,1234,5016582.752595,87185.971162,5060175.738176,0.000000,,,0,1,,,,,0.049478,SMALL
ga,hfvrp_n200_m40_s05,200,40,0.500000,19345,40682.694760,49034.202571,65199.796045,0.000000,,,0,1,,,,,1.339432,DEFAULT
ga,hfvrp_n200_m40_s05,200,40,0.500000,19345,42799.002818,80838.839486,83218.422561,0.000000,,,0,1,,,,,0.188789,SMALL
ga,pyvrp_X106_FSMD,105,16,0.500000,1234,3809218.683440,63460.014963,3840948.690921,0.000000,,,0,1,,,,,7.920061,MEDIUM
ga,pyvrp_X110_HD,109,13,0.500000,1,2099848.614768,36438.283011,2118067.756273,0.000000,,,0,1,,,,,25.653592,BIG
ga,pyvrp_X110_HD,109,13,0.500000,10,2619083.267398,60678.497537,2649422.516167,0.000000,,,0,1,,,,,0.433352,DEFAULT
ga,pyvrp_X110_HD,109,13,0.500000,10,3089662.299096,70441.344809,3124882.971501,0.000000,,,0,1,,,,,0.052851,SMALL
ga,pyvrp_X110_HD,109,13,0.500000,10,2079819.680210,43188.036472,2101413.698446,0.000000,,,0,1,,,,,8.359708,MEDIUM
ga,hfvrp_n200_m40_s05,200,40,0.500000,19345,26718.011721,22324.698464,37880.360953,0.000000,,,0,1,,,,,25.574272,MEDIUM
ga,pyvrp_X106_FSMD,105,16,0.500000,1234,3709768.976090,64412.229203,3741975.090692,0.000000,,,0,1,,,,,24.100974,BIG
ga,pyvrp_X106_FSMD,105,16,0.500000,9999,4283664.258117,69078.224993,4318203.370613,0.000000,,,0,1,,,,,0.391914,DEFAULT
ga,pyvrp_X106_FSMD,105,16,0.500000,9999,5048827.969438,80341.761385,5088998.850131,0.000000,,,0,1,,,,,0.051658,SMALL
ga,hfvrp_n200_m40_s03,200,40,0.500000,1788031659453196711,37527.924084,77299.717685,76177.782926,0.000000,,,0,1,,,,,1.311652,DEFAULT
ga,hfvrp_n200_m40_s03,200,40,0.500000,1788031656480724726,46557.509784,92108.442315,92611.730942,0.000000,,,0,1,,,,,0.168249,SMALL
ga,pyvrp_X106_FSMD,105,16,0.500000,9999,4052696.771284,66267.393599,4085830.468083,0.000000,,,0,1,,,,,7.907146,MEDIUM
ga,pyvrp_X110_HD,109,13,0.500000,10,1976645.069260,50186.353600,2001738.246060,0.000000,,,0,1,,,,,25.642916,BIG
ga,pyvrp_X110_HD,109,13,0.500000,50,2813698.580052,81127.964584,2854262.562345,0.000000,,,0,1,,,,,0.421830,DEFAULT
ga,pyvrp_X110_HD,109,13,0.500000,50,3237015.502121,70819.286619,3272425.145430,0.000000,,,0,1,,,,,0.061194,SMALL
ga,pyvrp_X110_HD,109,13,0.500000,50,2095362.144684,52843.526242,2121783.907805,0.000000,,,0,1,,,,,8.409521,MEDIUM
ga,hfvrp_n200_m40_s03,200,40,0.500000,1788031652364864375,27554.963010,36336.675491,45723.300756,0.000000,,,0,1,,,,,25.569654,MEDIUM
ga,pyvrp_X106_FSMD,105,16,0.500000,9999,3683328.533932,60130.165617,3713393.616740,0.000000,,,0,1,,,,,23.774806,BIG
ga,pyvrp_X106_FSMD,105,16,0.500000,19345,4287423.170606,70225.933927,4322536.137569,0.000000,,,0,1,,,,,0.403062,DEFAULT
ga,pyvrp_X106_FSMD,105,16,0.500000,19345,4811429.708211,74765.143124,4848812.279773,0.000000,,,0,1,,,,,0.049853,SMALL
ga,pyvrp_X106_FSMD,105,16,0.500000,19345,3736832.704484,64884.241362,3769274.825165,0.000000,,,0,1,,,,,7.905236,MEDIUM
ga,hfvrp_n200_m40_s04,200,40,0.500000,19345,25988.750768,18270.516929,35124.009232,0.000000,,,0,1,,,,,83.564895,BIG
ga,hfvrp_n200_m40_s02,200,40,0.500000,1788031584229570665,20206.130185,20943.948105,30678.104237,0.000000,,,0,1,,,,,81.925460,BIG
ga,pyvrp_X115_HVRP,114,18,0.500000,1788031758882498343,2407413.979571,63240.052367,2439034.005755,0.000000,,,0,0,,,,,0.447469,DEFAULT
ga,pyvrp_X115_HVRP,114,18,0.500000,1788031402852180113,2830502.503368,66967.490717,2863986.248726,0.000000,,,0,0,,,,,0.061085,SMALL
ga,pyvrp_X110_HD,109,13,0.500000,50,1991208.623837,40820.074462,2011618.661068,0.000000,,,0,1,,,,,25.136661,BIG
ga,pyvrp_X110_HD,109,13,0.500000,75,2741883.889898,63160.086211,2773463.933004,0.000000,,,0,1,,,,,0.421928,DEFAULT
ga,pyvrp_X110_HD,109,13,0.500000,75,3223798.640759,79921.046175,3263759.163846,0.000000,,,0,1,,,,,0.060558,SMALL
ga,pyvrp_X115_HVRP,114,18,0.500000,1788031407212658753,2003139.078092,48218.360203,2027248.258193,0.000000,,,0,0,,,,,8.974262,MEDIUM
ga,pyvrp_X110_HD,109,13,0.500000,75,2280258.804148,45235.649532,2302876.628914,0.000000,,,0,1,,,,,8.444783,MEDIUM
ga,pyvrp_X106_FSMD,105,16,0.500000,19345,3863714.892147,61051.534668,3894240.659481,0.000000,,,0,1,,,,,24.089035,BIG
ga,pyvrp_X106_FSMD,105,16,0.500000,1788031400863221256,4307822.105060,72212.119712,4343928.164916,0.000000,,,0,1,,,,,0.396274,DEFAULT
ga,pyvrp_X106_FSMD,105,16,0.500000,1788031354024144667,4783684.446640,73963.043675,4820665.968477,0.000000,,,0,1,,,,,0.051775,SMALL
ga,hfvrp_n200_m40_s05,200,40,0.500000,19345,28410.920363,19940.145865,38380.993296,0.000000,,,0,1,,,,,77.861159,BIG
ga,hfvrp_n200_m40_s04,200,40,0.500000,1788031351865894427,36430.759934,41659.589703,57260.554786,0.000000,,,0,1,,,,,1.348363,DEFAULT
ga,hfvrp_n200_m40_s04,200,40,0.500000,1788031357514264847,45036.426402,96040.370943,93056.611874,0.000000,,,0,1,,,,,0.175029,SMALL
ga,pyvrp_X106_FSMD,105,16,0.500000,1788031349790051545,3711905.017086,62989.519919,3743399.777046,0.000000,,,0,1,,,,,8.055436,MEDIUM
ga,pyvrp_X115_HVRP,114,18,0.500000,1788031381837340114,2003350.074838,42512.141095,2024606.145386,0.000000,,,0,0,,,,,28.102991,BIG
ga,pyvrp_X110_HD,109,13,0.500000,75,2002379.886820,45586.744869,2025173.259255,0.000000,,,0,1,,,,,24.598618,BIG
ga,pyvrp_X115_HVRP,114,18,0.500000,1,2407796.070461,68654.768549,2442123.454735,0.000000,,,0,0,,,,,0.445371,DEFAULT
ga,pyvrp_X115_HVRP,114,18,0.500000,1,2742197.309786,79393.559062,2781894.089317,0.000000,,,0,0,,,,,0.059443,SMALL
ga,pyvrp_X110_HD,109,13,0.500000,100,2524103.033586,63714.028902,2555960.048037,0.000000,,,0,1,,,,,0.412631,DEFAULT
ga,pyvrp_X110_HD,109,13,0.500000,100,2962983.119538,78066.028632,3002016.133853,0.000000,,,0,1,,,,,0.058543,SMALL
ga,pyvrp_X110_HD,109,13,0.500000,100,2165795.758225,42700.594363,2187146.055407,0.000000,,,0,1,,,,,8.270757,MEDIUM
ga,pyvrp_X115_HVRP,114,18,0.500000,1,2007267.437873,36630.361801,2025582.618774,0.000000,,,0,0,,,,,9.469615,MEDIUM
ga,pyvrp_X106_FSMD,105,16,0.500000,1788031332080318410,3823431.971976,66581.978609,3856722.961280,0.000000,,,0,1,,,,,24.006248,BIG
ga,hfvrp_n200_m40_s05,200,40,0.500000,1788031342342538587,40394.488109,55434.276784,68111.626501,0.000000,,,0,1,,,,,1.367415,DEFAULT
ga,hfvrp_n200_m40_s05,200,40,0.500000,1788031421029922848,41443.037947,109720.716749,96303.396321,0.000000,,,0,1,,,,,0.181883,SMALL
ga,hfvrp_n200_m40_s04,200,40,0.500000,1788031327629423201,29110.766560,16915.551326,37568.542223,0.000000,,,0,1,,,,,26.186097,MEDIUM
ga,pyvrp_X120_FSMF,119,12,0.500000,1788031413779320778,3636224.949851,153744.466479,3713097.183090,0.000000,,,0,1,,,,,0.425893,DEFAULT
ga,pyvrp_X120_FSMF,119,12,0.500000,1788031439983525390,3702702.818685,173514.511554,3789460.074462,0.000000,,,0,1,,,,,0.060510,SMALL
ga,hfvrp_n200_m40_s03,200,40,0.500000,1788031806794859668,25514.677252,24815.951639,37922.653072,0.000000,,,0,1,,,,,77.698289,BIG
ga,pyvrp_X120_FSMF,119,12,0.500000,1788031435753529912,3128060.657864,98224.464813,3177172.890271,0.000000,,,0,1,,,,,8.657308,MEDIUM
ga,pyvrp_X110_HD,109,13,0.500000,100,1947222.687395,44620.736130,1969533.055460,0.000000,,,0,1,,,,,25.462502,BIG
ga,pyvrp_X110_HD,109,13,0.500000,200,2703373.277016,71473.590859,2739110.072445,0.000000,,,0,1,,,,,0.409825,DEFAULT
ga,pyvrp_X110_HD,109,13,0.500000,200,3322962.872270,86563.969056,3366244.856798,0.000000,,,0,1,,,,,0.053242,SMALL
ga,pyvrp_X115_HVRP,114,18,0.500000,1,2060488.616017,44377.954559,2082677.593296,0.000000,,,0,0,,,,,27.892116,BIG
ga,pyvrp_X115_HVRP,114,18,0.500000,10,2424042.342186,61878.959551,2454981.821962,0.000000,,,0,0,,,,,0.441437,DEFAULT
ga,hfvrp_n200_m40_s05,200,40,0.500000,1788031425511483220,28244.119589,24086.056901,40287.148040,0.000000,,,0,1,,,,,27.797308,MEDIUM
ga,pyvrp_X115_HVRP,114,18,0.500000,10,2774522.867527,70809.939338,2809927.837196,0.000000,,,0,0,,,,,0.062293,SMALL
ga,pyvrp_X110_HD,109,13,0.500000,200,2087742.988632,48275.147273,2111880.562269,0.000000,,,0,1,,,,,8.551718,MEDIUM
ga,pyvrp_X120_FSMF,119,12,0.500000,1788031422940708349,3150705.996453,98443.973326,3199927.983116,0.000000,,,0,1,,,,,25.947655,BIG
ga,pyvrp_X115_HVRP,114,18,0.500000,10,2053825.304740,50466.420047,2079058.514764,0.000000,,,0,0,,,,,9.145268,MEDIUM
ga,pyvrp_X120_FSMF,119,12,0.500000,1,3461990.149029,125012.707739,3524496.502898,0.000000,,,0,1,,,,,0.431048,DEFAULT
ga,pyvrp_X120_FSMF,119,12,0.500000,1,3786347.918993,185132.725706,3878914.281845,0.000000,,,0,1,,,,,0.055080,SMALL
ga,pyvrp_X120_FSMF,119,12,0.500000,1,3081503.962018,104215.823400,3133611.873718,0.000000,,,0,1,,,,,8.804405,MEDIUM
ga,pyvrp_X110_HD,109,13,0.500000,200,1937408.767413,38845.935935,1956831.735381,0.000000,,,0,1,,,,,24.994019,BIG
ga,pyvrp_X110_HD,109,13,0.500000,999,2539386.853861,61038.232688,2569905.970205,0.000000,,,0,1,,,,,0.407679,DEFAULT
ga,pyvrp_X110_HD,109,13,0.500000,999,3003669.808225,74580.341762,3040959.979106,0.000000,,,0,1,,,,,0.055190,SMALL
ga,pyvrp_X115_HVRP,114,18,0.500000,10,1970098.423583,44366.231129,1992281.539148,0.000000,,,0,0,,,,,28.254317,BIG
ga,pyvrp_X115_HVRP,114,18,0.500000,50,2477080.126560,68365.173439,2511262.713280,0.000000,,,0,0,,,,,0.445479,DEFAULT
ga,pyvrp_X115_HVRP,114,18,0.500000,50,2745004.808929,75616.417136,2782813.017497,0.000000,,,0,0,,,,,0.062533,SMALL
ga,pyvrp_X110_HD,109,13,0.500000,999,2176515.899807,49400.558129,2201216.178871,0.000000,,,0,1,,,,,8.359625,MEDIUM
ga,pyvrp_X120_FSMF,119,12,0.500000,1,3133828.646020,95716.672305,3181686.982173,0.000000,,,0,1,,,,,25.412399,BIG
ga,pyvrp_X120_FSMF,119,12,0.500000,10,3381912.952939,128743.940855,3446284.923366,0.000000,,,0,1,,,,,0.426437,DEFAULT
ga,pyvrp_X120_FSMF,119,12,0.500000,10,4018395.832920,197882.235006,4117336.950423,0.000000,,,0,1,,,,,0.053494,SMALL
ga,pyvrp_X115_HVRP,114,18,0.500000,50,2070955.129842,54530.447241,2098220.353462,0.000000,,,0,0,,,,,9.219829,MEDIUM
ga,hfvrp_n200_m40_s04,200,40,0.500000,1788031418251512916,24216.158457,16327.015191,32379.666052,0.000000,,,0,1,,,,,78.226175,BIG
ga,pyvrp_X120_FSMF,119,12,0.500000,10,3168648.722615,106345.824259,3221821.634744,0.000000,,,0,1,,,,,8.675808,MEDIUM
ga,pyvrp_X110_HD,109,13,0.500000,999,2070842.907057,59608.184326,2100646.999219,0.000000,,,0,1,,,,,25.574549,BIG
ga,pyvrp_X110_HD,109,13,0.500000,1234,2530604.100156,61854.367268,2561531.283790,0.000000,,,0,1,,,,,0.411202,DEFAULT
ga,pyvrp_X110_HD,109,13,0.500000,1234,3041217.164545,66873.668245,3074653.998668,0.000000,,,0,1,,,,,0.054314,SMALL
ga,pyvrp_X115_HVRP,114,18,0.500000,50,1954732.665123,41524.266742,1975494.798494,0.000000,,,0,0,,,,,28.082687,BIG
ga,hfvrp_n200_m40_s05,200,40,0.500000,1788032290837180086,24033.491872,20978.593995,34522.788870,0.000000,,,0,1,,,,,78.289114,BIG
ga,pyvrp_X110_HD,109,13,0.500000,1234,1943093.910632,42737.388406,1964462.604835,0.000000,,,0,1,,,,,8.463735,MEDIUM
ga,pyvrp_X115_HVRP,114,18,0.500000,75,2611236.048496,65157.478003,2643814.787497,0.000000,,,0,0,,,,,0.459768,DEFAULT
ga,pyvrp_X115_HVRP,114,18,0.500000,75,2972696.805304,73994.288580,3009693.949594,0.000000,,,0,0,,,,,0.059299,SMALL
ga,pyvrp_X120_FSMF,119,12,0.500000,10,3173132.388272,91772.359451,3219018.567998,0.000000,,,0,1,,,,,25.516528,BIG
ga,pyvrp_X120_FSMF,119,12,0.500000,50,3646003.328514,160198.926471,3726102.791750,0.000000,,,0,1,,,,,0.424572,DEFAULT
ga,pyvrp_X120_FSMF,119,12,0.500000,50,3556420.345958,172936.721572,3642888.706744,0.000000,,,0,1,,,,,0.055329,SMALL
ga,pyvrp_X115_HVRP,114,18,0.500000,75,2020842.370180,47008.976799,2044346.858580,0.000000,,,0,0,,,,,8.787949,MEDIUM
ga,pyvrp_X120_FSMF,119,12,0.500000,50,3110038.317271,122639.590575,3171358.112559,0.000000,,,0,1,,,,,8.349546,MEDIUM
ga,pyvrp_X110_HD,109,13,0.500000,1234,2011633.533765,49844.024438,2036555.545984,0.000000,,,0,1,,,,,24.609863,BIG
ga,pyvrp_X110_HD,109,13,0.500000,9999,2684284.814441,65067.304243,2716818.466563,0.000000,,,0,1,,,,,0.412239,DEFAULT
ga,pyvrp_X110_HD,109,13,0.500000,9999,2909322.259941,70031.797612,2944338.158747,0.000000,,,0,1,,,,,0.055226,SMALL
ga,pyvrp_X110_HD,109,13,0.500000,9999,2130911.350824,50599.906405,2156211.304026,0.000000,,,0,1,,,,,8.431867,MEDIUM
ga,pyvrp_X115_HVRP,114,18,0.500000,75,2053230.407830,53186.801785,2079823.808723,0.000000,,,0,0,,,,,27.430065,BIG
ga,pyvrp_X120_FSMF,119,12,0.500000,50,3118437.882864,115340.117445,3176107.941587,0.000000,,,0,1,,,,,26.239584,BIG
ga,pyvrp_X115_HVRP,114,18,0.500000,100,2469295.328847,71495.613354,2505043.135524,0.000000,,,0,0,,,,,0.446097,DEFAULT
ga,pyvrp_X115_HVRP,114,18,0.500000,100,2772417.248839,66712.263130,2805773.380404,0.000000,,,0,0,,,,,0.062216,SMALL
ga,pyvrp_X120_FSMF,119,12,0.500000,75,3455655.855093,161289.810968,3536300.760576,0.000000,,,0,1,,,,,0.433092,DEFAULT
ga,pyvrp_X120_FSMF,119,12,0.500000,75,3791200.789698,212397.839813,3897399.709605,0.000000,,,0,1,,,,,0.060024,SMALL
ga,pyvrp_X115_HVRP,114,18,0.500000,100,2084102.288324,50172.089096,2109188.332872,0.000000,,,0,0,,,,,9.119278,MEDIUM
ga,pyvrp_X120_FSMF,119,12,0.500000,75,3165938.219630,118439.732992,3225158.086126,0.000000,,,0,1,,,,,8.551086,MEDIUM
ga,pyvrp_X110_HD,109,13,0.500000,9999,2099976.558273,49195.171945,2124574.144245,0.000000,,,0,1,,,,,24.975314,BIG
ga,pyvrp_X110_HD,109,13,0.500000,19345,2672233.528688,50401.281748,2697434.169562,0.000000,,,0,1,,,,,0.408149,DEFAULT
ga,pyvrp_X110_HD,109,13,0.500000,19345,2970492.509724,61550.286778,3001267.653113,0.000000,,,0,1,,,,,0.053797,SMALL
ga,pyvrp_X110_HD,109,13,0.500000,19345,2180778.816488,55642.957454,2208600.295215,0.000000,,,0,1,,,,,8.192329,MEDIUM
ga,pyvrp_X120_FSMF,119,12,0.500000,75,3113069.675249,107523.677417,3166831.513957,0.000000,,,0,1,,,,,26.046425,BIG
ga,pyvrp_X115_HVRP,114,18,0.500000,100,1986906.859221,38141.638049,2005977.678245,0.000000,,,0,0,,,,,27.011993,BIG
ga,pyvrp_X120_FSMF,119,12,0.500000,100,3451554.299639,157055.083677,3530081.841477,0.000000,,,0,1,,,,,0.415018,DEFAULT
ga,pyvrp_X120_FSMF,119,12,0.500000,100,3646269.632841,167437.203566,3729988.234624,0.000000,,,0,1,,,,,0.056339,SMALL
ga,pyvrp_X115_HVRP,114,18,0.500000,200,2460073.256621,63065.526591,2491606.019917,0.000000,,,0,0,,,,,0.474521,DEFAULT
ga,pyvrp_X115_HVRP,114,18,0.500000,200,2830445.465433,63581.702810,2862236.316838,0.000000,,,0,0,,,,,0.066154,SMALL
ga,pyvrp_X120_FSMF,119,12,0.500000,100,3171672.532033,96628.074889,3219986.569477,0.000000,,,0,1,,,,,8.523283,MEDIUM
ga,pyvrp_X115_HVRP,114,18,0.500000,200,2040186.556253,48879.311340,2064626.211923,0.000000,,,0,0,,,,,9.235849,MEDIUM
ga,pyvrp_X110_HD,109,13,0.500000,19345,1971645.110342,46523.952981,1994907.086833,0.000000,,,0,1,,,,,25.193992,BIG
ga,pyvrp_X110_HD,109,13,0.500000,1788030838295003303,2617735.384850,51634.364307,2643552.567004,0.000000,,,0,1,,,,,0.413415,DEFAULT
ga,pyvrp_X110_HD,109,13,0.500000,1788030834417464077,3116439.867281,73274.229806,3153076.982184,0.000000,,,0,1,,,,,0.052766,SMALL
ga,pyvrp_X110_HD,109,13,0.500000,1788030830179183126,2205880.340759,49994.290419,2230877.485968,0.000000,,,0,1,,,,,8.218752,MEDIUM
ga,pyvrp_X120_FSMF,119,12,0.500000,100,3138593.687545,120508.026233,3198847.700661,0.000000,,,0,1,,,,,25.859744,BIG
ga,pyvrp_X120_FSMF,119,12,0.500000,200,3465829.685239,120373.201709,3526016.286093,0.000000,,,0,1,,,,,0.422228,DEFAULT
ga,pyvrp_X120_FSMF,119,12,0.500000,200,3674746.239753,160800.984524,3755146.732014,0.000000,,,0,1,,,,,0.051616,SMALL
ga,pyvrp_X115_HVRP,114,18,0.500000,200,2055072.379046,47596.006942,2078870.382517,0.000000,,,0,0,,,,,27.488165,BIG
ga,pyvrp_X115_HVRP,114,18,0.500000,999,2470355.773514,72456.166495,2506583.856761,0.000000,,,0,0,,,,,0.444517,DEFAULT
ga,pyvrp_X115_HVRP,114,18,0.500000,999,2848113.175268,83014.040050,2889620.195293,0.000000,,,0,0,,,,,0.062785,SMALL
ga,pyvrp_X120_FSMF,119,12,0.500000,200,3185245.659145,88787.247639,3229639.282965,0.000000,,,0,1,,,,,8.581790,MEDIUM
ga,pyvrp_X115_HVRP,114,18,0.500000,999,2058044.239007,42818.296123,2079453.387068,0.000000,,,0,0,,,,,8.822714,MEDIUM
ga,pyvrp_X110_HD,109,13,0.500000,1788030838402492505,1989089.619669,51048.868088,2014614.053713,0.000000,,,0,1,,,,,25.251296,BIG
ga,pyvrp_X120_FSMF,119,12,0.500000,200,3139016.131223,90737.985009,3184385.123727,0.000000,,,0,1,,,,,25.081833,BIG
ga,pyvrp_X120_FSMF,119,12,0.500000,999,3495439.589074,175837.665709,3583358.421929,0.000000,,,0,1,,,,,0.417118,DEFAULT
ga,pyvrp_X120_FSMF,119,12,0.500000,999,3820794.811934,189890.383011,3915740.003440,0.000000,,,0,1,,,,,0.052602,SMALL
ga,pyvrp_X115_HVRP,114,18,0.500000,999,2268697.291511,43544.822074,2290469.702547,0.000000,,,0,1,,,,,27.994553,BIG
ga,pyvrp_X120_FSMF,119,12,0.500000,999,3206190.302428,120149.405631,3266265.005243,0.000000,,,0,1,,,,,8.087975,MEDIUM
ga,pyvrp_X115_HVRP,114,18,0.500000,1234,2624354.899191,52291.114307,2650500.456344,0.000000,,,0,0,,,,,0.434363,DEFAULT
ga,pyvrp_X115_HVRP,114,18,0.500000,1234,2982032.453156,66177.477389,3015121.191851,0.000000,,,0,0,,,,,0.064501,SMALL
ga,pyvrp_X115_HVRP,114,18,0.500000,1234,2091687.745919,40618.188502,2111996.840170,0.000000,,,0,0,,,,,8.820793,MEDIUM
ga,pyvrp_X120_FSMF,119,12,0.500000,999,3065457.967091,120781.607317,3125848.770749,0.000000,,,0,1,,,,,24.417348,BIG
ga,pyvrp_X120_FSMF,119,12,0.500000,1234,3500381.769034,158918.282448,3579840.910258,0.000000,,,0,1,,,,,0.411823,DEFAULT
ga,pyvrp_X120_FSMF,119,12,0.500000,1234,3858271.704124,214350.527526,3965446.967887,0.000000,,,0,1,,,,,0.057634,SMALL
ga,pyvrp_X115_HVRP,114,18,0.500000,1234,2057270.330242,42233.026766,2078386.843625,0.000000,,,0,0,,,,,25.835592,BIG
ga,pyvrp_X120_FSMF,119,12,0.500000,1234,3176420.702113,94523.955566,3223682.679896,0.000000,,,0,1,,,,,8.492623,MEDIUM
ga,pyvrp_X115_HVRP,114,18,0.500000,9999,2393646.894620,52386.733415,2419840.261327,0.000000,,,0,0,,,,,0.428272,DEFAULT
ga,pyvrp_X115_HVRP,114,18,0.500000,9999,3022229.394398,61576.267113,3053017.527955,0.000000,,,0,0,,,,,0.061540,SMALL
ga,pyvrp_X115_HVRP,114,18,0.500000,9999,2052322.492042,39201.322460,2071923.153272,0.000000,,,0,0,,,,,8.736926,MEDIUM
ga,pyvrp_X120_FSMF,119,12,0.500000,1234,3173235.617796,109299.509315,3227885.372453,0.000000,,,0,1,,,,,24.815809,BIG
ga,pyvrp_X120_FSMF,119,12,0.500000,9999,3470833.861937,140624.709496,3541146.216685,0.000000,,,0,1,,,,,0.411680,DEFAULT
ga,pyvrp_X120_FSMF,119,12,0.500000,9999,3848306.861279,199750.755337,3948182.238948,0.000000,,,0,1,,,,,0.055074,SMALL
ga,pyvrp_X120_FSMF,119,12,0.500000,9999,3038299.690215,114023.049881,3095311.215156,0.000000,,,0,1,,,,,8.186385,MEDIUM
ga,pyvrp_X115_HVRP,114,18,0.500000,9999,2079225.829190,50324.826462,2104388.242421,0.000000,,,0,0,,,,,26.561482,BIG
ga,pyvrp_X115_HVRP,114,18,0.500000,19345,2321768.490618,52952.758145,2348244.869690,0.000000,,,0,0,,,,,0.448097,DEFAULT
ga,pyvrp_X115_HVRP,114,18,0.500000,19345,2959941.486944,100760.735742,3010321.854815,0.000000,,,0,0,,,,,0.057135,SMALL
ga,pyvrp_X115_HVRP,114,18,0.500000,19345,1978409.972356,50352.367801,2003586.156256,0.000000,,,0,0,,,,,8.455879,MEDIUM
ga,pyvrp_X120_FSMF,119,12,0.500000,9999,3145161.080564,87347.258537,3188834.709832,0.000000,,,0,1,,,,,24.819201,BIG
ga,pyvrp_X120_FSMF,119,12,0.500000,19345,3432815.225327,130834.205763,3498232.328208,0.000000,,,0,1,,,,,0.405985,DEFAULT
ga,pyvrp_X120_FSMF,119,12,0.500000,19345,3991889.054678,241724.551066,4112751.330211,0.000000,,,0,1,,,,,0.053219,SMALL
ga,pyvrp_X120_FSMF,119,12,0.500000,19345,3132931.863076,118308.406770,3192086.066461,0.000000,,,0,1,,,,,8.321783,MEDIUM
ga,pyvrp_X115_HVRP,114,18,0.500000,19345,2018420.901876,45283.944957,2041062.874354,0.000000,,,0,0,,,,,26.878579,BIG
ga,pyvrp_X115_HVRP,114,18,0.500000,1788031204392979442,2360626.842500,59651.543122,2390452.614061,0.000000,,,0,0,,,,,0.430907,DEFAULT
ga,pyvrp_X115_HVRP,114,18,0.500000,1788031234896070556,2772967.594542,73767.002048,2809851.095565,0.000000,,,0,0,,,,,0.070786,SMALL
ga,pyvrp_X115_HVRP,114,18,0.500000,1788031230676720001,2017373.406724,49747.449184,2042247.131317,0.000000,,,0,0,,,,,8.718385,MEDIUM
ga,pyvrp_X120_FSMF,119,12,0.500000,19345,3151243.166568,121302.306733,3211894.319935,0.000000,,,0,1,,,,,24.551252,BIG
ga,pyvrp_X120_FSMF,119,12,0.500000,1788031183981471706,3663635.907407,138192.404813,3732732.109814,0.000000,,,0,1,,,,,0.413280,DEFAULT
ga,pyvrp_X120_FSMF,119,12,0.500000,1788031180103817966,3760234.936532,167080.552490,3843775.212777,0.000000,,,0,1,,,,,0.056801,SMALL
ga,pyvrp_X120_FSMF,119,12,0.500000,1788031175869529397,3228669.656818,101525.005327,3279432.159482,0.000000,,,0,1,,,,,8.392150,MEDIUM
ga,pyvrp_X115_HVRP,114,18,0.500000,1788031217924829774,2060318.394851,43470.847127,2082053.818414,0.000000,,,0,0,,,,,27.260325,BIG
ga,pyvrp_X120_FSMF,119,12,0.500000,1788030887913141581,3073736.068120,111696.931851,3129584.534046,0.000000,,,0,1,,,,,24.233729,BIG
