method,instance,N,M,beta,seed,cost_operational,cost_priority,cost_total,lower_bound,root_lp_bound,gap,optimal,feasible,status,num_nodes,num_iterations,num_solutions,runtime_sec,variant
exact,ex2_1v_infeasible,2,1,0.001000,42,0.000000,0.000000,0.000000,0.000000,0.000000,1.000000,0,0,infeasible,0,0,0,0.000418,
exact,ex3_3v_all_feasible,3,3,0.001000,42,162.000000,20.000000,162.020000,162.020000,154.363591,0.000000,1,1,optimal,0,0,1,0.000796,
exact,ex4_3v_infeasible,4,3,0.001000,42,0.000000,0.000000,0.000000,0.000000,169.094658,1.000000,0,0,infeasible,0,0,0,0.001179,
exact,ex1_1v_feasible,2,1,0.001000,42,84.142136,50.000000,84.192136,84.192136,78.556349,0.000000,1,1,optimal,0,2,2,0.005535,
exact,hfvrp_n001_m03_s01,1,3,0.001000,42,87.334995,168.337487,87.503332,87.503332,87.503332,0.000000,1,1,optimal,0,0,1,0.000888,
exact,ex5_3v_one_used_feasible,3,3,0.001000,42,107.597980,120.710678,107.718690,107.718690,95.597980,0.000000,1,1,optimal,0,4,2,0.008676,
exact,hfvrp_n001_m03_s02,1,3,0.001000,42,156.310634,50.546098,156.361180,156.361180,156.361180,0.000000,1,1,optimal,0,0,1,0.000631,
exact,hfvrp_n001_m03_s03,1,3,0.001000,42,130.438737,0.000000,130.438737,130.438737,130.438737,0.000000,1,1,optimal,0,0,1,0.001163,
exact,hfvrp_n001_m03_s04,1,3,0.001000,42,122.386776,0.000000,122.386776,122.386776,122.386776,0.000000,1,1,optimal,0,0,1,0.000634,
exact,hfvrp_n001_m03_s05,1,3,0.001000,42,89.097550,34.548775,89.132099,89.132099,89.132099,0.000000,1,1,optimal,0,0,1,0.000630,
exact,hfvrp_n002_m03_s01,2,3,0.001000,42,262.852855,468.007587,263.320862,263.320862,249.055499,0.000000,1,1,optimal,0,0,3,0.004805,
exact,hfvrp_n002_m03_s02,2,3,0.001000,42,139.033247,41.343143,139.074590,139.074590,130.817821,0.000000,1,1,optimal,0,12,3,0.006747,
exact,hfvrp_n002_m03_s03,2,3,0.001000,42,185.309216,25.338303,185.334554,185.334554,155.417444,0.000000,1,1,optimal,0,0,3,0.006428,
exact,hfvrp_n002_m03_s04,2,3,0.001000,42,174.552021,35.445494,174.587466,174.587466,142.481649,0.000000,1,1,optimal,0,18,3,0.010887,
exact,hfvrp_n002_m03_s05,2,3,0.001000,42,252.004246,183.153460,252.187399,252.187399,216.906774,0.000000,1,1,optimal,0,7,2,0.006757,
exact,hfvrp_n005_m03_s01,5,3,0.001000,42,350.283936,145.533835,350.429470,350.429470,267.549103,0.000000,1,1,optimal,0,198,4,0.082818,
exact,hfvrp_n005_m03_s02,5,3,0.001000,42,358.545666,176.381442,358.722047,358.722047,289.406726,0.000000,1,1,optimal,0,184,4,0.043758,
exact,hfvrp_n005_m03_s03,5,3,0.001000,42,444.734799,0.000000,444.734799,438.931910,325.638053,0.013048,1,1,optimal,0,224,3,0.057526,
exact,hfvrp_n005_m03_s04,5,3,0.001000,42,278.576281,287.478473,278.863759,278.863759,158.921111,0.000000,1,1,optimal,0,85,3,0.034529,
exact,hfvrp_n005_m03_s05,5,3,0.001000,42,362.596536,406.141495,363.002677,363.002677,301.136120,0.000000,1,1,optimal,7,657,4,0.191869,
exact,hfvrp_n010_m03_s01,10,3,0.001000,42,505.698641,331.824464,506.030466,506.030466,315.594584,0.000000,1,1,optimal,934,8087,9,1.000644,
exact,hfvrp_n010_m03_s02,10,3,0.001000,42,488.666606,539.371764,489.205978,489.205978,309.276307,0.000000,1,1,optimal,627,6147,12,0.443476,
exact,hfvrp_n010_m03_s03,10,3,0.001000,42,534.726709,763.645230,535.490355,535.490355,425.184968,0.000000,1,1,optimal,417,4631,11,0.826570,
exact,hfvrp_n010_m03_s05,10,3,0.001000,42,481.969273,655.167646,482.624440,482.624440,340.923866,0.000000,1,1,optimal,71,1180,6,0.288950,
exact,hfvrp_n010_m03_s04,10,3,0.001000,42,511.684614,1016.706664,512.701321,512.701321,354.562532,0.000000,1,1,optimal,2285,22366,9,1.315125,
exact,hfvrp_n015_m03_s01,15,3,0.001000,42,551.460560,2174.186324,553.634747,553.634747,418.056740,0.000000,1,1,optimal,5444,74534,14,10.116975,
exact,hfvrp_n015_m03_s02,15,3,0.001000,42,527.232952,2252.207446,529.485159,529.485159,369.693351,0.000000,1,1,optimal,2009,25377,11,1.855132,
exact,hfvrp_n015_m03_s05,15,3,0.001000,42,559.210526,1303.873819,560.514400,560.514400,352.825609,0.000000,1,1,optimal,2210,26997,8,5.028011,
exact,hfvrp_n015_m03_s04,15,3,0.001000,42,614.626038,4323.337407,618.949375,618.949375,403.518958,0.000000,1,1,optimal,2221,37800,15,7.954428,
exact,hfvrp_n015_m03_s03,15,3,0.001000,42,487.231918,754.172361,487.986091,487.986091,336.962556,0.000000,1,1,optimal,11026,114221,9,37.029885,
exact,hfvrp_n020_m04_s02,20,4,0.001000,42,651.278443,2443.772025,653.722215,653.722215,516.395425,0.000000,1,1,optimal,5009,101550,11,25.790008,
exact,hfvrp_n020_m04_s05,20,4,0.001000,42,657.465461,2083.931358,659.549392,659.549392,548.793994,0.000000,1,1,optimal,645,10546,7,1.225642,
exact,hfvrp_n020_m04_s03,20,4,0.001000,42,656.241709,2917.011124,659.158721,659.158721,462.677123,0.000000,1,1,optimal,11017,188795,14,46.727391,
exact,hfvrp_n020_m04_s04,20,4,0.001000,42,687.393426,2598.119758,689.991546,689.991546,507.487641,0.000000,1,1,optimal,3487,55842,10,23.497066,
exact,hfvrp_n020_m04_s01,20,4,0.001000,42,672.808731,2116.849542,674.925580,674.925580,484.079248,0.000000,1,1,optimal,33529,512330,18,108.907108,
exact,hfvrp_n030_m06_s04,30,6,0.001000,42,1116.843806,2200.007282,1119.043814,1119.043007,854.868152,0.000001,1,1,optimal,257129,15613828,18,4282.643369,
exact,hfvrp_n030_m06_s02,30,6,0.001000,42,1024.891970,3546.566687,1028.438536,962.766591,701.312133,0.063856,0,1,mem_limit,1142835,34349055,42,15084.725757,
exact,hfvrp_n030_m06_s01,30,6,0.001000,42,1189.699247,3378.323075,1193.077570,984.862010,682.168747,0.174520,0,1,time_limit,1250888,27560991,41,18000.008796,
exact,hfvrp_n030_m06_s03,30,6,0.001000,42,1178.881975,3885.551505,1182.767526,1040.041210,794.221151,0.120671,0,1,time_limit,753330,32433486,28,18000.003298,
exact,hfvrp_n030_m06_s05,30,6,0.001000,42,1146.424419,2263.936864,1148.688355,1040.412478,796.518999,0.094260,0,1,time_limit,498116,27169506,29,18000.020950,
exact,hfvrp_n050_m10_s01,50,10,0.001000,42,2063.646504,8386.066834,2072.032570,1752.880427,1320.522719,0.154029,0,1,time_limit,111999,5126796,32,18000.025344,
exact,hfvrp_n050_m10_s02,50,10,0.001000,42,1917.598889,11048.487126,1928.647376,1564.719104,1286.560910,0.188696,0,1,time_limit,248582,11840422,49,18000.043401,
exact,hfvrp_n050_m10_s03,50,10,0.001000,42,1806.839044,11602.406632,1818.441451,1527.061443,1225.063023,0.160236,0,1,time_limit,189745,16772044,43,18000.015188,
exact,hfvrp_n050_m10_s04,50,10,0.001000,42,1834.168985,9543.743895,1843.712729,1575.073461,1252.731272,0.145706,0,1,time_limit,261878,11879711,50,18000.029284,
exact,hfvrp_n050_m10_s05,50,10,0.001000,42,1907.297724,11429.396593,1918.727121,1684.460860,1158.815585,0.122095,0,1,time_limit,243362,11306719,52,18000.013703,
exact,hfvrp_n075_m15_s01,75,15,0.001000,42,4300.081118,12633.168439,4312.714287,2368.744610,1825.311141,0.450753,0,1,time_limit,29519,1973650,49,18000.052058,
exact,hfvrp_n075_m15_s02,75,15,0.001000,42,4261.181704,14392.953734,4275.574658,2607.550265,2092.227672,0.390129,0,1,time_limit,25157,1742450,67,18000.127629,
exact,hfvrp_n075_m15_s03,75,15,0.001000,42,4887.240075,18959.933738,4906.200009,2733.122493,2155.929751,0.442925,0,1,time_limit,51977,3011340,37,18000.066983,
exact,hfvrp_n075_m15_s04,75,15,0.001000,42,3905.810205,17202.274074,3923.012479,2556.725117,2071.372250,0.348275,0,1,time_limit,80138,6474815,82,18000.139799,
exact,hfvrp_n075_m15_s05,75,15,0.001000,42,3666.476508,11835.505526,3678.312014,2645.575161,2159.027377,0.280764,0,1,time_limit,79432,5896813,72,18000.083377,
exact,hfvrp_n100_m20_s01,100,20,0.001000,42,7351.464904,26498.750202,7377.963654,3622.778040,2957.348607,0.515460,0,0,time_limit,22790,1469994,1,18000.035497,
exact,hfvrp_n100_m20_s02,100,20,0.001000,42,0.000000,0.000000,0.000000,3391.841805,2752.884228,1.000000,0,0,no_solution,13734,1227271,0,18000.022532,
exact,hfvrp_n100_m20_s03,100,20,0.001000,42,0.000000,0.000000,0.000000,3540.420137,2856.661782,1.000000,0,0,no_solution,9807,944480,0,18000.238456,
exact,hfvrp_n100_m20_s04,100,20,0.001000,42,5816.876642,18952.014202,5835.828656,3704.414463,3002.353415,0.365229,0,1,time_limit,28717,2279790,58,18000.163820,
exact,hfvrp_n100_m20_s05,100,20,0.001000,42,5837.712889,27303.205275,5865.016094,3455.220382,2774.994506,0.410876,0,1,time_limit,30393,2198412,86,18000.290736,
exact,hfvrp_n150_m30_s01,150,30,0.001000,42,0.000000,0.000000,0.000000,6311.724301,5147.309259,1.000000,0,0,no_solution,2520,543917,0,18000.192059,
exact,hfvrp_n150_m30_s02,150,30,0.001000,42,10849.145675,32285.713475,10881.431389,6225.523474,4935.867158,0.482374,0,0,time_limit,6505,997291,1,18000.109558,
exact,hfvrp_n150_m30_s03,150,30,0.001000,42,11332.493022,35842.160529,11368.335182,6188.114442,5269.518579,0.496258,0,0,time_limit,779,170932,1,18000.146288,
exact,hfvrp_n150_m30_s04,150,30,0.001000,42,12903.883340,48093.472763,12951.976813,6217.341611,5229.400932,0.551116,0,0,time_limit,4389,756958,1,18001.560467,
exact,hfvrp_n150_m30_s05,150,30,0.001000,42,9617.647729,13519.192901,9631.166922,6261.111960,5117.686793,0.454878,0,0,time_limit,1402,248775,1,18002.526693,
exact,hfvrp_n200_m40_s01,200,40,0.001000,42,0.000000,0.000000,0.000000,9889.187763,8695.742805,1.000000,0,0,no_solution,1648,536341,0,18000.218800,
exact,hfvrp_n200_m40_s02,200,40,0.001000,42,10064.989664,4947.587933,10069.937251,10075.845678,8762.069592,0.333856,0,0,time_limit,918,435649,1,18000.389517,
exact,hfvrp_n200_m40_s04,200,40,0.001000,42,9615.565759,6216.785050,9621.782544,9879.682476,8618.328821,0.321845,0,0,time_limit,918,459667,1,18001.285370,
exact,hfvrp_n200_m40_s03,200,40,0.001000,42,9365.539751,4736.508316,9370.276259,9979.925610,8494.383200,0.325950,0,0,time_limit,1428,611453,1,18000.804569,
exact,hfvrp_n200_m40_s05,200,40,0.001000,42,8538.539411,3612.561740,8542.151973,9906.489330,8496.529117,0.289394,0,0,time_limit,921,473343,1,18000.654667,
exact,augerat_A_n32_k5,31,8,0.001000,42,5941.390338,1713.987636,5943.104326,5615.469653,5557.793975,0.055129,0,1,time_limit,1500100,42227658,68,18000.013480,
exact,augerat_A_n37_k5,36,8,0.001000,42,5978.350919,2588.734072,5980.939653,5588.510718,5474.595385,0.065613,0,1,mem_limit,601178,21934824,19,11269.903259,
exact,augerat_A_n45_k6,44,8,0.001000,42,10290.793677,1340.569794,10292.134247,9875.262692,8817.923568,0.040504,0,1,time_limit,300620,18388680,50,18000.008828,
exact,augerat_A_n54_k7,53,8,0.001000,42,12614.186345,3049.264569,12617.235610,10949.052510,10321.271985,0.132215,0,1,time_limit,143694,13084325,67,18000.018014,
exact,augerat_A_n60_k9,59,10,0.001000,42,14277.604597,3819.263039,14281.423860,13145.078821,12829.634497,0.079568,0,1,time_limit,116703,8170529,60,18000.021018,
exact,augerat_A_n80_k10,79,11,0.001000,42,18351.523413,6183.912827,18357.707325,16173.578234,14973.308684,0.118976,0,0,time_limit,59234,4711131,59,18000.052474,
exact,pyvrp_X101_FSMFD,100,26,0.001000,42,0.000000,0.000000,0.000000,2573256.180552,2482736.749970,1.000000,0,0,no_solution,4080,633717,0,18000.040744,
exact,pyvrp_X106_FSMD,105,16,0.001000,42,0.000000,0.000000,0.000000,2508722.951677,2277844.514703,1.000000,0,0,no_solution,6716,1448054,0,18000.020671,
exact,pyvrp_X110_HD,109,13,0.001000,42,3074003.433452,83212.238810,3074086.645690,1127786.952233,963289.368118,0.633131,0,1,time_limit,22319,1953290,20,18000.048152,
exact,pyvrp_X115_HVRP,114,18,0.001000,42,2897666.961697,94351.117440,2897761.312815,1389668.073298,1240009.334696,0.526979,0,0,time_limit,21502,2727857,1,18000.039407,
exact,pyvrp_X120_FSMF,119,12,0.001000,42,3964499.217618,129671.389811,3964628.889008,2500906.734208,2407339.585580,0.369195,0,1,time_limit,33041,3451861,59,18000.182414,
savings,ex1_1v_feasible,2,1,0.001000,42,84.142136,50.000000,84.192136,0.000000,,,0,1,,,,,0.000014,
savings,ex2_1v_infeasible,2,1,0.001000,42,70.000000,0.000000,70.000000,0.000000,,,0,0,,,,,0.000006,
savings,ex3_3v_all_feasible,3,3,0.001000,42,162.000000,20.000000,162.020000,0.000000,,,0,1,,,,,0.000014,
savings,ex4_3v_infeasible,4,3,0.001000,42,141.798990,0.000000,141.798990,0.000000,,,0,0,,,,,0.000015,
savings,ex5_3v_one_used_feasible,3,3,0.001000,42,107.597980,120.710678,107.718690,0.000000,,,0,1,,,,,0.000008,
savings,hfvrp_n001_m03_s01,1,3,0.001000,42,87.334995,168.337487,87.503332,0.000000,,,0,1,,,,,0.000008,
savings,hfvrp_n001_m03_s02,1,3,0.001000,42,156.310634,50.546098,156.361180,0.000000,,,0,1,,,,,0.000005,
savings,hfvrp_n001_m03_s03,1,3,0.001000,42,130.438737,0.000000,130.438737,0.000000,,,0,1,,,,,0.000005,
savings,hfvrp_n001_m03_s04,1,3,0.001000,42,122.386776,0.000000,122.386776,0.000000,,,0,1,,,,,0.000010,
savings,hfvrp_n001_m03_s05,1,3,0.001000,42,89.097550,34.548775,89.132099,0.000000,,,0,1,,,,,0.000010,
savings,hfvrp_n002_m03_s01,2,3,0.001000,42,262.852855,468.007587,263.320862,0.000000,,,0,1,,,,,0.000021,
savings,hfvrp_n002_m03_s02,2,3,0.001000,42,139.033247,41.343143,139.074590,0.000000,,,0,1,,,,,0.000014,
savings,hfvrp_n002_m03_s03,2,3,0.001000,42,185.309216,25.338303,185.334554,0.000000,,,0,1,,,,,0.000010,
savings,hfvrp_n002_m03_s04,2,3,0.001000,42,174.940044,35.445494,174.975490,0.000000,,,0,1,,,,,0.000006,
savings,hfvrp_n002_m03_s05,2,3,0.001000,42,302.671304,316.313399,302.987618,0.000000,,,0,1,,,,,0.000007,
savings,hfvrp_n005_m03_s01,5,3,0.001000,42,350.283936,145.533835,350.429470,0.000000,,,0,1,,,,,0.000032,
savings,hfvrp_n005_m03_s02,5,3,0.001000,42,359.865479,294.868617,360.160347,0.000000,,,0,1,,,,,0.000013,
savings,hfvrp_n005_m03_s03,5,3,0.001000,42,461.844903,0.000000,461.844903,0.000000,,,0,1,,,,,0.000022,
savings,hfvrp_n005_m03_s04,5,3,0.001000,42,309.749602,490.709536,310.240311,0.000000,,,0,1,,,,,0.000048,
savings,hfvrp_n005_m03_s05,5,3,0.001000,42,383.805582,486.322908,384.291905,0.000000,,,0,1,,,,,0.000017,
savings,hfvrp_n010_m03_s01,10,3,0.001000,42,556.417944,1098.915426,557.516859,0.000000,,,0,1,,,,,0.000018,
savings,hfvrp_n010_m03_s02,10,3,0.001000,42,532.839730,1545.794420,534.385524,0.000000,,,0,1,,,,,0.000040,
savings,hfvrp_n010_m03_s03,10,3,0.001000,42,536.207835,877.959782,537.085794,0.000000,,,0,1,,,,,0.000026,
savings,hfvrp_n010_m03_s04,10,3,0.001000,42,531.177998,1209.552547,532.387551,0.000000,,,0,1,,,,,0.000026,
savings,hfvrp_n010_m03_s05,10,3,0.001000,42,481.969273,655.167646,482.624440,0.000000,,,0,1,,,,,0.000026,
savings,hfvrp_n015_m03_s01,15,3,0.001000,42,580.855440,4613.412323,585.468852,0.000000,,,0,1,,,,,0.000020,
savings,hfvrp_n015_m03_s02,15,3,0.001000,42,536.153014,2679.028517,538.832042,0.000000,,,0,1,,,,,0.000052,
savings,hfvrp_n015_m03_s03,15,3,0.001000,42,516.494315,1798.435270,518.292750,0.000000,,,0,1,,,,,0.000047,
savings,hfvrp_n015_m03_s04,15,3,0.001000,42,614.626038,4323.337407,618.949375,0.000000,,,0,1,,,,,0.000023,
savings,hfvrp_n015_m03_s05,15,3,0.001000,42,588.643437,1320.613601,589.964051,0.000000,,,0,1,,,,,0.000040,
savings,hfvrp_n020_m04_s01,20,4,0.001000,42,674.454866,1952.194479,676.407061,0.000000,,,0,1,,,,,0.000085,
savings,hfvrp_n020_m04_s02,20,4,0.001000,42,672.184863,1926.675143,674.111538,0.000000,,,0,1,,,,,0.000057,
savings,hfvrp_n020_m04_s03,20,4,0.001000,42,701.671294,4373.571255,706.044865,0.000000,,,0,1,,,,,0.000123,
savings,hfvrp_n020_m04_s04,20,4,0.001000,42,794.295459,3667.537007,797.962996,0.000000,,,0,1,,,,,0.000169,
savings,hfvrp_n020_m04_s05,20,4,0.001000,42,771.985614,3522.066765,775.507681,0.000000,,,0,1,,,,,0.000063,
savings,hfvrp_n030_m06_s01,30,6,0.001000,42,1434.000109,5025.945144,1439.026054,0.000000,,,0,1,,,,,0.000139,
savings,hfvrp_n030_m06_s02,30,6,0.001000,42,1075.743531,4269.352561,1080.012883,0.000000,,,0,1,,,,,0.000109,
savings,hfvrp_n030_m06_s03,30,6,0.001000,42,1249.258969,3449.171328,1252.708141,0.000000,,,0,1,,,,,0.000247,
savings,hfvrp_n030_m06_s04,30,6,0.001000,42,1270.689459,2598.524843,1273.287984,0.000000,,,0,1,,,,,0.000150,
savings,hfvrp_n030_m06_s05,30,6,0.001000,42,1233.884998,3500.312480,1237.385311,0.000000,,,0,1,,,,,0.000192,
savings,hfvrp_n050_m10_s01,50,10,0.001000,42,2217.745167,9739.319357,2227.484486,0.000000,,,0,1,,,,,0.001283,
savings,hfvrp_n050_m10_s02,50,10,0.001000,42,2318.244622,18153.849584,2336.398472,0.000000,,,0,1,,,,,0.000362,
savings,hfvrp_n050_m10_s03,50,10,0.001000,42,2004.172869,15031.212799,2019.204082,0.000000,,,0,1,,,,,0.000449,
savings,hfvrp_n050_m10_s04,50,10,0.001000,42,2020.445844,14063.261621,2034.509106,0.000000,,,0,1,,,,,0.001038,
savings,hfvrp_n050_m10_s05,50,10,0.001000,42,2165.900582,11649.896367,2177.550478,0.000000,,,0,1,,,,,0.000419,
savings,hfvrp_n075_m15_s01,75,15,0.001000,42,3512.376750,10660.706528,3523.037457,0.000000,,,0,1,,,,,0.000630,
savings,hfvrp_n075_m15_s02,75,15,0.001000,42,3726.158906,12273.801344,3738.432707,0.000000,,,0,1,,,,,0.000792,
savings,hfvrp_n075_m15_s03,75,15,0.001000,42,3965.110836,17262.051200,3982.372887,0.000000,,,0,1,,,,,0.002030,
savings,hfvrp_n075_m15_s04,75,15,0.001000,42,3965.549663,15463.982279,3981.013645,0.000000,,,0,1,,,,,0.000974,
savings,hfvrp_n075_m15_s05,75,15,0.001000,42,3462.992053,12429.729518,3475.421783,0.000000,,,0,1,,,,,0.000441,
savings,hfvrp_n100_m20_s01,100,20,0.001000,42,5616.215702,20474.809811,5636.690512,0.000000,,,0,1,,,,,0.004503,
savings,hfvrp_n100_m20_s02,100,20,0.001000,42,4914.126936,25723.526948,4939.850463,0.000000,,,0,1,,,,,0.001429,
savings,hfvrp_n100_m20_s03,100,20,0.001000,42,5292.878116,23165.764874,5316.043881,0.000000,,,0,1,,,,,0.002018,
savings,hfvrp_n100_m20_s04,100,20,0.001000,42,5355.983371,24525.182671,5380.508554,0.000000,,,0,1,,,,,0.002489,
savings,hfvrp_n100_m20_s05,100,20,0.001000,42,5392.490200,25563.188226,5418.053388,0.000000,,,0,1,,,,,0.001934,
savings,hfvrp_n150_m30_s01,150,30,0.001000,42,9128.030560,48535.542326,9176.566102,0.000000,,,0,1,,,,,0.019013,
savings,hfvrp_n150_m30_s02,150,30,0.001000,42,9030.220321,44708.639634,9074.928961,0.000000,,,0,1,,,,,0.010621,
savings,hfvrp_n150_m30_s03,150,30,0.001000,42,9645.134131,46165.988878,9691.300120,0.000000,,,0,1,,,,,0.019321,
savings,hfvrp_n150_m30_s04,150,30,0.001000,42,9406.372728,51549.364326,9457.922092,0.000000,,,0,1,,,,,0.010978,
savings,hfvrp_n150_m30_s05,150,30,0.001000,42,9213.279174,33588.634258,9246.867808,0.000000,,,0,1,,,,,0.008504,
savings,hfvrp_n200_m40_s01,200,40,0.001000,42,14463.194876,48409.434203,14511.604311,0.000000,,,0,1,,,,,0.016207,
savings,hfvrp_n200_m40_s02,200,40,0.001000,42,15505.927464,47943.591363,15553.871056,0.000000,,,0,1,,,,,0.020626,
savings,hfvrp_n200_m40_s03,200,40,0.001000,42,14742.441721,53529.375030,14795.971096,0.000000,,,0,1,,,,,0.018487,
savings,hfvrp_n200_m40_s04,200,40,0.001000,42,16139.952114,41544.542283,16181.496656,0.000000,,,0,1,,,,,0.013992,
savings,hfvrp_n200_m40_s05,200,40,0.001000,42,15505.674524,36900.740711,15542.575265,0.000000,,,0,1,,,,,0.019991,
savings,augerat_A_n32_k5,31,8,0.001000,42,8223.452027,2155.826425,8225.607853,0.000000,,,0,1,,,,,0.000118,
savings,augerat_A_n37_k5,36,8,0.001000,42,8059.686630,996.171029,8060.682801,0.000000,,,0,1,,,,,0.000105,
savings,augerat_A_n45_k6,44,8,0.001000,42,11334.466304,1435.749109,11335.902053,0.000000,,,0,1,,,,,0.000380,
savings,augerat_A_n54_k7,53,8,0.001000,42,13240.481602,2957.195837,13243.438798,0.000000,,,0,1,,,,,0.000198,
savings,augerat_A_n60_k9,59,10,0.001000,42,15054.083718,2704.215564,15056.787933,0.000000,,,0,1,,,,,0.000349,
savings,augerat_A_n80_k10,79,11,0.001000,42,17032.884224,5147.415057,17038.031639,0.000000,,,0,1,,,,,0.000985,
savings,pyvrp_X101_FSMFD,100,26,0.001000,42,3723016.307644,33444.735460,3723049.752379,0.000000,,,0,1,,,,,0.000828,
savings,pyvrp_X106_FSMD,105,16,0.001000,42,4015189.139603,62605.697726,4015251.745300,0.000000,,,0,1,,,,,0.001920,
savings,pyvrp_X110_HD,109,13,0.001000,42,2236511.862832,39543.686460,2236551.406519,0.000000,,,0,1,,,,,0.000918,
savings,pyvrp_X115_HVRP,114,18,0.001000,42,2187988.031936,45479.132043,2188033.511068,0.000000,,,0,0,,,,,0.001397,
savings,pyvrp_X120_FSMF,119,12,0.001000,42,3185104.723963,90157.997148,3185194.881960,0.000000,,,0,1,,,,,0.001320,
tabu,ex1_1v_feasible,2,1,0.001000,1788179171600077476,84.142136,50.000000,84.192136,0.000000,,,0,1,,,,,0.000018,
tabu,ex2_1v_infeasible,2,1,0.001000,1788179124357532264,70.000000,0.000000,70.000000,0.000000,,,0,0,,,,,0.000009,
tabu,ex3_3v_all_feasible,3,3,0.001000,1788178982628529605,162.000000,20.000000,162.020000,0.000000,,,0,1,,,,,0.000026,
tabu,ex4_3v_infeasible,4,3,0.001000,1788178969744129490,141.798990,0.000000,141.798990,0.000000,,,0,0,,,,,0.000022,
tabu,ex5_3v_one_used_feasible,3,3,0.001000,1788178922501974495,107.597980,120.710678,107.718690,0.000000,,,0,1,,,,,0.000047,
tabu,hfvrp_n001_m03_s01,1,3,0.001000,1788179021290817553,87.334995,168.337487,87.503332,0.000000,,,0,1,,,,,0.000148,
tabu,hfvrp_n001_m03_s01,1,3,0.001000,1,87.334995,168.337487,87.503332,0.000000,,,0,1,,,,,0.000130,
tabu,ex2_1v_infeasible,2,1,0.001000,1,70.000000,0.000000,70.000000,0.000000,,,0,0,,,,,0.000012,
tabu,ex1_1v_feasible,2,1,0.001000,1,84.142136,50.000000,84.192136,0.000000,,,0,1,,,,,0.000015,
tabu,ex5_3v_one_used_feasible,3,3,0.001000,1,107.597980,120.710678,107.718690,0.000000,,,0,1,,,,,0.000088,
tabu,ex3_3v_all_feasible,3,3,0.001000,1,162.000000,20.000000,162.020000,0.000000,,,0,1,,,,,0.000026,
tabu,ex4_3v_infeasible,4,3,0.001000,1,141.798990,0.000000,141.798990,0.000000,,,0,0,,,,,0.000079,
tabu,hfvrp_n001_m03_s01,1,3,0.001000,10,87.334995,168.337487,87.503332,0.000000,,,0,1,,,,,0.000385,
tabu,ex1_1v_feasible,2,1,0.001000,10,84.142136,50.000000,84.192136,0.000000,,,0,1,,,,,0.000006,
tabu,ex2_1v_infeasible,2,1,0.001000,10,70.000000,0.000000,70.000000,0.000000,,,0,0,,,,,0.000034,
tabu,hfvrp_n001_m03_s01,1,3,0.001000,50,87.334995,168.337487,87.503332,0.000000,,,0,1,,,,,0.000379,
tabu,ex5_3v_one_used_feasible,3,3,0.001000,10,107.597980,120.710678,107.718690,0.000000,,,0,1,,,,,0.000046,
tabu,ex3_3v_all_feasible,3,3,0.001000,10,162.000000,20.000000,162.020000,0.000000,,,0,1,,,,,0.000032,
tabu,ex1_1v_feasible,2,1,0.001000,50,84.142136,50.000000,84.192136,0.000000,,,0,1,,,,,0.000016,
tabu,ex4_3v_infeasible,4,3,0.001000,10,141.798990,0.000000,141.798990,0.000000,,,0,0,,,,,0.000036,
tabu,ex2_1v_infeasible,2,1,0.001000,50,70.000000,0.000000,70.000000,0.000000,,,0,0,,,,,0.000023,
tabu,hfvrp_n001_m03_s01,1,3,0.001000,75,87.334995,168.337487,87.503332,0.000000,,,0,1,,,,,0.000133,
tabu,ex5_3v_one_used_feasible,3,3,0.001000,50,107.597980,120.710678,107.718690,0.000000,,,0,1,,,,,0.000047,
tabu,ex3_3v_all_feasible,3,3,0.001000,50,162.000000,20.000000,162.020000,0.000000,,,0,1,,,,,0.000053,
tabu,ex1_1v_feasible,2,1,0.001000,75,84.142136,50.000000,84.192136,0.000000,,,0,1,,,,,0.000010,
tabu,ex2_1v_infeasible,2,1,0.001000,75,70.000000,0.000000,70.000000,0.000000,,,0,0,,,,,0.000011,
tabu,hfvrp_n001_m03_s01,1,3,0.001000,100,87.334995,168.337487,87.503332,0.000000,,,0,1,,,,,0.000130,
tabu,ex4_3v_infeasible,4,3,0.001000,50,141.798990,0.000000,141.798990,0.000000,,,0,0,,,,,0.000067,
tabu,hfvrp_n001_m03_s01,1,3,0.001000,200,87.334995,168.337487,87.503332,0.000000,,,0,1,,,,,0.000133,
tabu,ex1_1v_feasible,2,1,0.001000,100,84.142136,50.000000,84.192136,0.000000,,,0,1,,,,,0.000009,
tabu,ex2_1v_infeasible,2,1,0.001000,100,70.000000,0.000000,70.000000,0.000000,,,0,0,,,,,0.000008,
tabu,ex5_3v_one_used_feasible,3,3,0.001000,75,107.597980,120.710678,107.718690,0.000000,,,0,1,,,,,0.000134,
tabu,ex3_3v_all_feasible,3,3,0.001000,75,162.000000,20.000000,162.020000,0.000000,,,0,1,,,,,0.000027,
tabu,hfvrp_n001_m03_s01,1,3,0.001000,999,87.334995,168.337487,87.503332,0.000000,,,0,1,,,,,0.000384,
tabu,ex4_3v_infeasible,4,3,0.001000,75,141.798990,0.000000,141.798990,0.000000,,,0,0,,,,,0.000026,
tabu,ex1_1v_feasible,2,1,0.001000,200,84.142136,50.000000,84.192136,0.000000,,,0,1,,,,,0.000010,
tabu,ex2_1v_infeasible,2,1,0.001000,200,70.000000,0.000000,70.000000,0.000000,,,0,0,,,,,0.000021,
tabu,ex5_3v_one_used_feasible,3,3,0.001000,100,107.597980,120.710678,107.718690,0.000000,,,0,1,,,,,0.000143,
tabu,ex3_3v_all_feasible,3,3,0.001000,100,162.000000,20.000000,162.020000,0.000000,,,0,1,,,,,0.000029,
tabu,hfvrp_n001_m03_s01,1,3,0.001000,1234,87.334995,168.337487,87.503332,0.000000,,,0,1,,,,,0.000131,
tabu,ex1_1v_feasible,2,1,0.001000,999,84.142136,50.000000,84.192136,0.000000,,,0,1,,,,,0.000010,
tabu,ex2_1v_infeasible,2,1,0.001000,999,70.000000,0.000000,70.000000,0.000000,,,0,0,,,,,0.000042,
tabu,ex4_3v_infeasible,4,3,0.001000,100,141.798990,0.000000,141.798990,0.000000,,,0,0,,,,,0.000023,
tabu,hfvrp_n001_m03_s01,1,3,0.001000,9999,87.334995,168.337487,87.503332,0.000000,,,0,1,,,,,0.000366,
tabu,ex5_3v_one_used_feasible,3,3,0.001000,200,107.597980,120.710678,107.718690,0.000000,,,0,1,,,,,0.000042,
tabu,ex3_3v_all_feasible,3,3,0.001000,200,162.000000,20.000000,162.020000,0.000000,,,0,1,,,,,0.000059,
tabu,ex1_1v_feasible,2,1,0.001000,1234,84.142136,50.000000,84.192136,0.000000,,,0,1,,,,,0.000009,
tabu,ex2_1v_infeasible,2,1,0.001000,1234,70.000000,0.000000,70.000000,0.000000,,,0,0,,,,,0.000023,
tabu,hfvrp_n001_m03_s01,1,3,0.001000,19345,87.334995,168.337487,87.503332,0.000000,,,0,1,,,,,0.000380,
tabu,ex4_3v_infeasible,4,3,0.001000,200,141.798990,0.000000,141.798990,0.000000,,,0,0,,,,,0.000027,
tabu,ex1_1v_feasible,2,1,0.001000,9999,84.142136,50.000000,84.192136,0.000000,,,0,1,,,,,0.000012,
tabu,ex5_3v_one_used_feasible,3,3,0.001000,999,107.597980,120.710678,107.718690,0.000000,,,0,1,,,,,0.000045,
tabu,ex2_1v_infeasible,2,1,0.001000,9999,70.000000,0.000000,70.000000,0.000000,,,0,0,,,,,0.000016,
tabu,hfvrp_n001_m03_s01,1,3,0.001000,1788176240887889290,87.334995,168.337487,87.503332,0.000000,,,0,1,,,,,0.000130,
tabu,ex3_3v_all_feasible,3,3,0.001000,999,162.000000,20.000000,162.020000,0.000000,,,0,1,,,,,0.000060,
tabu,hfvrp_n001_m03_s02,1,3,0.001000,1788176680002014781,156.310634,50.546098,156.361180,0.000000,,,0,1,,,,,0.000109,
tabu,ex1_1v_feasible,2,1,0.001000,19345,84.142136,50.000000,84.192136,0.000000,,,0,1,,,,,0.000010,
tabu,ex2_1v_infeasible,2,1,0.001000,19345,70.000000,0.000000,70.000000,0.000000,,,0,0,,,,,0.000021,
tabu,ex5_3v_one_used_feasible,3,3,0.001000,1234,107.597980,120.710678,107.718690,0.000000,,,0,1,,,,,0.000062,
tabu,ex4_3v_infeasible,4,3,0.001000,999,141.798990,0.000000,141.798990,0.000000,,,0,0,,,,,0.000048,
tabu,ex3_3v_all_feasible,3,3,0.001000,1234,162.000000,20.000000,162.020000,0.000000,,,0,1,,,,,0.000070,
tabu,hfvrp_n001_m03_s02,1,3,0.001000,1,156.310634,50.546098,156.361180,0.000000,,,0,1,,,,,0.000207,
tabu,ex1_1v_feasible,2,1,0.001000,1788176977611294363,84.142136,50.000000,84.192136,0.000000,,,0,1,,,,,0.000012,
tabu,ex2_1v_infeasible,2,1,0.001000,1788176943522381096,70.000000,0.000000,70.000000,0.000000,,,0,0,,,,,0.000011,
tabu,hfvrp_n001_m03_s02,1,3,0.001000,10,156.310634,50.546098,156.361180,0.000000,,,0,1,,,,,0.000345,
tabu,ex5_3v_one_used_feasible,3,3,0.001000,9999,107.597980,120.710678,107.718690,0.000000,,,0,1,,,,,0.000046,
tabu,ex4_3v_infeasible,4,3,0.001000,1234,141.798990,0.000000,141.798990,0.000000,,,0,0,,,,,0.000049,
tabu,ex3_3v_all_feasible,3,3,0.001000,9999,162.000000,20.000000,162.020000,0.000000,,,0,1,,,,,0.000028,
tabu,hfvrp_n001_m03_s03,1,3,0.001000,1788177150664258434,130.438737,0.000000,130.438737,0.000000,,,0,1,,,,,0.000112,
tabu,hfvrp_n001_m03_s04,1,3,0.001000,1788177215394801778,122.386776,0.000000,122.386776,0.000000,,,0,1,,,,,0.000164,
tabu,hfvrp_n001_m03_s02,1,3,0.001000,50,156.310634,50.546098,156.361180,0.000000,,,0,1,,,,,0.000109,
tabu,hfvrp_n001_m03_s03,1,3,0.001000,1,130.438737,0.000000,130.438737,0.000000,,,0,1,,,,,0.000335,
tabu,ex5_3v_one_used_feasible,3,3,0.001000,19345,107.597980,120.710678,107.718690,0.000000,,,0,1,,,,,0.000141,
tabu,hfvrp_n001_m03_s04,1,3,0.001000,1,122.386776,0.000000,122.386776,0.000000,,,0,1,,,,,0.000338,
tabu,ex3_3v_all_feasible,3,3,0.001000,19345,162.000000,20.000000,162.020000,0.000000,,,0,1,,,,,0.000078,
tabu,hfvrp_n001_m03_s02,1,3,0.001000,75,156.310634,50.546098,156.361180,0.000000,,,0,1,,,,,0.000206,
tabu,ex4_3v_infeasible,4,3,0.001000,9999,141.798990,0.000000,141.798990,0.000000,,,0,0,,,,,0.000023,
tabu,hfvrp_n001_m03_s03,1,3,0.001000,10,130.438737,0.000000,130.438737,0.000000,,,0,1,,,,,0.000335,
tabu,hfvrp_n001_m03_s04,1,3,0.001000,10,122.386776,0.000000,122.386776,0.000000,,,0,1,,,,,0.000113,
tabu,hfvrp_n001_m03_s02,1,3,0.001000,100,156.310634,50.546098,156.361180,0.000000,,,0,1,,,,,0.000348,
tabu,ex5_3v_one_used_feasible,3,3,0.001000,1788177393911475621,107.597980,120.710678,107.718690,0.000000,,,0,1,,,,,0.000139,
tabu,hfvrp_n001_m03_s03,1,3,0.001000,50,130.438737,0.000000,130.438737,0.000000,,,0,1,,,,,0.000306,
tabu,ex3_3v_all_feasible,3,3,0.001000,1788182136019236676,162.000000,20.000000,162.020000,0.000000,,,0,1,,,,,0.000029,
tabu,hfvrp_n001_m03_s04,1,3,0.001000,50,122.386776,0.000000,122.386776,0.000000,,,0,1,,,,,0.000108,
tabu,ex4_3v_infeasible,4,3,0.001000,19345,141.798990,0.000000,141.798990,0.000000,,,0,0,,,,,0.000054,
tabu,hfvrp_n001_m03_s02,1,3,0.001000,200,156.310634,50.546098,156.361180,0.000000,,,0,1,,,,,0.000357,
tabu,hfvrp_n001_m03_s03,1,3,0.001000,75,130.438737,0.000000,130.438737,0.000000,,,0,1,,,,,0.000168,
tabu,hfvrp_n001_m03_s05,1,3,0.001000,1788182055575005447,89.097550,34.548775,89.132099,0.000000,,,0,1,,,,,0.000181,
tabu,hfvrp_n001_m03_s04,1,3,0.001000,75,122.386776,0.000000,122.386776,0.000000,,,0,1,,,,,0.000112,
tabu,hfvrp_n001_m03_s02,1,3,0.001000,999,156.310634,50.546098,156.361180,0.000000,,,0,1,,,,,0.000123,
tabu,hfvrp_n002_m03_s01,2,3,0.001000,1788182464117617464,262.852855,468.007587,263.320862,0.000000,,,0,1,,,,,0.000535,
tabu,hfvrp_n001_m03_s03,1,3,0.001000,100,130.438737,0.000000,130.438737,0.000000,,,0,1,,,,,0.000399,
tabu,ex4_3v_infeasible,4,3,0.001000,1788182258416603096,141.798990,0.000000,141.798990,0.000000,,,0,0,,,,,0.000024,
tabu,hfvrp_n001_m03_s05,1,3,0.001000,1,89.097550,34.548775,89.132099,0.000000,,,0,1,,,,,0.000129,
tabu,hfvrp_n001_m03_s04,1,3,0.001000,100,122.386776,0.000000,122.386776,0.000000,,,0,1,,,,,0.000209,
tabu,hfvrp_n001_m03_s02,1,3,0.001000,1234,156.310634,50.546098,156.361180,0.000000,,,0,1,,,,,0.000312,
tabu,hfvrp_n001_m03_s03,1,3,0.001000,200,130.438737,0.000000,130.438737,0.000000,,,0,1,,,,,0.000335,
tabu,hfvrp_n002_m03_s01,2,3,0.001000,1,262.852855,468.007587,263.320862,0.000000,,,0,1,,,,,0.000952,
tabu,hfvrp_n001_m03_s05,1,3,0.001000,10,89.097550,34.548775,89.132099,0.000000,,,0,1,,,,,0.000454,
tabu,hfvrp_n001_m03_s04,1,3,0.001000,200,122.386776,0.000000,122.386776,0.000000,,,0,1,,,,,0.000149,
tabu,hfvrp_n001_m03_s02,1,3,0.001000,9999,156.310634,50.546098,156.361180,0.000000,,,0,1,,,,,0.000111,
tabu,hfvrp_n001_m03_s03,1,3,0.001000,999,130.438737,0.000000,130.438737,0.000000,,,0,1,,,,,0.000112,
tabu,hfvrp_n002_m03_s02,2,3,0.001000,1788182573807174498,139.033247,41.343143,139.074590,0.000000,,,0,1,,,,,0.000183,
tabu,hfvrp_n001_m03_s05,1,3,0.001000,50,89.097550,34.548775,89.132099,0.000000,,,0,1,,,,,0.000130,
tabu,hfvrp_n001_m03_s04,1,3,0.001000,999,122.386776,0.000000,122.386776,0.000000,,,0,1,,,,,0.000110,
tabu,hfvrp_n002_m03_s01,2,3,0.001000,10,262.852855,468.007587,263.320862,0.000000,,,0,1,,,,,0.000297,
tabu,hfvrp_n001_m03_s02,1,3,0.001000,19345,156.310634,50.546098,156.361180,0.000000,,,0,1,,,,,0.000179,
tabu,hfvrp_n001_m03_s03,1,3,0.001000,1234,130.438737,0.000000,130.438737,0.000000,,,0,1,,,,,0.000108,
tabu,hfvrp_n001_m03_s05,1,3,0.001000,75,89.097550,34.548775,89.132099,0.000000,,,0,1,,,,,0.000131,
tabu,hfvrp_n001_m03_s04,1,3,0.001000,1234,122.386776,0.000000,122.386776,0.000000,,,0,1,,,,,0.000230,
tabu,hfvrp_n002_m03_s02,2,3,0.001000,1,139.033247,41.343143,139.074590,0.000000,,,0,1,,,,,0.000243,
tabu,hfvrp_n001_m03_s02,1,3,0.001000,1788183223870155841,156.310634,50.546098,156.361180,0.000000,,,0,1,,,,,0.000112,
tabu,hfvrp_n002_m03_s01,2,3,0.001000,50,262.852855,468.007587,263.320862,0.000000,,,0,1,,,,,0.000948,
tabu,hfvrp_n001_m03_s03,1,3,0.001000,9999,130.438737,0.000000,130.438737,0.000000,,,0,1,,,,,0.000299,
tabu,hfvrp_n001_m03_s05,1,3,0.001000,100,89.097550,34.548775,89.132099,0.000000,,,0,1,,,,,0.000402,
tabu,hfvrp_n001_m03_s04,1,3,0.001000,9999,122.386776,0.000000,122.386776,0.000000,,,0,1,,,,,0.000108,
tabu,hfvrp_n002_m03_s03,2,3,0.001000,1788183070317662997,185.309216,25.338303,185.334554,0.000000,,,0,1,,,,,0.000306,
tabu,hfvrp_n002_m03_s02,2,3,0.001000,10,139.033247,41.343143,139.074590,0.000000,,,0,1,,,,,0.000179,
tabu,hfvrp_n001_m03_s03,1,3,0.001000,19345,130.438737,0.000000,130.438737,0.000000,,,0,1,,,,,0.000336,
tabu,hfvrp_n002_m03_s01,2,3,0.001000,75,262.852855,468.007587,263.320862,0.000000,,,0,1,,,,,0.000295,
tabu,hfvrp_n001_m03_s05,1,3,0.001000,200,89.097550,34.548775,89.132099,0.000000,,,0,1,,,,,0.000369,
tabu,hfvrp_n001_m03_s04,1,3,0.001000,19345,122.386776,0.000000,122.386776,0.000000,,,0,1,,,,,0.000117,
tabu,hfvrp_n002_m03_s03,2,3,0.001000,1,185.309216,25.338303,185.334554,0.000000,,,0,1,,,,,0.000964,
tabu,hfvrp_n002_m03_s02,2,3,0.001000,50,139.033247,41.343143,139.074590,0.000000,,,0,1,,,,,0.000181,
tabu,hfvrp_n001_m03_s03,1,3,0.001000,1788183342393593418,130.438737,0.000000,130.438737,0.000000,,,0,1,,,,,0.000205,
tabu,hfvrp_n001_m03_s05,1,3,0.001000,999,89.097550,34.548775,89.132099,0.000000,,,0,1,,,,,0.000185,
tabu,hfvrp_n001_m03_s04,1,3,0.001000,1788183828020559427,122.386776,0.000000,122.386776,0.000000,,,0,1,,,,,0.000110,
tabu,hfvrp_n002_m03_s01,2,3,0.001000,100,262.852855,468.007587,263.320862,0.000000,,,0,1,,,,,0.000936,
tabu,hfvrp_n002_m03_s04,2,3,0.001000,1788183665561115194,174.552021,35.445494,174.587466,0.000000,,,0,1,,,,,0.000438,
tabu,hfvrp_n002_m03_s02,2,3,0.001000,75,139.033247,41.343143,139.074590,0.000000,,,0,1,,,,,0.000182,
tabu,hfvrp_n002_m03_s03,2,3,0.001000,10,185.309216,25.338303,185.334554,0.000000,,,0,1,,,,,0.000299,
tabu,hfvrp_n001_m03_s05,1,3,0.001000,1234,89.097550,34.548775,89.132099,0.000000,,,0,1,,,,,0.000180,
tabu,hfvrp_n002_m03_s05,2,3,0.001000,1788184099654885893,252.004246,183.153460,252.187399,0.000000,,,0,1,,,,,0.000384,
tabu,hfvrp_n002_m03_s01,2,3,0.001000,200,262.852855,468.007587,263.320862,0.000000,,,0,1,,,,,0.000300,
tabu,hfvrp_n001_m03_s05,1,3,0.001000,9999,89.097550,34.548775,89.132099,0.000000,,,0,1,,,,,0.000216,
tabu,hfvrp_n002_m03_s04,2,3,0.001000,1,174.552021,35.445494,174.587466,0.000000,,,0,1,,,,,0.000773,
tabu,hfvrp_n002_m03_s02,2,3,0.001000,100,139.033247,41.343143,139.074590,0.000000,,,0,1,,,,,0.000387,
tabu,hfvrp_n002_m03_s03,2,3,0.001000,50,185.309216,25.338303,185.334554,0.000000,,,0,1,,,,,0.000477,
tabu,hfvrp_n002_m03_s05,2,3,0.001000,1,252.004246,183.153460,252.187399,0.000000,,,0,1,,,,,0.000281,
tabu,hfvrp_n002_m03_s01,2,3,0.001000,999,262.852855,468.007587,263.320862,0.000000,,,0,1,,,,,0.000754,
tabu,hfvrp_n001_m03_s05,1,3,0.001000,19345,89.097550,34.548775,89.132099,0.000000,,,0,1,,,,,0.000131,
tabu,hfvrp_n002_m03_s04,2,3,0.001000,10,174.552021,35.445494,174.587466,0.000000,,,0,1,,,,,0.000272,
tabu,hfvrp_n002_m03_s02,2,3,0.001000,200,139.033247,41.343143,139.074590,0.000000,,,0,1,,,,,0.000572,
tabu,hfvrp_n002_m03_s03,2,3,0.001000,75,185.309216,25.338303,185.334554,0.000000,,,0,1,,,,,0.000302,
tabu,hfvrp_n002_m03_s05,2,3,0.001000,10,252.004246,183.153460,252.187399,0.000000,,,0,1,,,,,0.000301,
tabu,hfvrp_n001_m03_s05,1,3,0.001000,1788179756126730196,89.097550,34.548775,89.132099,0.000000,,,0,1,,,,,0.000134,
tabu,hfvrp_n002_m03_s01,2,3,0.001000,1234,262.852855,468.007587,263.320862,0.000000,,,0,1,,,,,0.000276,
tabu,hfvrp_n002_m03_s04,2,3,0.001000,50,174.552021,35.445494,174.587466,0.000000,,,0,1,,,,,0.000585,
tabu,hfvrp_n002_m03_s02,2,3,0.001000,999,139.033247,41.343143,139.074590,0.000000,,,0,1,,,,,0.000626,
tabu,hfvrp_n002_m03_s03,2,3,0.001000,100,185.309216,25.338303,185.334554,0.000000,,,0,1,,,,,0.000295,
tabu,hfvrp_n002_m03_s05,2,3,0.001000,50,252.004246,183.153460,252.187399,0.000000,,,0,1,,,,,0.000303,
tabu,hfvrp_n005_m03_s01,5,3,0.001000,1788180126547141209,350.283936,145.533835,350.429470,0.000000,,,0,1,,,,,0.000121,
tabu,hfvrp_n002_m03_s01,2,3,0.001000,9999,262.852855,468.007587,263.320862,0.000000,,,0,1,,,,,0.000302,
tabu,hfvrp_n002_m03_s04,2,3,0.001000,75,174.552021,35.445494,174.587466,0.000000,,,0,1,,,,,0.000371,
tabu,hfvrp_n002_m03_s02,2,3,0.001000,1234,139.033247,41.343143,139.074590,0.000000,,,0,1,,,,,0.000564,
tabu,hfvrp_n002_m03_s05,2,3,0.001000,75,252.004246,183.153460,252.187399,0.000000,,,0,1,,,,,0.000308,
tabu,hfvrp_n002_m03_s03,2,3,0.001000,200,185.309216,25.338303,185.334554,0.000000,,,0,1,,,,,0.000945,
tabu,hfvrp_n002_m03_s01,2,3,0.001000,19345,262.852855,468.007587,263.320862,0.000000,,,0,1,,,,,0.000954,
tabu,hfvrp_n005_m03_s01,5,3,0.001000,1,350.283936,145.533835,350.429470,0.000000,,,0,1,,,,,0.000080,
tabu,hfvrp_n002_m03_s04,2,3,0.001000,100,174.552021,35.445494,174.587466,0.000000,,,0,1,,,,,0.000854,
tabu,hfvrp_n002_m03_s02,2,3,0.001000,9999,139.033247,41.343143,139.074590,0.000000,,,0,1,,,,,0.000566,
tabu,hfvrp_n002_m03_s05,2,3,0.001000,100,252.004246,183.153460,252.187399,0.000000,,,0,1,,,,,0.000707,
tabu,hfvrp_n002_m03_s03,2,3,0.001000,999,185.309216,25.338303,185.334554,0.000000,,,0,1,,,,,0.000587,
tabu,hfvrp_n002_m03_s01,2,3,0.001000,1788180812524749093,262.852855,468.007587,263.320862,0.000000,,,0,1,,,,,0.000687,
tabu,hfvrp_n002_m03_s04,2,3,0.001000,200,174.552021,35.445494,174.587466,0.000000,,,0,1,,,,,0.000281,
tabu,hfvrp_n002_m03_s02,2,3,0.001000,19345,139.033247,41.343143,139.074590,0.000000,,,0,1,,,,,0.000567,
tabu,hfvrp_n002_m03_s05,2,3,0.001000,200,252.004246,183.153460,252.187399,0.000000,,,0,1,,,,,0.000298,
tabu,hfvrp_n005_m03_s01,5,3,0.001000,10,350.283936,145.533835,350.429470,0.000000,,,0,1,,,,,0.000133,
tabu,hfvrp_n002_m03_s03,2,3,0.001000,1234,185.309216,25.338303,185.334554,0.000000,,,0,1,,,,,0.000422,
tabu,hfvrp_n005_m03_s02,5,3,0.001000,1788181054406088712,359.865479,294.868617,360.160347,0.000000,,,0,1,,,,,0.000913,
tabu,hfvrp_n002_m03_s04,2,3,0.001000,999,174.552021,35.445494,174.587466,0.000000,,,0,1,,,,,0.000277,
tabu,hfvrp_n002_m03_s02,2,3,0.001000,1788180986255149333,139.033247,41.343143,139.074590,0.000000,,,0,1,,,,,0.000181,
tabu,hfvrp_n002_m03_s05,2,3,0.001000,999,252.004246,183.153460,252.187399,0.000000,,,0,1,,,,,0.000634,
tabu,hfvrp_n002_m03_s03,2,3,0.001000,9999,185.309216,25.338303,185.334554,0.000000,,,0,1,,,,,0.000944,
tabu,hfvrp_n005_m03_s01,5,3,0.001000,50,350.283936,145.533835,350.429470,0.000000,,,0,1,,,,,0.000238,
tabu,hfvrp_n002_m03_s04,2,3,0.001000,1234,174.552021,35.445494,174.587466,0.000000,,,0,1,,,,,0.000683,
tabu,hfvrp_n005_m03_s03,5,3,0.001000,1788181322611060138,444.734799,0.000000,444.734799,0.000000,,,0,1,,,,,0.001371,
tabu,hfvrp_n002_m03_s05,2,3,0.001000,1234,252.004246,183.153460,252.187399,0.000000,,,0,1,,,,,0.000299,
tabu,hfvrp_n005_m03_s02,5,3,0.001000,1,359.865479,294.868617,360.160347,0.000000,,,0,1,,,,,0.002552,
tabu,hfvrp_n002_m03_s03,2,3,0.001000,19345,185.309216,25.338303,185.334554,0.000000,,,0,1,,,,,0.000966,
tabu,hfvrp_n002_m03_s04,2,3,0.001000,9999,174.552021,35.445494,174.587466,0.000000,,,0,1,,,,,0.000575,
tabu,hfvrp_n002_m03_s05,2,3,0.001000,9999,252.004246,183.153460,252.187399,0.000000,,,0,1,,,,,0.000948,
tabu,hfvrp_n005_m03_s01,5,3,0.001000,75,350.283936,145.533835,350.429470,0.000000,,,0,1,,,,,0.000238,
tabu,hfvrp_n002_m03_s03,2,3,0.001000,1788181152463660094,185.309216,25.338303,185.334554,0.000000,,,0,1,,,,,0.000535,
tabu,hfvrp_n005_m03_s03,5,3,0.001000,1,444.734799,0.000000,444.734799,0.000000,,,0,1,,,,,0.001161,
tabu,hfvrp_n005_m03_s02,5,3,0.001000,10,359.865479,294.868617,360.160347,0.000000,,,0,1,,,,,0.001517,
tabu,hfvrp_n002_m03_s04,2,3,0.001000,19345,174.552021,35.445494,174.587466,0.000000,,,0,1,,,,,0.000253,
tabu,hfvrp_n002_m03_s05,2,3,0.001000,19345,252.004246,183.153460,252.187399,0.000000,,,0,1,,,,,0.000312,
tabu,hfvrp_n005_m03_s04,5,3,0.001000,1788181497424529965,278.576281,287.478473,278.863759,0.000000,,,0,1,,,,,0.001220,
tabu,hfvrp_n005_m03_s01,5,3,0.001000,100,350.283936,145.533835,350.429470,0.000000,,,0,1,,,,,0.000241,
tabu,hfvrp_n002_m03_s04,2,3,0.001000,1788181429470271144,174.552021,35.445494,174.587466,0.000000,,,0,1,,,,,0.000877,
tabu,hfvrp_n002_m03_s05,2,3,0.001000,1788181872090575249,252.004246,183.153460,252.187399,0.000000,,,0,1,,,,,0.000671,
tabu,hfvrp_n005_m03_s03,5,3,0.001000,10,444.734799,0.000000,444.734799,0.000000,,,0,1,,,,,0.000859,
tabu,hfvrp_n005_m03_s02,5,3,0.001000,50,359.865479,294.868617,360.160347,0.000000,,,0,1,,,,,0.001796,
tabu,hfvrp_n005_m03_s04,5,3,0.001000,1,278.576281,287.478473,278.863759,0.000000,,,0,1,,,,,0.000971,
tabu,hfvrp_n005_m03_s05,5,3,0.001000,1788181778688729600,362.596536,406.141495,363.002677,0.000000,,,0,1,,,,,0.002117,
tabu,hfvrp_n010_m03_s01,10,3,0.001000,1788181710211994612,505.698641,331.824464,506.030466,0.000000,,,0,1,,,,,0.004855,
tabu,hfvrp_n005_m03_s01,5,3,0.001000,200,350.283936,145.533835,350.429470,0.000000,,,0,1,,,,,0.000240,
tabu,hfvrp_n005_m03_s03,5,3,0.001000,50,444.734799,0.000000,444.734799,0.000000,,,0,1,,,,,0.001422,
tabu,hfvrp_n005_m03_s02,5,3,0.001000,75,359.865479,294.868617,360.160347,0.000000,,,0,1,,,,,0.000905,
tabu,hfvrp_n005_m03_s04,5,3,0.001000,10,278.576281,287.478473,278.863759,0.000000,,,0,1,,,,,0.001654,
tabu,hfvrp_n005_m03_s05,5,3,0.001000,1,362.596536,406.141495,363.002677,0.000000,,,0,1,,,,,0.002272,
tabu,hfvrp_n005_m03_s01,5,3,0.001000,999,350.283936,145.533835,350.429470,0.000000,,,0,1,,,,,0.000151,
tabu,hfvrp_n005_m03_s03,5,3,0.001000,75,444.734799,0.000000,444.734799,0.000000,,,0,1,,,,,0.000852,
tabu,hfvrp_n005_m03_s02,5,3,0.001000,100,359.865479,294.868617,360.160347,0.000000,,,0,1,,,,,0.000851,
tabu,hfvrp_n010_m03_s01,10,3,0.001000,1,505.698641,331.824464,506.030466,0.000000,,,0,1,,,,,0.008752,
tabu,hfvrp_n005_m03_s05,5,3,0.001000,10,362.596536,406.141495,363.002677,0.000000,,,0,1,,,,,0.001099,
tabu,hfvrp_n005_m03_s04,5,3,0.001000,50,278.576281,287.478473,278.863759,0.000000,,,0,1,,,,,0.000931,
tabu,hfvrp_n005_m03_s01,5,3,0.001000,1234,350.283936,145.533835,350.429470,0.000000,,,0,1,,,,,0.000259,
tabu,hfvrp_n005_m03_s02,5,3,0.001000,200,359.865479,294.868617,360.160347,0.000000,,,0,1,,,,,0.000897,
tabu,hfvrp_n005_m03_s03,5,3,0.001000,100,444.734799,0.000000,444.734799,0.000000,,,0,1,,,,,0.001932,
tabu,hfvrp_n005_m03_s05,5,3,0.001000,50,362.596536,406.141495,363.002677,0.000000,,,0,1,,,,,0.003429,
tabu,hfvrp_n005_m03_s04,5,3,0.001000,75,278.576281,287.478473,278.863759,0.000000,,,0,1,,,,,0.001816,
tabu,hfvrp_n005_m03_s01,5,3,0.001000,9999,350.283936,145.533835,350.429470,0.000000,,,0,1,,,,,0.000257,
tabu,hfvrp_n010_m03_s01,10,3,0.001000,10,505.698641,331.824464,506.030466,0.000000,,,0,1,,,,,0.005202,
tabu,hfvrp_n005_m03_s03,5,3,0.001000,200,444.734799,0.000000,444.734799,0.000000,,,0,1,,,,,0.001553,
tabu,hfvrp_n005_m03_s02,5,3,0.001000,999,359.865479,294.868617,360.160347,0.000000,,,0,1,,,,,0.001821,
tabu,hfvrp_n005_m03_s05,5,3,0.001000,75,362.596536,406.141495,363.002677,0.000000,,,0,1,,,,,0.002484,
tabu,hfvrp_n005_m03_s04,5,3,0.001000,100,278.576281,287.478473,278.863759,0.000000,,,0,1,,,,,0.000917,
tabu,hfvrp_n005_m03_s01,5,3,0.001000,19345,350.283936,145.533835,350.429470,0.000000,,,0,1,,,,,0.000259,
tabu,hfvrp_n005_m03_s03,5,3,0.001000,999,444.734799,0.000000,444.734799,0.000000,,,0,1,,,,,0.001776,
tabu,hfvrp_n005_m03_s02,5,3,0.001000,1234,359.865479,294.868617,360.160347,0.000000,,,0,1,,,,,0.001196,
tabu,hfvrp_n010_m03_s01,10,3,0.001000,50,505.698641,331.824464,506.030466,0.000000,,,0,1,,,,,0.007525,
tabu,hfvrp_n005_m03_s05,5,3,0.001000,100,362.596536,406.141495,363.002677,0.000000,,,0,1,,,,,0.003470,
tabu,hfvrp_n005_m03_s04,5,3,0.001000,200,278.576281,287.478473,278.863759,0.000000,,,0,1,,,,,0.000935,
tabu,hfvrp_n005_m03_s01,5,3,0.001000,1788187234884162681,350.283936,145.533835,350.429470,0.000000,,,0,1,,,,,0.000074,
tabu,hfvrp_n005_m03_s02,5,3,0.001000,9999,359.865479,294.868617,360.160347,0.000000,,,0,1,,,,,0.002889,
tabu,hfvrp_n005_m03_s03,5,3,0.001000,1234,444.734799,0.000000,444.734799,0.000000,,,0,1,,,,,0.000929,
tabu,hfvrp_n005_m03_s05,5,3,0.001000,200,362.596536,406.141495,363.002677,0.000000,,,0,1,,,,,0.001097,
tabu,hfvrp_n005_m03_s04,5,3,0.001000,999,278.576281,287.478473,278.863759,0.000000,,,0,1,,,,,0.002928,
tabu,hfvrp_n010_m03_s02,10,3,0.001000,1788187576186679025,488.666606,539.371764,489.205978,0.000000,,,0,1,,,,,0.004581,
tabu,hfvrp_n010_m03_s01,10,3,0.001000,75,505.698641,331.824464,506.030466,0.000000,,,0,1,,,,,0.004630,
tabu,hfvrp_n005_m03_s02,5,3,0.001000,19345,359.865479,294.868617,360.160347,0.000000,,,0,1,,,,,0.000910,
tabu,hfvrp_n005_m03_s03,5,3,0.001000,9999,444.734799,0.000000,444.734799,0.000000,,,0,1,,,,,0.000932,
tabu,hfvrp_n005_m03_s05,5,3,0.001000,999,362.596536,406.141495,363.002677,0.000000,,,0,1,,,,,0.001616,
tabu,hfvrp_n005_m03_s04,5,3,0.001000,1234,278.576281,287.478473,278.863759,0.000000,,,0,1,,,,,0.001926,
tabu,hfvrp_n005_m03_s02,5,3,0.001000,1788187982687523873,359.865479,294.868617,360.160347,0.000000,,,0,1,,,,,0.000872,
tabu,hfvrp_n005_m03_s03,5,3,0.001000,19345,444.734799,0.000000,444.734799,0.000000,,,0,1,,,,,0.000955,
tabu,hfvrp_n010_m03_s02,10,3,0.001000,1,488.666606,539.371764,489.205978,0.000000,,,0,1,,,,,0.007578,
tabu,hfvrp_n010_m03_s01,10,3,0.001000,100,505.698641,331.824464,506.030466,0.000000,,,0,1,,,,,0.009564,
tabu,hfvrp_n005_m03_s05,5,3,0.001000,1234,362.596536,406.141495,363.002677,0.000000,,,0,1,,,,,0.002507,
tabu,hfvrp_n005_m03_s04,5,3,0.001000,9999,278.576281,287.478473,278.863759,0.000000,,,0,1,,,,,0.000931,
tabu,hfvrp_n010_m03_s03,10,3,0.001000,1788188238125209905,534.726709,763.645230,535.490355,0.000000,,,0,1,,,,,0.004795,
tabu,hfvrp_n005_m03_s03,5,3,0.001000,1788188259620816544,444.734799,0.000000,444.734799,0.000000,,,0,1,,,,,0.001287,
tabu,hfvrp_n005_m03_s05,5,3,0.001000,9999,362.596536,406.141495,363.002677,0.000000,,,0,1,,,,,0.002769,
tabu,hfvrp_n005_m03_s04,5,3,0.001000,19345,278.576281,287.478473,278.863759,0.000000,,,0,1,,,,,0.000931,
tabu,hfvrp_n010_m03_s02,10,3,0.001000,10,488.666606,539.371764,489.205978,0.000000,,,0,1,,,,,0.006457,
tabu,hfvrp_n010_m03_s01,10,3,0.001000,200,505.698641,331.824464,506.030466,0.000000,,,0,1,,,,,0.004819,
tabu,hfvrp_n010_m03_s04,10,3,0.001000,1788187995354745339,511.684614,1016.706664,512.701321,0.000000,,,0,1,,,,,0.004629,
tabu,hfvrp_n005_m03_s05,5,3,0.001000,19345,362.596536,406.141495,363.002677,0.000000,,,0,1,,,,,0.003033,
tabu,hfvrp_n005_m03_s04,5,3,0.001000,1788188481614209193,278.576281,287.478473,278.863759,0.000000,,,0,1,,,,,0.002337,
tabu,hfvrp_n010_m03_s03,10,3,0.001000,1,534.726709,763.645230,535.490355,0.000000,,,0,1,,,,,0.003138,
tabu,hfvrp_n010_m03_s02,10,3,0.001000,50,488.666606,539.371764,489.205978,0.000000,,,0,1,,,,,0.003581,
tabu,hfvrp_n010_m03_s01,10,3,0.001000,999,505.698641,331.824464,506.030466,0.000000,,,0,1,,,,,0.004664,
tabu,hfvrp_n005_m03_s05,5,3,0.001000,1788188333111349999,362.596536,406.141495,363.002677,0.000000,,,0,1,,,,,0.002278,
tabu,hfvrp_n010_m03_s05,10,3,0.001000,1788188264597182627,481.969273,655.167646,482.624440,0.000000,,,0,1,,,,,0.005053,
tabu,hfvrp_n010_m03_s04,10,3,0.001000,1,511.684614,1016.706664,512.701321,0.000000,,,0,1,,,,,0.003644,
tabu,hfvrp_n010_m03_s03,10,3,0.001000,10,534.726709,763.645230,535.490355,0.000000,,,0,1,,,,,0.003178,
tabu,hfvrp_n015_m03_s01,15,3,0.001000,1788184306585913951,570.832480,2222.021392,573.054502,0.000000,,,0,1,,,,,0.007141,
tabu,hfvrp_n010_m03_s02,10,3,0.001000,75,488.666606,539.371764,489.205978,0.000000,,,0,1,,,,,0.006486,
tabu,hfvrp_n010_m03_s01,10,3,0.001000,1234,505.698641,331.824464,506.030466,0.000000,,,0,1,,,,,0.004864,
tabu,hfvrp_n010_m03_s05,10,3,0.001000,1,481.969273,655.167646,482.624440,0.000000,,,0,1,,,,,0.007095,
tabu,hfvrp_n010_m03_s04,10,3,0.001000,10,511.684614,1016.706664,512.701321,0.000000,,,0,1,,,,,0.006127,
tabu,hfvrp_n010_m03_s03,10,3,0.001000,50,534.726709,763.645230,535.490355,0.000000,,,0,1,,,,,0.006089,
tabu,hfvrp_n010_m03_s01,10,3,0.001000,9999,505.698641,331.824464,506.030466,0.000000,,,0,1,,,,,0.004560,
tabu,hfvrp_n010_m03_s02,10,3,0.001000,100,488.666606,539.371764,489.205978,0.000000,,,0,1,,,,,0.003611,
tabu,hfvrp_n015_m03_s01,15,3,0.001000,1,570.832480,2222.021392,573.054502,0.000000,,,0,1,,,,,0.006876,
tabu,hfvrp_n010_m03_s05,10,3,0.001000,10,481.969273,655.167646,482.624440,0.000000,,,0,1,,,,,0.003530,
tabu,hfvrp_n010_m03_s04,10,3,0.001000,50,511.684614,1016.706664,512.701321,0.000000,,,0,1,,,,,0.003872,
tabu,hfvrp_n010_m03_s03,10,3,0.001000,75,534.726709,763.645230,535.490355,0.000000,,,0,1,,,,,0.006333,
tabu,hfvrp_n010_m03_s01,10,3,0.001000,19345,505.698641,331.824464,506.030466,0.000000,,,0,1,,,,,0.005793,
tabu,hfvrp_n010_m03_s02,10,3,0.001000,200,488.666606,539.371764,489.205978,0.000000,,,0,1,,,,,0.003640,
tabu,hfvrp_n010_m03_s05,10,3,0.001000,50,481.969273,655.167646,482.624440,0.000000,,,0,1,,,,,0.004691,
tabu,hfvrp_n010_m03_s04,10,3,0.001000,75,511.684614,1016.706664,512.701321,0.000000,,,0,1,,,,,0.004715,
tabu,hfvrp_n010_m03_s03,10,3,0.001000,100,534.726709,763.645230,535.490355,0.000000,,,0,1,,,,,0.003158,
tabu,hfvrp_n015_m03_s01,15,3,0.001000,10,570.832480,2222.021392,573.054502,0.000000,,,0,1,,,,,0.009172,
tabu,hfvrp_n010_m03_s01,10,3,0.001000,1788184767053751465,505.698641,331.824464,506.030466,0.000000,,,0,1,,,,,0.004597,
tabu,hfvrp_n010_m03_s02,10,3,0.001000,999,488.666606,539.371764,489.205978,0.000000,,,0,1,,,,,0.004296,
tabu,hfvrp_n010_m03_s05,10,3,0.001000,75,481.969273,655.167646,482.624440,0.000000,,,0,1,,,,,0.005896,
tabu,hfvrp_n010_m03_s04,10,3,0.001000,100,511.684614,1016.706664,512.701321,0.000000,,,0,1,,,,,0.007855,
tabu,hfvrp_n010_m03_s03,10,3,0.001000,200,534.726709,763.645230,535.490355,0.000000,,,0,1,,,,,0.005500,
tabu,hfvrp_n015_m03_s01,15,3,0.001000,50,570.832480,2222.021392,573.054502,0.000000,,,0,1,,,,,0.011943,
tabu,hfvrp_n015_m03_s02,15,3,0.001000,1788185079321234653,536.153014,2679.028517,538.832042,0.000000,,,0,1,,,,,0.006589,
tabu,hfvrp_n010_m03_s02,10,3,0.001000,1234,488.666606,539.371764,489.205978,0.000000,,,0,1,,,,,0.003621,
tabu,hfvrp_n010_m03_s05,10,3,0.001000,100,481.969273,655.167646,482.624440,0.000000,,,0,1,,,,,0.003511,
tabu,hfvrp_n010_m03_s04,10,3,0.001000,200,511.684614,1016.706664,512.701321,0.000000,,,0,1,,,,,0.006725,
tabu,hfvrp_n010_m03_s03,10,3,0.001000,999,534.726709,763.645230,535.490355,0.000000,,,0,1,,,,,0.006271,
tabu,hfvrp_n010_m03_s02,10,3,0.001000,9999,488.666606,539.371764,489.205978,0.000000,,,0,1,,,,,0.005071,
tabu,hfvrp_n010_m03_s05,10,3,0.001000,200,481.969273,655.167646,482.624440,0.000000,,,0,1,,,,,0.006262,
tabu,hfvrp_n015_m03_s01,15,3,0.001000,75,570.832480,2222.021392,573.054502,0.000000,,,0,1,,,,,0.006833,
tabu,hfvrp_n010_m03_s04,10,3,0.001000,999,511.684614,1016.706664,512.701321,0.000000,,,0,1,,,,,0.005403,
tabu,hfvrp_n015_m03_s02,15,3,0.001000,1,536.153014,2679.028517,538.832042,0.000000,,,0,1,,,,,0.008588,
tabu,hfvrp_n010_m03_s03,10,3,0.001000,1234,534.726709,763.645230,535.490355,0.000000,,,0,1,,,,,0.003164,
tabu,hfvrp_n010_m03_s02,10,3,0.001000,19345,488.666606,539.371764,489.205978,0.000000,,,0,1,,,,,0.004255,
tabu,hfvrp_n010_m03_s05,10,3,0.001000,999,481.969273,655.167646,482.624440,0.000000,,,0,1,,,,,0.003528,
tabu,hfvrp_n010_m03_s04,10,3,0.001000,1234,511.684614,1016.706664,512.701321,0.000000,,,0,1,,,,,0.004362,
tabu,hfvrp_n010_m03_s03,10,3,0.001000,9999,534.726709,763.645230,535.490355,0.000000,,,0,1,,,,,0.003151,
tabu,hfvrp_n015_m03_s02,15,3,0.001000,10,536.153014,2679.028517,538.832042,0.000000,,,0,1,,,,,0.005206,
tabu,hfvrp_n015_m03_s01,15,3,0.001000,100,570.832480,2222.021392,573.054502,0.000000,,,0,1,,,,,0.010106,
tabu,hfvrp_n010_m03_s02,10,3,0.001000,1788185582453697041,488.666606,539.371764,489.205978,0.000000,,,0,1,,,,,0.007670,
tabu,hfvrp_n010_m03_s05,10,3,0.001000,1234,481.969273,655.167646,482.624440,0.000000,,,0,1,,,,,0.003533,
tabu,hfvrp_n010_m03_s04,10,3,0.001000,9999,511.684614,1016.706664,512.701321,0.000000,,,0,1,,,,,0.007084,
tabu,hfvrp_n010_m03_s03,10,3,0.001000,19345,534.726709,763.645230,535.490355,0.000000,,,0,1,,,,,0.007117,
tabu,hfvrp_n015_m03_s02,15,3,0.001000,50,536.153014,2679.028517,538.832042,0.000000,,,0,1,,,,,0.008835,
tabu,hfvrp_n015_m03_s01,15,3,0.001000,200,570.832480,2222.021392,573.054502,0.000000,,,0,1,,,,,0.009370,
tabu,hfvrp_n015_m03_s03,15,3,0.001000,1788185899067419169,516.494315,1798.435270,518.292750,0.000000,,,0,1,,,,,0.009015,
tabu,hfvrp_n010_m03_s04,10,3,0.001000,19345,511.684614,1016.706664,512.701321,0.000000,,,0,1,,,,,0.005128,
tabu,hfvrp_n010_m03_s05,10,3,0.001000,9999,481.969273,655.167646,482.624440,0.000000,,,0,1,,,,,0.006320,
tabu,hfvrp_n010_m03_s03,10,3,0.001000,1788185789081726752,534.726709,763.645230,535.490355,0.000000,,,0,1,,,,,0.007182,
tabu,hfvrp_n015_m03_s02,15,3,0.001000,75,536.153014,2679.028517,538.832042,0.000000,,,0,1,,,,,0.006839,
tabu,hfvrp_n010_m03_s04,10,3,0.001000,1788185846972487050,511.684614,1016.706664,512.701321,0.000000,,,0,1,,,,,0.006518,
tabu,hfvrp_n010_m03_s05,10,3,0.001000,19345,481.969273,655.167646,482.624440,0.000000,,,0,1,,,,,0.004007,
tabu,hfvrp_n015_m03_s01,15,3,0.001000,999,570.832480,2222.021392,573.054502,0.000000,,,0,1,,,,,0.011176,
tabu,hfvrp_n015_m03_s03,15,3,0.001000,1,516.494315,1798.435270,518.292750,0.000000,,,0,1,,,,,0.007899,
tabu,hfvrp_n015_m03_s04,15,3,0.001000,1788186024058515787,614.626038,4323.337407,618.949375,0.000000,,,0,1,,,,,0.005950,
tabu,hfvrp_n015_m03_s05,15,3,0.001000,1788191059835196678,588.643437,1320.613601,589.964051,0.000000,,,0,1,,,,,0.009771,
tabu,hfvrp_n010_m03_s05,10,3,0.001000,1788191072789182594,481.969273,655.167646,482.624440,0.000000,,,0,1,,,,,0.005488,
tabu,hfvrp_n015_m03_s02,15,3,0.001000,100,536.153014,2679.028517,538.832042,0.000000,,,0,1,,,,,0.009802,
tabu,hfvrp_n015_m03_s01,15,3,0.001000,1234,570.832480,2222.021392,573.054502,0.000000,,,0,1,,,,,0.009932,
tabu,hfvrp_n015_m03_s03,15,3,0.001000,10,516.494315,1798.435270,518.292750,0.000000,,,0,1,,,,,0.007657,
tabu,hfvrp_n015_m03_s04,15,3,0.001000,1,614.626038,4323.337407,618.949375,0.000000,,,0,1,,,,,0.008261,
tabu,hfvrp_n020_m04_s01,20,4,0.001000,1788190740872278398,674.454866,1952.194479,676.407061,0.000000,,,0,1,,,,,0.013446,
tabu,hfvrp_n015_m03_s05,15,3,0.001000,1,588.643437,1320.613601,589.964051,0.000000,,,0,1,,,,,0.008628,
tabu,hfvrp_n015_m03_s02,15,3,0.001000,200,536.153014,2679.028517,538.832042,0.000000,,,0,1,,,,,0.005199,
tabu,hfvrp_n015_m03_s01,15,3,0.001000,9999,570.832480,2222.021392,573.054502,0.000000,,,0,1,,,,,0.010292,
tabu,hfvrp_n015_m03_s03,15,3,0.001000,50,516.494315,1798.435270,518.292750,0.000000,,,0,1,,,,,0.007799,
tabu,hfvrp_n015_m03_s04,15,3,0.001000,10,614.626038,4323.337407,618.949375,0.000000,,,0,1,,,,,0.005269,
tabu,hfvrp_n015_m03_s05,15,3,0.001000,10,588.643437,1320.613601,589.964051,0.000000,,,0,1,,,,,0.009676,
tabu,hfvrp_n020_m04_s01,20,4,0.001000,1,674.454866,1952.194479,676.407061,0.000000,,,0,1,,,,,0.014121,
tabu,hfvrp_n015_m03_s02,15,3,0.001000,999,536.153014,2679.028517,538.832042,0.000000,,,0,1,,,,,0.007553,
tabu,hfvrp_n015_m03_s01,15,3,0.001000,19345,570.832480,2222.021392,573.054502,0.000000,,,0,1,,,,,0.010526,
tabu,hfvrp_n015_m03_s03,15,3,0.001000,75,516.494315,1798.435270,518.292750,0.000000,,,0,1,,,,,0.009049,
tabu,hfvrp_n015_m03_s04,15,3,0.001000,50,614.626038,4323.337407,618.949375,0.000000,,,0,1,,,,,0.005027,
tabu,hfvrp_n015_m03_s05,15,3,0.001000,50,588.643437,1320.613601,589.964051,0.000000,,,0,1,,,,,0.009010,
tabu,hfvrp_n015_m03_s02,15,3,0.001000,1234,536.153014,2679.028517,538.832042,0.000000,,,0,1,,,,,0.008219,
tabu,hfvrp_n015_m03_s01,15,3,0.001000,1788191794721828150,570.832480,2222.021392,573.054502,0.000000,,,0,1,,,,,0.010121,
tabu,hfvrp_n015_m03_s03,15,3,0.001000,100,516.494315,1798.435270,518.292750,0.000000,,,0,1,,,,,0.009494,
tabu,hfvrp_n020_m04_s01,20,4,0.001000,10,674.454866,1952.194479,676.407061,0.000000,,,0,1,,,,,0.016646,
tabu,hfvrp_n015_m03_s04,15,3,0.001000,75,614.626038,4323.337407,618.949375,0.000000,,,0,1,,,,,0.005225,
tabu,hfvrp_n015_m03_s05,15,3,0.001000,75,588.643437,1320.613601,589.964051,0.000000,,,0,1,,,,,0.008200,
tabu,hfvrp_n015_m03_s02,15,3,0.001000,9999,536.153014,2679.028517,538.832042,0.000000,,,0,1,,,,,0.005234,
tabu,hfvrp_n020_m04_s02,20,4,0.001000,1788191485344547502,666.892989,1881.798617,668.774788,0.000000,,,0,1,,,,,0.015892,
tabu,hfvrp_n015_m03_s03,15,3,0.001000,200,516.494315,1798.435270,518.292750,0.000000,,,0,1,,,,,0.008934,
tabu,hfvrp_n015_m03_s04,15,3,0.001000,100,614.626038,4323.337407,618.949375,0.000000,,,0,1,,,,,0.005253,
tabu,hfvrp_n020_m04_s01,20,4,0.001000,50,674.454866,1952.194479,676.407061,0.000000,,,0,1,,,,,0.015169,
tabu,hfvrp_n015_m03_s05,15,3,0.001000,100,588.643437,1320.613601,589.964051,0.000000,,,0,1,,,,,0.007591,
tabu,hfvrp_n015_m03_s02,15,3,0.001000,19345,536.153014,2679.028517,538.832042,0.000000,,,0,1,,,,,0.009473,
tabu,hfvrp_n015_m03_s03,15,3,0.001000,999,516.494315,1798.435270,518.292750,0.000000,,,0,1,,,,,0.009781,
tabu,hfvrp_n015_m03_s04,15,3,0.001000,200,614.626038,4323.337407,618.949375,0.000000,,,0,1,,,,,0.008455,
tabu,hfvrp_n020_m04_s02,20,4,0.001000,1,666.892989,1881.798617,668.774788,0.000000,,,0,1,,,,,0.018130,
tabu,hfvrp_n015_m03_s05,15,3,0.001000,200,588.643437,1320.613601,589.964051,0.000000,,,0,1,,,,,0.008084,
tabu,hfvrp_n020_m04_s01,20,4,0.001000,75,674.454866,1952.194479,676.407061,0.000000,,,0,1,,,,,0.012195,
tabu,hfvrp_n015_m03_s02,15,3,0.001000,1788191857791186454,536.153014,2679.028517,538.832042,0.000000,,,0,1,,,,,0.007211,
tabu,hfvrp_n015_m03_s03,15,3,0.001000,1234,516.494315,1798.435270,518.292750,0.000000,,,0,1,,,,,0.007826,
tabu,hfvrp_n015_m03_s04,15,3,0.001000,999,614.626038,4323.337407,618.949375,0.000000,,,0,1,,,,,0.004856,
tabu,hfvrp_n020_m04_s02,20,4,0.001000,10,666.892989,1881.798617,668.774788,0.000000,,,0,1,,,,,0.016193,
tabu,hfvrp_n015_m03_s05,15,3,0.001000,999,588.643437,1320.613601,589.964051,0.000000,,,0,1,,,,,0.009691,
tabu,hfvrp_n020_m04_s03,20,4,0.001000,1788192089427237842,656.241709,2917.011124,659.158721,0.000000,,,0,1,,,,,0.015029,
tabu,hfvrp_n015_m03_s03,15,3,0.001000,9999,516.494315,1798.435270,518.292750,0.000000,,,0,1,,,,,0.008778,
tabu,hfvrp_n020_m04_s01,20,4,0.001000,100,674.454866,1952.194479,676.407061,0.000000,,,0,1,,,,,0.015406,
tabu,hfvrp_n015_m03_s04,15,3,0.001000,1234,614.626038,4323.337407,618.949375,0.000000,,,0,1,,,,,0.005238,
tabu,hfvrp_n015_m03_s05,15,3,0.001000,1234,588.643437,1320.613601,589.964051,0.000000,,,0,1,,,,,0.005414,
tabu,hfvrp_n020_m04_s02,20,4,0.001000,50,666.892989,1881.798617,668.774788,0.000000,,,0,1,,,,,0.018145,
tabu,hfvrp_n015_m03_s03,15,3,0.001000,19345,516.494315,1798.435270,518.292750,0.000000,,,0,1,,,,,0.007674,
tabu,hfvrp_n020_m04_s03,20,4,0.001000,1,656.241709,2917.011124,659.158721,0.000000,,,0,1,,,,,0.013548,
tabu,hfvrp_n015_m03_s04,15,3,0.001000,9999,614.626038,4323.337407,618.949375,0.000000,,,0,1,,,,,0.005246,
tabu,hfvrp_n020_m04_s01,20,4,0.001000,200,674.454866,1952.194479,676.407061,0.000000,,,0,1,,,,,0.013954,
tabu,hfvrp_n015_m03_s05,15,3,0.001000,9999,588.643437,1320.613601,589.964051,0.000000,,,0,1,,,,,0.005400,
tabu,hfvrp_n015_m03_s03,15,3,0.001000,1788192416207164864,516.494315,1798.435270,518.292750,0.000000,,,0,1,,,,,0.005212,
tabu,hfvrp_n015_m03_s04,15,3,0.001000,19345,614.626038,4323.337407,618.949375,0.000000,,,0,1,,,,,0.005295,
tabu,hfvrp_n020_m04_s02,20,4,0.001000,75,666.892989,1881.798617,668.774788,0.000000,,,0,1,,,,,0.016669,
tabu,hfvrp_n020_m04_s03,20,4,0.001000,10,656.241709,2917.011124,659.158721,0.000000,,,0,1,,,,,0.017014,
tabu,hfvrp_n015_m03_s05,15,3,0.001000,19345,588.643437,1320.613601,589.964051,0.000000,,,0,1,,,,,0.009097,
tabu,hfvrp_n020_m04_s01,20,4,0.001000,999,674.454866,1952.194479,676.407061,0.000000,,,0,1,,,,,0.016708,
tabu,hfvrp_n020_m04_s04,20,4,0.001000,1788188872643441270,753.618438,3100.569355,756.719008,0.000000,,,0,1,,,,,0.012080,
tabu,hfvrp_n015_m03_s04,15,3,0.001000,1788188838754010464,614.626038,4323.337407,618.949375,0.000000,,,0,1,,,,,0.005297,
tabu,hfvrp_n020_m04_s02,20,4,0.001000,100,666.892989,1881.798617,668.774788,0.000000,,,0,1,,,,,0.017898,
tabu,hfvrp_n020_m04_s03,20,4,0.001000,50,656.241709,2917.011124,659.158721,0.000000,,,0,1,,,,,0.016058,
tabu,hfvrp_n015_m03_s05,15,3,0.001000,1788188987320018710,588.643437,1320.613601,589.964051,0.000000,,,0,1,,,,,0.008191,
tabu,hfvrp_n020_m04_s01,20,4,0.001000,1234,674.454866,1952.194479,676.407061,0.000000,,,0,1,,,,,0.015911,
tabu,hfvrp_n020_m04_s05,20,4,0.001000,1788189027533733678,694.817813,3074.256104,697.892069,0.000000,,,0,1,,,,,0.013306,
tabu,hfvrp_n020_m04_s04,20,4,0.001000,1,753.618438,3100.569355,756.719008,0.000000,,,0,1,,,,,0.012227,
tabu,hfvrp_n030_m06_s01,30,6,0.001000,1788188626366015046,1244.023167,3872.499728,1247.895667,0.000000,,,0,1,,,,,0.067909,
tabu,hfvrp_n020_m04_s02,20,4,0.001000,200,666.892989,1881.798617,668.774788,0.000000,,,0,1,,,,,0.017047,
tabu,hfvrp_n020_m04_s03,20,4,0.001000,75,656.241709,2917.011124,659.158721,0.000000,,,0,1,,,,,0.012365,
tabu,hfvrp_n020_m04_s01,20,4,0.001000,9999,674.454866,1952.194479,676.407061,0.000000,,,0,1,,,,,0.014002,
tabu,hfvrp_n020_m04_s05,20,4,0.001000,1,694.817813,3074.256104,697.892069,0.000000,,,0,1,,,,,0.016564,
tabu,hfvrp_n020_m04_s04,20,4,0.001000,10,753.618438,3100.569355,756.719008,0.000000,,,0,1,,,,,0.013745,
tabu,hfvrp_n020_m04_s02,20,4,0.001000,999,666.892989,1881.798617,668.774788,0.000000,,,0,1,,,,,0.017425,
tabu,hfvrp_n020_m04_s03,20,4,0.001000,100,656.241709,2917.011124,659.158721,0.000000,,,0,1,,,,,0.013133,
tabu,hfvrp_n020_m04_s01,20,4,0.001000,19345,674.454866,1952.194479,676.407061,0.000000,,,0,1,,,,,0.011771,
tabu,hfvrp_n030_m06_s01,30,6,0.001000,1,1244.023167,3872.499728,1247.895667,0.000000,,,0,1,,,,,0.066640,
tabu,hfvrp_n020_m04_s05,20,4,0.001000,10,694.817813,3074.256104,697.892069,0.000000,,,0,1,,,,,0.017253,
tabu,hfvrp_n020_m04_s04,20,4,0.001000,50,753.618438,3100.569355,756.719008,0.000000,,,0,1,,,,,0.015877,
tabu,hfvrp_n020_m04_s02,20,4,0.001000,1234,666.892989,1881.798617,668.774788,0.000000,,,0,1,,,,,0.017391,
tabu,hfvrp_n020_m04_s03,20,4,0.001000,200,656.241709,2917.011124,659.158721,0.000000,,,0,1,,,,,0.012311,
tabu,hfvrp_n020_m04_s01,20,4,0.001000,1788189120787277948,674.454866,1952.194479,676.407061,0.000000,,,0,1,,,,,0.015220,
tabu,hfvrp_n020_m04_s05,20,4,0.001000,50,694.817813,3074.256104,697.892069,0.000000,,,0,1,,,,,0.017271,
tabu,hfvrp_n020_m04_s04,20,4,0.001000,75,753.618438,3100.569355,756.719008,0.000000,,,0,1,,,,,0.012655,
tabu,hfvrp_n030_m06_s01,30,6,0.001000,10,1244.023167,3872.499728,1247.895667,0.000000,,,0,1,,,,,0.069026,
tabu,hfvrp_n020_m04_s02,20,4,0.001000,9999,666.892989,1881.798617,668.774788,0.000000,,,0,1,,,,,0.017203,
tabu,hfvrp_n020_m04_s03,20,4,0.001000,999,656.241709,2917.011124,659.158721,0.000000,,,0,1,,,,,0.016682,
tabu,hfvrp_n030_m06_s02,30,6,0.001000,1788189980920087780,1053.484659,3890.101898,1057.374761,0.000000,,,0,1,,,,,0.057689,
tabu,hfvrp_n020_m04_s05,20,4,0.001000,75,694.817813,3074.256104,697.892069,0.000000,,,0,1,,,,,0.016528,
tabu,hfvrp_n020_m04_s04,20,4,0.001000,100,753.618438,3100.569355,756.719008,0.000000,,,0,1,,,,,0.012616,
tabu,hfvrp_n020_m04_s02,20,4,0.001000,19345,666.892989,1881.798617,668.774788,0.000000,,,0,1,,,,,0.013758,
tabu,hfvrp_n020_m04_s03,20,4,0.001000,1234,656.241709,2917.011124,659.158721,0.000000,,,0,1,,,,,0.016493,
tabu,hfvrp_n030_m06_s01,30,6,0.001000,50,1244.023167,3872.499728,1247.895667,0.000000,,,0,1,,,,,0.070603,
tabu,hfvrp_n020_m04_s05,20,4,0.001000,100,694.817813,3074.256104,697.892069,0.000000,,,0,1,,,,,0.013315,
tabu,hfvrp_n020_m04_s04,20,4,0.001000,200,753.618438,3100.569355,756.719008,0.000000,,,0,1,,,,,0.015940,
tabu,hfvrp_n030_m06_s02,30,6,0.001000,1,1053.484659,3890.101898,1057.374761,0.000000,,,0,1,,,,,0.052478,
tabu,hfvrp_n020_m04_s02,20,4,0.001000,1788189753232527594,666.892989,1881.798617,668.774788,0.000000,,,0,1,,,,,0.017334,
tabu,hfvrp_n020_m04_s03,20,4,0.001000,9999,656.241709,2917.011124,659.158721,0.000000,,,0,1,,,,,0.016442,
tabu,hfvrp_n020_m04_s05,20,4,0.001000,200,694.817813,3074.256104,697.892069,0.000000,,,0,1,,,,,0.015993,
tabu,hfvrp_n020_m04_s04,20,4,0.001000,999,753.618438,3100.569355,756.719008,0.000000,,,0,1,,,,,0.012754,
tabu,hfvrp_n030_m06_s01,30,6,0.001000,75,1244.023167,3872.499728,1247.895667,0.000000,,,0,1,,,,,0.073919,
tabu,hfvrp_n030_m06_s03,30,6,0.001000,1788189784378565345,1234.608999,3444.809914,1238.053809,0.000000,,,0,1,,,,,0.052381,
tabu,hfvrp_n020_m04_s03,20,4,0.001000,19345,656.241709,2917.011124,659.158721,0.000000,,,0,1,,,,,0.016894,
tabu,hfvrp_n030_m06_s02,30,6,0.001000,10,1053.484659,3890.101898,1057.374761,0.000000,,,0,1,,,,,0.053445,
tabu,hfvrp_n020_m04_s05,20,4,0.001000,999,694.817813,3074.256104,697.892069,0.000000,,,0,1,,,,,0.016760,
tabu,hfvrp_n020_m04_s04,20,4,0.001000,1234,753.618438,3100.569355,756.719008,0.000000,,,0,1,,,,,0.016901,
tabu,hfvrp_n020_m04_s03,20,4,0.001000,1788190700754552004,656.241709,2917.011124,659.158721,0.000000,,,0,1,,,,,0.017494,
tabu,hfvrp_n030_m06_s03,30,6,0.001000,1,1234.608999,3444.809914,1238.053809,0.000000,,,0,1,,,,,0.055181,
tabu,hfvrp_n030_m06_s01,30,6,0.001000,100,1244.023167,3872.499728,1247.895667,0.000000,,,0,1,,,,,0.070506,
tabu,hfvrp_n020_m04_s05,20,4,0.001000,1234,694.817813,3074.256104,697.892069,0.000000,,,0,1,,,,,0.016798,
tabu,hfvrp_n020_m04_s04,20,4,0.001000,9999,753.618438,3100.569355,756.719008,0.000000,,,0,1,,,,,0.012536,
tabu,hfvrp_n030_m06_s02,30,6,0.001000,50,1053.484659,3890.101898,1057.374761,0.000000,,,0,1,,,,,0.052180,
tabu,hfvrp_n030_m06_s04,30,6,0.001000,1788190242255899676,1261.064344,2547.541794,1263.611886,0.000000,,,0,1,,,,,0.072117,
tabu,hfvrp_n020_m04_s05,20,4,0.001000,9999,694.817813,3074.256104,697.892069,0.000000,,,0,1,,,,,0.012430,
tabu,hfvrp_n020_m04_s04,20,4,0.001000,19345,753.618438,3100.569355,756.719008,0.000000,,,0,1,,,,,0.016735,
tabu,hfvrp_n030_m06_s03,30,6,0.001000,10,1234.608999,3444.809914,1238.053809,0.000000,,,0,1,,,,,0.053928,
tabu,hfvrp_n030_m06_s01,30,6,0.001000,200,1244.023167,3872.499728,1247.895667,0.000000,,,0,1,,,,,0.065536,
tabu,hfvrp_n030_m06_s02,30,6,0.001000,75,1053.484659,3890.101898,1057.374761,0.000000,,,0,1,,,,,0.056278,
tabu,hfvrp_n030_m06_s04,30,6,0.001000,1,1261.064344,2547.541794,1263.611886,0.000000,,,0,1,,,,,0.072542,
tabu,hfvrp_n020_m04_s05,20,4,0.001000,19345,694.817813,3074.256104,697.892069,0.000000,,,0,1,,,,,0.016269,
tabu,hfvrp_n020_m04_s04,20,4,0.001000,1788160229030024685,753.618438,3100.569355,756.719008,0.000000,,,0,1,,,,,0.016931,
tabu,hfvrp_n030_m06_s03,30,6,0.001000,50,1234.608999,3444.809914,1238.053809,0.000000,,,0,1,,,,,0.051382,
tabu,hfvrp_n030_m06_s01,30,6,0.001000,999,1244.023167,3872.499728,1247.895667,0.000000,,,0,1,,,,,0.067618,
tabu,hfvrp_n020_m04_s05,20,4,0.001000,1788160410236133233,694.817813,3074.256104,697.892069,0.000000,,,0,1,,,,,0.017184,
tabu,hfvrp_n030_m06_s05,30,6,0.001000,1788160066880710330,1180.774898,1916.063870,1182.690962,0.000000,,,0,1,,,,,0.059453,
tabu,hfvrp_n030_m06_s02,30,6,0.001000,100,1053.484659,3890.101898,1057.374761,0.000000,,,0,1,,,,,0.053378,
tabu,hfvrp_n030_m06_s04,30,6,0.001000,10,1261.064344,2547.541794,1263.611886,0.000000,,,0,1,,,,,0.071052,
tabu,hfvrp_n050_m10_s01,50,10,0.001000,1788160218227664193,2107.502999,9340.231014,2116.843230,0.000000,,,0,1,,,,,0.215909,
tabu,hfvrp_n030_m06_s03,30,6,0.001000,75,1234.608999,3444.809914,1238.053809,0.000000,,,0,1,,,,,0.052124,
tabu,hfvrp_n030_m06_s01,30,6,0.001000,1234,1244.023167,3872.499728,1247.895667,0.000000,,,0,1,,,,,0.065524,
tabu,hfvrp_n030_m06_s05,30,6,0.001000,1,1180.774898,1916.063870,1182.690962,0.000000,,,0,1,,,,,0.057084,
tabu,hfvrp_n030_m06_s02,30,6,0.001000,200,1053.484659,3890.101898,1057.374761,0.000000,,,0,1,,,,,0.056696,
tabu,hfvrp_n030_m06_s04,30,6,0.001000,50,1261.064344,2547.541794,1263.611886,0.000000,,,0,1,,,,,0.068641,
tabu,hfvrp_n030_m06_s03,30,6,0.001000,100,1234.608999,3444.809914,1238.053809,0.000000,,,0,1,,,,,0.050290,
tabu,hfvrp_n030_m06_s01,30,6,0.001000,9999,1244.023167,3872.499728,1247.895667,0.000000,,,0,1,,,,,0.070158,
tabu,hfvrp_n030_m06_s05,30,6,0.001000,10,1180.774898,1916.063870,1182.690962,0.000000,,,0,1,,,,,0.057077,
tabu,hfvrp_n030_m06_s02,30,6,0.001000,999,1053.484659,3890.101898,1057.374761,0.000000,,,0,1,,,,,0.055887,
tabu,hfvrp_n030_m06_s04,30,6,0.001000,75,1261.064344,2547.541794,1263.611886,0.000000,,,0,1,,,,,0.072574,
tabu,hfvrp_n050_m10_s01,50,10,0.001000,1,2107.502999,9340.231014,2116.843230,0.000000,,,0,1,,,,,0.212796,
tabu,hfvrp_n030_m06_s03,30,6,0.001000,200,1234.608999,3444.809914,1238.053809,0.000000,,,0,1,,,,,0.052758,
tabu,hfvrp_n030_m06_s01,30,6,0.001000,19345,1244.023167,3872.499728,1247.895667,0.000000,,,0,1,,,,,0.069656,
tabu,hfvrp_n030_m06_s05,30,6,0.001000,50,1180.774898,1916.063870,1182.690962,0.000000,,,0,1,,,,,0.060360,
tabu,hfvrp_n030_m06_s02,30,6,0.001000,1234,1053.484659,3890.101898,1057.374761,0.000000,,,0,1,,,,,0.056932,
tabu,hfvrp_n030_m06_s04,30,6,0.001000,100,1261.064344,2547.541794,1263.611886,0.000000,,,0,1,,,,,0.068989,
tabu,hfvrp_n030_m06_s03,30,6,0.001000,999,1234.608999,3444.809914,1238.053809,0.000000,,,0,1,,,,,0.052602,
tabu,hfvrp_n030_m06_s01,30,6,0.001000,1788160610136945992,1244.023167,3872.499728,1247.895667,0.000000,,,0,1,,,,,0.068215,
tabu,hfvrp_n030_m06_s05,30,6,0.001000,75,1180.774898,1916.063870,1182.690962,0.000000,,,0,1,,,,,0.055158,
tabu,hfvrp_n030_m06_s02,30,6,0.001000,9999,1053.484659,3890.101898,1057.374761,0.000000,,,0,1,,,,,0.052556,
tabu,hfvrp_n050_m10_s01,50,10,0.001000,10,2107.502999,9340.231014,2116.843230,0.000000,,,0,1,,,,,0.213444,
tabu,hfvrp_n030_m06_s04,30,6,0.001000,200,1261.064344,2547.541794,1263.611886,0.000000,,,0,1,,,,,0.072922,
tabu,hfvrp_n030_m06_s03,30,6,0.001000,1234,1234.608999,3444.809914,1238.053809,0.000000,,,0,1,,,,,0.050855,
tabu,hfvrp_n030_m06_s05,30,6,0.001000,100,1180.774898,1916.063870,1182.690962,0.000000,,,0,1,,,,,0.059534,
tabu,hfvrp_n050_m10_s02,50,10,0.001000,1788161417250716050,2144.758054,12568.775469,2157.326829,0.000000,,,0,1,,,,,0.247432,
tabu,hfvrp_n030_m06_s02,30,6,0.001000,19345,1053.484659,3890.101898,1057.374761,0.000000,,,0,1,,,,,0.055495,
tabu,hfvrp_n030_m06_s04,30,6,0.001000,999,1261.064344,2547.541794,1263.611886,0.000000,,,0,1,,,,,0.072319,
tabu,hfvrp_n030_m06_s03,30,6,0.001000,9999,1234.608999,3444.809914,1238.053809,0.000000,,,0,1,,,,,0.051484,
tabu,hfvrp_n050_m10_s01,50,10,0.001000,50,2107.502999,9340.231014,2116.843230,0.000000,,,0,1,,,,,0.212916,
tabu,hfvrp_n030_m06_s05,30,6,0.001000,200,1180.774898,1916.063870,1182.690962,0.000000,,,0,1,,,,,0.060077,
tabu,hfvrp_n030_m06_s02,30,6,0.001000,1788161061296176584,1053.484659,3890.101898,1057.374761,0.000000,,,0,1,,,,,0.051519,
tabu,hfvrp_n030_m06_s04,30,6,0.001000,1234,1261.064344,2547.541794,1263.611886,0.000000,,,0,1,,,,,0.071453,
tabu,hfvrp_n050_m10_s02,50,10,0.001000,1,2144.758054,12568.775469,2157.326829,0.000000,,,0,1,,,,,0.240832,
tabu,hfvrp_n030_m06_s03,30,6,0.001000,19345,1234.608999,3444.809914,1238.053809,0.000000,,,0,1,,,,,0.052390,
tabu,hfvrp_n030_m06_s05,30,6,0.001000,999,1180.774898,1916.063870,1182.690962,0.000000,,,0,1,,,,,0.059027,
tabu,hfvrp_n050_m10_s03,50,10,0.001000,1788162147378411572,1962.387514,14178.786956,1976.566301,0.000000,,,0,1,,,,,0.210605,
tabu,hfvrp_n030_m06_s04,30,6,0.001000,9999,1261.064344,2547.541794,1263.611886,0.000000,,,0,1,,,,,0.073927,
tabu,hfvrp_n050_m10_s01,50,10,0.001000,75,2107.502999,9340.231014,2116.843230,0.000000,,,0,1,,,,,0.209795,
tabu,hfvrp_n030_m06_s03,30,6,0.001000,1788161990327009995,1234.608999,3444.809914,1238.053809,0.000000,,,0,1,,,,,0.052565,
tabu,hfvrp_n030_m06_s05,30,6,0.001000,1234,1180.774898,1916.063870,1182.690962,0.000000,,,0,1,,,,,0.058914,
tabu,hfvrp_n030_m06_s04,30,6,0.001000,19345,1261.064344,2547.541794,1263.611886,0.000000,,,0,1,,,,,0.073515,
tabu,hfvrp_n050_m10_s02,50,10,0.001000,10,2144.758054,12568.775469,2157.326829,0.000000,,,0,1,,,,,0.243945,
tabu,hfvrp_n050_m10_s03,50,10,0.001000,1,1962.387514,14178.786956,1976.566301,0.000000,,,0,1,,,,,0.204422,
tabu,hfvrp_n050_m10_s04,50,10,0.001000,1788161822372603201,1939.785909,11403.294156,1951.189204,0.000000,,,0,1,,,,,0.290328,
tabu,hfvrp_n030_m06_s05,30,6,0.001000,9999,1180.774898,1916.063870,1182.690962,0.000000,,,0,1,,,,,0.055779,
tabu,hfvrp_n030_m06_s04,30,6,0.001000,1788161709496452202,1261.064344,2547.541794,1263.611886,0.000000,,,0,1,,,,,0.074062,
tabu,hfvrp_n050_m10_s01,50,10,0.001000,100,2107.502999,9340.231014,2116.843230,0.000000,,,0,1,,,,,0.215015,
tabu,hfvrp_n030_m06_s05,30,6,0.001000,19345,1180.774898,1916.063870,1182.690962,0.000000,,,0,1,,,,,0.059222,
tabu,hfvrp_n050_m10_s02,50,10,0.001000,50,2144.758054,12568.775469,2157.326829,0.000000,,,0,1,,,,,0.248885,
tabu,hfvrp_n050_m10_s05,50,10,0.001000,1788158251538261070,2096.923840,10751.944827,2107.675784,0.000000,,,0,1,,,,,0.187115,
tabu,hfvrp_n050_m10_s03,50,10,0.001000,10,1962.387514,14178.786956,1976.566301,0.000000,,,0,1,,,,,0.205555,
tabu,hfvrp_n050_m10_s04,50,10,0.001000,1,1939.785909,11403.294156,1951.189204,0.000000,,,0,1,,,,,0.288371,
tabu,hfvrp_n030_m06_s05,30,6,0.001000,1788158154124457559,1180.774898,1916.063870,1182.690962,0.000000,,,0,1,,,,,0.059361,
tabu,hfvrp_n050_m10_s01,50,10,0.001000,200,2107.502999,9340.231014,2116.843230,0.000000,,,0,1,,,,,0.214385,
tabu,hfvrp_n050_m10_s05,50,10,0.001000,1,2096.923840,10751.944827,2107.675784,0.000000,,,0,1,,,,,0.191657,
tabu,hfvrp_n050_m10_s02,50,10,0.001000,75,2144.758054,12568.775469,2157.326829,0.000000,,,0,1,,,,,0.247073,
tabu,hfvrp_n075_m15_s01,75,15,0.001000,1788158020518588855,3401.708491,9519.506757,3411.227998,0.000000,,,0,1,,,,,1.105144,
tabu,hfvrp_n050_m10_s03,50,10,0.001000,50,1962.387514,14178.786956,1976.566301,0.000000,,,0,1,,,,,0.208022,
tabu,hfvrp_n050_m10_s04,50,10,0.001000,10,1939.785909,11403.294156,1951.189204,0.000000,,,0,1,,,,,0.294850,
tabu,hfvrp_n050_m10_s01,50,10,0.001000,999,2107.502999,9340.231014,2116.843230,0.000000,,,0,1,,,,,0.214698,
tabu,hfvrp_n050_m10_s05,50,10,0.001000,10,2096.923840,10751.944827,2107.675784,0.000000,,,0,1,,,,,0.190016,
tabu,hfvrp_n050_m10_s02,50,10,0.001000,100,2144.758054,12568.775469,2157.326829,0.000000,,,0,1,,,,,0.243603,
tabu,hfvrp_n050_m10_s03,50,10,0.001000,75,1962.387514,14178.786956,1976.566301,0.000000,,,0,1,,,,,0.206573,
tabu,hfvrp_n050_m10_s04,50,10,0.001000,50,1939.785909,11403.294156,1951.189204,0.000000,,,0,1,,,,,0.291455,
tabu,hfvrp_n050_m10_s01,50,10,0.001000,1234,2107.502999,9340.231014,2116.843230,0.000000,,,0,1,,,,,0.209750,
tabu,hfvrp_n075_m15_s01,75,15,0.001000,1,3401.708491,9519.506757,3411.227998,0.000000,,,0,1,,,,,1.068689,
tabu,hfvrp_n050_m10_s05,50,10,0.001000,50,2096.923840,10751.944827,2107.675784,0.000000,,,0,1,,,,,0.186702,
tabu,hfvrp_n050_m10_s02,50,10,0.001000,200,2144.758054,12568.775469,2157.326829,0.000000,,,0,1,,,,,0.241621,
tabu,hfvrp_n050_m10_s03,50,10,0.001000,100,1962.387514,14178.786956,1976.566301,0.000000,,,0,1,,,,,0.206006,
tabu,hfvrp_n050_m10_s04,50,10,0.001000,75,1939.785909,11403.294156,1951.189204,0.000000,,,0,1,,,,,0.290676,
tabu,hfvrp_n050_m10_s01,50,10,0.001000,9999,2107.502999,9340.231014,2116.843230,0.000000,,,0,1,,,,,0.213296,
tabu,hfvrp_n050_m10_s05,50,10,0.001000,75,2096.923840,10751.944827,2107.675784,0.000000,,,0,1,,,,,0.188438,
tabu,hfvrp_n050_m10_s02,50,10,0.001000,999,2144.758054,12568.775469,2157.326829,0.000000,,,0,1,,,,,0.237218,
tabu,hfvrp_n050_m10_s03,50,10,0.001000,200,1962.387514,14178.786956,1976.566301,0.000000,,,0,1,,,,,0.206253,
tabu,hfvrp_n050_m10_s04,50,10,0.001000,100,1939.785909,11403.294156,1951.189204,0.000000,,,0,1,,,,,0.293389,
tabu,hfvrp_n075_m15_s01,75,15,0.001000,10,3401.708491,9519.506757,3411.227998,0.000000,,,0,1,,,,,1.065933,
tabu,hfvrp_n050_m10_s01,50,10,0.001000,19345,2107.502999,9340.231014,2116.843230,0.000000,,,0,1,,,,,0.208998,
tabu,hfvrp_n050_m10_s05,50,10,0.001000,100,2096.923840,10751.944827,2107.675784,0.000000,,,0,1,,,,,0.187878,
tabu,hfvrp_n050_m10_s02,50,10,0.001000,1234,2144.758054,12568.775469,2157.326829,0.000000,,,0,1,,,,,0.242672,
tabu,hfvrp_n050_m10_s03,50,10,0.001000,999,1962.387514,14178.786956,1976.566301,0.000000,,,0,1,,,,,0.206697,
tabu,hfvrp_n050_m10_s04,50,10,0.001000,200,1939.785909,11403.294156,1951.189204,0.000000,,,0,1,,,,,0.290037,
tabu,hfvrp_n050_m10_s01,50,10,0.001000,1788159230283351051,2107.502999,9340.231014,2116.843230,0.000000,,,0,1,,,,,0.209773,
tabu,hfvrp_n050_m10_s05,50,10,0.001000,200,2096.923840,10751.944827,2107.675784,0.000000,,,0,1,,,,,0.189234,
tabu,hfvrp_n075_m15_s01,75,15,0.001000,50,3401.708491,9519.506757,3411.227998,0.000000,,,0,1,,,,,1.078372,
tabu,hfvrp_n050_m10_s02,50,10,0.001000,9999,2144.758054,12568.775469,2157.326829,0.000000,,,0,1,,,,,0.241365,
tabu,hfvrp_n050_m10_s03,50,10,0.001000,1234,1962.387514,14178.786956,1976.566301,0.000000,,,0,1,,,,,0.208212,
tabu,hfvrp_n050_m10_s04,50,10,0.001000,999,1939.785909,11403.294156,1951.189204,0.000000,,,0,1,,,,,0.293207,
tabu,hfvrp_n075_m15_s02,75,15,0.001000,1788159802627223208,3591.287943,11429.631680,3602.717574,0.000000,,,0,1,,,,,0.997199,
tabu,hfvrp_n050_m10_s05,50,10,0.001000,999,2096.923840,10751.944827,2107.675784,0.000000,,,0,1,,,,,0.188937,
tabu,hfvrp_n050_m10_s02,50,10,0.001000,19345,2144.758054,12568.775469,2157.326829,0.000000,,,0,1,,,,,0.244032,
tabu,hfvrp_n050_m10_s03,50,10,0.001000,9999,1962.387514,14178.786956,1976.566301,0.000000,,,0,1,,,,,0.208013,
tabu,hfvrp_n050_m10_s04,50,10,0.001000,1234,1939.785909,11403.294156,1951.189204,0.000000,,,0,1,,,,,0.294364,
tabu,hfvrp_n075_m15_s01,75,15,0.001000,75,3401.708491,9519.506757,3411.227998,0.000000,,,0,1,,,,,1.074444,
tabu,hfvrp_n050_m10_s05,50,10,0.001000,1234,2096.923840,10751.944827,2107.675784,0.000000,,,0,1,,,,,0.189379,
tabu,hfvrp_n050_m10_s02,50,10,0.001000,1788158919512285648,2144.758054,12568.775469,2157.326829,0.000000,,,0,1,,,,,0.247800,
tabu,hfvrp_n075_m15_s02,75,15,0.001000,1,3591.287943,11429.631680,3602.717574,0.000000,,,0,1,,,,,1.009898,
tabu,hfvrp_n050_m10_s03,50,10,0.001000,19345,1962.387514,14178.786956,1976.566301,0.000000,,,0,1,,,,,0.209595,
tabu,hfvrp_n050_m10_s04,50,10,0.001000,9999,1939.785909,11403.294156,1951.189204,0.000000,,,0,1,,,,,0.296527,
tabu,hfvrp_n050_m10_s05,50,10,0.001000,9999,2096.923840,10751.944827,2107.675784,0.000000,,,0,1,,,,,0.189308,
tabu,hfvrp_n075_m15_s03,75,15,0.001000,1788159131389117123,3762.727476,15794.707346,3778.522184,0.000000,,,0,1,,,,,0.824144,
tabu,hfvrp_n050_m10_s03,50,10,0.001000,1788159254149638899,1962.387514,14178.786956,1976.566301,0.000000,,,0,1,,,,,0.208641,
tabu,hfvrp_n050_m10_s04,50,10,0.001000,19345,1939.785909,11403.294156,1951.189204,0.000000,,,0,1,,,,,0.292614,
tabu,hfvrp_n075_m15_s01,75,15,0.001000,100,3401.708491,9519.506757,3411.227998,0.000000,,,0,1,,,,,1.067925,
tabu,hfvrp_n075_m15_s02,75,15,0.001000,10,3591.287943,11429.631680,3602.717574,0.000000,,,0,1,,,,,1.000176,
tabu,hfvrp_n050_m10_s05,50,10,0.001000,19345,2096.923840,10751.944827,2107.675784,0.000000,,,0,1,,,,,0.188980,
tabu,hfvrp_n050_m10_s04,50,10,0.001000,1788164933375743204,1939.785909,11403.294156,1951.189204,0.000000,,,0,1,,,,,0.289103,
tabu,hfvrp_n075_m15_s04,75,15,0.001000,1788164950429365306,3802.136582,15028.241632,3817.164823,0.000000,,,0,1,,,,,0.995697,
tabu,hfvrp_n075_m15_s03,75,15,0.001000,1,3762.727476,15794.707346,3778.522184,0.000000,,,0,1,,,,,0.823171,
tabu,hfvrp_n050_m10_s05,50,10,0.001000,1788164943087749411,2096.923840,10751.944827,2107.675784,0.000000,,,0,1,,,,,0.184628,
tabu,hfvrp_n075_m15_s01,75,15,0.001000,200,3401.708491,9519.506757,3411.227998,0.000000,,,0,1,,,,,1.068094,
tabu,hfvrp_n075_m15_s05,75,15,0.001000,1788165063424666075,3443.854872,12500.062442,3456.354934,0.000000,,,0,1,,,,,0.987570,
tabu,hfvrp_n075_m15_s02,75,15,0.001000,50,3591.287943,11429.631680,3602.717574,0.000000,,,0,1,,,,,0.994219,
tabu,hfvrp_n075_m15_s04,75,15,0.001000,1,3802.136582,15028.241632,3817.164823,0.000000,,,0,1,,,,,0.990290,
tabu,hfvrp_n100_m20_s01,100,20,0.001000,1788165201931716130,5138.809098,19400.008082,5158.209107,0.000000,,,0,1,,,,,1.776633,
tabu,hfvrp_n075_m15_s03,75,15,0.001000,10,3762.727476,15794.707346,3778.522184,0.000000,,,0,1,,,,,0.823321,
tabu,hfvrp_n075_m15_s01,75,15,0.001000,999,3401.708491,9519.506757,3411.227998,0.000000,,,0,1,,,,,1.069788,
tabu,hfvrp_n075_m15_s05,75,15,0.001000,1,3443.854872,12500.062442,3456.354934,0.000000,,,0,1,,,,,1.001074,
tabu,hfvrp_n075_m15_s02,75,15,0.001000,75,3591.287943,11429.631680,3602.717574,0.000000,,,0,1,,,,,0.995523,
tabu,hfvrp_n075_m15_s04,75,15,0.001000,10,3802.136582,15028.241632,3817.164823,0.000000,,,0,1,,,,,0.993793,
tabu,hfvrp_n075_m15_s03,75,15,0.001000,50,3762.727476,15794.707346,3778.522184,0.000000,,,0,1,,,,,0.824260,
tabu,hfvrp_n100_m20_s01,100,20,0.001000,1,5138.809098,19400.008082,5158.209107,0.000000,,,0,1,,,,,1.781305,
tabu,hfvrp_n075_m15_s01,75,15,0.001000,1234,3401.708491,9519.506757,3411.227998,0.000000,,,0,1,,,,,1.078230,
tabu,hfvrp_n075_m15_s05,75,15,0.001000,10,3443.854872,12500.062442,3456.354934,0.000000,,,0,1,,,,,0.999245,
tabu,hfvrp_n075_m15_s02,75,15,0.001000,100,3591.287943,11429.631680,3602.717574,0.000000,,,0,1,,,,,1.005204,
tabu,hfvrp_n075_m15_s04,75,15,0.001000,50,3802.136582,15028.241632,3817.164823,0.000000,,,0,1,,,,,0.996456,
tabu,hfvrp_n075_m15_s03,75,15,0.001000,75,3762.727476,15794.707346,3778.522184,0.000000,,,0,1,,,,,0.824960,
tabu,hfvrp_n075_m15_s01,75,15,0.001000,9999,3401.708491,9519.506757,3411.227998,0.000000,,,0,1,,,,,1.079901,
tabu,hfvrp_n075_m15_s05,75,15,0.001000,50,3443.854872,12500.062442,3456.354934,0.000000,,,0,1,,,,,1.004696,
tabu,hfvrp_n075_m15_s02,75,15,0.001000,200,3591.287943,11429.631680,3602.717574,0.000000,,,0,1,,,,,1.033382,
tabu,hfvrp_n100_m20_s01,100,20,0.001000,10,5138.809098,19400.008082,5158.209107,0.000000,,,0,1,,,,,1.766443,
tabu,hfvrp_n075_m15_s04,75,15,0.001000,75,3802.136582,15028.241632,3817.164823,0.000000,,,0,1,,,,,0.985174,
tabu,hfvrp_n075_m15_s03,75,15,0.001000,100,3762.727476,15794.707346,3778.522184,0.000000,,,0,1,,,,,0.829895,
tabu,hfvrp_n075_m15_s01,75,15,0.001000,19345,3401.708491,9519.506757,3411.227998,0.000000,,,0,1,,,,,1.080338,
tabu,hfvrp_n075_m15_s05,75,15,0.001000,75,3443.854872,12500.062442,3456.354934,0.000000,,,0,1,,,,,1.006942,
tabu,hfvrp_n075_m15_s02,75,15,0.001000,999,3591.287943,11429.631680,3602.717574,0.000000,,,0,1,,,,,1.009495,
tabu,hfvrp_n075_m15_s04,75,15,0.001000,100,3802.136582,15028.241632,3817.164823,0.000000,,,0,1,,,,,0.986487,
tabu,hfvrp_n075_m15_s03,75,15,0.001000,200,3762.727476,15794.707346,3778.522184,0.000000,,,0,1,,,,,0.824553,
tabu,hfvrp_n100_m20_s01,100,20,0.001000,50,5138.809098,19400.008082,5158.209107,0.000000,,,0,1,,,,,1.773891,
tabu,hfvrp_n075_m15_s01,75,15,0.001000,1788166204013500412,3401.708491,9519.506757,3411.227998,0.000000,,,0,1,,,,,1.081525,
tabu,hfvrp_n075_m15_s05,75,15,0.001000,100,3443.854872,12500.062442,3456.354934,0.000000,,,0,1,,,,,0.999712,
tabu,hfvrp_n075_m15_s02,75,15,0.001000,1234,3591.287943,11429.631680,3602.717574,0.000000,,,0,1,,,,,0.992751,
tabu,hfvrp_n075_m15_s04,75,15,0.001000,200,3802.136582,15028.241632,3817.164823,0.000000,,,0,1,,,,,0.985794,
tabu,hfvrp_n075_m15_s03,75,15,0.001000,999,3762.727476,15794.707346,3778.522184,0.000000,,,0,1,,,,,0.819222,
tabu,hfvrp_n100_m20_s02,100,20,0.001000,1788166536226559057,4828.902666,24093.572328,4852.996238,0.000000,,,0,1,,,,,1.790467,
tabu,hfvrp_n100_m20_s01,100,20,0.001000,75,5138.809098,19400.008082,5158.209107,0.000000,,,0,1,,,,,1.786203,
tabu,hfvrp_n075_m15_s05,75,15,0.001000,200,3443.854872,12500.062442,3456.354934,0.000000,,,0,1,,,,,1.002925,
tabu,hfvrp_n075_m15_s02,75,15,0.001000,9999,3591.287943,11429.631680,3602.717574,0.000000,,,0,1,,,,,1.013355,
tabu,hfvrp_n075_m15_s04,75,15,0.001000,999,3802.136582,15028.241632,3817.164823,0.000000,,,0,1,,,,,0.977548,
tabu,hfvrp_n075_m15_s03,75,15,0.001000,1234,3762.727476,15794.707346,3778.522184,0.000000,,,0,1,,,,,0.821485,
tabu,hfvrp_n075_m15_s05,75,15,0.001000,999,3443.854872,12500.062442,3456.354934,0.000000,,,0,1,,,,,1.012937,
tabu,hfvrp_n075_m15_s02,75,15,0.001000,19345,3591.287943,11429.631680,3602.717574,0.000000,,,0,1,,,,,1.003777,
tabu,hfvrp_n100_m20_s02,100,20,0.001000,1,4828.902666,24093.572328,4852.996238,0.000000,,,0,1,,,,,1.767032,
tabu,hfvrp_n100_m20_s01,100,20,0.001000,100,5138.809098,19400.008082,5158.209107,0.000000,,,0,1,,,,,1.789785,
tabu,hfvrp_n075_m15_s04,75,15,0.001000,1234,3802.136582,15028.241632,3817.164823,0.000000,,,0,1,,,,,0.985076,
tabu,hfvrp_n075_m15_s03,75,15,0.001000,9999,3762.727476,15794.707346,3778.522184,0.000000,,,0,1,,,,,0.823215,
tabu,hfvrp_n075_m15_s05,75,15,0.001000,1234,3443.854872,12500.062442,3456.354934,0.000000,,,0,1,,,,,0.995715,
tabu,hfvrp_n075_m15_s02,75,15,0.001000,1788165498347635026,3591.287943,11429.631680,3602.717574,0.000000,,,0,1,,,,,1.004440,
tabu,hfvrp_n075_m15_s04,75,15,0.001000,9999,3802.136582,15028.241632,3817.164823,0.000000,,,0,1,,,,,0.988958,
tabu,hfvrp_n075_m15_s03,75,15,0.001000,19345,3762.727476,15794.707346,3778.522184,0.000000,,,0,1,,,,,0.823767,
tabu,hfvrp_n100_m20_s02,100,20,0.001000,10,4828.902666,24093.572328,4852.996238,0.000000,,,0,1,,,,,1.758662,
tabu,hfvrp_n100_m20_s01,100,20,0.001000,200,5138.809098,19400.008082,5158.209107,0.000000,,,0,1,,,,,1.771941,
tabu,hfvrp_n075_m15_s05,75,15,0.001000,9999,3443.854872,12500.062442,3456.354934,0.000000,,,0,1,,,,,0.986183,
tabu,hfvrp_n100_m20_s03,100,20,0.001000,1788165624712030100,5214.827279,22564.148017,5237.391427,0.000000,,,0,1,,,,,2.583289,
tabu,hfvrp_n075_m15_s04,75,15,0.001000,19345,3802.136582,15028.241632,3817.164823,0.000000,,,0,1,,,,,1.000742,
tabu,hfvrp_n075_m15_s03,75,15,0.001000,1788165695049253433,3762.727476,15794.707346,3778.522184,0.000000,,,0,1,,,,,0.829706,
tabu,hfvrp_n075_m15_s05,75,15,0.001000,19345,3443.854872,12500.062442,3456.354934,0.000000,,,0,1,,,,,0.997773,
tabu,hfvrp_n100_m20_s02,100,20,0.001000,50,4828.902666,24093.572328,4852.996238,0.000000,,,0,1,,,,,1.774917,
tabu,hfvrp_n100_m20_s01,100,20,0.001000,999,5138.809098,19400.008082,5158.209107,0.000000,,,0,1,,,,,1.773849,
tabu,hfvrp_n075_m15_s04,75,15,0.001000,1788163161519693613,3802.136582,15028.241632,3817.164823,0.000000,,,0,1,,,,,1.003121,
tabu,hfvrp_n100_m20_s04,100,20,0.001000,1788163231696265401,5083.320725,21350.225524,5104.670951,0.000000,,,0,1,,,,,2.084311,
tabu,hfvrp_n100_m20_s03,100,20,0.001000,1,5214.827279,22564.148017,5237.391427,0.000000,,,0,1,,,,,2.655233,
tabu,hfvrp_n075_m15_s05,75,15,0.001000,1788162754637033182,3443.854872,12500.062442,3456.354934,0.000000,,,0,1,,,,,0.993666,
tabu,hfvrp_n100_m20_s02,100,20,0.001000,75,4828.902666,24093.572328,4852.996238,0.000000,,,0,1,,,,,1.772974,
tabu,hfvrp_n100_m20_s05,100,20,0.001000,1788162725583572334,5155.596539,25755.469266,5181.352008,0.000000,,,0,1,,,,,2.142538,
tabu,hfvrp_n100_m20_s01,100,20,0.001000,1234,5138.809098,19400.008082,5158.209107,0.000000,,,0,1,,,,,1.783777,
tabu,hfvrp_n100_m20_s04,100,20,0.001000,1,5083.320725,21350.225524,5104.670951,0.000000,,,0,1,,,,,2.015479,
tabu,hfvrp_n100_m20_s03,100,20,0.001000,10,5214.827279,22564.148017,5237.391427,0.000000,,,0,1,,,,,2.609884,
tabu,hfvrp_n150_m30_s01,150,30,0.001000,1788162885782490367,8640.602086,44902.709585,8685.504795,0.000000,,,0,1,,,,,6.229424,
tabu,hfvrp_n100_m20_s02,100,20,0.001000,100,4828.902666,24093.572328,4852.996238,0.000000,,,0,1,,,,,1.766682,
tabu,hfvrp_n100_m20_s05,100,20,0.001000,1,5155.596539,25755.469266,5181.352008,0.000000,,,0,1,,,,,2.145213,
tabu,hfvrp_n100_m20_s01,100,20,0.001000,9999,5138.809098,19400.008082,5158.209107,0.000000,,,0,1,,,,,1.793726,
tabu,hfvrp_n100_m20_s04,100,20,0.001000,10,5083.320725,21350.225524,5104.670951,0.000000,,,0,1,,,,,2.011782,
tabu,hfvrp_n100_m20_s03,100,20,0.001000,50,5214.827279,22564.148017,5237.391427,0.000000,,,0,1,,,,,2.611195,
tabu,hfvrp_n100_m20_s02,100,20,0.001000,200,4828.902666,24093.572328,4852.996238,0.000000,,,0,1,,,,,1.775613,
tabu,hfvrp_n100_m20_s05,100,20,0.001000,10,5155.596539,25755.469266,5181.352008,0.000000,,,0,1,,,,,2.144474,
tabu,hfvrp_n100_m20_s01,100,20,0.001000,19345,5138.809098,19400.008082,5158.209107,0.000000,,,0,1,,,,,1.791692,
tabu,hfvrp_n100_m20_s04,100,20,0.001000,50,5083.320725,21350.225524,5104.670951,0.000000,,,0,1,,,,,2.033169,
tabu,hfvrp_n100_m20_s03,100,20,0.001000,75,5214.827279,22564.148017,5237.391427,0.000000,,,0,1,,,,,2.599125,
tabu,hfvrp_n150_m30_s01,150,30,0.001000,1,8640.602086,44902.709585,8685.504795,0.000000,,,0,1,,,,,6.232702,
tabu,hfvrp_n100_m20_s02,100,20,0.001000,999,4828.902666,24093.572328,4852.996238,0.000000,,,0,1,,,,,1.770791,
tabu,hfvrp_n100_m20_s05,100,20,0.001000,50,5155.596539,25755.469266,5181.352008,0.000000,,,0,1,,,,,2.154936,
tabu,hfvrp_n100_m20_s01,100,20,0.001000,1788162255486252972,5138.809098,19400.008082,5158.209107,0.000000,,,0,1,,,,,1.783196,
tabu,hfvrp_n100_m20_s04,100,20,0.001000,75,5083.320725,21350.225524,5104.670951,0.000000,,,0,1,,,,,2.039802,
tabu,hfvrp_n100_m20_s03,100,20,0.001000,100,5214.827279,22564.148017,5237.391427,0.000000,,,0,1,,,,,2.631486,
tabu,hfvrp_n100_m20_s02,100,20,0.001000,1234,4828.902666,24093.572328,4852.996238,0.000000,,,0,1,,,,,1.763877,
tabu,hfvrp_n100_m20_s05,100,20,0.001000,75,5155.596539,25755.469266,5181.352008,0.000000,,,0,1,,,,,2.144751,
tabu,hfvrp_n150_m30_s02,150,30,0.001000,1788164272663230549,8740.363764,43408.118259,8783.771882,0.000000,,,0,1,,,,,7.753980,
tabu,hfvrp_n100_m20_s04,100,20,0.001000,100,5083.320725,21350.225524,5104.670951,0.000000,,,0,1,,,,,2.031351,
tabu,hfvrp_n150_m30_s01,150,30,0.001000,10,8640.602086,44902.709585,8685.504795,0.000000,,,0,1,,,,,6.220484,
tabu,hfvrp_n100_m20_s03,100,20,0.001000,200,5214.827279,22564.148017,5237.391427,0.000000,,,0,1,,,,,2.599022,
tabu,hfvrp_n100_m20_s02,100,20,0.001000,9999,4828.902666,24093.572328,4852.996238,0.000000,,,0,1,,,,,1.780190,
tabu,hfvrp_n100_m20_s05,100,20,0.001000,100,5155.596539,25755.469266,5181.352008,0.000000,,,0,1,,,,,2.165538,
tabu,hfvrp_n100_m20_s04,100,20,0.001000,200,5083.320725,21350.225524,5104.670951,0.000000,,,0,1,,,,,2.013607,
tabu,hfvrp_n100_m20_s03,100,20,0.001000,999,5214.827279,22564.148017,5237.391427,0.000000,,,0,1,,,,,2.585033,
tabu,hfvrp_n100_m20_s02,100,20,0.001000,19345,4828.902666,24093.572328,4852.996238,0.000000,,,0,1,,,,,1.782510,
tabu,hfvrp_n100_m20_s05,100,20,0.001000,200,5155.596539,25755.469266,5181.352008,0.000000,,,0,1,,,,,2.178520,
tabu,hfvrp_n150_m30_s02,150,30,0.001000,1,8740.363764,43408.118259,8783.771882,0.000000,,,0,1,,,,,7.855500,
tabu,hfvrp_n150_m30_s01,150,30,0.001000,50,8640.602086,44902.709585,8685.504795,0.000000,,,0,1,,,,,6.197578,
tabu,hfvrp_n100_m20_s04,100,20,0.001000,999,5083.320725,21350.225524,5104.670951,0.000000,,,0,1,,,,,2.034984,
tabu,hfvrp_n100_m20_s03,100,20,0.001000,1234,5214.827279,22564.148017,5237.391427,0.000000,,,0,1,,,,,2.591149,
tabu,hfvrp_n100_m20_s02,100,20,0.001000,1788162827539933989,4828.902666,24093.572328,4852.996238,0.000000,,,0,1,,,,,1.786611,
tabu,hfvrp_n100_m20_s05,100,20,0.001000,999,5155.596539,25755.469266,5181.352008,0.000000,,,0,1,,,,,2.131565,
tabu,hfvrp_n100_m20_s04,100,20,0.001000,1234,5083.320725,21350.225524,5104.670951,0.000000,,,0,1,,,,,2.022518,
tabu,hfvrp_n100_m20_s03,100,20,0.001000,9999,5214.827279,22564.148017,5237.391427,0.000000,,,0,1,,,,,2.583833,
tabu,hfvrp_n100_m20_s05,100,20,0.001000,1234,5155.596539,25755.469266,5181.352008,0.000000,,,0,1,,,,,2.141231,
tabu,hfvrp_n150_m30_s03,150,30,0.001000,1788163011031856874,9327.354677,35792.838242,9363.147515,0.000000,,,0,1,,,,,5.815028,
tabu,hfvrp_n150_m30_s02,150,30,0.001000,10,8740.363764,43408.118259,8783.771882,0.000000,,,0,1,,,,,7.827905,
tabu,hfvrp_n150_m30_s01,150,30,0.001000,75,8640.602086,44902.709585,8685.504795,0.000000,,,0,1,,,,,6.234452,
tabu,hfvrp_n100_m20_s04,100,20,0.001000,9999,5083.320725,21350.225524,5104.670951,0.000000,,,0,1,,,,,2.010650,
tabu,hfvrp_n100_m20_s03,100,20,0.001000,19345,5214.827279,22564.148017,5237.391427,0.000000,,,0,1,,,,,2.584448,
tabu,hfvrp_n100_m20_s05,100,20,0.001000,9999,5155.596539,25755.469266,5181.352008,0.000000,,,0,1,,,,,2.165296,
tabu,hfvrp_n100_m20_s04,100,20,0.001000,19345,5083.320725,21350.225524,5104.670951,0.000000,,,0,1,,,,,2.026447,
tabu,hfvrp_n100_m20_s03,100,20,0.001000,1788169964663106180,5214.827279,22564.148017,5237.391427,0.000000,,,0,1,,,,,2.588416,
tabu,hfvrp_n150_m30_s03,150,30,0.001000,1,9327.354677,35792.838242,9363.147515,0.000000,,,0,1,,,,,5.839820,
tabu,hfvrp_n150_m30_s02,150,30,0.001000,50,8740.363764,43408.118259,8783.771882,0.000000,,,0,1,,,,,7.776069,
tabu,hfvrp_n100_m20_s05,100,20,0.001000,19345,5155.596539,25755.469266,5181.352008,0.000000,,,0,1,,,,,2.134216,
tabu,hfvrp_n150_m30_s01,150,30,0.001000,100,8640.602086,44902.709585,8685.504795,0.000000,,,0,1,,,,,6.222593,
tabu,hfvrp_n100_m20_s04,100,20,0.001000,1788169876100682339,5083.320725,21350.225524,5104.670951,0.000000,,,0,1,,,,,2.032261,
tabu,hfvrp_n150_m30_s04,150,30,0.001000,1788169963713744150,9369.868180,51137.425359,9421.005606,0.000000,,,0,1,,,,,5.835853,
tabu,hfvrp_n100_m20_s05,100,20,0.001000,1788170270592070992,5155.596539,25755.469266,5181.352008,0.000000,,,0,1,,,,,2.167855,
tabu,hfvrp_n150_m30_s05,150,30,0.001000,1788170386083582276,9055.767067,30820.085818,9086.587153,0.000000,,,0,1,,,,,6.476080,
tabu,hfvrp_n150_m30_s03,150,30,0.001000,10,9327.354677,35792.838242,9363.147515,0.000000,,,0,1,,,,,5.925359,
tabu,hfvrp_n150_m30_s02,150,30,0.001000,75,8740.363764,43408.118259,8783.771882,0.000000,,,0,1,,,,,7.844069,
tabu,hfvrp_n150_m30_s01,150,30,0.001000,200,8640.602086,44902.709585,8685.504795,0.000000,,,0,1,,,,,6.272529,
tabu,hfvrp_n150_m30_s04,150,30,0.001000,1,9369.868180,51137.425359,9421.005606,0.000000,,,0,1,,,,,5.788740,
tabu,hfvrp_n200_m40_s01,200,40,0.001000,1788170201302212274,14280.064543,45713.172470,14325.777715,0.000000,,,0,1,,,,,18.287110,
tabu,hfvrp_n150_m30_s05,150,30,0.001000,1,9055.767067,30820.085818,9086.587153,0.000000,,,0,1,,,,,6.427164,
tabu,hfvrp_n150_m30_s03,150,30,0.001000,50,9327.354677,35792.838242,9363.147515,0.000000,,,0,1,,,,,5.838419,
tabu,hfvrp_n150_m30_s01,150,30,0.001000,999,8640.602086,44902.709585,8685.504795,0.000000,,,0,1,,,,,6.178374,
tabu,hfvrp_n150_m30_s02,150,30,0.001000,100,8740.363764,43408.118259,8783.771882,0.000000,,,0,1,,,,,7.750347,
tabu,hfvrp_n150_m30_s04,150,30,0.001000,10,9369.868180,51137.425359,9421.005606,0.000000,,,0,1,,,,,5.808036,
tabu,hfvrp_n150_m30_s05,150,30,0.001000,10,9055.767067,30820.085818,9086.587153,0.000000,,,0,1,,,,,6.417181,
tabu,hfvrp_n150_m30_s03,150,30,0.001000,75,9327.354677,35792.838242,9363.147515,0.000000,,,0,1,,,,,5.810863,
tabu,hfvrp_n150_m30_s01,150,30,0.001000,1234,8640.602086,44902.709585,8685.504795,0.000000,,,0,1,,,,,6.206197,
tabu,hfvrp_n150_m30_s02,150,30,0.001000,200,8740.363764,43408.118259,8783.771882,0.000000,,,0,1,,,,,7.802424,
tabu,hfvrp_n150_m30_s04,150,30,0.001000,50,9369.868180,51137.425359,9421.005606,0.000000,,,0,1,,,,,5.826588,
tabu,hfvrp_n200_m40_s01,200,40,0.001000,1,14280.064543,45713.172470,14325.777715,0.000000,,,0,1,,,,,18.286125,
tabu,hfvrp_n150_m30_s05,150,30,0.001000,50,9055.767067,30820.085818,9086.587153,0.000000,,,0,1,,,,,6.420340,
tabu,hfvrp_n150_m30_s03,150,30,0.001000,100,9327.354677,35792.838242,9363.147515,0.000000,,,0,1,,,,,5.809031,
tabu,hfvrp_n150_m30_s01,150,30,0.001000,9999,8640.602086,44902.709585,8685.504795,0.000000,,,0,1,,,,,6.216907,
tabu,hfvrp_n150_m30_s02,150,30,0.001000,999,8740.363764,43408.118259,8783.771882,0.000000,,,0,1,,,,,7.756788,
tabu,hfvrp_n150_m30_s04,150,30,0.001000,75,9369.868180,51137.425359,9421.005606,0.000000,,,0,1,,,,,5.835614,
tabu,hfvrp_n150_m30_s05,150,30,0.001000,75,9055.767067,30820.085818,9086.587153,0.000000,,,0,1,,,,,6.426726,
tabu,hfvrp_n150_m30_s03,150,30,0.001000,200,9327.354677,35792.838242,9363.147515,0.000000,,,0,1,,,,,5.802664,
tabu,hfvrp_n150_m30_s01,150,30,0.001000,19345,8640.602086,44902.709585,8685.504795,0.000000,,,0,1,,,,,6.180848,
tabu,hfvrp_n150_m30_s02,150,30,0.001000,1234,8740.363764,43408.118259,8783.771882,0.000000,,,0,1,,,,,7.780645,
tabu,hfvrp_n150_m30_s04,150,30,0.001000,100,9369.868180,51137.425359,9421.005606,0.000000,,,0,1,,,,,5.792914,
tabu,hfvrp_n200_m40_s01,200,40,0.001000,10,14280.064543,45713.172470,14325.777715,0.000000,,,0,1,,,,,18.139340,
tabu,hfvrp_n150_m30_s05,150,30,0.001000,100,9055.767067,30820.085818,9086.587153,0.000000,,,0,1,,,,,6.429034,
tabu,hfvrp_n150_m30_s03,150,30,0.001000,999,9327.354677,35792.838242,9363.147515,0.000000,,,0,1,,,,,5.829131,
tabu,hfvrp_n150_m30_s01,150,30,0.001000,1788168992162002565,8640.602086,44902.709585,8685.504795,0.000000,,,0,1,,,,,6.185930,
tabu,hfvrp_n150_m30_s02,150,30,0.001000,9999,8740.363764,43408.118259,8783.771882,0.000000,,,0,1,,,,,7.749083,
tabu,hfvrp_n150_m30_s04,150,30,0.001000,200,9369.868180,51137.425359,9421.005606,0.000000,,,0,1,,,,,5.807313,
tabu,hfvrp_n150_m30_s05,150,30,0.001000,200,9055.767067,30820.085818,9086.587153,0.000000,,,0,1,,,,,6.413484,
tabu,hfvrp_n150_m30_s03,150,30,0.001000,1234,9327.354677,35792.838242,9363.147515,0.000000,,,0,1,,,,,5.900304,
tabu,hfvrp_n150_m30_s02,150,30,0.001000,19345,8740.363764,43408.118259,8783.771882,0.000000,,,0,1,,,,,7.777852,
tabu,hfvrp_n150_m30_s04,150,30,0.001000,999,9369.868180,51137.425359,9421.005606,0.000000,,,0,1,,,,,5.814089,
tabu,hfvrp_n200_m40_s01,200,40,0.001000,50,14280.064543,45713.172470,14325.777715,0.000000,,,0,1,,,,,18.141555,
tabu,hfvrp_n200_m40_s02,200,40,0.001000,1788168750089587321,15041.450384,46822.803205,15088.273187,0.000000,,,0,1,,,,,22.294476,
tabu,hfvrp_n150_m30_s05,150,30,0.001000,999,9055.767067,30820.085818,9086.587153,0.000000,,,0,1,,,,,6.437361,
tabu,hfvrp_n150_m30_s03,150,30,0.001000,9999,9327.354677,35792.838242,9363.147515,0.000000,,,0,1,,,,,5.805996,
tabu,hfvrp_n150_m30_s04,150,30,0.001000,1234,9369.868180,51137.425359,9421.005606,0.000000,,,0,1,,,,,5.880421,
tabu,hfvrp_n150_m30_s02,150,30,0.001000,1788168896169753775,8740.363764,43408.118259,8783.771882,0.000000,,,0,1,,,,,8.323831,
tabu,hfvrp_n150_m30_s05,150,30,0.001000,1234,9055.767067,30820.085818,9086.587153,0.000000,,,0,1,,,,,6.434136,
tabu,hfvrp_n150_m30_s03,150,30,0.001000,19345,9327.354677,35792.838242,9363.147515,0.000000,,,0,1,,,,,5.814011,
tabu,hfvrp_n150_m30_s04,150,30,0.001000,9999,9369.868180,51137.425359,9421.005606,0.000000,,,0,1,,,,,5.805731,
tabu,hfvrp_n200_m40_s01,200,40,0.001000,75,14280.064543,45713.172470,14325.777715,0.000000,,,0,1,,,,,18.136952,
tabu,hfvrp_n200_m40_s02,200,40,0.001000,1,15041.450384,46822.803205,15088.273187,0.000000,,,0,1,,,,,22.227938,
tabu,hfvrp_n200_m40_s03,200,40,0.001000,1788169088862624129,14176.539185,54513.808472,14231.052994,0.000000,,,0,1,,,,,19.029772,
tabu,hfvrp_n150_m30_s05,150,30,0.001000,9999,9055.767067,30820.085818,9086.587153,0.000000,,,0,1,,,,,6.414325,
tabu,hfvrp_n150_m30_s03,150,30,0.001000,1788168399189935693,9327.354677,35792.838242,9363.147515,0.000000,,,0,1,,,,,5.800671,
tabu,hfvrp_n150_m30_s04,150,30,0.001000,19345,9369.868180,51137.425359,9421.005606,0.000000,,,0,1,,,,,5.783861,
tabu,hfvrp_n150_m30_s05,150,30,0.001000,19345,9055.767067,30820.085818,9086.587153,0.000000,,,0,1,,,,,6.410380,
tabu,hfvrp_n200_m40_s04,200,40,0.001000,1788168302995824434,15772.453516,39562.184759,15812.015701,0.000000,,,0,1,,,,,21.268263,
tabu,hfvrp_n150_m30_s04,150,30,0.001000,1788168701641842810,9369.868180,51137.425359,9421.005606,0.000000,,,0,1,,,,,5.795749,
tabu,hfvrp_n200_m40_s01,200,40,0.001000,100,14280.064543,45713.172470,14325.777715,0.000000,,,0,1,,,,,18.185483,
tabu,hfvrp_n200_m40_s02,200,40,0.001000,10,15041.450384,46822.803205,15088.273187,0.000000,,,0,1,,,,,22.254829,
tabu,hfvrp_n200_m40_s03,200,40,0.001000,1,14176.539185,54513.808472,14231.052994,0.000000,,,0,1,,,,,18.988447,
tabu,hfvrp_n150_m30_s05,150,30,0.001000,1788168218020404896,9055.767067,30820.085818,9086.587153,0.000000,,,0,1,,,,,6.448871,
tabu,hfvrp_n200_m40_s05,200,40,0.001000,1788168406531221238,15202.383461,35862.059918,15238.245521,0.000000,,,0,1,,,,,18.626137,
tabu,augerat_A_n32_k5,31,8,0.001000,1788168371030708311,8215.986279,2145.661241,8218.131940,0.000000,,,0,1,,,,,0.074982,
tabu,augerat_A_n32_k5,31,8,0.001000,1,8215.986279,2145.661241,8218.131940,0.000000,,,0,1,,,,,0.076200,
tabu,augerat_A_n32_k5,31,8,0.001000,10,8215.986279,2145.661241,8218.131940,0.000000,,,0,1,,,,,0.072778,
tabu,hfvrp_n200_m40_s04,200,40,0.001000,1,15772.453516,39562.184759,15812.015701,0.000000,,,0,1,,,,,21.174535,
tabu,augerat_A_n32_k5,31,8,0.001000,50,8215.986279,2145.661241,8218.131940,0.000000,,,0,1,,,,,0.075923,
tabu,hfvrp_n200_m40_s01,200,40,0.001000,200,14280.064543,45713.172470,14325.777715,0.000000,,,0,1,,,,,18.447019,
tabu,augerat_A_n32_k5,31,8,0.001000,75,8215.986279,2145.661241,8218.131940,0.000000,,,0,1,,,,,0.072436,
tabu,augerat_A_n32_k5,31,8,0.001000,100,8215.986279,2145.661241,8218.131940,0.000000,,,0,1,,,,,0.076220,
tabu,hfvrp_n200_m40_s03,200,40,0.001000,10,14176.539185,54513.808472,14231.052994,0.000000,,,0,1,,,,,19.064379,
tabu,hfvrp_n200_m40_s02,200,40,0.001000,50,15041.450384,46822.803205,15088.273187,0.000000,,,0,1,,,,,22.251075,
tabu,augerat_A_n32_k5,31,8,0.001000,200,8215.986279,2145.661241,8218.131940,0.000000,,,0,1,,,,,0.074102,
tabu,augerat_A_n32_k5,31,8,0.001000,999,8215.986279,2145.661241,8218.131940,0.000000,,,0,1,,,,,0.077205,
tabu,augerat_A_n32_k5,31,8,0.001000,1234,8215.986279,2145.661241,8218.131940,0.000000,,,0,1,,,,,0.075933,
tabu,augerat_A_n32_k5,31,8,0.001000,9999,8215.986279,2145.661241,8218.131940,0.000000,,,0,1,,,,,0.077339,
tabu,augerat_A_n32_k5,31,8,0.001000,19345,8215.986279,2145.661241,8218.131940,0.000000,,,0,1,,,,,0.073003,
tabu,augerat_A_n32_k5,31,8,0.001000,1788167649378217316,8215.986279,2145.661241,8218.131940,0.000000,,,0,1,,,,,0.076262,
tabu,hfvrp_n200_m40_s05,200,40,0.001000,1,15202.383461,35862.059918,15238.245521,0.000000,,,0,1,,,,,18.651790,
tabu,augerat_A_n37_k5,36,8,0.001000,1788167580712539430,8024.335552,1344.321157,8025.679873,0.000000,,,0,1,,,,,0.176577,
tabu,augerat_A_n37_k5,36,8,0.001000,1,8024.335552,1344.321157,8025.679873,0.000000,,,0,1,,,,,0.174554,
tabu,augerat_A_n37_k5,36,8,0.001000,10,8024.335552,1344.321157,8025.679873,0.000000,,,0,1,,,,,0.174817,
tabu,augerat_A_n37_k5,36,8,0.001000,50,8024.335552,1344.321157,8025.679873,0.000000,,,0,1,,,,,0.178267,
tabu,augerat_A_n37_k5,36,8,0.001000,75,8024.335552,1344.321157,8025.679873,0.000000,,,0,1,,,,,0.173242,
tabu,hfvrp_n200_m40_s04,200,40,0.001000,10,15772.453516,39562.184759,15812.015701,0.000000,,,0,1,,,,,21.215086,
tabu,hfvrp_n200_m40_s01,200,40,0.001000,999,14280.064543,45713.172470,14325.777715,0.000000,,,0,1,,,,,18.210666,
tabu,augerat_A_n37_k5,36,8,0.001000,100,8024.335552,1344.321157,8025.679873,0.000000,,,0,1,,,,,0.175148,
tabu,augerat_A_n37_k5,36,8,0.001000,200,8024.335552,1344.321157,8025.679873,0.000000,,,0,1,,,,,0.178727,
tabu,hfvrp_n200_m40_s02,200,40,0.001000,75,15041.450384,46822.803205,15088.273187,0.000000,,,0,1,,,,,22.214759,
tabu,hfvrp_n200_m40_s03,200,40,0.001000,50,14176.539185,54513.808472,14231.052994,0.000000,,,0,1,,,,,18.987492,
tabu,augerat_A_n37_k5,36,8,0.001000,999,8024.335552,1344.321157,8025.679873,0.000000,,,0,1,,,,,0.174345,
tabu,augerat_A_n37_k5,36,8,0.001000,1234,8024.335552,1344.321157,8025.679873,0.000000,,,0,1,,,,,0.175061,
tabu,augerat_A_n37_k5,36,8,0.001000,9999,8024.335552,1344.321157,8025.679873,0.000000,,,0,1,,,,,0.178380,
tabu,augerat_A_n37_k5,36,8,0.001000,19345,8024.335552,1344.321157,8025.679873,0.000000,,,0,1,,,,,0.179829,
tabu,augerat_A_n37_k5,36,8,0.001000,1788174830194074673,8024.335552,1344.321157,8025.679873,0.000000,,,0,1,,,,,0.179174,
tabu,augerat_A_n45_k6,44,8,0.001000,1788174904707966513,11262.904698,1054.883028,11263.959581,0.000000,,,0,1,,,,,0.210111,
tabu,hfvrp_n200_m40_s05,200,40,0.001000,10,15202.383461,35862.059918,15238.245521,0.000000,,,0,1,,,,,18.672348,
tabu,augerat_A_n45_k6,44,8,0.001000,1,11262.904698,1054.883028,11263.959581,0.000000,,,0,1,,,,,0.207403,
tabu,augerat_A_n45_k6,44,8,0.001000,10,11262.904698,1054.883028,11263.959581,0.000000,,,0,1,,,,,0.207951,
tabu,augerat_A_n45_k6,44,8,0.001000,50,11262.904698,1054.883028,11263.959581,0.000000,,,0,1,,,,,0.208113,
tabu,augerat_A_n45_k6,44,8,0.001000,75,11262.904698,1054.883028,11263.959581,0.000000,,,0,1,,,,,0.208489,
tabu,hfvrp_n200_m40_s01,200,40,0.001000,1234,14280.064543,45713.172470,14325.777715,0.000000,,,0,1,,,,,18.111258,
tabu,hfvrp_n200_m40_s04,200,40,0.001000,50,15772.453516,39562.184759,15812.015701,0.000000,,,0,1,,,,,21.240156,
tabu,augerat_A_n45_k6,44,8,0.001000,100,11262.904698,1054.883028,11263.959581,0.000000,,,0,1,,,,,0.206933,
tabu,hfvrp_n200_m40_s02,200,40,0.001000,100,15041.450384,46822.803205,15088.273187,0.000000,,,0,1,,,,,22.243849,
tabu,hfvrp_n200_m40_s03,200,40,0.001000,75,14176.539185,54513.808472,14231.052994,0.000000,,,0,1,,,,,19.020007,
tabu,augerat_A_n45_k6,44,8,0.001000,200,11262.904698,1054.883028,11263.959581,0.000000,,,0,1,,,,,0.210351,
tabu,augerat_A_n45_k6,44,8,0.001000,999,11262.904698,1054.883028,11263.959581,0.000000,,,0,1,,,,,0.206062,
tabu,augerat_A_n45_k6,44,8,0.001000,1234,11262.904698,1054.883028,11263.959581,0.000000,,,0,1,,,,,0.206898,
tabu,augerat_A_n45_k6,44,8,0.001000,9999,11262.904698,1054.883028,11263.959581,0.000000,,,0,1,,,,,0.206549,
tabu,augerat_A_n45_k6,44,8,0.001000,19345,11262.904698,1054.883028,11263.959581,0.000000,,,0,1,,,,,0.209825,
tabu,hfvrp_n200_m40_s05,200,40,0.001000,50,15202.383461,35862.059918,15238.245521,0.000000,,,0,1,,,,,18.572504,
tabu,augerat_A_n45_k6,44,8,0.001000,1788166779527189918,11262.904698,1054.883028,11263.959581,0.000000,,,0,1,,,,,0.207469,
tabu,augerat_A_n54_k7,53,8,0.001000,1788166650355973820,12293.936395,2946.769465,12296.883165,0.000000,,,0,1,,,,,0.319219,
tabu,augerat_A_n54_k7,53,8,0.001000,1,12293.936395,2946.769465,12296.883165,0.000000,,,0,1,,,,,0.319411,
tabu,hfvrp_n200_m40_s01,200,40,0.001000,9999,14280.064543,45713.172470,14325.777715,0.000000,,,0,1,,,,,18.136688,
tabu,augerat_A_n54_k7,53,8,0.001000,10,12293.936395,2946.769465,12296.883165,0.000000,,,0,1,,,,,0.315647,
tabu,hfvrp_n200_m40_s04,200,40,0.001000,75,15772.453516,39562.184759,15812.015701,0.000000,,,0,1,,,,,21.173692,
tabu,augerat_A_n54_k7,53,8,0.001000,50,12293.936395,2946.769465,12296.883165,0.000000,,,0,1,,,,,0.316960,
tabu,hfvrp_n200_m40_s03,200,40,0.001000,100,14176.539185,54513.808472,14231.052994,0.000000,,,0,1,,,,,19.042399,
tabu,hfvrp_n200_m40_s02,200,40,0.001000,200,15041.450384,46822.803205,15088.273187,0.000000,,,0,1,,,,,22.444185,
tabu,augerat_A_n54_k7,53,8,0.001000,75,12293.936395,2946.769465,12296.883165,0.000000,,,0,1,,,,,0.318958,
tabu,augerat_A_n54_k7,53,8,0.001000,100,12293.936395,2946.769465,12296.883165,0.000000,,,0,1,,,,,0.338388,
tabu,augerat_A_n54_k7,53,8,0.001000,200,12293.936395,2946.769465,12296.883165,0.000000,,,0,1,,,,,0.319741,
tabu,hfvrp_n200_m40_s05,200,40,0.001000,75,15202.383461,35862.059918,15238.245521,0.000000,,,0,1,,,,,18.637840,
tabu,augerat_A_n54_k7,53,8,0.001000,999,12293.936395,2946.769465,12296.883165,0.000000,,,0,1,,,,,0.319344,
tabu,augerat_A_n54_k7,53,8,0.001000,1234,12293.936395,2946.769465,12296.883165,0.000000,,,0,1,,,,,0.319251,
tabu,augerat_A_n54_k7,53,8,0.001000,9999,12293.936395,2946.769465,12296.883165,0.000000,,,0,1,,,,,0.318123,
tabu,augerat_A_n54_k7,53,8,0.001000,19345,12293.936395,2946.769465,12296.883165,0.000000,,,0,1,,,,,0.318734,
tabu,hfvrp_n200_m40_s01,200,40,0.001000,19345,14280.064543,45713.172470,14325.777715,0.000000,,,0,1,,,,,18.099099,
tabu,hfvrp_n200_m40_s04,200,40,0.001000,100,15772.453516,39562.184759,15812.015701,0.000000,,,0,1,,,,,21.209715,
tabu,augerat_A_n54_k7,53,8,0.001000,1788167207750343900,12293.936395,2946.769465,12296.883165,0.000000,,,0,1,,,,,0.318378,
tabu,hfvrp_n200_m40_s03,200,40,0.001000,200,14176.539185,54513.808472,14231.052994,0.000000,,,0,1,,,,,19.001783,
tabu,hfvrp_n200_m40_s02,200,40,0.001000,999,15041.450384,46822.803205,15088.273187,0.000000,,,0,1,,,,,22.447917,
tabu,augerat_A_n60_k9,59,10,0.001000,1788167145966717878,14985.218740,2616.272232,14987.835012,0.000000,,,0,1,,,,,0.462492,
tabu,augerat_A_n60_k9,59,10,0.001000,1,14985.218740,2616.272232,14987.835012,0.000000,,,0,1,,,,,0.464610,
tabu,augerat_A_n60_k9,59,10,0.001000,10,14985.218740,2616.272232,14987.835012,0.000000,,,0,1,,,,,0.466189,
tabu,hfvrp_n200_m40_s05,200,40,0.001000,100,15202.383461,35862.059918,15238.245521,0.000000,,,0,1,,,,,18.594844,
tabu,augerat_A_n60_k9,59,10,0.001000,50,14985.218740,2616.272232,14987.835012,0.000000,,,0,1,,,,,0.462462,
tabu,augerat_A_n60_k9,59,10,0.001000,75,14985.218740,2616.272232,14987.835012,0.000000,,,0,1,,,,,0.466125,
tabu,augerat_A_n60_k9,59,10,0.001000,100,14985.218740,2616.272232,14987.835012,0.000000,,,0,1,,,,,0.462518,
tabu,hfvrp_n200_m40_s01,200,40,0.001000,1788168072030789447,14280.064543,45713.172470,14325.777715,0.000000,,,0,1,,,,,18.123041,
tabu,hfvrp_n200_m40_s04,200,40,0.001000,200,15772.453516,39562.184759,15812.015701,0.000000,,,0,1,,,,,21.276785,
tabu,augerat_A_n60_k9,59,10,0.001000,200,14985.218740,2616.272232,14987.835012,0.000000,,,0,1,,,,,0.462088,
tabu,hfvrp_n200_m40_s03,200,40,0.001000,999,14176.539185,54513.808472,14231.052994,0.000000,,,0,1,,,,,18.990416,
tabu,hfvrp_n200_m40_s02,200,40,0.001000,1234,15041.450384,46822.803205,15088.273187,0.000000,,,0,1,,,,,22.311312,
tabu,augerat_A_n60_k9,59,10,0.001000,999,14985.218740,2616.272232,14987.835012,0.000000,,,0,1,,,,,0.463547,
tabu,augerat_A_n60_k9,59,10,0.001000,1234,14985.218740,2616.272232,14987.835012,0.000000,,,0,1,,,,,0.463005,
tabu,augerat_A_n60_k9,59,10,0.001000,9999,14985.218740,2616.272232,14987.835012,0.000000,,,0,1,,,,,0.461449,
tabu,hfvrp_n200_m40_s05,200,40,0.001000,200,15202.383461,35862.059918,15238.245521,0.000000,,,0,1,,,,,18.709761,
tabu,augerat_A_n60_k9,59,10,0.001000,19345,14985.218740,2616.272232,14987.835012,0.000000,,,0,1,,,,,0.464170,
tabu,augerat_A_n60_k9,59,10,0.001000,1788168673044634810,14985.218740,2616.272232,14987.835012,0.000000,,,0,1,,,,,0.468399,
tabu,augerat_A_n80_k10,79,11,0.001000,1788168721405902362,17017.187212,5142.239024,17022.329451,0.000000,,,0,1,,,,,0.982710,
tabu,pyvrp_X101_FSMFD,100,26,0.001000,1788167668629501025,3667525.034676,33109.902689,3667558.144578,0.000000,,,0,1,,,,,3.511918,
tabu,hfvrp_n200_m40_s04,200,40,0.001000,999,15772.453516,39562.184759,15812.015701,0.000000,,,0,1,,,,,21.145055,
tabu,augerat_A_n80_k10,79,11,0.001000,1,17017.187212,5142.239024,17022.329451,0.000000,,,0,1,,,,,0.985077,
tabu,hfvrp_n200_m40_s03,200,40,0.001000,1234,14176.539185,54513.808472,14231.052994,0.000000,,,0,1,,,,,18.999898,
tabu,hfvrp_n200_m40_s02,200,40,0.001000,9999,15041.450384,46822.803205,15088.273187,0.000000,,,0,1,,,,,22.431102,
tabu,pyvrp_X101_FSMFD,100,26,0.001000,1,3667525.034676,33109.902689,3667558.144578,0.000000,,,0,1,,,,,3.499902,
tabu,augerat_A_n80_k10,79,11,0.001000,10,17017.187212,5142.239024,17022.329451,0.000000,,,0,1,,,,,0.993599,
tabu,augerat_A_n80_k10,79,11,0.001000,50,17017.187212,5142.239024,17022.329451,0.000000,,,0,1,,,,,0.987304,
tabu,pyvrp_X101_FSMFD,100,26,0.001000,10,3667525.034676,33109.902689,3667558.144578,0.000000,,,0,1,,,,,3.496567,
tabu,hfvrp_n200_m40_s05,200,40,0.001000,999,15202.383461,35862.059918,15238.245521,0.000000,,,0,1,,,,,18.638731,
tabu,augerat_A_n80_k10,79,11,0.001000,75,17017.187212,5142.239024,17022.329451,0.000000,,,0,1,,,,,0.988784,
tabu,pyvrp_X101_FSMFD,100,26,0.001000,50,3667525.034676,33109.902689,3667558.144578,0.000000,,,0,1,,,,,3.500055,
tabu,augerat_A_n80_k10,79,11,0.001000,100,17017.187212,5142.239024,17022.329451,0.000000,,,0,1,,,,,0.993807,
tabu,augerat_A_n80_k10,79,11,0.001000,200,17017.187212,5142.239024,17022.329451,0.000000,,,0,1,,,,,0.982920,
tabu,hfvrp_n200_m40_s04,200,40,0.001000,1234,15772.453516,39562.184759,15812.015701,0.000000,,,0,1,,,,,21.209587,
tabu,pyvrp_X101_FSMFD,100,26,0.001000,75,3667525.034676,33109.902689,3667558.144578,0.000000,,,0,1,,,,,3.591147,
tabu,hfvrp_n200_m40_s03,200,40,0.001000,9999,14176.539185,54513.808472,14231.052994,0.000000,,,0,1,,,,,18.995252,
tabu,hfvrp_n200_m40_s02,200,40,0.001000,19345,15041.450384,46822.803205,15088.273187,0.000000,,,0,1,,,,,22.220112,
tabu,augerat_A_n80_k10,79,11,0.001000,999,17017.187212,5142.239024,17022.329451,0.000000,,,0,1,,,,,0.987755,
tabu,pyvrp_X101_FSMFD,100,26,0.001000,100,3667525.034676,33109.902689,3667558.144578,0.000000,,,0,1,,,,,3.490811,
tabu,augerat_A_n80_k10,79,11,0.001000,1234,17017.187212,5142.239024,17022.329451,0.000000,,,0,1,,,,,0.983793,
tabu,hfvrp_n200_m40_s05,200,40,0.001000,1234,15202.383461,35862.059918,15238.245521,0.000000,,,0,1,,,,,18.657735,
tabu,augerat_A_n80_k10,79,11,0.001000,9999,17017.187212,5142.239024,17022.329451,0.000000,,,0,1,,,,,0.988470,
tabu,pyvrp_X101_FSMFD,100,26,0.001000,200,3667525.034676,33109.902689,3667558.144578,0.000000,,,0,1,,,,,3.493396,
tabu,augerat_A_n80_k10,79,11,0.001000,19345,17017.187212,5142.239024,17022.329451,0.000000,,,0,1,,,,,0.984938,
tabu,augerat_A_n80_k10,79,11,0.001000,1788169372693255277,17017.187212,5142.239024,17022.329451,0.000000,,,0,1,,,,,0.982921,
tabu,pyvrp_X101_FSMFD,100,26,0.001000,999,3667525.034676,33109.902689,3667558.144578,0.000000,,,0,1,,,,,3.499031,
tabu,hfvrp_n200_m40_s04,200,40,0.001000,9999,15772.453516,39562.184759,15812.015701,0.000000,,,0,1,,,,,21.364315,
tabu,hfvrp_n200_m40_s03,200,40,0.001000,19345,14176.539185,54513.808472,14231.052994,0.000000,,,0,1,,,,,19.087868,
tabu,pyvrp_X106_FSMD,105,16,0.001000,1788169487462320745,3714937.400323,60271.807118,3714997.672130,0.000000,,,0,1,,,,,2.542123,
tabu,hfvrp_n200_m40_s02,200,40,0.001000,1788169456498281069,15041.450384,46822.803205,15088.273187,0.000000,,,0,1,,,,,22.205821,
tabu,pyvrp_X101_FSMFD,100,26,0.001000,1234,3667525.034676,33109.902689,3667558.144578,0.000000,,,0,1,,,,,3.493646,
tabu,pyvrp_X106_FSMD,105,16,0.001000,1,3714937.400323,60271.807118,3714997.672130,0.000000,,,0,1,,,,,2.538076,
tabu,hfvrp_n200_m40_s05,200,40,0.001000,9999,15202.383461,35862.059918,15238.245521,0.000000,,,0,1,,,,,18.645850,
tabu,pyvrp_X101_FSMFD,100,26,0.001000,9999,3667525.034676,33109.902689,3667558.144578,0.000000,,,0,1,,,,,3.493358,
tabu,pyvrp_X106_FSMD,105,16,0.001000,10,3714937.400323,60271.807118,3714997.672130,0.000000,,,0,1,,,,,2.538257,
tabu,pyvrp_X101_FSMFD,100,26,0.001000,19345,3667525.034676,33109.902689,3667558.144578,0.000000,,,0,1,,,,,3.516715,
tabu,pyvrp_X106_FSMD,105,16,0.001000,50,3714937.400323,60271.807118,3714997.672130,0.000000,,,0,1,,,,,2.543900,
tabu,hfvrp_n200_m40_s04,200,40,0.001000,19345,15772.453516,39562.184759,15812.015701,0.000000,,,0,1,,,,,21.332731,
tabu,pyvrp_X110_HD,109,13,0.001000,1788169012418469218,1896836.737136,34272.090017,1896871.009226,0.000000,,,0,1,,,,,2.564014,
tabu,hfvrp_n200_m40_s03,200,40,0.001000,1788168917754976575,14176.539185,54513.808472,14231.052994,0.000000,,,0,1,,,,,18.959562,
tabu,pyvrp_X101_FSMFD,100,26,0.001000,1788168790069248010,3667525.034676,33109.902689,3667558.144578,0.000000,,,0,1,,,,,3.509587,
tabu,pyvrp_X106_FSMD,105,16,0.001000,75,3714937.400323,60271.807118,3714997.672130,0.000000,,,0,1,,,,,2.541715,
tabu,pyvrp_X110_HD,109,13,0.001000,1,1896836.737136,34272.090017,1896871.009226,0.000000,,,0,1,,,,,2.561124,
tabu,hfvrp_n200_m40_s05,200,40,0.001000,19345,15202.383461,35862.059918,15238.245521,0.000000,,,0,1,,,,,18.769596,
tabu,pyvrp_X115_HVRP,114,18,0.001000,1788170927545682060,2070554.157087,46094.928455,2070600.252016,0.000000,,,0,0,,,,,2.487461,
tabu,pyvrp_X106_FSMD,105,16,0.001000,100,3714937.400323,60271.807118,3714997.672130,0.000000,,,0,1,,,,,2.538490,
tabu,pyvrp_X110_HD,109,13,0.001000,10,1896836.737136,34272.090017,1896871.009226,0.000000,,,0,1,,,,,2.553672,
tabu,pyvrp_X115_HVRP,114,18,0.001000,1,2070554.157087,46094.928455,2070600.252016,0.000000,,,0,0,,,,,2.477009,
tabu,pyvrp_X106_FSMD,105,16,0.001000,200,3714937.400323,60271.807118,3714997.672130,0.000000,,,0,1,,,,,2.542209,
tabu,pyvrp_X110_HD,109,13,0.001000,50,1896836.737136,34272.090017,1896871.009226,0.000000,,,0,1,,,,,2.556678,
tabu,pyvrp_X120_FSMF,119,12,0.001000,1788169077627453871,3185104.723963,90157.997148,3185194.881960,0.000000,,,0,1,,,,,1.814567,
tabu,hfvrp_n200_m40_s04,200,40,0.001000,1788168964111132788,15772.453516,39562.184759,15812.015701,0.000000,,,0,1,,,,,21.355815,
tabu,pyvrp_X115_HVRP,114,18,0.001000,10,2070554.157087,46094.928455,2070600.252016,0.000000,,,0,0,,,,,2.474637,
tabu,pyvrp_X106_FSMD,105,16,0.001000,999,3714937.400323,60271.807118,3714997.672130,0.000000,,,0,1,,,,,2.544660,
tabu,pyvrp_X110_HD,109,13,0.001000,75,1896836.737136,34272.090017,1896871.009226,0.000000,,,0,1,,,,,2.590715,
tabu,pyvrp_X120_FSMF,119,12,0.001000,1,3185104.723963,90157.997148,3185194.881960,0.000000,,,0,1,,,,,1.814771,
tabu,pyvrp_X115_HVRP,114,18,0.001000,50,2070554.157087,46094.928455,2070600.252016,0.000000,,,0,0,,,,,2.485679,
tabu,pyvrp_X106_FSMD,105,16,0.001000,1234,3714937.400323,60271.807118,3714997.672130,0.000000,,,0,1,,,,,2.545289,
tabu,hfvrp_n200_m40_s05,200,40,0.001000,1788169185087059966,15202.383461,35862.059918,15238.245521,0.000000,,,0,1,,,,,18.648526,
tabu,pyvrp_X110_HD,109,13,0.001000,100,1896836.737136,34272.090017,1896871.009226,0.000000,,,0,1,,,,,2.572708,
tabu,pyvrp_X120_FSMF,119,12,0.001000,10,3185104.723963,90157.997148,3185194.881960,0.000000,,,0,1,,,,,1.816760,
tabu,pyvrp_X106_FSMD,105,16,0.001000,9999,3714937.400323,60271.807118,3714997.672130,0.000000,,,0,1,,,,,2.559539,
tabu,pyvrp_X115_HVRP,114,18,0.001000,75,2070554.157087,46094.928455,2070600.252016,0.000000,,,0,0,,,,,2.484998,
tabu,pyvrp_X110_HD,109,13,0.001000,200,1896836.737136,34272.090017,1896871.009226,0.000000,,,0,1,,,,,2.571205,
tabu,pyvrp_X120_FSMF,119,12,0.001000,50,3185104.723963,90157.997148,3185194.881960,0.000000,,,0,1,,,,,1.807886,
tabu,pyvrp_X106_FSMD,105,16,0.001000,19345,3714937.400323,60271.807118,3714997.672130,0.000000,,,0,1,,,,,2.543673,
tabu,pyvrp_X115_HVRP,114,18,0.001000,100,2070554.157087,46094.928455,2070600.252016,0.000000,,,0,0,,,,,2.486293,
tabu,pyvrp_X110_HD,109,13,0.001000,999,1896836.737136,34272.090017,1896871.009226,0.000000,,,0,1,,,,,2.557565,
tabu,pyvrp_X120_FSMF,119,12,0.001000,75,3185104.723963,90157.997148,3185194.881960,0.000000,,,0,1,,,,,1.813025,
tabu,pyvrp_X106_FSMD,105,16,0.001000,1788169637721787585,3714937.400323,60271.807118,3714997.672130,0.000000,,,0,1,,,,,2.541434,
tabu,pyvrp_X115_HVRP,114,18,0.001000,200,2070554.157087,46094.928455,2070600.252016,0.000000,,,0,0,,,,,2.479107,
tabu,pyvrp_X110_HD,109,13,0.001000,1234,1896836.737136,34272.090017,1896871.009226,0.000000,,,0,1,,,,,2.566620,
tabu,pyvrp_X120_FSMF,119,12,0.001000,100,3185104.723963,90157.997148,3185194.881960,0.000000,,,0,1,,,,,1.812234,
tabu,pyvrp_X115_HVRP,114,18,0.001000,999,2070554.157087,46094.928455,2070600.252016,0.000000,,,0,0,,,,,2.402295,
tabu,pyvrp_X110_HD,109,13,0.001000,9999,1896836.737136,34272.090017,1896871.009226,0.000000,,,0,1,,,,,2.476692,
tabu,pyvrp_X120_FSMF,119,12,0.001000,200,3185104.723963,90157.997148,3185194.881960,0.000000,,,0,1,,,,,1.754137,
tabu,pyvrp_X110_HD,109,13,0.001000,19345,1896836.737136,34272.090017,1896871.009226,0.000000,,,0,1,,,,,2.478087,
tabu,pyvrp_X115_HVRP,114,18,0.001000,1234,2070554.157087,46094.928455,2070600.252016,0.000000,,,0,0,,,,,2.402559,
tabu,pyvrp_X120_FSMF,119,12,0.001000,999,3185104.723963,90157.997148,3185194.881960,0.000000,,,0,1,,,,,1.752347,
tabu,pyvrp_X110_HD,109,13,0.001000,1788146190460601632,1896836.737136,34272.090017,1896871.009226,0.000000,,,0,1,,,,,2.480901,
tabu,pyvrp_X120_FSMF,119,12,0.001000,1234,3185104.723963,90157.997148,3185194.881960,0.000000,,,0,1,,,,,1.749699,
tabu,pyvrp_X115_HVRP,114,18,0.001000,9999,2070554.157087,46094.928455,2070600.252016,0.000000,,,0,0,,,,,2.399156,
tabu,pyvrp_X120_FSMF,119,12,0.001000,9999,3185104.723963,90157.997148,3185194.881960,0.000000,,,0,1,,,,,1.738238,
tabu,pyvrp_X115_HVRP,114,18,0.001000,19345,2070554.157087,46094.928455,2070600.252016,0.000000,,,0,0,,,,,2.394619,
tabu,pyvrp_X120_FSMF,119,12,0.001000,19345,3185104.723963,90157.997148,3185194.881960,0.000000,,,0,1,,,,,1.741258,
tabu,pyvrp_X115_HVRP,114,18,0.001000,1788145898696364865,2070554.157087,46094.928455,2070600.252016,0.000000,,,0,0,,,,,2.382646,
tabu,pyvrp_X120_FSMF,119,12,0.001000,1788145721429832197,3185104.723963,90157.997148,3185194.881960,0.000000,,,0,1,,,,,1.735011,
ga,ex1_1v_feasible,2,1,0.001000,1788179145835679383,84.142136,50.000000,84.192136,0.000000,,,0,1,,,,,0.015149,DEFAULT
ga,ex2_1v_infeasible,2,1,0.001000,1788178956857361871,70.000000,0.000000,70.000000,0.000000,,,0,0,,,,,0.015221,DEFAULT
ga,ex2_1v_infeasible,2,1,0.001000,1788179051365446888,70.000000,0.000000,70.000000,0.000000,,,0,0,,,,,0.001653,SMALL
ga,ex1_1v_feasible,2,1,0.001000,1788179047070184860,84.142136,50.000000,84.192136,0.000000,,,0,1,,,,,0.002025,SMALL
ga,hfvrp_n001_m03_s01,1,3,0.001000,1788179025589704944,87.334995,168.337487,87.503332,0.000000,,,0,1,,,,,0.013823,DEFAULT
ga,ex5_3v_one_used_feasible,3,3,0.001000,1788179034174604740,107.597980,120.710678,107.718690,0.000000,,,0,1,,,,,0.019259,DEFAULT
ga,ex3_3v_all_feasible,3,3,0.001000,1788178943977454325,162.000000,20.000000,162.020000,0.000000,,,0,1,,,,,0.022172,DEFAULT
ga,ex4_3v_infeasible,4,3,0.001000,1788178948272807058,141.798990,0.000000,141.798990,0.000000,,,0,0,,,,,0.022240,DEFAULT
ga,hfvrp_n001_m03_s01,1,3,0.001000,1788178995542255691,87.334995,168.337487,87.503332,0.000000,,,0,1,,,,,0.001352,SMALL
ga,ex5_3v_one_used_feasible,3,3,0.001000,1788178986952901430,107.597980,120.710678,107.718690,0.000000,,,0,1,,,,,0.002059,SMALL
ga,ex4_3v_infeasible,4,3,0.001000,1788178991248129424,141.798990,0.000000,141.798990,0.000000,,,0,0,,,,,0.002433,SMALL
ga,ex3_3v_all_feasible,3,3,0.001000,1788178999839191269,162.000000,20.000000,162.020000,0.000000,,,0,1,,,,,0.004426,SMALL
ga,hfvrp_n001_m03_s01,1,3,0.001000,1788179012726796913,87.334995,168.337487,87.503332,0.000000,,,0,1,,,,,0.242366,MEDIUM
ga,ex1_1v_feasible,2,1,0.001000,1788179042781743590,84.142136,50.000000,84.192136,0.000000,,,0,1,,,,,0.295049,MEDIUM
ga,ex2_1v_infeasible,2,1,0.001000,1788179038485779546,70.000000,0.000000,70.000000,0.000000,,,0,0,,,,,0.298320,MEDIUM
ga,ex5_3v_one_used_feasible,3,3,0.001000,1788179017023517011,107.597980,120.710678,107.718690,0.000000,,,0,1,,,,,0.380024,MEDIUM
ga,ex3_3v_all_feasible,3,3,0.001000,1788179008437293567,162.000000,20.000000,162.020000,0.000000,,,0,1,,,,,0.391384,MEDIUM
ga,ex4_3v_infeasible,4,3,0.001000,1788179004138839593,141.798990,0.000000,141.798990,0.000000,,,0,0,,,,,0.438834,MEDIUM
ga,hfvrp_n001_m03_s01,1,3,0.001000,1788179373755024741,87.334995,168.337487,87.503332,0.000000,,,0,1,,,,,0.730390,BIG
ga,hfvrp_n001_m03_s01,1,3,0.001000,1,87.334995,168.337487,87.503332,0.000000,,,0,1,,,,,0.012459,DEFAULT
ga,hfvrp_n001_m03_s01,1,3,0.001000,1,87.334995,168.337487,87.503332,0.000000,,,0,1,,,,,0.004039,SMALL
ga,ex1_1v_feasible,2,1,0.001000,1788179378092818438,84.142136,50.000000,84.192136,0.000000,,,0,1,,,,,0.888912,BIG
ga,ex2_1v_infeasible,2,1,0.001000,1788179365205578528,70.000000,0.000000,70.000000,0.000000,,,0,0,,,,,0.896480,BIG
ga,ex2_1v_infeasible,2,1,0.001000,1,70.000000,0.000000,70.000000,0.000000,,,0,0,,,,,0.015106,DEFAULT
ga,ex1_1v_feasible,2,1,0.001000,1,84.142136,50.000000,84.192136,0.000000,,,0,1,,,,,0.015140,DEFAULT
ga,ex2_1v_infeasible,2,1,0.001000,1,70.000000,0.000000,70.000000,0.000000,,,0,0,,,,,0.001649,SMALL
ga,ex1_1v_feasible,2,1,0.001000,1,84.142136,50.000000,84.192136,0.000000,,,0,1,,,,,0.001629,SMALL
ga,hfvrp_n001_m03_s01,1,3,0.001000,1,87.334995,168.337487,87.503332,0.000000,,,0,1,,,,,0.250210,MEDIUM
ga,ex2_1v_infeasible,2,1,0.001000,1,70.000000,0.000000,70.000000,0.000000,,,0,0,,,,,0.299088,MEDIUM
ga,ex1_1v_feasible,2,1,0.001000,1,84.142136,50.000000,84.192136,0.000000,,,0,1,,,,,0.296577,MEDIUM
ga,ex5_3v_one_used_feasible,3,3,0.001000,1788179369594668952,107.597980,120.710678,107.718690,0.000000,,,0,1,,,,,1.152089,BIG
ga,ex5_3v_one_used_feasible,3,3,0.001000,1,107.597980,120.710678,107.718690,0.000000,,,0,1,,,,,0.019797,DEFAULT
ga,ex5_3v_one_used_feasible,3,3,0.001000,1,107.597980,120.710678,107.718690,0.000000,,,0,1,,,,,0.002077,SMALL
ga,ex3_3v_all_feasible,3,3,0.001000,1788179391084661365,162.000000,20.000000,162.020000,0.000000,,,0,1,,,,,1.183203,BIG
ga,ex3_3v_all_feasible,3,3,0.001000,1,162.000000,20.000000,162.020000,0.000000,,,0,1,,,,,0.019677,DEFAULT
ga,ex3_3v_all_feasible,3,3,0.001000,1,162.000000,20.000000,162.020000,0.000000,,,0,1,,,,,0.003915,SMALL
ga,ex4_3v_infeasible,4,3,0.001000,1788179395423036921,141.798990,0.000000,141.798990,0.000000,,,0,0,,,,,1.333471,BIG
ga,ex4_3v_infeasible,4,3,0.001000,1,141.798990,0.000000,141.798990,0.000000,,,0,0,,,,,0.023447,DEFAULT
ga,ex4_3v_infeasible,4,3,0.001000,1,141.798990,0.000000,141.798990,0.000000,,,0,0,,,,,0.002249,SMALL
ga,ex5_3v_one_used_feasible,3,3,0.001000,1,107.597980,120.710678,107.718690,0.000000,,,0,1,,,,,0.385459,MEDIUM
ga,hfvrp_n001_m03_s01,1,3,0.001000,1,87.334995,168.337487,87.503332,0.000000,,,0,1,,,,,0.727447,BIG
ga,ex3_3v_all_feasible,3,3,0.001000,1,162.000000,20.000000,162.020000,0.000000,,,0,1,,,,,0.389957,MEDIUM
ga,hfvrp_n001_m03_s01,1,3,0.001000,10,87.334995,168.337487,87.503332,0.000000,,,0,1,,,,,0.013663,DEFAULT
ga,hfvrp_n001_m03_s01,1,3,0.001000,10,87.334995,168.337487,87.503332,0.000000,,,0,1,,,,,0.001280,SMALL
ga,ex4_3v_infeasible,4,3,0.001000,1,141.798990,0.000000,141.798990,0.000000,,,0,0,,,,,0.436696,MEDIUM
ga,hfvrp_n001_m03_s01,1,3,0.001000,10,87.334995,168.337487,87.503332,0.000000,,,0,1,,,,,0.243026,MEDIUM
ga,ex1_1v_feasible,2,1,0.001000,1,84.142136,50.000000,84.192136,0.000000,,,0,1,,,,,0.890355,BIG
ga,ex2_1v_infeasible,2,1,0.001000,1,70.000000,0.000000,70.000000,0.000000,,,0,0,,,,,0.901219,BIG
ga,ex1_1v_feasible,2,1,0.001000,10,84.142136,50.000000,84.192136,0.000000,,,0,1,,,,,0.015078,DEFAULT
ga,ex1_1v_feasible,2,1,0.001000,10,84.142136,50.000000,84.192136,0.000000,,,0,1,,,,,0.001567,SMALL
ga,ex2_1v_infeasible,2,1,0.001000,10,70.000000,0.000000,70.000000,0.000000,,,0,0,,,,,0.016817,DEFAULT
ga,ex2_1v_infeasible,2,1,0.001000,10,70.000000,0.000000,70.000000,0.000000,,,0,0,,,,,0.002037,SMALL
ga,ex1_1v_feasible,2,1,0.001000,10,84.142136,50.000000,84.192136,0.000000,,,0,1,,,,,0.295030,MEDIUM
ga,ex2_1v_infeasible,2,1,0.001000,10,70.000000,0.000000,70.000000,0.000000,,,0,0,,,,,0.309328,MEDIUM
ga,hfvrp_n001_m03_s01,1,3,0.001000,10,87.334995,168.337487,87.503332,0.000000,,,0,1,,,,,0.731397,BIG
ga,hfvrp_n001_m03_s01,1,3,0.001000,50,87.334995,168.337487,87.503332,0.000000,,,0,1,,,,,0.012332,DEFAULT
ga,hfvrp_n001_m03_s01,1,3,0.001000,50,87.334995,168.337487,87.503332,0.000000,,,0,1,,,,,0.003025,SMALL
ga,ex5_3v_one_used_feasible,3,3,0.001000,1,107.597980,120.710678,107.718690,0.000000,,,0,1,,,,,1.162528,BIG
ga,ex5_3v_one_used_feasible,3,3,0.001000,10,107.597980,120.710678,107.718690,0.000000,,,0,1,,,,,0.023248,DEFAULT
ga,ex5_3v_one_used_feasible,3,3,0.001000,10,107.597980,120.710678,107.718690,0.000000,,,0,1,,,,,0.004987,SMALL
ga,ex3_3v_all_feasible,3,3,0.001000,1,162.000000,20.000000,162.020000,0.000000,,,0,1,,,,,1.175095,BIG
ga,ex3_3v_all_feasible,3,3,0.001000,10,162.000000,20.000000,162.020000,0.000000,,,0,1,,,,,0.019879,DEFAULT
ga,ex3_3v_all_feasible,3,3,0.001000,10,162.000000,20.000000,162.020000,0.000000,,,0,1,,,,,0.003295,SMALL
ga,hfvrp_n001_m03_s01,1,3,0.001000,50,87.334995,168.337487,87.503332,0.000000,,,0,1,,,,,0.249720,MEDIUM
ga,ex5_3v_one_used_feasible,3,3,0.001000,10,107.597980,120.710678,107.718690,0.000000,,,0,1,,,,,0.382293,MEDIUM
ga,ex3_3v_all_feasible,3,3,0.001000,10,162.000000,20.000000,162.020000,0.000000,,,0,1,,,,,0.391406,MEDIUM
ga,ex1_1v_feasible,2,1,0.001000,10,84.142136,50.000000,84.192136,0.000000,,,0,1,,,,,0.893325,BIG
ga,ex4_3v_infeasible,4,3,0.001000,1,141.798990,0.000000,141.798990,0.000000,,,0,0,,,,,1.400962,BIG
ga,ex1_1v_feasible,2,1,0.001000,50,84.142136,50.000000,84.192136,0.000000,,,0,1,,,,,0.016437,DEFAULT
ga,ex2_1v_infeasible,2,1,0.001000,10,70.000000,0.000000,70.000000,0.000000,,,0,0,,,,,0.904252,BIG
ga,ex1_1v_feasible,2,1,0.001000,50,84.142136,50.000000,84.192136,0.000000,,,0,1,,,,,0.001631,SMALL
ga,ex4_3v_infeasible,4,3,0.001000,10,141.798990,0.000000,141.798990,0.000000,,,0,0,,,,,0.023918,DEFAULT
ga,ex4_3v_infeasible,4,3,0.001000,10,141.798990,0.000000,141.798990,0.000000,,,0,0,,,,,0.002427,SMALL
ga,ex2_1v_infeasible,2,1,0.001000,50,70.000000,0.000000,70.000000,0.000000,,,0,0,,,,,0.017701,DEFAULT
ga,ex2_1v_infeasible,2,1,0.001000,50,70.000000,0.000000,70.000000,0.000000,,,0,0,,,,,0.001642,SMALL
ga,ex1_1v_feasible,2,1,0.001000,50,84.142136,50.000000,84.192136,0.000000,,,0,1,,,,,0.294509,MEDIUM
ga,ex2_1v_infeasible,2,1,0.001000,50,70.000000,0.000000,70.000000,0.000000,,,0,0,,,,,0.297303,MEDIUM
ga,hfvrp_n001_m03_s01,1,3,0.001000,50,87.334995,168.337487,87.503332,0.000000,,,0,1,,,,,0.733010,BIG
ga,hfvrp_n001_m03_s01,1,3,0.001000,75,87.334995,168.337487,87.503332,0.000000,,,0,1,,,,,0.012447,DEFAULT
ga,hfvrp_n001_m03_s01,1,3,0.001000,75,87.334995,168.337487,87.503332,0.000000,,,0,1,,,,,0.001331,SMALL
ga,ex4_3v_infeasible,4,3,0.001000,10,141.798990,0.000000,141.798990,0.000000,,,0,0,,,,,0.442198,MEDIUM
ga,hfvrp_n001_m03_s01,1,3,0.001000,75,87.334995,168.337487,87.503332,0.000000,,,0,1,,,,,0.241584,MEDIUM
ga,ex5_3v_one_used_feasible,3,3,0.001000,10,107.597980,120.710678,107.718690,0.000000,,,0,1,,,,,1.149199,BIG
ga,ex5_3v_one_used_feasible,3,3,0.001000,50,107.597980,120.710678,107.718690,0.000000,,,0,1,,,,,0.022569,DEFAULT
ga,ex5_3v_one_used_feasible,3,3,0.001000,50,107.597980,120.710678,107.718690,0.000000,,,0,1,,,,,0.004317,SMALL
ga,ex3_3v_all_feasible,3,3,0.001000,10,162.000000,20.000000,162.020000,0.000000,,,0,1,,,,,1.197475,BIG
ga,ex3_3v_all_feasible,3,3,0.001000,50,162.000000,20.000000,162.020000,0.000000,,,0,1,,,,,0.022026,DEFAULT
ga,ex3_3v_all_feasible,3,3,0.001000,50,162.000000,20.000000,162.020000,0.000000,,,0,1,,,,,0.002263,SMALL
ga,ex1_1v_feasible,2,1,0.001000,50,84.142136,50.000000,84.192136,0.000000,,,0,1,,,,,0.887834,BIG
ga,ex1_1v_feasible,2,1,0.001000,75,84.142136,50.000000,84.192136,0.000000,,,0,1,,,,,0.016890,DEFAULT
ga,ex1_1v_feasible,2,1,0.001000,75,84.142136,50.000000,84.192136,0.000000,,,0,1,,,,,0.001518,SMALL
ga,ex2_1v_infeasible,2,1,0.001000,50,70.000000,0.000000,70.000000,0.000000,,,0,0,,,,,0.925864,BIG
ga,ex2_1v_infeasible,2,1,0.001000,75,70.000000,0.000000,70.000000,0.000000,,,0,0,,,,,0.018882,DEFAULT
ga,ex2_1v_infeasible,2,1,0.001000,75,70.000000,0.000000,70.000000,0.000000,,,0,0,,,,,0.002721,SMALL
ga,hfvrp_n001_m03_s01,1,3,0.001000,75,87.334995,168.337487,87.503332,0.000000,,,0,1,,,,,0.746384,BIG
ga,hfvrp_n001_m03_s01,1,3,0.001000,100,87.334995,168.337487,87.503332,0.000000,,,0,1,,,,,0.015948,DEFAULT
ga,hfvrp_n001_m03_s01,1,3,0.001000,100,87.334995,168.337487,87.503332,0.000000,,,0,1,,,,,0.002555,SMALL
ga,ex5_3v_one_used_feasible,3,3,0.001000,50,107.597980,120.710678,107.718690,0.000000,,,0,1,,,,,0.386394,MEDIUM
ga,ex1_1v_feasible,2,1,0.001000,75,84.142136,50.000000,84.192136,0.000000,,,0,1,,,,,0.324178,MEDIUM
ga,ex3_3v_all_feasible,3,3,0.001000,50,162.000000,20.000000,162.020000,0.000000,,,0,1,,,,,0.396911,MEDIUM
ga,ex2_1v_infeasible,2,1,0.001000,75,70.000000,0.000000,70.000000,0.000000,,,0,0,,,,,0.299629,MEDIUM
ga,hfvrp_n001_m03_s01,1,3,0.001000,100,87.334995,168.337487,87.503332,0.000000,,,0,1,,,,,0.242433,MEDIUM
ga,ex4_3v_infeasible,4,3,0.001000,10,141.798990,0.000000,141.798990,0.000000,,,0,0,,,,,1.335262,BIG
ga,ex4_3v_infeasible,4,3,0.001000,50,141.798990,0.000000,141.798990,0.000000,,,0,0,,,,,0.022728,DEFAULT
ga,ex4_3v_infeasible,4,3,0.001000,50,141.798990,0.000000,141.798990,0.000000,,,0,0,,,,,0.002250,SMALL
ga,ex4_3v_infeasible,4,3,0.001000,50,141.798990,0.000000,141.798990,0.000000,,,0,0,,,,,0.437129,MEDIUM
ga,hfvrp_n001_m03_s01,1,3,0.001000,100,87.334995,168.337487,87.503332,0.000000,,,0,1,,,,,0.726389,BIG
ga,ex1_1v_feasible,2,1,0.001000,75,84.142136,50.000000,84.192136,0.000000,,,0,1,,,,,0.888492,BIG
ga,hfvrp_n001_m03_s01,1,3,0.001000,200,87.334995,168.337487,87.503332,0.000000,,,0,1,,,,,0.016103,DEFAULT
ga,hfvrp_n001_m03_s01,1,3,0.001000,200,87.334995,168.337487,87.503332,0.000000,,,0,1,,,,,0.001331,SMALL
ga,ex1_1v_feasible,2,1,0.001000,100,84.142136,50.000000,84.192136,0.000000,,,0,1,,,,,0.015035,DEFAULT
ga,ex1_1v_feasible,2,1,0.001000,100,84.142136,50.000000,84.192136,0.000000,,,0,1,,,,,0.001622,SMALL
ga,ex2_1v_infeasible,2,1,0.001000,75,70.000000,0.000000,70.000000,0.000000,,,0,0,,,,,0.918188,BIG
ga,ex2_1v_infeasible,2,1,0.001000,100,70.000000,0.000000,70.000000,0.000000,,,0,0,,,,,0.015140,DEFAULT
ga,ex2_1v_infeasible,2,1,0.001000,100,70.000000,0.000000,70.000000,0.000000,,,0,0,,,,,0.002924,SMALL
ga,ex5_3v_one_used_feasible,3,3,0.001000,50,107.597980,120.710678,107.718690,0.000000,,,0,1,,,,,1.165401,BIG
ga,ex5_3v_one_used_feasible,3,3,0.001000,75,107.597980,120.710678,107.718690,0.000000,,,0,1,,,,,0.020625,DEFAULT
ga,ex5_3v_one_used_feasible,3,3,0.001000,75,107.597980,120.710678,107.718690,0.000000,,,0,1,,,,,0.001928,SMALL
ga,hfvrp_n001_m03_s01,1,3,0.001000,200,87.334995,168.337487,87.503332,0.000000,,,0,1,,,,,0.254172,MEDIUM
ga,ex1_1v_feasible,2,1,0.001000,100,84.142136,50.000000,84.192136,0.000000,,,0,1,,,,,0.302642,MEDIUM
ga,ex3_3v_all_feasible,3,3,0.001000,50,162.000000,20.000000,162.020000,0.000000,,,0,1,,,,,1.211185,BIG
ga,ex3_3v_all_feasible,3,3,0.001000,75,162.000000,20.000000,162.020000,0.000000,,,0,1,,,,,0.019869,DEFAULT
ga,ex3_3v_all_feasible,3,3,0.001000,75,162.000000,20.000000,162.020000,0.000000,,,0,1,,,,,0.002012,SMALL
ga,ex2_1v_infeasible,2,1,0.001000,100,70.000000,0.000000,70.000000,0.000000,,,0,0,,,,,0.309334,MEDIUM
ga,ex5_3v_one_used_feasible,3,3,0.001000,75,107.597980,120.710678,107.718690,0.000000,,,0,1,,,,,0.392070,MEDIUM
ga,ex3_3v_all_feasible,3,3,0.001000,75,162.000000,20.000000,162.020000,0.000000,,,0,1,,,,,0.396087,MEDIUM
ga,hfvrp_n001_m03_s01,1,3,0.001000,200,87.334995,168.337487,87.503332,0.000000,,,0,1,,,,,0.735139,BIG
ga,hfvrp_n001_m03_s01,1,3,0.001000,999,87.334995,168.337487,87.503332,0.000000,,,0,1,,,,,0.013065,DEFAULT
ga,hfvrp_n001_m03_s01,1,3,0.001000,999,87.334995,168.337487,87.503332,0.000000,,,0,1,,,,,0.001234,SMALL
ga,ex4_3v_infeasible,4,3,0.001000,50,141.798990,0.000000,141.798990,0.000000,,,0,0,,,,,1.341730,BIG
ga,ex1_1v_feasible,2,1,0.001000,100,84.142136,50.000000,84.192136,0.000000,,,0,1,,,,,0.888606,BIG
ga,ex4_3v_infeasible,4,3,0.001000,75,141.798990,0.000000,141.798990,0.000000,,,0,0,,,,,0.022364,DEFAULT
ga,ex4_3v_infeasible,4,3,0.001000,75,141.798990,0.000000,141.798990,0.000000,,,0,0,,,,,0.003362,SMALL
ga,ex1_1v_feasible,2,1,0.001000,200,84.142136,50.000000,84.192136,0.000000,,,0,1,,,,,0.019211,DEFAULT
ga,ex1_1v_feasible,2,1,0.001000,200,84.142136,50.000000,84.192136,0.000000,,,0,1,,,,,0.001554,SMALL
ga,hfvrp_n001_m03_s01,1,3,0.001000,999,87.334995,168.337487,87.503332,0.000000,,,0,1,,,,,0.247919,MEDIUM
ga,ex2_1v_infeasible,2,1,0.001000,100,70.000000,0.000000,70.000000,0.000000,,,0,0,,,,,0.898956,BIG
ga,ex2_1v_infeasible,2,1,0.001000,200,70.000000,0.000000,70.000000,0.000000,,,0,0,,,,,0.015187,DEFAULT
ga,ex2_1v_infeasible,2,1,0.001000,200,70.000000,0.000000,70.000000,0.000000,,,0,0,,,,,0.001628,SMALL
ga,ex1_1v_feasible,2,1,0.001000,200,84.142136,50.000000,84.192136,0.000000,,,0,1,,,,,0.295734,MEDIUM
ga,ex2_1v_infeasible,2,1,0.001000,200,70.000000,0.000000,70.000000,0.000000,,,0,0,,,,,0.293156,MEDIUM
ga,ex4_3v_infeasible,4,3,0.001000,75,141.798990,0.000000,141.798990,0.000000,,,0,0,,,,,0.439556,MEDIUM
ga,ex5_3v_one_used_feasible,3,3,0.001000,75,107.597980,120.710678,107.718690,0.000000,,,0,1,,,,,1.175708,BIG
ga,ex5_3v_one_used_feasible,3,3,0.001000,100,107.597980,120.710678,107.718690,0.000000,,,0,1,,,,,0.023541,DEFAULT
ga,ex5_3v_one_used_feasible,3,3,0.001000,100,107.597980,120.710678,107.718690,0.000000,,,0,1,,,,,0.001995,SMALL
ga,ex3_3v_all_feasible,3,3,0.001000,75,162.000000,20.000000,162.020000,0.000000,,,0,1,,,,,1.191214,BIG
ga,hfvrp_n001_m03_s01,1,3,0.001000,999,87.334995,168.337487,87.503332,0.000000,,,0,1,,,,,0.729813,BIG
ga,ex3_3v_all_feasible,3,3,0.001000,100,162.000000,20.000000,162.020000,0.000000,,,0,1,,,,,0.024663,DEFAULT
ga,ex3_3v_all_feasible,3,3,0.001000,100,162.000000,20.000000,162.020000,0.000000,,,0,1,,,,,0.002181,SMALL
ga,hfvrp_n001_m03_s01,1,3,0.001000,1234,87.334995,168.337487,87.503332,0.000000,,,0,1,,,,,0.014371,DEFAULT
ga,hfvrp_n001_m03_s01,1,3,0.001000,1234,87.334995,168.337487,87.503332,0.000000,,,0,1,,,,,0.001855,SMALL
ga,ex5_3v_one_used_feasible,3,3,0.001000,100,107.597980,120.710678,107.718690,0.000000,,,0,1,,,,,0.382596,MEDIUM
ga,hfvrp_n001_m03_s01,1,3,0.001000,1234,87.334995,168.337487,87.503332,0.000000,,,0,1,,,,,0.241222,MEDIUM
ga,ex3_3v_all_feasible,3,3,0.001000,100,162.000000,20.000000,162.020000,0.000000,,,0,1,,,,,0.390074,MEDIUM
ga,ex1_1v_feasible,2,1,0.001000,200,84.142136,50.000000,84.192136,0.000000,,,0,1,,,,,0.887596,BIG
ga,ex1_1v_feasible,2,1,0.001000,999,84.142136,50.000000,84.192136,0.000000,,,0,1,,,,,0.015300,DEFAULT
ga,ex1_1v_feasible,2,1,0.001000,999,84.142136,50.000000,84.192136,0.000000,,,0,1,,,,,0.003009,SMALL
ga,ex2_1v_infeasible,2,1,0.001000,200,70.000000,0.000000,70.000000,0.000000,,,0,0,,,,,0.897619,BIG
ga,ex2_1v_infeasible,2,1,0.001000,999,70.000000,0.000000,70.000000,0.000000,,,0,0,,,,,0.017432,DEFAULT
ga,ex2_1v_infeasible,2,1,0.001000,999,70.000000,0.000000,70.000000,0.000000,,,0,0,,,,,0.004013,SMALL
ga,ex1_1v_feasible,2,1,0.001000,999,84.142136,50.000000,84.192136,0.000000,,,0,1,,,,,0.300230,MEDIUM
ga,ex2_1v_infeasible,2,1,0.001000,999,70.000000,0.000000,70.000000,0.000000,,,0,0,,,,,0.295875,MEDIUM
ga,ex4_3v_infeasible,4,3,0.001000,75,141.798990,0.000000,141.798990,0.000000,,,0,0,,,,,1.328528,BIG
ga,hfvrp_n001_m03_s01,1,3,0.001000,1234,87.334995,168.337487,87.503332,0.000000,,,0,1,,,,,0.748661,BIG
ga,ex4_3v_infeasible,4,3,0.001000,100,141.798990,0.000000,141.798990,0.000000,,,0,0,,,,,0.026085,DEFAULT
ga,ex4_3v_infeasible,4,3,0.001000,100,141.798990,0.000000,141.798990,0.000000,,,0,0,,,,,0.002422,SMALL
ga,hfvrp_n001_m03_s01,1,3,0.001000,9999,87.334995,168.337487,87.503332,0.000000,,,0,1,,,,,0.016678,DEFAULT
ga,hfvrp_n001_m03_s01,1,3,0.001000,9999,87.334995,168.337487,87.503332,0.000000,,,0,1,,,,,0.001869,SMALL
ga,hfvrp_n001_m03_s01,1,3,0.001000,9999,87.334995,168.337487,87.503332,0.000000,,,0,1,,,,,0.242990,MEDIUM
ga,ex5_3v_one_used_feasible,3,3,0.001000,100,107.597980,120.710678,107.718690,0.000000,,,0,1,,,,,1.155717,BIG
ga,ex5_3v_one_used_feasible,3,3,0.001000,200,107.597980,120.710678,107.718690,0.000000,,,0,1,,,,,0.023033,DEFAULT
ga,ex5_3v_one_used_feasible,3,3,0.001000,200,107.597980,120.710678,107.718690,0.000000,,,0,1,,,,,0.002671,SMALL
ga,ex4_3v_infeasible,4,3,0.001000,100,141.798990,0.000000,141.798990,0.000000,,,0,0,,,,,0.440798,MEDIUM
ga,ex3_3v_all_feasible,3,3,0.001000,100,162.000000,20.000000,162.020000,0.000000,,,0,1,,,,,1.181130,BIG
ga,ex3_3v_all_feasible,3,3,0.001000,200,162.000000,20.000000,162.020000,0.000000,,,0,1,,,,,0.019321,DEFAULT
ga,ex3_3v_all_feasible,3,3,0.001000,200,162.000000,20.000000,162.020000,0.000000,,,0,1,,,,,0.001991,SMALL
ga,ex1_1v_feasible,2,1,0.001000,999,84.142136,50.000000,84.192136,0.000000,,,0,1,,,,,0.888414,BIG
ga,ex1_1v_feasible,2,1,0.001000,1234,84.142136,50.000000,84.192136,0.000000,,,0,1,,,,,0.019356,DEFAULT
ga,ex1_1v_feasible,2,1,0.001000,1234,84.142136,50.000000,84.192136,0.000000,,,0,1,,,,,0.003781,SMALL
ga,ex2_1v_infeasible,2,1,0.001000,999,70.000000,0.000000,70.000000,0.000000,,,0,0,,,,,0.905016,BIG
ga,ex5_3v_one_used_feasible,3,3,0.001000,200,107.597980,120.710678,107.718690,0.000000,,,0,1,,,,,0.382804,MEDIUM
ga,ex2_1v_infeasible,2,1,0.001000,1234,70.000000,0.000000,70.000000,0.000000,,,0,0,,,,,0.016277,DEFAULT
ga,ex2_1v_infeasible,2,1,0.001000,1234,70.000000,0.000000,70.000000,0.000000,,,0,0,,,,,0.002919,SMALL
ga,ex1_1v_feasible,2,1,0.001000,1234,84.142136,50.000000,84.192136,0.000000,,,0,1,,,,,0.295660,MEDIUM
ga,ex3_3v_all_feasible,3,3,0.001000,200,162.000000,20.000000,162.020000,0.000000,,,0,1,,,,,0.399420,MEDIUM
ga,hfvrp_n001_m03_s01,1,3,0.001000,9999,87.334995,168.337487,87.503332,0.000000,,,0,1,,,,,0.738478,BIG
ga,hfvrp_n001_m03_s01,1,3,0.001000,19345,87.334995,168.337487,87.503332,0.000000,,,0,1,,,,,0.016246,DEFAULT
ga,hfvrp_n001_m03_s01,1,3,0.001000,19345,87.334995,168.337487,87.503332,0.000000,,,0,1,,,,,0.003349,SMALL
ga,ex2_1v_infeasible,2,1,0.001000,1234,70.000000,0.000000,70.000000,0.000000,,,0,0,,,,,0.300238,MEDIUM
ga,hfvrp_n001_m03_s01,1,3,0.001000,19345,87.334995,168.337487,87.503332,0.000000,,,0,1,,,,,0.245036,MEDIUM
ga,ex4_3v_infeasible,4,3,0.001000,100,141.798990,0.000000,141.798990,0.000000,,,0,0,,,,,1.325822,BIG
ga,ex4_3v_infeasible,4,3,0.001000,200,141.798990,0.000000,141.798990,0.000000,,,0,0,,,,,0.025218,DEFAULT
ga,ex4_3v_infeasible,4,3,0.001000,200,141.798990,0.000000,141.798990,0.000000,,,0,0,,,,,0.005277,SMALL
ga,ex1_1v_feasible,2,1,0.001000,1234,84.142136,50.000000,84.192136,0.000000,,,0,1,,,,,0.888927,BIG
ga,ex1_1v_feasible,2,1,0.001000,9999,84.142136,50.000000,84.192136,0.000000,,,0,1,,,,,0.016632,DEFAULT
ga,ex1_1v_feasible,2,1,0.001000,9999,84.142136,50.000000,84.192136,0.000000,,,0,1,,,,,0.002903,SMALL
ga,ex5_3v_one_used_feasible,3,3,0.001000,200,107.597980,120.710678,107.718690,0.000000,,,0,1,,,,,1.150283,BIG
ga,ex5_3v_one_used_feasible,3,3,0.001000,999,107.597980,120.710678,107.718690,0.000000,,,0,1,,,,,0.019002,DEFAULT
ga,ex5_3v_one_used_feasible,3,3,0.001000,999,107.597980,120.710678,107.718690,0.000000,,,0,1,,,,,0.006527,SMALL
ga,ex2_1v_infeasible,2,1,0.001000,1234,70.000000,0.000000,70.000000,0.000000,,,0,0,,,,,0.902837,BIG
ga,ex2_1v_infeasible,2,1,0.001000,9999,70.000000,0.000000,70.000000,0.000000,,,0,0,,,,,0.016205,DEFAULT
ga,hfvrp_n001_m03_s01,1,3,0.001000,19345,87.334995,168.337487,87.503332,0.000000,,,0,1,,,,,0.730867,BIG
ga,ex2_1v_infeasible,2,1,0.001000,9999,70.000000,0.000000,70.000000,0.000000,,,0,0,,,,,0.001636,SMALL
ga,hfvrp_n001_m03_s01,1,3,0.001000,1788176249481384450,87.334995,168.337487,87.503332,0.000000,,,0,1,,,,,0.012489,DEFAULT
ga,hfvrp_n001_m03_s01,1,3,0.001000,1788176245202486700,87.334995,168.337487,87.503332,0.000000,,,0,1,,,,,0.001337,SMALL
ga,ex1_1v_feasible,2,1,0.001000,9999,84.142136,50.000000,84.192136,0.000000,,,0,1,,,,,0.301194,MEDIUM
ga,ex3_3v_all_feasible,3,3,0.001000,200,162.000000,20.000000,162.020000,0.000000,,,0,1,,,,,1.229466,BIG
ga,ex3_3v_all_feasible,3,3,0.001000,999,162.000000,20.000000,162.020000,0.000000,,,0,1,,,,,0.019961,DEFAULT
ga,ex3_3v_all_feasible,3,3,0.001000,999,162.000000,20.000000,162.020000,0.000000,,,0,1,,,,,0.001986,SMALL
ga,ex4_3v_infeasible,4,3,0.001000,200,141.798990,0.000000,141.798990,0.000000,,,0,0,,,,,0.448309,MEDIUM
ga,hfvrp_n001_m03_s01,1,3,0.001000,1788176636049513451,87.334995,168.337487,87.503332,0.000000,,,0,1,,,,,0.243439,MEDIUM
ga,ex2_1v_infeasible,2,1,0.001000,9999,70.000000,0.000000,70.000000,0.000000,,,0,0,,,,,0.302109,MEDIUM
ga,ex5_3v_one_used_feasible,3,3,0.001000,999,107.597980,120.710678,107.718690,0.000000,,,0,1,,,,,0.391361,MEDIUM
ga,ex3_3v_all_feasible,3,3,0.001000,999,162.000000,20.000000,162.020000,0.000000,,,0,1,,,,,0.387419,MEDIUM
ga,hfvrp_n001_m03_s01,1,3,0.001000,1788176610527032958,87.334995,168.337487,87.503332,0.000000,,,0,1,,,,,0.717009,BIG
ga,ex1_1v_feasible,2,1,0.001000,9999,84.142136,50.000000,84.192136,0.000000,,,0,1,,,,,0.881107,BIG
ga,hfvrp_n001_m03_s02,1,3,0.001000,1788176675710921159,156.310634,50.546098,156.361180,0.000000,,,0,1,,,,,0.012547,DEFAULT
ga,hfvrp_n001_m03_s02,1,3,0.001000,1788176495338751659,156.310634,50.546098,156.361180,0.000000,,,0,1,,,,,0.001337,SMALL
ga,ex1_1v_feasible,2,1,0.001000,19345,84.142136,50.000000,84.192136,0.000000,,,0,1,,,,,0.019704,DEFAULT
ga,ex1_1v_feasible,2,1,0.001000,19345,84.142136,50.000000,84.192136,0.000000,,,0,1,,,,,0.003129,SMALL
ga,ex2_1v_infeasible,2,1,0.001000,9999,70.000000,0.000000,70.000000,0.000000,,,0,0,,,,,0.954105,BIG
ga,hfvrp_n001_m03_s02,1,3,0.001000,1788176508228730438,156.310634,50.546098,156.361180,0.000000,,,0,1,,,,,0.241762,MEDIUM
ga,ex2_1v_infeasible,2,1,0.001000,19345,70.000000,0.000000,70.000000,0.000000,,,0,0,,,,,0.019416,DEFAULT
ga,ex2_1v_infeasible,2,1,0.001000,19345,70.000000,0.000000,70.000000,0.000000,,,0,0,,,,,0.004012,SMALL
ga,ex1_1v_feasible,2,1,0.001000,19345,84.142136,50.000000,84.192136,0.000000,,,0,1,,,,,0.295703,MEDIUM
ga,ex5_3v_one_used_feasible,3,3,0.001000,999,107.597980,120.710678,107.718690,0.000000,,,0,1,,,,,1.144593,BIG
ga,ex5_3v_one_used_feasible,3,3,0.001000,1234,107.597980,120.710678,107.718690,0.000000,,,0,1,,,,,0.020374,DEFAULT
ga,ex5_3v_one_used_feasible,3,3,0.001000,1234,107.597980,120.710678,107.718690,0.000000,,,0,1,,,,,0.006617,SMALL
ga,ex4_3v_infeasible,4,3,0.001000,200,141.798990,0.000000,141.798990,0.000000,,,0,0,,,,,1.332811,BIG
ga,ex4_3v_infeasible,4,3,0.001000,999,141.798990,0.000000,141.798990,0.000000,,,0,0,,,,,0.022078,DEFAULT
ga,ex2_1v_infeasible,2,1,0.001000,19345,70.000000,0.000000,70.000000,0.000000,,,0,0,,,,,0.303818,MEDIUM
ga,ex4_3v_infeasible,4,3,0.001000,999,141.798990,0.000000,141.798990,0.000000,,,0,0,,,,,0.005064,SMALL
ga,ex3_3v_all_feasible,3,3,0.001000,999,162.000000,20.000000,162.020000,0.000000,,,0,1,,,,,1.184083,BIG
ga,ex3_3v_all_feasible,3,3,0.001000,1234,162.000000,20.000000,162.020000,0.000000,,,0,1,,,,,0.019640,DEFAULT
ga,ex3_3v_all_feasible,3,3,0.001000,1234,162.000000,20.000000,162.020000,0.000000,,,0,1,,,,,0.002056,SMALL
ga,ex5_3v_one_used_feasible,3,3,0.001000,1234,107.597980,120.710678,107.718690,0.000000,,,0,1,,,,,0.385039,MEDIUM
ga,hfvrp_n001_m03_s02,1,3,0.001000,1788176474114753449,156.310634,50.546098,156.361180,0.000000,,,0,1,,,,,0.733458,BIG
ga,hfvrp_n001_m03_s02,1,3,0.001000,1,156.310634,50.546098,156.361180,0.000000,,,0,1,,,,,0.013138,DEFAULT
ga,hfvrp_n001_m03_s02,1,3,0.001000,1,156.310634,50.546098,156.361180,0.000000,,,0,1,,,,,0.001341,SMALL
ga,ex4_3v_infeasible,4,3,0.001000,999,141.798990,0.000000,141.798990,0.000000,,,0,0,,,,,0.436500,MEDIUM
ga,ex3_3v_all_feasible,3,3,0.001000,1234,162.000000,20.000000,162.020000,0.000000,,,0,1,,,,,0.389389,MEDIUM
ga,ex1_1v_feasible,2,1,0.001000,19345,84.142136,50.000000,84.192136,0.000000,,,0,1,,,,,0.892860,BIG
ga,ex1_1v_feasible,2,1,0.001000,1788176990501211652,84.142136,50.000000,84.192136,0.000000,,,0,1,,,,,0.016054,DEFAULT
ga,ex1_1v_feasible,2,1,0.001000,1788176986225863471,84.142136,50.000000,84.192136,0.000000,,,0,1,,,,,0.001564,SMALL
ga,hfvrp_n001_m03_s02,1,3,0.001000,1,156.310634,50.546098,156.361180,0.000000,,,0,1,,,,,0.239506,MEDIUM
ga,ex2_1v_infeasible,2,1,0.001000,19345,70.000000,0.000000,70.000000,0.000000,,,0,0,,,,,0.913955,BIG
ga,ex2_1v_infeasible,2,1,0.001000,1788176956415649916,70.000000,0.000000,70.000000,0.000000,,,0,0,,,,,0.018459,DEFAULT
ga,ex2_1v_infeasible,2,1,0.001000,1788176952145713074,70.000000,0.000000,70.000000,0.000000,,,0,0,,,,,0.004582,SMALL
ga,ex1_1v_feasible,2,1,0.001000,1788176964756374862,84.142136,50.000000,84.192136,0.000000,,,0,1,,,,,0.295118,MEDIUM
ga,ex2_1v_infeasible,2,1,0.001000,1788176930680614530,70.000000,0.000000,70.000000,0.000000,,,0,0,,,,,0.300058,MEDIUM
ga,hfvrp_n001_m03_s02,1,3,0.001000,1,156.310634,50.546098,156.361180,0.000000,,,0,1,,,,,0.726338,BIG
ga,ex5_3v_one_used_feasible,3,3,0.001000,1234,107.597980,120.710678,107.718690,0.000000,,,0,1,,,,,1.153990,BIG
ga,hfvrp_n001_m03_s02,1,3,0.001000,10,156.310634,50.546098,156.361180,0.000000,,,0,1,,,,,0.014623,DEFAULT
ga,hfvrp_n001_m03_s02,1,3,0.001000,10,156.310634,50.546098,156.361180,0.000000,,,0,1,,,,,0.003355,SMALL
ga,ex5_3v_one_used_feasible,3,3,0.001000,9999,107.597980,120.710678,107.718690,0.000000,,,0,1,,,,,0.019405,DEFAULT
ga,ex5_3v_one_used_feasible,3,3,0.001000,9999,107.597980,120.710678,107.718690,0.000000,,,0,1,,,,,0.002099,SMALL
ga,hfvrp_n001_m03_s02,1,3,0.001000,10,156.310634,50.546098,156.361180,0.000000,,,0,1,,,,,0.243911,MEDIUM
ga,ex4_3v_infeasible,4,3,0.001000,999,141.798990,0.000000,141.798990,0.000000,,,0,0,,,,,1.319930,BIG
ga,ex3_3v_all_feasible,3,3,0.001000,1234,162.000000,20.000000,162.020000,0.000000,,,0,1,,,,,1.193817,BIG
ga,ex4_3v_infeasible,4,3,0.001000,1234,141.798990,0.000000,141.798990,0.000000,,,0,0,,,,,0.026679,DEFAULT
ga,ex4_3v_infeasible,4,3,0.001000,1234,141.798990,0.000000,141.798990,0.000000,,,0,0,,,,,0.004828,SMALL
ga,ex3_3v_all_feasible,3,3,0.001000,9999,162.000000,20.000000,162.020000,0.000000,,,0,1,,,,,0.022078,DEFAULT
ga,ex3_3v_all_feasible,3,3,0.001000,9999,162.000000,20.000000,162.020000,0.000000,,,0,1,,,,,0.001997,SMALL
ga,ex5_3v_one_used_feasible,3,3,0.001000,9999,107.597980,120.710678,107.718690,0.000000,,,0,1,,,,,0.383365,MEDIUM
ga,ex1_1v_feasible,2,1,0.001000,1788176926400676604,84.142136,50.000000,84.192136,0.000000,,,0,1,,,,,0.892931,BIG
ga,hfvrp_n001_m03_s03,1,3,0.001000,1788177163553176626,130.438737,0.000000,130.438737,0.000000,,,0,1,,,,,0.012471,DEFAULT
ga,hfvrp_n001_m03_s03,1,3,0.001000,1788177159274369776,130.438737,0.000000,130.438737,0.000000,,,0,1,,,,,0.001269,SMALL
ga,hfvrp_n001_m03_s03,1,3,0.001000,1788177137804491037,130.438737,0.000000,130.438737,0.000000,,,0,1,,,,,0.239683,MEDIUM
ga,ex2_1v_infeasible,2,1,0.001000,1788176939574501268,70.000000,0.000000,70.000000,0.000000,,,0,0,,,,,0.908578,BIG
ga,hfvrp_n001_m03_s04,1,3,0.001000,1788177219695034705,122.386776,0.000000,122.386776,0.000000,,,0,1,,,,,0.014543,DEFAULT
ga,hfvrp_n001_m03_s04,1,3,0.001000,1788177206828256533,122.386776,0.000000,122.386776,0.000000,,,0,1,,,,,0.001266,SMALL
ga,ex3_3v_all_feasible,3,3,0.001000,9999,162.000000,20.000000,162.020000,0.000000,,,0,1,,,,,0.401670,MEDIUM
ga,ex4_3v_infeasible,4,3,0.001000,1234,141.798990,0.000000,141.798990,0.000000,,,0,0,,,,,0.440288,MEDIUM
ga,hfvrp_n001_m03_s02,1,3,0.001000,10,156.310634,50.546098,156.361180,0.000000,,,0,1,,,,,0.728265,BIG
ga,hfvrp_n001_m03_s02,1,3,0.001000,50,156.310634,50.546098,156.361180,0.000000,,,0,1,,,,,0.016173,DEFAULT
ga,hfvrp_n001_m03_s02,1,3,0.001000,50,156.310634,50.546098,156.361180,0.000000,,,0,1,,,,,0.001228,SMALL
ga,hfvrp_n001_m03_s04,1,3,0.001000,1788177211128076073,122.386776,0.000000,122.386776,0.000000,,,0,1,,,,,0.239194,MEDIUM
ga,hfvrp_n001_m03_s02,1,3,0.001000,50,156.310634,50.546098,156.361180,0.000000,,,0,1,,,,,0.242463,MEDIUM
ga,hfvrp_n001_m03_s03,1,3,0.001000,1788177142347652806,130.438737,0.000000,130.438737,0.000000,,,0,1,,,,,0.722391,BIG
ga,hfvrp_n001_m03_s03,1,3,0.001000,1,130.438737,0.000000,130.438737,0.000000,,,0,1,,,,,0.013679,DEFAULT
ga,hfvrp_n001_m03_s03,1,3,0.001000,1,130.438737,0.000000,130.438737,0.000000,,,0,1,,,,,0.001225,SMALL
ga,ex5_3v_one_used_feasible,3,3,0.001000,9999,107.597980,120.710678,107.718690,0.000000,,,0,1,,,,,1.158822,BIG
ga,ex5_3v_one_used_feasible,3,3,0.001000,19345,107.597980,120.710678,107.718690,0.000000,,,0,1,,,,,0.020611,DEFAULT
ga,ex5_3v_one_used_feasible,3,3,0.001000,19345,107.597980,120.710678,107.718690,0.000000,,,0,1,,,,,0.002008,SMALL
ga,hfvrp_n001_m03_s03,1,3,0.001000,1,130.438737,0.000000,130.438737,0.000000,,,0,1,,,,,0.241699,MEDIUM
ga,hfvrp_n001_m03_s04,1,3,0.001000,1788177030982727311,122.386776,0.000000,122.386776,0.000000,,,0,1,,,,,0.721081,BIG
ga,hfvrp_n001_m03_s04,1,3,0.001000,1,122.386776,0.000000,122.386776,0.000000,,,0,1,,,,,0.013919,DEFAULT
ga,hfvrp_n001_m03_s04,1,3,0.001000,1,122.386776,0.000000,122.386776,0.000000,,,0,1,,,,,0.003724,SMALL
ga,ex3_3v_all_feasible,3,3,0.001000,9999,162.000000,20.000000,162.020000,0.000000,,,0,1,,,,,1.176345,BIG
ga,ex5_3v_one_used_feasible,3,3,0.001000,19345,107.597980,120.710678,107.718690,0.000000,,,0,1,,,,,0.387922,MEDIUM
ga,hfvrp_n001_m03_s02,1,3,0.001000,50,156.310634,50.546098,156.361180,0.000000,,,0,1,,,,,0.737863,BIG
ga,ex3_3v_all_feasible,3,3,0.001000,19345,162.000000,20.000000,162.020000,0.000000,,,0,1,,,,,0.024822,DEFAULT
ga,ex3_3v_all_feasible,3,3,0.001000,19345,162.000000,20.000000,162.020000,0.000000,,,0,1,,,,,0.002977,SMALL
ga,hfvrp_n001_m03_s02,1,3,0.001000,75,156.310634,50.546098,156.361180,0.000000,,,0,1,,,,,0.012464,DEFAULT
ga,hfvrp_n001_m03_s04,1,3,0.001000,1,122.386776,0.000000,122.386776,0.000000,,,0,1,,,,,0.247045,MEDIUM
ga,hfvrp_n001_m03_s02,1,3,0.001000,75,156.310634,50.546098,156.361180,0.000000,,,0,1,,,,,0.001845,SMALL
ga,ex4_3v_infeasible,4,3,0.001000,1234,141.798990,0.000000,141.798990,0.000000,,,0,0,,,,,1.317244,BIG
ga,ex4_3v_infeasible,4,3,0.001000,9999,141.798990,0.000000,141.798990,0.000000,,,0,0,,,,,0.021948,DEFAULT
ga,ex4_3v_infeasible,4,3,0.001000,9999,141.798990,0.000000,141.798990,0.000000,,,0,0,,,,,0.002268,SMALL
ga,hfvrp_n001_m03_s02,1,3,0.001000,75,156.310634,50.546098,156.361180,0.000000,,,0,1,,,,,0.240989,MEDIUM
ga,ex3_3v_all_feasible,3,3,0.001000,19345,162.000000,20.000000,162.020000,0.000000,,,0,1,,,,,0.392819,MEDIUM
ga,hfvrp_n001_m03_s03,1,3,0.001000,1,130.438737,0.000000,130.438737,0.000000,,,0,1,,,,,0.747572,BIG
ga,hfvrp_n001_m03_s03,1,3,0.001000,10,130.438737,0.000000,130.438737,0.000000,,,0,1,,,,,0.014074,DEFAULT
ga,hfvrp_n001_m03_s03,1,3,0.001000,10,130.438737,0.000000,130.438737,0.000000,,,0,1,,,,,0.003357,SMALL
ga,ex4_3v_infeasible,4,3,0.001000,9999,141.798990,0.000000,141.798990,0.000000,,,0,0,,,,,0.431453,MEDIUM
ga,hfvrp_n001_m03_s03,1,3,0.001000,10,130.438737,0.000000,130.438737,0.000000,,,0,1,,,,,0.241038,MEDIUM
ga,hfvrp_n001_m03_s04,1,3,0.001000,1,122.386776,0.000000,122.386776,0.000000,,,0,1,,,,,0.721811,BIG
ga,hfvrp_n001_m03_s04,1,3,0.001000,10,122.386776,0.000000,122.386776,0.000000,,,0,1,,,,,0.012405,DEFAULT
ga,hfvrp_n001_m03_s04,1,3,0.001000,10,122.386776,0.000000,122.386776,0.000000,,,0,1,,,,,0.002574,SMALL
ga,hfvrp_n001_m03_s02,1,3,0.001000,75,156.310634,50.546098,156.361180,0.000000,,,0,1,,,,,0.725578,BIG
ga,hfvrp_n001_m03_s04,1,3,0.001000,10,122.386776,0.000000,122.386776,0.000000,,,0,1,,,,,0.245895,MEDIUM
ga,hfvrp_n001_m03_s02,1,3,0.001000,100,156.310634,50.546098,156.361180,0.000000,,,0,1,,,,,0.014164,DEFAULT
ga,hfvrp_n001_m03_s02,1,3,0.001000,100,156.310634,50.546098,156.361180,0.000000,,,0,1,,,,,0.002467,SMALL
ga,ex5_3v_one_used_feasible,3,3,0.001000,19345,107.597980,120.710678,107.718690,0.000000,,,0,1,,,,,1.156519,BIG
ga,ex5_3v_one_used_feasible,3,3,0.001000,1788177381032542936,107.597980,120.710678,107.718690,0.000000,,,0,1,,,,,0.020673,DEFAULT
ga,ex5_3v_one_used_feasible,3,3,0.001000,1788177385356163512,107.597980,120.710678,107.718690,0.000000,,,0,1,,,,,0.004751,SMALL
ga,hfvrp_n001_m03_s02,1,3,0.001000,100,156.310634,50.546098,156.361180,0.000000,,,0,1,,,,,0.246718,MEDIUM
ga,hfvrp_n001_m03_s03,1,3,0.001000,10,130.438737,0.000000,130.438737,0.000000,,,0,1,,,,,0.738690,BIG
ga,hfvrp_n001_m03_s03,1,3,0.001000,50,130.438737,0.000000,130.438737,0.000000,,,0,1,,,,,0.013261,DEFAULT
ga,hfvrp_n001_m03_s03,1,3,0.001000,50,130.438737,0.000000,130.438737,0.000000,,,0,1,,,,,0.002488,SMALL
ga,ex5_3v_one_used_feasible,3,3,0.001000,1788177372480402447,107.597980,120.710678,107.718690,0.000000,,,0,1,,,,,0.384155,MEDIUM
ga,ex3_3v_all_feasible,3,3,0.001000,19345,162.000000,20.000000,162.020000,0.000000,,,0,1,,,,,1.195329,BIG
ga,ex3_3v_all_feasible,3,3,0.001000,1788182123142463790,162.000000,20.000000,162.020000,0.000000,,,0,1,,,,,0.023565,DEFAULT
ga,ex3_3v_all_feasible,3,3,0.001000,1788182127468759606,162.000000,20.000000,162.020000,0.000000,,,0,1,,,,,0.004771,SMALL
ga,hfvrp_n001_m03_s04,1,3,0.001000,10,122.386776,0.000000,122.386776,0.000000,,,0,1,,,,,0.734375,BIG
ga,hfvrp_n001_m03_s03,1,3,0.001000,50,130.438737,0.000000,130.438737,0.000000,,,0,1,,,,,0.243337,MEDIUM
ga,hfvrp_n001_m03_s04,1,3,0.001000,50,122.386776,0.000000,122.386776,0.000000,,,0,1,,,,,0.012450,DEFAULT
ga,hfvrp_n001_m03_s04,1,3,0.001000,50,122.386776,0.000000,122.386776,0.000000,,,0,1,,,,,0.003238,SMALL
ga,ex4_3v_infeasible,4,3,0.001000,9999,141.798990,0.000000,141.798990,0.000000,,,0,0,,,,,1.326091,BIG
ga,ex4_3v_infeasible,4,3,0.001000,19345,141.798990,0.000000,141.798990,0.000000,,,0,0,,,,,0.020779,DEFAULT
ga,ex4_3v_infeasible,4,3,0.001000,19345,141.798990,0.000000,141.798990,0.000000,,,0,0,,,,,0.002362,SMALL
ga,hfvrp_n001_m03_s02,1,3,0.001000,100,156.310634,50.546098,156.361180,0.000000,,,0,1,,,,,0.738643,BIG
ga,hfvrp_n001_m03_s04,1,3,0.001000,50,122.386776,0.000000,122.386776,0.000000,,,0,1,,,,,0.246890,MEDIUM
ga,ex3_3v_all_feasible,3,3,0.001000,1788182114592730563,162.000000,20.000000,162.020000,0.000000,,,0,1,,,,,0.399703,MEDIUM
ga,hfvrp_n001_m03_s02,1,3,0.001000,200,156.310634,50.546098,156.361180,0.000000,,,0,1,,,,,0.014520,DEFAULT
ga,hfvrp_n001_m03_s02,1,3,0.001000,200,156.310634,50.546098,156.361180,0.000000,,,0,1,,,,,0.003694,SMALL
ga,hfvrp_n001_m03_s02,1,3,0.001000,200,156.310634,50.546098,156.361180,0.000000,,,0,1,,,,,0.242692,MEDIUM
ga,ex4_3v_infeasible,4,3,0.001000,19345,141.798990,0.000000,141.798990,0.000000,,,0,0,,,,,0.441714,MEDIUM
ga,hfvrp_n001_m03_s03,1,3,0.001000,50,130.438737,0.000000,130.438737,0.000000,,,0,1,,,,,0.730681,BIG
ga,hfvrp_n001_m03_s03,1,3,0.001000,75,130.438737,0.000000,130.438737,0.000000,,,0,1,,,,,0.016903,DEFAULT
ga,hfvrp_n001_m03_s03,1,3,0.001000,75,130.438737,0.000000,130.438737,0.000000,,,0,1,,,,,0.003716,SMALL
ga,ex5_3v_one_used_feasible,3,3,0.001000,1788177342803616774,107.597980,120.710678,107.718690,0.000000,,,0,1,,,,,1.155772,BIG
ga,hfvrp_n001_m03_s05,1,3,0.001000,1788182059874375597,89.097550,34.548775,89.132099,0.000000,,,0,1,,,,,0.013471,DEFAULT
ga,hfvrp_n001_m03_s04,1,3,0.001000,50,122.386776,0.000000,122.386776,0.000000,,,0,1,,,,,0.726000,BIG
ga,hfvrp_n001_m03_s05,1,3,0.001000,1788182047006793844,89.097550,34.548775,89.132099,0.000000,,,0,1,,,,,0.001283,SMALL
ga,hfvrp_n001_m03_s03,1,3,0.001000,75,130.438737,0.000000,130.438737,0.000000,,,0,1,,,,,0.241923,MEDIUM
ga,hfvrp_n001_m03_s04,1,3,0.001000,75,122.386776,0.000000,122.386776,0.000000,,,0,1,,,,,0.018045,DEFAULT
ga,hfvrp_n001_m03_s04,1,3,0.001000,75,122.386776,0.000000,122.386776,0.000000,,,0,1,,,,,0.001900,SMALL
ga,hfvrp_n001_m03_s05,1,3,0.001000,1788182029836404557,89.097550,34.548775,89.132099,0.000000,,,0,1,,,,,0.248005,MEDIUM
ga,hfvrp_n001_m03_s02,1,3,0.001000,200,156.310634,50.546098,156.361180,0.000000,,,0,1,,,,,0.729280,BIG
ga,hfvrp_n001_m03_s04,1,3,0.001000,75,122.386776,0.000000,122.386776,0.000000,,,0,1,,,,,0.243360,MEDIUM
ga,hfvrp_n001_m03_s02,1,3,0.001000,999,156.310634,50.546098,156.361180,0.000000,,,0,1,,,,,0.013028,DEFAULT
ga,hfvrp_n001_m03_s02,1,3,0.001000,999,156.310634,50.546098,156.361180,0.000000,,,0,1,,,,,0.001334,SMALL
ga,ex3_3v_all_feasible,3,3,0.001000,1788182157948214295,162.000000,20.000000,162.020000,0.000000,,,0,1,,,,,1.190168,BIG
ga,hfvrp_n002_m03_s01,2,3,0.001000,1788182459828108234,262.852855,468.007587,263.320862,0.000000,,,0,1,,,,,0.017766,DEFAULT
ga,hfvrp_n002_m03_s01,2,3,0.001000,1788182455557122143,262.852855,468.007587,263.320862,0.000000,,,0,1,,,,,0.003604,SMALL
ga,hfvrp_n001_m03_s02,1,3,0.001000,999,156.310634,50.546098,156.361180,0.000000,,,0,1,,,,,0.243060,MEDIUM
ga,hfvrp_n001_m03_s03,1,3,0.001000,75,130.438737,0.000000,130.438737,0.000000,,,0,1,,,,,0.745171,BIG
ga,hfvrp_n001_m03_s03,1,3,0.001000,100,130.438737,0.000000,130.438737,0.000000,,,0,1,,,,,0.013358,DEFAULT
ga,hfvrp_n001_m03_s03,1,3,0.001000,100,130.438737,0.000000,130.438737,0.000000,,,0,1,,,,,0.001236,SMALL
ga,hfvrp_n002_m03_s01,2,3,0.001000,1788182451269616840,262.852855,468.007587,263.320862,0.000000,,,0,1,,,,,0.319330,MEDIUM
ga,ex4_3v_infeasible,4,3,0.001000,19345,141.798990,0.000000,141.798990,0.000000,,,0,0,,,,,1.335193,BIG
ga,hfvrp_n001_m03_s05,1,3,0.001000,1788182416635584349,89.097550,34.548775,89.132099,0.000000,,,0,1,,,,,0.728049,BIG
ga,ex4_3v_infeasible,4,3,0.001000,1788182254129507939,141.798990,0.000000,141.798990,0.000000,,,0,0,,,,,0.025782,DEFAULT
ga,ex4_3v_infeasible,4,3,0.001000,1788182245571410466,141.798990,0.000000,141.798990,0.000000,,,0,0,,,,,0.005551,SMALL
ga,hfvrp_n001_m03_s05,1,3,0.001000,1,89.097550,34.548775,89.132099,0.000000,,,0,1,,,,,0.012405,DEFAULT
ga,hfvrp_n001_m03_s05,1,3,0.001000,1,89.097550,34.548775,89.132099,0.000000,,,0,1,,,,,0.001284,SMALL
ga,hfvrp_n001_m03_s04,1,3,0.001000,75,122.386776,0.000000,122.386776,0.000000,,,0,1,,,,,0.734335,BIG
ga,hfvrp_n001_m03_s03,1,3,0.001000,100,130.438737,0.000000,130.438737,0.000000,,,0,1,,,,,0.242718,MEDIUM
ga,hfvrp_n001_m03_s04,1,3,0.001000,100,122.386776,0.000000,122.386776,0.000000,,,0,1,,,,,0.016512,DEFAULT
ga,hfvrp_n001_m03_s04,1,3,0.001000,100,122.386776,0.000000,122.386776,0.000000,,,0,1,,,,,0.001324,SMALL
ga,hfvrp_n001_m03_s05,1,3,0.001000,1,89.097550,34.548775,89.132099,0.000000,,,0,1,,,,,0.241806,MEDIUM
ga,hfvrp_n001_m03_s02,1,3,0.001000,999,156.310634,50.546098,156.361180,0.000000,,,0,1,,,,,0.730928,BIG
ga,hfvrp_n001_m03_s02,1,3,0.001000,1234,156.310634,50.546098,156.361180,0.000000,,,0,1,,,,,0.013893,DEFAULT
ga,hfvrp_n001_m03_s02,1,3,0.001000,1234,156.310634,50.546098,156.361180,0.000000,,,0,1,,,,,0.001248,SMALL
ga,hfvrp_n001_m03_s04,1,3,0.001000,100,122.386776,0.000000,122.386776,0.000000,,,0,1,,,,,0.240111,MEDIUM
ga,ex4_3v_infeasible,4,3,0.001000,1788182224106130662,141.798990,0.000000,141.798990,0.000000,,,0,0,,,,,0.439585,MEDIUM
ga,hfvrp_n001_m03_s02,1,3,0.001000,1234,156.310634,50.546098,156.361180,0.000000,,,0,1,,,,,0.236851,MEDIUM
ga,hfvrp_n001_m03_s03,1,3,0.001000,100,130.438737,0.000000,130.438737,0.000000,,,0,1,,,,,0.734539,BIG
ga,hfvrp_n001_m03_s03,1,3,0.001000,200,130.438737,0.000000,130.438737,0.000000,,,0,1,,,,,0.013747,DEFAULT
ga,hfvrp_n001_m03_s03,1,3,0.001000,200,130.438737,0.000000,130.438737,0.000000,,,0,1,,,,,0.001257,SMALL
ga,hfvrp_n002_m03_s01,2,3,0.001000,1788182275499117399,262.852855,468.007587,263.320862,0.000000,,,0,1,,,,,0.971937,BIG
ga,hfvrp_n002_m03_s01,2,3,0.001000,1,262.852855,468.007587,263.320862,0.000000,,,0,1,,,,,0.017805,DEFAULT
ga,hfvrp_n002_m03_s01,2,3,0.001000,1,262.852855,468.007587,263.320862,0.000000,,,0,1,,,,,0.005729,SMALL
ga,hfvrp_n001_m03_s05,1,3,0.001000,1,89.097550,34.548775,89.132099,0.000000,,,0,1,,,,,0.723996,BIG
ga,hfvrp_n001_m03_s05,1,3,0.001000,10,89.097550,34.548775,89.132099,0.000000,,,0,1,,,,,0.013389,DEFAULT
ga,hfvrp_n001_m03_s04,1,3,0.001000,100,122.386776,0.000000,122.386776,0.000000,,,0,1,,,,,0.721830,BIG
ga,hfvrp_n001_m03_s05,1,3,0.001000,10,89.097550,34.548775,89.132099,0.000000,,,0,1,,,,,0.004139,SMALL
ga,hfvrp_n001_m03_s03,1,3,0.001000,200,130.438737,0.000000,130.438737,0.000000,,,0,1,,,,,0.245757,MEDIUM
ga,hfvrp_n001_m03_s04,1,3,0.001000,200,122.386776,0.000000,122.386776,0.000000,,,0,1,,,,,0.012548,DEFAULT
ga,hfvrp_n001_m03_s04,1,3,0.001000,200,122.386776,0.000000,122.386776,0.000000,,,0,1,,,,,0.001338,SMALL
ga,hfvrp_n002_m03_s01,2,3,0.001000,1,262.852855,468.007587,263.320862,0.000000,,,0,1,,,,,0.325142,MEDIUM
ga,hfvrp_n001_m03_s02,1,3,0.001000,1234,156.310634,50.546098,156.361180,0.000000,,,0,1,,,,,0.728260,BIG
ga,hfvrp_n001_m03_s05,1,3,0.001000,10,89.097550,34.548775,89.132099,0.000000,,,0,1,,,,,0.246279,MEDIUM
ga,hfvrp_n001_m03_s02,1,3,0.001000,9999,156.310634,50.546098,156.361180,0.000000,,,0,1,,,,,0.012189,DEFAULT
ga,hfvrp_n001_m03_s02,1,3,0.001000,9999,156.310634,50.546098,156.361180,0.000000,,,0,1,,,,,0.001330,SMALL
ga,hfvrp_n001_m03_s04,1,3,0.001000,200,122.386776,0.000000,122.386776,0.000000,,,0,1,,,,,0.241944,MEDIUM
ga,hfvrp_n001_m03_s02,1,3,0.001000,9999,156.310634,50.546098,156.361180,0.000000,,,0,1,,,,,0.242895,MEDIUM
ga,ex4_3v_infeasible,4,3,0.001000,1788182688405971277,141.798990,0.000000,141.798990,0.000000,,,0,0,,,,,1.326466,BIG
ga,hfvrp_n001_m03_s03,1,3,0.001000,200,130.438737,0.000000,130.438737,0.000000,,,0,1,,,,,0.724821,BIG
ga,hfvrp_n001_m03_s03,1,3,0.001000,999,130.438737,0.000000,130.438737,0.000000,,,0,1,,,,,0.015712,DEFAULT
ga,hfvrp_n002_m03_s02,2,3,0.001000,1788182569515908212,139.033247,41.343143,139.074590,0.000000,,,0,1,,,,,0.017221,DEFAULT
ga,hfvrp_n001_m03_s03,1,3,0.001000,999,130.438737,0.000000,130.438737,0.000000,,,0,1,,,,,0.001849,SMALL
ga,hfvrp_n002_m03_s02,2,3,0.001000,1788182560946815379,139.033247,41.343143,139.074590,0.000000,,,0,1,,,,,0.001704,SMALL
ga,hfvrp_n001_m03_s05,1,3,0.001000,10,89.097550,34.548775,89.132099,0.000000,,,0,1,,,,,0.724123,BIG
ga,hfvrp_n001_m03_s04,1,3,0.001000,200,122.386776,0.000000,122.386776,0.000000,,,0,1,,,,,0.721615,BIG
ga,hfvrp_n001_m03_s05,1,3,0.001000,50,89.097550,34.548775,89.132099,0.000000,,,0,1,,,,,0.012492,DEFAULT
ga,hfvrp_n001_m03_s05,1,3,0.001000,50,89.097550,34.548775,89.132099,0.000000,,,0,1,,,,,0.001344,SMALL
ga,hfvrp_n001_m03_s04,1,3,0.001000,999,122.386776,0.000000,122.386776,0.000000,,,0,1,,,,,0.012426,DEFAULT
ga,hfvrp_n001_m03_s04,1,3,0.001000,999,122.386776,0.000000,122.386776,0.000000,,,0,1,,,,,0.001332,SMALL
ga,hfvrp_n001_m03_s03,1,3,0.001000,999,130.438737,0.000000,130.438737,0.000000,,,0,1,,,,,0.243765,MEDIUM
ga,hfvrp_n002_m03_s02,2,3,0.001000,1788182964679221730,139.033247,41.343143,139.074590,0.000000,,,0,1,,,,,0.311895,MEDIUM
ga,hfvrp_n002_m03_s01,2,3,0.001000,1,262.852855,468.007587,263.320862,0.000000,,,0,1,,,,,0.975330,BIG
ga,hfvrp_n002_m03_s01,2,3,0.001000,10,262.852855,468.007587,263.320862,0.000000,,,0,1,,,,,0.016257,DEFAULT
ga,hfvrp_n002_m03_s01,2,3,0.001000,10,262.852855,468.007587,263.320862,0.000000,,,0,1,,,,,0.001621,SMALL
ga,hfvrp_n001_m03_s02,1,3,0.001000,9999,156.310634,50.546098,156.361180,0.000000,,,0,1,,,,,0.733084,BIG
ga,hfvrp_n001_m03_s05,1,3,0.001000,50,89.097550,34.548775,89.132099,0.000000,,,0,1,,,,,0.243002,MEDIUM
ga,hfvrp_n001_m03_s04,1,3,0.001000,999,122.386776,0.000000,122.386776,0.000000,,,0,1,,,,,0.244176,MEDIUM
ga,hfvrp_n001_m03_s02,1,3,0.001000,19345,156.310634,50.546098,156.361180,0.000000,,,0,1,,,,,0.014254,DEFAULT
ga,hfvrp_n001_m03_s02,1,3,0.001000,19345,156.310634,50.546098,156.361180,0.000000,,,0,1,,,,,0.001323,SMALL
ga,hfvrp_n002_m03_s01,2,3,0.001000,10,262.852855,468.007587,263.320862,0.000000,,,0,1,,,,,0.320791,MEDIUM
ga,hfvrp_n001_m03_s02,1,3,0.001000,19345,156.310634,50.546098,156.361180,0.000000,,,0,1,,,,,0.240459,MEDIUM
ga,hfvrp_n001_m03_s03,1,3,0.001000,999,130.438737,0.000000,130.438737,0.000000,,,0,1,,,,,0.722441,BIG
ga,hfvrp_n001_m03_s03,1,3,0.001000,1234,130.438737,0.000000,130.438737,0.000000,,,0,1,,,,,0.016043,DEFAULT
ga,hfvrp_n001_m03_s03,1,3,0.001000,1234,130.438737,0.000000,130.438737,0.000000,,,0,1,,,,,0.002561,SMALL
ga,hfvrp_n001_m03_s05,1,3,0.001000,50,89.097550,34.548775,89.132099,0.000000,,,0,1,,,,,0.724758,BIG
ga,hfvrp_n001_m03_s04,1,3,0.001000,999,122.386776,0.000000,122.386776,0.000000,,,0,1,,,,,0.731639,BIG
ga,hfvrp_n001_m03_s05,1,3,0.001000,75,89.097550,34.548775,89.132099,0.000000,,,0,1,,,,,0.012502,DEFAULT
ga,hfvrp_n001_m03_s05,1,3,0.001000,75,89.097550,34.548775,89.132099,0.000000,,,0,1,,,,,0.001342,SMALL
ga,hfvrp_n001_m03_s04,1,3,0.001000,1234,122.386776,0.000000,122.386776,0.000000,,,0,1,,,,,0.013210,DEFAULT
ga,hfvrp_n001_m03_s04,1,3,0.001000,1234,122.386776,0.000000,122.386776,0.000000,,,0,1,,,,,0.003338,SMALL
ga,hfvrp_n001_m03_s03,1,3,0.001000,1234,130.438737,0.000000,130.438737,0.000000,,,0,1,,,,,0.247014,MEDIUM
ga,hfvrp_n002_m03_s02,2,3,0.001000,1788183033719199090,139.033247,41.343143,139.074590,0.000000,,,0,1,,,,,0.960892,BIG
ga,hfvrp_n002_m03_s02,2,3,0.001000,1,139.033247,41.343143,139.074590,0.000000,,,0,1,,,,,0.016745,DEFAULT
ga,hfvrp_n002_m03_s02,2,3,0.001000,1,139.033247,41.343143,139.074590,0.000000,,,0,1,,,,,0.003222,SMALL
ga,hfvrp_n001_m03_s05,1,3,0.001000,75,89.097550,34.548775,89.132099,0.000000,,,0,1,,,,,0.249645,MEDIUM
ga,hfvrp_n001_m03_s02,1,3,0.001000,19345,156.310634,50.546098,156.361180,0.000000,,,0,1,,,,,0.734592,BIG
ga,hfvrp_n001_m03_s02,1,3,0.001000,1788183219582983314,156.310634,50.546098,156.361180,0.000000,,,0,1,,,,,0.015882,DEFAULT
ga,hfvrp_n001_m03_s02,1,3,0.001000,1788183215307207825,156.310634,50.546098,156.361180,0.000000,,,0,1,,,,,0.001287,SMALL
ga,hfvrp_n001_m03_s04,1,3,0.001000,1234,122.386776,0.000000,122.386776,0.000000,,,0,1,,,,,0.267633,MEDIUM
ga,hfvrp_n002_m03_s02,2,3,0.001000,1,139.033247,41.343143,139.074590,0.000000,,,0,1,,,,,0.312968,MEDIUM
ga,hfvrp_n002_m03_s01,2,3,0.001000,10,262.852855,468.007587,263.320862,0.000000,,,0,1,,,,,0.973447,BIG
ga,hfvrp_n002_m03_s01,2,3,0.001000,50,262.852855,468.007587,263.320862,0.000000,,,0,1,,,,,0.017840,DEFAULT
ga,hfvrp_n002_m03_s01,2,3,0.001000,50,262.852855,468.007587,263.320862,0.000000,,,0,1,,,,,0.001762,SMALL
ga,hfvrp_n001_m03_s02,1,3,0.001000,1788183211019817544,156.310634,50.546098,156.361180,0.000000,,,0,1,,,,,0.251576,MEDIUM
ga,hfvrp_n001_m03_s03,1,3,0.001000,1234,130.438737,0.000000,130.438737,0.000000,,,0,1,,,,,0.730944,BIG
ga,hfvrp_n001_m03_s03,1,3,0.001000,9999,130.438737,0.000000,130.438737,0.000000,,,0,1,,,,,0.014953,DEFAULT
ga,hfvrp_n001_m03_s03,1,3,0.001000,9999,130.438737,0.000000,130.438737,0.000000,,,0,1,,,,,0.001345,SMALL
ga,hfvrp_n002_m03_s01,2,3,0.001000,50,262.852855,468.007587,263.320862,0.000000,,,0,1,,,,,0.342952,MEDIUM
ga,hfvrp_n001_m03_s05,1,3,0.001000,75,89.097550,34.548775,89.132099,0.000000,,,0,1,,,,,0.737854,BIG
ga,hfvrp_n001_m03_s05,1,3,0.001000,100,89.097550,34.548775,89.132099,0.000000,,,0,1,,,,,0.015197,DEFAULT
ga,hfvrp_n001_m03_s05,1,3,0.001000,100,89.097550,34.548775,89.132099,0.000000,,,0,1,,,,,0.003043,SMALL
ga,hfvrp_n001_m03_s04,1,3,0.001000,1234,122.386776,0.000000,122.386776,0.000000,,,0,1,,,,,0.735098,BIG
ga,hfvrp_n001_m03_s03,1,3,0.001000,9999,130.438737,0.000000,130.438737,0.000000,,,0,1,,,,,0.244457,MEDIUM
ga,hfvrp_n001_m03_s04,1,3,0.001000,9999,122.386776,0.000000,122.386776,0.000000,,,0,1,,,,,0.012392,DEFAULT
ga,hfvrp_n001_m03_s04,1,3,0.001000,9999,122.386776,0.000000,122.386776,0.000000,,,0,1,,,,,0.003004,SMALL
ga,hfvrp_n001_m03_s05,1,3,0.001000,100,89.097550,34.548775,89.132099,0.000000,,,0,1,,,,,0.242524,MEDIUM
ga,hfvrp_n001_m03_s02,1,3,0.001000,1788183185509778604,156.310634,50.546098,156.361180,0.000000,,,0,1,,,,,0.735155,BIG
ga,hfvrp_n001_m03_s04,1,3,0.001000,9999,122.386776,0.000000,122.386776,0.000000,,,0,1,,,,,0.251748,MEDIUM
ga,hfvrp_n002_m03_s03,2,3,0.001000,1788183074616817101,185.309216,25.338303,185.334554,0.000000,,,0,1,,,,,0.016410,DEFAULT
ga,hfvrp_n002_m03_s03,2,3,0.001000,1788183083227900631,185.309216,25.338303,185.334554,0.000000,,,0,1,,,,,0.002530,SMALL
ga,hfvrp_n002_m03_s02,2,3,0.001000,1,139.033247,41.343143,139.074590,0.000000,,,0,1,,,,,0.954345,BIG
ga,hfvrp_n002_m03_s02,2,3,0.001000,10,139.033247,41.343143,139.074590,0.000000,,,0,1,,,,,0.019061,DEFAULT
ga,hfvrp_n002_m03_s02,2,3,0.001000,10,139.033247,41.343143,139.074590,0.000000,,,0,1,,,,,0.001574,SMALL
ga,hfvrp_n002_m03_s03,2,3,0.001000,1788183087529839854,185.309216,25.338303,185.334554,0.000000,,,0,1,,,,,0.316758,MEDIUM
ga,hfvrp_n002_m03_s02,2,3,0.001000,10,139.033247,41.343143,139.074590,0.000000,,,0,1,,,,,0.311563,MEDIUM
ga,hfvrp_n001_m03_s03,1,3,0.001000,9999,130.438737,0.000000,130.438737,0.000000,,,0,1,,,,,0.725736,BIG
ga,hfvrp_n001_m03_s03,1,3,0.001000,19345,130.438737,0.000000,130.438737,0.000000,,,0,1,,,,,0.013500,DEFAULT
ga,hfvrp_n001_m03_s03,1,3,0.001000,19345,130.438737,0.000000,130.438737,0.000000,,,0,1,,,,,0.001243,SMALL
ga,hfvrp_n002_m03_s01,2,3,0.001000,50,262.852855,468.007587,263.320862,0.000000,,,0,1,,,,,0.972325,BIG
ga,hfvrp_n002_m03_s01,2,3,0.001000,75,262.852855,468.007587,263.320862,0.000000,,,0,1,,,,,0.016399,DEFAULT
ga,hfvrp_n002_m03_s01,2,3,0.001000,75,262.852855,468.007587,263.320862,0.000000,,,0,1,,,,,0.003382,SMALL
ga,hfvrp_n001_m03_s05,1,3,0.001000,100,89.097550,34.548775,89.132099,0.000000,,,0,1,,,,,0.725218,BIG
ga,hfvrp_n001_m03_s05,1,3,0.001000,200,89.097550,34.548775,89.132099,0.000000,,,0,1,,,,,0.013790,DEFAULT
ga,hfvrp_n001_m03_s05,1,3,0.001000,200,89.097550,34.548775,89.132099,0.000000,,,0,1,,,,,0.003706,SMALL
ga,hfvrp_n001_m03_s03,1,3,0.001000,19345,130.438737,0.000000,130.438737,0.000000,,,0,1,,,,,0.246358,MEDIUM
ga,hfvrp_n001_m03_s04,1,3,0.001000,9999,122.386776,0.000000,122.386776,0.000000,,,0,1,,,,,0.733463,BIG
ga,hfvrp_n001_m03_s04,1,3,0.001000,19345,122.386776,0.000000,122.386776,0.000000,,,0,1,,,,,0.016049,DEFAULT
ga,hfvrp_n001_m03_s04,1,3,0.001000,19345,122.386776,0.000000,122.386776,0.000000,,,0,1,,,,,0.002087,SMALL
ga,hfvrp_n002_m03_s01,2,3,0.001000,75,262.852855,468.007587,263.320862,0.000000,,,0,1,,,,,0.322349,MEDIUM
ga,hfvrp_n001_m03_s05,1,3,0.001000,200,89.097550,34.548775,89.132099,0.000000,,,0,1,,,,,0.248058,MEDIUM
ga,hfvrp_n001_m03_s04,1,3,0.001000,19345,122.386776,0.000000,122.386776,0.000000,,,0,1,,,,,0.241543,MEDIUM
ga,hfvrp_n002_m03_s03,2,3,0.001000,1788183534526972366,185.309216,25.338303,185.334554,0.000000,,,0,1,,,,,0.970203,BIG
ga,hfvrp_n002_m03_s03,2,3,0.001000,1,185.309216,25.338303,185.334554,0.000000,,,0,1,,,,,0.018969,DEFAULT
ga,hfvrp_n002_m03_s03,2,3,0.001000,1,185.309216,25.338303,185.334554,0.000000,,,0,1,,,,,0.001775,SMALL
ga,hfvrp_n002_m03_s02,2,3,0.001000,10,139.033247,41.343143,139.074590,0.000000,,,0,1,,,,,0.972513,BIG
ga,hfvrp_n002_m03_s02,2,3,0.001000,50,139.033247,41.343143,139.074590,0.000000,,,0,1,,,,,0.015849,DEFAULT
ga,hfvrp_n002_m03_s02,2,3,0.001000,50,139.033247,41.343143,139.074590,0.000000,,,0,1,,,,,0.001697,SMALL
ga,hfvrp_n001_m03_s03,1,3,0.001000,19345,130.438737,0.000000,130.438737,0.000000,,,0,1,,,,,0.732361,BIG
ga,hfvrp_n001_m03_s03,1,3,0.001000,1788183346694556879,130.438737,0.000000,130.438737,0.000000,,,0,1,,,,,0.013146,DEFAULT
ga,hfvrp_n001_m03_s03,1,3,0.001000,1788183351006566104,130.438737,0.000000,130.438737,0.000000,,,0,1,,,,,0.001322,SMALL
ga,hfvrp_n002_m03_s03,2,3,0.001000,1,185.309216,25.338303,185.334554,0.000000,,,0,1,,,,,0.338275,MEDIUM
ga,hfvrp_n001_m03_s05,1,3,0.001000,200,89.097550,34.548775,89.132099,0.000000,,,0,1,,,,,0.736243,BIG
ga,hfvrp_n002_m03_s02,2,3,0.001000,50,139.033247,41.343143,139.074590,0.000000,,,0,1,,,,,0.312531,MEDIUM
ga,hfvrp_n001_m03_s05,1,3,0.001000,999,89.097550,34.548775,89.132099,0.000000,,,0,1,,,,,0.013587,DEFAULT
ga,hfvrp_n001_m03_s03,1,3,0.001000,1788183355306458876,130.438737,0.000000,130.438737,0.000000,,,0,1,,,,,0.243218,MEDIUM
ga,hfvrp_n001_m03_s05,1,3,0.001000,999,89.097550,34.548775,89.132099,0.000000,,,0,1,,,,,0.001355,SMALL
ga,hfvrp_n001_m03_s04,1,3,0.001000,19345,122.386776,0.000000,122.386776,0.000000,,,0,1,,,,,0.739043,BIG
ga,hfvrp_n001_m03_s04,1,3,0.001000,1788183832323512368,122.386776,0.000000,122.386776,0.000000,,,0,1,,,,,0.017643,DEFAULT
ga,hfvrp_n001_m03_s04,1,3,0.001000,1788183836641377354,122.386776,0.000000,122.386776,0.000000,,,0,1,,,,,0.002638,SMALL
ga,hfvrp_n002_m03_s01,2,3,0.001000,75,262.852855,468.007587,263.320862,0.000000,,,0,1,,,,,0.999487,BIG
ga,hfvrp_n002_m03_s01,2,3,0.001000,100,262.852855,468.007587,263.320862,0.000000,,,0,1,,,,,0.017428,DEFAULT
ga,hfvrp_n002_m03_s01,2,3,0.001000,100,262.852855,468.007587,263.320862,0.000000,,,0,1,,,,,0.001616,SMALL
ga,hfvrp_n001_m03_s05,1,3,0.001000,999,89.097550,34.548775,89.132099,0.000000,,,0,1,,,,,0.245164,MEDIUM
ga,hfvrp_n001_m03_s04,1,3,0.001000,1788183840942671708,122.386776,0.000000,122.386776,0.000000,,,0,1,,,,,0.240536,MEDIUM
ga,hfvrp_n002_m03_s01,2,3,0.001000,100,262.852855,468.007587,263.320862,0.000000,,,0,1,,,,,0.314585,MEDIUM
ga,hfvrp_n001_m03_s03,1,3,0.001000,1788183806525189301,130.438737,0.000000,130.438737,0.000000,,,0,1,,,,,0.732231,BIG
ga,hfvrp_n002_m03_s04,2,3,0.001000,1788183669860400346,174.940044,35.445494,174.975490,0.000000,,,0,1,,,,,0.015832,DEFAULT
ga,hfvrp_n002_m03_s04,2,3,0.001000,1788183674174946696,174.940044,35.445494,174.975490,0.000000,,,0,1,,,,,0.001718,SMALL
ga,hfvrp_n002_m03_s02,2,3,0.001000,50,139.033247,41.343143,139.074590,0.000000,,,0,1,,,,,0.935041,BIG
ga,hfvrp_n002_m03_s03,2,3,0.001000,1,185.309216,25.338303,185.334554,0.000000,,,0,1,,,,,0.976318,BIG
ga,hfvrp_n002_m03_s02,2,3,0.001000,75,139.033247,41.343143,139.074590,0.000000,,,0,1,,,,,0.020734,DEFAULT
ga,hfvrp_n002_m03_s02,2,3,0.001000,75,139.033247,41.343143,139.074590,0.000000,,,0,1,,,,,0.001734,SMALL
ga,hfvrp_n002_m03_s03,2,3,0.001000,10,185.309216,25.338303,185.334554,0.000000,,,0,1,,,,,0.016394,DEFAULT
ga,hfvrp_n002_m03_s03,2,3,0.001000,10,185.309216,25.338303,185.334554,0.000000,,,0,1,,,,,0.001771,SMALL
ga,hfvrp_n001_m03_s05,1,3,0.001000,999,89.097550,34.548775,89.132099,0.000000,,,0,1,,,,,0.732929,BIG
ga,hfvrp_n001_m03_s05,1,3,0.001000,1234,89.097550,34.548775,89.132099,0.000000,,,0,1,,,,,0.012456,DEFAULT
ga,hfvrp_n001_m03_s05,1,3,0.001000,1234,89.097550,34.548775,89.132099,0.000000,,,0,1,,,,,0.001330,SMALL
ga,hfvrp_n001_m03_s04,1,3,0.001000,1788183742402189119,122.386776,0.000000,122.386776,0.000000,,,0,1,,,,,0.731501,BIG
ga,hfvrp_n002_m03_s05,2,3,0.001000,1788184103954610922,302.671304,316.313399,302.987618,0.000000,,,0,1,,,,,0.016970,DEFAULT
ga,hfvrp_n002_m03_s05,2,3,0.001000,1788184108270262076,302.671304,316.313399,302.987618,0.000000,,,0,1,,,,,0.001704,SMALL
ga,hfvrp_n002_m03_s04,2,3,0.001000,1788183678479989496,174.940044,35.445494,174.975490,0.000000,,,0,1,,,,,0.327705,MEDIUM
ga,hfvrp_n001_m03_s05,1,3,0.001000,1234,89.097550,34.548775,89.132099,0.000000,,,0,1,,,,,0.244408,MEDIUM
ga,hfvrp_n002_m03_s02,2,3,0.001000,75,139.033247,41.343143,139.074590,0.000000,,,0,1,,,,,0.318444,MEDIUM
ga,hfvrp_n002_m03_s03,2,3,0.001000,10,185.309216,25.338303,185.334554,0.000000,,,0,1,,,,,0.330173,MEDIUM
ga,hfvrp_n002_m03_s05,2,3,0.001000,1788184112570634949,302.671304,316.313399,302.987618,0.000000,,,0,1,,,,,0.309482,MEDIUM
ga,hfvrp_n002_m03_s01,2,3,0.001000,100,262.852855,468.007587,263.320862,0.000000,,,0,1,,,,,0.978904,BIG
ga,hfvrp_n002_m03_s01,2,3,0.001000,200,262.852855,468.007587,263.320862,0.000000,,,0,1,,,,,0.016575,DEFAULT
ga,hfvrp_n002_m03_s01,2,3,0.001000,200,262.852855,468.007587,263.320862,0.000000,,,0,1,,,,,0.001757,SMALL
ga,hfvrp_n002_m03_s01,2,3,0.001000,200,262.852855,468.007587,263.320862,0.000000,,,0,1,,,,,0.319332,MEDIUM
ga,hfvrp_n001_m03_s05,1,3,0.001000,1234,89.097550,34.548775,89.132099,0.000000,,,0,1,,,,,0.726265,BIG
ga,hfvrp_n001_m03_s05,1,3,0.001000,9999,89.097550,34.548775,89.132099,0.000000,,,0,1,,,,,0.013890,DEFAULT
ga,hfvrp_n001_m03_s05,1,3,0.001000,9999,89.097550,34.548775,89.132099,0.000000,,,0,1,,,,,0.003921,SMALL
ga,hfvrp_n002_m03_s04,2,3,0.001000,1788184116898211657,174.940044,35.445494,174.975490,0.000000,,,0,1,,,,,0.937859,BIG
ga,hfvrp_n002_m03_s04,2,3,0.001000,1,174.940044,35.445494,174.975490,0.000000,,,0,1,,,,,0.019143,DEFAULT
ga,hfvrp_n002_m03_s04,2,3,0.001000,1,174.940044,35.445494,174.975490,0.000000,,,0,1,,,,,0.001585,SMALL
ga,hfvrp_n002_m03_s02,2,3,0.001000,75,139.033247,41.343143,139.074590,0.000000,,,0,1,,,,,0.946790,BIG
ga,hfvrp_n002_m03_s02,2,3,0.001000,100,139.033247,41.343143,139.074590,0.000000,,,0,1,,,,,0.016351,DEFAULT
ga,hfvrp_n002_m03_s02,2,3,0.001000,100,139.033247,41.343143,139.074590,0.000000,,,0,1,,,,,0.001697,SMALL
ga,hfvrp_n002_m03_s03,2,3,0.001000,10,185.309216,25.338303,185.334554,0.000000,,,0,1,,,,,0.966115,BIG
ga,hfvrp_n001_m03_s05,1,3,0.001000,9999,89.097550,34.548775,89.132099,0.000000,,,0,1,,,,,0.245800,MEDIUM
ga,hfvrp_n002_m03_s03,2,3,0.001000,50,185.309216,25.338303,185.334554,0.000000,,,0,1,,,,,0.018810,DEFAULT
ga,hfvrp_n002_m03_s03,2,3,0.001000,50,185.309216,25.338303,185.334554,0.000000,,,0,1,,,,,0.001760,SMALL
ga,hfvrp_n002_m03_s05,2,3,0.001000,1788184134363586388,302.671304,316.313399,302.987618,0.000000,,,0,1,,,,,0.942619,BIG
ga,hfvrp_n002_m03_s05,2,3,0.001000,1,302.671304,316.313399,302.987618,0.000000,,,0,1,,,,,0.015275,DEFAULT
ga,hfvrp_n002_m03_s05,2,3,0.001000,1,302.671304,316.313399,302.987618,0.000000,,,0,1,,,,,0.001672,SMALL
ga,hfvrp_n002_m03_s04,2,3,0.001000,1,174.940044,35.445494,174.975490,0.000000,,,0,1,,,,,0.318365,MEDIUM
ga,hfvrp_n002_m03_s02,2,3,0.001000,100,139.033247,41.343143,139.074590,0.000000,,,0,1,,,,,0.317451,MEDIUM
ga,hfvrp_n002_m03_s03,2,3,0.001000,50,185.309216,25.338303,185.334554,0.000000,,,0,1,,,,,0.316845,MEDIUM
ga,hfvrp_n002_m03_s05,2,3,0.001000,1,302.671304,316.313399,302.987618,0.000000,,,0,1,,,,,0.309033,MEDIUM
ga,hfvrp_n002_m03_s01,2,3,0.001000,200,262.852855,468.007587,263.320862,0.000000,,,0,1,,,,,0.977307,BIG
ga,hfvrp_n002_m03_s01,2,3,0.001000,999,262.852855,468.007587,263.320862,0.000000,,,0,1,,,,,0.015491,DEFAULT
ga,hfvrp_n002_m03_s01,2,3,0.001000,999,262.852855,468.007587,263.320862,0.000000,,,0,1,,,,,0.001624,SMALL
ga,hfvrp_n001_m03_s05,1,3,0.001000,9999,89.097550,34.548775,89.132099,0.000000,,,0,1,,,,,0.731252,BIG
ga,hfvrp_n001_m03_s05,1,3,0.001000,19345,89.097550,34.548775,89.132099,0.000000,,,0,1,,,,,0.012076,DEFAULT
ga,hfvrp_n001_m03_s05,1,3,0.001000,19345,89.097550,34.548775,89.132099,0.000000,,,0,1,,,,,0.001231,SMALL
ga,hfvrp_n002_m03_s01,2,3,0.001000,999,262.852855,468.007587,263.320862,0.000000,,,0,1,,,,,0.326393,MEDIUM
ga,hfvrp_n001_m03_s05,1,3,0.001000,19345,89.097550,34.548775,89.132099,0.000000,,,0,1,,,,,0.239649,MEDIUM
ga,hfvrp_n002_m03_s04,2,3,0.001000,1,174.940044,35.445494,174.975490,0.000000,,,0,1,,,,,0.948995,BIG
ga,hfvrp_n002_m03_s04,2,3,0.001000,10,174.940044,35.445494,174.975490,0.000000,,,0,1,,,,,0.019253,DEFAULT
ga,hfvrp_n002_m03_s04,2,3,0.001000,10,174.940044,35.445494,174.975490,0.000000,,,0,1,,,,,0.001585,SMALL
ga,hfvrp_n002_m03_s02,2,3,0.001000,100,139.033247,41.343143,139.074590,0.000000,,,0,1,,,,,0.937874,BIG
ga,hfvrp_n002_m03_s02,2,3,0.001000,200,139.033247,41.343143,139.074590,0.000000,,,0,1,,,,,0.016578,DEFAULT
ga,hfvrp_n002_m03_s02,2,3,0.001000,200,139.033247,41.343143,139.074590,0.000000,,,0,1,,,,,0.001579,SMALL
ga,hfvrp_n002_m03_s03,2,3,0.001000,50,185.309216,25.338303,185.334554,0.000000,,,0,1,,,,,0.966624,BIG
ga,hfvrp_n002_m03_s03,2,3,0.001000,75,185.309216,25.338303,185.334554,0.000000,,,0,1,,,,,0.019664,DEFAULT
ga,hfvrp_n002_m03_s03,2,3,0.001000,75,185.309216,25.338303,185.334554,0.000000,,,0,1,,,,,0.001617,SMALL
ga,hfvrp_n002_m03_s05,2,3,0.001000,1,302.671304,316.313399,302.987618,0.000000,,,0,1,,,,,0.948768,BIG
ga,hfvrp_n002_m03_s05,2,3,0.001000,10,302.671304,316.313399,302.987618,0.000000,,,0,1,,,,,0.015717,DEFAULT
ga,hfvrp_n002_m03_s05,2,3,0.001000,10,302.671304,316.313399,302.987618,0.000000,,,0,1,,,,,0.005454,SMALL
ga,hfvrp_n002_m03_s04,2,3,0.001000,10,174.940044,35.445494,174.975490,0.000000,,,0,1,,,,,0.313718,MEDIUM
ga,hfvrp_n002_m03_s02,2,3,0.001000,200,139.033247,41.343143,139.074590,0.000000,,,0,1,,,,,0.315657,MEDIUM
ga,hfvrp_n002_m03_s03,2,3,0.001000,75,185.309216,25.338303,185.334554,0.000000,,,0,1,,,,,0.323201,MEDIUM
ga,hfvrp_n002_m03_s05,2,3,0.001000,10,302.671304,316.313399,302.987618,0.000000,,,0,1,,,,,0.325562,MEDIUM
ga,hfvrp_n001_m03_s05,1,3,0.001000,19345,89.097550,34.548775,89.132099,0.000000,,,0,1,,,,,0.733651,BIG
ga,hfvrp_n001_m03_s05,1,3,0.001000,1788179751835320241,89.097550,34.548775,89.132099,0.000000,,,0,1,,,,,0.012486,DEFAULT
ga,hfvrp_n001_m03_s05,1,3,0.001000,1788179764736755995,89.097550,34.548775,89.132099,0.000000,,,0,1,,,,,0.001859,SMALL
ga,hfvrp_n002_m03_s01,2,3,0.001000,999,262.852855,468.007587,263.320862,0.000000,,,0,1,,,,,0.963198,BIG
ga,hfvrp_n002_m03_s01,2,3,0.001000,1234,262.852855,468.007587,263.320862,0.000000,,,0,1,,,,,0.020345,DEFAULT
ga,hfvrp_n002_m03_s01,2,3,0.001000,1234,262.852855,468.007587,263.320862,0.000000,,,0,1,,,,,0.003098,SMALL
ga,hfvrp_n001_m03_s05,1,3,0.001000,1788179760447073548,89.097550,34.548775,89.132099,0.000000,,,0,1,,,,,0.244182,MEDIUM
ga,hfvrp_n002_m03_s01,2,3,0.001000,1234,262.852855,468.007587,263.320862,0.000000,,,0,1,,,,,0.317779,MEDIUM
ga,hfvrp_n002_m03_s04,2,3,0.001000,10,174.940044,35.445494,174.975490,0.000000,,,0,1,,,,,0.937743,BIG
ga,hfvrp_n002_m03_s04,2,3,0.001000,50,174.940044,35.445494,174.975490,0.000000,,,0,1,,,,,0.016439,DEFAULT
ga,hfvrp_n002_m03_s04,2,3,0.001000,50,174.940044,35.445494,174.975490,0.000000,,,0,1,,,,,0.001713,SMALL
ga,hfvrp_n002_m03_s02,2,3,0.001000,200,139.033247,41.343143,139.074590,0.000000,,,0,1,,,,,0.938220,BIG
ga,hfvrp_n002_m03_s02,2,3,0.001000,999,139.033247,41.343143,139.074590,0.000000,,,0,1,,,,,0.018258,DEFAULT
ga,hfvrp_n002_m03_s02,2,3,0.001000,999,139.033247,41.343143,139.074590,0.000000,,,0,1,,,,,0.001572,SMALL
ga,hfvrp_n002_m03_s03,2,3,0.001000,75,185.309216,25.338303,185.334554,0.000000,,,0,1,,,,,0.967055,BIG
ga,hfvrp_n002_m03_s05,2,3,0.001000,10,302.671304,316.313399,302.987618,0.000000,,,0,1,,,,,0.943737,BIG
ga,hfvrp_n002_m03_s03,2,3,0.001000,100,185.309216,25.338303,185.334554,0.000000,,,0,1,,,,,0.021222,DEFAULT
ga,hfvrp_n002_m03_s03,2,3,0.001000,100,185.309216,25.338303,185.334554,0.000000,,,0,1,,,,,0.001739,SMALL
ga,hfvrp_n002_m03_s05,2,3,0.001000,50,302.671304,316.313399,302.987618,0.000000,,,0,1,,,,,0.020572,DEFAULT
ga,hfvrp_n002_m03_s05,2,3,0.001000,50,302.671304,316.313399,302.987618,0.000000,,,0,1,,,,,0.003289,SMALL
ga,hfvrp_n002_m03_s04,2,3,0.001000,50,174.940044,35.445494,174.975490,0.000000,,,0,1,,,,,0.320468,MEDIUM
ga,hfvrp_n001_m03_s05,1,3,0.001000,1788179795058936094,89.097550,34.548775,89.132099,0.000000,,,0,1,,,,,0.741207,BIG
ga,hfvrp_n005_m03_s01,5,3,0.001000,1788180122257121749,350.283936,145.533835,350.429470,0.000000,,,0,1,,,,,0.023262,DEFAULT
ga,hfvrp_n005_m03_s01,5,3,0.001000,1788180135169036893,350.283936,145.533835,350.429470,0.000000,,,0,1,,,,,0.002464,SMALL
ga,hfvrp_n002_m03_s02,2,3,0.001000,999,139.033247,41.343143,139.074590,0.000000,,,0,1,,,,,0.327627,MEDIUM
ga,hfvrp_n002_m03_s03,2,3,0.001000,100,185.309216,25.338303,185.334554,0.000000,,,0,1,,,,,0.323154,MEDIUM
ga,hfvrp_n002_m03_s05,2,3,0.001000,50,302.671304,316.313399,302.987618,0.000000,,,0,1,,,,,0.309327,MEDIUM
ga,hfvrp_n002_m03_s01,2,3,0.001000,1234,262.852855,468.007587,263.320862,0.000000,,,0,1,,,,,0.970197,BIG
ga,hfvrp_n002_m03_s01,2,3,0.001000,9999,262.852855,468.007587,263.320862,0.000000,,,0,1,,,,,0.019670,DEFAULT
ga,hfvrp_n002_m03_s01,2,3,0.001000,9999,262.852855,468.007587,263.320862,0.000000,,,0,1,,,,,0.001661,SMALL
ga,hfvrp_n005_m03_s01,5,3,0.001000,1788180130880308266,350.283936,145.533835,350.429470,0.000000,,,0,1,,,,,0.469094,MEDIUM
ga,hfvrp_n002_m03_s01,2,3,0.001000,9999,262.852855,468.007587,263.320862,0.000000,,,0,1,,,,,0.318006,MEDIUM
ga,hfvrp_n002_m03_s04,2,3,0.001000,50,174.940044,35.445494,174.975490,0.000000,,,0,1,,,,,0.930497,BIG
ga,hfvrp_n002_m03_s04,2,3,0.001000,75,174.940044,35.445494,174.975490,0.000000,,,0,1,,,,,0.016495,DEFAULT
ga,hfvrp_n002_m03_s04,2,3,0.001000,75,174.940044,35.445494,174.975490,0.000000,,,0,1,,,,,0.003713,SMALL
ga,hfvrp_n002_m03_s02,2,3,0.001000,999,139.033247,41.343143,139.074590,0.000000,,,0,1,,,,,0.949515,BIG
ga,hfvrp_n002_m03_s02,2,3,0.001000,1234,139.033247,41.343143,139.074590,0.000000,,,0,1,,,,,0.019977,DEFAULT
ga,hfvrp_n002_m03_s02,2,3,0.001000,1234,139.033247,41.343143,139.074590,0.000000,,,0,1,,,,,0.001587,SMALL
ga,hfvrp_n002_m03_s05,2,3,0.001000,50,302.671304,316.313399,302.987618,0.000000,,,0,1,,,,,0.932239,BIG
ga,hfvrp_n002_m03_s05,2,3,0.001000,75,302.671304,316.313399,302.987618,0.000000,,,0,1,,,,,0.018280,DEFAULT
ga,hfvrp_n002_m03_s03,2,3,0.001000,100,185.309216,25.338303,185.334554,0.000000,,,0,1,,,,,0.987177,BIG
ga,hfvrp_n002_m03_s05,2,3,0.001000,75,302.671304,316.313399,302.987618,0.000000,,,0,1,,,,,0.006113,SMALL
ga,hfvrp_n002_m03_s04,2,3,0.001000,75,174.940044,35.445494,174.975490,0.000000,,,0,1,,,,,0.318893,MEDIUM
ga,hfvrp_n002_m03_s03,2,3,0.001000,200,185.309216,25.338303,185.334554,0.000000,,,0,1,,,,,0.019905,DEFAULT
ga,hfvrp_n002_m03_s03,2,3,0.001000,200,185.309216,25.338303,185.334554,0.000000,,,0,1,,,,,0.001624,SMALL
ga,hfvrp_n002_m03_s02,2,3,0.001000,1234,139.033247,41.343143,139.074590,0.000000,,,0,1,,,,,0.311128,MEDIUM
ga,hfvrp_n002_m03_s05,2,3,0.001000,75,302.671304,316.313399,302.987618,0.000000,,,0,1,,,,,0.313636,MEDIUM
ga,hfvrp_n002_m03_s03,2,3,0.001000,200,185.309216,25.338303,185.334554,0.000000,,,0,1,,,,,0.317818,MEDIUM
ga,hfvrp_n002_m03_s01,2,3,0.001000,9999,262.852855,468.007587,263.320862,0.000000,,,0,1,,,,,0.968625,BIG
ga,hfvrp_n002_m03_s01,2,3,0.001000,19345,262.852855,468.007587,263.320862,0.000000,,,0,1,,,,,0.017510,DEFAULT
ga,hfvrp_n002_m03_s01,2,3,0.001000,19345,262.852855,468.007587,263.320862,0.000000,,,0,1,,,,,0.001624,SMALL
ga,hfvrp_n005_m03_s01,5,3,0.001000,1788180049753626662,350.283936,145.533835,350.429470,0.000000,,,0,1,,,,,1.422596,BIG
ga,hfvrp_n005_m03_s01,5,3,0.001000,1,350.283936,145.533835,350.429470,0.000000,,,0,1,,,,,0.022780,DEFAULT
ga,hfvrp_n005_m03_s01,5,3,0.001000,1,350.283936,145.533835,350.429470,0.000000,,,0,1,,,,,0.002445,SMALL
ga,hfvrp_n002_m03_s01,2,3,0.001000,19345,262.852855,468.007587,263.320862,0.000000,,,0,1,,,,,0.327807,MEDIUM
ga,hfvrp_n002_m03_s04,2,3,0.001000,75,174.940044,35.445494,174.975490,0.000000,,,0,1,,,,,0.931832,BIG
ga,hfvrp_n002_m03_s04,2,3,0.001000,100,174.940044,35.445494,174.975490,0.000000,,,0,1,,,,,0.017209,DEFAULT
ga,hfvrp_n002_m03_s04,2,3,0.001000,100,174.940044,35.445494,174.975490,0.000000,,,0,1,,,,,0.002973,SMALL
ga,hfvrp_n002_m03_s02,2,3,0.001000,1234,139.033247,41.343143,139.074590,0.000000,,,0,1,,,,,0.939327,BIG
ga,hfvrp_n002_m03_s02,2,3,0.001000,9999,139.033247,41.343143,139.074590,0.000000,,,0,1,,,,,0.018127,DEFAULT
ga,hfvrp_n002_m03_s02,2,3,0.001000,9999,139.033247,41.343143,139.074590,0.000000,,,0,1,,,,,0.001712,SMALL
ga,hfvrp_n005_m03_s01,5,3,0.001000,1,350.283936,145.533835,350.429470,0.000000,,,0,1,,,,,0.477165,MEDIUM
ga,hfvrp_n002_m03_s05,2,3,0.001000,75,302.671304,316.313399,302.987618,0.000000,,,0,1,,,,,0.947029,BIG
ga,hfvrp_n002_m03_s05,2,3,0.001000,100,302.671304,316.313399,302.987618,0.000000,,,0,1,,,,,0.016840,DEFAULT
ga,hfvrp_n002_m03_s05,2,3,0.001000,100,302.671304,316.313399,302.987618,0.000000,,,0,1,,,,,0.003889,SMALL
ga,hfvrp_n002_m03_s04,2,3,0.001000,100,174.940044,35.445494,174.975490,0.000000,,,0,1,,,,,0.313209,MEDIUM
ga,hfvrp_n002_m03_s03,2,3,0.001000,200,185.309216,25.338303,185.334554,0.000000,,,0,1,,,,,0.987376,BIG
ga,hfvrp_n002_m03_s03,2,3,0.001000,999,185.309216,25.338303,185.334554,0.000000,,,0,1,,,,,0.018669,DEFAULT
ga,hfvrp_n002_m03_s03,2,3,0.001000,999,185.309216,25.338303,185.334554,0.000000,,,0,1,,,,,0.003649,SMALL
ga,hfvrp_n002_m03_s02,2,3,0.001000,9999,139.033247,41.343143,139.074590,0.000000,,,0,1,,,,,0.312725,MEDIUM
ga,hfvrp_n002_m03_s05,2,3,0.001000,100,302.671304,316.313399,302.987618,0.000000,,,0,1,,,,,0.314191,MEDIUM
ga,hfvrp_n002_m03_s03,2,3,0.001000,999,185.309216,25.338303,185.334554,0.000000,,,0,1,,,,,0.318065,MEDIUM
ga,hfvrp_n002_m03_s01,2,3,0.001000,19345,262.852855,468.007587,263.320862,0.000000,,,0,1,,,,,0.964270,BIG
ga,hfvrp_n002_m03_s01,2,3,0.001000,1788180834007315407,262.852855,468.007587,263.320862,0.000000,,,0,1,,,,,0.016318,DEFAULT
ga,hfvrp_n002_m03_s01,2,3,0.001000,1788180838322256554,262.852855,468.007587,263.320862,0.000000,,,0,1,,,,,0.001629,SMALL
ga,hfvrp_n002_m03_s01,2,3,0.001000,1788180825442596906,262.852855,468.007587,263.320862,0.000000,,,0,1,,,,,0.319526,MEDIUM
ga,hfvrp_n002_m03_s04,2,3,0.001000,100,174.940044,35.445494,174.975490,0.000000,,,0,1,,,,,0.942072,BIG
ga,hfvrp_n002_m03_s04,2,3,0.001000,200,174.940044,35.445494,174.975490,0.000000,,,0,1,,,,,0.019239,DEFAULT
ga,hfvrp_n002_m03_s04,2,3,0.001000,200,174.940044,35.445494,174.975490,0.000000,,,0,1,,,,,0.003573,SMALL
ga,hfvrp_n002_m03_s02,2,3,0.001000,9999,139.033247,41.343143,139.074590,0.000000,,,0,1,,,,,0.937152,BIG
ga,hfvrp_n002_m03_s02,2,3,0.001000,19345,139.033247,41.343143,139.074590,0.000000,,,0,1,,,,,0.017127,DEFAULT
ga,hfvrp_n002_m03_s02,2,3,0.001000,19345,139.033247,41.343143,139.074590,0.000000,,,0,1,,,,,0.001708,SMALL
ga,hfvrp_n002_m03_s05,2,3,0.001000,100,302.671304,316.313399,302.987618,0.000000,,,0,1,,,,,0.939786,BIG
ga,hfvrp_n002_m03_s05,2,3,0.001000,200,302.671304,316.313399,302.987618,0.000000,,,0,1,,,,,0.020442,DEFAULT
ga,hfvrp_n002_m03_s05,2,3,0.001000,200,302.671304,316.313399,302.987618,0.000000,,,0,1,,,,,0.003511,SMALL
ga,hfvrp_n002_m03_s04,2,3,0.001000,200,174.940044,35.445494,174.975490,0.000000,,,0,1,,,,,0.317032,MEDIUM
ga,hfvrp_n005_m03_s01,5,3,0.001000,1,350.283936,145.533835,350.429470,0.000000,,,0,1,,,,,1.448888,BIG
ga,hfvrp_n002_m03_s03,2,3,0.001000,999,185.309216,25.338303,185.334554,0.000000,,,0,1,,,,,0.982161,BIG
ga,hfvrp_n005_m03_s01,5,3,0.001000,10,350.283936,145.533835,350.429470,0.000000,,,0,1,,,,,0.024512,DEFAULT
ga,hfvrp_n005_m03_s01,5,3,0.001000,10,350.283936,145.533835,350.429470,0.000000,,,0,1,,,,,0.006562,SMALL
ga,hfvrp_n002_m03_s03,2,3,0.001000,1234,185.309216,25.338303,185.334554,0.000000,,,0,1,,,,,0.017636,DEFAULT
ga,hfvrp_n002_m03_s03,2,3,0.001000,1234,185.309216,25.338303,185.334554,0.000000,,,0,1,,,,,0.003136,SMALL
ga,hfvrp_n002_m03_s02,2,3,0.001000,19345,139.033247,41.343143,139.074590,0.000000,,,0,1,,,,,0.319171,MEDIUM
ga,hfvrp_n002_m03_s05,2,3,0.001000,200,302.671304,316.313399,302.987618,0.000000,,,0,1,,,,,0.316525,MEDIUM
ga,hfvrp_n002_m03_s03,2,3,0.001000,1234,185.309216,25.338303,185.334554,0.000000,,,0,1,,,,,0.321191,MEDIUM
ga,hfvrp_n002_m03_s01,2,3,0.001000,1788180830060854986,262.852855,468.007587,263.320862,0.000000,,,0,1,,,,,0.966365,BIG
ga,hfvrp_n005_m03_s01,5,3,0.001000,10,350.283936,145.533835,350.429470,0.000000,,,0,1,,,,,0.472387,MEDIUM
ga,hfvrp_n005_m03_s02,5,3,0.001000,1788181075885692574,359.865479,294.868617,360.160347,0.000000,,,0,1,,,,,0.023506,DEFAULT
ga,hfvrp_n005_m03_s02,5,3,0.001000,1788181067322999580,359.865479,294.868617,360.160347,0.000000,,,0,1,,,,,0.002484,SMALL
ga,hfvrp_n002_m03_s04,2,3,0.001000,200,174.940044,35.445494,174.975490,0.000000,,,0,1,,,,,0.940772,BIG
ga,hfvrp_n002_m03_s04,2,3,0.001000,999,174.940044,35.445494,174.975490,0.000000,,,0,1,,,,,0.019623,DEFAULT
ga,hfvrp_n002_m03_s04,2,3,0.001000,999,174.940044,35.445494,174.975490,0.000000,,,0,1,,,,,0.004788,SMALL
ga,hfvrp_n005_m03_s02,5,3,0.001000,1788181071624059855,359.865479,294.868617,360.160347,0.000000,,,0,1,,,,,0.491715,MEDIUM
ga,hfvrp_n002_m03_s02,2,3,0.001000,19345,139.033247,41.343143,139.074590,0.000000,,,0,1,,,,,0.929251,BIG
ga,hfvrp_n002_m03_s02,2,3,0.001000,1788181007738074910,139.033247,41.343143,139.074590,0.000000,,,0,1,,,,,0.020807,DEFAULT
ga,hfvrp_n002_m03_s02,2,3,0.001000,1788181003471023327,139.033247,41.343143,139.074590,0.000000,,,0,1,,,,,0.004214,SMALL
ga,hfvrp_n002_m03_s05,2,3,0.001000,200,302.671304,316.313399,302.987618,0.000000,,,0,1,,,,,0.940193,BIG
ga,hfvrp_n002_m03_s05,2,3,0.001000,999,302.671304,316.313399,302.987618,0.000000,,,0,1,,,,,0.016356,DEFAULT
ga,hfvrp_n002_m03_s05,2,3,0.001000,999,302.671304,316.313399,302.987618,0.000000,,,0,1,,,,,0.005447,SMALL
ga,hfvrp_n002_m03_s04,2,3,0.001000,999,174.940044,35.445494,174.975490,0.000000,,,0,1,,,,,0.315647,MEDIUM
ga,hfvrp_n002_m03_s03,2,3,0.001000,1234,185.309216,25.338303,185.334554,0.000000,,,0,1,,,,,0.976924,BIG
ga,hfvrp_n002_m03_s03,2,3,0.001000,9999,185.309216,25.338303,185.334554,0.000000,,,0,1,,,,,0.017428,DEFAULT
ga,hfvrp_n002_m03_s03,2,3,0.001000,9999,185.309216,25.338303,185.334554,0.000000,,,0,1,,,,,0.001619,SMALL
ga,hfvrp_n002_m03_s02,2,3,0.001000,1788180999184199884,139.033247,41.343143,139.074590,0.000000,,,0,1,,,,,0.313439,MEDIUM
ga,hfvrp_n002_m03_s05,2,3,0.001000,999,302.671304,316.313399,302.987618,0.000000,,,0,1,,,,,0.314440,MEDIUM
ga,hfvrp_n002_m03_s03,2,3,0.001000,9999,185.309216,25.338303,185.334554,0.000000,,,0,1,,,,,0.324451,MEDIUM
ga,hfvrp_n005_m03_s01,5,3,0.001000,10,350.283936,145.533835,350.429470,0.000000,,,0,1,,,,,1.423870,BIG
ga,hfvrp_n005_m03_s01,5,3,0.001000,50,350.283936,145.533835,350.429470,0.000000,,,0,1,,,,,0.027994,DEFAULT
ga,hfvrp_n005_m03_s01,5,3,0.001000,50,350.283936,145.533835,350.429470,0.000000,,,0,1,,,,,0.005435,SMALL
ga,hfvrp_n002_m03_s04,2,3,0.001000,999,174.940044,35.445494,174.975490,0.000000,,,0,1,,,,,0.942811,BIG
ga,hfvrp_n002_m03_s04,2,3,0.001000,1234,174.940044,35.445494,174.975490,0.000000,,,0,1,,,,,0.015355,DEFAULT
ga,hfvrp_n002_m03_s04,2,3,0.001000,1234,174.940044,35.445494,174.975490,0.000000,,,0,1,,,,,0.003256,SMALL
ga,hfvrp_n002_m03_s02,2,3,0.001000,1788180930782042475,139.033247,41.343143,139.074590,0.000000,,,0,1,,,,,0.944113,BIG
ga,hfvrp_n005_m03_s03,5,3,0.001000,1788181352681653811,444.734799,0.000000,444.734799,0.000000,,,0,1,,,,,0.025121,DEFAULT
ga,hfvrp_n005_m03_s03,5,3,0.001000,1788181348415467518,444.734799,0.000000,444.734799,0.000000,,,0,1,,,,,0.002547,SMALL
ga,hfvrp_n005_m03_s01,5,3,0.001000,50,350.283936,145.533835,350.429470,0.000000,,,0,1,,,,,0.480229,MEDIUM
ga,hfvrp_n005_m03_s02,5,3,0.001000,1788181106484121926,359.865479,294.868617,360.160347,0.000000,,,0,1,,,,,1.481702,BIG
ga,hfvrp_n002_m03_s05,2,3,0.001000,999,302.671304,316.313399,302.987618,0.000000,,,0,1,,,,,0.944128,BIG
ga,hfvrp_n002_m03_s05,2,3,0.001000,1234,302.671304,316.313399,302.987618,0.000000,,,0,1,,,,,0.016270,DEFAULT
ga,hfvrp_n002_m03_s05,2,3,0.001000,1234,302.671304,316.313399,302.987618,0.000000,,,0,1,,,,,0.001727,SMALL
ga,hfvrp_n005_m03_s02,5,3,0.001000,1,359.865479,294.868617,360.160347,0.000000,,,0,1,,,,,0.025788,DEFAULT
ga,hfvrp_n005_m03_s02,5,3,0.001000,1,359.865479,294.868617,360.160347,0.000000,,,0,1,,,,,0.002676,SMALL
ga,hfvrp_n002_m03_s04,2,3,0.001000,1234,174.940044,35.445494,174.975490,0.000000,,,0,1,,,,,0.325716,MEDIUM
ga,hfvrp_n002_m03_s03,2,3,0.001000,9999,185.309216,25.338303,185.334554,0.000000,,,0,1,,,,,0.977715,BIG
ga,hfvrp_n002_m03_s03,2,3,0.001000,19345,185.309216,25.338303,185.334554,0.000000,,,0,1,,,,,0.016593,DEFAULT
ga,hfvrp_n002_m03_s03,2,3,0.001000,19345,185.309216,25.338303,185.334554,0.000000,,,0,1,,,,,0.001619,SMALL
ga,hfvrp_n002_m03_s05,2,3,0.001000,1234,302.671304,316.313399,302.987618,0.000000,,,0,1,,,,,0.310925,MEDIUM
ga,hfvrp_n005_m03_s03,5,3,0.001000,1788181344126626476,444.734799,0.000000,444.734799,0.000000,,,0,1,,,,,0.482100,MEDIUM
ga,hfvrp_n005_m03_s02,5,3,0.001000,1,359.865479,294.868617,360.160347,0.000000,,,0,1,,,,,0.478396,MEDIUM
ga,hfvrp_n002_m03_s03,2,3,0.001000,19345,185.309216,25.338303,185.334554,0.000000,,,0,1,,,,,0.319954,MEDIUM
ga,hfvrp_n002_m03_s04,2,3,0.001000,1234,174.940044,35.445494,174.975490,0.000000,,,0,1,,,,,0.941562,BIG
ga,hfvrp_n002_m03_s04,2,3,0.001000,9999,174.940044,35.445494,174.975490,0.000000,,,0,1,,,,,0.020140,DEFAULT
ga,hfvrp_n002_m03_s04,2,3,0.001000,9999,174.940044,35.445494,174.975490,0.000000,,,0,1,,,,,0.001607,SMALL
ga,hfvrp_n002_m03_s05,2,3,0.001000,1234,302.671304,316.313399,302.987618,0.000000,,,0,1,,,,,0.927487,BIG
ga,hfvrp_n002_m03_s05,2,3,0.001000,9999,302.671304,316.313399,302.987618,0.000000,,,0,1,,,,,0.017679,DEFAULT
ga,hfvrp_n002_m03_s05,2,3,0.001000,9999,302.671304,316.313399,302.987618,0.000000,,,0,1,,,,,0.004791,SMALL
ga,hfvrp_n005_m03_s01,5,3,0.001000,50,350.283936,145.533835,350.429470,0.000000,,,0,1,,,,,1.429635,BIG
ga,hfvrp_n002_m03_s04,2,3,0.001000,9999,174.940044,35.445494,174.975490,0.000000,,,0,1,,,,,0.311166,MEDIUM
ga,hfvrp_n005_m03_s01,5,3,0.001000,75,350.283936,145.533835,350.429470,0.000000,,,0,1,,,,,0.025294,DEFAULT
ga,hfvrp_n005_m03_s01,5,3,0.001000,75,350.283936,145.533835,350.429470,0.000000,,,0,1,,,,,0.006645,SMALL
ga,hfvrp_n002_m03_s03,2,3,0.001000,19345,185.309216,25.338303,185.334554,0.000000,,,0,1,,,,,0.963053,BIG
ga,hfvrp_n002_m03_s03,2,3,0.001000,1788181182534251790,185.309216,25.338303,185.334554,0.000000,,,0,1,,,,,0.017174,DEFAULT
ga,hfvrp_n002_m03_s03,2,3,0.001000,1788181178260085355,185.309216,25.338303,185.334554,0.000000,,,0,1,,,,,0.001672,SMALL
ga,hfvrp_n002_m03_s05,2,3,0.001000,9999,302.671304,316.313399,302.987618,0.000000,,,0,1,,,,,0.314790,MEDIUM
ga,hfvrp_n002_m03_s03,2,3,0.001000,1788181173970429567,185.309216,25.338303,185.334554,0.000000,,,0,1,,,,,0.320987,MEDIUM
ga,hfvrp_n005_m03_s01,5,3,0.001000,75,350.283936,145.533835,350.429470,0.000000,,,0,1,,,,,0.473891,MEDIUM
ga,hfvrp_n005_m03_s03,5,3,0.001000,1788181305957908960,444.734799,0.000000,444.734799,0.000000,,,0,1,,,,,1.563663,BIG
ga,hfvrp_n005_m03_s02,5,3,0.001000,1,359.865479,294.868617,360.160347,0.000000,,,0,1,,,,,1.448183,BIG
ga,hfvrp_n005_m03_s03,5,3,0.001000,1,444.734799,0.000000,444.734799,0.000000,,,0,1,,,,,0.024903,DEFAULT
ga,hfvrp_n005_m03_s02,5,3,0.001000,10,359.865479,294.868617,360.160347,0.000000,,,0,1,,,,,0.024729,DEFAULT
ga,hfvrp_n005_m03_s03,5,3,0.001000,1,444.734799,0.000000,444.734799,0.000000,,,0,1,,,,,0.002652,SMALL
ga,hfvrp_n005_m03_s02,5,3,0.001000,10,359.865479,294.868617,360.160347,0.000000,,,0,1,,,,,0.002676,SMALL
ga,hfvrp_n002_m03_s04,2,3,0.001000,9999,174.940044,35.445494,174.975490,0.000000,,,0,1,,,,,0.938610,BIG
ga,hfvrp_n002_m03_s04,2,3,0.001000,19345,174.940044,35.445494,174.975490,0.000000,,,0,1,,,,,0.019872,DEFAULT
ga,hfvrp_n002_m03_s04,2,3,0.001000,19345,174.940044,35.445494,174.975490,0.000000,,,0,1,,,,,0.001580,SMALL
ga,hfvrp_n005_m03_s03,5,3,0.001000,1,444.734799,0.000000,444.734799,0.000000,,,0,1,,,,,0.476811,MEDIUM
ga,hfvrp_n005_m03_s02,5,3,0.001000,10,359.865479,294.868617,360.160347,0.000000,,,0,1,,,,,0.484669,MEDIUM
ga,hfvrp_n002_m03_s05,2,3,0.001000,9999,302.671304,316.313399,302.987618,0.000000,,,0,1,,,,,0.936555,BIG
ga,hfvrp_n002_m03_s05,2,3,0.001000,19345,302.671304,316.313399,302.987618,0.000000,,,0,1,,,,,0.015087,DEFAULT
ga,hfvrp_n002_m03_s05,2,3,0.001000,19345,302.671304,316.313399,302.987618,0.000000,,,0,1,,,,,0.004076,SMALL
ga,hfvrp_n002_m03_s04,2,3,0.001000,19345,174.940044,35.445494,174.975490,0.000000,,,0,1,,,,,0.316486,MEDIUM
ga,hfvrp_n002_m03_s03,2,3,0.001000,1788181612381757043,185.309216,25.338303,185.334554,0.000000,,,0,1,,,,,0.964506,BIG
ga,hfvrp_n002_m03_s05,2,3,0.001000,19345,302.671304,316.313399,302.987618,0.000000,,,0,1,,,,,0.314188,MEDIUM
ga,hfvrp_n005_m03_s04,5,3,0.001000,1788181501725765537,278.576281,287.478473,278.863759,0.000000,,,0,1,,,,,0.028099,DEFAULT
ga,hfvrp_n005_m03_s04,5,3,0.001000,1788181407268539637,278.576281,287.478473,278.863759,0.000000,,,0,1,,,,,0.002685,SMALL
ga,hfvrp_n005_m03_s01,5,3,0.001000,75,350.283936,145.533835,350.429470,0.000000,,,0,1,,,,,1.434961,BIG
ga,hfvrp_n005_m03_s01,5,3,0.001000,100,350.283936,145.533835,350.429470,0.000000,,,0,1,,,,,0.026875,DEFAULT
ga,hfvrp_n005_m03_s04,5,3,0.001000,1788181411569953782,278.576281,287.478473,278.863759,0.000000,,,0,1,,,,,0.476745,MEDIUM
ga,hfvrp_n005_m03_s01,5,3,0.001000,100,350.283936,145.533835,350.429470,0.000000,,,0,1,,,,,0.005783,SMALL
ga,hfvrp_n002_m03_s04,2,3,0.001000,19345,174.940044,35.445494,174.975490,0.000000,,,0,1,,,,,0.942146,BIG
ga,hfvrp_n002_m03_s04,2,3,0.001000,1788181433771041509,174.940044,35.445494,174.975490,0.000000,,,0,1,,,,,0.018236,DEFAULT
ga,hfvrp_n002_m03_s04,2,3,0.001000,1788181438087919377,174.940044,35.445494,174.975490,0.000000,,,0,1,,,,,0.001591,SMALL
ga,hfvrp_n002_m03_s05,2,3,0.001000,19345,302.671304,316.313399,302.987618,0.000000,,,0,1,,,,,0.952574,BIG
ga,hfvrp_n005_m03_s01,5,3,0.001000,100,350.283936,145.533835,350.429470,0.000000,,,0,1,,,,,0.470332,MEDIUM
ga,hfvrp_n002_m03_s05,2,3,0.001000,1788181876393789356,302.671304,316.313399,302.987618,0.000000,,,0,1,,,,,0.019963,DEFAULT
ga,hfvrp_n002_m03_s05,2,3,0.001000,1788181885007897043,302.671304,316.313399,302.987618,0.000000,,,0,1,,,,,0.002368,SMALL
ga,hfvrp_n005_m03_s03,5,3,0.001000,1,444.734799,0.000000,444.734799,0.000000,,,0,1,,,,,1.455209,BIG
ga,hfvrp_n005_m03_s02,5,3,0.001000,10,359.865479,294.868617,360.160347,0.000000,,,0,1,,,,,1.454171,BIG
ga,hfvrp_n005_m03_s03,5,3,0.001000,10,444.734799,0.000000,444.734799,0.000000,,,0,1,,,,,0.024034,DEFAULT
ga,hfvrp_n002_m03_s04,2,3,0.001000,1788181889064646816,174.940044,35.445494,174.975490,0.000000,,,0,1,,,,,0.313377,MEDIUM
ga,hfvrp_n005_m03_s03,5,3,0.001000,10,444.734799,0.000000,444.734799,0.000000,,,0,1,,,,,0.004481,SMALL
ga,hfvrp_n005_m03_s02,5,3,0.001000,50,359.865479,294.868617,360.160347,0.000000,,,0,1,,,,,0.025449,DEFAULT
ga,hfvrp_n005_m03_s02,5,3,0.001000,50,359.865479,294.868617,360.160347,0.000000,,,0,1,,,,,0.003687,SMALL
ga,hfvrp_n002_m03_s05,2,3,0.001000,1788181923668319814,302.671304,316.313399,302.987618,0.000000,,,0,1,,,,,0.312672,MEDIUM
ga,hfvrp_n005_m03_s03,5,3,0.001000,10,444.734799,0.000000,444.734799,0.000000,,,0,1,,,,,0.484742,MEDIUM
ga,hfvrp_n005_m03_s02,5,3,0.001000,50,359.865479,294.868617,360.160347,0.000000,,,0,1,,,,,0.476075,MEDIUM
ga,hfvrp_n005_m03_s04,5,3,0.001000,1788181442125066379,278.576281,287.478473,278.863759,0.000000,,,0,1,,,,,1.468607,BIG
ga,hfvrp_n002_m03_s04,2,3,0.001000,1788181803482621543,174.940044,35.445494,174.975490,0.000000,,,0,1,,,,,0.932597,BIG
ga,hfvrp_n005_m03_s04,5,3,0.001000,1,278.576281,536.399627,279.112681,0.000000,,,0,1,,,,,0.027546,DEFAULT
ga,hfvrp_n005_m03_s04,5,3,0.001000,1,278.576281,536.399627,279.112681,0.000000,,,0,1,,,,,0.002568,SMALL
ga,hfvrp_n005_m03_s05,5,3,0.001000,1788181782991419742,362.596536,406.141495,363.002677,0.000000,,,0,1,,,,,0.027684,DEFAULT
ga,hfvrp_n005_m03_s05,5,3,0.001000,1788181684238473088,362.596536,406.141495,363.002677,0.000000,,,0,1,,,,,0.002438,SMALL
ga,hfvrp_n002_m03_s05,2,3,0.001000,1788181855269481997,302.671304,316.313399,302.987618,0.000000,,,0,1,,,,,0.936104,BIG
ga,hfvrp_n010_m03_s01,10,3,0.001000,1788181714515779198,522.493954,828.669770,523.322624,0.000000,,,0,1,,,,,0.035902,DEFAULT
ga,hfvrp_n010_m03_s01,10,3,0.001000,1788186563573367212,522.493954,828.669770,523.322624,0.000000,,,0,1,,,,,0.003792,SMALL
ga,hfvrp_n005_m03_s01,5,3,0.001000,100,350.283936,145.533835,350.429470,0.000000,,,0,1,,,,,1.452181,BIG
ga,hfvrp_n005_m03_s01,5,3,0.001000,200,350.283936,145.533835,350.429470,0.000000,,,0,1,,,,,0.024470,DEFAULT
ga,hfvrp_n005_m03_s01,5,3,0.001000,200,350.283936,145.533835,350.429470,0.000000,,,0,1,,,,,0.005158,SMALL
ga,hfvrp_n005_m03_s04,5,3,0.001000,1,278.576281,287.478473,278.863759,0.000000,,,0,1,,,,,0.481973,MEDIUM
ga,hfvrp_n005_m03_s05,5,3,0.001000,1788181688539389961,362.596536,406.141495,363.002677,0.000000,,,0,1,,,,,0.473546,MEDIUM
ga,hfvrp_n005_m03_s01,5,3,0.001000,200,350.283936,145.533835,350.429470,0.000000,,,0,1,,,,,0.467283,MEDIUM
ga,hfvrp_n005_m03_s03,5,3,0.001000,10,444.734799,0.000000,444.734799,0.000000,,,0,1,,,,,1.469871,BIG
ga,hfvrp_n005_m03_s02,5,3,0.001000,50,359.865479,294.868617,360.160347,0.000000,,,0,1,,,,,1.474529,BIG
ga,hfvrp_n010_m03_s01,10,3,0.001000,1788186567875761356,522.493954,828.669770,523.322624,0.000000,,,0,1,,,,,0.729031,MEDIUM
ga,hfvrp_n005_m03_s03,5,3,0.001000,50,444.734799,0.000000,444.734799,0.000000,,,0,1,,,,,0.028018,DEFAULT
ga,hfvrp_n005_m03_s02,5,3,0.001000,75,359.865479,294.868617,360.160347,0.000000,,,0,1,,,,,0.025585,DEFAULT
ga,hfvrp_n005_m03_s03,5,3,0.001000,50,444.734799,0.000000,444.734799,0.000000,,,0,1,,,,,0.003735,SMALL
ga,hfvrp_n005_m03_s02,5,3,0.001000,75,359.865479,294.868617,360.160347,0.000000,,,0,1,,,,,0.006198,SMALL
ga,hfvrp_n005_m03_s02,5,3,0.001000,75,359.865479,294.868617,360.160347,0.000000,,,0,1,,,,,0.472688,MEDIUM
ga,hfvrp_n005_m03_s03,5,3,0.001000,50,444.734799,0.000000,444.734799,0.000000,,,0,1,,,,,0.482899,MEDIUM
ga,hfvrp_n005_m03_s04,5,3,0.001000,1,278.576281,287.478473,278.863759,0.000000,,,0,1,,,,,1.487442,BIG
ga,hfvrp_n005_m03_s05,5,3,0.001000,1788186606759133714,362.596536,406.141495,363.002677,0.000000,,,0,1,,,,,1.423430,BIG
ga,hfvrp_n005_m03_s04,5,3,0.001000,10,278.576281,287.478473,278.863759,0.000000,,,0,1,,,,,0.024273,DEFAULT
ga,hfvrp_n005_m03_s04,5,3,0.001000,10,278.576281,287.478473,278.863759,0.000000,,,0,1,,,,,0.002591,SMALL
ga,hfvrp_n005_m03_s05,5,3,0.001000,1,362.596536,406.141495,363.002677,0.000000,,,0,1,,,,,0.026917,DEFAULT
ga,hfvrp_n005_m03_s05,5,3,0.001000,1,362.596536,406.141495,363.002677,0.000000,,,0,1,,,,,0.002786,SMALL
ga,hfvrp_n005_m03_s01,5,3,0.001000,200,350.283936,145.533835,350.429470,0.000000,,,0,1,,,,,1.419571,BIG
ga,hfvrp_n005_m03_s01,5,3,0.001000,999,350.283936,145.533835,350.429470,0.000000,,,0,1,,,,,0.026902,DEFAULT
ga,hfvrp_n005_m03_s01,5,3,0.001000,999,350.283936,145.533835,350.429470,0.000000,,,0,1,,,,,0.002423,SMALL
ga,hfvrp_n005_m03_s05,5,3,0.001000,1,362.596536,406.141495,363.002677,0.000000,,,0,1,,,,,0.470612,MEDIUM
ga,hfvrp_n005_m03_s04,5,3,0.001000,10,278.576281,287.478473,278.863759,0.000000,,,0,1,,,,,0.481957,MEDIUM
ga,hfvrp_n005_m03_s01,5,3,0.001000,999,350.283936,145.533835,350.429470,0.000000,,,0,1,,,,,0.467905,MEDIUM
ga,hfvrp_n005_m03_s03,5,3,0.001000,50,444.734799,0.000000,444.734799,0.000000,,,0,1,,,,,1.426643,BIG
ga,hfvrp_n005_m03_s02,5,3,0.001000,75,359.865479,294.868617,360.160347,0.000000,,,0,1,,,,,1.440836,BIG
ga,hfvrp_n005_m03_s03,5,3,0.001000,75,444.734799,0.000000,444.734799,0.000000,,,0,1,,,,,0.027191,DEFAULT
ga,hfvrp_n005_m03_s02,5,3,0.001000,100,359.865479,294.868617,360.160347,0.000000,,,0,1,,,,,0.022846,DEFAULT
ga,hfvrp_n005_m03_s02,5,3,0.001000,100,359.865479,294.868617,360.160347,0.000000,,,0,1,,,,,0.002478,SMALL
ga,hfvrp_n005_m03_s03,5,3,0.001000,75,444.734799,0.000000,444.734799,0.000000,,,0,1,,,,,0.007263,SMALL
ga,hfvrp_n010_m03_s01,10,3,0.001000,1788186487008544319,522.493954,828.669770,523.322624,0.000000,,,0,1,,,,,2.191117,BIG
ga,hfvrp_n010_m03_s01,10,3,0.001000,1,522.493954,828.669770,523.322624,0.000000,,,0,1,,,,,0.034873,DEFAULT
ga,hfvrp_n010_m03_s01,10,3,0.001000,1,522.493954,828.669770,523.322624,0.000000,,,0,1,,,,,0.007258,SMALL
ga,hfvrp_n005_m03_s03,5,3,0.001000,75,444.734799,0.000000,444.734799,0.000000,,,0,1,,,,,0.473759,MEDIUM
ga,hfvrp_n005_m03_s02,5,3,0.001000,100,359.865479,294.868617,360.160347,0.000000,,,0,1,,,,,0.483077,MEDIUM
ga,hfvrp_n005_m03_s05,5,3,0.001000,1,362.596536,406.141495,363.002677,0.000000,,,0,1,,,,,1.426605,BIG
ga,hfvrp_n005_m03_s04,5,3,0.001000,10,278.576281,287.478473,278.863759,0.000000,,,0,1,,,,,1.459910,BIG
ga,hfvrp_n005_m03_s05,5,3,0.001000,10,362.596536,406.141495,363.002677,0.000000,,,0,1,,,,,0.026937,DEFAULT
ga,hfvrp_n005_m03_s05,5,3,0.001000,10,362.596536,406.141495,363.002677,0.000000,,,0,1,,,,,0.002650,SMALL
ga,hfvrp_n005_m03_s04,5,3,0.001000,50,278.576281,287.478473,278.863759,0.000000,,,0,1,,,,,0.027610,DEFAULT
ga,hfvrp_n005_m03_s04,5,3,0.001000,50,278.576281,287.478473,278.863759,0.000000,,,0,1,,,,,0.004357,SMALL
ga,hfvrp_n010_m03_s01,10,3,0.001000,1,522.493954,828.669770,523.322624,0.000000,,,0,1,,,,,0.726494,MEDIUM
ga,hfvrp_n005_m03_s01,5,3,0.001000,999,350.283936,145.533835,350.429470,0.000000,,,0,1,,,,,1.421613,BIG
ga,hfvrp_n005_m03_s01,5,3,0.001000,1234,350.283936,145.533835,350.429470,0.000000,,,0,1,,,,,0.024945,DEFAULT
ga,hfvrp_n005_m03_s01,5,3,0.001000,1234,350.283936,145.533835,350.429470,0.000000,,,0,1,,,,,0.004530,SMALL
ga,hfvrp_n005_m03_s05,5,3,0.001000,10,362.596536,406.141495,363.002677,0.000000,,,0,1,,,,,0.472586,MEDIUM
ga,hfvrp_n005_m03_s04,5,3,0.001000,50,278.576281,287.478473,278.863759,0.000000,,,0,1,,,,,0.479019,MEDIUM
ga,hfvrp_n005_m03_s01,5,3,0.001000,1234,350.283936,145.533835,350.429470,0.000000,,,0,1,,,,,0.465193,MEDIUM
ga,hfvrp_n005_m03_s02,5,3,0.001000,100,359.865479,294.868617,360.160347,0.000000,,,0,1,,,,,1.433356,BIG
ga,hfvrp_n005_m03_s03,5,3,0.001000,75,444.734799,0.000000,444.734799,0.000000,,,0,1,,,,,1.456702,BIG
ga,hfvrp_n005_m03_s02,5,3,0.001000,200,359.865479,294.868617,360.160347,0.000000,,,0,1,,,,,0.024441,DEFAULT
ga,hfvrp_n005_m03_s02,5,3,0.001000,200,359.865479,294.868617,360.160347,0.000000,,,0,1,,,,,0.004926,SMALL
ga,hfvrp_n005_m03_s03,5,3,0.001000,100,444.734799,0.000000,444.734799,0.000000,,,0,1,,,,,0.023996,DEFAULT
ga,hfvrp_n005_m03_s03,5,3,0.001000,100,444.734799,0.000000,444.734799,0.000000,,,0,1,,,,,0.002596,SMALL
ga,hfvrp_n005_m03_s02,5,3,0.001000,200,359.865479,294.868617,360.160347,0.000000,,,0,1,,,,,0.477068,MEDIUM
ga,hfvrp_n005_m03_s03,5,3,0.001000,100,444.734799,0.000000,444.734799,0.000000,,,0,1,,,,,0.472953,MEDIUM
ga,hfvrp_n005_m03_s05,5,3,0.001000,10,362.596536,406.141495,363.002677,0.000000,,,0,1,,,,,1.424129,BIG
ga,hfvrp_n005_m03_s04,5,3,0.001000,50,278.576281,287.478473,278.863759,0.000000,,,0,1,,,,,1.435522,BIG
ga,hfvrp_n005_m03_s05,5,3,0.001000,50,362.596536,406.141495,363.002677,0.000000,,,0,1,,,,,0.026355,DEFAULT
ga,hfvrp_n005_m03_s05,5,3,0.001000,50,362.596536,406.141495,363.002677,0.000000,,,0,1,,,,,0.005308,SMALL
ga,hfvrp_n005_m03_s04,5,3,0.001000,75,278.576281,287.478473,278.863759,0.000000,,,0,1,,,,,0.027666,DEFAULT
ga,hfvrp_n005_m03_s04,5,3,0.001000,75,278.576281,287.478473,278.863759,0.000000,,,0,1,,,,,0.007064,SMALL
ga,hfvrp_n005_m03_s01,5,3,0.001000,1234,350.283936,145.533835,350.429470,0.000000,,,0,1,,,,,1.418626,BIG
ga,hfvrp_n010_m03_s01,10,3,0.001000,1,522.493954,828.669770,523.322624,0.000000,,,0,1,,,,,2.199239,BIG
ga,hfvrp_n005_m03_s01,5,3,0.001000,9999,350.283936,145.533835,350.429470,0.000000,,,0,1,,,,,0.025807,DEFAULT
ga,hfvrp_n005_m03_s01,5,3,0.001000,9999,350.283936,145.533835,350.429470,0.000000,,,0,1,,,,,0.005065,SMALL
ga,hfvrp_n010_m03_s01,10,3,0.001000,10,522.493954,828.669770,523.322624,0.000000,,,0,1,,,,,0.037382,DEFAULT
ga,hfvrp_n010_m03_s01,10,3,0.001000,10,522.493954,828.669770,523.322624,0.000000,,,0,1,,,,,0.004125,SMALL
ga,hfvrp_n005_m03_s05,5,3,0.001000,50,362.596536,406.141495,363.002677,0.000000,,,0,1,,,,,0.479818,MEDIUM
ga,hfvrp_n005_m03_s04,5,3,0.001000,75,278.576281,287.478473,278.863759,0.000000,,,0,1,,,,,0.485599,MEDIUM
ga,hfvrp_n005_m03_s01,5,3,0.001000,9999,350.283936,145.533835,350.429470,0.000000,,,0,1,,,,,0.470035,MEDIUM
ga,hfvrp_n005_m03_s03,5,3,0.001000,100,444.734799,0.000000,444.734799,0.000000,,,0,1,,,,,1.436575,BIG
ga,hfvrp_n005_m03_s02,5,3,0.001000,200,359.865479,294.868617,360.160347,0.000000,,,0,1,,,,,1.477778,BIG
ga,hfvrp_n005_m03_s03,5,3,0.001000,200,444.734799,0.000000,444.734799,0.000000,,,0,1,,,,,0.025044,DEFAULT
ga,hfvrp_n005_m03_s03,5,3,0.001000,200,444.734799,0.000000,444.734799,0.000000,,,0,1,,,,,0.003400,SMALL
ga,hfvrp_n005_m03_s02,5,3,0.001000,999,359.865479,294.868617,360.160347,0.000000,,,0,1,,,,,0.025584,DEFAULT
ga,hfvrp_n005_m03_s02,5,3,0.001000,999,359.865479,294.868617,360.160347,0.000000,,,0,1,,,,,0.002464,SMALL
ga,hfvrp_n010_m03_s01,10,3,0.001000,10,522.493954,828.669770,523.322624,0.000000,,,0,1,,,,,0.728585,MEDIUM
ga,hfvrp_n005_m03_s03,5,3,0.001000,200,444.734799,0.000000,444.734799,0.000000,,,0,1,,,,,0.475776,MEDIUM
ga,hfvrp_n005_m03_s02,5,3,0.001000,999,359.865479,294.868617,360.160347,0.000000,,,0,1,,,,,0.478128,MEDIUM
ga,hfvrp_n005_m03_s05,5,3,0.001000,50,362.596536,406.141495,363.002677,0.000000,,,0,1,,,,,1.429707,BIG
ga,hfvrp_n005_m03_s05,5,3,0.001000,75,362.596536,406.141495,363.002677,0.000000,,,0,1,,,,,0.028659,DEFAULT
ga,hfvrp_n005_m03_s05,5,3,0.001000,75,362.596536,406.141495,363.002677,0.000000,,,0,1,,,,,0.004758,SMALL
ga,hfvrp_n005_m03_s04,5,3,0.001000,75,278.576281,287.478473,278.863759,0.000000,,,0,1,,,,,1.447177,BIG
ga,hfvrp_n005_m03_s04,5,3,0.001000,100,278.576281,536.399627,279.112681,0.000000,,,0,1,,,,,0.027010,DEFAULT
ga,hfvrp_n005_m03_s04,5,3,0.001000,100,278.576281,287.478473,278.863759,0.000000,,,0,1,,,,,0.007488,SMALL
ga,hfvrp_n005_m03_s01,5,3,0.001000,9999,350.283936,145.533835,350.429470,0.000000,,,0,1,,,,,1.430007,BIG
ga,hfvrp_n005_m03_s01,5,3,0.001000,19345,350.283936,145.533835,350.429470,0.000000,,,0,1,,,,,0.025413,DEFAULT
ga,hfvrp_n005_m03_s01,5,3,0.001000,19345,350.283936,145.533835,350.429470,0.000000,,,0,1,,,,,0.002562,SMALL
ga,hfvrp_n005_m03_s05,5,3,0.001000,75,362.596536,406.141495,363.002677,0.000000,,,0,1,,,,,0.471318,MEDIUM
ga,hfvrp_n005_m03_s04,5,3,0.001000,100,278.576281,287.478473,278.863759,0.000000,,,0,1,,,,,0.476862,MEDIUM
ga,hfvrp_n005_m03_s01,5,3,0.001000,19345,350.283936,145.533835,350.429470,0.000000,,,0,1,,,,,0.470948,MEDIUM
ga,hfvrp_n005_m03_s03,5,3,0.001000,200,444.734799,0.000000,444.734799,0.000000,,,0,1,,,,,1.452074,BIG
ga,hfvrp_n005_m03_s02,5,3,0.001000,999,359.865479,294.868617,360.160347,0.000000,,,0,1,,,,,1.448359,BIG
ga,hfvrp_n005_m03_s03,5,3,0.001000,999,444.734799,0.000000,444.734799,0.000000,,,0,1,,,,,0.028838,DEFAULT
ga,hfvrp_n005_m03_s02,5,3,0.001000,1234,359.865479,294.868617,360.160347,0.000000,,,0,1,,,,,0.023855,DEFAULT
ga,hfvrp_n005_m03_s02,5,3,0.001000,1234,359.865479,294.868617,360.160347,0.000000,,,0,1,,,,,0.002467,SMALL
ga,hfvrp_n005_m03_s03,5,3,0.001000,999,444.734799,0.000000,444.734799,0.000000,,,0,1,,,,,0.005037,SMALL
ga,hfvrp_n010_m03_s01,10,3,0.001000,10,522.493954,828.669770,523.322624,0.000000,,,0,1,,,,,2.203186,BIG
ga,hfvrp_n010_m03_s01,10,3,0.001000,50,522.493954,828.669770,523.322624,0.000000,,,0,1,,,,,0.039871,DEFAULT
ga,hfvrp_n010_m03_s01,10,3,0.001000,50,525.392822,968.923023,526.361745,0.000000,,,0,1,,,,,0.003994,SMALL
ga,hfvrp_n005_m03_s02,5,3,0.001000,1234,359.865479,294.868617,360.160347,0.000000,,,0,1,,,,,0.477844,MEDIUM
ga,hfvrp_n005_m03_s03,5,3,0.001000,999,444.734799,0.000000,444.734799,0.000000,,,0,1,,,,,0.482636,MEDIUM
ga,hfvrp_n005_m03_s05,5,3,0.001000,75,362.596536,406.141495,363.002677,0.000000,,,0,1,,,,,1.486821,BIG
ga,hfvrp_n005_m03_s04,5,3,0.001000,100,278.576281,287.478473,278.863759,0.000000,,,0,1,,,,,1.440253,BIG
ga,hfvrp_n005_m03_s05,5,3,0.001000,100,362.596536,406.141495,363.002677,0.000000,,,0,1,,,,,0.028226,DEFAULT
ga,hfvrp_n005_m03_s04,5,3,0.001000,200,278.576281,287.478473,278.863759,0.000000,,,0,1,,,,,0.023910,DEFAULT
ga,hfvrp_n005_m03_s05,5,3,0.001000,100,362.596536,406.141495,363.002677,0.000000,,,0,1,,,,,0.002558,SMALL
ga,hfvrp_n005_m03_s04,5,3,0.001000,200,278.576281,287.478473,278.863759,0.000000,,,0,1,,,,,0.006100,SMALL
ga,hfvrp_n010_m03_s01,10,3,0.001000,50,522.493954,828.669770,523.322624,0.000000,,,0,1,,,,,0.733644,MEDIUM
ga,hfvrp_n005_m03_s01,5,3,0.001000,19345,350.283936,145.533835,350.429470,0.000000,,,0,1,,,,,1.424347,BIG
ga,hfvrp_n005_m03_s01,5,3,0.001000,1788187239187123480,350.283936,145.533835,350.429470,0.000000,,,0,1,,,,,0.027763,DEFAULT
ga,hfvrp_n005_m03_s01,5,3,0.001000,1788187295057261615,350.283936,145.533835,350.429470,0.000000,,,0,1,,,,,0.007884,SMALL
ga,hfvrp_n005_m03_s05,5,3,0.001000,100,362.596536,406.141495,363.002677,0.000000,,,0,1,,,,,0.470529,MEDIUM
ga,hfvrp_n005_m03_s04,5,3,0.001000,200,278.576281,287.478473,278.863759,0.000000,,,0,1,,,,,0.480448,MEDIUM
ga,hfvrp_n005_m03_s01,5,3,0.001000,1788187299364054972,350.283936,145.533835,350.429470,0.000000,,,0,1,,,,,0.470472,MEDIUM
ga,hfvrp_n005_m03_s02,5,3,0.001000,1234,359.865479,294.868617,360.160347,0.000000,,,0,1,,,,,1.456351,BIG
ga,hfvrp_n005_m03_s02,5,3,0.001000,9999,359.865479,294.868617,360.160347,0.000000,,,0,1,,,,,0.023870,DEFAULT
ga,hfvrp_n005_m03_s02,5,3,0.001000,9999,359.865479,294.868617,360.160347,0.000000,,,0,1,,,,,0.002461,SMALL
ga,hfvrp_n005_m03_s03,5,3,0.001000,999,444.734799,0.000000,444.734799,0.000000,,,0,1,,,,,1.505879,BIG
ga,hfvrp_n005_m03_s03,5,3,0.001000,1234,444.734799,0.000000,444.734799,0.000000,,,0,1,,,,,0.023523,DEFAULT
ga,hfvrp_n005_m03_s03,5,3,0.001000,1234,444.734799,0.000000,444.734799,0.000000,,,0,1,,,,,0.002420,SMALL
ga,hfvrp_n005_m03_s02,5,3,0.001000,9999,359.865479,294.868617,360.160347,0.000000,,,0,1,,,,,0.477868,MEDIUM
ga,hfvrp_n005_m03_s03,5,3,0.001000,1234,444.734799,0.000000,444.734799,0.000000,,,0,1,,,,,0.513243,MEDIUM
ga,hfvrp_n005_m03_s05,5,3,0.001000,100,362.596536,406.141495,363.002677,0.000000,,,0,1,,,,,1.428299,BIG
ga,hfvrp_n005_m03_s05,5,3,0.001000,200,362.596536,406.141495,363.002677,0.000000,,,0,1,,,,,0.024387,DEFAULT
ga,hfvrp_n005_m03_s05,5,3,0.001000,200,362.596536,406.141495,363.002677,0.000000,,,0,1,,,,,0.002715,SMALL
ga,hfvrp_n005_m03_s04,5,3,0.001000,200,278.576281,287.478473,278.863759,0.000000,,,0,1,,,,,1.506848,BIG
ga,hfvrp_n005_m03_s04,5,3,0.001000,999,278.576281,536.399627,279.112681,0.000000,,,0,1,,,,,0.024994,DEFAULT
ga,hfvrp_n005_m03_s04,5,3,0.001000,999,278.576281,287.478473,278.863759,0.000000,,,0,1,,,,,0.004993,SMALL
ga,hfvrp_n005_m03_s01,5,3,0.001000,1788187278367845129,350.283936,145.533835,350.429470,0.000000,,,0,1,,,,,1.427269,BIG
ga,hfvrp_n010_m03_s02,10,3,0.001000,1788187640621646861,526.828044,1617.153616,528.445198,0.000000,,,0,1,,,,,0.038073,DEFAULT
ga,hfvrp_n010_m03_s02,10,3,0.001000,1788187636368642900,526.828044,1617.153616,528.445198,0.000000,,,0,1,,,,,0.003924,SMALL
ga,hfvrp_n010_m03_s01,10,3,0.001000,50,522.493954,828.669770,523.322624,0.000000,,,0,1,,,,,2.215467,BIG
ga,hfvrp_n010_m03_s01,10,3,0.001000,75,525.392822,968.923023,526.361745,0.000000,,,0,1,,,,,0.039977,DEFAULT
ga,hfvrp_n010_m03_s01,10,3,0.001000,75,522.493954,828.669770,523.322624,0.000000,,,0,1,,,,,0.003844,SMALL
ga,hfvrp_n005_m03_s05,5,3,0.001000,200,362.596536,406.141495,363.002677,0.000000,,,0,1,,,,,0.478537,MEDIUM
ga,hfvrp_n005_m03_s04,5,3,0.001000,999,278.576281,287.478473,278.863759,0.000000,,,0,1,,,,,0.484511,MEDIUM
ga,hfvrp_n005_m03_s02,5,3,0.001000,9999,359.865479,294.868617,360.160347,0.000000,,,0,1,,,,,1.454143,BIG
ga,hfvrp_n005_m03_s02,5,3,0.001000,19345,359.865479,294.868617,360.160347,0.000000,,,0,1,,,,,0.024044,DEFAULT
ga,hfvrp_n010_m03_s02,10,3,0.001000,1788187632081362641,526.828044,1617.153616,528.445198,0.000000,,,0,1,,,,,0.744022,MEDIUM
ga,hfvrp_n005_m03_s02,5,3,0.001000,19345,359.865479,294.868617,360.160347,0.000000,,,0,1,,,,,0.006245,SMALL
ga,hfvrp_n005_m03_s03,5,3,0.001000,1234,444.734799,0.000000,444.734799,0.000000,,,0,1,,,,,1.451007,BIG
ga,hfvrp_n005_m03_s03,5,3,0.001000,9999,444.734799,0.000000,444.734799,0.000000,,,0,1,,,,,0.022755,DEFAULT
ga,hfvrp_n005_m03_s03,5,3,0.001000,9999,444.734799,0.000000,444.734799,0.000000,,,0,1,,,,,0.002563,SMALL
ga,hfvrp_n010_m03_s01,10,3,0.001000,75,522.493954,828.669770,523.322624,0.000000,,,0,1,,,,,0.733439,MEDIUM
ga,hfvrp_n005_m03_s02,5,3,0.001000,19345,359.865479,294.868617,360.160347,0.000000,,,0,1,,,,,0.481863,MEDIUM
ga,hfvrp_n005_m03_s03,5,3,0.001000,9999,444.734799,0.000000,444.734799,0.000000,,,0,1,,,,,0.476991,MEDIUM
ga,hfvrp_n005_m03_s05,5,3,0.001000,200,362.596536,406.141495,363.002677,0.000000,,,0,1,,,,,1.436007,BIG
ga,hfvrp_n005_m03_s05,5,3,0.001000,999,362.596536,406.141495,363.002677,0.000000,,,0,1,,,,,0.027278,DEFAULT
ga,hfvrp_n005_m03_s05,5,3,0.001000,999,362.596536,406.141495,363.002677,0.000000,,,0,1,,,,,0.007063,SMALL
ga,hfvrp_n005_m03_s04,5,3,0.001000,999,278.576281,287.478473,278.863759,0.000000,,,0,1,,,,,1.451682,BIG
ga,hfvrp_n005_m03_s04,5,3,0.001000,1234,278.576281,287.478473,278.863759,0.000000,,,0,1,,,,,0.027876,DEFAULT
ga,hfvrp_n005_m03_s04,5,3,0.001000,1234,278.576281,287.478473,278.863759,0.000000,,,0,1,,,,,0.005604,SMALL
ga,hfvrp_n005_m03_s05,5,3,0.001000,999,362.596536,406.141495,363.002677,0.000000,,,0,1,,,,,0.475161,MEDIUM
ga,hfvrp_n005_m03_s04,5,3,0.001000,1234,278.576281,287.478473,278.863759,0.000000,,,0,1,,,,,0.480806,MEDIUM
ga,hfvrp_n005_m03_s02,5,3,0.001000,19345,359.865479,294.868617,360.160347,0.000000,,,0,1,,,,,1.457971,BIG
ga,hfvrp_n005_m03_s02,5,3,0.001000,1788187978401313846,359.865479,294.868617,360.160347,0.000000,,,0,1,,,,,0.027779,DEFAULT
ga,hfvrp_n005_m03_s03,5,3,0.001000,9999,444.734799,0.000000,444.734799,0.000000,,,0,1,,,,,1.441227,BIG
ga,hfvrp_n005_m03_s02,5,3,0.001000,1788187974137410083,359.865479,294.868617,360.160347,0.000000,,,0,1,,,,,0.002631,SMALL
ga,hfvrp_n005_m03_s03,5,3,0.001000,19345,444.734799,0.000000,444.734799,0.000000,,,0,1,,,,,0.027137,DEFAULT
ga,hfvrp_n005_m03_s03,5,3,0.001000,19345,444.734799,0.000000,444.734799,0.000000,,,0,1,,,,,0.002601,SMALL
ga,hfvrp_n010_m03_s02,10,3,0.001000,1788187564110031921,524.488142,1281.817518,525.769960,0.000000,,,0,1,,,,,2.223963,BIG
ga,hfvrp_n010_m03_s02,10,3,0.001000,1,526.828044,1617.153616,528.445198,0.000000,,,0,1,,,,,0.035168,DEFAULT
ga,hfvrp_n010_m03_s02,10,3,0.001000,1,526.828044,1617.153616,528.445198,0.000000,,,0,1,,,,,0.003820,SMALL
ga,hfvrp_n010_m03_s01,10,3,0.001000,75,522.493954,828.669770,523.322624,0.000000,,,0,1,,,,,2.241996,BIG
ga,hfvrp_n010_m03_s01,10,3,0.001000,100,522.493954,828.669770,523.322624,0.000000,,,0,1,,,,,0.038451,DEFAULT
ga,hfvrp_n010_m03_s01,10,3,0.001000,100,525.392822,968.923023,526.361745,0.000000,,,0,1,,,,,0.004001,SMALL
ga,hfvrp_n005_m03_s02,5,3,0.001000,1788187956963617140,359.865479,294.868617,360.160347,0.000000,,,0,1,,,,,0.495280,MEDIUM
ga,hfvrp_n005_m03_s03,5,3,0.001000,19345,444.734799,0.000000,444.734799,0.000000,,,0,1,,,,,0.482988,MEDIUM
ga,hfvrp_n005_m03_s05,5,3,0.001000,999,362.596536,406.141495,363.002677,0.000000,,,0,1,,,,,1.438849,BIG
ga,hfvrp_n005_m03_s05,5,3,0.001000,1234,362.596536,406.141495,363.002677,0.000000,,,0,1,,,,,0.023892,DEFAULT
ga,hfvrp_n005_m03_s05,5,3,0.001000,1234,362.596536,406.141495,363.002677,0.000000,,,0,1,,,,,0.004407,SMALL
ga,hfvrp_n005_m03_s04,5,3,0.001000,1234,278.576281,287.478473,278.863759,0.000000,,,0,1,,,,,1.457785,BIG
ga,hfvrp_n005_m03_s04,5,3,0.001000,9999,278.576281,287.478473,278.863759,0.000000,,,0,1,,,,,0.027979,DEFAULT
ga,hfvrp_n005_m03_s04,5,3,0.001000,9999,278.576281,536.399627,279.112681,0.000000,,,0,1,,,,,0.002458,SMALL
ga,hfvrp_n010_m03_s02,10,3,0.001000,1,526.828044,1617.153616,528.445198,0.000000,,,0,1,,,,,0.740687,MEDIUM
ga,hfvrp_n010_m03_s01,10,3,0.001000,100,522.493954,828.669770,523.322624,0.000000,,,0,1,,,,,0.733003,MEDIUM
ga,hfvrp_n005_m03_s05,5,3,0.001000,1234,362.596536,406.141495,363.002677,0.000000,,,0,1,,,,,0.472553,MEDIUM
ga,hfvrp_n005_m03_s04,5,3,0.001000,9999,278.576281,287.478473,278.863759,0.000000,,,0,1,,,,,0.478234,MEDIUM
ga,hfvrp_n005_m03_s02,5,3,0.001000,1788187824318298278,359.865479,294.868617,360.160347,0.000000,,,0,1,,,,,1.448032,BIG
ga,hfvrp_n005_m03_s03,5,3,0.001000,19345,444.734799,0.000000,444.734799,0.000000,,,0,1,,,,,1.462454,BIG
ga,hfvrp_n005_m03_s03,5,3,0.001000,1788188195201171381,444.734799,0.000000,444.734799,0.000000,,,0,1,,,,,0.024042,DEFAULT
ga,hfvrp_n010_m03_s03,10,3,0.001000,1788188242430744086,536.207835,877.959782,537.085794,0.000000,,,0,1,,,,,0.040887,DEFAULT
ga,hfvrp_n005_m03_s03,5,3,0.001000,1788188199523403983,444.734799,0.000000,444.734799,0.000000,,,0,1,,,,,0.002592,SMALL
ga,hfvrp_n010_m03_s03,10,3,0.001000,1788188203820895286,536.207835,877.959782,537.085794,0.000000,,,0,1,,,,,0.004084,SMALL
ga,hfvrp_n005_m03_s03,5,3,0.001000,1788188208122428260,444.734799,0.000000,444.734799,0.000000,,,0,1,,,,,0.475452,MEDIUM
ga,hfvrp_n010_m03_s03,10,3,0.001000,1788188212418900789,536.207835,877.959782,537.085794,0.000000,,,0,1,,,,,0.729584,MEDIUM
ga,hfvrp_n005_m03_s05,5,3,0.001000,1234,362.596536,406.141495,363.002677,0.000000,,,0,1,,,,,1.433068,BIG
ga,hfvrp_n005_m03_s05,5,3,0.001000,9999,362.596536,406.141495,363.002677,0.000000,,,0,1,,,,,0.027182,DEFAULT
ga,hfvrp_n005_m03_s05,5,3,0.001000,9999,362.596536,406.141495,363.002677,0.000000,,,0,1,,,,,0.006676,SMALL
ga,hfvrp_n005_m03_s04,5,3,0.001000,9999,278.576281,287.478473,278.863759,0.000000,,,0,1,,,,,1.443923,BIG
ga,hfvrp_n005_m03_s04,5,3,0.001000,19345,278.576281,287.478473,278.863759,0.000000,,,0,1,,,,,0.024035,DEFAULT
ga,hfvrp_n005_m03_s04,5,3,0.001000,19345,278.576281,287.478473,278.863759,0.000000,,,0,1,,,,,0.002546,SMALL
ga,hfvrp_n010_m03_s02,10,3,0.001000,1,524.488142,1281.817518,525.769960,0.000000,,,0,1,,,,,2.216285,BIG
ga,hfvrp_n010_m03_s02,10,3,0.001000,10,526.828044,1617.153616,528.445198,0.000000,,,0,1,,,,,0.040670,DEFAULT
ga,hfvrp_n010_m03_s02,10,3,0.001000,10,526.828044,1617.153616,528.445198,0.000000,,,0,1,,,,,0.006797,SMALL
ga,hfvrp_n005_m03_s05,5,3,0.001000,9999,362.596536,406.141495,363.002677,0.000000,,,0,1,,,,,0.477739,MEDIUM
ga,hfvrp_n010_m03_s01,10,3,0.001000,100,522.493954,828.669770,523.322624,0.000000,,,0,1,,,,,2.200776,BIG
ga,hfvrp_n010_m03_s01,10,3,0.001000,200,522.493954,828.669770,523.322624,0.000000,,,0,1,,,,,0.038634,DEFAULT
ga,hfvrp_n010_m03_s01,10,3,0.001000,200,522.493954,828.669770,523.322624,0.000000,,,0,1,,,,,0.003889,SMALL
ga,hfvrp_n005_m03_s04,5,3,0.001000,19345,278.576281,287.478473,278.863759,0.000000,,,0,1,,,,,0.487096,MEDIUM
ga,hfvrp_n005_m03_s03,5,3,0.001000,1788188217191037407,444.734799,0.000000,444.734799,0.000000,,,0,1,,,,,1.447443,BIG
ga,hfvrp_n010_m03_s04,10,3,0.001000,1788187999658814141,511.684614,1086.531255,512.771145,0.000000,,,0,1,,,,,0.037108,DEFAULT
ga,hfvrp_n010_m03_s02,10,3,0.001000,10,526.828044,1617.153616,528.445198,0.000000,,,0,1,,,,,0.743487,MEDIUM
ga,hfvrp_n010_m03_s04,10,3,0.001000,1788188003994587352,511.684614,1086.531255,512.771145,0.000000,,,0,1,,,,,0.003966,SMALL
ga,hfvrp_n010_m03_s01,10,3,0.001000,200,522.493954,828.669770,523.322624,0.000000,,,0,1,,,,,0.739859,MEDIUM
ga,hfvrp_n005_m03_s05,5,3,0.001000,9999,362.596536,406.141495,363.002677,0.000000,,,0,1,,,,,1.433455,BIG
ga,hfvrp_n010_m03_s04,10,3,0.001000,1788188012592153649,511.684614,1086.531255,512.771145,0.000000,,,0,1,,,,,0.728307,MEDIUM
ga,hfvrp_n005_m03_s05,5,3,0.001000,19345,362.596536,406.141495,363.002677,0.000000,,,0,1,,,,,0.026064,DEFAULT
ga,hfvrp_n005_m03_s05,5,3,0.001000,19345,362.596536,406.141495,363.002677,0.000000,,,0,1,,,,,0.002740,SMALL
ga,hfvrp_n005_m03_s04,5,3,0.001000,19345,278.576281,287.478473,278.863759,0.000000,,,0,1,,,,,1.451483,BIG
ga,hfvrp_n005_m03_s04,5,3,0.001000,1788188477330198029,278.576281,287.478473,278.863759,0.000000,,,0,1,,,,,0.028661,DEFAULT
ga,hfvrp_n005_m03_s04,5,3,0.001000,1788188490251537374,278.576281,287.478473,278.863759,0.000000,,,0,1,,,,,0.005020,SMALL
ga,hfvrp_n010_m03_s03,10,3,0.001000,1788188221742362177,536.207835,877.959782,537.085794,0.000000,,,0,1,,,,,2.250150,BIG
ga,hfvrp_n010_m03_s03,10,3,0.001000,1,536.207835,877.959782,537.085794,0.000000,,,0,1,,,,,0.036788,DEFAULT
ga,hfvrp_n010_m03_s03,10,3,0.001000,1,536.207835,877.959782,537.085794,0.000000,,,0,1,,,,,0.003992,SMALL
ga,hfvrp_n005_m03_s05,5,3,0.001000,19345,362.596536,406.141495,363.002677,0.000000,,,0,1,,,,,0.479214,MEDIUM
ga,hfvrp_n005_m03_s04,5,3,0.001000,1788188485965347811,278.576281,287.478473,278.863759,0.000000,,,0,1,,,,,0.483704,MEDIUM
ga,hfvrp_n010_m03_s03,10,3,0.001000,1,536.207835,877.959782,537.085794,0.000000,,,0,1,,,,,0.733455,MEDIUM
ga,hfvrp_n010_m03_s02,10,3,0.001000,10,526.828044,1617.153616,528.445198,0.000000,,,0,1,,,,,2.217237,BIG
ga,hfvrp_n010_m03_s02,10,3,0.001000,50,526.828044,1617.153616,528.445198,0.000000,,,0,1,,,,,0.040636,DEFAULT
ga,hfvrp_n010_m03_s02,10,3,0.001000,50,526.828044,1617.153616,528.445198,0.000000,,,0,1,,,,,0.006565,SMALL
ga,hfvrp_n010_m03_s01,10,3,0.001000,200,522.493954,828.669770,523.322624,0.000000,,,0,1,,,,,2.210058,BIG
ga,hfvrp_n010_m03_s01,10,3,0.001000,999,522.493954,828.669770,523.322624,0.000000,,,0,1,,,,,0.038210,DEFAULT
ga,hfvrp_n010_m03_s01,10,3,0.001000,999,525.392822,968.923023,526.361745,0.000000,,,0,1,,,,,0.008701,SMALL
ga,hfvrp_n005_m03_s05,5,3,0.001000,19345,362.596536,406.141495,363.002677,0.000000,,,0,1,,,,,1.443596,BIG
ga,hfvrp_n005_m03_s05,5,3,0.001000,1788188346005224680,362.596536,406.141495,363.002677,0.000000,,,0,1,,,,,0.023326,DEFAULT
ga,hfvrp_n005_m03_s05,5,3,0.001000,1788188341742024500,362.596536,406.141495,363.002677,0.000000,,,0,1,,,,,0.007432,SMALL
ga,hfvrp_n005_m03_s04,5,3,0.001000,1788188464977384773,278.576281,287.478473,278.863759,0.000000,,,0,1,,,,,1.444536,BIG
ga,hfvrp_n010_m03_s05,10,3,0.001000,1788188277492431615,578.983174,1508.880441,580.492055,0.000000,,,0,1,,,,,0.036949,DEFAULT
ga,hfvrp_n010_m03_s04,10,3,0.001000,1788188524427676781,511.684614,1086.531255,512.771145,0.000000,,,0,1,,,,,2.210671,BIG
ga,hfvrp_n010_m03_s05,10,3,0.001000,1788188273238502857,578.983174,1508.880441,580.492055,0.000000,,,0,1,,,,,0.004792,SMALL
ga,hfvrp_n010_m03_s04,10,3,0.001000,1,511.684614,1086.531255,512.771145,0.000000,,,0,1,,,,,0.036387,DEFAULT
ga,hfvrp_n010_m03_s04,10,3,0.001000,1,511.684614,1086.531255,512.771145,0.000000,,,0,1,,,,,0.008278,SMALL
ga,hfvrp_n010_m03_s02,10,3,0.001000,50,526.828044,1617.153616,528.445198,0.000000,,,0,1,,,,,0.751118,MEDIUM
ga,hfvrp_n010_m03_s01,10,3,0.001000,999,522.493954,828.669770,523.322624,0.000000,,,0,1,,,,,0.739639,MEDIUM
ga,hfvrp_n005_m03_s05,5,3,0.001000,1788188354639646110,362.596536,406.141495,363.002677,0.000000,,,0,1,,,,,0.480272,MEDIUM
ga,hfvrp_n010_m03_s05,10,3,0.001000,1788184386301873805,527.591966,819.303848,528.411270,0.000000,,,0,1,,,,,0.743726,MEDIUM
ga,hfvrp_n010_m03_s04,10,3,0.001000,1,511.684614,1086.531255,512.771145,0.000000,,,0,1,,,,,0.727723,MEDIUM
ga,hfvrp_n010_m03_s03,10,3,0.001000,1,536.207835,877.959782,537.085794,0.000000,,,0,1,,,,,2.223144,BIG
ga,hfvrp_n010_m03_s03,10,3,0.001000,10,536.207835,877.959782,537.085794,0.000000,,,0,1,,,,,0.040792,DEFAULT
ga,hfvrp_n010_m03_s03,10,3,0.001000,10,536.207835,877.959782,537.085794,0.000000,,,0,1,,,,,0.005515,SMALL
ga,hfvrp_n010_m03_s03,10,3,0.001000,10,536.207835,877.959782,537.085794,0.000000,,,0,1,,,,,0.729300,MEDIUM
ga,hfvrp_n005_m03_s05,5,3,0.001000,1788184412347997800,362.596536,406.141495,363.002677,0.000000,,,0,1,,,,,1.574171,BIG
ga,hfvrp_n015_m03_s01,15,3,0.001000,1788184293712116633,580.523616,4114.178296,584.637794,0.000000,,,0,1,,,,,0.048926,DEFAULT
ga,hfvrp_n015_m03_s01,15,3,0.001000,1788184298059941571,611.202058,4747.615820,615.949674,0.000000,,,0,1,,,,,0.005266,SMALL
ga,hfvrp_n010_m03_s02,10,3,0.001000,50,526.828044,1617.153616,528.445198,0.000000,,,0,1,,,,,2.241948,BIG
ga,hfvrp_n010_m03_s01,10,3,0.001000,999,522.493954,828.669770,523.322624,0.000000,,,0,1,,,,,2.182269,BIG
ga,hfvrp_n010_m03_s02,10,3,0.001000,75,526.828044,1617.153616,528.445198,0.000000,,,0,1,,,,,0.037911,DEFAULT
ga,hfvrp_n010_m03_s02,10,3,0.001000,75,526.828044,1617.153616,528.445198,0.000000,,,0,1,,,,,0.004008,SMALL
ga,hfvrp_n010_m03_s01,10,3,0.001000,1234,522.493954,828.669770,523.322624,0.000000,,,0,1,,,,,0.036962,DEFAULT
ga,hfvrp_n010_m03_s01,10,3,0.001000,1234,525.392822,968.923023,526.361745,0.000000,,,0,1,,,,,0.004025,SMALL
ga,hfvrp_n010_m03_s05,10,3,0.001000,1788184408529329564,527.591966,819.303848,528.411270,0.000000,,,0,1,,,,,2.224360,BIG
ga,hfvrp_n015_m03_s01,15,3,0.001000,1788184250839705761,580.523616,4114.178296,584.637794,0.000000,,,0,1,,,,,1.053197,MEDIUM
ga,hfvrp_n010_m03_s05,10,3,0.001000,1,527.591966,819.303848,528.411270,0.000000,,,0,1,,,,,0.037592,DEFAULT
ga,hfvrp_n010_m03_s05,10,3,0.001000,1,578.983174,1508.880441,580.492055,0.000000,,,0,1,,,,,0.004155,SMALL
ga,hfvrp_n010_m03_s04,10,3,0.001000,1,511.684614,1086.531255,512.771145,0.000000,,,0,1,,,,,2.223509,BIG
ga,hfvrp_n010_m03_s04,10,3,0.001000,10,521.924738,897.725236,522.822464,0.000000,,,0,1,,,,,0.040439,DEFAULT
ga,hfvrp_n010_m03_s04,10,3,0.001000,10,521.924738,897.725236,522.822464,0.000000,,,0,1,,,,,0.003982,SMALL
ga,hfvrp_n010_m03_s01,10,3,0.001000,1234,522.493954,828.669770,523.322624,0.000000,,,0,1,,,,,0.732889,MEDIUM
ga,hfvrp_n010_m03_s02,10,3,0.001000,75,526.828044,1617.153616,528.445198,0.000000,,,0,1,,,,,0.742927,MEDIUM
ga,hfvrp_n010_m03_s05,10,3,0.001000,1,527.591966,819.303848,528.411270,0.000000,,,0,1,,,,,0.743791,MEDIUM
ga,hfvrp_n010_m03_s04,10,3,0.001000,10,511.684614,1086.531255,512.771145,0.000000,,,0,1,,,,,0.749913,MEDIUM
ga,hfvrp_n010_m03_s03,10,3,0.001000,10,536.207835,877.959782,537.085794,0.000000,,,0,1,,,,,2.231850,BIG
ga,hfvrp_n010_m03_s03,10,3,0.001000,50,536.207835,877.959782,537.085794,0.000000,,,0,1,,,,,0.041079,DEFAULT
ga,hfvrp_n010_m03_s03,10,3,0.001000,50,536.207835,877.959782,537.085794,0.000000,,,0,1,,,,,0.003813,SMALL
ga,hfvrp_n010_m03_s03,10,3,0.001000,50,536.207835,877.959782,537.085794,0.000000,,,0,1,,,,,0.736542,MEDIUM
ga,hfvrp_n010_m03_s01,10,3,0.001000,1234,522.493954,828.669770,523.322624,0.000000,,,0,1,,,,,2.202858,BIG
ga,hfvrp_n010_m03_s02,10,3,0.001000,75,526.828044,1617.153616,528.445198,0.000000,,,0,1,,,,,2.218245,BIG
ga,hfvrp_n010_m03_s01,10,3,0.001000,9999,522.493954,828.669770,523.322624,0.000000,,,0,1,,,,,0.036470,DEFAULT
ga,hfvrp_n010_m03_s01,10,3,0.001000,9999,522.493954,828.669770,523.322624,0.000000,,,0,1,,,,,0.005542,SMALL
ga,hfvrp_n010_m03_s02,10,3,0.001000,100,526.828044,1617.153616,528.445198,0.000000,,,0,1,,,,,0.039786,DEFAULT
ga,hfvrp_n010_m03_s02,10,3,0.001000,100,526.828044,1617.153616,528.445198,0.000000,,,0,1,,,,,0.004066,SMALL
ga,hfvrp_n015_m03_s01,15,3,0.001000,1788184200359056579,570.230074,3895.543688,574.125618,0.000000,,,0,1,,,,,2.989622,BIG
ga,hfvrp_n015_m03_s01,15,3,0.001000,1,580.523616,4114.178296,584.637794,0.000000,,,0,1,,,,,0.053903,DEFAULT
ga,hfvrp_n010_m03_s05,10,3,0.001000,1,527.591966,819.303848,528.411270,0.000000,,,0,1,,,,,2.317103,BIG
ga,hfvrp_n015_m03_s01,15,3,0.001000,1,580.523616,4114.178296,584.637794,0.000000,,,0,1,,,,,0.008994,SMALL
ga,hfvrp_n010_m03_s01,10,3,0.001000,9999,522.493954,828.669770,523.322624,0.000000,,,0,1,,,,,0.732612,MEDIUM
ga,hfvrp_n010_m03_s04,10,3,0.001000,10,511.684614,1086.531255,512.771145,0.000000,,,0,1,,,,,2.281447,BIG
ga,hfvrp_n010_m03_s05,10,3,0.001000,10,579.414777,1389.027365,580.803804,0.000000,,,0,1,,,,,0.042808,DEFAULT
ga,hfvrp_n010_m03_s05,10,3,0.001000,10,578.983174,1508.880441,580.492055,0.000000,,,0,1,,,,,0.004134,SMALL
ga,hfvrp_n010_m03_s02,10,3,0.001000,100,526.828044,1617.153616,528.445198,0.000000,,,0,1,,,,,0.746473,MEDIUM
ga,hfvrp_n010_m03_s04,10,3,0.001000,50,521.924738,897.725236,522.822464,0.000000,,,0,1,,,,,0.039596,DEFAULT
ga,hfvrp_n010_m03_s04,10,3,0.001000,50,511.684614,1086.531255,512.771145,0.000000,,,0,1,,,,,0.004102,SMALL
ga,hfvrp_n010_m03_s05,10,3,0.001000,10,578.983174,1508.880441,580.492055,0.000000,,,0,1,,,,,0.737309,MEDIUM
ga,hfvrp_n010_m03_s04,10,3,0.001000,50,511.684614,1086.531255,512.771145,0.000000,,,0,1,,,,,0.736863,MEDIUM
ga,hfvrp_n010_m03_s03,10,3,0.001000,50,536.207835,877.959782,537.085794,0.000000,,,0,1,,,,,2.227095,BIG
ga,hfvrp_n015_m03_s01,15,3,0.001000,1,572.703747,4107.559115,576.811306,0.000000,,,0,1,,,,,1.003389,MEDIUM
ga,hfvrp_n010_m03_s03,10,3,0.001000,75,536.207835,877.959782,537.085794,0.000000,,,0,1,,,,,0.038277,DEFAULT
ga,hfvrp_n010_m03_s03,10,3,0.001000,75,536.207835,877.959782,537.085794,0.000000,,,0,1,,,,,0.003867,SMALL
ga,hfvrp_n010_m03_s03,10,3,0.001000,75,536.207835,877.959782,537.085794,0.000000,,,0,1,,,,,0.731714,MEDIUM
ga,hfvrp_n010_m03_s01,10,3,0.001000,9999,522.493954,828.669770,523.322624,0.000000,,,0,1,,,,,2.191537,BIG
ga,hfvrp_n010_m03_s02,10,3,0.001000,100,524.488142,1281.817518,525.769960,0.000000,,,0,1,,,,,2.224658,BIG
ga,hfvrp_n010_m03_s01,10,3,0.001000,19345,522.493954,828.669770,523.322624,0.000000,,,0,1,,,,,0.040139,DEFAULT
ga,hfvrp_n010_m03_s01,10,3,0.001000,19345,522.493954,828.669770,523.322624,0.000000,,,0,1,,,,,0.007404,SMALL
ga,hfvrp_n010_m03_s02,10,3,0.001000,200,526.828044,1617.153616,528.445198,0.000000,,,0,1,,,,,0.036206,DEFAULT
ga,hfvrp_n010_m03_s02,10,3,0.001000,200,526.828044,1617.153616,528.445198,0.000000,,,0,1,,,,,0.003806,SMALL
ga,hfvrp_n010_m03_s05,10,3,0.001000,10,527.591966,819.303848,528.411270,0.000000,,,0,1,,,,,2.210192,BIG
ga,hfvrp_n010_m03_s04,10,3,0.001000,50,511.684614,1086.531255,512.771145,0.000000,,,0,1,,,,,2.187835,BIG
ga,hfvrp_n010_m03_s01,10,3,0.001000,19345,522.493954,828.669770,523.322624,0.000000,,,0,1,,,,,0.725078,MEDIUM
ga,hfvrp_n010_m03_s05,10,3,0.001000,50,578.983174,1508.880441,580.492055,0.000000,,,0,1,,,,,0.041626,DEFAULT
ga,hfvrp_n010_m03_s05,10,3,0.001000,50,579.414777,1389.027365,580.803804,0.000000,,,0,1,,,,,0.003873,SMALL
ga,hfvrp_n010_m03_s04,10,3,0.001000,75,521.924738,897.725236,522.822464,0.000000,,,0,1,,,,,0.041134,DEFAULT
ga,hfvrp_n010_m03_s02,10,3,0.001000,200,526.828044,1617.153616,528.445198,0.000000,,,0,1,,,,,0.738288,MEDIUM
ga,hfvrp_n010_m03_s04,10,3,0.001000,75,511.684614,1086.531255,512.771145,0.000000,,,0,1,,,,,0.006794,SMALL
ga,hfvrp_n010_m03_s05,10,3,0.001000,50,578.983174,1508.880441,580.492055,0.000000,,,0,1,,,,,0.737159,MEDIUM
ga,hfvrp_n010_m03_s04,10,3,0.001000,75,511.684614,1086.531255,512.771145,0.000000,,,0,1,,,,,0.734448,MEDIUM
ga,hfvrp_n015_m03_s01,15,3,0.001000,1,570.230074,3895.543688,574.125618,0.000000,,,0,1,,,,,3.001447,BIG
ga,hfvrp_n010_m03_s03,10,3,0.001000,75,536.207835,877.959782,537.085794,0.000000,,,0,1,,,,,2.218854,BIG
ga,hfvrp_n010_m03_s03,10,3,0.001000,100,536.207835,877.959782,537.085794,0.000000,,,0,1,,,,,0.036831,DEFAULT
ga,hfvrp_n010_m03_s03,10,3,0.001000,100,536.207835,877.959782,537.085794,0.000000,,,0,1,,,,,0.003826,SMALL
ga,hfvrp_n015_m03_s01,15,3,0.001000,10,580.523616,4114.178296,584.637794,0.000000,,,0,1,,,,,0.051813,DEFAULT
ga,hfvrp_n015_m03_s01,15,3,0.001000,10,590.577598,4773.046935,595.350645,0.000000,,,0,1,,,,,0.007817,SMALL
ga,hfvrp_n010_m03_s03,10,3,0.001000,100,536.207835,877.959782,537.085794,0.000000,,,0,1,,,,,0.741117,MEDIUM
ga,hfvrp_n015_m03_s01,15,3,0.001000,10,572.703747,4107.559115,576.811306,0.000000,,,0,1,,,,,0.994759,MEDIUM
ga,hfvrp_n010_m03_s01,10,3,0.001000,19345,522.493954,828.669770,523.322624,0.000000,,,0,1,,,,,2.201965,BIG
ga,hfvrp_n010_m03_s01,10,3,0.001000,1788184771356597155,525.392822,968.923023,526.361745,0.000000,,,0,1,,,,,0.035487,DEFAULT
ga,hfvrp_n010_m03_s01,10,3,0.001000,1788184741335270734,522.493954,828.669770,523.322624,0.000000,,,0,1,,,,,0.008523,SMALL
ga,hfvrp_n010_m03_s02,10,3,0.001000,200,524.488142,1281.817518,525.769960,0.000000,,,0,1,,,,,2.215943,BIG
ga,hfvrp_n010_m03_s02,10,3,0.001000,999,524.488142,1281.817518,525.769960,0.000000,,,0,1,,,,,0.037452,DEFAULT
ga,hfvrp_n010_m03_s02,10,3,0.001000,999,526.828044,1617.153616,528.445198,0.000000,,,0,1,,,,,0.003938,SMALL
ga,hfvrp_n010_m03_s01,10,3,0.001000,1788184745642698351,522.493954,828.669770,523.322624,0.000000,,,0,1,,,,,0.730413,MEDIUM
ga,hfvrp_n010_m03_s05,10,3,0.001000,50,527.591966,819.303848,528.411270,0.000000,,,0,1,,,,,2.232454,BIG
ga,hfvrp_n010_m03_s02,10,3,0.001000,999,524.488142,1281.817518,525.769960,0.000000,,,0,1,,,,,0.736963,MEDIUM
ga,hfvrp_n010_m03_s05,10,3,0.001000,75,578.983174,1508.880441,580.492055,0.000000,,,0,1,,,,,0.036890,DEFAULT
ga,hfvrp_n010_m03_s05,10,3,0.001000,75,578.983174,1508.880441,580.492055,0.000000,,,0,1,,,,,0.003855,SMALL
ga,hfvrp_n010_m03_s04,10,3,0.001000,75,511.684614,1086.531255,512.771145,0.000000,,,0,1,,,,,2.398134,BIG
ga,hfvrp_n010_m03_s04,10,3,0.001000,100,521.924738,897.725236,522.822464,0.000000,,,0,1,,,,,0.036080,DEFAULT
ga,hfvrp_n010_m03_s04,10,3,0.001000,100,521.924738,897.725236,522.822464,0.000000,,,0,1,,,,,0.008708,SMALL
ga,hfvrp_n010_m03_s05,10,3,0.001000,75,527.591966,819.303848,528.411270,0.000000,,,0,1,,,,,0.737205,MEDIUM
ga,hfvrp_n010_m03_s03,10,3,0.001000,100,536.207835,877.959782,537.085794,0.000000,,,0,1,,,,,2.215662,BIG
ga,hfvrp_n010_m03_s04,10,3,0.001000,100,511.684614,1086.531255,512.771145,0.000000,,,0,1,,,,,0.719497,MEDIUM
ga,hfvrp_n010_m03_s03,10,3,0.001000,200,536.207835,877.959782,537.085794,0.000000,,,0,1,,,,,0.038712,DEFAULT
ga,hfvrp_n010_m03_s03,10,3,0.001000,200,536.207835,877.959782,537.085794,0.000000,,,0,1,,,,,0.003830,SMALL
ga,hfvrp_n010_m03_s03,10,3,0.001000,200,536.207835,877.959782,537.085794,0.000000,,,0,1,,,,,0.729116,MEDIUM
ga,hfvrp_n015_m03_s01,15,3,0.001000,10,570.230074,3895.543688,574.125618,0.000000,,,0,1,,,,,2.956114,BIG
ga,hfvrp_n015_m03_s01,15,3,0.001000,50,580.523616,4114.178296,584.637794,0.000000,,,0,1,,,,,0.053243,DEFAULT
ga,hfvrp_n015_m03_s01,15,3,0.001000,50,580.523616,4114.178296,584.637794,0.000000,,,0,1,,,,,0.010680,SMALL
ga,hfvrp_n010_m03_s01,10,3,0.001000,1788184712021424552,522.493954,828.669770,523.322624,0.000000,,,0,1,,,,,2.186686,BIG
ga,hfvrp_n015_m03_s02,15,3,0.001000,1788185083628803459,536.153014,2679.028517,538.832042,0.000000,,,0,1,,,,,0.050454,DEFAULT
ga,hfvrp_n015_m03_s02,15,3,0.001000,1788185053618159080,536.153014,2679.028517,538.832042,0.000000,,,0,1,,,,,0.005455,SMALL
ga,hfvrp_n010_m03_s02,10,3,0.001000,999,526.828044,1617.153616,528.445198,0.000000,,,0,1,,,,,2.227058,BIG
ga,hfvrp_n010_m03_s02,10,3,0.001000,1234,526.828044,1617.153616,528.445198,0.000000,,,0,1,,,,,0.037073,DEFAULT
ga,hfvrp_n010_m03_s02,10,3,0.001000,1234,526.828044,1617.153616,528.445198,0.000000,,,0,1,,,,,0.006033,SMALL
ga,hfvrp_n010_m03_s05,10,3,0.001000,75,527.591966,819.303848,528.411270,0.000000,,,0,1,,,,,2.213245,BIG
ga,hfvrp_n010_m03_s05,10,3,0.001000,100,578.983174,1508.880441,580.492055,0.000000,,,0,1,,,,,0.036129,DEFAULT
ga,hfvrp_n010_m03_s02,10,3,0.001000,1234,524.488142,1281.817518,525.769960,0.000000,,,0,1,,,,,0.731581,MEDIUM
ga,hfvrp_n010_m03_s05,10,3,0.001000,100,578.983174,1508.880441,580.492055,0.000000,,,0,1,,,,,0.007032,SMALL
ga,hfvrp_n015_m03_s01,15,3,0.001000,50,580.523616,4114.178296,584.637794,0.000000,,,0,1,,,,,0.993965,MEDIUM
ga,hfvrp_n010_m03_s04,10,3,0.001000,100,511.684614,1086.531255,512.771145,0.000000,,,0,1,,,,,2.203730,BIG
ga,hfvrp_n010_m03_s04,10,3,0.001000,200,520.937874,1405.672941,522.343547,0.000000,,,0,1,,,,,0.036056,DEFAULT
ga,hfvrp_n010_m03_s04,10,3,0.001000,200,521.924738,897.725236,522.822464,0.000000,,,0,1,,,,,0.006921,SMALL
ga,hfvrp_n015_m03_s02,15,3,0.001000,1788185049336774320,536.153014,2679.028517,538.832042,0.000000,,,0,1,,,,,0.990890,MEDIUM
ga,hfvrp_n010_m03_s05,10,3,0.001000,100,527.591966,819.303848,528.411270,0.000000,,,0,1,,,,,0.742412,MEDIUM
ga,hfvrp_n010_m03_s04,10,3,0.001000,200,511.684614,1086.531255,512.771145,0.000000,,,0,1,,,,,0.724551,MEDIUM
ga,hfvrp_n010_m03_s03,10,3,0.001000,200,536.207835,877.959782,537.085794,0.000000,,,0,1,,,,,2.221598,BIG
ga,hfvrp_n010_m03_s03,10,3,0.001000,999,536.207835,877.959782,537.085794,0.000000,,,0,1,,,,,0.035614,DEFAULT
ga,hfvrp_n010_m03_s03,10,3,0.001000,999,536.207835,877.959782,537.085794,0.000000,,,0,1,,,,,0.006936,SMALL
ga,hfvrp_n010_m03_s03,10,3,0.001000,999,536.207835,877.959782,537.085794,0.000000,,,0,1,,,,,0.729195,MEDIUM
ga,hfvrp_n010_m03_s02,10,3,0.001000,1234,524.488142,1281.817518,525.769960,0.000000,,,0,1,,,,,2.234462,BIG
ga,hfvrp_n010_m03_s02,10,3,0.001000,9999,524.488142,1281.817518,525.769960,0.000000,,,0,1,,,,,0.036176,DEFAULT
ga,hfvrp_n010_m03_s02,10,3,0.001000,9999,526.828044,1617.153616,528.445198,0.000000,,,0,1,,,,,0.003822,SMALL
ga,hfvrp_n010_m03_s05,10,3,0.001000,100,527.591966,819.303848,528.411270,0.000000,,,0,1,,,,,2.219349,BIG
ga,hfvrp_n015_m03_s01,15,3,0.001000,50,580.523616,4114.178296,584.637794,0.000000,,,0,1,,,,,2.990920,BIG
ga,hfvrp_n010_m03_s05,10,3,0.001000,200,578.983174,1508.880441,580.492055,0.000000,,,0,1,,,,,0.038942,DEFAULT
ga,hfvrp_n010_m03_s02,10,3,0.001000,9999,526.828044,1617.153616,528.445198,0.000000,,,0,1,,,,,0.741301,MEDIUM
ga,hfvrp_n010_m03_s05,10,3,0.001000,200,578.983174,1508.880441,580.492055,0.000000,,,0,1,,,,,0.006021,SMALL
ga,hfvrp_n015_m03_s01,15,3,0.001000,75,580.523616,4114.178296,584.637794,0.000000,,,0,1,,,,,0.053936,DEFAULT
ga,hfvrp_n010_m03_s04,10,3,0.001000,200,511.684614,1086.531255,512.771145,0.000000,,,0,1,,,,,2.179022,BIG
ga,hfvrp_n015_m03_s01,15,3,0.001000,75,580.523616,4114.178296,584.637794,0.000000,,,0,1,,,,,0.008525,SMALL
ga,hfvrp_n015_m03_s02,15,3,0.001000,1788185497009050093,536.153014,2679.028517,538.832042,0.000000,,,0,1,,,,,2.903064,BIG
ga,hfvrp_n010_m03_s04,10,3,0.001000,999,511.684614,1086.531255,512.771145,0.000000,,,0,1,,,,,0.038796,DEFAULT
ga,hfvrp_n010_m03_s04,10,3,0.001000,999,511.684614,1086.531255,512.771145,0.000000,,,0,1,,,,,0.003929,SMALL
ga,hfvrp_n015_m03_s02,15,3,0.001000,1,536.153014,2679.028517,538.832042,0.000000,,,0,1,,,,,0.049132,DEFAULT
ga,hfvrp_n015_m03_s02,15,3,0.001000,1,555.067518,2369.930933,557.437449,0.000000,,,0,1,,,,,0.010107,SMALL
ga,hfvrp_n010_m03_s05,10,3,0.001000,200,578.983174,1508.880441,580.492055,0.000000,,,0,1,,,,,0.754259,MEDIUM
ga,hfvrp_n010_m03_s04,10,3,0.001000,999,511.684614,1086.531255,512.771145,0.000000,,,0,1,,,,,0.735188,MEDIUM
ga,hfvrp_n010_m03_s03,10,3,0.001000,999,536.207835,877.959782,537.085794,0.000000,,,0,1,,,,,2.219993,BIG
ga,hfvrp_n010_m03_s03,10,3,0.001000,1234,536.207835,877.959782,537.085794,0.000000,,,0,1,,,,,0.039466,DEFAULT
ga,hfvrp_n010_m03_s03,10,3,0.001000,1234,536.207835,877.959782,537.085794,0.000000,,,0,1,,,,,0.008522,SMALL
ga,hfvrp_n015_m03_s01,15,3,0.001000,75,580.523616,4114.178296,584.637794,0.000000,,,0,1,,,,,1.018912,MEDIUM
ga,hfvrp_n015_m03_s02,15,3,0.001000,1,536.153014,2679.028517,538.832042,0.000000,,,0,1,,,,,0.978293,MEDIUM
ga,hfvrp_n010_m03_s03,10,3,0.001000,1234,536.207835,877.959782,537.085794,0.000000,,,0,1,,,,,0.737773,MEDIUM
ga,hfvrp_n010_m03_s02,10,3,0.001000,9999,524.488142,1281.817518,525.769960,0.000000,,,0,1,,,,,2.226893,BIG
ga,hfvrp_n010_m03_s02,10,3,0.001000,19345,526.828044,1617.153616,528.445198,0.000000,,,0,1,,,,,0.039787,DEFAULT
ga,hfvrp_n010_m03_s02,10,3,0.001000,19345,526.828044,1617.153616,528.445198,0.000000,,,0,1,,,,,0.006288,SMALL
ga,hfvrp_n010_m03_s05,10,3,0.001000,200,578.983174,1508.880441,580.492055,0.000000,,,0,1,,,,,2.226241,BIG
ga,hfvrp_n010_m03_s02,10,3,0.001000,19345,526.828044,1617.153616,528.445198,0.000000,,,0,1,,,,,0.738666,MEDIUM
ga,hfvrp_n010_m03_s05,10,3,0.001000,999,527.591966,819.303848,528.411270,0.000000,,,0,1,,,,,0.041462,DEFAULT
ga,hfvrp_n010_m03_s05,10,3,0.001000,999,578.983174,1508.880441,580.492055,0.000000,,,0,1,,,,,0.003958,SMALL
ga,hfvrp_n010_m03_s04,10,3,0.001000,999,511.684614,1086.531255,512.771145,0.000000,,,0,1,,,,,2.212190,BIG
ga,hfvrp_n010_m03_s04,10,3,0.001000,1234,511.684614,1086.531255,512.771145,0.000000,,,0,1,,,,,0.035611,DEFAULT
ga,hfvrp_n010_m03_s04,10,3,0.001000,1234,531.177998,1209.552547,532.387551,0.000000,,,0,1,,,,,0.009154,SMALL
ga,hfvrp_n010_m03_s05,10,3,0.001000,999,527.591966,819.303848,528.411270,0.000000,,,0,1,,,,,0.752751,MEDIUM
ga,hfvrp_n010_m03_s04,10,3,0.001000,1234,511.684614,1086.531255,512.771145,0.000000,,,0,1,,,,,0.726896,MEDIUM
ga,hfvrp_n010_m03_s03,10,3,0.001000,1234,536.207835,877.959782,537.085794,0.000000,,,0,1,,,,,2.220755,BIG
ga,hfvrp_n010_m03_s03,10,3,0.001000,9999,536.207835,877.959782,537.085794,0.000000,,,0,1,,,,,0.040917,DEFAULT
ga,hfvrp_n010_m03_s03,10,3,0.001000,9999,536.207835,877.959782,537.085794,0.000000,,,0,1,,,,,0.006863,SMALL
ga,hfvrp_n015_m03_s01,15,3,0.001000,75,570.230074,3895.543688,574.125618,0.000000,,,0,1,,,,,2.974290,BIG
ga,hfvrp_n015_m03_s02,15,3,0.001000,1,536.153014,2679.028517,538.832042,0.000000,,,0,1,,,,,2.930155,BIG
ga,hfvrp_n015_m03_s02,15,3,0.001000,10,536.153014,2679.028517,538.832042,0.000000,,,0,1,,,,,0.050661,DEFAULT
ga,hfvrp_n015_m03_s01,15,3,0.001000,100,580.523616,4114.178296,584.637794,0.000000,,,0,1,,,,,0.050137,DEFAULT
ga,hfvrp_n015_m03_s01,15,3,0.001000,100,637.736307,4467.088506,642.203395,0.000000,,,0,1,,,,,0.005650,SMALL
ga,hfvrp_n015_m03_s02,15,3,0.001000,10,536.153014,2679.028517,538.832042,0.000000,,,0,1,,,,,0.010257,SMALL
ga,hfvrp_n010_m03_s03,10,3,0.001000,9999,536.207835,877.959782,537.085794,0.000000,,,0,1,,,,,0.733731,MEDIUM
ga,hfvrp_n015_m03_s02,15,3,0.001000,10,536.153014,2679.028517,538.832042,0.000000,,,0,1,,,,,0.962071,MEDIUM
ga,hfvrp_n015_m03_s01,15,3,0.001000,100,572.703747,4107.559115,576.811306,0.000000,,,0,1,,,,,0.976575,MEDIUM
ga,hfvrp_n010_m03_s02,10,3,0.001000,19345,526.828044,1617.153616,528.445198,0.000000,,,0,1,,,,,2.215823,BIG
ga,hfvrp_n010_m03_s02,10,3,0.001000,1788185578170776828,524.488142,1281.817518,525.769960,0.000000,,,0,1,,,,,0.036131,DEFAULT
ga,hfvrp_n010_m03_s02,10,3,0.001000,1788185573920581407,526.828044,1617.153616,528.445198,0.000000,,,0,1,,,,,0.006938,SMALL
ga,hfvrp_n010_m03_s05,10,3,0.001000,999,527.591966,819.303848,528.411270,0.000000,,,0,1,,,,,2.235954,BIG
ga,hfvrp_n010_m03_s02,10,3,0.001000,1788185569637085899,526.828044,1617.153616,528.445198,0.000000,,,0,1,,,,,0.740592,MEDIUM
ga,hfvrp_n010_m03_s04,10,3,0.001000,1234,511.684614,1086.531255,512.771145,0.000000,,,0,1,,,,,2.211085,BIG
ga,hfvrp_n010_m03_s05,10,3,0.001000,1234,578.983174,1508.880441,580.492055,0.000000,,,0,1,,,,,0.042714,DEFAULT
ga,hfvrp_n010_m03_s05,10,3,0.001000,1234,579.414777,1389.027365,580.803804,0.000000,,,0,1,,,,,0.004177,SMALL
ga,hfvrp_n010_m03_s04,10,3,0.001000,9999,511.684614,1086.531255,512.771145,0.000000,,,0,1,,,,,0.037296,DEFAULT
ga,hfvrp_n010_m03_s04,10,3,0.001000,9999,521.924738,897.725236,522.822464,0.000000,,,0,1,,,,,0.004093,SMALL
ga,hfvrp_n010_m03_s05,10,3,0.001000,1234,527.591966,819.303848,528.411270,0.000000,,,0,1,,,,,0.738369,MEDIUM
ga,hfvrp_n010_m03_s04,10,3,0.001000,9999,511.684614,1086.531255,512.771145,0.000000,,,0,1,,,,,0.727528,MEDIUM
ga,hfvrp_n010_m03_s03,10,3,0.001000,9999,536.207835,877.959782,537.085794,0.000000,,,0,1,,,,,2.228918,BIG
ga,hfvrp_n010_m03_s03,10,3,0.001000,19345,536.207835,877.959782,537.085794,0.000000,,,0,1,,,,,0.036197,DEFAULT
ga,hfvrp_n010_m03_s03,10,3,0.001000,19345,536.207835,877.959782,537.085794,0.000000,,,0,1,,,,,0.006728,SMALL
ga,hfvrp_n010_m03_s03,10,3,0.001000,19345,536.207835,877.959782,537.085794,0.000000,,,0,1,,,,,0.738234,MEDIUM
ga,hfvrp_n015_m03_s02,15,3,0.001000,10,536.153014,2679.028517,538.832042,0.000000,,,0,1,,,,,2.933942,BIG
ga,hfvrp_n015_m03_s02,15,3,0.001000,50,536.153014,2679.028517,538.832042,0.000000,,,0,1,,,,,0.048224,DEFAULT
ga,hfvrp_n015_m03_s02,15,3,0.001000,50,536.153014,2679.028517,538.832042,0.000000,,,0,1,,,,,0.005099,SMALL
ga,hfvrp_n015_m03_s01,15,3,0.001000,100,570.230074,3895.543688,574.125618,0.000000,,,0,1,,,,,3.035806,BIG
ga,hfvrp_n015_m03_s01,15,3,0.001000,200,580.523616,4114.178296,584.637794,0.000000,,,0,1,,,,,0.053780,DEFAULT
ga,hfvrp_n015_m03_s01,15,3,0.001000,200,580.523616,4114.178296,584.637794,0.000000,,,0,1,,,,,0.005276,SMALL
ga,hfvrp_n010_m03_s02,10,3,0.001000,1788185544611935686,524.488142,1281.817518,525.769960,0.000000,,,0,1,,,,,2.223401,BIG
ga,hfvrp_n015_m03_s03,15,3,0.001000,1788185894785453067,516.494315,1798.435270,518.292750,0.000000,,,0,1,,,,,0.048894,DEFAULT
ga,hfvrp_n015_m03_s03,15,3,0.001000,1788185890543100220,516.494315,1798.435270,518.292750,0.000000,,,0,1,,,,,0.005183,SMALL
ga,hfvrp_n010_m03_s04,10,3,0.001000,9999,511.684614,1086.531255,512.771145,0.000000,,,0,1,,,,,2.202997,BIG
ga,hfvrp_n015_m03_s02,15,3,0.001000,50,536.153014,2679.028517,538.832042,0.000000,,,0,1,,,,,0.977903,MEDIUM
ga,hfvrp_n010_m03_s05,10,3,0.001000,1234,527.591966,819.303848,528.411270,0.000000,,,0,1,,,,,2.261151,BIG
ga,hfvrp_n010_m03_s04,10,3,0.001000,19345,531.177998,1209.552547,532.387551,0.000000,,,0,1,,,,,0.037872,DEFAULT
ga,hfvrp_n010_m03_s04,10,3,0.001000,19345,520.937874,1405.672941,522.343547,0.000000,,,0,1,,,,,0.005798,SMALL
ga,hfvrp_n010_m03_s05,10,3,0.001000,9999,578.983174,1508.880441,580.492055,0.000000,,,0,1,,,,,0.036872,DEFAULT
ga,hfvrp_n010_m03_s05,10,3,0.001000,9999,578.983174,1508.880441,580.492055,0.000000,,,0,1,,,,,0.003931,SMALL
ga,hfvrp_n015_m03_s01,15,3,0.001000,200,580.523616,4114.178296,584.637794,0.000000,,,0,1,,,,,1.027744,MEDIUM
ga,hfvrp_n015_m03_s03,15,3,0.001000,1788185886261602534,516.494315,1798.435270,518.292750,0.000000,,,0,1,,,,,0.989829,MEDIUM
ga,hfvrp_n010_m03_s04,10,3,0.001000,19345,511.684614,1086.531255,512.771145,0.000000,,,0,1,,,,,0.725421,MEDIUM
ga,hfvrp_n010_m03_s05,10,3,0.001000,9999,527.591966,819.303848,528.411270,0.000000,,,0,1,,,,,0.734379,MEDIUM
ga,hfvrp_n010_m03_s03,10,3,0.001000,19345,536.207835,877.959782,537.085794,0.000000,,,0,1,,,,,2.217953,BIG
ga,hfvrp_n010_m03_s03,10,3,0.001000,1788185793392448351,536.207835,877.959782,537.085794,0.000000,,,0,1,,,,,0.040618,DEFAULT
ga,hfvrp_n010_m03_s03,10,3,0.001000,1788185797731864386,536.207835,877.959782,537.085794,0.000000,,,0,1,,,,,0.004061,SMALL
ga,hfvrp_n010_m03_s03,10,3,0.001000,1788185802034591567,536.207835,877.959782,537.085794,0.000000,,,0,1,,,,,0.725208,MEDIUM
ga,hfvrp_n015_m03_s02,15,3,0.001000,50,536.153014,2679.028517,538.832042,0.000000,,,0,1,,,,,2.907830,BIG
ga,hfvrp_n010_m03_s04,10,3,0.001000,19345,511.684614,1086.531255,512.771145,0.000000,,,0,1,,,,,2.179128,BIG
ga,hfvrp_n015_m03_s02,15,3,0.001000,75,536.153014,2679.028517,538.832042,0.000000,,,0,1,,,,,0.052972,DEFAULT
ga,hfvrp_n015_m03_s02,15,3,0.001000,75,536.153014,2679.028517,538.832042,0.000000,,,0,1,,,,,0.005568,SMALL
ga,hfvrp_n010_m03_s04,10,3,0.001000,1788185851279045003,521.924738,897.725236,522.822464,0.000000,,,0,1,,,,,0.039318,DEFAULT
ga,hfvrp_n010_m03_s04,10,3,0.001000,1788185864207279442,520.937874,1405.672941,522.343547,0.000000,,,0,1,,,,,0.004191,SMALL
ga,hfvrp_n010_m03_s05,10,3,0.001000,9999,578.983174,1508.880441,580.492055,0.000000,,,0,1,,,,,2.210545,BIG
ga,hfvrp_n010_m03_s05,10,3,0.001000,19345,578.983174,1508.880441,580.492055,0.000000,,,0,1,,,,,0.037960,DEFAULT
ga,hfvrp_n015_m03_s01,15,3,0.001000,200,570.230074,3895.543688,574.125618,0.000000,,,0,1,,,,,2.956002,BIG
ga,hfvrp_n010_m03_s05,10,3,0.001000,19345,578.983174,1508.880441,580.492055,0.000000,,,0,1,,,,,0.004083,SMALL
ga,hfvrp_n015_m03_s01,15,3,0.001000,999,580.523616,4114.178296,584.637794,0.000000,,,0,1,,,,,0.047759,DEFAULT
ga,hfvrp_n015_m03_s01,15,3,0.001000,999,580.523616,4114.178296,584.637794,0.000000,,,0,1,,,,,0.005281,SMALL
ga,hfvrp_n015_m03_s03,15,3,0.001000,1788186312460647392,516.494315,1798.435270,518.292750,0.000000,,,0,1,,,,,2.985250,BIG
ga,hfvrp_n015_m03_s03,15,3,0.001000,1,516.494315,1798.435270,518.292750,0.000000,,,0,1,,,,,0.052494,DEFAULT
ga,hfvrp_n015_m03_s03,15,3,0.001000,1,516.494315,1798.435270,518.292750,0.000000,,,0,1,,,,,0.005198,SMALL
ga,hfvrp_n010_m03_s04,10,3,0.001000,1788185868514883755,511.684614,1086.531255,512.771145,0.000000,,,0,1,,,,,0.737428,MEDIUM
ga,hfvrp_n010_m03_s05,10,3,0.001000,19345,528.077965,802.788501,528.880754,0.000000,,,0,1,,,,,0.729791,MEDIUM
ga,hfvrp_n010_m03_s03,10,3,0.001000,1788185807058749897,536.207835,877.959782,537.085794,0.000000,,,0,1,,,,,2.213696,BIG
ga,hfvrp_n015_m03_s02,15,3,0.001000,75,536.153014,2679.028517,538.832042,0.000000,,,0,1,,,,,0.983473,MEDIUM
ga,hfvrp_n015_m03_s04,15,3,0.001000,1788186028363441298,614.626038,4323.337407,618.949375,0.000000,,,0,1,,,,,0.049850,DEFAULT
ga,hfvrp_n015_m03_s04,15,3,0.001000,1788186037006984217,614.626038,4323.337407,618.949375,0.000000,,,0,1,,,,,0.005482,SMALL
ga,hfvrp_n015_m03_s01,15,3,0.001000,999,572.703747,4107.559115,576.811306,0.000000,,,0,1,,,,,0.984538,MEDIUM
ga,hfvrp_n015_m03_s03,15,3,0.001000,1,516.494315,1798.435270,518.292750,0.000000,,,0,1,,,,,0.989523,MEDIUM
ga,hfvrp_n015_m03_s04,15,3,0.001000,1788186041311184875,614.626038,4323.337407,618.949375,0.000000,,,0,1,,,,,0.985240,MEDIUM
ga,hfvrp_n010_m03_s04,10,3,0.001000,1788185963750334340,511.684614,1086.531255,512.771145,0.000000,,,0,1,,,,,2.196360,BIG
ga,hfvrp_n010_m03_s05,10,3,0.001000,19345,527.591966,819.303848,528.411270,0.000000,,,0,1,,,,,2.235507,BIG
ga,hfvrp_n015_m03_s05,15,3,0.001000,1788191055554055035,589.460284,1341.750380,590.802034,0.000000,,,0,1,,,,,0.049919,DEFAULT
ga,hfvrp_n015_m03_s05,15,3,0.001000,1788191085672864876,589.460284,1341.750380,590.802034,0.000000,,,0,1,,,,,0.005692,SMALL
ga,hfvrp_n010_m03_s05,10,3,0.001000,1788191094273837723,578.983174,1508.880441,580.492055,0.000000,,,0,1,,,,,0.037543,DEFAULT
ga,hfvrp_n010_m03_s05,10,3,0.001000,1788191090020153194,578.983174,1508.880441,580.492055,0.000000,,,0,1,,,,,0.003973,SMALL
ga,hfvrp_n015_m03_s02,15,3,0.001000,75,536.153014,2679.028517,538.832042,0.000000,,,0,1,,,,,2.928368,BIG
ga,hfvrp_n010_m03_s05,10,3,0.001000,1788191102912680627,527.591966,819.303848,528.411270,0.000000,,,0,1,,,,,0.762509,MEDIUM
ga,hfvrp_n015_m03_s02,15,3,0.001000,100,536.153014,2679.028517,538.832042,0.000000,,,0,1,,,,,0.048482,DEFAULT
ga,hfvrp_n015_m03_s02,15,3,0.001000,100,536.153014,2679.028517,538.832042,0.000000,,,0,1,,,,,0.005326,SMALL
ga,hfvrp_n015_m03_s05,15,3,0.001000,1788191081388089594,589.460284,1341.750380,590.802034,0.000000,,,0,1,,,,,0.989357,MEDIUM
ga,hfvrp_n015_m03_s01,15,3,0.001000,999,580.523616,4114.178296,584.637794,0.000000,,,0,1,,,,,2.997169,BIG
ga,hfvrp_n015_m03_s01,15,3,0.001000,1234,580.523616,4114.178296,584.637794,0.000000,,,0,1,,,,,0.052742,DEFAULT
ga,hfvrp_n015_m03_s01,15,3,0.001000,1234,580.523616,4114.178296,584.637794,0.000000,,,0,1,,,,,0.008481,SMALL
ga,hfvrp_n015_m03_s03,15,3,0.001000,1,516.494315,1798.435270,518.292750,0.000000,,,0,1,,,,,2.968399,BIG
ga,hfvrp_n015_m03_s03,15,3,0.001000,10,516.494315,1798.435270,518.292750,0.000000,,,0,1,,,,,0.052469,DEFAULT
ga,hfvrp_n015_m03_s03,15,3,0.001000,10,516.494315,1798.435270,518.292750,0.000000,,,0,1,,,,,0.008980,SMALL
ga,hfvrp_n015_m03_s02,15,3,0.001000,100,536.153014,2679.028517,538.832042,0.000000,,,0,1,,,,,0.972592,MEDIUM
ga,hfvrp_n015_m03_s04,15,3,0.001000,1788186046600026861,614.626038,4323.337407,618.949375,0.000000,,,0,1,,,,,2.983641,BIG
ga,hfvrp_n015_m03_s04,15,3,0.001000,1,614.626038,4323.337407,618.949375,0.000000,,,0,1,,,,,0.053501,DEFAULT
ga,hfvrp_n015_m03_s04,15,3,0.001000,1,614.626038,4323.337407,618.949375,0.000000,,,0,1,,,,,0.005295,SMALL
ga,hfvrp_n015_m03_s01,15,3,0.001000,1234,580.523616,4114.178296,584.637794,0.000000,,,0,1,,,,,0.993622,MEDIUM
ga,hfvrp_n015_m03_s03,15,3,0.001000,10,516.494315,1798.435270,518.292750,0.000000,,,0,1,,,,,0.979547,MEDIUM
ga,hfvrp_n015_m03_s04,15,3,0.001000,1,614.626038,4323.337407,618.949375,0.000000,,,0,1,,,,,0.990521,MEDIUM
ga,hfvrp_n010_m03_s05,10,3,0.001000,1788191116565899170,527.591966,819.303848,528.411270,0.000000,,,0,1,,,,,2.224053,BIG
ga,hfvrp_n020_m04_s01,20,4,0.001000,1788190762364553666,674.454866,1952.194479,676.407061,0.000000,,,0,1,,,,,0.063463,DEFAULT
ga,hfvrp_n020_m04_s01,20,4,0.001000,1788190766726893158,674.454866,1952.194479,676.407061,0.000000,,,0,1,,,,,0.007044,SMALL
ga,hfvrp_n015_m03_s05,15,3,0.001000,1788191133921019910,589.460284,1341.750380,590.802034,0.000000,,,0,1,,,,,2.986857,BIG
ga,hfvrp_n015_m03_s05,15,3,0.001000,1,589.460284,1341.750380,590.802034,0.000000,,,0,1,,,,,0.052263,DEFAULT
ga,hfvrp_n015_m03_s05,15,3,0.001000,1,589.460284,1341.750380,590.802034,0.000000,,,0,1,,,,,0.010008,SMALL
ga,hfvrp_n020_m04_s01,20,4,0.001000,1788190753852794855,674.454866,1952.194479,676.407061,0.000000,,,0,1,,,,,1.296051,MEDIUM
ga,hfvrp_n015_m03_s02,15,3,0.001000,100,536.153014,2679.028517,538.832042,0.000000,,,0,1,,,,,2.916258,BIG
ga,hfvrp_n015_m03_s02,15,3,0.001000,200,536.153014,2679.028517,538.832042,0.000000,,,0,1,,,,,0.047006,DEFAULT
ga,hfvrp_n015_m03_s02,15,3,0.001000,200,536.153014,2679.028517,538.832042,0.000000,,,0,1,,,,,0.010603,SMALL
ga,hfvrp_n015_m03_s05,15,3,0.001000,1,589.460284,1341.750380,590.802034,0.000000,,,0,1,,,,,0.991851,MEDIUM
ga,hfvrp_n015_m03_s01,15,3,0.001000,1234,570.230074,3895.543688,574.125618,0.000000,,,0,1,,,,,2.959408,BIG
ga,hfvrp_n015_m03_s01,15,3,0.001000,9999,580.523616,4114.178296,584.637794,0.000000,,,0,1,,,,,0.049371,DEFAULT
ga,hfvrp_n015_m03_s01,15,3,0.001000,9999,580.523616,4114.178296,584.637794,0.000000,,,0,1,,,,,0.008946,SMALL
ga,hfvrp_n015_m03_s03,15,3,0.001000,10,516.494315,1798.435270,518.292750,0.000000,,,0,1,,,,,2.971954,BIG
ga,hfvrp_n015_m03_s03,15,3,0.001000,50,516.494315,1798.435270,518.292750,0.000000,,,0,1,,,,,0.051612,DEFAULT
ga,hfvrp_n015_m03_s03,15,3,0.001000,50,516.494315,1798.435270,518.292750,0.000000,,,0,1,,,,,0.009017,SMALL
ga,hfvrp_n015_m03_s02,15,3,0.001000,200,536.153014,2679.028517,538.832042,0.000000,,,0,1,,,,,0.973706,MEDIUM
ga,hfvrp_n015_m03_s04,15,3,0.001000,1,614.626038,4323.337407,618.949375,0.000000,,,0,1,,,,,2.965356,BIG
ga,hfvrp_n015_m03_s04,15,3,0.001000,10,614.626038,4323.337407,618.949375,0.000000,,,0,1,,,,,0.047864,DEFAULT
ga,hfvrp_n015_m03_s04,15,3,0.001000,10,614.626038,4323.337407,618.949375,0.000000,,,0,1,,,,,0.005242,SMALL
ga,hfvrp_n015_m03_s01,15,3,0.001000,9999,580.523616,4114.178296,584.637794,0.000000,,,0,1,,,,,0.995394,MEDIUM
ga,hfvrp_n015_m03_s03,15,3,0.001000,50,516.494315,1798.435270,518.292750,0.000000,,,0,1,,,,,0.988267,MEDIUM
ga,hfvrp_n015_m03_s04,15,3,0.001000,10,614.626038,4323.337407,618.949375,0.000000,,,0,1,,,,,0.986364,MEDIUM
ga,hfvrp_n015_m03_s05,15,3,0.001000,1,589.460284,1341.750380,590.802034,0.000000,,,0,1,,,,,2.977085,BIG
ga,hfvrp_n015_m03_s05,15,3,0.001000,10,589.460284,1341.750380,590.802034,0.000000,,,0,1,,,,,0.048653,DEFAULT
ga,hfvrp_n015_m03_s05,15,3,0.001000,10,589.460284,1341.750380,590.802034,0.000000,,,0,1,,,,,0.009789,SMALL
ga,hfvrp_n020_m04_s01,20,4,0.001000,1788190789517409113,674.454866,1952.194479,676.407061,0.000000,,,0,1,,,,,3.929869,BIG
ga,hfvrp_n020_m04_s01,20,4,0.001000,1,674.454866,1952.194479,676.407061,0.000000,,,0,1,,,,,0.068038,DEFAULT
ga,hfvrp_n020_m04_s01,20,4,0.001000,1,674.454866,1952.194479,676.407061,0.000000,,,0,1,,,,,0.007401,SMALL
ga,hfvrp_n015_m03_s02,15,3,0.001000,200,536.153014,2679.028517,538.832042,0.000000,,,0,1,,,,,2.925956,BIG
ga,hfvrp_n015_m03_s02,15,3,0.001000,999,536.153014,2679.028517,538.832042,0.000000,,,0,1,,,,,0.046814,DEFAULT
ga,hfvrp_n015_m03_s02,15,3,0.001000,999,555.067518,2369.930933,557.437449,0.000000,,,0,1,,,,,0.005182,SMALL
ga,hfvrp_n015_m03_s05,15,3,0.001000,10,589.460284,1341.750380,590.802034,0.000000,,,0,1,,,,,0.986976,MEDIUM
ga,hfvrp_n015_m03_s01,15,3,0.001000,9999,570.230074,3895.543688,574.125618,0.000000,,,0,1,,,,,2.944923,BIG
ga,hfvrp_n015_m03_s01,15,3,0.001000,19345,580.523616,4114.178296,584.637794,0.000000,,,0,1,,,,,0.048393,DEFAULT
ga,hfvrp_n015_m03_s01,15,3,0.001000,19345,580.523616,4114.178296,584.637794,0.000000,,,0,1,,,,,0.005283,SMALL
ga,hfvrp_n015_m03_s03,15,3,0.001000,50,516.494315,1798.435270,518.292750,0.000000,,,0,1,,,,,2.971586,BIG
ga,hfvrp_n015_m03_s03,15,3,0.001000,75,516.494315,1798.435270,518.292750,0.000000,,,0,1,,,,,0.047468,DEFAULT
ga,hfvrp_n015_m03_s03,15,3,0.001000,75,516.494315,1798.435270,518.292750,0.000000,,,0,1,,,,,0.006992,SMALL
ga,hfvrp_n015_m03_s02,15,3,0.001000,999,536.153014,2679.028517,538.832042,0.000000,,,0,1,,,,,0.961881,MEDIUM
ga,hfvrp_n020_m04_s01,20,4,0.001000,1,674.454866,1952.194479,676.407061,0.000000,,,0,1,,,,,1.311275,MEDIUM
ga,hfvrp_n015_m03_s04,15,3,0.001000,10,614.626038,4323.337407,618.949375,0.000000,,,0,1,,,,,2.953433,BIG
ga,hfvrp_n015_m03_s04,15,3,0.001000,50,614.626038,4323.337407,618.949375,0.000000,,,0,1,,,,,0.052084,DEFAULT
ga,hfvrp_n015_m03_s04,15,3,0.001000,50,614.626038,4323.337407,618.949375,0.000000,,,0,1,,,,,0.009319,SMALL
ga,hfvrp_n015_m03_s01,15,3,0.001000,19345,572.703747,4107.559115,576.811306,0.000000,,,0,1,,,,,0.989012,MEDIUM
ga,hfvrp_n015_m03_s03,15,3,0.001000,75,516.494315,1798.435270,518.292750,0.000000,,,0,1,,,,,0.979502,MEDIUM
ga,hfvrp_n015_m03_s04,15,3,0.001000,50,614.626038,4323.337407,618.949375,0.000000,,,0,1,,,,,0.972706,MEDIUM
ga,hfvrp_n015_m03_s05,15,3,0.001000,10,589.460284,1341.750380,590.802034,0.000000,,,0,1,,,,,2.964267,BIG
ga,hfvrp_n015_m03_s05,15,3,0.001000,50,589.460284,1341.750380,590.802034,0.000000,,,0,1,,,,,0.051386,DEFAULT
ga,hfvrp_n015_m03_s05,15,3,0.001000,50,589.460284,1341.750380,590.802034,0.000000,,,0,1,,,,,0.005228,SMALL
ga,hfvrp_n015_m03_s02,15,3,0.001000,999,536.153014,2679.028517,538.832042,0.000000,,,0,1,,,,,2.903592,BIG
ga,hfvrp_n015_m03_s02,15,3,0.001000,1234,536.153014,2679.028517,538.832042,0.000000,,,0,1,,,,,0.051560,DEFAULT
ga,hfvrp_n015_m03_s02,15,3,0.001000,1234,536.153014,2679.028517,538.832042,0.000000,,,0,1,,,,,0.005163,SMALL
ga,hfvrp_n015_m03_s05,15,3,0.001000,50,589.460284,1341.750380,590.802034,0.000000,,,0,1,,,,,0.987506,MEDIUM
ga,hfvrp_n015_m03_s01,15,3,0.001000,19345,570.230074,3895.543688,574.125618,0.000000,,,0,1,,,,,2.975488,BIG
ga,hfvrp_n015_m03_s01,15,3,0.001000,1788191799032597075,580.523616,4114.178296,584.637794,0.000000,,,0,1,,,,,0.051657,DEFAULT
ga,hfvrp_n015_m03_s01,15,3,0.001000,1788191769023324423,580.523616,4114.178296,584.637794,0.000000,,,0,1,,,,,0.005221,SMALL
ga,hfvrp_n015_m03_s03,15,3,0.001000,75,516.494315,1798.435270,518.292750,0.000000,,,0,1,,,,,3.073064,BIG
ga,hfvrp_n015_m03_s03,15,3,0.001000,100,516.494315,1798.435270,518.292750,0.000000,,,0,1,,,,,0.050880,DEFAULT
ga,hfvrp_n015_m03_s03,15,3,0.001000,100,528.337004,1679.249020,530.016253,0.000000,,,0,1,,,,,0.005179,SMALL
ga,hfvrp_n015_m03_s02,15,3,0.001000,1234,536.153014,2679.028517,538.832042,0.000000,,,0,1,,,,,0.971944,MEDIUM
ga,hfvrp_n020_m04_s01,20,4,0.001000,1,674.454866,1952.194479,676.407061,0.000000,,,0,1,,,,,3.977618,BIG
ga,hfvrp_n020_m04_s01,20,4,0.001000,10,674.454866,1952.194479,676.407061,0.000000,,,0,1,,,,,0.067689,DEFAULT
ga,hfvrp_n020_m04_s01,20,4,0.001000,10,691.390716,2970.423678,694.361140,0.000000,,,0,1,,,,,0.007409,SMALL
ga,hfvrp_n015_m03_s04,15,3,0.001000,50,614.626038,4323.337407,618.949375,0.000000,,,0,1,,,,,2.952203,BIG
ga,hfvrp_n015_m03_s04,15,3,0.001000,75,614.626038,4323.337407,618.949375,0.000000,,,0,1,,,,,0.047979,DEFAULT
ga,hfvrp_n015_m03_s04,15,3,0.001000,75,689.838091,4748.456397,694.586547,0.000000,,,0,1,,,,,0.005185,SMALL
ga,hfvrp_n015_m03_s01,15,3,0.001000,1788191773331591879,580.523616,4114.178296,584.637794,0.000000,,,0,1,,,,,1.064168,MEDIUM
ga,hfvrp_n015_m03_s03,15,3,0.001000,100,516.494315,1798.435270,518.292750,0.000000,,,0,1,,,,,0.983119,MEDIUM
ga,hfvrp_n015_m03_s04,15,3,0.001000,75,614.626038,4323.337407,618.949375,0.000000,,,0,1,,,,,1.021669,MEDIUM
ga,hfvrp_n020_m04_s01,20,4,0.001000,10,674.454866,1952.194479,676.407061,0.000000,,,0,1,,,,,1.304075,MEDIUM
ga,hfvrp_n015_m03_s05,15,3,0.001000,50,589.460284,1341.750380,590.802034,0.000000,,,0,1,,,,,2.988751,BIG
ga,hfvrp_n015_m03_s05,15,3,0.001000,75,589.460284,1341.750380,590.802034,0.000000,,,0,1,,,,,0.053224,DEFAULT
ga,hfvrp_n015_m03_s05,15,3,0.001000,75,589.460284,1341.750380,590.802034,0.000000,,,0,1,,,,,0.005221,SMALL
ga,hfvrp_n015_m03_s02,15,3,0.001000,1234,536.153014,2679.028517,538.832042,0.000000,,,0,1,,,,,2.982942,BIG
ga,hfvrp_n015_m03_s02,15,3,0.001000,9999,536.153014,2679.028517,538.832042,0.000000,,,0,1,,,,,0.048174,DEFAULT
ga,hfvrp_n015_m03_s02,15,3,0.001000,9999,536.153014,2679.028517,538.832042,0.000000,,,0,1,,,,,0.005088,SMALL
ga,hfvrp_n015_m03_s05,15,3,0.001000,75,589.460284,1341.750380,590.802034,0.000000,,,0,1,,,,,0.992729,MEDIUM
ga,hfvrp_n015_m03_s01,15,3,0.001000,1788191323433047000,580.523616,4114.178296,584.637794,0.000000,,,0,1,,,,,2.958636,BIG
ga,hfvrp_n020_m04_s02,20,4,0.001000,1788191463891677040,672.184863,1926.675143,674.111538,0.000000,,,0,1,,,,,0.065120,DEFAULT
ga,hfvrp_n020_m04_s02,20,4,0.001000,1788191459665804608,672.184863,1926.675143,674.111538,0.000000,,,0,1,,,,,0.007380,SMALL
ga,hfvrp_n015_m03_s03,15,3,0.001000,100,516.494315,1798.435270,518.292750,0.000000,,,0,1,,,,,2.938363,BIG
ga,hfvrp_n015_m03_s03,15,3,0.001000,200,528.337004,1679.249020,530.016253,0.000000,,,0,1,,,,,0.051466,DEFAULT
ga,hfvrp_n015_m03_s03,15,3,0.001000,200,516.494315,1798.435270,518.292750,0.000000,,,0,1,,,,,0.005310,SMALL
ga,hfvrp_n015_m03_s02,15,3,0.001000,9999,536.153014,2679.028517,538.832042,0.000000,,,0,1,,,,,0.969844,MEDIUM
ga,hfvrp_n015_m03_s04,15,3,0.001000,75,614.626038,4323.337407,618.949375,0.000000,,,0,1,,,,,2.955198,BIG
ga,hfvrp_n015_m03_s04,15,3,0.001000,100,614.626038,4323.337407,618.949375,0.000000,,,0,1,,,,,0.049088,DEFAULT
ga,hfvrp_n015_m03_s04,15,3,0.001000,100,614.626038,4323.337407,618.949375,0.000000,,,0,1,,,,,0.005381,SMALL
ga,hfvrp_n015_m03_s03,15,3,0.001000,200,516.494315,1798.435270,518.292750,0.000000,,,0,1,,,,,0.982971,MEDIUM
ga,hfvrp_n020_m04_s02,20,4,0.001000,1788191472566287143,672.184863,1926.675143,674.111538,0.000000,,,0,1,,,,,1.298235,MEDIUM
ga,hfvrp_n015_m03_s04,15,3,0.001000,100,614.626038,4323.337407,618.949375,0.000000,,,0,1,,,,,0.988291,MEDIUM
ga,hfvrp_n020_m04_s01,20,4,0.001000,10,674.454866,1952.194479,676.407061,0.000000,,,0,1,,,,,4.011220,BIG
ga,hfvrp_n020_m04_s01,20,4,0.001000,50,674.454866,1952.194479,676.407061,0.000000,,,0,1,,,,,0.067713,DEFAULT
ga,hfvrp_n020_m04_s01,20,4,0.001000,50,674.454866,1952.194479,676.407061,0.000000,,,0,1,,,,,0.007191,SMALL
ga,hfvrp_n015_m03_s05,15,3,0.001000,75,589.460284,1341.750380,590.802034,0.000000,,,0,1,,,,,3.018755,BIG
ga,hfvrp_n015_m03_s05,15,3,0.001000,100,589.460284,1341.750380,590.802034,0.000000,,,0,1,,,,,0.053407,DEFAULT
ga,hfvrp_n015_m03_s05,15,3,0.001000,100,589.460284,1341.750380,590.802034,0.000000,,,0,1,,,,,0.010722,SMALL
ga,hfvrp_n020_m04_s01,20,4,0.001000,50,674.454866,1952.194479,676.407061,0.000000,,,0,1,,,,,1.313252,MEDIUM
ga,hfvrp_n015_m03_s02,15,3,0.001000,9999,536.153014,2679.028517,538.832042,0.000000,,,0,1,,,,,2.915841,BIG
ga,hfvrp_n015_m03_s02,15,3,0.001000,19345,536.153014,2679.028517,538.832042,0.000000,,,0,1,,,,,0.049837,DEFAULT
ga,hfvrp_n015_m03_s02,15,3,0.001000,19345,536.153014,2679.028517,538.832042,0.000000,,,0,1,,,,,0.005167,SMALL
ga,hfvrp_n015_m03_s05,15,3,0.001000,100,589.460284,1341.750380,590.802034,0.000000,,,0,1,,,,,0.994679,MEDIUM
ga,hfvrp_n015_m03_s03,15,3,0.001000,200,516.494315,1798.435270,518.292750,0.000000,,,0,1,,,,,2.972811,BIG
ga,hfvrp_n015_m03_s03,15,3,0.001000,999,516.494315,1798.435270,518.292750,0.000000,,,0,1,,,,,0.051102,DEFAULT
ga,hfvrp_n015_m03_s03,15,3,0.001000,999,528.337004,1679.249020,530.016253,0.000000,,,0,1,,,,,0.005250,SMALL
ga,hfvrp_n015_m03_s02,15,3,0.001000,19345,536.153014,2679.028517,538.832042,0.000000,,,0,1,,,,,0.981417,MEDIUM
ga,hfvrp_n015_m03_s04,15,3,0.001000,100,614.626038,4323.337407,618.949375,0.000000,,,0,1,,,,,2.968118,BIG
ga,hfvrp_n015_m03_s04,15,3,0.001000,200,614.626038,4323.337407,618.949375,0.000000,,,0,1,,,,,0.047299,DEFAULT
ga,hfvrp_n015_m03_s04,15,3,0.001000,200,614.626038,4323.337407,618.949375,0.000000,,,0,1,,,,,0.005185,SMALL
ga,hfvrp_n015_m03_s03,15,3,0.001000,999,516.494315,1798.435270,518.292750,0.000000,,,0,1,,,,,0.981500,MEDIUM
ga,hfvrp_n020_m04_s02,20,4,0.001000,1788191538293151905,666.892989,1881.798617,668.774788,0.000000,,,0,1,,,,,3.927545,BIG
ga,hfvrp_n020_m04_s02,20,4,0.001000,1,672.184863,1926.675143,674.111538,0.000000,,,0,1,,,,,0.065319,DEFAULT
ga,hfvrp_n020_m04_s02,20,4,0.001000,1,672.184863,1926.675143,674.111538,0.000000,,,0,1,,,,,0.011803,SMALL
ga,hfvrp_n015_m03_s04,15,3,0.001000,200,614.626038,4323.337407,618.949375,0.000000,,,0,1,,,,,0.980913,MEDIUM
ga,hfvrp_n020_m04_s02,20,4,0.001000,1,666.892989,1881.798617,668.774788,0.000000,,,0,1,,,,,1.286393,MEDIUM
ga,hfvrp_n015_m03_s05,15,3,0.001000,100,589.460284,1341.750380,590.802034,0.000000,,,0,1,,,,,2.988616,BIG
ga,hfvrp_n015_m03_s05,15,3,0.001000,200,589.460284,1341.750380,590.802034,0.000000,,,0,1,,,,,0.047792,DEFAULT
ga,hfvrp_n015_m03_s05,15,3,0.001000,200,589.460284,1341.750380,590.802034,0.000000,,,0,1,,,,,0.005200,SMALL
ga,hfvrp_n020_m04_s01,20,4,0.001000,50,674.454866,1952.194479,676.407061,0.000000,,,0,1,,,,,3.938026,BIG
ga,hfvrp_n020_m04_s01,20,4,0.001000,75,674.454866,1952.194479,676.407061,0.000000,,,0,1,,,,,0.069695,DEFAULT
ga,hfvrp_n020_m04_s01,20,4,0.001000,75,677.102910,1955.504533,679.058414,0.000000,,,0,1,,,,,0.007232,SMALL
ga,hfvrp_n015_m03_s02,15,3,0.001000,19345,536.153014,2679.028517,538.832042,0.000000,,,0,1,,,,,2.935037,BIG
ga,hfvrp_n015_m03_s02,15,3,0.001000,1788191853507656280,536.153014,2679.028517,538.832042,0.000000,,,0,1,,,,,0.046556,DEFAULT
ga,hfvrp_n015_m03_s02,15,3,0.001000,1788191849263077233,536.153014,2679.028517,538.832042,0.000000,,,0,1,,,,,0.005107,SMALL
ga,hfvrp_n015_m03_s05,15,3,0.001000,200,589.460284,1341.750380,590.802034,0.000000,,,0,1,,,,,0.984561,MEDIUM
ga,hfvrp_n015_m03_s03,15,3,0.001000,999,516.494315,1798.435270,518.292750,0.000000,,,0,1,,,,,2.946440,BIG
ga,hfvrp_n015_m03_s03,15,3,0.001000,1234,516.494315,1798.435270,518.292750,0.000000,,,0,1,,,,,0.049310,DEFAULT
ga,hfvrp_n015_m03_s03,15,3,0.001000,1234,516.494315,1798.435270,518.292750,0.000000,,,0,1,,,,,0.005215,SMALL
ga,hfvrp_n015_m03_s02,15,3,0.001000,1788191844981718722,536.153014,2679.028517,538.832042,0.000000,,,0,1,,,,,0.961697,MEDIUM
ga,hfvrp_n020_m04_s01,20,4,0.001000,75,674.454866,1952.194479,676.407061,0.000000,,,0,1,,,,,1.304601,MEDIUM
ga,hfvrp_n015_m03_s04,15,3,0.001000,200,614.626038,4323.337407,618.949375,0.000000,,,0,1,,,,,2.937072,BIG
ga,hfvrp_n015_m03_s04,15,3,0.001000,999,614.626038,4323.337407,618.949375,0.000000,,,0,1,,,,,0.047463,DEFAULT
ga,hfvrp_n015_m03_s04,15,3,0.001000,999,614.626038,4323.337407,618.949375,0.000000,,,0,1,,,,,0.010219,SMALL
ga,hfvrp_n015_m03_s03,15,3,0.001000,1234,516.494315,1798.435270,518.292750,0.000000,,,0,1,,,,,0.980235,MEDIUM
ga,hfvrp_n015_m03_s04,15,3,0.001000,999,614.626038,4323.337407,618.949375,0.000000,,,0,1,,,,,0.977454,MEDIUM
ga,hfvrp_n020_m04_s02,20,4,0.001000,1,666.892989,1881.798617,668.774788,0.000000,,,0,1,,,,,3.903487,BIG
ga,hfvrp_n020_m04_s02,20,4,0.001000,10,666.892989,1881.798617,668.774788,0.000000,,,0,1,,,,,0.067686,DEFAULT
ga,hfvrp_n020_m04_s02,20,4,0.001000,10,672.184863,1926.675143,674.111538,0.000000,,,0,1,,,,,0.010690,SMALL
ga,hfvrp_n015_m03_s05,15,3,0.001000,200,589.460284,1341.750380,590.802034,0.000000,,,0,1,,,,,2.988688,BIG
ga,hfvrp_n015_m03_s05,15,3,0.001000,999,589.460284,1341.750380,590.802034,0.000000,,,0,1,,,,,0.047726,DEFAULT
ga,hfvrp_n015_m03_s05,15,3,0.001000,999,633.410548,1347.423679,634.757971,0.000000,,,0,1,,,,,0.005207,SMALL
ga,hfvrp_n015_m03_s02,15,3,0.001000,1788191876016346628,536.153014,2679.028517,538.832042,0.000000,,,0,1,,,,,2.917926,BIG
ga,hfvrp_n020_m04_s03,20,4,0.001000,1788192093741252016,701.671294,4373.571255,706.044865,0.000000,,,0,1,,,,,0.062912,DEFAULT
ga,hfvrp_n020_m04_s03,20,4,0.001000,1788192098108195170,701.671294,4373.571255,706.044865,0.000000,,,0,1,,,,,0.010812,SMALL
ga,hfvrp_n020_m04_s02,20,4,0.001000,10,666.892989,1881.798617,668.774788,0.000000,,,0,1,,,,,1.291889,MEDIUM
ga,hfvrp_n015_m03_s05,15,3,0.001000,999,589.460284,1341.750380,590.802034,0.000000,,,0,1,,,,,0.996216,MEDIUM
ga,hfvrp_n015_m03_s03,15,3,0.001000,1234,516.494315,1798.435270,518.292750,0.000000,,,0,1,,,,,2.961220,BIG
ga,hfvrp_n015_m03_s03,15,3,0.001000,9999,516.494315,1798.435270,518.292750,0.000000,,,0,1,,,,,0.049500,DEFAULT
ga,hfvrp_n015_m03_s03,15,3,0.001000,9999,516.494315,1798.435270,518.292750,0.000000,,,0,1,,,,,0.005190,SMALL
ga,hfvrp_n020_m04_s01,20,4,0.001000,75,674.454866,1952.194479,676.407061,0.000000,,,0,1,,,,,3.943067,BIG
ga,hfvrp_n020_m04_s01,20,4,0.001000,100,674.454866,1952.194479,676.407061,0.000000,,,0,1,,,,,0.067672,DEFAULT
ga,hfvrp_n020_m04_s01,20,4,0.001000,100,674.454866,1952.194479,676.407061,0.000000,,,0,1,,,,,0.007189,SMALL
ga,hfvrp_n015_m03_s04,15,3,0.001000,999,614.626038,4323.337407,618.949375,0.000000,,,0,1,,,,,2.961460,BIG
ga,hfvrp_n020_m04_s03,20,4,0.001000,1788192102419628814,701.671294,4373.571255,706.044865,0.000000,,,0,1,,,,,1.301185,MEDIUM
ga,hfvrp_n015_m03_s04,15,3,0.001000,1234,614.626038,4323.337407,618.949375,0.000000,,,0,1,,,,,0.052555,DEFAULT
ga,hfvrp_n015_m03_s04,15,3,0.001000,1234,614.626038,4323.337407,618.949375,0.000000,,,0,1,,,,,0.008581,SMALL
ga,hfvrp_n015_m03_s03,15,3,0.001000,9999,516.494315,1798.435270,518.292750,0.000000,,,0,1,,,,,0.981727,MEDIUM
ga,hfvrp_n015_m03_s04,15,3,0.001000,1234,614.626038,4323.337407,618.949375,0.000000,,,0,1,,,,,0.984651,MEDIUM
ga,hfvrp_n020_m04_s01,20,4,0.001000,100,674.454866,1952.194479,676.407061,0.000000,,,0,1,,,,,1.309888,MEDIUM
ga,hfvrp_n015_m03_s05,15,3,0.001000,999,589.460284,1341.750380,590.802034,0.000000,,,0,1,,,,,2.978904,BIG
ga,hfvrp_n015_m03_s05,15,3,0.001000,1234,589.460284,1341.750380,590.802034,0.000000,,,0,1,,,,,0.052547,DEFAULT
ga,hfvrp_n015_m03_s05,15,3,0.001000,1234,589.460284,1341.750380,590.802034,0.000000,,,0,1,,,,,0.005247,SMALL
ga,hfvrp_n020_m04_s02,20,4,0.001000,10,666.892989,1881.798617,668.774788,0.000000,,,0,1,,,,,3.906220,BIG
ga,hfvrp_n020_m04_s02,20,4,0.001000,50,672.184863,1926.675143,674.111538,0.000000,,,0,1,,,,,0.067184,DEFAULT
ga,hfvrp_n020_m04_s02,20,4,0.001000,50,745.326610,2749.368838,748.075979,0.000000,,,0,1,,,,,0.012339,SMALL
ga,hfvrp_n015_m03_s05,15,3,0.001000,1234,589.460284,1341.750380,590.802034,0.000000,,,0,1,,,,,0.984029,MEDIUM
ga,hfvrp_n015_m03_s03,15,3,0.001000,9999,516.494315,1798.435270,518.292750,0.000000,,,0,1,,,,,2.953073,BIG
ga,hfvrp_n015_m03_s03,15,3,0.001000,19345,516.494315,1798.435270,518.292750,0.000000,,,0,1,,,,,0.047518,DEFAULT
ga,hfvrp_n015_m03_s03,15,3,0.001000,19345,516.494315,1798.435270,518.292750,0.000000,,,0,1,,,,,0.005207,SMALL
ga,hfvrp_n020_m04_s03,20,4,0.001000,1788192679250801212,667.468311,3461.506226,670.929817,0.000000,,,0,1,,,,,3.918089,BIG
ga,hfvrp_n015_m03_s04,15,3,0.001000,1234,614.626038,4323.337407,618.949375,0.000000,,,0,1,,,,,2.952019,BIG
ga,hfvrp_n020_m04_s03,20,4,0.001000,1,667.468311,3461.506226,670.929817,0.000000,,,0,1,,,,,0.067736,DEFAULT
ga,hfvrp_n020_m04_s03,20,4,0.001000,1,733.239774,3170.474990,736.410249,0.000000,,,0,1,,,,,0.007546,SMALL
ga,hfvrp_n015_m03_s04,15,3,0.001000,9999,614.626038,4323.337407,618.949375,0.000000,,,0,1,,,,,0.053005,DEFAULT
ga,hfvrp_n015_m03_s04,15,3,0.001000,9999,614.626038,4323.337407,618.949375,0.000000,,,0,1,,,,,0.008576,SMALL
ga,hfvrp_n015_m03_s03,15,3,0.001000,19345,516.494315,1798.435270,518.292750,0.000000,,,0,1,,,,,0.981490,MEDIUM
ga,hfvrp_n020_m04_s02,20,4,0.001000,50,666.892989,1881.798617,668.774788,0.000000,,,0,1,,,,,1.294016,MEDIUM
ga,hfvrp_n015_m03_s04,15,3,0.001000,9999,614.626038,4323.337407,618.949375,0.000000,,,0,1,,,,,0.980594,MEDIUM
ga,hfvrp_n020_m04_s01,20,4,0.001000,100,674.454866,1952.194479,676.407061,0.000000,,,0,1,,,,,3.924731,BIG
ga,hfvrp_n020_m04_s01,20,4,0.001000,200,674.454866,1952.194479,676.407061,0.000000,,,0,1,,,,,0.068900,DEFAULT
ga,hfvrp_n020_m04_s01,20,4,0.001000,200,674.454866,1952.194479,676.407061,0.000000,,,0,1,,,,,0.011319,SMALL
ga,hfvrp_n020_m04_s03,20,4,0.001000,1,656.241709,2917.011124,659.158721,0.000000,,,0,1,,,,,1.291608,MEDIUM
ga,hfvrp_n015_m03_s05,15,3,0.001000,1234,589.460284,1341.750380,590.802034,0.000000,,,0,1,,,,,2.965618,BIG
ga,hfvrp_n015_m03_s05,15,3,0.001000,9999,589.460284,1341.750380,590.802034,0.000000,,,0,1,,,,,0.049859,DEFAULT
ga,hfvrp_n015_m03_s05,15,3,0.001000,9999,589.460284,1341.750380,590.802034,0.000000,,,0,1,,,,,0.005217,SMALL
ga,hfvrp_n020_m04_s01,20,4,0.001000,200,674.454866,1952.194479,676.407061,0.000000,,,0,1,,,,,1.301620,MEDIUM
ga,hfvrp_n015_m03_s05,15,3,0.001000,9999,589.460284,1341.750380,590.802034,0.000000,,,0,1,,,,,1.013076,MEDIUM
ga,hfvrp_n015_m03_s03,15,3,0.001000,19345,516.494315,1798.435270,518.292750,0.000000,,,0,1,,,,,2.938676,BIG
ga,hfvrp_n015_m03_s03,15,3,0.001000,1788192403332333388,516.494315,1798.435270,518.292750,0.000000,,,0,1,,,,,0.049710,DEFAULT
ga,hfvrp_n015_m03_s03,15,3,0.001000,1788192407680856336,516.494315,1798.435270,518.292750,0.000000,,,0,1,,,,,0.005291,SMALL
ga,hfvrp_n015_m03_s04,15,3,0.001000,9999,614.626038,4323.337407,618.949375,0.000000,,,0,1,,,,,2.944910,BIG
ga,hfvrp_n015_m03_s04,15,3,0.001000,19345,614.626038,4323.337407,618.949375,0.000000,,,0,1,,,,,0.051687,DEFAULT
ga,hfvrp_n015_m03_s04,15,3,0.001000,19345,614.626038,4323.337407,618.949375,0.000000,,,0,1,,,,,0.005214,SMALL
ga,hfvrp_n020_m04_s02,20,4,0.001000,50,666.892989,1881.798617,668.774788,0.000000,,,0,1,,,,,3.913203,BIG
ga,hfvrp_n015_m03_s03,15,3,0.001000,1788192497884125402,516.494315,1798.435270,518.292750,0.000000,,,0,1,,,,,0.987571,MEDIUM
ga,hfvrp_n020_m04_s02,20,4,0.001000,75,745.326610,2749.368838,748.075979,0.000000,,,0,1,,,,,0.071079,DEFAULT
ga,hfvrp_n020_m04_s02,20,4,0.001000,75,701.562353,2285.024609,703.847378,0.000000,,,0,1,,,,,0.007330,SMALL
ga,hfvrp_n015_m03_s04,15,3,0.001000,19345,614.626038,4323.337407,618.949375,0.000000,,,0,1,,,,,0.986954,MEDIUM
ga,hfvrp_n020_m04_s03,20,4,0.001000,1,656.241709,2917.011124,659.158721,0.000000,,,0,1,,,,,3.890280,BIG
ga,hfvrp_n020_m04_s03,20,4,0.001000,10,701.671294,4373.571255,706.044865,0.000000,,,0,1,,,,,0.062715,DEFAULT
ga,hfvrp_n020_m04_s03,20,4,0.001000,10,656.241709,2917.011124,659.158721,0.000000,,,0,1,,,,,0.007382,SMALL
ga,hfvrp_n020_m04_s02,20,4,0.001000,75,666.892989,1881.798617,668.774788,0.000000,,,0,1,,,,,1.296462,MEDIUM
ga,hfvrp_n015_m03_s05,15,3,0.001000,9999,589.460284,1341.750380,590.802034,0.000000,,,0,1,,,,,2.980642,BIG
ga,hfvrp_n020_m04_s01,20,4,0.001000,200,674.454866,1952.194479,676.407061,0.000000,,,0,1,,,,,3.952854,BIG
ga,hfvrp_n015_m03_s05,15,3,0.001000,19345,589.460284,1341.750380,590.802034,0.000000,,,0,1,,,,,0.054359,DEFAULT
ga,hfvrp_n015_m03_s05,15,3,0.001000,19345,589.460284,1341.750380,590.802034,0.000000,,,0,1,,,,,0.006340,SMALL
ga,hfvrp_n020_m04_s03,20,4,0.001000,10,656.241709,2917.011124,659.158721,0.000000,,,0,1,,,,,1.296054,MEDIUM
ga,hfvrp_n020_m04_s01,20,4,0.001000,999,674.454866,1952.194479,676.407061,0.000000,,,0,1,,,,,0.068328,DEFAULT
ga,hfvrp_n020_m04_s01,20,4,0.001000,999,722.974827,3383.982446,726.358810,0.000000,,,0,1,,,,,0.012043,SMALL
ga,hfvrp_n015_m03_s03,15,3,0.001000,1788192485991835186,516.494315,1798.435270,518.292750,0.000000,,,0,1,,,,,2.955838,BIG
ga,hfvrp_n015_m03_s05,15,3,0.001000,19345,589.460284,1341.750380,590.802034,0.000000,,,0,1,,,,,0.994111,MEDIUM
ga,hfvrp_n020_m04_s04,20,4,0.001000,1788188868364483868,778.149201,4175.052476,782.324254,0.000000,,,0,1,,,,,0.063445,DEFAULT
ga,hfvrp_n020_m04_s04,20,4,0.001000,1788188864141767904,783.509946,4080.937580,787.590884,0.000000,,,0,1,,,,,0.010811,SMALL
ga,hfvrp_n020_m04_s01,20,4,0.001000,999,674.454866,1952.194479,676.407061,0.000000,,,0,1,,,,,1.301040,MEDIUM
ga,hfvrp_n015_m03_s04,15,3,0.001000,19345,614.626038,4323.337407,618.949375,0.000000,,,0,1,,,,,2.952702,BIG
ga,hfvrp_n015_m03_s04,15,3,0.001000,1788188834472912824,614.626038,4323.337407,618.949375,0.000000,,,0,1,,,,,0.057515,DEFAULT
ga,hfvrp_n015_m03_s04,15,3,0.001000,1788188830244227431,689.838091,4748.456397,694.586547,0.000000,,,0,1,,,,,0.008823,SMALL
ga,hfvrp_n020_m04_s04,20,4,0.001000,1788188825501980892,730.335568,4082.989291,734.418558,0.000000,,,0,1,,,,,1.306152,MEDIUM
ga,hfvrp_n015_m03_s04,15,3,0.001000,1788188929041305306,614.626038,4323.337407,618.949375,0.000000,,,0,1,,,,,0.979491,MEDIUM
ga,hfvrp_n020_m04_s02,20,4,0.001000,75,666.892989,1881.798617,668.774788,0.000000,,,0,1,,,,,3.916984,BIG
ga,hfvrp_n020_m04_s02,20,4,0.001000,100,672.184863,1926.675143,674.111538,0.000000,,,0,1,,,,,0.065047,DEFAULT
ga,hfvrp_n020_m04_s02,20,4,0.001000,100,672.184863,1926.675143,674.111538,0.000000,,,0,1,,,,,0.007086,SMALL
ga,hfvrp_n020_m04_s03,20,4,0.001000,10,667.468311,3461.506226,670.929817,0.000000,,,0,1,,,,,3.874969,BIG
ga,hfvrp_n015_m03_s05,15,3,0.001000,19345,589.460284,1341.750380,590.802034,0.000000,,,0,1,,,,,3.003569,BIG
ga,hfvrp_n020_m04_s03,20,4,0.001000,50,701.671294,4373.571255,706.044865,0.000000,,,0,1,,,,,0.066437,DEFAULT
ga,hfvrp_n020_m04_s03,20,4,0.001000,50,733.239774,3170.474990,736.410249,0.000000,,,0,1,,,,,0.007504,SMALL
ga,hfvrp_n015_m03_s05,15,3,0.001000,1788189013102158132,589.460284,1341.750380,590.802034,0.000000,,,0,1,,,,,0.050119,DEFAULT
ga,hfvrp_n015_m03_s05,15,3,0.001000,1788189008861162687,589.460284,1341.750380,590.802034,0.000000,,,0,1,,,,,0.005225,SMALL
ga,hfvrp_n020_m04_s02,20,4,0.001000,100,672.184863,1926.675143,674.111538,0.000000,,,0,1,,,,,1.297436,MEDIUM
ga,hfvrp_n015_m03_s05,15,3,0.001000,1788189004575189530,589.460284,1341.750380,590.802034,0.000000,,,0,1,,,,,1.004976,MEDIUM
ga,hfvrp_n020_m04_s03,20,4,0.001000,50,667.468311,3461.506226,670.929817,0.000000,,,0,1,,,,,1.301944,MEDIUM
ga,hfvrp_n020_m04_s01,20,4,0.001000,999,674.454866,1952.194479,676.407061,0.000000,,,0,1,,,,,3.935905,BIG
ga,hfvrp_n020_m04_s01,20,4,0.001000,1234,697.257383,1524.765702,698.782149,0.000000,,,0,1,,,,,0.063464,DEFAULT
ga,hfvrp_n020_m04_s01,20,4,0.001000,1234,674.454866,1952.194479,676.407061,0.000000,,,0,1,,,,,0.012469,SMALL
ga,hfvrp_n015_m03_s04,15,3,0.001000,1788188921434797573,614.626038,4323.337407,618.949375,0.000000,,,0,1,,,,,2.977783,BIG
ga,hfvrp_n020_m04_s05,20,4,0.001000,1788189031846011190,657.465461,2969.518201,660.434979,0.000000,,,0,1,,,,,0.065422,DEFAULT
ga,hfvrp_n020_m04_s05,20,4,0.001000,1788188589533809162,757.443144,3910.615570,761.353760,0.000000,,,0,1,,,,,0.007384,SMALL
ga,hfvrp_n020_m04_s04,20,4,0.001000,1788188925596444280,716.209290,3933.111864,720.142402,0.000000,,,0,1,,,,,3.973268,BIG
ga,hfvrp_n020_m04_s04,20,4,0.001000,1,778.684316,4052.872734,782.737188,0.000000,,,0,1,,,,,0.067657,DEFAULT
ga,hfvrp_n020_m04_s04,20,4,0.001000,1,794.295459,3667.537007,797.962996,0.000000,,,0,1,,,,,0.011361,SMALL
ga,hfvrp_n020_m04_s01,20,4,0.001000,1234,674.454866,1952.194479,676.407061,0.000000,,,0,1,,,,,1.316844,MEDIUM
ga,hfvrp_n020_m04_s05,20,4,0.001000,1788188593840126759,694.817813,3074.256104,697.892069,0.000000,,,0,1,,,,,1.347725,MEDIUM
ga,hfvrp_n020_m04_s04,20,4,0.001000,1,729.007335,4056.513823,733.063849,0.000000,,,0,1,,,,,1.305960,MEDIUM
ga,hfvrp_n015_m03_s05,15,3,0.001000,1788188971224318104,589.460284,1341.750380,590.802034,0.000000,,,0,1,,,,,2.993367,BIG
ga,hfvrp_n030_m06_s01,30,6,0.001000,1788188630732568582,1382.775678,7323.525997,1390.099204,0.000000,,,0,1,,,,,0.096953,DEFAULT
ga,hfvrp_n030_m06_s01,30,6,0.001000,1788188635128195932,1334.720766,7045.811070,1341.766577,0.000000,,,0,1,,,,,0.011026,SMALL
ga,hfvrp_n020_m04_s02,20,4,0.001000,100,666.892989,1881.798617,668.774788,0.000000,,,0,1,,,,,3.925511,BIG
ga,hfvrp_n020_m04_s02,20,4,0.001000,200,666.892989,1881.798617,668.774788,0.000000,,,0,1,,,,,0.067077,DEFAULT
ga,hfvrp_n020_m04_s02,20,4,0.001000,200,672.184863,1926.675143,674.111538,0.000000,,,0,1,,,,,0.006919,SMALL
ga,hfvrp_n020_m04_s03,20,4,0.001000,50,656.241709,2917.011124,659.158721,0.000000,,,0,1,,,,,4.043617,BIG
ga,hfvrp_n020_m04_s03,20,4,0.001000,75,701.671294,4373.571255,706.044865,0.000000,,,0,1,,,,,0.069144,DEFAULT
ga,hfvrp_n020_m04_s03,20,4,0.001000,75,701.671294,4373.571255,706.044865,0.000000,,,0,1,,,,,0.011577,SMALL
ga,hfvrp_n020_m04_s02,20,4,0.001000,200,666.892989,1881.798617,668.774788,0.000000,,,0,1,,,,,1.291545,MEDIUM
ga,hfvrp_n030_m06_s01,30,6,0.001000,1788188639437674434,1267.672884,5035.231178,1272.708115,0.000000,,,0,1,,,,,1.945449,MEDIUM
ga,hfvrp_n020_m04_s01,20,4,0.001000,1234,674.454866,1952.194479,676.407061,0.000000,,,0,1,,,,,3.991526,BIG
ga,hfvrp_n020_m04_s03,20,4,0.001000,75,701.671294,4373.571255,706.044865,0.000000,,,0,1,,,,,1.294455,MEDIUM
ga,hfvrp_n020_m04_s01,20,4,0.001000,9999,674.454866,1952.194479,676.407061,0.000000,,,0,1,,,,,0.068411,DEFAULT
ga,hfvrp_n020_m04_s01,20,4,0.001000,9999,674.454866,1952.194479,676.407061,0.000000,,,0,1,,,,,0.007228,SMALL
ga,hfvrp_n020_m04_s05,20,4,0.001000,1788188565127208177,694.817813,3074.256104,697.892069,0.000000,,,0,1,,,,,4.016029,BIG
ga,hfvrp_n020_m04_s05,20,4,0.001000,1,694.817813,3074.256104,697.892069,0.000000,,,0,1,,,,,0.070578,DEFAULT
ga,hfvrp_n020_m04_s05,20,4,0.001000,1,806.018155,3973.185305,809.991340,0.000000,,,0,1,,,,,0.009962,SMALL
ga,hfvrp_n020_m04_s04,20,4,0.001000,1,710.176296,3591.212871,713.767509,0.000000,,,0,1,,,,,4.063233,BIG
ga,hfvrp_n020_m04_s04,20,4,0.001000,10,778.684316,4052.872734,782.737188,0.000000,,,0,1,,,,,0.068488,DEFAULT
ga,hfvrp_n020_m04_s04,20,4,0.001000,10,732.657982,4122.983941,736.780966,0.000000,,,0,1,,,,,0.007284,SMALL
ga,hfvrp_n020_m04_s01,20,4,0.001000,9999,674.454866,1952.194479,676.407061,0.000000,,,0,1,,,,,1.307314,MEDIUM
ga,hfvrp_n020_m04_s05,20,4,0.001000,1,694.817813,3074.256104,697.892069,0.000000,,,0,1,,,,,1.324849,MEDIUM
ga,hfvrp_n020_m04_s04,20,4,0.001000,10,716.209290,3933.111864,720.142402,0.000000,,,0,1,,,,,1.321747,MEDIUM
ga,hfvrp_n020_m04_s02,20,4,0.001000,200,666.892989,1881.798617,668.774788,0.000000,,,0,1,,,,,3.922139,BIG
ga,hfvrp_n020_m04_s02,20,4,0.001000,999,672.184863,1926.675143,674.111538,0.000000,,,0,1,,,,,0.068118,DEFAULT
ga,hfvrp_n020_m04_s02,20,4,0.001000,999,701.562353,2285.024609,703.847378,0.000000,,,0,1,,,,,0.011312,SMALL
ga,hfvrp_n020_m04_s03,20,4,0.001000,75,656.241709,2917.011124,659.158721,0.000000,,,0,1,,,,,3.898315,BIG
ga,hfvrp_n020_m04_s03,20,4,0.001000,100,701.671294,4373.571255,706.044865,0.000000,,,0,1,,,,,0.063345,DEFAULT
ga,hfvrp_n020_m04_s03,20,4,0.001000,100,701.671294,4373.571255,706.044865,0.000000,,,0,1,,,,,0.006988,SMALL
ga,hfvrp_n020_m04_s02,20,4,0.001000,999,666.892989,1881.798617,668.774788,0.000000,,,0,1,,,,,1.288633,MEDIUM
ga,hfvrp_n020_m04_s03,20,4,0.001000,100,701.671294,4373.571255,706.044865,0.000000,,,0,1,,,,,1.289009,MEDIUM
ga,hfvrp_n020_m04_s01,20,4,0.001000,9999,674.454866,1952.194479,676.407061,0.000000,,,0,1,,,,,3.926281,BIG
ga,hfvrp_n020_m04_s01,20,4,0.001000,19345,674.454866,1952.194479,676.407061,0.000000,,,0,1,,,,,0.063722,DEFAULT
ga,hfvrp_n020_m04_s01,20,4,0.001000,19345,707.582538,3296.269675,710.878807,0.000000,,,0,1,,,,,0.012559,SMALL
ga,hfvrp_n030_m06_s01,30,6,0.001000,1788188701520870368,1292.678872,4677.481005,1297.356353,0.000000,,,0,1,,,,,6.028556,BIG
ga,hfvrp_n030_m06_s01,30,6,0.001000,1,1352.055723,4218.362784,1356.274086,0.000000,,,0,1,,,,,0.097081,DEFAULT
ga,hfvrp_n020_m04_s05,20,4,0.001000,1,694.817813,3074.256104,697.892069,0.000000,,,0,1,,,,,3.988862,BIG
ga,hfvrp_n030_m06_s01,30,6,0.001000,1,1372.349686,4650.424891,1377.000111,0.000000,,,0,1,,,,,0.015789,SMALL
ga,hfvrp_n020_m04_s05,20,4,0.001000,10,694.817813,3074.256104,697.892069,0.000000,,,0,1,,,,,0.065527,DEFAULT
ga,hfvrp_n020_m04_s05,20,4,0.001000,10,672.609972,3017.138024,675.627110,0.000000,,,0,1,,,,,0.007404,SMALL
ga,hfvrp_n020_m04_s04,20,4,0.001000,10,716.209290,3933.111864,720.142402,0.000000,,,0,1,,,,,3.935534,BIG
ga,hfvrp_n020_m04_s04,20,4,0.001000,50,778.684316,4052.872734,782.737188,0.000000,,,0,1,,,,,0.064249,DEFAULT
ga,hfvrp_n020_m04_s04,20,4,0.001000,50,778.684316,4052.872734,782.737188,0.000000,,,0,1,,,,,0.007141,SMALL
ga,hfvrp_n020_m04_s01,20,4,0.001000,19345,674.454866,1952.194479,676.407061,0.000000,,,0,1,,,,,1.318669,MEDIUM
ga,hfvrp_n020_m04_s05,20,4,0.001000,10,694.817813,3074.256104,697.892069,0.000000,,,0,1,,,,,1.336862,MEDIUM
ga,hfvrp_n030_m06_s01,30,6,0.001000,1,1308.482846,5388.864502,1313.871711,0.000000,,,0,1,,,,,1.992346,MEDIUM
ga,hfvrp_n020_m04_s04,20,4,0.001000,50,710.176296,3591.212871,713.767509,0.000000,,,0,1,,,,,1.318035,MEDIUM
ga,hfvrp_n020_m04_s02,20,4,0.001000,999,666.892989,1881.798617,668.774788,0.000000,,,0,1,,,,,3.930251,BIG
ga,hfvrp_n020_m04_s02,20,4,0.001000,1234,745.367792,2668.418513,748.036210,0.000000,,,0,1,,,,,0.068517,DEFAULT
ga,hfvrp_n020_m04_s02,20,4,0.001000,1234,672.184863,1926.675143,674.111538,0.000000,,,0,1,,,,,0.008946,SMALL
ga,hfvrp_n020_m04_s03,20,4,0.001000,100,656.241709,2917.011124,659.158721,0.000000,,,0,1,,,,,3.915612,BIG
ga,hfvrp_n020_m04_s03,20,4,0.001000,200,656.241709,2917.011124,659.158721,0.000000,,,0,1,,,,,0.062759,DEFAULT
ga,hfvrp_n020_m04_s03,20,4,0.001000,200,731.267328,3190.671036,734.457999,0.000000,,,0,1,,,,,0.007048,SMALL
ga,hfvrp_n020_m04_s02,20,4,0.001000,1234,666.892989,1881.798617,668.774788,0.000000,,,0,1,,,,,1.289935,MEDIUM
ga,hfvrp_n020_m04_s03,20,4,0.001000,200,656.241709,2917.011124,659.158721,0.000000,,,0,1,,,,,1.280495,MEDIUM
ga,hfvrp_n020_m04_s01,20,4,0.001000,19345,674.454866,1952.194479,676.407061,0.000000,,,0,1,,,,,3.937705,BIG
ga,hfvrp_n020_m04_s01,20,4,0.001000,1788189116511654586,674.454866,1952.194479,676.407061,0.000000,,,0,1,,,,,0.065160,DEFAULT
ga,hfvrp_n020_m04_s01,20,4,0.001000,1788189112285901216,697.257383,1524.765702,698.782149,0.000000,,,0,1,,,,,0.007209,SMALL
ga,hfvrp_n020_m04_s05,20,4,0.001000,10,694.817813,3074.256104,697.892069,0.000000,,,0,1,,,,,3.994623,BIG
ga,hfvrp_n020_m04_s05,20,4,0.001000,50,694.817813,3074.256104,697.892069,0.000000,,,0,1,,,,,0.070411,DEFAULT
ga,hfvrp_n020_m04_s05,20,4,0.001000,50,796.949896,3145.605969,800.095502,0.000000,,,0,1,,,,,0.011884,SMALL
ga,hfvrp_n020_m04_s04,20,4,0.001000,50,716.209290,3933.111864,720.142402,0.000000,,,0,1,,,,,3.926486,BIG
ga,hfvrp_n020_m04_s04,20,4,0.001000,75,778.684316,4052.872734,782.737188,0.000000,,,0,1,,,,,0.064231,DEFAULT
ga,hfvrp_n020_m04_s04,20,4,0.001000,75,783.509946,4080.937580,787.590884,0.000000,,,0,1,,,,,0.010870,SMALL
ga,hfvrp_n020_m04_s01,20,4,0.001000,1788189108002159204,674.454866,1952.194479,676.407061,0.000000,,,0,1,,,,,1.341261,MEDIUM
ga,hfvrp_n020_m04_s05,20,4,0.001000,50,694.817813,3074.256104,697.892069,0.000000,,,0,1,,,,,1.354451,MEDIUM
ga,hfvrp_n020_m04_s04,20,4,0.001000,75,710.176296,3591.212871,713.767509,0.000000,,,0,1,,,,,1.313929,MEDIUM
ga,hfvrp_n030_m06_s01,30,6,0.001000,1,1267.686893,5188.125547,1272.875018,0.000000,,,0,1,,,,,5.961985,BIG
ga,hfvrp_n030_m06_s01,30,6,0.001000,10,1311.610851,5396.684513,1317.007535,0.000000,,,0,1,,,,,0.096979,DEFAULT
ga,hfvrp_n030_m06_s01,30,6,0.001000,10,1428.156532,7372.069571,1435.528601,0.000000,,,0,1,,,,,0.011610,SMALL
ga,hfvrp_n020_m04_s02,20,4,0.001000,1234,666.892989,1881.798617,668.774788,0.000000,,,0,1,,,,,3.988717,BIG
ga,hfvrp_n020_m04_s02,20,4,0.001000,9999,666.892989,1881.798617,668.774788,0.000000,,,0,1,,,,,0.067132,DEFAULT
ga,hfvrp_n020_m04_s02,20,4,0.001000,9999,672.184863,1926.675143,674.111538,0.000000,,,0,1,,,,,0.012024,SMALL
ga,hfvrp_n020_m04_s03,20,4,0.001000,200,656.241709,2917.011124,659.158721,0.000000,,,0,1,,,,,3.912168,BIG
ga,hfvrp_n020_m04_s03,20,4,0.001000,999,667.468311,3461.506226,670.929817,0.000000,,,0,1,,,,,0.068026,DEFAULT
ga,hfvrp_n020_m04_s03,20,4,0.001000,999,701.671294,4373.571255,706.044865,0.000000,,,0,1,,,,,0.006976,SMALL
ga,hfvrp_n020_m04_s02,20,4,0.001000,9999,666.892989,1881.798617,668.774788,0.000000,,,0,1,,,,,1.306177,MEDIUM
ga,hfvrp_n030_m06_s01,30,6,0.001000,10,1311.610851,5396.684513,1317.007535,0.000000,,,0,1,,,,,1.980647,MEDIUM
ga,hfvrp_n020_m04_s03,20,4,0.001000,999,701.671294,4373.571255,706.044865,0.000000,,,0,1,,,,,1.297993,MEDIUM
ga,hfvrp_n020_m04_s01,20,4,0.001000,1788189130822355777,674.454866,1952.194479,676.407061,0.000000,,,0,1,,,,,3.945530,BIG
ga,hfvrp_n030_m06_s02,30,6,0.001000,1788189993871338821,1250.913699,6084.099049,1256.997798,0.000000,,,0,1,,,,,0.099851,DEFAULT
ga,hfvrp_n030_m06_s02,30,6,0.001000,1788189989679855424,1275.050097,6080.617558,1281.130714,0.000000,,,0,1,,,,,0.010957,SMALL
ga,hfvrp_n020_m04_s05,20,4,0.001000,50,694.817813,3074.256104,697.892069,0.000000,,,0,1,,,,,4.042627,BIG
ga,hfvrp_n020_m04_s05,20,4,0.001000,75,694.817813,3074.256104,697.892069,0.000000,,,0,1,,,,,0.065699,DEFAULT
ga,hfvrp_n020_m04_s05,20,4,0.001000,75,694.817813,3074.256104,697.892069,0.000000,,,0,1,,,,,0.007623,SMALL
ga,hfvrp_n020_m04_s04,20,4,0.001000,75,710.176296,3591.212871,713.767509,0.000000,,,0,1,,,,,3.979469,BIG
ga,hfvrp_n020_m04_s04,20,4,0.001000,100,736.378965,4102.352007,740.481317,0.000000,,,0,1,,,,,0.065218,DEFAULT
ga,hfvrp_n020_m04_s04,20,4,0.001000,100,736.378965,4102.352007,740.481317,0.000000,,,0,1,,,,,0.007309,SMALL
ga,hfvrp_n020_m04_s05,20,4,0.001000,75,694.817813,3074.256104,697.892069,0.000000,,,0,1,,,,,1.387991,MEDIUM
ga,hfvrp_n030_m06_s02,30,6,0.001000,1788190002584132963,1126.790436,4821.298061,1131.611734,0.000000,,,0,1,,,,,1.970240,MEDIUM
ga,hfvrp_n020_m04_s04,20,4,0.001000,100,778.684316,4052.872734,782.737188,0.000000,,,0,1,,,,,1.317860,MEDIUM
ga,hfvrp_n020_m04_s02,20,4,0.001000,9999,666.892989,1881.798617,668.774788,0.000000,,,0,1,,,,,3.935754,BIG
ga,hfvrp_n020_m04_s02,20,4,0.001000,19345,666.892989,1881.798617,668.774788,0.000000,,,0,1,,,,,0.069110,DEFAULT
ga,hfvrp_n020_m04_s02,20,4,0.001000,19345,672.184863,1926.675143,674.111538,0.000000,,,0,1,,,,,0.010790,SMALL
ga,hfvrp_n020_m04_s03,20,4,0.001000,999,656.241709,2917.011124,659.158721,0.000000,,,0,1,,,,,3.905229,BIG
ga,hfvrp_n020_m04_s03,20,4,0.001000,1234,667.468311,3461.506226,670.929817,0.000000,,,0,1,,,,,0.068616,DEFAULT
ga,hfvrp_n020_m04_s03,20,4,0.001000,1234,701.671294,4373.571255,706.044865,0.000000,,,0,1,,,,,0.007084,SMALL
ga,hfvrp_n020_m04_s02,20,4,0.001000,19345,666.892989,1881.798617,668.774788,0.000000,,,0,1,,,,,1.293627,MEDIUM
ga,hfvrp_n020_m04_s03,20,4,0.001000,1234,656.241709,2917.011124,659.158721,0.000000,,,0,1,,,,,1.285581,MEDIUM
ga,hfvrp_n030_m06_s01,30,6,0.001000,10,1275.609914,5978.970420,1281.588884,0.000000,,,0,1,,,,,6.010552,BIG
ga,hfvrp_n030_m06_s01,30,6,0.001000,50,1402.909330,6288.272158,1409.197602,0.000000,,,0,1,,,,,0.095405,DEFAULT
ga,hfvrp_n030_m06_s01,30,6,0.001000,50,1432.827265,7378.882769,1440.206147,0.000000,,,0,1,,,,,0.011198,SMALL
ga,hfvrp_n020_m04_s05,20,4,0.001000,75,694.817813,3074.256104,697.892069,0.000000,,,0,1,,,,,4.030820,BIG
ga,hfvrp_n020_m04_s05,20,4,0.001000,100,694.817813,3074.256104,697.892069,0.000000,,,0,1,,,,,0.071169,DEFAULT
ga,hfvrp_n020_m04_s05,20,4,0.001000,100,748.357386,2805.990567,751.163376,0.000000,,,0,1,,,,,0.012020,SMALL
ga,hfvrp_n020_m04_s04,20,4,0.001000,100,710.176296,3591.212871,713.767509,0.000000,,,0,1,,,,,3.948504,BIG
ga,hfvrp_n020_m04_s04,20,4,0.001000,200,783.509946,4080.937580,787.590884,0.000000,,,0,1,,,,,0.068878,DEFAULT
ga,hfvrp_n020_m04_s04,20,4,0.001000,200,782.813275,3621.571893,786.434847,0.000000,,,0,1,,,,,0.007191,SMALL
ga,hfvrp_n020_m04_s05,20,4,0.001000,100,694.817813,3074.256104,697.892069,0.000000,,,0,1,,,,,1.348597,MEDIUM
ga,hfvrp_n030_m06_s01,30,6,0.001000,50,1275.609914,5978.970420,1281.588884,0.000000,,,0,1,,,,,1.980611,MEDIUM
ga,hfvrp_n020_m04_s04,20,4,0.001000,200,723.341136,3990.685597,727.331822,0.000000,,,0,1,,,,,1.327460,MEDIUM
ga,hfvrp_n030_m06_s02,30,6,0.001000,1788189935840878654,1153.516965,4551.377058,1158.068342,0.000000,,,0,1,,,,,5.915730,BIG
ga,hfvrp_n030_m06_s02,30,6,0.001000,1,1197.640685,4480.050612,1202.120735,0.000000,,,0,1,,,,,0.096173,DEFAULT
ga,hfvrp_n030_m06_s02,30,6,0.001000,1,1283.276036,5402.344841,1288.678381,0.000000,,,0,1,,,,,0.010884,SMALL
ga,hfvrp_n020_m04_s02,20,4,0.001000,19345,666.892989,1881.798617,668.774788,0.000000,,,0,1,,,,,3.940248,BIG
ga,hfvrp_n020_m04_s02,20,4,0.001000,1788189748960640021,666.892989,1881.798617,668.774788,0.000000,,,0,1,,,,,0.068558,DEFAULT
ga,hfvrp_n020_m04_s02,20,4,0.001000,1788189744737538521,701.562353,2285.024609,703.847378,0.000000,,,0,1,,,,,0.007125,SMALL
ga,hfvrp_n020_m04_s03,20,4,0.001000,1234,656.241709,2917.011124,659.158721,0.000000,,,0,1,,,,,3.925672,BIG
ga,hfvrp_n020_m04_s03,20,4,0.001000,9999,701.671294,4373.571255,706.044865,0.000000,,,0,1,,,,,0.062443,DEFAULT
ga,hfvrp_n020_m04_s03,20,4,0.001000,9999,701.671294,4373.571255,706.044865,0.000000,,,0,1,,,,,0.010736,SMALL
ga,hfvrp_n020_m04_s02,20,4,0.001000,1788189740457916231,666.892989,1881.798617,668.774788,0.000000,,,0,1,,,,,1.300479,MEDIUM
ga,hfvrp_n030_m06_s02,30,6,0.001000,1,1155.191848,4759.117991,1159.950966,0.000000,,,0,1,,,,,1.931499,MEDIUM
ga,hfvrp_n020_m04_s03,20,4,0.001000,9999,660.586628,3316.494063,663.903122,0.000000,,,0,1,,,,,1.305321,MEDIUM
ga,hfvrp_n020_m04_s05,20,4,0.001000,100,694.817813,3074.256104,697.892069,0.000000,,,0,1,,,,,4.014861,BIG
ga,hfvrp_n020_m04_s05,20,4,0.001000,200,716.020245,3190.271391,719.210516,0.000000,,,0,1,,,,,0.069275,DEFAULT
ga,hfvrp_n020_m04_s05,20,4,0.001000,200,720.905060,3188.189007,724.093249,0.000000,,,0,1,,,,,0.007126,SMALL
ga,hfvrp_n020_m04_s04,20,4,0.001000,200,736.378965,4102.352007,740.481317,0.000000,,,0,1,,,,,3.978881,BIG
ga,hfvrp_n020_m04_s04,20,4,0.001000,999,783.509946,4080.937580,787.590884,0.000000,,,0,1,,,,,0.068422,DEFAULT
ga,hfvrp_n020_m04_s04,20,4,0.001000,999,783.509946,4080.937580,787.590884,0.000000,,,0,1,,,,,0.007334,SMALL
ga,hfvrp_n020_m04_s05,20,4,0.001000,200,694.817813,3074.256104,697.892069,0.000000,,,0,1,,,,,1.333113,MEDIUM
ga,hfvrp_n020_m04_s04,20,4,0.001000,999,730.339056,3688.676616,734.027733,0.000000,,,0,1,,,,,1.320448,MEDIUM
ga,hfvrp_n030_m06_s01,30,6,0.001000,50,1307.164225,5898.002060,1313.062227,0.000000,,,0,1,,,,,5.941359,BIG
ga,hfvrp_n020_m04_s02,20,4,0.001000,1788189638688134669,666.892989,1881.798617,668.774788,0.000000,,,0,1,,,,,3.915613,BIG
ga,hfvrp_n030_m06_s01,30,6,0.001000,75,1311.610851,5396.684513,1317.007535,0.000000,,,0,1,,,,,0.101039,DEFAULT
ga,hfvrp_n030_m06_s03,30,6,0.001000,1788189827384502994,1227.729918,3431.454082,1231.161372,0.000000,,,0,1,,,,,0.099155,DEFAULT
ga,hfvrp_n030_m06_s01,30,6,0.001000,75,1335.453500,5446.752940,1340.900253,0.000000,,,0,1,,,,,0.017154,SMALL
ga,hfvrp_n030_m06_s03,30,6,0.001000,1788189836077385745,1365.952878,4270.363472,1370.223241,0.000000,,,0,1,,,,,0.011445,SMALL
ga,hfvrp_n020_m04_s03,20,4,0.001000,9999,656.241709,2917.011124,659.158721,0.000000,,,0,1,,,,,3.913909,BIG
ga,hfvrp_n020_m04_s03,20,4,0.001000,19345,701.671294,4373.571255,706.044865,0.000000,,,0,1,,,,,0.065566,DEFAULT
ga,hfvrp_n020_m04_s03,20,4,0.001000,19345,732.372558,4507.478636,736.880037,0.000000,,,0,1,,,,,0.007146,SMALL
ga,hfvrp_n020_m04_s03,20,4,0.001000,19345,701.671294,4373.571255,706.044865,0.000000,,,0,1,,,,,1.300385,MEDIUM
ga,hfvrp_n030_m06_s01,30,6,0.001000,75,1243.216108,5004.296663,1248.220405,0.000000,,,0,1,,,,,1.977176,MEDIUM
ga,hfvrp_n030_m06_s03,30,6,0.001000,1788189810322714106,1313.033712,3982.790037,1317.016502,0.000000,,,0,1,,,,,1.994079,MEDIUM
ga,hfvrp_n030_m06_s02,30,6,0.001000,1,1153.516965,4551.377058,1158.068342,0.000000,,,0,1,,,,,5.907735,BIG
ga,hfvrp_n030_m06_s02,30,6,0.001000,10,1143.034152,4211.669753,1147.245822,0.000000,,,0,1,,,,,0.096248,DEFAULT
ga,hfvrp_n030_m06_s02,30,6,0.001000,10,1115.284276,4503.875316,1119.788151,0.000000,,,0,1,,,,,0.016510,SMALL
ga,hfvrp_n020_m04_s05,20,4,0.001000,200,657.465461,2969.518201,660.434979,0.000000,,,0,1,,,,,3.932389,BIG
ga,hfvrp_n020_m04_s05,20,4,0.001000,999,694.817813,3074.256104,697.892069,0.000000,,,0,1,,,,,0.070037,DEFAULT
ga,hfvrp_n020_m04_s05,20,4,0.001000,999,745.204869,3106.762608,748.311632,0.000000,,,0,1,,,,,0.007057,SMALL
ga,hfvrp_n020_m04_s04,20,4,0.001000,999,736.378965,4102.352007,740.481317,0.000000,,,0,1,,,,,3.978943,BIG
ga,hfvrp_n020_m04_s04,20,4,0.001000,1234,778.684316,4052.872734,782.737188,0.000000,,,0,1,,,,,0.068468,DEFAULT
ga,hfvrp_n020_m04_s04,20,4,0.001000,1234,769.882614,3769.129687,773.651743,0.000000,,,0,1,,,,,0.007287,SMALL
ga,hfvrp_n030_m06_s02,30,6,0.001000,10,1192.294608,3928.515691,1196.223124,0.000000,,,0,1,,,,,1.952243,MEDIUM
ga,hfvrp_n020_m04_s05,20,4,0.001000,999,694.817813,3074.256104,697.892069,0.000000,,,0,1,,,,,1.334647,MEDIUM
ga,hfvrp_n020_m04_s04,20,4,0.001000,1234,710.176296,3591.212871,713.767509,0.000000,,,0,1,,,,,1.303211,MEDIUM
ga,hfvrp_n020_m04_s03,20,4,0.001000,19345,667.468311,3461.506226,670.929817,0.000000,,,0,1,,,,,3.946586,BIG
ga,hfvrp_n020_m04_s03,20,4,0.001000,1788190696483455213,701.671294,4373.571255,706.044865,0.000000,,,0,1,,,,,0.065782,DEFAULT
ga,hfvrp_n020_m04_s03,20,4,0.001000,1788190675077652026,701.671294,4373.571255,706.044865,0.000000,,,0,1,,,,,0.007050,SMALL
ga,hfvrp_n020_m04_s03,20,4,0.001000,1788190670797132975,667.468311,3461.506226,670.929817,0.000000,,,0,1,,,,,1.300571,MEDIUM
ga,hfvrp_n030_m06_s03,30,6,0.001000,1788190542466150437,1271.244634,4325.622360,1275.570257,0.000000,,,0,1,,,,,5.921164,BIG
ga,hfvrp_n030_m06_s01,30,6,0.001000,75,1229.638471,5038.402479,1234.676873,0.000000,,,0,1,,,,,5.987024,BIG
ga,hfvrp_n030_m06_s03,30,6,0.001000,1,1315.244569,4376.415508,1319.620985,0.000000,,,0,1,,,,,0.102248,DEFAULT
ga,hfvrp_n030_m06_s03,30,6,0.001000,1,1392.023053,5103.574864,1397.126628,0.000000,,,0,1,,,,,0.016388,SMALL
ga,hfvrp_n030_m06_s01,30,6,0.001000,100,1269.019887,6111.204317,1275.131092,0.000000,,,0,1,,,,,0.098817,DEFAULT
ga,hfvrp_n030_m06_s01,30,6,0.001000,100,1421.123119,6894.664942,1428.017784,0.000000,,,0,1,,,,,0.011092,SMALL
ga,hfvrp_n020_m04_s05,20,4,0.001000,999,694.817813,3074.256104,697.892069,0.000000,,,0,1,,,,,4.004433,BIG
ga,hfvrp_n020_m04_s05,20,4,0.001000,1234,694.817813,3074.256104,697.892069,0.000000,,,0,1,,,,,0.068447,DEFAULT
ga,hfvrp_n020_m04_s05,20,4,0.001000,1234,745.204869,3106.762608,748.311632,0.000000,,,0,1,,,,,0.007875,SMALL
ga,hfvrp_n020_m04_s04,20,4,0.001000,1234,716.209290,3933.111864,720.142402,0.000000,,,0,1,,,,,3.920372,BIG
ga,hfvrp_n020_m04_s04,20,4,0.001000,9999,778.684316,4052.872734,782.737188,0.000000,,,0,1,,,,,0.063347,DEFAULT
ga,hfvrp_n020_m04_s04,20,4,0.001000,9999,783.509946,4080.937580,787.590884,0.000000,,,0,1,,,,,0.012852,SMALL
ga,hfvrp_n020_m04_s05,20,4,0.001000,1234,694.817813,3074.256104,697.892069,0.000000,,,0,1,,,,,1.333126,MEDIUM
ga,hfvrp_n020_m04_s04,20,4,0.001000,9999,736.378965,4102.352007,740.481317,0.000000,,,0,1,,,,,1.307300,MEDIUM
ga,hfvrp_n030_m06_s03,30,6,0.001000,1,1257.017999,3522.775923,1260.540775,0.000000,,,0,1,,,,,1.972187,MEDIUM
ga,hfvrp_n030_m06_s01,30,6,0.001000,100,1326.418093,4501.803415,1330.919897,0.000000,,,0,1,,,,,1.966383,MEDIUM
ga,hfvrp_n030_m06_s02,30,6,0.001000,10,1159.448310,3593.839670,1163.042150,0.000000,,,0,1,,,,,5.981392,BIG
ga,hfvrp_n030_m06_s02,30,6,0.001000,50,1224.755766,6007.171902,1230.762937,0.000000,,,0,1,,,,,0.099092,DEFAULT
ga,hfvrp_n030_m06_s02,30,6,0.001000,50,1217.875122,5505.556989,1223.380679,0.000000,,,0,1,,,,,0.014313,SMALL
ga,hfvrp_n020_m04_s03,20,4,0.001000,1788190667811126259,701.671294,4373.571255,706.044865,0.000000,,,0,1,,,,,3.897454,BIG
ga,hfvrp_n030_m06_s04,30,6,0.001000,1788190238041543900,1334.357083,5679.235413,1340.036319,0.000000,,,0,1,,,,,0.097483,DEFAULT
ga,hfvrp_n030_m06_s04,30,6,0.001000,1788190233847679492,1355.759901,4151.632117,1359.911533,0.000000,,,0,1,,,,,0.011414,SMALL
ga,hfvrp_n030_m06_s02,30,6,0.001000,50,1169.882698,5634.972263,1175.517670,0.000000,,,0,1,,,,,1.951183,MEDIUM
ga,hfvrp_n030_m06_s04,30,6,0.001000,1788190229572586647,1351.945595,4047.995984,1355.993591,0.000000,,,0,1,,,,,1.935583,MEDIUM
ga,hfvrp_n020_m04_s05,20,4,0.001000,1234,694.817813,3074.256104,697.892069,0.000000,,,0,1,,,,,3.982127,BIG
ga,hfvrp_n020_m04_s05,20,4,0.001000,9999,756.074903,3722.403746,759.797307,0.000000,,,0,1,,,,,0.068023,DEFAULT
ga,hfvrp_n020_m04_s05,20,4,0.001000,9999,694.817813,3074.256104,697.892069,0.000000,,,0,1,,,,,0.012730,SMALL
ga,hfvrp_n020_m04_s04,20,4,0.001000,9999,716.209290,3933.111864,720.142402,0.000000,,,0,1,,,,,4.106848,BIG
ga,hfvrp_n020_m04_s04,20,4,0.001000,19345,783.509946,4080.937580,787.590884,0.000000,,,0,1,,,,,0.064261,DEFAULT
ga,hfvrp_n020_m04_s04,20,4,0.001000,19345,772.143342,5018.226495,777.161569,0.000000,,,0,1,,,,,0.007585,SMALL
ga,hfvrp_n020_m04_s05,20,4,0.001000,9999,694.817813,3074.256104,697.892069,0.000000,,,0,1,,,,,1.335995,MEDIUM
ga,hfvrp_n020_m04_s04,20,4,0.001000,19345,736.378965,4102.352007,740.481317,0.000000,,,0,1,,,,,1.325453,MEDIUM
ga,hfvrp_n030_m06_s03,30,6,0.001000,1,1168.487527,3449.171328,1171.936698,0.000000,,,0,1,,,,,5.902601,BIG
ga,hfvrp_n030_m06_s03,30,6,0.001000,10,1311.222198,5057.100335,1316.279299,0.000000,,,0,1,,,,,0.100992,DEFAULT
ga,hfvrp_n030_m06_s03,30,6,0.001000,10,1414.413921,5056.858267,1419.470779,0.000000,,,0,1,,,,,0.011085,SMALL
ga,hfvrp_n030_m06_s01,30,6,0.001000,100,1229.638471,5038.402479,1234.676873,0.000000,,,0,1,,,,,6.097773,BIG
ga,hfvrp_n030_m06_s01,30,6,0.001000,200,1348.024231,5691.525940,1353.715757,0.000000,,,0,1,,,,,0.101787,DEFAULT
ga,hfvrp_n030_m06_s01,30,6,0.001000,200,1404.298217,6037.385888,1410.335602,0.000000,,,0,1,,,,,0.011419,SMALL
ga,hfvrp_n030_m06_s03,30,6,0.001000,10,1279.387276,4185.896654,1283.573173,0.000000,,,0,1,,,,,1.947494,MEDIUM
ga,hfvrp_n030_m06_s02,30,6,0.001000,50,1037.513477,3976.005142,1041.489482,0.000000,,,0,1,,,,,5.877126,BIG
ga,hfvrp_n030_m06_s02,30,6,0.001000,75,1160.369063,4645.489043,1165.014552,0.000000,,,0,1,,,,,0.102098,DEFAULT
ga,hfvrp_n030_m06_s02,30,6,0.001000,75,1127.848634,4508.417074,1132.357051,0.000000,,,0,1,,,,,0.011610,SMALL
ga,hfvrp_n030_m06_s01,30,6,0.001000,200,1329.546098,4501.803415,1334.047901,0.000000,,,0,1,,,,,1.975461,MEDIUM
ga,hfvrp_n030_m06_s04,30,6,0.001000,1788190222926948142,1290.681584,4636.520790,1295.318105,0.000000,,,0,1,,,,,5.902458,BIG
ga,hfvrp_n030_m06_s04,30,6,0.001000,1,1352.598563,4080.016745,1356.678579,0.000000,,,0,1,,,,,0.098751,DEFAULT
ga,hfvrp_n030_m06_s04,30,6,0.001000,1,1460.344291,6099.214734,1466.443506,0.000000,,,0,1,,,,,0.015174,SMALL
ga,hfvrp_n020_m04_s05,20,4,0.001000,9999,694.817813,3074.256104,697.892069,0.000000,,,0,1,,,,,4.016157,BIG
ga,hfvrp_n020_m04_s05,20,4,0.001000,19345,694.817813,3074.256104,697.892069,0.000000,,,0,1,,,,,0.064913,DEFAULT
ga,hfvrp_n020_m04_s05,20,4,0.001000,19345,694.817813,3074.256104,697.892069,0.000000,,,0,1,,,,,0.007496,SMALL
ga,hfvrp_n020_m04_s04,20,4,0.001000,19345,710.176296,3591.212871,713.767509,0.000000,,,0,1,,,,,3.967039,BIG
ga,hfvrp_n020_m04_s04,20,4,0.001000,1788160224760074496,824.949680,5174.005304,830.123685,0.000000,,,0,1,,,,,0.068782,DEFAULT
ga,hfvrp_n020_m04_s04,20,4,0.001000,1788160237717839068,783.509946,4080.937580,787.590884,0.000000,,,0,1,,,,,0.007396,SMALL
ga,hfvrp_n030_m06_s02,30,6,0.001000,75,1150.701476,4710.010298,1155.411486,0.000000,,,0,1,,,,,1.979783,MEDIUM
ga,hfvrp_n020_m04_s05,20,4,0.001000,19345,694.817813,3074.256104,697.892069,0.000000,,,0,1,,,,,1.320691,MEDIUM
ga,hfvrp_n020_m04_s04,20,4,0.001000,1788160233434070499,741.794344,4138.581615,745.932926,0.000000,,,0,1,,,,,1.317591,MEDIUM
ga,hfvrp_n030_m06_s04,30,6,0.001000,1,1290.681584,4636.520790,1295.318105,0.000000,,,0,1,,,,,1.938486,MEDIUM
ga,hfvrp_n030_m06_s03,30,6,0.001000,10,1283.425934,4168.926694,1287.594861,0.000000,,,0,1,,,,,5.986359,BIG
ga,hfvrp_n030_m06_s03,30,6,0.001000,50,1288.389648,4852.290233,1293.241938,0.000000,,,0,1,,,,,0.100916,DEFAULT
ga,hfvrp_n030_m06_s03,30,6,0.001000,50,1360.534839,5117.095294,1365.651934,0.000000,,,0,1,,,,,0.014747,SMALL
ga,hfvrp_n030_m06_s01,30,6,0.001000,200,1245.814593,5243.459193,1251.058052,0.000000,,,0,1,,,,,6.042801,BIG
ga,hfvrp_n030_m06_s01,30,6,0.001000,999,1271.505120,6216.937089,1277.722057,0.000000,,,0,1,,,,,0.102088,DEFAULT
ga,hfvrp_n030_m06_s01,30,6,0.001000,999,1410.316707,5338.901163,1415.655608,0.000000,,,0,1,,,,,0.015604,SMALL
ga,hfvrp_n020_m04_s05,20,4,0.001000,19345,694.817813,3074.256104,697.892069,0.000000,,,0,1,,,,,3.983938,BIG
ga,hfvrp_n020_m04_s05,20,4,0.001000,1788160397376632694,705.933104,3500.228061,709.433332,0.000000,,,0,1,,,,,0.069391,DEFAULT
ga,hfvrp_n020_m04_s05,20,4,0.001000,1788160401749716956,729.977142,3621.489726,733.598631,0.000000,,,0,1,,,,,0.012480,SMALL
ga,hfvrp_n020_m04_s04,20,4,0.001000,1788160256230514788,716.209290,3933.111864,720.142402,0.000000,,,0,1,,,,,3.890742,BIG
ga,hfvrp_n030_m06_s05,30,6,0.001000,1788160054063803414,1302.082596,4642.963416,1306.725559,0.000000,,,0,1,,,,,0.099052,DEFAULT
ga,hfvrp_n030_m06_s05,30,6,0.001000,1788160058461469755,1358.700147,4508.910287,1363.209058,0.000000,,,0,1,,,,,0.011639,SMALL
ga,hfvrp_n020_m04_s05,20,4,0.001000,1788160423241069943,694.817813,3074.256104,697.892069,0.000000,,,0,1,,,,,1.339394,MEDIUM
ga,hfvrp_n030_m06_s02,30,6,0.001000,75,1136.379531,4372.633321,1140.752164,0.000000,,,0,1,,,,,5.860902,BIG
ga,hfvrp_n030_m06_s03,30,6,0.001000,50,1282.440682,3771.945565,1286.212627,0.000000,,,0,1,,,,,1.983814,MEDIUM
ga,hfvrp_n030_m06_s02,30,6,0.001000,100,1176.789142,4594.311240,1181.383454,0.000000,,,0,1,,,,,0.096695,DEFAULT
ga,hfvrp_n030_m06_s02,30,6,0.001000,100,1277.724439,6126.486236,1283.850925,0.000000,,,0,1,,,,,0.015979,SMALL
ga,hfvrp_n030_m06_s01,30,6,0.001000,999,1311.610851,5396.684513,1317.007535,0.000000,,,0,1,,,,,2.004113,MEDIUM
ga,hfvrp_n030_m06_s04,30,6,0.001000,1,1283.027341,3301.635487,1286.328977,0.000000,,,0,1,,,,,5.872670,BIG
ga,hfvrp_n030_m06_s05,30,6,0.001000,1788160079955522742,1256.653785,3949.835135,1260.603620,0.000000,,,0,1,,,,,1.950391,MEDIUM
ga,hfvrp_n030_m06_s04,30,6,0.001000,10,1352.390389,4726.848430,1357.117238,0.000000,,,0,1,,,,,0.095125,DEFAULT
ga,hfvrp_n030_m06_s04,30,6,0.001000,10,1372.126008,4209.651303,1376.335659,0.000000,,,0,1,,,,,0.011872,SMALL
ga,hfvrp_n030_m06_s02,30,6,0.001000,100,1155.191848,4759.117991,1159.950966,0.000000,,,0,1,,,,,1.941843,MEDIUM
ga,hfvrp_n030_m06_s04,30,6,0.001000,10,1352.598563,4080.016745,1356.678579,0.000000,,,0,1,,,,,1.929921,MEDIUM
ga,hfvrp_n020_m04_s05,20,4,0.001000,1788160085282084296,694.817813,3074.256104,697.892069,0.000000,,,0,1,,,,,4.047127,BIG
ga,hfvrp_n050_m10_s01,50,10,0.001000,1788160214152390951,2365.624599,12285.528063,2377.910127,0.000000,,,0,1,,,,,0.164503,DEFAULT
ga,hfvrp_n050_m10_s01,50,10,0.001000,1788160210025625644,2574.475653,15221.109603,2589.696762,0.000000,,,0,1,,,,,0.020799,SMALL
ga,hfvrp_n030_m06_s03,30,6,0.001000,50,1282.440682,3771.945565,1286.212627,0.000000,,,0,1,,,,,5.965001,BIG
ga,hfvrp_n030_m06_s03,30,6,0.001000,75,1168.487527,3449.171328,1171.936698,0.000000,,,0,1,,,,,0.100879,DEFAULT
ga,hfvrp_n030_m06_s03,30,6,0.001000,75,1408.198952,4390.829969,1412.589782,0.000000,,,0,1,,,,,0.017008,SMALL
ga,hfvrp_n030_m06_s01,30,6,0.001000,999,1267.686893,5188.125547,1272.875018,0.000000,,,0,1,,,,,5.968710,BIG
ga,hfvrp_n030_m06_s01,30,6,0.001000,1234,1387.329563,6601.801964,1393.931365,0.000000,,,0,1,,,,,0.100362,DEFAULT
ga,hfvrp_n030_m06_s01,30,6,0.001000,1234,1455.317111,7623.808992,1462.940920,0.000000,,,0,1,,,,,0.010764,SMALL
ga,hfvrp_n030_m06_s05,30,6,0.001000,1788159991715770956,1220.074443,3847.601613,1223.922045,0.000000,,,0,1,,,,,5.911053,BIG
ga,hfvrp_n030_m06_s05,30,6,0.001000,1,1264.429573,4176.891349,1268.606464,0.000000,,,0,1,,,,,0.094497,DEFAULT
ga,hfvrp_n030_m06_s05,30,6,0.001000,1,1298.947739,3707.627813,1302.655367,0.000000,,,0,1,,,,,0.011180,SMALL
ga,hfvrp_n050_m10_s01,50,10,0.001000,1788160171395360405,2199.581842,10400.567290,2209.982409,0.000000,,,0,1,,,,,3.317758,MEDIUM
ga,hfvrp_n030_m06_s02,30,6,0.001000,100,1144.979274,4857.143780,1149.836418,0.000000,,,0,1,,,,,5.881037,BIG
ga,hfvrp_n030_m06_s02,30,6,0.001000,200,1200.519156,5679.232518,1206.198388,0.000000,,,0,1,,,,,0.101020,DEFAULT
ga,hfvrp_n030_m06_s03,30,6,0.001000,75,1271.244634,4325.622360,1275.570257,0.000000,,,0,1,,,,,1.955978,MEDIUM
ga,hfvrp_n030_m06_s02,30,6,0.001000,200,1310.854732,6231.156858,1317.085889,0.000000,,,0,1,,,,,0.014637,SMALL
ga,hfvrp_n030_m06_s01,30,6,0.001000,1234,1267.672884,5035.231178,1272.708115,0.000000,,,0,1,,,,,1.970165,MEDIUM
ga,hfvrp_n030_m06_s05,30,6,0.001000,1,1200.720023,3396.019009,1204.116042,0.000000,,,0,1,,,,,1.986423,MEDIUM
ga,hfvrp_n030_m06_s04,30,6,0.001000,10,1193.138177,2792.526850,1195.930704,0.000000,,,0,1,,,,,6.005694,BIG
ga,hfvrp_n030_m06_s04,30,6,0.001000,50,1377.911192,6101.545722,1384.012738,0.000000,,,0,1,,,,,0.100539,DEFAULT
ga,hfvrp_n030_m06_s04,30,6,0.001000,50,1441.837523,5527.853497,1447.365376,0.000000,,,0,1,,,,,0.015067,SMALL
ga,hfvrp_n030_m06_s02,30,6,0.001000,200,1038.681851,4298.603515,1042.980455,0.000000,,,0,1,,,,,1.925498,MEDIUM
ga,hfvrp_n030_m06_s04,30,6,0.001000,50,1290.681584,4636.520790,1295.318105,0.000000,,,0,1,,,,,1.946120,MEDIUM
ga,hfvrp_n030_m06_s03,30,6,0.001000,75,1168.487527,3449.171328,1171.936698,0.000000,,,0,1,,,,,5.940403,BIG
ga,hfvrp_n030_m06_s03,30,6,0.001000,100,1282.440682,3771.945565,1286.212627,0.000000,,,0,1,,,,,0.095549,DEFAULT
ga,hfvrp_n030_m06_s03,30,6,0.001000,100,1417.900442,5760.070564,1423.660513,0.000000,,,0,1,,,,,0.010914,SMALL
ga,hfvrp_n030_m06_s01,30,6,0.001000,1234,1267.171355,5034.692342,1272.206047,0.000000,,,0,1,,,,,5.930969,BIG
ga,hfvrp_n030_m06_s01,30,6,0.001000,9999,1361.503338,6299.505649,1367.802843,0.000000,,,0,1,,,,,0.100749,DEFAULT
ga,hfvrp_n030_m06_s01,30,6,0.001000,9999,1414.340710,6220.762327,1420.561473,0.000000,,,0,1,,,,,0.011544,SMALL
ga,hfvrp_n030_m06_s05,30,6,0.001000,1,1178.709695,2869.883593,1181.579579,0.000000,,,0,1,,,,,5.976461,BIG
ga,hfvrp_n030_m06_s05,30,6,0.001000,10,1225.717701,3762.013400,1229.479715,0.000000,,,0,1,,,,,0.095165,DEFAULT
ga,hfvrp_n030_m06_s05,30,6,0.001000,10,1288.869461,4201.301400,1293.070762,0.000000,,,0,1,,,,,0.011153,SMALL
ga,hfvrp_n030_m06_s02,30,6,0.001000,200,1040.553717,4516.536138,1045.070253,0.000000,,,0,1,,,,,5.950087,BIG
ga,hfvrp_n030_m06_s02,30,6,0.001000,999,1224.755766,6007.171902,1230.762937,0.000000,,,0,1,,,,,0.100071,DEFAULT
ga,hfvrp_n030_m06_s03,30,6,0.001000,100,1271.244634,4325.622360,1275.570257,0.000000,,,0,1,,,,,1.968376,MEDIUM
ga,hfvrp_n030_m06_s02,30,6,0.001000,999,1260.387842,5960.514630,1266.348357,0.000000,,,0,1,,,,,0.015200,SMALL
ga,hfvrp_n030_m06_s01,30,6,0.001000,9999,1339.255855,5970.966429,1345.226822,0.000000,,,0,1,,,,,1.984079,MEDIUM
ga,hfvrp_n030_m06_s05,30,6,0.001000,10,1258.369797,3631.325381,1262.001122,0.000000,,,0,1,,,,,1.929039,MEDIUM
ga,hfvrp_n030_m06_s04,30,6,0.001000,50,1290.681584,4636.520790,1295.318105,0.000000,,,0,1,,,,,5.876200,BIG
ga,hfvrp_n030_m06_s04,30,6,0.001000,75,1311.725916,4543.565082,1316.269481,0.000000,,,0,1,,,,,0.094636,DEFAULT
ga,hfvrp_n030_m06_s04,30,6,0.001000,75,1394.038135,4489.552143,1398.527687,0.000000,,,0,1,,,,,0.011247,SMALL
ga,hfvrp_n030_m06_s02,30,6,0.001000,999,1153.516965,4551.377058,1158.068342,0.000000,,,0,1,,,,,1.935322,MEDIUM
ga,hfvrp_n050_m10_s01,50,10,0.001000,1788160097407703456,2146.755580,9995.815883,2156.751396,0.000000,,,0,1,,,,,10.602503,BIG
ga,hfvrp_n050_m10_s01,50,10,0.001000,1,2122.043462,10018.056711,2132.061519,0.000000,,,0,1,,,,,0.166384,DEFAULT
ga,hfvrp_n050_m10_s01,50,10,0.001000,1,2250.100595,10173.605770,2260.274200,0.000000,,,0,1,,,,,0.021451,SMALL
ga,hfvrp_n030_m06_s04,30,6,0.001000,75,1352.598563,4080.016745,1356.678579,0.000000,,,0,1,,,,,1.919521,MEDIUM
ga,hfvrp_n050_m10_s01,50,10,0.001000,1,2135.208779,9715.984002,2144.924763,0.000000,,,0,1,,,,,3.332273,MEDIUM
ga,hfvrp_n030_m06_s03,30,6,0.001000,100,1168.487527,3449.171328,1171.936698,0.000000,,,0,1,,,,,5.898922,BIG
ga,hfvrp_n030_m06_s03,30,6,0.001000,200,1288.389648,4732.070053,1293.121718,0.000000,,,0,1,,,,,0.098997,DEFAULT
ga,hfvrp_n030_m06_s03,30,6,0.001000,200,1364.309903,5175.268695,1369.485172,0.000000,,,0,1,,,,,0.015283,SMALL
ga,hfvrp_n030_m06_s01,30,6,0.001000,9999,1261.192783,5036.319898,1266.229102,0.000000,,,0,1,,,,,5.986047,BIG
ga,hfvrp_n030_m06_s01,30,6,0.001000,19345,1411.850573,6367.221451,1418.217795,0.000000,,,0,1,,,,,0.098771,DEFAULT
ga,hfvrp_n030_m06_s01,30,6,0.001000,19345,1490.482726,7692.698246,1498.175424,0.000000,,,0,1,,,,,0.015446,SMALL
ga,hfvrp_n030_m06_s05,30,6,0.001000,10,1178.709695,2869.883593,1181.579579,0.000000,,,0,1,,,,,5.941597,BIG
ga,hfvrp_n030_m06_s05,30,6,0.001000,50,1256.653785,4532.218759,1261.186004,0.000000,,,0,1,,,,,0.098072,DEFAULT
ga,hfvrp_n030_m06_s05,30,6,0.001000,50,1415.346071,5424.429758,1420.770500,0.000000,,,0,1,,,,,0.011131,SMALL
ga,hfvrp_n030_m06_s02,30,6,0.001000,999,1029.212606,4274.953281,1033.487559,0.000000,,,0,1,,,,,5.859802,BIG
ga,hfvrp_n030_m06_s02,30,6,0.001000,1234,1177.865642,5675.810274,1183.541452,0.000000,,,0,1,,,,,0.095652,DEFAULT
ga,hfvrp_n030_m06_s02,30,6,0.001000,1234,1228.249573,5640.849543,1233.890422,0.000000,,,0,1,,,,,0.015027,SMALL
ga,hfvrp_n030_m06_s03,30,6,0.001000,200,1262.118552,4495.647878,1266.614200,0.000000,,,0,1,,,,,1.972023,MEDIUM
ga,hfvrp_n030_m06_s01,30,6,0.001000,19345,1326.418093,4501.803415,1330.919897,0.000000,,,0,1,,,,,1.955189,MEDIUM
ga,hfvrp_n030_m06_s05,30,6,0.001000,50,1219.148119,3685.710968,1222.833830,0.000000,,,0,1,,,,,1.912960,MEDIUM
ga,hfvrp_n030_m06_s04,30,6,0.001000,75,1193.138177,2792.526850,1195.930704,0.000000,,,0,1,,,,,5.991195,BIG
ga,hfvrp_n030_m06_s04,30,6,0.001000,100,1310.432909,4516.126689,1314.949035,0.000000,,,0,1,,,,,0.096956,DEFAULT
ga,hfvrp_n030_m06_s04,30,6,0.001000,100,1375.784361,4200.484854,1379.984846,0.000000,,,0,1,,,,,0.010849,SMALL
ga,hfvrp_n030_m06_s02,30,6,0.001000,1234,1176.262488,4617.917986,1180.880406,0.000000,,,0,1,,,,,1.961401,MEDIUM
ga,hfvrp_n030_m06_s04,30,6,0.001000,100,1290.681584,4636.520790,1295.318105,0.000000,,,0,1,,,,,1.937340,MEDIUM
ga,hfvrp_n030_m06_s03,30,6,0.001000,200,1168.487527,3449.171328,1171.936698,0.000000,,,0,1,,,,,5.902396,BIG
ga,hfvrp_n030_m06_s03,30,6,0.001000,999,1262.966964,4539.563884,1267.506528,0.000000,,,0,1,,,,,0.099058,DEFAULT
ga,hfvrp_n030_m06_s03,30,6,0.001000,999,1408.660771,5183.423314,1413.844194,0.000000,,,0,1,,,,,0.015102,SMALL
ga,hfvrp_n030_m06_s01,30,6,0.001000,19345,1214.045611,4432.325530,1218.477937,0.000000,,,0,1,,,,,5.971514,BIG
ga,hfvrp_n030_m06_s05,30,6,0.001000,50,1189.164719,3547.381530,1192.712101,0.000000,,,0,1,,,,,5.912169,BIG
ga,hfvrp_n030_m06_s01,30,6,0.001000,1788160605913829356,1375.205069,5935.484232,1381.140554,0.000000,,,0,1,,,,,0.096928,DEFAULT
ga,hfvrp_n030_m06_s01,30,6,0.001000,1788160636079200457,1434.650530,6498.982834,1441.149512,0.000000,,,0,1,,,,,0.011121,SMALL
ga,hfvrp_n030_m06_s05,30,6,0.001000,75,1189.164719,3633.075266,1192.797794,0.000000,,,0,1,,,,,0.096565,DEFAULT
ga,hfvrp_n030_m06_s05,30,6,0.001000,75,1323.019063,3970.240765,1326.989303,0.000000,,,0,1,,,,,0.011471,SMALL
ga,hfvrp_n030_m06_s02,30,6,0.001000,1234,1019.000032,4378.749497,1023.378782,0.000000,,,0,1,,,,,5.866137,BIG
ga,hfvrp_n030_m06_s02,30,6,0.001000,9999,1192.294608,3928.515691,1196.223124,0.000000,,,0,1,,,,,0.100756,DEFAULT
ga,hfvrp_n030_m06_s02,30,6,0.001000,9999,1253.951610,4450.265704,1258.401876,0.000000,,,0,1,,,,,0.016023,SMALL
ga,hfvrp_n050_m10_s01,50,10,0.001000,1,2163.990939,9947.140127,2173.938080,0.000000,,,0,1,,,,,10.215750,BIG
ga,hfvrp_n030_m06_s03,30,6,0.001000,999,1278.548640,4715.927401,1283.264567,0.000000,,,0,1,,,,,1.949975,MEDIUM
ga,hfvrp_n050_m10_s01,50,10,0.001000,10,2522.320909,14166.426749,2536.487336,0.000000,,,0,1,,,,,0.167597,DEFAULT
ga,hfvrp_n050_m10_s01,50,10,0.001000,10,2601.053133,13685.956105,2614.739090,0.000000,,,0,1,,,,,0.023450,SMALL
ga,hfvrp_n030_m06_s01,30,6,0.001000,1788160631803723229,1368.742355,6049.199535,1374.791555,0.000000,,,0,1,,,,,1.975816,MEDIUM
ga,hfvrp_n030_m06_s05,30,6,0.001000,75,1257.859991,4186.282652,1262.046274,0.000000,,,0,1,,,,,1.937820,MEDIUM
ga,hfvrp_n030_m06_s04,30,6,0.001000,100,1310.432909,4516.126689,1314.949035,0.000000,,,0,1,,,,,5.931098,BIG
ga,hfvrp_n030_m06_s04,30,6,0.001000,200,1334.357083,5679.235413,1340.036319,0.000000,,,0,1,,,,,0.100053,DEFAULT
ga,hfvrp_n030_m06_s04,30,6,0.001000,200,1479.137173,5677.205409,1484.814378,0.000000,,,0,1,,,,,0.011468,SMALL
ga,hfvrp_n030_m06_s02,30,6,0.001000,9999,1153.516965,4495.471386,1158.012436,0.000000,,,0,1,,,,,1.977867,MEDIUM
ga,hfvrp_n030_m06_s04,30,6,0.001000,200,1196.002682,2793.959103,1198.796641,0.000000,,,0,1,,,,,1.983700,MEDIUM
ga,hfvrp_n050_m10_s01,50,10,0.001000,10,2175.988984,10388.602673,2186.377587,0.000000,,,0,1,,,,,3.366914,MEDIUM
ga,hfvrp_n030_m06_s03,30,6,0.001000,999,1279.387276,4185.896654,1283.573173,0.000000,,,0,1,,,,,5.943564,BIG
ga,hfvrp_n030_m06_s03,30,6,0.001000,1234,1287.541235,4808.374227,1292.349610,0.000000,,,0,1,,,,,0.095668,DEFAULT
ga,hfvrp_n030_m06_s03,30,6,0.001000,1234,1368.037677,5009.969093,1373.047646,0.000000,,,0,1,,,,,0.011502,SMALL
ga,hfvrp_n030_m06_s05,30,6,0.001000,75,1220.074443,4346.939481,1224.421383,0.000000,,,0,1,,,,,5.886124,BIG
ga,hfvrp_n030_m06_s01,30,6,0.001000,1788161531436289563,1267.686893,5188.125547,1272.875018,0.000000,,,0,1,,,,,6.028281,BIG
ga,hfvrp_n030_m06_s05,30,6,0.001000,100,1258.933672,4525.261945,1263.458934,0.000000,,,0,1,,,,,0.098555,DEFAULT
ga,hfvrp_n030_m06_s05,30,6,0.001000,100,1322.600271,4338.129256,1326.938400,0.000000,,,0,1,,,,,0.015428,SMALL
ga,hfvrp_n050_m10_s02,50,10,0.001000,1788161438976693494,2245.048338,15096.132180,2260.144470,0.000000,,,0,1,,,,,0.164985,DEFAULT
ga,hfvrp_n050_m10_s02,50,10,0.001000,1788161434850227850,2543.794460,18130.585352,2561.925045,0.000000,,,0,1,,,,,0.020305,SMALL
ga,hfvrp_n030_m06_s02,30,6,0.001000,9999,1153.516965,4551.377058,1158.068342,0.000000,,,0,1,,,,,5.917185,BIG
ga,hfvrp_n030_m06_s02,30,6,0.001000,19345,1189.246651,4056.464086,1193.303115,0.000000,,,0,1,,,,,0.099934,DEFAULT
ga,hfvrp_n030_m06_s02,30,6,0.001000,19345,1216.601200,3836.222040,1220.437422,0.000000,,,0,1,,,,,0.012460,SMALL
ga,hfvrp_n030_m06_s03,30,6,0.001000,1234,1273.564910,4260.536022,1277.825446,0.000000,,,0,1,,,,,1.965418,MEDIUM
ga,hfvrp_n030_m06_s05,30,6,0.001000,100,1194.630124,3625.100043,1198.255224,0.000000,,,0,1,,,,,1.985408,MEDIUM
ga,hfvrp_n030_m06_s04,30,6,0.001000,200,1196.002682,2793.959103,1198.796641,0.000000,,,0,1,,,,,5.989116,BIG
ga,hfvrp_n030_m06_s04,30,6,0.001000,999,1352.598563,4080.016745,1356.678579,0.000000,,,0,1,,,,,0.093298,DEFAULT
ga,hfvrp_n030_m06_s04,30,6,0.001000,999,1425.039289,5884.330980,1430.923620,0.000000,,,0,1,,,,,0.010728,SMALL
ga,hfvrp_n030_m06_s02,30,6,0.001000,19345,1176.789142,4594.311240,1181.383454,0.000000,,,0,1,,,,,1.953294,MEDIUM
ga,hfvrp_n050_m10_s02,50,10,0.001000,1788161430578991089,2252.728175,15087.320420,2267.815496,0.000000,,,0,1,,,,,3.341459,MEDIUM
ga,hfvrp_n030_m06_s04,30,6,0.001000,999,1352.598563,4080.016745,1356.678579,0.000000,,,0,1,,,,,1.903593,MEDIUM
ga,hfvrp_n050_m10_s01,50,10,0.001000,10,2135.208779,9715.984002,2144.924763,0.000000,,,0,1,,,,,10.179159,BIG
ga,hfvrp_n030_m06_s03,30,6,0.001000,1234,1168.487527,3449.171328,1171.936698,0.000000,,,0,1,,,,,5.841825,BIG
ga,hfvrp_n030_m06_s03,30,6,0.001000,9999,1351.311598,4547.647276,1355.859245,0.000000,,,0,1,,,,,0.101925,DEFAULT
ga,hfvrp_n030_m06_s03,30,6,0.001000,9999,1327.223119,4868.262235,1332.091382,0.000000,,,0,1,,,,,0.011262,SMALL
ga,hfvrp_n050_m10_s01,50,10,0.001000,50,2198.261110,12464.994580,2210.726104,0.000000,,,0,1,,,,,0.166725,DEFAULT
ga,hfvrp_n050_m10_s01,50,10,0.001000,50,2577.791332,13759.280183,2591.550612,0.000000,,,0,1,,,,,0.026663,SMALL
ga,hfvrp_n030_m06_s05,30,6,0.001000,100,1220.074443,4346.939481,1224.421383,0.000000,,,0,1,,,,,5.828706,BIG
ga,hfvrp_n030_m06_s05,30,6,0.001000,200,1220.074443,3847.601613,1223.922045,0.000000,,,0,1,,,,,0.100253,DEFAULT
ga,hfvrp_n030_m06_s05,30,6,0.001000,200,1321.360092,4964.963575,1326.325056,0.000000,,,0,1,,,,,0.015868,SMALL
ga,hfvrp_n030_m06_s02,30,6,0.001000,19345,1019.000032,4378.749497,1023.378782,0.000000,,,0,1,,,,,5.844607,BIG
ga,hfvrp_n030_m06_s02,30,6,0.001000,1788161108595378494,1224.755766,6007.171902,1230.762937,0.000000,,,0,1,,,,,0.094842,DEFAULT
ga,hfvrp_n030_m06_s02,30,6,0.001000,1788161104398214916,1264.802920,3768.625355,1268.571546,0.000000,,,0,1,,,,,0.011401,SMALL
ga,hfvrp_n030_m06_s03,30,6,0.001000,9999,1168.487527,3452.056601,1171.939584,0.000000,,,0,1,,,,,1.942146,MEDIUM
ga,hfvrp_n030_m06_s05,30,6,0.001000,200,1232.313643,3790.673569,1236.104316,0.000000,,,0,1,,,,,1.954344,MEDIUM
ga,hfvrp_n030_m06_s04,30,6,0.001000,999,1290.681584,4636.520790,1295.318105,0.000000,,,0,1,,,,,5.863708,BIG
ga,hfvrp_n030_m06_s04,30,6,0.001000,1234,1370.978063,5520.758577,1376.498821,0.000000,,,0,1,,,,,0.094240,DEFAULT
ga,hfvrp_n030_m06_s04,30,6,0.001000,1234,1447.711466,5623.623040,1453.335089,0.000000,,,0,1,,,,,0.011224,SMALL
ga,hfvrp_n050_m10_s01,50,10,0.001000,50,2105.989107,9738.988200,2115.728095,0.000000,,,0,1,,,,,3.343507,MEDIUM
ga,hfvrp_n030_m06_s02,30,6,0.001000,1788161117302163462,1183.515702,4224.200326,1187.739903,0.000000,,,0,1,,,,,1.971998,MEDIUM
ga,hfvrp_n030_m06_s04,30,6,0.001000,1234,1352.598563,4080.016745,1356.678579,0.000000,,,0,1,,,,,1.945977,MEDIUM
ga,hfvrp_n050_m10_s02,50,10,0.001000,1788161227765245320,2212.197241,14643.098497,2226.840339,0.000000,,,0,1,,,,,10.358874,BIG
ga,hfvrp_n050_m10_s02,50,10,0.001000,1,2359.322277,15303.665599,2374.625942,0.000000,,,0,1,,,,,0.167813,DEFAULT
ga,hfvrp_n050_m10_s02,50,10,0.001000,1,2767.699247,20105.406521,2787.804654,0.000000,,,0,1,,,,,0.023437,SMALL
ga,hfvrp_n030_m06_s03,30,6,0.001000,9999,1168.487527,3452.056601,1171.939584,0.000000,,,0,1,,,,,5.861207,BIG
ga,hfvrp_n030_m06_s03,30,6,0.001000,19345,1168.487527,3449.171328,1171.936698,0.000000,,,0,1,,,,,0.100202,DEFAULT
ga,hfvrp_n030_m06_s03,30,6,0.001000,19345,1377.470023,4275.873076,1381.745896,0.000000,,,0,1,,,,,0.012658,SMALL
ga,hfvrp_n030_m06_s05,30,6,0.001000,200,1222.987656,3815.728845,1226.803385,0.000000,,,0,1,,,,,5.966921,BIG
ga,hfvrp_n030_m06_s05,30,6,0.001000,999,1273.572128,4256.353331,1277.828482,0.000000,,,0,1,,,,,0.101540,DEFAULT
ga,hfvrp_n030_m06_s05,30,6,0.001000,999,1367.853404,5242.109465,1373.095513,0.000000,,,0,1,,,,,0.015351,SMALL
ga,hfvrp_n030_m06_s02,30,6,0.001000,1788161132162811801,1153.516965,4495.471386,1158.012436,0.000000,,,0,1,,,,,5.862498,BIG
ga,hfvrp_n030_m06_s03,30,6,0.001000,19345,1257.017999,3522.775923,1260.540775,0.000000,,,0,1,,,,,1.970220,MEDIUM
ga,hfvrp_n050_m10_s03,50,10,0.001000,1788162143297843371,2132.543137,14076.406896,2146.619543,0.000000,,,0,1,,,,,0.169936,DEFAULT
ga,hfvrp_n050_m10_s03,50,10,0.001000,1788162134886517864,2628.420739,23437.472274,2651.858211,0.000000,,,0,1,,,,,0.026275,SMALL
ga,hfvrp_n050_m10_s02,50,10,0.001000,1,2250.907279,14098.348250,2265.005627,0.000000,,,0,1,,,,,3.381096,MEDIUM
ga,hfvrp_n030_m06_s05,30,6,0.001000,999,1256.653785,4449.173003,1261.102958,0.000000,,,0,1,,,,,1.936541,MEDIUM
ga,hfvrp_n030_m06_s04,30,6,0.001000,1234,1340.122134,5402.699158,1345.524834,0.000000,,,0,1,,,,,5.884878,BIG
ga,hfvrp_n030_m06_s04,30,6,0.001000,9999,1290.681584,4636.520790,1295.318105,0.000000,,,0,1,,,,,0.101352,DEFAULT
ga,hfvrp_n030_m06_s04,30,6,0.001000,9999,1398.288451,4838.739069,1403.127190,0.000000,,,0,1,,,,,0.016150,SMALL
ga,hfvrp_n030_m06_s04,30,6,0.001000,9999,1351.945595,4047.995984,1355.993591,0.000000,,,0,1,,,,,1.947603,MEDIUM
ga,hfvrp_n050_m10_s03,50,10,0.001000,1788162130621570953,1898.301789,12092.291475,1910.394080,0.000000,,,0,1,,,,,3.394870,MEDIUM
ga,hfvrp_n050_m10_s01,50,10,0.001000,50,2104.262661,9876.050362,2114.138712,0.000000,,,0,1,,,,,10.028320,BIG
ga,hfvrp_n050_m10_s01,50,10,0.001000,75,2263.788492,11402.247016,2275.190739,0.000000,,,0,1,,,,,0.175402,DEFAULT
ga,hfvrp_n050_m10_s01,50,10,0.001000,75,2633.486593,15401.581579,2648.888175,0.000000,,,0,1,,,,,0.021566,SMALL
ga,hfvrp_n030_m06_s03,30,6,0.001000,19345,1279.387276,4185.896654,1283.573173,0.000000,,,0,1,,,,,5.905947,BIG
ga,hfvrp_n030_m06_s03,30,6,0.001000,1788161986089376314,1317.663578,4866.532998,1322.530111,0.000000,,,0,1,,,,,0.099511,DEFAULT
ga,hfvrp_n030_m06_s03,30,6,0.001000,1788161999081558860,1404.852883,4646.240366,1409.499123,0.000000,,,0,1,,,,,0.016690,SMALL
ga,hfvrp_n030_m06_s05,30,6,0.001000,999,1187.564194,3779.372090,1191.343566,0.000000,,,0,1,,,,,6.022227,BIG
ga,hfvrp_n030_m06_s05,30,6,0.001000,1234,1250.256217,4019.486822,1254.275704,0.000000,,,0,1,,,,,0.101096,DEFAULT
ga,hfvrp_n030_m06_s05,30,6,0.001000,1234,1289.012891,3657.357471,1292.670249,0.000000,,,0,1,,,,,0.010993,SMALL
ga,hfvrp_n050_m10_s01,50,10,0.001000,75,2152.721299,10085.349684,2162.806649,0.000000,,,0,1,,,,,3.361251,MEDIUM
ga,hfvrp_n030_m06_s03,30,6,0.001000,1788161994807513127,1288.389648,4732.070053,1293.121718,0.000000,,,0,1,,,,,1.973653,MEDIUM
ga,hfvrp_n030_m06_s05,30,6,0.001000,1234,1225.744061,3631.325381,1229.375386,0.000000,,,0,1,,,,,1.941011,MEDIUM
ga,hfvrp_n030_m06_s04,30,6,0.001000,9999,1290.681584,4636.520790,1295.318105,0.000000,,,0,1,,,,,5.903127,BIG
ga,hfvrp_n030_m06_s04,30,6,0.001000,19345,1337.045381,5266.553613,1342.311935,0.000000,,,0,1,,,,,0.101333,DEFAULT
ga,hfvrp_n030_m06_s04,30,6,0.001000,19345,1480.324364,5518.590749,1485.842955,0.000000,,,0,1,,,,,0.011474,SMALL
ga,hfvrp_n050_m10_s02,50,10,0.001000,1,2246.889101,14158.402440,2261.047503,0.000000,,,0,1,,,,,10.305526,BIG
ga,hfvrp_n030_m06_s04,30,6,0.001000,19345,1296.496597,4659.361257,1301.155958,0.000000,,,0,1,,,,,1.949416,MEDIUM
ga,hfvrp_n050_m10_s02,50,10,0.001000,10,2404.396525,15902.628422,2420.299154,0.000000,,,0,1,,,,,0.170909,DEFAULT
ga,hfvrp_n050_m10_s02,50,10,0.001000,10,2658.285296,20103.656543,2678.388953,0.000000,,,0,1,,,,,0.025441,SMALL
ga,hfvrp_n050_m10_s03,50,10,0.001000,1788161940746831230,2054.810685,14495.805870,2069.306491,0.000000,,,0,1,,,,,10.264594,BIG
ga,hfvrp_n030_m06_s03,30,6,0.001000,1788161975310272356,1262.966964,4419.343704,1267.386308,0.000000,,,0,1,,,,,5.929495,BIG
ga,hfvrp_n050_m10_s03,50,10,0.001000,1,2129.467933,13705.513950,2143.173447,0.000000,,,0,1,,,,,0.169894,DEFAULT
ga,hfvrp_n050_m10_s03,50,10,0.001000,1,2301.186067,14889.591096,2316.075658,0.000000,,,0,1,,,,,0.021811,SMALL
ga,hfvrp_n050_m10_s04,50,10,0.001000,1788161633688110373,2206.878671,15564.973540,2222.443644,0.000000,,,0,1,,,,,0.166353,DEFAULT
ga,hfvrp_n050_m10_s04,50,10,0.001000,1788161663922944564,2526.329582,18569.355438,2544.898937,0.000000,,,0,1,,,,,0.020786,SMALL
ga,hfvrp_n050_m10_s02,50,10,0.001000,10,2251.034482,14324.395190,2265.358877,0.000000,,,0,1,,,,,3.396688,MEDIUM
ga,hfvrp_n030_m06_s05,30,6,0.001000,1234,1258.933672,4525.261945,1263.458934,0.000000,,,0,1,,,,,5.814717,BIG
ga,hfvrp_n030_m06_s05,30,6,0.001000,9999,1306.548274,3943.728623,1310.492003,0.000000,,,0,1,,,,,0.094916,DEFAULT
ga,hfvrp_n030_m06_s05,30,6,0.001000,9999,1334.104813,4842.997716,1338.947811,0.000000,,,0,1,,,,,0.011453,SMALL
ga,hfvrp_n030_m06_s05,30,6,0.001000,9999,1219.932060,3316.468625,1223.248529,0.000000,,,0,1,,,,,1.972842,MEDIUM
ga,hfvrp_n030_m06_s04,30,6,0.001000,19345,1193.138177,2836.046760,1195.974224,0.000000,,,0,1,,,,,5.965099,BIG
ga,hfvrp_n030_m06_s04,30,6,0.001000,1788161705283868534,1363.955449,4645.213825,1368.600663,0.000000,,,0,1,,,,,0.101106,DEFAULT
ga,hfvrp_n030_m06_s04,30,6,0.001000,1788161735453399857,1454.096187,5043.293273,1459.139481,0.000000,,,0,1,,,,,0.011573,SMALL
ga,hfvrp_n050_m10_s03,50,10,0.001000,1,2025.395991,13873.657893,2039.269649,0.000000,,,0,1,,,,,3.386344,MEDIUM
ga,hfvrp_n050_m10_s01,50,10,0.001000,75,2196.549676,10188.097481,2206.737774,0.000000,,,0,1,,,,,10.423849,BIG
ga,hfvrp_n050_m10_s04,50,10,0.001000,1788161659652279136,2086.021613,14722.873453,2100.744486,0.000000,,,0,1,,,,,3.353407,MEDIUM
ga,hfvrp_n050_m10_s01,50,10,0.001000,100,2444.446729,14029.453650,2458.476182,0.000000,,,0,1,,,,,0.173316,DEFAULT
ga,hfvrp_n050_m10_s01,50,10,0.001000,100,2580.094632,11562.159471,2591.656792,0.000000,,,0,1,,,,,0.021657,SMALL
ga,hfvrp_n030_m06_s04,30,6,0.001000,1788161731173976279,1283.027341,3301.635487,1286.328977,0.000000,,,0,1,,,,,1.943634,MEDIUM
ga,hfvrp_n050_m10_s01,50,10,0.001000,100,2099.740028,10950.766803,2110.690795,0.000000,,,0,1,,,,,3.365599,MEDIUM
ga,hfvrp_n030_m06_s05,30,6,0.001000,9999,1192.750637,3860.806467,1196.611443,0.000000,,,0,1,,,,,5.965239,BIG
ga,hfvrp_n030_m06_s05,30,6,0.001000,19345,1363.985295,4799.465254,1368.784760,0.000000,,,0,1,,,,,0.098913,DEFAULT
ga,hfvrp_n030_m06_s05,30,6,0.001000,19345,1465.562683,6093.458881,1471.656142,0.000000,,,0,1,,,,,0.011342,SMALL
ga,hfvrp_n030_m06_s05,30,6,0.001000,19345,1220.074443,3847.601613,1223.922045,0.000000,,,0,1,,,,,1.952021,MEDIUM
ga,hfvrp_n050_m10_s02,50,10,0.001000,10,2081.365696,13406.662669,2094.772359,0.000000,,,0,1,,,,,10.319176,BIG
ga,hfvrp_n030_m06_s04,30,6,0.001000,1788161681581760025,1289.093303,4820.837081,1293.914140,0.000000,,,0,1,,,,,5.891391,BIG
ga,hfvrp_n050_m10_s02,50,10,0.001000,50,2384.975673,16226.704499,2401.202377,0.000000,,,0,1,,,,,0.168948,DEFAULT
ga,hfvrp_n050_m10_s02,50,10,0.001000,50,2996.462359,21467.197764,3017.929557,0.000000,,,0,1,,,,,0.024615,SMALL
ga,hfvrp_n050_m10_s05,50,10,0.001000,1788158260322257936,2405.723385,12908.125671,2418.631511,0.000000,,,0,1,,,,,0.171092,DEFAULT
ga,hfvrp_n050_m10_s05,50,10,0.001000,1788158247612388162,2809.091323,13416.085821,2822.507409,0.000000,,,0,1,,,,,0.023444,SMALL
ga,hfvrp_n050_m10_s03,50,10,0.001000,1,1981.421527,13301.813347,1994.723340,0.000000,,,0,1,,,,,10.342106,BIG
ga,hfvrp_n050_m10_s04,50,10,0.001000,1788161671599414038,2054.559889,14496.350152,2069.056239,0.000000,,,0,1,,,,,10.272988,BIG
ga,hfvrp_n050_m10_s03,50,10,0.001000,10,2192.819681,14690.461853,2207.510143,0.000000,,,0,1,,,,,0.168190,DEFAULT
ga,hfvrp_n050_m10_s03,50,10,0.001000,10,2483.511034,17430.090459,2500.941124,0.000000,,,0,1,,,,,0.021566,SMALL
ga,hfvrp_n050_m10_s04,50,10,0.001000,1,2249.555700,12935.979253,2262.491679,0.000000,,,0,1,,,,,0.172546,DEFAULT
ga,hfvrp_n050_m10_s04,50,10,0.001000,1,2439.874233,19062.237844,2458.936471,0.000000,,,0,1,,,,,0.021526,SMALL
ga,hfvrp_n050_m10_s05,50,10,0.001000,1788158243349476436,2214.393041,9565.888293,2223.958929,0.000000,,,0,1,,,,,3.316536,MEDIUM
ga,hfvrp_n050_m10_s02,50,10,0.001000,50,2215.341661,14093.026063,2229.434687,0.000000,,,0,1,,,,,3.397132,MEDIUM
ga,hfvrp_n030_m06_s05,30,6,0.001000,19345,1182.568778,3601.767116,1186.170545,0.000000,,,0,1,,,,,5.804474,BIG
ga,hfvrp_n030_m06_s05,30,6,0.001000,1788158141307177096,1295.513014,4645.785138,1300.158799,0.000000,,,0,1,,,,,0.098913,DEFAULT
ga,hfvrp_n030_m06_s05,30,6,0.001000,1788158137114709274,1225.717701,3762.013400,1229.479715,0.000000,,,0,1,,,,,0.010830,SMALL
ga,hfvrp_n050_m10_s03,50,10,0.001000,10,2041.323150,15151.445088,2056.474595,0.000000,,,0,1,,,,,3.388721,MEDIUM
ga,hfvrp_n050_m10_s04,50,10,0.001000,1,2056.129893,14545.244333,2070.675137,0.000000,,,0,1,,,,,3.349629,MEDIUM
ga,hfvrp_n050_m10_s01,50,10,0.001000,100,2181.663009,9861.937264,2191.524947,0.000000,,,0,1,,,,,10.379314,BIG
ga,hfvrp_n050_m10_s01,50,10,0.001000,200,2381.481973,12528.647495,2394.010620,0.000000,,,0,1,,,,,0.170368,DEFAULT
ga,hfvrp_n050_m10_s01,50,10,0.001000,200,2500.166942,12900.295658,2513.067237,0.000000,,,0,1,,,,,0.025397,SMALL
ga,hfvrp_n030_m06_s05,30,6,0.001000,1788158132833976300,1219.148119,3685.710968,1222.833830,0.000000,,,0,1,,,,,1.924533,MEDIUM
ga,hfvrp_n050_m10_s01,50,10,0.001000,200,2159.944292,10947.646220,2170.891938,0.000000,,,0,1,,,,,3.420303,MEDIUM
ga,hfvrp_n030_m06_s05,30,6,0.001000,1788157954373714798,1196.614931,3396.019009,1200.010950,0.000000,,,0,1,,,,,5.975732,BIG
ga,hfvrp_n050_m10_s05,50,10,0.001000,1788158027628128917,2206.113144,15238.447550,2221.351592,0.000000,,,0,1,,,,,10.246648,BIG
ga,hfvrp_n050_m10_s02,50,10,0.001000,50,2225.003548,16250.756808,2241.254305,0.000000,,,0,1,,,,,10.541548,BIG
ga,hfvrp_n050_m10_s05,50,10,0.001000,1,2225.287163,11569.786021,2236.856949,0.000000,,,0,1,,,,,0.169639,DEFAULT
ga,hfvrp_n050_m10_s05,50,10,0.001000,1,2477.089743,11060.834982,2488.150578,0.000000,,,0,1,,,,,0.022720,SMALL
ga,hfvrp_n050_m10_s02,50,10,0.001000,75,2324.904883,15097.593813,2340.002477,0.000000,,,0,1,,,,,0.167960,DEFAULT
ga,hfvrp_n050_m10_s02,50,10,0.001000,75,3065.357526,22110.996034,3087.468522,0.000000,,,0,1,,,,,0.021588,SMALL
ga,hfvrp_n075_m15_s01,75,15,0.001000,1788157940028497220,4505.314005,12929.875681,4518.243881,0.000000,,,0,1,,,,,0.278935,DEFAULT
ga,hfvrp_n075_m15_s01,75,15,0.001000,1788157953196277122,5389.328744,19014.832116,5408.343576,0.000000,,,0,1,,,,,0.039634,SMALL
ga,hfvrp_n050_m10_s03,50,10,0.001000,10,2019.199514,14061.977685,2033.261492,0.000000,,,0,1,,,,,10.327305,BIG
ga,hfvrp_n050_m10_s04,50,10,0.001000,1,1976.989156,14453.642851,1991.442799,0.000000,,,0,1,,,,,10.464061,BIG
ga,hfvrp_n050_m10_s03,50,10,0.001000,50,2174.244404,15075.493623,2189.319898,0.000000,,,0,1,,,,,0.171954,DEFAULT
ga,hfvrp_n050_m10_s03,50,10,0.001000,50,2401.305720,18683.721569,2419.989442,0.000000,,,0,1,,,,,0.020873,SMALL
ga,hfvrp_n050_m10_s04,50,10,0.001000,10,2178.571801,15046.682277,2193.618483,0.000000,,,0,1,,,,,0.170916,DEFAULT
ga,hfvrp_n050_m10_s05,50,10,0.001000,1,2049.729938,11566.406817,2061.296344,0.000000,,,0,1,,,,,3.384772,MEDIUM
ga,hfvrp_n050_m10_s04,50,10,0.001000,10,2544.354066,17342.065710,2561.696131,0.000000,,,0,1,,,,,0.021709,SMALL
ga,hfvrp_n050_m10_s02,50,10,0.001000,75,2275.248796,14851.372624,2290.100169,0.000000,,,0,1,,,,,3.413559,MEDIUM
ga,hfvrp_n075_m15_s01,75,15,0.001000,1788157948944677109,3617.035059,11819.619773,3628.854679,0.000000,,,0,1,,,,,5.392462,MEDIUM
ga,hfvrp_n050_m10_s03,50,10,0.001000,50,2010.339583,14443.029913,2024.782613,0.000000,,,0,1,,,,,3.386757,MEDIUM
ga,hfvrp_n050_m10_s01,50,10,0.001000,200,2142.762725,10505.295236,2153.268020,0.000000,,,0,1,,,,,10.281225,BIG
ga,hfvrp_n050_m10_s04,50,10,0.001000,10,1998.678057,15007.098092,2013.685155,0.000000,,,0,1,,,,,3.374689,MEDIUM
ga,hfvrp_n050_m10_s01,50,10,0.001000,999,2151.165458,10234.461785,2161.399920,0.000000,,,0,1,,,,,0.170156,DEFAULT
ga,hfvrp_n050_m10_s01,50,10,0.001000,999,2618.985607,11651.043487,2630.636651,0.000000,,,0,1,,,,,0.022212,SMALL
ga,hfvrp_n050_m10_s01,50,10,0.001000,999,2167.505244,9981.516025,2177.486760,0.000000,,,0,1,,,,,3.324421,MEDIUM
ga,hfvrp_n050_m10_s05,50,10,0.001000,1,2109.241908,11939.428091,2121.181336,0.000000,,,0,1,,,,,10.237352,BIG
ga,hfvrp_n050_m10_s05,50,10,0.001000,10,2509.836149,14823.644261,2524.659793,0.000000,,,0,1,,,,,0.171207,DEFAULT
ga,hfvrp_n050_m10_s05,50,10,0.001000,10,2548.637177,13139.209901,2561.776387,0.000000,,,0,1,,,,,0.021673,SMALL
ga,hfvrp_n050_m10_s02,50,10,0.001000,75,2203.015572,15312.578427,2218.328150,0.000000,,,0,1,,,,,10.562953,BIG
ga,hfvrp_n050_m10_s02,50,10,0.001000,100,2404.363451,15824.046887,2420.187498,0.000000,,,0,1,,,,,0.165255,DEFAULT
ga,hfvrp_n050_m10_s02,50,10,0.001000,100,2826.975126,19585.291163,2846.560417,0.000000,,,0,1,,,,,0.020486,SMALL
ga,hfvrp_n050_m10_s03,50,10,0.001000,50,1978.036673,13530.584098,1991.567257,0.000000,,,0,1,,,,,10.338847,BIG
ga,hfvrp_n050_m10_s04,50,10,0.001000,10,1992.193872,14363.352182,2006.557224,0.000000,,,0,1,,,,,10.244675,BIG
ga,hfvrp_n050_m10_s03,50,10,0.001000,75,2304.369701,18448.561537,2322.818262,0.000000,,,0,1,,,,,0.168704,DEFAULT
ga,hfvrp_n050_m10_s03,50,10,0.001000,75,2311.593000,13892.933788,2325.485934,0.000000,,,0,1,,,,,0.024240,SMALL
ga,hfvrp_n050_m10_s05,50,10,0.001000,10,2123.445139,11257.886627,2134.703026,0.000000,,,0,1,,,,,3.336260,MEDIUM
ga,hfvrp_n050_m10_s04,50,10,0.001000,50,2223.591523,14217.902649,2237.809425,0.000000,,,0,1,,,,,0.168509,DEFAULT
ga,hfvrp_n050_m10_s04,50,10,0.001000,50,2438.604069,15533.040998,2454.137110,0.000000,,,0,1,,,,,0.021989,SMALL
ga,hfvrp_n050_m10_s02,50,10,0.001000,100,2229.034199,14939.551256,2243.973750,0.000000,,,0,1,,,,,3.386430,MEDIUM
ga,hfvrp_n050_m10_s03,50,10,0.001000,75,2030.983025,14205.201897,2045.188227,0.000000,,,0,1,,,,,3.378006,MEDIUM
ga,hfvrp_n050_m10_s01,50,10,0.001000,999,2187.119054,9978.946148,2197.098000,0.000000,,,0,1,,,,,10.410726,BIG
ga,hfvrp_n050_m10_s04,50,10,0.001000,50,1998.867331,14420.068234,2013.287399,0.000000,,,0,1,,,,,3.458805,MEDIUM
ga,hfvrp_n050_m10_s01,50,10,0.001000,1234,2213.652324,13004.246207,2226.656570,0.000000,,,0,1,,,,,0.165698,DEFAULT
ga,hfvrp_n050_m10_s01,50,10,0.001000,1234,2535.670355,14617.325707,2550.287681,0.000000,,,0,1,,,,,0.026839,SMALL
ga,hfvrp_n075_m15_s01,75,15,0.001000,1788157761072848052,3449.224688,7885.511963,3457.110200,0.000000,,,0,1,,,,,16.644142,BIG
ga,hfvrp_n075_m15_s01,75,15,0.001000,1,4098.379158,12290.045520,4110.669203,0.000000,,,0,1,,,,,0.272968,DEFAULT
ga,hfvrp_n075_m15_s01,75,15,0.001000,1,5699.281294,22204.100337,5721.485395,0.000000,,,0,1,,,,,0.035185,SMALL
ga,hfvrp_n050_m10_s01,50,10,0.001000,1234,2102.748029,10589.167328,2113.337196,0.000000,,,0,1,,,,,3.335492,MEDIUM
ga,hfvrp_n050_m10_s05,50,10,0.001000,10,2152.406230,13961.463455,2166.367693,0.000000,,,0,1,,,,,10.116247,BIG
ga,hfvrp_n050_m10_s05,50,10,0.001000,50,2433.112714,13354.624653,2446.467338,0.000000,,,0,1,,,,,0.166339,DEFAULT
ga,hfvrp_n050_m10_s05,50,10,0.001000,50,2555.680063,10803.565745,2566.483629,0.000000,,,0,1,,,,,0.020237,SMALL
ga,hfvrp_n050_m10_s02,50,10,0.001000,100,2172.077984,12740.597447,2184.818581,0.000000,,,0,1,,,,,10.251477,BIG
ga,hfvrp_n050_m10_s02,50,10,0.001000,200,2393.602693,15783.479717,2409.386172,0.000000,,,0,1,,,,,0.166828,DEFAULT
ga,hfvrp_n050_m10_s02,50,10,0.001000,200,2542.557942,19820.602805,2562.378544,0.000000,,,0,1,,,,,0.021221,SMALL
ga,hfvrp_n075_m15_s01,75,15,0.001000,1,3439.436643,10256.116434,3449.692760,0.000000,,,0,1,,,,,5.332371,MEDIUM
ga,hfvrp_n050_m10_s03,50,10,0.001000,75,2086.036950,14509.487254,2100.546437,0.000000,,,0,1,,,,,10.332412,BIG
ga,hfvrp_n050_m10_s03,50,10,0.001000,100,2084.331902,14553.765016,2098.885667,0.000000,,,0,1,,,,,0.166040,DEFAULT
ga,hfvrp_n050_m10_s05,50,10,0.001000,50,2106.630887,14023.527452,2120.654414,0.000000,,,0,1,,,,,3.373357,MEDIUM
ga,hfvrp_n050_m10_s03,50,10,0.001000,100,2572.828866,16565.999486,2589.394866,0.000000,,,0,1,,,,,0.025801,SMALL
ga,hfvrp_n050_m10_s04,50,10,0.001000,50,2048.807442,14614.855812,2063.422297,0.000000,,,0,1,,,,,10.302831,BIG
ga,hfvrp_n050_m10_s04,50,10,0.001000,75,2356.880598,16436.297794,2373.316896,0.000000,,,0,1,,,,,0.168699,DEFAULT
ga,hfvrp_n050_m10_s04,50,10,0.001000,75,2489.985716,18571.892214,2508.557608,0.000000,,,0,1,,,,,0.025459,SMALL
ga,hfvrp_n050_m10_s02,50,10,0.001000,200,2165.208721,15447.382470,2180.656103,0.000000,,,0,1,,,,,3.420848,MEDIUM
ga,hfvrp_n050_m10_s03,50,10,0.001000,100,1938.732602,12181.078940,1950.913681,0.000000,,,0,1,,,,,3.357542,MEDIUM
ga,hfvrp_n050_m10_s01,50,10,0.001000,1234,2104.262661,9859.591204,2114.122253,0.000000,,,0,1,,,,,10.206499,BIG
ga,hfvrp_n050_m10_s01,50,10,0.001000,9999,2396.668712,11395.887319,2408.064600,0.000000,,,0,1,,,,,0.169235,DEFAULT
ga,hfvrp_n050_m10_s01,50,10,0.001000,9999,2733.945318,11337.248957,2745.282567,0.000000,,,0,1,,,,,0.026878,SMALL
ga,hfvrp_n050_m10_s04,50,10,0.001000,75,1994.311681,14175.312460,2008.486994,0.000000,,,0,1,,,,,3.351936,MEDIUM
ga,hfvrp_n050_m10_s01,50,10,0.001000,9999,2199.581842,10334.382197,2209.916224,0.000000,,,0,1,,,,,3.289966,MEDIUM
ga,hfvrp_n050_m10_s05,50,10,0.001000,50,2108.744430,14791.951550,2123.536381,0.000000,,,0,1,,,,,10.420715,BIG
ga,hfvrp_n050_m10_s05,50,10,0.001000,75,2357.854405,11244.862932,2369.099268,0.000000,,,0,1,,,,,0.163855,DEFAULT
ga,hfvrp_n050_m10_s05,50,10,0.001000,75,2616.465197,14391.227484,2630.856425,0.000000,,,0,1,,,,,0.022144,SMALL
ga,hfvrp_n050_m10_s02,50,10,0.001000,200,2196.970049,16297.495835,2213.267545,0.000000,,,0,1,,,,,10.194035,BIG
ga,hfvrp_n050_m10_s02,50,10,0.001000,999,2398.546167,14515.854167,2413.062021,0.000000,,,0,1,,,,,0.163624,DEFAULT
ga,hfvrp_n050_m10_s02,50,10,0.001000,999,2724.738884,22356.366726,2747.095251,0.000000,,,0,1,,,,,0.021237,SMALL
ga,hfvrp_n050_m10_s03,50,10,0.001000,100,1957.607971,12881.203634,1970.489174,0.000000,,,0,1,,,,,10.406325,BIG
ga,hfvrp_n050_m10_s04,50,10,0.001000,75,1992.193872,14363.352182,2006.557224,0.000000,,,0,1,,,,,10.112734,BIG
ga,hfvrp_n050_m10_s03,50,10,0.001000,200,2058.247057,12323.801944,2070.570859,0.000000,,,0,1,,,,,0.167242,DEFAULT
ga,hfvrp_n050_m10_s03,50,10,0.001000,200,2481.003071,16396.651070,2497.399722,0.000000,,,0,1,,,,,0.026455,SMALL
ga,hfvrp_n050_m10_s05,50,10,0.001000,75,2105.801085,11075.322187,2116.876408,0.000000,,,0,1,,,,,3.385153,MEDIUM
ga,hfvrp_n050_m10_s04,50,10,0.001000,100,2247.551576,15316.724067,2262.868300,0.000000,,,0,1,,,,,0.169596,DEFAULT
ga,hfvrp_n050_m10_s04,50,10,0.001000,100,2380.322246,17205.444589,2397.527691,0.000000,,,0,1,,,,,0.026597,SMALL
ga,hfvrp_n050_m10_s02,50,10,0.001000,999,2234.549897,15016.551322,2249.566449,0.000000,,,0,1,,,,,3.404905,MEDIUM
ga,hfvrp_n075_m15_s01,75,15,0.001000,1,3621.721273,12385.143462,3634.106417,0.000000,,,0,1,,,,,16.871151,BIG
ga,hfvrp_n075_m15_s01,75,15,0.001000,10,3997.656744,11941.279737,4009.598024,0.000000,,,0,1,,,,,0.274171,DEFAULT
ga,hfvrp_n075_m15_s01,75,15,0.001000,10,5570.950634,18416.923637,5589.367558,0.000000,,,0,1,,,,,0.037435,SMALL
ga,hfvrp_n050_m10_s01,50,10,0.001000,9999,2127.067925,10262.884295,2137.330809,0.000000,,,0,1,,,,,9.985436,BIG
ga,hfvrp_n050_m10_s03,50,10,0.001000,200,1997.974482,13710.488602,2011.684971,0.000000,,,0,1,,,,,3.369405,MEDIUM
ga,hfvrp_n050_m10_s01,50,10,0.001000,19345,2191.452008,10141.426063,2201.593434,0.000000,,,0,1,,,,,0.164672,DEFAULT
ga,hfvrp_n050_m10_s01,50,10,0.001000,19345,2803.147123,21842.965012,2824.990088,0.000000,,,0,1,,,,,0.020747,SMALL
ga,hfvrp_n050_m10_s04,50,10,0.001000,100,2038.143898,14179.923783,2052.323822,0.000000,,,0,1,,,,,3.377995,MEDIUM
ga,hfvrp_n050_m10_s01,50,10,0.001000,19345,2083.310143,9452.482591,2092.762626,0.000000,,,0,1,,,,,3.302891,MEDIUM
ga,hfvrp_n075_m15_s01,75,15,0.001000,10,3624.559657,9164.756675,3633.724414,0.000000,,,0,1,,,,,5.454173,MEDIUM
ga,hfvrp_n050_m10_s05,50,10,0.001000,75,2090.269471,11429.432538,2101.698903,0.000000,,,0,1,,,,,10.239247,BIG
ga,hfvrp_n050_m10_s05,50,10,0.001000,100,2445.764349,14476.455734,2460.240805,0.000000,,,0,1,,,,,0.170829,DEFAULT
ga,hfvrp_n050_m10_s05,50,10,0.001000,100,2648.313628,14758.412081,2663.072040,0.000000,,,0,1,,,,,0.025220,SMALL
ga,hfvrp_n050_m10_s02,50,10,0.001000,999,2179.937137,15514.720915,2195.451858,0.000000,,,0,1,,,,,10.265830,BIG
ga,hfvrp_n050_m10_s02,50,10,0.001000,1234,2278.135198,15068.815990,2293.204014,0.000000,,,0,1,,,,,0.169636,DEFAULT
ga,hfvrp_n050_m10_s02,50,10,0.001000,1234,2724.466485,18563.235402,2743.029720,0.000000,,,0,1,,,,,0.022255,SMALL
ga,hfvrp_n050_m10_s03,50,10,0.001000,200,1994.693446,13581.882202,2008.275328,0.000000,,,0,1,,,,,10.384604,BIG
ga,hfvrp_n050_m10_s04,50,10,0.001000,100,2026.467060,13002.455447,2039.469515,0.000000,,,0,1,,,,,10.188712,BIG
ga,hfvrp_n050_m10_s05,50,10,0.001000,100,2048.395958,10135.881811,2058.531840,0.000000,,,0,1,,,,,3.389546,MEDIUM
ga,hfvrp_n050_m10_s03,50,10,0.001000,999,2073.966126,17104.457231,2091.070583,0.000000,,,0,1,,,,,0.166759,DEFAULT
ga,hfvrp_n050_m10_s03,50,10,0.001000,999,2400.167159,20837.609755,2421.004769,0.000000,,,0,1,,,,,0.022453,SMALL
ga,hfvrp_n050_m10_s04,50,10,0.001000,200,2211.344324,12525.071039,2223.869395,0.000000,,,0,1,,,,,0.169584,DEFAULT
ga,hfvrp_n050_m10_s04,50,10,0.001000,200,2389.758512,14163.536350,2403.922048,0.000000,,,0,1,,,,,0.025643,SMALL
ga,hfvrp_n050_m10_s02,50,10,0.001000,1234,2188.453149,16335.157459,2204.788307,0.000000,,,0,1,,,,,3.364297,MEDIUM
ga,hfvrp_n050_m10_s01,50,10,0.001000,19345,2118.259670,9769.326378,2128.028997,0.000000,,,0,1,,,,,10.206573,BIG
ga,hfvrp_n050_m10_s01,50,10,0.001000,1788159226207111509,2326.546929,10546.425852,2337.093354,0.000000,,,0,1,,,,,0.173750,DEFAULT
ga,hfvrp_n050_m10_s01,50,10,0.001000,1788159222089621179,2745.775591,17842.903494,2763.618494,0.000000,,,0,1,,,,,0.020824,SMALL
ga,hfvrp_n050_m10_s03,50,10,0.001000,999,1984.639646,14345.169507,1998.984815,0.000000,,,0,1,,,,,3.353722,MEDIUM
ga,hfvrp_n050_m10_s04,50,10,0.001000,200,2054.086204,14504.419161,2068.590623,0.000000,,,0,1,,,,,3.356054,MEDIUM
ga,hfvrp_n050_m10_s01,50,10,0.001000,1788159217819020089,2181.434561,9947.782633,2191.382344,0.000000,,,0,1,,,,,3.369964,MEDIUM
ga,hfvrp_n050_m10_s05,50,10,0.001000,100,2134.989056,11055.146940,2146.044203,0.000000,,,0,1,,,,,10.192583,BIG
ga,hfvrp_n075_m15_s01,75,15,0.001000,10,3459.502595,12664.935683,3472.167530,0.000000,,,0,1,,,,,16.621699,BIG
ga,hfvrp_n050_m10_s05,50,10,0.001000,200,2471.463191,17800.035300,2489.263226,0.000000,,,0,1,,,,,0.170563,DEFAULT
ga,hfvrp_n050_m10_s05,50,10,0.001000,200,2799.162101,15140.738674,2814.302839,0.000000,,,0,1,,,,,0.026460,SMALL
ga,hfvrp_n050_m10_s02,50,10,0.001000,1234,2277.439638,13785.720690,2291.225359,0.000000,,,0,1,,,,,10.436288,BIG
ga,hfvrp_n050_m10_s02,50,10,0.001000,9999,2392.003873,16647.583385,2408.651456,0.000000,,,0,1,,,,,0.170982,DEFAULT
ga,hfvrp_n075_m15_s01,75,15,0.001000,50,4348.785379,10533.129498,4359.318508,0.000000,,,0,1,,,,,0.270147,DEFAULT
ga,hfvrp_n050_m10_s02,50,10,0.001000,9999,2474.514605,15738.169101,2490.252774,0.000000,,,0,1,,,,,0.023014,SMALL
ga,hfvrp_n075_m15_s01,75,15,0.001000,50,4988.047586,14839.121345,5002.886708,0.000000,,,0,1,,,,,0.037625,SMALL
ga,hfvrp_n050_m10_s03,50,10,0.001000,999,2011.246401,13808.700741,2025.055102,0.000000,,,0,1,,,,,10.318775,BIG
ga,hfvrp_n050_m10_s05,50,10,0.001000,200,2176.942355,15586.048172,2192.528403,0.000000,,,0,1,,,,,3.392057,MEDIUM
ga,hfvrp_n050_m10_s04,50,10,0.001000,200,2006.110598,13799.699391,2019.910297,0.000000,,,0,1,,,,,10.411620,BIG
ga,hfvrp_n050_m10_s03,50,10,0.001000,1234,2087.665021,13504.998440,2101.170020,0.000000,,,0,1,,,,,0.174987,DEFAULT
ga,hfvrp_n050_m10_s03,50,10,0.001000,1234,2275.536396,13074.364941,2288.610760,0.000000,,,0,1,,,,,0.025454,SMALL
ga,hfvrp_n050_m10_s04,50,10,0.001000,999,2132.381950,11793.755619,2144.175706,0.000000,,,0,1,,,,,0.175449,DEFAULT
ga,hfvrp_n050_m10_s04,50,10,0.001000,999,2595.165820,15121.738727,2610.287558,0.000000,,,0,1,,,,,0.021680,SMALL
ga,hfvrp_n050_m10_s02,50,10,0.001000,9999,2243.082510,14452.267829,2257.534778,0.000000,,,0,1,,,,,3.402906,MEDIUM
ga,hfvrp_n050_m10_s01,50,10,0.001000,1788159594855381364,2127.067925,10262.884295,2137.330809,0.000000,,,0,1,,,,,10.158844,BIG
ga,hfvrp_n075_m15_s01,75,15,0.001000,50,3523.819106,10134.633887,3533.953740,0.000000,,,0,1,,,,,5.455532,MEDIUM
ga,hfvrp_n050_m10_s03,50,10,0.001000,1234,2049.931980,15047.711808,2064.979692,0.000000,,,0,1,,,,,3.446485,MEDIUM
ga,hfvrp_n050_m10_s04,50,10,0.001000,999,2017.244607,15037.258441,2032.281866,0.000000,,,0,1,,,,,3.403168,MEDIUM
ga,hfvrp_n075_m15_s02,75,15,0.001000,1788159816517891102,4610.336754,13931.982191,4624.268736,0.000000,,,0,1,,,,,0.273182,DEFAULT
ga,hfvrp_n075_m15_s02,75,15,0.001000,1788159842569390500,5530.431060,25474.174719,5555.905235,0.000000,,,0,1,,,,,0.039573,SMALL
ga,hfvrp_n075_m15_s02,75,15,0.001000,1788159838321440497,4152.662446,19566.841187,4172.229287,0.000000,,,0,1,,,,,5.397176,MEDIUM
ga,hfvrp_n050_m10_s05,50,10,0.001000,200,2106.630887,14023.527452,2120.654414,0.000000,,,0,1,,,,,10.277683,BIG
ga,hfvrp_n050_m10_s05,50,10,0.001000,999,2236.029942,12406.854878,2248.436797,0.000000,,,0,1,,,,,0.167839,DEFAULT
ga,hfvrp_n050_m10_s05,50,10,0.001000,999,2641.818877,16956.331128,2658.775208,0.000000,,,0,1,,,,,0.022672,SMALL
ga,hfvrp_n050_m10_s02,50,10,0.001000,9999,2169.934130,13428.019666,2183.362150,0.000000,,,0,1,,,,,10.373891,BIG
ga,hfvrp_n050_m10_s02,50,10,0.001000,19345,2504.904615,18619.749036,2523.524364,0.000000,,,0,1,,,,,0.171470,DEFAULT
ga,hfvrp_n050_m10_s02,50,10,0.001000,19345,2592.390649,19689.907850,2612.080556,0.000000,,,0,1,,,,,0.020212,SMALL
ga,hfvrp_n050_m10_s03,50,10,0.001000,1234,2001.192601,14583.811585,2015.776413,0.000000,,,0,1,,,,,10.242975,BIG
ga,hfvrp_n050_m10_s05,50,10,0.001000,999,2190.492458,11406.490977,2201.898949,0.000000,,,0,1,,,,,3.387288,MEDIUM
ga,hfvrp_n050_m10_s03,50,10,0.001000,9999,2182.056430,14827.033700,2196.883464,0.000000,,,0,1,,,,,0.172289,DEFAULT
ga,hfvrp_n050_m10_s04,50,10,0.001000,999,2098.878580,14418.879022,2113.297459,0.000000,,,0,1,,,,,10.285045,BIG
ga,hfvrp_n050_m10_s03,50,10,0.001000,9999,2386.122347,16592.967103,2402.715314,0.000000,,,0,1,,,,,0.021214,SMALL
ga,hfvrp_n050_m10_s04,50,10,0.001000,1234,2185.834221,15472.288727,2201.306510,0.000000,,,0,1,,,,,0.168746,DEFAULT
ga,hfvrp_n050_m10_s04,50,10,0.001000,1234,2374.634435,15991.684012,2390.626119,0.000000,,,0,1,,,,,0.021606,SMALL
ga,hfvrp_n050_m10_s02,50,10,0.001000,19345,2275.585961,15910.676234,2291.496638,0.000000,,,0,1,,,,,3.445358,MEDIUM
ga,hfvrp_n050_m10_s03,50,10,0.001000,9999,2062.271288,14399.021347,2076.670310,0.000000,,,0,1,,,,,3.425551,MEDIUM
ga,hfvrp_n050_m10_s04,50,10,0.001000,1234,2167.248227,11996.184949,2179.244412,0.000000,,,0,1,,,,,3.324562,MEDIUM
ga,hfvrp_n075_m15_s01,75,15,0.001000,50,3443.217521,9873.501579,3453.091023,0.000000,,,0,1,,,,,16.459917,BIG
ga,hfvrp_n075_m15_s01,75,15,0.001000,75,4650.874074,14703.919240,4665.577994,0.000000,,,0,1,,,,,0.266306,DEFAULT
ga,hfvrp_n075_m15_s01,75,15,0.001000,75,5457.778560,17315.492855,5475.094052,0.000000,,,0,1,,,,,0.037269,SMALL
ga,hfvrp_n050_m10_s05,50,10,0.001000,999,2097.940706,11735.292590,2109.675999,0.000000,,,0,1,,,,,10.289661,BIG
ga,hfvrp_n050_m10_s05,50,10,0.001000,1234,2302.099901,15196.672417,2317.296573,0.000000,,,0,1,,,,,0.165845,DEFAULT
ga,hfvrp_n050_m10_s05,50,10,0.001000,1234,2891.313824,15210.450422,2906.524274,0.000000,,,0,1,,,,,0.020523,SMALL
ga,hfvrp_n050_m10_s02,50,10,0.001000,19345,2239.221409,14477.582184,2253.698991,0.000000,,,0,1,,,,,10.436757,BIG
ga,hfvrp_n050_m10_s02,50,10,0.001000,1788158924063269420,2439.499694,18401.055680,2457.900750,0.000000,,,0,1,,,,,0.172811,DEFAULT
ga,hfvrp_n050_m10_s02,50,10,0.001000,1788158928534181894,2607.560052,23215.557004,2630.775609,0.000000,,,0,1,,,,,0.021015,SMALL
ga,hfvrp_n075_m15_s02,75,15,0.001000,1788159822252590170,3924.079243,13796.407851,3937.875651,0.000000,,,0,1,,,,,17.008619,BIG
ga,hfvrp_n075_m15_s01,75,15,0.001000,75,3566.132491,8405.245890,3574.537737,0.000000,,,0,1,,,,,5.497763,MEDIUM
ga,hfvrp_n075_m15_s02,75,15,0.001000,1,4961.014844,23259.479299,4984.274324,0.000000,,,0,1,,,,,0.264091,DEFAULT
ga,hfvrp_n075_m15_s02,75,15,0.001000,1,6175.348824,34116.256857,6209.465081,0.000000,,,0,1,,,,,0.036490,SMALL
ga,hfvrp_n050_m10_s05,50,10,0.001000,1234,2067.913052,11465.518279,2079.378571,0.000000,,,0,1,,,,,3.387007,MEDIUM
ga,hfvrp_n050_m10_s03,50,10,0.001000,9999,2002.646559,13823.335606,2016.469894,0.000000,,,0,1,,,,,10.448276,BIG
ga,hfvrp_n050_m10_s03,50,10,0.001000,19345,2209.188523,14867.006731,2224.055530,0.000000,,,0,1,,,,,0.166114,DEFAULT
ga,hfvrp_n050_m10_s03,50,10,0.001000,19345,2353.628321,13976.975498,2367.605296,0.000000,,,0,1,,,,,0.021041,SMALL
ga,hfvrp_n050_m10_s04,50,10,0.001000,1234,2005.677779,14511.385047,2020.189164,0.000000,,,0,1,,,,,10.489950,BIG
ga,hfvrp_n050_m10_s04,50,10,0.001000,9999,2382.654613,17329.360731,2399.983974,0.000000,,,0,1,,,,,0.178458,DEFAULT
ga,hfvrp_n050_m10_s04,50,10,0.001000,9999,2516.958032,16367.718422,2533.325751,0.000000,,,0,1,,,,,0.025508,SMALL
ga,hfvrp_n050_m10_s02,50,10,0.001000,1788158932858405688,2243.203641,14277.203246,2257.480844,0.000000,,,0,1,,,,,3.460094,MEDIUM
ga,hfvrp_n050_m10_s03,50,10,0.001000,19345,2011.246401,13808.700741,2025.055102,0.000000,,,0,1,,,,,3.404946,MEDIUM
ga,hfvrp_n050_m10_s04,50,10,0.001000,9999,2078.760869,14384.608734,2093.145478,0.000000,,,0,1,,,,,3.399133,MEDIUM
ga,hfvrp_n075_m15_s02,75,15,0.001000,1,3904.770551,14162.357958,3918.932909,0.000000,,,0,1,,,,,5.484608,MEDIUM
ga,hfvrp_n050_m10_s05,50,10,0.001000,1234,2139.268586,12389.572088,2151.658158,0.000000,,,0,1,,,,,10.311389,BIG
ga,hfvrp_n050_m10_s05,50,10,0.001000,9999,2455.085719,16517.338187,2471.603057,0.000000,,,0,1,,,,,0.165266,DEFAULT
ga,hfvrp_n050_m10_s05,50,10,0.001000,9999,2683.673511,17723.094687,2701.396606,0.000000,,,0,1,,,,,0.020988,SMALL
ga,hfvrp_n050_m10_s02,50,10,0.001000,1788159099536301245,2246.493062,13382.489346,2259.875552,0.000000,,,0,1,,,,,10.329462,BIG
ga,hfvrp_n075_m15_s03,75,15,0.001000,1788159127922361993,4681.344962,26183.475991,4707.528438,0.000000,,,0,1,,,,,0.270630,DEFAULT
ga,hfvrp_n075_m15_s03,75,15,0.001000,1788159158261743735,5687.882645,31122.104872,5719.004750,0.000000,,,0,1,,,,,0.039176,SMALL
ga,hfvrp_n050_m10_s05,50,10,0.001000,9999,2160.823953,10979.564969,2171.803518,0.000000,,,0,1,,,,,3.406818,MEDIUM
ga,hfvrp_n050_m10_s03,50,10,0.001000,19345,2001.192601,14583.811585,2015.776413,0.000000,,,0,1,,,,,10.715522,BIG
ga,hfvrp_n050_m10_s04,50,10,0.001000,9999,2013.536320,14332.565250,2027.868885,0.000000,,,0,1,,,,,10.293122,BIG
ga,hfvrp_n050_m10_s03,50,10,0.001000,1788159241477342176,2222.409332,15623.273129,2238.032606,0.000000,,,0,1,,,,,0.163862,DEFAULT
ga,hfvrp_n050_m10_s03,50,10,0.001000,1788159211580333558,2460.577343,18709.835057,2479.287178,0.000000,,,0,1,,,,,0.019909,SMALL
ga,hfvrp_n050_m10_s04,50,10,0.001000,19345,2397.810843,17218.647311,2415.029491,0.000000,,,0,1,,,,,0.166674,DEFAULT
ga,hfvrp_n050_m10_s04,50,10,0.001000,19345,2525.274244,17251.287182,2542.525532,0.000000,,,0,1,,,,,0.022514,SMALL
ga,hfvrp_n075_m15_s01,75,15,0.001000,75,3428.117426,10167.138450,3438.284565,0.000000,,,0,1,,,,,16.828412,BIG
ga,hfvrp_n075_m15_s01,75,15,0.001000,100,4261.203545,9699.781749,4270.903327,0.000000,,,0,1,,,,,0.273634,DEFAULT
ga,hfvrp_n075_m15_s01,75,15,0.001000,100,4161.056934,10572.583644,4171.629518,0.000000,,,0,1,,,,,0.042414,SMALL
ga,hfvrp_n050_m10_s03,50,10,0.001000,1788159215898801380,1913.096680,10311.650576,1923.408331,0.000000,,,0,1,,,,,3.357980,MEDIUM
ga,hfvrp_n050_m10_s04,50,10,0.001000,19345,2055.749321,14900.834100,2070.650155,0.000000,,,0,1,,,,,3.342483,MEDIUM
ga,hfvrp_n075_m15_s03,75,15,0.001000,1788159154009825569,3917.101650,21104.610138,3938.206260,0.000000,,,0,1,,,,,5.426057,MEDIUM
ga,hfvrp_n075_m15_s02,75,15,0.001000,1,3894.340044,13899.602100,3908.239646,0.000000,,,0,1,,,,,16.747583,BIG
ga,hfvrp_n075_m15_s01,75,15,0.001000,100,3441.369323,9986.954723,3451.356278,0.000000,,,0,1,,,,,5.331474,MEDIUM
ga,hfvrp_n075_m15_s02,75,15,0.001000,10,5144.380612,32187.075997,5176.567688,0.000000,,,0,1,,,,,0.258586,DEFAULT
ga,hfvrp_n075_m15_s02,75,15,0.001000,10,5717.330215,32451.082587,5749.781297,0.000000,,,0,1,,,,,0.034499,SMALL
ga,hfvrp_n050_m10_s05,50,10,0.001000,9999,2190.492458,11406.490977,2201.898949,0.000000,,,0,1,,,,,10.349629,BIG
ga,hfvrp_n050_m10_s05,50,10,0.001000,19345,2428.770292,14528.995301,2443.299288,0.000000,,,0,1,,,,,0.166164,DEFAULT
ga,hfvrp_n050_m10_s05,50,10,0.001000,19345,2704.770861,15397.992603,2720.168854,0.000000,,,0,1,,,,,0.021151,SMALL
ga,hfvrp_n050_m10_s05,50,10,0.001000,19345,2139.268586,12389.572088,2151.658158,0.000000,,,0,1,,,,,3.343127,MEDIUM
ga,hfvrp_n050_m10_s03,50,10,0.001000,1788159300865028286,2010.209143,14644.202329,2024.853345,0.000000,,,0,1,,,,,10.234623,BIG
ga,hfvrp_n050_m10_s04,50,10,0.001000,19345,2008.296324,13977.556095,2022.273880,0.000000,,,0,1,,,,,10.173765,BIG
ga,hfvrp_n075_m15_s02,75,15,0.001000,10,3896.103021,14587.657265,3910.690678,0.000000,,,0,1,,,,,5.478926,MEDIUM
ga,hfvrp_n050_m10_s04,50,10,0.001000,1788164925078837134,2277.103624,15141.156404,2292.244780,0.000000,,,0,1,,,,,0.166382,DEFAULT
ga,hfvrp_n050_m10_s04,50,10,0.001000,1788164920954077138,2570.930526,19597.192062,2590.527718,0.000000,,,0,1,,,,,0.019262,SMALL
ga,hfvrp_n075_m15_s04,75,15,0.001000,1788164912774326355,5116.317243,27616.163375,5143.933406,0.000000,,,0,1,,,,,0.267880,DEFAULT
ga,hfvrp_n075_m15_s04,75,15,0.001000,1788164908751148043,6095.600666,23688.049640,6119.288716,0.000000,,,0,1,,,,,0.034799,SMALL
ga,hfvrp_n050_m10_s04,50,10,0.001000,1788164916682207675,1966.771734,14567.602141,1981.339336,0.000000,,,0,1,,,,,3.377862,MEDIUM
ga,hfvrp_n075_m15_s03,75,15,0.001000,1788159309769088725,3880.340217,19759.461799,3900.099678,0.000000,,,0,1,,,,,16.585612,BIG
ga,hfvrp_n075_m15_s04,75,15,0.001000,1788164904494649365,4516.301785,16287.140776,4532.588926,0.000000,,,0,1,,,,,5.450319,MEDIUM
ga,hfvrp_n075_m15_s03,75,15,0.001000,1,5230.138127,23918.877054,5254.057004,0.000000,,,0,1,,,,,0.268706,DEFAULT
ga,hfvrp_n075_m15_s03,75,15,0.001000,1,5837.225093,34449.030741,5871.674123,0.000000,,,0,1,,,,,0.037939,SMALL
ga,hfvrp_n050_m10_s05,50,10,0.001000,19345,2152.136172,11447.730641,2163.583903,0.000000,,,0,1,,,,,10.228419,BIG
ga,hfvrp_n075_m15_s01,75,15,0.001000,100,3495.326013,9725.234650,3505.051248,0.000000,,,0,1,,,,,16.679432,BIG
ga,hfvrp_n050_m10_s05,50,10,0.001000,1788164956166151554,2239.941267,12406.211779,2252.347479,0.000000,,,0,1,,,,,0.170197,DEFAULT
ga,hfvrp_n050_m10_s05,50,10,0.001000,1788165106668708747,2931.167130,20811.250273,2951.978381,0.000000,,,0,1,,,,,0.025065,SMALL
ga,hfvrp_n075_m15_s01,75,15,0.001000,200,4033.337460,8010.099963,4041.347560,0.000000,,,0,1,,,,,0.278623,DEFAULT
ga,hfvrp_n075_m15_s01,75,15,0.001000,200,5122.054925,16817.646933,5138.872572,0.000000,,,0,1,,,,,0.036484,SMALL
ga,hfvrp_n075_m15_s03,75,15,0.001000,1,4217.971575,23899.705935,4241.871281,0.000000,,,0,1,,,,,5.333386,MEDIUM
ga,hfvrp_n050_m10_s05,50,10,0.001000,1788165119586311154,2090.269471,11429.432538,2101.698903,0.000000,,,0,1,,,,,3.400747,MEDIUM
ga,hfvrp_n050_m10_s04,50,10,0.001000,1788165031733419086,1993.712825,15093.729684,2008.806555,0.000000,,,0,1,,,,,10.176921,BIG
ga,hfvrp_n075_m15_s05,75,15,0.001000,1788165068716388074,5434.670568,14993.365700,5449.663934,0.000000,,,0,1,,,,,0.266850,DEFAULT
ga,hfvrp_n075_m15_s05,75,15,0.001000,1788165056102284096,6242.560709,25989.415545,6268.550125,0.000000,,,0,1,,,,,0.032584,SMALL
ga,hfvrp_n075_m15_s02,75,15,0.001000,10,3865.334933,14132.000732,3879.466934,0.000000,,,0,1,,,,,16.440821,BIG
ga,hfvrp_n075_m15_s01,75,15,0.001000,200,3483.308778,9932.349894,3493.241128,0.000000,,,0,1,,,,,5.378270,MEDIUM
ga,hfvrp_n075_m15_s02,75,15,0.001000,50,4805.699068,26288.576801,4831.987645,0.000000,,,0,1,,,,,0.263947,DEFAULT
ga,hfvrp_n075_m15_s02,75,15,0.001000,50,5926.612210,34690.196764,5961.302407,0.000000,,,0,1,,,,,0.034108,SMALL
ga,hfvrp_n075_m15_s05,75,15,0.001000,1788165060433652448,4092.193396,16217.576780,4108.410972,0.000000,,,0,1,,,,,5.472392,MEDIUM
ga,hfvrp_n075_m15_s02,75,15,0.001000,50,3813.036527,14444.571293,3827.481098,0.000000,,,0,1,,,,,5.450180,MEDIUM
ga,hfvrp_n075_m15_s04,75,15,0.001000,1788164918542734001,4014.836911,20968.608757,4035.805520,0.000000,,,0,1,,,,,16.613187,BIG
ga,hfvrp_n050_m10_s05,50,10,0.001000,1788165127286076180,2066.214210,11940.502715,2078.154713,0.000000,,,0,1,,,,,10.172232,BIG
ga,hfvrp_n075_m15_s04,75,15,0.001000,1,5342.325499,26493.034715,5368.818534,0.000000,,,0,1,,,,,0.267489,DEFAULT
ga,hfvrp_n075_m15_s04,75,15,0.001000,1,6832.858833,34270.522206,6867.129355,0.000000,,,0,1,,,,,0.039371,SMALL
ga,hfvrp_n100_m20_s01,100,20,0.001000,1788165186538152343,7431.415851,36745.368695,7468.161220,0.000000,,,0,1,,,,,0.360470,DEFAULT
ga,hfvrp_n100_m20_s01,100,20,0.001000,1788165182607751169,10121.538678,64557.825496,10186.096503,0.000000,,,0,1,,,,,0.043671,SMALL
ga,hfvrp_n075_m15_s03,75,15,0.001000,1,3926.101904,18794.331790,3944.896236,0.000000,,,0,1,,,,,16.438312,BIG
ga,hfvrp_n075_m15_s04,75,15,0.001000,1,4445.047024,27437.031799,4472.484056,0.000000,,,0,1,,,,,5.408939,MEDIUM
ga,hfvrp_n075_m15_s03,75,15,0.001000,10,4736.138459,21565.415644,4757.703875,0.000000,,,0,1,,,,,0.270429,DEFAULT
ga,hfvrp_n075_m15_s03,75,15,0.001000,10,6286.204442,27958.931707,6314.163374,0.000000,,,0,1,,,,,0.036053,SMALL
ga,hfvrp_n100_m20_s01,100,20,0.001000,1788165229900027996,6415.945980,27913.177954,6443.859158,0.000000,,,0,1,,,,,7.624400,MEDIUM
ga,hfvrp_n075_m15_s01,75,15,0.001000,200,3361.252222,10468.245163,3371.720467,0.000000,,,0,1,,,,,16.801055,BIG
ga,hfvrp_n075_m15_s01,75,15,0.001000,999,4434.824343,16685.844998,4451.510188,0.000000,,,0,1,,,,,0.262247,DEFAULT
ga,hfvrp_n075_m15_s01,75,15,0.001000,999,5547.782201,19480.426748,5567.262627,0.000000,,,0,1,,,,,0.035771,SMALL
ga,hfvrp_n075_m15_s03,75,15,0.001000,10,4508.732259,20469.780058,4529.202039,0.000000,,,0,1,,,,,5.432536,MEDIUM
ga,hfvrp_n075_m15_s05,75,15,0.001000,1788165259188531378,4152.847057,13736.281618,4166.583338,0.000000,,,0,1,,,,,16.887626,BIG
ga,hfvrp_n075_m15_s05,75,15,0.001000,1,5174.033754,18319.313605,5192.353067,0.000000,,,0,1,,,,,0.263682,DEFAULT
ga,hfvrp_n075_m15_s05,75,15,0.001000,1,5932.736680,26681.259101,5959.417940,0.000000,,,0,1,,,,,0.032682,SMALL
ga,hfvrp_n075_m15_s02,75,15,0.001000,50,3729.742426,15314.125040,3745.056551,0.000000,,,0,1,,,,,16.537565,BIG
ga,hfvrp_n075_m15_s01,75,15,0.001000,999,3440.791682,10110.933575,3450.902616,0.000000,,,0,1,,,,,5.398688,MEDIUM
ga,hfvrp_n075_m15_s02,75,15,0.001000,75,5348.467560,29225.692017,5377.693252,0.000000,,,0,1,,,,,0.268990,DEFAULT
ga,hfvrp_n075_m15_s02,75,15,0.001000,75,6274.219413,30564.256376,6304.783669,0.000000,,,0,1,,,,,0.039202,SMALL
ga,hfvrp_n075_m15_s05,75,15,0.001000,1,4213.436149,16084.449305,4229.520599,0.000000,,,0,1,,,,,5.583935,MEDIUM
ga,hfvrp_n075_m15_s02,75,15,0.001000,75,3895.894587,14198.658418,3910.093246,0.000000,,,0,1,,,,,5.429662,MEDIUM
ga,hfvrp_n075_m15_s04,75,15,0.001000,1,4694.476444,22465.359319,4716.941804,0.000000,,,0,1,,,,,16.805472,BIG
ga,hfvrp_n075_m15_s04,75,15,0.001000,10,4691.462299,20031.420840,4711.493720,0.000000,,,0,1,,,,,0.273711,DEFAULT
ga,hfvrp_n075_m15_s04,75,15,0.001000,10,6367.947638,38564.701273,6406.512339,0.000000,,,0,1,,,,,0.034598,SMALL
ga,hfvrp_n075_m15_s03,75,15,0.001000,10,3962.593033,19780.637461,3982.373671,0.000000,,,0,1,,,,,16.514587,BIG
ga,hfvrp_n075_m15_s04,75,15,0.001000,10,4128.966145,16546.996134,4145.513141,0.000000,,,0,1,,,,,5.469610,MEDIUM
ga,hfvrp_n075_m15_s03,75,15,0.001000,50,5130.664288,25903.908901,5156.568197,0.000000,,,0,1,,,,,0.264283,DEFAULT
ga,hfvrp_n075_m15_s03,75,15,0.001000,50,6087.451630,37926.062954,6125.377693,0.000000,,,0,1,,,,,0.032928,SMALL
ga,hfvrp_n100_m20_s01,100,20,0.001000,1788165405032685294,5945.699775,20842.759122,5966.542534,0.000000,,,0,1,,,,,22.650824,BIG
ga,hfvrp_n075_m15_s01,75,15,0.001000,999,3445.139869,11795.513186,3456.935382,0.000000,,,0,1,,,,,16.735585,BIG
ga,hfvrp_n100_m20_s01,100,20,0.001000,1,8166.702638,41212.290653,8207.914929,0.000000,,,0,1,,,,,0.373358,DEFAULT
ga,hfvrp_n100_m20_s01,100,20,0.001000,1,9251.349888,44024.814537,9295.374703,0.000000,,,0,1,,,,,0.052866,SMALL
ga,hfvrp_n075_m15_s01,75,15,0.001000,1234,4600.495951,13678.254701,4614.174205,0.000000,,,0,1,,,,,0.264157,DEFAULT
ga,hfvrp_n075_m15_s01,75,15,0.001000,1234,5088.891245,16969.820666,5105.861065,0.000000,,,0,1,,,,,0.037150,SMALL
ga,hfvrp_n075_m15_s03,75,15,0.001000,50,3931.869829,18206.551180,3950.076380,0.000000,,,0,1,,,,,5.408515,MEDIUM
ga,hfvrp_n075_m15_s05,75,15,0.001000,1,4112.225915,12792.427738,4125.018343,0.000000,,,0,1,,,,,16.695572,BIG
ga,hfvrp_n075_m15_s05,75,15,0.001000,10,4771.997651,21455.362701,4793.453014,0.000000,,,0,1,,,,,0.276264,DEFAULT
ga,hfvrp_n075_m15_s05,75,15,0.001000,10,6435.342766,29269.274998,6464.612041,0.000000,,,0,1,,,,,0.037260,SMALL
ga,hfvrp_n075_m15_s02,75,15,0.001000,75,4255.305030,13142.110297,4268.447140,0.000000,,,0,1,,,,,16.757721,BIG
ga,hfvrp_n075_m15_s01,75,15,0.001000,1234,3527.189928,10030.185345,3537.220113,0.000000,,,0,1,,,,,5.594367,MEDIUM
ga,hfvrp_n075_m15_s02,75,15,0.001000,100,5150.411848,24875.394314,5175.287242,0.000000,,,0,1,,,,,0.265922,DEFAULT
ga,hfvrp_n075_m15_s02,75,15,0.001000,100,5795.723182,30977.429777,5826.700611,0.000000,,,0,1,,,,,0.034029,SMALL
ga,hfvrp_n100_m20_s01,100,20,0.001000,1,6254.699397,27750.024933,6282.449422,0.000000,,,0,1,,,,,7.675359,MEDIUM
ga,hfvrp_n075_m15_s05,75,15,0.001000,10,4283.817233,13101.957549,4296.919190,0.000000,,,0,1,,,,,5.447515,MEDIUM
ga,hfvrp_n075_m15_s02,75,15,0.001000,100,3826.138704,15306.005989,3841.444710,0.000000,,,0,1,,,,,5.404830,MEDIUM
ga,hfvrp_n075_m15_s04,75,15,0.001000,10,4059.120171,22407.160500,4081.527332,0.000000,,,0,1,,,,,16.840709,BIG
ga,hfvrp_n075_m15_s04,75,15,0.001000,50,5328.153521,23114.996237,5351.268517,0.000000,,,0,1,,,,,0.274876,DEFAULT
ga,hfvrp_n075_m15_s04,75,15,0.001000,50,5914.070641,25682.860166,5939.753501,0.000000,,,0,1,,,,,0.036157,SMALL
ga,hfvrp_n075_m15_s03,75,15,0.001000,50,4056.471644,19805.938956,4076.277583,0.000000,,,0,1,,,,,16.658252,BIG
ga,hfvrp_n075_m15_s03,75,15,0.001000,75,4539.679318,21708.634434,4561.387953,0.000000,,,0,1,,,,,0.269161,DEFAULT
ga,hfvrp_n075_m15_s03,75,15,0.001000,75,5998.432091,37169.427073,6035.601518,0.000000,,,0,1,,,,,0.033448,SMALL
ga,hfvrp_n075_m15_s04,75,15,0.001000,50,4138.554840,17265.569924,4155.820410,0.000000,,,0,1,,,,,5.513441,MEDIUM
ga,hfvrp_n075_m15_s01,75,15,0.001000,1234,3528.428893,9572.191088,3538.001084,0.000000,,,0,1,,,,,16.770151,BIG
ga,hfvrp_n075_m15_s01,75,15,0.001000,9999,4923.689126,17692.940012,4941.382066,0.000000,,,0,1,,,,,0.261654,DEFAULT
ga,hfvrp_n075_m15_s01,75,15,0.001000,9999,6122.259766,22954.551251,6145.214317,0.000000,,,0,1,,,,,0.032905,SMALL
ga,hfvrp_n075_m15_s03,75,15,0.001000,75,4031.133682,18084.590263,4049.218272,0.000000,,,0,1,,,,,5.454753,MEDIUM
ga,hfvrp_n075_m15_s05,75,15,0.001000,10,4039.413250,13528.221328,4052.941471,0.000000,,,0,1,,,,,17.048363,BIG
ga,hfvrp_n075_m15_s05,75,15,0.001000,50,5340.121749,23495.276098,5363.617025,0.000000,,,0,1,,,,,0.263107,DEFAULT
ga,hfvrp_n075_m15_s05,75,15,0.001000,50,6586.490828,32681.402293,6619.172230,0.000000,,,0,1,,,,,0.031727,SMALL
ga,hfvrp_n075_m15_s02,75,15,0.001000,100,3888.672550,13361.681371,3902.034231,0.000000,,,0,1,,,,,16.584299,BIG
ga,hfvrp_n075_m15_s01,75,15,0.001000,9999,3482.569387,8058.628965,3490.628016,0.000000,,,0,1,,,,,5.640324,MEDIUM
ga,hfvrp_n075_m15_s02,75,15,0.001000,200,4548.762309,16431.060409,4565.193369,0.000000,,,0,1,,,,,0.273544,DEFAULT
ga,hfvrp_n075_m15_s02,75,15,0.001000,200,6146.696049,39353.656721,6186.049705,0.000000,,,0,1,,,,,0.036471,SMALL
ga,hfvrp_n100_m20_s01,100,20,0.001000,1,5971.486248,23456.793727,5994.943041,0.000000,,,0,1,,,,,23.165174,BIG
ga,hfvrp_n100_m20_s01,100,20,0.001000,10,7719.144046,33195.514007,7752.339560,0.000000,,,0,1,,,,,0.365847,DEFAULT
ga,hfvrp_n100_m20_s01,100,20,0.001000,10,8433.957659,50374.308210,8484.331967,0.000000,,,0,1,,,,,0.055783,SMALL
ga,hfvrp_n075_m15_s05,75,15,0.001000,50,4385.218551,13861.339270,4399.079890,0.000000,,,0,1,,,,,5.481195,MEDIUM
ga,hfvrp_n075_m15_s02,75,15,0.001000,200,4000.210580,16260.933685,4016.471513,0.000000,,,0,1,,,,,5.388076,MEDIUM
ga,hfvrp_n075_m15_s04,75,15,0.001000,50,4202.321236,19759.316424,4222.080552,0.000000,,,0,1,,,,,16.767571,BIG
ga,hfvrp_n075_m15_s04,75,15,0.001000,75,5167.891188,23326.813352,5191.218002,0.000000,,,0,1,,,,,0.284453,DEFAULT
ga,hfvrp_n075_m15_s04,75,15,0.001000,75,6032.374160,22152.628577,6054.526788,0.000000,,,0,1,,,,,0.035614,SMALL
ga,hfvrp_n100_m20_s01,100,20,0.001000,10,5960.857025,26307.396470,5987.164421,0.000000,,,0,1,,,,,7.445410,MEDIUM
ga,hfvrp_n075_m15_s03,75,15,0.001000,75,3931.344173,18090.559601,3949.434732,0.000000,,,0,1,,,,,16.562688,BIG
ga,hfvrp_n075_m15_s03,75,15,0.001000,100,4763.221686,29023.024179,4792.244710,0.000000,,,0,1,,,,,0.256865,DEFAULT
ga,hfvrp_n075_m15_s03,75,15,0.001000,100,6104.430426,41984.340190,6146.414766,0.000000,,,0,1,,,,,0.033667,SMALL
ga,hfvrp_n075_m15_s04,75,15,0.001000,75,4072.250568,20217.532821,4092.468101,0.000000,,,0,1,,,,,5.500256,MEDIUM
ga,hfvrp_n075_m15_s01,75,15,0.001000,9999,3457.583335,10695.533868,3468.278868,0.000000,,,0,1,,,,,16.456731,BIG
ga,hfvrp_n075_m15_s03,75,15,0.001000,100,4072.370126,20320.217773,4092.690344,0.000000,,,0,1,,,,,5.505457,MEDIUM
ga,hfvrp_n075_m15_s01,75,15,0.001000,19345,4849.617735,14118.106248,4863.735841,0.000000,,,0,1,,,,,0.265076,DEFAULT
ga,hfvrp_n075_m15_s01,75,15,0.001000,19345,5591.999775,21113.024397,5613.112799,0.000000,,,0,1,,,,,0.032961,SMALL
ga,hfvrp_n075_m15_s05,75,15,0.001000,50,3941.818041,19711.421869,3961.529463,0.000000,,,0,1,,,,,16.672451,BIG
ga,hfvrp_n075_m15_s05,75,15,0.001000,75,4701.337192,16591.638151,4717.928831,0.000000,,,0,1,,,,,0.282755,DEFAULT
ga,hfvrp_n075_m15_s05,75,15,0.001000,75,6147.375339,24606.542109,6171.981881,0.000000,,,0,1,,,,,0.038368,SMALL
ga,hfvrp_n075_m15_s02,75,15,0.001000,200,4055.241627,15473.676909,4070.715304,0.000000,,,0,1,,,,,16.687616,BIG
ga,hfvrp_n075_m15_s02,75,15,0.001000,999,5122.794718,26917.681251,5149.712399,0.000000,,,0,1,,,,,0.271864,DEFAULT
ga,hfvrp_n075_m15_s01,75,15,0.001000,19345,3465.525173,11492.323368,3477.017497,0.000000,,,0,1,,,,,5.599709,MEDIUM
ga,hfvrp_n075_m15_s02,75,15,0.001000,999,5886.699809,35115.906398,5921.815716,0.000000,,,0,1,,,,,0.032342,SMALL
ga,hfvrp_n075_m15_s05,75,15,0.001000,75,4370.613678,16339.946753,4386.953625,0.000000,,,0,1,,,,,5.485622,MEDIUM
ga,hfvrp_n075_m15_s02,75,15,0.001000,999,3768.494839,14370.242679,3782.865082,0.000000,,,0,1,,,,,5.496600,MEDIUM
ga,hfvrp_n075_m15_s04,75,15,0.001000,75,4263.443066,16970.274270,4280.413340,0.000000,,,0,1,,,,,16.880218,BIG
ga,hfvrp_n075_m15_s04,75,15,0.001000,100,5260.271781,25536.071439,5285.807852,0.000000,,,0,1,,,,,0.276253,DEFAULT
ga,hfvrp_n075_m15_s04,75,15,0.001000,100,5422.619074,23487.336010,5446.106410,0.000000,,,0,1,,,,,0.038256,SMALL
ga,hfvrp_n100_m20_s01,100,20,0.001000,10,6414.289296,24045.377096,6438.334674,0.000000,,,0,1,,,,,22.900437,BIG
ga,hfvrp_n075_m15_s03,75,15,0.001000,100,4061.644294,21056.412325,4082.700706,0.000000,,,0,1,,,,,16.899232,BIG
ga,hfvrp_n075_m15_s03,75,15,0.001000,200,5049.873432,24333.395685,5074.206828,0.000000,,,0,1,,,,,0.269945,DEFAULT
ga,hfvrp_n075_m15_s03,75,15,0.001000,200,5948.580486,26833.417035,5975.413903,0.000000,,,0,1,,,,,0.039608,SMALL
ga,hfvrp_n100_m20_s01,100,20,0.001000,50,7255.398442,31551.588016,7286.950030,0.000000,,,0,1,,,,,0.376798,DEFAULT
ga,hfvrp_n100_m20_s01,100,20,0.001000,50,10308.657807,49615.665608,10358.273473,0.000000,,,0,1,,,,,0.047769,SMALL
ga,hfvrp_n075_m15_s04,75,15,0.001000,100,4094.495081,19215.548345,4113.710629,0.000000,,,0,1,,,,,5.470167,MEDIUM
ga,hfvrp_n075_m15_s01,75,15,0.001000,19345,3512.384533,10379.927943,3522.764461,0.000000,,,0,1,,,,,16.710971,BIG
ga,hfvrp_n075_m15_s03,75,15,0.001000,200,3921.632844,16987.364270,3938.620208,0.000000,,,0,1,,,,,5.415044,MEDIUM
ga,hfvrp_n075_m15_s01,75,15,0.001000,1788166213694363973,3750.528421,12383.933629,3762.912354,0.000000,,,0,1,,,,,0.279928,DEFAULT
ga,hfvrp_n075_m15_s01,75,15,0.001000,1788166055064547139,5286.967536,18685.205148,5305.652741,0.000000,,,0,1,,,,,0.034266,SMALL
ga,hfvrp_n100_m20_s01,100,20,0.001000,50,5735.483087,24461.671187,5759.944758,0.000000,,,0,1,,,,,7.493754,MEDIUM
ga,hfvrp_n075_m15_s05,75,15,0.001000,75,4047.018950,12822.662082,4059.841612,0.000000,,,0,1,,,,,16.726776,BIG
ga,hfvrp_n075_m15_s05,75,15,0.001000,100,5268.524712,16441.050977,5284.965763,0.000000,,,0,1,,,,,0.271149,DEFAULT
ga,hfvrp_n075_m15_s05,75,15,0.001000,100,6348.719576,19835.110169,6368.554686,0.000000,,,0,1,,,,,0.037419,SMALL
ga,hfvrp_n075_m15_s02,75,15,0.001000,999,3834.491218,13693.745513,3848.184963,0.000000,,,0,1,,,,,16.914570,BIG
ga,hfvrp_n075_m15_s01,75,15,0.001000,1788166050807795372,3480.816896,10478.085296,3491.294982,0.000000,,,0,1,,,,,5.344282,MEDIUM
ga,hfvrp_n075_m15_s02,75,15,0.001000,1234,5307.635665,28553.954515,5336.189620,0.000000,,,0,1,,,,,0.272740,DEFAULT
ga,hfvrp_n075_m15_s02,75,15,0.001000,1234,5570.775281,31124.663689,5601.899945,0.000000,,,0,1,,,,,0.038649,SMALL
ga,hfvrp_n075_m15_s05,75,15,0.001000,100,4093.255358,13895.041486,4107.150400,0.000000,,,0,1,,,,,5.427931,MEDIUM
ga,hfvrp_n075_m15_s02,75,15,0.001000,1234,3851.543926,15187.737468,3866.731663,0.000000,,,0,1,,,,,5.477824,MEDIUM
ga,hfvrp_n075_m15_s04,75,15,0.001000,100,4078.951307,20183.095092,4099.134402,0.000000,,,0,1,,,,,16.981072,BIG
ga,hfvrp_n075_m15_s04,75,15,0.001000,200,5518.724956,30591.993430,5549.316949,0.000000,,,0,1,,,,,0.267502,DEFAULT
ga,hfvrp_n075_m15_s04,75,15,0.001000,200,6404.787624,31462.071345,6436.249695,0.000000,,,0,1,,,,,0.033279,SMALL
ga,hfvrp_n075_m15_s03,75,15,0.001000,200,4028.433474,19522.034979,4047.955509,0.000000,,,0,1,,,,,16.485919,BIG
ga,hfvrp_n075_m15_s03,75,15,0.001000,999,5433.199955,29913.688656,5463.113644,0.000000,,,0,1,,,,,0.263697,DEFAULT
ga,hfvrp_n075_m15_s03,75,15,0.001000,999,6758.400863,42029.396505,6800.430259,0.000000,,,0,1,,,,,0.033155,SMALL
ga,hfvrp_n075_m15_s04,75,15,0.001000,200,4123.348797,16957.293770,4140.306091,0.000000,,,0,1,,,,,5.527324,MEDIUM
ga,hfvrp_n075_m15_s01,75,15,0.001000,1788166004618342220,3506.426250,10736.237823,3517.162488,0.000000,,,0,1,,,,,16.163886,BIG
ga,hfvrp_n075_m15_s03,75,15,0.001000,999,4564.857668,19227.392263,4584.085060,0.000000,,,0,1,,,,,5.394484,MEDIUM
ga,hfvrp_n100_m20_s02,100,20,0.001000,1788166417762347188,6706.062608,31386.875967,6737.449484,0.000000,,,0,1,,,,,0.369529,DEFAULT
ga,hfvrp_n100_m20_s02,100,20,0.001000,1788166413841113824,8944.312156,56594.088962,9000.906245,0.000000,,,0,1,,,,,0.054708,SMALL
ga,hfvrp_n100_m20_s01,100,20,0.001000,50,6187.804696,27122.835001,6214.927531,0.000000,,,0,1,,,,,23.010872,BIG
ga,hfvrp_n075_m15_s05,75,15,0.001000,100,4200.985332,14623.515304,4215.608848,0.000000,,,0,1,,,,,16.779251,BIG
ga,hfvrp_n100_m20_s01,100,20,0.001000,75,8406.700063,34098.738185,8440.798801,0.000000,,,0,1,,,,,0.381612,DEFAULT
ga,hfvrp_n100_m20_s01,100,20,0.001000,75,8734.306967,42103.124068,8776.410091,0.000000,,,0,1,,,,,0.055377,SMALL
ga,hfvrp_n075_m15_s05,75,15,0.001000,200,5077.381665,16821.986925,5094.203652,0.000000,,,0,1,,,,,0.283063,DEFAULT
ga,hfvrp_n075_m15_s05,75,15,0.001000,200,5941.446648,22034.918779,5963.481567,0.000000,,,0,1,,,,,0.039039,SMALL
ga,hfvrp_n075_m15_s02,75,15,0.001000,1234,3979.703813,14843.425458,3994.547238,0.000000,,,0,1,,,,,16.872672,BIG
ga,hfvrp_n075_m15_s02,75,15,0.001000,9999,5290.969958,31118.509578,5322.088467,0.000000,,,0,1,,,,,0.263005,DEFAULT
ga,hfvrp_n075_m15_s02,75,15,0.001000,9999,5539.525602,28482.257074,5568.007859,0.000000,,,0,1,,,,,0.036955,SMALL
ga,hfvrp_n100_m20_s02,100,20,0.001000,1788166409604926443,5817.130583,33145.123628,5850.275707,0.000000,,,0,1,,,,,7.654809,MEDIUM
ga,hfvrp_n075_m15_s05,75,15,0.001000,200,4006.113216,13253.625000,4019.366841,0.000000,,,0,1,,,,,5.568842,MEDIUM
ga,hfvrp_n075_m15_s02,75,15,0.001000,9999,3895.321720,16519.861569,3911.841581,0.000000,,,0,1,,,,,5.361575,MEDIUM
ga,hfvrp_n100_m20_s01,100,20,0.001000,75,6112.615190,26988.413677,6139.603603,0.000000,,,0,1,,,,,7.480107,MEDIUM
ga,hfvrp_n075_m15_s04,75,15,0.001000,200,4137.965082,23818.539048,4161.783622,0.000000,,,0,1,,,,,17.023378,BIG
ga,hfvrp_n075_m15_s04,75,15,0.001000,999,5200.151550,25706.840914,5225.858391,0.000000,,,0,1,,,,,0.272084,DEFAULT
ga,hfvrp_n075_m15_s04,75,15,0.001000,999,6819.576749,34691.302482,6854.268051,0.000000,,,0,1,,,,,0.036611,SMALL
ga,hfvrp_n075_m15_s03,75,15,0.001000,999,4094.204835,18255.064826,4112.459900,0.000000,,,0,1,,,,,16.474218,BIG
ga,hfvrp_n075_m15_s03,75,15,0.001000,1234,5094.097960,24054.539873,5118.152500,0.000000,,,0,1,,,,,0.263577,DEFAULT
ga,hfvrp_n075_m15_s03,75,15,0.001000,1234,6181.845355,31979.478137,6213.824833,0.000000,,,0,1,,,,,0.035709,SMALL
ga,hfvrp_n075_m15_s04,75,15,0.001000,999,4527.739778,25419.061947,4553.158840,0.000000,,,0,1,,,,,5.370502,MEDIUM
ga,hfvrp_n075_m15_s03,75,15,0.001000,1234,4163.806958,17962.157012,4181.769115,0.000000,,,0,1,,,,,5.416503,MEDIUM
ga,hfvrp_n075_m15_s05,75,15,0.001000,200,4080.648386,13119.443297,4093.767830,0.000000,,,0,1,,,,,16.646678,BIG
ga,hfvrp_n075_m15_s05,75,15,0.001000,999,5366.732427,18124.913434,5384.857341,0.000000,,,0,1,,,,,0.266215,DEFAULT
ga,hfvrp_n075_m15_s05,75,15,0.001000,999,5923.482162,27699.545955,5951.181708,0.000000,,,0,1,,,,,0.038646,SMALL
ga,hfvrp_n075_m15_s02,75,15,0.001000,9999,3816.137333,17257.138177,3833.394471,0.000000,,,0,1,,,,,16.623266,BIG
ga,hfvrp_n075_m15_s02,75,15,0.001000,19345,4872.344696,25310.564177,4897.655260,0.000000,,,0,1,,,,,0.261949,DEFAULT
ga,hfvrp_n075_m15_s02,75,15,0.001000,19345,6218.096357,34466.404775,6252.562762,0.000000,,,0,1,,,,,0.036569,SMALL
ga,hfvrp_n100_m20_s02,100,20,0.001000,1788166400084447888,5644.357575,32180.381120,5676.537956,0.000000,,,0,1,,,,,23.177625,BIG
ga,hfvrp_n075_m15_s05,75,15,0.001000,999,4260.041822,16943.638961,4276.985461,0.000000,,,0,1,,,,,5.472503,MEDIUM
ga,hfvrp_n100_m20_s02,100,20,0.001000,1,7835.094298,37106.959032,7872.201257,0.000000,,,0,1,,,,,0.369160,DEFAULT
ga,hfvrp_n100_m20_s02,100,20,0.001000,1,8275.676725,52520.845349,8328.197571,0.000000,,,0,1,,,,,0.053913,SMALL
ga,hfvrp_n100_m20_s01,100,20,0.001000,75,5768.141924,24348.928056,5792.490852,0.000000,,,0,1,,,,,23.139963,BIG
ga,hfvrp_n075_m15_s02,75,15,0.001000,19345,3839.426445,13785.726090,3853.212172,0.000000,,,0,1,,,,,5.381067,MEDIUM
ga,hfvrp_n075_m15_s04,75,15,0.001000,999,4109.188275,20961.759915,4130.150034,0.000000,,,0,1,,,,,16.609787,BIG
ga,hfvrp_n100_m20_s01,100,20,0.001000,100,7651.520028,42353.941094,7693.873969,0.000000,,,0,1,,,,,0.374817,DEFAULT
ga,hfvrp_n100_m20_s01,100,20,0.001000,100,7983.742561,37682.297815,8021.424858,0.000000,,,0,1,,,,,0.057851,SMALL
ga,hfvrp_n075_m15_s04,75,15,0.001000,1234,5408.087699,24809.193594,5432.896892,0.000000,,,0,1,,,,,0.265960,DEFAULT
ga,hfvrp_n075_m15_s04,75,15,0.001000,1234,6161.498274,27736.836665,6189.235111,0.000000,,,0,1,,,,,0.037753,SMALL
ga,hfvrp_n075_m15_s03,75,15,0.001000,1234,3985.722108,17332.724261,4003.054832,0.000000,,,0,1,,,,,16.405316,BIG
ga,hfvrp_n075_m15_s03,75,15,0.001000,9999,4243.877545,19464.857871,4263.342403,0.000000,,,0,1,,,,,0.265804,DEFAULT
ga,hfvrp_n075_m15_s03,75,15,0.001000,9999,6513.445905,30663.218932,6544.109124,0.000000,,,0,1,,,,,0.040405,SMALL
ga,hfvrp_n100_m20_s02,100,20,0.001000,1,5593.161020,25847.199321,5619.008219,0.000000,,,0,1,,,,,7.454183,MEDIUM
ga,hfvrp_n075_m15_s04,75,15,0.001000,1234,4200.059615,22116.466681,4222.176082,0.000000,,,0,1,,,,,5.481713,MEDIUM
ga,hfvrp_n100_m20_s01,100,20,0.001000,100,5703.715017,21125.385199,5724.840402,0.000000,,,0,1,,,,,7.539490,MEDIUM
ga,hfvrp_n075_m15_s03,75,15,0.001000,9999,3927.233160,17555.442934,3944.788603,0.000000,,,0,1,,,,,5.426338,MEDIUM
ga,hfvrp_n075_m15_s05,75,15,0.001000,999,4043.829669,12892.379680,4056.722049,0.000000,,,0,1,,,,,16.732599,BIG
ga,hfvrp_n075_m15_s02,75,15,0.001000,19345,4176.405262,14024.787933,4190.430050,0.000000,,,0,1,,,,,16.542110,BIG
ga,hfvrp_n075_m15_s05,75,15,0.001000,1234,5688.439370,26103.948092,5714.543318,0.000000,,,0,1,,,,,0.267704,DEFAULT
ga,hfvrp_n075_m15_s05,75,15,0.001000,1234,6199.333099,20399.915293,6219.733014,0.000000,,,0,1,,,,,0.040134,SMALL
ga,hfvrp_n075_m15_s02,75,15,0.001000,1788165477886601784,5162.216154,25294.609702,5187.510764,0.000000,,,0,1,,,,,0.256643,DEFAULT
ga,hfvrp_n075_m15_s02,75,15,0.001000,1788165473852394719,5389.349948,30559.839626,5419.909788,0.000000,,,0,1,,,,,0.034200,SMALL
ga,hfvrp_n075_m15_s05,75,15,0.001000,1234,4147.932943,16094.023349,4164.026967,0.000000,,,0,1,,,,,5.474820,MEDIUM
ga,hfvrp_n075_m15_s02,75,15,0.001000,1788165469595587759,4028.940197,13807.099011,4042.747296,0.000000,,,0,1,,,,,5.494132,MEDIUM
ga,hfvrp_n075_m15_s04,75,15,0.001000,1234,4053.981546,18637.906866,4072.619453,0.000000,,,0,1,,,,,16.577528,BIG
ga,hfvrp_n075_m15_s04,75,15,0.001000,9999,4829.135190,18917.641159,4848.052831,0.000000,,,0,1,,,,,0.276185,DEFAULT
ga,hfvrp_n075_m15_s04,75,15,0.001000,9999,7337.858395,30331.966194,7368.190361,0.000000,,,0,1,,,,,0.033333,SMALL
ga,hfvrp_n075_m15_s03,75,15,0.001000,9999,3978.616122,16661.287590,3995.277410,0.000000,,,0,1,,,,,16.467564,BIG
ga,hfvrp_n075_m15_s03,75,15,0.001000,19345,4265.217424,20725.842787,4285.943267,0.000000,,,0,1,,,,,0.276216,DEFAULT
ga,hfvrp_n075_m15_s03,75,15,0.001000,19345,5857.417167,30541.854241,5887.959022,0.000000,,,0,1,,,,,0.038122,SMALL
ga,hfvrp_n100_m20_s02,100,20,0.001000,1,6067.540826,28666.398330,6096.207225,0.000000,,,0,1,,,,,22.708277,BIG
ga,hfvrp_n100_m20_s02,100,20,0.001000,10,7652.173354,47460.972139,7699.634326,0.000000,,,0,1,,,,,0.368111,DEFAULT
ga,hfvrp_n100_m20_s02,100,20,0.001000,10,8379.479652,50332.793403,8429.812446,0.000000,,,0,1,,,,,0.059474,SMALL
ga,hfvrp_n075_m15_s04,75,15,0.001000,9999,4165.619324,17475.542921,4183.094867,0.000000,,,0,1,,,,,5.543096,MEDIUM
ga,hfvrp_n100_m20_s01,100,20,0.001000,100,5642.971468,24202.855323,5667.174324,0.000000,,,0,1,,,,,22.695340,BIG
ga,hfvrp_n075_m15_s03,75,15,0.001000,19345,4111.460921,15959.677043,4127.420598,0.000000,,,0,1,,,,,5.454585,MEDIUM
ga,hfvrp_n100_m20_s01,100,20,0.001000,200,7848.042585,29901.771732,7877.944356,0.000000,,,0,1,,,,,0.365925,DEFAULT
ga,hfvrp_n100_m20_s01,100,20,0.001000,200,9411.206536,43974.193854,9455.180730,0.000000,,,0,1,,,,,0.057126,SMALL
ga,hfvrp_n100_m20_s02,100,20,0.001000,10,5578.382121,26135.093581,5604.517214,0.000000,,,0,1,,,,,7.472832,MEDIUM
ga,hfvrp_n075_m15_s05,75,15,0.001000,1234,4123.551628,13392.943787,4136.944572,0.000000,,,0,1,,,,,16.613676,BIG
ga,hfvrp_n075_m15_s02,75,15,0.001000,1788165981900321701,3831.947431,14852.159209,3846.799590,0.000000,,,0,1,,,,,16.430368,BIG
ga,hfvrp_n075_m15_s05,75,15,0.001000,9999,5806.338590,24855.975159,5831.194565,0.000000,,,0,1,,,,,0.266307,DEFAULT
ga,hfvrp_n075_m15_s05,75,15,0.001000,9999,6687.004194,19671.097497,6706.675291,0.000000,,,0,1,,,,,0.033511,SMALL
ga,hfvrp_n100_m20_s01,100,20,0.001000,200,6147.502272,22465.018602,6169.967290,0.000000,,,0,1,,,,,7.517849,MEDIUM
ga,hfvrp_n100_m20_s03,100,20,0.001000,1788165678844368985,8177.004166,33907.930193,8210.912096,0.000000,,,0,1,,,,,0.372363,DEFAULT
ga,hfvrp_n100_m20_s03,100,20,0.001000,1788165683516121625,9658.242313,45550.033331,9703.792346,0.000000,,,0,1,,,,,0.053129,SMALL
ga,hfvrp_n075_m15_s05,75,15,0.001000,9999,4475.981816,13657.375985,4489.639192,0.000000,,,0,1,,,,,5.473476,MEDIUM
ga,hfvrp_n075_m15_s04,75,15,0.001000,9999,4104.461808,18365.258317,4122.827066,0.000000,,,0,1,,,,,16.579229,BIG
ga,hfvrp_n075_m15_s04,75,15,0.001000,19345,5444.216348,21649.523812,5465.865872,0.000000,,,0,1,,,,,0.280905,DEFAULT
ga,hfvrp_n075_m15_s04,75,15,0.001000,19345,6326.812591,26133.655613,6352.946246,0.000000,,,0,1,,,,,0.036779,SMALL
ga,hfvrp_n075_m15_s03,75,15,0.001000,19345,3897.341645,16377.456945,3913.719102,0.000000,,,0,1,,,,,16.391667,BIG
ga,hfvrp_n100_m20_s03,100,20,0.001000,1788165679278318679,6106.825139,25998.257477,6132.823396,0.000000,,,0,1,,,,,7.690404,MEDIUM
ga,hfvrp_n075_m15_s03,75,15,0.001000,1788163007238234772,5221.594389,26318.586678,5247.912976,0.000000,,,0,1,,,,,0.271169,DEFAULT
ga,hfvrp_n075_m15_s03,75,15,0.001000,1788162994633134385,6065.610471,35101.663448,6100.712135,0.000000,,,0,1,,,,,0.041872,SMALL
ga,hfvrp_n075_m15_s04,75,15,0.001000,19345,4256.927470,22056.732562,4278.984203,0.000000,,,0,1,,,,,5.589365,MEDIUM
ga,hfvrp_n075_m15_s03,75,15,0.001000,1788162990383403149,4043.421929,23691.099357,4067.113028,0.000000,,,0,1,,,,,5.387288,MEDIUM
ga,hfvrp_n100_m20_s02,100,20,0.001000,10,5941.950281,23717.039341,5965.667321,0.000000,,,0,1,,,,,23.094346,BIG
ga,hfvrp_n075_m15_s05,75,15,0.001000,9999,3938.462024,13772.078966,3952.234103,0.000000,,,0,1,,,,,16.739795,BIG
ga,hfvrp_n075_m15_s05,75,15,0.001000,19345,5436.168674,19085.379715,5455.254053,0.000000,,,0,1,,,,,0.268477,DEFAULT
ga,hfvrp_n075_m15_s05,75,15,0.001000,19345,5812.765297,20139.605301,5832.904902,0.000000,,,0,1,,,,,0.039111,SMALL
ga,hfvrp_n100_m20_s02,100,20,0.001000,50,7206.376381,47533.584715,7253.909965,0.000000,,,0,1,,,,,0.379670,DEFAULT
ga,hfvrp_n100_m20_s02,100,20,0.001000,50,8658.534255,28376.406103,8686.910661,0.000000,,,0,1,,,,,0.055429,SMALL
ga,hfvrp_n100_m20_s01,100,20,0.001000,200,5757.658166,21128.700035,5778.786866,0.000000,,,0,1,,,,,23.310840,BIG
ga,hfvrp_n100_m20_s01,100,20,0.001000,999,7856.779755,35893.959085,7892.673714,0.000000,,,0,1,,,,,0.372113,DEFAULT
ga,hfvrp_n100_m20_s01,100,20,0.001000,999,10963.036538,58006.410994,11021.042949,0.000000,,,0,1,,,,,0.047812,SMALL
ga,hfvrp_n075_m15_s05,75,15,0.001000,19345,4591.726186,10897.283179,4602.623469,0.000000,,,0,1,,,,,5.465019,MEDIUM
ga,hfvrp_n100_m20_s02,100,20,0.001000,50,5680.369054,24492.087697,5704.861142,0.000000,,,0,1,,,,,7.602198,MEDIUM
ga,hfvrp_n075_m15_s04,75,15,0.001000,19345,4172.481988,18745.640079,4191.227628,0.000000,,,0,1,,,,,17.100380,BIG
ga,hfvrp_n075_m15_s04,75,15,0.001000,1788163166826851681,5586.442345,23586.047316,5610.028392,0.000000,,,0,1,,,,,0.271704,DEFAULT
ga,hfvrp_n075_m15_s04,75,15,0.001000,1788163171397934234,5482.006043,24797.937835,5506.803981,0.000000,,,0,1,,,,,0.041983,SMALL
ga,hfvrp_n075_m15_s03,75,15,0.001000,1788163030134359254,3927.628343,16864.182486,3944.492525,0.000000,,,0,1,,,,,16.835610,BIG
ga,hfvrp_n100_m20_s03,100,20,0.001000,1788163002618612812,6293.856248,22141.717406,6315.997965,0.000000,,,0,1,,,,,23.499365,BIG
ga,hfvrp_n100_m20_s01,100,20,0.001000,999,5849.226429,23051.630329,5872.278060,0.000000,,,0,1,,,,,7.643413,MEDIUM
ga,hfvrp_n100_m20_s04,100,20,0.001000,1788163225196083198,7197.100450,33188.808248,7230.289258,0.000000,,,0,1,,,,,0.385787,DEFAULT
ga,hfvrp_n100_m20_s04,100,20,0.001000,1788163229880793176,8878.839210,53626.192845,8932.465403,0.000000,,,0,1,,,,,0.048497,SMALL
ga,hfvrp_n100_m20_s03,100,20,0.001000,1,8612.475228,35720.512810,8648.195741,0.000000,,,0,1,,,,,0.372436,DEFAULT
ga,hfvrp_n100_m20_s03,100,20,0.001000,1,9541.676118,55460.063860,9597.136182,0.000000,,,0,1,,,,,0.049902,SMALL
ga,hfvrp_n075_m15_s04,75,15,0.001000,1788163175743434115,4328.720533,21580.125191,4350.300659,0.000000,,,0,1,,,,,5.551466,MEDIUM
ga,hfvrp_n100_m20_s04,100,20,0.001000,1788163199868340670,5888.229328,28777.234893,5917.006563,0.000000,,,0,1,,,,,7.498381,MEDIUM
ga,hfvrp_n100_m20_s03,100,20,0.001000,1,6286.563859,24949.578507,6311.513437,0.000000,,,0,1,,,,,7.547823,MEDIUM
ga,hfvrp_n075_m15_s05,75,15,0.001000,19345,4008.076058,14391.387746,4022.467445,0.000000,,,0,1,,,,,16.907546,BIG
ga,hfvrp_n075_m15_s05,75,15,0.001000,1788162751344881633,4914.925596,13910.368345,4928.835964,0.000000,,,0,1,,,,,0.275078,DEFAULT
ga,hfvrp_n075_m15_s05,75,15,0.001000,1788162747329241382,6310.248216,29141.148090,6339.389365,0.000000,,,0,1,,,,,0.031691,SMALL
ga,hfvrp_n075_m15_s05,75,15,0.001000,1788162743069974537,4093.371749,14152.123040,4107.523872,0.000000,,,0,1,,,,,5.401469,MEDIUM
ga,hfvrp_n100_m20_s02,100,20,0.001000,50,5626.562968,27458.378174,5654.021346,0.000000,,,0,1,,,,,23.409005,BIG
ga,hfvrp_n075_m15_s04,75,15,0.001000,1788163185599355045,3915.770647,17356.870474,3933.127517,0.000000,,,0,1,,,,,16.684206,BIG
ga,hfvrp_n100_m20_s02,100,20,0.001000,75,7545.331983,37239.258401,7582.571241,0.000000,,,0,1,,,,,0.372812,DEFAULT
ga,hfvrp_n100_m20_s02,100,20,0.001000,75,9989.149293,64431.489092,10053.580782,0.000000,,,0,1,,,,,0.045898,SMALL
ga,hfvrp_n100_m20_s05,100,20,0.001000,1788162744915681911,9104.696116,56144.453595,9160.840570,0.000000,,,0,1,,,,,0.378582,DEFAULT
ga,hfvrp_n100_m20_s05,100,20,0.001000,1788162758183407303,8082.877743,31315.882090,8114.193625,0.000000,,,0,1,,,,,0.057471,SMALL
ga,hfvrp_n100_m20_s01,100,20,0.001000,999,5811.516109,29191.612162,5840.707721,0.000000,,,0,1,,,,,23.118464,BIG
ga,hfvrp_n100_m20_s01,100,20,0.001000,1234,7902.304739,37108.939058,7939.413678,0.000000,,,0,1,,,,,0.379250,DEFAULT
ga,hfvrp_n100_m20_s01,100,20,0.001000,1234,9419.218769,46333.383686,9465.552153,0.000000,,,0,1,,,,,0.057001,SMALL
ga,hfvrp_n100_m20_s02,100,20,0.001000,75,5630.565356,34115.384102,5664.680740,0.000000,,,0,1,,,,,7.718087,MEDIUM
ga,hfvrp_n100_m20_s05,100,20,0.001000,1788162753949997060,6113.832086,26322.390450,6140.154476,0.000000,,,0,1,,,,,7.628790,MEDIUM
ga,hfvrp_n100_m20_s04,100,20,0.001000,1788163194486631208,5946.660870,29952.979905,5976.613850,0.000000,,,0,1,,,,,22.928223,BIG
ga,hfvrp_n100_m20_s03,100,20,0.001000,1,6009.785236,25349.090670,6035.134326,0.000000,,,0,1,,,,,23.418212,BIG
ga,hfvrp_n100_m20_s01,100,20,0.001000,1234,5861.322661,22700.178741,5884.022840,0.000000,,,0,1,,,,,7.506585,MEDIUM
ga,hfvrp_n100_m20_s04,100,20,0.001000,1,7374.428567,36356.614618,7410.785181,0.000000,,,0,1,,,,,0.366700,DEFAULT
ga,hfvrp_n100_m20_s04,100,20,0.001000,1,8523.847453,42688.283940,8566.535737,0.000000,,,0,1,,,,,0.052286,SMALL
ga,hfvrp_n075_m15_s05,75,15,0.001000,1788162795726032307,4036.676794,13601.365677,4050.278159,0.000000,,,0,1,,,,,16.971856,BIG
ga,hfvrp_n100_m20_s03,100,20,0.001000,10,7027.184072,28018.471408,7055.202543,0.000000,,,0,1,,,,,0.370992,DEFAULT
ga,hfvrp_n100_m20_s03,100,20,0.001000,10,9233.006593,43996.848339,9277.003441,0.000000,,,0,1,,,,,0.052950,SMALL
ga,hfvrp_n100_m20_s04,100,20,0.001000,1,5956.737510,22217.666771,5978.955177,0.000000,,,0,1,,,,,7.642170,MEDIUM
ga,hfvrp_n150_m30_s01,150,30,0.001000,1788162514065307830,14433.519601,74029.352166,14507.548953,0.000000,,,0,1,,,,,0.671428,DEFAULT
ga,hfvrp_n150_m30_s01,150,30,0.001000,1788162506151366445,19851.234878,91491.130549,19942.726009,0.000000,,,0,1,,,,,0.102592,SMALL
ga,hfvrp_n100_m20_s03,100,20,0.001000,10,6012.811886,30705.105401,6043.516991,0.000000,,,0,1,,,,,7.590173,MEDIUM
ga,hfvrp_n100_m20_s02,100,20,0.001000,75,5775.002980,28816.473941,5803.819454,0.000000,,,0,1,,,,,23.175692,BIG
ga,hfvrp_n100_m20_s05,100,20,0.001000,1788162929092526795,5735.503359,27973.541201,5763.476900,0.000000,,,0,1,,,,,23.179828,BIG
ga,hfvrp_n100_m20_s02,100,20,0.001000,100,8182.937422,52750.494375,8235.687916,0.000000,,,0,1,,,,,0.364053,DEFAULT
ga,hfvrp_n100_m20_s02,100,20,0.001000,100,9272.544358,68833.943296,9341.378301,0.000000,,,0,1,,,,,0.051359,SMALL
ga,hfvrp_n150_m30_s01,150,30,0.001000,1788162493379293250,11453.185754,48445.786643,11501.631541,0.000000,,,0,1,,,,,14.097311,MEDIUM
ga,hfvrp_n100_m20_s01,100,20,0.001000,1234,6103.721541,26495.270173,6130.216811,0.000000,,,0,1,,,,,22.888991,BIG
ga,hfvrp_n100_m20_s05,100,20,0.001000,1,8726.403185,40424.047158,8766.827232,0.000000,,,0,1,,,,,0.373270,DEFAULT
ga,hfvrp_n100_m20_s05,100,20,0.001000,1,9680.499084,79558.459331,9760.057544,0.000000,,,0,1,,,,,0.049110,SMALL
ga,hfvrp_n100_m20_s01,100,20,0.001000,9999,9055.998185,41036.888515,9097.035073,0.000000,,,0,1,,,,,0.360709,DEFAULT
ga,hfvrp_n100_m20_s01,100,20,0.001000,9999,9108.627773,52500.339007,9161.128112,0.000000,,,0,1,,,,,0.052764,SMALL
ga,hfvrp_n100_m20_s02,100,20,0.001000,100,5495.832636,27154.494279,5522.987131,0.000000,,,0,1,,,,,7.527745,MEDIUM
ga,hfvrp_n100_m20_s05,100,20,0.001000,1,6157.477328,28366.285554,6185.843613,0.000000,,,0,1,,,,,7.548183,MEDIUM
ga,hfvrp_n100_m20_s04,100,20,0.001000,1,5638.067747,23878.239029,5661.945986,0.000000,,,0,1,,,,,23.583528,BIG
ga,hfvrp_n100_m20_s01,100,20,0.001000,9999,6168.850557,23835.400364,6192.685958,0.000000,,,0,1,,,,,7.511134,MEDIUM
ga,hfvrp_n100_m20_s03,100,20,0.001000,10,6400.789676,24834.690478,6425.624367,0.000000,,,0,1,,,,,23.048036,BIG
ga,hfvrp_n100_m20_s04,100,20,0.001000,10,7389.723678,38761.838111,7428.485516,0.000000,,,0,1,,,,,0.370340,DEFAULT
ga,hfvrp_n100_m20_s04,100,20,0.001000,10,8042.845229,47381.038103,8090.226267,0.000000,,,0,1,,,,,0.055639,SMALL
ga,hfvrp_n100_m20_s03,100,20,0.001000,50,8241.092237,42848.579760,8283.940817,0.000000,,,0,1,,,,,0.371127,DEFAULT
ga,hfvrp_n100_m20_s03,100,20,0.001000,50,9663.709112,49444.727016,9713.153839,0.000000,,,0,1,,,,,0.048656,SMALL
ga,hfvrp_n100_m20_s04,100,20,0.001000,10,5876.048947,28365.138737,5904.414086,0.000000,,,0,1,,,,,7.571118,MEDIUM
ga,hfvrp_n100_m20_s03,100,20,0.001000,50,6244.480859,22833.017534,6267.313877,0.000000,,,0,1,,,,,7.567839,MEDIUM
ga,hfvrp_n100_m20_s02,100,20,0.001000,100,6075.284841,28759.859095,6104.044700,0.000000,,,0,1,,,,,23.378901,BIG
ga,hfvrp_n100_m20_s05,100,20,0.001000,1,5775.424509,21803.198643,5797.227708,0.000000,,,0,1,,,,,23.399158,BIG
ga,hfvrp_n100_m20_s02,100,20,0.001000,200,7140.302908,36637.288715,7176.940197,0.000000,,,0,1,,,,,0.371207,DEFAULT
ga,hfvrp_n100_m20_s02,100,20,0.001000,200,9863.875729,60678.619935,9924.554349,0.000000,,,0,1,,,,,0.047972,SMALL
ga,hfvrp_n100_m20_s01,100,20,0.001000,9999,6190.215677,26420.226172,6216.635903,0.000000,,,0,1,,,,,23.272315,BIG
ga,hfvrp_n100_m20_s05,100,20,0.001000,10,7320.073297,40461.354289,7360.534651,0.000000,,,0,1,,,,,0.374687,DEFAULT
ga,hfvrp_n100_m20_s05,100,20,0.001000,10,10106.316714,53647.788038,10159.964502,0.000000,,,0,1,,,,,0.056365,SMALL
ga,hfvrp_n100_m20_s01,100,20,0.001000,19345,7842.908153,37938.786154,7880.846939,0.000000,,,0,1,,,,,0.362092,DEFAULT
ga,hfvrp_n100_m20_s01,100,20,0.001000,19345,10568.773455,52359.527912,10621.132982,0.000000,,,0,1,,,,,0.044364,SMALL
ga,hfvrp_n100_m20_s02,100,20,0.001000,200,5770.072579,34977.694814,5805.050274,0.000000,,,0,1,,,,,7.631407,MEDIUM
ga,hfvrp_n100_m20_s05,100,20,0.001000,10,5916.992459,35695.306789,5952.687766,0.000000,,,0,1,,,,,7.814477,MEDIUM
ga,hfvrp_n100_m20_s04,100,20,0.001000,10,5894.982377,28627.484708,5923.609862,0.000000,,,0,1,,,,,23.212901,BIG
ga,hfvrp_n150_m30_s01,150,30,0.001000,1788162468831594219,11549.892027,50901.974313,11600.794002,0.000000,,,0,1,,,,,43.042318,BIG
ga,hfvrp_n100_m20_s01,100,20,0.001000,19345,6020.345952,25141.677772,6045.487629,0.000000,,,0,1,,,,,7.738381,MEDIUM
ga,hfvrp_n100_m20_s03,100,20,0.001000,50,5921.233640,24621.246032,5945.854886,0.000000,,,0,1,,,,,23.257650,BIG
ga,hfvrp_n100_m20_s04,100,20,0.001000,50,7859.161926,38900.399153,7898.062326,0.000000,,,0,1,,,,,0.379176,DEFAULT
ga,hfvrp_n100_m20_s04,100,20,0.001000,50,9390.320583,46533.728694,9436.854312,0.000000,,,0,1,,,,,0.049292,SMALL
ga,hfvrp_n100_m20_s03,100,20,0.001000,75,8305.215094,41010.435104,8346.225529,0.000000,,,0,1,,,,,0.372595,DEFAULT
ga,hfvrp_n100_m20_s03,100,20,0.001000,75,9742.858673,55502.084237,9798.360757,0.000000,,,0,1,,,,,0.055810,SMALL
ga,hfvrp_n150_m30_s01,150,30,0.001000,1,16495.064035,69839.090164,16564.903125,0.000000,,,0,1,,,,,0.662965,DEFAULT
ga,hfvrp_n150_m30_s01,150,30,0.001000,1,17566.831134,93449.767989,17660.280902,0.000000,,,0,1,,,,,0.103835,SMALL
ga,hfvrp_n100_m20_s04,100,20,0.001000,50,6405.235850,28683.593533,6433.919443,0.000000,,,0,1,,,,,7.576744,MEDIUM
ga,hfvrp_n100_m20_s03,100,20,0.001000,75,6618.581817,27074.940578,6645.656758,0.000000,,,0,1,,,,,7.547271,MEDIUM
ga,hfvrp_n100_m20_s02,100,20,0.001000,200,5686.803648,25719.574609,5712.523222,0.000000,,,0,1,,,,,23.020502,BIG
ga,hfvrp_n150_m30_s01,150,30,0.001000,1,11109.316205,59071.697211,11168.387902,0.000000,,,0,1,,,,,14.207450,MEDIUM
ga,hfvrp_n100_m20_s05,100,20,0.001000,10,5809.644820,26474.741854,5836.119562,0.000000,,,0,1,,,,,23.036069,BIG
ga,hfvrp_n100_m20_s02,100,20,0.001000,999,8007.319013,54198.818289,8061.517832,0.000000,,,0,1,,,,,0.366175,DEFAULT
ga,hfvrp_n100_m20_s02,100,20,0.001000,999,9826.268222,58546.824151,9884.815046,0.000000,,,0,1,,,,,0.045573,SMALL
ga,hfvrp_n100_m20_s01,100,20,0.001000,19345,5853.917669,21148.558176,5875.066228,0.000000,,,0,1,,,,,22.690696,BIG
ga,hfvrp_n100_m20_s05,100,20,0.001000,50,7509.802444,49649.426544,7559.451870,0.000000,,,0,1,,,,,0.383417,DEFAULT
ga,hfvrp_n100_m20_s05,100,20,0.001000,50,9711.338598,59142.134855,9770.480732,0.000000,,,0,1,,,,,0.051202,SMALL
ga,hfvrp_n100_m20_s01,100,20,0.001000,1788162265863768336,7082.142794,33250.791324,7115.393585,0.000000,,,0,1,,,,,0.370263,DEFAULT
ga,hfvrp_n100_m20_s01,100,20,0.001000,1788162270533333566,10148.642482,46301.213513,10194.943696,0.000000,,,0,1,,,,,0.049628,SMALL
ga,hfvrp_n100_m20_s02,100,20,0.001000,999,5610.695554,24878.644116,5635.574198,0.000000,,,0,1,,,,,7.703756,MEDIUM
ga,hfvrp_n100_m20_s04,100,20,0.001000,50,5638.954224,23823.938107,5662.778162,0.000000,,,0,1,,,,,22.891658,BIG
ga,hfvrp_n100_m20_s05,100,20,0.001000,50,6056.794567,26746.536898,6083.541104,0.000000,,,0,1,,,,,7.745392,MEDIUM
ga,hfvrp_n100_m20_s01,100,20,0.001000,1788162283472066095,6104.463686,24912.300210,6129.375986,0.000000,,,0,1,,,,,7.562808,MEDIUM
ga,hfvrp_n100_m20_s04,100,20,0.001000,75,7660.072827,44639.231016,7704.712058,0.000000,,,0,1,,,,,0.368452,DEFAULT
ga,hfvrp_n100_m20_s04,100,20,0.001000,75,9345.448132,46664.063262,9392.112195,0.000000,,,0,1,,,,,0.052448,SMALL
ga,hfvrp_n100_m20_s03,100,20,0.001000,75,6268.563650,28552.723572,6297.116373,0.000000,,,0,1,,,,,23.332696,BIG
ga,hfvrp_n100_m20_s03,100,20,0.001000,100,8346.649132,42089.218331,8388.738350,0.000000,,,0,1,,,,,0.375407,DEFAULT
ga,hfvrp_n100_m20_s03,100,20,0.001000,100,9611.562948,50897.553297,9662.460502,0.000000,,,0,1,,,,,0.047447,SMALL
ga,hfvrp_n100_m20_s04,100,20,0.001000,75,6201.226890,31724.244926,6232.951135,0.000000,,,0,1,,,,,7.740580,MEDIUM
ga,hfvrp_n100_m20_s03,100,20,0.001000,100,6347.508253,28391.845009,6375.900098,0.000000,,,0,1,,,,,7.622473,MEDIUM
ga,hfvrp_n100_m20_s02,100,20,0.001000,999,5138.550663,25653.947638,5164.204611,0.000000,,,0,1,,,,,23.541354,BIG
ga,hfvrp_n100_m20_s01,100,20,0.001000,1788162243794811686,5815.747276,25180.979877,5840.928256,0.000000,,,0,1,,,,,23.071665,BIG
ga,hfvrp_n100_m20_s05,100,20,0.001000,50,5758.681075,22210.972639,5780.892047,0.000000,,,0,1,,,,,23.233705,BIG
ga,hfvrp_n100_m20_s02,100,20,0.001000,1234,7560.951602,50282.114406,7611.233716,0.000000,,,0,1,,,,,0.373039,DEFAULT
ga,hfvrp_n100_m20_s02,100,20,0.001000,1234,9770.283789,53043.149945,9823.326939,0.000000,,,0,1,,,,,0.049580,SMALL
ga,hfvrp_n100_m20_s05,100,20,0.001000,75,8873.207666,52829.937314,8926.037603,0.000000,,,0,1,,,,,0.368796,DEFAULT
ga,hfvrp_n100_m20_s05,100,20,0.001000,75,9818.137995,59849.535489,9877.987530,0.000000,,,0,1,,,,,0.056167,SMALL
ga,hfvrp_n100_m20_s02,100,20,0.001000,1234,5404.344908,28151.998267,5432.496906,0.000000,,,0,1,,,,,7.555123,MEDIUM
ga,hfvrp_n150_m30_s01,150,30,0.001000,1,11641.547395,53555.602743,11695.102998,0.000000,,,0,1,,,,,42.734359,BIG
ga,hfvrp_n150_m30_s02,150,30,0.001000,1788164190233293427,15644.993384,58437.047517,15703.430432,0.000000,,,0,1,,,,,0.670484,DEFAULT
ga,hfvrp_n150_m30_s02,150,30,0.001000,1788164195203363528,22005.370045,110289.912221,22115.659957,0.000000,,,0,1,,,,,0.090018,SMALL
ga,hfvrp_n100_m20_s05,100,20,0.001000,75,6236.884474,24699.868684,6261.584342,0.000000,,,0,1,,,,,7.629011,MEDIUM
ga,hfvrp_n100_m20_s04,100,20,0.001000,75,5807.459250,22857.764531,5830.317015,0.000000,,,0,1,,,,,23.424260,BIG
ga,hfvrp_n100_m20_s04,100,20,0.001000,100,7782.415623,36378.209254,7818.793833,0.000000,,,0,1,,,,,0.386338,DEFAULT
ga,hfvrp_n100_m20_s04,100,20,0.001000,100,9463.978952,54005.766003,9517.984718,0.000000,,,0,1,,,,,0.048617,SMALL
ga,hfvrp_n100_m20_s03,100,20,0.001000,100,6704.451914,27864.965057,6732.316879,0.000000,,,0,1,,,,,23.204594,BIG
ga,hfvrp_n150_m30_s01,150,30,0.001000,10,15850.203782,80645.534636,15930.849317,0.000000,,,0,1,,,,,0.692162,DEFAULT
ga,hfvrp_n150_m30_s01,150,30,0.001000,10,18832.820036,113003.867022,18945.823903,0.000000,,,0,1,,,,,0.100017,SMALL
ga,hfvrp_n100_m20_s03,100,20,0.001000,200,7441.168706,26133.275687,7467.301982,0.000000,,,0,1,,,,,0.369802,DEFAULT
ga,hfvrp_n100_m20_s03,100,20,0.001000,200,8791.304021,38350.032689,8829.654054,0.000000,,,0,1,,,,,0.051154,SMALL
ga,hfvrp_n100_m20_s04,100,20,0.001000,100,5713.808288,26587.379592,5740.395667,0.000000,,,0,1,,,,,7.462410,MEDIUM
ga,hfvrp_n150_m30_s02,150,30,0.001000,1788164199592636240,11912.648003,44850.461002,11957.498464,0.000000,,,0,1,,,,,13.717429,MEDIUM
ga,hfvrp_n100_m20_s03,100,20,0.001000,200,6271.551256,25946.999853,6297.498255,0.000000,,,0,1,,,,,7.561391,MEDIUM
ga,hfvrp_n150_m30_s01,150,30,0.001000,10,10477.054983,56751.771311,10533.806755,0.000000,,,0,1,,,,,14.118902,MEDIUM
ga,hfvrp_n100_m20_s02,100,20,0.001000,1234,5451.275960,28398.973251,5479.674933,0.000000,,,0,1,,,,,23.413162,BIG
ga,hfvrp_n100_m20_s02,100,20,0.001000,9999,7347.961325,31033.965420,7378.995290,0.000000,,,0,1,,,,,0.392829,DEFAULT
ga,hfvrp_n100_m20_s02,100,20,0.001000,9999,9570.634115,56125.463699,9626.759578,0.000000,,,0,1,,,,,0.047782,SMALL
ga,hfvrp_n100_m20_s05,100,20,0.001000,75,6000.631797,19209.833735,6019.841631,0.000000,,,0,1,,,,,23.302526,BIG
ga,hfvrp_n100_m20_s05,100,20,0.001000,100,7529.227749,50388.647177,7579.616396,0.000000,,,0,1,,,,,0.378390,DEFAULT
ga,hfvrp_n100_m20_s05,100,20,0.001000,100,8925.396672,50913.043434,8976.309716,0.000000,,,0,1,,,,,0.055381,SMALL
ga,hfvrp_n100_m20_s02,100,20,0.001000,9999,5522.143292,24965.038768,5547.108331,0.000000,,,0,1,,,,,7.687000,MEDIUM
ga,hfvrp_n100_m20_s04,100,20,0.001000,100,5856.820795,25009.623703,5881.830419,0.000000,,,0,1,,,,,23.219352,BIG
ga,hfvrp_n100_m20_s05,100,20,0.001000,100,6478.623655,28389.389275,6507.013045,0.000000,,,0,1,,,,,7.654502,MEDIUM
ga,hfvrp_n100_m20_s04,100,20,0.001000,200,7137.009463,38572.239905,7175.581703,0.000000,,,0,1,,,,,0.373206,DEFAULT
ga,hfvrp_n100_m20_s04,100,20,0.001000,200,8760.920025,46463.908948,8807.383934,0.000000,,,0,1,,,,,0.058731,SMALL
ga,hfvrp_n100_m20_s03,100,20,0.001000,200,6130.188806,28142.913005,6158.331719,0.000000,,,0,1,,,,,23.338624,BIG
ga,hfvrp_n100_m20_s03,100,20,0.001000,999,7576.645008,34015.681164,7610.660689,0.000000,,,0,1,,,,,0.371109,DEFAULT
ga,hfvrp_n100_m20_s03,100,20,0.001000,999,10348.190137,51555.474761,10399.745612,0.000000,,,0,1,,,,,0.052707,SMALL
ga,hfvrp_n100_m20_s04,100,20,0.001000,200,6392.171796,27136.233770,6419.308030,0.000000,,,0,1,,,,,7.641967,MEDIUM
ga,hfvrp_n100_m20_s03,100,20,0.001000,999,6004.762224,26080.916711,6030.843140,0.000000,,,0,1,,,,,7.484386,MEDIUM
ga,hfvrp_n100_m20_s02,100,20,0.001000,9999,5554.292509,24499.297903,5578.791807,0.000000,,,0,1,,,,,22.730436,BIG
ga,hfvrp_n150_m30_s02,150,30,0.001000,1788164032926402930,10038.558988,38821.511088,10077.380499,0.000000,,,0,1,,,,,41.873888,BIG
ga,hfvrp_n100_m20_s02,100,20,0.001000,19345,6751.459474,39840.251480,6791.299725,0.000000,,,0,1,,,,,0.386951,DEFAULT
ga,hfvrp_n100_m20_s02,100,20,0.001000,19345,8812.121225,53373.037167,8865.494262,0.000000,,,0,1,,,,,0.050389,SMALL
ga,hfvrp_n100_m20_s05,100,20,0.001000,100,5880.351948,29152.919590,5909.504868,0.000000,,,0,1,,,,,23.107744,BIG
ga,hfvrp_n100_m20_s05,100,20,0.001000,200,7659.035540,36107.633069,7695.143173,0.000000,,,0,1,,,,,0.376888,DEFAULT
ga,hfvrp_n100_m20_s05,100,20,0.001000,200,8377.001790,57338.048639,8434.339839,0.000000,,,0,1,,,,,0.058788,SMALL
ga,hfvrp_n150_m30_s01,150,30,0.001000,10,11628.264030,48523.979775,11676.788010,0.000000,,,0,1,,,,,41.986659,BIG
ga,hfvrp_n150_m30_s02,150,30,0.001000,1,16374.723683,68472.993069,16443.196676,0.000000,,,0,1,,,,,0.660937,DEFAULT
ga,hfvrp_n150_m30_s02,150,30,0.001000,1,17693.823762,74713.257600,17768.537020,0.000000,,,0,1,,,,,0.094457,SMALL
ga,hfvrp_n100_m20_s02,100,20,0.001000,19345,5476.699211,24511.664028,5501.210875,0.000000,,,0,1,,,,,7.477055,MEDIUM
ga,hfvrp_n100_m20_s04,100,20,0.001000,200,6053.371915,20820.060450,6074.191975,0.000000,,,0,1,,,,,22.898837,BIG
ga,hfvrp_n100_m20_s05,100,20,0.001000,200,6011.713306,32405.746742,6044.119053,0.000000,,,0,1,,,,,7.694086,MEDIUM
ga,hfvrp_n150_m30_s01,150,30,0.001000,50,16652.938217,72740.629992,16725.678847,0.000000,,,0,1,,,,,0.684813,DEFAULT
ga,hfvrp_n150_m30_s01,150,30,0.001000,50,20008.956424,123742.164072,20132.698588,0.000000,,,0,1,,,,,0.106433,SMALL
ga,hfvrp_n100_m20_s04,100,20,0.001000,999,6864.378256,33884.246505,6898.262503,0.000000,,,0,1,,,,,0.386065,DEFAULT
ga,hfvrp_n100_m20_s04,100,20,0.001000,999,9429.424353,53715.531850,9483.139885,0.000000,,,0,1,,,,,0.052040,SMALL
ga,hfvrp_n100_m20_s03,100,20,0.001000,999,6333.314926,24905.085992,6358.220012,0.000000,,,0,1,,,,,22.581919,BIG
ga,hfvrp_n100_m20_s03,100,20,0.001000,1234,8250.214232,33109.882551,8283.324114,0.000000,,,0,1,,,,,0.364990,DEFAULT
ga,hfvrp_n100_m20_s03,100,20,0.001000,1234,9538.668118,37140.077698,9575.808195,0.000000,,,0,1,,,,,0.052114,SMALL
ga,hfvrp_n100_m20_s04,100,20,0.001000,999,6045.576817,26773.333218,6072.350150,0.000000,,,0,1,,,,,7.358766,MEDIUM
ga,hfvrp_n150_m30_s02,150,30,0.001000,1,11446.160868,45913.234275,11492.074102,0.000000,,,0,1,,,,,13.716459,MEDIUM
ga,hfvrp_n100_m20_s03,100,20,0.001000,1234,5967.254691,27014.082657,5994.268774,0.000000,,,0,1,,,,,7.539378,MEDIUM
ga,hfvrp_n150_m30_s01,150,30,0.001000,50,11909.654123,49471.234122,11959.125357,0.000000,,,0,1,,,,,13.629342,MEDIUM
ga,hfvrp_n100_m20_s02,100,20,0.001000,19345,5472.779291,27446.038655,5500.225330,0.000000,,,0,1,,,,,23.201652,BIG
ga,hfvrp_n100_m20_s02,100,20,0.001000,1788162825040774756,7525.234488,41574.635598,7566.809123,0.000000,,,0,1,,,,,0.371853,DEFAULT
ga,hfvrp_n100_m20_s02,100,20,0.001000,1788162821122174101,8316.750391,45864.386745,8362.614778,0.000000,,,0,1,,,,,0.051952,SMALL
ga,hfvrp_n100_m20_s05,100,20,0.001000,200,5840.044800,38398.242759,5878.443043,0.000000,,,0,1,,,,,22.713197,BIG
ga,hfvrp_n100_m20_s05,100,20,0.001000,999,7092.241391,39526.671202,7131.768062,0.000000,,,0,1,,,,,0.364732,DEFAULT
ga,hfvrp_n100_m20_s05,100,20,0.001000,999,10625.455847,66355.415180,10691.811262,0.000000,,,0,1,,,,,0.045730,SMALL
ga,hfvrp_n100_m20_s02,100,20,0.001000,1788162816883602686,5511.795578,24793.949514,5536.589528,0.000000,,,0,1,,,,,7.557696,MEDIUM
ga,hfvrp_n100_m20_s04,100,20,0.001000,999,5768.787606,25650.315231,5794.437921,0.000000,,,0,1,,,,,22.960657,BIG
ga,hfvrp_n100_m20_s05,100,20,0.001000,999,5973.852939,27001.150100,6000.854089,0.000000,,,0,1,,,,,7.602504,MEDIUM
ga,hfvrp_n100_m20_s04,100,20,0.001000,1234,6961.369525,25548.133026,6986.917658,0.000000,,,0,1,,,,,0.378409,DEFAULT
ga,hfvrp_n100_m20_s04,100,20,0.001000,1234,9550.594498,52311.801996,9602.906300,0.000000,,,0,1,,,,,0.050933,SMALL
ga,hfvrp_n100_m20_s03,100,20,0.001000,1234,6381.680426,28650.354619,6410.330781,0.000000,,,0,1,,,,,23.017374,BIG
ga,hfvrp_n100_m20_s03,100,20,0.001000,9999,8058.254003,35763.232464,8094.017236,0.000000,,,0,1,,,,,0.368688,DEFAULT
ga,hfvrp_n100_m20_s03,100,20,0.001000,9999,8687.893436,35199.488254,8723.092924,0.000000,,,0,1,,,,,0.061696,SMALL
ga,hfvrp_n100_m20_s04,100,20,0.001000,1234,5790.090447,25320.992345,5815.411440,0.000000,,,0,1,,,,,7.551562,MEDIUM
ga,hfvrp_n100_m20_s03,100,20,0.001000,9999,6076.407245,26644.099920,6103.051345,0.000000,,,0,1,,,,,7.543118,MEDIUM
ga,hfvrp_n150_m30_s02,150,30,0.001000,1,11142.607115,45717.007560,11188.324122,0.000000,,,0,1,,,,,42.223752,BIG
ga,hfvrp_n100_m20_s02,100,20,0.001000,1788162893165498304,5923.351348,32840.520049,5956.191868,0.000000,,,0,1,,,,,23.313880,BIG
ga,hfvrp_n100_m20_s05,100,20,0.001000,999,5627.167731,25162.547198,5652.330278,0.000000,,,0,1,,,,,22.888730,BIG
ga,hfvrp_n150_m30_s01,150,30,0.001000,50,10501.053236,40592.778355,10541.646014,0.000000,,,0,1,,,,,41.675791,BIG
ga,hfvrp_n100_m20_s05,100,20,0.001000,1234,9009.492625,59525.644072,9069.018269,0.000000,,,0,1,,,,,0.366340,DEFAULT
ga,hfvrp_n100_m20_s05,100,20,0.001000,1234,9464.373799,45362.520765,9509.736320,0.000000,,,0,1,,,,,0.052547,SMALL
ga,hfvrp_n150_m30_s03,150,30,0.001000,1788162982491503706,16768.504770,60532.371499,16829.037141,0.000000,,,0,1,,,,,0.679840,DEFAULT
ga,hfvrp_n150_m30_s03,150,30,0.001000,1788162987470729932,18864.740067,101479.305941,18966.219373,0.000000,,,0,1,,,,,0.094579,SMALL
ga,hfvrp_n150_m30_s02,150,30,0.001000,10,15682.615446,87961.694224,15770.577141,0.000000,,,0,1,,,,,0.686531,DEFAULT
ga,hfvrp_n150_m30_s02,150,30,0.001000,10,19086.431117,92464.119003,19178.895236,0.000000,,,0,1,,,,,0.105380,SMALL
ga,hfvrp_n150_m30_s01,150,30,0.001000,75,16370.397558,82589.235648,16452.986794,0.000000,,,0,1,,,,,0.676185,DEFAULT
ga,hfvrp_n150_m30_s01,150,30,0.001000,75,18994.232369,117494.139107,19111.726508,0.000000,,,0,1,,,,,0.099935,SMALL
ga,hfvrp_n100_m20_s04,100,20,0.001000,1234,6180.888539,28042.928215,6208.931467,0.000000,,,0,1,,,,,23.126662,BIG
ga,hfvrp_n100_m20_s05,100,20,0.001000,1234,5957.498250,25660.398162,5983.158648,0.000000,,,0,1,,,,,7.455705,MEDIUM
ga,hfvrp_n100_m20_s04,100,20,0.001000,9999,7206.384515,32429.798963,7238.814314,0.000000,,,0,1,,,,,0.375695,DEFAULT
ga,hfvrp_n100_m20_s04,100,20,0.001000,9999,9012.018705,58695.155532,9070.713861,0.000000,,,0,1,,,,,0.049175,SMALL
ga,hfvrp_n100_m20_s03,100,20,0.001000,9999,6609.461183,21900.373555,6631.361556,0.000000,,,0,1,,,,,22.525034,BIG
ga,hfvrp_n150_m30_s03,150,30,0.001000,1788162991864437541,12464.816248,55661.556779,12520.477804,0.000000,,,0,1,,,,,13.836020,MEDIUM
ga,hfvrp_n100_m20_s03,100,20,0.001000,19345,7886.175139,29929.724174,7916.104863,0.000000,,,0,1,,,,,0.380433,DEFAULT
ga,hfvrp_n100_m20_s03,100,20,0.001000,19345,8999.077477,41545.638561,9040.623116,0.000000,,,0,1,,,,,0.048509,SMALL
ga,hfvrp_n150_m30_s02,150,30,0.001000,10,11750.198498,52065.081889,11802.263580,0.000000,,,0,1,,,,,13.703951,MEDIUM
ga,hfvrp_n100_m20_s04,100,20,0.001000,9999,6073.338986,23537.563372,6096.876549,0.000000,,,0,1,,,,,7.452483,MEDIUM
ga,hfvrp_n150_m30_s01,150,30,0.001000,75,11850.637731,52224.690608,11902.862422,0.000000,,,0,1,,,,,13.685747,MEDIUM
ga,hfvrp_n100_m20_s03,100,20,0.001000,19345,6210.140039,23912.151950,6234.052191,0.000000,,,0,1,,,,,7.671536,MEDIUM
ga,hfvrp_n100_m20_s05,100,20,0.001000,1234,5664.270028,23921.644272,5688.191673,0.000000,,,0,1,,,,,23.340282,BIG
ga,hfvrp_n100_m20_s05,100,20,0.001000,9999,7504.432170,46550.568206,7550.982738,0.000000,,,0,1,,,,,0.376346,DEFAULT
ga,hfvrp_n100_m20_s05,100,20,0.001000,9999,8950.552680,50746.419917,9001.299099,0.000000,,,0,1,,,,,0.053783,SMALL
ga,hfvrp_n100_m20_s04,100,20,0.001000,9999,5998.571418,28678.674079,6027.250092,0.000000,,,0,1,,,,,23.246939,BIG
ga,hfvrp_n100_m20_s05,100,20,0.001000,9999,5968.953966,23823.667330,5992.777633,0.000000,,,0,1,,,,,7.684401,MEDIUM
ga,hfvrp_n100_m20_s04,100,20,0.001000,19345,7443.246079,41022.274431,7484.268354,0.000000,,,0,1,,,,,0.359363,DEFAULT
ga,hfvrp_n100_m20_s04,100,20,0.001000,19345,7990.491435,43691.067651,8034.182503,0.000000,,,0,1,,,,,0.051692,SMALL
ga,hfvrp_n100_m20_s03,100,20,0.001000,19345,6095.221765,26446.750097,6121.668515,0.000000,,,0,1,,,,,22.986382,BIG
ga,hfvrp_n100_m20_s03,100,20,0.001000,1788169954376771018,7961.774471,33672.789848,7995.447261,0.000000,,,0,1,,,,,0.369115,DEFAULT
ga,hfvrp_n100_m20_s03,100,20,0.001000,1788169950455357893,9087.633773,53675.471835,9141.309245,0.000000,,,0,1,,,,,0.046885,SMALL
ga,hfvrp_n100_m20_s04,100,20,0.001000,19345,5713.187672,22534.169083,5735.721841,0.000000,,,0,1,,,,,7.551782,MEDIUM
ga,hfvrp_n100_m20_s03,100,20,0.001000,1788169980571316530,6412.120729,24137.779327,6436.258508,0.000000,,,0,1,,,,,7.553808,MEDIUM
ga,hfvrp_n150_m30_s03,150,30,0.001000,1788163198983548686,11982.644798,43680.307927,12026.325106,0.000000,,,0,1,,,,,41.909030,BIG
ga,hfvrp_n150_m30_s02,150,30,0.001000,10,10145.397792,44830.950721,10190.228743,0.000000,,,0,1,,,,,42.805998,BIG
ga,hfvrp_n150_m30_s01,150,30,0.001000,75,11622.354971,49987.083619,11672.342054,0.000000,,,0,1,,,,,42.813608,BIG
ga,hfvrp_n150_m30_s03,150,30,0.001000,1,16188.684540,69346.030178,16258.030570,0.000000,,,0,1,,,,,0.670278,DEFAULT
ga,hfvrp_n150_m30_s03,150,30,0.001000,1,20158.579059,112016.337524,20270.595396,0.000000,,,0,1,,,,,0.097742,SMALL
ga,hfvrp_n100_m20_s05,100,20,0.001000,9999,5831.958298,26341.620721,5858.299918,0.000000,,,0,1,,,,,23.424343,BIG
ga,hfvrp_n150_m30_s02,150,30,0.001000,50,14228.118772,54992.341186,14283.111113,0.000000,,,0,1,,,,,0.688210,DEFAULT
ga,hfvrp_n150_m30_s02,150,30,0.001000,50,18124.954390,83491.526333,18208.445916,0.000000,,,0,1,,,,,0.099168,SMALL
ga,hfvrp_n100_m20_s05,100,20,0.001000,19345,7991.718347,47909.513830,8039.627861,0.000000,,,0,1,,,,,0.378553,DEFAULT
ga,hfvrp_n100_m20_s05,100,20,0.001000,19345,9746.986592,67332.176433,9814.318769,0.000000,,,0,1,,,,,0.049104,SMALL
ga,hfvrp_n150_m30_s01,150,30,0.001000,100,17104.897713,91893.954207,17196.791668,0.000000,,,0,1,,,,,0.686287,DEFAULT
ga,hfvrp_n150_m30_s01,150,30,0.001000,100,18270.161079,108769.141225,18378.930220,0.000000,,,0,1,,,,,0.103409,SMALL
ga,hfvrp_n100_m20_s04,100,20,0.001000,19345,5759.561763,20532.453405,5780.094217,0.000000,,,0,1,,,,,23.185176,BIG
ga,hfvrp_n100_m20_s05,100,20,0.001000,19345,5751.797738,25034.134311,5776.831872,0.000000,,,0,1,,,,,7.722649,MEDIUM
ga,hfvrp_n100_m20_s04,100,20,0.001000,1788169886732153780,6936.771073,29703.065679,6966.474139,0.000000,,,0,1,,,,,0.393636,DEFAULT
ga,hfvrp_n100_m20_s04,100,20,0.001000,1788169882839929058,8231.266230,48984.811355,8280.251041,0.000000,,,0,1,,,,,0.059776,SMALL
ga,hfvrp_n150_m30_s03,150,30,0.001000,1,12723.318212,53079.594691,12776.397806,0.000000,,,0,1,,,,,14.097225,MEDIUM
ga,hfvrp_n100_m20_s03,100,20,0.001000,1788169962360212338,6259.977698,25611.167987,6285.588866,0.000000,,,0,1,,,,,22.768748,BIG
ga,hfvrp_n150_m30_s02,150,30,0.001000,50,10504.581314,48230.144249,10552.811458,0.000000,,,0,1,,,,,13.795386,MEDIUM
ga,hfvrp_n150_m30_s01,150,30,0.001000,100,10664.250094,47081.115336,10711.331209,0.000000,,,0,1,,,,,13.735656,MEDIUM
ga,hfvrp_n100_m20_s04,100,20,0.001000,1788169895793060612,6303.202697,27435.451616,6330.638148,0.000000,,,0,1,,,,,7.449326,MEDIUM
ga,hfvrp_n150_m30_s04,150,30,0.001000,1788169973854466803,16618.021421,96228.030476,16714.249451,0.000000,,,0,1,,,,,0.687037,DEFAULT
ga,hfvrp_n150_m30_s04,150,30,0.001000,1788169961661351194,20315.739223,111097.510848,20426.836734,0.000000,,,0,1,,,,,0.089766,SMALL
ga,hfvrp_n100_m20_s05,100,20,0.001000,19345,5830.230574,28528.249985,5858.758824,0.000000,,,0,1,,,,,23.550225,BIG
ga,hfvrp_n150_m30_s04,150,30,0.001000,1788170275288414946,12017.145578,49130.371057,12066.275949,0.000000,,,0,1,,,,,13.815686,MEDIUM
ga,hfvrp_n100_m20_s05,100,20,0.001000,1788170264174867957,7293.216712,40290.423639,7333.507136,0.000000,,,0,1,,,,,0.377667,DEFAULT
ga,hfvrp_n100_m20_s05,100,20,0.001000,1788170260262151930,9546.307294,67427.926436,9613.735220,0.000000,,,0,1,,,,,0.050582,SMALL
ga,hfvrp_n100_m20_s04,100,20,0.001000,1788169976266448895,5910.606848,24070.350412,5934.677198,0.000000,,,0,1,,,,,23.219912,BIG
ga,hfvrp_n100_m20_s05,100,20,0.001000,1788170324747108409,5983.568304,21155.156453,6004.723460,0.000000,,,0,1,,,,,7.550367,MEDIUM
ga,hfvrp_n150_m30_s05,150,30,0.001000,1788170383974664131,17187.140412,90485.623480,17277.626036,0.000000,,,0,1,,,,,0.666514,DEFAULT
ga,hfvrp_n150_m30_s05,150,30,0.001000,1788170337401463019,17817.693447,73645.551163,17891.338998,0.000000,,,0,1,,,,,0.096755,SMALL
ga,hfvrp_n150_m30_s03,150,30,0.001000,1,12599.943866,59444.624185,12659.388490,0.000000,,,0,1,,,,,42.030625,BIG
ga,hfvrp_n150_m30_s02,150,30,0.001000,50,10311.363246,43924.177709,10355.287423,0.000000,,,0,1,,,,,41.538792,BIG
ga,hfvrp_n150_m30_s01,150,30,0.001000,100,10149.228080,47759.337567,10196.987417,0.000000,,,0,1,,,,,42.469741,BIG
ga,hfvrp_n150_m30_s03,150,30,0.001000,10,16192.095087,70647.447340,16262.742534,0.000000,,,0,1,,,,,0.679474,DEFAULT
ga,hfvrp_n150_m30_s03,150,30,0.001000,10,20165.075299,90480.913823,20255.556213,0.000000,,,0,1,,,,,0.099411,SMALL
ga,hfvrp_n150_m30_s05,150,30,0.001000,1788170341797963447,11523.086449,43250.231819,11566.336681,0.000000,,,0,1,,,,,14.011429,MEDIUM
ga,hfvrp_n150_m30_s02,150,30,0.001000,75,15510.683793,60367.246109,15571.051039,0.000000,,,0,1,,,,,0.664357,DEFAULT
ga,hfvrp_n150_m30_s02,150,30,0.001000,75,20334.722899,97520.306100,20432.243205,0.000000,,,0,1,,,,,0.082830,SMALL
ga,hfvrp_n150_m30_s01,150,30,0.001000,200,16996.262716,76151.343097,17072.414059,0.000000,,,0,1,,,,,0.669149,DEFAULT
ga,hfvrp_n150_m30_s01,150,30,0.001000,200,20462.732308,94688.582941,20557.420891,0.000000,,,0,1,,,,,0.097335,SMALL
ga,hfvrp_n100_m20_s05,100,20,0.001000,1788170392436943890,5985.039703,24670.762675,6009.710466,0.000000,,,0,1,,,,,23.552914,BIG
ga,hfvrp_n150_m30_s03,150,30,0.001000,10,12694.309036,57579.594750,12751.888631,0.000000,,,0,1,,,,,13.669794,MEDIUM
ga,hfvrp_n150_m30_s04,150,30,0.001000,1788170267640124826,12497.234346,53114.963509,12550.349309,0.000000,,,0,1,,,,,41.769719,BIG
ga,hfvrp_n150_m30_s02,150,30,0.001000,75,10827.815218,43214.415220,10871.029633,0.000000,,,0,1,,,,,13.659417,MEDIUM
ga,hfvrp_n150_m30_s01,150,30,0.001000,200,10940.039706,59193.539265,10999.233246,0.000000,,,0,1,,,,,13.701082,MEDIUM
ga,hfvrp_n150_m30_s04,150,30,0.001000,1,15825.273765,102264.019663,15927.537785,0.000000,,,0,1,,,,,0.671502,DEFAULT
ga,hfvrp_n150_m30_s04,150,30,0.001000,1,18879.358046,97895.625048,18977.253671,0.000000,,,0,1,,,,,0.096334,SMALL
ga,hfvrp_n200_m40_s01,200,40,0.001000,1788170649096936621,27280.872102,124526.948159,27405.399050,0.000000,,,0,1,,,,,1.332217,DEFAULT
ga,hfvrp_n200_m40_s01,200,40,0.001000,1788170646138748210,37546.550449,149358.695497,37695.909145,0.000000,,,0,1,,,,,0.160078,SMALL
ga,hfvrp_n150_m30_s04,150,30,0.001000,1,11711.592912,48923.169439,11760.516082,0.000000,,,0,1,,,,,13.755805,MEDIUM
ga,hfvrp_n150_m30_s05,150,30,0.001000,1788170141070695552,11088.956626,36365.652238,11125.322278,0.000000,,,0,1,,,,,42.193272,BIG
ga,hfvrp_n150_m30_s05,150,30,0.001000,1,16269.239741,49506.329926,16318.746071,0.000000,,,0,1,,,,,0.696620,DEFAULT
ga,hfvrp_n150_m30_s05,150,30,0.001000,1,18557.367150,62769.695643,18620.136846,0.000000,,,0,1,,,,,0.101035,SMALL
ga,hfvrp_n200_m40_s01,200,40,0.001000,1788170642014665026,19557.258797,61913.162922,19619.171959,0.000000,,,0,1,,,,,26.146669,MEDIUM
ga,hfvrp_n150_m30_s03,150,30,0.001000,10,11127.853593,45253.932058,11173.107525,0.000000,,,0,1,,,,,42.466768,BIG
ga,hfvrp_n150_m30_s02,150,30,0.001000,75,10199.888389,44907.722523,10244.796112,0.000000,,,0,1,,,,,42.055229,BIG
ga,hfvrp_n150_m30_s01,150,30,0.001000,200,10267.188035,48944.480989,10316.132516,0.000000,,,0,1,,,,,41.877758,BIG
ga,hfvrp_n150_m30_s03,150,30,0.001000,50,16570.518068,78074.632434,16648.592700,0.000000,,,0,1,,,,,0.675016,DEFAULT
ga,hfvrp_n150_m30_s03,150,30,0.001000,50,20069.288176,73382.664728,20142.670840,0.000000,,,0,1,,,,,0.095480,SMALL
ga,hfvrp_n150_m30_s05,150,30,0.001000,1,11783.984271,49024.192467,11833.008463,0.000000,,,0,1,,,,,14.291157,MEDIUM
ga,hfvrp_n150_m30_s01,150,30,0.001000,999,15479.036032,71603.505635,15550.639537,0.000000,,,0,1,,,,,0.684921,DEFAULT
ga,hfvrp_n150_m30_s01,150,30,0.001000,999,18626.983825,110705.368065,18737.689193,0.000000,,,0,1,,,,,0.101231,SMALL
ga,hfvrp_n150_m30_s02,150,30,0.001000,100,16119.961383,90258.432989,16210.219816,0.000000,,,0,1,,,,,0.691455,DEFAULT
ga,hfvrp_n150_m30_s02,150,30,0.001000,100,17765.616123,77356.205924,17842.972329,0.000000,,,0,1,,,,,0.098238,SMALL
ga,hfvrp_n150_m30_s03,150,30,0.001000,50,12854.204658,60653.522278,12914.858180,0.000000,,,0,1,,,,,13.786665,MEDIUM
ga,hfvrp_n150_m30_s04,150,30,0.001000,1,12350.832450,59368.442125,12410.200893,0.000000,,,0,1,,,,,41.642055,BIG
ga,hfvrp_n150_m30_s01,150,30,0.001000,999,11231.603216,48857.097988,11280.460314,0.000000,,,0,1,,,,,13.636498,MEDIUM
ga,hfvrp_n150_m30_s02,150,30,0.001000,100,11583.306354,52417.552858,11635.723907,0.000000,,,0,1,,,,,13.923966,MEDIUM
ga,hfvrp_n150_m30_s04,150,30,0.001000,10,15317.754729,71701.729877,15389.456459,0.000000,,,0,1,,,,,0.681795,DEFAULT
ga,hfvrp_n150_m30_s04,150,30,0.001000,10,21578.431328,109247.534711,21687.678863,0.000000,,,0,1,,,,,0.095269,SMALL
ga,hfvrp_n150_m30_s04,150,30,0.001000,10,13410.154935,72054.895647,13482.209831,0.000000,,,0,1,,,,,13.580589,MEDIUM
ga,hfvrp_n150_m30_s05,150,30,0.001000,1,10612.769303,41590.364455,10654.359667,0.000000,,,0,1,,,,,41.832814,BIG
ga,hfvrp_n150_m30_s05,150,30,0.001000,10,15606.856498,63362.366879,15670.218865,0.000000,,,0,1,,,,,0.662478,DEFAULT
ga,hfvrp_n150_m30_s05,150,30,0.001000,10,18491.206545,65196.488214,18556.403033,0.000000,,,0,1,,,,,0.097555,SMALL
ga,hfvrp_n150_m30_s03,150,30,0.001000,50,12089.371713,45241.532834,12134.613245,0.000000,,,0,1,,,,,41.729244,BIG
ga,hfvrp_n150_m30_s01,150,30,0.001000,999,11108.887494,48788.327813,11157.675822,0.000000,,,0,1,,,,,42.119993,BIG
ga,hfvrp_n150_m30_s02,150,30,0.001000,100,10552.984306,48010.692709,10600.994999,0.000000,,,0,1,,,,,41.887188,BIG
ga,hfvrp_n150_m30_s03,150,30,0.001000,75,16187.215751,78616.785666,16265.832537,0.000000,,,0,1,,,,,0.688754,DEFAULT
ga,hfvrp_n150_m30_s03,150,30,0.001000,75,21387.492496,122427.770470,21509.920266,0.000000,,,0,1,,,,,0.092488,SMALL
ga,hfvrp_n150_m30_s05,150,30,0.001000,10,11254.035207,34456.563802,11288.491771,0.000000,,,0,1,,,,,13.738721,MEDIUM
ga,hfvrp_n200_m40_s01,200,40,0.001000,1788170577971916135,20245.441693,54294.471599,20299.736165,0.000000,,,0,1,,,,,77.998331,BIG
ga,hfvrp_n150_m30_s01,150,30,0.001000,1234,16051.568810,85168.057789,16136.736868,0.000000,,,0,1,,,,,0.703055,DEFAULT
ga,hfvrp_n150_m30_s01,150,30,0.001000,1234,17822.551752,101745.567905,17924.297320,0.000000,,,0,1,,,,,0.108385,SMALL
ga,hfvrp_n150_m30_s02,150,30,0.001000,200,15320.391533,78170.868236,15398.562401,0.000000,,,0,1,,,,,0.684313,DEFAULT
ga,hfvrp_n150_m30_s02,150,30,0.001000,200,18894.281239,85488.503124,18979.769742,0.000000,,,0,1,,,,,0.093484,SMALL
ga,hfvrp_n150_m30_s03,150,30,0.001000,75,13239.673673,52749.756631,13292.423430,0.000000,,,0,1,,,,,13.695673,MEDIUM
ga,hfvrp_n150_m30_s04,150,30,0.001000,10,11871.054892,53108.072545,11924.162964,0.000000,,,0,1,,,,,41.679107,BIG
ga,hfvrp_n150_m30_s01,150,30,0.001000,1234,11593.310485,54668.689373,11647.979174,0.000000,,,0,1,,,,,13.465812,MEDIUM
ga,hfvrp_n150_m30_s04,150,30,0.001000,50,14987.032943,77610.242914,15064.643186,0.000000,,,0,1,,,,,0.685390,DEFAULT
ga,hfvrp_n150_m30_s04,150,30,0.001000,50,19417.394155,102963.870221,19520.358026,0.000000,,,0,1,,,,,0.091801,SMALL
ga,hfvrp_n150_m30_s02,150,30,0.001000,200,11385.605515,42168.231259,11427.773746,0.000000,,,0,1,,,,,13.801438,MEDIUM
ga,hfvrp_n200_m40_s01,200,40,0.001000,1,30541.648488,99501.192950,30641.149681,0.000000,,,0,1,,,,,1.297177,DEFAULT
ga,hfvrp_n200_m40_s01,200,40,0.001000,1,36163.823371,142767.137924,36306.590509,0.000000,,,0,1,,,,,0.166526,SMALL
ga,hfvrp_n150_m30_s04,150,30,0.001000,50,12042.897973,54931.446097,12097.829420,0.000000,,,0,1,,,,,13.757561,MEDIUM
ga,hfvrp_n150_m30_s05,150,30,0.001000,10,10201.420794,30484.274103,10231.905069,0.000000,,,0,1,,,,,41.979188,BIG
ga,hfvrp_n200_m40_s01,200,40,0.001000,1,19852.857706,52249.587773,19905.107294,0.000000,,,0,1,,,,,26.063275,MEDIUM
ga,hfvrp_n150_m30_s05,150,30,0.001000,50,14215.215959,59964.402177,14275.180361,0.000000,,,0,1,,,,,0.678563,DEFAULT
ga,hfvrp_n150_m30_s05,150,30,0.001000,50,18842.695958,86658.064391,18929.354022,0.000000,,,0,1,,,,,0.094221,SMALL
ga,hfvrp_n150_m30_s03,150,30,0.001000,75,12284.786377,49062.181236,12333.848558,0.000000,,,0,1,,,,,42.101445,BIG
ga,hfvrp_n150_m30_s03,150,30,0.001000,100,16000.786822,64159.758766,16064.946581,0.000000,,,0,1,,,,,0.682731,DEFAULT
ga,hfvrp_n150_m30_s03,150,30,0.001000,100,19896.601418,125512.618587,20022.114036,0.000000,,,0,1,,,,,0.103036,SMALL
ga,hfvrp_n150_m30_s01,150,30,0.001000,1234,10187.410214,49290.798078,10236.701012,0.000000,,,0,1,,,,,43.147163,BIG
ga,hfvrp_n150_m30_s02,150,30,0.001000,200,11293.149275,49902.243139,11343.051519,0.000000,,,0,1,,,,,43.122201,BIG
ga,hfvrp_n150_m30_s05,150,30,0.001000,50,10706.534019,34338.839450,10740.872858,0.000000,,,0,1,,,,,13.692644,MEDIUM
ga,hfvrp_n150_m30_s01,150,30,0.001000,9999,15755.150858,57543.364744,15812.694222,0.000000,,,0,1,,,,,0.678450,DEFAULT
ga,hfvrp_n150_m30_s01,150,30,0.001000,9999,17247.564749,85130.926720,17332.695676,0.000000,,,0,1,,,,,0.114459,SMALL
ga,hfvrp_n150_m30_s02,150,30,0.001000,999,17951.095727,78213.557182,18029.309284,0.000000,,,0,1,,,,,0.653790,DEFAULT
ga,hfvrp_n150_m30_s02,150,30,0.001000,999,18269.996913,91892.136204,18361.889050,0.000000,,,0,1,,,,,0.095014,SMALL
ga,hfvrp_n150_m30_s04,150,30,0.001000,50,11492.400789,54377.586358,11546.778376,0.000000,,,0,1,,,,,41.210243,BIG
ga,hfvrp_n150_m30_s03,150,30,0.001000,100,11564.752104,51640.535025,11616.392639,0.000000,,,0,1,,,,,13.756183,MEDIUM
ga,hfvrp_n150_m30_s04,150,30,0.001000,75,16851.790705,103712.507228,16955.503213,0.000000,,,0,1,,,,,0.643659,DEFAULT
ga,hfvrp_n150_m30_s04,150,30,0.001000,75,20652.026167,122823.852280,20774.850019,0.000000,,,0,1,,,,,0.092153,SMALL
ga,hfvrp_n150_m30_s01,150,30,0.001000,9999,12287.447046,53814.002691,12341.261048,0.000000,,,0,1,,,,,13.302358,MEDIUM
ga,hfvrp_n150_m30_s02,150,30,0.001000,999,10052.143883,39806.142733,10091.950026,0.000000,,,0,1,,,,,14.064207,MEDIUM
ga,hfvrp_n150_m30_s04,150,30,0.001000,75,11965.787594,57412.953148,12023.200547,0.000000,,,0,1,,,,,13.675929,MEDIUM
ga,hfvrp_n150_m30_s05,150,30,0.001000,50,11551.249430,46884.530831,11598.133961,0.000000,,,0,1,,,,,42.459537,BIG
ga,hfvrp_n150_m30_s05,150,30,0.001000,75,15378.053606,46770.627122,15424.824234,0.000000,,,0,1,,,,,0.687685,DEFAULT
ga,hfvrp_n150_m30_s05,150,30,0.001000,75,19441.296788,99438.764966,19540.735553,0.000000,,,0,1,,,,,0.091235,SMALL
ga,hfvrp_n150_m30_s03,150,30,0.001000,100,12011.072980,58077.374787,12069.150355,0.000000,,,0,1,,,,,42.352238,BIG
ga,hfvrp_n150_m30_s01,150,30,0.001000,9999,12178.710840,58419.991214,12237.130831,0.000000,,,0,1,,,,,41.257216,BIG
ga,hfvrp_n150_m30_s03,150,30,0.001000,200,15570.291878,59910.236469,15630.202115,0.000000,,,0,1,,,,,0.701837,DEFAULT
ga,hfvrp_n150_m30_s03,150,30,0.001000,200,18655.561950,104486.137514,18760.048087,0.000000,,,0,1,,,,,0.106220,SMALL
ga,hfvrp_n200_m40_s01,200,40,0.001000,1,20098.455411,61599.545638,20160.054957,0.000000,,,0,1,,,,,78.138908,BIG
ga,hfvrp_n150_m30_s05,150,30,0.001000,75,10658.378720,44037.955457,10702.416676,0.000000,,,0,1,,,,,13.812550,MEDIUM
ga,hfvrp_n150_m30_s02,150,30,0.001000,999,10974.939194,46287.936926,11021.227131,0.000000,,,0,1,,,,,41.893057,BIG
ga,hfvrp_n150_m30_s01,150,30,0.001000,19345,17026.763459,93885.327123,17120.648786,0.000000,,,0,1,,,,,0.672187,DEFAULT
ga,hfvrp_n150_m30_s01,150,30,0.001000,19345,18797.538461,121840.543665,18919.379004,0.000000,,,0,1,,,,,0.099235,SMALL
ga,hfvrp_n150_m30_s02,150,30,0.001000,1234,16616.951630,75800.359385,16692.751989,0.000000,,,0,1,,,,,0.667031,DEFAULT
ga,hfvrp_n150_m30_s02,150,30,0.001000,1234,20276.205693,99058.148379,20375.263842,0.000000,,,0,1,,,,,0.088374,SMALL
ga,hfvrp_n150_m30_s03,150,30,0.001000,200,12095.216081,41031.635015,12136.247716,0.000000,,,0,1,,,,,13.509042,MEDIUM
ga,hfvrp_n150_m30_s04,150,30,0.001000,75,11629.167923,63026.603107,11692.194526,0.000000,,,0,1,,,,,42.669090,BIG
ga,hfvrp_n150_m30_s04,150,30,0.001000,100,16088.243226,74974.476433,16163.217703,0.000000,,,0,1,,,,,0.661628,DEFAULT
ga,hfvrp_n150_m30_s04,150,30,0.001000,100,18820.241150,128518.485252,18948.759636,0.000000,,,0,1,,,,,0.100482,SMALL
ga,hfvrp_n150_m30_s01,150,30,0.001000,19345,11202.829675,45519.398644,11248.349074,0.000000,,,0,1,,,,,13.999150,MEDIUM
ga,hfvrp_n200_m40_s01,200,40,0.001000,10,28980.712097,120819.454556,29101.531552,0.000000,,,0,1,,,,,1.310914,DEFAULT
ga,hfvrp_n200_m40_s01,200,40,0.001000,10,34790.743671,141800.623989,34932.544295,0.000000,,,0,1,,,,,0.167299,SMALL
ga,hfvrp_n150_m30_s02,150,30,0.001000,1234,11387.259632,44988.377012,11432.248009,0.000000,,,0,1,,,,,13.811203,MEDIUM
ga,hfvrp_n150_m30_s04,150,30,0.001000,100,12397.382094,74471.348570,12471.853443,0.000000,,,0,1,,,,,13.361898,MEDIUM
ga,hfvrp_n150_m30_s05,150,30,0.001000,75,10397.288832,36462.307313,10433.751139,0.000000,,,0,1,,,,,42.970200,BIG
ga,hfvrp_n200_m40_s01,200,40,0.001000,10,19933.580806,59971.615939,19993.552422,0.000000,,,0,1,,,,,27.308485,MEDIUM
ga,hfvrp_n150_m30_s05,150,30,0.001000,100,15383.517253,74491.637322,15458.008890,0.000000,,,0,1,,,,,0.686722,DEFAULT
ga,hfvrp_n150_m30_s05,150,30,0.001000,100,17138.096824,63602.674356,17201.699499,0.000000,,,0,1,,,,,0.097191,SMALL
ga,hfvrp_n150_m30_s03,150,30,0.001000,200,11682.274201,51387.195280,11733.661396,0.000000,,,0,1,,,,,41.943836,BIG
ga,hfvrp_n150_m30_s03,150,30,0.001000,999,16094.674288,59524.616419,16154.198904,0.000000,,,0,1,,,,,0.684082,DEFAULT
ga,hfvrp_n150_m30_s03,150,30,0.001000,999,17641.856612,74804.146991,17716.660759,0.000000,,,0,1,,,,,0.104472,SMALL
ga,hfvrp_n150_m30_s01,150,30,0.001000,19345,10550.211460,52053.497850,10602.264958,0.000000,,,0,1,,,,,42.506997,BIG
ga,hfvrp_n150_m30_s02,150,30,0.001000,1234,11290.524781,44580.047803,11335.104829,0.000000,,,0,1,,,,,41.273946,BIG
ga,hfvrp_n150_m30_s05,150,30,0.001000,100,10887.257099,34452.016713,10921.709116,0.000000,,,0,1,,,,,13.904297,MEDIUM
ga,hfvrp_n150_m30_s01,150,30,0.001000,1788168951113021376,15371.413369,73798.012009,15445.211381,0.000000,,,0,1,,,,,0.672399,DEFAULT
ga,hfvrp_n150_m30_s01,150,30,0.001000,1788168887371570011,17576.939699,101382.746796,17678.322446,0.000000,,,0,1,,,,,0.103232,SMALL
ga,hfvrp_n150_m30_s03,150,30,0.001000,999,12717.851503,57186.561844,12775.038065,0.000000,,,0,1,,,,,13.759090,MEDIUM
ga,hfvrp_n150_m30_s04,150,30,0.001000,100,11385.677494,60253.070489,11445.930565,0.000000,,,0,1,,,,,42.445894,BIG
ga,hfvrp_n150_m30_s02,150,30,0.001000,9999,16551.489796,87807.908428,16639.297704,0.000000,,,0,1,,,,,0.678086,DEFAULT
ga,hfvrp_n150_m30_s02,150,30,0.001000,9999,19605.847585,80539.461241,19686.387046,0.000000,,,0,1,,,,,0.094671,SMALL
ga,hfvrp_n150_m30_s04,150,30,0.001000,200,15887.666941,81679.806461,15969.346747,0.000000,,,0,1,,,,,0.692837,DEFAULT
ga,hfvrp_n150_m30_s04,150,30,0.001000,200,18023.450241,115591.396879,18139.041638,0.000000,,,0,1,,,,,0.095877,SMALL
ga,hfvrp_n150_m30_s01,150,30,0.001000,1788168891777089792,11472.751714,53459.252531,11526.210966,0.000000,,,0,1,,,,,13.850140,MEDIUM
ga,hfvrp_n150_m30_s02,150,30,0.001000,9999,11447.295729,44194.425988,11491.490155,0.000000,,,0,1,,,,,13.703081,MEDIUM
ga,hfvrp_n150_m30_s04,150,30,0.001000,200,13748.075575,69923.858494,13817.999434,0.000000,,,0,1,,,,,13.770673,MEDIUM
ga,hfvrp_n150_m30_s05,150,30,0.001000,100,11976.214273,41554.986758,12017.769260,0.000000,,,0,1,,,,,40.765474,BIG
ga,hfvrp_n150_m30_s05,150,30,0.001000,200,17303.525662,80199.111610,17383.724773,0.000000,,,0,1,,,,,0.674833,DEFAULT
ga,hfvrp_n150_m30_s05,150,30,0.001000,200,17631.639344,75438.873303,17707.078217,0.000000,,,0,1,,,,,0.099758,SMALL
ga,hfvrp_n150_m30_s03,150,30,0.001000,999,11478.169494,46629.681197,11524.799175,0.000000,,,0,1,,,,,41.127026,BIG
ga,hfvrp_n150_m30_s03,150,30,0.001000,1234,16500.610516,63653.263203,16564.263779,0.000000,,,0,1,,,,,0.673905,DEFAULT
ga,hfvrp_n150_m30_s03,150,30,0.001000,1234,19576.732087,98813.858577,19675.545946,0.000000,,,0,1,,,,,0.093340,SMALL
ga,hfvrp_n150_m30_s01,150,30,0.001000,1788168871272602125,10450.191220,45686.581957,10495.877802,0.000000,,,0,1,,,,,41.956347,BIG
ga,hfvrp_n200_m40_s01,200,40,0.001000,10,19209.469106,59352.583923,19268.821690,0.000000,,,0,1,,,,,77.999513,BIG
ga,hfvrp_n150_m30_s05,150,30,0.001000,200,11773.687432,51819.194889,11825.506627,0.000000,,,0,1,,,,,13.990249,MEDIUM
ga,hfvrp_n150_m30_s02,150,30,0.001000,9999,10322.116819,46417.649440,10368.534468,0.000000,,,0,1,,,,,42.707747,BIG
ga,hfvrp_n150_m30_s03,150,30,0.001000,1234,11747.278116,51354.803658,11798.632920,0.000000,,,0,1,,,,,13.901133,MEDIUM
ga,hfvrp_n150_m30_s04,150,30,0.001000,200,12327.115473,53067.078449,12380.182552,0.000000,,,0,1,,,,,41.481104,BIG
ga,hfvrp_n150_m30_s02,150,30,0.001000,19345,16573.355067,75247.589702,16648.602656,0.000000,,,0,1,,,,,0.683079,DEFAULT
ga,hfvrp_n150_m30_s02,150,30,0.001000,19345,19637.355093,97470.619359,19734.825712,0.000000,,,0,1,,,,,0.087551,SMALL
ga,hfvrp_n150_m30_s04,150,30,0.001000,999,16400.857026,86811.099930,16487.668126,0.000000,,,0,1,,,,,0.683680,DEFAULT
ga,hfvrp_n150_m30_s04,150,30,0.001000,999,19209.086073,137548.113938,19346.634187,0.000000,,,0,1,,,,,0.087082,SMALL
ga,hfvrp_n200_m40_s01,200,40,0.001000,50,32398.652454,134748.233483,32533.400688,0.000000,,,0,1,,,,,1.336921,DEFAULT
ga,hfvrp_n200_m40_s01,200,40,0.001000,50,32299.709540,144076.890516,32443.786431,0.000000,,,0,1,,,,,0.176853,SMALL
ga,hfvrp_n200_m40_s02,200,40,0.001000,1788168815345106089,25320.491252,97195.547549,25417.686799,0.000000,,,0,1,,,,,1.316641,DEFAULT
ga,hfvrp_n200_m40_s02,200,40,0.001000,1788168846731481386,31727.895003,97524.312378,31825.419315,0.000000,,,0,1,,,,,0.169874,SMALL
ga,hfvrp_n150_m30_s02,150,30,0.001000,19345,11424.257907,46001.979247,11470.259886,0.000000,,,0,1,,,,,13.740320,MEDIUM
ga,hfvrp_n150_m30_s04,150,30,0.001000,999,12065.505574,64407.404104,12129.912978,0.000000,,,0,1,,,,,13.778752,MEDIUM
ga,hfvrp_n150_m30_s05,150,30,0.001000,200,11286.462378,39062.867496,11325.525246,0.000000,,,0,1,,,,,42.822410,BIG
ga,hfvrp_n200_m40_s01,200,40,0.001000,50,19959.642277,63102.733673,20022.745011,0.000000,,,0,1,,,,,25.939090,MEDIUM
ga,hfvrp_n200_m40_s02,200,40,0.001000,1788168834021276320,19567.991750,69314.028224,19637.305779,0.000000,,,0,1,,,,,26.626306,MEDIUM
ga,hfvrp_n150_m30_s03,150,30,0.001000,1234,12450.081437,55308.149405,12505.389587,0.000000,,,0,1,,,,,41.538590,BIG
ga,hfvrp_n150_m30_s05,150,30,0.001000,999,16107.494198,61024.133425,16168.518331,0.000000,,,0,1,,,,,0.682798,DEFAULT
ga,hfvrp_n150_m30_s05,150,30,0.001000,999,18751.063528,88276.492532,18839.340020,0.000000,,,0,1,,,,,0.097759,SMALL
ga,hfvrp_n150_m30_s03,150,30,0.001000,9999,16031.302233,94777.210209,16126.079443,0.000000,,,0,1,,,,,0.677723,DEFAULT
ga,hfvrp_n150_m30_s03,150,30,0.001000,9999,18069.777134,83370.973497,18153.148108,0.000000,,,0,1,,,,,0.105098,SMALL
ga,hfvrp_n150_m30_s05,150,30,0.001000,999,10653.870970,34158.546279,10688.029516,0.000000,,,0,1,,,,,13.869563,MEDIUM
ga,hfvrp_n150_m30_s02,150,30,0.001000,19345,10106.351076,45581.854064,10151.932930,0.000000,,,0,1,,,,,43.204266,BIG
ga,hfvrp_n150_m30_s03,150,30,0.001000,9999,12305.912149,52825.293656,12358.737443,0.000000,,,0,1,,,,,13.799107,MEDIUM
ga,hfvrp_n150_m30_s04,150,30,0.001000,999,12305.870052,62024.909650,12367.894962,0.000000,,,0,1,,,,,41.399469,BIG
ga,hfvrp_n150_m30_s04,150,30,0.001000,1234,15428.490573,78990.388068,15507.480961,0.000000,,,0,1,,,,,0.673695,DEFAULT
ga,hfvrp_n150_m30_s04,150,30,0.001000,1234,20420.479135,142212.363670,20562.691498,0.000000,,,0,1,,,,,0.087121,SMALL
ga,hfvrp_n150_m30_s02,150,30,0.001000,1788168925978705107,13457.952156,57473.825823,13515.425982,0.000000,,,0,1,,,,,0.670549,DEFAULT
ga,hfvrp_n150_m30_s02,150,30,0.001000,1788168913769118973,17673.875653,108924.897966,17782.800551,0.000000,,,0,1,,,,,0.087053,SMALL
ga,hfvrp_n150_m30_s04,150,30,0.001000,1234,11954.760740,63061.702205,12017.822442,0.000000,,,0,1,,,,,13.859035,MEDIUM
ga,hfvrp_n150_m30_s02,150,30,0.001000,1788169124314287338,10571.033312,47015.941902,10618.049254,0.000000,,,0,1,,,,,13.551429,MEDIUM
ga,hfvrp_n150_m30_s05,150,30,0.001000,999,10407.177844,37959.752114,10445.137597,0.000000,,,0,1,,,,,42.574846,BIG
ga,hfvrp_n150_m30_s03,150,30,0.001000,9999,12290.901035,51385.532952,12342.286567,0.000000,,,0,1,,,,,42.220235,BIG
ga,hfvrp_n150_m30_s05,150,30,0.001000,1234,15285.249848,52041.214904,15337.291062,0.000000,,,0,1,,,,,0.677687,DEFAULT
ga,hfvrp_n150_m30_s05,150,30,0.001000,1234,18499.654684,101299.842569,18600.954527,0.000000,,,0,1,,,,,0.090795,SMALL
ga,hfvrp_n150_m30_s03,150,30,0.001000,19345,16850.426415,86087.084913,16936.513500,0.000000,,,0,1,,,,,0.703490,DEFAULT
ga,hfvrp_n150_m30_s03,150,30,0.001000,19345,20944.788797,117972.823663,21062.761620,0.000000,,,0,1,,,,,0.095050,SMALL
ga,hfvrp_n200_m40_s01,200,40,0.001000,50,21168.661434,73229.591840,21241.891026,0.000000,,,0,1,,,,,78.340558,BIG
ga,hfvrp_n200_m40_s02,200,40,0.001000,1788168980917958673,16914.763513,51930.566818,16966.694080,0.000000,,,0,1,,,,,76.653556,BIG
ga,hfvrp_n150_m30_s05,150,30,0.001000,1234,10877.642572,40429.673188,10918.072245,0.000000,,,0,1,,,,,13.954641,MEDIUM
ga,hfvrp_n150_m30_s04,150,30,0.001000,1234,11714.918208,54094.222090,11769.012430,0.000000,,,0,1,,,,,41.430841,BIG
ga,hfvrp_n150_m30_s03,150,30,0.001000,19345,12387.885465,47586.463905,12435.471929,0.000000,,,0,1,,,,,13.411490,MEDIUM
ga,hfvrp_n150_m30_s02,150,30,0.001000,1788169129281016608,12164.356204,52744.821386,12217.101025,0.000000,,,0,1,,,,,41.126847,BIG
ga,hfvrp_n150_m30_s04,150,30,0.001000,9999,16098.564050,74407.198149,16172.971248,0.000000,,,0,1,,,,,0.669472,DEFAULT
ga,hfvrp_n150_m30_s04,150,30,0.001000,9999,20423.237378,134900.901416,20558.138279,0.000000,,,0,1,,,,,0.092739,SMALL
ga,hfvrp_n200_m40_s01,200,40,0.001000,75,31446.036770,139863.744544,31585.900514,0.000000,,,0,1,,,,,1.375546,DEFAULT
ga,hfvrp_n200_m40_s01,200,40,0.001000,75,37944.115487,185283.692444,38129.399180,0.000000,,,0,1,,,,,0.163080,SMALL
ga,hfvrp_n200_m40_s02,200,40,0.001000,1,30106.427127,86468.434207,30192.895561,0.000000,,,0,1,,,,,1.289818,DEFAULT
ga,hfvrp_n200_m40_s02,200,40,0.001000,1,37216.076935,118715.885301,37334.792820,0.000000,,,0,1,,,,,0.165637,SMALL
ga,hfvrp_n150_m30_s04,150,30,0.001000,9999,11042.218219,44204.687129,11086.422907,0.000000,,,0,1,,,,,13.913213,MEDIUM
ga,hfvrp_n200_m40_s03,200,40,0.001000,1788169142263072092,29958.370120,150095.790762,30108.465911,0.000000,,,0,1,,,,,1.281194,DEFAULT
ga,hfvrp_n200_m40_s03,200,40,0.001000,1788169152139262768,32336.688296,125859.726604,32462.548023,0.000000,,,0,1,,,,,0.169526,SMALL
ga,hfvrp_n200_m40_s01,200,40,0.001000,75,19960.323938,61307.335798,20021.631274,0.000000,,,0,1,,,,,25.940580,MEDIUM
ga,hfvrp_n150_m30_s05,150,30,0.001000,1234,10911.569435,40158.471685,10951.727906,0.000000,,,0,1,,,,,42.387507,BIG
ga,hfvrp_n150_m30_s03,150,30,0.001000,19345,11857.759875,53695.550434,11911.455425,0.000000,,,0,1,,,,,41.252831,BIG
ga,hfvrp_n200_m40_s02,200,40,0.001000,1,22919.222828,82857.563102,23002.080391,0.000000,,,0,1,,,,,27.975363,MEDIUM
ga,hfvrp_n150_m30_s05,150,30,0.001000,9999,16100.556348,80393.415163,16180.949763,0.000000,,,0,1,,,,,0.650507,DEFAULT
ga,hfvrp_n150_m30_s05,150,30,0.001000,9999,21706.312867,102811.194982,21809.124062,0.000000,,,0,1,,,,,0.089689,SMALL
ga,hfvrp_n150_m30_s03,150,30,0.001000,1788168374935121752,16558.977002,74194.424220,16633.171426,0.000000,,,0,1,,,,,0.675513,DEFAULT
ga,hfvrp_n200_m40_s03,200,40,0.001000,1788169096479138466,19448.196670,63814.918712,19512.011588,0.000000,,,0,1,,,,,26.506492,MEDIUM
ga,hfvrp_n150_m30_s03,150,30,0.001000,1788168371324958558,20957.035544,91407.122027,21048.442666,0.000000,,,0,1,,,,,0.102316,SMALL
ga,hfvrp_n150_m30_s05,150,30,0.001000,9999,10786.826342,36604.404525,10823.430746,0.000000,,,0,1,,,,,13.740601,MEDIUM
ga,hfvrp_n150_m30_s03,150,30,0.001000,1788168362846794307,12134.653737,58620.890844,12193.274628,0.000000,,,0,1,,,,,13.763319,MEDIUM
ga,hfvrp_n150_m30_s04,150,30,0.001000,9999,12821.031286,60408.703264,12881.439989,0.000000,,,0,1,,,,,42.182837,BIG
ga,hfvrp_n150_m30_s04,150,30,0.001000,19345,19022.465940,90539.449883,19113.005389,0.000000,,,0,1,,,,,0.680007,DEFAULT
ga,hfvrp_n150_m30_s04,150,30,0.001000,19345,21019.896140,118680.382773,21138.576523,0.000000,,,0,1,,,,,0.092383,SMALL
ga,hfvrp_n150_m30_s04,150,30,0.001000,19345,13639.359670,76873.021194,13716.232691,0.000000,,,0,1,,,,,13.454047,MEDIUM
ga,hfvrp_n150_m30_s05,150,30,0.001000,9999,11421.141170,35609.114814,11456.750285,0.000000,,,0,1,,,,,41.139744,BIG
ga,hfvrp_n150_m30_s03,150,30,0.001000,1788168436749808607,12134.330329,48520.514291,12182.850843,0.000000,,,0,1,,,,,42.282598,BIG
ga,hfvrp_n150_m30_s05,150,30,0.001000,19345,15419.160741,59682.228963,15478.842970,0.000000,,,0,1,,,,,0.677910,DEFAULT
ga,hfvrp_n150_m30_s05,150,30,0.001000,19345,21402.160763,68450.525855,21470.611289,0.000000,,,0,1,,,,,0.095148,SMALL
ga,hfvrp_n200_m40_s01,200,40,0.001000,75,20466.309828,64293.429123,20530.603257,0.000000,,,0,1,,,,,79.144503,BIG
ga,hfvrp_n200_m40_s02,200,40,0.001000,1,20868.779046,61256.976930,20930.036023,0.000000,,,0,1,,,,,75.645325,BIG
ga,hfvrp_n150_m30_s05,150,30,0.001000,19345,11591.731390,38633.747361,11630.365137,0.000000,,,0,1,,,,,13.864798,MEDIUM
ga,hfvrp_n150_m30_s04,150,30,0.001000,19345,12696.004654,59361.827665,12755.366482,0.000000,,,0,1,,,,,42.039403,BIG
ga,hfvrp_n200_m40_s03,200,40,0.001000,1788168367077999229,19551.647575,70869.659440,19622.517234,0.000000,,,0,1,,,,,77.227931,BIG
ga,hfvrp_n200_m40_s04,200,40,0.001000,1788168715117260312,33241.882877,135526.247321,33377.409125,0.000000,,,0,1,,,,,1.227263,DEFAULT
ga,hfvrp_n200_m40_s04,200,40,0.001000,1788168712054046483,34114.009119,158651.059178,34272.660178,0.000000,,,0,1,,,,,0.159132,SMALL
ga,hfvrp_n150_m30_s04,150,30,0.001000,1788168741801837030,16475.715482,68135.407538,16543.850890,0.000000,,,0,1,,,,,0.679355,DEFAULT
ga,hfvrp_n150_m30_s04,150,30,0.001000,1788168738190555789,20309.228364,125861.729209,20435.090093,0.000000,,,0,1,,,,,0.089983,SMALL
ga,hfvrp_n200_m40_s01,200,40,0.001000,100,34583.837221,156378.138284,34740.215359,0.000000,,,0,1,,,,,1.253537,DEFAULT
ga,hfvrp_n200_m40_s01,200,40,0.001000,100,37279.734239,138722.443736,37418.456683,0.000000,,,0,1,,,,,0.170411,SMALL
ga,hfvrp_n200_m40_s02,200,40,0.001000,10,30842.542765,114920.980717,30957.463746,0.000000,,,0,1,,,,,1.336823,DEFAULT
ga,hfvrp_n200_m40_s02,200,40,0.001000,10,35809.214564,131290.493727,35940.505058,0.000000,,,0,1,,,,,0.172926,SMALL
ga,hfvrp_n150_m30_s04,150,30,0.001000,1788168733989754856,12122.558468,51616.473080,12174.174941,0.000000,,,0,1,,,,,13.663701,MEDIUM
ga,hfvrp_n200_m40_s03,200,40,0.001000,1,28327.855228,133783.624872,28461.638853,0.000000,,,0,1,,,,,1.305572,DEFAULT
ga,hfvrp_n200_m40_s03,200,40,0.001000,1,36499.558672,147112.904424,36646.671577,0.000000,,,0,1,,,,,0.175525,SMALL
ga,hfvrp_n200_m40_s04,200,40,0.001000,1788168716512478521,21458.496154,54632.178942,21513.128333,0.000000,,,0,1,,,,,25.903147,MEDIUM
ga,hfvrp_n200_m40_s01,200,40,0.001000,100,21217.438326,57121.107075,21274.559433,0.000000,,,0,1,,,,,25.667501,MEDIUM
ga,hfvrp_n150_m30_s05,150,30,0.001000,19345,10639.620117,36617.532080,10676.237649,0.000000,,,0,1,,,,,43.023774,BIG
ga,hfvrp_n200_m40_s02,200,40,0.001000,10,19871.431562,59411.888926,19930.843451,0.000000,,,0,1,,,,,27.525181,MEDIUM
ga,hfvrp_n150_m30_s05,150,30,0.001000,1788168318969308156,15211.540657,49756.632981,15261.297290,0.000000,,,0,1,,,,,0.675953,DEFAULT
ga,hfvrp_n200_m40_s03,200,40,0.001000,1,20845.980726,94512.929737,20940.493656,0.000000,,,0,1,,,,,26.682681,MEDIUM
ga,hfvrp_n150_m30_s05,150,30,0.001000,1788168323945064464,21311.297990,78228.508752,21389.526499,0.000000,,,0,1,,,,,0.093466,SMALL
ga,hfvrp_n150_m30_s04,150,30,0.001000,1788168197902620183,11945.708600,54582.057215,12000.290658,0.000000,,,0,1,,,,,41.064723,BIG
ga,hfvrp_n150_m30_s05,150,30,0.001000,1788168332633069480,13688.773301,49817.354148,13738.590655,0.000000,,,0,1,,,,,13.711257,MEDIUM
ga,hfvrp_n200_m40_s05,200,40,0.001000,1788168429463804846,30966.270586,125422.555001,31091.693141,0.000000,,,0,1,,,,,1.293841,DEFAULT
ga,hfvrp_n200_m40_s05,200,40,0.001000,1788168435057746793,35663.892950,138355.261299,35802.248211,0.000000,,,0,1,,,,,0.163606,SMALL
ga,hfvrp_n150_m30_s05,150,30,0.001000,1788168217500560421,10389.320874,38709.507148,10428.030381,0.000000,,,0,1,,,,,41.821223,BIG
ga,augerat_A_n32_k5,31,8,0.001000,1788168383999634998,8338.493091,2366.571583,8340.859663,0.000000,,,0,1,,,,,0.104040,DEFAULT
ga,augerat_A_n32_k5,31,8,0.001000,1788168379813078429,8344.054498,2415.924782,8346.470423,0.000000,,,0,1,,,,,0.012703,SMALL
ga,augerat_A_n32_k5,31,8,0.001000,1788168392719405661,8242.965249,2187.548801,8245.152798,0.000000,,,0,1,,,,,2.089571,MEDIUM
ga,hfvrp_n200_m40_s05,200,40,0.001000,1788168405161625368,20677.744656,65098.563460,20742.843220,0.000000,,,0,1,,,,,25.760233,MEDIUM
ga,hfvrp_n200_m40_s04,200,40,0.001000,1788168201254905868,20511.795819,55283.596175,20567.079415,0.000000,,,0,1,,,,,79.457911,BIG
ga,augerat_A_n32_k5,31,8,0.001000,1788168399108377465,8232.517872,2156.194267,8234.674067,0.000000,,,0,1,,,,,6.280758,BIG
ga,augerat_A_n32_k5,31,8,0.001000,1,8344.877450,2486.767857,8347.364218,0.000000,,,0,1,,,,,0.102806,DEFAULT
ga,augerat_A_n32_k5,31,8,0.001000,1,8350.665412,2410.342117,8353.075754,0.000000,,,0,1,,,,,0.012368,SMALL
ga,augerat_A_n32_k5,31,8,0.001000,1,8248.512627,2305.667114,8250.818294,0.000000,,,0,1,,,,,2.077047,MEDIUM
ga,hfvrp_n200_m40_s01,200,40,0.001000,100,20412.376136,61355.441692,20473.731577,0.000000,,,0,1,,,,,78.047200,BIG
ga,augerat_A_n32_k5,31,8,0.001000,1,8237.403267,2195.189657,8239.598457,0.000000,,,0,1,,,,,6.290492,BIG
ga,augerat_A_n32_k5,31,8,0.001000,10,8333.448064,2403.047306,8335.851111,0.000000,,,0,1,,,,,0.100171,DEFAULT
ga,augerat_A_n32_k5,31,8,0.001000,10,8379.001501,2455.638629,8381.457139,0.000000,,,0,1,,,,,0.011870,SMALL
ga,augerat_A_n32_k5,31,8,0.001000,10,8242.614770,2290.439857,8244.905210,0.000000,,,0,1,,,,,2.080440,MEDIUM
ga,hfvrp_n200_m40_s02,200,40,0.001000,10,19838.044460,62713.729605,19900.758189,0.000000,,,0,1,,,,,83.006308,BIG
ga,hfvrp_n200_m40_s03,200,40,0.001000,1,20874.580250,88898.580396,20963.478830,0.000000,,,0,1,,,,,80.485824,BIG
ga,augerat_A_n32_k5,31,8,0.001000,10,8232.517872,2156.194267,8234.674067,0.000000,,,0,1,,,,,6.285154,BIG
ga,augerat_A_n32_k5,31,8,0.001000,50,8328.385094,2403.047306,8330.788142,0.000000,,,0,1,,,,,0.100271,DEFAULT
ga,augerat_A_n32_k5,31,8,0.001000,50,8431.814322,2441.471347,8434.255793,0.000000,,,0,1,,,,,0.012136,SMALL
ga,hfvrp_n200_m40_s04,200,40,0.001000,1,27553.518475,102995.557704,27656.514033,0.000000,,,0,1,,,,,1.345849,DEFAULT
ga,hfvrp_n200_m40_s04,200,40,0.001000,1,35360.651098,121012.546816,35481.663645,0.000000,,,0,1,,,,,0.168442,SMALL
ga,augerat_A_n32_k5,31,8,0.001000,50,8241.620463,2280.237937,8243.900701,0.000000,,,0,1,,,,,2.094988,MEDIUM
ga,hfvrp_n200_m40_s01,200,40,0.001000,200,32341.178613,118888.263981,32460.066877,0.000000,,,0,1,,,,,1.329262,DEFAULT
ga,hfvrp_n200_m40_s01,200,40,0.001000,200,35797.913549,161033.677489,35958.947227,0.000000,,,0,1,,,,,0.168508,SMALL
ga,augerat_A_n32_k5,31,8,0.001000,50,8232.517872,2156.194267,8234.674067,0.000000,,,0,1,,,,,6.299628,BIG
ga,augerat_A_n32_k5,31,8,0.001000,75,8357.952545,2430.229643,8360.382774,0.000000,,,0,1,,,,,0.100640,DEFAULT
ga,augerat_A_n32_k5,31,8,0.001000,75,8392.082265,2694.733763,8394.776999,0.000000,,,0,1,,,,,0.012326,SMALL
ga,augerat_A_n32_k5,31,8,0.001000,75,8257.116655,2140.047913,8259.256703,0.000000,,,0,1,,,,,2.057608,MEDIUM
ga,augerat_A_n32_k5,31,8,0.001000,75,8272.667643,2153.172709,8274.820816,0.000000,,,0,1,,,,,6.213201,BIG
ga,augerat_A_n32_k5,31,8,0.001000,100,8339.814481,2486.767857,8342.301249,0.000000,,,0,1,,,,,0.101048,DEFAULT
ga,augerat_A_n32_k5,31,8,0.001000,100,8376.429703,2533.111474,8378.962814,0.000000,,,0,1,,,,,0.011973,SMALL
ga,augerat_A_n32_k5,31,8,0.001000,100,8328.385094,2403.047306,8330.788142,0.000000,,,0,1,,,,,2.068957,MEDIUM
ga,hfvrp_n200_m40_s03,200,40,0.001000,10,30793.662820,138669.522702,30932.332343,0.000000,,,0,1,,,,,1.325237,DEFAULT
ga,hfvrp_n200_m40_s03,200,40,0.001000,10,34431.606899,151320.788530,34582.927688,0.000000,,,0,1,,,,,0.169147,SMALL
ga,hfvrp_n200_m40_s02,200,40,0.001000,50,31090.837417,140901.056356,31231.738474,0.000000,,,0,1,,,,,1.323201,DEFAULT
ga,hfvrp_n200_m40_s02,200,40,0.001000,50,36337.822074,127221.293056,36465.043367,0.000000,,,0,1,,,,,0.178294,SMALL
ga,augerat_A_n32_k5,31,8,0.001000,100,8232.517872,2156.194267,8234.674067,0.000000,,,0,1,,,,,6.292829,BIG
ga,augerat_A_n32_k5,31,8,0.001000,200,8334.706018,2251.717416,8336.957735,0.000000,,,0,1,,,,,0.101712,DEFAULT
ga,augerat_A_n32_k5,31,8,0.001000,200,8388.296436,2463.858703,8390.760295,0.000000,,,0,1,,,,,0.012427,SMALL
ga,hfvrp_n200_m40_s04,200,40,0.001000,1,20572.278005,58202.379952,20630.480385,0.000000,,,0,1,,,,,25.667721,MEDIUM
ga,augerat_A_n32_k5,31,8,0.001000,200,8242.910702,2192.482263,8245.103184,0.000000,,,0,1,,,,,2.085262,MEDIUM
ga,hfvrp_n200_m40_s01,200,40,0.001000,200,19237.657427,59801.262166,19297.458690,0.000000,,,0,1,,,,,25.623229,MEDIUM
ga,augerat_A_n32_k5,31,8,0.001000,200,8232.517872,2156.194267,8234.674067,0.000000,,,0,1,,,,,6.277381,BIG
ga,augerat_A_n32_k5,31,8,0.001000,999,8293.145527,2280.262766,8295.425790,0.000000,,,0,1,,,,,0.106079,DEFAULT
ga,augerat_A_n32_k5,31,8,0.001000,999,8394.884715,2462.805437,8397.347521,0.000000,,,0,1,,,,,0.011765,SMALL
ga,augerat_A_n32_k5,31,8,0.001000,999,8305.037718,2483.208407,8307.520926,0.000000,,,0,1,,,,,2.087660,MEDIUM
ga,augerat_A_n32_k5,31,8,0.001000,999,8232.517872,2156.194267,8234.674067,0.000000,,,0,1,,,,,6.262696,BIG
ga,augerat_A_n32_k5,31,8,0.001000,1234,8247.796097,2231.477652,8250.027574,0.000000,,,0,1,,,,,0.104919,DEFAULT
ga,augerat_A_n32_k5,31,8,0.001000,1234,8395.116428,3208.393654,8398.324822,0.000000,,,0,1,,,,,0.011789,SMALL
ga,augerat_A_n32_k5,31,8,0.001000,1234,8322.516988,2379.324890,8324.896312,0.000000,,,0,1,,,,,2.061650,MEDIUM
ga,hfvrp_n200_m40_s03,200,40,0.001000,10,20760.181288,71315.986813,20831.497275,0.000000,,,0,1,,,,,27.528252,MEDIUM
ga,hfvrp_n200_m40_s02,200,40,0.001000,50,20511.045474,79035.543949,20590.081018,0.000000,,,0,1,,,,,27.031359,MEDIUM
ga,augerat_A_n32_k5,31,8,0.001000,1234,8295.711048,2163.607297,8297.874656,0.000000,,,0,1,,,,,6.269810,BIG
ga,augerat_A_n32_k5,31,8,0.001000,9999,8337.246655,2407.901580,8339.654556,0.000000,,,0,1,,,,,0.103445,DEFAULT
ga,augerat_A_n32_k5,31,8,0.001000,9999,8379.857697,2478.585237,8382.336282,0.000000,,,0,1,,,,,0.011994,SMALL
ga,augerat_A_n32_k5,31,8,0.001000,9999,8262.311810,2217.671097,8264.529481,0.000000,,,0,1,,,,,2.142491,MEDIUM
ga,hfvrp_n200_m40_s05,200,40,0.001000,1788168387977456780,19509.681096,44945.212554,19554.626308,0.000000,,,0,1,,,,,79.853296,BIG
ga,augerat_A_n32_k5,31,8,0.001000,9999,8232.517872,2156.194267,8234.674067,0.000000,,,0,1,,,,,6.270116,BIG
ga,augerat_A_n32_k5,31,8,0.001000,19345,8291.943736,2188.610647,8294.132347,0.000000,,,0,1,,,,,0.101415,DEFAULT
ga,augerat_A_n32_k5,31,8,0.001000,19345,8358.326410,2401.187520,8360.727597,0.000000,,,0,1,,,,,0.011728,SMALL
ga,augerat_A_n32_k5,31,8,0.001000,19345,8232.517872,2156.194267,8234.674067,0.000000,,,0,1,,,,,2.077736,MEDIUM
ga,augerat_A_n32_k5,31,8,0.001000,19345,8232.517872,2156.194267,8234.674067,0.000000,,,0,1,,,,,6.264566,BIG
ga,augerat_A_n32_k5,31,8,0.001000,1788167782602698914,8348.002650,2365.792877,8350.368443,0.000000,,,0,1,,,,,0.099832,DEFAULT
ga,augerat_A_n32_k5,31,8,0.001000,1788167778411688406,8413.897634,2626.840960,8416.524475,0.000000,,,0,1,,,,,0.011589,SMALL
ga,augerat_A_n32_k5,31,8,0.001000,1788167774132008917,8232.517872,2156.194267,8234.674067,0.000000,,,0,1,,,,,2.076060,MEDIUM
ga,augerat_A_n32_k5,31,8,0.001000,1788167660252701637,8232.517872,2156.194267,8234.674067,0.000000,,,0,1,,,,,6.319675,BIG
ga,augerat_A_n37_k5,36,8,0.001000,1788167593778304454,8167.934381,1127.054294,8169.061435,0.000000,,,0,1,,,,,0.120736,DEFAULT
ga,augerat_A_n37_k5,36,8,0.001000,1788167589613042071,8301.732597,2192.813345,8303.925410,0.000000,,,0,1,,,,,0.017239,SMALL
ga,hfvrp_n200_m40_s05,200,40,0.001000,1,32983.514599,144697.916621,33128.212516,0.000000,,,0,1,,,,,1.331047,DEFAULT
ga,hfvrp_n200_m40_s05,200,40,0.001000,1,33866.485722,176824.743421,34043.310466,0.000000,,,0,1,,,,,0.175867,SMALL
ga,augerat_A_n37_k5,36,8,0.001000,1788167602518975437,8161.770007,1683.184727,8163.453191,0.000000,,,0,1,,,,,2.420706,MEDIUM
ga,augerat_A_n37_k5,36,8,0.001000,1788167600649102199,8146.492268,1593.001244,8148.085270,0.000000,,,0,1,,,,,7.258305,BIG
ga,augerat_A_n37_k5,36,8,0.001000,1,8239.750078,1425.100742,8241.175178,0.000000,,,0,1,,,,,0.118241,DEFAULT
ga,augerat_A_n37_k5,36,8,0.001000,1,8248.976224,1779.627429,8250.755852,0.000000,,,0,1,,,,,0.014415,SMALL
ga,augerat_A_n37_k5,36,8,0.001000,1,8188.007022,2051.898136,8190.058920,0.000000,,,0,1,,,,,2.439156,MEDIUM
ga,augerat_A_n37_k5,36,8,0.001000,1,8180.333199,1140.759480,8181.473958,0.000000,,,0,1,,,,,7.330139,BIG
ga,augerat_A_n37_k5,36,8,0.001000,10,8182.831716,1771.602900,8184.603319,0.000000,,,0,1,,,,,0.122231,DEFAULT
ga,augerat_A_n37_k5,36,8,0.001000,10,8287.890655,2178.244445,8290.068900,0.000000,,,0,1,,,,,0.014162,SMALL
ga,augerat_A_n37_k5,36,8,0.001000,10,8133.841259,1579.687556,8135.420947,0.000000,,,0,1,,,,,2.406733,MEDIUM
ga,hfvrp_n200_m40_s05,200,40,0.001000,1,21589.580848,59770.713018,21649.351561,0.000000,,,0,1,,,,,24.891135,MEDIUM
ga,hfvrp_n200_m40_s04,200,40,0.001000,1,19237.515093,63418.195585,19300.933288,0.000000,,,0,1,,,,,78.768974,BIG
ga,augerat_A_n37_k5,36,8,0.001000,10,8135.984443,1655.448598,8137.639892,0.000000,,,0,1,,,,,7.341692,BIG
ga,augerat_A_n37_k5,36,8,0.001000,50,8219.684418,1667.559455,8221.351977,0.000000,,,0,1,,,,,0.122473,DEFAULT
ga,augerat_A_n37_k5,36,8,0.001000,50,8305.627099,2006.552477,8307.633652,0.000000,,,0,1,,,,,0.014498,SMALL
ga,hfvrp_n200_m40_s01,200,40,0.001000,200,20736.823867,68627.922889,20805.451790,0.000000,,,0,1,,,,,78.215607,BIG
ga,augerat_A_n37_k5,36,8,0.001000,50,8144.661648,1723.134852,8146.384782,0.000000,,,0,1,,,,,2.408699,MEDIUM
ga,augerat_A_n37_k5,36,8,0.001000,50,8165.178724,1333.435981,8166.512160,0.000000,,,0,1,,,,,7.440195,BIG
ga,augerat_A_n37_k5,36,8,0.001000,75,8219.166020,2255.838684,8221.421859,0.000000,,,0,1,,,,,0.118395,DEFAULT
ga,augerat_A_n37_k5,36,8,0.001000,75,8381.834063,1866.181519,8383.700244,0.000000,,,0,1,,,,,0.014075,SMALL
ga,augerat_A_n37_k5,36,8,0.001000,75,8166.554374,1626.073099,8168.180447,0.000000,,,0,1,,,,,2.434739,MEDIUM
ga,hfvrp_n200_m40_s02,200,40,0.001000,50,17139.497726,60972.757185,17200.470483,0.000000,,,0,1,,,,,75.386778,BIG
ga,augerat_A_n37_k5,36,8,0.001000,75,8149.743251,1140.759480,8150.884010,0.000000,,,0,1,,,,,7.308876,BIG
ga,hfvrp_n200_m40_s04,200,40,0.001000,10,29691.965996,118777.230590,29810.743227,0.000000,,,0,1,,,,,1.249693,DEFAULT
ga,augerat_A_n37_k5,36,8,0.001000,100,8172.168887,1785.857760,8173.954745,0.000000,,,0,1,,,,,0.124824,DEFAULT
ga,augerat_A_n37_k5,36,8,0.001000,100,8279.261288,1749.771884,8281.011060,0.000000,,,0,1,,,,,0.020274,SMALL
ga,hfvrp_n200_m40_s04,200,40,0.001000,10,34905.308878,146059.480888,35051.368359,0.000000,,,0,1,,,,,0.164338,SMALL
ga,hfvrp_n200_m40_s03,200,40,0.001000,10,18623.453319,77688.061449,18701.141380,0.000000,,,0,1,,,,,81.307190,BIG
ga,hfvrp_n200_m40_s01,200,40,0.001000,999,28468.482019,112721.715983,28581.203735,0.000000,,,0,1,,,,,1.350092,DEFAULT
ga,hfvrp_n200_m40_s01,200,40,0.001000,999,36210.476843,147855.305739,36358.332149,0.000000,,,0,1,,,,,0.162961,SMALL
ga,augerat_A_n37_k5,36,8,0.001000,100,8133.344505,1573.536897,8134.918042,0.000000,,,0,1,,,,,2.411548,MEDIUM
ga,augerat_A_n37_k5,36,8,0.001000,100,8152.014335,1855.644232,8153.869979,0.000000,,,0,1,,,,,7.351058,BIG
ga,augerat_A_n37_k5,36,8,0.001000,200,8161.158306,1330.807051,8162.489113,0.000000,,,0,1,,,,,0.125202,DEFAULT
ga,augerat_A_n37_k5,36,8,0.001000,200,8222.387343,1447.084585,8223.834428,0.000000,,,0,1,,,,,0.015530,SMALL
ga,augerat_A_n37_k5,36,8,0.001000,200,8144.661648,1538.488370,8146.200136,0.000000,,,0,1,,,,,2.401961,MEDIUM
ga,augerat_A_n37_k5,36,8,0.001000,200,8126.905927,1415.463722,8128.321391,0.000000,,,0,1,,,,,7.516652,BIG
ga,augerat_A_n37_k5,36,8,0.001000,999,8152.396813,1467.085427,8153.863898,0.000000,,,0,1,,,,,0.117910,DEFAULT
ga,augerat_A_n37_k5,36,8,0.001000,999,8354.792749,2585.113023,8357.377862,0.000000,,,0,1,,,,,0.013257,SMALL
ga,hfvrp_n200_m40_s02,200,40,0.001000,75,26874.744952,91271.648115,26966.016601,0.000000,,,0,1,,,,,1.354424,DEFAULT
ga,hfvrp_n200_m40_s03,200,40,0.001000,50,29024.797885,142168.796616,29166.966682,0.000000,,,0,1,,,,,1.320337,DEFAULT
ga,hfvrp_n200_m40_s02,200,40,0.001000,75,38376.166012,207058.571058,38583.224583,0.000000,,,0,1,,,,,0.168262,SMALL
ga,hfvrp_n200_m40_s03,200,40,0.001000,50,34106.118446,163404.008974,34269.522455,0.000000,,,0,1,,,,,0.173620,SMALL
ga,augerat_A_n37_k5,36,8,0.001000,999,8164.155071,1717.227348,8165.872298,0.000000,,,0,1,,,,,2.415424,MEDIUM
ga,hfvrp_n200_m40_s04,200,40,0.001000,10,20555.334939,63767.350788,20619.102290,0.000000,,,0,1,,,,,26.371514,MEDIUM
ga,hfvrp_n200_m40_s01,200,40,0.001000,999,21308.183154,58714.877397,21366.898031,0.000000,,,0,1,,,,,26.314126,MEDIUM
ga,augerat_A_n37_k5,36,8,0.001000,999,8154.239877,1900.727324,8156.140605,0.000000,,,0,1,,,,,7.337210,BIG
ga,augerat_A_n37_k5,36,8,0.001000,1234,8216.920019,1593.815175,8218.513835,0.000000,,,0,1,,,,,0.117466,DEFAULT
ga,augerat_A_n37_k5,36,8,0.001000,1234,8277.228564,1620.756552,8278.849321,0.000000,,,0,1,,,,,0.015552,SMALL
ga,augerat_A_n37_k5,36,8,0.001000,1234,8149.010578,1939.456065,8150.950034,0.000000,,,0,1,,,,,2.423190,MEDIUM
ga,augerat_A_n37_k5,36,8,0.001000,1234,8135.333827,1577.515541,8136.911343,0.000000,,,0,1,,,,,7.310680,BIG
ga,augerat_A_n37_k5,36,8,0.001000,9999,8186.440724,1327.046674,8187.767771,0.000000,,,0,1,,,,,0.122171,DEFAULT
ga,augerat_A_n37_k5,36,8,0.001000,9999,8282.507780,1818.305231,8284.326085,0.000000,,,0,1,,,,,0.013657,SMALL
ga,augerat_A_n37_k5,36,8,0.001000,9999,8185.662898,1187.822982,8186.850721,0.000000,,,0,1,,,,,2.394764,MEDIUM
ga,hfvrp_n200_m40_s03,200,40,0.001000,50,20655.388254,99752.062835,20755.140317,0.000000,,,0,1,,,,,25.681081,MEDIUM
ga,hfvrp_n200_m40_s02,200,40,0.001000,75,19287.982010,62883.553683,19350.865564,0.000000,,,0,1,,,,,25.850641,MEDIUM
ga,augerat_A_n37_k5,36,8,0.001000,9999,8147.740392,1274.221272,8149.014614,0.000000,,,0,1,,,,,7.319582,BIG
ga,augerat_A_n37_k5,36,8,0.001000,19345,8261.001925,1767.326887,8262.769252,0.000000,,,0,1,,,,,0.123168,DEFAULT
ga,augerat_A_n37_k5,36,8,0.001000,19345,8358.225382,1997.362247,8360.222744,0.000000,,,0,1,,,,,0.014222,SMALL
ga,augerat_A_n37_k5,36,8,0.001000,19345,8188.942776,1846.150014,8190.788926,0.000000,,,0,1,,,,,2.411969,MEDIUM
ga,hfvrp_n200_m40_s05,200,40,0.001000,1,21069.338016,56262.413925,21125.600430,0.000000,,,0,1,,,,,80.161663,BIG
ga,augerat_A_n37_k5,36,8,0.001000,19345,8164.254295,1305.278830,8165.559574,0.000000,,,0,1,,,,,7.344434,BIG
ga,augerat_A_n37_k5,36,8,0.001000,1788174860442213712,8176.248957,1778.118707,8178.027076,0.000000,,,0,1,,,,,0.119748,DEFAULT
ga,augerat_A_n37_k5,36,8,0.001000,1788174856271204543,8332.185293,1570.736077,8333.756029,0.000000,,,0,1,,,,,0.014424,SMALL
ga,augerat_A_n37_k5,36,8,0.001000,1788174851994473024,8170.785485,1160.342927,8171.945828,0.000000,,,0,1,,,,,2.419415,MEDIUM
ga,augerat_A_n37_k5,36,8,0.001000,1788174841533377786,8180.333199,1140.759480,8181.473958,0.000000,,,0,1,,,,,7.294752,BIG
ga,augerat_A_n45_k6,44,8,0.001000,1788174909222398077,11641.478549,2175.795733,11643.654345,0.000000,,,0,1,,,,,0.150642,DEFAULT
ga,augerat_A_n45_k6,44,8,0.001000,1788174896497387745,11601.669851,2910.651884,11604.580503,0.000000,,,0,1,,,,,0.021757,SMALL
ga,augerat_A_n45_k6,44,8,0.001000,1788174900817973893,11480.971722,1820.091563,11482.791813,0.000000,,,0,1,,,,,3.070671,MEDIUM
ga,hfvrp_n200_m40_s05,200,40,0.001000,10,28396.465468,129146.058514,28525.611527,0.000000,,,0,1,,,,,1.266917,DEFAULT
ga,hfvrp_n200_m40_s05,200,40,0.001000,10,34423.140447,150467.175997,34573.607623,0.000000,,,0,1,,,,,0.164804,SMALL
ga,augerat_A_n45_k6,44,8,0.001000,1788174891008217259,11382.055315,1739.332346,11383.794647,0.000000,,,0,1,,,,,9.093058,BIG
ga,augerat_A_n45_k6,44,8,0.001000,1,11626.888410,2465.410952,11629.353821,0.000000,,,0,1,,,,,0.150192,DEFAULT
ga,augerat_A_n45_k6,44,8,0.001000,1,11629.163934,2349.480288,11631.513414,0.000000,,,0,1,,,,,0.017025,SMALL
ga,augerat_A_n45_k6,44,8,0.001000,1,11458.496463,2093.581318,11460.590044,0.000000,,,0,1,,,,,3.021306,MEDIUM
ga,augerat_A_n45_k6,44,8,0.001000,1,11426.031140,1796.892428,11427.828033,0.000000,,,0,1,,,,,9.171106,BIG
ga,augerat_A_n45_k6,44,8,0.001000,10,11560.618204,2139.436672,11562.757640,0.000000,,,0,1,,,,,0.143940,DEFAULT
ga,augerat_A_n45_k6,44,8,0.001000,10,11861.005637,3541.280610,11864.546917,0.000000,,,0,1,,,,,0.017391,SMALL
ga,augerat_A_n45_k6,44,8,0.001000,10,11488.160451,1543.525448,11489.703977,0.000000,,,0,1,,,,,3.029635,MEDIUM
ga,hfvrp_n200_m40_s05,200,40,0.001000,10,22723.587985,54574.248156,22778.162233,0.000000,,,0,1,,,,,25.315326,MEDIUM
ga,hfvrp_n200_m40_s01,200,40,0.001000,999,20416.791592,53971.216862,20470.762808,0.000000,,,0,1,,,,,77.894785,BIG
ga,hfvrp_n200_m40_s04,200,40,0.001000,10,20972.070110,46539.859870,21018.609970,0.000000,,,0,1,,,,,79.190822,BIG
ga,augerat_A_n45_k6,44,8,0.001000,10,11429.865312,1645.642118,11431.510954,0.000000,,,0,1,,,,,9.174846,BIG
ga,augerat_A_n45_k6,44,8,0.001000,50,11562.062415,2464.570709,11564.526986,0.000000,,,0,1,,,,,0.145526,DEFAULT
ga,augerat_A_n45_k6,44,8,0.001000,50,11685.207917,1454.782942,11686.662700,0.000000,,,0,1,,,,,0.018483,SMALL
ga,augerat_A_n45_k6,44,8,0.001000,50,11456.641058,2310.469286,11458.951527,0.000000,,,0,1,,,,,2.995633,MEDIUM
ga,augerat_A_n45_k6,44,8,0.001000,50,11479.021455,1828.906962,11480.850362,0.000000,,,0,1,,,,,9.155580,BIG
ga,augerat_A_n45_k6,44,8,0.001000,75,11544.773071,2040.483602,11546.813555,0.000000,,,0,1,,,,,0.152617,DEFAULT
ga,augerat_A_n45_k6,44,8,0.001000,75,11827.836764,2375.137541,11830.211902,0.000000,,,0,1,,,,,0.018156,SMALL
ga,hfvrp_n200_m40_s02,200,40,0.001000,75,17448.455577,48883.288041,17497.338865,0.000000,,,0,1,,,,,75.897087,BIG
ga,augerat_A_n45_k6,44,8,0.001000,75,11501.776965,2149.968319,11503.926933,0.000000,,,0,1,,,,,3.046152,MEDIUM
ga,hfvrp_n200_m40_s01,200,40,0.001000,1234,26748.594493,89968.626508,26838.563119,0.000000,,,0,1,,,,,1.359205,DEFAULT
ga,hfvrp_n200_m40_s01,200,40,0.001000,1234,33318.027136,109308.514347,33427.335650,0.000000,,,0,1,,,,,0.174673,SMALL
ga,hfvrp_n200_m40_s03,200,40,0.001000,50,19564.402098,70833.106263,19635.235205,0.000000,,,0,1,,,,,79.829434,BIG
ga,hfvrp_n200_m40_s04,200,40,0.001000,50,26830.682092,132336.754390,26963.018847,0.000000,,,0,1,,,,,1.317725,DEFAULT
ga,hfvrp_n200_m40_s04,200,40,0.001000,50,34397.761005,116256.694489,34514.017699,0.000000,,,0,1,,,,,0.164817,SMALL
ga,augerat_A_n45_k6,44,8,0.001000,75,11453.696389,2986.558952,11456.682948,0.000000,,,0,1,,,,,9.173872,BIG
ga,augerat_A_n45_k6,44,8,0.001000,100,11582.461347,2237.265372,11584.698613,0.000000,,,0,1,,,,,0.149669,DEFAULT
ga,augerat_A_n45_k6,44,8,0.001000,100,11492.667778,1855.439670,11494.523218,0.000000,,,0,1,,,,,0.018565,SMALL
ga,augerat_A_n45_k6,44,8,0.001000,100,11388.354145,2416.357053,11390.770502,0.000000,,,0,1,,,,,3.068899,MEDIUM
ga,augerat_A_n45_k6,44,8,0.001000,100,11437.506877,1999.181090,11439.506058,0.000000,,,0,1,,,,,9.100065,BIG
ga,hfvrp_n200_m40_s02,200,40,0.001000,100,29756.148687,99239.129375,29855.387817,0.000000,,,0,1,,,,,1.322252,DEFAULT
ga,hfvrp_n200_m40_s02,200,40,0.001000,100,38583.178172,141452.097672,38724.630269,0.000000,,,0,1,,,,,0.167545,SMALL
ga,augerat_A_n45_k6,44,8,0.001000,200,11547.376827,2150.041878,11549.526869,0.000000,,,0,1,,,,,0.149729,DEFAULT
ga,augerat_A_n45_k6,44,8,0.001000,200,11691.517668,2524.324790,11694.041993,0.000000,,,0,1,,,,,0.021285,SMALL
ga,hfvrp_n200_m40_s03,200,40,0.001000,75,30793.789978,139523.972296,30933.313950,0.000000,,,0,1,,,,,1.287775,DEFAULT
ga,hfvrp_n200_m40_s03,200,40,0.001000,75,37783.327225,164885.084439,37948.212310,0.000000,,,0,1,,,,,0.162719,SMALL
ga,augerat_A_n45_k6,44,8,0.001000,200,11385.057875,2043.291062,11387.101166,0.000000,,,0,1,,,,,3.030024,MEDIUM
ga,hfvrp_n200_m40_s01,200,40,0.001000,1234,21647.840687,77791.202879,21725.631890,0.000000,,,0,1,,,,,25.606642,MEDIUM
ga,hfvrp_n200_m40_s04,200,40,0.001000,50,21524.582584,85330.965042,21609.913549,0.000000,,,0,1,,,,,25.282377,MEDIUM
ga,augerat_A_n45_k6,44,8,0.001000,200,11477.868640,2608.757761,11480.477398,0.000000,,,0,1,,,,,8.977187,BIG
ga,augerat_A_n45_k6,44,8,0.001000,999,11555.092110,1871.872790,11556.963983,0.000000,,,0,1,,,,,0.151556,DEFAULT
ga,augerat_A_n45_k6,44,8,0.001000,999,11637.921474,2367.706451,11640.289181,0.000000,,,0,1,,,,,0.017303,SMALL
ga,augerat_A_n45_k6,44,8,0.001000,999,11430.564988,2212.285583,11432.777273,0.000000,,,0,1,,,,,3.004823,MEDIUM
ga,augerat_A_n45_k6,44,8,0.001000,999,11480.038266,1723.080606,11481.761347,0.000000,,,0,1,,,,,9.094455,BIG
ga,augerat_A_n45_k6,44,8,0.001000,1234,11549.618871,3055.673405,11552.674545,0.000000,,,0,1,,,,,0.151431,DEFAULT
ga,augerat_A_n45_k6,44,8,0.001000,1234,11713.267190,2416.382591,11715.683573,0.000000,,,0,1,,,,,0.019484,SMALL
ga,hfvrp_n200_m40_s02,200,40,0.001000,100,19032.482597,59916.747263,19092.399345,0.000000,,,0,1,,,,,27.360373,MEDIUM
ga,hfvrp_n200_m40_s03,200,40,0.001000,75,22136.781345,81120.800750,22217.902146,0.000000,,,0,1,,,,,27.164790,MEDIUM
ga,augerat_A_n45_k6,44,8,0.001000,1234,11455.978961,1828.140042,11457.807101,0.000000,,,0,1,,,,,2.990168,MEDIUM
ga,hfvrp_n200_m40_s05,200,40,0.001000,10,18770.988299,53267.386665,18824.255685,0.000000,,,0,1,,,,,81.365799,BIG
ga,augerat_A_n45_k6,44,8,0.001000,1234,11453.696389,2986.558952,11456.682948,0.000000,,,0,1,,,,,9.138417,BIG
ga,augerat_A_n45_k6,44,8,0.001000,9999,11518.087265,2147.700274,11520.234965,0.000000,,,0,1,,,,,0.148922,DEFAULT
ga,augerat_A_n45_k6,44,8,0.001000,9999,11745.208647,1911.142241,11747.119789,0.000000,,,0,1,,,,,0.017114,SMALL
ga,augerat_A_n45_k6,44,8,0.001000,9999,11398.139236,2527.900738,11400.667137,0.000000,,,0,1,,,,,3.018590,MEDIUM
ga,augerat_A_n45_k6,44,8,0.001000,9999,11384.678527,1515.622869,11386.194150,0.000000,,,0,1,,,,,9.208144,BIG
ga,augerat_A_n45_k6,44,8,0.001000,19345,11541.980170,2061.606909,11544.041777,0.000000,,,0,1,,,,,0.152250,DEFAULT
ga,augerat_A_n45_k6,44,8,0.001000,19345,11771.044499,2703.519487,11773.748019,0.000000,,,0,1,,,,,0.017537,SMALL
ga,augerat_A_n45_k6,44,8,0.001000,19345,11477.824833,2038.590204,11479.863423,0.000000,,,0,1,,,,,2.986076,MEDIUM
ga,hfvrp_n200_m40_s05,200,40,0.001000,50,31937.511365,147018.258069,32084.529623,0.000000,,,0,1,,,,,1.314480,DEFAULT
ga,hfvrp_n200_m40_s05,200,40,0.001000,50,36680.716417,186554.150098,36867.270567,0.000000,,,0,1,,,,,0.164902,SMALL
ga,augerat_A_n45_k6,44,8,0.001000,19345,11457.448750,2610.071037,11460.058822,0.000000,,,0,1,,,,,9.222863,BIG
ga,augerat_A_n45_k6,44,8,0.001000,1788166784037950567,11614.670165,1943.113204,11616.613279,0.000000,,,0,1,,,,,0.150515,DEFAULT
ga,augerat_A_n45_k6,44,8,0.001000,1788166771307802883,11625.844244,2295.787307,11628.140031,0.000000,,,0,1,,,,,0.017102,SMALL
ga,augerat_A_n45_k6,44,8,0.001000,1788166775624574472,11435.002257,2171.500284,11437.173757,0.000000,,,0,1,,,,,2.993258,MEDIUM
ga,augerat_A_n45_k6,44,8,0.001000,1788166765742315171,11481.567362,1253.865358,11482.821227,0.000000,,,0,1,,,,,9.124878,BIG
ga,augerat_A_n54_k7,53,8,0.001000,1788166663569549961,12534.406502,3606.732539,12538.013235,0.000000,,,0,1,,,,,0.182974,DEFAULT
ga,augerat_A_n54_k7,53,8,0.001000,1788166659461859996,13113.136370,5186.112694,13118.322483,0.000000,,,0,1,,,,,0.021519,SMALL
ga,augerat_A_n54_k7,53,8,0.001000,1788166672372168149,12564.006198,4885.909686,12568.892108,0.000000,,,0,1,,,,,3.698112,MEDIUM
ga,hfvrp_n200_m40_s05,200,40,0.001000,50,21335.924421,55780.439351,21391.704860,0.000000,,,0,1,,,,,25.576801,MEDIUM
ga,hfvrp_n200_m40_s04,200,40,0.001000,50,21103.317707,46291.068866,21149.608776,0.000000,,,0,1,,,,,79.412206,BIG
ga,hfvrp_n200_m40_s01,200,40,0.001000,1234,19641.869102,62998.070889,19704.867173,0.000000,,,0,1,,,,,83.956893,BIG
ga,augerat_A_n54_k7,53,8,0.001000,1788166680369747029,12403.774811,3332.798590,12407.107609,0.000000,,,0,1,,,,,11.464581,BIG
ga,augerat_A_n54_k7,53,8,0.001000,1,12583.672265,3541.867960,12587.214133,0.000000,,,0,1,,,,,0.181375,DEFAULT
ga,augerat_A_n54_k7,53,8,0.001000,1,12936.179102,3963.477480,12940.142579,0.000000,,,0,1,,,,,0.021335,SMALL
ga,augerat_A_n54_k7,53,8,0.001000,1,12387.376487,3219.336241,12390.595823,0.000000,,,0,1,,,,,3.727182,MEDIUM
ga,augerat_A_n54_k7,53,8,0.001000,1,12503.712314,4286.934742,12507.999248,0.000000,,,0,1,,,,,11.071488,BIG
ga,augerat_A_n54_k7,53,8,0.001000,10,12710.848331,3042.715284,12713.891046,0.000000,,,0,1,,,,,0.175480,DEFAULT
ga,augerat_A_n54_k7,53,8,0.001000,10,12842.288792,4317.501671,12846.606293,0.000000,,,0,1,,,,,0.024141,SMALL
ga,hfvrp_n200_m40_s01,200,40,0.001000,9999,30123.934741,140517.732692,30264.452474,0.000000,,,0,1,,,,,1.326776,DEFAULT
ga,hfvrp_n200_m40_s03,200,40,0.001000,75,18791.348658,61685.277049,18853.033935,0.000000,,,0,1,,,,,79.910553,BIG
ga,hfvrp_n200_m40_s01,200,40,0.001000,9999,35778.554073,146119.704969,35924.673778,0.000000,,,0,1,,,,,0.170145,SMALL
ga,hfvrp_n200_m40_s04,200,40,0.001000,75,30546.589904,114417.167802,30661.007072,0.000000,,,0,1,,,,,1.288666,DEFAULT
ga,hfvrp_n200_m40_s04,200,40,0.001000,75,37280.301403,117222.989193,37397.524392,0.000000,,,0,1,,,,,0.163452,SMALL
ga,augerat_A_n54_k7,53,8,0.001000,10,12500.438538,2936.543053,12503.375081,0.000000,,,0,1,,,,,3.729076,MEDIUM
ga,hfvrp_n200_m40_s02,200,40,0.001000,100,17061.908854,52446.692716,17114.355546,0.000000,,,0,1,,,,,83.744519,BIG
ga,augerat_A_n54_k7,53,8,0.001000,10,12445.412854,2897.635095,12448.310489,0.000000,,,0,1,,,,,11.220092,BIG
ga,augerat_A_n54_k7,53,8,0.001000,50,12615.402525,4151.801016,12619.554326,0.000000,,,0,1,,,,,0.180756,DEFAULT
ga,augerat_A_n54_k7,53,8,0.001000,50,12901.073600,3589.123177,12904.662724,0.000000,,,0,1,,,,,0.027846,SMALL
ga,augerat_A_n54_k7,53,8,0.001000,50,12474.877082,3438.120439,12478.315202,0.000000,,,0,1,,,,,3.678501,MEDIUM
ga,hfvrp_n200_m40_s03,200,40,0.001000,100,30494.378849,136890.920569,30631.269770,0.000000,,,0,1,,,,,1.254497,DEFAULT
ga,hfvrp_n200_m40_s03,200,40,0.001000,100,31256.713558,126201.114538,31382.914672,0.000000,,,0,1,,,,,0.174326,SMALL
ga,hfvrp_n200_m40_s01,200,40,0.001000,9999,19889.787390,60696.323086,19950.483713,0.000000,,,0,1,,,,,25.698387,MEDIUM
ga,hfvrp_n200_m40_s02,200,40,0.001000,200,32126.274056,125302.655573,32251.576712,0.000000,,,0,1,,,,,1.272317,DEFAULT
ga,hfvrp_n200_m40_s02,200,40,0.001000,200,36367.762409,124534.545105,36492.296954,0.000000,,,0,1,,,,,0.175699,SMALL
ga,hfvrp_n200_m40_s04,200,40,0.001000,75,21943.006816,65259.746115,22008.266562,0.000000,,,0,1,,,,,25.711946,MEDIUM
ga,augerat_A_n54_k7,53,8,0.001000,50,12489.446201,3320.582329,12492.766783,0.000000,,,0,1,,,,,11.378922,BIG
ga,augerat_A_n54_k7,53,8,0.001000,75,12561.029567,2957.296070,12563.986863,0.000000,,,0,1,,,,,0.181661,DEFAULT
ga,augerat_A_n54_k7,53,8,0.001000,75,12876.490254,4550.325107,12881.040579,0.000000,,,0,1,,,,,0.027525,SMALL
ga,augerat_A_n54_k7,53,8,0.001000,75,12497.718728,3308.180236,12501.026908,0.000000,,,0,1,,,,,3.628119,MEDIUM
ga,augerat_A_n54_k7,53,8,0.001000,75,12447.102071,3406.000467,12450.508071,0.000000,,,0,1,,,,,11.130750,BIG
ga,augerat_A_n54_k7,53,8,0.001000,100,12568.166558,4874.803470,12573.041362,0.000000,,,0,1,,,,,0.183061,DEFAULT
ga,augerat_A_n54_k7,53,8,0.001000,100,12993.351096,5208.230599,12998.559326,0.000000,,,0,1,,,,,0.021820,SMALL
ga,hfvrp_n200_m40_s03,200,40,0.001000,100,20610.300532,92715.445294,20703.015977,0.000000,,,0,1,,,,,27.648136,MEDIUM
ga,augerat_A_n54_k7,53,8,0.001000,100,12471.230546,3140.522712,12474.371069,0.000000,,,0,1,,,,,3.720786,MEDIUM
ga,hfvrp_n200_m40_s05,200,40,0.001000,50,20204.222977,49062.342231,20253.285319,0.000000,,,0,1,,,,,76.437813,BIG
ga,hfvrp_n200_m40_s02,200,40,0.001000,200,19826.331578,58331.628393,19884.663206,0.000000,,,0,1,,,,,26.517105,MEDIUM
ga,augerat_A_n54_k7,53,8,0.001000,100,12438.573851,3185.867277,12441.759718,0.000000,,,0,1,,,,,11.200637,BIG
ga,augerat_A_n54_k7,53,8,0.001000,200,12656.143761,3625.811952,12659.769573,0.000000,,,0,1,,,,,0.184668,DEFAULT
ga,augerat_A_n54_k7,53,8,0.001000,200,12683.730669,4553.436351,12688.284105,0.000000,,,0,1,,,,,0.026178,SMALL
ga,augerat_A_n54_k7,53,8,0.001000,200,12463.788753,3672.927630,12467.461680,0.000000,,,0,1,,,,,3.667507,MEDIUM
ga,hfvrp_n200_m40_s05,200,40,0.001000,75,32421.210857,145959.740692,32567.170597,0.000000,,,0,1,,,,,1.309518,DEFAULT
ga,hfvrp_n200_m40_s05,200,40,0.001000,75,35021.016055,163540.730307,35184.556785,0.000000,,,0,1,,,,,0.167270,SMALL
ga,augerat_A_n54_k7,53,8,0.001000,200,12419.642424,3177.432886,12422.819857,0.000000,,,0,1,,,,,11.424792,BIG
ga,augerat_A_n54_k7,53,8,0.001000,999,12581.845724,3630.903700,12585.476627,0.000000,,,0,1,,,,,0.178574,DEFAULT
ga,augerat_A_n54_k7,53,8,0.001000,999,12852.621870,4498.698925,12857.120569,0.000000,,,0,1,,,,,0.021398,SMALL
ga,augerat_A_n54_k7,53,8,0.001000,999,12428.143045,3136.774937,12431.279820,0.000000,,,0,1,,,,,3.656020,MEDIUM
ga,augerat_A_n54_k7,53,8,0.001000,999,12436.912507,3124.648894,12440.037156,0.000000,,,0,1,,,,,10.972465,BIG
ga,augerat_A_n54_k7,53,8,0.001000,1234,12488.360427,3528.176628,12491.888604,0.000000,,,0,1,,,,,0.181938,DEFAULT
ga,augerat_A_n54_k7,53,8,0.001000,1234,12802.512454,4171.943195,12806.684397,0.000000,,,0,1,,,,,0.025091,SMALL
ga,augerat_A_n54_k7,53,8,0.001000,1234,12502.991182,4135.897152,12507.127079,0.000000,,,0,1,,,,,3.730860,MEDIUM
ga,hfvrp_n200_m40_s05,200,40,0.001000,75,21954.099033,74706.624983,22028.805658,0.000000,,,0,1,,,,,25.853986,MEDIUM
ga,hfvrp_n200_m40_s01,200,40,0.001000,9999,19063.611257,54122.545902,19117.733803,0.000000,,,0,1,,,,,78.896072,BIG
ga,augerat_A_n54_k7,53,8,0.001000,1234,12409.686344,3225.903854,12412.912248,0.000000,,,0,1,,,,,11.335707,BIG
ga,augerat_A_n54_k7,53,8,0.001000,9999,12694.826423,4942.395754,12699.768819,0.000000,,,0,1,,,,,0.176977,DEFAULT
ga,augerat_A_n54_k7,53,8,0.001000,9999,13012.463255,4156.990588,13016.620246,0.000000,,,0,1,,,,,0.022589,SMALL
ga,hfvrp_n200_m40_s04,200,40,0.001000,75,21552.034768,73181.980815,21625.216749,0.000000,,,0,1,,,,,82.054882,BIG
ga,augerat_A_n54_k7,53,8,0.001000,9999,12467.779047,3172.931116,12470.951978,0.000000,,,0,1,,,,,3.663738,MEDIUM
ga,augerat_A_n54_k7,53,8,0.001000,9999,12438.362691,3836.190865,12442.198882,0.000000,,,0,1,,,,,11.394722,BIG
ga,augerat_A_n54_k7,53,8,0.001000,19345,12633.527304,4499.912003,12638.027216,0.000000,,,0,1,,,,,0.185920,DEFAULT
ga,augerat_A_n54_k7,53,8,0.001000,19345,12825.436800,4914.317718,12830.351118,0.000000,,,0,1,,,,,0.025788,SMALL
ga,hfvrp_n200_m40_s01,200,40,0.001000,19345,29677.095011,135787.165018,29812.882176,0.000000,,,0,1,,,,,1.337579,DEFAULT
ga,hfvrp_n200_m40_s01,200,40,0.001000,19345,38834.293372,169653.156718,39003.946528,0.000000,,,0,1,,,,,0.168909,SMALL
ga,hfvrp_n200_m40_s03,200,40,0.001000,100,20461.243547,81336.560095,20542.580107,0.000000,,,0,1,,,,,77.582047,BIG
ga,augerat_A_n54_k7,53,8,0.001000,19345,12495.360525,3599.022267,12498.959548,0.000000,,,0,1,,,,,3.730460,MEDIUM
ga,hfvrp_n200_m40_s02,200,40,0.001000,200,19605.282939,57084.900006,19662.367839,0.000000,,,0,1,,,,,76.548773,BIG
ga,hfvrp_n200_m40_s04,200,40,0.001000,100,28017.745219,95366.839601,28113.112059,0.000000,,,0,1,,,,,1.330994,DEFAULT
ga,hfvrp_n200_m40_s04,200,40,0.001000,100,33632.119443,130889.697038,33763.009140,0.000000,,,0,1,,,,,0.166227,SMALL
ga,augerat_A_n54_k7,53,8,0.001000,19345,12447.724341,4122.639954,12451.846981,0.000000,,,0,1,,,,,11.417442,BIG
ga,augerat_A_n54_k7,53,8,0.001000,1788167212371387392,12720.745028,5045.309634,12725.790338,0.000000,,,0,1,,,,,0.182371,DEFAULT
ga,augerat_A_n54_k7,53,8,0.001000,1788167208265240685,12908.720723,3735.101372,12912.455824,0.000000,,,0,1,,,,,0.024384,SMALL
ga,augerat_A_n54_k7,53,8,0.001000,1788167221178593751,12543.000374,3772.006848,12546.772381,0.000000,,,0,1,,,,,3.688549,MEDIUM
ga,hfvrp_n200_m40_s03,200,40,0.001000,200,27429.197355,95397.577590,27524.594933,0.000000,,,0,1,,,,,1.358701,DEFAULT
ga,hfvrp_n200_m40_s03,200,40,0.001000,200,37538.065067,165569.181504,37703.634248,0.000000,,,0,1,,,,,0.163050,SMALL
ga,hfvrp_n200_m40_s01,200,40,0.001000,19345,20681.285525,71067.434850,20752.352960,0.000000,,,0,1,,,,,26.335920,MEDIUM
ga,augerat_A_n54_k7,53,8,0.001000,1788167220580951874,12399.103669,3459.259294,12402.562928,0.000000,,,0,1,,,,,11.249564,BIG
ga,hfvrp_n200_m40_s02,200,40,0.001000,999,32297.579988,134969.403635,32432.549391,0.000000,,,0,1,,,,,1.332585,DEFAULT
ga,augerat_A_n60_k9,59,10,0.001000,1788167116373830859,16136.382490,3843.203612,16140.225694,0.000000,,,0,1,,,,,0.207930,DEFAULT
ga,augerat_A_n60_k9,59,10,0.001000,1788167125175892920,16286.255248,3793.709152,16290.048957,0.000000,,,0,1,,,,,0.026501,SMALL
ga,hfvrp_n200_m40_s02,200,40,0.001000,999,38611.159696,133526.636372,38744.686332,0.000000,,,0,1,,,,,0.172910,SMALL
ga,hfvrp_n200_m40_s04,200,40,0.001000,100,21297.761572,72372.224399,21370.133796,0.000000,,,0,1,,,,,25.390132,MEDIUM
ga,augerat_A_n60_k9,59,10,0.001000,1788167129501340199,15884.438085,2990.523445,15887.428609,0.000000,,,0,1,,,,,4.243506,MEDIUM
ga,augerat_A_n60_k9,59,10,0.001000,1788167112274646978,15806.330534,3239.433861,15809.569968,0.000000,,,0,1,,,,,12.892863,BIG
ga,augerat_A_n60_k9,59,10,0.001000,1,16113.173526,3636.022305,16116.809549,0.000000,,,0,1,,,,,0.212292,DEFAULT
ga,hfvrp_n200_m40_s03,200,40,0.001000,200,19419.113561,73001.006037,19492.114567,0.000000,,,0,1,,,,,25.967587,MEDIUM
ga,augerat_A_n60_k9,59,10,0.001000,1,16232.994952,3278.827115,16236.273779,0.000000,,,0,1,,,,,0.028289,SMALL
ga,hfvrp_n200_m40_s05,200,40,0.001000,75,20748.900404,50785.201824,20799.685606,0.000000,,,0,1,,,,,78.983597,BIG
ga,augerat_A_n60_k9,59,10,0.001000,1,16017.001806,3795.328068,16020.797134,0.000000,,,0,1,,,,,4.144782,MEDIUM
ga,hfvrp_n200_m40_s02,200,40,0.001000,999,18714.822019,58922.598873,18773.744618,0.000000,,,0,1,,,,,24.935253,MEDIUM
ga,augerat_A_n60_k9,59,10,0.001000,1,15826.886887,3138.083448,15830.024971,0.000000,,,0,1,,,,,12.888322,BIG
ga,augerat_A_n60_k9,59,10,0.001000,10,16044.240473,3108.971037,16047.349445,0.000000,,,0,1,,,,,0.216707,DEFAULT
ga,augerat_A_n60_k9,59,10,0.001000,10,16341.581071,4492.261895,16346.073333,0.000000,,,0,1,,,,,0.025371,SMALL
ga,augerat_A_n60_k9,59,10,0.001000,10,15967.912000,2994.015283,15970.906016,0.000000,,,0,1,,,,,4.153623,MEDIUM
ga,hfvrp_n200_m40_s05,200,40,0.001000,100,28424.893125,93044.312553,28517.937437,0.000000,,,0,1,,,,,1.325432,DEFAULT
ga,hfvrp_n200_m40_s05,200,40,0.001000,100,34311.782874,134701.510287,34446.484384,0.000000,,,0,1,,,,,0.162899,SMALL
ga,augerat_A_n60_k9,59,10,0.001000,10,15842.781365,3543.409904,15846.324774,0.000000,,,0,1,,,,,12.974456,BIG
ga,augerat_A_n60_k9,59,10,0.001000,50,16047.581818,2883.106533,16050.464925,0.000000,,,0,1,,,,,0.202630,DEFAULT
ga,augerat_A_n60_k9,59,10,0.001000,50,16291.268736,3394.528681,16294.663264,0.000000,,,0,1,,,,,0.026667,SMALL
ga,augerat_A_n60_k9,59,10,0.001000,50,15981.590810,3544.970220,15985.135780,0.000000,,,0,1,,,,,4.178615,MEDIUM
ga,hfvrp_n200_m40_s05,200,40,0.001000,100,21251.694856,49663.840733,21301.358696,0.000000,,,0,1,,,,,25.257954,MEDIUM
ga,augerat_A_n60_k9,59,10,0.001000,50,15848.060158,3181.728227,15851.241887,0.000000,,,0,1,,,,,12.942302,BIG
ga,augerat_A_n60_k9,59,10,0.001000,75,16211.373878,3769.007106,16215.142885,0.000000,,,0,1,,,,,0.244435,DEFAULT
ga,augerat_A_n60_k9,59,10,0.001000,75,16298.753507,4277.945568,16303.031452,0.000000,,,0,1,,,,,0.029762,SMALL
ga,augerat_A_n60_k9,59,10,0.001000,75,15852.234424,3297.003907,15855.531428,0.000000,,,0,1,,,,,4.200486,MEDIUM
ga,hfvrp_n200_m40_s01,200,40,0.001000,19345,18604.685570,67648.922084,18672.334492,0.000000,,,0,1,,,,,82.959583,BIG
ga,hfvrp_n200_m40_s04,200,40,0.001000,100,19234.196160,70633.305838,19304.829466,0.000000,,,0,1,,,,,77.223673,BIG
ga,augerat_A_n60_k9,59,10,0.001000,75,15911.675084,3216.517718,15914.891601,0.000000,,,0,1,,,,,13.021249,BIG
ga,augerat_A_n60_k9,59,10,0.001000,100,16020.827813,3655.992263,16024.483806,0.000000,,,0,1,,,,,0.212961,DEFAULT
ga,augerat_A_n60_k9,59,10,0.001000,100,16300.757525,4409.567626,16305.167093,0.000000,,,0,1,,,,,0.025974,SMALL
ga,augerat_A_n60_k9,59,10,0.001000,100,15954.386494,3103.099692,15957.489594,0.000000,,,0,1,,,,,4.222308,MEDIUM
ga,hfvrp_n200_m40_s03,200,40,0.001000,200,21405.673556,80974.746977,21486.648303,0.000000,,,0,1,,,,,77.435335,BIG
ga,hfvrp_n200_m40_s01,200,40,0.001000,1788168120229314467,31909.732809,145428.876195,32055.161685,0.000000,,,0,1,,,,,1.289271,DEFAULT
ga,hfvrp_n200_m40_s01,200,40,0.001000,1788168117227849570,36564.992519,160256.458413,36725.248978,0.000000,,,0,1,,,,,0.162306,SMALL
ga,hfvrp_n200_m40_s02,200,40,0.001000,999,17457.703729,55972.154929,17513.675884,0.000000,,,0,1,,,,,76.589590,BIG
ga,hfvrp_n200_m40_s04,200,40,0.001000,200,27948.812364,105069.794745,28053.882159,0.000000,,,0,1,,,,,1.257232,DEFAULT
ga,hfvrp_n200_m40_s04,200,40,0.001000,200,33660.405646,100917.305877,33761.322952,0.000000,,,0,1,,,,,0.168728,SMALL
ga,augerat_A_n60_k9,59,10,0.001000,100,15821.528401,3016.788003,15824.545189,0.000000,,,0,1,,,,,12.833636,BIG
ga,augerat_A_n60_k9,59,10,0.001000,200,15981.448166,3496.986505,15984.945152,0.000000,,,0,1,,,,,0.199296,DEFAULT
ga,augerat_A_n60_k9,59,10,0.001000,200,16422.024718,3878.124664,16425.902842,0.000000,,,0,1,,,,,0.024378,SMALL
ga,augerat_A_n60_k9,59,10,0.001000,200,15858.923831,2816.125495,15861.739956,0.000000,,,0,1,,,,,4.145877,MEDIUM
ga,hfvrp_n200_m40_s03,200,40,0.001000,999,28038.657595,112047.363466,28150.704958,0.000000,,,0,1,,,,,1.290203,DEFAULT
ga,hfvrp_n200_m40_s03,200,40,0.001000,999,35592.714005,129370.052013,35722.084057,0.000000,,,0,1,,,,,0.163465,SMALL
ga,augerat_A_n60_k9,59,10,0.001000,200,15932.011271,3589.644150,15935.600915,0.000000,,,0,1,,,,,12.606878,BIG
ga,augerat_A_n60_k9,59,10,0.001000,999,16048.238067,3514.433201,16051.752500,0.000000,,,0,1,,,,,0.206415,DEFAULT
ga,augerat_A_n60_k9,59,10,0.001000,999,16307.206027,3615.764626,16310.821792,0.000000,,,0,1,,,,,0.025482,SMALL
ga,hfvrp_n200_m40_s01,200,40,0.001000,1788168113104738349,19579.860450,69187.057881,19649.047508,0.000000,,,0,1,,,,,26.411766,MEDIUM
ga,hfvrp_n200_m40_s02,200,40,0.001000,1234,26715.898300,98856.223756,26814.754524,0.000000,,,0,1,,,,,1.331670,DEFAULT
ga,hfvrp_n200_m40_s02,200,40,0.001000,1234,40036.687930,166572.469779,40203.260400,0.000000,,,0,1,,,,,0.168372,SMALL
ga,hfvrp_n200_m40_s04,200,40,0.001000,200,22167.693289,64244.900909,22231.938190,0.000000,,,0,1,,,,,25.372984,MEDIUM
ga,augerat_A_n60_k9,59,10,0.001000,999,15917.174270,3536.929362,15920.711199,0.000000,,,0,1,,,,,4.138406,MEDIUM
ga,hfvrp_n200_m40_s03,200,40,0.001000,999,21509.396273,80299.275294,21589.695548,0.000000,,,0,1,,,,,25.576442,MEDIUM
ga,augerat_A_n60_k9,59,10,0.001000,999,15848.924219,3177.873142,15852.102093,0.000000,,,0,1,,,,,12.777208,BIG
ga,augerat_A_n60_k9,59,10,0.001000,1234,16067.842092,3674.592509,16071.516685,0.000000,,,0,1,,,,,0.206417,DEFAULT
ga,augerat_A_n60_k9,59,10,0.001000,1234,16312.274241,3395.095303,16315.669337,0.000000,,,0,1,,,,,0.025330,SMALL
ga,augerat_A_n60_k9,59,10,0.001000,1234,15939.177487,3644.885007,15942.822372,0.000000,,,0,1,,,,,4.181727,MEDIUM
ga,hfvrp_n200_m40_s05,200,40,0.001000,100,20341.991087,73078.327004,20415.069414,0.000000,,,0,1,,,,,82.344191,BIG
ga,hfvrp_n200_m40_s02,200,40,0.001000,1234,20032.101440,61818.356686,20093.919796,0.000000,,,0,1,,,,,24.836878,MEDIUM
ga,augerat_A_n60_k9,59,10,0.001000,1234,15946.668517,3343.322660,15950.011839,0.000000,,,0,1,,,,,12.705408,BIG
ga,augerat_A_n60_k9,59,10,0.001000,9999,16050.975152,3040.554701,16054.015706,0.000000,,,0,1,,,,,0.202030,DEFAULT
ga,augerat_A_n60_k9,59,10,0.001000,9999,16311.639564,4452.484939,16316.092049,0.000000,,,0,1,,,,,0.024455,SMALL
ga,augerat_A_n60_k9,59,10,0.001000,9999,15839.842049,2911.840375,15842.753889,0.000000,,,0,1,,,,,4.287082,MEDIUM
ga,hfvrp_n200_m40_s05,200,40,0.001000,200,30910.485970,125667.491169,31036.153461,0.000000,,,0,1,,,,,1.328646,DEFAULT
ga,hfvrp_n200_m40_s05,200,40,0.001000,200,38623.838905,178131.702237,38801.970607,0.000000,,,0,1,,,,,0.165272,SMALL
ga,augerat_A_n60_k9,59,10,0.001000,9999,15967.259227,3619.666205,15970.878893,0.000000,,,0,1,,,,,12.921816,BIG
ga,augerat_A_n60_k9,59,10,0.001000,19345,16103.943287,3616.028882,16107.559316,0.000000,,,0,1,,,,,0.204007,DEFAULT
ga,augerat_A_n60_k9,59,10,0.001000,19345,16250.414417,3675.488674,16254.089906,0.000000,,,0,1,,,,,0.026729,SMALL
ga,augerat_A_n60_k9,59,10,0.001000,19345,15965.285122,3471.777572,15968.756900,0.000000,,,0,1,,,,,4.181382,MEDIUM
ga,hfvrp_n200_m40_s05,200,40,0.001000,200,21871.738325,57745.438858,21929.483764,0.000000,,,0,1,,,,,24.771019,MEDIUM
ga,augerat_A_n60_k9,59,10,0.001000,19345,15866.965609,3466.343943,15870.431953,0.000000,,,0,1,,,,,12.872266,BIG
ga,augerat_A_n60_k9,59,10,0.001000,1788168660636833554,15964.384714,3081.522868,15967.466237,0.000000,,,0,1,,,,,0.204283,DEFAULT
ga,augerat_A_n60_k9,59,10,0.001000,1788168665140462456,16278.666180,4164.233740,16282.830414,0.000000,,,0,1,,,,,0.026099,SMALL
ga,augerat_A_n60_k9,59,10,0.001000,1788168617927865814,15962.040352,3388.627654,15965.428980,0.000000,,,0,1,,,,,4.181887,MEDIUM
ga,hfvrp_n200_m40_s01,200,40,0.001000,1788167937658080535,19502.853516,60530.753488,19563.384269,0.000000,,,0,1,,,,,79.330087,BIG
ga,augerat_A_n80_k10,79,11,0.001000,1788168726693087336,18334.362413,5350.812980,18339.713226,0.000000,,,0,1,,,,,0.283790,DEFAULT
ga,augerat_A_n80_k10,79,11,0.001000,1788168696916520248,18484.271804,4834.683888,18489.106488,0.000000,,,0,1,,,,,0.034954,SMALL
ga,hfvrp_n200_m40_s04,200,40,0.001000,200,20430.671197,64892.592686,20495.563790,0.000000,,,0,1,,,,,77.575591,BIG
ga,augerat_A_n80_k10,79,11,0.001000,1788168701250666364,18030.402480,5830.060768,18036.232540,0.000000,,,0,1,,,,,5.789264,MEDIUM
ga,augerat_A_n60_k9,59,10,0.001000,1788168617824369008,15845.401841,3182.500678,15848.584342,0.000000,,,0,1,,,,,12.835324,BIG
ga,pyvrp_X101_FSMFD,100,26,0.001000,1788167646376205084,4302050.422996,44050.122764,4302094.473119,0.000000,,,0,1,,,,,0.457809,DEFAULT
ga,pyvrp_X101_FSMFD,100,26,0.001000,1788167779982518099,4684863.536094,42124.436316,4684905.660530,0.000000,,,0,1,,,,,0.048603,SMALL
ga,hfvrp_n200_m40_s03,200,40,0.001000,999,18525.154507,58367.225227,18583.521732,0.000000,,,0,1,,,,,81.978855,BIG
ga,pyvrp_X101_FSMFD,100,26,0.001000,1788167775745112865,3860354.774198,38509.489103,3860393.283687,0.000000,,,0,1,,,,,8.332129,MEDIUM
ga,hfvrp_n200_m40_s02,200,40,0.001000,1234,18175.016295,68735.910321,18243.752206,0.000000,,,0,1,,,,,75.761811,BIG
ga,hfvrp_n200_m40_s04,200,40,0.001000,999,32631.965386,110686.289888,32742.651676,0.000000,,,0,1,,,,,1.288878,DEFAULT
ga,hfvrp_n200_m40_s04,200,40,0.001000,999,35896.895762,124178.963242,36021.074725,0.000000,,,0,1,,,,,0.154512,SMALL
ga,augerat_A_n80_k10,79,11,0.001000,1788168676979737705,17965.108622,5901.555032,17971.010177,0.000000,,,0,1,,,,,17.647417,BIG
ga,augerat_A_n80_k10,79,11,0.001000,1,18297.586335,5839.389093,18303.425724,0.000000,,,0,1,,,,,0.296003,DEFAULT
ga,augerat_A_n80_k10,79,11,0.001000,1,18545.628221,6185.103670,18551.813325,0.000000,,,0,1,,,,,0.035038,SMALL
ga,augerat_A_n80_k10,79,11,0.001000,1,17931.354701,4834.211378,17936.188912,0.000000,,,0,1,,,,,5.873518,MEDIUM
ga,hfvrp_n200_m40_s03,200,40,0.001000,1234,27501.415283,108800.130709,27610.215414,0.000000,,,0,1,,,,,1.323761,DEFAULT
ga,hfvrp_n200_m40_s03,200,40,0.001000,1234,35796.345947,193037.953128,35989.383900,0.000000,,,0,1,,,,,0.168308,SMALL
ga,hfvrp_n200_m40_s02,200,40,0.001000,9999,33262.078022,124749.447874,33386.827470,0.000000,,,0,1,,,,,1.292046,DEFAULT
ga,hfvrp_n200_m40_s02,200,40,0.001000,9999,40579.710532,130459.615467,40710.170147,0.000000,,,0,1,,,,,0.163324,SMALL
ga,pyvrp_X101_FSMFD,100,26,0.001000,1788167676713286301,3847138.194553,36935.357457,3847175.129910,0.000000,,,0,1,,,,,25.586951,BIG
ga,augerat_A_n80_k10,79,11,0.001000,1,17930.942339,5283.717426,17936.226057,0.000000,,,0,1,,,,,17.643238,BIG
ga,pyvrp_X101_FSMFD,100,26,0.001000,1,4413022.184323,51336.303777,4413073.520627,0.000000,,,0,1,,,,,0.397623,DEFAULT
ga,pyvrp_X101_FSMFD,100,26,0.001000,1,4790355.239006,42316.233495,4790397.555240,0.000000,,,0,1,,,,,0.057141,SMALL
ga,augerat_A_n80_k10,79,11,0.001000,10,18249.180379,6976.801503,18256.157181,0.000000,,,0,1,,,,,0.280643,DEFAULT
ga,augerat_A_n80_k10,79,11,0.001000,10,18531.544236,7103.188375,18538.647424,0.000000,,,0,1,,,,,0.037119,SMALL
ga,hfvrp_n200_m40_s04,200,40,0.001000,999,20817.425727,53781.465530,20871.207193,0.000000,,,0,1,,,,,26.876300,MEDIUM
ga,augerat_A_n80_k10,79,11,0.001000,10,17987.406124,4874.562534,17992.280687,0.000000,,,0,1,,,,,5.820810,MEDIUM
ga,pyvrp_X101_FSMFD,100,26,0.001000,1,3796099.384462,41586.675176,3796140.971138,0.000000,,,0,1,,,,,8.337235,MEDIUM
ga,hfvrp_n200_m40_s03,200,40,0.001000,1234,19920.090776,66664.395475,19986.755171,0.000000,,,0,1,,,,,27.127315,MEDIUM
ga,hfvrp_n200_m40_s05,200,40,0.001000,200,20235.337265,62726.128711,20298.063394,0.000000,,,0,1,,,,,80.178957,BIG
ga,hfvrp_n200_m40_s02,200,40,0.001000,9999,20519.840921,58466.109607,20578.307031,0.000000,,,0,1,,,,,26.265905,MEDIUM
ga,augerat_A_n80_k10,79,11,0.001000,10,17958.299357,5069.012467,17963.368369,0.000000,,,0,1,,,,,17.841236,BIG
ga,augerat_A_n80_k10,79,11,0.001000,50,18247.427642,6341.751549,18253.769393,0.000000,,,0,1,,,,,0.277786,DEFAULT
ga,augerat_A_n80_k10,79,11,0.001000,50,18684.084617,7222.986162,18691.307603,0.000000,,,0,1,,,,,0.032717,SMALL
ga,augerat_A_n80_k10,79,11,0.001000,50,18010.506586,5439.584254,18015.946171,0.000000,,,0,1,,,,,5.750255,MEDIUM
ga,pyvrp_X101_FSMFD,100,26,0.001000,1,3734917.144838,39596.191551,3734956.741030,0.000000,,,0,1,,,,,24.900946,BIG
ga,pyvrp_X101_FSMFD,100,26,0.001000,10,4567350.135835,48860.927122,4567398.996762,0.000000,,,0,1,,,,,0.394685,DEFAULT
ga,pyvrp_X101_FSMFD,100,26,0.001000,10,4942490.972065,39113.476032,4942530.085541,0.000000,,,0,1,,,,,0.052940,SMALL
ga,hfvrp_n200_m40_s05,200,40,0.001000,999,29300.426422,103114.410596,29403.540833,0.000000,,,0,1,,,,,1.319908,DEFAULT
ga,hfvrp_n200_m40_s05,200,40,0.001000,999,38766.198493,193592.220776,38959.790714,0.000000,,,0,1,,,,,0.159861,SMALL
ga,pyvrp_X101_FSMFD,100,26,0.001000,10,3894746.697298,39703.646776,3894786.400944,0.000000,,,0,1,,,,,8.261128,MEDIUM
ga,augerat_A_n80_k10,79,11,0.001000,50,17917.621127,5366.492292,17922.987620,0.000000,,,0,1,,,,,17.833959,BIG
ga,augerat_A_n80_k10,79,11,0.001000,75,18235.160402,5718.695212,18240.879098,0.000000,,,0,1,,,,,0.287009,DEFAULT
ga,augerat_A_n80_k10,79,11,0.001000,75,18430.219516,6172.921825,18436.392438,0.000000,,,0,1,,,,,0.036385,SMALL
ga,augerat_A_n80_k10,79,11,0.001000,75,17933.753848,4481.998494,17938.235846,0.000000,,,0,1,,,,,5.828588,MEDIUM
ga,hfvrp_n200_m40_s05,200,40,0.001000,999,21976.839678,58740.700789,22035.580378,0.000000,,,0,1,,,,,25.609262,MEDIUM
ga,pyvrp_X101_FSMFD,100,26,0.001000,10,3773946.222966,36517.076113,3773982.740042,0.000000,,,0,1,,,,,25.228629,BIG
ga,augerat_A_n80_k10,79,11,0.001000,75,17952.269284,4950.130230,17957.219414,0.000000,,,0,1,,,,,17.693695,BIG
ga,pyvrp_X101_FSMFD,100,26,0.001000,50,4230280.299585,40755.342613,4230321.054928,0.000000,,,0,1,,,,,0.406922,DEFAULT
ga,pyvrp_X101_FSMFD,100,26,0.001000,50,4670771.216584,48188.351169,4670819.404935,0.000000,,,0,1,,,,,0.056440,SMALL
ga,augerat_A_n80_k10,79,11,0.001000,100,18322.363013,5994.080710,18328.357094,0.000000,,,0,1,,,,,0.276000,DEFAULT
ga,augerat_A_n80_k10,79,11,0.001000,100,18510.556627,8773.354454,18519.329981,0.000000,,,0,1,,,,,0.036324,SMALL
ga,hfvrp_n200_m40_s04,200,40,0.001000,999,21140.196211,56991.044362,21197.187256,0.000000,,,0,1,,,,,79.422228,BIG
ga,augerat_A_n80_k10,79,11,0.001000,100,17955.714391,4697.200731,17960.411591,0.000000,,,0,1,,,,,5.902139,MEDIUM
ga,pyvrp_X101_FSMFD,100,26,0.001000,50,3834270.513614,37583.688066,3834308.097302,0.000000,,,0,1,,,,,8.259147,MEDIUM
ga,hfvrp_n200_m40_s03,200,40,0.001000,1234,19600.652005,72101.696920,19672.753702,0.000000,,,0,1,,,,,79.049154,BIG
ga,augerat_A_n80_k10,79,11,0.001000,100,17994.933181,5759.948827,18000.693130,0.000000,,,0,1,,,,,17.385562,BIG
ga,augerat_A_n80_k10,79,11,0.001000,200,18421.460482,5923.137576,18427.383620,0.000000,,,0,1,,,,,0.285188,DEFAULT
ga,augerat_A_n80_k10,79,11,0.001000,200,18529.168051,6507.398123,18535.675449,0.000000,,,0,1,,,,,0.036290,SMALL
ga,hfvrp_n200_m40_s02,200,40,0.001000,9999,20135.361154,62492.155043,20197.853309,0.000000,,,0,1,,,,,80.642769,BIG
ga,hfvrp_n200_m40_s04,200,40,0.001000,1234,30534.943539,131256.898010,30666.200437,0.000000,,,0,1,,,,,1.253371,DEFAULT
ga,hfvrp_n200_m40_s04,200,40,0.001000,1234,35684.977558,160196.447426,35845.174005,0.000000,,,0,1,,,,,0.160948,SMALL
ga,augerat_A_n80_k10,79,11,0.001000,200,17936.567891,5090.917832,17941.658809,0.000000,,,0,1,,,,,5.731411,MEDIUM
ga,pyvrp_X101_FSMFD,100,26,0.001000,50,3918347.863855,37909.277333,3918385.773132,0.000000,,,0,1,,,,,24.688162,BIG
ga,pyvrp_X101_FSMFD,100,26,0.001000,75,4354433.411939,42913.710687,4354476.325650,0.000000,,,0,1,,,,,0.392608,DEFAULT
ga,pyvrp_X101_FSMFD,100,26,0.001000,75,4809770.419210,45177.516693,4809815.596726,0.000000,,,0,1,,,,,0.057900,SMALL
ga,hfvrp_n200_m40_s03,200,40,0.001000,9999,26128.249870,92559.055785,26220.808926,0.000000,,,0,1,,,,,1.351028,DEFAULT
ga,hfvrp_n200_m40_s03,200,40,0.001000,9999,35071.581154,220868.053758,35292.449207,0.000000,,,0,1,,,,,0.174590,SMALL
ga,pyvrp_X101_FSMFD,100,26,0.001000,75,3852878.695427,35543.799605,3852914.239226,0.000000,,,0,1,,,,,8.434103,MEDIUM
ga,augerat_A_n80_k10,79,11,0.001000,200,17887.794704,5015.126857,17892.809831,0.000000,,,0,1,,,,,17.790635,BIG
ga,augerat_A_n80_k10,79,11,0.001000,999,18091.773122,5129.090083,18096.902212,0.000000,,,0,1,,,,,0.278441,DEFAULT
ga,augerat_A_n80_k10,79,11,0.001000,999,18491.493038,5750.786921,18497.243825,0.000000,,,0,1,,,,,0.037355,SMALL
ga,hfvrp_n200_m40_s02,200,40,0.001000,19345,31373.026777,97558.240588,31470.585018,0.000000,,,0,1,,,,,1.304828,DEFAULT
ga,hfvrp_n200_m40_s02,200,40,0.001000,19345,39246.206739,144427.905538,39390.634645,0.000000,,,0,1,,,,,0.170486,SMALL
ga,hfvrp_n200_m40_s04,200,40,0.001000,1234,21078.407743,72148.312711,21150.556056,0.000000,,,0,1,,,,,26.793623,MEDIUM
ga,augerat_A_n80_k10,79,11,0.001000,999,18046.642008,5133.645114,18051.775653,0.000000,,,0,1,,,,,5.877167,MEDIUM
ga,hfvrp_n200_m40_s05,200,40,0.001000,999,18534.931101,52320.121189,18587.251223,0.000000,,,0,1,,,,,76.963477,BIG
ga,hfvrp_n200_m40_s03,200,40,0.001000,9999,21192.022898,68968.438755,21260.991337,0.000000,,,0,1,,,,,26.311233,MEDIUM
ga,pyvrp_X101_FSMFD,100,26,0.001000,75,3823069.599220,39169.549664,3823108.768770,0.000000,,,0,1,,,,,25.033427,BIG
ga,augerat_A_n80_k10,79,11,0.001000,999,17950.402480,5480.763151,17955.883243,0.000000,,,0,1,,,,,17.767420,BIG
ga,pyvrp_X101_FSMFD,100,26,0.001000,100,4230660.810688,38306.898152,4230699.117586,0.000000,,,0,1,,,,,0.418256,DEFAULT
ga,pyvrp_X101_FSMFD,100,26,0.001000,100,4759309.776217,48059.142183,4759357.835359,0.000000,,,0,1,,,,,0.052340,SMALL
ga,augerat_A_n80_k10,79,11,0.001000,1234,18177.809943,5254.825413,18183.064768,0.000000,,,0,1,,,,,0.286734,DEFAULT
ga,augerat_A_n80_k10,79,11,0.001000,1234,18532.821332,5831.464705,18538.652796,0.000000,,,0,1,,,,,0.039204,SMALL
ga,hfvrp_n200_m40_s02,200,40,0.001000,19345,22106.207636,64070.757142,22170.278393,0.000000,,,0,1,,,,,27.298120,MEDIUM
ga,augerat_A_n80_k10,79,11,0.001000,1234,18060.173591,5415.742682,18065.589334,0.000000,,,0,1,,,,,5.755392,MEDIUM
ga,pyvrp_X101_FSMFD,100,26,0.001000,100,3814929.173821,37975.143626,3814967.148965,0.000000,,,0,1,,,,,8.216329,MEDIUM
ga,hfvrp_n200_m40_s05,200,40,0.001000,1234,32605.281649,148735.093797,32754.016743,0.000000,,,0,1,,,,,1.296271,DEFAULT
ga,hfvrp_n200_m40_s05,200,40,0.001000,1234,38949.630564,231775.955455,39181.406520,0.000000,,,0,1,,,,,0.165350,SMALL
ga,augerat_A_n80_k10,79,11,0.001000,1234,17930.319596,5252.025787,17935.571621,0.000000,,,0,1,,,,,17.535220,BIG
ga,augerat_A_n80_k10,79,11,0.001000,9999,18427.251501,4937.250690,18432.188751,0.000000,,,0,1,,,,,0.287398,DEFAULT
ga,augerat_A_n80_k10,79,11,0.001000,9999,18421.163127,7209.463276,18428.372590,0.000000,,,0,1,,,,,0.036691,SMALL
ga,augerat_A_n80_k10,79,11,0.001000,9999,17895.372372,5073.977779,17900.446350,0.000000,,,0,1,,,,,5.648615,MEDIUM
ga,pyvrp_X101_FSMFD,100,26,0.001000,100,3810757.133818,37899.417914,3810795.033236,0.000000,,,0,1,,,,,25.592637,BIG
ga,pyvrp_X101_FSMFD,100,26,0.001000,200,4223036.600458,39317.497577,4223075.917955,0.000000,,,0,1,,,,,0.401132,DEFAULT
ga,pyvrp_X101_FSMFD,100,26,0.001000,200,4737116.863529,54789.078346,4737171.652607,0.000000,,,0,1,,,,,0.053163,SMALL
ga,hfvrp_n200_m40_s05,200,40,0.001000,1234,22537.339497,64408.810179,22601.748307,0.000000,,,0,1,,,,,25.281467,MEDIUM
ga,pyvrp_X101_FSMFD,100,26,0.001000,200,3801758.995141,36889.002585,3801795.884144,0.000000,,,0,1,,,,,8.406501,MEDIUM
ga,augerat_A_n80_k10,79,11,0.001000,9999,17836.549617,5481.621418,17842.031239,0.000000,,,0,1,,,,,17.757771,BIG
ga,augerat_A_n80_k10,79,11,0.001000,19345,18214.917132,5553.732525,18220.470864,0.000000,,,0,1,,,,,0.286733,DEFAULT
ga,augerat_A_n80_k10,79,11,0.001000,19345,18262.301348,5885.238702,18268.186587,0.000000,,,0,1,,,,,0.039720,SMALL
ga,augerat_A_n80_k10,79,11,0.001000,19345,18022.981256,6407.888735,18029.389145,0.000000,,,0,1,,,,,5.821726,MEDIUM
ga,hfvrp_n200_m40_s04,200,40,0.001000,1234,20675.855409,48053.782222,20723.909191,0.000000,,,0,1,,,,,79.476426,BIG
ga,hfvrp_n200_m40_s03,200,40,0.001000,9999,19881.461529,70673.071468,19952.134600,0.000000,,,0,1,,,,,78.419574,BIG
ga,pyvrp_X101_FSMFD,100,26,0.001000,200,3729788.308642,38407.422401,3729826.716065,0.000000,,,0,1,,,,,25.516415,BIG
ga,augerat_A_n80_k10,79,11,0.001000,19345,17897.923195,5465.576739,17903.388772,0.000000,,,0,1,,,,,17.822667,BIG
ga,augerat_A_n80_k10,79,11,0.001000,1788169377979331984,18179.843827,5677.837482,18185.521664,0.000000,,,0,1,,,,,0.288467,DEFAULT
ga,augerat_A_n80_k10,79,11,0.001000,1788169489943031686,18644.692918,7199.028128,18651.891946,0.000000,,,0,1,,,,,0.041524,SMALL
ga,pyvrp_X101_FSMFD,100,26,0.001000,999,4415312.583122,49196.234266,4415361.779357,0.000000,,,0,1,,,,,0.397630,DEFAULT
ga,pyvrp_X101_FSMFD,100,26,0.001000,999,4622932.303808,50328.667682,4622982.632475,0.000000,,,0,1,,,,,0.048745,SMALL
ga,hfvrp_n200_m40_s02,200,40,0.001000,19345,18404.693192,51017.430800,18455.710622,0.000000,,,0,1,,,,,76.499794,BIG
ga,augerat_A_n80_k10,79,11,0.001000,1788169494284670335,17998.648129,4837.829199,18003.485958,0.000000,,,0,1,,,,,5.690567,MEDIUM
ga,hfvrp_n200_m40_s04,200,40,0.001000,9999,31183.495735,146260.236536,31329.755971,0.000000,,,0,1,,,,,1.298666,DEFAULT
ga,hfvrp_n200_m40_s04,200,40,0.001000,9999,33956.230645,131124.285532,34087.354931,0.000000,,,0,1,,,,,0.163049,SMALL
ga,pyvrp_X101_FSMFD,100,26,0.001000,999,3896437.539965,38034.713369,3896475.574679,0.000000,,,0,1,,,,,8.202380,MEDIUM
ga,hfvrp_n200_m40_s03,200,40,0.001000,19345,29585.234083,140410.024369,29725.644107,0.000000,,,0,1,,,,,1.325998,DEFAULT
ga,hfvrp_n200_m40_s03,200,40,0.001000,19345,36861.450067,200938.850710,37062.388917,0.000000,,,0,1,,,,,0.160141,SMALL
ga,augerat_A_n80_k10,79,11,0.001000,1788169452739378909,17895.923478,5422.732843,17901.346210,0.000000,,,0,1,,,,,17.498886,BIG
ga,pyvrp_X106_FSMD,105,16,0.001000,1788169485719488993,4239584.927673,79595.856659,4239664.523530,0.000000,,,0,1,,,,,0.387482,DEFAULT
ga,pyvrp_X106_FSMD,105,16,0.001000,1788169490406339044,4954305.626214,75802.502102,4954381.428716,0.000000,,,0,1,,,,,0.050270,SMALL
ga,hfvrp_n200_m40_s02,200,40,0.001000,1788169105047015032,28800.233606,103574.504083,28903.808110,0.000000,,,0,1,,,,,1.298755,DEFAULT
ga,hfvrp_n200_m40_s02,200,40,0.001000,1788169093465878864,37182.652412,137641.447675,37320.293860,0.000000,,,0,1,,,,,0.164071,SMALL
ga,hfvrp_n200_m40_s04,200,40,0.001000,9999,23105.455179,77631.509741,23183.086688,0.000000,,,0,1,,,,,25.652735,MEDIUM
ga,pyvrp_X101_FSMFD,100,26,0.001000,999,3797405.743311,39382.341394,3797445.125653,0.000000,,,0,1,,,,,25.217447,BIG
ga,pyvrp_X106_FSMD,105,16,0.001000,1788169099618812408,3931586.043668,69047.200809,3931655.090868,0.000000,,,0,1,,,,,8.038318,MEDIUM
ga,pyvrp_X101_FSMFD,100,26,0.001000,1234,4232692.654129,41928.860789,4232734.582990,0.000000,,,0,1,,,,,0.417250,DEFAULT
ga,pyvrp_X101_FSMFD,100,26,0.001000,1234,4484489.926161,40101.144890,4484530.027306,0.000000,,,0,1,,,,,0.056449,SMALL
ga,hfvrp_n200_m40_s03,200,40,0.001000,19345,20234.789755,72867.603799,20307.657358,0.000000,,,0,1,,,,,26.185083,MEDIUM
ga,hfvrp_n200_m40_s05,200,40,0.001000,1234,17750.546862,46331.495116,17796.878357,0.000000,,,0,1,,,,,81.394200,BIG
ga,pyvrp_X101_FSMFD,100,26,0.001000,1234,3774570.864604,37471.952939,3774608.336557,0.000000,,,0,1,,,,,8.293044,MEDIUM
ga,hfvrp_n200_m40_s02,200,40,0.001000,1788169089339901408,20771.502270,61390.802612,20832.893073,0.000000,,,0,1,,,,,26.790818,MEDIUM
ga,pyvrp_X106_FSMD,105,16,0.001000,1788169146316625908,3764359.966222,69542.806240,3764429.509028,0.000000,,,0,1,,,,,23.659748,BIG
ga,pyvrp_X106_FSMD,105,16,0.001000,1,4365634.691917,80432.193378,4365715.124110,0.000000,,,0,1,,,,,0.383231,DEFAULT
ga,pyvrp_X106_FSMD,105,16,0.001000,1,5234127.801210,92235.401506,5234220.036611,0.000000,,,0,1,,,,,0.047784,SMALL
ga,hfvrp_n200_m40_s05,200,40,0.001000,9999,29505.876039,145923.265469,29651.799304,0.000000,,,0,1,,,,,1.295944,DEFAULT
ga,hfvrp_n200_m40_s05,200,40,0.001000,9999,34058.450191,113811.976009,34172.262167,0.000000,,,0,1,,,,,0.174533,SMALL
ga,pyvrp_X106_FSMD,105,16,0.001000,1,3889801.468678,67555.625504,3889869.024303,0.000000,,,0,1,,,,,7.876763,MEDIUM
ga,pyvrp_X101_FSMFD,100,26,0.001000,1234,3794548.156377,35552.425710,3794583.708803,0.000000,,,0,1,,,,,25.246292,BIG
ga,pyvrp_X101_FSMFD,100,26,0.001000,9999,4363277.397335,39919.430790,4363317.316766,0.000000,,,0,1,,,,,0.488967,DEFAULT
ga,pyvrp_X101_FSMFD,100,26,0.001000,9999,4913671.986223,56361.723437,4913728.347947,0.000000,,,0,1,,,,,0.054399,SMALL
ga,pyvrp_X101_FSMFD,100,26,0.001000,9999,3838535.358389,36647.611378,3838572.006000,0.000000,,,0,1,,,,,8.318537,MEDIUM
ga,hfvrp_n200_m40_s05,200,40,0.001000,9999,23111.748149,65489.711871,23177.237860,0.000000,,,0,1,,,,,25.127372,MEDIUM
ga,pyvrp_X106_FSMD,105,16,0.001000,1,3697487.292912,65371.276235,3697552.664188,0.000000,,,0,1,,,,,24.096598,BIG
ga,pyvrp_X106_FSMD,105,16,0.001000,10,4421831.484128,82108.440819,4421913.592569,0.000000,,,0,1,,,,,0.390152,DEFAULT
ga,pyvrp_X106_FSMD,105,16,0.001000,10,4906633.873067,92472.787098,4906726.345854,0.000000,,,0,1,,,,,0.047677,SMALL
ga,pyvrp_X106_FSMD,105,16,0.001000,10,3791732.915273,63235.510083,3791796.150783,0.000000,,,0,1,,,,,7.896006,MEDIUM
ga,pyvrp_X101_FSMFD,100,26,0.001000,9999,3835430.823197,38046.603856,3835468.869801,0.000000,,,0,1,,,,,25.247120,BIG
ga,hfvrp_n200_m40_s04,200,40,0.001000,9999,21066.783141,62139.752130,21128.922893,0.000000,,,0,1,,,,,78.096001,BIG
ga,pyvrp_X101_FSMFD,100,26,0.001000,19345,4384024.156900,43517.814512,4384067.674715,0.000000,,,0,1,,,,,0.405399,DEFAULT
ga,pyvrp_X101_FSMFD,100,26,0.001000,19345,4714950.556286,51548.866741,4715002.105153,0.000000,,,0,1,,,,,0.053319,SMALL
ga,pyvrp_X101_FSMFD,100,26,0.001000,19345,3924088.036916,34791.000202,3924122.827917,0.000000,,,0,1,,,,,8.163278,MEDIUM
ga,hfvrp_n200_m40_s03,200,40,0.001000,19345,19415.120781,68852.500870,19483.973282,0.000000,,,0,1,,,,,80.656045,BIG
ga,pyvrp_X106_FSMD,105,16,0.001000,10,3781528.895822,64638.455794,3781593.534278,0.000000,,,0,1,,,,,24.777648,BIG
ga,pyvrp_X106_FSMD,105,16,0.001000,50,4133372.155735,69981.969986,4133442.137705,0.000000,,,0,1,,,,,0.381008,DEFAULT
ga,pyvrp_X106_FSMD,105,16,0.001000,50,5083258.055287,71719.360492,5083329.774648,0.000000,,,0,1,,,,,0.042521,SMALL
ga,hfvrp_n200_m40_s02,200,40,0.001000,1788169073192203105,19987.139851,57157.827321,20044.297678,0.000000,,,0,1,,,,,76.626386,BIG
ga,hfvrp_n200_m40_s04,200,40,0.001000,19345,30647.868796,128695.735749,30776.564532,0.000000,,,0,1,,,,,1.311684,DEFAULT
ga,hfvrp_n200_m40_s04,200,40,0.001000,19345,34743.271003,132690.453810,34875.961457,0.000000,,,0,1,,,,,0.158750,SMALL
ga,pyvrp_X110_HD,109,13,0.001000,1788168963452758474,2729551.971316,73527.360520,2729625.498676,0.000000,,,0,1,,,,,0.406794,DEFAULT
ga,pyvrp_X110_HD,109,13,0.001000,1788168959568873186,3169523.238609,70218.028302,3169593.456638,0.000000,,,0,1,,,,,0.054744,SMALL
ga,pyvrp_X106_FSMD,105,16,0.001000,50,3737290.617795,61744.241583,3737352.362037,0.000000,,,0,1,,,,,7.894932,MEDIUM
ga,pyvrp_X110_HD,109,13,0.001000,1788168955332771842,2098855.424070,66100.294102,2098921.524364,0.000000,,,0,1,,,,,8.208645,MEDIUM
ga,hfvrp_n200_m40_s03,200,40,0.001000,1788168953905930020,30454.403586,110663.324168,30565.066910,0.000000,,,0,1,,,,,1.311644,DEFAULT
ga,hfvrp_n200_m40_s03,200,40,0.001000,1788168963812436492,35359.562831,227931.581039,35587.494412,0.000000,,,0,1,,,,,0.162648,SMALL
ga,pyvrp_X101_FSMFD,100,26,0.001000,19345,3719487.680772,36398.077582,3719524.078849,0.000000,,,0,1,,,,,25.102534,BIG
ga,pyvrp_X101_FSMFD,100,26,0.001000,1788168789293851904,4215430.580971,39656.812532,4215470.237783,0.000000,,,0,1,,,,,0.400408,DEFAULT
ga,pyvrp_X101_FSMFD,100,26,0.001000,1788168785403696408,4648679.660186,38855.398503,4648718.515585,0.000000,,,0,1,,,,,0.048987,SMALL
ga,pyvrp_X101_FSMFD,100,26,0.001000,1788168781161915138,3803475.468744,36502.335902,3803511.971080,0.000000,,,0,1,,,,,8.195235,MEDIUM
ga,hfvrp_n200_m40_s04,200,40,0.001000,19345,20683.278387,48783.103378,20732.061490,0.000000,,,0,1,,,,,26.283512,MEDIUM
ga,pyvrp_X106_FSMD,105,16,0.001000,50,3797405.107835,64839.631404,3797469.947466,0.000000,,,0,1,,,,,24.036722,BIG
ga,pyvrp_X106_FSMD,105,16,0.001000,75,4443834.203263,70979.239521,4443905.182503,0.000000,,,0,1,,,,,0.393506,DEFAULT
ga,pyvrp_X106_FSMD,105,16,0.001000,75,4890239.305317,83580.574585,4890322.885892,0.000000,,,0,1,,,,,0.057260,SMALL
ga,hfvrp_n200_m40_s05,200,40,0.001000,9999,20632.761897,53322.484184,20686.084381,0.000000,,,0,1,,,,,77.469224,BIG
ga,pyvrp_X110_HD,109,13,0.001000,1788168967846345331,1996231.024611,40483.094166,1996271.507705,0.000000,,,0,1,,,,,25.833090,BIG
ga,hfvrp_n200_m40_s03,200,40,0.001000,1788168805066173966,20188.437559,75468.312796,20263.905872,0.000000,,,0,1,,,,,26.081435,MEDIUM
ga,pyvrp_X110_HD,109,13,0.001000,1,2666065.556285,47944.473722,2666113.500759,0.000000,,,0,1,,,,,0.402258,DEFAULT
ga,pyvrp_X110_HD,109,13,0.001000,1,3088877.136345,102255.763012,3088979.392108,0.000000,,,0,1,,,,,0.055587,SMALL
ga,pyvrp_X106_FSMD,105,16,0.001000,75,3772112.174420,69752.973984,3772181.927394,0.000000,,,0,1,,,,,7.957371,MEDIUM
ga,pyvrp_X110_HD,109,13,0.001000,1,2199254.337440,46570.482139,2199300.907922,0.000000,,,0,1,,,,,8.204574,MEDIUM
ga,pyvrp_X101_FSMFD,100,26,0.001000,1788168853786681335,3951310.494076,39523.847270,3951350.017923,0.000000,,,0,1,,,,,25.011101,BIG
ga,pyvrp_X115_HVRP,114,18,0.001000,1788170921453252369,2342689.998758,69025.110315,2342759.023868,0.000000,,,0,0,,,,,0.453968,DEFAULT
ga,pyvrp_X115_HVRP,114,18,0.001000,1788170917616714212,2872032.700273,84620.801761,2872117.321075,0.000000,,,0,0,,,,,0.064629,SMALL
ga,hfvrp_n200_m40_s05,200,40,0.001000,19345,29877.496703,130862.725031,30008.359428,0.000000,,,0,1,,,,,1.307550,DEFAULT
ga,hfvrp_n200_m40_s05,200,40,0.001000,19345,38312.163042,177660.279213,38489.823321,0.000000,,,0,1,,,,,0.164999,SMALL
ga,pyvrp_X115_HVRP,114,18,0.001000,1788170913390673568,2158304.648150,51348.949820,2158355.997100,0.000000,,,0,0,,,,,9.027644,MEDIUM
ga,pyvrp_X106_FSMD,105,16,0.001000,75,3670550.780778,64106.901978,3670614.887680,0.000000,,,0,1,,,,,24.061806,BIG
ga,pyvrp_X106_FSMD,105,16,0.001000,100,4216557.021805,71985.434489,4216629.007239,0.000000,,,0,1,,,,,0.381300,DEFAULT
ga,pyvrp_X106_FSMD,105,16,0.001000,100,4574833.963322,74799.718945,4574908.763041,0.000000,,,0,1,,,,,0.049663,SMALL
ga,pyvrp_X110_HD,109,13,0.001000,1,2085775.349751,47226.656967,2085822.576408,0.000000,,,0,1,,,,,24.965200,BIG
ga,pyvrp_X110_HD,109,13,0.001000,10,2735091.624889,68391.463668,2735160.016353,0.000000,,,0,1,,,,,0.395198,DEFAULT
ga,pyvrp_X110_HD,109,13,0.001000,10,2887971.150059,70136.724324,2888041.286783,0.000000,,,0,1,,,,,0.058591,SMALL
ga,pyvrp_X106_FSMD,105,16,0.001000,100,3844114.007478,70167.585077,3844184.175063,0.000000,,,0,1,,,,,8.000674,MEDIUM
ga,hfvrp_n200_m40_s05,200,40,0.001000,19345,21726.078354,58809.528099,21784.887882,0.000000,,,0,1,,,,,25.046325,MEDIUM
ga,pyvrp_X110_HD,109,13,0.001000,10,2011944.815180,59567.940010,2012004.383120,0.000000,,,0,1,,,,,9.716030,MEDIUM
ga,pyvrp_X115_HVRP,114,18,0.001000,1788170857998693709,2009695.823502,54892.318819,2009750.715821,0.000000,,,0,0,,,,,26.547495,BIG
ga,pyvrp_X115_HVRP,114,18,0.001000,1,2254629.567855,58547.245083,2254688.115100,0.000000,,,0,0,,,,,0.423884,DEFAULT
ga,pyvrp_X115_HVRP,114,18,0.001000,1,2633931.949051,85027.057516,2634016.976109,0.000000,,,0,0,,,,,0.068122,SMALL
ga,pyvrp_X106_FSMD,105,16,0.001000,100,3899751.236549,68723.073457,3899819.959622,0.000000,,,0,1,,,,,24.347318,BIG
ga,pyvrp_X115_HVRP,114,18,0.001000,1,2050707.924075,50190.220133,2050758.114296,0.000000,,,0,0,,,,,8.991231,MEDIUM
ga,pyvrp_X106_FSMD,105,16,0.001000,200,4296252.480090,75485.997816,4296327.966088,0.000000,,,0,1,,,,,0.410591,DEFAULT
ga,pyvrp_X106_FSMD,105,16,0.001000,200,4618505.087053,74092.830482,4618579.179883,0.000000,,,0,1,,,,,0.054884,SMALL
ga,hfvrp_n200_m40_s04,200,40,0.001000,19345,20426.915649,75019.003637,20501.934652,0.000000,,,0,1,,,,,82.388128,BIG
ga,pyvrp_X110_HD,109,13,0.001000,10,1924807.483202,51838.009048,1924859.321211,0.000000,,,0,1,,,,,25.402110,BIG
ga,pyvrp_X106_FSMD,105,16,0.001000,200,3867786.157788,64262.136299,3867850.419924,0.000000,,,0,1,,,,,7.781988,MEDIUM
ga,pyvrp_X110_HD,109,13,0.001000,50,2651748.451367,84624.811087,2651833.076178,0.000000,,,0,1,,,,,0.400380,DEFAULT
ga,pyvrp_X110_HD,109,13,0.001000,50,3351482.075165,68128.869504,3351550.204035,0.000000,,,0,1,,,,,0.050002,SMALL
ga,hfvrp_n200_m40_s03,200,40,0.001000,1788168792503429513,18793.524934,72517.738601,18866.042672,0.000000,,,0,1,,,,,78.923575,BIG
ga,pyvrp_X120_FSMF,119,12,0.001000,1788169066566524201,3433680.696053,167109.912372,3433847.805965,0.000000,,,0,1,,,,,0.443613,DEFAULT
ga,pyvrp_X120_FSMF,119,12,0.001000,1788169071309424503,3937027.272828,216488.832704,3937243.761661,0.000000,,,0,1,,,,,0.055439,SMALL
ga,pyvrp_X110_HD,109,13,0.001000,50,2018471.973976,39452.329679,2018511.426306,0.000000,,,0,1,,,,,8.226922,MEDIUM
ga,pyvrp_X120_FSMF,119,12,0.001000,1788169058484138559,3169375.715301,127852.923291,3169503.568224,0.000000,,,0,1,,,,,8.402810,MEDIUM
ga,pyvrp_X115_HVRP,114,18,0.001000,1,2020061.796515,47450.687031,2020109.247202,0.000000,,,0,0,,,,,27.786891,BIG
ga,pyvrp_X115_HVRP,114,18,0.001000,10,2350360.293189,65439.056478,2350425.732245,0.000000,,,0,0,,,,,0.445439,DEFAULT
ga,pyvrp_X115_HVRP,114,18,0.001000,10,2858995.246339,89591.714082,2859084.838053,0.000000,,,0,0,,,,,0.059911,SMALL
ga,hfvrp_n200_m40_s04,200,40,0.001000,1788169144392266064,29485.336405,141646.670235,29626.983075,0.000000,,,0,1,,,,,1.320406,DEFAULT
ga,hfvrp_n200_m40_s04,200,40,0.001000,1788169102767880637,36748.723547,161463.542801,36910.187090,0.000000,,,0,1,,,,,0.162849,SMALL
ga,pyvrp_X106_FSMD,105,16,0.001000,200,3841721.010245,65972.331974,3841786.982577,0.000000,,,0,1,,,,,24.500315,BIG
ga,pyvrp_X106_FSMD,105,16,0.001000,999,4201827.067238,71197.669445,4201898.264907,0.000000,,,0,1,,,,,0.404905,DEFAULT
ga,pyvrp_X106_FSMD,105,16,0.001000,999,4744534.922771,82328.139102,4744617.250910,0.000000,,,0,1,,,,,0.049660,SMALL
ga,pyvrp_X115_HVRP,114,18,0.001000,10,1998901.848492,42668.858615,1998944.517351,0.000000,,,0,0,,,,,9.163668,MEDIUM
ga,pyvrp_X106_FSMD,105,16,0.001000,999,3817830.544844,69262.730778,3817899.807575,0.000000,,,0,1,,,,,8.106983,MEDIUM
ga,pyvrp_X110_HD,109,13,0.001000,50,1950767.409166,44036.995106,1950811.446161,0.000000,,,0,1,,,,,26.066546,BIG
ga,pyvrp_X110_HD,109,13,0.001000,75,2756541.226702,55632.777374,2756596.859479,0.000000,,,0,1,,,,,0.400349,DEFAULT
ga,pyvrp_X110_HD,109,13,0.001000,75,2926649.470345,66715.389485,2926716.185734,0.000000,,,0,1,,,,,0.056140,SMALL
ga,pyvrp_X120_FSMF,119,12,0.001000,1788169127021074021,3098783.987287,117803.493616,3098901.790781,0.000000,,,0,1,,,,,25.595621,BIG
ga,pyvrp_X120_FSMF,119,12,0.001000,1,3518772.428540,114741.163426,3518887.169704,0.000000,,,0,1,,,,,0.431544,DEFAULT
ga,pyvrp_X120_FSMF,119,12,0.001000,1,3822282.933964,203910.027367,3822486.843992,0.000000,,,0,1,,,,,0.054684,SMALL
ga,hfvrp_n200_m40_s04,200,40,0.001000,1788169090050648878,21013.064711,69254.447267,21082.319159,0.000000,,,0,1,,,,,25.684764,MEDIUM
ga,hfvrp_n200_m40_s05,200,40,0.001000,19345,20400.907831,50339.883400,20451.247715,0.000000,,,0,1,,,,,80.067202,BIG
ga,pyvrp_X110_HD,109,13,0.001000,75,2134061.787750,55227.057259,2134117.014807,0.000000,,,0,1,,,,,8.323726,MEDIUM
ga,pyvrp_X120_FSMF,119,12,0.001000,1,3112480.967134,137540.813621,3112618.507948,0.000000,,,0,1,,,,,8.748140,MEDIUM
ga,pyvrp_X115_HVRP,114,18,0.001000,10,1989834.631860,54136.896083,1989888.768756,0.000000,,,0,0,,,,,27.452649,BIG
ga,pyvrp_X106_FSMD,105,16,0.001000,999,3697745.095434,63053.785637,3697808.149220,0.000000,,,0,1,,,,,23.769299,BIG
ga,pyvrp_X115_HVRP,114,18,0.001000,50,2430069.142445,59236.619595,2430128.379064,0.000000,,,0,0,,,,,0.445512,DEFAULT
ga,pyvrp_X115_HVRP,114,18,0.001000,50,3034545.891888,53535.703514,3034599.427591,0.000000,,,0,0,,,,,0.060693,SMALL
ga,pyvrp_X106_FSMD,105,16,0.001000,1234,4422643.353734,74247.298873,4422717.601033,0.000000,,,0,1,,,,,0.400141,DEFAULT
ga,pyvrp_X106_FSMD,105,16,0.001000,1234,4567007.073790,70994.898692,4567078.068689,0.000000,,,0,1,,,,,0.054415,SMALL
ga,hfvrp_n200_m40_s05,200,40,0.001000,1788169379839765255,29371.264443,86978.555333,29458.242999,0.000000,,,0,1,,,,,1.321802,DEFAULT
ga,hfvrp_n200_m40_s05,200,40,0.001000,1788169419821067790,38667.706883,125116.404861,38792.823288,0.000000,,,0,1,,,,,0.167343,SMALL
ga,pyvrp_X115_HVRP,114,18,0.001000,50,2024473.377727,52086.969616,2024525.464697,0.000000,,,0,0,,,,,9.148655,MEDIUM
ga,pyvrp_X106_FSMD,105,16,0.001000,1234,3680949.830466,62294.016116,3681012.124482,0.000000,,,0,1,,,,,8.153102,MEDIUM
ga,pyvrp_X110_HD,109,13,0.001000,75,1951667.680662,48191.567668,1951715.872230,0.000000,,,0,1,,,,,25.243375,BIG
ga,pyvrp_X110_HD,109,13,0.001000,100,2701836.246528,67469.247626,2701903.715776,0.000000,,,0,1,,,,,0.411288,DEFAULT
ga,pyvrp_X110_HD,109,13,0.001000,100,3194489.504152,86331.646440,3194575.835799,0.000000,,,0,1,,,,,0.060039,SMALL
ga,pyvrp_X120_FSMF,119,12,0.001000,1,3121637.810518,90831.877306,3121728.642395,0.000000,,,0,1,,,,,25.896172,BIG
ga,pyvrp_X120_FSMF,119,12,0.001000,10,3441893.336015,160796.851263,3442054.132866,0.000000,,,0,1,,,,,0.420521,DEFAULT
ga,pyvrp_X120_FSMF,119,12,0.001000,10,3675845.998534,152562.246195,3675998.560780,0.000000,,,0,1,,,,,0.055927,SMALL
ga,pyvrp_X110_HD,109,13,0.001000,100,2292901.248729,60163.384756,2292961.412114,0.000000,,,0,1,,,,,8.225745,MEDIUM
ga,pyvrp_X120_FSMF,119,12,0.001000,10,3163180.818540,134070.432315,3163314.888972,0.000000,,,0,1,,,,,8.688305,MEDIUM
ga,hfvrp_n200_m40_s05,200,40,0.001000,1788169415698141795,21626.439939,66043.230638,21692.483169,0.000000,,,0,1,,,,,25.011573,MEDIUM
ga,pyvrp_X106_FSMD,105,16,0.001000,1234,3818635.318994,67353.579071,3818702.672573,0.000000,,,0,1,,,,,24.155294,BIG
ga,pyvrp_X115_HVRP,114,18,0.001000,50,2305243.649857,50334.853709,2305293.984710,0.000000,,,0,1,,,,,28.433165,BIG
ga,pyvrp_X106_FSMD,105,16,0.001000,9999,4362668.872042,80007.811091,4362748.879853,0.000000,,,0,1,,,,,0.396968,DEFAULT
ga,pyvrp_X106_FSMD,105,16,0.001000,9999,5092763.643781,86572.816353,5092850.216597,0.000000,,,0,1,,,,,0.050200,SMALL
ga,pyvrp_X115_HVRP,114,18,0.001000,75,2451476.261273,48290.156103,2451524.551429,0.000000,,,0,0,,,,,0.443857,DEFAULT
ga,pyvrp_X115_HVRP,114,18,0.001000,75,2942472.695501,76670.585016,2942549.366086,0.000000,,,0,0,,,,,0.063081,SMALL
ga,pyvrp_X106_FSMD,105,16,0.001000,9999,3850885.771829,73587.017553,3850959.358847,0.000000,,,0,1,,,,,8.101670,MEDIUM
ga,pyvrp_X110_HD,109,13,0.001000,100,2071190.708965,58082.751839,2071248.791717,0.000000,,,0,1,,,,,24.741800,BIG
ga,pyvrp_X115_HVRP,114,18,0.001000,75,1998420.342425,44894.427798,1998465.236853,0.000000,,,0,0,,,,,9.245685,MEDIUM
ga,pyvrp_X110_HD,109,13,0.001000,200,2719585.424445,67361.569029,2719652.786014,0.000000,,,0,1,,,,,0.400797,DEFAULT
ga,pyvrp_X110_HD,109,13,0.001000,200,3183177.782184,73573.782425,3183251.355967,0.000000,,,0,1,,,,,0.048304,SMALL
ga,pyvrp_X120_FSMF,119,12,0.001000,10,3111300.749846,126293.152946,3111427.042999,0.000000,,,0,1,,,,,25.772635,BIG
ga,pyvrp_X120_FSMF,119,12,0.001000,50,3626114.098120,210138.540021,3626324.236660,0.000000,,,0,1,,,,,0.421747,DEFAULT
ga,pyvrp_X120_FSMF,119,12,0.001000,50,3588733.621606,160032.915139,3588893.654521,0.000000,,,0,1,,,,,0.056145,SMALL
ga,pyvrp_X110_HD,109,13,0.001000,200,2066375.119972,45598.376260,2066420.718348,0.000000,,,0,1,,,,,8.190646,MEDIUM
ga,pyvrp_X120_FSMF,119,12,0.001000,50,3192608.167573,95378.635602,3192703.546208,0.000000,,,0,1,,,,,8.601643,MEDIUM
ga,hfvrp_n200_m40_s04,200,40,0.001000,1788169167280366518,21197.108372,63773.279471,21260.881652,0.000000,,,0,1,,,,,81.976942,BIG
ga,pyvrp_X106_FSMD,105,16,0.001000,9999,3844459.138529,64198.355465,3844523.336885,0.000000,,,0,1,,,,,23.838668,BIG
ga,pyvrp_X106_FSMD,105,16,0.001000,19345,4304765.919336,68791.148624,4304834.710484,0.000000,,,0,1,,,,,0.388141,DEFAULT
ga,pyvrp_X106_FSMD,105,16,0.001000,19345,4875138.453639,77267.337047,4875215.720976,0.000000,,,0,1,,,,,0.049713,SMALL
ga,pyvrp_X115_HVRP,114,18,0.001000,75,2367355.787825,55377.529678,2367411.165355,0.000000,,,0,1,,,,,29.280079,BIG
ga,pyvrp_X106_FSMD,105,16,0.001000,19345,3758185.269989,61058.408409,3758246.328397,0.000000,,,0,1,,,,,7.978637,MEDIUM
ga,pyvrp_X115_HVRP,114,18,0.001000,100,2350458.296569,67556.043934,2350525.852613,0.000000,,,0,0,,,,,0.424939,DEFAULT
ga,pyvrp_X115_HVRP,114,18,0.001000,100,2976975.176031,66584.798529,2977041.760829,0.000000,,,0,0,,,,,0.055655,SMALL
ga,pyvrp_X110_HD,109,13,0.001000,200,2067950.646408,56249.345195,2068006.895754,0.000000,,,0,1,,,,,24.879528,BIG
ga,pyvrp_X110_HD,109,13,0.001000,999,2705358.145834,64973.718710,2705423.119553,0.000000,,,0,1,,,,,0.401475,DEFAULT
ga,pyvrp_X110_HD,109,13,0.001000,999,3062173.291205,59803.878871,3062233.095083,0.000000,,,0,1,,,,,0.052013,SMALL
ga,pyvrp_X115_HVRP,114,18,0.001000,100,2104193.663271,54371.161905,2104248.034433,0.000000,,,0,0,,,,,8.926933,MEDIUM
ga,pyvrp_X120_FSMF,119,12,0.001000,50,3141711.417323,133797.543838,3141845.214867,0.000000,,,0,1,,,,,25.648607,BIG
ga,pyvrp_X120_FSMF,119,12,0.001000,75,3538026.173336,169961.324188,3538196.134660,0.000000,,,0,1,,,,,0.418277,DEFAULT
ga,pyvrp_X120_FSMF,119,12,0.001000,75,3934599.969841,205088.862920,3934805.058704,0.000000,,,0,1,,,,,0.057902,SMALL
ga,pyvrp_X110_HD,109,13,0.001000,999,2169230.942411,47982.198626,2169278.924609,0.000000,,,0,1,,,,,8.415812,MEDIUM
ga,pyvrp_X120_FSMF,119,12,0.001000,75,3179737.282654,149723.727304,3179887.006382,0.000000,,,0,1,,,,,8.372022,MEDIUM
ga,pyvrp_X106_FSMD,105,16,0.001000,19345,3808097.181238,69414.963752,3808166.596202,0.000000,,,0,1,,,,,24.176032,BIG
ga,pyvrp_X106_FSMD,105,16,0.001000,1788169610207989529,4254744.917348,71990.256236,4254816.907604,0.000000,,,0,1,,,,,0.411216,DEFAULT
ga,pyvrp_X106_FSMD,105,16,0.001000,1788169614918482125,4901853.242162,80743.183339,4901933.985345,0.000000,,,0,1,,,,,0.045973,SMALL
ga,hfvrp_n200_m40_s05,200,40,0.001000,1788169320455874076,21729.770103,72783.410110,21802.553513,0.000000,,,0,1,,,,,77.611637,BIG
ga,pyvrp_X106_FSMD,105,16,0.001000,1788169619263533347,3811771.641416,65983.798059,3811837.625214,0.000000,,,0,1,,,,,7.870325,MEDIUM
ga,pyvrp_X115_HVRP,114,18,0.001000,100,1974297.987125,50127.409141,1974348.114534,0.000000,,,0,0,,,,,27.029069,BIG
ga,pyvrp_X115_HVRP,114,18,0.001000,200,2576568.310461,69675.211340,2576637.985672,0.000000,,,0,0,,,,,0.445404,DEFAULT
ga,pyvrp_X115_HVRP,114,18,0.001000,200,2924623.838649,93326.053985,2924717.164703,0.000000,,,0,0,,,,,0.063341,SMALL
ga,pyvrp_X110_HD,109,13,0.001000,999,1947128.423413,42318.561934,1947170.741975,0.000000,,,0,1,,,,,25.487257,BIG
ga,pyvrp_X110_HD,109,13,0.001000,1234,2682901.816079,62778.230155,2682964.594309,0.000000,,,0,1,,,,,0.392552,DEFAULT
ga,pyvrp_X110_HD,109,13,0.001000,1234,3013692.840962,69997.335768,3013762.838297,0.000000,,,0,1,,,,,0.055058,SMALL
ga,pyvrp_X120_FSMF,119,12,0.001000,75,3121274.134896,144431.901964,3121418.566798,0.000000,,,0,1,,,,,25.667723,BIG
ga,pyvrp_X120_FSMF,119,12,0.001000,100,3503694.959724,195025.584167,3503889.985308,0.000000,,,0,1,,,,,0.426484,DEFAULT
ga,pyvrp_X120_FSMF,119,12,0.001000,100,3699571.592004,212562.235327,3699784.154239,0.000000,,,0,1,,,,,0.056592,SMALL
ga,pyvrp_X115_HVRP,114,18,0.001000,200,2137517.492729,55510.616697,2137573.003346,0.000000,,,0,0,,,,,9.204805,MEDIUM
ga,pyvrp_X110_HD,109,13,0.001000,1234,2113110.426497,49411.749689,2113159.838247,0.000000,,,0,1,,,,,8.415321,MEDIUM
ga,pyvrp_X120_FSMF,119,12,0.001000,100,3128465.155040,137955.810735,3128603.110851,0.000000,,,0,1,,,,,8.821097,MEDIUM
ga,pyvrp_X106_FSMD,105,16,0.001000,1788169597073828066,3826910.534425,65425.138215,3826975.959563,0.000000,,,0,1,,,,,23.970293,BIG
ga,pyvrp_X115_HVRP,114,18,0.001000,200,2119016.517020,48042.227834,2119064.559248,0.000000,,,0,0,,,,,26.568615,BIG
ga,pyvrp_X110_HD,109,13,0.001000,1234,2066842.178943,44695.781366,2066886.874725,0.000000,,,0,1,,,,,24.536658,BIG
ga,pyvrp_X115_HVRP,114,18,0.001000,999,2573802.384380,75770.162475,2573878.154542,0.000000,,,0,0,,,,,0.426483,DEFAULT
ga,pyvrp_X115_HVRP,114,18,0.001000,999,2701352.576823,78209.623999,2701430.786447,0.000000,,,0,0,,,,,0.064938,SMALL
ga,pyvrp_X110_HD,109,13,0.001000,9999,2630711.547854,62254.620789,2630773.802475,0.000000,,,0,1,,,,,0.398343,DEFAULT
ga,pyvrp_X110_HD,109,13,0.001000,9999,3083913.448698,70739.862880,3083984.188560,0.000000,,,0,1,,,,,0.051515,SMALL
ga,pyvrp_X120_FSMF,119,12,0.001000,100,3040469.109401,121385.038226,3040590.494439,0.000000,,,0,1,,,,,25.283718,BIG
ga,pyvrp_X120_FSMF,119,12,0.001000,200,3449458.218161,137319.874118,3449595.538035,0.000000,,,0,1,,,,,0.418980,DEFAULT
ga,pyvrp_X120_FSMF,119,12,0.001000,200,3877958.884840,154770.939719,3878113.655780,0.000000,,,0,1,,,,,0.052200,SMALL
ga,pyvrp_X115_HVRP,114,18,0.001000,999,2057343.530870,43728.645449,2057387.259515,0.000000,,,0,0,,,,,8.735529,MEDIUM
ga,pyvrp_X110_HD,109,13,0.001000,9999,2021417.651918,45852.013455,2021463.503932,0.000000,,,0,1,,,,,7.919928,MEDIUM
ga,pyvrp_X120_FSMF,119,12,0.001000,200,3104372.908816,143218.543793,3104516.127360,0.000000,,,0,1,,,,,8.397901,MEDIUM
ga,pyvrp_X110_HD,109,13,0.001000,9999,1952530.020087,45847.021739,1952575.867109,0.000000,,,0,1,,,,,24.459699,BIG
ga,pyvrp_X115_HVRP,114,18,0.001000,999,2014157.355274,49424.459819,2014206.779734,0.000000,,,0,0,,,,,26.011142,BIG
ga,pyvrp_X110_HD,109,13,0.001000,19345,2521340.764069,56703.114432,2521397.467183,0.000000,,,0,1,,,,,0.395087,DEFAULT
ga,pyvrp_X110_HD,109,13,0.001000,19345,3052961.375353,56678.770142,3053018.054123,0.000000,,,0,1,,,,,0.052328,SMALL
ga,pyvrp_X115_HVRP,114,18,0.001000,1234,2351519.905139,46410.828079,2351566.315967,0.000000,,,0,0,,,,,0.440498,DEFAULT
ga,pyvrp_X115_HVRP,114,18,0.001000,1234,2891987.338151,72050.232890,2892059.388384,0.000000,,,0,0,,,,,0.063946,SMALL
ga,pyvrp_X120_FSMF,119,12,0.001000,200,3090622.792987,124037.640984,3090746.830628,0.000000,,,0,1,,,,,24.797632,BIG
ga,pyvrp_X120_FSMF,119,12,0.001000,999,3523127.526625,173333.363391,3523300.859989,0.000000,,,0,1,,,,,0.410495,DEFAULT
ga,pyvrp_X120_FSMF,119,12,0.001000,999,3959748.689434,244551.278371,3959993.240713,0.000000,,,0,1,,,,,0.057762,SMALL
ga,pyvrp_X110_HD,109,13,0.001000,19345,2085072.616808,53684.807016,2085126.301615,0.000000,,,0,1,,,,,8.092636,MEDIUM
ga,pyvrp_X115_HVRP,114,18,0.001000,1234,2124377.591081,55015.504308,2124432.606585,0.000000,,,0,0,,,,,8.746138,MEDIUM
ga,pyvrp_X120_FSMF,119,12,0.001000,999,3092322.072324,96446.862352,3092418.519187,0.000000,,,0,1,,,,,8.185737,MEDIUM
ga,pyvrp_X110_HD,109,13,0.001000,19345,2001528.193230,51704.455556,2001579.897685,0.000000,,,0,1,,,,,23.923588,BIG
ga,pyvrp_X110_HD,109,13,0.001000,1788146188650741733,2712418.825885,69528.008937,2712488.353894,0.000000,,,0,1,,,,,0.400678,DEFAULT
ga,pyvrp_X110_HD,109,13,0.001000,1788146201940326730,3169039.711781,72659.500967,3169112.371282,0.000000,,,0,1,,,,,0.053255,SMALL
ga,pyvrp_X115_HVRP,114,18,0.001000,1234,2397038.886207,56688.029860,2397095.574237,0.000000,,,0,1,,,,,28.243939,BIG
ga,pyvrp_X120_FSMF,119,12,0.001000,999,3158463.126285,92113.555602,3158555.239840,0.000000,,,0,1,,,,,24.699014,BIG
ga,pyvrp_X120_FSMF,119,12,0.001000,1234,3511090.813604,152131.918948,3511242.945523,0.000000,,,0,1,,,,,0.405397,DEFAULT
ga,pyvrp_X120_FSMF,119,12,0.001000,1234,3932590.477713,186563.489985,3932777.041203,0.000000,,,0,1,,,,,0.056740,SMALL
ga,pyvrp_X115_HVRP,114,18,0.001000,9999,2510918.604904,63862.009979,2510982.466914,0.000000,,,0,0,,,,,0.441432,DEFAULT
ga,pyvrp_X115_HVRP,114,18,0.001000,9999,2779561.824886,51520.129306,2779613.345015,0.000000,,,0,0,,,,,0.062634,SMALL
ga,pyvrp_X110_HD,109,13,0.001000,1788146197702513385,2260302.863027,62158.764860,2260365.021792,0.000000,,,0,1,,,,,7.965616,MEDIUM
ga,pyvrp_X120_FSMF,119,12,0.001000,1234,3167509.759534,140465.484766,3167650.225019,0.000000,,,0,1,,,,,8.294543,MEDIUM
ga,pyvrp_X115_HVRP,114,18,0.001000,9999,1995975.245925,47670.518328,1996022.916444,0.000000,,,0,0,,,,,8.862569,MEDIUM
ga,pyvrp_X110_HD,109,13,0.001000,1788145711751157461,2007822.406561,50301.713480,2007872.708275,0.000000,,,0,1,,,,,25.126870,BIG
ga,pyvrp_X120_FSMF,119,12,0.001000,1234,3123361.344226,119701.449656,3123481.045676,0.000000,,,0,1,,,,,24.985180,BIG
ga,pyvrp_X120_FSMF,119,12,0.001000,9999,3511690.056424,170746.568861,3511860.802993,0.000000,,,0,1,,,,,0.407906,DEFAULT
ga,pyvrp_X120_FSMF,119,12,0.001000,9999,3838623.045205,202650.991592,3838825.696197,0.000000,,,0,1,,,,,0.058294,SMALL
ga,pyvrp_X115_HVRP,114,18,0.001000,9999,1999093.945830,53910.689434,1999147.856520,0.000000,,,0,0,,,,,26.363322,BIG
ga,pyvrp_X115_HVRP,114,18,0.001000,19345,2455485.334245,84268.933867,2455569.603179,0.000000,,,0,0,,,,,0.438211,DEFAULT
ga,pyvrp_X115_HVRP,114,18,0.001000,19345,2911393.749825,97910.641647,2911491.660467,0.000000,,,0,0,,,,,0.062402,SMALL
ga,pyvrp_X120_FSMF,119,12,0.001000,9999,3157721.365608,125863.477069,3157847.229085,0.000000,,,0,1,,,,,8.043821,MEDIUM
ga,pyvrp_X115_HVRP,114,18,0.001000,19345,2016954.098545,48879.683274,2017002.978229,0.000000,,,0,0,,,,,8.654574,MEDIUM
ga,pyvrp_X120_FSMF,119,12,0.001000,9999,3176240.184041,96070.611747,3176336.254653,0.000000,,,0,1,,,,,24.187957,BIG
ga,pyvrp_X120_FSMF,119,12,0.001000,19345,3360058.595412,160403.405557,3360218.998817,0.000000,,,0,1,,,,,0.403489,DEFAULT
ga,pyvrp_X120_FSMF,119,12,0.001000,19345,4106107.114430,227015.610050,4106334.130040,0.000000,,,0,1,,,,,0.056827,SMALL
ga,pyvrp_X115_HVRP,114,18,0.001000,19345,2040172.214941,55009.410428,2040227.224352,0.000000,,,0,0,,,,,26.396631,BIG
ga,pyvrp_X115_HVRP,114,18,0.001000,1788145896788080980,2442051.739162,58561.624167,2442110.300787,0.000000,,,0,0,,,,,0.422505,DEFAULT
ga,pyvrp_X115_HVRP,114,18,0.001000,1788145901509431916,2838474.560508,66112.855276,2838540.673363,0.000000,,,0,0,,,,,0.060009,SMALL
ga,pyvrp_X120_FSMF,119,12,0.001000,19345,3161864.482419,127543.324008,3161992.025743,0.000000,,,0,1,,,,,8.149951,MEDIUM
ga,pyvrp_X115_HVRP,114,18,0.001000,1788145905873772575,2078007.701813,43230.683707,2078050.932497,0.000000,,,0,0,,,,,8.768786,MEDIUM
ga,pyvrp_X120_FSMF,119,12,0.001000,19345,3109721.416169,105705.204274,3109827.121373,0.000000,,,0,1,,,,,24.521950,BIG
ga,pyvrp_X120_FSMF,119,12,0.001000,1788145710284075066,3523501.695166,143986.039706,3523645.681206,0.000000,,,0,1,,,,,0.405690,DEFAULT
ga,pyvrp_X120_FSMF,119,12,0.001000,1788145714988599106,3758741.770788,180004.510640,3758921.775298,0.000000,,,0,1,,,,,0.061768,SMALL
ga,pyvrp_X115_HVRP,114,18,0.001000,1788145888877357537,2009978.615555,58596.927755,2010037.212483,0.000000,,,0,0,,,,,26.176816,BIG
ga,pyvrp_X120_FSMF,119,12,0.001000,1788145736534026616,3162476.639160,94018.670014,3162570.657830,0.000000,,,0,1,,,,,7.969541,MEDIUM
ga,pyvrp_X120_FSMF,119,12,0.001000,1788145748808452206,3150889.488742,133823.733220,3151023.312475,0.000000,,,0,1,,,,,23.318720,BIG
