method,instance,N,M,beta,seed,cost_operational,cost_priority,cost_total,lower_bound,root_lp_bound,gap,optimal,feasible,status,num_nodes,num_iterations,num_solutions,runtime_sec,variant
exact,ex2_1v_infeasible,2,1,0.250000,42,0.000000,0.000000,0.000000,0.000000,0.000000,1.000000,0,0,infeasible,0,0,0,0.000421,
exact,ex1_1v_feasible,2,1,0.250000,42,84.142136,50.000000,96.642136,96.642136,78.556349,0.000000,1,1,optimal,0,2,2,0.004964,
exact,ex3_3v_all_feasible,3,3,0.250000,42,162.000000,20.000000,167.000000,167.000000,154.363591,0.000000,1,1,optimal,0,0,1,0.000653,
exact,ex4_3v_infeasible,4,3,0.250000,42,0.000000,0.000000,0.000000,0.000000,169.094658,1.000000,0,0,infeasible,0,0,0,0.000953,
exact,ex5_3v_one_used_feasible,3,3,0.250000,42,115.798990,50.000000,128.298990,128.298990,95.597980,0.000000,1,1,optimal,0,4,3,0.005577,
exact,hfvrp_n001_m03_s01,1,3,0.250000,42,87.334995,168.337487,129.419366,129.419366,129.419366,0.000000,1,1,optimal,0,0,1,0.000603,
exact,hfvrp_n001_m03_s02,1,3,0.250000,42,156.310634,50.546098,168.947159,168.947159,168.947159,0.000000,1,1,optimal,0,0,1,0.000881,
exact,hfvrp_n001_m03_s03,1,3,0.250000,42,130.438737,0.000000,130.438737,130.438737,130.438737,0.000000,1,1,optimal,0,0,1,0.000635,
exact,hfvrp_n001_m03_s04,1,3,0.250000,42,122.386776,0.000000,122.386776,122.386776,122.386776,0.000000,1,1,optimal,0,0,1,0.000659,
exact,hfvrp_n001_m03_s05,1,3,0.250000,42,89.097550,34.548775,97.734744,97.734744,97.734744,0.000000,1,1,optimal,0,0,1,0.000959,
exact,hfvrp_n002_m03_s01,2,3,0.250000,42,262.852855,468.007587,379.854751,379.854751,258.097137,0.000000,1,1,optimal,0,0,3,0.005078,
exact,hfvrp_n002_m03_s02,2,3,0.250000,42,139.033247,41.343143,149.369033,149.369033,130.817821,0.000000,1,1,optimal,0,12,3,0.006919,
exact,hfvrp_n002_m03_s03,2,3,0.250000,42,185.309216,25.338303,191.643792,191.643792,155.417444,0.000000,1,1,optimal,0,0,3,0.004920,
exact,hfvrp_n002_m03_s04,2,3,0.250000,42,174.552021,35.445494,183.413394,183.413394,142.481649,0.000000,1,1,optimal,0,18,3,0.006143,
exact,hfvrp_n002_m03_s05,2,3,0.250000,42,252.004246,183.153460,297.792611,297.792611,216.906774,0.000000,1,1,optimal,0,9,2,0.005235,
exact,hfvrp_n005_m03_s01,5,3,0.250000,42,350.283936,145.533835,386.667395,386.667395,267.549103,0.000000,1,1,optimal,51,322,4,0.035475,
exact,hfvrp_n005_m03_s02,5,3,0.250000,42,358.545666,176.381442,402.641026,402.641026,289.508762,0.000000,1,1,optimal,27,303,4,0.040136,
exact,hfvrp_n005_m03_s03,5,3,0.250000,42,444.734799,0.000000,444.734799,438.931910,325.638053,0.013048,1,1,optimal,0,224,3,0.044805,
exact,hfvrp_n005_m03_s04,5,3,0.250000,42,278.576281,287.478473,350.445899,350.445899,158.921111,0.000000,1,1,optimal,42,476,6,0.051296,
exact,hfvrp_n005_m03_s05,5,3,0.250000,42,384.694704,176.850818,428.907408,428.907408,301.150444,0.000000,1,1,optimal,103,963,6,0.083010,
exact,hfvrp_n010_m03_s01,10,3,0.250000,42,515.549909,271.386050,583.396421,583.396421,315.594584,0.000000,1,1,optimal,2661,31185,8,3.047266,
exact,hfvrp_n010_m03_s02,10,3,0.250000,42,502.636366,474.233046,621.194627,621.194627,309.276307,0.000000,1,1,optimal,6006,56430,8,5.306027,
exact,hfvrp_n010_m03_s05,10,3,0.250000,42,481.969273,655.167646,645.761184,645.761184,340.923866,0.000000,1,1,optimal,8018,80195,7,7.997040,
exact,hfvrp_n010_m03_s03,10,3,0.250000,42,534.726709,763.645230,725.638017,725.638017,425.188513,0.000000,1,1,optimal,13329,160612,10,12.728432,
exact,hfvrp_n010_m03_s04,10,3,0.250000,42,519.712457,544.076456,655.731571,655.731571,354.592371,0.000000,1,1,optimal,25759,258940,9,21.406620,
exact,hfvrp_n015_m03_s05,15,3,0.250000,42,611.521308,824.122147,817.551845,817.551845,352.825609,0.000000,1,1,optimal,63529,1090318,15,96.315818,
exact,hfvrp_n015_m03_s03,15,3,0.250000,42,532.035526,524.156405,663.074628,663.074050,336.962556,0.000001,1,1,optimal,575555,11486545,17,1155.101008,
exact,hfvrp_n015_m03_s01,15,3,0.250000,42,637.317432,1035.172168,896.110474,896.110016,418.056740,0.000001,1,1,optimal,1037528,16392124,18,2163.459557,
exact,hfvrp_n015_m03_s02,15,3,0.250000,42,646.982376,970.324017,889.563381,889.562566,369.693351,0.000001,1,1,optimal,2610680,46173308,18,6104.902247,
exact,hfvrp_n015_m03_s04,15,3,0.250000,42,669.449634,1981.675868,1164.868602,1087.366187,403.518958,0.066522,0,1,time_limit,7370741,105658442,22,18000.003101,
exact,hfvrp_n020_m04_s01,20,4,0.250000,42,817.730053,645.557639,979.119463,836.391444,484.079248,0.145772,0,1,time_limit,3317608,85390753,38,18000.001516,
exact,hfvrp_n020_m04_s02,20,4,0.250000,42,743.328099,964.107820,984.355054,836.401676,516.395425,0.150305,0,1,time_limit,2978221,95388823,25,18000.002136,
exact,hfvrp_n020_m04_s03,20,4,0.250000,42,807.832543,1402.307622,1158.409449,882.160081,462.677123,0.238472,0,1,time_limit,3518527,89140376,40,18000.006055,
exact,hfvrp_n020_m04_s04,20,4,0.250000,42,753.478494,1458.607803,1118.130445,884.249816,507.487641,0.209171,0,1,time_limit,4193485,82649004,51,18000.004815,
exact,hfvrp_n020_m04_s05,20,4,0.250000,42,668.580752,1742.307836,1104.157711,880.583609,548.793994,0.202484,0,1,time_limit,3672981,86040539,21,18000.002483,
exact,hfvrp_n030_m06_s02,30,6,0.250000,42,1171.447703,2286.767833,1743.139661,1029.933786,701.312133,0.409150,0,1,mem_limit,958192,23561888,30,8564.494474,
exact,hfvrp_n030_m06_s04,30,6,0.250000,42,1269.376554,1693.320065,1692.706570,1167.075902,854.868152,0.310527,0,1,mem_limit,768757,28430792,30,7535.044238,
exact,hfvrp_n030_m06_s01,30,6,0.250000,42,1399.184149,2519.040033,2028.944157,1112.603740,682.168747,0.451634,0,1,mem_limit,912482,26526282,46,10148.409423,
exact,hfvrp_n030_m06_s03,30,6,0.250000,42,1260.289872,1684.702485,1681.465494,1130.078023,794.221151,0.327921,0,1,time_limit,1299970,53535603,43,18000.003444,
exact,hfvrp_n050_m10_s01,50,10,0.250000,42,2225.159535,6227.316461,3781.988650,1884.685101,1320.522719,0.501668,0,1,mem_limit,277310,16645974,65,12339.317335,
exact,hfvrp_n030_m06_s05,30,6,0.250000,42,1305.148426,1495.412249,1679.001488,1119.868244,796.518999,0.333015,0,1,time_limit,1090530,52778474,55,18000.003731,
exact,hfvrp_n050_m10_s02,50,10,0.250000,42,2383.903068,8907.815031,4610.856826,1725.336785,1286.560910,0.625810,0,1,mem_limit,259451,16475356,56,11671.702787,
exact,hfvrp_n050_m10_s04,50,10,0.250000,42,2125.572676,5510.433819,3503.181131,1695.313811,1252.731272,0.516064,0,1,mem_limit,271701,20976095,97,14512.631358,
exact,hfvrp_n050_m10_s03,50,10,0.250000,42,2319.694574,4945.107745,3555.971511,1667.963290,1225.063023,0.530940,0,1,time_limit,218581,13639308,73,18000.025291,
exact,hfvrp_n050_m10_s05,50,10,0.250000,42,2442.140947,7862.656837,4407.805157,1795.795530,1158.815585,0.592587,0,1,mem_limit,265211,14472088,51,11460.408324,
exact,hfvrp_n075_m15_s01,75,15,0.250000,42,4298.959120,8255.565350,6362.850457,2476.192087,1825.311141,0.610836,0,1,mem_limit,80967,6088699,72,14398.489842,
exact,hfvrp_n075_m15_s02,75,15,0.250000,42,0.000000,0.000000,0.000000,2787.225487,2092.227672,1.000000,0,0,no_solution,39242,4158816,0,18000.009658,
exact,hfvrp_n075_m15_s03,75,15,0.250000,42,5329.791874,12884.346462,8550.878489,2920.516117,2155.929751,0.658454,0,1,time_limit,49018,3578058,62,18000.071581,
exact,hfvrp_n075_m15_s04,75,15,0.250000,42,4792.380180,10081.048562,7312.642321,2689.765958,2071.372250,0.632176,0,1,mem_limit,80427,7191825,66,16137.800078,
exact,hfvrp_n075_m15_s05,75,15,0.250000,42,4581.415565,16348.765144,8668.606851,2769.327953,2159.027377,0.680534,0,1,time_limit,72840,6680912,30,18000.044697,
exact,hfvrp_n100_m20_s01,100,20,0.250000,42,0.000000,0.000000,0.000000,3789.225488,2957.348607,1.000000,0,0,no_solution,7774,819818,0,18000.049205,
exact,hfvrp_n100_m20_s02,100,20,0.250000,42,0.000000,0.000000,0.000000,3485.445002,2752.884228,1.000000,0,0,no_solution,11300,1188235,0,18000.027137,
exact,hfvrp_n100_m20_s03,100,20,0.250000,42,7045.997812,24177.039685,13090.257733,3686.950273,2856.661782,0.718344,0,1,time_limit,30422,2669441,43,18000.128302,
exact,hfvrp_n100_m20_s04,100,20,0.250000,42,6289.005717,20759.955792,11478.994665,3848.408378,3002.353415,0.664743,0,1,time_limit,21718,2349645,44,18000.143834,
exact,hfvrp_n100_m20_s05,100,20,0.250000,42,7684.074407,20212.598940,12737.224141,3512.650716,2774.994506,0.724222,0,1,time_limit,22130,1888494,38,18000.129027,
exact,hfvrp_n150_m30_s01,150,30,0.250000,42,0.000000,0.000000,0.000000,6477.632632,5147.309259,1.000000,0,0,no_solution,2016,342793,0,18000.158919,
exact,hfvrp_n150_m30_s02,150,30,0.250000,42,0.000000,0.000000,0.000000,6385.385526,4935.867158,1.000000,0,0,no_solution,3528,546613,0,18000.225903,
exact,hfvrp_n150_m30_s03,150,30,0.250000,42,0.000000,0.000000,0.000000,6366.775142,5269.518578,1.000000,0,0,no_solution,1512,425908,0,18000.257144,
exact,hfvrp_n150_m30_s04,150,30,0.250000,42,17579.593766,83431.069528,38437.361148,6423.718427,5229.400932,0.834772,0,0,time_limit,4116,856907,1,18000.312672,
exact,hfvrp_n150_m30_s05,150,30,0.250000,42,0.000000,0.000000,0.000000,6432.927327,5117.686791,1.000000,0,0,no_solution,2016,350360,0,18000.148476,
exact,hfvrp_n200_m40_s01,200,40,0.250000,42,7454.998565,2000.766716,7955.190243,10094.165908,8695.742805,0.258332,0,0,time_limit,918,377850,1,18000.632494,
exact,hfvrp_n200_m40_s02,200,40,0.250000,42,8139.016117,3783.108194,9084.793165,10362.415431,8762.069592,0.283324,0,0,time_limit,1018,382693,1,18000.706535,
exact,hfvrp_n200_m40_s03,200,40,0.250000,42,8893.073231,5533.014389,10276.326828,10192.548389,8494.383172,0.336863,0,0,time_limit,918,427289,1,18000.232372,
exact,augerat_A_n32_k5,31,8,0.250000,42,6311.677130,1810.980971,6764.422372,5645.658484,5557.793975,0.165389,0,1,mem_limit,878040,28319085,45,13963.188369,
exact,hfvrp_n200_m40_s04,200,40,0.250000,42,10208.505737,5071.404271,11476.356805,10079.127043,8618.328821,0.400580,0,0,time_limit,918,483197,1,18000.237376,
exact,hfvrp_n200_m40_s05,200,40,0.250000,42,10216.491439,10762.407808,12907.093391,10074.014599,8496.529150,0.441571,0,0,time_limit,1230,487267,1,18000.351081,
exact,augerat_A_n45_k6,44,8,0.250000,42,10430.843587,996.372498,10679.936711,9932.653866,8817.923568,0.069971,0,1,mem_limit,418298,28747023,68,13327.902193,
exact,augerat_A_n37_k5,36,8,0.250000,42,5940.491568,1139.079618,6225.261472,5633.440370,5474.595385,0.095068,0,1,time_limit,516495,27131661,40,18000.005008,
exact,augerat_A_n54_k7,53,8,0.250000,42,11972.965733,3151.337019,12760.799988,10983.583641,10321.271985,0.139272,0,1,time_limit,250369,24685929,59,18000.027712,
exact,augerat_A_n60_k9,59,10,0.250000,42,14402.330970,2745.880103,15088.800995,13190.120888,12829.634497,0.125834,0,1,time_limit,103514,9987148,58,18000.049708,
exact,augerat_A_n80_k10,79,11,0.250000,42,19035.811264,4635.197793,20194.610713,16263.133377,14973.308684,0.194680,0,1,time_limit,83133,7053350,61,18000.047796,
exact,pyvrp_X101_FSMFD,100,26,0.250000,42,0.000000,0.000000,0.000000,2578490.176996,2482738.062988,1.000000,0,0,no_solution,4333,667184,0,18000.030138,
exact,pyvrp_X106_FSMD,105,16,0.250000,42,0.000000,0.000000,0.000000,2514527.591745,2277852.141701,1.000000,0,0,no_solution,6474,725165,0,18000.034754,
exact,pyvrp_X110_HD,109,13,0.250000,42,0.000000,0.000000,0.000000,1132038.772859,963289.605275,1.000000,0,0,no_solution,6368,727874,0,18000.024941,
exact,pyvrp_X115_HVRP,114,18,0.250000,42,0.000000,0.000000,0.000000,1383575.543773,1240009.383263,1.000000,0,0,no_solution,8953,2356409,0,18000.025084,
exact,pyvrp_X120_FSMF,119,12,0.250000,42,4357746.561745,214264.615795,4411312.715694,2498326.225386,2407339.589509,0.438460,0,0,time_limit,31991,2490120,1,18000.027368,
savings,ex1_1v_feasible,2,1,0.250000,42,84.142136,50.000000,96.642136,0.000000,,,0,1,,,,,0.000007,
savings,ex2_1v_infeasible,2,1,0.250000,42,70.000000,0.000000,70.000000,0.000000,,,0,0,,,,,0.000007,
savings,ex4_3v_infeasible,4,3,0.250000,42,141.798990,0.000000,141.798990,0.000000,,,0,0,,,,,0.000014,
savings,ex3_3v_all_feasible,3,3,0.250000,42,162.000000,20.000000,167.000000,0.000000,,,0,1,,,,,0.000008,
savings,ex5_3v_one_used_feasible,3,3,0.250000,42,115.798990,50.000000,128.298990,0.000000,,,0,1,,,,,0.000009,
savings,hfvrp_n001_m03_s01,1,3,0.250000,42,87.334995,168.337487,129.419366,0.000000,,,0,1,,,,,0.000005,
savings,hfvrp_n001_m03_s02,1,3,0.250000,42,156.310634,50.546098,168.947159,0.000000,,,0,1,,,,,0.000012,
savings,hfvrp_n001_m03_s03,1,3,0.250000,42,130.438737,0.000000,130.438737,0.000000,,,0,1,,,,,0.000007,
savings,hfvrp_n001_m03_s04,1,3,0.250000,42,122.386776,0.000000,122.386776,0.000000,,,0,1,,,,,0.000003,
savings,hfvrp_n001_m03_s05,1,3,0.250000,42,89.097550,34.548775,97.734744,0.000000,,,0,1,,,,,0.000016,
savings,hfvrp_n002_m03_s01,2,3,0.250000,42,262.852855,468.007587,379.854751,0.000000,,,0,1,,,,,0.000015,
savings,hfvrp_n002_m03_s02,2,3,0.250000,42,139.033247,41.343143,149.369033,0.000000,,,0,1,,,,,0.000016,
savings,hfvrp_n002_m03_s03,2,3,0.250000,42,185.309216,25.338303,191.643792,0.000000,,,0,1,,,,,0.000012,
savings,hfvrp_n002_m03_s04,2,3,0.250000,42,174.940044,35.445494,183.801418,0.000000,,,0,1,,,,,0.000013,
savings,hfvrp_n002_m03_s05,2,3,0.250000,42,302.671304,316.313399,381.749654,0.000000,,,0,1,,,,,0.000005,
savings,hfvrp_n005_m03_s01,5,3,0.250000,42,350.283936,145.533835,386.667395,0.000000,,,0,1,,,,,0.000023,
savings,hfvrp_n005_m03_s02,5,3,0.250000,42,359.865479,294.868617,433.582633,0.000000,,,0,1,,,,,0.000018,
savings,hfvrp_n005_m03_s03,5,3,0.250000,42,461.844903,0.000000,461.844903,0.000000,,,0,1,,,,,0.000025,
savings,hfvrp_n005_m03_s04,5,3,0.250000,42,315.249666,321.157361,395.539006,0.000000,,,0,1,,,,,0.000016,
savings,hfvrp_n005_m03_s05,5,3,0.250000,42,403.901343,324.445774,485.012787,0.000000,,,0,1,,,,,0.000030,
savings,hfvrp_n010_m03_s01,10,3,0.250000,42,561.770060,357.432841,651.128270,0.000000,,,0,1,,,,,0.000023,
savings,hfvrp_n010_m03_s02,10,3,0.250000,42,537.829798,824.734674,744.013467,0.000000,,,0,1,,,,,0.000022,
savings,hfvrp_n010_m03_s03,10,3,0.250000,42,603.750103,563.761094,744.690377,0.000000,,,0,1,,,,,0.000037,
savings,hfvrp_n010_m03_s04,10,3,0.250000,42,560.288925,769.238058,752.598440,0.000000,,,0,1,,,,,0.000020,
savings,hfvrp_n010_m03_s05,10,3,0.250000,42,481.969273,655.167646,645.761184,0.000000,,,0,1,,,,,0.000028,
savings,hfvrp_n015_m03_s01,15,3,0.250000,42,608.146058,2857.753978,1322.584552,0.000000,,,0,1,,,,,0.000051,
savings,hfvrp_n015_m03_s02,15,3,0.250000,42,555.067518,2369.930933,1147.550252,0.000000,,,0,1,,,,,0.000037,
savings,hfvrp_n015_m03_s03,15,3,0.250000,42,603.260724,709.500270,780.635792,0.000000,,,0,1,,,,,0.000082,
savings,hfvrp_n015_m03_s04,15,3,0.250000,42,643.985184,5002.226823,1894.541889,0.000000,,,0,1,,,,,0.000066,
savings,hfvrp_n015_m03_s05,15,3,0.250000,42,668.300480,964.713238,909.478789,0.000000,,,0,1,,,,,0.000095,
savings,hfvrp_n020_m04_s01,20,4,0.250000,42,846.713527,1417.746750,1201.150214,0.000000,,,0,1,,,,,0.000186,
savings,hfvrp_n020_m04_s02,20,4,0.250000,42,668.474740,1852.445836,1131.586199,0.000000,,,0,1,,,,,0.000053,
savings,hfvrp_n020_m04_s03,20,4,0.250000,42,816.325329,3735.553173,1750.213622,0.000000,,,0,1,,,,,0.000136,
savings,hfvrp_n020_m04_s04,20,4,0.250000,42,828.310213,3139.121742,1613.090648,0.000000,,,0,1,,,,,0.000123,
savings,hfvrp_n020_m04_s05,20,4,0.250000,42,898.059912,2942.552243,1633.697972,0.000000,,,0,1,,,,,0.000110,
savings,hfvrp_n030_m06_s01,30,6,0.250000,42,1576.785418,3409.429805,2429.142869,0.000000,,,0,1,,,,,0.000381,
savings,hfvrp_n030_m06_s02,30,6,0.250000,42,1138.050291,4038.597509,2147.699668,0.000000,,,0,1,,,,,0.000234,
savings,hfvrp_n030_m06_s03,30,6,0.250000,42,1406.063903,2390.273366,2003.632244,0.000000,,,0,1,,,,,0.000625,
savings,hfvrp_n030_m06_s04,30,6,0.250000,42,1273.193067,2582.718588,1918.872714,0.000000,,,0,1,,,,,0.000067,
savings,hfvrp_n030_m06_s05,30,6,0.250000,42,1252.670393,3546.559261,2139.310208,0.000000,,,0,1,,,,,0.000082,
savings,hfvrp_n050_m10_s01,50,10,0.250000,42,2695.950885,9217.939720,5000.435815,0.000000,,,0,1,,,,,0.002636,
savings,hfvrp_n050_m10_s02,50,10,0.250000,42,2293.061918,14017.264479,5797.378038,0.000000,,,0,1,,,,,0.001213,
savings,hfvrp_n050_m10_s03,50,10,0.250000,42,2037.929459,14768.898613,5730.154112,0.000000,,,0,1,,,,,0.001024,
savings,hfvrp_n050_m10_s04,50,10,0.250000,42,2131.533693,12874.879625,5350.253599,0.000000,,,0,1,,,,,0.001471,
savings,hfvrp_n050_m10_s05,50,10,0.250000,42,2259.319813,11007.307806,5011.146764,0.000000,,,0,1,,,,,0.000734,
savings,hfvrp_n075_m15_s01,75,15,0.250000,42,3916.081627,8241.699159,5976.506417,0.000000,,,0,1,,,,,0.001020,
savings,hfvrp_n075_m15_s02,75,15,0.250000,42,3981.194570,15320.560109,7811.334597,0.000000,,,0,1,,,,,0.000592,
savings,hfvrp_n075_m15_s03,75,15,0.250000,42,3983.791112,16771.526414,8176.672715,0.000000,,,0,1,,,,,0.000940,
savings,hfvrp_n075_m15_s04,75,15,0.250000,42,4259.881129,12710.040837,7437.391338,0.000000,,,0,1,,,,,0.000962,
savings,hfvrp_n075_m15_s05,75,15,0.250000,42,3466.649811,12264.985448,6532.896173,0.000000,,,0,1,,,,,0.000678,
savings,hfvrp_n100_m20_s01,100,20,0.250000,42,5945.755333,17770.838732,10388.465016,0.000000,,,0,1,,,,,0.012513,
savings,hfvrp_n100_m20_s02,100,20,0.250000,42,4950.587111,24584.585016,11096.733365,0.000000,,,0,1,,,,,0.002070,
savings,hfvrp_n100_m20_s03,100,20,0.250000,42,5559.933282,21298.504135,10884.559316,0.000000,,,0,1,,,,,0.006921,
savings,hfvrp_n100_m20_s04,100,20,0.250000,42,5783.012415,21207.686437,11084.934025,0.000000,,,0,1,,,,,0.008113,
savings,hfvrp_n100_m20_s05,100,20,0.250000,42,5389.380529,21179.946976,10684.367273,0.000000,,,0,1,,,,,0.007984,
savings,hfvrp_n150_m30_s01,150,30,0.250000,42,9424.603562,47129.039744,21206.863498,0.000000,,,0,1,,,,,0.013363,
savings,hfvrp_n150_m30_s02,150,30,0.250000,42,9469.394956,40482.774807,19590.088657,0.000000,,,0,1,,,,,0.016041,
savings,hfvrp_n150_m30_s03,150,30,0.250000,42,10385.486475,43677.681558,21304.906865,0.000000,,,0,1,,,,,0.016618,
savings,hfvrp_n150_m30_s04,150,30,0.250000,42,10351.444861,44198.155466,21400.983727,0.000000,,,0,1,,,,,0.017419,
savings,hfvrp_n150_m30_s05,150,30,0.250000,42,9398.396754,30145.760757,16934.836944,0.000000,,,0,1,,,,,0.011703,
savings,hfvrp_n200_m40_s01,200,40,0.250000,42,14483.134400,48309.885632,26560.605808,0.000000,,,0,1,,,,,0.016193,
savings,hfvrp_n200_m40_s02,200,40,0.250000,42,15559.233534,48084.972175,27580.476578,0.000000,,,0,1,,,,,0.019061,
savings,hfvrp_n200_m40_s03,200,40,0.250000,42,14741.799136,53499.035634,28116.558045,0.000000,,,0,1,,,,,0.015626,
savings,hfvrp_n200_m40_s04,200,40,0.250000,42,16909.743612,37486.239257,26281.303426,0.000000,,,0,1,,,,,0.026079,
savings,hfvrp_n200_m40_s05,200,40,0.250000,42,16338.476297,34344.396517,24924.575426,0.000000,,,0,1,,,,,0.029740,
savings,augerat_A_n32_k5,31,8,0.250000,42,8254.950118,1752.799542,8693.150004,0.000000,,,0,1,,,,,0.000193,
savings,augerat_A_n37_k5,36,8,0.250000,42,8118.227108,936.382144,8352.322644,0.000000,,,0,1,,,,,0.000129,
savings,augerat_A_n45_k6,44,8,0.250000,42,11345.316883,1102.614907,11620.970610,0.000000,,,0,1,,,,,0.000239,
savings,augerat_A_n54_k7,53,8,0.250000,42,13254.925441,2786.270204,13951.492992,0.000000,,,0,1,,,,,0.000422,
savings,augerat_A_n60_k9,59,10,0.250000,42,15076.941469,2626.493000,15733.564719,0.000000,,,0,1,,,,,0.000484,
savings,augerat_A_n80_k10,79,11,0.250000,42,17124.426986,4860.055378,18339.440831,0.000000,,,0,1,,,,,0.001098,
savings,pyvrp_X101_FSMFD,100,26,0.250000,42,3723016.307644,33444.735460,3731377.491509,0.000000,,,0,1,,,,,0.000664,
savings,pyvrp_X106_FSMD,105,16,0.250000,42,4015189.139603,62605.697726,4030840.564034,0.000000,,,0,1,,,,,0.001907,
savings,pyvrp_X110_HD,109,13,0.250000,42,2236533.047539,39543.123953,2246418.828528,0.000000,,,0,1,,,,,0.000667,
savings,pyvrp_X115_HVRP,114,18,0.250000,42,2187988.031936,45479.132043,2199357.814947,0.000000,,,0,0,,,,,0.000762,
savings,pyvrp_X120_FSMF,119,12,0.250000,42,3185104.723963,90157.997148,3207644.223250,0.000000,,,0,1,,,,,0.002170,
tabu,ex1_1v_feasible,2,1,0.250000,1787956655724866173,84.142136,50.000000,96.642136,0.000000,,,0,1,,,,,0.000014,
tabu,ex2_1v_infeasible,2,1,0.250000,1787956733037737830,70.000000,0.000000,70.000000,0.000000,,,0,0,,,,,0.000008,
tabu,ex4_3v_infeasible,4,3,0.250000,1787956763107900452,141.798990,0.000000,141.798990,0.000000,,,0,0,,,,,0.000023,
tabu,ex3_3v_all_feasible,3,3,0.250000,1787956801763551807,162.000000,20.000000,167.000000,0.000000,,,0,1,,,,,0.000026,
tabu,ex5_3v_one_used_feasible,3,3,0.250000,1787956806058877094,115.798990,50.000000,128.298990,0.000000,,,0,1,,,,,0.000049,
tabu,hfvrp_n001_m03_s01,1,3,0.250000,1787956810354402041,87.334995,168.337487,129.419366,0.000000,,,0,1,,,,,0.000130,
tabu,hfvrp_n001_m03_s01,1,3,0.250000,1,87.334995,168.337487,129.419366,0.000000,,,0,1,,,,,0.000386,
tabu,ex1_1v_feasible,2,1,0.250000,1,84.142136,50.000000,96.642136,0.000000,,,0,1,,,,,0.000015,
tabu,ex2_1v_infeasible,2,1,0.250000,1,70.000000,0.000000,70.000000,0.000000,,,0,0,,,,,0.000012,
tabu,ex5_3v_one_used_feasible,3,3,0.250000,1,115.798990,50.000000,128.298990,0.000000,,,0,1,,,,,0.000047,
tabu,ex3_3v_all_feasible,3,3,0.250000,1,162.000000,20.000000,167.000000,0.000000,,,0,1,,,,,0.000039,
tabu,ex4_3v_infeasible,4,3,0.250000,1,141.798990,0.000000,141.798990,0.000000,,,0,0,,,,,0.000067,
tabu,hfvrp_n001_m03_s01,1,3,0.250000,10,87.334995,168.337487,129.419366,0.000000,,,0,1,,,,,0.000134,
tabu,ex1_1v_feasible,2,1,0.250000,10,84.142136,50.000000,96.642136,0.000000,,,0,1,,,,,0.000009,
tabu,ex2_1v_infeasible,2,1,0.250000,10,70.000000,0.000000,70.000000,0.000000,,,0,0,,,,,0.000011,
tabu,hfvrp_n001_m03_s01,1,3,0.250000,50,87.334995,168.337487,129.419366,0.000000,,,0,1,,,,,0.000133,
tabu,ex5_3v_one_used_feasible,3,3,0.250000,10,115.798990,50.000000,128.298990,0.000000,,,0,1,,,,,0.000152,
tabu,ex3_3v_all_feasible,3,3,0.250000,10,162.000000,20.000000,167.000000,0.000000,,,0,1,,,,,0.000030,
tabu,ex4_3v_infeasible,4,3,0.250000,10,141.798990,0.000000,141.798990,0.000000,,,0,0,,,,,0.000060,
tabu,ex1_1v_feasible,2,1,0.250000,50,84.142136,50.000000,96.642136,0.000000,,,0,1,,,,,0.000006,
tabu,ex2_1v_infeasible,2,1,0.250000,50,70.000000,0.000000,70.000000,0.000000,,,0,0,,,,,0.000023,
tabu,hfvrp_n001_m03_s01,1,3,0.250000,75,87.334995,168.337487,129.419366,0.000000,,,0,1,,,,,0.000360,
tabu,ex5_3v_one_used_feasible,3,3,0.250000,50,115.798990,50.000000,128.298990,0.000000,,,0,1,,,,,0.000154,
tabu,ex3_3v_all_feasible,3,3,0.250000,50,162.000000,20.000000,167.000000,0.000000,,,0,1,,,,,0.000087,
tabu,ex1_1v_feasible,2,1,0.250000,75,84.142136,50.000000,96.642136,0.000000,,,0,1,,,,,0.000015,
tabu,ex2_1v_infeasible,2,1,0.250000,75,70.000000,0.000000,70.000000,0.000000,,,0,0,,,,,0.000025,
tabu,hfvrp_n001_m03_s01,1,3,0.250000,100,87.334995,168.337487,129.419366,0.000000,,,0,1,,,,,0.000417,
tabu,ex4_3v_infeasible,4,3,0.250000,50,141.798990,0.000000,141.798990,0.000000,,,0,0,,,,,0.000068,
tabu,hfvrp_n001_m03_s01,1,3,0.250000,200,87.334995,168.337487,129.419366,0.000000,,,0,1,,,,,0.000366,
tabu,ex1_1v_feasible,2,1,0.250000,100,84.142136,50.000000,96.642136,0.000000,,,0,1,,,,,0.000009,
tabu,ex2_1v_infeasible,2,1,0.250000,100,70.000000,0.000000,70.000000,0.000000,,,0,0,,,,,0.000012,
tabu,ex5_3v_one_used_feasible,3,3,0.250000,75,115.798990,50.000000,128.298990,0.000000,,,0,1,,,,,0.000043,
tabu,ex3_3v_all_feasible,3,3,0.250000,75,162.000000,20.000000,167.000000,0.000000,,,0,1,,,,,0.000026,
tabu,hfvrp_n001_m03_s01,1,3,0.250000,999,87.334995,168.337487,129.419366,0.000000,,,0,1,,,,,0.000416,
tabu,ex4_3v_infeasible,4,3,0.250000,75,141.798990,0.000000,141.798990,0.000000,,,0,0,,,,,0.000068,
tabu,ex1_1v_feasible,2,1,0.250000,200,84.142136,50.000000,96.642136,0.000000,,,0,1,,,,,0.000014,
tabu,ex2_1v_infeasible,2,1,0.250000,200,70.000000,0.000000,70.000000,0.000000,,,0,0,,,,,0.000011,
tabu,ex5_3v_one_used_feasible,3,3,0.250000,100,115.798990,50.000000,128.298990,0.000000,,,0,1,,,,,0.000144,
tabu,ex3_3v_all_feasible,3,3,0.250000,100,162.000000,20.000000,167.000000,0.000000,,,0,1,,,,,0.000029,
tabu,hfvrp_n001_m03_s01,1,3,0.250000,1234,87.334995,168.337487,129.419366,0.000000,,,0,1,,,,,0.000143,
tabu,ex1_1v_feasible,2,1,0.250000,999,84.142136,50.000000,96.642136,0.000000,,,0,1,,,,,0.000015,
tabu,ex2_1v_infeasible,2,1,0.250000,999,70.000000,0.000000,70.000000,0.000000,,,0,0,,,,,0.000012,
tabu,ex4_3v_infeasible,4,3,0.250000,100,141.798990,0.000000,141.798990,0.000000,,,0,0,,,,,0.000023,
tabu,hfvrp_n001_m03_s01,1,3,0.250000,9999,87.334995,168.337487,129.419366,0.000000,,,0,1,,,,,0.000416,
tabu,ex5_3v_one_used_feasible,3,3,0.250000,200,115.798990,50.000000,128.298990,0.000000,,,0,1,,,,,0.000080,
tabu,ex3_3v_all_feasible,3,3,0.250000,200,162.000000,20.000000,167.000000,0.000000,,,0,1,,,,,0.000040,
tabu,ex1_1v_feasible,2,1,0.250000,1234,84.142136,50.000000,96.642136,0.000000,,,0,1,,,,,0.000014,
tabu,ex2_1v_infeasible,2,1,0.250000,1234,70.000000,0.000000,70.000000,0.000000,,,0,0,,,,,0.000038,
tabu,hfvrp_n001_m03_s01,1,3,0.250000,19345,87.334995,168.337487,129.419366,0.000000,,,0,1,,,,,0.000413,
tabu,ex4_3v_infeasible,4,3,0.250000,200,141.798990,0.000000,141.798990,0.000000,,,0,0,,,,,0.000022,
tabu,ex5_3v_one_used_feasible,3,3,0.250000,999,115.798990,50.000000,128.298990,0.000000,,,0,1,,,,,0.000133,
tabu,ex1_1v_feasible,2,1,0.250000,9999,84.142136,50.000000,96.642136,0.000000,,,0,1,,,,,0.000015,
tabu,ex2_1v_infeasible,2,1,0.250000,9999,70.000000,0.000000,70.000000,0.000000,,,0,0,,,,,0.000023,
tabu,hfvrp_n001_m03_s01,1,3,0.250000,1787959020594720752,87.334995,168.337487,129.419366,0.000000,,,0,1,,,,,0.000129,
tabu,ex3_3v_all_feasible,3,3,0.250000,999,162.000000,20.000000,167.000000,0.000000,,,0,1,,,,,0.000029,
tabu,hfvrp_n001_m03_s02,1,3,0.250000,1787959163380217875,156.310634,50.546098,168.947159,0.000000,,,0,1,,,,,0.000199,
tabu,ex1_1v_feasible,2,1,0.250000,19345,84.142136,50.000000,96.642136,0.000000,,,0,1,,,,,0.000009,
tabu,ex2_1v_infeasible,2,1,0.250000,19345,70.000000,0.000000,70.000000,0.000000,,,0,0,,,,,0.000026,
tabu,ex4_3v_infeasible,4,3,0.250000,999,141.798990,0.000000,141.798990,0.000000,,,0,0,,,,,0.000067,
tabu,ex5_3v_one_used_feasible,3,3,0.250000,1234,115.798990,50.000000,128.298990,0.000000,,,0,1,,,,,0.000158,
tabu,ex3_3v_all_feasible,3,3,0.250000,1234,162.000000,20.000000,167.000000,0.000000,,,0,1,,,,,0.000030,
tabu,hfvrp_n001_m03_s02,1,3,0.250000,1,156.310634,50.546098,168.947159,0.000000,,,0,1,,,,,0.000362,
tabu,ex1_1v_feasible,2,1,0.250000,1787958829730797702,84.142136,50.000000,96.642136,0.000000,,,0,1,,,,,0.000010,
tabu,ex2_1v_infeasible,2,1,0.250000,1787958928568881230,70.000000,0.000000,70.000000,0.000000,,,0,0,,,,,0.000008,
tabu,ex5_3v_one_used_feasible,3,3,0.250000,9999,115.798990,50.000000,128.298990,0.000000,,,0,1,,,,,0.000054,
tabu,hfvrp_n001_m03_s02,1,3,0.250000,10,156.310634,50.546098,168.947159,0.000000,,,0,1,,,,,0.000335,
tabu,ex4_3v_infeasible,4,3,0.250000,1234,141.798990,0.000000,141.798990,0.000000,,,0,0,,,,,0.000068,
tabu,ex3_3v_all_feasible,3,3,0.250000,9999,162.000000,20.000000,167.000000,0.000000,,,0,1,,,,,0.000029,
tabu,hfvrp_n001_m03_s03,1,3,0.250000,1787960785207528074,130.438737,0.000000,130.438737,0.000000,,,0,1,,,,,0.000138,
tabu,hfvrp_n001_m03_s04,1,3,0.250000,1787960854020495481,122.386776,0.000000,122.386776,0.000000,,,0,1,,,,,0.000161,
tabu,hfvrp_n001_m03_s02,1,3,0.250000,50,156.310634,50.546098,168.947159,0.000000,,,0,1,,,,,0.000111,
tabu,ex5_3v_one_used_feasible,3,3,0.250000,19345,115.798990,50.000000,128.298990,0.000000,,,0,1,,,,,0.000128,
tabu,hfvrp_n001_m03_s03,1,3,0.250000,1,130.438737,0.000000,130.438737,0.000000,,,0,1,,,,,0.000212,
tabu,hfvrp_n001_m03_s04,1,3,0.250000,1,122.386776,0.000000,122.386776,0.000000,,,0,1,,,,,0.000143,
tabu,ex4_3v_infeasible,4,3,0.250000,9999,141.798990,0.000000,141.798990,0.000000,,,0,0,,,,,0.000024,
tabu,ex3_3v_all_feasible,3,3,0.250000,19345,162.000000,20.000000,167.000000,0.000000,,,0,1,,,,,0.000078,
tabu,hfvrp_n001_m03_s02,1,3,0.250000,75,156.310634,50.546098,168.947159,0.000000,,,0,1,,,,,0.000123,
tabu,hfvrp_n001_m03_s03,1,3,0.250000,10,130.438737,0.000000,130.438737,0.000000,,,0,1,,,,,0.000334,
tabu,hfvrp_n001_m03_s04,1,3,0.250000,10,122.386776,0.000000,122.386776,0.000000,,,0,1,,,,,0.000111,
tabu,hfvrp_n001_m03_s02,1,3,0.250000,100,156.310634,50.546098,168.947159,0.000000,,,0,1,,,,,0.000152,
tabu,ex5_3v_one_used_feasible,3,3,0.250000,1787960624527460103,115.798990,50.000000,128.298990,0.000000,,,0,1,,,,,0.000099,
tabu,hfvrp_n001_m03_s03,1,3,0.250000,50,130.438737,0.000000,130.438737,0.000000,,,0,1,,,,,0.000335,
tabu,ex3_3v_all_feasible,3,3,0.250000,1787960122558966493,162.000000,20.000000,167.000000,0.000000,,,0,1,,,,,0.000036,
tabu,hfvrp_n001_m03_s04,1,3,0.250000,50,122.386776,0.000000,122.386776,0.000000,,,0,1,,,,,0.000108,
tabu,ex4_3v_infeasible,4,3,0.250000,19345,141.798990,0.000000,141.798990,0.000000,,,0,0,,,,,0.000043,
tabu,hfvrp_n001_m03_s02,1,3,0.250000,200,156.310634,50.546098,168.947159,0.000000,,,0,1,,,,,0.000336,
tabu,hfvrp_n001_m03_s03,1,3,0.250000,75,130.438737,0.000000,130.438737,0.000000,,,0,1,,,,,0.000108,
tabu,hfvrp_n001_m03_s05,1,3,0.250000,1787960346966404100,89.097550,34.548775,97.734744,0.000000,,,0,1,,,,,0.000166,
tabu,hfvrp_n001_m03_s04,1,3,0.250000,75,122.386776,0.000000,122.386776,0.000000,,,0,1,,,,,0.000154,
tabu,hfvrp_n001_m03_s02,1,3,0.250000,999,156.310634,50.546098,168.947159,0.000000,,,0,1,,,,,0.000107,
tabu,hfvrp_n002_m03_s01,2,3,0.250000,1787960016841478239,262.852855,468.007587,379.854751,0.000000,,,0,1,,,,,0.000830,
tabu,ex4_3v_infeasible,4,3,0.250000,1787959982803347920,141.798990,0.000000,141.798990,0.000000,,,0,0,,,,,0.000022,
tabu,hfvrp_n001_m03_s03,1,3,0.250000,100,130.438737,0.000000,130.438737,0.000000,,,0,1,,,,,0.000326,
tabu,hfvrp_n001_m03_s05,1,3,0.250000,1,89.097550,34.548775,97.734744,0.000000,,,0,1,,,,,0.000135,
tabu,hfvrp_n001_m03_s04,1,3,0.250000,100,122.386776,0.000000,122.386776,0.000000,,,0,1,,,,,0.000109,
tabu,hfvrp_n001_m03_s02,1,3,0.250000,1234,156.310634,50.546098,168.947159,0.000000,,,0,1,,,,,0.000223,
tabu,hfvrp_n002_m03_s01,2,3,0.250000,1,262.852855,468.007587,379.854751,0.000000,,,0,1,,,,,0.000635,
tabu,hfvrp_n001_m03_s03,1,3,0.250000,200,130.438737,0.000000,130.438737,0.000000,,,0,1,,,,,0.000112,
tabu,hfvrp_n001_m03_s05,1,3,0.250000,10,89.097550,34.548775,97.734744,0.000000,,,0,1,,,,,0.000184,
tabu,hfvrp_n001_m03_s04,1,3,0.250000,200,122.386776,0.000000,122.386776,0.000000,,,0,1,,,,,0.000108,
tabu,hfvrp_n001_m03_s02,1,3,0.250000,9999,156.310634,50.546098,168.947159,0.000000,,,0,1,,,,,0.000307,
tabu,hfvrp_n002_m03_s02,2,3,0.250000,1787961522260890624,139.033247,41.343143,149.369033,0.000000,,,0,1,,,,,0.000265,
tabu,hfvrp_n001_m03_s03,1,3,0.250000,999,130.438737,0.000000,130.438737,0.000000,,,0,1,,,,,0.000334,
tabu,hfvrp_n001_m03_s05,1,3,0.250000,50,89.097550,34.548775,97.734744,0.000000,,,0,1,,,,,0.000134,
tabu,hfvrp_n001_m03_s04,1,3,0.250000,999,122.386776,0.000000,122.386776,0.000000,,,0,1,,,,,0.000112,
tabu,hfvrp_n002_m03_s01,2,3,0.250000,10,262.852855,468.007587,379.854751,0.000000,,,0,1,,,,,0.000683,
tabu,hfvrp_n001_m03_s02,1,3,0.250000,19345,156.310634,50.546098,168.947159,0.000000,,,0,1,,,,,0.000193,
tabu,hfvrp_n002_m03_s02,2,3,0.250000,1,139.033247,41.343143,149.369033,0.000000,,,0,1,,,,,0.000186,
tabu,hfvrp_n001_m03_s03,1,3,0.250000,1234,130.438737,0.000000,130.438737,0.000000,,,0,1,,,,,0.000109,
tabu,hfvrp_n001_m03_s05,1,3,0.250000,75,89.097550,34.548775,97.734744,0.000000,,,0,1,,,,,0.000138,
tabu,hfvrp_n001_m03_s04,1,3,0.250000,1234,122.386776,0.000000,122.386776,0.000000,,,0,1,,,,,0.000149,
tabu,hfvrp_n001_m03_s02,1,3,0.250000,1787961317799582231,156.310634,50.546098,168.947159,0.000000,,,0,1,,,,,0.000249,
tabu,hfvrp_n002_m03_s01,2,3,0.250000,50,262.852855,468.007587,379.854751,0.000000,,,0,1,,,,,0.000300,
tabu,hfvrp_n001_m03_s03,1,3,0.250000,9999,130.438737,0.000000,130.438737,0.000000,,,0,1,,,,,0.000192,
tabu,hfvrp_n001_m03_s04,1,3,0.250000,9999,122.386776,0.000000,122.386776,0.000000,,,0,1,,,,,0.000336,
tabu,hfvrp_n001_m03_s05,1,3,0.250000,100,89.097550,34.548775,97.734744,0.000000,,,0,1,,,,,0.000146,
tabu,hfvrp_n002_m03_s02,2,3,0.250000,10,139.033247,41.343143,149.369033,0.000000,,,0,1,,,,,0.000182,
tabu,hfvrp_n002_m03_s03,2,3,0.250000,1787960940901693106,185.309216,25.338303,191.643792,0.000000,,,0,1,,,,,0.000353,
tabu,hfvrp_n002_m03_s01,2,3,0.250000,75,262.852855,468.007587,379.854751,0.000000,,,0,1,,,,,0.000295,
tabu,hfvrp_n001_m03_s03,1,3,0.250000,19345,130.438737,0.000000,130.438737,0.000000,,,0,1,,,,,0.000149,
tabu,hfvrp_n001_m03_s04,1,3,0.250000,19345,122.386776,0.000000,122.386776,0.000000,,,0,1,,,,,0.000196,
tabu,hfvrp_n001_m03_s05,1,3,0.250000,200,89.097550,34.548775,97.734744,0.000000,,,0,1,,,,,0.000403,
tabu,hfvrp_n002_m03_s02,2,3,0.250000,50,139.033247,41.343143,149.369033,0.000000,,,0,1,,,,,0.000177,
tabu,hfvrp_n002_m03_s03,2,3,0.250000,1,185.309216,25.338303,191.643792,0.000000,,,0,1,,,,,0.000932,
tabu,hfvrp_n001_m03_s03,1,3,0.250000,1787962901031198646,130.438737,0.000000,130.438737,0.000000,,,0,1,,,,,0.000243,
tabu,hfvrp_n001_m03_s04,1,3,0.250000,1787962870996130576,122.386776,0.000000,122.386776,0.000000,,,0,1,,,,,0.000270,
tabu,hfvrp_n001_m03_s05,1,3,0.250000,999,89.097550,34.548775,97.734744,0.000000,,,0,1,,,,,0.000131,
tabu,hfvrp_n002_m03_s01,2,3,0.250000,100,262.852855,468.007587,379.854751,0.000000,,,0,1,,,,,0.000295,
tabu,hfvrp_n002_m03_s02,2,3,0.250000,75,139.033247,41.343143,149.369033,0.000000,,,0,1,,,,,0.000178,
tabu,hfvrp_n002_m03_s04,2,3,0.250000,1787963133994768083,174.552021,35.445494,183.413394,0.000000,,,0,1,,,,,0.000404,
tabu,hfvrp_n002_m03_s05,2,3,0.250000,1787962627217392861,252.004246,183.153460,297.792611,0.000000,,,0,1,,,,,0.000307,
tabu,hfvrp_n001_m03_s05,1,3,0.250000,1234,89.097550,34.548775,97.734744,0.000000,,,0,1,,,,,0.000280,
tabu,hfvrp_n002_m03_s03,2,3,0.250000,10,185.309216,25.338303,191.643792,0.000000,,,0,1,,,,,0.000273,
tabu,hfvrp_n002_m03_s01,2,3,0.250000,200,262.852855,468.007587,379.854751,0.000000,,,0,1,,,,,0.000689,
tabu,hfvrp_n001_m03_s05,1,3,0.250000,9999,89.097550,34.548775,97.734744,0.000000,,,0,1,,,,,0.000414,
tabu,hfvrp_n002_m03_s02,2,3,0.250000,100,139.033247,41.343143,149.369033,0.000000,,,0,1,,,,,0.000295,
tabu,hfvrp_n002_m03_s04,2,3,0.250000,1,174.552021,35.445494,183.413394,0.000000,,,0,1,,,,,0.000880,
tabu,hfvrp_n002_m03_s05,2,3,0.250000,1,252.004246,183.153460,297.792611,0.000000,,,0,1,,,,,0.001012,
tabu,hfvrp_n002_m03_s03,2,3,0.250000,50,185.309216,25.338303,191.643792,0.000000,,,0,1,,,,,0.000582,
tabu,hfvrp_n002_m03_s01,2,3,0.250000,999,262.852855,468.007587,379.854751,0.000000,,,0,1,,,,,0.000296,
tabu,hfvrp_n001_m03_s05,1,3,0.250000,19345,89.097550,34.548775,97.734744,0.000000,,,0,1,,,,,0.000120,
tabu,hfvrp_n002_m03_s02,2,3,0.250000,200,139.033247,41.343143,149.369033,0.000000,,,0,1,,,,,0.000255,
tabu,hfvrp_n002_m03_s04,2,3,0.250000,10,174.552021,35.445494,183.413394,0.000000,,,0,1,,,,,0.000881,
tabu,hfvrp_n002_m03_s05,2,3,0.250000,10,252.004246,183.153460,297.792611,0.000000,,,0,1,,,,,0.000313,
tabu,hfvrp_n002_m03_s03,2,3,0.250000,75,185.309216,25.338303,191.643792,0.000000,,,0,1,,,,,0.000406,
tabu,hfvrp_n001_m03_s05,1,3,0.250000,1787962518636046720,89.097550,34.548775,97.734744,0.000000,,,0,1,,,,,0.000129,
tabu,hfvrp_n002_m03_s01,2,3,0.250000,1234,262.852855,468.007587,379.854751,0.000000,,,0,1,,,,,0.000314,
tabu,hfvrp_n002_m03_s02,2,3,0.250000,999,139.033247,41.343143,149.369033,0.000000,,,0,1,,,,,0.000569,
tabu,hfvrp_n002_m03_s05,2,3,0.250000,50,252.004246,183.153460,297.792611,0.000000,,,0,1,,,,,0.000480,
tabu,hfvrp_n002_m03_s04,2,3,0.250000,50,174.552021,35.445494,183.413394,0.000000,,,0,1,,,,,0.000274,
tabu,hfvrp_n002_m03_s03,2,3,0.250000,100,185.309216,25.338303,191.643792,0.000000,,,0,1,,,,,0.000295,
tabu,hfvrp_n005_m03_s01,5,3,0.250000,1787962304923435020,350.283936,145.533835,386.667395,0.000000,,,0,1,,,,,0.000079,
tabu,hfvrp_n002_m03_s01,2,3,0.250000,9999,262.852855,468.007587,379.854751,0.000000,,,0,1,,,,,0.000298,
tabu,hfvrp_n002_m03_s02,2,3,0.250000,1234,139.033247,41.343143,149.369033,0.000000,,,0,1,,,,,0.000567,
tabu,hfvrp_n002_m03_s04,2,3,0.250000,75,174.552021,35.445494,183.413394,0.000000,,,0,1,,,,,0.000274,
tabu,hfvrp_n002_m03_s05,2,3,0.250000,75,252.004246,183.153460,297.792611,0.000000,,,0,1,,,,,0.000544,
tabu,hfvrp_n002_m03_s03,2,3,0.250000,200,185.309216,25.338303,191.643792,0.000000,,,0,1,,,,,0.000748,
tabu,hfvrp_n002_m03_s01,2,3,0.250000,19345,262.852855,468.007587,379.854751,0.000000,,,0,1,,,,,0.000936,
tabu,hfvrp_n005_m03_s01,5,3,0.250000,1,350.283936,145.533835,386.667395,0.000000,,,0,1,,,,,0.000042,
tabu,hfvrp_n002_m03_s02,2,3,0.250000,9999,139.033247,41.343143,149.369033,0.000000,,,0,1,,,,,0.000177,
tabu,hfvrp_n002_m03_s05,2,3,0.250000,100,252.004246,183.153460,297.792611,0.000000,,,0,1,,,,,0.000310,
tabu,hfvrp_n002_m03_s04,2,3,0.250000,100,174.552021,35.445494,183.413394,0.000000,,,0,1,,,,,0.000875,
tabu,hfvrp_n002_m03_s03,2,3,0.250000,999,185.309216,25.338303,191.643792,0.000000,,,0,1,,,,,0.000941,
tabu,hfvrp_n002_m03_s01,2,3,0.250000,1787963798280692459,262.852855,468.007587,379.854751,0.000000,,,0,1,,,,,0.000846,
tabu,hfvrp_n002_m03_s02,2,3,0.250000,19345,139.033247,41.343143,149.369033,0.000000,,,0,1,,,,,0.000358,
tabu,hfvrp_n002_m03_s05,2,3,0.250000,200,252.004246,183.153460,297.792611,0.000000,,,0,1,,,,,0.000602,
tabu,hfvrp_n002_m03_s04,2,3,0.250000,200,174.552021,35.445494,183.413394,0.000000,,,0,1,,,,,0.000279,
tabu,hfvrp_n005_m03_s01,5,3,0.250000,10,350.283936,145.533835,386.667395,0.000000,,,0,1,,,,,0.000065,
tabu,hfvrp_n002_m03_s03,2,3,0.250000,1234,185.309216,25.338303,191.643792,0.000000,,,0,1,,,,,0.000582,
tabu,hfvrp_n005_m03_s02,5,3,0.250000,1787963425996860116,359.865479,294.868617,433.582633,0.000000,,,0,1,,,,,0.001155,
tabu,hfvrp_n002_m03_s02,2,3,0.250000,1787963529483729656,139.033247,41.343143,149.369033,0.000000,,,0,1,,,,,0.000199,
tabu,hfvrp_n002_m03_s05,2,3,0.250000,999,252.004246,183.153460,297.792611,0.000000,,,0,1,,,,,0.000299,
tabu,hfvrp_n002_m03_s04,2,3,0.250000,999,174.552021,35.445494,183.413394,0.000000,,,0,1,,,,,0.000800,
tabu,hfvrp_n002_m03_s03,2,3,0.250000,9999,185.309216,25.338303,191.643792,0.000000,,,0,1,,,,,0.000304,
tabu,hfvrp_n005_m03_s01,5,3,0.250000,50,350.283936,145.533835,386.667395,0.000000,,,0,1,,,,,0.000088,
tabu,hfvrp_n005_m03_s03,5,3,0.250000,1787963182922361279,444.734799,0.000000,444.734799,0.000000,,,0,1,,,,,0.001113,
tabu,hfvrp_n002_m03_s05,2,3,0.250000,1234,252.004246,183.153460,297.792611,0.000000,,,0,1,,,,,0.000301,
tabu,hfvrp_n002_m03_s04,2,3,0.250000,1234,174.552021,35.445494,183.413394,0.000000,,,0,1,,,,,0.000870,
tabu,hfvrp_n005_m03_s02,5,3,0.250000,1,359.865479,294.868617,433.582633,0.000000,,,0,1,,,,,0.001653,
tabu,hfvrp_n002_m03_s03,2,3,0.250000,19345,185.309216,25.338303,191.643792,0.000000,,,0,1,,,,,0.000296,
tabu,hfvrp_n002_m03_s05,2,3,0.250000,9999,252.004246,183.153460,297.792611,0.000000,,,0,1,,,,,0.000328,
tabu,hfvrp_n002_m03_s04,2,3,0.250000,9999,174.552021,35.445494,183.413394,0.000000,,,0,1,,,,,0.000939,
tabu,hfvrp_n005_m03_s01,5,3,0.250000,75,350.283936,145.533835,386.667395,0.000000,,,0,1,,,,,0.000116,
tabu,hfvrp_n002_m03_s03,2,3,0.250000,1787947508238509323,185.309216,25.338303,191.643792,0.000000,,,0,1,,,,,0.000307,
tabu,hfvrp_n005_m03_s03,5,3,0.250000,1,444.734799,0.000000,444.734799,0.000000,,,0,1,,,,,0.001785,
tabu,hfvrp_n005_m03_s02,5,3,0.250000,10,359.865479,294.868617,433.582633,0.000000,,,0,1,,,,,0.001980,
tabu,hfvrp_n002_m03_s05,2,3,0.250000,19345,252.004246,183.153460,297.792611,0.000000,,,0,1,,,,,0.000482,
tabu,hfvrp_n002_m03_s04,2,3,0.250000,19345,174.552021,35.445494,183.413394,0.000000,,,0,1,,,,,0.000876,
tabu,hfvrp_n005_m03_s04,5,3,0.250000,1787947707168368810,278.576281,287.478473,350.445899,0.000000,,,0,1,,,,,0.000928,
tabu,hfvrp_n005_m03_s01,5,3,0.250000,100,350.283936,145.533835,386.667395,0.000000,,,0,1,,,,,0.000073,
tabu,hfvrp_n005_m03_s03,5,3,0.250000,10,444.734799,0.000000,444.734799,0.000000,,,0,1,,,,,0.001545,
tabu,hfvrp_n002_m03_s05,2,3,0.250000,1787947201101991216,252.004246,183.153460,297.792611,0.000000,,,0,1,,,,,0.000956,
tabu,hfvrp_n002_m03_s04,2,3,0.250000,1787947299933344158,174.552021,35.445494,183.413394,0.000000,,,0,1,,,,,0.000286,
tabu,hfvrp_n005_m03_s02,5,3,0.250000,50,359.865479,294.868617,433.582633,0.000000,,,0,1,,,,,0.001752,
tabu,hfvrp_n005_m03_s04,5,3,0.250000,1,278.576281,287.478473,350.445899,0.000000,,,0,1,,,,,0.002942,
tabu,hfvrp_n005_m03_s05,5,3,0.250000,1787947434350204610,394.217019,176.850818,438.429724,0.000000,,,0,1,,,,,0.000086,
tabu,hfvrp_n010_m03_s01,10,3,0.250000,1787946961932089933,515.549909,271.386050,583.396421,0.000000,,,0,1,,,,,0.003547,
tabu,hfvrp_n005_m03_s01,5,3,0.250000,200,350.283936,145.533835,386.667395,0.000000,,,0,1,,,,,0.000032,
tabu,hfvrp_n005_m03_s03,5,3,0.250000,50,444.734799,0.000000,444.734799,0.000000,,,0,1,,,,,0.000943,
tabu,hfvrp_n005_m03_s02,5,3,0.250000,75,359.865479,294.868617,433.582633,0.000000,,,0,1,,,,,0.002106,
tabu,hfvrp_n005_m03_s04,5,3,0.250000,10,278.576281,287.478473,350.445899,0.000000,,,0,1,,,,,0.001010,
tabu,hfvrp_n005_m03_s05,5,3,0.250000,1,394.217019,176.850818,438.429724,0.000000,,,0,1,,,,,0.000214,
tabu,hfvrp_n005_m03_s01,5,3,0.250000,999,350.283936,145.533835,386.667395,0.000000,,,0,1,,,,,0.000133,
tabu,hfvrp_n005_m03_s03,5,3,0.250000,75,444.734799,0.000000,444.734799,0.000000,,,0,1,,,,,0.002596,
tabu,hfvrp_n005_m03_s02,5,3,0.250000,100,359.865479,294.868617,433.582633,0.000000,,,0,1,,,,,0.000929,
tabu,hfvrp_n010_m03_s01,10,3,0.250000,1,515.549909,271.386050,583.396421,0.000000,,,0,1,,,,,0.003542,
tabu,hfvrp_n005_m03_s04,5,3,0.250000,50,278.576281,287.478473,350.445899,0.000000,,,0,1,,,,,0.000926,
tabu,hfvrp_n005_m03_s05,5,3,0.250000,10,394.217019,176.850818,438.429724,0.000000,,,0,1,,,,,0.000134,
tabu,hfvrp_n005_m03_s01,5,3,0.250000,1234,350.283936,145.533835,386.667395,0.000000,,,0,1,,,,,0.000056,
tabu,hfvrp_n005_m03_s03,5,3,0.250000,100,444.734799,0.000000,444.734799,0.000000,,,0,1,,,,,0.001777,
tabu,hfvrp_n005_m03_s02,5,3,0.250000,200,359.865479,294.868617,433.582633,0.000000,,,0,1,,,,,0.002188,
tabu,hfvrp_n005_m03_s04,5,3,0.250000,75,278.576281,287.478473,350.445899,0.000000,,,0,1,,,,,0.002909,
tabu,hfvrp_n005_m03_s05,5,3,0.250000,50,394.217019,176.850818,438.429724,0.000000,,,0,1,,,,,0.000064,
tabu,hfvrp_n010_m03_s01,10,3,0.250000,10,515.549909,271.386050,583.396421,0.000000,,,0,1,,,,,0.006842,
tabu,hfvrp_n005_m03_s01,5,3,0.250000,9999,350.283936,145.533835,386.667395,0.000000,,,0,1,,,,,0.000042,
tabu,hfvrp_n005_m03_s03,5,3,0.250000,200,444.734799,0.000000,444.734799,0.000000,,,0,1,,,,,0.000920,
tabu,hfvrp_n005_m03_s02,5,3,0.250000,999,359.865479,294.868617,433.582633,0.000000,,,0,1,,,,,0.002922,
tabu,hfvrp_n005_m03_s04,5,3,0.250000,100,278.576281,287.478473,350.445899,0.000000,,,0,1,,,,,0.002031,
tabu,hfvrp_n005_m03_s05,5,3,0.250000,75,394.217019,176.850818,438.429724,0.000000,,,0,1,,,,,0.000064,
tabu,hfvrp_n005_m03_s01,5,3,0.250000,19345,350.283936,145.533835,386.667395,0.000000,,,0,1,,,,,0.000079,
tabu,hfvrp_n005_m03_s03,5,3,0.250000,999,444.734799,0.000000,444.734799,0.000000,,,0,1,,,,,0.002116,
tabu,hfvrp_n005_m03_s02,5,3,0.250000,1234,359.865479,294.868617,433.582633,0.000000,,,0,1,,,,,0.000924,
tabu,hfvrp_n010_m03_s01,10,3,0.250000,50,515.549909,271.386050,583.396421,0.000000,,,0,1,,,,,0.005891,
tabu,hfvrp_n005_m03_s04,5,3,0.250000,200,278.576281,287.478473,350.445899,0.000000,,,0,1,,,,,0.001940,
tabu,hfvrp_n005_m03_s05,5,3,0.250000,100,394.217019,176.850818,438.429724,0.000000,,,0,1,,,,,0.000062,
tabu,hfvrp_n005_m03_s01,5,3,0.250000,1787948432223566243,350.283936,145.533835,386.667395,0.000000,,,0,1,,,,,0.000100,
tabu,hfvrp_n005_m03_s03,5,3,0.250000,1234,444.734799,0.000000,444.734799,0.000000,,,0,1,,,,,0.000925,
tabu,hfvrp_n005_m03_s02,5,3,0.250000,9999,359.865479,294.868617,433.582633,0.000000,,,0,1,,,,,0.002583,
tabu,hfvrp_n005_m03_s04,5,3,0.250000,999,278.576281,287.478473,350.445899,0.000000,,,0,1,,,,,0.001942,
tabu,hfvrp_n005_m03_s05,5,3,0.250000,200,394.217019,176.850818,438.429724,0.000000,,,0,1,,,,,0.000062,
tabu,hfvrp_n010_m03_s02,10,3,0.250000,1787948240900884169,502.636366,474.233046,621.194627,0.000000,,,0,1,,,,,0.000599,
tabu,hfvrp_n010_m03_s01,10,3,0.250000,75,515.549909,271.386050,583.396421,0.000000,,,0,1,,,,,0.005572,
tabu,hfvrp_n005_m03_s02,5,3,0.250000,19345,359.865479,294.868617,433.582633,0.000000,,,0,1,,,,,0.000924,
tabu,hfvrp_n005_m03_s03,5,3,0.250000,9999,444.734799,0.000000,444.734799,0.000000,,,0,1,,,,,0.002971,
tabu,hfvrp_n005_m03_s05,5,3,0.250000,999,394.217019,176.850818,438.429724,0.000000,,,0,1,,,,,0.000077,
tabu,hfvrp_n005_m03_s04,5,3,0.250000,1234,278.576281,287.478473,350.445899,0.000000,,,0,1,,,,,0.000924,
tabu,hfvrp_n005_m03_s02,5,3,0.250000,1787947770916876331,359.865479,294.868617,433.582633,0.000000,,,0,1,,,,,0.002589,
tabu,hfvrp_n005_m03_s03,5,3,0.250000,19345,444.734799,0.000000,444.734799,0.000000,,,0,1,,,,,0.002928,
tabu,hfvrp_n010_m03_s02,10,3,0.250000,1,502.636366,474.233046,621.194627,0.000000,,,0,1,,,,,0.001372,
tabu,hfvrp_n010_m03_s01,10,3,0.250000,100,515.549909,271.386050,583.396421,0.000000,,,0,1,,,,,0.006348,
tabu,hfvrp_n005_m03_s05,5,3,0.250000,1234,394.217019,176.850818,438.429724,0.000000,,,0,1,,,,,0.000061,
tabu,hfvrp_n005_m03_s04,5,3,0.250000,9999,278.576281,287.478473,350.445899,0.000000,,,0,1,,,,,0.001354,
tabu,hfvrp_n010_m03_s03,10,3,0.250000,1787949804433372646,534.726709,763.645230,725.638017,0.000000,,,0,1,,,,,0.005408,
tabu,hfvrp_n005_m03_s03,5,3,0.250000,1787949671307915616,444.734799,0.000000,444.734799,0.000000,,,0,1,,,,,0.000929,
tabu,hfvrp_n005_m03_s05,5,3,0.250000,9999,394.217019,176.850818,438.429724,0.000000,,,0,1,,,,,0.000101,
tabu,hfvrp_n005_m03_s04,5,3,0.250000,19345,278.576281,287.478473,350.445899,0.000000,,,0,1,,,,,0.000920,
tabu,hfvrp_n010_m03_s02,10,3,0.250000,10,502.636366,474.233046,621.194627,0.000000,,,0,1,,,,,0.000603,
tabu,hfvrp_n010_m03_s01,10,3,0.250000,200,515.549909,271.386050,583.396421,0.000000,,,0,1,,,,,0.005547,
tabu,hfvrp_n010_m03_s04,10,3,0.250000,1787949492919351430,525.872975,533.349056,659.210239,0.000000,,,0,1,,,,,0.001157,
tabu,hfvrp_n010_m03_s03,10,3,0.250000,1,534.726709,763.645230,725.638017,0.000000,,,0,1,,,,,0.006915,
tabu,hfvrp_n005_m03_s05,5,3,0.250000,19345,394.217019,176.850818,438.429724,0.000000,,,0,1,,,,,0.000126,
tabu,hfvrp_n005_m03_s04,5,3,0.250000,1787949459906993737,278.576281,287.478473,350.445899,0.000000,,,0,1,,,,,0.000937,
tabu,hfvrp_n010_m03_s02,10,3,0.250000,50,502.636366,474.233046,621.194627,0.000000,,,0,1,,,,,0.001489,
tabu,hfvrp_n010_m03_s01,10,3,0.250000,999,515.549909,271.386050,583.396421,0.000000,,,0,1,,,,,0.006821,
tabu,hfvrp_n010_m03_s04,10,3,0.250000,1,525.872975,533.349056,659.210239,0.000000,,,0,1,,,,,0.000377,
tabu,hfvrp_n005_m03_s05,5,3,0.250000,1787949594995632914,394.217019,176.850818,438.429724,0.000000,,,0,1,,,,,0.000083,
tabu,hfvrp_n010_m03_s05,10,3,0.250000,1787949251470250478,481.969273,655.167646,645.761184,0.000000,,,0,1,,,,,0.004057,
tabu,hfvrp_n010_m03_s03,10,3,0.250000,10,534.726709,763.645230,725.638017,0.000000,,,0,1,,,,,0.006506,
tabu,hfvrp_n015_m03_s01,15,3,0.250000,1787949377967676813,642.387619,1031.157032,900.176877,0.000000,,,0,1,,,,,0.012868,
tabu,hfvrp_n010_m03_s02,10,3,0.250000,75,502.636366,474.233046,621.194627,0.000000,,,0,1,,,,,0.000594,
tabu,hfvrp_n010_m03_s01,10,3,0.250000,1234,515.549909,271.386050,583.396421,0.000000,,,0,1,,,,,0.008305,
tabu,hfvrp_n010_m03_s04,10,3,0.250000,10,525.872975,533.349056,659.210239,0.000000,,,0,1,,,,,0.000664,
tabu,hfvrp_n010_m03_s05,10,3,0.250000,1,481.969273,655.167646,645.761184,0.000000,,,0,1,,,,,0.007410,
tabu,hfvrp_n010_m03_s03,10,3,0.250000,50,534.726709,763.645230,725.638017,0.000000,,,0,1,,,,,0.003294,
tabu,hfvrp_n010_m03_s02,10,3,0.250000,100,502.636366,474.233046,621.194627,0.000000,,,0,1,,,,,0.000610,
tabu,hfvrp_n010_m03_s04,10,3,0.250000,50,525.872975,533.349056,659.210239,0.000000,,,0,1,,,,,0.000422,
tabu,hfvrp_n010_m03_s01,10,3,0.250000,9999,515.549909,271.386050,583.396421,0.000000,,,0,1,,,,,0.004913,
tabu,hfvrp_n015_m03_s01,15,3,0.250000,1,642.387619,1031.157032,900.176877,0.000000,,,0,1,,,,,0.016880,
tabu,hfvrp_n010_m03_s05,10,3,0.250000,10,481.969273,655.167646,645.761184,0.000000,,,0,1,,,,,0.004679,
tabu,hfvrp_n010_m03_s03,10,3,0.250000,75,534.726709,763.645230,725.638017,0.000000,,,0,1,,,,,0.008495,
tabu,hfvrp_n010_m03_s04,10,3,0.250000,75,525.872975,533.349056,659.210239,0.000000,,,0,1,,,,,0.000390,
tabu,hfvrp_n010_m03_s02,10,3,0.250000,200,502.636366,474.233046,621.194627,0.000000,,,0,1,,,,,0.001252,
tabu,hfvrp_n010_m03_s01,10,3,0.250000,19345,515.549909,271.386050,583.396421,0.000000,,,0,1,,,,,0.003715,
tabu,hfvrp_n010_m03_s05,10,3,0.250000,50,481.969273,655.167646,645.761184,0.000000,,,0,1,,,,,0.006826,
tabu,hfvrp_n010_m03_s03,10,3,0.250000,100,534.726709,763.645230,725.638017,0.000000,,,0,1,,,,,0.007374,
tabu,hfvrp_n015_m03_s01,15,3,0.250000,10,642.387619,1031.157032,900.176877,0.000000,,,0,1,,,,,0.015225,
tabu,hfvrp_n010_m03_s04,10,3,0.250000,100,525.872975,533.349056,659.210239,0.000000,,,0,1,,,,,0.000415,
tabu,hfvrp_n010_m03_s01,10,3,0.250000,1787950955379338159,515.549909,271.386050,583.396421,0.000000,,,0,1,,,,,0.003569,
tabu,hfvrp_n010_m03_s02,10,3,0.250000,999,502.636366,474.233046,621.194627,0.000000,,,0,1,,,,,0.000595,
tabu,hfvrp_n010_m03_s05,10,3,0.250000,75,481.969273,655.167646,645.761184,0.000000,,,0,1,,,,,0.003545,
tabu,hfvrp_n010_m03_s03,10,3,0.250000,200,534.726709,763.645230,725.638017,0.000000,,,0,1,,,,,0.003463,
tabu,hfvrp_n015_m03_s01,15,3,0.250000,50,642.387619,1031.157032,900.176877,0.000000,,,0,1,,,,,0.015205,
tabu,hfvrp_n010_m03_s04,10,3,0.250000,200,525.872975,533.349056,659.210239,0.000000,,,0,1,,,,,0.000417,
tabu,hfvrp_n015_m03_s02,15,3,0.250000,1787950631986544551,681.656444,1035.180634,940.451603,0.000000,,,0,1,,,,,0.012271,
tabu,hfvrp_n010_m03_s02,10,3,0.250000,1234,502.636366,474.233046,621.194627,0.000000,,,0,1,,,,,0.000593,
tabu,hfvrp_n010_m03_s05,10,3,0.250000,100,481.969273,655.167646,645.761184,0.000000,,,0,1,,,,,0.003546,
tabu,hfvrp_n010_m03_s03,10,3,0.250000,999,534.726709,763.645230,725.638017,0.000000,,,0,1,,,,,0.008094,
tabu,hfvrp_n010_m03_s04,10,3,0.250000,999,525.872975,533.349056,659.210239,0.000000,,,0,1,,,,,0.000842,
tabu,hfvrp_n010_m03_s02,10,3,0.250000,9999,502.636366,474.233046,621.194627,0.000000,,,0,1,,,,,0.001359,
tabu,hfvrp_n015_m03_s01,15,3,0.250000,75,642.387619,1031.157032,900.176877,0.000000,,,0,1,,,,,0.015720,
tabu,hfvrp_n010_m03_s05,10,3,0.250000,200,481.969273,655.167646,645.761184,0.000000,,,0,1,,,,,0.005930,
tabu,hfvrp_n015_m03_s02,15,3,0.250000,1,681.656444,1035.180634,940.451603,0.000000,,,0,1,,,,,0.017695,
tabu,hfvrp_n010_m03_s03,10,3,0.250000,1234,534.726709,763.645230,725.638017,0.000000,,,0,1,,,,,0.005861,
tabu,hfvrp_n010_m03_s04,10,3,0.250000,1234,525.872975,533.349056,659.210239,0.000000,,,0,1,,,,,0.001322,
tabu,hfvrp_n010_m03_s02,10,3,0.250000,19345,502.636366,474.233046,621.194627,0.000000,,,0,1,,,,,0.001878,
tabu,hfvrp_n010_m03_s05,10,3,0.250000,999,481.969273,655.167646,645.761184,0.000000,,,0,1,,,,,0.003601,
tabu,hfvrp_n010_m03_s03,10,3,0.250000,9999,534.726709,763.645230,725.638017,0.000000,,,0,1,,,,,0.007508,
tabu,hfvrp_n015_m03_s01,15,3,0.250000,100,642.387619,1031.157032,900.176877,0.000000,,,0,1,,,,,0.016604,
tabu,hfvrp_n015_m03_s02,15,3,0.250000,10,681.656444,1035.180634,940.451603,0.000000,,,0,1,,,,,0.017406,
tabu,hfvrp_n010_m03_s04,10,3,0.250000,9999,525.872975,533.349056,659.210239,0.000000,,,0,1,,,,,0.001290,
tabu,hfvrp_n010_m03_s02,10,3,0.250000,1787951977099078910,502.636366,474.233046,621.194627,0.000000,,,0,1,,,,,0.000607,
tabu,hfvrp_n010_m03_s05,10,3,0.250000,1234,481.969273,655.167646,645.761184,0.000000,,,0,1,,,,,0.006814,
tabu,hfvrp_n010_m03_s03,10,3,0.250000,19345,534.726709,763.645230,725.638017,0.000000,,,0,1,,,,,0.005719,
tabu,hfvrp_n015_m03_s01,15,3,0.250000,200,642.387619,1031.157032,900.176877,0.000000,,,0,1,,,,,0.015453,
tabu,hfvrp_n010_m03_s04,10,3,0.250000,19345,525.872975,533.349056,659.210239,0.000000,,,0,1,,,,,0.000864,
tabu,hfvrp_n015_m03_s02,15,3,0.250000,50,681.656444,1035.180634,940.451603,0.000000,,,0,1,,,,,0.016252,
tabu,hfvrp_n015_m03_s03,15,3,0.250000,1787952061804545437,532.035526,524.156405,663.074628,0.000000,,,0,1,,,,,0.012129,
tabu,hfvrp_n010_m03_s05,10,3,0.250000,9999,481.969273,655.167646,645.761184,0.000000,,,0,1,,,,,0.003521,
tabu,hfvrp_n010_m03_s03,10,3,0.250000,1787951718975782838,534.726709,763.645230,725.638017,0.000000,,,0,1,,,,,0.005816,
tabu,hfvrp_n010_m03_s04,10,3,0.250000,1787951630440826250,525.872975,533.349056,659.210239,0.000000,,,0,1,,,,,0.000419,
tabu,hfvrp_n015_m03_s01,15,3,0.250000,999,642.387619,1031.157032,900.176877,0.000000,,,0,1,,,,,0.016648,
tabu,hfvrp_n010_m03_s05,10,3,0.250000,19345,481.969273,655.167646,645.761184,0.000000,,,0,1,,,,,0.007807,
tabu,hfvrp_n015_m03_s02,15,3,0.250000,75,681.656444,1035.180634,940.451603,0.000000,,,0,1,,,,,0.012317,
tabu,hfvrp_n015_m03_s04,15,3,0.250000,1787951786458572138,699.572917,1948.550612,1186.710570,0.000000,,,0,1,,,,,0.015340,
tabu,hfvrp_n015_m03_s03,15,3,0.250000,1,532.035526,524.156405,663.074628,0.000000,,,0,1,,,,,0.015719,
tabu,hfvrp_n015_m03_s05,15,3,0.250000,1787951384392217101,668.300480,964.713238,909.478789,0.000000,,,0,1,,,,,0.009300,
tabu,hfvrp_n010_m03_s05,10,3,0.250000,1787951351157801679,481.969273,655.167646,645.761184,0.000000,,,0,1,,,,,0.003525,
tabu,hfvrp_n015_m03_s01,15,3,0.250000,1234,642.387619,1031.157032,900.176877,0.000000,,,0,1,,,,,0.014380,
tabu,hfvrp_n015_m03_s04,15,3,0.250000,1,699.572917,1948.550612,1186.710570,0.000000,,,0,1,,,,,0.011273,
tabu,hfvrp_n015_m03_s02,15,3,0.250000,100,681.656444,1035.180634,940.451603,0.000000,,,0,1,,,,,0.012343,
tabu,hfvrp_n015_m03_s03,15,3,0.250000,10,532.035526,524.156405,663.074628,0.000000,,,0,1,,,,,0.014723,
tabu,hfvrp_n015_m03_s05,15,3,0.250000,1,668.300480,964.713238,909.478789,0.000000,,,0,1,,,,,0.008445,
tabu,hfvrp_n020_m04_s01,20,4,0.250000,1787951079384636763,806.569505,743.247561,992.381395,0.000000,,,0,1,,,,,0.027476,
tabu,hfvrp_n015_m03_s01,15,3,0.250000,9999,642.387619,1031.157032,900.176877,0.000000,,,0,1,,,,,0.011637,
tabu,hfvrp_n015_m03_s04,15,3,0.250000,10,699.572917,1948.550612,1186.710570,0.000000,,,0,1,,,,,0.015713,
tabu,hfvrp_n015_m03_s02,15,3,0.250000,200,681.656444,1035.180634,940.451603,0.000000,,,0,1,,,,,0.015886,
tabu,hfvrp_n015_m03_s03,15,3,0.250000,50,532.035526,524.156405,663.074628,0.000000,,,0,1,,,,,0.011254,
tabu,hfvrp_n015_m03_s05,15,3,0.250000,10,668.300480,964.713238,909.478789,0.000000,,,0,1,,,,,0.008869,
tabu,hfvrp_n015_m03_s01,15,3,0.250000,19345,642.387619,1031.157032,900.176877,0.000000,,,0,1,,,,,0.012405,
tabu,hfvrp_n020_m04_s01,20,4,0.250000,1,806.569505,743.247561,992.381395,0.000000,,,0,1,,,,,0.025956,
tabu,hfvrp_n015_m03_s04,15,3,0.250000,50,699.572917,1948.550612,1186.710570,0.000000,,,0,1,,,,,0.011436,
tabu,hfvrp_n015_m03_s02,15,3,0.250000,999,681.656444,1035.180634,940.451603,0.000000,,,0,1,,,,,0.015707,
tabu,hfvrp_n015_m03_s03,15,3,0.250000,75,532.035526,524.156405,663.074628,0.000000,,,0,1,,,,,0.015881,
tabu,hfvrp_n015_m03_s05,15,3,0.250000,50,668.300480,964.713238,909.478789,0.000000,,,0,1,,,,,0.010054,
tabu,hfvrp_n015_m03_s01,15,3,0.250000,1787953154715465827,642.387619,1031.157032,900.176877,0.000000,,,0,1,,,,,0.013177,
tabu,hfvrp_n015_m03_s04,15,3,0.250000,75,699.572917,1948.550612,1186.710570,0.000000,,,0,1,,,,,0.015419,
tabu,hfvrp_n015_m03_s02,15,3,0.250000,1234,681.656444,1035.180634,940.451603,0.000000,,,0,1,,,,,0.012277,
tabu,hfvrp_n015_m03_s03,15,3,0.250000,100,532.035526,524.156405,663.074628,0.000000,,,0,1,,,,,0.012837,
tabu,hfvrp_n020_m04_s01,20,4,0.250000,10,806.569505,743.247561,992.381395,0.000000,,,0,1,,,,,0.030133,
tabu,hfvrp_n015_m03_s05,15,3,0.250000,75,668.300480,964.713238,909.478789,0.000000,,,0,1,,,,,0.005810,
tabu,hfvrp_n020_m04_s02,20,4,0.250000,1787952905359245264,763.327988,1207.012557,1065.081127,0.000000,,,0,1,,,,,0.013255,
tabu,hfvrp_n015_m03_s04,15,3,0.250000,100,699.572917,1948.550612,1186.710570,0.000000,,,0,1,,,,,0.010484,
tabu,hfvrp_n015_m03_s02,15,3,0.250000,9999,681.656444,1035.180634,940.451603,0.000000,,,0,1,,,,,0.016202,
tabu,hfvrp_n015_m03_s03,15,3,0.250000,200,532.035526,524.156405,663.074628,0.000000,,,0,1,,,,,0.015016,
tabu,hfvrp_n015_m03_s05,15,3,0.250000,100,668.300480,964.713238,909.478789,0.000000,,,0,1,,,,,0.008829,
tabu,hfvrp_n020_m04_s01,20,4,0.250000,50,806.569505,743.247561,992.381395,0.000000,,,0,1,,,,,0.028193,
tabu,hfvrp_n015_m03_s04,15,3,0.250000,200,699.572917,1948.550612,1186.710570,0.000000,,,0,1,,,,,0.016029,
tabu,hfvrp_n015_m03_s02,15,3,0.250000,19345,681.656444,1035.180634,940.451603,0.000000,,,0,1,,,,,0.012253,
tabu,hfvrp_n015_m03_s03,15,3,0.250000,999,532.035526,524.156405,663.074628,0.000000,,,0,1,,,,,0.015614,
tabu,hfvrp_n020_m04_s02,20,4,0.250000,1,763.327988,1207.012557,1065.081127,0.000000,,,0,1,,,,,0.016865,
tabu,hfvrp_n015_m03_s05,15,3,0.250000,200,668.300480,964.713238,909.478789,0.000000,,,0,1,,,,,0.010491,
tabu,hfvrp_n020_m04_s01,20,4,0.250000,75,806.569505,743.247561,992.381395,0.000000,,,0,1,,,,,0.030319,
tabu,hfvrp_n015_m03_s04,15,3,0.250000,999,699.572917,1948.550612,1186.710570,0.000000,,,0,1,,,,,0.015408,
tabu,hfvrp_n015_m03_s02,15,3,0.250000,1787952373315577184,681.656444,1035.180634,940.451603,0.000000,,,0,1,,,,,0.016153,
tabu,hfvrp_n015_m03_s03,15,3,0.250000,1234,532.035526,524.156405,663.074628,0.000000,,,0,1,,,,,0.011297,
tabu,hfvrp_n015_m03_s05,15,3,0.250000,999,668.300480,964.713238,909.478789,0.000000,,,0,1,,,,,0.005887,
tabu,hfvrp_n020_m04_s02,20,4,0.250000,10,763.327988,1207.012557,1065.081127,0.000000,,,0,1,,,,,0.016706,
tabu,hfvrp_n015_m03_s04,15,3,0.250000,1234,699.572917,1948.550612,1186.710570,0.000000,,,0,1,,,,,0.014593,
tabu,hfvrp_n020_m04_s03,20,4,0.250000,1787954224208715961,805.966514,1357.873724,1145.434945,0.000000,,,0,1,,,,,0.022965,
tabu,hfvrp_n015_m03_s03,15,3,0.250000,9999,532.035526,524.156405,663.074628,0.000000,,,0,1,,,,,0.014474,
tabu,hfvrp_n020_m04_s01,20,4,0.250000,100,806.569505,743.247561,992.381395,0.000000,,,0,1,,,,,0.025027,
tabu,hfvrp_n015_m03_s05,15,3,0.250000,1234,668.300480,964.713238,909.478789,0.000000,,,0,1,,,,,0.008484,
tabu,hfvrp_n020_m04_s02,20,4,0.250000,50,763.327988,1207.012557,1065.081127,0.000000,,,0,1,,,,,0.013265,
tabu,hfvrp_n015_m03_s04,15,3,0.250000,9999,699.572917,1948.550612,1186.710570,0.000000,,,0,1,,,,,0.015266,
tabu,hfvrp_n015_m03_s03,15,3,0.250000,19345,532.035526,524.156405,663.074628,0.000000,,,0,1,,,,,0.014669,
tabu,hfvrp_n020_m04_s03,20,4,0.250000,1,805.966514,1357.873724,1145.434945,0.000000,,,0,1,,,,,0.020787,
tabu,hfvrp_n015_m03_s05,15,3,0.250000,9999,668.300480,964.713238,909.478789,0.000000,,,0,1,,,,,0.005850,
tabu,hfvrp_n020_m04_s01,20,4,0.250000,200,806.569505,743.247561,992.381395,0.000000,,,0,1,,,,,0.025999,
tabu,hfvrp_n015_m03_s04,15,3,0.250000,19345,699.572917,1948.550612,1186.710570,0.000000,,,0,1,,,,,0.015767,
tabu,hfvrp_n020_m04_s02,20,4,0.250000,75,763.327988,1207.012557,1065.081127,0.000000,,,0,1,,,,,0.017287,
tabu,hfvrp_n015_m03_s03,15,3,0.250000,1787953820198639795,532.035526,524.156405,663.074628,0.000000,,,0,1,,,,,0.015273,
tabu,hfvrp_n015_m03_s05,15,3,0.250000,19345,668.300480,964.713238,909.478789,0.000000,,,0,1,,,,,0.005865,
tabu,hfvrp_n020_m04_s03,20,4,0.250000,10,805.966514,1357.873724,1145.434945,0.000000,,,0,1,,,,,0.023763,
tabu,hfvrp_n020_m04_s01,20,4,0.250000,999,806.569505,743.247561,992.381395,0.000000,,,0,1,,,,,0.028617,
tabu,hfvrp_n015_m03_s04,15,3,0.250000,1787953669423710188,699.572917,1948.550612,1186.710570,0.000000,,,0,1,,,,,0.014150,
tabu,hfvrp_n020_m04_s04,20,4,0.250000,1787953734093979590,807.564411,1554.209108,1196.116688,0.000000,,,0,1,,,,,0.029235,
tabu,hfvrp_n015_m03_s05,15,3,0.250000,1787953761142408483,668.300480,964.713238,909.478789,0.000000,,,0,1,,,,,0.009461,
tabu,hfvrp_n020_m04_s02,20,4,0.250000,100,763.327988,1207.012557,1065.081127,0.000000,,,0,1,,,,,0.017432,
tabu,hfvrp_n020_m04_s03,20,4,0.250000,50,805.966514,1357.873724,1145.434945,0.000000,,,0,1,,,,,0.020125,
tabu,hfvrp_n020_m04_s05,20,4,0.250000,1787953407178706703,668.580752,1742.307836,1104.157711,0.000000,,,0,1,,,,,0.020761,
tabu,hfvrp_n020_m04_s01,20,4,0.250000,1234,806.569505,743.247561,992.381395,0.000000,,,0,1,,,,,0.028715,
tabu,hfvrp_n020_m04_s04,20,4,0.250000,1,807.564411,1554.209108,1196.116688,0.000000,,,0,1,,,,,0.028887,
tabu,hfvrp_n030_m06_s01,30,6,0.250000,1787953498923460706,1402.892836,2246.672797,1964.561036,0.000000,,,0,1,,,,,0.091500,
tabu,hfvrp_n020_m04_s02,20,4,0.250000,200,763.327988,1207.012557,1065.081127,0.000000,,,0,1,,,,,0.016583,
tabu,hfvrp_n020_m04_s03,20,4,0.250000,75,805.966514,1357.873724,1145.434945,0.000000,,,0,1,,,,,0.024174,
tabu,hfvrp_n020_m04_s05,20,4,0.250000,1,668.580752,1742.307836,1104.157711,0.000000,,,0,1,,,,,0.025514,
tabu,hfvrp_n020_m04_s01,20,4,0.250000,9999,806.569505,743.247561,992.381395,0.000000,,,0,1,,,,,0.025618,
tabu,hfvrp_n020_m04_s04,20,4,0.250000,10,807.564411,1554.209108,1196.116688,0.000000,,,0,1,,,,,0.032592,
tabu,hfvrp_n020_m04_s02,20,4,0.250000,999,763.327988,1207.012557,1065.081127,0.000000,,,0,1,,,,,0.017200,
tabu,hfvrp_n030_m06_s01,30,6,0.250000,1,1402.892836,2246.672797,1964.561036,0.000000,,,0,1,,,,,0.091935,
tabu,hfvrp_n020_m04_s03,20,4,0.250000,100,805.966514,1357.873724,1145.434945,0.000000,,,0,1,,,,,0.020705,
tabu,hfvrp_n020_m04_s05,20,4,0.250000,10,668.580752,1742.307836,1104.157711,0.000000,,,0,1,,,,,0.024269,
tabu,hfvrp_n020_m04_s01,20,4,0.250000,19345,806.569505,743.247561,992.381395,0.000000,,,0,1,,,,,0.025648,
tabu,hfvrp_n020_m04_s04,20,4,0.250000,50,807.564411,1554.209108,1196.116688,0.000000,,,0,1,,,,,0.031932,
tabu,hfvrp_n020_m04_s02,20,4,0.250000,1234,763.327988,1207.012557,1065.081127,0.000000,,,0,1,,,,,0.013246,
tabu,hfvrp_n020_m04_s03,20,4,0.250000,200,805.966514,1357.873724,1145.434945,0.000000,,,0,1,,,,,0.024099,
tabu,hfvrp_n020_m04_s05,20,4,0.250000,50,668.580752,1742.307836,1104.157711,0.000000,,,0,1,,,,,0.022950,
tabu,hfvrp_n020_m04_s01,20,4,0.250000,1787955149859622227,806.569505,743.247561,992.381395,0.000000,,,0,1,,,,,0.029097,
tabu,hfvrp_n020_m04_s04,20,4,0.250000,75,807.564411,1554.209108,1196.116688,0.000000,,,0,1,,,,,0.030115,
tabu,hfvrp_n030_m06_s01,30,6,0.250000,10,1402.892836,2246.672797,1964.561036,0.000000,,,0,1,,,,,0.088687,
tabu,hfvrp_n020_m04_s02,20,4,0.250000,9999,763.327988,1207.012557,1065.081127,0.000000,,,0,1,,,,,0.013213,
tabu,hfvrp_n020_m04_s03,20,4,0.250000,999,805.966514,1357.873724,1145.434945,0.000000,,,0,1,,,,,0.024455,
tabu,hfvrp_n020_m04_s05,20,4,0.250000,75,668.580752,1742.307836,1104.157711,0.000000,,,0,1,,,,,0.025479,
tabu,hfvrp_n030_m06_s02,30,6,0.250000,1787954867601274186,1143.720417,2021.286035,1649.041926,0.000000,,,0,1,,,,,0.097771,
tabu,hfvrp_n020_m04_s04,20,4,0.250000,100,807.564411,1554.209108,1196.116688,0.000000,,,0,1,,,,,0.032425,
tabu,hfvrp_n020_m04_s02,20,4,0.250000,19345,763.327988,1207.012557,1065.081127,0.000000,,,0,1,,,,,0.016619,
tabu,hfvrp_n020_m04_s03,20,4,0.250000,1234,805.966514,1357.873724,1145.434945,0.000000,,,0,1,,,,,0.020672,
tabu,hfvrp_n030_m06_s01,30,6,0.250000,50,1402.892836,2246.672797,1964.561036,0.000000,,,0,1,,,,,0.092744,
tabu,hfvrp_n020_m04_s05,20,4,0.250000,100,668.580752,1742.307836,1104.157711,0.000000,,,0,1,,,,,0.024932,
tabu,hfvrp_n020_m04_s04,20,4,0.250000,200,807.564411,1554.209108,1196.116688,0.000000,,,0,1,,,,,0.030917,
tabu,hfvrp_n020_m04_s02,20,4,0.250000,1787954493505416908,763.327988,1207.012557,1065.081127,0.000000,,,0,1,,,,,0.017038,
tabu,hfvrp_n030_m06_s02,30,6,0.250000,1,1143.720417,2021.286035,1649.041926,0.000000,,,0,1,,,,,0.101096,
tabu,hfvrp_n020_m04_s03,20,4,0.250000,9999,805.966514,1357.873724,1145.434945,0.000000,,,0,1,,,,,0.023181,
tabu,hfvrp_n020_m04_s05,20,4,0.250000,200,668.580752,1742.307836,1104.157711,0.000000,,,0,1,,,,,0.025153,
tabu,hfvrp_n020_m04_s04,20,4,0.250000,999,807.564411,1554.209108,1196.116688,0.000000,,,0,1,,,,,0.031571,
tabu,hfvrp_n030_m06_s01,30,6,0.250000,75,1402.892836,2246.672797,1964.561036,0.000000,,,0,1,,,,,0.087962,
tabu,hfvrp_n030_m06_s03,30,6,0.250000,1787938848001957458,1350.204292,1760.385709,1790.300719,0.000000,,,0,1,,,,,0.078536,
tabu,hfvrp_n020_m04_s03,20,4,0.250000,19345,805.966514,1357.873724,1145.434945,0.000000,,,0,1,,,,,0.022468,
tabu,hfvrp_n020_m04_s05,20,4,0.250000,999,668.580752,1742.307836,1104.157711,0.000000,,,0,1,,,,,0.025049,
tabu,hfvrp_n030_m06_s02,30,6,0.250000,10,1143.720417,2021.286035,1649.041926,0.000000,,,0,1,,,,,0.096810,
tabu,hfvrp_n020_m04_s04,20,4,0.250000,1234,807.564411,1554.209108,1196.116688,0.000000,,,0,1,,,,,0.032236,
tabu,hfvrp_n020_m04_s03,20,4,0.250000,1787938807986104330,805.966514,1357.873724,1145.434945,0.000000,,,0,1,,,,,0.021309,
tabu,hfvrp_n020_m04_s05,20,4,0.250000,1234,668.580752,1742.307836,1104.157711,0.000000,,,0,1,,,,,0.023672,
tabu,hfvrp_n030_m06_s01,30,6,0.250000,100,1402.892836,2246.672797,1964.561036,0.000000,,,0,1,,,,,0.091022,
tabu,hfvrp_n030_m06_s03,30,6,0.250000,1,1350.204292,1760.385709,1790.300719,0.000000,,,0,1,,,,,0.075579,
tabu,hfvrp_n020_m04_s04,20,4,0.250000,9999,807.564411,1554.209108,1196.116688,0.000000,,,0,1,,,,,0.030239,
tabu,hfvrp_n030_m06_s02,30,6,0.250000,50,1143.720417,2021.286035,1649.041926,0.000000,,,0,1,,,,,0.099325,
tabu,hfvrp_n030_m06_s04,30,6,0.250000,1787938495492707642,1286.563466,1546.544188,1673.199513,0.000000,,,0,1,,,,,0.120683,
tabu,hfvrp_n020_m04_s05,20,4,0.250000,9999,668.580752,1742.307836,1104.157711,0.000000,,,0,1,,,,,0.025331,
tabu,hfvrp_n020_m04_s04,20,4,0.250000,19345,807.564411,1554.209108,1196.116688,0.000000,,,0,1,,,,,0.026717,
tabu,hfvrp_n030_m06_s03,30,6,0.250000,10,1350.204292,1760.385709,1790.300719,0.000000,,,0,1,,,,,0.081019,
tabu,hfvrp_n030_m06_s01,30,6,0.250000,200,1402.892836,2246.672797,1964.561036,0.000000,,,0,1,,,,,0.089029,
tabu,hfvrp_n020_m04_s05,20,4,0.250000,19345,668.580752,1742.307836,1104.157711,0.000000,,,0,1,,,,,0.021947,
tabu,hfvrp_n030_m06_s02,30,6,0.250000,75,1143.720417,2021.286035,1649.041926,0.000000,,,0,1,,,,,0.099299,
tabu,hfvrp_n020_m04_s04,20,4,0.250000,1787938313748817417,807.564411,1554.209108,1196.116688,0.000000,,,0,1,,,,,0.027473,
tabu,hfvrp_n030_m06_s04,30,6,0.250000,1,1286.563466,1546.544188,1673.199513,0.000000,,,0,1,,,,,0.119260,
tabu,hfvrp_n020_m04_s05,20,4,0.250000,1787938240148519982,668.580752,1742.307836,1104.157711,0.000000,,,0,1,,,,,0.026566,
tabu,hfvrp_n030_m06_s03,30,6,0.250000,50,1350.204292,1760.385709,1790.300719,0.000000,,,0,1,,,,,0.077113,
tabu,hfvrp_n030_m06_s01,30,6,0.250000,999,1402.892836,2246.672797,1964.561036,0.000000,,,0,1,,,,,0.090465,
tabu,hfvrp_n030_m06_s05,30,6,0.250000,1787938104351310642,1189.858941,1691.583339,1612.754776,0.000000,,,0,1,,,,,0.062257,
tabu,hfvrp_n030_m06_s02,30,6,0.250000,100,1143.720417,2021.286035,1649.041926,0.000000,,,0,1,,,,,0.099139,
tabu,hfvrp_n050_m10_s01,50,10,0.250000,1787937970674308845,2537.475580,2950.852086,3275.188601,0.000000,,,0,1,,,,,0.494955,
tabu,hfvrp_n030_m06_s04,30,6,0.250000,10,1286.563466,1546.544188,1673.199513,0.000000,,,0,1,,,,,0.115858,
tabu,hfvrp_n030_m06_s03,30,6,0.250000,75,1350.204292,1760.385709,1790.300719,0.000000,,,0,1,,,,,0.078276,
tabu,hfvrp_n030_m06_s01,30,6,0.250000,1234,1402.892836,2246.672797,1964.561036,0.000000,,,0,1,,,,,0.091115,
tabu,hfvrp_n030_m06_s05,30,6,0.250000,1,1189.858941,1691.583339,1612.754776,0.000000,,,0,1,,,,,0.057332,
tabu,hfvrp_n030_m06_s02,30,6,0.250000,200,1143.720417,2021.286035,1649.041926,0.000000,,,0,1,,,,,0.099735,
tabu,hfvrp_n030_m06_s04,30,6,0.250000,50,1286.563466,1546.544188,1673.199513,0.000000,,,0,1,,,,,0.119276,
tabu,hfvrp_n030_m06_s03,30,6,0.250000,100,1350.204292,1760.385709,1790.300719,0.000000,,,0,1,,,,,0.074882,
tabu,hfvrp_n030_m06_s01,30,6,0.250000,9999,1402.892836,2246.672797,1964.561036,0.000000,,,0,1,,,,,0.086722,
tabu,hfvrp_n030_m06_s05,30,6,0.250000,10,1189.858941,1691.583339,1612.754776,0.000000,,,0,1,,,,,0.060808,
tabu,hfvrp_n030_m06_s02,30,6,0.250000,999,1143.720417,2021.286035,1649.041926,0.000000,,,0,1,,,,,0.098695,
tabu,hfvrp_n050_m10_s01,50,10,0.250000,1,2537.475580,2950.852086,3275.188601,0.000000,,,0,1,,,,,0.498984,
tabu,hfvrp_n030_m06_s04,30,6,0.250000,75,1286.563466,1546.544188,1673.199513,0.000000,,,0,1,,,,,0.120596,
tabu,hfvrp_n030_m06_s03,30,6,0.250000,200,1350.204292,1760.385709,1790.300719,0.000000,,,0,1,,,,,0.079417,
tabu,hfvrp_n030_m06_s01,30,6,0.250000,19345,1402.892836,2246.672797,1964.561036,0.000000,,,0,1,,,,,0.092225,
tabu,hfvrp_n030_m06_s05,30,6,0.250000,50,1189.858941,1691.583339,1612.754776,0.000000,,,0,1,,,,,0.059160,
tabu,hfvrp_n030_m06_s02,30,6,0.250000,1234,1143.720417,2021.286035,1649.041926,0.000000,,,0,1,,,,,0.100881,
tabu,hfvrp_n030_m06_s04,30,6,0.250000,100,1286.563466,1546.544188,1673.199513,0.000000,,,0,1,,,,,0.119780,
tabu,hfvrp_n030_m06_s03,30,6,0.250000,999,1350.204292,1760.385709,1790.300719,0.000000,,,0,1,,,,,0.076992,
tabu,hfvrp_n030_m06_s01,30,6,0.250000,1787939484968900480,1402.892836,2246.672797,1964.561036,0.000000,,,0,1,,,,,0.090160,
tabu,hfvrp_n030_m06_s05,30,6,0.250000,75,1189.858941,1691.583339,1612.754776,0.000000,,,0,1,,,,,0.060032,
tabu,hfvrp_n050_m10_s01,50,10,0.250000,10,2537.475580,2950.852086,3275.188601,0.000000,,,0,1,,,,,0.496411,
tabu,hfvrp_n030_m06_s02,30,6,0.250000,9999,1143.720417,2021.286035,1649.041926,0.000000,,,0,1,,,,,0.097276,
tabu,hfvrp_n030_m06_s04,30,6,0.250000,200,1286.563466,1546.544188,1673.199513,0.000000,,,0,1,,,,,0.117791,
tabu,hfvrp_n030_m06_s03,30,6,0.250000,1234,1350.204292,1760.385709,1790.300719,0.000000,,,0,1,,,,,0.078952,
tabu,hfvrp_n030_m06_s05,30,6,0.250000,100,1189.858941,1691.583339,1612.754776,0.000000,,,0,1,,,,,0.059322,
tabu,hfvrp_n050_m10_s02,50,10,0.250000,1787939239777966066,2357.824119,5190.448549,3655.436257,0.000000,,,0,1,,,,,0.596896,
tabu,hfvrp_n030_m06_s02,30,6,0.250000,19345,1143.720417,2021.286035,1649.041926,0.000000,,,0,1,,,,,0.102722,
tabu,hfvrp_n030_m06_s04,30,6,0.250000,999,1286.563466,1546.544188,1673.199513,0.000000,,,0,1,,,,,0.119446,
tabu,hfvrp_n030_m06_s03,30,6,0.250000,9999,1350.204292,1760.385709,1790.300719,0.000000,,,0,1,,,,,0.081384,
tabu,hfvrp_n050_m10_s01,50,10,0.250000,50,2537.475580,2950.852086,3275.188601,0.000000,,,0,1,,,,,0.495155,
tabu,hfvrp_n030_m06_s05,30,6,0.250000,200,1189.858941,1691.583339,1612.754776,0.000000,,,0,1,,,,,0.060746,
tabu,hfvrp_n030_m06_s02,30,6,0.250000,1787938889832826693,1143.720417,2021.286035,1649.041926,0.000000,,,0,1,,,,,0.096958,
tabu,hfvrp_n030_m06_s04,30,6,0.250000,1234,1286.563466,1546.544188,1673.199513,0.000000,,,0,1,,,,,0.120439,
tabu,hfvrp_n030_m06_s03,30,6,0.250000,19345,1350.204292,1760.385709,1790.300719,0.000000,,,0,1,,,,,0.076052,
tabu,hfvrp_n050_m10_s02,50,10,0.250000,1,2357.824119,5190.448549,3655.436257,0.000000,,,0,1,,,,,0.606984,
tabu,hfvrp_n030_m06_s05,30,6,0.250000,999,1189.858941,1691.583339,1612.754776,0.000000,,,0,1,,,,,0.056534,
tabu,hfvrp_n050_m10_s03,50,10,0.250000,1787941290299034664,1992.089429,5639.052611,3401.852582,0.000000,,,0,1,,,,,0.261692,
tabu,hfvrp_n050_m10_s01,50,10,0.250000,75,2537.475580,2950.852086,3275.188601,0.000000,,,0,1,,,,,0.495100,
tabu,hfvrp_n030_m06_s04,30,6,0.250000,9999,1286.563466,1546.544188,1673.199513,0.000000,,,0,1,,,,,0.120403,
tabu,hfvrp_n030_m06_s03,30,6,0.250000,1787941397098324928,1350.204292,1760.385709,1790.300719,0.000000,,,0,1,,,,,0.080062,
tabu,hfvrp_n030_m06_s05,30,6,0.250000,1234,1189.858941,1691.583339,1612.754776,0.000000,,,0,1,,,,,0.062260,
tabu,hfvrp_n050_m10_s02,50,10,0.250000,10,2357.824119,5190.448549,3655.436257,0.000000,,,0,1,,,,,0.592472,
tabu,hfvrp_n030_m06_s04,30,6,0.250000,19345,1286.563466,1546.544188,1673.199513,0.000000,,,0,1,,,,,0.120574,
tabu,hfvrp_n050_m10_s04,50,10,0.250000,1787941585497275534,2295.091838,5389.703617,3642.517742,0.000000,,,0,1,,,,,0.267634,
tabu,hfvrp_n030_m06_s05,30,6,0.250000,9999,1189.858941,1691.583339,1612.754776,0.000000,,,0,1,,,,,0.056319,
tabu,hfvrp_n050_m10_s03,50,10,0.250000,1,1992.089429,5639.052611,3401.852582,0.000000,,,0,1,,,,,0.259388,
tabu,hfvrp_n050_m10_s01,50,10,0.250000,100,2537.475580,2950.852086,3275.188601,0.000000,,,0,1,,,,,0.498493,
tabu,hfvrp_n030_m06_s04,30,6,0.250000,1787941709125397327,1286.563466,1546.544188,1673.199513,0.000000,,,0,1,,,,,0.116510,
tabu,hfvrp_n030_m06_s05,30,6,0.250000,19345,1189.858941,1691.583339,1612.754776,0.000000,,,0,1,,,,,0.060909,
tabu,hfvrp_n050_m10_s02,50,10,0.250000,50,2357.824119,5190.448549,3655.436257,0.000000,,,0,1,,,,,0.595858,
tabu,hfvrp_n050_m10_s04,50,10,0.250000,1,2295.091838,5389.703617,3642.517742,0.000000,,,0,1,,,,,0.268949,
tabu,hfvrp_n050_m10_s05,50,10,0.250000,1787941867594307493,2417.052714,4573.793810,3560.501166,0.000000,,,0,1,,,,,0.338910,
tabu,hfvrp_n050_m10_s03,50,10,0.250000,10,1992.089429,5639.052611,3401.852582,0.000000,,,0,1,,,,,0.254822,
tabu,hfvrp_n030_m06_s05,30,6,0.250000,1787941930295133357,1189.858941,1691.583339,1612.754776,0.000000,,,0,1,,,,,0.061028,
tabu,hfvrp_n050_m10_s01,50,10,0.250000,200,2537.475580,2950.852086,3275.188601,0.000000,,,0,1,,,,,0.497174,
tabu,hfvrp_n075_m15_s01,75,15,0.250000,1787942045754194390,3747.712442,4231.925949,4805.693929,0.000000,,,0,1,,,,,1.048715,
tabu,hfvrp_n050_m10_s02,50,10,0.250000,75,2357.824119,5190.448549,3655.436257,0.000000,,,0,1,,,,,0.588865,
tabu,hfvrp_n050_m10_s04,50,10,0.250000,10,2295.091838,5389.703617,3642.517742,0.000000,,,0,1,,,,,0.271290,
tabu,hfvrp_n050_m10_s05,50,10,0.250000,1,2417.052714,4573.793810,3560.501166,0.000000,,,0,1,,,,,0.343076,
tabu,hfvrp_n050_m10_s03,50,10,0.250000,50,1992.089429,5639.052611,3401.852582,0.000000,,,0,1,,,,,0.260719,
tabu,hfvrp_n050_m10_s01,50,10,0.250000,999,2537.475580,2950.852086,3275.188601,0.000000,,,0,1,,,,,0.504970,
tabu,hfvrp_n050_m10_s02,50,10,0.250000,100,2357.824119,5190.448549,3655.436257,0.000000,,,0,1,,,,,0.592921,
tabu,hfvrp_n050_m10_s04,50,10,0.250000,50,2295.091838,5389.703617,3642.517742,0.000000,,,0,1,,,,,0.271109,
tabu,hfvrp_n050_m10_s05,50,10,0.250000,10,2417.052714,4573.793810,3560.501166,0.000000,,,0,1,,,,,0.340538,
tabu,hfvrp_n050_m10_s03,50,10,0.250000,75,1992.089429,5639.052611,3401.852582,0.000000,,,0,1,,,,,0.259746,
tabu,hfvrp_n050_m10_s01,50,10,0.250000,1234,2537.475580,2950.852086,3275.188601,0.000000,,,0,1,,,,,0.497114,
tabu,hfvrp_n075_m15_s01,75,15,0.250000,1,3747.712442,4231.925949,4805.693929,0.000000,,,0,1,,,,,1.047843,
tabu,hfvrp_n050_m10_s04,50,10,0.250000,75,2295.091838,5389.703617,3642.517742,0.000000,,,0,1,,,,,0.269840,
tabu,hfvrp_n050_m10_s02,50,10,0.250000,200,2357.824119,5190.448549,3655.436257,0.000000,,,0,1,,,,,0.590215,
tabu,hfvrp_n050_m10_s05,50,10,0.250000,50,2417.052714,4573.793810,3560.501166,0.000000,,,0,1,,,,,0.339077,
tabu,hfvrp_n050_m10_s03,50,10,0.250000,100,1992.089429,5639.052611,3401.852582,0.000000,,,0,1,,,,,0.259822,
tabu,hfvrp_n050_m10_s01,50,10,0.250000,9999,2537.475580,2950.852086,3275.188601,0.000000,,,0,1,,,,,0.496628,
tabu,hfvrp_n050_m10_s04,50,10,0.250000,100,2295.091838,5389.703617,3642.517742,0.000000,,,0,1,,,,,0.267251,
tabu,hfvrp_n050_m10_s02,50,10,0.250000,999,2357.824119,5190.448549,3655.436257,0.000000,,,0,1,,,,,0.592772,
tabu,hfvrp_n050_m10_s05,50,10,0.250000,75,2417.052714,4573.793810,3560.501166,0.000000,,,0,1,,,,,0.341996,
tabu,hfvrp_n050_m10_s03,50,10,0.250000,200,1992.089429,5639.052611,3401.852582,0.000000,,,0,1,,,,,0.259832,
tabu,hfvrp_n075_m15_s01,75,15,0.250000,10,3747.712442,4231.925949,4805.693929,0.000000,,,0,1,,,,,1.050075,
tabu,hfvrp_n050_m10_s01,50,10,0.250000,19345,2537.475580,2950.852086,3275.188601,0.000000,,,0,1,,,,,0.495175,
tabu,hfvrp_n050_m10_s04,50,10,0.250000,200,2295.091838,5389.703617,3642.517742,0.000000,,,0,1,,,,,0.269516,
tabu,hfvrp_n050_m10_s02,50,10,0.250000,1234,2357.824119,5190.448549,3655.436257,0.000000,,,0,1,,,,,0.589661,
tabu,hfvrp_n050_m10_s05,50,10,0.250000,100,2417.052714,4573.793810,3560.501166,0.000000,,,0,1,,,,,0.343363,
tabu,hfvrp_n050_m10_s03,50,10,0.250000,999,1992.089429,5639.052611,3401.852582,0.000000,,,0,1,,,,,0.257917,
tabu,hfvrp_n050_m10_s01,50,10,0.250000,1787940771444042165,2537.475580,2950.852086,3275.188601,0.000000,,,0,1,,,,,0.496787,
tabu,hfvrp_n075_m15_s01,75,15,0.250000,50,3747.712442,4231.925949,4805.693929,0.000000,,,0,1,,,,,1.045985,
tabu,hfvrp_n050_m10_s04,50,10,0.250000,999,2295.091838,5389.703617,3642.517742,0.000000,,,0,1,,,,,0.268067,
tabu,hfvrp_n050_m10_s02,50,10,0.250000,9999,2357.824119,5190.448549,3655.436257,0.000000,,,0,1,,,,,0.595858,
tabu,hfvrp_n050_m10_s05,50,10,0.250000,200,2417.052714,4573.793810,3560.501166,0.000000,,,0,1,,,,,0.342462,
tabu,hfvrp_n050_m10_s03,50,10,0.250000,1234,1992.089429,5639.052611,3401.852582,0.000000,,,0,1,,,,,0.260684,
tabu,hfvrp_n075_m15_s02,75,15,0.250000,1787941107952614707,4118.267731,7203.840340,5919.227816,0.000000,,,0,1,,,,,1.671876,
tabu,hfvrp_n050_m10_s04,50,10,0.250000,1234,2295.091838,5389.703617,3642.517742,0.000000,,,0,1,,,,,0.269392,
tabu,hfvrp_n050_m10_s02,50,10,0.250000,19345,2357.824119,5190.448549,3655.436257,0.000000,,,0,1,,,,,0.595374,
tabu,hfvrp_n050_m10_s05,50,10,0.250000,999,2417.052714,4573.793810,3560.501166,0.000000,,,0,1,,,,,0.344024,
tabu,hfvrp_n050_m10_s03,50,10,0.250000,9999,1992.089429,5639.052611,3401.852582,0.000000,,,0,1,,,,,0.259430,
tabu,hfvrp_n075_m15_s01,75,15,0.250000,75,3747.712442,4231.925949,4805.693929,0.000000,,,0,1,,,,,1.046472,
tabu,hfvrp_n050_m10_s04,50,10,0.250000,9999,2295.091838,5389.703617,3642.517742,0.000000,,,0,1,,,,,0.269930,
tabu,hfvrp_n050_m10_s02,50,10,0.250000,1787943351318719291,2357.824119,5190.448549,3655.436257,0.000000,,,0,1,,,,,0.595243,
tabu,hfvrp_n050_m10_s05,50,10,0.250000,1234,2417.052714,4573.793810,3560.501166,0.000000,,,0,1,,,,,0.345093,
tabu,hfvrp_n050_m10_s03,50,10,0.250000,19345,1992.089429,5639.052611,3401.852582,0.000000,,,0,1,,,,,0.258316,
tabu,hfvrp_n075_m15_s02,75,15,0.250000,1,4118.267731,7203.840340,5919.227816,0.000000,,,0,1,,,,,1.677514,
tabu,hfvrp_n050_m10_s04,50,10,0.250000,19345,2295.091838,5389.703617,3642.517742,0.000000,,,0,1,,,,,0.266296,
tabu,hfvrp_n050_m10_s05,50,10,0.250000,9999,2417.052714,4573.793810,3560.501166,0.000000,,,0,1,,,,,0.343385,
tabu,hfvrp_n075_m15_s03,75,15,0.250000,1787943851301803518,4274.215100,8602.602741,6424.865786,0.000000,,,0,1,,,,,0.808462,
tabu,hfvrp_n050_m10_s03,50,10,0.250000,1787943864961234024,1992.089429,5639.052611,3401.852582,0.000000,,,0,1,,,,,0.260811,
tabu,hfvrp_n075_m15_s01,75,15,0.250000,100,3747.712442,4231.925949,4805.693929,0.000000,,,0,1,,,,,1.060057,
tabu,hfvrp_n050_m10_s04,50,10,0.250000,1787943695910775898,2295.091838,5389.703617,3642.517742,0.000000,,,0,1,,,,,0.270784,
tabu,hfvrp_n075_m15_s02,75,15,0.250000,10,4118.267731,7203.840340,5919.227816,0.000000,,,0,1,,,,,1.669206,
tabu,hfvrp_n050_m10_s05,50,10,0.250000,19345,2417.052714,4573.793810,3560.501166,0.000000,,,0,1,,,,,0.341999,
tabu,hfvrp_n075_m15_s04,75,15,0.250000,1787944136841819418,4349.464063,8079.114162,6369.242603,0.000000,,,0,1,,,,,0.925474,
tabu,hfvrp_n075_m15_s03,75,15,0.250000,1,4274.215100,8602.602741,6424.865786,0.000000,,,0,1,,,,,0.809815,
tabu,hfvrp_n075_m15_s01,75,15,0.250000,200,3747.712442,4231.925949,4805.693929,0.000000,,,0,1,,,,,1.046988,
tabu,hfvrp_n075_m15_s05,75,15,0.250000,1787944002397942637,3740.746020,7402.845980,5591.457514,0.000000,,,0,1,,,,,1.029854,
tabu,hfvrp_n050_m10_s05,50,10,0.250000,1787943991191252240,2417.052714,4573.793810,3560.501166,0.000000,,,0,1,,,,,0.337982,
tabu,hfvrp_n075_m15_s02,75,15,0.250000,50,4118.267731,7203.840340,5919.227816,0.000000,,,0,1,,,,,1.680386,
tabu,hfvrp_n075_m15_s04,75,15,0.250000,1,4349.464063,8079.114162,6369.242603,0.000000,,,0,1,,,,,0.903171,
tabu,hfvrp_n100_m20_s01,100,20,0.250000,1787944366029557018,5573.254733,15783.853898,9519.218207,0.000000,,,0,1,,,,,1.753932,
tabu,hfvrp_n075_m15_s03,75,15,0.250000,10,4274.215100,8602.602741,6424.865786,0.000000,,,0,1,,,,,0.807166,
tabu,hfvrp_n075_m15_s01,75,15,0.250000,999,3747.712442,4231.925949,4805.693929,0.000000,,,0,1,,,,,1.047443,
tabu,hfvrp_n075_m15_s05,75,15,0.250000,1,3740.746020,7402.845980,5591.457514,0.000000,,,0,1,,,,,1.032377,
tabu,hfvrp_n075_m15_s02,75,15,0.250000,75,4118.267731,7203.840340,5919.227816,0.000000,,,0,1,,,,,1.672005,
tabu,hfvrp_n075_m15_s04,75,15,0.250000,10,4349.464063,8079.114162,6369.242603,0.000000,,,0,1,,,,,0.906818,
tabu,hfvrp_n075_m15_s03,75,15,0.250000,50,4274.215100,8602.602741,6424.865786,0.000000,,,0,1,,,,,0.807073,
tabu,hfvrp_n075_m15_s01,75,15,0.250000,1234,3747.712442,4231.925949,4805.693929,0.000000,,,0,1,,,,,1.049372,
tabu,hfvrp_n075_m15_s05,75,15,0.250000,10,3740.746020,7402.845980,5591.457514,0.000000,,,0,1,,,,,1.033838,
tabu,hfvrp_n100_m20_s01,100,20,0.250000,1,5573.254733,15783.853898,9519.218207,0.000000,,,0,1,,,,,1.748712,
tabu,hfvrp_n075_m15_s02,75,15,0.250000,100,4118.267731,7203.840340,5919.227816,0.000000,,,0,1,,,,,1.688242,
tabu,hfvrp_n075_m15_s04,75,15,0.250000,50,4349.464063,8079.114162,6369.242603,0.000000,,,0,1,,,,,0.906783,
tabu,hfvrp_n075_m15_s03,75,15,0.250000,75,4274.215100,8602.602741,6424.865786,0.000000,,,0,1,,,,,0.806735,
tabu,hfvrp_n075_m15_s01,75,15,0.250000,9999,3747.712442,4231.925949,4805.693929,0.000000,,,0,1,,,,,1.045490,
tabu,hfvrp_n075_m15_s05,75,15,0.250000,50,3740.746020,7402.845980,5591.457514,0.000000,,,0,1,,,,,1.028469,
tabu,hfvrp_n075_m15_s02,75,15,0.250000,200,4118.267731,7203.840340,5919.227816,0.000000,,,0,1,,,,,1.682853,
tabu,hfvrp_n075_m15_s04,75,15,0.250000,75,4349.464063,8079.114162,6369.242603,0.000000,,,0,1,,,,,0.906971,
tabu,hfvrp_n100_m20_s01,100,20,0.250000,10,5573.254733,15783.853898,9519.218207,0.000000,,,0,1,,,,,1.751623,
tabu,hfvrp_n075_m15_s03,75,15,0.250000,100,4274.215100,8602.602741,6424.865786,0.000000,,,0,1,,,,,0.802828,
tabu,hfvrp_n075_m15_s01,75,15,0.250000,19345,3747.712442,4231.925949,4805.693929,0.000000,,,0,1,,,,,1.048120,
tabu,hfvrp_n075_m15_s05,75,15,0.250000,75,3740.746020,7402.845980,5591.457514,0.000000,,,0,1,,,,,1.033795,
tabu,hfvrp_n075_m15_s04,75,15,0.250000,100,4349.464063,8079.114162,6369.242603,0.000000,,,0,1,,,,,0.905933,
tabu,hfvrp_n075_m15_s02,75,15,0.250000,999,4118.267731,7203.840340,5919.227816,0.000000,,,0,1,,,,,1.682865,
tabu,hfvrp_n075_m15_s03,75,15,0.250000,200,4274.215100,8602.602741,6424.865786,0.000000,,,0,1,,,,,0.814803,
tabu,hfvrp_n075_m15_s01,75,15,0.250000,1787943169673867046,3747.712442,4231.925949,4805.693929,0.000000,,,0,1,,,,,1.054003,
tabu,hfvrp_n100_m20_s01,100,20,0.250000,50,5573.254733,15783.853898,9519.218207,0.000000,,,0,1,,,,,1.756706,
tabu,hfvrp_n075_m15_s05,75,15,0.250000,100,3740.746020,7402.845980,5591.457514,0.000000,,,0,1,,,,,1.033134,
tabu,hfvrp_n075_m15_s04,75,15,0.250000,200,4349.464063,8079.114162,6369.242603,0.000000,,,0,1,,,,,0.911952,
tabu,hfvrp_n075_m15_s02,75,15,0.250000,1234,4118.267731,7203.840340,5919.227816,0.000000,,,0,1,,,,,1.671762,
tabu,hfvrp_n075_m15_s03,75,15,0.250000,999,4274.215100,8602.602741,6424.865786,0.000000,,,0,1,,,,,0.807520,
tabu,hfvrp_n100_m20_s02,100,20,0.250000,1787942888491841146,5361.034585,13632.694304,8769.208161,0.000000,,,0,1,,,,,2.376480,
tabu,hfvrp_n075_m15_s05,75,15,0.250000,200,3740.746020,7402.845980,5591.457514,0.000000,,,0,1,,,,,1.031313,
tabu,hfvrp_n100_m20_s01,100,20,0.250000,75,5573.254733,15783.853898,9519.218207,0.000000,,,0,1,,,,,1.754128,
tabu,hfvrp_n075_m15_s04,75,15,0.250000,999,4349.464063,8079.114162,6369.242603,0.000000,,,0,1,,,,,0.907713,
tabu,hfvrp_n075_m15_s02,75,15,0.250000,9999,4118.267731,7203.840340,5919.227816,0.000000,,,0,1,,,,,1.674894,
tabu,hfvrp_n075_m15_s03,75,15,0.250000,1234,4274.215100,8602.602741,6424.865786,0.000000,,,0,1,,,,,0.807580,
tabu,hfvrp_n075_m15_s05,75,15,0.250000,999,3740.746020,7402.845980,5591.457514,0.000000,,,0,1,,,,,1.028343,
tabu,hfvrp_n100_m20_s02,100,20,0.250000,1,5361.034585,13632.694304,8769.208161,0.000000,,,0,1,,,,,2.356498,
tabu,hfvrp_n075_m15_s04,75,15,0.250000,1234,4349.464063,8079.114162,6369.242603,0.000000,,,0,1,,,,,0.944504,
tabu,hfvrp_n075_m15_s02,75,15,0.250000,19345,4118.267731,7203.840340,5919.227816,0.000000,,,0,1,,,,,1.691908,
tabu,hfvrp_n100_m20_s01,100,20,0.250000,100,5573.254733,15783.853898,9519.218207,0.000000,,,0,1,,,,,1.756802,
tabu,hfvrp_n075_m15_s03,75,15,0.250000,9999,4274.215100,8602.602741,6424.865786,0.000000,,,0,1,,,,,0.803283,
tabu,hfvrp_n075_m15_s05,75,15,0.250000,1234,3740.746020,7402.845980,5591.457514,0.000000,,,0,1,,,,,1.029749,
tabu,hfvrp_n075_m15_s04,75,15,0.250000,9999,4349.464063,8079.114162,6369.242603,0.000000,,,0,1,,,,,0.908048,
tabu,hfvrp_n075_m15_s02,75,15,0.250000,1787945633066004512,4118.267731,7203.840340,5919.227816,0.000000,,,0,1,,,,,1.682594,
tabu,hfvrp_n075_m15_s03,75,15,0.250000,19345,4274.215100,8602.602741,6424.865786,0.000000,,,0,1,,,,,0.808796,
tabu,hfvrp_n100_m20_s02,100,20,0.250000,10,5361.034585,13632.694304,8769.208161,0.000000,,,0,1,,,,,2.358620,
tabu,hfvrp_n075_m15_s05,75,15,0.250000,9999,3740.746020,7402.845980,5591.457514,0.000000,,,0,1,,,,,1.028318,
tabu,hfvrp_n100_m20_s01,100,20,0.250000,200,5573.254733,15783.853898,9519.218207,0.000000,,,0,1,,,,,1.748689,
tabu,hfvrp_n075_m15_s04,75,15,0.250000,19345,4349.464063,8079.114162,6369.242603,0.000000,,,0,1,,,,,0.906402,
tabu,hfvrp_n100_m20_s03,100,20,0.250000,1787946520810017798,5832.203072,12651.931790,8995.186020,0.000000,,,0,1,,,,,2.487451,
tabu,hfvrp_n075_m15_s03,75,15,0.250000,1787946553995678854,4274.215100,8602.602741,6424.865786,0.000000,,,0,1,,,,,0.808873,
tabu,hfvrp_n075_m15_s05,75,15,0.250000,19345,3740.746020,7402.845980,5591.457514,0.000000,,,0,1,,,,,1.029318,
tabu,hfvrp_n100_m20_s02,100,20,0.250000,50,5361.034585,13632.694304,8769.208161,0.000000,,,0,1,,,,,2.352578,
tabu,hfvrp_n075_m15_s04,75,15,0.250000,1787946378538602621,4349.464063,8079.114162,6369.242603,0.000000,,,0,1,,,,,0.904747,
tabu,hfvrp_n100_m20_s01,100,20,0.250000,999,5573.254733,15783.853898,9519.218207,0.000000,,,0,1,,,,,1.767115,
tabu,hfvrp_n100_m20_s04,100,20,0.250000,1787946444407709127,5667.133433,15029.949355,9424.620772,0.000000,,,0,1,,,,,1.874029,
tabu,hfvrp_n075_m15_s05,75,15,0.250000,1787946281989260402,3740.746020,7402.845980,5591.457514,0.000000,,,0,1,,,,,1.036559,
tabu,hfvrp_n100_m20_s03,100,20,0.250000,1,5832.203072,12651.931790,8995.186020,0.000000,,,0,1,,,,,2.494916,
tabu,hfvrp_n100_m20_s05,100,20,0.250000,1787946333430722599,5823.361424,10112.561974,8351.501917,0.000000,,,0,1,,,,,3.465082,
tabu,hfvrp_n100_m20_s02,100,20,0.250000,75,5361.034585,13632.694304,8769.208161,0.000000,,,0,1,,,,,2.365143,
tabu,hfvrp_n100_m20_s01,100,20,0.250000,1234,5573.254733,15783.853898,9519.218207,0.000000,,,0,1,,,,,1.749796,
tabu,hfvrp_n100_m20_s04,100,20,0.250000,1,5667.133433,15029.949355,9424.620772,0.000000,,,0,1,,,,,1.876160,
tabu,hfvrp_n150_m30_s01,150,30,0.250000,1787946185582510672,10300.284032,16508.894583,14427.507677,0.000000,,,0,1,,,,,8.504496,
tabu,hfvrp_n100_m20_s03,100,20,0.250000,10,5832.203072,12651.931790,8995.186020,0.000000,,,0,1,,,,,2.518194,
tabu,hfvrp_n100_m20_s02,100,20,0.250000,100,5361.034585,13632.694304,8769.208161,0.000000,,,0,1,,,,,2.359952,
tabu,hfvrp_n100_m20_s05,100,20,0.250000,1,5823.361424,10112.561974,8351.501917,0.000000,,,0,1,,,,,3.466094,
tabu,hfvrp_n100_m20_s01,100,20,0.250000,9999,5573.254733,15783.853898,9519.218207,0.000000,,,0,1,,,,,1.761062,
tabu,hfvrp_n100_m20_s04,100,20,0.250000,10,5667.133433,15029.949355,9424.620772,0.000000,,,0,1,,,,,1.896858,
tabu,hfvrp_n100_m20_s03,100,20,0.250000,50,5832.203072,12651.931790,8995.186020,0.000000,,,0,1,,,,,2.481712,
tabu,hfvrp_n100_m20_s02,100,20,0.250000,200,5361.034585,13632.694304,8769.208161,0.000000,,,0,1,,,,,2.360314,
tabu,hfvrp_n100_m20_s05,100,20,0.250000,10,5823.361424,10112.561974,8351.501917,0.000000,,,0,1,,,,,3.475224,
tabu,hfvrp_n100_m20_s01,100,20,0.250000,19345,5573.254733,15783.853898,9519.218207,0.000000,,,0,1,,,,,1.756172,
tabu,hfvrp_n100_m20_s04,100,20,0.250000,50,5667.133433,15029.949355,9424.620772,0.000000,,,0,1,,,,,1.895404,
tabu,hfvrp_n150_m30_s01,150,30,0.250000,1,10300.284032,16508.894583,14427.507677,0.000000,,,0,1,,,,,8.503167,
tabu,hfvrp_n100_m20_s03,100,20,0.250000,75,5832.203072,12651.931790,8995.186020,0.000000,,,0,1,,,,,2.479540,
tabu,hfvrp_n100_m20_s02,100,20,0.250000,999,5361.034585,13632.694304,8769.208161,0.000000,,,0,1,,,,,2.390428,
tabu,hfvrp_n100_m20_s05,100,20,0.250000,50,5823.361424,10112.561974,8351.501917,0.000000,,,0,1,,,,,3.475436,
tabu,hfvrp_n100_m20_s01,100,20,0.250000,1787945515859707116,5573.254733,15783.853898,9519.218207,0.000000,,,0,1,,,,,1.752538,
tabu,hfvrp_n100_m20_s04,100,20,0.250000,75,5667.133433,15029.949355,9424.620772,0.000000,,,0,1,,,,,1.872195,
tabu,hfvrp_n100_m20_s03,100,20,0.250000,100,5832.203072,12651.931790,8995.186020,0.000000,,,0,1,,,,,2.479689,
tabu,hfvrp_n100_m20_s02,100,20,0.250000,1234,5361.034585,13632.694304,8769.208161,0.000000,,,0,1,,,,,2.358574,
tabu,hfvrp_n100_m20_s05,100,20,0.250000,75,5823.361424,10112.561974,8351.501917,0.000000,,,0,1,,,,,3.494773,
tabu,hfvrp_n100_m20_s04,100,20,0.250000,100,5667.133433,15029.949355,9424.620772,0.000000,,,0,1,,,,,1.876473,
tabu,hfvrp_n150_m30_s01,150,30,0.250000,10,10300.284032,16508.894583,14427.507677,0.000000,,,0,1,,,,,8.504066,
tabu,hfvrp_n150_m30_s02,150,30,0.250000,1787944595941396921,9672.494092,14931.591242,13405.391902,0.000000,,,0,1,,,,,17.956602,
tabu,hfvrp_n100_m20_s03,100,20,0.250000,200,5832.203072,12651.931790,8995.186020,0.000000,,,0,1,,,,,2.496530,
tabu,hfvrp_n100_m20_s02,100,20,0.250000,9999,5361.034585,13632.694304,8769.208161,0.000000,,,0,1,,,,,2.356132,
tabu,hfvrp_n100_m20_s05,100,20,0.250000,100,5823.361424,10112.561974,8351.501917,0.000000,,,0,1,,,,,3.466487,
tabu,hfvrp_n100_m20_s04,100,20,0.250000,200,5667.133433,15029.949355,9424.620772,0.000000,,,0,1,,,,,1.878784,
tabu,hfvrp_n100_m20_s03,100,20,0.250000,999,5832.203072,12651.931790,8995.186020,0.000000,,,0,1,,,,,2.483774,
tabu,hfvrp_n100_m20_s02,100,20,0.250000,19345,5361.034585,13632.694304,8769.208161,0.000000,,,0,1,,,,,2.396075,
tabu,hfvrp_n100_m20_s05,100,20,0.250000,200,5823.361424,10112.561974,8351.501917,0.000000,,,0,1,,,,,3.476094,
tabu,hfvrp_n100_m20_s04,100,20,0.250000,999,5667.133433,15029.949355,9424.620772,0.000000,,,0,1,,,,,1.880958,
tabu,hfvrp_n150_m30_s01,150,30,0.250000,50,10300.284032,16508.894583,14427.507677,0.000000,,,0,1,,,,,8.538999,
tabu,hfvrp_n100_m20_s03,100,20,0.250000,1234,5832.203072,12651.931790,8995.186020,0.000000,,,0,1,,,,,2.480739,
tabu,hfvrp_n150_m30_s02,150,30,0.250000,1,9672.494092,14931.591242,13405.391902,0.000000,,,0,1,,,,,17.905367,
tabu,hfvrp_n100_m20_s02,100,20,0.250000,1787930955519652568,5361.034585,13632.694304,8769.208161,0.000000,,,0,1,,,,,2.367878,
tabu,hfvrp_n100_m20_s05,100,20,0.250000,999,5823.361424,10112.561974,8351.501917,0.000000,,,0,1,,,,,3.504142,
tabu,hfvrp_n100_m20_s04,100,20,0.250000,1234,5667.133433,15029.949355,9424.620772,0.000000,,,0,1,,,,,1.877742,
tabu,hfvrp_n100_m20_s03,100,20,0.250000,9999,5832.203072,12651.931790,8995.186020,0.000000,,,0,1,,,,,2.488446,
tabu,hfvrp_n150_m30_s03,150,30,0.250000,1787931139886476237,9973.568135,21640.426498,15383.674759,0.000000,,,0,1,,,,,7.320090,
tabu,hfvrp_n100_m20_s05,100,20,0.250000,1234,5823.361424,10112.561974,8351.501917,0.000000,,,0,1,,,,,3.486665,
tabu,hfvrp_n100_m20_s04,100,20,0.250000,9999,5667.133433,15029.949355,9424.620772,0.000000,,,0,1,,,,,1.873592,
tabu,hfvrp_n150_m30_s01,150,30,0.250000,75,10300.284032,16508.894583,14427.507677,0.000000,,,0,1,,,,,8.493408,
tabu,hfvrp_n100_m20_s03,100,20,0.250000,19345,5832.203072,12651.931790,8995.186020,0.000000,,,0,1,,,,,2.479830,
tabu,hfvrp_n150_m30_s02,150,30,0.250000,10,9672.494092,14931.591242,13405.391902,0.000000,,,0,1,,,,,18.044873,
tabu,hfvrp_n100_m20_s05,100,20,0.250000,9999,5823.361424,10112.561974,8351.501917,0.000000,,,0,1,,,,,3.473401,
tabu,hfvrp_n100_m20_s04,100,20,0.250000,19345,5667.133433,15029.949355,9424.620772,0.000000,,,0,1,,,,,1.886370,
tabu,hfvrp_n100_m20_s03,100,20,0.250000,1787930368527513903,5832.203072,12651.931790,8995.186020,0.000000,,,0,1,,,,,2.484886,
tabu,hfvrp_n150_m30_s03,150,30,0.250000,1,9973.568135,21640.426498,15383.674759,0.000000,,,0,1,,,,,7.271371,
tabu,hfvrp_n100_m20_s04,100,20,0.250000,1787930277965007074,5667.133433,15029.949355,9424.620772,0.000000,,,0,1,,,,,1.871414,
tabu,hfvrp_n100_m20_s05,100,20,0.250000,19345,5823.361424,10112.561974,8351.501917,0.000000,,,0,1,,,,,3.478997,
tabu,hfvrp_n150_m30_s01,150,30,0.250000,100,10300.284032,16508.894583,14427.507677,0.000000,,,0,1,,,,,8.502524,
tabu,hfvrp_n150_m30_s04,150,30,0.250000,1787930690199370811,10843.657975,17269.421828,15161.013432,0.000000,,,0,1,,,,,8.562609,
tabu,hfvrp_n150_m30_s02,150,30,0.250000,50,9672.494092,14931.591242,13405.391902,0.000000,,,0,1,,,,,17.883203,
tabu,hfvrp_n100_m20_s05,100,20,0.250000,1787930234959218074,5823.361424,10112.561974,8351.501917,0.000000,,,0,1,,,,,3.469305,
tabu,hfvrp_n150_m30_s05,150,30,0.250000,1787930251422064370,9517.660728,16351.056592,13605.424876,0.000000,,,0,1,,,,,8.981846,
tabu,hfvrp_n150_m30_s03,150,30,0.250000,10,9973.568135,21640.426498,15383.674759,0.000000,,,0,1,,,,,7.236746,
tabu,hfvrp_n150_m30_s01,150,30,0.250000,200,10300.284032,16508.894583,14427.507677,0.000000,,,0,1,,,,,8.567278,
tabu,hfvrp_n150_m30_s04,150,30,0.250000,1,10843.657975,17269.421828,15161.013432,0.000000,,,0,1,,,,,8.560209,
tabu,hfvrp_n200_m40_s01,200,40,0.250000,1787930368658426787,15050.666391,25578.664041,21445.332402,0.000000,,,0,1,,,,,31.070849,
tabu,hfvrp_n150_m30_s05,150,30,0.250000,1,9517.660728,16351.056592,13605.424876,0.000000,,,0,1,,,,,8.979567,
tabu,hfvrp_n150_m30_s02,150,30,0.250000,75,9672.494092,14931.591242,13405.391902,0.000000,,,0,1,,,,,18.051962,
tabu,hfvrp_n150_m30_s03,150,30,0.250000,50,9973.568135,21640.426498,15383.674759,0.000000,,,0,1,,,,,7.246445,
tabu,hfvrp_n150_m30_s01,150,30,0.250000,999,10300.284032,16508.894583,14427.507677,0.000000,,,0,1,,,,,8.549020,
tabu,hfvrp_n150_m30_s04,150,30,0.250000,10,10843.657975,17269.421828,15161.013432,0.000000,,,0,1,,,,,8.571995,
tabu,hfvrp_n150_m30_s05,150,30,0.250000,10,9517.660728,16351.056592,13605.424876,0.000000,,,0,1,,,,,9.019367,
tabu,hfvrp_n150_m30_s02,150,30,0.250000,100,9672.494092,14931.591242,13405.391902,0.000000,,,0,1,,,,,17.952386,
tabu,hfvrp_n150_m30_s03,150,30,0.250000,75,9973.568135,21640.426498,15383.674759,0.000000,,,0,1,,,,,7.264821,
tabu,hfvrp_n150_m30_s01,150,30,0.250000,1234,10300.284032,16508.894583,14427.507677,0.000000,,,0,1,,,,,8.478458,
tabu,hfvrp_n150_m30_s04,150,30,0.250000,50,10843.657975,17269.421828,15161.013432,0.000000,,,0,1,,,,,8.626076,
tabu,hfvrp_n200_m40_s01,200,40,0.250000,1,15050.666391,25578.664041,21445.332402,0.000000,,,0,1,,,,,30.937319,
tabu,hfvrp_n150_m30_s05,150,30,0.250000,50,9517.660728,16351.056592,13605.424876,0.000000,,,0,1,,,,,8.943911,
tabu,hfvrp_n150_m30_s03,150,30,0.250000,100,9973.568135,21640.426498,15383.674759,0.000000,,,0,1,,,,,7.221065,
tabu,hfvrp_n150_m30_s02,150,30,0.250000,200,9672.494092,14931.591242,13405.391902,0.000000,,,0,1,,,,,17.924735,
tabu,hfvrp_n150_m30_s01,150,30,0.250000,9999,10300.284032,16508.894583,14427.507677,0.000000,,,0,1,,,,,8.569667,
tabu,hfvrp_n150_m30_s04,150,30,0.250000,75,10843.657975,17269.421828,15161.013432,0.000000,,,0,1,,,,,8.570290,
tabu,hfvrp_n150_m30_s05,150,30,0.250000,75,9517.660728,16351.056592,13605.424876,0.000000,,,0,1,,,,,9.033572,
tabu,hfvrp_n150_m30_s03,150,30,0.250000,200,9973.568135,21640.426498,15383.674759,0.000000,,,0,1,,,,,7.242598,
tabu,hfvrp_n150_m30_s01,150,30,0.250000,19345,10300.284032,16508.894583,14427.507677,0.000000,,,0,1,,,,,8.592410,
tabu,hfvrp_n150_m30_s02,150,30,0.250000,999,9672.494092,14931.591242,13405.391902,0.000000,,,0,1,,,,,17.913808,
tabu,hfvrp_n150_m30_s04,150,30,0.250000,100,10843.657975,17269.421828,15161.013432,0.000000,,,0,1,,,,,8.627828,
tabu,hfvrp_n150_m30_s05,150,30,0.250000,100,9517.660728,16351.056592,13605.424876,0.000000,,,0,1,,,,,9.028663,
tabu,hfvrp_n200_m40_s01,200,40,0.250000,10,15050.666391,25578.664041,21445.332402,0.000000,,,0,1,,,,,31.009468,
tabu,hfvrp_n150_m30_s03,150,30,0.250000,999,9973.568135,21640.426498,15383.674759,0.000000,,,0,1,,,,,7.264399,
tabu,hfvrp_n150_m30_s01,150,30,0.250000,1787933243386198567,10300.284032,16508.894583,14427.507677,0.000000,,,0,1,,,,,8.510237,
tabu,hfvrp_n150_m30_s02,150,30,0.250000,1234,9672.494092,14931.591242,13405.391902,0.000000,,,0,1,,,,,18.007807,
tabu,hfvrp_n150_m30_s04,150,30,0.250000,200,10843.657975,17269.421828,15161.013432,0.000000,,,0,1,,,,,8.591035,
tabu,hfvrp_n150_m30_s05,150,30,0.250000,200,9517.660728,16351.056592,13605.424876,0.000000,,,0,1,,,,,8.946909,
tabu,hfvrp_n150_m30_s03,150,30,0.250000,1234,9973.568135,21640.426498,15383.674759,0.000000,,,0,1,,,,,7.281680,
tabu,hfvrp_n150_m30_s02,150,30,0.250000,9999,9672.494092,14931.591242,13405.391902,0.000000,,,0,1,,,,,17.854807,
tabu,hfvrp_n150_m30_s04,150,30,0.250000,999,10843.657975,17269.421828,15161.013432,0.000000,,,0,1,,,,,8.559799,
tabu,hfvrp_n200_m40_s02,200,40,0.250000,1787929248225899048,16542.774601,19032.773962,21300.968092,0.000000,,,0,1,,,,,36.560846,
tabu,hfvrp_n150_m30_s05,150,30,0.250000,999,9517.660728,16351.056592,13605.424876,0.000000,,,0,1,,,,,8.947770,
tabu,hfvrp_n150_m30_s03,150,30,0.250000,9999,9973.568135,21640.426498,15383.674759,0.000000,,,0,1,,,,,7.266869,
tabu,hfvrp_n200_m40_s01,200,40,0.250000,50,15050.666391,25578.664041,21445.332402,0.000000,,,0,1,,,,,30.948767,
tabu,hfvrp_n150_m30_s04,150,30,0.250000,1234,10843.657975,17269.421828,15161.013432,0.000000,,,0,1,,,,,8.573629,
tabu,hfvrp_n150_m30_s02,150,30,0.250000,19345,9672.494092,14931.591242,13405.391902,0.000000,,,0,1,,,,,17.903112,
tabu,hfvrp_n150_m30_s05,150,30,0.250000,1234,9517.660728,16351.056592,13605.424876,0.000000,,,0,1,,,,,8.933227,
tabu,hfvrp_n150_m30_s03,150,30,0.250000,19345,9973.568135,21640.426498,15383.674759,0.000000,,,0,1,,,,,7.235028,
tabu,hfvrp_n150_m30_s04,150,30,0.250000,9999,10843.657975,17269.421828,15161.013432,0.000000,,,0,1,,,,,8.610308,
tabu,hfvrp_n150_m30_s05,150,30,0.250000,9999,9517.660728,16351.056592,13605.424876,0.000000,,,0,1,,,,,8.956072,
tabu,hfvrp_n200_m40_s02,200,40,0.250000,1,16542.774601,19032.773962,21300.968092,0.000000,,,0,1,,,,,36.500709,
tabu,hfvrp_n150_m30_s03,150,30,0.250000,1787929317316734648,9973.568135,21640.426498,15383.674759,0.000000,,,0,1,,,,,7.257617,
tabu,hfvrp_n150_m30_s02,150,30,0.250000,1787929296576400351,9672.494092,14931.591242,13405.391902,0.000000,,,0,1,,,,,17.933415,
tabu,hfvrp_n200_m40_s01,200,40,0.250000,75,15050.666391,25578.664041,21445.332402,0.000000,,,0,1,,,,,31.152488,
tabu,hfvrp_n150_m30_s04,150,30,0.250000,19345,10843.657975,17269.421828,15161.013432,0.000000,,,0,1,,,,,8.593830,
tabu,hfvrp_n150_m30_s05,150,30,0.250000,19345,9517.660728,16351.056592,13605.424876,0.000000,,,0,1,,,,,8.910978,
tabu,hfvrp_n200_m40_s03,200,40,0.250000,1787930142538513510,14983.052154,31720.321961,22913.132644,0.000000,,,0,1,,,,,30.271142,
tabu,hfvrp_n200_m40_s04,200,40,0.250000,1787929939993002863,16953.325583,24674.470162,23121.943123,0.000000,,,0,1,,,,,29.092113,
tabu,hfvrp_n150_m30_s04,150,30,0.250000,1787929959886951504,10843.657975,17269.421828,15161.013432,0.000000,,,0,1,,,,,8.582419,
tabu,hfvrp_n150_m30_s05,150,30,0.250000,1787929802920197119,9517.660728,16351.056592,13605.424876,0.000000,,,0,1,,,,,9.024055,
tabu,hfvrp_n200_m40_s02,200,40,0.250000,10,16542.774601,19032.773962,21300.968092,0.000000,,,0,1,,,,,36.618655,
tabu,hfvrp_n200_m40_s01,200,40,0.250000,100,15050.666391,25578.664041,21445.332402,0.000000,,,0,1,,,,,31.118906,
tabu,augerat_A_n32_k5,31,8,0.250000,1787929663342893374,8247.632223,1753.866404,8686.098824,0.000000,,,0,1,,,,,0.076317,
tabu,augerat_A_n32_k5,31,8,0.250000,1,8247.632223,1753.866404,8686.098824,0.000000,,,0,1,,,,,0.077089,
tabu,augerat_A_n32_k5,31,8,0.250000,10,8247.632223,1753.866404,8686.098824,0.000000,,,0,1,,,,,0.072547,
tabu,augerat_A_n32_k5,31,8,0.250000,50,8247.632223,1753.866404,8686.098824,0.000000,,,0,1,,,,,0.072787,
tabu,augerat_A_n32_k5,31,8,0.250000,75,8247.632223,1753.866404,8686.098824,0.000000,,,0,1,,,,,0.072799,
tabu,hfvrp_n200_m40_s05,200,40,0.250000,1787929717990344236,16077.047030,24080.341373,22097.132373,0.000000,,,0,1,,,,,37.962230,
tabu,hfvrp_n200_m40_s03,200,40,0.250000,1,14983.052154,31720.321961,22913.132644,0.000000,,,0,1,,,,,29.931717,
tabu,hfvrp_n200_m40_s04,200,40,0.250000,1,16953.325583,24674.470162,23121.943123,0.000000,,,0,1,,,,,29.096493,
tabu,augerat_A_n32_k5,31,8,0.250000,100,8247.632223,1753.866404,8686.098824,0.000000,,,0,1,,,,,0.075305,
tabu,augerat_A_n32_k5,31,8,0.250000,200,8247.632223,1753.866404,8686.098824,0.000000,,,0,1,,,,,0.076342,
tabu,augerat_A_n32_k5,31,8,0.250000,999,8247.632223,1753.866404,8686.098824,0.000000,,,0,1,,,,,0.072794,
tabu,augerat_A_n32_k5,31,8,0.250000,1234,8247.632223,1753.866404,8686.098824,0.000000,,,0,1,,,,,0.073618,
tabu,augerat_A_n32_k5,31,8,0.250000,9999,8247.632223,1753.866404,8686.098824,0.000000,,,0,1,,,,,0.075992,
tabu,augerat_A_n32_k5,31,8,0.250000,19345,8247.632223,1753.866404,8686.098824,0.000000,,,0,1,,,,,0.077733,
tabu,augerat_A_n32_k5,31,8,0.250000,1787931239915325189,8247.632223,1753.866404,8686.098824,0.000000,,,0,1,,,,,0.078612,
tabu,hfvrp_n200_m40_s02,200,40,0.250000,50,16542.774601,19032.773962,21300.968092,0.000000,,,0,1,,,,,36.977657,
tabu,augerat_A_n37_k5,36,8,0.250000,1787931162710456683,8019.743638,935.232957,8253.551877,0.000000,,,0,1,,,,,0.145064,
tabu,hfvrp_n200_m40_s01,200,40,0.250000,200,15050.666391,25578.664041,21445.332402,0.000000,,,0,1,,,,,30.988287,
tabu,augerat_A_n37_k5,36,8,0.250000,1,8019.743638,935.232957,8253.551877,0.000000,,,0,1,,,,,0.144238,
tabu,augerat_A_n37_k5,36,8,0.250000,10,8019.743638,935.232957,8253.551877,0.000000,,,0,1,,,,,0.144829,
tabu,augerat_A_n37_k5,36,8,0.250000,50,8019.743638,935.232957,8253.551877,0.000000,,,0,1,,,,,0.141345,
tabu,augerat_A_n37_k5,36,8,0.250000,75,8019.743638,935.232957,8253.551877,0.000000,,,0,1,,,,,0.144008,
tabu,augerat_A_n37_k5,36,8,0.250000,100,8019.743638,935.232957,8253.551877,0.000000,,,0,1,,,,,0.145428,
tabu,augerat_A_n37_k5,36,8,0.250000,200,8019.743638,935.232957,8253.551877,0.000000,,,0,1,,,,,0.146055,
tabu,augerat_A_n37_k5,36,8,0.250000,999,8019.743638,935.232957,8253.551877,0.000000,,,0,1,,,,,0.146564,
tabu,hfvrp_n200_m40_s03,200,40,0.250000,10,14983.052154,31720.321961,22913.132644,0.000000,,,0,1,,,,,30.152623,
tabu,hfvrp_n200_m40_s04,200,40,0.250000,10,16953.325583,24674.470162,23121.943123,0.000000,,,0,1,,,,,29.144409,
tabu,hfvrp_n200_m40_s05,200,40,0.250000,1,16077.047030,24080.341373,22097.132373,0.000000,,,0,1,,,,,37.973799,
tabu,augerat_A_n37_k5,36,8,0.250000,1234,8019.743638,935.232957,8253.551877,0.000000,,,0,1,,,,,0.144586,
tabu,augerat_A_n37_k5,36,8,0.250000,9999,8019.743638,935.232957,8253.551877,0.000000,,,0,1,,,,,0.144946,
tabu,augerat_A_n37_k5,36,8,0.250000,19345,8019.743638,935.232957,8253.551877,0.000000,,,0,1,,,,,0.145455,
tabu,augerat_A_n37_k5,36,8,0.250000,1787930463445522714,8019.743638,935.232957,8253.551877,0.000000,,,0,1,,,,,0.146336,
tabu,augerat_A_n45_k6,44,8,0.250000,1787936447851169291,11279.679187,975.825436,11523.635547,0.000000,,,0,1,,,,,0.205352,
tabu,augerat_A_n45_k6,44,8,0.250000,1,11279.679187,975.825436,11523.635547,0.000000,,,0,1,,,,,0.205759,
tabu,hfvrp_n200_m40_s01,200,40,0.250000,999,15050.666391,25578.664041,21445.332402,0.000000,,,0,1,,,,,31.097851,
tabu,hfvrp_n200_m40_s02,200,40,0.250000,75,16542.774601,19032.773962,21300.968092,0.000000,,,0,1,,,,,36.749708,
tabu,augerat_A_n45_k6,44,8,0.250000,10,11279.679187,975.825436,11523.635547,0.000000,,,0,1,,,,,0.208000,
tabu,augerat_A_n45_k6,44,8,0.250000,50,11279.679187,975.825436,11523.635547,0.000000,,,0,1,,,,,0.207270,
tabu,augerat_A_n45_k6,44,8,0.250000,75,11279.679187,975.825436,11523.635547,0.000000,,,0,1,,,,,0.202403,
tabu,augerat_A_n45_k6,44,8,0.250000,100,11279.679187,975.825436,11523.635547,0.000000,,,0,1,,,,,0.201852,
tabu,augerat_A_n45_k6,44,8,0.250000,200,11279.679187,975.825436,11523.635547,0.000000,,,0,1,,,,,0.206930,
tabu,hfvrp_n200_m40_s03,200,40,0.250000,50,14983.052154,31720.321961,22913.132644,0.000000,,,0,1,,,,,29.956734,
tabu,hfvrp_n200_m40_s04,200,40,0.250000,50,16953.325583,24674.470162,23121.943123,0.000000,,,0,1,,,,,29.020492,
tabu,augerat_A_n45_k6,44,8,0.250000,999,11279.679187,975.825436,11523.635547,0.000000,,,0,1,,,,,0.206057,
tabu,augerat_A_n45_k6,44,8,0.250000,1234,11279.679187,975.825436,11523.635547,0.000000,,,0,1,,,,,0.205569,
tabu,hfvrp_n200_m40_s05,200,40,0.250000,10,16077.047030,24080.341373,22097.132373,0.000000,,,0,1,,,,,37.945430,
tabu,augerat_A_n45_k6,44,8,0.250000,9999,11279.679187,975.825436,11523.635547,0.000000,,,0,1,,,,,0.206126,
tabu,augerat_A_n45_k6,44,8,0.250000,19345,11279.679187,975.825436,11523.635547,0.000000,,,0,1,,,,,0.204943,
tabu,augerat_A_n45_k6,44,8,0.250000,1787936028863963022,11279.679187,975.825436,11523.635547,0.000000,,,0,1,,,,,0.204845,
tabu,augerat_A_n54_k7,53,8,0.250000,1787935968541386614,12359.021336,2693.417509,13032.375713,0.000000,,,0,1,,,,,0.320136,
tabu,hfvrp_n200_m40_s01,200,40,0.250000,1234,15050.666391,25578.664041,21445.332402,0.000000,,,0,1,,,,,31.143991,
tabu,hfvrp_n200_m40_s02,200,40,0.250000,100,16542.774601,19032.773962,21300.968092,0.000000,,,0,1,,,,,36.519898,
tabu,augerat_A_n54_k7,53,8,0.250000,1,12359.021336,2693.417509,13032.375713,0.000000,,,0,1,,,,,0.318423,
tabu,augerat_A_n54_k7,53,8,0.250000,10,12359.021336,2693.417509,13032.375713,0.000000,,,0,1,,,,,0.320111,
tabu,augerat_A_n54_k7,53,8,0.250000,50,12359.021336,2693.417509,13032.375713,0.000000,,,0,1,,,,,0.322068,
tabu,augerat_A_n54_k7,53,8,0.250000,75,12359.021336,2693.417509,13032.375713,0.000000,,,0,1,,,,,0.315544,
tabu,hfvrp_n200_m40_s03,200,40,0.250000,75,14983.052154,31720.321961,22913.132644,0.000000,,,0,1,,,,,30.065336,
tabu,hfvrp_n200_m40_s04,200,40,0.250000,75,16953.325583,24674.470162,23121.943123,0.000000,,,0,1,,,,,29.191153,
tabu,augerat_A_n54_k7,53,8,0.250000,100,12359.021336,2693.417509,13032.375713,0.000000,,,0,1,,,,,0.320361,
tabu,hfvrp_n200_m40_s05,200,40,0.250000,50,16077.047030,24080.341373,22097.132373,0.000000,,,0,1,,,,,38.131835,
tabu,augerat_A_n54_k7,53,8,0.250000,200,12359.021336,2693.417509,13032.375713,0.000000,,,0,1,,,,,0.321079,
tabu,augerat_A_n54_k7,53,8,0.250000,999,12359.021336,2693.417509,13032.375713,0.000000,,,0,1,,,,,0.320703,
tabu,augerat_A_n54_k7,53,8,0.250000,1234,12359.021336,2693.417509,13032.375713,0.000000,,,0,1,,,,,0.320332,
tabu,augerat_A_n54_k7,53,8,0.250000,9999,12359.021336,2693.417509,13032.375713,0.000000,,,0,1,,,,,0.319265,
tabu,hfvrp_n200_m40_s01,200,40,0.250000,9999,15050.666391,25578.664041,21445.332402,0.000000,,,0,1,,,,,31.007187,
tabu,hfvrp_n200_m40_s02,200,40,0.250000,200,16542.774601,19032.773962,21300.968092,0.000000,,,0,1,,,,,36.684166,
tabu,augerat_A_n54_k7,53,8,0.250000,19345,12359.021336,2693.417509,13032.375713,0.000000,,,0,1,,,,,0.319269,
tabu,augerat_A_n54_k7,53,8,0.250000,1787937681596653225,12359.021336,2693.417509,13032.375713,0.000000,,,0,1,,,,,0.320772,
tabu,augerat_A_n60_k9,59,10,0.250000,1787935936371568457,14997.683105,2625.783162,15654.128896,0.000000,,,0,1,,,,,0.457420,
tabu,augerat_A_n60_k9,59,10,0.250000,1,14997.683105,2625.783162,15654.128896,0.000000,,,0,1,,,,,0.457911,
tabu,hfvrp_n200_m40_s04,200,40,0.250000,100,16953.325583,24674.470162,23121.943123,0.000000,,,0,1,,,,,29.231079,
tabu,hfvrp_n200_m40_s03,200,40,0.250000,100,14983.052154,31720.321961,22913.132644,0.000000,,,0,1,,,,,30.017793,
tabu,augerat_A_n60_k9,59,10,0.250000,10,14997.683105,2625.783162,15654.128896,0.000000,,,0,1,,,,,0.463833,
tabu,hfvrp_n200_m40_s05,200,40,0.250000,75,16077.047030,24080.341373,22097.132373,0.000000,,,0,1,,,,,38.020450,
tabu,augerat_A_n60_k9,59,10,0.250000,50,14997.683105,2625.783162,15654.128896,0.000000,,,0,1,,,,,0.460531,
tabu,augerat_A_n60_k9,59,10,0.250000,75,14997.683105,2625.783162,15654.128896,0.000000,,,0,1,,,,,0.459468,
tabu,augerat_A_n60_k9,59,10,0.250000,100,14997.683105,2625.783162,15654.128896,0.000000,,,0,1,,,,,0.462633,
tabu,hfvrp_n200_m40_s01,200,40,0.250000,19345,15050.666391,25578.664041,21445.332402,0.000000,,,0,1,,,,,30.964157,
tabu,augerat_A_n60_k9,59,10,0.250000,200,14997.683105,2625.783162,15654.128896,0.000000,,,0,1,,,,,0.459900,
tabu,hfvrp_n200_m40_s02,200,40,0.250000,999,16542.774601,19032.773962,21300.968092,0.000000,,,0,1,,,,,36.569601,
tabu,augerat_A_n60_k9,59,10,0.250000,999,14997.683105,2625.783162,15654.128896,0.000000,,,0,1,,,,,0.455132,
tabu,augerat_A_n60_k9,59,10,0.250000,1234,14997.683105,2625.783162,15654.128896,0.000000,,,0,1,,,,,0.458750,
tabu,hfvrp_n200_m40_s03,200,40,0.250000,200,14983.052154,31720.321961,22913.132644,0.000000,,,0,1,,,,,29.931129,
tabu,hfvrp_n200_m40_s04,200,40,0.250000,200,16953.325583,24674.470162,23121.943123,0.000000,,,0,1,,,,,29.224338,
tabu,augerat_A_n60_k9,59,10,0.250000,9999,14997.683105,2625.783162,15654.128896,0.000000,,,0,1,,,,,0.460413,
tabu,augerat_A_n60_k9,59,10,0.250000,19345,14997.683105,2625.783162,15654.128896,0.000000,,,0,1,,,,,0.460101,
tabu,hfvrp_n200_m40_s05,200,40,0.250000,100,16077.047030,24080.341373,22097.132373,0.000000,,,0,1,,,,,38.024371,
tabu,augerat_A_n60_k9,59,10,0.250000,1787936627622425657,14997.683105,2625.783162,15654.128896,0.000000,,,0,1,,,,,0.458241,
tabu,augerat_A_n80_k10,79,11,0.250000,1787936598293730621,17088.238832,4696.332871,18262.322050,0.000000,,,0,1,,,,,0.957594,
tabu,hfvrp_n200_m40_s01,200,40,0.250000,1787936660194989922,15050.666391,25578.664041,21445.332402,0.000000,,,0,1,,,,,30.974836,
tabu,augerat_A_n80_k10,79,11,0.250000,1,17088.238832,4696.332871,18262.322050,0.000000,,,0,1,,,,,0.950540,
tabu,hfvrp_n200_m40_s02,200,40,0.250000,1234,16542.774601,19032.773962,21300.968092,0.000000,,,0,1,,,,,36.543206,
tabu,augerat_A_n80_k10,79,11,0.250000,10,17088.238832,4696.332871,18262.322050,0.000000,,,0,1,,,,,0.946616,
tabu,hfvrp_n200_m40_s03,200,40,0.250000,999,14983.052154,31720.321961,22913.132644,0.000000,,,0,1,,,,,29.943793,
tabu,augerat_A_n80_k10,79,11,0.250000,50,17088.238832,4696.332871,18262.322050,0.000000,,,0,1,,,,,0.946933,
tabu,hfvrp_n200_m40_s04,200,40,0.250000,999,16953.325583,24674.470162,23121.943123,0.000000,,,0,1,,,,,29.199434,
tabu,augerat_A_n80_k10,79,11,0.250000,75,17088.238832,4696.332871,18262.322050,0.000000,,,0,1,,,,,0.948769,
tabu,hfvrp_n200_m40_s05,200,40,0.250000,200,16077.047030,24080.341373,22097.132373,0.000000,,,0,1,,,,,37.962676,
tabu,augerat_A_n80_k10,79,11,0.250000,100,17088.238832,4696.332871,18262.322050,0.000000,,,0,1,,,,,0.950313,
tabu,pyvrp_X101_FSMFD,100,26,0.250000,1787935015428606797,3667525.034676,33109.902689,3675802.510348,0.000000,,,0,1,,,,,3.495878,
tabu,augerat_A_n80_k10,79,11,0.250000,200,17088.238832,4696.332871,18262.322050,0.000000,,,0,1,,,,,0.952529,
tabu,pyvrp_X101_FSMFD,100,26,0.250000,1,3667525.034676,33109.902689,3675802.510348,0.000000,,,0,1,,,,,3.510762,
tabu,augerat_A_n80_k10,79,11,0.250000,999,17088.238832,4696.332871,18262.322050,0.000000,,,0,1,,,,,0.948854,
tabu,hfvrp_n200_m40_s02,200,40,0.250000,9999,16542.774601,19032.773962,21300.968092,0.000000,,,0,1,,,,,36.688329,
tabu,augerat_A_n80_k10,79,11,0.250000,1234,17088.238832,4696.332871,18262.322050,0.000000,,,0,1,,,,,0.951951,
tabu,pyvrp_X101_FSMFD,100,26,0.250000,10,3667525.034676,33109.902689,3675802.510348,0.000000,,,0,1,,,,,3.506114,
tabu,hfvrp_n200_m40_s03,200,40,0.250000,1234,14983.052154,31720.321961,22913.132644,0.000000,,,0,1,,,,,29.878331,
tabu,hfvrp_n200_m40_s04,200,40,0.250000,1234,16953.325583,24674.470162,23121.943123,0.000000,,,0,1,,,,,29.360279,
tabu,augerat_A_n80_k10,79,11,0.250000,9999,17088.238832,4696.332871,18262.322050,0.000000,,,0,1,,,,,0.951526,
tabu,pyvrp_X101_FSMFD,100,26,0.250000,50,3667525.034676,33109.902689,3675802.510348,0.000000,,,0,1,,,,,3.505231,
tabu,augerat_A_n80_k10,79,11,0.250000,19345,17088.238832,4696.332871,18262.322050,0.000000,,,0,1,,,,,0.952245,
tabu,hfvrp_n200_m40_s05,200,40,0.250000,999,16077.047030,24080.341373,22097.132373,0.000000,,,0,1,,,,,38.267705,
tabu,augerat_A_n80_k10,79,11,0.250000,1787935486940610263,17088.238832,4696.332871,18262.322050,0.000000,,,0,1,,,,,0.951101,
tabu,pyvrp_X101_FSMFD,100,26,0.250000,75,3667525.034676,33109.902689,3675802.510348,0.000000,,,0,1,,,,,3.503095,
tabu,pyvrp_X106_FSMD,105,16,0.250000,1787935331300024171,3714937.400323,60271.807118,3730005.352103,0.000000,,,0,1,,,,,2.542527,
tabu,pyvrp_X101_FSMFD,100,26,0.250000,100,3667525.034676,33109.902689,3675802.510348,0.000000,,,0,1,,,,,3.530290,
tabu,hfvrp_n200_m40_s02,200,40,0.250000,19345,16542.774601,19032.773962,21300.968092,0.000000,,,0,1,,,,,36.607333,
tabu,pyvrp_X106_FSMD,105,16,0.250000,1,3714937.400323,60271.807118,3730005.352103,0.000000,,,0,1,,,,,2.538731,
tabu,hfvrp_n200_m40_s03,200,40,0.250000,9999,14983.052154,31720.321961,22913.132644,0.000000,,,0,1,,,,,30.012659,
tabu,hfvrp_n200_m40_s04,200,40,0.250000,9999,16953.325583,24674.470162,23121.943123,0.000000,,,0,1,,,,,29.114250,
tabu,pyvrp_X101_FSMFD,100,26,0.250000,200,3667525.034676,33109.902689,3675802.510348,0.000000,,,0,1,,,,,3.495345,
tabu,pyvrp_X106_FSMD,105,16,0.250000,10,3714937.400323,60271.807118,3730005.352103,0.000000,,,0,1,,,,,2.537257,
tabu,pyvrp_X101_FSMFD,100,26,0.250000,999,3667525.034676,33109.902689,3675802.510348,0.000000,,,0,1,,,,,3.522875,
tabu,pyvrp_X106_FSMD,105,16,0.250000,50,3714937.400323,60271.807118,3730005.352103,0.000000,,,0,1,,,,,2.546749,
tabu,hfvrp_n200_m40_s05,200,40,0.250000,1234,16077.047030,24080.341373,22097.132373,0.000000,,,0,1,,,,,37.937538,
tabu,pyvrp_X101_FSMFD,100,26,0.250000,1234,3667525.034676,33109.902689,3675802.510348,0.000000,,,0,1,,,,,3.493446,
tabu,pyvrp_X106_FSMD,105,16,0.250000,75,3714937.400323,60271.807118,3730005.352103,0.000000,,,0,1,,,,,2.546444,
tabu,pyvrp_X101_FSMFD,100,26,0.250000,9999,3667525.034676,33109.902689,3675802.510348,0.000000,,,0,1,,,,,3.506437,
tabu,hfvrp_n200_m40_s02,200,40,0.250000,1787934269078126971,16542.774601,19032.773962,21300.968092,0.000000,,,0,1,,,,,36.485259,
tabu,pyvrp_X106_FSMD,105,16,0.250000,100,3714937.400323,60271.807118,3730005.352103,0.000000,,,0,1,,,,,2.531112,
tabu,hfvrp_n200_m40_s03,200,40,0.250000,19345,14983.052154,31720.321961,22913.132644,0.000000,,,0,1,,,,,29.997223,
tabu,hfvrp_n200_m40_s04,200,40,0.250000,19345,16953.325583,24674.470162,23121.943123,0.000000,,,0,1,,,,,29.277073,
tabu,pyvrp_X101_FSMFD,100,26,0.250000,19345,3667525.034676,33109.902689,3675802.510348,0.000000,,,0,1,,,,,3.493060,
tabu,pyvrp_X106_FSMD,105,16,0.250000,200,3714937.400323,60271.807118,3730005.352103,0.000000,,,0,1,,,,,2.540903,
tabu,pyvrp_X101_FSMFD,100,26,0.250000,1787934278024598594,3667525.034676,33109.902689,3675802.510348,0.000000,,,0,1,,,,,3.572847,
tabu,pyvrp_X106_FSMD,105,16,0.250000,999,3714937.400323,60271.807118,3730005.352103,0.000000,,,0,1,,,,,2.535751,
tabu,hfvrp_n200_m40_s05,200,40,0.250000,9999,16077.047030,24080.341373,22097.132373,0.000000,,,0,1,,,,,38.247703,
tabu,pyvrp_X110_HD,109,13,0.250000,1787933687897183108,1895213.871747,34620.497553,1903868.996135,0.000000,,,0,1,,,,,2.657387,
tabu,pyvrp_X115_HVRP,114,18,0.250000,1787933589535010135,2070554.157087,46094.928455,2082077.889201,0.000000,,,0,0,,,,,2.481066,
tabu,pyvrp_X106_FSMD,105,16,0.250000,1234,3714937.400323,60271.807118,3730005.352103,0.000000,,,0,1,,,,,2.536544,
tabu,pyvrp_X110_HD,109,13,0.250000,1,1895213.871747,34620.497553,1903868.996135,0.000000,,,0,1,,,,,2.657683,
tabu,pyvrp_X106_FSMD,105,16,0.250000,9999,3714937.400323,60271.807118,3730005.352103,0.000000,,,0,1,,,,,2.544120,
tabu,pyvrp_X115_HVRP,114,18,0.250000,1,2070554.157087,46094.928455,2082077.889201,0.000000,,,0,0,,,,,2.487947,
tabu,hfvrp_n200_m40_s03,200,40,0.250000,1787933534702763636,14983.052154,31720.321961,22913.132644,0.000000,,,0,1,,,,,29.954658,
tabu,hfvrp_n200_m40_s04,200,40,0.250000,1787933509070226380,16953.325583,24674.470162,23121.943123,0.000000,,,0,1,,,,,29.092194,
tabu,pyvrp_X106_FSMD,105,16,0.250000,19345,3714937.400323,60271.807118,3730005.352103,0.000000,,,0,1,,,,,2.538124,
tabu,pyvrp_X110_HD,109,13,0.250000,10,1895213.871747,34620.497553,1903868.996135,0.000000,,,0,1,,,,,2.657202,
tabu,pyvrp_X115_HVRP,114,18,0.250000,10,2070554.157087,46094.928455,2082077.889201,0.000000,,,0,0,,,,,2.483296,
tabu,pyvrp_X106_FSMD,105,16,0.250000,1788064852740449933,3714937.400323,60271.807118,3730005.352103,0.000000,,,0,1,,,,,2.556616,
tabu,pyvrp_X110_HD,109,13,0.250000,50,1895213.871747,34620.497553,1903868.996135,0.000000,,,0,1,,,,,2.675591,
tabu,pyvrp_X115_HVRP,114,18,0.250000,50,2070554.157087,46094.928455,2082077.889201,0.000000,,,0,0,,,,,2.488371,
tabu,hfvrp_n200_m40_s05,200,40,0.250000,19345,16077.047030,24080.341373,22097.132373,0.000000,,,0,1,,,,,37.988647,
tabu,pyvrp_X120_FSMF,119,12,0.250000,1788063346384103688,3185104.723963,90157.997148,3207644.223250,0.000000,,,0,1,,,,,1.821037,
tabu,pyvrp_X110_HD,109,13,0.250000,75,1895213.871747,34620.497553,1903868.996135,0.000000,,,0,1,,,,,2.652691,
tabu,pyvrp_X115_HVRP,114,18,0.250000,75,2070554.157087,46094.928455,2082077.889201,0.000000,,,0,0,,,,,2.485602,
tabu,pyvrp_X120_FSMF,119,12,0.250000,1,3185104.723963,90157.997148,3207644.223250,0.000000,,,0,1,,,,,1.806618,
tabu,pyvrp_X110_HD,109,13,0.250000,100,1895213.871747,34620.497553,1903868.996135,0.000000,,,0,1,,,,,2.640741,
tabu,pyvrp_X115_HVRP,114,18,0.250000,100,2070554.157087,46094.928455,2082077.889201,0.000000,,,0,0,,,,,2.483111,
tabu,pyvrp_X120_FSMF,119,12,0.250000,10,3185104.723963,90157.997148,3207644.223250,0.000000,,,0,1,,,,,1.809098,
tabu,pyvrp_X110_HD,109,13,0.250000,200,1895213.871747,34620.497553,1903868.996135,0.000000,,,0,1,,,,,2.654692,
tabu,pyvrp_X115_HVRP,114,18,0.250000,200,2070554.157087,46094.928455,2082077.889201,0.000000,,,0,0,,,,,2.495615,
tabu,pyvrp_X120_FSMF,119,12,0.250000,50,3185104.723963,90157.997148,3207644.223250,0.000000,,,0,1,,,,,1.808091,
tabu,pyvrp_X110_HD,109,13,0.250000,999,1895213.871747,34620.497553,1903868.996135,0.000000,,,0,1,,,,,2.657195,
tabu,hfvrp_n200_m40_s05,200,40,0.250000,1788061950674116509,16077.047030,24080.341373,22097.132373,0.000000,,,0,1,,,,,37.909532,
tabu,pyvrp_X115_HVRP,114,18,0.250000,999,2070554.157087,46094.928455,2082077.889201,0.000000,,,0,0,,,,,2.484343,
tabu,pyvrp_X120_FSMF,119,12,0.250000,75,3185104.723963,90157.997148,3207644.223250,0.000000,,,0,1,,,,,1.808684,
tabu,pyvrp_X110_HD,109,13,0.250000,1234,1895213.871747,34620.497553,1903868.996135,0.000000,,,0,1,,,,,2.659035,
tabu,pyvrp_X115_HVRP,114,18,0.250000,1234,2070554.157087,46094.928455,2082077.889201,0.000000,,,0,0,,,,,2.480170,
tabu,pyvrp_X120_FSMF,119,12,0.250000,100,3185104.723963,90157.997148,3207644.223250,0.000000,,,0,1,,,,,1.813724,
tabu,pyvrp_X110_HD,109,13,0.250000,9999,1895213.871747,34620.497553,1903868.996135,0.000000,,,0,1,,,,,2.653846,
tabu,pyvrp_X115_HVRP,114,18,0.250000,9999,2070554.157087,46094.928455,2082077.889201,0.000000,,,0,0,,,,,2.598620,
tabu,pyvrp_X120_FSMF,119,12,0.250000,200,3185104.723963,90157.997148,3207644.223250,0.000000,,,0,1,,,,,1.817178,
tabu,pyvrp_X110_HD,109,13,0.250000,19345,1895213.871747,34620.497553,1903868.996135,0.000000,,,0,1,,,,,2.671562,
tabu,pyvrp_X120_FSMF,119,12,0.250000,999,3185104.723963,90157.997148,3207644.223250,0.000000,,,0,1,,,,,1.806365,
tabu,pyvrp_X115_HVRP,114,18,0.250000,19345,2070554.157087,46094.928455,2082077.889201,0.000000,,,0,0,,,,,2.477242,
tabu,pyvrp_X110_HD,109,13,0.250000,1788069452740819451,1895213.871747,34620.497553,1903868.996135,0.000000,,,0,1,,,,,2.653480,
tabu,pyvrp_X120_FSMF,119,12,0.250000,1234,3185104.723963,90157.997148,3207644.223250,0.000000,,,0,1,,,,,1.815230,
tabu,pyvrp_X115_HVRP,114,18,0.250000,1788069355460882930,2070554.157087,46094.928455,2082077.889201,0.000000,,,0,0,,,,,2.431839,
tabu,pyvrp_X120_FSMF,119,12,0.250000,9999,3185104.723963,90157.997148,3207644.223250,0.000000,,,0,1,,,,,1.755491,
tabu,pyvrp_X120_FSMF,119,12,0.250000,19345,3185104.723963,90157.997148,3207644.223250,0.000000,,,0,1,,,,,1.740427,
tabu,pyvrp_X120_FSMF,119,12,0.250000,1788069653629544361,3185104.723963,90157.997148,3207644.223250,0.000000,,,0,1,,,,,1.727459,
ga,ex1_1v_feasible,2,1,0.250000,1787956741629703294,84.142136,50.000000,96.642136,0.000000,,,0,1,,,,,0.015220,DEFAULT
ga,ex2_1v_infeasible,2,1,0.250000,1787956780286276620,70.000000,0.000000,70.000000,0.000000,,,0,0,,,,,0.015560,DEFAULT
ga,ex1_1v_feasible,2,1,0.250000,1787956797483189923,84.142136,50.000000,96.642136,0.000000,,,0,1,,,,,0.001633,SMALL
ga,ex2_1v_infeasible,2,1,0.250000,1787958485407346451,70.000000,0.000000,70.000000,0.000000,,,0,0,,,,,0.001627,SMALL
ga,hfvrp_n001_m03_s01,1,3,0.250000,1787956793179048741,87.334995,168.337487,129.419366,0.000000,,,0,1,,,,,0.013676,DEFAULT
ga,ex5_3v_one_used_feasible,3,3,0.250000,1787956788882696505,115.798990,50.000000,128.298990,0.000000,,,0,1,,,,,0.019445,DEFAULT
ga,ex3_3v_all_feasible,3,3,0.250000,1787956784587640175,162.000000,20.000000,167.000000,0.000000,,,0,1,,,,,0.019957,DEFAULT
ga,hfvrp_n001_m03_s01,1,3,0.250000,1787958498298370893,87.334995,168.337487,129.419366,0.000000,,,0,1,,,,,0.001502,SMALL
ga,ex4_3v_infeasible,4,3,0.250000,1787956814651283215,141.798990,0.000000,141.798990,0.000000,,,0,0,,,,,0.022303,DEFAULT
ga,ex5_3v_one_used_feasible,3,3,0.250000,1787958468237736025,115.798990,50.000000,128.298990,0.000000,,,0,1,,,,,0.002101,SMALL
ga,ex3_3v_all_feasible,3,3,0.250000,1787958476828756992,162.000000,20.000000,167.000000,0.000000,,,0,1,,,,,0.002324,SMALL
ga,ex4_3v_infeasible,4,3,0.250000,1787958481125026587,141.798990,0.000000,141.798990,0.000000,,,0,0,,,,,0.002429,SMALL
ga,hfvrp_n001_m03_s01,1,3,0.250000,1787958472533695642,87.334995,168.337487,129.419366,0.000000,,,0,1,,,,,0.246487,MEDIUM
ga,ex1_1v_feasible,2,1,0.250000,1787958489705840560,84.142136,50.000000,96.642136,0.000000,,,0,1,,,,,0.296680,MEDIUM
ga,ex2_1v_infeasible,2,1,0.250000,1787958494002468158,70.000000,0.000000,70.000000,0.000000,,,0,0,,,,,0.298340,MEDIUM
ga,ex5_3v_one_used_feasible,3,3,0.250000,1787958519786587981,115.798990,50.000000,128.298990,0.000000,,,0,1,,,,,0.382625,MEDIUM
ga,ex3_3v_all_feasible,3,3,0.250000,1787958524079039340,162.000000,20.000000,167.000000,0.000000,,,0,1,,,,,0.391175,MEDIUM
ga,ex4_3v_infeasible,4,3,0.250000,1787958528376050215,141.798990,0.000000,141.798990,0.000000,,,0,0,,,,,0.434917,MEDIUM
ga,hfvrp_n001_m03_s01,1,3,0.250000,1787958524328453052,87.334995,168.337487,129.419366,0.000000,,,0,1,,,,,0.721259,BIG
ga,hfvrp_n001_m03_s01,1,3,0.250000,1,87.334995,168.337487,129.419366,0.000000,,,0,1,,,,,0.016841,DEFAULT
ga,hfvrp_n001_m03_s01,1,3,0.250000,1,87.334995,168.337487,129.419366,0.000000,,,0,1,,,,,0.004208,SMALL
ga,ex1_1v_feasible,2,1,0.250000,1787958502891305757,84.142136,50.000000,96.642136,0.000000,,,0,1,,,,,0.886228,BIG
ga,ex2_1v_infeasible,2,1,0.250000,1787958498603743616,70.000000,0.000000,70.000000,0.000000,,,0,0,,,,,0.891939,BIG
ga,ex1_1v_feasible,2,1,0.250000,1,84.142136,50.000000,96.642136,0.000000,,,0,1,,,,,0.016594,DEFAULT
ga,ex1_1v_feasible,2,1,0.250000,1,84.142136,50.000000,96.642136,0.000000,,,0,1,,,,,0.002280,SMALL
ga,ex2_1v_infeasible,2,1,0.250000,1,70.000000,0.000000,70.000000,0.000000,,,0,0,,,,,0.017659,DEFAULT
ga,ex2_1v_infeasible,2,1,0.250000,1,70.000000,0.000000,70.000000,0.000000,,,0,0,,,,,0.002276,SMALL
ga,hfvrp_n001_m03_s01,1,3,0.250000,1,87.334995,168.337487,129.419366,0.000000,,,0,1,,,,,0.247014,MEDIUM
ga,ex1_1v_feasible,2,1,0.250000,1,84.142136,50.000000,96.642136,0.000000,,,0,1,,,,,0.291662,MEDIUM
ga,ex2_1v_infeasible,2,1,0.250000,1,70.000000,0.000000,70.000000,0.000000,,,0,0,,,,,0.294952,MEDIUM
ga,ex5_3v_one_used_feasible,3,3,0.250000,1787958511587241605,115.798990,50.000000,128.298990,0.000000,,,0,1,,,,,1.144072,BIG
ga,ex3_3v_all_feasible,3,3,0.250000,1787958507293750980,162.000000,20.000000,167.000000,0.000000,,,0,1,,,,,1.170445,BIG
ga,ex5_3v_one_used_feasible,3,3,0.250000,1,115.798990,50.000000,128.298990,0.000000,,,0,1,,,,,0.023567,DEFAULT
ga,ex5_3v_one_used_feasible,3,3,0.250000,1,115.798990,50.000000,128.298990,0.000000,,,0,1,,,,,0.002074,SMALL
ga,ex3_3v_all_feasible,3,3,0.250000,1,162.000000,20.000000,167.000000,0.000000,,,0,1,,,,,0.019737,DEFAULT
ga,ex3_3v_all_feasible,3,3,0.250000,1,162.000000,20.000000,167.000000,0.000000,,,0,1,,,,,0.003019,SMALL
ga,ex4_3v_infeasible,4,3,0.250000,1787958554584635812,141.798990,0.000000,141.798990,0.000000,,,0,0,,,,,1.310477,BIG
ga,ex4_3v_infeasible,4,3,0.250000,1,141.798990,0.000000,141.798990,0.000000,,,0,0,,,,,0.022951,DEFAULT
ga,ex4_3v_infeasible,4,3,0.250000,1,141.798990,0.000000,141.798990,0.000000,,,0,0,,,,,0.002237,SMALL
ga,ex5_3v_one_used_feasible,3,3,0.250000,1,115.798990,50.000000,128.298990,0.000000,,,0,1,,,,,0.376492,MEDIUM
ga,ex3_3v_all_feasible,3,3,0.250000,1,162.000000,20.000000,167.000000,0.000000,,,0,1,,,,,0.387257,MEDIUM
ga,hfvrp_n001_m03_s01,1,3,0.250000,1,87.334995,168.337487,129.419366,0.000000,,,0,1,,,,,0.723822,BIG
ga,hfvrp_n001_m03_s01,1,3,0.250000,10,87.334995,168.337487,129.419366,0.000000,,,0,1,,,,,0.016142,DEFAULT
ga,hfvrp_n001_m03_s01,1,3,0.250000,10,87.334995,168.337487,129.419366,0.000000,,,0,1,,,,,0.002195,SMALL
ga,ex4_3v_infeasible,4,3,0.250000,1,141.798990,0.000000,141.798990,0.000000,,,0,0,,,,,0.434137,MEDIUM
ga,hfvrp_n001_m03_s01,1,3,0.250000,10,87.334995,168.337487,129.419366,0.000000,,,0,1,,,,,0.239375,MEDIUM
ga,ex1_1v_feasible,2,1,0.250000,1,84.142136,50.000000,96.642136,0.000000,,,0,1,,,,,0.878699,BIG
ga,ex2_1v_infeasible,2,1,0.250000,1,70.000000,0.000000,70.000000,0.000000,,,0,0,,,,,0.897686,BIG
ga,ex1_1v_feasible,2,1,0.250000,10,84.142136,50.000000,96.642136,0.000000,,,0,1,,,,,0.019631,DEFAULT
ga,ex1_1v_feasible,2,1,0.250000,10,84.142136,50.000000,96.642136,0.000000,,,0,1,,,,,0.001630,SMALL
ga,ex2_1v_infeasible,2,1,0.250000,10,70.000000,0.000000,70.000000,0.000000,,,0,0,,,,,0.017515,DEFAULT
ga,ex2_1v_infeasible,2,1,0.250000,10,70.000000,0.000000,70.000000,0.000000,,,0,0,,,,,0.001642,SMALL
ga,ex1_1v_feasible,2,1,0.250000,10,84.142136,50.000000,96.642136,0.000000,,,0,1,,,,,0.290794,MEDIUM
ga,ex2_1v_infeasible,2,1,0.250000,10,70.000000,0.000000,70.000000,0.000000,,,0,0,,,,,0.293564,MEDIUM
ga,hfvrp_n001_m03_s01,1,3,0.250000,10,87.334995,168.337487,129.419366,0.000000,,,0,1,,,,,0.722072,BIG
ga,hfvrp_n001_m03_s01,1,3,0.250000,50,87.334995,168.337487,129.419366,0.000000,,,0,1,,,,,0.012479,DEFAULT
ga,hfvrp_n001_m03_s01,1,3,0.250000,50,87.334995,168.337487,129.419366,0.000000,,,0,1,,,,,0.003564,SMALL
ga,ex5_3v_one_used_feasible,3,3,0.250000,1,115.798990,50.000000,128.298990,0.000000,,,0,1,,,,,1.147674,BIG
ga,ex5_3v_one_used_feasible,3,3,0.250000,10,115.798990,50.000000,128.298990,0.000000,,,0,1,,,,,0.020765,DEFAULT
ga,ex5_3v_one_used_feasible,3,3,0.250000,10,115.798990,50.000000,128.298990,0.000000,,,0,1,,,,,0.001921,SMALL
ga,ex3_3v_all_feasible,3,3,0.250000,1,162.000000,20.000000,167.000000,0.000000,,,0,1,,,,,1.172611,BIG
ga,ex3_3v_all_feasible,3,3,0.250000,10,162.000000,20.000000,167.000000,0.000000,,,0,1,,,,,0.019566,DEFAULT
ga,ex3_3v_all_feasible,3,3,0.250000,10,162.000000,20.000000,167.000000,0.000000,,,0,1,,,,,0.002004,SMALL
ga,hfvrp_n001_m03_s01,1,3,0.250000,50,87.334995,168.337487,129.419366,0.000000,,,0,1,,,,,0.247377,MEDIUM
ga,ex4_3v_infeasible,4,3,0.250000,1,141.798990,0.000000,141.798990,0.000000,,,0,0,,,,,1.310138,BIG
ga,ex5_3v_one_used_feasible,3,3,0.250000,10,115.798990,50.000000,128.298990,0.000000,,,0,1,,,,,0.380432,MEDIUM
ga,ex4_3v_infeasible,4,3,0.250000,10,141.798990,0.000000,141.798990,0.000000,,,0,0,,,,,0.023201,DEFAULT
ga,ex4_3v_infeasible,4,3,0.250000,10,141.798990,0.000000,141.798990,0.000000,,,0,0,,,,,0.002242,SMALL
ga,ex3_3v_all_feasible,3,3,0.250000,10,162.000000,20.000000,167.000000,0.000000,,,0,1,,,,,0.392102,MEDIUM
ga,ex1_1v_feasible,2,1,0.250000,10,84.142136,50.000000,96.642136,0.000000,,,0,1,,,,,0.890306,BIG
ga,ex1_1v_feasible,2,1,0.250000,50,84.142136,50.000000,96.642136,0.000000,,,0,1,,,,,0.015153,DEFAULT
ga,ex2_1v_infeasible,2,1,0.250000,10,70.000000,0.000000,70.000000,0.000000,,,0,0,,,,,0.901352,BIG
ga,ex1_1v_feasible,2,1,0.250000,50,84.142136,50.000000,96.642136,0.000000,,,0,1,,,,,0.001626,SMALL
ga,ex2_1v_infeasible,2,1,0.250000,50,70.000000,0.000000,70.000000,0.000000,,,0,0,,,,,0.016954,DEFAULT
ga,ex2_1v_infeasible,2,1,0.250000,50,70.000000,0.000000,70.000000,0.000000,,,0,0,,,,,0.001628,SMALL
ga,ex1_1v_feasible,2,1,0.250000,50,84.142136,50.000000,96.642136,0.000000,,,0,1,,,,,0.305470,MEDIUM
ga,ex2_1v_infeasible,2,1,0.250000,50,70.000000,0.000000,70.000000,0.000000,,,0,0,,,,,0.293529,MEDIUM
ga,hfvrp_n001_m03_s01,1,3,0.250000,50,87.334995,168.337487,129.419366,0.000000,,,0,1,,,,,0.730112,BIG
ga,ex4_3v_infeasible,4,3,0.250000,10,141.798990,0.000000,141.798990,0.000000,,,0,0,,,,,0.439624,MEDIUM
ga,hfvrp_n001_m03_s01,1,3,0.250000,75,87.334995,168.337487,129.419366,0.000000,,,0,1,,,,,0.012424,DEFAULT
ga,hfvrp_n001_m03_s01,1,3,0.250000,75,87.334995,168.337487,129.419366,0.000000,,,0,1,,,,,0.001330,SMALL
ga,hfvrp_n001_m03_s01,1,3,0.250000,75,87.334995,168.337487,129.419366,0.000000,,,0,1,,,,,0.241426,MEDIUM
ga,ex5_3v_one_used_feasible,3,3,0.250000,10,115.798990,50.000000,128.298990,0.000000,,,0,1,,,,,1.144104,BIG
ga,ex5_3v_one_used_feasible,3,3,0.250000,50,115.798990,50.000000,128.298990,0.000000,,,0,1,,,,,0.019954,DEFAULT
ga,ex5_3v_one_used_feasible,3,3,0.250000,50,115.798990,50.000000,128.298990,0.000000,,,0,1,,,,,0.001920,SMALL
ga,ex3_3v_all_feasible,3,3,0.250000,10,162.000000,20.000000,167.000000,0.000000,,,0,1,,,,,1.171578,BIG
ga,ex3_3v_all_feasible,3,3,0.250000,50,162.000000,20.000000,167.000000,0.000000,,,0,1,,,,,0.021421,DEFAULT
ga,ex3_3v_all_feasible,3,3,0.250000,50,162.000000,20.000000,167.000000,0.000000,,,0,1,,,,,0.002140,SMALL
ga,ex1_1v_feasible,2,1,0.250000,50,84.142136,50.000000,96.642136,0.000000,,,0,1,,,,,0.881706,BIG
ga,ex1_1v_feasible,2,1,0.250000,75,84.142136,50.000000,96.642136,0.000000,,,0,1,,,,,0.017941,DEFAULT
ga,ex1_1v_feasible,2,1,0.250000,75,84.142136,50.000000,96.642136,0.000000,,,0,1,,,,,0.001630,SMALL
ga,ex2_1v_infeasible,2,1,0.250000,50,70.000000,0.000000,70.000000,0.000000,,,0,0,,,,,0.907033,BIG
ga,ex2_1v_infeasible,2,1,0.250000,75,70.000000,0.000000,70.000000,0.000000,,,0,0,,,,,0.016341,DEFAULT
ga,ex2_1v_infeasible,2,1,0.250000,75,70.000000,0.000000,70.000000,0.000000,,,0,0,,,,,0.003720,SMALL
ga,hfvrp_n001_m03_s01,1,3,0.250000,75,87.334995,168.337487,129.419366,0.000000,,,0,1,,,,,0.731191,BIG
ga,hfvrp_n001_m03_s01,1,3,0.250000,100,87.334995,168.337487,129.419366,0.000000,,,0,1,,,,,0.013302,DEFAULT
ga,hfvrp_n001_m03_s01,1,3,0.250000,100,87.334995,168.337487,129.419366,0.000000,,,0,1,,,,,0.002757,SMALL
ga,ex5_3v_one_used_feasible,3,3,0.250000,50,115.798990,50.000000,128.298990,0.000000,,,0,1,,,,,0.388150,MEDIUM
ga,ex1_1v_feasible,2,1,0.250000,75,84.142136,50.000000,96.642136,0.000000,,,0,1,,,,,0.296684,MEDIUM
ga,ex3_3v_all_feasible,3,3,0.250000,50,162.000000,20.000000,167.000000,0.000000,,,0,1,,,,,0.421443,MEDIUM
ga,ex2_1v_infeasible,2,1,0.250000,75,70.000000,0.000000,70.000000,0.000000,,,0,0,,,,,0.302117,MEDIUM
ga,hfvrp_n001_m03_s01,1,3,0.250000,100,87.334995,168.337487,129.419366,0.000000,,,0,1,,,,,0.242920,MEDIUM
ga,ex4_3v_infeasible,4,3,0.250000,10,141.798990,0.000000,141.798990,0.000000,,,0,0,,,,,1.324063,BIG
ga,ex4_3v_infeasible,4,3,0.250000,50,141.798990,0.000000,141.798990,0.000000,,,0,0,,,,,0.023948,DEFAULT
ga,ex4_3v_infeasible,4,3,0.250000,50,141.798990,0.000000,141.798990,0.000000,,,0,0,,,,,0.002420,SMALL
ga,ex4_3v_infeasible,4,3,0.250000,50,141.798990,0.000000,141.798990,0.000000,,,0,0,,,,,0.428343,MEDIUM
ga,hfvrp_n001_m03_s01,1,3,0.250000,100,87.334995,168.337487,129.419366,0.000000,,,0,1,,,,,0.724643,BIG
ga,ex1_1v_feasible,2,1,0.250000,75,84.142136,50.000000,96.642136,0.000000,,,0,1,,,,,0.885585,BIG
ga,hfvrp_n001_m03_s01,1,3,0.250000,200,87.334995,168.337487,129.419366,0.000000,,,0,1,,,,,0.012441,DEFAULT
ga,hfvrp_n001_m03_s01,1,3,0.250000,200,87.334995,168.337487,129.419366,0.000000,,,0,1,,,,,0.001857,SMALL
ga,ex1_1v_feasible,2,1,0.250000,100,84.142136,50.000000,96.642136,0.000000,,,0,1,,,,,0.019132,DEFAULT
ga,ex1_1v_feasible,2,1,0.250000,100,84.142136,50.000000,96.642136,0.000000,,,0,1,,,,,0.004500,SMALL
ga,ex2_1v_infeasible,2,1,0.250000,75,70.000000,0.000000,70.000000,0.000000,,,0,0,,,,,0.894993,BIG
ga,ex2_1v_infeasible,2,1,0.250000,100,70.000000,0.000000,70.000000,0.000000,,,0,0,,,,,0.015142,DEFAULT
ga,ex2_1v_infeasible,2,1,0.250000,100,70.000000,0.000000,70.000000,0.000000,,,0,0,,,,,0.001612,SMALL
ga,ex5_3v_one_used_feasible,3,3,0.250000,50,115.798990,50.000000,128.298990,0.000000,,,0,1,,,,,1.143703,BIG
ga,ex5_3v_one_used_feasible,3,3,0.250000,75,115.798990,50.000000,128.298990,0.000000,,,0,1,,,,,0.019018,DEFAULT
ga,ex5_3v_one_used_feasible,3,3,0.250000,75,115.798990,50.000000,128.298990,0.000000,,,0,1,,,,,0.004055,SMALL
ga,hfvrp_n001_m03_s01,1,3,0.250000,200,87.334995,168.337487,129.419366,0.000000,,,0,1,,,,,0.252062,MEDIUM
ga,ex1_1v_feasible,2,1,0.250000,100,84.142136,50.000000,96.642136,0.000000,,,0,1,,,,,0.301358,MEDIUM
ga,ex3_3v_all_feasible,3,3,0.250000,50,162.000000,20.000000,167.000000,0.000000,,,0,1,,,,,1.184743,BIG
ga,ex3_3v_all_feasible,3,3,0.250000,75,162.000000,20.000000,167.000000,0.000000,,,0,1,,,,,0.019790,DEFAULT
ga,ex3_3v_all_feasible,3,3,0.250000,75,162.000000,20.000000,167.000000,0.000000,,,0,1,,,,,0.002146,SMALL
ga,ex2_1v_infeasible,2,1,0.250000,100,70.000000,0.000000,70.000000,0.000000,,,0,0,,,,,0.303520,MEDIUM
ga,ex5_3v_one_used_feasible,3,3,0.250000,75,115.798990,50.000000,128.298990,0.000000,,,0,1,,,,,0.383132,MEDIUM
ga,ex3_3v_all_feasible,3,3,0.250000,75,162.000000,20.000000,167.000000,0.000000,,,0,1,,,,,0.391745,MEDIUM
ga,hfvrp_n001_m03_s01,1,3,0.250000,200,87.334995,168.337487,129.419366,0.000000,,,0,1,,,,,0.729476,BIG
ga,hfvrp_n001_m03_s01,1,3,0.250000,999,87.334995,168.337487,129.419366,0.000000,,,0,1,,,,,0.014248,DEFAULT
ga,hfvrp_n001_m03_s01,1,3,0.250000,999,87.334995,168.337487,129.419366,0.000000,,,0,1,,,,,0.003209,SMALL
ga,ex4_3v_infeasible,4,3,0.250000,50,141.798990,0.000000,141.798990,0.000000,,,0,0,,,,,1.326251,BIG
ga,ex4_3v_infeasible,4,3,0.250000,75,141.798990,0.000000,141.798990,0.000000,,,0,0,,,,,0.022585,DEFAULT
ga,ex4_3v_infeasible,4,3,0.250000,75,141.798990,0.000000,141.798990,0.000000,,,0,0,,,,,0.005470,SMALL
ga,ex1_1v_feasible,2,1,0.250000,100,84.142136,50.000000,96.642136,0.000000,,,0,1,,,,,0.889447,BIG
ga,ex1_1v_feasible,2,1,0.250000,200,84.142136,50.000000,96.642136,0.000000,,,0,1,,,,,0.015096,DEFAULT
ga,ex1_1v_feasible,2,1,0.250000,200,84.142136,50.000000,96.642136,0.000000,,,0,1,,,,,0.001546,SMALL
ga,hfvrp_n001_m03_s01,1,3,0.250000,999,87.334995,168.337487,129.419366,0.000000,,,0,1,,,,,0.249455,MEDIUM
ga,ex2_1v_infeasible,2,1,0.250000,100,70.000000,0.000000,70.000000,0.000000,,,0,0,,,,,0.892041,BIG
ga,ex2_1v_infeasible,2,1,0.250000,200,70.000000,0.000000,70.000000,0.000000,,,0,0,,,,,0.015107,DEFAULT
ga,ex2_1v_infeasible,2,1,0.250000,200,70.000000,0.000000,70.000000,0.000000,,,0,0,,,,,0.001546,SMALL
ga,ex1_1v_feasible,2,1,0.250000,200,84.142136,50.000000,96.642136,0.000000,,,0,1,,,,,0.294274,MEDIUM
ga,ex4_3v_infeasible,4,3,0.250000,75,141.798990,0.000000,141.798990,0.000000,,,0,0,,,,,0.436586,MEDIUM
ga,ex2_1v_infeasible,2,1,0.250000,200,70.000000,0.000000,70.000000,0.000000,,,0,0,,,,,0.294648,MEDIUM
ga,ex5_3v_one_used_feasible,3,3,0.250000,75,115.798990,50.000000,128.298990,0.000000,,,0,1,,,,,1.137833,BIG
ga,ex5_3v_one_used_feasible,3,3,0.250000,100,115.798990,50.000000,128.298990,0.000000,,,0,1,,,,,0.022364,DEFAULT
ga,ex5_3v_one_used_feasible,3,3,0.250000,100,115.798990,50.000000,128.298990,0.000000,,,0,1,,,,,0.001929,SMALL
ga,ex3_3v_all_feasible,3,3,0.250000,75,162.000000,20.000000,167.000000,0.000000,,,0,1,,,,,1.182614,BIG
ga,ex3_3v_all_feasible,3,3,0.250000,100,162.000000,20.000000,167.000000,0.000000,,,0,1,,,,,0.023499,DEFAULT
ga,ex3_3v_all_feasible,3,3,0.250000,100,162.000000,20.000000,167.000000,0.000000,,,0,1,,,,,0.004184,SMALL
ga,hfvrp_n001_m03_s01,1,3,0.250000,999,87.334995,168.337487,129.419366,0.000000,,,0,1,,,,,0.731159,BIG
ga,hfvrp_n001_m03_s01,1,3,0.250000,1234,87.334995,168.337487,129.419366,0.000000,,,0,1,,,,,0.012479,DEFAULT
ga,hfvrp_n001_m03_s01,1,3,0.250000,1234,87.334995,168.337487,129.419366,0.000000,,,0,1,,,,,0.001336,SMALL
ga,ex5_3v_one_used_feasible,3,3,0.250000,100,115.798990,50.000000,128.298990,0.000000,,,0,1,,,,,0.379981,MEDIUM
ga,hfvrp_n001_m03_s01,1,3,0.250000,1234,87.334995,168.337487,129.419366,0.000000,,,0,1,,,,,0.238947,MEDIUM
ga,ex3_3v_all_feasible,3,3,0.250000,100,162.000000,20.000000,167.000000,0.000000,,,0,1,,,,,0.405827,MEDIUM
ga,ex1_1v_feasible,2,1,0.250000,200,84.142136,50.000000,96.642136,0.000000,,,0,1,,,,,0.885496,BIG
ga,ex1_1v_feasible,2,1,0.250000,999,84.142136,50.000000,96.642136,0.000000,,,0,1,,,,,0.016531,DEFAULT
ga,ex1_1v_feasible,2,1,0.250000,999,84.142136,50.000000,96.642136,0.000000,,,0,1,,,,,0.003113,SMALL
ga,ex2_1v_infeasible,2,1,0.250000,200,70.000000,0.000000,70.000000,0.000000,,,0,0,,,,,0.899422,BIG
ga,ex2_1v_infeasible,2,1,0.250000,999,70.000000,0.000000,70.000000,0.000000,,,0,0,,,,,0.014744,DEFAULT
ga,ex2_1v_infeasible,2,1,0.250000,999,70.000000,0.000000,70.000000,0.000000,,,0,0,,,,,0.004826,SMALL
ga,ex1_1v_feasible,2,1,0.250000,999,84.142136,50.000000,96.642136,0.000000,,,0,1,,,,,0.294788,MEDIUM
ga,ex2_1v_infeasible,2,1,0.250000,999,70.000000,0.000000,70.000000,0.000000,,,0,0,,,,,0.304461,MEDIUM
ga,ex4_3v_infeasible,4,3,0.250000,75,141.798990,0.000000,141.798990,0.000000,,,0,0,,,,,1.316829,BIG
ga,ex4_3v_infeasible,4,3,0.250000,100,141.798990,0.000000,141.798990,0.000000,,,0,0,,,,,0.022067,DEFAULT
ga,ex4_3v_infeasible,4,3,0.250000,100,141.798990,0.000000,141.798990,0.000000,,,0,0,,,,,0.002412,SMALL
ga,hfvrp_n001_m03_s01,1,3,0.250000,1234,87.334995,168.337487,129.419366,0.000000,,,0,1,,,,,0.729514,BIG
ga,hfvrp_n001_m03_s01,1,3,0.250000,9999,87.334995,168.337487,129.419366,0.000000,,,0,1,,,,,0.013936,DEFAULT
ga,hfvrp_n001_m03_s01,1,3,0.250000,9999,87.334995,168.337487,129.419366,0.000000,,,0,1,,,,,0.001336,SMALL
ga,hfvrp_n001_m03_s01,1,3,0.250000,9999,87.334995,168.337487,129.419366,0.000000,,,0,1,,,,,0.237023,MEDIUM
ga,ex5_3v_one_used_feasible,3,3,0.250000,100,115.798990,50.000000,128.298990,0.000000,,,0,1,,,,,1.140048,BIG
ga,ex5_3v_one_used_feasible,3,3,0.250000,200,115.798990,50.000000,128.298990,0.000000,,,0,1,,,,,0.020374,DEFAULT
ga,ex4_3v_infeasible,4,3,0.250000,100,141.798990,0.000000,141.798990,0.000000,,,0,0,,,,,0.435518,MEDIUM
ga,ex5_3v_one_used_feasible,3,3,0.250000,200,115.798990,50.000000,128.298990,0.000000,,,0,1,,,,,0.002008,SMALL
ga,ex3_3v_all_feasible,3,3,0.250000,100,162.000000,20.000000,167.000000,0.000000,,,0,1,,,,,1.182707,BIG
ga,ex3_3v_all_feasible,3,3,0.250000,200,162.000000,20.000000,167.000000,0.000000,,,0,1,,,,,0.020900,DEFAULT
ga,ex3_3v_all_feasible,3,3,0.250000,200,162.000000,20.000000,167.000000,0.000000,,,0,1,,,,,0.005989,SMALL
ga,ex1_1v_feasible,2,1,0.250000,999,84.142136,50.000000,96.642136,0.000000,,,0,1,,,,,0.885741,BIG
ga,ex1_1v_feasible,2,1,0.250000,1234,84.142136,50.000000,96.642136,0.000000,,,0,1,,,,,0.015031,DEFAULT
ga,ex1_1v_feasible,2,1,0.250000,1234,84.142136,50.000000,96.642136,0.000000,,,0,1,,,,,0.002714,SMALL
ga,ex5_3v_one_used_feasible,3,3,0.250000,200,115.798990,50.000000,128.298990,0.000000,,,0,1,,,,,0.382881,MEDIUM
ga,ex2_1v_infeasible,2,1,0.250000,999,70.000000,0.000000,70.000000,0.000000,,,0,0,,,,,0.906814,BIG
ga,ex2_1v_infeasible,2,1,0.250000,1234,70.000000,0.000000,70.000000,0.000000,,,0,0,,,,,0.016384,DEFAULT
ga,ex2_1v_infeasible,2,1,0.250000,1234,70.000000,0.000000,70.000000,0.000000,,,0,0,,,,,0.001654,SMALL
ga,ex1_1v_feasible,2,1,0.250000,1234,84.142136,50.000000,96.642136,0.000000,,,0,1,,,,,0.295978,MEDIUM
ga,hfvrp_n001_m03_s01,1,3,0.250000,9999,87.334995,168.337487,129.419366,0.000000,,,0,1,,,,,0.734499,BIG
ga,hfvrp_n001_m03_s01,1,3,0.250000,19345,87.334995,168.337487,129.419366,0.000000,,,0,1,,,,,0.013170,DEFAULT
ga,ex3_3v_all_feasible,3,3,0.250000,200,162.000000,20.000000,167.000000,0.000000,,,0,1,,,,,0.399920,MEDIUM
ga,hfvrp_n001_m03_s01,1,3,0.250000,19345,87.334995,168.337487,129.419366,0.000000,,,0,1,,,,,0.001281,SMALL
ga,ex2_1v_infeasible,2,1,0.250000,1234,70.000000,0.000000,70.000000,0.000000,,,0,0,,,,,0.297634,MEDIUM
ga,hfvrp_n001_m03_s01,1,3,0.250000,19345,87.334995,168.337487,129.419366,0.000000,,,0,1,,,,,0.238248,MEDIUM
ga,ex4_3v_infeasible,4,3,0.250000,100,141.798990,0.000000,141.798990,0.000000,,,0,0,,,,,1.312161,BIG
ga,ex4_3v_infeasible,4,3,0.250000,200,141.798990,0.000000,141.798990,0.000000,,,0,0,,,,,0.021839,DEFAULT
ga,ex4_3v_infeasible,4,3,0.250000,200,141.798990,0.000000,141.798990,0.000000,,,0,0,,,,,0.004398,SMALL
ga,ex5_3v_one_used_feasible,3,3,0.250000,200,115.798990,50.000000,128.298990,0.000000,,,0,1,,,,,1.139842,BIG
ga,ex1_1v_feasible,2,1,0.250000,1234,84.142136,50.000000,96.642136,0.000000,,,0,1,,,,,0.883866,BIG
ga,ex5_3v_one_used_feasible,3,3,0.250000,999,115.798990,50.000000,128.298990,0.000000,,,0,1,,,,,0.019905,DEFAULT
ga,ex5_3v_one_used_feasible,3,3,0.250000,999,115.798990,50.000000,128.298990,0.000000,,,0,1,,,,,0.003710,SMALL
ga,ex1_1v_feasible,2,1,0.250000,9999,84.142136,50.000000,96.642136,0.000000,,,0,1,,,,,0.019441,DEFAULT
ga,ex1_1v_feasible,2,1,0.250000,9999,84.142136,50.000000,96.642136,0.000000,,,0,1,,,,,0.002835,SMALL
ga,ex2_1v_infeasible,2,1,0.250000,1234,70.000000,0.000000,70.000000,0.000000,,,0,0,,,,,0.902301,BIG
ga,hfvrp_n001_m03_s01,1,3,0.250000,19345,87.334995,168.337487,129.419366,0.000000,,,0,1,,,,,0.733931,BIG
ga,ex2_1v_infeasible,2,1,0.250000,9999,70.000000,0.000000,70.000000,0.000000,,,0,0,,,,,0.016775,DEFAULT
ga,ex2_1v_infeasible,2,1,0.250000,9999,70.000000,0.000000,70.000000,0.000000,,,0,0,,,,,0.001674,SMALL
ga,hfvrp_n001_m03_s01,1,3,0.250000,1787959016307784688,87.334995,168.337487,129.419366,0.000000,,,0,1,,,,,0.016041,DEFAULT
ga,hfvrp_n001_m03_s01,1,3,0.250000,1787959072162592546,87.334995,168.337487,129.419366,0.000000,,,0,1,,,,,0.001846,SMALL
ga,ex4_3v_infeasible,4,3,0.250000,200,141.798990,0.000000,141.798990,0.000000,,,0,0,,,,,0.444838,MEDIUM
ga,ex3_3v_all_feasible,3,3,0.250000,200,162.000000,20.000000,167.000000,0.000000,,,0,1,,,,,1.187988,BIG
ga,ex1_1v_feasible,2,1,0.250000,9999,84.142136,50.000000,96.642136,0.000000,,,0,1,,,,,0.304474,MEDIUM
ga,ex3_3v_all_feasible,3,3,0.250000,999,162.000000,20.000000,167.000000,0.000000,,,0,1,,,,,0.022929,DEFAULT
ga,ex3_3v_all_feasible,3,3,0.250000,999,162.000000,20.000000,167.000000,0.000000,,,0,1,,,,,0.005041,SMALL
ga,hfvrp_n001_m03_s01,1,3,0.250000,1787959067872931590,87.334995,168.337487,129.419366,0.000000,,,0,1,,,,,0.246842,MEDIUM
ga,ex5_3v_one_used_feasible,3,3,0.250000,999,115.798990,50.000000,128.298990,0.000000,,,0,1,,,,,0.392638,MEDIUM
ga,ex2_1v_infeasible,2,1,0.250000,9999,70.000000,0.000000,70.000000,0.000000,,,0,0,,,,,0.305522,MEDIUM
ga,ex3_3v_all_feasible,3,3,0.250000,999,162.000000,20.000000,167.000000,0.000000,,,0,1,,,,,0.390976,MEDIUM
ga,hfvrp_n001_m03_s01,1,3,0.250000,1787959093894599260,87.334995,168.337487,129.419366,0.000000,,,0,1,,,,,0.724149,BIG
ga,hfvrp_n001_m03_s02,1,3,0.250000,1787959159090878962,156.310634,50.546098,168.947159,0.000000,,,0,1,,,,,0.013437,DEFAULT
ga,hfvrp_n001_m03_s02,1,3,0.250000,1787959154813037600,156.310634,50.546098,168.947159,0.000000,,,0,1,,,,,0.001328,SMALL
ga,ex1_1v_feasible,2,1,0.250000,9999,84.142136,50.000000,96.642136,0.000000,,,0,1,,,,,0.885482,BIG
ga,ex1_1v_feasible,2,1,0.250000,19345,84.142136,50.000000,96.642136,0.000000,,,0,1,,,,,0.015019,DEFAULT
ga,ex1_1v_feasible,2,1,0.250000,19345,84.142136,50.000000,96.642136,0.000000,,,0,1,,,,,0.004087,SMALL
ga,ex2_1v_infeasible,2,1,0.250000,9999,70.000000,0.000000,70.000000,0.000000,,,0,0,,,,,0.897099,BIG
ga,ex2_1v_infeasible,2,1,0.250000,19345,70.000000,0.000000,70.000000,0.000000,,,0,0,,,,,0.016447,DEFAULT
ga,ex2_1v_infeasible,2,1,0.250000,19345,70.000000,0.000000,70.000000,0.000000,,,0,0,,,,,0.001669,SMALL
ga,hfvrp_n001_m03_s02,1,3,0.250000,1787959219242523637,156.310634,50.546098,168.947159,0.000000,,,0,1,,,,,0.244729,MEDIUM
ga,ex4_3v_infeasible,4,3,0.250000,200,141.798990,0.000000,141.798990,0.000000,,,0,0,,,,,1.315311,BIG
ga,ex1_1v_feasible,2,1,0.250000,19345,84.142136,50.000000,96.642136,0.000000,,,0,1,,,,,0.293387,MEDIUM
ga,ex5_3v_one_used_feasible,3,3,0.250000,999,115.798990,50.000000,128.298990,0.000000,,,0,1,,,,,1.144842,BIG
ga,ex4_3v_infeasible,4,3,0.250000,999,141.798990,0.000000,141.798990,0.000000,,,0,0,,,,,0.023652,DEFAULT
ga,ex4_3v_infeasible,4,3,0.250000,999,141.798990,0.000000,141.798990,0.000000,,,0,0,,,,,0.002422,SMALL
ga,ex5_3v_one_used_feasible,3,3,0.250000,1234,115.798990,50.000000,128.298990,0.000000,,,0,1,,,,,0.021212,DEFAULT
ga,ex5_3v_one_used_feasible,3,3,0.250000,1234,115.798990,50.000000,128.298990,0.000000,,,0,1,,,,,0.002074,SMALL
ga,ex2_1v_infeasible,2,1,0.250000,19345,70.000000,0.000000,70.000000,0.000000,,,0,0,,,,,0.296970,MEDIUM
ga,ex3_3v_all_feasible,3,3,0.250000,999,162.000000,20.000000,167.000000,0.000000,,,0,1,,,,,1.180132,BIG
ga,ex5_3v_one_used_feasible,3,3,0.250000,1234,115.798990,50.000000,128.298990,0.000000,,,0,1,,,,,0.374447,MEDIUM
ga,ex3_3v_all_feasible,3,3,0.250000,1234,162.000000,20.000000,167.000000,0.000000,,,0,1,,,,,0.022716,DEFAULT
ga,ex3_3v_all_feasible,3,3,0.250000,1234,162.000000,20.000000,167.000000,0.000000,,,0,1,,,,,0.004687,SMALL
ga,ex4_3v_infeasible,4,3,0.250000,999,141.798990,0.000000,141.798990,0.000000,,,0,0,,,,,0.435243,MEDIUM
ga,hfvrp_n001_m03_s02,1,3,0.250000,1787959223785990151,156.310634,50.546098,168.947159,0.000000,,,0,1,,,,,0.727913,BIG
ga,hfvrp_n001_m03_s02,1,3,0.250000,1,156.310634,50.546098,168.947159,0.000000,,,0,1,,,,,0.013786,DEFAULT
ga,hfvrp_n001_m03_s02,1,3,0.250000,1,156.310634,50.546098,168.947159,0.000000,,,0,1,,,,,0.001338,SMALL
ga,ex3_3v_all_feasible,3,3,0.250000,1234,162.000000,20.000000,167.000000,0.000000,,,0,1,,,,,0.388774,MEDIUM
ga,hfvrp_n001_m03_s02,1,3,0.250000,1,156.310634,50.546098,168.947159,0.000000,,,0,1,,,,,0.238326,MEDIUM
ga,ex1_1v_feasible,2,1,0.250000,19345,84.142136,50.000000,96.642136,0.000000,,,0,1,,,,,0.944014,BIG
ga,ex1_1v_feasible,2,1,0.250000,1787958834030546786,84.142136,50.000000,96.642136,0.000000,,,0,1,,,,,0.016368,DEFAULT
ga,ex1_1v_feasible,2,1,0.250000,1787958838348292379,84.142136,50.000000,96.642136,0.000000,,,0,1,,,,,0.003243,SMALL
ga,ex2_1v_infeasible,2,1,0.250000,19345,70.000000,0.000000,70.000000,0.000000,,,0,0,,,,,0.893047,BIG
ga,ex2_1v_infeasible,2,1,0.250000,1787958932867092150,70.000000,0.000000,70.000000,0.000000,,,0,0,,,,,0.015088,DEFAULT
ga,ex2_1v_infeasible,2,1,0.250000,1787958937184935373,70.000000,0.000000,70.000000,0.000000,,,0,0,,,,,0.003016,SMALL
ga,ex1_1v_feasible,2,1,0.250000,1787958911369885607,84.142136,50.000000,96.642136,0.000000,,,0,1,,,,,0.293163,MEDIUM
ga,ex2_1v_infeasible,2,1,0.250000,1787958941490839487,70.000000,0.000000,70.000000,0.000000,,,0,0,,,,,0.301382,MEDIUM
ga,ex5_3v_one_used_feasible,3,3,0.250000,1234,115.798990,50.000000,128.298990,0.000000,,,0,1,,,,,1.141441,BIG
ga,ex5_3v_one_used_feasible,3,3,0.250000,9999,115.798990,50.000000,128.298990,0.000000,,,0,1,,,,,0.022415,DEFAULT
ga,ex5_3v_one_used_feasible,3,3,0.250000,9999,115.798990,50.000000,128.298990,0.000000,,,0,1,,,,,0.001924,SMALL
ga,hfvrp_n001_m03_s02,1,3,0.250000,1,156.310634,50.546098,168.947159,0.000000,,,0,1,,,,,0.724995,BIG
ga,hfvrp_n001_m03_s02,1,3,0.250000,10,156.310634,50.546098,168.947159,0.000000,,,0,1,,,,,0.013663,DEFAULT
ga,hfvrp_n001_m03_s02,1,3,0.250000,10,156.310634,50.546098,168.947159,0.000000,,,0,1,,,,,0.001234,SMALL
ga,ex4_3v_infeasible,4,3,0.250000,999,141.798990,0.000000,141.798990,0.000000,,,0,0,,,,,1.322650,BIG
ga,ex4_3v_infeasible,4,3,0.250000,1234,141.798990,0.000000,141.798990,0.000000,,,0,0,,,,,0.024337,DEFAULT
ga,ex4_3v_infeasible,4,3,0.250000,1234,141.798990,0.000000,141.798990,0.000000,,,0,0,,,,,0.006639,SMALL
ga,hfvrp_n001_m03_s02,1,3,0.250000,10,156.310634,50.546098,168.947159,0.000000,,,0,1,,,,,0.248837,MEDIUM
ga,ex5_3v_one_used_feasible,3,3,0.250000,9999,115.798990,50.000000,128.298990,0.000000,,,0,1,,,,,0.385631,MEDIUM
ga,ex3_3v_all_feasible,3,3,0.250000,1234,162.000000,20.000000,167.000000,0.000000,,,0,1,,,,,1.188731,BIG
ga,ex3_3v_all_feasible,3,3,0.250000,9999,162.000000,20.000000,167.000000,0.000000,,,0,1,,,,,0.022173,DEFAULT
ga,ex3_3v_all_feasible,3,3,0.250000,9999,162.000000,20.000000,167.000000,0.000000,,,0,1,,,,,0.002000,SMALL
ga,ex1_1v_feasible,2,1,0.250000,1787958877311874015,84.142136,50.000000,96.642136,0.000000,,,0,1,,,,,0.893484,BIG
ga,hfvrp_n001_m03_s03,1,3,0.250000,1787960789510363964,130.438737,0.000000,130.438737,0.000000,,,0,1,,,,,0.015758,DEFAULT
ga,hfvrp_n001_m03_s03,1,3,0.250000,1787960793826803537,130.438737,0.000000,130.438737,0.000000,,,0,1,,,,,0.002388,SMALL
ga,ex2_1v_infeasible,2,1,0.250000,1787958881670544919,70.000000,0.000000,70.000000,0.000000,,,0,0,,,,,0.920500,BIG
ga,ex4_3v_infeasible,4,3,0.250000,1234,141.798990,0.000000,141.798990,0.000000,,,0,0,,,,,0.444388,MEDIUM
ga,hfvrp_n001_m03_s04,1,3,0.250000,1787960862615547581,122.386776,0.000000,122.386776,0.000000,,,0,1,,,,,0.013432,DEFAULT
ga,hfvrp_n001_m03_s04,1,3,0.250000,1787960866927639031,122.386776,0.000000,122.386776,0.000000,,,0,1,,,,,0.001424,SMALL
ga,ex3_3v_all_feasible,3,3,0.250000,9999,162.000000,20.000000,167.000000,0.000000,,,0,1,,,,,0.400952,MEDIUM
ga,hfvrp_n001_m03_s03,1,3,0.250000,1787960798127962065,130.438737,0.000000,130.438737,0.000000,,,0,1,,,,,0.244322,MEDIUM
ga,hfvrp_n001_m03_s04,1,3,0.250000,1787960802508248038,122.386776,0.000000,122.386776,0.000000,,,0,1,,,,,0.238887,MEDIUM
ga,hfvrp_n001_m03_s02,1,3,0.250000,10,156.310634,50.546098,168.947159,0.000000,,,0,1,,,,,0.737348,BIG
ga,hfvrp_n001_m03_s02,1,3,0.250000,50,156.310634,50.546098,168.947159,0.000000,,,0,1,,,,,0.015062,DEFAULT
ga,hfvrp_n001_m03_s02,1,3,0.250000,50,156.310634,50.546098,168.947159,0.000000,,,0,1,,,,,0.002213,SMALL
ga,hfvrp_n001_m03_s02,1,3,0.250000,50,156.310634,50.546098,168.947159,0.000000,,,0,1,,,,,0.236387,MEDIUM
ga,ex5_3v_one_used_feasible,3,3,0.250000,9999,115.798990,50.000000,128.298990,0.000000,,,0,1,,,,,1.146817,BIG
ga,ex5_3v_one_used_feasible,3,3,0.250000,19345,115.798990,50.000000,128.298990,0.000000,,,0,1,,,,,0.023108,DEFAULT
ga,ex5_3v_one_used_feasible,3,3,0.250000,19345,115.798990,50.000000,128.298990,0.000000,,,0,1,,,,,0.006564,SMALL
ga,hfvrp_n001_m03_s03,1,3,0.250000,1787960811261104994,130.438737,0.000000,130.438737,0.000000,,,0,1,,,,,0.713901,BIG
ga,hfvrp_n001_m03_s03,1,3,0.250000,1,130.438737,0.000000,130.438737,0.000000,,,0,1,,,,,0.012350,DEFAULT
ga,hfvrp_n001_m03_s03,1,3,0.250000,1,130.438737,0.000000,130.438737,0.000000,,,0,1,,,,,0.003748,SMALL
ga,hfvrp_n001_m03_s04,1,3,0.250000,1787960815640608697,122.386776,0.000000,122.386776,0.000000,,,0,1,,,,,0.727429,BIG
ga,hfvrp_n001_m03_s04,1,3,0.250000,1,122.386776,0.000000,122.386776,0.000000,,,0,1,,,,,0.015960,DEFAULT
ga,hfvrp_n001_m03_s04,1,3,0.250000,1,122.386776,0.000000,122.386776,0.000000,,,0,1,,,,,0.002563,SMALL
ga,hfvrp_n001_m03_s03,1,3,0.250000,1,130.438737,0.000000,130.438737,0.000000,,,0,1,,,,,0.238864,MEDIUM
ga,ex5_3v_one_used_feasible,3,3,0.250000,19345,115.798990,50.000000,128.298990,0.000000,,,0,1,,,,,0.381172,MEDIUM
ga,hfvrp_n001_m03_s04,1,3,0.250000,1,122.386776,0.000000,122.386776,0.000000,,,0,1,,,,,0.238461,MEDIUM
ga,ex4_3v_infeasible,4,3,0.250000,1234,141.798990,0.000000,141.798990,0.000000,,,0,0,,,,,1.310536,BIG
ga,ex3_3v_all_feasible,3,3,0.250000,9999,162.000000,20.000000,167.000000,0.000000,,,0,1,,,,,1.182116,BIG
ga,ex4_3v_infeasible,4,3,0.250000,9999,141.798990,0.000000,141.798990,0.000000,,,0,0,,,,,0.021650,DEFAULT
ga,hfvrp_n001_m03_s02,1,3,0.250000,50,156.310634,50.546098,168.947159,0.000000,,,0,1,,,,,0.730414,BIG
ga,ex4_3v_infeasible,4,3,0.250000,9999,141.798990,0.000000,141.798990,0.000000,,,0,0,,,,,0.006447,SMALL
ga,ex3_3v_all_feasible,3,3,0.250000,19345,162.000000,20.000000,167.000000,0.000000,,,0,1,,,,,0.022110,DEFAULT
ga,hfvrp_n001_m03_s02,1,3,0.250000,75,156.310634,50.546098,168.947159,0.000000,,,0,1,,,,,0.014794,DEFAULT
ga,ex3_3v_all_feasible,3,3,0.250000,19345,162.000000,20.000000,167.000000,0.000000,,,0,1,,,,,0.002804,SMALL
ga,hfvrp_n001_m03_s02,1,3,0.250000,75,156.310634,50.546098,168.947159,0.000000,,,0,1,,,,,0.001354,SMALL
ga,hfvrp_n001_m03_s02,1,3,0.250000,75,156.310634,50.546098,168.947159,0.000000,,,0,1,,,,,0.237756,MEDIUM
ga,ex3_3v_all_feasible,3,3,0.250000,19345,162.000000,20.000000,167.000000,0.000000,,,0,1,,,,,0.386221,MEDIUM
ga,ex4_3v_infeasible,4,3,0.250000,9999,141.798990,0.000000,141.798990,0.000000,,,0,0,,,,,0.434206,MEDIUM
ga,hfvrp_n001_m03_s03,1,3,0.250000,1,130.438737,0.000000,130.438737,0.000000,,,0,1,,,,,0.721986,BIG
ga,hfvrp_n001_m03_s03,1,3,0.250000,10,130.438737,0.000000,130.438737,0.000000,,,0,1,,,,,0.017218,DEFAULT
ga,hfvrp_n001_m03_s03,1,3,0.250000,10,130.438737,0.000000,130.438737,0.000000,,,0,1,,,,,0.004206,SMALL
ga,hfvrp_n001_m03_s04,1,3,0.250000,1,122.386776,0.000000,122.386776,0.000000,,,0,1,,,,,0.728689,BIG
ga,hfvrp_n001_m03_s04,1,3,0.250000,10,122.386776,0.000000,122.386776,0.000000,,,0,1,,,,,0.016125,DEFAULT
ga,hfvrp_n001_m03_s04,1,3,0.250000,10,122.386776,0.000000,122.386776,0.000000,,,0,1,,,,,0.002658,SMALL
ga,hfvrp_n001_m03_s03,1,3,0.250000,10,130.438737,0.000000,130.438737,0.000000,,,0,1,,,,,0.240593,MEDIUM
ga,hfvrp_n001_m03_s04,1,3,0.250000,10,122.386776,0.000000,122.386776,0.000000,,,0,1,,,,,0.238205,MEDIUM
ga,hfvrp_n001_m03_s02,1,3,0.250000,75,156.310634,50.546098,168.947159,0.000000,,,0,1,,,,,0.716867,BIG
ga,hfvrp_n001_m03_s02,1,3,0.250000,100,156.310634,50.546098,168.947159,0.000000,,,0,1,,,,,0.012174,DEFAULT
ga,hfvrp_n001_m03_s02,1,3,0.250000,100,156.310634,50.546098,168.947159,0.000000,,,0,1,,,,,0.003029,SMALL
ga,ex5_3v_one_used_feasible,3,3,0.250000,19345,115.798990,50.000000,128.298990,0.000000,,,0,1,,,,,1.142480,BIG
ga,ex5_3v_one_used_feasible,3,3,0.250000,1787960620236868234,115.798990,50.000000,128.298990,0.000000,,,0,1,,,,,0.019122,DEFAULT
ga,ex5_3v_one_used_feasible,3,3,0.250000,1787960152112553910,115.798990,50.000000,128.298990,0.000000,,,0,1,,,,,0.005809,SMALL
ga,hfvrp_n001_m03_s02,1,3,0.250000,100,156.310634,50.546098,168.947159,0.000000,,,0,1,,,,,0.241274,MEDIUM
ga,ex5_3v_one_used_feasible,3,3,0.250000,1787960147828906824,115.798990,50.000000,128.298990,0.000000,,,0,1,,,,,0.375074,MEDIUM
ga,hfvrp_n001_m03_s03,1,3,0.250000,10,130.438737,0.000000,130.438737,0.000000,,,0,1,,,,,0.750004,BIG
ga,ex3_3v_all_feasible,3,3,0.250000,19345,162.000000,20.000000,167.000000,0.000000,,,0,1,,,,,1.181595,BIG
ga,hfvrp_n001_m03_s03,1,3,0.250000,50,130.438737,0.000000,130.438737,0.000000,,,0,1,,,,,0.016057,DEFAULT
ga,ex3_3v_all_feasible,3,3,0.250000,1787960131153168508,162.000000,20.000000,167.000000,0.000000,,,0,1,,,,,0.021339,DEFAULT
ga,ex3_3v_all_feasible,3,3,0.250000,1787960139768218654,162.000000,20.000000,167.000000,0.000000,,,0,1,,,,,0.002152,SMALL
ga,hfvrp_n001_m03_s03,1,3,0.250000,50,130.438737,0.000000,130.438737,0.000000,,,0,1,,,,,0.002559,SMALL
ga,hfvrp_n001_m03_s04,1,3,0.250000,10,122.386776,0.000000,122.386776,0.000000,,,0,1,,,,,0.728863,BIG
ga,hfvrp_n001_m03_s04,1,3,0.250000,50,122.386776,0.000000,122.386776,0.000000,,,0,1,,,,,0.012415,DEFAULT
ga,hfvrp_n001_m03_s04,1,3,0.250000,50,122.386776,0.000000,122.386776,0.000000,,,0,1,,,,,0.002457,SMALL
ga,ex4_3v_infeasible,4,3,0.250000,9999,141.798990,0.000000,141.798990,0.000000,,,0,0,,,,,1.315433,BIG
ga,ex4_3v_infeasible,4,3,0.250000,19345,141.798990,0.000000,141.798990,0.000000,,,0,0,,,,,0.022930,DEFAULT
ga,ex4_3v_infeasible,4,3,0.250000,19345,141.798990,0.000000,141.798990,0.000000,,,0,0,,,,,0.002231,SMALL
ga,hfvrp_n001_m03_s03,1,3,0.250000,50,130.438737,0.000000,130.438737,0.000000,,,0,1,,,,,0.245972,MEDIUM
ga,hfvrp_n001_m03_s04,1,3,0.250000,50,122.386776,0.000000,122.386776,0.000000,,,0,1,,,,,0.246993,MEDIUM
ga,hfvrp_n001_m03_s02,1,3,0.250000,100,156.310634,50.546098,168.947159,0.000000,,,0,1,,,,,0.741516,BIG
ga,ex3_3v_all_feasible,3,3,0.250000,1787960221378587180,162.000000,20.000000,167.000000,0.000000,,,0,1,,,,,0.397090,MEDIUM
ga,hfvrp_n001_m03_s02,1,3,0.250000,200,156.310634,50.546098,168.947159,0.000000,,,0,1,,,,,0.014272,DEFAULT
ga,hfvrp_n001_m03_s02,1,3,0.250000,200,156.310634,50.546098,168.947159,0.000000,,,0,1,,,,,0.003702,SMALL
ga,ex4_3v_infeasible,4,3,0.250000,19345,141.798990,0.000000,141.798990,0.000000,,,0,0,,,,,0.441832,MEDIUM
ga,hfvrp_n001_m03_s02,1,3,0.250000,200,156.310634,50.546098,168.947159,0.000000,,,0,1,,,,,0.238986,MEDIUM
ga,hfvrp_n001_m03_s03,1,3,0.250000,50,130.438737,0.000000,130.438737,0.000000,,,0,1,,,,,0.719892,BIG
ga,ex5_3v_one_used_feasible,3,3,0.250000,1787960156798707002,115.798990,50.000000,128.298990,0.000000,,,0,1,,,,,1.149581,BIG
ga,hfvrp_n001_m03_s03,1,3,0.250000,75,130.438737,0.000000,130.438737,0.000000,,,0,1,,,,,0.016817,DEFAULT
ga,hfvrp_n001_m03_s03,1,3,0.250000,75,130.438737,0.000000,130.438737,0.000000,,,0,1,,,,,0.001329,SMALL
ga,hfvrp_n001_m03_s05,1,3,0.250000,1787959878819942655,89.097550,34.548775,97.734744,0.000000,,,0,1,,,,,0.013348,DEFAULT
ga,hfvrp_n001_m03_s05,1,3,0.250000,1787959874541910331,89.097550,34.548775,97.734744,0.000000,,,0,1,,,,,0.001231,SMALL
ga,hfvrp_n001_m03_s04,1,3,0.250000,50,122.386776,0.000000,122.386776,0.000000,,,0,1,,,,,0.745157,BIG
ga,hfvrp_n001_m03_s04,1,3,0.250000,75,122.386776,0.000000,122.386776,0.000000,,,0,1,,,,,0.013002,DEFAULT
ga,hfvrp_n001_m03_s04,1,3,0.250000,75,122.386776,0.000000,122.386776,0.000000,,,0,1,,,,,0.001242,SMALL
ga,hfvrp_n001_m03_s03,1,3,0.250000,75,130.438737,0.000000,130.438737,0.000000,,,0,1,,,,,0.246604,MEDIUM
ga,hfvrp_n001_m03_s05,1,3,0.250000,1787959887432994302,89.097550,34.548775,97.734744,0.000000,,,0,1,,,,,0.244191,MEDIUM
ga,hfvrp_n001_m03_s04,1,3,0.250000,75,122.386776,0.000000,122.386776,0.000000,,,0,1,,,,,0.238106,MEDIUM
ga,hfvrp_n001_m03_s02,1,3,0.250000,200,156.310634,50.546098,168.947159,0.000000,,,0,1,,,,,0.720085,BIG
ga,hfvrp_n001_m03_s02,1,3,0.250000,999,156.310634,50.546098,168.947159,0.000000,,,0,1,,,,,0.015773,DEFAULT
ga,hfvrp_n001_m03_s02,1,3,0.250000,999,156.310634,50.546098,168.947159,0.000000,,,0,1,,,,,0.002325,SMALL
ga,ex3_3v_all_feasible,3,3,0.250000,1787960311973889942,162.000000,20.000000,167.000000,0.000000,,,0,1,,,,,1.174963,BIG
ga,hfvrp_n002_m03_s01,2,3,0.250000,1787960012553946475,262.852855,468.007587,379.854751,0.000000,,,0,1,,,,,0.019962,DEFAULT
ga,hfvrp_n002_m03_s01,2,3,0.250000,1787960025462591196,262.852855,468.007587,379.854751,0.000000,,,0,1,,,,,0.001761,SMALL
ga,hfvrp_n001_m03_s02,1,3,0.250000,999,156.310634,50.546098,168.947159,0.000000,,,0,1,,,,,0.245900,MEDIUM
ga,ex4_3v_infeasible,4,3,0.250000,19345,141.798990,0.000000,141.798990,0.000000,,,0,0,,,,,1.323319,BIG
ga,hfvrp_n002_m03_s01,2,3,0.250000,1787960021173028174,262.852855,468.007587,379.854751,0.000000,,,0,1,,,,,0.319053,MEDIUM
ga,ex4_3v_infeasible,4,3,0.250000,1787959978516252981,141.798990,0.000000,141.798990,0.000000,,,0,0,,,,,0.026435,DEFAULT
ga,ex4_3v_infeasible,4,3,0.250000,1787959991432957815,141.798990,0.000000,141.798990,0.000000,,,0,0,,,,,0.004631,SMALL
ga,hfvrp_n001_m03_s03,1,3,0.250000,75,130.438737,0.000000,130.438737,0.000000,,,0,1,,,,,0.732604,BIG
ga,hfvrp_n001_m03_s03,1,3,0.250000,100,130.438737,0.000000,130.438737,0.000000,,,0,1,,,,,0.014160,DEFAULT
ga,hfvrp_n001_m03_s05,1,3,0.250000,1787959849026454315,89.097550,34.548775,97.734744,0.000000,,,0,1,,,,,0.736759,BIG
ga,hfvrp_n001_m03_s03,1,3,0.250000,100,130.438737,0.000000,130.438737,0.000000,,,0,1,,,,,0.004167,SMALL
ga,hfvrp_n001_m03_s05,1,3,0.250000,1,89.097550,34.548775,97.734744,0.000000,,,0,1,,,,,0.016374,DEFAULT
ga,hfvrp_n001_m03_s05,1,3,0.250000,1,89.097550,34.548775,97.734744,0.000000,,,0,1,,,,,0.002567,SMALL
ga,hfvrp_n001_m03_s04,1,3,0.250000,75,122.386776,0.000000,122.386776,0.000000,,,0,1,,,,,0.737806,BIG
ga,hfvrp_n001_m03_s04,1,3,0.250000,100,122.386776,0.000000,122.386776,0.000000,,,0,1,,,,,0.012395,DEFAULT
ga,hfvrp_n001_m03_s04,1,3,0.250000,100,122.386776,0.000000,122.386776,0.000000,,,0,1,,,,,0.001333,SMALL
ga,hfvrp_n001_m03_s03,1,3,0.250000,100,130.438737,0.000000,130.438737,0.000000,,,0,1,,,,,0.245777,MEDIUM
ga,hfvrp_n001_m03_s05,1,3,0.250000,1,89.097550,34.548775,97.734744,0.000000,,,0,1,,,,,0.244396,MEDIUM
ga,hfvrp_n001_m03_s04,1,3,0.250000,100,122.386776,0.000000,122.386776,0.000000,,,0,1,,,,,0.238530,MEDIUM
ga,hfvrp_n001_m03_s02,1,3,0.250000,999,156.310634,50.546098,168.947159,0.000000,,,0,1,,,,,0.729324,BIG
ga,ex4_3v_infeasible,4,3,0.250000,1787960000031114789,141.798990,0.000000,141.798990,0.000000,,,0,0,,,,,0.440495,MEDIUM
ga,hfvrp_n001_m03_s02,1,3,0.250000,1234,156.310634,50.546098,168.947159,0.000000,,,0,1,,,,,0.013405,DEFAULT
ga,hfvrp_n001_m03_s02,1,3,0.250000,1234,156.310634,50.546098,168.947159,0.000000,,,0,1,,,,,0.001327,SMALL
ga,hfvrp_n001_m03_s02,1,3,0.250000,1234,156.310634,50.546098,168.947159,0.000000,,,0,1,,,,,0.246430,MEDIUM
ga,hfvrp_n002_m03_s01,2,3,0.250000,1787959987140902043,262.852855,468.007587,379.854751,0.000000,,,0,1,,,,,0.966457,BIG
ga,hfvrp_n002_m03_s01,2,3,0.250000,1,262.852855,468.007587,379.854751,0.000000,,,0,1,,,,,0.020293,DEFAULT
ga,hfvrp_n002_m03_s01,2,3,0.250000,1,262.852855,468.007587,379.854751,0.000000,,,0,1,,,,,0.003328,SMALL
ga,hfvrp_n001_m03_s03,1,3,0.250000,100,130.438737,0.000000,130.438737,0.000000,,,0,1,,,,,0.722000,BIG
ga,hfvrp_n001_m03_s03,1,3,0.250000,200,130.438737,0.000000,130.438737,0.000000,,,0,1,,,,,0.012378,DEFAULT
ga,hfvrp_n001_m03_s03,1,3,0.250000,200,130.438737,0.000000,130.438737,0.000000,,,0,1,,,,,0.001339,SMALL
ga,hfvrp_n001_m03_s05,1,3,0.250000,1,89.097550,34.548775,97.734744,0.000000,,,0,1,,,,,0.730969,BIG
ga,hfvrp_n001_m03_s05,1,3,0.250000,10,89.097550,34.548775,97.734744,0.000000,,,0,1,,,,,0.017122,DEFAULT
ga,hfvrp_n001_m03_s05,1,3,0.250000,10,89.097550,34.548775,97.734744,0.000000,,,0,1,,,,,0.002874,SMALL
ga,hfvrp_n001_m03_s04,1,3,0.250000,100,122.386776,0.000000,122.386776,0.000000,,,0,1,,,,,0.757889,BIG
ga,hfvrp_n001_m03_s04,1,3,0.250000,200,122.386776,0.000000,122.386776,0.000000,,,0,1,,,,,0.012392,DEFAULT
ga,hfvrp_n001_m03_s04,1,3,0.250000,200,122.386776,0.000000,122.386776,0.000000,,,0,1,,,,,0.001325,SMALL
ga,hfvrp_n001_m03_s03,1,3,0.250000,200,130.438737,0.000000,130.438737,0.000000,,,0,1,,,,,0.249077,MEDIUM
ga,hfvrp_n002_m03_s01,2,3,0.250000,1,262.852855,468.007587,379.854751,0.000000,,,0,1,,,,,0.327814,MEDIUM
ga,hfvrp_n001_m03_s05,1,3,0.250000,10,89.097550,34.548775,97.734744,0.000000,,,0,1,,,,,0.245494,MEDIUM
ga,hfvrp_n001_m03_s04,1,3,0.250000,200,122.386776,0.000000,122.386776,0.000000,,,0,1,,,,,0.243719,MEDIUM
ga,hfvrp_n001_m03_s02,1,3,0.250000,1234,156.310634,50.546098,168.947159,0.000000,,,0,1,,,,,0.729022,BIG
ga,hfvrp_n001_m03_s02,1,3,0.250000,9999,156.310634,50.546098,168.947159,0.000000,,,0,1,,,,,0.014951,DEFAULT
ga,hfvrp_n001_m03_s02,1,3,0.250000,9999,156.310634,50.546098,168.947159,0.000000,,,0,1,,,,,0.002713,SMALL
ga,hfvrp_n001_m03_s02,1,3,0.250000,9999,156.310634,50.546098,168.947159,0.000000,,,0,1,,,,,0.237648,MEDIUM
ga,ex4_3v_infeasible,4,3,0.250000,1787961778594118825,141.798990,0.000000,141.798990,0.000000,,,0,0,,,,,1.321889,BIG
ga,hfvrp_n002_m03_s02,2,3,0.250000,1787961526561657861,139.033247,41.343143,149.369033,0.000000,,,0,1,,,,,0.017521,DEFAULT
ga,hfvrp_n002_m03_s02,2,3,0.250000,1787961548059484171,139.033247,41.343143,149.369033,0.000000,,,0,1,,,,,0.003894,SMALL
ga,hfvrp_n001_m03_s03,1,3,0.250000,200,130.438737,0.000000,130.438737,0.000000,,,0,1,,,,,0.730459,BIG
ga,hfvrp_n001_m03_s03,1,3,0.250000,999,130.438737,0.000000,130.438737,0.000000,,,0,1,,,,,0.014154,DEFAULT
ga,hfvrp_n001_m03_s05,1,3,0.250000,10,89.097550,34.548775,97.734744,0.000000,,,0,1,,,,,0.729977,BIG
ga,hfvrp_n001_m03_s03,1,3,0.250000,999,130.438737,0.000000,130.438737,0.000000,,,0,1,,,,,0.004422,SMALL
ga,hfvrp_n001_m03_s05,1,3,0.250000,50,89.097550,34.548775,97.734744,0.000000,,,0,1,,,,,0.012449,DEFAULT
ga,hfvrp_n001_m03_s05,1,3,0.250000,50,89.097550,34.548775,97.734744,0.000000,,,0,1,,,,,0.001327,SMALL
ga,hfvrp_n001_m03_s04,1,3,0.250000,200,122.386776,0.000000,122.386776,0.000000,,,0,1,,,,,0.732205,BIG
ga,hfvrp_n002_m03_s02,2,3,0.250000,1787961552364259958,139.033247,41.343143,149.369033,0.000000,,,0,1,,,,,0.312648,MEDIUM
ga,hfvrp_n001_m03_s04,1,3,0.250000,999,122.386776,0.000000,122.386776,0.000000,,,0,1,,,,,0.012791,DEFAULT
ga,hfvrp_n001_m03_s04,1,3,0.250000,999,122.386776,0.000000,122.386776,0.000000,,,0,1,,,,,0.001328,SMALL
ga,hfvrp_n002_m03_s01,2,3,0.250000,1,262.852855,468.007587,379.854751,0.000000,,,0,1,,,,,0.969023,BIG
ga,hfvrp_n002_m03_s01,2,3,0.250000,10,262.852855,468.007587,379.854751,0.000000,,,0,1,,,,,0.017530,DEFAULT
ga,hfvrp_n002_m03_s01,2,3,0.250000,10,262.852855,468.007587,379.854751,0.000000,,,0,1,,,,,0.001744,SMALL
ga,hfvrp_n001_m03_s03,1,3,0.250000,999,130.438737,0.000000,130.438737,0.000000,,,0,1,,,,,0.250559,MEDIUM
ga,hfvrp_n001_m03_s05,1,3,0.250000,50,89.097550,34.548775,97.734744,0.000000,,,0,1,,,,,0.253107,MEDIUM
ga,hfvrp_n001_m03_s04,1,3,0.250000,999,122.386776,0.000000,122.386776,0.000000,,,0,1,,,,,0.250541,MEDIUM
ga,hfvrp_n001_m03_s02,1,3,0.250000,9999,156.310634,50.546098,168.947159,0.000000,,,0,1,,,,,0.740344,BIG
ga,hfvrp_n001_m03_s02,1,3,0.250000,19345,156.310634,50.546098,168.947159,0.000000,,,0,1,,,,,0.012420,DEFAULT
ga,hfvrp_n001_m03_s02,1,3,0.250000,19345,156.310634,50.546098,168.947159,0.000000,,,0,1,,,,,0.002389,SMALL
ga,hfvrp_n002_m03_s01,2,3,0.250000,10,262.852855,468.007587,379.854751,0.000000,,,0,1,,,,,0.326335,MEDIUM
ga,hfvrp_n001_m03_s02,1,3,0.250000,19345,156.310634,50.546098,168.947159,0.000000,,,0,1,,,,,0.241579,MEDIUM
ga,hfvrp_n002_m03_s02,2,3,0.250000,1787961565566911831,139.033247,41.343143,149.369033,0.000000,,,0,1,,,,,0.937412,BIG
ga,hfvrp_n001_m03_s03,1,3,0.250000,999,130.438737,0.000000,130.438737,0.000000,,,0,1,,,,,0.735270,BIG
ga,hfvrp_n002_m03_s02,2,3,0.250000,1,139.033247,41.343143,149.369033,0.000000,,,0,1,,,,,0.015830,DEFAULT
ga,hfvrp_n001_m03_s05,1,3,0.250000,50,89.097550,34.548775,97.734744,0.000000,,,0,1,,,,,0.725657,BIG
ga,hfvrp_n002_m03_s02,2,3,0.250000,1,139.033247,41.343143,149.369033,0.000000,,,0,1,,,,,0.004845,SMALL
ga,hfvrp_n001_m03_s03,1,3,0.250000,1234,130.438737,0.000000,130.438737,0.000000,,,0,1,,,,,0.012422,DEFAULT
ga,hfvrp_n001_m03_s03,1,3,0.250000,1234,130.438737,0.000000,130.438737,0.000000,,,0,1,,,,,0.001401,SMALL
ga,hfvrp_n001_m03_s05,1,3,0.250000,75,89.097550,34.548775,97.734744,0.000000,,,0,1,,,,,0.012490,DEFAULT
ga,hfvrp_n001_m03_s05,1,3,0.250000,75,89.097550,34.548775,97.734744,0.000000,,,0,1,,,,,0.001330,SMALL
ga,hfvrp_n001_m03_s04,1,3,0.250000,999,122.386776,0.000000,122.386776,0.000000,,,0,1,,,,,0.722223,BIG
ga,hfvrp_n001_m03_s04,1,3,0.250000,1234,122.386776,0.000000,122.386776,0.000000,,,0,1,,,,,0.012413,DEFAULT
ga,hfvrp_n001_m03_s04,1,3,0.250000,1234,122.386776,0.000000,122.386776,0.000000,,,0,1,,,,,0.003748,SMALL
ga,hfvrp_n001_m03_s03,1,3,0.250000,1234,130.438737,0.000000,130.438737,0.000000,,,0,1,,,,,0.241583,MEDIUM
ga,hfvrp_n001_m03_s05,1,3,0.250000,75,89.097550,34.548775,97.734744,0.000000,,,0,1,,,,,0.241922,MEDIUM
ga,hfvrp_n001_m03_s04,1,3,0.250000,1234,122.386776,0.000000,122.386776,0.000000,,,0,1,,,,,0.241694,MEDIUM
ga,hfvrp_n002_m03_s02,2,3,0.250000,1,139.033247,41.343143,149.369033,0.000000,,,0,1,,,,,0.311941,MEDIUM
ga,hfvrp_n001_m03_s02,1,3,0.250000,19345,156.310634,50.546098,168.947159,0.000000,,,0,1,,,,,0.732764,BIG
ga,hfvrp_n001_m03_s02,1,3,0.250000,1787961322099310108,156.310634,50.546098,168.947159,0.000000,,,0,1,,,,,0.012936,DEFAULT
ga,hfvrp_n001_m03_s02,1,3,0.250000,1787961343590661391,156.310634,50.546098,168.947159,0.000000,,,0,1,,,,,0.001250,SMALL
ga,hfvrp_n002_m03_s01,2,3,0.250000,10,262.852855,468.007587,379.854751,0.000000,,,0,1,,,,,0.962763,BIG
ga,hfvrp_n002_m03_s01,2,3,0.250000,50,262.852855,468.007587,379.854751,0.000000,,,0,1,,,,,0.017073,DEFAULT
ga,hfvrp_n002_m03_s01,2,3,0.250000,50,262.852855,468.007587,379.854751,0.000000,,,0,1,,,,,0.003364,SMALL
ga,hfvrp_n001_m03_s02,1,3,0.250000,1787961347894447606,156.310634,50.546098,168.947159,0.000000,,,0,1,,,,,0.245857,MEDIUM
ga,hfvrp_n002_m03_s01,2,3,0.250000,50,262.852855,468.007587,379.854751,0.000000,,,0,1,,,,,0.316518,MEDIUM
ga,hfvrp_n001_m03_s03,1,3,0.250000,1234,130.438737,0.000000,130.438737,0.000000,,,0,1,,,,,0.725341,BIG
ga,hfvrp_n001_m03_s03,1,3,0.250000,9999,130.438737,0.000000,130.438737,0.000000,,,0,1,,,,,0.013696,DEFAULT
ga,hfvrp_n001_m03_s03,1,3,0.250000,9999,130.438737,0.000000,130.438737,0.000000,,,0,1,,,,,0.001228,SMALL
ga,hfvrp_n001_m03_s04,1,3,0.250000,1234,122.386776,0.000000,122.386776,0.000000,,,0,1,,,,,0.726686,BIG
ga,hfvrp_n001_m03_s05,1,3,0.250000,75,89.097550,34.548775,97.734744,0.000000,,,0,1,,,,,0.790863,BIG
ga,hfvrp_n001_m03_s04,1,3,0.250000,9999,122.386776,0.000000,122.386776,0.000000,,,0,1,,,,,0.013757,DEFAULT
ga,hfvrp_n001_m03_s04,1,3,0.250000,9999,122.386776,0.000000,122.386776,0.000000,,,0,1,,,,,0.001334,SMALL
ga,hfvrp_n001_m03_s05,1,3,0.250000,100,89.097550,34.548775,97.734744,0.000000,,,0,1,,,,,0.016298,DEFAULT
ga,hfvrp_n001_m03_s05,1,3,0.250000,100,89.097550,34.548775,97.734744,0.000000,,,0,1,,,,,0.002200,SMALL
ga,hfvrp_n002_m03_s02,2,3,0.250000,1,139.033247,41.343143,149.369033,0.000000,,,0,1,,,,,0.937280,BIG
ga,hfvrp_n001_m03_s03,1,3,0.250000,9999,130.438737,0.000000,130.438737,0.000000,,,0,1,,,,,0.243611,MEDIUM
ga,hfvrp_n002_m03_s02,2,3,0.250000,10,139.033247,41.343143,149.369033,0.000000,,,0,1,,,,,0.015838,DEFAULT
ga,hfvrp_n002_m03_s02,2,3,0.250000,10,139.033247,41.343143,149.369033,0.000000,,,0,1,,,,,0.005052,SMALL
ga,hfvrp_n001_m03_s04,1,3,0.250000,9999,122.386776,0.000000,122.386776,0.000000,,,0,1,,,,,0.244649,MEDIUM
ga,hfvrp_n001_m03_s05,1,3,0.250000,100,89.097550,34.548775,97.734744,0.000000,,,0,1,,,,,0.244547,MEDIUM
ga,hfvrp_n001_m03_s02,1,3,0.250000,1787961313788865197,156.310634,50.546098,168.947159,0.000000,,,0,1,,,,,0.735831,BIG
ga,hfvrp_n002_m03_s03,2,3,0.250000,1787960945201187901,185.309216,25.338303,191.643792,0.000000,,,0,1,,,,,0.016933,DEFAULT
ga,hfvrp_n002_m03_s03,2,3,0.250000,1787960966696607992,185.309216,25.338303,191.643792,0.000000,,,0,1,,,,,0.001610,SMALL
ga,hfvrp_n002_m03_s02,2,3,0.250000,10,139.033247,41.343143,149.369033,0.000000,,,0,1,,,,,0.315966,MEDIUM
ga,hfvrp_n002_m03_s03,2,3,0.250000,1787960971001549143,185.309216,25.338303,191.643792,0.000000,,,0,1,,,,,0.321114,MEDIUM
ga,hfvrp_n002_m03_s01,2,3,0.250000,50,262.852855,468.007587,379.854751,0.000000,,,0,1,,,,,0.974391,BIG
ga,hfvrp_n002_m03_s01,2,3,0.250000,75,262.852855,468.007587,379.854751,0.000000,,,0,1,,,,,0.018623,DEFAULT
ga,hfvrp_n002_m03_s01,2,3,0.250000,75,262.852855,468.007587,379.854751,0.000000,,,0,1,,,,,0.003385,SMALL
ga,hfvrp_n001_m03_s03,1,3,0.250000,9999,130.438737,0.000000,130.438737,0.000000,,,0,1,,,,,0.728042,BIG
ga,hfvrp_n001_m03_s03,1,3,0.250000,19345,130.438737,0.000000,130.438737,0.000000,,,0,1,,,,,0.013587,DEFAULT
ga,hfvrp_n001_m03_s03,1,3,0.250000,19345,130.438737,0.000000,130.438737,0.000000,,,0,1,,,,,0.001272,SMALL
ga,hfvrp_n001_m03_s04,1,3,0.250000,9999,122.386776,0.000000,122.386776,0.000000,,,0,1,,,,,0.730311,BIG
ga,hfvrp_n001_m03_s04,1,3,0.250000,19345,122.386776,0.000000,122.386776,0.000000,,,0,1,,,,,0.012400,DEFAULT
ga,hfvrp_n001_m03_s04,1,3,0.250000,19345,122.386776,0.000000,122.386776,0.000000,,,0,1,,,,,0.001229,SMALL
ga,hfvrp_n001_m03_s05,1,3,0.250000,100,89.097550,34.548775,97.734744,0.000000,,,0,1,,,,,0.739674,BIG
ga,hfvrp_n001_m03_s05,1,3,0.250000,200,89.097550,34.548775,97.734744,0.000000,,,0,1,,,,,0.013284,DEFAULT
ga,hfvrp_n001_m03_s05,1,3,0.250000,200,89.097550,34.548775,97.734744,0.000000,,,0,1,,,,,0.001327,SMALL
ga,hfvrp_n002_m03_s01,2,3,0.250000,75,262.852855,468.007587,379.854751,0.000000,,,0,1,,,,,0.327963,MEDIUM
ga,hfvrp_n001_m03_s03,1,3,0.250000,19345,130.438737,0.000000,130.438737,0.000000,,,0,1,,,,,0.247124,MEDIUM
ga,hfvrp_n001_m03_s04,1,3,0.250000,19345,122.386776,0.000000,122.386776,0.000000,,,0,1,,,,,0.239616,MEDIUM
ga,hfvrp_n001_m03_s05,1,3,0.250000,200,89.097550,34.548775,97.734744,0.000000,,,0,1,,,,,0.237864,MEDIUM
ga,hfvrp_n002_m03_s02,2,3,0.250000,10,139.033247,41.343143,149.369033,0.000000,,,0,1,,,,,0.930313,BIG
ga,hfvrp_n002_m03_s02,2,3,0.250000,50,139.033247,41.343143,149.369033,0.000000,,,0,1,,,,,0.015888,DEFAULT
ga,hfvrp_n002_m03_s02,2,3,0.250000,50,139.033247,41.343143,149.369033,0.000000,,,0,1,,,,,0.003908,SMALL
ga,hfvrp_n002_m03_s03,2,3,0.250000,1787960962741282697,185.309216,25.338303,191.643792,0.000000,,,0,1,,,,,1.017141,BIG
ga,hfvrp_n002_m03_s03,2,3,0.250000,1,185.309216,25.338303,191.643792,0.000000,,,0,1,,,,,0.017669,DEFAULT
ga,hfvrp_n002_m03_s03,2,3,0.250000,1,185.309216,25.338303,191.643792,0.000000,,,0,1,,,,,0.001632,SMALL
ga,hfvrp_n002_m03_s02,2,3,0.250000,50,139.033247,41.343143,149.369033,0.000000,,,0,1,,,,,0.312236,MEDIUM
ga,hfvrp_n001_m03_s03,1,3,0.250000,19345,130.438737,0.000000,130.438737,0.000000,,,0,1,,,,,0.730448,BIG
ga,hfvrp_n001_m03_s03,1,3,0.250000,1787962896740960022,130.438737,0.000000,130.438737,0.000000,,,0,1,,,,,0.012359,DEFAULT
ga,hfvrp_n001_m03_s04,1,3,0.250000,19345,122.386776,0.000000,122.386776,0.000000,,,0,1,,,,,0.727352,BIG
ga,hfvrp_n001_m03_s03,1,3,0.250000,1787962926821846209,130.438737,0.000000,130.438737,0.000000,,,0,1,,,,,0.001332,SMALL
ga,hfvrp_n001_m03_s04,1,3,0.250000,1787962866706010065,122.386776,0.000000,122.386776,0.000000,,,0,1,,,,,0.012426,DEFAULT
ga,hfvrp_n001_m03_s04,1,3,0.250000,1787962862429948558,122.386776,0.000000,122.386776,0.000000,,,0,1,,,,,0.003068,SMALL
ga,hfvrp_n001_m03_s05,1,3,0.250000,200,89.097550,34.548775,97.734744,0.000000,,,0,1,,,,,0.728693,BIG
ga,hfvrp_n001_m03_s05,1,3,0.250000,999,89.097550,34.548775,97.734744,0.000000,,,0,1,,,,,0.016682,DEFAULT
ga,hfvrp_n001_m03_s05,1,3,0.250000,999,89.097550,34.548775,97.734744,0.000000,,,0,1,,,,,0.002565,SMALL
ga,hfvrp_n002_m03_s03,2,3,0.250000,1,185.309216,25.338303,191.643792,0.000000,,,0,1,,,,,0.339760,MEDIUM
ga,hfvrp_n002_m03_s01,2,3,0.250000,75,262.852855,468.007587,379.854751,0.000000,,,0,1,,,,,0.962935,BIG
ga,hfvrp_n002_m03_s01,2,3,0.250000,100,262.852855,468.007587,379.854751,0.000000,,,0,1,,,,,0.015492,DEFAULT
ga,hfvrp_n002_m03_s01,2,3,0.250000,100,262.852855,468.007587,379.854751,0.000000,,,0,1,,,,,0.004296,SMALL
ga,hfvrp_n001_m03_s03,1,3,0.250000,1787962875287380904,130.438737,0.000000,130.438737,0.000000,,,0,1,,,,,0.246362,MEDIUM
ga,hfvrp_n001_m03_s04,1,3,0.250000,1787962892502474393,122.386776,0.000000,122.386776,0.000000,,,0,1,,,,,0.245513,MEDIUM
ga,hfvrp_n001_m03_s05,1,3,0.250000,999,89.097550,34.548775,97.734744,0.000000,,,0,1,,,,,0.243105,MEDIUM
ga,hfvrp_n002_m03_s01,2,3,0.250000,100,262.852855,468.007587,379.854751,0.000000,,,0,1,,,,,0.319642,MEDIUM
ga,hfvrp_n002_m03_s02,2,3,0.250000,50,139.033247,41.343143,149.369033,0.000000,,,0,1,,,,,0.943952,BIG
ga,hfvrp_n002_m03_s02,2,3,0.250000,75,139.033247,41.343143,149.369033,0.000000,,,0,1,,,,,0.019542,DEFAULT
ga,hfvrp_n002_m03_s02,2,3,0.250000,75,139.033247,41.343143,149.369033,0.000000,,,0,1,,,,,0.003296,SMALL
ga,hfvrp_n001_m03_s03,1,3,0.250000,1787962961436836745,130.438737,0.000000,130.438737,0.000000,,,0,1,,,,,0.714152,BIG
ga,hfvrp_n001_m03_s04,1,3,0.250000,1787962957176282456,122.386776,0.000000,122.386776,0.000000,,,0,1,,,,,0.717566,BIG
ga,hfvrp_n002_m03_s04,2,3,0.250000,1787963078164347424,174.940044,35.445494,183.801418,0.000000,,,0,1,,,,,0.015856,DEFAULT
ga,hfvrp_n002_m03_s04,2,3,0.250000,1787962631507314692,174.940044,35.445494,183.801418,0.000000,,,0,1,,,,,0.001714,SMALL
ga,hfvrp_n002_m03_s05,2,3,0.250000,1787962652991411034,302.671304,316.313399,381.749654,0.000000,,,0,1,,,,,0.015853,DEFAULT
ga,hfvrp_n001_m03_s05,1,3,0.250000,999,89.097550,34.548775,97.734744,0.000000,,,0,1,,,,,0.729434,BIG
ga,hfvrp_n002_m03_s05,2,3,0.250000,1787962648716409015,302.671304,316.313399,381.749654,0.000000,,,0,1,,,,,0.001707,SMALL
ga,hfvrp_n001_m03_s05,1,3,0.250000,1234,89.097550,34.548775,97.734744,0.000000,,,0,1,,,,,0.012501,DEFAULT
ga,hfvrp_n001_m03_s05,1,3,0.250000,1234,89.097550,34.548775,97.734744,0.000000,,,0,1,,,,,0.001353,SMALL
ga,hfvrp_n002_m03_s03,2,3,0.250000,1,185.309216,25.338303,191.643792,0.000000,,,0,1,,,,,0.972005,BIG
ga,hfvrp_n002_m03_s03,2,3,0.250000,10,185.309216,25.338303,191.643792,0.000000,,,0,1,,,,,0.019464,DEFAULT
ga,hfvrp_n002_m03_s03,2,3,0.250000,10,185.309216,25.338303,191.643792,0.000000,,,0,1,,,,,0.004010,SMALL
ga,hfvrp_n002_m03_s02,2,3,0.250000,75,139.033247,41.343143,149.369033,0.000000,,,0,1,,,,,0.315034,MEDIUM
ga,hfvrp_n001_m03_s05,1,3,0.250000,1234,89.097550,34.548775,97.734744,0.000000,,,0,1,,,,,0.240697,MEDIUM
ga,hfvrp_n002_m03_s04,2,3,0.250000,1787962622925837642,174.940044,35.445494,183.801418,0.000000,,,0,1,,,,,0.313337,MEDIUM
ga,hfvrp_n002_m03_s05,2,3,0.250000,1787962597182301347,302.671304,316.313399,381.749654,0.000000,,,0,1,,,,,0.308457,MEDIUM
ga,hfvrp_n002_m03_s01,2,3,0.250000,100,262.852855,468.007587,379.854751,0.000000,,,0,1,,,,,0.961938,BIG
ga,hfvrp_n002_m03_s03,2,3,0.250000,10,185.309216,25.338303,191.643792,0.000000,,,0,1,,,,,0.317330,MEDIUM
ga,hfvrp_n002_m03_s01,2,3,0.250000,200,262.852855,468.007587,379.854751,0.000000,,,0,1,,,,,0.021155,DEFAULT
ga,hfvrp_n002_m03_s01,2,3,0.250000,200,262.852855,468.007587,379.854751,0.000000,,,0,1,,,,,0.003168,SMALL
ga,hfvrp_n002_m03_s01,2,3,0.250000,200,262.852855,468.007587,379.854751,0.000000,,,0,1,,,,,0.314075,MEDIUM
ga,hfvrp_n001_m03_s05,1,3,0.250000,1234,89.097550,34.548775,97.734744,0.000000,,,0,1,,,,,0.721401,BIG
ga,hfvrp_n002_m03_s02,2,3,0.250000,75,139.033247,41.343143,149.369033,0.000000,,,0,1,,,,,0.925043,BIG
ga,hfvrp_n001_m03_s05,1,3,0.250000,9999,89.097550,34.548775,97.734744,0.000000,,,0,1,,,,,0.014244,DEFAULT
ga,hfvrp_n001_m03_s05,1,3,0.250000,9999,89.097550,34.548775,97.734744,0.000000,,,0,1,,,,,0.001463,SMALL
ga,hfvrp_n002_m03_s02,2,3,0.250000,100,139.033247,41.343143,149.369033,0.000000,,,0,1,,,,,0.020115,DEFAULT
ga,hfvrp_n002_m03_s02,2,3,0.250000,100,139.033247,41.343143,149.369033,0.000000,,,0,1,,,,,0.002524,SMALL
ga,hfvrp_n002_m03_s04,2,3,0.250000,1787962709143447052,174.940044,35.445494,183.801418,0.000000,,,0,1,,,,,0.937143,BIG
ga,hfvrp_n002_m03_s05,2,3,0.250000,1787962670513314332,302.671304,316.313399,381.749654,0.000000,,,0,1,,,,,0.946166,BIG
ga,hfvrp_n002_m03_s04,2,3,0.250000,1,174.940044,35.445494,183.801418,0.000000,,,0,1,,,,,0.020100,DEFAULT
ga,hfvrp_n002_m03_s04,2,3,0.250000,1,174.940044,35.445494,183.801418,0.000000,,,0,1,,,,,0.001709,SMALL
ga,hfvrp_n001_m03_s05,1,3,0.250000,9999,89.097550,34.548775,97.734744,0.000000,,,0,1,,,,,0.243701,MEDIUM
ga,hfvrp_n002_m03_s05,2,3,0.250000,1,302.671304,316.313399,381.749654,0.000000,,,0,1,,,,,0.015838,DEFAULT
ga,hfvrp_n002_m03_s05,2,3,0.250000,1,302.671304,316.313399,381.749654,0.000000,,,0,1,,,,,0.003868,SMALL
ga,hfvrp_n002_m03_s03,2,3,0.250000,10,185.309216,25.338303,191.643792,0.000000,,,0,1,,,,,0.961570,BIG
ga,hfvrp_n002_m03_s02,2,3,0.250000,100,139.033247,41.343143,149.369033,0.000000,,,0,1,,,,,0.314250,MEDIUM
ga,hfvrp_n002_m03_s03,2,3,0.250000,50,185.309216,25.338303,191.643792,0.000000,,,0,1,,,,,0.017639,DEFAULT
ga,hfvrp_n002_m03_s03,2,3,0.250000,50,185.309216,25.338303,191.643792,0.000000,,,0,1,,,,,0.001761,SMALL
ga,hfvrp_n002_m03_s04,2,3,0.250000,1,174.940044,35.445494,183.801418,0.000000,,,0,1,,,,,0.315379,MEDIUM
ga,hfvrp_n002_m03_s05,2,3,0.250000,1,302.671304,316.313399,381.749654,0.000000,,,0,1,,,,,0.317334,MEDIUM
ga,hfvrp_n002_m03_s03,2,3,0.250000,50,185.309216,25.338303,191.643792,0.000000,,,0,1,,,,,0.314974,MEDIUM
ga,hfvrp_n002_m03_s01,2,3,0.250000,200,262.852855,468.007587,379.854751,0.000000,,,0,1,,,,,0.973395,BIG
ga,hfvrp_n002_m03_s01,2,3,0.250000,999,262.852855,468.007587,379.854751,0.000000,,,0,1,,,,,0.018609,DEFAULT
ga,hfvrp_n002_m03_s01,2,3,0.250000,999,262.852855,468.007587,379.854751,0.000000,,,0,1,,,,,0.003975,SMALL
ga,hfvrp_n001_m03_s05,1,3,0.250000,9999,89.097550,34.548775,97.734744,0.000000,,,0,1,,,,,0.727357,BIG
ga,hfvrp_n001_m03_s05,1,3,0.250000,19345,89.097550,34.548775,97.734744,0.000000,,,0,1,,,,,0.017823,DEFAULT
ga,hfvrp_n001_m03_s05,1,3,0.250000,19345,89.097550,34.548775,97.734744,0.000000,,,0,1,,,,,0.002567,SMALL
ga,hfvrp_n002_m03_s01,2,3,0.250000,999,262.852855,468.007587,379.854751,0.000000,,,0,1,,,,,0.319936,MEDIUM
ga,hfvrp_n001_m03_s05,1,3,0.250000,19345,89.097550,34.548775,97.734744,0.000000,,,0,1,,,,,0.241570,MEDIUM
ga,hfvrp_n002_m03_s02,2,3,0.250000,100,139.033247,41.343143,149.369033,0.000000,,,0,1,,,,,0.932629,BIG
ga,hfvrp_n002_m03_s02,2,3,0.250000,200,139.033247,41.343143,149.369033,0.000000,,,0,1,,,,,0.019929,DEFAULT
ga,hfvrp_n002_m03_s02,2,3,0.250000,200,139.033247,41.343143,149.369033,0.000000,,,0,1,,,,,0.003575,SMALL
ga,hfvrp_n002_m03_s04,2,3,0.250000,1,174.940044,35.445494,183.801418,0.000000,,,0,1,,,,,0.951447,BIG
ga,hfvrp_n002_m03_s05,2,3,0.250000,1,302.671304,316.313399,381.749654,0.000000,,,0,1,,,,,0.935259,BIG
ga,hfvrp_n002_m03_s04,2,3,0.250000,10,174.940044,35.445494,183.801418,0.000000,,,0,1,,,,,0.019918,DEFAULT
ga,hfvrp_n002_m03_s05,2,3,0.250000,10,302.671304,316.313399,381.749654,0.000000,,,0,1,,,,,0.016086,DEFAULT
ga,hfvrp_n002_m03_s05,2,3,0.250000,10,302.671304,316.313399,381.749654,0.000000,,,0,1,,,,,0.001710,SMALL
ga,hfvrp_n002_m03_s04,2,3,0.250000,10,174.940044,35.445494,183.801418,0.000000,,,0,1,,,,,0.003944,SMALL
ga,hfvrp_n002_m03_s02,2,3,0.250000,200,139.033247,41.343143,149.369033,0.000000,,,0,1,,,,,0.311114,MEDIUM
ga,hfvrp_n002_m03_s03,2,3,0.250000,50,185.309216,25.338303,191.643792,0.000000,,,0,1,,,,,0.972065,BIG
ga,hfvrp_n002_m03_s03,2,3,0.250000,75,185.309216,25.338303,191.643792,0.000000,,,0,1,,,,,0.015953,DEFAULT
ga,hfvrp_n002_m03_s03,2,3,0.250000,75,185.309216,25.338303,191.643792,0.000000,,,0,1,,,,,0.004905,SMALL
ga,hfvrp_n002_m03_s05,2,3,0.250000,10,302.671304,316.313399,381.749654,0.000000,,,0,1,,,,,0.307958,MEDIUM
ga,hfvrp_n002_m03_s04,2,3,0.250000,10,174.940044,35.445494,183.801418,0.000000,,,0,1,,,,,0.308428,MEDIUM
ga,hfvrp_n001_m03_s05,1,3,0.250000,19345,89.097550,34.548775,97.734744,0.000000,,,0,1,,,,,0.730397,BIG
ga,hfvrp_n002_m03_s03,2,3,0.250000,75,185.309216,25.338303,191.643792,0.000000,,,0,1,,,,,0.319546,MEDIUM
ga,hfvrp_n001_m03_s05,1,3,0.250000,1787962522934834700,89.097550,34.548775,97.734744,0.000000,,,0,1,,,,,0.012411,DEFAULT
ga,hfvrp_n001_m03_s05,1,3,0.250000,1787962531541184879,89.097550,34.548775,97.734744,0.000000,,,0,1,,,,,0.001335,SMALL
ga,hfvrp_n002_m03_s01,2,3,0.250000,999,262.852855,468.007587,379.854751,0.000000,,,0,1,,,,,0.969424,BIG
ga,hfvrp_n002_m03_s01,2,3,0.250000,1234,262.852855,468.007587,379.854751,0.000000,,,0,1,,,,,0.019094,DEFAULT
ga,hfvrp_n002_m03_s01,2,3,0.250000,1234,262.852855,468.007587,379.854751,0.000000,,,0,1,,,,,0.001636,SMALL
ga,hfvrp_n001_m03_s05,1,3,0.250000,1787962089164701668,89.097550,34.548775,97.734744,0.000000,,,0,1,,,,,0.239788,MEDIUM
ga,hfvrp_n002_m03_s01,2,3,0.250000,1234,262.852855,468.007587,379.854751,0.000000,,,0,1,,,,,0.318907,MEDIUM
ga,hfvrp_n002_m03_s02,2,3,0.250000,200,139.033247,41.343143,149.369033,0.000000,,,0,1,,,,,0.941996,BIG
ga,hfvrp_n002_m03_s02,2,3,0.250000,999,139.033247,41.343143,149.369033,0.000000,,,0,1,,,,,0.016537,DEFAULT
ga,hfvrp_n002_m03_s02,2,3,0.250000,999,139.033247,41.343143,149.369033,0.000000,,,0,1,,,,,0.004029,SMALL
ga,hfvrp_n002_m03_s05,2,3,0.250000,10,302.671304,316.313399,381.749654,0.000000,,,0,1,,,,,0.931726,BIG
ga,hfvrp_n002_m03_s04,2,3,0.250000,10,174.940044,35.445494,183.801418,0.000000,,,0,1,,,,,0.931676,BIG
ga,hfvrp_n002_m03_s04,2,3,0.250000,50,174.940044,35.445494,183.801418,0.000000,,,0,1,,,,,0.016896,DEFAULT
ga,hfvrp_n002_m03_s05,2,3,0.250000,50,302.671304,316.313399,381.749654,0.000000,,,0,1,,,,,0.017083,DEFAULT
ga,hfvrp_n002_m03_s04,2,3,0.250000,50,174.940044,35.445494,183.801418,0.000000,,,0,1,,,,,0.001707,SMALL
ga,hfvrp_n002_m03_s05,2,3,0.250000,50,302.671304,316.313399,381.749654,0.000000,,,0,1,,,,,0.001716,SMALL
ga,hfvrp_n002_m03_s02,2,3,0.250000,999,139.033247,41.343143,149.369033,0.000000,,,0,1,,,,,0.313473,MEDIUM
ga,hfvrp_n002_m03_s03,2,3,0.250000,75,185.309216,25.338303,191.643792,0.000000,,,0,1,,,,,0.959666,BIG
ga,hfvrp_n001_m03_s05,1,3,0.250000,1787962055048531984,89.097550,34.548775,97.734744,0.000000,,,0,1,,,,,0.721186,BIG
ga,hfvrp_n002_m03_s03,2,3,0.250000,100,185.309216,25.338303,191.643792,0.000000,,,0,1,,,,,0.020868,DEFAULT
ga,hfvrp_n002_m03_s03,2,3,0.250000,100,185.309216,25.338303,191.643792,0.000000,,,0,1,,,,,0.002334,SMALL
ga,hfvrp_n005_m03_s01,5,3,0.250000,1787962279159671673,350.283936,145.533835,386.667395,0.000000,,,0,1,,,,,0.025555,DEFAULT
ga,hfvrp_n005_m03_s01,5,3,0.250000,1787962283483925452,350.283936,145.533835,386.667395,0.000000,,,0,1,,,,,0.002423,SMALL
ga,hfvrp_n002_m03_s04,2,3,0.250000,50,174.940044,35.445494,183.801418,0.000000,,,0,1,,,,,0.317633,MEDIUM
ga,hfvrp_n002_m03_s05,2,3,0.250000,50,302.671304,316.313399,381.749654,0.000000,,,0,1,,,,,0.321040,MEDIUM
ga,hfvrp_n002_m03_s03,2,3,0.250000,100,185.309216,25.338303,191.643792,0.000000,,,0,1,,,,,0.320076,MEDIUM
ga,hfvrp_n002_m03_s01,2,3,0.250000,1234,262.852855,468.007587,379.854751,0.000000,,,0,1,,,,,0.965017,BIG
ga,hfvrp_n002_m03_s01,2,3,0.250000,9999,262.852855,468.007587,379.854751,0.000000,,,0,1,,,,,0.019829,DEFAULT
ga,hfvrp_n002_m03_s01,2,3,0.250000,9999,262.852855,468.007587,379.854751,0.000000,,,0,1,,,,,0.001632,SMALL
ga,hfvrp_n005_m03_s01,5,3,0.250000,1787962287789275145,350.283936,145.533835,386.667395,0.000000,,,0,1,,,,,0.479523,MEDIUM
ga,hfvrp_n002_m03_s01,2,3,0.250000,9999,262.852855,468.007587,379.854751,0.000000,,,0,1,,,,,0.316833,MEDIUM
ga,hfvrp_n002_m03_s02,2,3,0.250000,999,139.033247,41.343143,149.369033,0.000000,,,0,1,,,,,0.933402,BIG
ga,hfvrp_n002_m03_s02,2,3,0.250000,1234,139.033247,41.343143,149.369033,0.000000,,,0,1,,,,,0.016864,DEFAULT
ga,hfvrp_n002_m03_s02,2,3,0.250000,1234,139.033247,41.343143,149.369033,0.000000,,,0,1,,,,,0.003377,SMALL
ga,hfvrp_n002_m03_s04,2,3,0.250000,50,174.940044,35.445494,183.801418,0.000000,,,0,1,,,,,0.927164,BIG
ga,hfvrp_n002_m03_s05,2,3,0.250000,50,302.671304,316.313399,381.749654,0.000000,,,0,1,,,,,0.930356,BIG
ga,hfvrp_n002_m03_s04,2,3,0.250000,75,174.940044,35.445494,183.801418,0.000000,,,0,1,,,,,0.015905,DEFAULT
ga,hfvrp_n002_m03_s04,2,3,0.250000,75,174.940044,35.445494,183.801418,0.000000,,,0,1,,,,,0.001782,SMALL
ga,hfvrp_n002_m03_s05,2,3,0.250000,75,302.671304,316.313399,381.749654,0.000000,,,0,1,,,,,0.020260,DEFAULT
ga,hfvrp_n002_m03_s05,2,3,0.250000,75,302.671304,316.313399,381.749654,0.000000,,,0,1,,,,,0.001619,SMALL
ga,hfvrp_n002_m03_s02,2,3,0.250000,1234,139.033247,41.343143,149.369033,0.000000,,,0,1,,,,,0.310832,MEDIUM
ga,hfvrp_n002_m03_s03,2,3,0.250000,100,185.309216,25.338303,191.643792,0.000000,,,0,1,,,,,0.964063,BIG
ga,hfvrp_n002_m03_s03,2,3,0.250000,200,185.309216,25.338303,191.643792,0.000000,,,0,1,,,,,0.015827,DEFAULT
ga,hfvrp_n002_m03_s03,2,3,0.250000,200,185.309216,25.338303,191.643792,0.000000,,,0,1,,,,,0.002789,SMALL
ga,hfvrp_n002_m03_s04,2,3,0.250000,75,174.940044,35.445494,183.801418,0.000000,,,0,1,,,,,0.310012,MEDIUM
ga,hfvrp_n002_m03_s05,2,3,0.250000,75,302.671304,316.313399,381.749654,0.000000,,,0,1,,,,,0.312509,MEDIUM
ga,hfvrp_n002_m03_s01,2,3,0.250000,9999,262.852855,468.007587,379.854751,0.000000,,,0,1,,,,,0.962899,BIG
ga,hfvrp_n002_m03_s03,2,3,0.250000,200,185.309216,25.338303,191.643792,0.000000,,,0,1,,,,,0.322916,MEDIUM
ga,hfvrp_n002_m03_s01,2,3,0.250000,19345,262.852855,468.007587,379.854751,0.000000,,,0,1,,,,,0.017037,DEFAULT
ga,hfvrp_n002_m03_s01,2,3,0.250000,19345,262.852855,468.007587,379.854751,0.000000,,,0,1,,,,,0.003799,SMALL
ga,hfvrp_n005_m03_s01,5,3,0.250000,1787964019144564197,350.283936,145.533835,386.667395,0.000000,,,0,1,,,,,1.415968,BIG
ga,hfvrp_n005_m03_s01,5,3,0.250000,1,350.283936,145.533835,386.667395,0.000000,,,0,1,,,,,0.024658,DEFAULT
ga,hfvrp_n005_m03_s01,5,3,0.250000,1,350.283936,145.533835,386.667395,0.000000,,,0,1,,,,,0.004396,SMALL
ga,hfvrp_n002_m03_s01,2,3,0.250000,19345,262.852855,468.007587,379.854751,0.000000,,,0,1,,,,,0.321966,MEDIUM
ga,hfvrp_n002_m03_s02,2,3,0.250000,1234,139.033247,41.343143,149.369033,0.000000,,,0,1,,,,,0.934331,BIG
ga,hfvrp_n002_m03_s02,2,3,0.250000,9999,139.033247,41.343143,149.369033,0.000000,,,0,1,,,,,0.019163,DEFAULT
ga,hfvrp_n002_m03_s02,2,3,0.250000,9999,139.033247,41.343143,149.369033,0.000000,,,0,1,,,,,0.003055,SMALL
ga,hfvrp_n002_m03_s05,2,3,0.250000,75,302.671304,316.313399,381.749654,0.000000,,,0,1,,,,,0.927250,BIG
ga,hfvrp_n002_m03_s04,2,3,0.250000,75,174.940044,35.445494,183.801418,0.000000,,,0,1,,,,,0.954745,BIG
ga,hfvrp_n002_m03_s05,2,3,0.250000,100,302.671304,316.313399,381.749654,0.000000,,,0,1,,,,,0.015812,DEFAULT
ga,hfvrp_n002_m03_s05,2,3,0.250000,100,302.671304,316.313399,381.749654,0.000000,,,0,1,,,,,0.001702,SMALL
ga,hfvrp_n002_m03_s04,2,3,0.250000,100,174.940044,35.445494,183.801418,0.000000,,,0,1,,,,,0.019980,DEFAULT
ga,hfvrp_n002_m03_s04,2,3,0.250000,100,174.940044,35.445494,183.801418,0.000000,,,0,1,,,,,0.001603,SMALL
ga,hfvrp_n005_m03_s01,5,3,0.250000,1,350.283936,145.533835,386.667395,0.000000,,,0,1,,,,,0.474434,MEDIUM
ga,hfvrp_n002_m03_s02,2,3,0.250000,9999,139.033247,41.343143,149.369033,0.000000,,,0,1,,,,,0.308730,MEDIUM
ga,hfvrp_n002_m03_s03,2,3,0.250000,200,185.309216,25.338303,191.643792,0.000000,,,0,1,,,,,0.967013,BIG
ga,hfvrp_n002_m03_s03,2,3,0.250000,999,185.309216,25.338303,191.643792,0.000000,,,0,1,,,,,0.019636,DEFAULT
ga,hfvrp_n002_m03_s03,2,3,0.250000,999,185.309216,25.338303,191.643792,0.000000,,,0,1,,,,,0.004379,SMALL
ga,hfvrp_n002_m03_s05,2,3,0.250000,100,302.671304,316.313399,381.749654,0.000000,,,0,1,,,,,0.307189,MEDIUM
ga,hfvrp_n002_m03_s04,2,3,0.250000,100,174.940044,35.445494,183.801418,0.000000,,,0,1,,,,,0.307797,MEDIUM
ga,hfvrp_n002_m03_s01,2,3,0.250000,19345,262.852855,468.007587,379.854751,0.000000,,,0,1,,,,,0.955393,BIG
ga,hfvrp_n002_m03_s03,2,3,0.250000,999,185.309216,25.338303,191.643792,0.000000,,,0,1,,,,,0.321595,MEDIUM
ga,hfvrp_n002_m03_s01,2,3,0.250000,1787963802584512183,262.852855,468.007587,379.854751,0.000000,,,0,1,,,,,0.017162,DEFAULT
ga,hfvrp_n002_m03_s01,2,3,0.250000,1787963776835628819,262.852855,468.007587,379.854751,0.000000,,,0,1,,,,,0.001770,SMALL
ga,hfvrp_n002_m03_s01,2,3,0.250000,1787963781140329692,262.852855,468.007587,379.854751,0.000000,,,0,1,,,,,0.321050,MEDIUM
ga,hfvrp_n002_m03_s02,2,3,0.250000,9999,139.033247,41.343143,149.369033,0.000000,,,0,1,,,,,0.969507,BIG
ga,hfvrp_n002_m03_s02,2,3,0.250000,19345,139.033247,41.343143,149.369033,0.000000,,,0,1,,,,,0.017430,DEFAULT
ga,hfvrp_n002_m03_s02,2,3,0.250000,19345,139.033247,41.343143,149.369033,0.000000,,,0,1,,,,,0.003081,SMALL
ga,hfvrp_n002_m03_s05,2,3,0.250000,100,302.671304,316.313399,381.749654,0.000000,,,0,1,,,,,0.931230,BIG
ga,hfvrp_n002_m03_s04,2,3,0.250000,100,174.940044,35.445494,183.801418,0.000000,,,0,1,,,,,0.935956,BIG
ga,hfvrp_n002_m03_s05,2,3,0.250000,200,302.671304,316.313399,381.749654,0.000000,,,0,1,,,,,0.017509,DEFAULT
ga,hfvrp_n002_m03_s05,2,3,0.250000,200,302.671304,316.313399,381.749654,0.000000,,,0,1,,,,,0.002024,SMALL
ga,hfvrp_n002_m03_s04,2,3,0.250000,200,174.940044,35.445494,183.801418,0.000000,,,0,1,,,,,0.019654,DEFAULT
ga,hfvrp_n002_m03_s04,2,3,0.250000,200,174.940044,35.445494,183.801418,0.000000,,,0,1,,,,,0.001705,SMALL
ga,hfvrp_n002_m03_s02,2,3,0.250000,19345,139.033247,41.343143,149.369033,0.000000,,,0,1,,,,,0.314353,MEDIUM
ga,hfvrp_n005_m03_s01,5,3,0.250000,1,350.283936,145.533835,386.667395,0.000000,,,0,1,,,,,1.417166,BIG
ga,hfvrp_n005_m03_s01,5,3,0.250000,10,350.283936,145.533835,386.667395,0.000000,,,0,1,,,,,0.027752,DEFAULT
ga,hfvrp_n005_m03_s01,5,3,0.250000,10,350.283936,145.533835,386.667395,0.000000,,,0,1,,,,,0.002412,SMALL
ga,hfvrp_n002_m03_s03,2,3,0.250000,999,185.309216,25.338303,191.643792,0.000000,,,0,1,,,,,0.969308,BIG
ga,hfvrp_n002_m03_s03,2,3,0.250000,1234,185.309216,25.338303,191.643792,0.000000,,,0,1,,,,,0.019018,DEFAULT
ga,hfvrp_n002_m03_s05,2,3,0.250000,200,302.671304,316.313399,381.749654,0.000000,,,0,1,,,,,0.316463,MEDIUM
ga,hfvrp_n002_m03_s03,2,3,0.250000,1234,185.309216,25.338303,191.643792,0.000000,,,0,1,,,,,0.004375,SMALL
ga,hfvrp_n002_m03_s04,2,3,0.250000,200,174.940044,35.445494,183.801418,0.000000,,,0,1,,,,,0.315624,MEDIUM
ga,hfvrp_n002_m03_s01,2,3,0.250000,1787963785764917530,262.852855,468.007587,379.854751,0.000000,,,0,1,,,,,0.970372,BIG
ga,hfvrp_n002_m03_s03,2,3,0.250000,1234,185.309216,25.338303,191.643792,0.000000,,,0,1,,,,,0.322127,MEDIUM
ga,hfvrp_n005_m03_s02,5,3,0.250000,1787963421707758053,363.863985,203.627944,414.770971,0.000000,,,0,1,,,,,0.024881,DEFAULT
ga,hfvrp_n005_m03_s02,5,3,0.250000,1787963537700522256,363.863985,203.627944,414.770971,0.000000,,,0,1,,,,,0.002620,SMALL
ga,hfvrp_n005_m03_s01,5,3,0.250000,10,350.283936,145.533835,386.667395,0.000000,,,0,1,,,,,0.480332,MEDIUM
ga,hfvrp_n002_m03_s02,2,3,0.250000,19345,139.033247,41.343143,149.369033,0.000000,,,0,1,,,,,0.936774,BIG
ga,hfvrp_n002_m03_s02,2,3,0.250000,1787963525196877933,139.033247,41.343143,149.369033,0.000000,,,0,1,,,,,0.020250,DEFAULT
ga,hfvrp_n002_m03_s02,2,3,0.250000,1787963503745310923,139.033247,41.343143,149.369033,0.000000,,,0,1,,,,,0.001588,SMALL
ga,hfvrp_n005_m03_s02,5,3,0.250000,1787963533411898135,363.863985,203.627944,414.770971,0.000000,,,0,1,,,,,0.472565,MEDIUM
ga,hfvrp_n002_m03_s05,2,3,0.250000,200,302.671304,316.313399,381.749654,0.000000,,,0,1,,,,,0.934011,BIG
ga,hfvrp_n002_m03_s04,2,3,0.250000,200,174.940044,35.445494,183.801418,0.000000,,,0,1,,,,,0.937579,BIG
ga,hfvrp_n002_m03_s05,2,3,0.250000,999,302.671304,316.313399,381.749654,0.000000,,,0,1,,,,,0.020155,DEFAULT
ga,hfvrp_n002_m03_s05,2,3,0.250000,999,302.671304,316.313399,381.749654,0.000000,,,0,1,,,,,0.003267,SMALL
ga,hfvrp_n002_m03_s04,2,3,0.250000,999,174.940044,35.445494,183.801418,0.000000,,,0,1,,,,,0.017382,DEFAULT
ga,hfvrp_n002_m03_s04,2,3,0.250000,999,174.940044,35.445494,183.801418,0.000000,,,0,1,,,,,0.003238,SMALL
ga,hfvrp_n002_m03_s02,2,3,0.250000,1787963499458894794,139.033247,41.343143,149.369033,0.000000,,,0,1,,,,,0.317001,MEDIUM
ga,hfvrp_n002_m03_s05,2,3,0.250000,999,302.671304,316.313399,381.749654,0.000000,,,0,1,,,,,0.310031,MEDIUM
ga,hfvrp_n002_m03_s04,2,3,0.250000,999,174.940044,35.445494,183.801418,0.000000,,,0,1,,,,,0.308803,MEDIUM
ga,hfvrp_n002_m03_s03,2,3,0.250000,1234,185.309216,25.338303,191.643792,0.000000,,,0,1,,,,,0.982268,BIG
ga,hfvrp_n002_m03_s03,2,3,0.250000,9999,185.309216,25.338303,191.643792,0.000000,,,0,1,,,,,0.016408,DEFAULT
ga,hfvrp_n002_m03_s03,2,3,0.250000,9999,185.309216,25.338303,191.643792,0.000000,,,0,1,,,,,0.001756,SMALL
ga,hfvrp_n002_m03_s03,2,3,0.250000,9999,185.309216,25.338303,191.643792,0.000000,,,0,1,,,,,0.320154,MEDIUM
ga,hfvrp_n005_m03_s01,5,3,0.250000,10,350.283936,145.533835,386.667395,0.000000,,,0,1,,,,,1.418951,BIG
ga,hfvrp_n005_m03_s01,5,3,0.250000,50,350.283936,145.533835,386.667395,0.000000,,,0,1,,,,,0.026459,DEFAULT
ga,hfvrp_n005_m03_s01,5,3,0.250000,50,350.283936,145.533835,386.667395,0.000000,,,0,1,,,,,0.002595,SMALL
ga,hfvrp_n002_m03_s02,2,3,0.250000,1787963568499265479,139.033247,41.343143,149.369033,0.000000,,,0,1,,,,,0.928231,BIG
ga,hfvrp_n005_m03_s03,5,3,0.250000,1787963161454864424,444.734799,0.000000,444.734799,0.000000,,,0,1,,,,,0.026605,DEFAULT
ga,hfvrp_n005_m03_s03,5,3,0.250000,1787963157190214286,444.734799,0.000000,444.734799,0.000000,,,0,1,,,,,0.002630,SMALL
ga,hfvrp_n002_m03_s05,2,3,0.250000,999,302.671304,316.313399,381.749654,0.000000,,,0,1,,,,,0.938611,BIG
ga,hfvrp_n002_m03_s04,2,3,0.250000,999,174.940044,35.445494,183.801418,0.000000,,,0,1,,,,,0.950120,BIG
ga,hfvrp_n002_m03_s05,2,3,0.250000,1234,302.671304,316.313399,381.749654,0.000000,,,0,1,,,,,0.015859,DEFAULT
ga,hfvrp_n002_m03_s05,2,3,0.250000,1234,302.671304,316.313399,381.749654,0.000000,,,0,1,,,,,0.003964,SMALL
ga,hfvrp_n002_m03_s04,2,3,0.250000,1234,174.940044,35.445494,183.801418,0.000000,,,0,1,,,,,0.018102,DEFAULT
ga,hfvrp_n002_m03_s04,2,3,0.250000,1234,174.940044,35.445494,183.801418,0.000000,,,0,1,,,,,0.001736,SMALL
ga,hfvrp_n005_m03_s02,5,3,0.250000,1787963512418271534,363.863985,203.627944,414.770971,0.000000,,,0,1,,,,,1.445550,BIG
ga,hfvrp_n005_m03_s02,5,3,0.250000,1,363.863985,203.627944,414.770971,0.000000,,,0,1,,,,,0.023131,DEFAULT
ga,hfvrp_n005_m03_s01,5,3,0.250000,50,350.283936,145.533835,386.667395,0.000000,,,0,1,,,,,0.477319,MEDIUM
ga,hfvrp_n005_m03_s02,5,3,0.250000,1,363.863985,203.627944,414.770971,0.000000,,,0,1,,,,,0.002616,SMALL
ga,hfvrp_n002_m03_s05,2,3,0.250000,1234,302.671304,316.313399,381.749654,0.000000,,,0,1,,,,,0.312681,MEDIUM
ga,hfvrp_n005_m03_s03,5,3,0.250000,1787963170081470006,444.734799,0.000000,444.734799,0.000000,,,0,1,,,,,0.479250,MEDIUM
ga,hfvrp_n002_m03_s04,2,3,0.250000,1234,174.940044,35.445494,183.801418,0.000000,,,0,1,,,,,0.312807,MEDIUM
ga,hfvrp_n002_m03_s03,2,3,0.250000,9999,185.309216,25.338303,191.643792,0.000000,,,0,1,,,,,0.991021,BIG
ga,hfvrp_n002_m03_s03,2,3,0.250000,19345,185.309216,25.338303,191.643792,0.000000,,,0,1,,,,,0.019548,DEFAULT
ga,hfvrp_n002_m03_s03,2,3,0.250000,19345,185.309216,25.338303,191.643792,0.000000,,,0,1,,,,,0.001742,SMALL
ga,hfvrp_n005_m03_s02,5,3,0.250000,1,363.863985,203.627944,414.770971,0.000000,,,0,1,,,,,0.477171,MEDIUM
ga,hfvrp_n002_m03_s03,2,3,0.250000,19345,185.309216,25.338303,191.643792,0.000000,,,0,1,,,,,0.323594,MEDIUM
ga,hfvrp_n002_m03_s05,2,3,0.250000,1234,302.671304,316.313399,381.749654,0.000000,,,0,1,,,,,0.926115,BIG
ga,hfvrp_n002_m03_s04,2,3,0.250000,1234,174.940044,35.445494,183.801418,0.000000,,,0,1,,,,,0.926432,BIG
ga,hfvrp_n002_m03_s05,2,3,0.250000,9999,302.671304,316.313399,381.749654,0.000000,,,0,1,,,,,0.016328,DEFAULT
ga,hfvrp_n002_m03_s05,2,3,0.250000,9999,302.671304,316.313399,381.749654,0.000000,,,0,1,,,,,0.001712,SMALL
ga,hfvrp_n002_m03_s04,2,3,0.250000,9999,174.940044,35.445494,183.801418,0.000000,,,0,1,,,,,0.017431,DEFAULT
ga,hfvrp_n002_m03_s04,2,3,0.250000,9999,174.940044,35.445494,183.801418,0.000000,,,0,1,,,,,0.001673,SMALL
ga,hfvrp_n005_m03_s01,5,3,0.250000,50,350.283936,145.533835,386.667395,0.000000,,,0,1,,,,,1.413764,BIG
ga,hfvrp_n005_m03_s01,5,3,0.250000,75,350.283936,145.533835,386.667395,0.000000,,,0,1,,,,,0.025878,DEFAULT
ga,hfvrp_n005_m03_s01,5,3,0.250000,75,350.283936,145.533835,386.667395,0.000000,,,0,1,,,,,0.002423,SMALL
ga,hfvrp_n002_m03_s05,2,3,0.250000,9999,302.671304,316.313399,381.749654,0.000000,,,0,1,,,,,0.310708,MEDIUM
ga,hfvrp_n002_m03_s04,2,3,0.250000,9999,174.940044,35.445494,183.801418,0.000000,,,0,1,,,,,0.313055,MEDIUM
ga,hfvrp_n002_m03_s03,2,3,0.250000,19345,185.309216,25.338303,191.643792,0.000000,,,0,1,,,,,0.972172,BIG
ga,hfvrp_n005_m03_s03,5,3,0.250000,1787963342363404562,444.734799,0.000000,444.734799,0.000000,,,0,1,,,,,1.434959,BIG
ga,hfvrp_n002_m03_s03,2,3,0.250000,1787947495357726191,185.309216,25.338303,191.643792,0.000000,,,0,1,,,,,0.016423,DEFAULT
ga,hfvrp_n002_m03_s03,2,3,0.250000,1787947478198163713,185.309216,25.338303,191.643792,0.000000,,,0,1,,,,,0.001749,SMALL
ga,hfvrp_n005_m03_s03,5,3,0.250000,1,444.734799,0.000000,444.734799,0.000000,,,0,1,,,,,0.024532,DEFAULT
ga,hfvrp_n005_m03_s03,5,3,0.250000,1,444.734799,0.000000,444.734799,0.000000,,,0,1,,,,,0.002481,SMALL
ga,hfvrp_n005_m03_s02,5,3,0.250000,1,363.863985,203.627944,414.770971,0.000000,,,0,1,,,,,1.424214,BIG
ga,hfvrp_n005_m03_s01,5,3,0.250000,75,350.283936,145.533835,386.667395,0.000000,,,0,1,,,,,0.474162,MEDIUM
ga,hfvrp_n005_m03_s02,5,3,0.250000,10,363.863985,203.627944,414.770971,0.000000,,,0,1,,,,,0.025042,DEFAULT
ga,hfvrp_n005_m03_s02,5,3,0.250000,10,363.863985,203.627944,414.770971,0.000000,,,0,1,,,,,0.002622,SMALL
ga,hfvrp_n002_m03_s03,2,3,0.250000,1787947469614523013,185.309216,25.338303,191.643792,0.000000,,,0,1,,,,,0.325714,MEDIUM
ga,hfvrp_n005_m03_s03,5,3,0.250000,1,444.734799,0.000000,444.734799,0.000000,,,0,1,,,,,0.478809,MEDIUM
ga,hfvrp_n005_m03_s02,5,3,0.250000,10,363.863985,203.627944,414.770971,0.000000,,,0,1,,,,,0.470344,MEDIUM
ga,hfvrp_n002_m03_s05,2,3,0.250000,9999,302.671304,316.313399,381.749654,0.000000,,,0,1,,,,,0.933668,BIG
ga,hfvrp_n002_m03_s05,2,3,0.250000,19345,302.671304,316.313399,381.749654,0.000000,,,0,1,,,,,0.016608,DEFAULT
ga,hfvrp_n002_m03_s05,2,3,0.250000,19345,302.671304,316.313399,381.749654,0.000000,,,0,1,,,,,0.001575,SMALL
ga,hfvrp_n002_m03_s04,2,3,0.250000,9999,174.940044,35.445494,183.801418,0.000000,,,0,1,,,,,0.937649,BIG
ga,hfvrp_n002_m03_s04,2,3,0.250000,19345,174.940044,35.445494,183.801418,0.000000,,,0,1,,,,,0.017855,DEFAULT
ga,hfvrp_n002_m03_s04,2,3,0.250000,19345,174.940044,35.445494,183.801418,0.000000,,,0,1,,,,,0.005213,SMALL
ga,hfvrp_n002_m03_s05,2,3,0.250000,19345,302.671304,316.313399,381.749654,0.000000,,,0,1,,,,,0.320986,MEDIUM
ga,hfvrp_n002_m03_s04,2,3,0.250000,19345,174.940044,35.445494,183.801418,0.000000,,,0,1,,,,,0.309426,MEDIUM
ga,hfvrp_n002_m03_s03,2,3,0.250000,1787947555846481881,185.309216,25.338303,191.643792,0.000000,,,0,1,,,,,0.964723,BIG
ga,hfvrp_n005_m03_s04,5,3,0.250000,1787947694288250146,278.576281,287.478473,350.445899,0.000000,,,0,1,,,,,0.024507,DEFAULT
ga,hfvrp_n005_m03_s04,5,3,0.250000,1787947698611467709,278.576281,287.478473,350.445899,0.000000,,,0,1,,,,,0.002621,SMALL
ga,hfvrp_n005_m03_s01,5,3,0.250000,75,350.283936,145.533835,386.667395,0.000000,,,0,1,,,,,1.421947,BIG
ga,hfvrp_n005_m03_s01,5,3,0.250000,100,350.283936,145.533835,386.667395,0.000000,,,0,1,,,,,0.027109,DEFAULT
ga,hfvrp_n005_m03_s01,5,3,0.250000,100,350.283936,145.533835,386.667395,0.000000,,,0,1,,,,,0.006755,SMALL
ga,hfvrp_n005_m03_s04,5,3,0.250000,1787947685732930524,278.576281,287.478473,350.445899,0.000000,,,0,1,,,,,0.477391,MEDIUM
ga,hfvrp_n005_m03_s03,5,3,0.250000,1,444.734799,0.000000,444.734799,0.000000,,,0,1,,,,,1.451535,BIG
ga,hfvrp_n005_m03_s03,5,3,0.250000,10,444.734799,0.000000,444.734799,0.000000,,,0,1,,,,,0.024522,DEFAULT
ga,hfvrp_n005_m03_s03,5,3,0.250000,10,444.734799,0.000000,444.734799,0.000000,,,0,1,,,,,0.007458,SMALL
ga,hfvrp_n002_m03_s05,2,3,0.250000,19345,302.671304,316.313399,381.749654,0.000000,,,0,1,,,,,0.935207,BIG
ga,hfvrp_n002_m03_s05,2,3,0.250000,1787947325661880205,302.671304,316.313399,381.749654,0.000000,,,0,1,,,,,0.017267,DEFAULT
ga,hfvrp_n002_m03_s05,2,3,0.250000,1787947329981804569,302.671304,316.313399,381.749654,0.000000,,,0,1,,,,,0.003386,SMALL
ga,hfvrp_n002_m03_s04,2,3,0.250000,19345,174.940044,35.445494,183.801418,0.000000,,,0,1,,,,,0.940214,BIG
ga,hfvrp_n002_m03_s04,2,3,0.250000,1787947304232372752,174.940044,35.445494,183.801418,0.000000,,,0,1,,,,,0.015860,DEFAULT
ga,hfvrp_n002_m03_s04,2,3,0.250000,1787947291367025201,174.940044,35.445494,183.801418,0.000000,,,0,1,,,,,0.001691,SMALL
ga,hfvrp_n005_m03_s02,5,3,0.250000,10,363.863985,203.627944,414.770971,0.000000,,,0,1,,,,,1.435902,BIG
ga,hfvrp_n005_m03_s01,5,3,0.250000,100,350.283936,145.533835,386.667395,0.000000,,,0,1,,,,,0.477631,MEDIUM
ga,hfvrp_n005_m03_s02,5,3,0.250000,50,363.863985,203.627944,414.770971,0.000000,,,0,1,,,,,0.028508,DEFAULT
ga,hfvrp_n005_m03_s02,5,3,0.250000,50,363.863985,203.627944,414.770971,0.000000,,,0,1,,,,,0.002559,SMALL
ga,hfvrp_n002_m03_s05,2,3,0.250000,1787947317103878747,302.671304,316.313399,381.749654,0.000000,,,0,1,,,,,0.313550,MEDIUM
ga,hfvrp_n002_m03_s04,2,3,0.250000,1787947295667317249,174.940044,35.445494,183.801418,0.000000,,,0,1,,,,,0.312319,MEDIUM
ga,hfvrp_n005_m03_s03,5,3,0.250000,10,444.734799,0.000000,444.734799,0.000000,,,0,1,,,,,0.481094,MEDIUM
ga,hfvrp_n005_m03_s02,5,3,0.250000,50,363.863985,203.627944,414.770971,0.000000,,,0,1,,,,,0.465381,MEDIUM
ga,hfvrp_n005_m03_s04,5,3,0.250000,1787947239542465574,278.576281,287.478473,350.445899,0.000000,,,0,1,,,,,1.456214,BIG
ga,hfvrp_n002_m03_s05,2,3,0.250000,1787947386144911718,302.671304,316.313399,381.749654,0.000000,,,0,1,,,,,0.921848,BIG
ga,hfvrp_n005_m03_s04,5,3,0.250000,1,278.576281,287.478473,350.445899,0.000000,,,0,1,,,,,0.026394,DEFAULT
ga,hfvrp_n005_m03_s04,5,3,0.250000,1,278.576281,287.478473,350.445899,0.000000,,,0,1,,,,,0.002835,SMALL
ga,hfvrp_n002_m03_s04,2,3,0.250000,1787947390472697329,174.940044,35.445494,183.801418,0.000000,,,0,1,,,,,0.924019,BIG
ga,hfvrp_n005_m03_s05,5,3,0.250000,1787947404289858199,363.420355,288.915413,435.649208,0.000000,,,0,1,,,,,0.026248,DEFAULT
ga,hfvrp_n005_m03_s05,5,3,0.250000,1787946949057417588,363.420355,288.915413,435.649208,0.000000,,,0,1,,,,,0.005178,SMALL
ga,hfvrp_n010_m03_s01,10,3,0.250000,1787946953349707890,529.611331,271.386050,597.457843,0.000000,,,0,1,,,,,0.037606,DEFAULT
ga,hfvrp_n010_m03_s01,10,3,0.250000,1787946944801326232,529.611331,271.386050,597.457843,0.000000,,,0,1,,,,,0.004148,SMALL
ga,hfvrp_n005_m03_s01,5,3,0.250000,100,350.283936,145.533835,386.667395,0.000000,,,0,1,,,,,1.415771,BIG
ga,hfvrp_n005_m03_s01,5,3,0.250000,200,350.283936,145.533835,386.667395,0.000000,,,0,1,,,,,0.023967,DEFAULT
ga,hfvrp_n005_m03_s01,5,3,0.250000,200,350.283936,145.533835,386.667395,0.000000,,,0,1,,,,,0.002612,SMALL
ga,hfvrp_n005_m03_s04,5,3,0.250000,1,278.576281,287.478473,350.445899,0.000000,,,0,1,,,,,0.485420,MEDIUM
ga,hfvrp_n005_m03_s05,5,3,0.250000,1787946940477218854,363.420355,288.915413,435.649208,0.000000,,,0,1,,,,,0.479848,MEDIUM
ga,hfvrp_n005_m03_s03,5,3,0.250000,10,444.734799,0.000000,444.734799,0.000000,,,0,1,,,,,1.450236,BIG
ga,hfvrp_n005_m03_s03,5,3,0.250000,50,444.734799,0.000000,444.734799,0.000000,,,0,1,,,,,0.027344,DEFAULT
ga,hfvrp_n005_m03_s03,5,3,0.250000,50,444.734799,0.000000,444.734799,0.000000,,,0,1,,,,,0.004028,SMALL
ga,hfvrp_n005_m03_s02,5,3,0.250000,50,363.863985,203.627944,414.770971,0.000000,,,0,1,,,,,1.426177,BIG
ga,hfvrp_n005_m03_s01,5,3,0.250000,200,350.283936,145.533835,386.667395,0.000000,,,0,1,,,,,0.477251,MEDIUM
ga,hfvrp_n005_m03_s02,5,3,0.250000,75,363.863985,203.627944,414.770971,0.000000,,,0,1,,,,,0.024058,DEFAULT
ga,hfvrp_n005_m03_s02,5,3,0.250000,75,363.863985,203.627944,414.770971,0.000000,,,0,1,,,,,0.002610,SMALL
ga,hfvrp_n010_m03_s01,10,3,0.250000,1787946931924235980,529.611331,271.386050,597.457843,0.000000,,,0,1,,,,,0.739178,MEDIUM
ga,hfvrp_n005_m03_s03,5,3,0.250000,50,444.734799,0.000000,444.734799,0.000000,,,0,1,,,,,0.476596,MEDIUM
ga,hfvrp_n005_m03_s02,5,3,0.250000,75,363.863985,203.627944,414.770971,0.000000,,,0,1,,,,,0.469254,MEDIUM
ga,hfvrp_n005_m03_s04,5,3,0.250000,1,278.576281,287.478473,350.445899,0.000000,,,0,1,,,,,1.439018,BIG
ga,hfvrp_n005_m03_s04,5,3,0.250000,10,278.576281,287.478473,350.445899,0.000000,,,0,1,,,,,0.028463,DEFAULT
ga,hfvrp_n005_m03_s04,5,3,0.250000,10,278.576281,287.478473,350.445899,0.000000,,,0,1,,,,,0.006003,SMALL
ga,hfvrp_n005_m03_s05,5,3,0.250000,1787947031159238349,363.420355,288.915413,435.649208,0.000000,,,0,1,,,,,1.440043,BIG
ga,hfvrp_n005_m03_s05,5,3,0.250000,1,363.420355,288.915413,435.649208,0.000000,,,0,1,,,,,0.028672,DEFAULT
ga,hfvrp_n005_m03_s05,5,3,0.250000,1,363.420355,288.915413,435.649208,0.000000,,,0,1,,,,,0.004199,SMALL
ga,hfvrp_n005_m03_s01,5,3,0.250000,200,350.283936,145.533835,386.667395,0.000000,,,0,1,,,,,1.415574,BIG
ga,hfvrp_n005_m03_s01,5,3,0.250000,999,350.283936,145.533835,386.667395,0.000000,,,0,1,,,,,0.026007,DEFAULT
ga,hfvrp_n005_m03_s01,5,3,0.250000,999,350.283936,145.533835,386.667395,0.000000,,,0,1,,,,,0.005543,SMALL
ga,hfvrp_n005_m03_s04,5,3,0.250000,10,278.576281,287.478473,350.445899,0.000000,,,0,1,,,,,0.486403,MEDIUM
ga,hfvrp_n005_m03_s05,5,3,0.250000,1,363.420355,288.915413,435.649208,0.000000,,,0,1,,,,,0.476688,MEDIUM
ga,hfvrp_n005_m03_s03,5,3,0.250000,50,444.734799,0.000000,444.734799,0.000000,,,0,1,,,,,1.429983,BIG
ga,hfvrp_n005_m03_s03,5,3,0.250000,75,444.734799,0.000000,444.734799,0.000000,,,0,1,,,,,0.023877,DEFAULT
ga,hfvrp_n005_m03_s03,5,3,0.250000,75,444.734799,0.000000,444.734799,0.000000,,,0,1,,,,,0.007194,SMALL
ga,hfvrp_n005_m03_s02,5,3,0.250000,75,363.863985,203.627944,414.770971,0.000000,,,0,1,,,,,1.424399,BIG
ga,hfvrp_n005_m03_s01,5,3,0.250000,999,350.283936,145.533835,386.667395,0.000000,,,0,1,,,,,0.471033,MEDIUM
ga,hfvrp_n005_m03_s02,5,3,0.250000,100,363.863985,203.627944,414.770971,0.000000,,,0,1,,,,,0.024128,DEFAULT
ga,hfvrp_n005_m03_s02,5,3,0.250000,100,363.863985,203.627944,414.770971,0.000000,,,0,1,,,,,0.002614,SMALL
ga,hfvrp_n010_m03_s01,10,3,0.250000,1787947100170444108,529.611331,271.386050,597.457843,0.000000,,,0,1,,,,,2.198436,BIG
ga,hfvrp_n010_m03_s01,10,3,0.250000,1,526.249715,357.432841,615.607925,0.000000,,,0,1,,,,,0.040271,DEFAULT
ga,hfvrp_n010_m03_s01,10,3,0.250000,1,529.611331,271.386050,597.457843,0.000000,,,0,1,,,,,0.003849,SMALL
ga,hfvrp_n005_m03_s03,5,3,0.250000,75,444.734799,0.000000,444.734799,0.000000,,,0,1,,,,,0.482089,MEDIUM
ga,hfvrp_n005_m03_s02,5,3,0.250000,100,363.863985,203.627944,414.770971,0.000000,,,0,1,,,,,0.470802,MEDIUM
ga,hfvrp_n010_m03_s01,10,3,0.250000,1,529.611331,271.386050,597.457843,0.000000,,,0,1,,,,,0.728829,MEDIUM
ga,hfvrp_n005_m03_s04,5,3,0.250000,10,278.576281,287.478473,350.445899,0.000000,,,0,1,,,,,1.443127,BIG
ga,hfvrp_n005_m03_s05,5,3,0.250000,1,363.420355,288.915413,435.649208,0.000000,,,0,1,,,,,1.435769,BIG
ga,hfvrp_n005_m03_s04,5,3,0.250000,50,278.576281,287.478473,350.445899,0.000000,,,0,1,,,,,0.024418,DEFAULT
ga,hfvrp_n005_m03_s04,5,3,0.250000,50,278.576281,287.478473,350.445899,0.000000,,,0,1,,,,,0.002659,SMALL
ga,hfvrp_n005_m03_s05,5,3,0.250000,10,363.420355,288.915413,435.649208,0.000000,,,0,1,,,,,0.024390,DEFAULT
ga,hfvrp_n005_m03_s05,5,3,0.250000,10,363.420355,288.915413,435.649208,0.000000,,,0,1,,,,,0.004478,SMALL
ga,hfvrp_n005_m03_s01,5,3,0.250000,999,350.283936,145.533835,386.667395,0.000000,,,0,1,,,,,1.417388,BIG
ga,hfvrp_n005_m03_s01,5,3,0.250000,1234,350.283936,145.533835,386.667395,0.000000,,,0,1,,,,,0.025169,DEFAULT
ga,hfvrp_n005_m03_s01,5,3,0.250000,1234,350.283936,145.533835,386.667395,0.000000,,,0,1,,,,,0.005026,SMALL
ga,hfvrp_n005_m03_s04,5,3,0.250000,50,278.576281,287.478473,350.445899,0.000000,,,0,1,,,,,0.479874,MEDIUM
ga,hfvrp_n005_m03_s05,5,3,0.250000,10,363.420355,288.915413,435.649208,0.000000,,,0,1,,,,,0.474854,MEDIUM
ga,hfvrp_n005_m03_s03,5,3,0.250000,75,444.734799,0.000000,444.734799,0.000000,,,0,1,,,,,1.433551,BIG
ga,hfvrp_n005_m03_s03,5,3,0.250000,100,444.734799,0.000000,444.734799,0.000000,,,0,1,,,,,0.028080,DEFAULT
ga,hfvrp_n005_m03_s03,5,3,0.250000,100,444.734799,0.000000,444.734799,0.000000,,,0,1,,,,,0.004742,SMALL
ga,hfvrp_n005_m03_s02,5,3,0.250000,100,363.863985,203.627944,414.770971,0.000000,,,0,1,,,,,1.426411,BIG
ga,hfvrp_n005_m03_s01,5,3,0.250000,1234,350.283936,145.533835,386.667395,0.000000,,,0,1,,,,,0.473204,MEDIUM
ga,hfvrp_n005_m03_s02,5,3,0.250000,200,363.863985,203.627944,414.770971,0.000000,,,0,1,,,,,0.025318,DEFAULT
ga,hfvrp_n005_m03_s02,5,3,0.250000,200,363.863985,203.627944,414.770971,0.000000,,,0,1,,,,,0.004693,SMALL
ga,hfvrp_n005_m03_s03,5,3,0.250000,100,444.734799,0.000000,444.734799,0.000000,,,0,1,,,,,0.479552,MEDIUM
ga,hfvrp_n005_m03_s02,5,3,0.250000,200,363.863985,203.627944,414.770971,0.000000,,,0,1,,,,,0.466630,MEDIUM
ga,hfvrp_n005_m03_s04,5,3,0.250000,50,278.576281,287.478473,350.445899,0.000000,,,0,1,,,,,1.445741,BIG
ga,hfvrp_n005_m03_s05,5,3,0.250000,10,363.420355,288.915413,435.649208,0.000000,,,0,1,,,,,1.428330,BIG
ga,hfvrp_n005_m03_s04,5,3,0.250000,75,278.576281,287.478473,350.445899,0.000000,,,0,1,,,,,0.024781,DEFAULT
ga,hfvrp_n005_m03_s04,5,3,0.250000,75,278.576281,287.478473,350.445899,0.000000,,,0,1,,,,,0.002671,SMALL
ga,hfvrp_n005_m03_s05,5,3,0.250000,50,363.420355,288.915413,435.649208,0.000000,,,0,1,,,,,0.028852,DEFAULT
ga,hfvrp_n005_m03_s05,5,3,0.250000,50,363.420355,288.915413,435.649208,0.000000,,,0,1,,,,,0.004963,SMALL
ga,hfvrp_n010_m03_s01,10,3,0.250000,1,529.611331,271.386050,597.457843,0.000000,,,0,1,,,,,2.210753,BIG
ga,hfvrp_n005_m03_s01,5,3,0.250000,1234,350.283936,145.533835,386.667395,0.000000,,,0,1,,,,,1.409564,BIG
ga,hfvrp_n010_m03_s01,10,3,0.250000,10,529.611331,271.386050,597.457843,0.000000,,,0,1,,,,,0.036308,DEFAULT
ga,hfvrp_n010_m03_s01,10,3,0.250000,10,529.611331,271.386050,597.457843,0.000000,,,0,1,,,,,0.005448,SMALL
ga,hfvrp_n005_m03_s01,5,3,0.250000,9999,350.283936,145.533835,386.667395,0.000000,,,0,1,,,,,0.025269,DEFAULT
ga,hfvrp_n005_m03_s01,5,3,0.250000,9999,350.283936,145.533835,386.667395,0.000000,,,0,1,,,,,0.002492,SMALL
ga,hfvrp_n005_m03_s04,5,3,0.250000,75,278.576281,287.478473,350.445899,0.000000,,,0,1,,,,,0.476820,MEDIUM
ga,hfvrp_n005_m03_s05,5,3,0.250000,50,363.420355,288.915413,435.649208,0.000000,,,0,1,,,,,0.476465,MEDIUM
ga,hfvrp_n005_m03_s03,5,3,0.250000,100,444.734799,0.000000,444.734799,0.000000,,,0,1,,,,,1.436290,BIG
ga,hfvrp_n005_m03_s03,5,3,0.250000,200,444.734799,0.000000,444.734799,0.000000,,,0,1,,,,,0.024396,DEFAULT
ga,hfvrp_n005_m03_s03,5,3,0.250000,200,444.734799,0.000000,444.734799,0.000000,,,0,1,,,,,0.002622,SMALL
ga,hfvrp_n005_m03_s02,5,3,0.250000,200,363.863985,203.627944,414.770971,0.000000,,,0,1,,,,,1.425373,BIG
ga,hfvrp_n005_m03_s01,5,3,0.250000,9999,350.283936,145.533835,386.667395,0.000000,,,0,1,,,,,0.477020,MEDIUM
ga,hfvrp_n005_m03_s02,5,3,0.250000,999,363.863985,203.627944,414.770971,0.000000,,,0,1,,,,,0.025526,DEFAULT
ga,hfvrp_n005_m03_s02,5,3,0.250000,999,363.863985,203.627944,414.770971,0.000000,,,0,1,,,,,0.005138,SMALL
ga,hfvrp_n010_m03_s01,10,3,0.250000,10,529.611331,271.386050,597.457843,0.000000,,,0,1,,,,,0.756343,MEDIUM
ga,hfvrp_n005_m03_s03,5,3,0.250000,200,444.734799,0.000000,444.734799,0.000000,,,0,1,,,,,0.482615,MEDIUM
ga,hfvrp_n005_m03_s02,5,3,0.250000,999,363.863985,203.627944,414.770971,0.000000,,,0,1,,,,,0.470519,MEDIUM
ga,hfvrp_n005_m03_s04,5,3,0.250000,75,278.576281,287.478473,350.445899,0.000000,,,0,1,,,,,1.439733,BIG
ga,hfvrp_n005_m03_s05,5,3,0.250000,50,363.420355,288.915413,435.649208,0.000000,,,0,1,,,,,1.437596,BIG
ga,hfvrp_n005_m03_s04,5,3,0.250000,100,278.576281,287.478473,350.445899,0.000000,,,0,1,,,,,0.025259,DEFAULT
ga,hfvrp_n005_m03_s04,5,3,0.250000,100,278.576281,287.478473,350.445899,0.000000,,,0,1,,,,,0.002674,SMALL
ga,hfvrp_n005_m03_s05,5,3,0.250000,75,363.420355,288.915413,435.649208,0.000000,,,0,1,,,,,0.027632,DEFAULT
ga,hfvrp_n005_m03_s05,5,3,0.250000,75,363.420355,288.915413,435.649208,0.000000,,,0,1,,,,,0.006148,SMALL
ga,hfvrp_n005_m03_s01,5,3,0.250000,9999,350.283936,145.533835,386.667395,0.000000,,,0,1,,,,,1.414776,BIG
ga,hfvrp_n005_m03_s01,5,3,0.250000,19345,350.283936,145.533835,386.667395,0.000000,,,0,1,,,,,0.028095,DEFAULT
ga,hfvrp_n005_m03_s01,5,3,0.250000,19345,350.283936,145.533835,386.667395,0.000000,,,0,1,,,,,0.002523,SMALL
ga,hfvrp_n005_m03_s04,5,3,0.250000,100,278.576281,287.478473,350.445899,0.000000,,,0,1,,,,,0.485640,MEDIUM
ga,hfvrp_n005_m03_s05,5,3,0.250000,75,363.420355,288.915413,435.649208,0.000000,,,0,1,,,,,0.481268,MEDIUM
ga,hfvrp_n005_m03_s03,5,3,0.250000,200,444.734799,0.000000,444.734799,0.000000,,,0,1,,,,,1.454135,BIG
ga,hfvrp_n005_m03_s03,5,3,0.250000,999,444.734799,0.000000,444.734799,0.000000,,,0,1,,,,,0.022891,DEFAULT
ga,hfvrp_n005_m03_s02,5,3,0.250000,999,363.863985,203.627944,414.770971,0.000000,,,0,1,,,,,1.420283,BIG
ga,hfvrp_n005_m03_s03,5,3,0.250000,999,444.734799,0.000000,444.734799,0.000000,,,0,1,,,,,0.004505,SMALL
ga,hfvrp_n005_m03_s01,5,3,0.250000,19345,350.283936,145.533835,386.667395,0.000000,,,0,1,,,,,0.468138,MEDIUM
ga,hfvrp_n005_m03_s02,5,3,0.250000,1234,363.863985,203.627944,414.770971,0.000000,,,0,1,,,,,0.024099,DEFAULT
ga,hfvrp_n005_m03_s02,5,3,0.250000,1234,363.863985,203.627944,414.770971,0.000000,,,0,1,,,,,0.002623,SMALL
ga,hfvrp_n005_m03_s03,5,3,0.250000,999,444.734799,0.000000,444.734799,0.000000,,,0,1,,,,,0.476030,MEDIUM
ga,hfvrp_n010_m03_s01,10,3,0.250000,10,529.611331,271.386050,597.457843,0.000000,,,0,1,,,,,2.205777,BIG
ga,hfvrp_n005_m03_s02,5,3,0.250000,1234,363.863985,203.627944,414.770971,0.000000,,,0,1,,,,,0.472969,MEDIUM
ga,hfvrp_n010_m03_s01,10,3,0.250000,50,529.611331,271.386050,597.457843,0.000000,,,0,1,,,,,0.041099,DEFAULT
ga,hfvrp_n010_m03_s01,10,3,0.250000,50,526.249715,357.432841,615.607925,0.000000,,,0,1,,,,,0.003849,SMALL
ga,hfvrp_n005_m03_s04,5,3,0.250000,100,278.576281,287.478473,350.445899,0.000000,,,0,1,,,,,1.438331,BIG
ga,hfvrp_n005_m03_s05,5,3,0.250000,75,363.420355,288.915413,435.649208,0.000000,,,0,1,,,,,1.438059,BIG
ga,hfvrp_n010_m03_s01,10,3,0.250000,50,529.611331,271.386050,597.457843,0.000000,,,0,1,,,,,0.726540,MEDIUM
ga,hfvrp_n005_m03_s04,5,3,0.250000,200,278.576281,287.478473,350.445899,0.000000,,,0,1,,,,,0.026534,DEFAULT
ga,hfvrp_n005_m03_s04,5,3,0.250000,200,278.576281,287.478473,350.445899,0.000000,,,0,1,,,,,0.006908,SMALL
ga,hfvrp_n005_m03_s05,5,3,0.250000,100,363.420355,288.915413,435.649208,0.000000,,,0,1,,,,,0.024359,DEFAULT
ga,hfvrp_n005_m03_s05,5,3,0.250000,100,363.420355,288.915413,435.649208,0.000000,,,0,1,,,,,0.002702,SMALL
ga,hfvrp_n005_m03_s01,5,3,0.250000,19345,350.283936,145.533835,386.667395,0.000000,,,0,1,,,,,1.412390,BIG
ga,hfvrp_n005_m03_s01,5,3,0.250000,1787948445113555743,350.283936,145.533835,386.667395,0.000000,,,0,1,,,,,0.023947,DEFAULT
ga,hfvrp_n005_m03_s01,5,3,0.250000,1787948440846167083,350.283936,145.533835,386.667395,0.000000,,,0,1,,,,,0.002491,SMALL
ga,hfvrp_n005_m03_s05,5,3,0.250000,100,363.420355,288.915413,435.649208,0.000000,,,0,1,,,,,0.473178,MEDIUM
ga,hfvrp_n005_m03_s04,5,3,0.250000,200,278.576281,287.478473,350.445899,0.000000,,,0,1,,,,,0.480861,MEDIUM
ga,hfvrp_n005_m03_s01,5,3,0.250000,1787948453737135597,350.283936,145.533835,386.667395,0.000000,,,0,1,,,,,0.466279,MEDIUM
ga,hfvrp_n005_m03_s02,5,3,0.250000,1234,363.863985,203.627944,414.770971,0.000000,,,0,1,,,,,1.424725,BIG
ga,hfvrp_n005_m03_s03,5,3,0.250000,999,444.734799,0.000000,444.734799,0.000000,,,0,1,,,,,1.432816,BIG
ga,hfvrp_n005_m03_s02,5,3,0.250000,9999,363.863985,203.627944,414.770971,0.000000,,,0,1,,,,,0.024302,DEFAULT
ga,hfvrp_n005_m03_s03,5,3,0.250000,1234,444.734799,0.000000,444.734799,0.000000,,,0,1,,,,,0.027160,DEFAULT
ga,hfvrp_n005_m03_s02,5,3,0.250000,9999,363.863985,203.627944,414.770971,0.000000,,,0,1,,,,,0.005696,SMALL
ga,hfvrp_n005_m03_s03,5,3,0.250000,1234,444.734799,0.000000,444.734799,0.000000,,,0,1,,,,,0.005470,SMALL
ga,hfvrp_n005_m03_s02,5,3,0.250000,9999,363.863985,203.627944,414.770971,0.000000,,,0,1,,,,,0.465152,MEDIUM
ga,hfvrp_n005_m03_s03,5,3,0.250000,1234,444.734799,0.000000,444.734799,0.000000,,,0,1,,,,,0.470074,MEDIUM
ga,hfvrp_n005_m03_s04,5,3,0.250000,200,278.576281,287.478473,350.445899,0.000000,,,0,1,,,,,1.437563,BIG
ga,hfvrp_n005_m03_s05,5,3,0.250000,100,363.420355,288.915413,435.649208,0.000000,,,0,1,,,,,1.445585,BIG
ga,hfvrp_n005_m03_s04,5,3,0.250000,999,278.576281,287.478473,350.445899,0.000000,,,0,1,,,,,0.025619,DEFAULT
ga,hfvrp_n005_m03_s04,5,3,0.250000,999,278.576281,287.478473,350.445899,0.000000,,,0,1,,,,,0.002545,SMALL
ga,hfvrp_n005_m03_s05,5,3,0.250000,200,363.420355,288.915413,435.649208,0.000000,,,0,1,,,,,0.027643,DEFAULT
ga,hfvrp_n005_m03_s05,5,3,0.250000,200,363.420355,288.915413,435.649208,0.000000,,,0,1,,,,,0.002658,SMALL
ga,hfvrp_n005_m03_s01,5,3,0.250000,1787948458502202697,350.283936,145.533835,386.667395,0.000000,,,0,1,,,,,1.408976,BIG
ga,hfvrp_n010_m03_s02,10,3,0.250000,1787948236610314451,543.106201,483.480302,663.976277,0.000000,,,0,1,,,,,0.037737,DEFAULT
ga,hfvrp_n010_m03_s02,10,3,0.250000,1787948249536803824,543.106201,483.480302,663.976277,0.000000,,,0,1,,,,,0.003997,SMALL
ga,hfvrp_n010_m03_s01,10,3,0.250000,50,529.611331,271.386050,597.457843,0.000000,,,0,1,,,,,2.261840,BIG
ga,hfvrp_n010_m03_s01,10,3,0.250000,75,529.611331,271.386050,597.457843,0.000000,,,0,1,,,,,0.034769,DEFAULT
ga,hfvrp_n010_m03_s01,10,3,0.250000,75,529.611331,271.386050,597.457843,0.000000,,,0,1,,,,,0.003854,SMALL
ga,hfvrp_n005_m03_s05,5,3,0.250000,200,363.420355,288.915413,435.649208,0.000000,,,0,1,,,,,0.477259,MEDIUM
ga,hfvrp_n005_m03_s04,5,3,0.250000,999,278.576281,287.478473,350.445899,0.000000,,,0,1,,,,,0.490440,MEDIUM
ga,hfvrp_n005_m03_s02,5,3,0.250000,9999,363.863985,203.627944,414.770971,0.000000,,,0,1,,,,,1.417098,BIG
ga,hfvrp_n005_m03_s03,5,3,0.250000,1234,444.734799,0.000000,444.734799,0.000000,,,0,1,,,,,1.433314,BIG
ga,hfvrp_n005_m03_s02,5,3,0.250000,19345,363.863985,203.627944,414.770971,0.000000,,,0,1,,,,,0.024030,DEFAULT
ga,hfvrp_n005_m03_s02,5,3,0.250000,19345,363.863985,203.627944,414.770971,0.000000,,,0,1,,,,,0.002644,SMALL
ga,hfvrp_n005_m03_s03,5,3,0.250000,9999,444.734799,0.000000,444.734799,0.000000,,,0,1,,,,,0.024729,DEFAULT
ga,hfvrp_n005_m03_s03,5,3,0.250000,9999,444.734799,0.000000,444.734799,0.000000,,,0,1,,,,,0.005614,SMALL
ga,hfvrp_n010_m03_s02,10,3,0.250000,1787948245249547604,543.106201,483.480302,663.976277,0.000000,,,0,1,,,,,0.748848,MEDIUM
ga,hfvrp_n010_m03_s01,10,3,0.250000,75,529.611331,271.386050,597.457843,0.000000,,,0,1,,,,,0.736134,MEDIUM
ga,hfvrp_n005_m03_s02,5,3,0.250000,19345,363.863985,203.627944,414.770971,0.000000,,,0,1,,,,,0.466750,MEDIUM
ga,hfvrp_n005_m03_s03,5,3,0.250000,9999,444.734799,0.000000,444.734799,0.000000,,,0,1,,,,,0.471199,MEDIUM
ga,hfvrp_n005_m03_s05,5,3,0.250000,200,363.420355,288.915413,435.649208,0.000000,,,0,1,,,,,1.430161,BIG
ga,hfvrp_n005_m03_s04,5,3,0.250000,999,278.576281,287.478473,350.445899,0.000000,,,0,1,,,,,1.433430,BIG
ga,hfvrp_n005_m03_s05,5,3,0.250000,999,363.420355,288.915413,435.649208,0.000000,,,0,1,,,,,0.024957,DEFAULT
ga,hfvrp_n005_m03_s04,5,3,0.250000,1234,278.576281,287.478473,350.445899,0.000000,,,0,1,,,,,0.026886,DEFAULT
ga,hfvrp_n005_m03_s05,5,3,0.250000,999,363.420355,288.915413,435.649208,0.000000,,,0,1,,,,,0.005013,SMALL
ga,hfvrp_n005_m03_s04,5,3,0.250000,1234,278.576281,287.478473,350.445899,0.000000,,,0,1,,,,,0.002534,SMALL
ga,hfvrp_n005_m03_s05,5,3,0.250000,999,363.420355,288.915413,435.649208,0.000000,,,0,1,,,,,0.469198,MEDIUM
ga,hfvrp_n005_m03_s04,5,3,0.250000,1234,278.576281,287.478473,350.445899,0.000000,,,0,1,,,,,0.471104,MEDIUM
ga,hfvrp_n005_m03_s02,5,3,0.250000,19345,363.863985,203.627944,414.770971,0.000000,,,0,1,,,,,1.415515,BIG
ga,hfvrp_n005_m03_s03,5,3,0.250000,9999,444.734799,0.000000,444.734799,0.000000,,,0,1,,,,,1.422507,BIG
ga,hfvrp_n005_m03_s02,5,3,0.250000,1787947775222514198,363.863985,203.627944,414.770971,0.000000,,,0,1,,,,,0.027537,DEFAULT
ga,hfvrp_n005_m03_s02,5,3,0.250000,1787947792435299502,363.863985,203.627944,414.770971,0.000000,,,0,1,,,,,0.005070,SMALL
ga,hfvrp_n005_m03_s03,5,3,0.250000,19345,444.734799,0.000000,444.734799,0.000000,,,0,1,,,,,0.025924,DEFAULT
ga,hfvrp_n005_m03_s03,5,3,0.250000,19345,444.734799,0.000000,444.734799,0.000000,,,0,1,,,,,0.002673,SMALL
ga,hfvrp_n005_m03_s02,5,3,0.250000,1787947783855415839,363.863985,203.627944,414.770971,0.000000,,,0,1,,,,,0.467662,MEDIUM
ga,hfvrp_n005_m03_s03,5,3,0.250000,19345,444.734799,0.000000,444.734799,0.000000,,,0,1,,,,,0.471600,MEDIUM
ga,hfvrp_n010_m03_s02,10,3,0.250000,1787948211641957263,543.106201,483.480302,663.976277,0.000000,,,0,1,,,,,2.276738,BIG
ga,hfvrp_n010_m03_s02,10,3,0.250000,1,543.106201,483.480302,663.976277,0.000000,,,0,1,,,,,0.035798,DEFAULT
ga,hfvrp_n010_m03_s02,10,3,0.250000,1,543.106201,483.480302,663.976277,0.000000,,,0,1,,,,,0.003926,SMALL
ga,hfvrp_n010_m03_s01,10,3,0.250000,75,529.611331,271.386050,597.457843,0.000000,,,0,1,,,,,2.223699,BIG
ga,hfvrp_n010_m03_s01,10,3,0.250000,100,529.611331,271.386050,597.457843,0.000000,,,0,1,,,,,0.040157,DEFAULT
ga,hfvrp_n010_m03_s01,10,3,0.250000,100,529.611331,271.386050,597.457843,0.000000,,,0,1,,,,,0.008672,SMALL
ga,hfvrp_n005_m03_s05,5,3,0.250000,999,363.420355,288.915413,435.649208,0.000000,,,0,1,,,,,1.435408,BIG
ga,hfvrp_n005_m03_s04,5,3,0.250000,1234,278.576281,287.478473,350.445899,0.000000,,,0,1,,,,,1.446178,BIG
ga,hfvrp_n005_m03_s05,5,3,0.250000,1234,363.420355,288.915413,435.649208,0.000000,,,0,1,,,,,0.023945,DEFAULT
ga,hfvrp_n005_m03_s05,5,3,0.250000,1234,363.420355,288.915413,435.649208,0.000000,,,0,1,,,,,0.005158,SMALL
ga,hfvrp_n010_m03_s02,10,3,0.250000,1,543.106201,483.480302,663.976277,0.000000,,,0,1,,,,,0.750902,MEDIUM
ga,hfvrp_n005_m03_s04,5,3,0.250000,9999,278.576281,287.478473,350.445899,0.000000,,,0,1,,,,,0.024914,DEFAULT
ga,hfvrp_n005_m03_s04,5,3,0.250000,9999,278.576281,287.478473,350.445899,0.000000,,,0,1,,,,,0.002743,SMALL
ga,hfvrp_n010_m03_s01,10,3,0.250000,100,529.611331,271.386050,597.457843,0.000000,,,0,1,,,,,0.732661,MEDIUM
ga,hfvrp_n005_m03_s05,5,3,0.250000,1234,363.420355,288.915413,435.649208,0.000000,,,0,1,,,,,0.474709,MEDIUM
ga,hfvrp_n005_m03_s04,5,3,0.250000,9999,278.576281,287.478473,350.445899,0.000000,,,0,1,,,,,0.474102,MEDIUM
ga,hfvrp_n005_m03_s02,5,3,0.250000,1787947801511028190,363.863985,203.627944,414.770971,0.000000,,,0,1,,,,,1.428192,BIG
ga,hfvrp_n005_m03_s03,5,3,0.250000,19345,444.734799,0.000000,444.734799,0.000000,,,0,1,,,,,1.434220,BIG
ga,hfvrp_n005_m03_s03,5,3,0.250000,1787949675607227499,444.734799,0.000000,444.734799,0.000000,,,0,1,,,,,0.024283,DEFAULT
ga,hfvrp_n010_m03_s03,10,3,0.250000,1787949791558428462,603.750103,563.761094,744.690377,0.000000,,,0,1,,,,,0.037745,DEFAULT
ga,hfvrp_n010_m03_s03,10,3,0.250000,1787949701405754884,603.750103,563.761094,744.690377,0.000000,,,0,1,,,,,0.004132,SMALL
ga,hfvrp_n005_m03_s03,5,3,0.250000,1787949697114262466,444.734799,0.000000,444.734799,0.000000,,,0,1,,,,,0.005619,SMALL
ga,hfvrp_n005_m03_s03,5,3,0.250000,1787949692829142463,444.734799,0.000000,444.734799,0.000000,,,0,1,,,,,0.472231,MEDIUM
ga,hfvrp_n010_m03_s03,10,3,0.250000,1787949688528820105,603.750103,563.761094,744.690377,0.000000,,,0,1,,,,,0.726638,MEDIUM
ga,hfvrp_n005_m03_s05,5,3,0.250000,1234,363.420355,288.915413,435.649208,0.000000,,,0,1,,,,,1.433626,BIG
ga,hfvrp_n005_m03_s04,5,3,0.250000,9999,278.576281,287.478473,350.445899,0.000000,,,0,1,,,,,1.437580,BIG
ga,hfvrp_n005_m03_s05,5,3,0.250000,9999,363.420355,288.915413,435.649208,0.000000,,,0,1,,,,,0.025105,DEFAULT
ga,hfvrp_n005_m03_s05,5,3,0.250000,9999,363.420355,288.915413,435.649208,0.000000,,,0,1,,,,,0.002670,SMALL
ga,hfvrp_n005_m03_s04,5,3,0.250000,19345,278.576281,287.478473,350.445899,0.000000,,,0,1,,,,,0.024471,DEFAULT
ga,hfvrp_n005_m03_s04,5,3,0.250000,19345,278.576281,287.478473,350.445899,0.000000,,,0,1,,,,,0.005773,SMALL
ga,hfvrp_n010_m03_s02,10,3,0.250000,1,543.106201,483.480302,663.976277,0.000000,,,0,1,,,,,2.288322,BIG
ga,hfvrp_n010_m03_s02,10,3,0.250000,10,544.569544,539.371764,679.412485,0.000000,,,0,1,,,,,0.039264,DEFAULT
ga,hfvrp_n010_m03_s02,10,3,0.250000,10,543.106201,483.480302,663.976277,0.000000,,,0,1,,,,,0.007106,SMALL
ga,hfvrp_n010_m03_s01,10,3,0.250000,100,529.611331,271.386050,597.457843,0.000000,,,0,1,,,,,2.207568,BIG
ga,hfvrp_n005_m03_s05,5,3,0.250000,9999,363.420355,288.915413,435.649208,0.000000,,,0,1,,,,,0.476659,MEDIUM
ga,hfvrp_n010_m03_s01,10,3,0.250000,200,529.611331,271.386050,597.457843,0.000000,,,0,1,,,,,0.034966,DEFAULT
ga,hfvrp_n010_m03_s01,10,3,0.250000,200,529.611331,271.386050,597.457843,0.000000,,,0,1,,,,,0.004026,SMALL
ga,hfvrp_n005_m03_s04,5,3,0.250000,19345,278.576281,287.478473,350.445899,0.000000,,,0,1,,,,,0.476603,MEDIUM
ga,hfvrp_n005_m03_s03,5,3,0.250000,1787949714784130672,444.734799,0.000000,444.734799,0.000000,,,0,1,,,,,1.434956,BIG
ga,hfvrp_n010_m03_s04,10,3,0.250000,1787949488631223583,526.269414,672.105161,694.295704,0.000000,,,0,1,,,,,0.037999,DEFAULT
ga,hfvrp_n010_m03_s04,10,3,0.250000,1787949484377868888,526.269414,672.105161,694.295704,0.000000,,,0,1,,,,,0.003763,SMALL
ga,hfvrp_n010_m03_s02,10,3,0.250000,10,543.106201,483.480302,663.976277,0.000000,,,0,1,,,,,0.748657,MEDIUM
ga,hfvrp_n010_m03_s01,10,3,0.250000,200,529.611331,271.386050,597.457843,0.000000,,,0,1,,,,,0.728228,MEDIUM
ga,hfvrp_n010_m03_s04,10,3,0.250000,1787949480094366723,526.269414,672.105161,694.295704,0.000000,,,0,1,,,,,0.727972,MEDIUM
ga,hfvrp_n010_m03_s03,10,3,0.250000,1787949719328506332,603.750103,563.761094,744.690377,0.000000,,,0,1,,,,,2.232406,BIG
ga,hfvrp_n010_m03_s03,10,3,0.250000,1,603.750103,563.761094,744.690377,0.000000,,,0,1,,,,,0.040703,DEFAULT
ga,hfvrp_n010_m03_s03,10,3,0.250000,1,603.750103,563.761094,744.690377,0.000000,,,0,1,,,,,0.006839,SMALL
ga,hfvrp_n005_m03_s05,5,3,0.250000,9999,363.420355,288.915413,435.649208,0.000000,,,0,1,,,,,1.431059,BIG
ga,hfvrp_n005_m03_s05,5,3,0.250000,19345,363.420355,288.915413,435.649208,0.000000,,,0,1,,,,,0.023639,DEFAULT
ga,hfvrp_n005_m03_s04,5,3,0.250000,19345,278.576281,287.478473,350.445899,0.000000,,,0,1,,,,,1.438730,BIG
ga,hfvrp_n005_m03_s05,5,3,0.250000,19345,381.319390,246.921758,443.049829,0.000000,,,0,1,,,,,0.002642,SMALL
ga,hfvrp_n005_m03_s04,5,3,0.250000,1787949455620885635,278.576281,287.478473,350.445899,0.000000,,,0,1,,,,,0.028538,DEFAULT
ga,hfvrp_n005_m03_s04,5,3,0.250000,1787949451357526483,278.576281,287.478473,350.445899,0.000000,,,0,1,,,,,0.002463,SMALL
ga,hfvrp_n005_m03_s05,5,3,0.250000,19345,363.420355,288.915413,435.649208,0.000000,,,0,1,,,,,0.470792,MEDIUM
ga,hfvrp_n010_m03_s03,10,3,0.250000,1,603.750103,563.761094,744.690377,0.000000,,,0,1,,,,,0.736545,MEDIUM
ga,hfvrp_n005_m03_s04,5,3,0.250000,1787949447072707303,278.576281,287.478473,350.445899,0.000000,,,0,1,,,,,0.477287,MEDIUM
ga,hfvrp_n010_m03_s02,10,3,0.250000,10,543.106201,483.480302,663.976277,0.000000,,,0,1,,,,,2.242939,BIG
ga,hfvrp_n010_m03_s02,10,3,0.250000,50,543.106201,483.480302,663.976277,0.000000,,,0,1,,,,,0.036032,DEFAULT
ga,hfvrp_n010_m03_s01,10,3,0.250000,200,529.611331,271.386050,597.457843,0.000000,,,0,1,,,,,2.233738,BIG
ga,hfvrp_n010_m03_s02,10,3,0.250000,50,524.488142,720.694918,704.661872,0.000000,,,0,1,,,,,0.008163,SMALL
ga,hfvrp_n010_m03_s01,10,3,0.250000,999,529.611331,271.386050,597.457843,0.000000,,,0,1,,,,,0.037671,DEFAULT
ga,hfvrp_n010_m03_s01,10,3,0.250000,999,529.611331,271.386050,597.457843,0.000000,,,0,1,,,,,0.003823,SMALL
ga,hfvrp_n010_m03_s04,10,3,0.250000,1787949502305918403,526.269414,672.105161,694.295704,0.000000,,,0,1,,,,,2.192464,BIG
ga,hfvrp_n010_m03_s04,10,3,0.250000,1,526.269414,672.105161,694.295704,0.000000,,,0,1,,,,,0.040053,DEFAULT
ga,hfvrp_n010_m03_s04,10,3,0.250000,1,526.269414,672.105161,694.295704,0.000000,,,0,1,,,,,0.006244,SMALL
ga,hfvrp_n005_m03_s05,5,3,0.250000,19345,363.420355,288.915413,435.649208,0.000000,,,0,1,,,,,1.463606,BIG
ga,hfvrp_n005_m03_s05,5,3,0.250000,1787949564935459101,363.420355,288.915413,435.649208,0.000000,,,0,1,,,,,0.023110,DEFAULT
ga,hfvrp_n005_m03_s04,5,3,0.250000,1787949606471817340,278.576281,287.478473,350.445899,0.000000,,,0,1,,,,,1.444503,BIG
ga,hfvrp_n005_m03_s05,5,3,0.250000,1787949569261050024,363.420355,288.915413,435.649208,0.000000,,,0,1,,,,,0.006672,SMALL
ga,hfvrp_n010_m03_s05,10,3,0.250000,1787949221413441589,544.295849,686.066928,715.812581,0.000000,,,0,1,,,,,0.037012,DEFAULT
ga,hfvrp_n010_m03_s05,10,3,0.250000,1787949225749201854,552.442404,684.023532,723.448287,0.000000,,,0,1,,,,,0.003839,SMALL
ga,hfvrp_n010_m03_s02,10,3,0.250000,50,543.106201,483.480302,663.976277,0.000000,,,0,1,,,,,0.755127,MEDIUM
ga,hfvrp_n010_m03_s01,10,3,0.250000,999,529.611331,271.386050,597.457843,0.000000,,,0,1,,,,,0.742419,MEDIUM
ga,hfvrp_n010_m03_s04,10,3,0.250000,1,526.269414,672.105161,694.295704,0.000000,,,0,1,,,,,0.741626,MEDIUM
ga,hfvrp_n005_m03_s05,5,3,0.250000,1787949217085904265,363.420355,288.915413,435.649208,0.000000,,,0,1,,,,,0.479092,MEDIUM
ga,hfvrp_n010_m03_s03,10,3,0.250000,1,603.750103,563.761094,744.690377,0.000000,,,0,1,,,,,2.209130,BIG
ga,hfvrp_n010_m03_s03,10,3,0.250000,10,603.750103,563.761094,744.690377,0.000000,,,0,1,,,,,0.040374,DEFAULT
ga,hfvrp_n010_m03_s03,10,3,0.250000,10,600.618708,763.645230,791.530016,0.000000,,,0,1,,,,,0.006039,SMALL
ga,hfvrp_n010_m03_s05,10,3,0.250000,1787949230051627629,544.295849,686.066928,715.812581,0.000000,,,0,1,,,,,0.741299,MEDIUM
ga,hfvrp_n010_m03_s03,10,3,0.250000,10,603.750103,563.761094,744.690377,0.000000,,,0,1,,,,,0.730690,MEDIUM
ga,hfvrp_n005_m03_s05,5,3,0.250000,1787949144555636446,363.420355,288.915413,435.649208,0.000000,,,0,1,,,,,1.444535,BIG
ga,hfvrp_n015_m03_s01,15,3,0.250000,1787949382283341055,616.617157,2135.962623,1150.607813,0.000000,,,0,1,,,,,0.051867,DEFAULT
ga,hfvrp_n015_m03_s01,15,3,0.250000,1787949386634021011,676.948402,2340.795907,1262.147378,0.000000,,,0,1,,,,,0.005341,SMALL
ga,hfvrp_n010_m03_s02,10,3,0.250000,50,543.106201,483.480302,663.976277,0.000000,,,0,1,,,,,2.241540,BIG
ga,hfvrp_n010_m03_s02,10,3,0.250000,75,543.106201,483.480302,663.976277,0.000000,,,0,1,,,,,0.039646,DEFAULT
ga,hfvrp_n010_m03_s02,10,3,0.250000,75,544.569544,539.371764,679.412485,0.000000,,,0,1,,,,,0.003860,SMALL
ga,hfvrp_n010_m03_s01,10,3,0.250000,999,529.611331,271.386050,597.457843,0.000000,,,0,1,,,,,2.285197,BIG
ga,hfvrp_n010_m03_s04,10,3,0.250000,1,526.269414,672.105161,694.295704,0.000000,,,0,1,,,,,2.185470,BIG
ga,hfvrp_n010_m03_s01,10,3,0.250000,1234,529.611331,271.386050,597.457843,0.000000,,,0,1,,,,,0.040868,DEFAULT
ga,hfvrp_n010_m03_s01,10,3,0.250000,1234,529.611331,271.386050,597.457843,0.000000,,,0,1,,,,,0.005658,SMALL
ga,hfvrp_n010_m03_s04,10,3,0.250000,10,526.269414,672.105161,694.295704,0.000000,,,0,1,,,,,0.039773,DEFAULT
ga,hfvrp_n010_m03_s04,10,3,0.250000,10,526.269414,672.105161,694.295704,0.000000,,,0,1,,,,,0.006208,SMALL
ga,hfvrp_n010_m03_s05,10,3,0.250000,1787949179257748228,544.295849,686.066928,715.812581,0.000000,,,0,1,,,,,2.218921,BIG
ga,hfvrp_n015_m03_s01,15,3,0.250000,1787949390938103447,618.348969,2088.235372,1140.407812,0.000000,,,0,1,,,,,0.996059,MEDIUM
ga,hfvrp_n010_m03_s05,10,3,0.250000,1,557.981689,698.612357,732.634779,0.000000,,,0,1,,,,,0.037586,DEFAULT
ga,hfvrp_n010_m03_s05,10,3,0.250000,1,623.330991,1130.357334,905.920324,0.000000,,,0,1,,,,,0.008089,SMALL
ga,hfvrp_n010_m03_s02,10,3,0.250000,75,543.106201,483.480302,663.976277,0.000000,,,0,1,,,,,0.761636,MEDIUM
ga,hfvrp_n010_m03_s04,10,3,0.250000,10,526.269414,672.105161,694.295704,0.000000,,,0,1,,,,,0.725842,MEDIUM
ga,hfvrp_n010_m03_s01,10,3,0.250000,1234,529.611331,271.386050,597.457843,0.000000,,,0,1,,,,,0.786815,MEDIUM
ga,hfvrp_n010_m03_s03,10,3,0.250000,10,603.750103,563.761094,744.690377,0.000000,,,0,1,,,,,2.217334,BIG
ga,hfvrp_n010_m03_s03,10,3,0.250000,50,603.750103,563.761094,744.690377,0.000000,,,0,1,,,,,0.034926,DEFAULT
ga,hfvrp_n010_m03_s03,10,3,0.250000,50,603.750103,563.761094,744.690377,0.000000,,,0,1,,,,,0.003832,SMALL
ga,hfvrp_n010_m03_s05,10,3,0.250000,1,544.295849,686.066928,715.812581,0.000000,,,0,1,,,,,0.736837,MEDIUM
ga,hfvrp_n010_m03_s03,10,3,0.250000,50,603.750103,563.761094,744.690377,0.000000,,,0,1,,,,,0.736779,MEDIUM
ga,hfvrp_n010_m03_s02,10,3,0.250000,75,543.106201,483.480302,663.976277,0.000000,,,0,1,,,,,2.233513,BIG
ga,hfvrp_n010_m03_s04,10,3,0.250000,10,526.269414,672.105161,694.295704,0.000000,,,0,1,,,,,2.170174,BIG
ga,hfvrp_n010_m03_s02,10,3,0.250000,100,543.106201,483.480302,663.976277,0.000000,,,0,1,,,,,0.042083,DEFAULT
ga,hfvrp_n010_m03_s02,10,3,0.250000,100,543.106201,483.480302,663.976277,0.000000,,,0,1,,,,,0.009433,SMALL
ga,hfvrp_n010_m03_s04,10,3,0.250000,50,526.269414,672.105161,694.295704,0.000000,,,0,1,,,,,0.035851,DEFAULT
ga,hfvrp_n010_m03_s01,10,3,0.250000,1234,529.611331,271.386050,597.457843,0.000000,,,0,1,,,,,2.206522,BIG
ga,hfvrp_n010_m03_s04,10,3,0.250000,50,526.269414,672.105161,694.295704,0.000000,,,0,1,,,,,0.008773,SMALL
ga,hfvrp_n010_m03_s01,10,3,0.250000,9999,529.611331,271.386050,597.457843,0.000000,,,0,1,,,,,0.037062,DEFAULT
ga,hfvrp_n010_m03_s01,10,3,0.250000,9999,529.611331,271.386050,597.457843,0.000000,,,0,1,,,,,0.007141,SMALL
ga,hfvrp_n015_m03_s01,15,3,0.250000,1787948915198556111,618.348969,2088.235372,1140.407812,0.000000,,,0,1,,,,,2.945352,BIG
ga,hfvrp_n015_m03_s01,15,3,0.250000,1,618.348969,2088.235372,1140.407812,0.000000,,,0,1,,,,,0.053761,DEFAULT
ga,hfvrp_n010_m03_s05,10,3,0.250000,1,544.295849,686.066928,715.812581,0.000000,,,0,1,,,,,2.221341,BIG
ga,hfvrp_n015_m03_s01,15,3,0.250000,1,676.948402,2340.795907,1262.147378,0.000000,,,0,1,,,,,0.009286,SMALL
ga,hfvrp_n010_m03_s05,10,3,0.250000,10,544.295849,686.066928,715.812581,0.000000,,,0,1,,,,,0.037648,DEFAULT
ga,hfvrp_n010_m03_s05,10,3,0.250000,10,544.295849,686.066928,715.812581,0.000000,,,0,1,,,,,0.007491,SMALL
ga,hfvrp_n010_m03_s02,10,3,0.250000,100,543.106201,483.480302,663.976277,0.000000,,,0,1,,,,,0.752006,MEDIUM
ga,hfvrp_n010_m03_s04,10,3,0.250000,50,526.269414,672.105161,694.295704,0.000000,,,0,1,,,,,0.731725,MEDIUM
ga,hfvrp_n010_m03_s01,10,3,0.250000,9999,529.611331,271.386050,597.457843,0.000000,,,0,1,,,,,0.735121,MEDIUM
ga,hfvrp_n010_m03_s03,10,3,0.250000,50,603.750103,563.761094,744.690377,0.000000,,,0,1,,,,,2.207614,BIG
ga,hfvrp_n010_m03_s03,10,3,0.250000,75,603.750103,563.761094,744.690377,0.000000,,,0,1,,,,,0.040184,DEFAULT
ga,hfvrp_n010_m03_s03,10,3,0.250000,75,603.750103,563.761094,744.690377,0.000000,,,0,1,,,,,0.003906,SMALL
ga,hfvrp_n010_m03_s05,10,3,0.250000,10,544.295849,686.066928,715.812581,0.000000,,,0,1,,,,,0.740305,MEDIUM
ga,hfvrp_n015_m03_s01,15,3,0.250000,1,618.348969,2088.235372,1140.407812,0.000000,,,0,1,,,,,0.989497,MEDIUM
ga,hfvrp_n010_m03_s03,10,3,0.250000,75,603.750103,563.761094,744.690377,0.000000,,,0,1,,,,,0.728062,MEDIUM
ga,hfvrp_n010_m03_s04,10,3,0.250000,50,526.269414,672.105161,694.295704,0.000000,,,0,1,,,,,2.209622,BIG
ga,hfvrp_n010_m03_s02,10,3,0.250000,100,543.106201,483.480302,663.976277,0.000000,,,0,1,,,,,2.245527,BIG
ga,hfvrp_n010_m03_s01,10,3,0.250000,9999,529.611331,271.386050,597.457843,0.000000,,,0,1,,,,,2.181416,BIG
ga,hfvrp_n010_m03_s04,10,3,0.250000,75,526.269414,672.105161,694.295704,0.000000,,,0,1,,,,,0.041256,DEFAULT
ga,hfvrp_n010_m03_s04,10,3,0.250000,75,526.269414,672.105161,694.295704,0.000000,,,0,1,,,,,0.004205,SMALL
ga,hfvrp_n010_m03_s02,10,3,0.250000,200,543.106201,483.480302,663.976277,0.000000,,,0,1,,,,,0.040963,DEFAULT
ga,hfvrp_n010_m03_s02,10,3,0.250000,200,544.569544,539.371764,679.412485,0.000000,,,0,1,,,,,0.004043,SMALL
ga,hfvrp_n010_m03_s01,10,3,0.250000,19345,526.249715,357.432841,615.607925,0.000000,,,0,1,,,,,0.037962,DEFAULT
ga,hfvrp_n010_m03_s01,10,3,0.250000,19345,526.249715,357.432841,615.607925,0.000000,,,0,1,,,,,0.004221,SMALL
ga,hfvrp_n010_m03_s05,10,3,0.250000,10,544.295849,686.066928,715.812581,0.000000,,,0,1,,,,,2.230497,BIG
ga,hfvrp_n010_m03_s05,10,3,0.250000,50,598.742551,1159.646472,888.654169,0.000000,,,0,1,,,,,0.039085,DEFAULT
ga,hfvrp_n010_m03_s05,10,3,0.250000,50,598.742551,1159.646472,888.654169,0.000000,,,0,1,,,,,0.003954,SMALL
ga,hfvrp_n010_m03_s04,10,3,0.250000,75,526.269414,672.105161,694.295704,0.000000,,,0,1,,,,,0.726668,MEDIUM
ga,hfvrp_n010_m03_s01,10,3,0.250000,19345,529.611331,271.386050,597.457843,0.000000,,,0,1,,,,,0.729707,MEDIUM
ga,hfvrp_n010_m03_s02,10,3,0.250000,200,543.106201,483.480302,663.976277,0.000000,,,0,1,,,,,0.749706,MEDIUM
ga,hfvrp_n010_m03_s03,10,3,0.250000,75,603.750103,563.761094,744.690377,0.000000,,,0,1,,,,,2.227266,BIG
ga,hfvrp_n010_m03_s03,10,3,0.250000,100,603.750103,563.761094,744.690377,0.000000,,,0,1,,,,,0.040207,DEFAULT
ga,hfvrp_n010_m03_s03,10,3,0.250000,100,603.750103,563.761094,744.690377,0.000000,,,0,1,,,,,0.006640,SMALL
ga,hfvrp_n010_m03_s05,10,3,0.250000,50,544.295849,686.066928,715.812581,0.000000,,,0,1,,,,,0.739302,MEDIUM
ga,hfvrp_n015_m03_s01,15,3,0.250000,1,618.348969,2088.235372,1140.407812,0.000000,,,0,1,,,,,2.940924,BIG
ga,hfvrp_n015_m03_s01,15,3,0.250000,10,616.617157,2135.962623,1150.607813,0.000000,,,0,1,,,,,0.053085,DEFAULT
ga,hfvrp_n015_m03_s01,15,3,0.250000,10,646.212640,2557.076201,1285.481690,0.000000,,,0,1,,,,,0.010738,SMALL
ga,hfvrp_n010_m03_s03,10,3,0.250000,100,603.750103,563.761094,744.690377,0.000000,,,0,1,,,,,0.740478,MEDIUM
ga,hfvrp_n015_m03_s01,15,3,0.250000,10,618.348969,2088.235372,1140.407812,0.000000,,,0,1,,,,,0.991064,MEDIUM
ga,hfvrp_n010_m03_s04,10,3,0.250000,75,526.269414,672.105161,694.295704,0.000000,,,0,1,,,,,2.187368,BIG
ga,hfvrp_n010_m03_s01,10,3,0.250000,19345,529.611331,271.386050,597.457843,0.000000,,,0,1,,,,,2.198642,BIG
ga,hfvrp_n010_m03_s04,10,3,0.250000,100,526.269414,672.105161,694.295704,0.000000,,,0,1,,,,,0.040371,DEFAULT
ga,hfvrp_n010_m03_s04,10,3,0.250000,100,526.269414,672.105161,694.295704,0.000000,,,0,1,,,,,0.006787,SMALL
ga,hfvrp_n010_m03_s02,10,3,0.250000,200,543.106201,483.480302,663.976277,0.000000,,,0,1,,,,,2.244842,BIG
ga,hfvrp_n010_m03_s01,10,3,0.250000,1787950946797030902,529.611331,271.386050,597.457843,0.000000,,,0,1,,,,,0.036796,DEFAULT
ga,hfvrp_n010_m03_s01,10,3,0.250000,1787950573175794596,529.611331,271.386050,597.457843,0.000000,,,0,1,,,,,0.004191,SMALL
ga,hfvrp_n010_m03_s02,10,3,0.250000,999,544.569544,539.371764,679.412485,0.000000,,,0,1,,,,,0.039341,DEFAULT
ga,hfvrp_n010_m03_s02,10,3,0.250000,999,543.106201,483.480302,663.976277,0.000000,,,0,1,,,,,0.006236,SMALL
ga,hfvrp_n010_m03_s05,10,3,0.250000,50,544.295849,686.066928,715.812581,0.000000,,,0,1,,,,,2.224249,BIG
ga,hfvrp_n010_m03_s05,10,3,0.250000,75,598.742551,1159.646472,888.654169,0.000000,,,0,1,,,,,0.039391,DEFAULT
ga,hfvrp_n010_m03_s05,10,3,0.250000,75,598.742551,1159.646472,888.654169,0.000000,,,0,1,,,,,0.008875,SMALL
ga,hfvrp_n010_m03_s04,10,3,0.250000,100,526.269414,672.105161,694.295704,0.000000,,,0,1,,,,,0.738799,MEDIUM
ga,hfvrp_n010_m03_s01,10,3,0.250000,1787950568893186566,529.611331,271.386050,597.457843,0.000000,,,0,1,,,,,0.731741,MEDIUM
ga,hfvrp_n010_m03_s02,10,3,0.250000,999,543.106201,483.480302,663.976277,0.000000,,,0,1,,,,,0.745481,MEDIUM
ga,hfvrp_n010_m03_s03,10,3,0.250000,100,603.750103,563.761094,744.690377,0.000000,,,0,1,,,,,2.205958,BIG
ga,hfvrp_n010_m03_s03,10,3,0.250000,200,603.750103,563.761094,744.690377,0.000000,,,0,1,,,,,0.039859,DEFAULT
ga,hfvrp_n010_m03_s03,10,3,0.250000,200,603.750103,563.761094,744.690377,0.000000,,,0,1,,,,,0.003803,SMALL
ga,hfvrp_n010_m03_s05,10,3,0.250000,75,544.295849,686.066928,715.812581,0.000000,,,0,1,,,,,0.741882,MEDIUM
ga,hfvrp_n010_m03_s03,10,3,0.250000,200,603.750103,563.761094,744.690377,0.000000,,,0,1,,,,,0.728114,MEDIUM
ga,hfvrp_n015_m03_s01,15,3,0.250000,10,618.348969,2088.235372,1140.407812,0.000000,,,0,1,,,,,2.939410,BIG
ga,hfvrp_n015_m03_s01,15,3,0.250000,50,676.948402,2340.795907,1262.147378,0.000000,,,0,1,,,,,0.048932,DEFAULT
ga,hfvrp_n015_m03_s01,15,3,0.250000,50,616.617157,2135.962623,1150.607813,0.000000,,,0,1,,,,,0.005286,SMALL
ga,hfvrp_n010_m03_s04,10,3,0.250000,100,526.269414,672.105161,694.295704,0.000000,,,0,1,,,,,2.186304,BIG
ga,hfvrp_n010_m03_s01,10,3,0.250000,1787950513795961995,529.611331,271.386050,597.457843,0.000000,,,0,1,,,,,2.189320,BIG
ga,hfvrp_n010_m03_s04,10,3,0.250000,200,526.269414,672.105161,694.295704,0.000000,,,0,1,,,,,0.035961,DEFAULT
ga,hfvrp_n010_m03_s04,10,3,0.250000,200,526.269414,672.105161,694.295704,0.000000,,,0,1,,,,,0.004886,SMALL
ga,hfvrp_n015_m03_s02,15,3,0.250000,1787950696427297318,630.333888,1771.043417,1073.094742,0.000000,,,0,1,,,,,0.048788,DEFAULT
ga,hfvrp_n015_m03_s02,15,3,0.250000,1787950692189530613,630.333888,1771.043417,1073.094742,0.000000,,,0,1,,,,,0.009512,SMALL
ga,hfvrp_n010_m03_s02,10,3,0.250000,999,543.106201,483.480302,663.976277,0.000000,,,0,1,,,,,2.281916,BIG
ga,hfvrp_n010_m03_s02,10,3,0.250000,1234,544.569544,539.371764,679.412485,0.000000,,,0,1,,,,,0.039023,DEFAULT
ga,hfvrp_n010_m03_s02,10,3,0.250000,1234,543.106201,483.480302,663.976277,0.000000,,,0,1,,,,,0.006169,SMALL
ga,hfvrp_n015_m03_s01,15,3,0.250000,50,616.617157,2135.962623,1150.607813,0.000000,,,0,1,,,,,0.984687,MEDIUM
ga,hfvrp_n010_m03_s05,10,3,0.250000,75,544.295849,686.066928,715.812581,0.000000,,,0,1,,,,,2.223912,BIG
ga,hfvrp_n010_m03_s05,10,3,0.250000,100,598.742551,1159.646472,888.654169,0.000000,,,0,1,,,,,0.038692,DEFAULT
ga,hfvrp_n010_m03_s05,10,3,0.250000,100,598.742551,1159.646472,888.654169,0.000000,,,0,1,,,,,0.009356,SMALL
ga,hfvrp_n010_m03_s04,10,3,0.250000,200,526.269414,672.105161,694.295704,0.000000,,,0,1,,,,,0.729052,MEDIUM
ga,hfvrp_n010_m03_s02,10,3,0.250000,1234,543.106201,483.480302,663.976277,0.000000,,,0,1,,,,,0.740830,MEDIUM
ga,hfvrp_n015_m03_s02,15,3,0.250000,1787950687908868054,630.333888,1771.043417,1073.094742,0.000000,,,0,1,,,,,0.987430,MEDIUM
ga,hfvrp_n010_m03_s03,10,3,0.250000,200,603.750103,563.761094,744.690377,0.000000,,,0,1,,,,,2.207764,BIG
ga,hfvrp_n010_m03_s03,10,3,0.250000,999,603.750103,563.761094,744.690377,0.000000,,,0,1,,,,,0.039642,DEFAULT
ga,hfvrp_n010_m03_s03,10,3,0.250000,999,603.750103,563.761094,744.690377,0.000000,,,0,1,,,,,0.007216,SMALL
ga,hfvrp_n010_m03_s05,10,3,0.250000,100,544.295849,686.066928,715.812581,0.000000,,,0,1,,,,,0.737234,MEDIUM
ga,hfvrp_n010_m03_s03,10,3,0.250000,999,603.750103,563.761094,744.690377,0.000000,,,0,1,,,,,0.727138,MEDIUM
ga,hfvrp_n010_m03_s04,10,3,0.250000,200,526.269414,672.105161,694.295704,0.000000,,,0,1,,,,,2.184919,BIG
ga,hfvrp_n010_m03_s04,10,3,0.250000,999,526.269414,672.105161,694.295704,0.000000,,,0,1,,,,,0.036949,DEFAULT
ga,hfvrp_n010_m03_s04,10,3,0.250000,999,526.269414,672.105161,694.295704,0.000000,,,0,1,,,,,0.003769,SMALL
ga,hfvrp_n010_m03_s02,10,3,0.250000,1234,543.106201,483.480302,663.976277,0.000000,,,0,1,,,,,2.247792,BIG
ga,hfvrp_n010_m03_s02,10,3,0.250000,9999,544.569544,539.371764,679.412485,0.000000,,,0,1,,,,,0.040319,DEFAULT
ga,hfvrp_n010_m03_s02,10,3,0.250000,9999,524.488142,720.694918,704.661872,0.000000,,,0,1,,,,,0.006929,SMALL
ga,hfvrp_n015_m03_s01,15,3,0.250000,50,618.348969,2088.235372,1140.407812,0.000000,,,0,1,,,,,2.963924,BIG
ga,hfvrp_n015_m03_s01,15,3,0.250000,75,632.420811,2159.437107,1172.280088,0.000000,,,0,1,,,,,0.047694,DEFAULT
ga,hfvrp_n015_m03_s01,15,3,0.250000,75,676.232519,2389.502976,1273.608263,0.000000,,,0,1,,,,,0.005328,SMALL
ga,hfvrp_n010_m03_s04,10,3,0.250000,999,526.269414,672.105161,694.295704,0.000000,,,0,1,,,,,0.732472,MEDIUM
ga,hfvrp_n010_m03_s05,10,3,0.250000,100,544.295849,686.066928,715.812581,0.000000,,,0,1,,,,,2.394510,BIG
ga,hfvrp_n010_m03_s05,10,3,0.250000,200,598.742551,1159.646472,888.654169,0.000000,,,0,1,,,,,0.039980,DEFAULT
ga,hfvrp_n010_m03_s05,10,3,0.250000,200,598.742551,1159.646472,888.654169,0.000000,,,0,1,,,,,0.006570,SMALL
ga,hfvrp_n010_m03_s02,10,3,0.250000,9999,543.106201,483.480302,663.976277,0.000000,,,0,1,,,,,0.749317,MEDIUM
ga,hfvrp_n015_m03_s02,15,3,0.250000,1787950336715234956,630.333888,1771.043417,1073.094742,0.000000,,,0,1,,,,,2.970563,BIG
ga,hfvrp_n015_m03_s02,15,3,0.250000,1,630.333888,1771.043417,1073.094742,0.000000,,,0,1,,,,,0.052426,DEFAULT
ga,hfvrp_n015_m03_s02,15,3,0.250000,1,630.333888,1771.043417,1073.094742,0.000000,,,0,1,,,,,0.005271,SMALL
ga,hfvrp_n010_m03_s03,10,3,0.250000,999,603.750103,563.761094,744.690377,0.000000,,,0,1,,,,,2.212707,BIG
ga,hfvrp_n010_m03_s03,10,3,0.250000,1234,603.750103,563.761094,744.690377,0.000000,,,0,1,,,,,0.038328,DEFAULT
ga,hfvrp_n010_m03_s03,10,3,0.250000,1234,603.750103,563.761094,744.690377,0.000000,,,0,1,,,,,0.003979,SMALL
ga,hfvrp_n015_m03_s01,15,3,0.250000,75,618.348969,2088.235372,1140.407812,0.000000,,,0,1,,,,,0.989865,MEDIUM
ga,hfvrp_n010_m03_s05,10,3,0.250000,200,544.295849,686.066928,715.812581,0.000000,,,0,1,,,,,0.743111,MEDIUM
ga,hfvrp_n010_m03_s03,10,3,0.250000,1234,603.750103,563.761094,744.690377,0.000000,,,0,1,,,,,0.734288,MEDIUM
ga,hfvrp_n015_m03_s02,15,3,0.250000,1,630.333888,1771.043417,1073.094742,0.000000,,,0,1,,,,,0.988579,MEDIUM
ga,hfvrp_n010_m03_s04,10,3,0.250000,999,526.269414,672.105161,694.295704,0.000000,,,0,1,,,,,2.182300,BIG
ga,hfvrp_n010_m03_s04,10,3,0.250000,1234,526.269414,672.105161,694.295704,0.000000,,,0,1,,,,,0.037218,DEFAULT
ga,hfvrp_n010_m03_s04,10,3,0.250000,1234,526.269414,672.105161,694.295704,0.000000,,,0,1,,,,,0.003808,SMALL
ga,hfvrp_n010_m03_s02,10,3,0.250000,9999,543.106201,483.480302,663.976277,0.000000,,,0,1,,,,,2.260337,BIG
ga,hfvrp_n010_m03_s02,10,3,0.250000,19345,543.106201,483.480302,663.976277,0.000000,,,0,1,,,,,0.038643,DEFAULT
ga,hfvrp_n010_m03_s02,10,3,0.250000,19345,543.106201,483.480302,663.976277,0.000000,,,0,1,,,,,0.005797,SMALL
ga,hfvrp_n010_m03_s04,10,3,0.250000,1234,526.269414,672.105161,694.295704,0.000000,,,0,1,,,,,0.724827,MEDIUM
ga,hfvrp_n010_m03_s05,10,3,0.250000,200,544.295849,686.066928,715.812581,0.000000,,,0,1,,,,,2.227963,BIG
ga,hfvrp_n010_m03_s05,10,3,0.250000,999,552.442404,684.023532,723.448287,0.000000,,,0,1,,,,,0.040345,DEFAULT
ga,hfvrp_n010_m03_s05,10,3,0.250000,999,544.295849,686.066928,715.812581,0.000000,,,0,1,,,,,0.009236,SMALL
ga,hfvrp_n010_m03_s02,10,3,0.250000,19345,543.106201,483.480302,663.976277,0.000000,,,0,1,,,,,0.742546,MEDIUM
ga,hfvrp_n010_m03_s03,10,3,0.250000,1234,603.750103,563.761094,744.690377,0.000000,,,0,1,,,,,2.213955,BIG
ga,hfvrp_n010_m03_s03,10,3,0.250000,9999,603.750103,563.761094,744.690377,0.000000,,,0,1,,,,,0.037812,DEFAULT
ga,hfvrp_n010_m03_s03,10,3,0.250000,9999,603.750103,563.761094,744.690377,0.000000,,,0,1,,,,,0.004016,SMALL
ga,hfvrp_n015_m03_s01,15,3,0.250000,75,618.348969,2088.235372,1140.407812,0.000000,,,0,1,,,,,2.919104,BIG
ga,hfvrp_n015_m03_s01,15,3,0.250000,100,616.617157,2135.962623,1150.607813,0.000000,,,0,1,,,,,0.050877,DEFAULT
ga,hfvrp_n015_m03_s01,15,3,0.250000,100,676.232519,2389.502976,1273.608263,0.000000,,,0,1,,,,,0.005236,SMALL
ga,hfvrp_n010_m03_s05,10,3,0.250000,999,544.295849,686.066928,715.812581,0.000000,,,0,1,,,,,0.749194,MEDIUM
ga,hfvrp_n010_m03_s03,10,3,0.250000,9999,603.750103,563.761094,744.690377,0.000000,,,0,1,,,,,0.731865,MEDIUM
ga,hfvrp_n015_m03_s02,15,3,0.250000,1,630.333888,1771.043417,1073.094742,0.000000,,,0,1,,,,,2.988582,BIG
ga,hfvrp_n015_m03_s02,15,3,0.250000,10,555.067518,2369.930933,1147.550252,0.000000,,,0,1,,,,,0.052656,DEFAULT
ga,hfvrp_n015_m03_s02,15,3,0.250000,10,630.333888,1771.043417,1073.094742,0.000000,,,0,1,,,,,0.005233,SMALL
ga,hfvrp_n015_m03_s01,15,3,0.250000,100,632.420811,2159.437107,1172.280088,0.000000,,,0,1,,,,,0.979758,MEDIUM
ga,hfvrp_n010_m03_s04,10,3,0.250000,1234,526.269414,672.105161,694.295704,0.000000,,,0,1,,,,,2.203220,BIG
ga,hfvrp_n010_m03_s04,10,3,0.250000,9999,526.269414,672.105161,694.295704,0.000000,,,0,1,,,,,0.036883,DEFAULT
ga,hfvrp_n010_m03_s04,10,3,0.250000,9999,526.269414,672.105161,694.295704,0.000000,,,0,1,,,,,0.006781,SMALL
ga,hfvrp_n015_m03_s02,15,3,0.250000,10,630.333888,1771.043417,1073.094742,0.000000,,,0,1,,,,,0.989413,MEDIUM
ga,hfvrp_n010_m03_s02,10,3,0.250000,19345,543.106201,483.480302,663.976277,0.000000,,,0,1,,,,,2.249203,BIG
ga,hfvrp_n010_m03_s02,10,3,0.250000,1787951972808591287,543.106201,483.480302,663.976277,0.000000,,,0,1,,,,,0.035549,DEFAULT
ga,hfvrp_n010_m03_s02,10,3,0.250000,1787951985737463872,524.488142,720.694918,704.661872,0.000000,,,0,1,,,,,0.008675,SMALL
ga,hfvrp_n010_m03_s04,10,3,0.250000,9999,526.269414,672.105161,694.295704,0.000000,,,0,1,,,,,0.724162,MEDIUM
ga,hfvrp_n010_m03_s05,10,3,0.250000,999,544.295849,686.066928,715.812581,0.000000,,,0,1,,,,,2.223391,BIG
ga,hfvrp_n010_m03_s05,10,3,0.250000,1234,544.295849,686.066928,715.812581,0.000000,,,0,1,,,,,0.035556,DEFAULT
ga,hfvrp_n010_m03_s05,10,3,0.250000,1234,598.742551,1159.646472,888.654169,0.000000,,,0,1,,,,,0.007146,SMALL
ga,hfvrp_n010_m03_s02,10,3,0.250000,1787951981456030084,543.106201,483.480302,663.976277,0.000000,,,0,1,,,,,0.740985,MEDIUM
ga,hfvrp_n010_m03_s03,10,3,0.250000,9999,603.750103,563.761094,744.690377,0.000000,,,0,1,,,,,2.200511,BIG
ga,hfvrp_n010_m03_s03,10,3,0.250000,19345,603.750103,563.761094,744.690377,0.000000,,,0,1,,,,,0.035570,DEFAULT
ga,hfvrp_n010_m03_s03,10,3,0.250000,19345,603.750103,563.761094,744.690377,0.000000,,,0,1,,,,,0.003838,SMALL
ga,hfvrp_n010_m03_s05,10,3,0.250000,1234,544.295849,686.066928,715.812581,0.000000,,,0,1,,,,,0.735159,MEDIUM
ga,hfvrp_n010_m03_s03,10,3,0.250000,19345,603.750103,563.761094,744.690377,0.000000,,,0,1,,,,,0.728157,MEDIUM
ga,hfvrp_n015_m03_s01,15,3,0.250000,100,618.348969,2088.235372,1140.407812,0.000000,,,0,1,,,,,2.945708,BIG
ga,hfvrp_n015_m03_s01,15,3,0.250000,200,676.948402,2340.795907,1262.147378,0.000000,,,0,1,,,,,0.047382,DEFAULT
ga,hfvrp_n015_m03_s01,15,3,0.250000,200,676.232519,2389.502976,1273.608263,0.000000,,,0,1,,,,,0.011078,SMALL
ga,hfvrp_n010_m03_s04,10,3,0.250000,9999,526.269414,672.105161,694.295704,0.000000,,,0,1,,,,,2.186567,BIG
ga,hfvrp_n010_m03_s04,10,3,0.250000,19345,526.269414,672.105161,694.295704,0.000000,,,0,1,,,,,0.040390,DEFAULT
ga,hfvrp_n010_m03_s04,10,3,0.250000,19345,526.269414,672.105161,694.295704,0.000000,,,0,1,,,,,0.003792,SMALL
ga,hfvrp_n015_m03_s02,15,3,0.250000,10,630.333888,1771.043417,1073.094742,0.000000,,,0,1,,,,,2.953724,BIG
ga,hfvrp_n015_m03_s02,15,3,0.250000,50,555.067518,2369.930933,1147.550252,0.000000,,,0,1,,,,,0.047599,DEFAULT
ga,hfvrp_n015_m03_s02,15,3,0.250000,50,555.067518,2369.930933,1147.550252,0.000000,,,0,1,,,,,0.005177,SMALL
ga,hfvrp_n010_m03_s02,10,3,0.250000,1787951960730955971,543.106201,483.480302,663.976277,0.000000,,,0,1,,,,,2.247060,BIG
ga,hfvrp_n015_m03_s01,15,3,0.250000,200,618.348969,2088.235372,1140.407812,0.000000,,,0,1,,,,,0.983717,MEDIUM
ga,hfvrp_n015_m03_s03,15,3,0.250000,1787952014575961510,603.260724,709.500270,780.635792,0.000000,,,0,1,,,,,0.049064,DEFAULT
ga,hfvrp_n015_m03_s03,15,3,0.250000,1787952006039292079,597.343703,646.724419,759.024808,0.000000,,,0,1,,,,,0.005568,SMALL
ga,hfvrp_n010_m03_s04,10,3,0.250000,19345,526.269414,672.105161,694.295704,0.000000,,,0,1,,,,,0.730683,MEDIUM
ga,hfvrp_n010_m03_s05,10,3,0.250000,1234,544.295849,686.066928,715.812581,0.000000,,,0,1,,,,,2.247243,BIG
ga,hfvrp_n010_m03_s05,10,3,0.250000,9999,598.742551,1159.646472,888.654169,0.000000,,,0,1,,,,,0.040290,DEFAULT
ga,hfvrp_n010_m03_s05,10,3,0.250000,9999,598.742551,1159.646472,888.654169,0.000000,,,0,1,,,,,0.005568,SMALL
ga,hfvrp_n010_m03_s03,10,3,0.250000,19345,603.750103,563.761094,744.690377,0.000000,,,0,1,,,,,2.202674,BIG
ga,hfvrp_n010_m03_s03,10,3,0.250000,1787951671741457956,603.750103,563.761094,744.690377,0.000000,,,0,1,,,,,0.037164,DEFAULT
ga,hfvrp_n015_m03_s02,15,3,0.250000,50,630.333888,1771.043417,1073.094742,0.000000,,,0,1,,,,,0.998394,MEDIUM
ga,hfvrp_n010_m03_s03,10,3,0.250000,1787951676079113488,603.750103,563.761094,744.690377,0.000000,,,0,1,,,,,0.007461,SMALL
ga,hfvrp_n015_m03_s03,15,3,0.250000,1787952010343681799,589.431785,647.562123,751.322316,0.000000,,,0,1,,,,,0.988552,MEDIUM
ga,hfvrp_n010_m03_s05,10,3,0.250000,9999,544.295849,686.066928,715.812581,0.000000,,,0,1,,,,,0.751445,MEDIUM
ga,hfvrp_n010_m03_s03,10,3,0.250000,1787951667505146565,603.750103,563.761094,744.690377,0.000000,,,0,1,,,,,0.729574,MEDIUM
ga,hfvrp_n010_m03_s04,10,3,0.250000,19345,526.269414,672.105161,694.295704,0.000000,,,0,1,,,,,2.189970,BIG
ga,hfvrp_n010_m03_s04,10,3,0.250000,1787951634740079632,526.269414,672.105161,694.295704,0.000000,,,0,1,,,,,0.036772,DEFAULT
ga,hfvrp_n010_m03_s04,10,3,0.250000,1787951656260260255,526.269414,672.105161,694.295704,0.000000,,,0,1,,,,,0.007709,SMALL
ga,hfvrp_n015_m03_s01,15,3,0.250000,200,618.348969,2088.235372,1140.407812,0.000000,,,0,1,,,,,2.946669,BIG
ga,hfvrp_n015_m03_s01,15,3,0.250000,999,618.348969,2088.235372,1140.407812,0.000000,,,0,1,,,,,0.048225,DEFAULT
ga,hfvrp_n015_m03_s01,15,3,0.250000,999,676.232519,2389.502976,1273.608263,0.000000,,,0,1,,,,,0.005316,SMALL
ga,hfvrp_n010_m03_s04,10,3,0.250000,1787951660567720283,526.269414,672.105161,694.295704,0.000000,,,0,1,,,,,0.724590,MEDIUM
ga,hfvrp_n010_m03_s05,10,3,0.250000,9999,544.295849,686.066928,715.812581,0.000000,,,0,1,,,,,2.225285,BIG
ga,hfvrp_n010_m03_s05,10,3,0.250000,19345,598.742551,1159.646472,888.654169,0.000000,,,0,1,,,,,0.035704,DEFAULT
ga,hfvrp_n010_m03_s05,10,3,0.250000,19345,598.742551,1159.646472,888.654169,0.000000,,,0,1,,,,,0.003952,SMALL
ga,hfvrp_n010_m03_s03,10,3,0.250000,1787951681127983833,603.750103,563.761094,744.690377,0.000000,,,0,1,,,,,2.205320,BIG
ga,hfvrp_n015_m03_s02,15,3,0.250000,50,630.333888,1771.043417,1073.094742,0.000000,,,0,1,,,,,2.970143,BIG
ga,hfvrp_n015_m03_s02,15,3,0.250000,75,630.333888,1771.043417,1073.094742,0.000000,,,0,1,,,,,0.056805,DEFAULT
ga,hfvrp_n015_m03_s02,15,3,0.250000,75,555.067518,2369.930933,1147.550252,0.000000,,,0,1,,,,,0.005226,SMALL
ga,hfvrp_n015_m03_s04,15,3,0.250000,1787951782186784220,734.727149,4008.225678,1736.783569,0.000000,,,0,1,,,,,0.053807,DEFAULT
ga,hfvrp_n015_m03_s04,15,3,0.250000,1787951735004501030,614.626038,4323.337407,1695.460389,0.000000,,,0,1,,,,,0.010045,SMALL
ga,hfvrp_n015_m03_s03,15,3,0.250000,1787951689213554355,589.431785,647.562123,751.322316,0.000000,,,0,1,,,,,2.979660,BIG
ga,hfvrp_n015_m03_s01,15,3,0.250000,999,618.348969,2088.235372,1140.407812,0.000000,,,0,1,,,,,0.983970,MEDIUM
ga,hfvrp_n015_m03_s03,15,3,0.250000,1,606.127987,710.414129,783.731519,0.000000,,,0,1,,,,,0.050090,DEFAULT
ga,hfvrp_n015_m03_s03,15,3,0.250000,1,606.127987,710.414129,783.731519,0.000000,,,0,1,,,,,0.005317,SMALL
ga,hfvrp_n010_m03_s05,10,3,0.250000,19345,544.295849,686.066928,715.812581,0.000000,,,0,1,,,,,0.750261,MEDIUM
ga,hfvrp_n015_m03_s02,15,3,0.250000,75,630.333888,1771.043417,1073.094742,0.000000,,,0,1,,,,,0.996713,MEDIUM
ga,hfvrp_n015_m03_s04,15,3,0.250000,1787951730724351999,614.626038,4323.337407,1695.460389,0.000000,,,0,1,,,,,0.990645,MEDIUM
ga,hfvrp_n015_m03_s03,15,3,0.250000,1,589.431785,647.562123,751.322316,0.000000,,,0,1,,,,,0.990853,MEDIUM
ga,hfvrp_n010_m03_s04,10,3,0.250000,1787951618346562658,526.269414,672.105161,694.295704,0.000000,,,0,1,,,,,2.224921,BIG
ga,hfvrp_n015_m03_s05,15,3,0.250000,1787951380112585712,678.523437,1002.159336,929.063271,0.000000,,,0,1,,,,,0.053832,DEFAULT
ga,hfvrp_n015_m03_s05,15,3,0.250000,1787951375880008694,682.828870,964.713238,924.007180,0.000000,,,0,1,,,,,0.010881,SMALL
ga,hfvrp_n015_m03_s05,15,3,0.250000,1787951371600383008,682.828870,964.713238,924.007180,0.000000,,,0,1,,,,,0.978700,MEDIUM
ga,hfvrp_n010_m03_s05,10,3,0.250000,19345,544.295849,686.066928,715.812581,0.000000,,,0,1,,,,,2.236497,BIG
ga,hfvrp_n010_m03_s05,10,3,0.250000,1787951346874869319,552.442404,684.023532,723.448287,0.000000,,,0,1,,,,,0.039241,DEFAULT
ga,hfvrp_n010_m03_s05,10,3,0.250000,1787951342627810075,544.295849,686.066928,715.812581,0.000000,,,0,1,,,,,0.009119,SMALL
ga,hfvrp_n015_m03_s01,15,3,0.250000,999,618.348969,2088.235372,1140.407812,0.000000,,,0,1,,,,,2.944252,BIG
ga,hfvrp_n015_m03_s01,15,3,0.250000,1234,616.617157,2135.962623,1150.607813,0.000000,,,0,1,,,,,0.052815,DEFAULT
ga,hfvrp_n015_m03_s01,15,3,0.250000,1234,611.350926,2279.180244,1181.145987,0.000000,,,0,1,,,,,0.010965,SMALL
ga,hfvrp_n010_m03_s05,10,3,0.250000,1787951338345886022,544.295849,686.066928,715.812581,0.000000,,,0,1,,,,,0.736043,MEDIUM
ga,hfvrp_n015_m03_s04,15,3,0.250000,1787951443957181503,614.626038,4323.337407,1695.460389,0.000000,,,0,1,,,,,2.957308,BIG
ga,hfvrp_n015_m03_s02,15,3,0.250000,75,630.333888,1771.043417,1073.094742,0.000000,,,0,1,,,,,3.002362,BIG
ga,hfvrp_n015_m03_s04,15,3,0.250000,1,614.626038,4323.337407,1695.460389,0.000000,,,0,1,,,,,0.049903,DEFAULT
ga,hfvrp_n015_m03_s04,15,3,0.250000,1,614.626038,4323.337407,1695.460389,0.000000,,,0,1,,,,,0.005202,SMALL
ga,hfvrp_n015_m03_s02,15,3,0.250000,100,555.067518,2369.930933,1147.550252,0.000000,,,0,1,,,,,0.048382,DEFAULT
ga,hfvrp_n015_m03_s02,15,3,0.250000,100,630.333888,1771.043417,1073.094742,0.000000,,,0,1,,,,,0.005506,SMALL
ga,hfvrp_n015_m03_s03,15,3,0.250000,1,581.499246,658.085449,746.020608,0.000000,,,0,1,,,,,2.964364,BIG
ga,hfvrp_n015_m03_s01,15,3,0.250000,1234,618.348969,2088.235372,1140.407812,0.000000,,,0,1,,,,,0.985022,MEDIUM
ga,hfvrp_n015_m03_s03,15,3,0.250000,10,603.260724,709.500270,780.635792,0.000000,,,0,1,,,,,0.053933,DEFAULT
ga,hfvrp_n015_m03_s03,15,3,0.250000,10,606.127987,710.414129,783.731519,0.000000,,,0,1,,,,,0.005338,SMALL
ga,hfvrp_n015_m03_s04,15,3,0.250000,1,614.626038,4323.337407,1695.460389,0.000000,,,0,1,,,,,0.985471,MEDIUM
ga,hfvrp_n015_m03_s02,15,3,0.250000,100,630.333888,1771.043417,1073.094742,0.000000,,,0,1,,,,,1.011020,MEDIUM
ga,hfvrp_n015_m03_s03,15,3,0.250000,10,589.431785,647.562123,751.322316,0.000000,,,0,1,,,,,0.981324,MEDIUM
ga,hfvrp_n015_m03_s05,15,3,0.250000,1787951333933074051,682.828870,964.713238,924.007180,0.000000,,,0,1,,,,,2.956438,BIG
ga,hfvrp_n015_m03_s05,15,3,0.250000,1,682.828870,964.713238,924.007180,0.000000,,,0,1,,,,,0.061369,DEFAULT
ga,hfvrp_n015_m03_s05,15,3,0.250000,1,682.828870,964.713238,924.007180,0.000000,,,0,1,,,,,0.011239,SMALL
ga,hfvrp_n010_m03_s05,10,3,0.250000,1787951571016955382,544.295849,686.066928,715.812581,0.000000,,,0,1,,,,,2.241655,BIG
ga,hfvrp_n020_m04_s01,20,4,0.250000,1787951083715607442,846.331136,1430.312022,1203.909142,0.000000,,,0,1,,,,,0.069523,DEFAULT
ga,hfvrp_n020_m04_s01,20,4,0.250000,1787951088088198253,846.713527,1417.746750,1201.150214,0.000000,,,0,1,,,,,0.012227,SMALL
ga,hfvrp_n015_m03_s05,15,3,0.250000,1,682.828870,964.713238,924.007180,0.000000,,,0,1,,,,,0.986018,MEDIUM
ga,hfvrp_n015_m03_s01,15,3,0.250000,1234,618.348969,2088.235372,1140.407812,0.000000,,,0,1,,,,,2.946541,BIG
ga,hfvrp_n020_m04_s01,20,4,0.250000,1787951092399108038,755.606713,1099.306092,1030.433236,0.000000,,,0,1,,,,,1.300009,MEDIUM
ga,hfvrp_n015_m03_s01,15,3,0.250000,9999,618.348969,2088.235372,1140.407812,0.000000,,,0,1,,,,,0.052160,DEFAULT
ga,hfvrp_n015_m03_s01,15,3,0.250000,9999,611.350926,2279.180244,1181.145987,0.000000,,,0,1,,,,,0.008064,SMALL
ga,hfvrp_n015_m03_s04,15,3,0.250000,1,614.626038,4323.337407,1695.460389,0.000000,,,0,1,,,,,2.944578,BIG
ga,hfvrp_n015_m03_s02,15,3,0.250000,100,630.333888,1771.043417,1073.094742,0.000000,,,0,1,,,,,2.968766,BIG
ga,hfvrp_n015_m03_s04,15,3,0.250000,10,614.626038,4323.337407,1695.460389,0.000000,,,0,1,,,,,0.053921,DEFAULT
ga,hfvrp_n015_m03_s04,15,3,0.250000,10,614.626038,4323.337407,1695.460389,0.000000,,,0,1,,,,,0.005239,SMALL
ga,hfvrp_n015_m03_s02,15,3,0.250000,200,555.067518,2369.930933,1147.550252,0.000000,,,0,1,,,,,0.054687,DEFAULT
ga,hfvrp_n015_m03_s02,15,3,0.250000,200,555.067518,2369.930933,1147.550252,0.000000,,,0,1,,,,,0.009417,SMALL
ga,hfvrp_n015_m03_s03,15,3,0.250000,10,589.431785,647.562123,751.322316,0.000000,,,0,1,,,,,2.964344,BIG
ga,hfvrp_n015_m03_s01,15,3,0.250000,9999,616.617157,2135.962623,1150.607813,0.000000,,,0,1,,,,,0.978516,MEDIUM
ga,hfvrp_n015_m03_s03,15,3,0.250000,50,589.431785,647.562123,751.322316,0.000000,,,0,1,,,,,0.049468,DEFAULT
ga,hfvrp_n015_m03_s03,15,3,0.250000,50,606.127987,710.414129,783.731519,0.000000,,,0,1,,,,,0.010471,SMALL
ga,hfvrp_n015_m03_s04,15,3,0.250000,10,614.626038,4323.337407,1695.460389,0.000000,,,0,1,,,,,0.995582,MEDIUM
ga,hfvrp_n015_m03_s02,15,3,0.250000,200,630.333888,1771.043417,1073.094742,0.000000,,,0,1,,,,,0.993757,MEDIUM
ga,hfvrp_n015_m03_s03,15,3,0.250000,50,589.431785,647.562123,751.322316,0.000000,,,0,1,,,,,0.983360,MEDIUM
ga,hfvrp_n015_m03_s05,15,3,0.250000,1,682.828870,964.713238,924.007180,0.000000,,,0,1,,,,,2.955623,BIG
ga,hfvrp_n015_m03_s05,15,3,0.250000,10,678.523437,1002.159336,929.063271,0.000000,,,0,1,,,,,0.053976,DEFAULT
ga,hfvrp_n015_m03_s05,15,3,0.250000,10,682.828870,964.713238,924.007180,0.000000,,,0,1,,,,,0.005246,SMALL
ga,hfvrp_n015_m03_s05,15,3,0.250000,10,682.828870,964.713238,924.007180,0.000000,,,0,1,,,,,0.981097,MEDIUM
ga,hfvrp_n020_m04_s01,20,4,0.250000,1787951055053358739,735.864410,1127.977643,1017.858820,0.000000,,,0,1,,,,,3.959557,BIG
ga,hfvrp_n015_m03_s01,15,3,0.250000,9999,618.348969,2088.235372,1140.407812,0.000000,,,0,1,,,,,2.948054,BIG
ga,hfvrp_n015_m03_s01,15,3,0.250000,19345,676.948402,2340.795907,1262.147378,0.000000,,,0,1,,,,,0.052584,DEFAULT
ga,hfvrp_n015_m03_s01,15,3,0.250000,19345,676.232519,2389.502976,1273.608263,0.000000,,,0,1,,,,,0.008633,SMALL
ga,hfvrp_n020_m04_s01,20,4,0.250000,1,737.058299,1174.751831,1030.746256,0.000000,,,0,1,,,,,0.069000,DEFAULT
ga,hfvrp_n020_m04_s01,20,4,0.250000,1,846.713527,1417.746750,1201.150214,0.000000,,,0,1,,,,,0.012141,SMALL
ga,hfvrp_n015_m03_s04,15,3,0.250000,10,614.626038,4323.337407,1695.460389,0.000000,,,0,1,,,,,2.966510,BIG
ga,hfvrp_n015_m03_s02,15,3,0.250000,200,630.333888,1771.043417,1073.094742,0.000000,,,0,1,,,,,2.968074,BIG
ga,hfvrp_n015_m03_s04,15,3,0.250000,50,614.626038,4323.337407,1695.460389,0.000000,,,0,1,,,,,0.048914,DEFAULT
ga,hfvrp_n015_m03_s04,15,3,0.250000,50,614.626038,4323.337407,1695.460389,0.000000,,,0,1,,,,,0.006906,SMALL
ga,hfvrp_n015_m03_s02,15,3,0.250000,999,555.067518,2369.930933,1147.550252,0.000000,,,0,1,,,,,0.051439,DEFAULT
ga,hfvrp_n015_m03_s02,15,3,0.250000,999,630.333888,1771.043417,1073.094742,0.000000,,,0,1,,,,,0.008617,SMALL
ga,hfvrp_n015_m03_s03,15,3,0.250000,50,581.499246,658.085449,746.020608,0.000000,,,0,1,,,,,2.963356,BIG
ga,hfvrp_n015_m03_s01,15,3,0.250000,19345,618.348969,2088.235372,1140.407812,0.000000,,,0,1,,,,,0.984261,MEDIUM
ga,hfvrp_n015_m03_s03,15,3,0.250000,75,589.431785,647.562123,751.322316,0.000000,,,0,1,,,,,0.048243,DEFAULT
ga,hfvrp_n015_m03_s03,15,3,0.250000,75,603.260724,709.500270,780.635792,0.000000,,,0,1,,,,,0.005447,SMALL
ga,hfvrp_n020_m04_s01,20,4,0.250000,1,870.469891,1029.991694,1127.967814,0.000000,,,0,1,,,,,1.314539,MEDIUM
ga,hfvrp_n015_m03_s04,15,3,0.250000,50,614.626038,4323.337407,1695.460389,0.000000,,,0,1,,,,,0.989088,MEDIUM
ga,hfvrp_n015_m03_s02,15,3,0.250000,999,630.333888,1771.043417,1073.094742,0.000000,,,0,1,,,,,0.986849,MEDIUM
ga,hfvrp_n015_m03_s03,15,3,0.250000,75,589.431785,647.562123,751.322316,0.000000,,,0,1,,,,,0.984033,MEDIUM
ga,hfvrp_n015_m03_s05,15,3,0.250000,10,682.828870,964.713238,924.007180,0.000000,,,0,1,,,,,2.962020,BIG
ga,hfvrp_n015_m03_s05,15,3,0.250000,50,678.523437,1002.159336,929.063271,0.000000,,,0,1,,,,,0.069661,DEFAULT
ga,hfvrp_n015_m03_s05,15,3,0.250000,50,678.523437,1002.159336,929.063271,0.000000,,,0,1,,,,,0.008128,SMALL
ga,hfvrp_n015_m03_s05,15,3,0.250000,50,682.828870,964.713238,924.007180,0.000000,,,0,1,,,,,0.979804,MEDIUM
ga,hfvrp_n015_m03_s01,15,3,0.250000,19345,618.348969,2088.235372,1140.407812,0.000000,,,0,1,,,,,2.940137,BIG
ga,hfvrp_n015_m03_s01,15,3,0.250000,1787953141849235065,676.948402,2340.795907,1262.147378,0.000000,,,0,1,,,,,0.049389,DEFAULT
ga,hfvrp_n015_m03_s01,15,3,0.250000,1787953146202231664,676.232519,2389.502976,1273.608263,0.000000,,,0,1,,,,,0.009546,SMALL
ga,hfvrp_n015_m03_s04,15,3,0.250000,50,614.626038,4323.337407,1695.460389,0.000000,,,0,1,,,,,2.945373,BIG
ga,hfvrp_n015_m03_s04,15,3,0.250000,75,614.626038,4323.337407,1695.460389,0.000000,,,0,1,,,,,0.052565,DEFAULT
ga,hfvrp_n015_m03_s04,15,3,0.250000,75,614.626038,4323.337407,1695.460389,0.000000,,,0,1,,,,,0.005314,SMALL
ga,hfvrp_n015_m03_s02,15,3,0.250000,999,630.333888,1771.043417,1073.094742,0.000000,,,0,1,,,,,2.976920,BIG
ga,hfvrp_n015_m03_s02,15,3,0.250000,1234,630.333888,1771.043417,1073.094742,0.000000,,,0,1,,,,,0.052573,DEFAULT
ga,hfvrp_n015_m03_s02,15,3,0.250000,1234,555.067518,2369.930933,1147.550252,0.000000,,,0,1,,,,,0.009415,SMALL
ga,hfvrp_n015_m03_s01,15,3,0.250000,1787953133330871868,618.348969,2088.235372,1140.407812,0.000000,,,0,1,,,,,0.980086,MEDIUM
ga,hfvrp_n015_m03_s03,15,3,0.250000,75,589.431785,647.562123,751.322316,0.000000,,,0,1,,,,,2.965438,BIG
ga,hfvrp_n015_m03_s03,15,3,0.250000,100,603.260724,709.500270,780.635792,0.000000,,,0,1,,,,,0.052645,DEFAULT
ga,hfvrp_n015_m03_s03,15,3,0.250000,100,603.260724,709.500270,780.635792,0.000000,,,0,1,,,,,0.010090,SMALL
ga,hfvrp_n020_m04_s01,20,4,0.250000,1,755.606713,1099.306092,1030.433236,0.000000,,,0,1,,,,,3.896046,BIG
ga,hfvrp_n020_m04_s01,20,4,0.250000,10,697.257383,1524.765702,1078.448809,0.000000,,,0,1,,,,,0.068411,DEFAULT
ga,hfvrp_n020_m04_s01,20,4,0.250000,10,868.831723,1138.309926,1153.409205,0.000000,,,0,1,,,,,0.007484,SMALL
ga,hfvrp_n015_m03_s04,15,3,0.250000,75,614.626038,4323.337407,1695.460389,0.000000,,,0,1,,,,,1.003301,MEDIUM
ga,hfvrp_n015_m03_s02,15,3,0.250000,1234,630.333888,1771.043417,1073.094742,0.000000,,,0,1,,,,,0.994062,MEDIUM
ga,hfvrp_n015_m03_s03,15,3,0.250000,100,589.431785,647.562123,751.322316,0.000000,,,0,1,,,,,0.987392,MEDIUM
ga,hfvrp_n015_m03_s05,15,3,0.250000,50,682.828870,964.713238,924.007180,0.000000,,,0,1,,,,,2.995982,BIG
ga,hfvrp_n015_m03_s05,15,3,0.250000,75,678.523437,1002.159336,929.063271,0.000000,,,0,1,,,,,0.049100,DEFAULT
ga,hfvrp_n015_m03_s05,15,3,0.250000,75,678.523437,1002.159336,929.063271,0.000000,,,0,1,,,,,0.008946,SMALL
ga,hfvrp_n020_m04_s01,20,4,0.250000,10,785.887369,1177.056965,1080.151610,0.000000,,,0,1,,,,,1.297389,MEDIUM
ga,hfvrp_n015_m03_s05,15,3,0.250000,75,682.828870,964.713238,924.007180,0.000000,,,0,1,,,,,0.999893,MEDIUM
ga,hfvrp_n015_m03_s01,15,3,0.250000,1787952795012213251,618.348969,2088.235372,1140.407812,0.000000,,,0,1,,,,,2.935482,BIG
ga,hfvrp_n020_m04_s02,20,4,0.250000,1787952901081578948,756.427195,1334.191373,1089.975038,0.000000,,,0,1,,,,,0.064060,DEFAULT
ga,hfvrp_n020_m04_s02,20,4,0.250000,1787952896854545707,696.456083,1835.992699,1155.454258,0.000000,,,0,1,,,,,0.007081,SMALL
ga,hfvrp_n015_m03_s04,15,3,0.250000,75,614.626038,4323.337407,1695.460389,0.000000,,,0,1,,,,,2.946627,BIG
ga,hfvrp_n015_m03_s04,15,3,0.250000,100,614.626038,4323.337407,1695.460389,0.000000,,,0,1,,,,,0.052216,DEFAULT
ga,hfvrp_n015_m03_s04,15,3,0.250000,100,614.626038,4323.337407,1695.460389,0.000000,,,0,1,,,,,0.008718,SMALL
ga,hfvrp_n015_m03_s02,15,3,0.250000,1234,630.333888,1771.043417,1073.094742,0.000000,,,0,1,,,,,2.961356,BIG
ga,hfvrp_n015_m03_s02,15,3,0.250000,9999,555.067518,2369.930933,1147.550252,0.000000,,,0,1,,,,,0.050908,DEFAULT
ga,hfvrp_n015_m03_s02,15,3,0.250000,9999,630.333888,1771.043417,1073.094742,0.000000,,,0,1,,,,,0.010435,SMALL
ga,hfvrp_n015_m03_s03,15,3,0.250000,100,589.431785,647.562123,751.322316,0.000000,,,0,1,,,,,2.959731,BIG
ga,hfvrp_n015_m03_s03,15,3,0.250000,200,589.431785,647.562123,751.322316,0.000000,,,0,1,,,,,0.053137,DEFAULT
ga,hfvrp_n015_m03_s03,15,3,0.250000,200,606.127987,710.414129,783.731519,0.000000,,,0,1,,,,,0.009675,SMALL
ga,hfvrp_n020_m04_s02,20,4,0.250000,1787952892575285608,698.829931,1524.556791,1079.969129,0.000000,,,0,1,,,,,1.345622,MEDIUM
ga,hfvrp_n015_m03_s04,15,3,0.250000,100,614.626038,4323.337407,1695.460389,0.000000,,,0,1,,,,,0.981340,MEDIUM
ga,hfvrp_n015_m03_s02,15,3,0.250000,9999,630.333888,1771.043417,1073.094742,0.000000,,,0,1,,,,,0.984695,MEDIUM
ga,hfvrp_n015_m03_s03,15,3,0.250000,200,589.431785,647.562123,751.322316,0.000000,,,0,1,,,,,0.979779,MEDIUM
ga,hfvrp_n020_m04_s01,20,4,0.250000,10,755.606713,1099.306092,1030.433236,0.000000,,,0,1,,,,,3.910519,BIG
ga,hfvrp_n015_m03_s05,15,3,0.250000,75,682.828870,964.713238,924.007180,0.000000,,,0,1,,,,,2.967133,BIG
ga,hfvrp_n015_m03_s05,15,3,0.250000,100,678.523437,1002.159336,929.063271,0.000000,,,0,1,,,,,0.054383,DEFAULT
ga,hfvrp_n015_m03_s05,15,3,0.250000,100,678.523437,1002.159336,929.063271,0.000000,,,0,1,,,,,0.009576,SMALL
ga,hfvrp_n020_m04_s01,20,4,0.250000,50,785.887369,1177.056965,1080.151610,0.000000,,,0,1,,,,,0.066621,DEFAULT
ga,hfvrp_n020_m04_s01,20,4,0.250000,50,788.232593,1181.041128,1083.492875,0.000000,,,0,1,,,,,0.007360,SMALL
ga,hfvrp_n015_m03_s05,15,3,0.250000,100,682.828870,964.713238,924.007180,0.000000,,,0,1,,,,,0.979985,MEDIUM
ga,hfvrp_n020_m04_s01,20,4,0.250000,50,870.469891,1029.991694,1127.967814,0.000000,,,0,1,,,,,1.295273,MEDIUM
ga,hfvrp_n015_m03_s04,15,3,0.250000,100,614.626038,4323.337407,1695.460389,0.000000,,,0,1,,,,,2.952001,BIG
ga,hfvrp_n015_m03_s04,15,3,0.250000,200,614.626038,4323.337407,1695.460389,0.000000,,,0,1,,,,,0.052573,DEFAULT
ga,hfvrp_n015_m03_s04,15,3,0.250000,200,614.626038,4323.337407,1695.460389,0.000000,,,0,1,,,,,0.005323,SMALL
ga,hfvrp_n015_m03_s02,15,3,0.250000,9999,630.333888,1771.043417,1073.094742,0.000000,,,0,1,,,,,2.956980,BIG
ga,hfvrp_n015_m03_s02,15,3,0.250000,19345,630.333888,1771.043417,1073.094742,0.000000,,,0,1,,,,,0.051740,DEFAULT
ga,hfvrp_n015_m03_s02,15,3,0.250000,19345,555.067518,2369.930933,1147.550252,0.000000,,,0,1,,,,,0.005303,SMALL
ga,hfvrp_n015_m03_s03,15,3,0.250000,200,589.431785,647.562123,751.322316,0.000000,,,0,1,,,,,2.977083,BIG
ga,hfvrp_n015_m03_s03,15,3,0.250000,999,603.260724,709.500270,780.635792,0.000000,,,0,1,,,,,0.051711,DEFAULT
ga,hfvrp_n015_m03_s03,15,3,0.250000,999,606.127987,710.414129,783.731519,0.000000,,,0,1,,,,,0.009689,SMALL
ga,hfvrp_n020_m04_s02,20,4,0.250000,1787952584692258214,698.829931,1524.556791,1079.969129,0.000000,,,0,1,,,,,3.950845,BIG
ga,hfvrp_n020_m04_s02,20,4,0.250000,1,698.829931,1524.556791,1079.969129,0.000000,,,0,1,,,,,0.063264,DEFAULT
ga,hfvrp_n020_m04_s02,20,4,0.250000,1,714.078988,1534.087452,1097.600851,0.000000,,,0,1,,,,,0.007213,SMALL
ga,hfvrp_n015_m03_s04,15,3,0.250000,200,614.626038,4323.337407,1695.460389,0.000000,,,0,1,,,,,0.986509,MEDIUM
ga,hfvrp_n015_m03_s02,15,3,0.250000,19345,630.333888,1771.043417,1073.094742,0.000000,,,0,1,,,,,0.992011,MEDIUM
ga,hfvrp_n015_m03_s03,15,3,0.250000,999,589.431785,647.562123,751.322316,0.000000,,,0,1,,,,,0.992686,MEDIUM
ga,hfvrp_n015_m03_s05,15,3,0.250000,100,682.828870,964.713238,924.007180,0.000000,,,0,1,,,,,2.944974,BIG
ga,hfvrp_n015_m03_s05,15,3,0.250000,200,678.523437,1002.159336,929.063271,0.000000,,,0,1,,,,,0.049032,DEFAULT
ga,hfvrp_n015_m03_s05,15,3,0.250000,200,692.576369,1022.765513,948.267747,0.000000,,,0,1,,,,,0.010092,SMALL
ga,hfvrp_n020_m04_s02,20,4,0.250000,1,698.829931,1524.556791,1079.969129,0.000000,,,0,1,,,,,1.299866,MEDIUM
ga,hfvrp_n015_m03_s05,15,3,0.250000,200,682.828870,964.713238,924.007180,0.000000,,,0,1,,,,,0.978079,MEDIUM
ga,hfvrp_n020_m04_s01,20,4,0.250000,50,870.140140,1028.958818,1127.379845,0.000000,,,0,1,,,,,3.957378,BIG
ga,hfvrp_n020_m04_s01,20,4,0.250000,75,870.140140,1028.958818,1127.379845,0.000000,,,0,1,,,,,0.068583,DEFAULT
ga,hfvrp_n020_m04_s01,20,4,0.250000,75,853.906693,1327.804045,1185.857705,0.000000,,,0,1,,,,,0.007317,SMALL
ga,hfvrp_n015_m03_s04,15,3,0.250000,200,614.626038,4323.337407,1695.460389,0.000000,,,0,1,,,,,2.986303,BIG
ga,hfvrp_n015_m03_s04,15,3,0.250000,999,614.626038,4323.337407,1695.460389,0.000000,,,0,1,,,,,0.047186,DEFAULT
ga,hfvrp_n015_m03_s04,15,3,0.250000,999,614.626038,4323.337407,1695.460389,0.000000,,,0,1,,,,,0.005184,SMALL
ga,hfvrp_n015_m03_s02,15,3,0.250000,19345,630.333888,1771.043417,1073.094742,0.000000,,,0,1,,,,,2.969430,BIG
ga,hfvrp_n015_m03_s02,15,3,0.250000,1787952369040672507,630.333888,1771.043417,1073.094742,0.000000,,,0,1,,,,,0.047582,DEFAULT
ga,hfvrp_n015_m03_s02,15,3,0.250000,1787952381977008539,555.067518,2369.930933,1147.550252,0.000000,,,0,1,,,,,0.005179,SMALL
ga,hfvrp_n015_m03_s03,15,3,0.250000,999,581.499246,658.085449,746.020608,0.000000,,,0,1,,,,,2.975715,BIG
ga,hfvrp_n015_m03_s03,15,3,0.250000,1234,603.260724,709.500270,780.635792,0.000000,,,0,1,,,,,0.053887,DEFAULT
ga,hfvrp_n015_m03_s03,15,3,0.250000,1234,603.260724,709.500270,780.635792,0.000000,,,0,1,,,,,0.009003,SMALL
ga,hfvrp_n020_m04_s01,20,4,0.250000,75,870.469891,1029.991694,1127.967814,0.000000,,,0,1,,,,,1.304438,MEDIUM
ga,hfvrp_n015_m03_s04,15,3,0.250000,999,614.626038,4323.337407,1695.460389,0.000000,,,0,1,,,,,0.979373,MEDIUM
ga,hfvrp_n015_m03_s02,15,3,0.250000,1787952377690948518,630.333888,1771.043417,1073.094742,0.000000,,,0,1,,,,,0.982778,MEDIUM
ga,hfvrp_n015_m03_s03,15,3,0.250000,1234,589.431785,647.562123,751.322316,0.000000,,,0,1,,,,,0.990176,MEDIUM
ga,hfvrp_n015_m03_s05,15,3,0.250000,200,682.828870,964.713238,924.007180,0.000000,,,0,1,,,,,2.966750,BIG
ga,hfvrp_n020_m04_s02,20,4,0.250000,1,698.829931,1524.556791,1079.969129,0.000000,,,0,1,,,,,3.918688,BIG
ga,hfvrp_n015_m03_s05,15,3,0.250000,999,678.523437,1002.159336,929.063271,0.000000,,,0,1,,,,,0.053214,DEFAULT
ga,hfvrp_n015_m03_s05,15,3,0.250000,999,675.183947,1022.849979,930.896442,0.000000,,,0,1,,,,,0.005436,SMALL
ga,hfvrp_n020_m04_s02,20,4,0.250000,10,698.829931,1524.556791,1079.969129,0.000000,,,0,1,,,,,0.067579,DEFAULT
ga,hfvrp_n020_m04_s02,20,4,0.250000,10,698.829931,1524.556791,1079.969129,0.000000,,,0,1,,,,,0.009942,SMALL
ga,hfvrp_n015_m03_s05,15,3,0.250000,999,682.828870,964.713238,924.007180,0.000000,,,0,1,,,,,0.987123,MEDIUM
ga,hfvrp_n020_m04_s02,20,4,0.250000,10,698.829931,1524.556791,1079.969129,0.000000,,,0,1,,,,,1.302090,MEDIUM
ga,hfvrp_n015_m03_s04,15,3,0.250000,999,614.626038,4323.337407,1695.460389,0.000000,,,0,1,,,,,2.934685,BIG
ga,hfvrp_n015_m03_s04,15,3,0.250000,1234,614.626038,4323.337407,1695.460389,0.000000,,,0,1,,,,,0.049996,DEFAULT
ga,hfvrp_n015_m03_s04,15,3,0.250000,1234,614.626038,4323.337407,1695.460389,0.000000,,,0,1,,,,,0.005192,SMALL
ga,hfvrp_n015_m03_s02,15,3,0.250000,1787952155340949113,630.333888,1771.043417,1073.094742,0.000000,,,0,1,,,,,2.947735,BIG
ga,hfvrp_n020_m04_s03,20,4,0.250000,1787954228535302786,809.283818,2308.073886,1386.302290,0.000000,,,0,1,,,,,0.068213,DEFAULT
ga,hfvrp_n020_m04_s03,20,4,0.250000,1787954250082268473,767.124308,2601.138619,1417.408963,0.000000,,,0,1,,,,,0.006990,SMALL
ga,hfvrp_n015_m03_s03,15,3,0.250000,1234,589.431785,647.562123,751.322316,0.000000,,,0,1,,,,,2.967262,BIG
ga,hfvrp_n020_m04_s01,20,4,0.250000,75,870.140140,1028.958818,1127.379845,0.000000,,,0,1,,,,,3.939804,BIG
ga,hfvrp_n015_m03_s03,15,3,0.250000,9999,606.127987,710.414129,783.731519,0.000000,,,0,1,,,,,0.056926,DEFAULT
ga,hfvrp_n015_m03_s03,15,3,0.250000,9999,603.260724,709.500270,780.635792,0.000000,,,0,1,,,,,0.007110,SMALL
ga,hfvrp_n020_m04_s01,20,4,0.250000,100,870.923113,1074.810604,1139.625765,0.000000,,,0,1,,,,,0.068062,DEFAULT
ga,hfvrp_n020_m04_s01,20,4,0.250000,100,833.247834,1322.714757,1163.926524,0.000000,,,0,1,,,,,0.007223,SMALL
ga,hfvrp_n015_m03_s04,15,3,0.250000,1234,614.626038,4323.337407,1695.460389,0.000000,,,0,1,,,,,0.982211,MEDIUM
ga,hfvrp_n015_m03_s03,15,3,0.250000,9999,589.431785,647.562123,751.322316,0.000000,,,0,1,,,,,0.978938,MEDIUM
ga,hfvrp_n020_m04_s03,20,4,0.250000,1787954254387930526,809.283818,2308.073886,1386.302290,0.000000,,,0,1,,,,,1.294617,MEDIUM
ga,hfvrp_n015_m03_s05,15,3,0.250000,999,682.828870,964.713238,924.007180,0.000000,,,0,1,,,,,2.964100,BIG
ga,hfvrp_n020_m04_s01,20,4,0.250000,100,863.050583,1063.782909,1128.996310,0.000000,,,0,1,,,,,1.303203,MEDIUM
ga,hfvrp_n015_m03_s05,15,3,0.250000,1234,682.828870,964.713238,924.007180,0.000000,,,0,1,,,,,0.051013,DEFAULT
ga,hfvrp_n015_m03_s05,15,3,0.250000,1234,678.523437,1002.159336,929.063271,0.000000,,,0,1,,,,,0.005659,SMALL
ga,hfvrp_n015_m03_s05,15,3,0.250000,1234,682.828870,964.713238,924.007180,0.000000,,,0,1,,,,,0.983788,MEDIUM
ga,hfvrp_n020_m04_s02,20,4,0.250000,10,698.829931,1524.556791,1079.969129,0.000000,,,0,1,,,,,3.918690,BIG
ga,hfvrp_n020_m04_s02,20,4,0.250000,50,698.829931,1524.556791,1079.969129,0.000000,,,0,1,,,,,0.068106,DEFAULT
ga,hfvrp_n020_m04_s02,20,4,0.250000,50,780.949727,1631.497676,1188.824146,0.000000,,,0,1,,,,,0.012080,SMALL
ga,hfvrp_n015_m03_s04,15,3,0.250000,1234,614.626038,4323.337407,1695.460389,0.000000,,,0,1,,,,,2.946503,BIG
ga,hfvrp_n015_m03_s04,15,3,0.250000,9999,614.626038,4323.337407,1695.460389,0.000000,,,0,1,,,,,0.054288,DEFAULT
ga,hfvrp_n015_m03_s04,15,3,0.250000,9999,614.626038,4323.337407,1695.460389,0.000000,,,0,1,,,,,0.005150,SMALL
ga,hfvrp_n015_m03_s03,15,3,0.250000,9999,581.499246,658.085449,746.020608,0.000000,,,0,1,,,,,2.977489,BIG
ga,hfvrp_n015_m03_s03,15,3,0.250000,19345,603.260724,709.500270,780.635792,0.000000,,,0,1,,,,,0.051352,DEFAULT
ga,hfvrp_n015_m03_s03,15,3,0.250000,19345,603.260724,709.500270,780.635792,0.000000,,,0,1,,,,,0.012179,SMALL
ga,hfvrp_n020_m04_s02,20,4,0.250000,50,698.829931,1524.556791,1079.969129,0.000000,,,0,1,,,,,1.298212,MEDIUM
ga,hfvrp_n015_m03_s04,15,3,0.250000,9999,614.626038,4323.337407,1695.460389,0.000000,,,0,1,,,,,0.987410,MEDIUM
ga,hfvrp_n020_m04_s03,20,4,0.250000,1787954311521202612,809.283818,2308.073886,1386.302290,0.000000,,,0,1,,,,,3.891690,BIG
ga,hfvrp_n015_m03_s03,15,3,0.250000,19345,589.431785,647.562123,751.322316,0.000000,,,0,1,,,,,0.991263,MEDIUM
ga,hfvrp_n020_m04_s03,20,4,0.250000,1,767.124308,2601.138619,1417.408963,0.000000,,,0,1,,,,,0.062672,DEFAULT
ga,hfvrp_n020_m04_s03,20,4,0.250000,1,799.020108,2350.898082,1386.744628,0.000000,,,0,1,,,,,0.007056,SMALL
ga,hfvrp_n020_m04_s01,20,4,0.250000,100,739.764723,1134.464429,1023.380830,0.000000,,,0,1,,,,,3.950716,BIG
ga,hfvrp_n015_m03_s05,15,3,0.250000,1234,682.828870,964.713238,924.007180,0.000000,,,0,1,,,,,2.951451,BIG
ga,hfvrp_n015_m03_s05,15,3,0.250000,9999,678.523437,1002.159336,929.063271,0.000000,,,0,1,,,,,0.050656,DEFAULT
ga,hfvrp_n015_m03_s05,15,3,0.250000,9999,678.523437,1002.159336,929.063271,0.000000,,,0,1,,,,,0.009661,SMALL
ga,hfvrp_n020_m04_s01,20,4,0.250000,200,870.923113,1074.810604,1139.625765,0.000000,,,0,1,,,,,0.066201,DEFAULT
ga,hfvrp_n020_m04_s01,20,4,0.250000,200,846.713527,1417.746750,1201.150214,0.000000,,,0,1,,,,,0.007356,SMALL
ga,hfvrp_n015_m03_s05,15,3,0.250000,9999,682.828870,964.713238,924.007180,0.000000,,,0,1,,,,,0.982493,MEDIUM
ga,hfvrp_n020_m04_s03,20,4,0.250000,1,809.283818,2308.073886,1386.302290,0.000000,,,0,1,,,,,1.308503,MEDIUM
ga,hfvrp_n020_m04_s01,20,4,0.250000,200,870.140140,1028.958818,1127.379845,0.000000,,,0,1,,,,,1.305996,MEDIUM
ga,hfvrp_n015_m03_s04,15,3,0.250000,9999,614.626038,4323.337407,1695.460389,0.000000,,,0,1,,,,,2.949709,BIG
ga,hfvrp_n015_m03_s04,15,3,0.250000,19345,614.626038,4323.337407,1695.460389,0.000000,,,0,1,,,,,0.052094,DEFAULT
ga,hfvrp_n015_m03_s04,15,3,0.250000,19345,614.626038,4323.337407,1695.460389,0.000000,,,0,1,,,,,0.007747,SMALL
ga,hfvrp_n020_m04_s02,20,4,0.250000,50,698.829931,1524.556791,1079.969129,0.000000,,,0,1,,,,,3.935068,BIG
ga,hfvrp_n015_m03_s03,15,3,0.250000,19345,581.499246,658.085449,746.020608,0.000000,,,0,1,,,,,2.966010,BIG
ga,hfvrp_n015_m03_s03,15,3,0.250000,1787953794448382197,603.260724,709.500270,780.635792,0.000000,,,0,1,,,,,0.049998,DEFAULT
ga,hfvrp_n015_m03_s03,15,3,0.250000,1787953798797236879,589.431785,647.562123,751.322316,0.000000,,,0,1,,,,,0.005311,SMALL
ga,hfvrp_n020_m04_s02,20,4,0.250000,75,698.829931,1524.556791,1079.969129,0.000000,,,0,1,,,,,0.069320,DEFAULT
ga,hfvrp_n020_m04_s02,20,4,0.250000,75,714.078988,1534.087452,1097.600851,0.000000,,,0,1,,,,,0.007242,SMALL
ga,hfvrp_n015_m03_s04,15,3,0.250000,19345,614.626038,4323.337407,1695.460389,0.000000,,,0,1,,,,,0.979810,MEDIUM
ga,hfvrp_n015_m03_s03,15,3,0.250000,1787953803101417595,581.499246,658.085449,746.020608,0.000000,,,0,1,,,,,0.986174,MEDIUM
ga,hfvrp_n015_m03_s05,15,3,0.250000,9999,682.828870,964.713238,924.007180,0.000000,,,0,1,,,,,2.935273,BIG
ga,hfvrp_n015_m03_s05,15,3,0.250000,19345,678.523437,1002.159336,929.063271,0.000000,,,0,1,,,,,0.050193,DEFAULT
ga,hfvrp_n015_m03_s05,15,3,0.250000,19345,678.523437,1002.159336,929.063271,0.000000,,,0,1,,,,,0.009910,SMALL
ga,hfvrp_n020_m04_s02,20,4,0.250000,75,698.829931,1524.556791,1079.969129,0.000000,,,0,1,,,,,1.322687,MEDIUM
ga,hfvrp_n020_m04_s03,20,4,0.250000,1,809.283818,2308.073886,1386.302290,0.000000,,,0,1,,,,,3.898154,BIG
ga,hfvrp_n015_m03_s05,15,3,0.250000,19345,682.828870,964.713238,924.007180,0.000000,,,0,1,,,,,0.983618,MEDIUM
ga,hfvrp_n020_m04_s03,20,4,0.250000,10,656.601362,2905.106740,1382.878047,0.000000,,,0,1,,,,,0.066360,DEFAULT
ga,hfvrp_n020_m04_s03,20,4,0.250000,10,721.013255,3177.367034,1515.355014,0.000000,,,0,1,,,,,0.011809,SMALL
ga,hfvrp_n020_m04_s01,20,4,0.250000,200,755.606713,1099.306092,1030.433236,0.000000,,,0,1,,,,,3.880549,BIG
ga,hfvrp_n020_m04_s01,20,4,0.250000,999,873.153648,1030.842742,1130.864334,0.000000,,,0,1,,,,,0.069030,DEFAULT
ga,hfvrp_n020_m04_s01,20,4,0.250000,999,850.316783,1385.897014,1196.791037,0.000000,,,0,1,,,,,0.007174,SMALL
ga,hfvrp_n020_m04_s03,20,4,0.250000,10,767.124308,2601.138619,1417.408963,0.000000,,,0,1,,,,,1.282554,MEDIUM
ga,hfvrp_n015_m03_s04,15,3,0.250000,19345,614.626038,4323.337407,1695.460389,0.000000,,,0,1,,,,,3.108556,BIG
ga,hfvrp_n015_m03_s04,15,3,0.250000,1787953665148433784,614.626038,4323.337407,1695.460389,0.000000,,,0,1,,,,,0.051494,DEFAULT
ga,hfvrp_n015_m03_s04,15,3,0.250000,1787953712448416449,614.626038,4323.337407,1695.460389,0.000000,,,0,1,,,,,0.005176,SMALL
ga,hfvrp_n020_m04_s01,20,4,0.250000,999,870.469891,1029.991694,1127.967814,0.000000,,,0,1,,,,,1.306202,MEDIUM
ga,hfvrp_n015_m03_s03,15,3,0.250000,1787953855631284782,589.431785,647.562123,751.322316,0.000000,,,0,1,,,,,2.973177,BIG
ga,hfvrp_n020_m04_s04,20,4,0.250000,1787953781376710303,813.256296,2083.586082,1334.152817,0.000000,,,0,1,,,,,0.067591,DEFAULT
ga,hfvrp_n020_m04_s04,20,4,0.250000,1787953777153189079,850.221169,2402.764097,1450.912193,0.000000,,,0,1,,,,,0.007190,SMALL
ga,hfvrp_n015_m03_s04,15,3,0.250000,1787953708162272850,614.626038,4323.337407,1695.460389,0.000000,,,0,1,,,,,0.980348,MEDIUM
ga,hfvrp_n015_m03_s05,15,3,0.250000,19345,682.828870,964.713238,924.007180,0.000000,,,0,1,,,,,2.972946,BIG
ga,hfvrp_n020_m04_s02,20,4,0.250000,75,698.829931,1524.556791,1079.969129,0.000000,,,0,1,,,,,3.932133,BIG
ga,hfvrp_n015_m03_s05,15,3,0.250000,1787953524933914607,678.523437,1002.159336,929.063271,0.000000,,,0,1,,,,,0.057016,DEFAULT
ga,hfvrp_n015_m03_s05,15,3,0.250000,1787953516409048674,678.523437,1002.159336,929.063271,0.000000,,,0,1,,,,,0.008605,SMALL
ga,hfvrp_n020_m04_s02,20,4,0.250000,100,698.829931,1524.556791,1079.969129,0.000000,,,0,1,,,,,0.064924,DEFAULT
ga,hfvrp_n020_m04_s02,20,4,0.250000,100,668.474740,1852.445836,1131.586199,0.000000,,,0,1,,,,,0.007361,SMALL
ga,hfvrp_n020_m04_s04,20,4,0.250000,1787953790050698234,824.029008,2389.335782,1421.362953,0.000000,,,0,1,,,,,1.302228,MEDIUM
ga,hfvrp_n015_m03_s05,15,3,0.250000,1787953520716867397,682.828870,964.713238,924.007180,0.000000,,,0,1,,,,,0.979152,MEDIUM
ga,hfvrp_n020_m04_s02,20,4,0.250000,100,698.829931,1524.556791,1079.969129,0.000000,,,0,1,,,,,1.295829,MEDIUM
ga,hfvrp_n020_m04_s03,20,4,0.250000,10,767.124308,2601.138619,1417.408963,0.000000,,,0,1,,,,,3.888305,BIG
ga,hfvrp_n020_m04_s03,20,4,0.250000,50,739.780099,2883.219590,1460.584996,0.000000,,,0,1,,,,,0.062425,DEFAULT
ga,hfvrp_n020_m04_s03,20,4,0.250000,50,753.994146,3193.670147,1552.411683,0.000000,,,0,1,,,,,0.012000,SMALL
ga,hfvrp_n015_m03_s04,15,3,0.250000,1787953786455944443,614.626038,4323.337407,1695.460389,0.000000,,,0,1,,,,,2.935301,BIG
ga,hfvrp_n020_m04_s05,20,4,0.250000,1787953411498248583,754.723045,2159.840086,1294.683067,0.000000,,,0,1,,,,,0.063222,DEFAULT
ga,hfvrp_n020_m04_s05,20,4,0.250000,1787953398685315538,774.716361,2701.074216,1449.984915,0.000000,,,0,1,,,,,0.010572,SMALL
ga,hfvrp_n020_m04_s01,20,4,0.250000,999,853.410590,1085.048974,1124.672834,0.000000,,,0,1,,,,,3.988543,BIG
ga,hfvrp_n020_m04_s01,20,4,0.250000,1234,870.923113,1074.810604,1139.625765,0.000000,,,0,1,,,,,0.069255,DEFAULT
ga,hfvrp_n020_m04_s01,20,4,0.250000,1234,846.713527,1417.746750,1201.150214,0.000000,,,0,1,,,,,0.012560,SMALL
ga,hfvrp_n020_m04_s03,20,4,0.250000,50,809.283818,2308.073886,1386.302290,0.000000,,,0,1,,,,,1.300751,MEDIUM
ga,hfvrp_n020_m04_s05,20,4,0.250000,1787953402995609216,801.921463,1829.096403,1259.195564,0.000000,,,0,1,,,,,1.292882,MEDIUM
ga,hfvrp_n020_m04_s04,20,4,0.250000,1787953568020973723,813.105138,2199.360108,1362.945164,0.000000,,,0,1,,,,,3.877002,BIG
ga,hfvrp_n015_m03_s05,15,3,0.250000,1787953573239583306,682.828870,964.713238,924.007180,0.000000,,,0,1,,,,,2.956487,BIG
ga,hfvrp_n020_m04_s01,20,4,0.250000,1234,755.606713,1099.306092,1030.433236,0.000000,,,0,1,,,,,1.289438,MEDIUM
ga,hfvrp_n020_m04_s04,20,4,0.250000,1,849.874656,2880.456148,1569.988693,0.000000,,,0,1,,,,,0.067676,DEFAULT
ga,hfvrp_n020_m04_s04,20,4,0.250000,1,800.507558,2728.843530,1482.718441,0.000000,,,0,1,,,,,0.007293,SMALL
ga,hfvrp_n030_m06_s01,30,6,0.250000,1787953262795691997,1351.963268,3294.770641,2175.655929,0.000000,,,0,1,,,,,0.097958,DEFAULT
ga,hfvrp_n030_m06_s01,30,6,0.250000,1787953258606345901,1710.749577,3052.868334,2473.966660,0.000000,,,0,1,,,,,0.017454,SMALL
ga,hfvrp_n020_m04_s02,20,4,0.250000,100,698.829931,1524.556791,1079.969129,0.000000,,,0,1,,,,,3.976157,BIG
ga,hfvrp_n020_m04_s04,20,4,0.250000,1,813.105138,2199.360108,1362.945164,0.000000,,,0,1,,,,,1.286556,MEDIUM
ga,hfvrp_n020_m04_s02,20,4,0.250000,200,698.829931,1524.556791,1079.969129,0.000000,,,0,1,,,,,0.065909,DEFAULT
ga,hfvrp_n020_m04_s02,20,4,0.250000,200,744.902377,2106.888689,1271.624549,0.000000,,,0,1,,,,,0.008021,SMALL
ga,hfvrp_n030_m06_s01,30,6,0.250000,1787953254334148192,1370.882879,3294.770641,2194.575540,0.000000,,,0,1,,,,,1.999883,MEDIUM
ga,hfvrp_n020_m04_s02,20,4,0.250000,200,698.829931,1524.556791,1079.969129,0.000000,,,0,1,,,,,1.313769,MEDIUM
ga,hfvrp_n020_m04_s03,20,4,0.250000,50,656.601362,2905.106740,1382.878047,0.000000,,,0,1,,,,,3.876400,BIG
ga,hfvrp_n020_m04_s03,20,4,0.250000,75,767.124308,2601.138619,1417.408963,0.000000,,,0,1,,,,,0.062090,DEFAULT
ga,hfvrp_n020_m04_s03,20,4,0.250000,75,822.822868,2601.138619,1473.107523,0.000000,,,0,1,,,,,0.011220,SMALL
ga,hfvrp_n020_m04_s05,20,4,0.250000,1787953425772270490,801.921463,1829.096403,1259.195564,0.000000,,,0,1,,,,,3.919125,BIG
ga,hfvrp_n020_m04_s05,20,4,0.250000,1,776.850817,2311.929171,1354.833110,0.000000,,,0,1,,,,,0.063102,DEFAULT
ga,hfvrp_n020_m04_s05,20,4,0.250000,1,829.968364,2217.332557,1384.301503,0.000000,,,0,1,,,,,0.007453,SMALL
ga,hfvrp_n020_m04_s01,20,4,0.250000,1234,755.606713,1099.306092,1030.433236,0.000000,,,0,1,,,,,3.895452,BIG
ga,hfvrp_n020_m04_s01,20,4,0.250000,9999,785.887369,1177.056965,1080.151610,0.000000,,,0,1,,,,,0.068485,DEFAULT
ga,hfvrp_n020_m04_s01,20,4,0.250000,9999,867.937288,1133.833904,1151.395765,0.000000,,,0,1,,,,,0.013214,SMALL
ga,hfvrp_n020_m04_s03,20,4,0.250000,75,767.124308,2601.138619,1417.408963,0.000000,,,0,1,,,,,1.296220,MEDIUM
ga,hfvrp_n020_m04_s05,20,4,0.250000,1,801.921463,1829.096403,1259.195564,0.000000,,,0,1,,,,,1.289097,MEDIUM
ga,hfvrp_n020_m04_s04,20,4,0.250000,1,790.018629,2390.111670,1387.546547,0.000000,,,0,1,,,,,3.861636,BIG
ga,hfvrp_n020_m04_s01,20,4,0.250000,9999,755.606713,1099.306092,1030.433236,0.000000,,,0,1,,,,,1.292817,MEDIUM
ga,hfvrp_n020_m04_s04,20,4,0.250000,10,833.347755,2728.363224,1515.438561,0.000000,,,0,1,,,,,0.068665,DEFAULT
ga,hfvrp_n020_m04_s04,20,4,0.250000,10,820.311696,2199.360108,1370.151723,0.000000,,,0,1,,,,,0.007360,SMALL
ga,hfvrp_n020_m04_s04,20,4,0.250000,10,800.507558,2728.843530,1482.718441,0.000000,,,0,1,,,,,1.288974,MEDIUM
ga,hfvrp_n020_m04_s02,20,4,0.250000,200,698.829931,1524.556791,1079.969129,0.000000,,,0,1,,,,,3.968329,BIG
ga,hfvrp_n020_m04_s02,20,4,0.250000,999,715.554369,1707.288655,1142.376532,0.000000,,,0,1,,,,,0.067278,DEFAULT
ga,hfvrp_n020_m04_s02,20,4,0.250000,999,714.078988,1534.087452,1097.600851,0.000000,,,0,1,,,,,0.012121,SMALL
ga,hfvrp_n020_m04_s02,20,4,0.250000,999,698.829931,1524.556791,1079.969129,0.000000,,,0,1,,,,,1.346594,MEDIUM
ga,hfvrp_n030_m06_s01,30,6,0.250000,1787953286407439910,1543.250227,2735.391839,2227.098187,0.000000,,,0,1,,,,,5.980089,BIG
ga,hfvrp_n030_m06_s01,30,6,0.250000,1,1523.286150,2833.403221,2231.636955,0.000000,,,0,1,,,,,0.103646,DEFAULT
ga,hfvrp_n030_m06_s01,30,6,0.250000,1,1355.286654,4255.292574,2419.109797,0.000000,,,0,1,,,,,0.017406,SMALL
ga,hfvrp_n020_m04_s03,20,4,0.250000,75,809.283818,2308.073886,1386.302290,0.000000,,,0,1,,,,,3.877255,BIG
ga,hfvrp_n020_m04_s03,20,4,0.250000,100,767.124308,2601.138619,1417.408963,0.000000,,,0,1,,,,,0.066065,DEFAULT
ga,hfvrp_n020_m04_s03,20,4,0.250000,100,767.124308,2601.138619,1417.408963,0.000000,,,0,1,,,,,0.012249,SMALL
ga,hfvrp_n020_m04_s05,20,4,0.250000,1,801.921463,1829.096403,1259.195564,0.000000,,,0,1,,,,,3.934377,BIG
ga,hfvrp_n020_m04_s01,20,4,0.250000,9999,755.606713,1099.306092,1030.433236,0.000000,,,0,1,,,,,3.883113,BIG
ga,hfvrp_n020_m04_s05,20,4,0.250000,10,750.472033,2040.659339,1260.636867,0.000000,,,0,1,,,,,0.063908,DEFAULT
ga,hfvrp_n020_m04_s05,20,4,0.250000,10,791.281442,2771.443712,1484.142370,0.000000,,,0,1,,,,,0.007572,SMALL
ga,hfvrp_n020_m04_s01,20,4,0.250000,19345,846.713527,1417.746750,1201.150214,0.000000,,,0,1,,,,,0.064316,DEFAULT
ga,hfvrp_n020_m04_s01,20,4,0.250000,19345,871.332225,1097.500994,1145.707473,0.000000,,,0,1,,,,,0.007402,SMALL
ga,hfvrp_n020_m04_s03,20,4,0.250000,100,809.283818,2308.073886,1386.302290,0.000000,,,0,1,,,,,1.304628,MEDIUM
ga,hfvrp_n030_m06_s01,30,6,0.250000,1,1527.729967,2754.581460,2216.375332,0.000000,,,0,1,,,,,1.981352,MEDIUM
ga,hfvrp_n020_m04_s04,20,4,0.250000,10,790.018629,2390.111670,1387.546547,0.000000,,,0,1,,,,,3.867806,BIG
ga,hfvrp_n020_m04_s05,20,4,0.250000,10,801.921463,1829.096403,1259.195564,0.000000,,,0,1,,,,,1.287652,MEDIUM
ga,hfvrp_n020_m04_s01,20,4,0.250000,19345,697.985709,1452.563552,1061.126598,0.000000,,,0,1,,,,,1.299042,MEDIUM
ga,hfvrp_n020_m04_s04,20,4,0.250000,50,834.239088,2747.757315,1521.178416,0.000000,,,0,1,,,,,0.067329,DEFAULT
ga,hfvrp_n020_m04_s04,20,4,0.250000,50,790.018629,2390.111670,1387.546547,0.000000,,,0,1,,,,,0.010543,SMALL
ga,hfvrp_n020_m04_s04,20,4,0.250000,50,813.105138,2199.360108,1362.945164,0.000000,,,0,1,,,,,1.280715,MEDIUM
ga,hfvrp_n020_m04_s02,20,4,0.250000,999,698.829931,1524.556791,1079.969129,0.000000,,,0,1,,,,,3.916664,BIG
ga,hfvrp_n020_m04_s02,20,4,0.250000,1234,698.829931,1524.556791,1079.969129,0.000000,,,0,1,,,,,0.068509,DEFAULT
ga,hfvrp_n020_m04_s02,20,4,0.250000,1234,790.246845,1491.335912,1163.080823,0.000000,,,0,1,,,,,0.010941,SMALL
ga,hfvrp_n020_m04_s02,20,4,0.250000,1234,698.829931,1524.556791,1079.969129,0.000000,,,0,1,,,,,1.307715,MEDIUM
ga,hfvrp_n020_m04_s03,20,4,0.250000,100,809.283818,2308.073886,1386.302290,0.000000,,,0,1,,,,,3.882401,BIG
ga,hfvrp_n020_m04_s03,20,4,0.250000,200,815.223048,2316.304940,1394.299283,0.000000,,,0,1,,,,,0.064448,DEFAULT
ga,hfvrp_n020_m04_s03,20,4,0.250000,200,792.340951,2511.068800,1420.108151,0.000000,,,0,1,,,,,0.012655,SMALL
ga,hfvrp_n020_m04_s05,20,4,0.250000,10,801.921463,1829.096403,1259.195564,0.000000,,,0,1,,,,,3.886456,BIG
ga,hfvrp_n020_m04_s01,20,4,0.250000,19345,755.606713,1099.306092,1030.433236,0.000000,,,0,1,,,,,3.887120,BIG
ga,hfvrp_n020_m04_s05,20,4,0.250000,50,816.559350,2338.526860,1401.191065,0.000000,,,0,1,,,,,0.066827,DEFAULT
ga,hfvrp_n020_m04_s05,20,4,0.250000,50,791.281442,2771.443712,1484.142370,0.000000,,,0,1,,,,,0.010715,SMALL
ga,hfvrp_n020_m04_s01,20,4,0.250000,1787955111237606917,850.316783,1385.897014,1196.791037,0.000000,,,0,1,,,,,0.064442,DEFAULT
ga,hfvrp_n020_m04_s01,20,4,0.250000,1787955098425779221,850.316783,1385.897014,1196.791037,0.000000,,,0,1,,,,,0.012852,SMALL
ga,hfvrp_n020_m04_s03,20,4,0.250000,200,809.283818,2308.073886,1386.302290,0.000000,,,0,1,,,,,1.309736,MEDIUM
ga,hfvrp_n020_m04_s04,20,4,0.250000,50,813.105138,2199.360108,1362.945164,0.000000,,,0,1,,,,,3.875007,BIG
ga,hfvrp_n020_m04_s05,20,4,0.250000,50,801.921463,1829.096403,1259.195564,0.000000,,,0,1,,,,,1.285658,MEDIUM
ga,hfvrp_n020_m04_s04,20,4,0.250000,75,813.105138,2199.360108,1362.945164,0.000000,,,0,1,,,,,0.066811,DEFAULT
ga,hfvrp_n020_m04_s04,20,4,0.250000,75,903.362997,2592.184887,1551.409219,0.000000,,,0,1,,,,,0.007252,SMALL
ga,hfvrp_n020_m04_s01,20,4,0.250000,1787955102737624518,870.140140,1028.958818,1127.379845,0.000000,,,0,1,,,,,1.312067,MEDIUM
ga,hfvrp_n030_m06_s01,30,6,0.250000,1,1375.326696,3215.948880,2179.313916,0.000000,,,0,1,,,,,6.077285,BIG
ga,hfvrp_n030_m06_s01,30,6,0.250000,10,1513.414315,3691.267588,2436.231212,0.000000,,,0,1,,,,,0.096750,DEFAULT
ga,hfvrp_n030_m06_s01,30,6,0.250000,10,1444.772993,4925.525811,2676.154446,0.000000,,,0,1,,,,,0.011867,SMALL
ga,hfvrp_n020_m04_s04,20,4,0.250000,75,813.256296,2083.586082,1334.152817,0.000000,,,0,1,,,,,1.285865,MEDIUM
ga,hfvrp_n020_m04_s02,20,4,0.250000,1234,698.829931,1524.556791,1079.969129,0.000000,,,0,1,,,,,3.929402,BIG
ga,hfvrp_n020_m04_s02,20,4,0.250000,9999,698.829931,1524.556791,1079.969129,0.000000,,,0,1,,,,,0.068639,DEFAULT
ga,hfvrp_n020_m04_s02,20,4,0.250000,9999,668.474740,1852.445836,1131.586199,0.000000,,,0,1,,,,,0.007290,SMALL
ga,hfvrp_n030_m06_s01,30,6,0.250000,10,1527.729967,2754.581460,2216.375332,0.000000,,,0,1,,,,,1.970915,MEDIUM
ga,hfvrp_n020_m04_s02,20,4,0.250000,9999,698.829931,1524.556791,1079.969129,0.000000,,,0,1,,,,,1.311854,MEDIUM
ga,hfvrp_n020_m04_s03,20,4,0.250000,200,809.283818,2308.073886,1386.302290,0.000000,,,0,1,,,,,3.895251,BIG
ga,hfvrp_n020_m04_s03,20,4,0.250000,999,767.124308,2601.138619,1417.408963,0.000000,,,0,1,,,,,0.062914,DEFAULT
ga,hfvrp_n020_m04_s03,20,4,0.250000,999,799.020108,2601.138619,1449.304762,0.000000,,,0,1,,,,,0.010591,SMALL
ga,hfvrp_n020_m04_s05,20,4,0.250000,50,801.921463,1829.096403,1259.195564,0.000000,,,0,1,,,,,3.882944,BIG
ga,hfvrp_n020_m04_s05,20,4,0.250000,75,773.370317,2275.786681,1342.316987,0.000000,,,0,1,,,,,0.063446,DEFAULT
ga,hfvrp_n020_m04_s05,20,4,0.250000,75,750.952135,2705.588876,1427.349354,0.000000,,,0,1,,,,,0.007459,SMALL
ga,hfvrp_n020_m04_s01,20,4,0.250000,1787954958028322577,755.606713,1099.306092,1030.433236,0.000000,,,0,1,,,,,4.027249,BIG
ga,hfvrp_n030_m06_s02,30,6,0.250000,1787954863412271591,1294.904962,3617.724036,2199.335971,0.000000,,,0,1,,,,,0.100440,DEFAULT
ga,hfvrp_n030_m06_s02,30,6,0.250000,1787954859221280861,1271.121817,3703.314025,2196.950323,0.000000,,,0,1,,,,,0.011225,SMALL
ga,hfvrp_n020_m04_s03,20,4,0.250000,999,767.124308,2601.138619,1417.408963,0.000000,,,0,1,,,,,1.297834,MEDIUM
ga,hfvrp_n020_m04_s05,20,4,0.250000,75,751.357910,2126.377630,1282.952318,0.000000,,,0,1,,,,,1.291459,MEDIUM
ga,hfvrp_n020_m04_s04,20,4,0.250000,75,813.105138,2199.360108,1362.945164,0.000000,,,0,1,,,,,3.935693,BIG
ga,hfvrp_n020_m04_s04,20,4,0.250000,100,884.474287,2528.441318,1516.584616,0.000000,,,0,1,,,,,0.062550,DEFAULT
ga,hfvrp_n020_m04_s04,20,4,0.250000,100,826.473232,2879.422441,1546.328842,0.000000,,,0,1,,,,,0.010845,SMALL
ga,hfvrp_n030_m06_s02,30,6,0.250000,1787954889301977082,1241.773636,3047.941142,2003.758921,0.000000,,,0,1,,,,,2.017896,MEDIUM
ga,hfvrp_n020_m04_s04,20,4,0.250000,100,810.670602,2305.377441,1387.014962,0.000000,,,0,1,,,,,1.391901,MEDIUM
ga,hfvrp_n020_m04_s02,20,4,0.250000,9999,698.829931,1524.556791,1079.969129,0.000000,,,0,1,,,,,3.911321,BIG
ga,hfvrp_n020_m04_s02,20,4,0.250000,19345,698.829931,1524.556791,1079.969129,0.000000,,,0,1,,,,,0.066135,DEFAULT
ga,hfvrp_n020_m04_s02,20,4,0.250000,19345,698.829931,1524.556791,1079.969129,0.000000,,,0,1,,,,,0.011665,SMALL
ga,hfvrp_n020_m04_s02,20,4,0.250000,19345,698.829931,1524.556791,1079.969129,0.000000,,,0,1,,,,,1.294585,MEDIUM
ga,hfvrp_n030_m06_s01,30,6,0.250000,10,1375.326696,3215.948880,2179.313916,0.000000,,,0,1,,,,,6.052866,BIG
ga,hfvrp_n020_m04_s03,20,4,0.250000,999,656.601362,2905.106740,1382.878047,0.000000,,,0,1,,,,,3.868058,BIG
ga,hfvrp_n020_m04_s03,20,4,0.250000,1234,767.124308,2601.138619,1417.408963,0.000000,,,0,1,,,,,0.067442,DEFAULT
ga,hfvrp_n020_m04_s03,20,4,0.250000,1234,778.538667,2465.094313,1394.812246,0.000000,,,0,1,,,,,0.010969,SMALL
ga,hfvrp_n030_m06_s01,30,6,0.250000,50,1687.963289,2752.779343,2376.158125,0.000000,,,0,1,,,,,0.124267,DEFAULT
ga,hfvrp_n030_m06_s01,30,6,0.250000,50,1498.338756,4104.543295,2524.474580,0.000000,,,0,1,,,,,0.017510,SMALL
ga,hfvrp_n020_m04_s05,20,4,0.250000,75,801.921463,1829.096403,1259.195564,0.000000,,,0,1,,,,,3.898916,BIG
ga,hfvrp_n020_m04_s05,20,4,0.250000,100,835.354488,2162.724604,1376.035639,0.000000,,,0,1,,,,,0.064026,DEFAULT
ga,hfvrp_n020_m04_s05,20,4,0.250000,100,804.646651,1975.942434,1298.632259,0.000000,,,0,1,,,,,0.012291,SMALL
ga,hfvrp_n020_m04_s03,20,4,0.250000,1234,809.283818,2308.073886,1386.302290,0.000000,,,0,1,,,,,1.291865,MEDIUM
ga,hfvrp_n020_m04_s05,20,4,0.250000,100,751.357910,2126.377630,1282.952318,0.000000,,,0,1,,,,,1.290966,MEDIUM
ga,hfvrp_n020_m04_s04,20,4,0.250000,100,824.268635,1992.234763,1322.327326,0.000000,,,0,1,,,,,3.891045,BIG
ga,hfvrp_n020_m04_s04,20,4,0.250000,200,835.661929,1889.406072,1308.013447,0.000000,,,0,1,,,,,0.067600,DEFAULT
ga,hfvrp_n020_m04_s04,20,4,0.250000,200,841.740963,2901.427877,1567.097932,0.000000,,,0,1,,,,,0.012552,SMALL
ga,hfvrp_n030_m06_s01,30,6,0.250000,50,1390.846956,3196.759259,2190.036771,0.000000,,,0,1,,,,,2.002916,MEDIUM
ga,hfvrp_n020_m04_s04,20,4,0.250000,200,853.733044,2299.284115,1428.554073,0.000000,,,0,1,,,,,1.298322,MEDIUM
ga,hfvrp_n020_m04_s02,20,4,0.250000,19345,698.829931,1524.556791,1079.969129,0.000000,,,0,1,,,,,3.928004,BIG
ga,hfvrp_n030_m06_s02,30,6,0.250000,1787954831198983599,1255.387200,3431.129422,2113.169556,0.000000,,,0,1,,,,,5.945499,BIG
ga,hfvrp_n020_m04_s02,20,4,0.250000,1787954489235361673,698.829931,1524.556791,1079.969129,0.000000,,,0,1,,,,,0.073215,DEFAULT
ga,hfvrp_n020_m04_s02,20,4,0.250000,1787954588096698837,796.655125,1588.253609,1193.718527,0.000000,,,0,1,,,,,0.007083,SMALL
ga,hfvrp_n030_m06_s02,30,6,0.250000,1,1267.142528,3598.254232,2166.706086,0.000000,,,0,1,,,,,0.100233,DEFAULT
ga,hfvrp_n030_m06_s02,30,6,0.250000,1,1254.805891,3438.056402,2114.319991,0.000000,,,0,1,,,,,0.011033,SMALL
ga,hfvrp_n020_m04_s02,20,4,0.250000,1787954583812541678,698.829931,1524.556791,1079.969129,0.000000,,,0,1,,,,,1.291941,MEDIUM
ga,hfvrp_n020_m04_s03,20,4,0.250000,1234,767.124308,2601.138619,1417.408963,0.000000,,,0,1,,,,,3.899616,BIG
ga,hfvrp_n020_m04_s03,20,4,0.250000,9999,809.283818,2308.073886,1386.302290,0.000000,,,0,1,,,,,0.062336,DEFAULT
ga,hfvrp_n020_m04_s03,20,4,0.250000,9999,767.124308,2601.138619,1417.408963,0.000000,,,0,1,,,,,0.011691,SMALL
ga,hfvrp_n020_m04_s05,20,4,0.250000,100,801.921463,1829.096403,1259.195564,0.000000,,,0,1,,,,,3.899441,BIG
ga,hfvrp_n030_m06_s02,30,6,0.250000,1,1224.569133,3030.603811,1982.220085,0.000000,,,0,1,,,,,1.950212,MEDIUM
ga,hfvrp_n020_m04_s05,20,4,0.250000,200,812.752865,1940.120725,1297.783047,0.000000,,,0,1,,,,,0.063961,DEFAULT
ga,hfvrp_n020_m04_s05,20,4,0.250000,200,810.229628,2185.548261,1356.616693,0.000000,,,0,1,,,,,0.012947,SMALL
ga,hfvrp_n020_m04_s03,20,4,0.250000,9999,809.283818,2308.073886,1386.302290,0.000000,,,0,1,,,,,1.298796,MEDIUM
ga,hfvrp_n020_m04_s05,20,4,0.250000,200,801.921463,1829.096403,1259.195564,0.000000,,,0,1,,,,,1.281172,MEDIUM
ga,hfvrp_n020_m04_s04,20,4,0.250000,200,808.336072,2177.538064,1352.720588,0.000000,,,0,1,,,,,3.914757,BIG
ga,hfvrp_n020_m04_s04,20,4,0.250000,999,844.412708,2064.584604,1360.558859,0.000000,,,0,1,,,,,0.067354,DEFAULT
ga,hfvrp_n020_m04_s04,20,4,0.250000,999,816.393739,2688.159373,1488.433582,0.000000,,,0,1,,,,,0.012986,SMALL
ga,hfvrp_n030_m06_s01,30,6,0.250000,50,1375.326696,3215.948880,2179.313916,0.000000,,,0,1,,,,,6.029064,BIG
ga,hfvrp_n030_m06_s01,30,6,0.250000,75,1423.424802,3934.839744,2407.134738,0.000000,,,0,1,,,,,0.096684,DEFAULT
ga,hfvrp_n030_m06_s01,30,6,0.250000,75,1840.909901,3229.156792,2648.199099,0.000000,,,0,1,,,,,0.011972,SMALL
ga,hfvrp_n020_m04_s04,20,4,0.250000,999,790.018629,2390.111670,1387.546547,0.000000,,,0,1,,,,,1.283495,MEDIUM
ga,hfvrp_n020_m04_s02,20,4,0.250000,1787954567928515975,698.829931,1524.556791,1079.969129,0.000000,,,0,1,,,,,3.910487,BIG
ga,hfvrp_n030_m06_s03,30,6,0.250000,1787938852379160095,1494.766394,3068.004951,2261.767632,0.000000,,,0,1,,,,,0.093973,DEFAULT
ga,hfvrp_n030_m06_s03,30,6,0.250000,1787938839596789304,1378.627601,2468.301349,1995.702938,0.000000,,,0,1,,,,,0.016759,SMALL
ga,hfvrp_n030_m06_s01,30,6,0.250000,75,1359.558599,3215.948880,2163.545819,0.000000,,,0,1,,,,,2.016535,MEDIUM
ga,hfvrp_n020_m04_s03,20,4,0.250000,9999,656.601362,2905.106740,1382.878047,0.000000,,,0,1,,,,,3.880949,BIG
ga,hfvrp_n020_m04_s03,20,4,0.250000,19345,656.601362,2905.106740,1382.878047,0.000000,,,0,1,,,,,0.062434,DEFAULT
ga,hfvrp_n020_m04_s03,20,4,0.250000,19345,656.601362,2905.106740,1382.878047,0.000000,,,0,1,,,,,0.011005,SMALL
ga,hfvrp_n020_m04_s05,20,4,0.250000,200,801.921463,1829.096403,1259.195564,0.000000,,,0,1,,,,,3.882591,BIG
ga,hfvrp_n030_m06_s03,30,6,0.250000,1787938843912782207,1358.687347,2247.010745,1920.440033,0.000000,,,0,1,,,,,1.941652,MEDIUM
ga,hfvrp_n020_m04_s05,20,4,0.250000,999,776.850817,2311.929171,1354.833110,0.000000,,,0,1,,,,,0.062777,DEFAULT
ga,hfvrp_n020_m04_s05,20,4,0.250000,999,791.281442,2771.443712,1484.142370,0.000000,,,0,1,,,,,0.007121,SMALL
ga,hfvrp_n030_m06_s02,30,6,0.250000,1,1202.701576,3766.327549,2144.283463,0.000000,,,0,1,,,,,5.915030,BIG
ga,hfvrp_n030_m06_s02,30,6,0.250000,10,1208.628196,3437.818719,2068.082876,0.000000,,,0,1,,,,,0.100244,DEFAULT
ga,hfvrp_n030_m06_s02,30,6,0.250000,10,1205.623849,3795.551504,2154.511725,0.000000,,,0,1,,,,,0.011629,SMALL
ga,hfvrp_n020_m04_s03,20,4,0.250000,19345,809.283818,2308.073886,1386.302290,0.000000,,,0,1,,,,,1.290813,MEDIUM
ga,hfvrp_n020_m04_s05,20,4,0.250000,999,877.754981,2040.367180,1387.846776,0.000000,,,0,1,,,,,1.273472,MEDIUM
ga,hfvrp_n020_m04_s04,20,4,0.250000,999,824.268635,1992.234763,1322.327326,0.000000,,,0,1,,,,,3.905002,BIG
ga,hfvrp_n020_m04_s04,20,4,0.250000,1234,793.804256,2782.862334,1489.519839,0.000000,,,0,1,,,,,0.066392,DEFAULT
ga,hfvrp_n020_m04_s04,20,4,0.250000,1234,813.632106,2083.586082,1334.528627,0.000000,,,0,1,,,,,0.007462,SMALL
ga,hfvrp_n030_m06_s02,30,6,0.250000,10,1169.473419,3495.975715,2043.467347,0.000000,,,0,1,,,,,1.979973,MEDIUM
ga,hfvrp_n020_m04_s04,20,4,0.250000,1234,855.969684,1886.474158,1327.588224,0.000000,,,0,1,,,,,1.285272,MEDIUM
ga,hfvrp_n020_m04_s03,20,4,0.250000,19345,809.283818,2308.073886,1386.302290,0.000000,,,0,1,,,,,3.933852,BIG
ga,hfvrp_n020_m04_s03,20,4,0.250000,1787938674871661770,767.124308,2601.138619,1417.408963,0.000000,,,0,1,,,,,0.067594,DEFAULT
ga,hfvrp_n020_m04_s03,20,4,0.250000,1787938679237737583,783.721964,2852.687662,1496.893879,0.000000,,,0,1,,,,,0.008069,SMALL
ga,hfvrp_n020_m04_s05,20,4,0.250000,999,801.921463,1829.096403,1259.195564,0.000000,,,0,1,,,,,3.905557,BIG
ga,hfvrp_n020_m04_s05,20,4,0.250000,1234,835.354488,2162.724604,1376.035639,0.000000,,,0,1,,,,,0.068519,DEFAULT
ga,hfvrp_n020_m04_s05,20,4,0.250000,1234,818.742564,2612.596364,1471.891655,0.000000,,,0,1,,,,,0.011412,SMALL
ga,hfvrp_n030_m06_s01,30,6,0.250000,75,1527.729967,2754.581460,2216.375332,0.000000,,,0,1,,,,,5.966003,BIG
ga,hfvrp_n030_m06_s01,30,6,0.250000,100,1533.352657,2792.686686,2231.524329,0.000000,,,0,1,,,,,0.101739,DEFAULT
ga,hfvrp_n030_m06_s01,30,6,0.250000,100,1841.387793,3928.363219,2823.478598,0.000000,,,0,1,,,,,0.012705,SMALL
ga,hfvrp_n030_m06_s03,30,6,0.250000,1787938918876623426,1362.262261,2157.280489,1901.582383,0.000000,,,0,1,,,,,5.814409,BIG
ga,hfvrp_n030_m06_s03,30,6,0.250000,1,1343.952290,2397.784691,1943.398463,0.000000,,,0,1,,,,,0.100325,DEFAULT
ga,hfvrp_n030_m06_s03,30,6,0.250000,1,1608.265285,3225.557013,2414.654538,0.000000,,,0,1,,,,,0.011742,SMALL
ga,hfvrp_n020_m04_s03,20,4,0.250000,1787938683548968601,809.283818,2308.073886,1386.302290,0.000000,,,0,1,,,,,1.295604,MEDIUM
ga,hfvrp_n020_m04_s05,20,4,0.250000,1234,750.472033,2040.659339,1260.636867,0.000000,,,0,1,,,,,1.295120,MEDIUM
ga,hfvrp_n020_m04_s04,20,4,0.250000,1234,813.105138,2199.360108,1362.945164,0.000000,,,0,1,,,,,3.884303,BIG
ga,hfvrp_n020_m04_s04,20,4,0.250000,9999,832.872132,2642.129756,1493.404571,0.000000,,,0,1,,,,,0.067491,DEFAULT
ga,hfvrp_n020_m04_s04,20,4,0.250000,9999,790.018629,2390.111670,1387.546547,0.000000,,,0,1,,,,,0.007751,SMALL
ga,hfvrp_n030_m06_s01,30,6,0.250000,100,1375.326696,3215.948880,2179.313916,0.000000,,,0,1,,,,,2.011233,MEDIUM
ga,hfvrp_n030_m06_s03,30,6,0.250000,1,1290.513516,2432.718039,1898.693026,0.000000,,,0,1,,,,,1.928886,MEDIUM
ga,hfvrp_n020_m04_s04,20,4,0.250000,9999,871.201457,1979.083912,1365.972435,0.000000,,,0,1,,,,,1.280280,MEDIUM
ga,hfvrp_n030_m06_s02,30,6,0.250000,10,1173.141265,3307.754243,2000.079826,0.000000,,,0,1,,,,,6.012140,BIG
ga,hfvrp_n030_m06_s02,30,6,0.250000,50,1258.316094,3107.900001,2035.291094,0.000000,,,0,1,,,,,0.099488,DEFAULT
ga,hfvrp_n030_m06_s02,30,6,0.250000,50,1322.620664,3822.891180,2278.343459,0.000000,,,0,1,,,,,0.011705,SMALL
ga,hfvrp_n020_m04_s03,20,4,0.250000,1787938641902872976,809.283818,2308.073886,1386.302290,0.000000,,,0,1,,,,,3.876442,BIG
ga,hfvrp_n030_m06_s04,30,6,0.250000,1787938508506159690,1513.620550,2685.903188,2185.096347,0.000000,,,0,1,,,,,0.098409,DEFAULT
ga,hfvrp_n030_m06_s04,30,6,0.250000,1787938504313205711,1503.966051,3123.651508,2284.878928,0.000000,,,0,1,,,,,0.012683,SMALL
ga,hfvrp_n020_m04_s05,20,4,0.250000,1234,778.959600,2122.360110,1309.549627,0.000000,,,0,1,,,,,3.936240,BIG
ga,hfvrp_n020_m04_s05,20,4,0.250000,9999,850.120499,2183.860727,1396.085681,0.000000,,,0,1,,,,,0.068443,DEFAULT
ga,hfvrp_n020_m04_s05,20,4,0.250000,9999,788.284793,2384.638549,1384.444431,0.000000,,,0,1,,,,,0.007464,SMALL
ga,hfvrp_n030_m06_s02,30,6,0.250000,50,1162.086422,3393.729697,2010.518846,0.000000,,,0,1,,,,,1.948549,MEDIUM
ga,hfvrp_n020_m04_s05,20,4,0.250000,9999,751.357910,2126.377630,1282.952318,0.000000,,,0,1,,,,,1.288872,MEDIUM
ga,hfvrp_n020_m04_s04,20,4,0.250000,9999,813.256296,2083.586082,1334.152817,0.000000,,,0,1,,,,,3.887364,BIG
ga,hfvrp_n020_m04_s04,20,4,0.250000,19345,824.419794,1889.406072,1296.771312,0.000000,,,0,1,,,,,0.063611,DEFAULT
ga,hfvrp_n020_m04_s04,20,4,0.250000,19345,819.718501,2520.719198,1449.898301,0.000000,,,0,1,,,,,0.012843,SMALL
ga,hfvrp_n030_m06_s04,30,6,0.250000,1787938517219415120,1205.291819,2290.647612,1777.953722,0.000000,,,0,1,,,,,1.969661,MEDIUM
ga,hfvrp_n020_m04_s04,20,4,0.250000,19345,813.256296,2083.586082,1334.152817,0.000000,,,0,1,,,,,1.286379,MEDIUM
ga,hfvrp_n030_m06_s01,30,6,0.250000,100,1390.846956,3196.759259,2190.036771,0.000000,,,0,1,,,,,6.045881,BIG
ga,hfvrp_n030_m06_s03,30,6,0.250000,1,1325.292460,2390.273366,1922.860802,0.000000,,,0,1,,,,,5.881575,BIG
ga,hfvrp_n030_m06_s01,30,6,0.250000,200,1576.845117,3384.531521,2422.977997,0.000000,,,0,1,,,,,0.097175,DEFAULT
ga,hfvrp_n030_m06_s03,30,6,0.250000,10,1462.435279,2442.147105,2072.972055,0.000000,,,0,1,,,,,0.100012,DEFAULT
ga,hfvrp_n030_m06_s01,30,6,0.250000,200,1534.323228,4525.124033,2665.604236,0.000000,,,0,1,,,,,0.011412,SMALL
ga,hfvrp_n030_m06_s03,30,6,0.250000,10,1535.938124,2115.545013,2064.824377,0.000000,,,0,1,,,,,0.012439,SMALL
ga,hfvrp_n020_m04_s05,20,4,0.250000,9999,801.921463,1829.096403,1259.195564,0.000000,,,0,1,,,,,3.892993,BIG
ga,hfvrp_n030_m06_s03,30,6,0.250000,10,1376.124434,2112.707418,1904.301289,0.000000,,,0,1,,,,,1.926969,MEDIUM
ga,hfvrp_n030_m06_s01,30,6,0.250000,200,1523.286150,2833.403221,2231.636955,0.000000,,,0,1,,,,,1.978769,MEDIUM
ga,hfvrp_n020_m04_s05,20,4,0.250000,19345,776.850817,2311.929171,1354.833110,0.000000,,,0,1,,,,,0.068211,DEFAULT
ga,hfvrp_n020_m04_s05,20,4,0.250000,19345,813.490377,1865.871130,1279.958160,0.000000,,,0,1,,,,,0.007435,SMALL
ga,hfvrp_n030_m06_s02,30,6,0.250000,50,1186.838036,2988.948690,1934.075208,0.000000,,,0,1,,,,,5.854504,BIG
ga,hfvrp_n030_m06_s02,30,6,0.250000,75,1246.889031,3599.711108,2146.816809,0.000000,,,0,1,,,,,0.101621,DEFAULT
ga,hfvrp_n030_m06_s02,30,6,0.250000,75,1288.469014,3877.106599,2257.745664,0.000000,,,0,1,,,,,0.011582,SMALL
ga,hfvrp_n020_m04_s05,20,4,0.250000,19345,750.472033,2040.659339,1260.636867,0.000000,,,0,1,,,,,1.357412,MEDIUM
ga,hfvrp_n020_m04_s04,20,4,0.250000,19345,790.018629,2390.111670,1387.546547,0.000000,,,0,1,,,,,3.887220,BIG
ga,hfvrp_n020_m04_s04,20,4,0.250000,1787938206406013715,785.352755,3008.880513,1537.572884,0.000000,,,0,1,,,,,0.063447,DEFAULT
ga,hfvrp_n020_m04_s04,20,4,0.250000,1787938202178407709,834.562519,2896.941350,1558.797857,0.000000,,,0,1,,,,,0.007039,SMALL
ga,hfvrp_n030_m06_s04,30,6,0.250000,1787938437593441553,1223.119202,2098.168736,1747.661386,0.000000,,,0,1,,,,,6.099999,BIG
ga,hfvrp_n030_m06_s04,30,6,0.250000,1,1229.771381,2672.731928,1897.954363,0.000000,,,0,1,,,,,0.099629,DEFAULT
ga,hfvrp_n030_m06_s04,30,6,0.250000,1,1471.612684,5432.998031,2829.862192,0.000000,,,0,1,,,,,0.011093,SMALL
ga,hfvrp_n020_m04_s04,20,4,0.250000,1787938197894313096,813.105138,2199.360108,1362.945164,0.000000,,,0,1,,,,,1.284748,MEDIUM
ga,hfvrp_n030_m06_s02,30,6,0.250000,75,1135.569686,2959.710759,1875.497375,0.000000,,,0,1,,,,,1.947327,MEDIUM
ga,hfvrp_n020_m04_s05,20,4,0.250000,19345,739.937292,1931.303738,1222.763227,0.000000,,,0,1,,,,,3.875216,BIG
ga,hfvrp_n030_m06_s04,30,6,0.250000,1,1231.391343,2227.574670,1788.285010,0.000000,,,0,1,,,,,2.423139,MEDIUM
ga,hfvrp_n020_m04_s05,20,4,0.250000,1787938141399673731,776.850817,2311.929171,1354.833110,0.000000,,,0,1,,,,,0.067516,DEFAULT
ga,hfvrp_n020_m04_s05,20,4,0.250000,1787938150061350275,850.540072,2032.555153,1358.678860,0.000000,,,0,1,,,,,0.007678,SMALL
ga,hfvrp_n030_m06_s03,30,6,0.250000,10,1290.513516,2432.718039,1898.693026,0.000000,,,0,1,,,,,5.855011,BIG
ga,hfvrp_n030_m06_s03,30,6,0.250000,50,1290.513516,2432.718039,1898.693026,0.000000,,,0,1,,,,,0.095752,DEFAULT
ga,hfvrp_n030_m06_s01,30,6,0.250000,200,1543.250227,2735.391839,2227.098187,0.000000,,,0,1,,,,,5.996004,BIG
ga,hfvrp_n030_m06_s03,30,6,0.250000,50,1684.672296,3232.974405,2492.915897,0.000000,,,0,1,,,,,0.012803,SMALL
ga,hfvrp_n030_m06_s01,30,6,0.250000,999,1611.171640,3059.393317,2376.019970,0.000000,,,0,1,,,,,0.102732,DEFAULT
ga,hfvrp_n030_m06_s01,30,6,0.250000,999,1545.637082,3642.337250,2456.221394,0.000000,,,0,1,,,,,0.015916,SMALL
ga,hfvrp_n020_m04_s05,20,4,0.250000,1787938154368065388,751.357910,2126.377630,1282.952318,0.000000,,,0,1,,,,,1.297784,MEDIUM
ga,hfvrp_n020_m04_s04,20,4,0.250000,1787938233547491819,824.419794,1889.406072,1296.771312,0.000000,,,0,1,,,,,3.905143,BIG
ga,hfvrp_n030_m06_s05,30,6,0.250000,1787938005637746727,1253.583024,2311.519999,1831.463024,0.000000,,,0,1,,,,,0.100589,DEFAULT
ga,hfvrp_n030_m06_s05,30,6,0.250000,1787938010036918183,1466.264636,4013.579590,2469.659534,0.000000,,,0,1,,,,,0.010671,SMALL
ga,hfvrp_n030_m06_s03,30,6,0.250000,50,1290.513516,2432.718039,1898.693026,0.000000,,,0,1,,,,,1.941703,MEDIUM
ga,hfvrp_n030_m06_s01,30,6,0.250000,999,1527.729967,2754.581460,2216.375332,0.000000,,,0,1,,,,,1.999380,MEDIUM
ga,hfvrp_n030_m06_s02,30,6,0.250000,75,1147.932297,2553.445634,1786.293706,0.000000,,,0,1,,,,,5.951371,BIG
ga,hfvrp_n030_m06_s05,30,6,0.250000,1787938014345968351,1219.313153,2331.887590,1802.285050,0.000000,,,0,1,,,,,1.961725,MEDIUM
ga,hfvrp_n030_m06_s02,30,6,0.250000,100,1252.279520,3034.222817,2010.835225,0.000000,,,0,1,,,,,0.095822,DEFAULT
ga,hfvrp_n030_m06_s02,30,6,0.250000,100,1333.826887,3979.080752,2328.597075,0.000000,,,0,1,,,,,0.011210,SMALL
ga,hfvrp_n020_m04_s05,20,4,0.250000,1787938082660396682,801.921463,1829.096403,1259.195564,0.000000,,,0,1,,,,,3.935223,BIG
ga,hfvrp_n030_m06_s02,30,6,0.250000,100,1173.141265,3307.754243,2000.079826,0.000000,,,0,1,,,,,1.978096,MEDIUM
ga,hfvrp_n050_m10_s01,50,10,0.250000,1787937984063034455,2938.560008,8105.672565,4964.978150,0.000000,,,0,1,,,,,0.172547,DEFAULT
ga,hfvrp_n030_m06_s04,30,6,0.250000,1,1210.502407,2056.061091,1724.517680,0.000000,,,0,1,,,,,6.026437,BIG
ga,hfvrp_n050_m10_s01,50,10,0.250000,1787937958469500623,3325.343766,9183.829252,5621.301080,0.000000,,,0,1,,,,,0.024514,SMALL
ga,hfvrp_n030_m06_s04,30,6,0.250000,10,1472.809060,3746.379085,2409.403831,0.000000,,,0,1,,,,,0.099851,DEFAULT
ga,hfvrp_n030_m06_s04,30,6,0.250000,10,1514.148877,3412.830857,2367.356591,0.000000,,,0,1,,,,,0.015919,SMALL
ga,hfvrp_n030_m06_s04,30,6,0.250000,10,1217.277286,2286.881418,1788.997641,0.000000,,,0,1,,,,,1.955232,MEDIUM
ga,hfvrp_n030_m06_s03,30,6,0.250000,50,1269.012372,2405.361469,1870.352739,0.000000,,,0,1,,,,,5.851328,BIG
ga,hfvrp_n030_m06_s03,30,6,0.250000,75,1379.254267,2473.720544,1997.684403,0.000000,,,0,1,,,,,0.095667,DEFAULT
ga,hfvrp_n030_m06_s03,30,6,0.250000,75,1294.556590,2448.050873,1906.569308,0.000000,,,0,1,,,,,0.011859,SMALL
ga,hfvrp_n030_m06_s01,30,6,0.250000,999,1375.326696,3215.948880,2179.313916,0.000000,,,0,1,,,,,6.034808,BIG
ga,hfvrp_n030_m06_s01,30,6,0.250000,1234,1468.648443,3083.844006,2239.609444,0.000000,,,0,1,,,,,0.100667,DEFAULT
ga,hfvrp_n030_m06_s01,30,6,0.250000,1234,1618.237478,5038.355395,2877.826327,0.000000,,,0,1,,,,,0.011964,SMALL
ga,hfvrp_n050_m10_s01,50,10,0.250000,1787937872598593186,2714.320653,5573.250504,4107.633279,0.000000,,,0,1,,,,,3.414979,MEDIUM
ga,hfvrp_n030_m06_s05,30,6,0.250000,1787938037786296544,1212.743571,2328.139730,1794.778503,0.000000,,,0,1,,,,,5.942848,BIG
ga,hfvrp_n030_m06_s05,30,6,0.250000,1,1273.043043,2692.109468,1946.070410,0.000000,,,0,1,,,,,0.099844,DEFAULT
ga,hfvrp_n030_m06_s05,30,6,0.250000,1,1435.183632,3651.104140,2347.959667,0.000000,,,0,1,,,,,0.016183,SMALL
ga,hfvrp_n030_m06_s03,30,6,0.250000,75,1325.292460,2390.273366,1922.860802,0.000000,,,0,1,,,,,1.922845,MEDIUM
ga,hfvrp_n030_m06_s01,30,6,0.250000,1234,1351.963268,3294.770641,2175.655929,0.000000,,,0,1,,,,,1.979795,MEDIUM
ga,hfvrp_n030_m06_s05,30,6,0.250000,1,1362.908098,2299.092405,1937.681199,0.000000,,,0,1,,,,,1.976626,MEDIUM
ga,hfvrp_n030_m06_s02,30,6,0.250000,100,1186.944566,3371.924980,2029.925811,0.000000,,,0,1,,,,,5.972607,BIG
ga,hfvrp_n030_m06_s02,30,6,0.250000,200,1250.817678,3380.371748,2095.910615,0.000000,,,0,1,,,,,0.101642,DEFAULT
ga,hfvrp_n030_m06_s02,30,6,0.250000,200,1374.867534,3360.188153,2214.914572,0.000000,,,0,1,,,,,0.014991,SMALL
ga,hfvrp_n030_m06_s02,30,6,0.250000,200,1241.773636,3047.941142,2003.758921,0.000000,,,0,1,,,,,1.957358,MEDIUM
ga,hfvrp_n030_m06_s04,30,6,0.250000,10,1253.587050,2135.066302,1787.353625,0.000000,,,0,1,,,,,5.994805,BIG
ga,hfvrp_n030_m06_s04,30,6,0.250000,50,1387.095153,1850.349996,1849.682652,0.000000,,,0,1,,,,,0.101849,DEFAULT
ga,hfvrp_n030_m06_s04,30,6,0.250000,50,1550.850475,2940.544531,2285.986608,0.000000,,,0,1,,,,,0.012125,SMALL
ga,hfvrp_n030_m06_s03,30,6,0.250000,75,1290.513516,2432.718039,1898.693026,0.000000,,,0,1,,,,,5.822476,BIG
ga,hfvrp_n030_m06_s04,30,6,0.250000,50,1223.119202,2098.168736,1747.661386,0.000000,,,0,1,,,,,2.011782,MEDIUM
ga,hfvrp_n030_m06_s03,30,6,0.250000,100,1343.952290,2394.899418,1942.677145,0.000000,,,0,1,,,,,0.100689,DEFAULT
ga,hfvrp_n030_m06_s03,30,6,0.250000,100,1502.632870,2864.263999,2218.698870,0.000000,,,0,1,,,,,0.016465,SMALL
ga,hfvrp_n030_m06_s01,30,6,0.250000,1234,1375.326696,3215.948880,2179.313916,0.000000,,,0,1,,,,,5.982007,BIG
ga,hfvrp_n030_m06_s01,30,6,0.250000,9999,1315.344921,3884.390701,2286.442596,0.000000,,,0,1,,,,,0.095830,DEFAULT
ga,hfvrp_n030_m06_s01,30,6,0.250000,9999,1689.838948,4586.632642,2836.497109,0.000000,,,0,1,,,,,0.012078,SMALL
ga,hfvrp_n030_m06_s05,30,6,0.250000,1,1183.599645,2323.677168,1764.518937,0.000000,,,0,1,,,,,5.954369,BIG
ga,hfvrp_n030_m06_s05,30,6,0.250000,10,1367.414771,3685.199647,2288.714683,0.000000,,,0,1,,,,,0.099413,DEFAULT
ga,hfvrp_n030_m06_s05,30,6,0.250000,10,1368.834965,3952.235028,2356.893722,0.000000,,,0,1,,,,,0.011210,SMALL
ga,hfvrp_n030_m06_s03,30,6,0.250000,100,1325.292460,2390.273366,1922.860802,0.000000,,,0,1,,,,,1.940239,MEDIUM
ga,hfvrp_n030_m06_s01,30,6,0.250000,9999,1530.881480,2754.581460,2219.526845,0.000000,,,0,1,,,,,2.007156,MEDIUM
ga,hfvrp_n050_m10_s01,50,10,0.250000,1787939989140804158,2819.600699,5318.140910,4149.135926,0.000000,,,0,1,,,,,10.299767,BIG
ga,hfvrp_n030_m06_s05,30,6,0.250000,10,1183.599645,2323.677168,1764.518937,0.000000,,,0,1,,,,,1.959734,MEDIUM
ga,hfvrp_n030_m06_s02,30,6,0.250000,200,1232.324376,3471.114921,2100.103106,0.000000,,,0,1,,,,,5.994022,BIG
ga,hfvrp_n030_m06_s02,30,6,0.250000,999,1271.218028,3648.369346,2183.310364,0.000000,,,0,1,,,,,0.099210,DEFAULT
ga,hfvrp_n030_m06_s02,30,6,0.250000,999,1240.205342,3728.061135,2172.220625,0.000000,,,0,1,,,,,0.012382,SMALL
ga,hfvrp_n050_m10_s01,50,10,0.250000,1,3174.121561,6788.318760,4871.201251,0.000000,,,0,1,,,,,0.174278,DEFAULT
ga,hfvrp_n050_m10_s01,50,10,0.250000,1,3417.556687,9468.651116,5784.719466,0.000000,,,0,1,,,,,0.025682,SMALL
ga,hfvrp_n030_m06_s02,30,6,0.250000,999,1255.387200,3431.129422,2113.169556,0.000000,,,0,1,,,,,1.959408,MEDIUM
ga,hfvrp_n030_m06_s04,30,6,0.250000,50,1177.520149,2283.588497,1748.417273,0.000000,,,0,1,,,,,5.982356,BIG
ga,hfvrp_n030_m06_s04,30,6,0.250000,75,1459.119962,1917.162577,1938.410606,0.000000,,,0,1,,,,,0.100429,DEFAULT
ga,hfvrp_n030_m06_s04,30,6,0.250000,75,1535.320203,3131.316639,2318.149363,0.000000,,,0,1,,,,,0.014732,SMALL
ga,hfvrp_n050_m10_s01,50,10,0.250000,1,2630.621108,5280.437312,3950.730436,0.000000,,,0,1,,,,,3.382957,MEDIUM
ga,hfvrp_n030_m06_s03,30,6,0.250000,100,1325.292460,2390.273366,1922.860802,0.000000,,,0,1,,,,,5.864589,BIG
ga,hfvrp_n030_m06_s03,30,6,0.250000,200,1439.104812,2394.899418,2037.829666,0.000000,,,0,1,,,,,0.100575,DEFAULT
ga,hfvrp_n030_m06_s03,30,6,0.250000,200,1473.666577,2181.471386,2019.034424,0.000000,,,0,1,,,,,0.018127,SMALL
ga,hfvrp_n030_m06_s04,30,6,0.250000,75,1232.635886,2674.164180,1901.176931,0.000000,,,0,1,,,,,1.965487,MEDIUM
ga,hfvrp_n030_m06_s01,30,6,0.250000,9999,1370.882879,3294.770641,2194.575540,0.000000,,,0,1,,,,,6.029192,BIG
ga,hfvrp_n030_m06_s01,30,6,0.250000,19345,1509.726242,3351.397117,2347.575522,0.000000,,,0,1,,,,,0.100570,DEFAULT
ga,hfvrp_n030_m06_s01,30,6,0.250000,19345,1671.782409,3993.933531,2670.265792,0.000000,,,0,1,,,,,0.011641,SMALL
ga,hfvrp_n030_m06_s05,30,6,0.250000,10,1183.599645,2323.677168,1764.518937,0.000000,,,0,1,,,,,5.946122,BIG
ga,hfvrp_n030_m06_s05,30,6,0.250000,50,1276.096360,3607.006717,2177.848039,0.000000,,,0,1,,,,,0.100827,DEFAULT
ga,hfvrp_n030_m06_s05,30,6,0.250000,50,1570.837437,4668.430581,2737.945082,0.000000,,,0,1,,,,,0.016290,SMALL
ga,hfvrp_n030_m06_s03,30,6,0.250000,200,1343.952290,2394.899418,1942.677145,0.000000,,,0,1,,,,,1.942366,MEDIUM
ga,hfvrp_n030_m06_s01,30,6,0.250000,19345,1390.846956,3196.759259,2190.036771,0.000000,,,0,1,,,,,1.979780,MEDIUM
ga,hfvrp_n030_m06_s05,30,6,0.250000,50,1287.270816,1993.526081,1785.652336,0.000000,,,0,1,,,,,1.973231,MEDIUM
ga,hfvrp_n030_m06_s02,30,6,0.250000,999,1255.387200,3431.129422,2113.169556,0.000000,,,0,1,,,,,5.948802,BIG
ga,hfvrp_n030_m06_s02,30,6,0.250000,1234,1271.218028,3648.369346,2183.310364,0.000000,,,0,1,,,,,0.098802,DEFAULT
ga,hfvrp_n030_m06_s02,30,6,0.250000,1234,1414.053270,3676.949637,2333.290679,0.000000,,,0,1,,,,,0.011927,SMALL
ga,hfvrp_n030_m06_s02,30,6,0.250000,1234,1208.185410,3168.581320,2000.330740,0.000000,,,0,1,,,,,1.948195,MEDIUM
ga,hfvrp_n030_m06_s04,30,6,0.250000,75,1210.502407,2056.061091,1724.517680,0.000000,,,0,1,,,,,6.011536,BIG
ga,hfvrp_n030_m06_s04,30,6,0.250000,100,1443.295082,2259.357291,2008.134405,0.000000,,,0,1,,,,,0.104043,DEFAULT
ga,hfvrp_n030_m06_s04,30,6,0.250000,100,1785.661689,2419.603578,2390.562584,0.000000,,,0,1,,,,,0.011409,SMALL
ga,hfvrp_n030_m06_s03,30,6,0.250000,200,1325.292460,2390.273366,1922.860802,0.000000,,,0,1,,,,,5.852199,BIG
ga,hfvrp_n030_m06_s03,30,6,0.250000,999,1325.292460,2390.273366,1922.860802,0.000000,,,0,1,,,,,0.094373,DEFAULT
ga,hfvrp_n030_m06_s03,30,6,0.250000,999,1717.071388,3100.118908,2492.101115,0.000000,,,0,1,,,,,0.011085,SMALL
ga,hfvrp_n030_m06_s04,30,6,0.250000,100,1223.119202,2098.168736,1747.661386,0.000000,,,0,1,,,,,1.989058,MEDIUM
ga,hfvrp_n030_m06_s01,30,6,0.250000,19345,1527.729967,2754.581460,2216.375332,0.000000,,,0,1,,,,,5.966601,BIG
ga,hfvrp_n030_m06_s01,30,6,0.250000,1787939489362565681,1440.985323,2983.251453,2186.798186,0.000000,,,0,1,,,,,0.100664,DEFAULT
ga,hfvrp_n030_m06_s01,30,6,0.250000,1787939493761679948,1552.067280,4235.740843,2611.002491,0.000000,,,0,1,,,,,0.011764,SMALL
ga,hfvrp_n030_m06_s05,30,6,0.250000,50,1183.599645,2323.677168,1764.518937,0.000000,,,0,1,,,,,6.025477,BIG
ga,hfvrp_n050_m10_s01,50,10,0.250000,1,2737.964179,5438.461296,4097.579503,0.000000,,,0,1,,,,,10.376903,BIG
ga,hfvrp_n030_m06_s05,30,6,0.250000,75,1338.752002,3790.459712,2286.366930,0.000000,,,0,1,,,,,0.098642,DEFAULT
ga,hfvrp_n030_m06_s05,30,6,0.250000,75,1431.322014,2593.162316,2079.612593,0.000000,,,0,1,,,,,0.011434,SMALL
ga,hfvrp_n030_m06_s03,30,6,0.250000,999,1325.292460,2390.273366,1922.860802,0.000000,,,0,1,,,,,1.925132,MEDIUM
ga,hfvrp_n050_m10_s01,50,10,0.250000,10,3032.171260,6418.026828,4636.677967,0.000000,,,0,1,,,,,0.177725,DEFAULT
ga,hfvrp_n050_m10_s01,50,10,0.250000,10,3190.761011,8321.386657,5271.107675,0.000000,,,0,1,,,,,0.021996,SMALL
ga,hfvrp_n030_m06_s01,30,6,0.250000,1787939463712060900,1527.729967,2754.581460,2216.375332,0.000000,,,0,1,,,,,1.970646,MEDIUM
ga,hfvrp_n030_m06_s05,30,6,0.250000,75,1212.743571,2328.139730,1794.778503,0.000000,,,0,1,,,,,1.955988,MEDIUM
ga,hfvrp_n030_m06_s02,30,6,0.250000,1234,1246.889031,3599.711108,2146.816809,0.000000,,,0,1,,,,,5.960609,BIG
ga,hfvrp_n030_m06_s02,30,6,0.250000,9999,1211.199745,3601.994948,2111.698482,0.000000,,,0,1,,,,,0.098598,DEFAULT
ga,hfvrp_n030_m06_s02,30,6,0.250000,9999,1301.223917,3771.309067,2244.051184,0.000000,,,0,1,,,,,0.015909,SMALL
ga,hfvrp_n050_m10_s01,50,10,0.250000,10,2541.769293,5915.649342,4020.681628,0.000000,,,0,1,,,,,3.391196,MEDIUM
ga,hfvrp_n030_m06_s02,30,6,0.250000,9999,1246.889031,3599.711108,2146.816809,0.000000,,,0,1,,,,,1.958125,MEDIUM
ga,hfvrp_n030_m06_s04,30,6,0.250000,100,1210.502407,2056.061091,1724.517680,0.000000,,,0,1,,,,,6.097850,BIG
ga,hfvrp_n030_m06_s04,30,6,0.250000,200,1575.488518,2051.931768,2088.471460,0.000000,,,0,1,,,,,0.095903,DEFAULT
ga,hfvrp_n030_m06_s04,30,6,0.250000,200,1578.013114,2895.771454,2301.955978,0.000000,,,0,1,,,,,0.011775,SMALL
ga,hfvrp_n030_m06_s03,30,6,0.250000,999,1325.292460,2390.273366,1922.860802,0.000000,,,0,1,,,,,5.841520,BIG
ga,hfvrp_n030_m06_s03,30,6,0.250000,1234,1409.582183,2199.510993,1959.459931,0.000000,,,0,1,,,,,0.099025,DEFAULT
ga,hfvrp_n030_m06_s03,30,6,0.250000,1234,1484.271453,2246.338783,2045.856148,0.000000,,,0,1,,,,,0.016970,SMALL
ga,hfvrp_n030_m06_s04,30,6,0.250000,200,1231.488549,2550.625442,1869.144909,0.000000,,,0,1,,,,,1.967805,MEDIUM
ga,hfvrp_n030_m06_s01,30,6,0.250000,1787939396971641828,1527.729967,2754.581460,2216.375332,0.000000,,,0,1,,,,,5.975211,BIG
ga,hfvrp_n030_m06_s05,30,6,0.250000,75,1212.743571,2328.139730,1794.778503,0.000000,,,0,1,,,,,6.017406,BIG
ga,hfvrp_n030_m06_s05,30,6,0.250000,100,1310.375107,2828.450489,2017.487730,0.000000,,,0,1,,,,,0.102629,DEFAULT
ga,hfvrp_n030_m06_s05,30,6,0.250000,100,1332.921477,3599.542875,2232.807196,0.000000,,,0,1,,,,,0.014656,SMALL
ga,hfvrp_n050_m10_s02,50,10,0.250000,1787939214609003853,2770.275998,10549.572444,5407.669109,0.000000,,,0,1,,,,,0.173204,DEFAULT
ga,hfvrp_n050_m10_s02,50,10,0.250000,1787939210490887989,3347.386735,17319.653128,7677.300017,0.000000,,,0,1,,,,,0.021541,SMALL
ga,hfvrp_n030_m06_s03,30,6,0.250000,1234,1290.513516,2432.718039,1898.693026,0.000000,,,0,1,,,,,1.939235,MEDIUM
ga,hfvrp_n030_m06_s05,30,6,0.250000,100,1212.743571,2328.139730,1794.778503,0.000000,,,0,1,,,,,1.952313,MEDIUM
ga,hfvrp_n030_m06_s02,30,6,0.250000,9999,1202.495004,2479.825778,1822.451448,0.000000,,,0,1,,,,,5.940407,BIG
ga,hfvrp_n030_m06_s02,30,6,0.250000,19345,1271.218028,3648.369346,2183.310364,0.000000,,,0,1,,,,,0.095296,DEFAULT
ga,hfvrp_n030_m06_s02,30,6,0.250000,19345,1326.687312,3735.562460,2260.577927,0.000000,,,0,1,,,,,0.011477,SMALL
ga,hfvrp_n050_m10_s02,50,10,0.250000,1787939197631035544,2449.092319,9915.806759,4928.044009,0.000000,,,0,1,,,,,3.474857,MEDIUM
ga,hfvrp_n030_m06_s02,30,6,0.250000,19345,1225.833573,3140.710749,2011.011260,0.000000,,,0,1,,,,,1.964088,MEDIUM
ga,hfvrp_n030_m06_s04,30,6,0.250000,200,1177.520149,2283.588497,1748.417273,0.000000,,,0,1,,,,,5.949727,BIG
ga,hfvrp_n030_m06_s04,30,6,0.250000,999,1459.761589,2134.726378,1993.443184,0.000000,,,0,1,,,,,0.099900,DEFAULT
ga,hfvrp_n030_m06_s04,30,6,0.250000,999,1647.798807,2769.020118,2340.053836,0.000000,,,0,1,,,,,0.010969,SMALL
ga,hfvrp_n030_m06_s03,30,6,0.250000,1234,1290.513516,2432.718039,1898.693026,0.000000,,,0,1,,,,,5.834334,BIG
ga,hfvrp_n050_m10_s01,50,10,0.250000,10,2621.373078,5278.076756,3940.892267,0.000000,,,0,1,,,,,10.142099,BIG
ga,hfvrp_n030_m06_s03,30,6,0.250000,9999,1494.322267,2385.925512,2090.803645,0.000000,,,0,1,,,,,0.096471,DEFAULT
ga,hfvrp_n030_m06_s03,30,6,0.250000,9999,1577.504808,2506.839429,2204.214666,0.000000,,,0,1,,,,,0.016878,SMALL
ga,hfvrp_n050_m10_s01,50,10,0.250000,50,2760.026684,7180.631031,4555.184442,0.000000,,,0,1,,,,,0.169834,DEFAULT
ga,hfvrp_n050_m10_s01,50,10,0.250000,50,3297.387491,12221.938302,6352.872066,0.000000,,,0,1,,,,,0.024653,SMALL
ga,hfvrp_n030_m06_s04,30,6,0.250000,999,1208.156325,2292.079865,1781.176291,0.000000,,,0,1,,,,,1.969611,MEDIUM
ga,hfvrp_n030_m06_s05,30,6,0.250000,100,1212.743571,2328.139730,1794.778503,0.000000,,,0,1,,,,,5.908189,BIG
ga,hfvrp_n030_m06_s05,30,6,0.250000,200,1474.740710,3156.879617,2263.960614,0.000000,,,0,1,,,,,0.099299,DEFAULT
ga,hfvrp_n030_m06_s05,30,6,0.250000,200,1441.200795,3597.615413,2340.604648,0.000000,,,0,1,,,,,0.017675,SMALL
ga,hfvrp_n030_m06_s03,30,6,0.250000,9999,1325.292460,2390.273366,1922.860802,0.000000,,,0,1,,,,,1.933727,MEDIUM
ga,hfvrp_n030_m06_s05,30,6,0.250000,200,1212.743571,2328.139730,1794.778503,0.000000,,,0,1,,,,,1.952266,MEDIUM
ga,hfvrp_n030_m06_s02,30,6,0.250000,19345,1086.468119,3762.316422,2027.047224,0.000000,,,0,1,,,,,5.889361,BIG
ga,hfvrp_n050_m10_s01,50,10,0.250000,50,2867.065938,5867.656872,4333.980156,0.000000,,,0,1,,,,,3.421807,MEDIUM
ga,hfvrp_n030_m06_s02,30,6,0.250000,1787938898525923417,1269.474544,3611.267231,2172.291351,0.000000,,,0,1,,,,,0.100047,DEFAULT
ga,hfvrp_n030_m06_s02,30,6,0.250000,1787938902928829986,1234.213432,3360.782660,2074.409097,0.000000,,,0,1,,,,,0.016166,SMALL
ga,hfvrp_n030_m06_s02,30,6,0.250000,1787938907244391517,1246.889031,3599.711108,2146.816809,0.000000,,,0,1,,,,,1.956965,MEDIUM
ga,hfvrp_n030_m06_s04,30,6,0.250000,999,1210.502407,2056.061091,1724.517680,0.000000,,,0,1,,,,,5.991157,BIG
ga,hfvrp_n030_m06_s04,30,6,0.250000,1234,1499.513558,2164.913628,2040.741965,0.000000,,,0,1,,,,,0.101559,DEFAULT
ga,hfvrp_n030_m06_s04,30,6,0.250000,1234,1567.481877,3758.530580,2507.114522,0.000000,,,0,1,,,,,0.010953,SMALL
ga,hfvrp_n030_m06_s03,30,6,0.250000,9999,1343.952290,2394.899418,1942.677145,0.000000,,,0,1,,,,,5.869414,BIG
ga,hfvrp_n050_m10_s02,50,10,0.250000,1787939158160092868,2440.564107,8334.183266,4524.109924,0.000000,,,0,1,,,,,10.549892,BIG
ga,hfvrp_n030_m06_s03,30,6,0.250000,19345,1325.292460,2390.273366,1922.860802,0.000000,,,0,1,,,,,0.099992,DEFAULT
ga,hfvrp_n030_m06_s03,30,6,0.250000,19345,1424.551790,2256.092175,1988.574834,0.000000,,,0,1,,,,,0.016817,SMALL
ga,hfvrp_n050_m10_s02,50,10,0.250000,1,2695.130291,13455.187594,6058.927189,0.000000,,,0,1,,,,,0.169657,DEFAULT
ga,hfvrp_n050_m10_s02,50,10,0.250000,1,2814.620976,15452.595751,6677.769913,0.000000,,,0,1,,,,,0.023942,SMALL
ga,hfvrp_n030_m06_s04,30,6,0.250000,1234,1228.746743,2205.450324,1780.109324,0.000000,,,0,1,,,,,1.983322,MEDIUM
ga,hfvrp_n030_m06_s05,30,6,0.250000,200,1183.599645,2323.677168,1764.518937,0.000000,,,0,1,,,,,5.922146,BIG
ga,hfvrp_n030_m06_s05,30,6,0.250000,999,1392.537923,3156.904397,2181.764022,0.000000,,,0,1,,,,,0.099594,DEFAULT
ga,hfvrp_n030_m06_s03,30,6,0.250000,19345,1325.292460,2390.273366,1922.860802,0.000000,,,0,1,,,,,1.921439,MEDIUM
ga,hfvrp_n030_m06_s05,30,6,0.250000,999,1381.799347,5102.645609,2657.460749,0.000000,,,0,1,,,,,0.011339,SMALL
ga,hfvrp_n030_m06_s05,30,6,0.250000,999,1183.599645,2323.677168,1764.518937,0.000000,,,0,1,,,,,1.959295,MEDIUM
ga,hfvrp_n030_m06_s02,30,6,0.250000,1787938904909638053,1246.889031,3599.711108,2146.816809,0.000000,,,0,1,,,,,5.934876,BIG
ga,hfvrp_n050_m10_s02,50,10,0.250000,1,2436.124532,10194.315703,4984.703458,0.000000,,,0,1,,,,,3.350762,MEDIUM
ga,hfvrp_n050_m10_s03,50,10,0.250000,1787941316339270523,2534.245980,10849.256843,5246.560190,0.000000,,,0,1,,,,,0.169678,DEFAULT
ga,hfvrp_n050_m10_s03,50,10,0.250000,1787941303632403849,2536.839779,14025.638343,6043.249364,0.000000,,,0,1,,,,,0.024752,SMALL
ga,hfvrp_n050_m10_s01,50,10,0.250000,50,2518.707176,5953.905301,4007.183501,0.000000,,,0,1,,,,,10.406594,BIG
ga,hfvrp_n030_m06_s04,30,6,0.250000,1234,1211.649745,2179.599830,1756.549703,0.000000,,,0,1,,,,,5.919182,BIG
ga,hfvrp_n050_m10_s01,50,10,0.250000,75,2697.516016,7532.723403,4580.696867,0.000000,,,0,1,,,,,0.171832,DEFAULT
ga,hfvrp_n050_m10_s01,50,10,0.250000,75,3425.002374,10190.759446,5972.692236,0.000000,,,0,1,,,,,0.021729,SMALL
ga,hfvrp_n030_m06_s04,30,6,0.250000,9999,1423.586116,2187.473924,1970.454597,0.000000,,,0,1,,,,,0.101057,DEFAULT
ga,hfvrp_n030_m06_s04,30,6,0.250000,9999,1780.786530,2538.909768,2415.513972,0.000000,,,0,1,,,,,0.011593,SMALL
ga,hfvrp_n030_m06_s03,30,6,0.250000,19345,1325.292460,2390.273366,1922.860802,0.000000,,,0,1,,,,,5.843779,BIG
ga,hfvrp_n050_m10_s03,50,10,0.250000,1787941307955569797,2404.021889,7518.617633,4283.676297,0.000000,,,0,1,,,,,3.399722,MEDIUM
ga,hfvrp_n030_m06_s03,30,6,0.250000,1787941392891334888,1290.513516,2432.718039,1898.693026,0.000000,,,0,1,,,,,0.099189,DEFAULT
ga,hfvrp_n030_m06_s03,30,6,0.250000,1787941418763349695,1740.864959,3197.318684,2540.194630,0.000000,,,0,1,,,,,0.011454,SMALL
ga,hfvrp_n030_m06_s04,30,6,0.250000,9999,1223.119202,2098.168736,1747.661386,0.000000,,,0,1,,,,,2.004951,MEDIUM
ga,hfvrp_n030_m06_s05,30,6,0.250000,999,1183.599645,2323.677168,1764.518937,0.000000,,,0,1,,,,,5.959275,BIG
ga,hfvrp_n030_m06_s03,30,6,0.250000,1787941414487698362,1325.292460,2390.273366,1922.860802,0.000000,,,0,1,,,,,1.928895,MEDIUM
ga,hfvrp_n030_m06_s05,30,6,0.250000,1234,1285.538260,3597.590632,2184.935918,0.000000,,,0,1,,,,,0.095322,DEFAULT
ga,hfvrp_n030_m06_s05,30,6,0.250000,1234,1451.284519,3761.645243,2391.695830,0.000000,,,0,1,,,,,0.015500,SMALL
ga,hfvrp_n050_m10_s01,50,10,0.250000,75,2615.394540,5261.196483,3930.693661,0.000000,,,0,1,,,,,3.353128,MEDIUM
ga,hfvrp_n030_m06_s05,30,6,0.250000,1234,1183.599645,2323.677168,1764.518937,0.000000,,,0,1,,,,,1.957097,MEDIUM
ga,hfvrp_n050_m10_s02,50,10,0.250000,1,2382.319681,10297.866523,4956.786311,0.000000,,,0,1,,,,,10.303600,BIG
ga,hfvrp_n050_m10_s02,50,10,0.250000,10,2657.279334,10385.213218,5253.582639,0.000000,,,0,1,,,,,0.171016,DEFAULT
ga,hfvrp_n050_m10_s02,50,10,0.250000,10,3248.068177,15676.634314,7167.226755,0.000000,,,0,1,,,,,0.026786,SMALL
ga,hfvrp_n030_m06_s04,30,6,0.250000,9999,1199.664279,2183.366024,1745.505785,0.000000,,,0,1,,,,,5.944746,BIG
ga,hfvrp_n030_m06_s04,30,6,0.250000,19345,1232.635886,2674.164180,1901.176931,0.000000,,,0,1,,,,,0.100340,DEFAULT
ga,hfvrp_n030_m06_s04,30,6,0.250000,19345,1467.930264,3229.257329,2275.244596,0.000000,,,0,1,,,,,0.013390,SMALL
ga,hfvrp_n030_m06_s03,30,6,0.250000,1787941425010344345,1343.952290,2394.899418,1942.677145,0.000000,,,0,1,,,,,5.827229,BIG
ga,hfvrp_n050_m10_s04,50,10,0.250000,1787941564298947212,2453.897402,9011.501649,4706.772815,0.000000,,,0,1,,,,,0.171833,DEFAULT
ga,hfvrp_n050_m10_s04,50,10,0.250000,1787941560179521625,3454.262373,11555.985230,6343.258680,0.000000,,,0,1,,,,,0.021766,SMALL
ga,hfvrp_n030_m06_s04,30,6,0.250000,19345,1211.649745,2179.599830,1756.549703,0.000000,,,0,1,,,,,1.964959,MEDIUM
ga,hfvrp_n030_m06_s05,30,6,0.250000,1234,1183.599645,2323.677168,1764.518937,0.000000,,,0,1,,,,,5.932188,BIG
ga,hfvrp_n050_m10_s03,50,10,0.250000,1787941388673017562,2154.819652,7474.685440,4023.491012,0.000000,,,0,1,,,,,10.188107,BIG
ga,hfvrp_n030_m06_s05,30,6,0.250000,9999,1400.765880,3305.317488,2227.095252,0.000000,,,0,1,,,,,0.100631,DEFAULT
ga,hfvrp_n030_m06_s05,30,6,0.250000,9999,1570.949309,3394.402013,2419.549813,0.000000,,,0,1,,,,,0.012360,SMALL
ga,hfvrp_n050_m10_s03,50,10,0.250000,1,2426.811064,10797.465781,5126.177509,0.000000,,,0,1,,,,,0.166313,DEFAULT
ga,hfvrp_n050_m10_s02,50,10,0.250000,10,2258.705847,10539.386635,4893.552506,0.000000,,,0,1,,,,,3.379209,MEDIUM
ga,hfvrp_n050_m10_s03,50,10,0.250000,1,3255.153358,15822.722855,7210.834072,0.000000,,,0,1,,,,,0.022068,SMALL
ga,hfvrp_n050_m10_s04,50,10,0.250000,1787941573094733782,2667.216682,7066.968732,4433.958865,0.000000,,,0,1,,,,,3.363512,MEDIUM
ga,hfvrp_n030_m06_s05,30,6,0.250000,9999,1235.167057,2405.698008,1836.591559,0.000000,,,0,1,,,,,1.982051,MEDIUM
ga,hfvrp_n050_m10_s01,50,10,0.250000,75,2665.128452,5525.005049,4046.379714,0.000000,,,0,1,,,,,10.639574,BIG
ga,hfvrp_n050_m10_s01,50,10,0.250000,100,2917.069998,5935.246968,4400.881740,0.000000,,,0,1,,,,,0.176537,DEFAULT
ga,hfvrp_n050_m10_s01,50,10,0.250000,100,3259.463828,8166.320948,5301.044065,0.000000,,,0,1,,,,,0.028634,SMALL
ga,hfvrp_n050_m10_s03,50,10,0.250000,1,2071.176534,9361.885128,4411.647816,0.000000,,,0,1,,,,,3.362733,MEDIUM
ga,hfvrp_n030_m06_s04,30,6,0.250000,19345,1223.119202,2098.168736,1747.661386,0.000000,,,0,1,,,,,6.000706,BIG
ga,hfvrp_n030_m06_s04,30,6,0.250000,1787941713545474956,1665.611167,2080.251702,2185.674092,0.000000,,,0,1,,,,,0.099466,DEFAULT
ga,hfvrp_n030_m06_s04,30,6,0.250000,1787941700763678728,1769.604082,2826.878219,2476.323637,0.000000,,,0,1,,,,,0.011003,SMALL
ga,hfvrp_n050_m10_s01,50,10,0.250000,100,2565.149487,5745.499968,4001.524479,0.000000,,,0,1,,,,,3.378391,MEDIUM
ga,hfvrp_n030_m06_s04,30,6,0.250000,1787941696488011046,1199.664279,2183.366024,1745.505785,0.000000,,,0,1,,,,,1.958611,MEDIUM
ga,hfvrp_n030_m06_s05,30,6,0.250000,9999,1183.599645,2323.677168,1764.518937,0.000000,,,0,1,,,,,5.920340,BIG
ga,hfvrp_n030_m06_s05,30,6,0.250000,19345,1294.210423,2046.742014,1805.895927,0.000000,,,0,1,,,,,0.097688,DEFAULT
ga,hfvrp_n030_m06_s05,30,6,0.250000,19345,1383.209998,2796.683337,2082.380832,0.000000,,,0,1,,,,,0.016697,SMALL
ga,hfvrp_n030_m06_s05,30,6,0.250000,19345,1293.986909,1924.179222,1775.031715,0.000000,,,0,1,,,,,1.960432,MEDIUM
ga,hfvrp_n050_m10_s02,50,10,0.250000,10,2352.856617,9517.461464,4732.221983,0.000000,,,0,1,,,,,10.362048,BIG
ga,hfvrp_n050_m10_s02,50,10,0.250000,50,2827.096882,13259.625762,6142.003323,0.000000,,,0,1,,,,,0.169594,DEFAULT
ga,hfvrp_n050_m10_s02,50,10,0.250000,50,3512.071999,13172.557594,6805.211398,0.000000,,,0,1,,,,,0.026051,SMALL
ga,hfvrp_n050_m10_s04,50,10,0.250000,1787941632301219883,2404.342540,7383.250421,4250.155146,0.000000,,,0,1,,,,,10.444153,BIG
ga,hfvrp_n050_m10_s04,50,10,0.250000,1,3030.692845,6308.665878,4607.859314,0.000000,,,0,1,,,,,0.169294,DEFAULT
ga,hfvrp_n050_m10_s04,50,10,0.250000,1,3211.079236,9232.077108,5519.098513,0.000000,,,0,1,,,,,0.023362,SMALL
ga,hfvrp_n030_m06_s04,30,6,0.250000,1787941758580042574,1177.572097,2149.922949,1715.052835,0.000000,,,0,1,,,,,5.891639,BIG
ga,hfvrp_n050_m10_s05,50,10,0.250000,1787941940956136682,2437.624437,8974.782104,4681.319963,0.000000,,,0,1,,,,,0.171993,DEFAULT
ga,hfvrp_n050_m10_s05,50,10,0.250000,1787941945426767565,3018.924887,8959.162150,5258.715424,0.000000,,,0,1,,,,,0.021010,SMALL
ga,hfvrp_n050_m10_s03,50,10,0.250000,1,2313.172701,6691.480729,3986.042884,0.000000,,,0,1,,,,,10.434681,BIG
ga,hfvrp_n050_m10_s03,50,10,0.250000,10,2349.266767,10896.209845,5073.319229,0.000000,,,0,1,,,,,0.170903,DEFAULT
ga,hfvrp_n050_m10_s03,50,10,0.250000,10,2779.669372,12916.120984,6008.699618,0.000000,,,0,1,,,,,0.024781,SMALL
ga,hfvrp_n050_m10_s02,50,10,0.250000,50,2458.234125,8979.912814,4703.212329,0.000000,,,0,1,,,,,3.380258,MEDIUM
ga,hfvrp_n050_m10_s04,50,10,0.250000,1,2419.743743,7537.527845,4304.125704,0.000000,,,0,1,,,,,3.383917,MEDIUM
ga,hfvrp_n030_m06_s05,30,6,0.250000,19345,1183.599645,2323.677168,1764.518937,0.000000,,,0,1,,,,,5.922819,BIG
ga,hfvrp_n030_m06_s05,30,6,0.250000,1787942011969159361,1219.313153,2331.887590,1802.285050,0.000000,,,0,1,,,,,0.099777,DEFAULT
ga,hfvrp_n030_m06_s05,30,6,0.250000,1787942007777581291,1446.938071,3740.194060,2381.986586,0.000000,,,0,1,,,,,0.011260,SMALL
ga,hfvrp_n050_m10_s05,50,10,0.250000,1787941949746182818,2648.580293,7881.901591,4619.055691,0.000000,,,0,1,,,,,3.389778,MEDIUM
ga,hfvrp_n050_m10_s01,50,10,0.250000,100,2551.951506,6310.147823,4129.488462,0.000000,,,0,1,,,,,10.549546,BIG
ga,hfvrp_n030_m06_s05,30,6,0.250000,1787942020677157491,1212.743571,2328.139730,1794.778503,0.000000,,,0,1,,,,,1.954790,MEDIUM
ga,hfvrp_n050_m10_s03,50,10,0.250000,10,2231.608428,8663.702677,4397.534097,0.000000,,,0,1,,,,,3.429872,MEDIUM
ga,hfvrp_n050_m10_s01,50,10,0.250000,200,3008.423855,6438.451668,4618.036772,0.000000,,,0,1,,,,,0.171695,DEFAULT
ga,hfvrp_n050_m10_s01,50,10,0.250000,200,3363.223820,8588.781309,5510.419147,0.000000,,,0,1,,,,,0.023268,SMALL
ga,hfvrp_n050_m10_s01,50,10,0.250000,200,2435.267225,5887.224027,3907.073232,0.000000,,,0,1,,,,,3.375167,MEDIUM
ga,hfvrp_n030_m06_s05,30,6,0.250000,1787941975391172253,1183.599645,2323.677168,1764.518937,0.000000,,,0,1,,,,,5.894152,BIG
ga,hfvrp_n050_m10_s02,50,10,0.250000,50,2310.372619,9926.401317,4791.972948,0.000000,,,0,1,,,,,10.190893,BIG
ga,hfvrp_n075_m15_s01,75,15,0.250000,1787942042516730154,6399.252432,5976.441373,7893.362775,0.000000,,,0,1,,,,,0.281433,DEFAULT
ga,hfvrp_n075_m15_s01,75,15,0.250000,1787942158766192200,5903.205358,13266.620241,9219.860418,0.000000,,,0,1,,,,,0.034493,SMALL
ga,hfvrp_n050_m10_s02,50,10,0.250000,75,2496.105767,10167.669054,5038.023030,0.000000,,,0,1,,,,,0.169530,DEFAULT
ga,hfvrp_n050_m10_s02,50,10,0.250000,75,3150.667579,18043.930522,7661.650209,0.000000,,,0,1,,,,,0.021086,SMALL
ga,hfvrp_n050_m10_s04,50,10,0.250000,1,2636.243779,5819.592546,4091.141915,0.000000,,,0,1,,,,,10.419765,BIG
ga,hfvrp_n050_m10_s04,50,10,0.250000,10,2456.425722,7206.388682,4258.022892,0.000000,,,0,1,,,,,0.173346,DEFAULT
ga,hfvrp_n050_m10_s04,50,10,0.250000,10,2964.199404,13439.936896,6324.183628,0.000000,,,0,1,,,,,0.022770,SMALL
ga,hfvrp_n050_m10_s05,50,10,0.250000,1787942017568964661,2796.326174,6987.479071,4543.195941,0.000000,,,0,1,,,,,10.440896,BIG
ga,hfvrp_n050_m10_s05,50,10,0.250000,1,2701.968813,9181.272823,4997.287019,0.000000,,,0,1,,,,,0.170130,DEFAULT
ga,hfvrp_n050_m10_s05,50,10,0.250000,1,3688.392987,12505.376616,6814.737141,0.000000,,,0,1,,,,,0.021135,SMALL
ga,hfvrp_n050_m10_s03,50,10,0.250000,10,2049.160815,8395.439055,4148.020579,0.000000,,,0,1,,,,,10.524220,BIG
ga,hfvrp_n050_m10_s03,50,10,0.250000,50,2855.068297,10787.552823,5551.956503,0.000000,,,0,1,,,,,0.168299,DEFAULT
ga,hfvrp_n050_m10_s03,50,10,0.250000,50,2646.445903,11829.845796,5603.907352,0.000000,,,0,1,,,,,0.024313,SMALL
ga,hfvrp_n050_m10_s02,50,10,0.250000,75,2473.698472,9865.455688,4940.062394,0.000000,,,0,1,,,,,3.422152,MEDIUM
ga,hfvrp_n050_m10_s04,50,10,0.250000,10,2490.596709,7379.271245,4335.414520,0.000000,,,0,1,,,,,3.412851,MEDIUM
ga,hfvrp_n075_m15_s01,75,15,0.250000,1787942154509499304,3951.758590,6533.071399,5585.026440,0.000000,,,0,1,,,,,5.400011,MEDIUM
ga,hfvrp_n050_m10_s05,50,10,0.250000,1,2385.589945,9835.428870,4844.447163,0.000000,,,0,1,,,,,3.320340,MEDIUM
ga,hfvrp_n050_m10_s01,50,10,0.250000,200,2710.526188,5596.823792,4109.732136,0.000000,,,0,1,,,,,10.293088,BIG
ga,hfvrp_n050_m10_s03,50,10,0.250000,50,2385.718106,7616.605031,4289.869364,0.000000,,,0,1,,,,,3.458538,MEDIUM
ga,hfvrp_n050_m10_s01,50,10,0.250000,999,2776.053510,7169.082358,4568.324099,0.000000,,,0,1,,,,,0.174303,DEFAULT
ga,hfvrp_n050_m10_s01,50,10,0.250000,999,3402.567891,8760.656471,5592.732009,0.000000,,,0,1,,,,,0.022696,SMALL
ga,hfvrp_n050_m10_s01,50,10,0.250000,999,2715.151444,6202.905172,4265.877737,0.000000,,,0,1,,,,,3.398584,MEDIUM
ga,hfvrp_n050_m10_s02,50,10,0.250000,75,2372.115723,9696.076195,4796.134772,0.000000,,,0,1,,,,,10.255112,BIG
ga,hfvrp_n050_m10_s04,50,10,0.250000,10,2348.068417,6444.203012,3959.119170,0.000000,,,0,1,,,,,10.285589,BIG
ga,hfvrp_n050_m10_s02,50,10,0.250000,100,2608.154373,10247.874412,5170.122975,0.000000,,,0,1,,,,,0.179044,DEFAULT
ga,hfvrp_n050_m10_s02,50,10,0.250000,100,3120.035810,14023.372710,6625.878988,0.000000,,,0,1,,,,,0.027253,SMALL
ga,hfvrp_n050_m10_s04,50,10,0.250000,50,2974.182980,8331.791689,5057.130902,0.000000,,,0,1,,,,,0.168473,DEFAULT
ga,hfvrp_n050_m10_s04,50,10,0.250000,50,3234.331084,11715.211983,6163.134080,0.000000,,,0,1,,,,,0.024300,SMALL
ga,hfvrp_n050_m10_s05,50,10,0.250000,1,2321.861688,9111.888044,4599.833699,0.000000,,,0,1,,,,,10.322711,BIG
ga,hfvrp_n050_m10_s05,50,10,0.250000,10,2728.292117,8116.805750,4757.493554,0.000000,,,0,1,,,,,0.173649,DEFAULT
ga,hfvrp_n050_m10_s05,50,10,0.250000,10,3382.105241,12320.501392,6462.230589,0.000000,,,0,1,,,,,0.021483,SMALL
ga,hfvrp_n050_m10_s03,50,10,0.250000,50,2194.705470,7878.262387,4164.271067,0.000000,,,0,1,,,,,10.522061,BIG
ga,hfvrp_n050_m10_s03,50,10,0.250000,75,2489.223810,13074.420722,5757.828991,0.000000,,,0,1,,,,,0.170017,DEFAULT
ga,hfvrp_n050_m10_s03,50,10,0.250000,75,2641.334686,12289.303516,5713.660565,0.000000,,,0,1,,,,,0.024384,SMALL
ga,hfvrp_n050_m10_s02,50,10,0.250000,100,2250.661737,10212.250328,4803.724319,0.000000,,,0,1,,,,,3.391722,MEDIUM
ga,hfvrp_n050_m10_s04,50,10,0.250000,50,2399.245400,7564.442135,4290.355934,0.000000,,,0,1,,,,,3.331503,MEDIUM
ga,hfvrp_n050_m10_s05,50,10,0.250000,10,2723.252392,7114.434357,4501.860981,0.000000,,,0,1,,,,,3.376667,MEDIUM
ga,hfvrp_n050_m10_s01,50,10,0.250000,999,2564.197413,4882.530888,3784.830135,0.000000,,,0,1,,,,,10.397891,BIG
ga,hfvrp_n050_m10_s03,50,10,0.250000,75,1977.548976,7577.553644,3871.937387,0.000000,,,0,1,,,,,3.374768,MEDIUM
ga,hfvrp_n050_m10_s01,50,10,0.250000,1234,3045.788944,6371.314786,4638.617640,0.000000,,,0,1,,,,,0.171054,DEFAULT
ga,hfvrp_n050_m10_s01,50,10,0.250000,1234,3254.294734,9145.531793,5540.677682,0.000000,,,0,1,,,,,0.022336,SMALL
ga,hfvrp_n075_m15_s01,75,15,0.250000,1787942181388463939,4186.305524,6015.644784,5690.216720,0.000000,,,0,1,,,,,16.523766,BIG
ga,hfvrp_n075_m15_s01,75,15,0.250000,1,5626.693320,6304.613425,7202.846676,0.000000,,,0,1,,,,,0.274733,DEFAULT
ga,hfvrp_n075_m15_s01,75,15,0.250000,1,7303.007910,7919.195322,9282.806741,0.000000,,,0,1,,,,,0.041148,SMALL
ga,hfvrp_n050_m10_s01,50,10,0.250000,1234,2544.606345,4738.910100,3729.333869,0.000000,,,0,1,,,,,3.375653,MEDIUM
ga,hfvrp_n050_m10_s02,50,10,0.250000,100,2384.899579,9739.853462,4819.862945,0.000000,,,0,1,,,,,10.288453,BIG
ga,hfvrp_n075_m15_s01,75,15,0.250000,1,4410.669694,4898.511623,5635.297599,0.000000,,,0,1,,,,,5.471877,MEDIUM
ga,hfvrp_n050_m10_s04,50,10,0.250000,50,2345.685531,8635.149597,4504.472930,0.000000,,,0,1,,,,,10.123110,BIG
ga,hfvrp_n050_m10_s04,50,10,0.250000,75,2895.409767,9263.589733,5211.307200,0.000000,,,0,1,,,,,0.168433,DEFAULT
ga,hfvrp_n050_m10_s04,50,10,0.250000,75,3060.340608,10641.530883,5720.723328,0.000000,,,0,1,,,,,0.024736,SMALL
ga,hfvrp_n050_m10_s02,50,10,0.250000,200,2549.564899,11048.423374,5311.670742,0.000000,,,0,1,,,,,0.170606,DEFAULT
ga,hfvrp_n050_m10_s02,50,10,0.250000,200,3201.184397,13365.182867,6542.480113,0.000000,,,0,1,,,,,0.022167,SMALL
ga,hfvrp_n050_m10_s05,50,10,0.250000,10,2690.414110,6485.936375,4311.898204,0.000000,,,0,1,,,,,10.248987,BIG
ga,hfvrp_n050_m10_s05,50,10,0.250000,50,2770.124340,8352.271720,4858.192270,0.000000,,,0,1,,,,,0.171222,DEFAULT
ga,hfvrp_n050_m10_s05,50,10,0.250000,50,3119.820978,12041.544556,6130.207117,0.000000,,,0,1,,,,,0.021010,SMALL
ga,hfvrp_n050_m10_s03,50,10,0.250000,75,2055.155190,8028.770330,4062.347773,0.000000,,,0,1,,,,,10.249499,BIG
ga,hfvrp_n050_m10_s03,50,10,0.250000,100,2472.519475,9709.876843,4899.988686,0.000000,,,0,1,,,,,0.163226,DEFAULT
ga,hfvrp_n050_m10_s03,50,10,0.250000,100,2537.501380,13778.379227,5982.096187,0.000000,,,0,1,,,,,0.028194,SMALL
ga,hfvrp_n050_m10_s04,50,10,0.250000,75,2608.080849,6953.365922,4346.422330,0.000000,,,0,1,,,,,3.410095,MEDIUM
ga,hfvrp_n050_m10_s02,50,10,0.250000,200,2493.655278,10139.504855,5028.531491,0.000000,,,0,1,,,,,3.398444,MEDIUM
ga,hfvrp_n050_m10_s05,50,10,0.250000,50,2697.621688,6816.362999,4401.712437,0.000000,,,0,1,,,,,3.378307,MEDIUM
ga,hfvrp_n050_m10_s01,50,10,0.250000,1234,2851.432518,4992.445917,4099.543997,0.000000,,,0,1,,,,,10.260715,BIG
ga,hfvrp_n050_m10_s03,50,10,0.250000,100,2307.364735,7484.727792,4178.546683,0.000000,,,0,1,,,,,3.456728,MEDIUM
ga,hfvrp_n050_m10_s01,50,10,0.250000,9999,2931.926189,6720.453127,4612.039471,0.000000,,,0,1,,,,,0.178738,DEFAULT
ga,hfvrp_n050_m10_s01,50,10,0.250000,9999,3254.564801,9042.089296,5515.087125,0.000000,,,0,1,,,,,0.022010,SMALL
ga,hfvrp_n050_m10_s01,50,10,0.250000,9999,2541.162841,6412.132782,4144.196036,0.000000,,,0,1,,,,,3.400983,MEDIUM
ga,hfvrp_n050_m10_s02,50,10,0.250000,200,2530.477539,9827.007034,4987.229298,0.000000,,,0,1,,,,,10.327065,BIG
ga,hfvrp_n050_m10_s04,50,10,0.250000,75,2447.970515,7488.960820,4320.210720,0.000000,,,0,1,,,,,10.484663,BIG
ga,hfvrp_n050_m10_s04,50,10,0.250000,100,2897.894858,7767.049276,4839.657177,0.000000,,,0,1,,,,,0.175257,DEFAULT
ga,hfvrp_n050_m10_s04,50,10,0.250000,100,3683.640650,12868.155731,6900.679583,0.000000,,,0,1,,,,,0.027715,SMALL
ga,hfvrp_n050_m10_s02,50,10,0.250000,999,2748.281899,12330.441290,5830.892221,0.000000,,,0,1,,,,,0.187670,DEFAULT
ga,hfvrp_n050_m10_s02,50,10,0.250000,999,3781.430664,13894.737772,7255.115107,0.000000,,,0,1,,,,,0.028242,SMALL
ga,hfvrp_n050_m10_s05,50,10,0.250000,50,2604.205749,7189.849495,4401.668122,0.000000,,,0,1,,,,,10.307504,BIG
ga,hfvrp_n050_m10_s05,50,10,0.250000,75,3068.598067,7349.750728,4906.035749,0.000000,,,0,1,,,,,0.187615,DEFAULT
ga,hfvrp_n050_m10_s05,50,10,0.250000,75,3311.069798,10867.602468,6027.970415,0.000000,,,0,1,,,,,0.028244,SMALL
ga,hfvrp_n075_m15_s01,75,15,0.250000,1,4198.484429,5714.802784,5627.185125,0.000000,,,0,1,,,,,17.116029,BIG
ga,hfvrp_n050_m10_s03,50,10,0.250000,100,2287.669169,7605.190238,4188.966729,0.000000,,,0,1,,,,,10.287159,BIG
ga,hfvrp_n050_m10_s03,50,10,0.250000,200,2725.058098,8205.423308,4776.413925,0.000000,,,0,1,,,,,0.170461,DEFAULT
ga,hfvrp_n050_m10_s03,50,10,0.250000,200,2888.008802,15999.307268,6887.835619,0.000000,,,0,1,,,,,0.021369,SMALL
ga,hfvrp_n050_m10_s04,50,10,0.250000,100,2541.055031,7272.430544,4359.162668,0.000000,,,0,1,,,,,3.387837,MEDIUM
ga,hfvrp_n075_m15_s01,75,15,0.250000,10,6424.477805,6311.191898,8002.275780,0.000000,,,0,1,,,,,0.284191,DEFAULT
ga,hfvrp_n075_m15_s01,75,15,0.250000,10,5857.626320,17196.944168,10156.862362,0.000000,,,0,1,,,,,0.040710,SMALL
ga,hfvrp_n050_m10_s02,50,10,0.250000,999,2305.959647,9154.349214,4594.546950,0.000000,,,0,1,,,,,3.416208,MEDIUM
ga,hfvrp_n050_m10_s05,50,10,0.250000,75,2647.164063,7390.715043,4494.842824,0.000000,,,0,1,,,,,3.370424,MEDIUM
ga,hfvrp_n050_m10_s03,50,10,0.250000,200,2260.427972,10712.790581,4938.625618,0.000000,,,0,1,,,,,3.285103,MEDIUM
ga,hfvrp_n050_m10_s01,50,10,0.250000,9999,2874.218064,4870.881278,4091.938383,0.000000,,,0,1,,,,,10.433589,BIG
ga,hfvrp_n050_m10_s01,50,10,0.250000,19345,2771.659548,7727.232449,4703.467660,0.000000,,,0,1,,,,,0.168790,DEFAULT
ga,hfvrp_n050_m10_s01,50,10,0.250000,19345,3322.698559,9683.054367,5743.462151,0.000000,,,0,1,,,,,0.024782,SMALL
ga,hfvrp_n075_m15_s01,75,15,0.250000,10,4169.283041,6970.346668,5911.869708,0.000000,,,0,1,,,,,5.386439,MEDIUM
ga,hfvrp_n050_m10_s01,50,10,0.250000,19345,2579.981208,6309.621016,4157.386462,0.000000,,,0,1,,,,,3.395304,MEDIUM
ga,hfvrp_n050_m10_s04,50,10,0.250000,100,2553.045983,6484.245838,4174.107443,0.000000,,,0,1,,,,,10.325683,BIG
ga,hfvrp_n050_m10_s02,50,10,0.250000,999,2202.352984,9489.447389,4574.714832,0.000000,,,0,1,,,,,10.339243,BIG
ga,hfvrp_n050_m10_s04,50,10,0.250000,200,2631.143279,10557.348155,5270.480318,0.000000,,,0,1,,,,,0.166605,DEFAULT
ga,hfvrp_n050_m10_s04,50,10,0.250000,200,2599.710701,14066.434905,6116.319427,0.000000,,,0,1,,,,,0.023749,SMALL
ga,hfvrp_n050_m10_s02,50,10,0.250000,1234,2610.473952,12129.594800,5642.872652,0.000000,,,0,1,,,,,0.173023,DEFAULT
ga,hfvrp_n050_m10_s02,50,10,0.250000,1234,2935.644789,14153.826331,6474.101372,0.000000,,,0,1,,,,,0.022376,SMALL
ga,hfvrp_n050_m10_s05,50,10,0.250000,75,2562.911185,7229.954141,4370.399720,0.000000,,,0,1,,,,,10.310652,BIG
ga,hfvrp_n050_m10_s05,50,10,0.250000,100,2636.521267,10094.620435,5160.176376,0.000000,,,0,1,,,,,0.171311,DEFAULT
ga,hfvrp_n050_m10_s05,50,10,0.250000,100,3360.979034,13692.943317,6784.214864,0.000000,,,0,1,,,,,0.020452,SMALL
ga,hfvrp_n050_m10_s03,50,10,0.250000,200,2071.831389,7687.591695,3993.729312,0.000000,,,0,1,,,,,10.258734,BIG
ga,hfvrp_n050_m10_s03,50,10,0.250000,999,2471.270161,10207.514110,5023.148688,0.000000,,,0,1,,,,,0.165106,DEFAULT
ga,hfvrp_n050_m10_s03,50,10,0.250000,999,3200.693516,10476.845992,5819.905013,0.000000,,,0,1,,,,,0.027130,SMALL
ga,hfvrp_n050_m10_s04,50,10,0.250000,200,2274.627064,8444.231345,4385.684901,0.000000,,,0,1,,,,,3.334774,MEDIUM
ga,hfvrp_n050_m10_s02,50,10,0.250000,1234,2548.699231,8189.646036,4596.110740,0.000000,,,0,1,,,,,3.404183,MEDIUM
ga,hfvrp_n050_m10_s05,50,10,0.250000,100,2370.166546,9118.673940,4649.835031,0.000000,,,0,1,,,,,3.416501,MEDIUM
ga,hfvrp_n050_m10_s03,50,10,0.250000,999,2336.990806,6800.085815,4037.012259,0.000000,,,0,1,,,,,3.444130,MEDIUM
ga,hfvrp_n050_m10_s01,50,10,0.250000,19345,2476.031467,5842.525451,3936.662830,0.000000,,,0,1,,,,,10.222995,BIG
ga,hfvrp_n050_m10_s01,50,10,0.250000,1787940776244746953,2645.782538,6530.965285,4278.523859,0.000000,,,0,1,,,,,0.168001,DEFAULT
ga,hfvrp_n050_m10_s01,50,10,0.250000,1787940797894200683,3275.652522,9500.219964,5650.707513,0.000000,,,0,1,,,,,0.024451,SMALL
ga,hfvrp_n050_m10_s01,50,10,0.250000,1787940802217270748,2595.495517,5799.776334,4045.439600,0.000000,,,0,1,,,,,3.418150,MEDIUM
ga,hfvrp_n075_m15_s01,75,15,0.250000,10,4389.083327,5333.654176,5722.496871,0.000000,,,0,1,,,,,17.197074,BIG
ga,hfvrp_n075_m15_s01,75,15,0.250000,50,5343.757801,6826.694760,7050.431491,0.000000,,,0,1,,,,,0.269211,DEFAULT
ga,hfvrp_n075_m15_s01,75,15,0.250000,50,6626.126816,12414.118671,9729.656484,0.000000,,,0,1,,,,,0.032963,SMALL
ga,hfvrp_n050_m10_s04,50,10,0.250000,200,2570.685700,7787.992917,4517.683930,0.000000,,,0,1,,,,,10.326386,BIG
ga,hfvrp_n050_m10_s04,50,10,0.250000,999,2967.688894,8820.043883,5172.699865,0.000000,,,0,1,,,,,0.173290,DEFAULT
ga,hfvrp_n050_m10_s04,50,10,0.250000,999,2927.103802,10566.201582,5568.654197,0.000000,,,0,1,,,,,0.024520,SMALL
ga,hfvrp_n050_m10_s02,50,10,0.250000,1234,2368.652000,10032.219881,4876.706970,0.000000,,,0,1,,,,,10.181678,BIG
ga,hfvrp_n050_m10_s02,50,10,0.250000,9999,3228.943937,11330.343054,6061.529701,0.000000,,,0,1,,,,,0.171205,DEFAULT
ga,hfvrp_n050_m10_s02,50,10,0.250000,9999,3260.407181,17179.260770,7555.222373,0.000000,,,0,1,,,,,0.022998,SMALL
ga,hfvrp_n050_m10_s05,50,10,0.250000,100,2486.195858,7682.043156,4406.706647,0.000000,,,0,1,,,,,10.188133,BIG
ga,hfvrp_n050_m10_s05,50,10,0.250000,200,2789.818677,8772.337447,4982.903038,0.000000,,,0,1,,,,,0.167976,DEFAULT
ga,hfvrp_n050_m10_s05,50,10,0.250000,200,2684.287587,10557.555178,5323.676382,0.000000,,,0,1,,,,,0.028093,SMALL
ga,hfvrp_n050_m10_s03,50,10,0.250000,999,2275.450395,6860.152942,3990.488630,0.000000,,,0,1,,,,,10.304092,BIG
ga,hfvrp_n050_m10_s03,50,10,0.250000,1234,2298.608701,10425.150612,4904.896354,0.000000,,,0,1,,,,,0.169721,DEFAULT
ga,hfvrp_n050_m10_s03,50,10,0.250000,1234,2898.416342,10479.306322,5518.242923,0.000000,,,0,1,,,,,0.021508,SMALL
ga,hfvrp_n050_m10_s04,50,10,0.250000,999,2476.566807,7642.097811,4387.091260,0.000000,,,0,1,,,,,3.403575,MEDIUM
ga,hfvrp_n050_m10_s02,50,10,0.250000,9999,2558.171651,10948.620829,5295.326858,0.000000,,,0,1,,,,,3.343295,MEDIUM
ga,hfvrp_n075_m15_s01,75,15,0.250000,50,3906.015705,7280.433233,5726.124013,0.000000,,,0,1,,,,,5.631513,MEDIUM
ga,hfvrp_n050_m10_s05,50,10,0.250000,200,2561.201560,9297.049134,4885.463843,0.000000,,,0,1,,,,,3.395903,MEDIUM
ga,hfvrp_n050_m10_s03,50,10,0.250000,1234,2149.105923,7913.099546,4127.380810,0.000000,,,0,1,,,,,3.377103,MEDIUM
ga,hfvrp_n050_m10_s01,50,10,0.250000,1787940792754809855,2648.252840,5524.899816,4029.477794,0.000000,,,0,1,,,,,10.219818,BIG
ga,hfvrp_n075_m15_s02,75,15,0.250000,1787941088158989819,6397.616067,13702.030554,9823.123705,0.000000,,,0,1,,,,,0.273681,DEFAULT
ga,hfvrp_n075_m15_s02,75,15,0.250000,1787941092731556066,7409.471682,20345.149159,12495.758972,0.000000,,,0,1,,,,,0.036957,SMALL
ga,hfvrp_n050_m10_s04,50,10,0.250000,999,2274.164596,7700.620074,4199.319615,0.000000,,,0,1,,,,,10.271596,BIG
ga,hfvrp_n050_m10_s04,50,10,0.250000,1234,2655.976195,9534.626785,5039.632891,0.000000,,,0,1,,,,,0.168699,DEFAULT
ga,hfvrp_n075_m15_s02,75,15,0.250000,1787941079887366576,4926.490296,8780.697594,7121.664694,0.000000,,,0,1,,,,,5.592877,MEDIUM
ga,hfvrp_n050_m10_s04,50,10,0.250000,1234,2746.145881,10861.143523,5461.431761,0.000000,,,0,1,,,,,0.028082,SMALL
ga,hfvrp_n050_m10_s02,50,10,0.250000,9999,2499.014637,9191.135407,4796.798489,0.000000,,,0,1,,,,,10.463326,BIG
ga,hfvrp_n050_m10_s05,50,10,0.250000,200,2643.558440,7613.784631,4547.004598,0.000000,,,0,1,,,,,10.191979,BIG
ga,hfvrp_n050_m10_s02,50,10,0.250000,19345,2525.623594,14208.695291,6077.797417,0.000000,,,0,1,,,,,0.170445,DEFAULT
ga,hfvrp_n050_m10_s02,50,10,0.250000,19345,2679.922432,12466.644931,5796.583665,0.000000,,,0,1,,,,,0.022534,SMALL
ga,hfvrp_n050_m10_s05,50,10,0.250000,999,2447.242133,9251.281576,4760.062527,0.000000,,,0,1,,,,,0.165224,DEFAULT
ga,hfvrp_n050_m10_s05,50,10,0.250000,999,3506.473239,12786.077241,6702.992550,0.000000,,,0,1,,,,,0.021365,SMALL
ga,hfvrp_n050_m10_s03,50,10,0.250000,1234,2473.486308,7915.295937,4452.310293,0.000000,,,0,1,,,,,10.372357,BIG
ga,hfvrp_n050_m10_s03,50,10,0.250000,9999,2776.411382,8248.664361,4838.577472,0.000000,,,0,1,,,,,0.172014,DEFAULT
ga,hfvrp_n050_m10_s03,50,10,0.250000,9999,2912.729975,10451.387317,5525.576804,0.000000,,,0,1,,,,,0.021941,SMALL
ga,hfvrp_n050_m10_s04,50,10,0.250000,1234,2462.289614,7323.854487,4293.253236,0.000000,,,0,1,,,,,3.411755,MEDIUM
ga,hfvrp_n050_m10_s02,50,10,0.250000,19345,2480.846020,8916.451112,4709.958798,0.000000,,,0,1,,,,,3.414138,MEDIUM
ga,hfvrp_n050_m10_s05,50,10,0.250000,999,2413.318810,8937.144622,4647.604965,0.000000,,,0,1,,,,,3.391097,MEDIUM
ga,hfvrp_n050_m10_s03,50,10,0.250000,9999,2172.410249,7570.972384,4065.153345,0.000000,,,0,1,,,,,3.390217,MEDIUM
ga,hfvrp_n075_m15_s01,75,15,0.250000,50,4510.510123,5018.455220,5765.123928,0.000000,,,0,1,,,,,16.771902,BIG
ga,hfvrp_n075_m15_s01,75,15,0.250000,75,5115.230583,5613.127722,6518.512513,0.000000,,,0,1,,,,,0.275691,DEFAULT
ga,hfvrp_n075_m15_s01,75,15,0.250000,75,6408.813605,10484.550333,9029.951188,0.000000,,,0,1,,,,,0.038749,SMALL
ga,hfvrp_n050_m10_s04,50,10,0.250000,1234,2603.505868,7461.568629,4468.898025,0.000000,,,0,1,,,,,10.319142,BIG
ga,hfvrp_n050_m10_s04,50,10,0.250000,9999,2796.964893,10328.483655,5379.085807,0.000000,,,0,1,,,,,0.169946,DEFAULT
ga,hfvrp_n050_m10_s04,50,10,0.250000,9999,3460.372823,9549.082759,5847.643513,0.000000,,,0,1,,,,,0.026311,SMALL
ga,hfvrp_n075_m15_s01,75,15,0.250000,75,4384.871392,6253.838099,5948.330917,0.000000,,,0,1,,,,,5.533499,MEDIUM
ga,hfvrp_n050_m10_s02,50,10,0.250000,19345,2517.739859,9063.116032,4783.518867,0.000000,,,0,1,,,,,10.436524,BIG
ga,hfvrp_n050_m10_s05,50,10,0.250000,999,2535.548967,8109.650343,4562.961552,0.000000,,,0,1,,,,,10.401320,BIG
ga,hfvrp_n050_m10_s02,50,10,0.250000,1787943364807794220,2789.374954,11897.970621,5763.867609,0.000000,,,0,1,,,,,0.192613,DEFAULT
ga,hfvrp_n050_m10_s02,50,10,0.250000,1787943390778432612,2991.943614,15195.382141,6790.789150,0.000000,,,0,1,,,,,0.025873,SMALL
ga,hfvrp_n050_m10_s05,50,10,0.250000,1234,2826.282939,8849.090572,5038.555582,0.000000,,,0,1,,,,,0.174184,DEFAULT
ga,hfvrp_n050_m10_s05,50,10,0.250000,1234,2582.170425,11599.639965,5482.080416,0.000000,,,0,1,,,,,0.025792,SMALL
ga,hfvrp_n050_m10_s03,50,10,0.250000,9999,2202.474047,8293.440336,4275.834131,0.000000,,,0,1,,,,,10.373016,BIG
ga,hfvrp_n050_m10_s03,50,10,0.250000,19345,2497.838022,9838.521927,4957.468504,0.000000,,,0,1,,,,,0.171883,DEFAULT
ga,hfvrp_n050_m10_s03,50,10,0.250000,19345,3088.269861,12332.780702,6171.465036,0.000000,,,0,1,,,,,0.025091,SMALL
ga,hfvrp_n075_m15_s02,75,15,0.250000,1787941055424384105,4368.385834,11863.770820,7334.328539,0.000000,,,0,1,,,,,17.015491,BIG
ga,hfvrp_n050_m10_s04,50,10,0.250000,9999,2683.393309,6709.339320,4360.728139,0.000000,,,0,1,,,,,3.414891,MEDIUM
ga,hfvrp_n075_m15_s02,75,15,0.250000,1,6115.876604,15846.557017,10077.515859,0.000000,,,0,1,,,,,0.268807,DEFAULT
ga,hfvrp_n075_m15_s02,75,15,0.250000,1,6093.746739,25161.758849,12384.186451,0.000000,,,0,1,,,,,0.036601,SMALL
ga,hfvrp_n050_m10_s02,50,10,0.250000,1787943386512370940,2270.605021,9396.947046,4619.841783,0.000000,,,0,1,,,,,3.382529,MEDIUM
ga,hfvrp_n050_m10_s05,50,10,0.250000,1234,2487.530662,7339.492734,4322.403846,0.000000,,,0,1,,,,,3.382964,MEDIUM
ga,hfvrp_n050_m10_s03,50,10,0.250000,19345,2137.005666,8519.532436,4266.888775,0.000000,,,0,1,,,,,3.442475,MEDIUM
ga,hfvrp_n075_m15_s02,75,15,0.250000,1,4873.603208,10621.848085,7529.065229,0.000000,,,0,1,,,,,5.596187,MEDIUM
ga,hfvrp_n050_m10_s04,50,10,0.250000,9999,2456.851221,6882.672003,4177.519222,0.000000,,,0,1,,,,,10.173157,BIG
ga,hfvrp_n050_m10_s04,50,10,0.250000,19345,2403.432606,8904.900757,4629.657796,0.000000,,,0,1,,,,,0.189050,DEFAULT
ga,hfvrp_n050_m10_s04,50,10,0.250000,19345,3321.462167,11917.375704,6300.806093,0.000000,,,0,1,,,,,0.027045,SMALL
ga,hfvrp_n050_m10_s02,50,10,0.250000,1787943450033450823,2301.475311,9612.465513,4704.591689,0.000000,,,0,1,,,,,10.389229,BIG
ga,hfvrp_n050_m10_s05,50,10,0.250000,1234,2735.140681,6247.623405,4297.046532,0.000000,,,0,1,,,,,10.316586,BIG
ga,hfvrp_n050_m10_s05,50,10,0.250000,9999,2806.217631,8243.238056,4867.027145,0.000000,,,0,1,,,,,0.169543,DEFAULT
ga,hfvrp_n050_m10_s05,50,10,0.250000,9999,3164.041412,15143.580799,6949.936612,0.000000,,,0,1,,,,,0.020819,SMALL
ga,hfvrp_n050_m10_s03,50,10,0.250000,19345,2296.919034,8408.072829,4398.937241,0.000000,,,0,1,,,,,10.270941,BIG
ga,hfvrp_n075_m15_s03,75,15,0.250000,1787943869298639032,5518.820227,13705.955052,8945.308990,0.000000,,,0,1,,,,,0.279627,DEFAULT
ga,hfvrp_n075_m15_s03,75,15,0.250000,1787943654838644686,7999.452007,24075.846058,14018.413521,0.000000,,,0,1,,,,,0.040026,SMALL
ga,hfvrp_n050_m10_s03,50,10,0.250000,1787943650481875473,2492.384151,10941.031012,5227.641904,0.000000,,,0,1,,,,,0.177530,DEFAULT
ga,hfvrp_n050_m10_s03,50,10,0.250000,1787943637777567852,3301.104757,12722.325843,6481.686218,0.000000,,,0,1,,,,,0.021997,SMALL
ga,hfvrp_n075_m15_s01,75,15,0.250000,75,3962.583166,5411.723662,5315.514081,0.000000,,,0,1,,,,,17.005710,BIG
ga,hfvrp_n050_m10_s04,50,10,0.250000,19345,2642.905229,7488.141269,4514.940546,0.000000,,,0,1,,,,,3.423389,MEDIUM
ga,hfvrp_n075_m15_s01,75,15,0.250000,100,5474.246980,8020.161213,7479.287283,0.000000,,,0,1,,,,,0.280332,DEFAULT
ga,hfvrp_n075_m15_s01,75,15,0.250000,100,6185.018743,13170.932214,9477.751797,0.000000,,,0,1,,,,,0.039707,SMALL
ga,hfvrp_n050_m10_s05,50,10,0.250000,9999,2652.627740,7579.768876,4547.569959,0.000000,,,0,1,,,,,3.366634,MEDIUM
ga,hfvrp_n050_m10_s03,50,10,0.250000,1787943633507593087,2105.586678,8939.072572,4340.354821,0.000000,,,0,1,,,,,3.413603,MEDIUM
ga,hfvrp_n075_m15_s03,75,15,0.250000,1787943641997495338,4460.584522,12658.796829,7625.283729,0.000000,,,0,1,,,,,5.452987,MEDIUM
ga,hfvrp_n075_m15_s01,75,15,0.250000,100,4455.692143,5954.103878,5944.218113,0.000000,,,0,1,,,,,5.504390,MEDIUM
ga,hfvrp_n075_m15_s02,75,15,0.250000,1,4363.911949,12743.672283,7549.830020,0.000000,,,0,1,,,,,17.117986,BIG
ga,hfvrp_n050_m10_s04,50,10,0.250000,19345,2502.461934,6964.721563,4243.642325,0.000000,,,0,1,,,,,10.216610,BIG
ga,hfvrp_n050_m10_s04,50,10,0.250000,1787943691895176368,2862.245513,8314.853965,4940.959004,0.000000,,,0,1,,,,,0.176117,DEFAULT
ga,hfvrp_n050_m10_s04,50,10,0.250000,1787943704959368016,2887.940806,10858.068791,5602.458004,0.000000,,,0,1,,,,,0.023236,SMALL
ga,hfvrp_n075_m15_s02,75,15,0.250000,10,5558.422854,14205.337277,9109.757173,0.000000,,,0,1,,,,,0.274262,DEFAULT
ga,hfvrp_n075_m15_s02,75,15,0.250000,10,7379.854378,22741.273034,13065.172636,0.000000,,,0,1,,,,,0.039637,SMALL
ga,hfvrp_n050_m10_s05,50,10,0.250000,9999,2400.562146,8625.915239,4557.040956,0.000000,,,0,1,,,,,10.139416,BIG
ga,hfvrp_n050_m10_s05,50,10,0.250000,19345,2372.348996,9382.294095,4717.922520,0.000000,,,0,1,,,,,0.171542,DEFAULT
ga,hfvrp_n050_m10_s05,50,10,0.250000,19345,2667.606139,12200.039466,5717.616006,0.000000,,,0,1,,,,,0.022973,SMALL
ga,hfvrp_n050_m10_s03,50,10,0.250000,1787943662695095076,2101.738285,7935.073821,4085.506741,0.000000,,,0,1,,,,,10.252661,BIG
ga,hfvrp_n050_m10_s04,50,10,0.250000,1787943700695805167,2448.498977,6786.738397,4145.183576,0.000000,,,0,1,,,,,3.410560,MEDIUM
ga,hfvrp_n075_m15_s04,75,15,0.250000,1787944142071238933,6813.741630,11125.104829,9595.017837,0.000000,,,0,1,,,,,0.281611,DEFAULT
ga,hfvrp_n075_m15_s04,75,15,0.250000,1787944168126616653,6582.131048,22331.780958,12165.076288,0.000000,,,0,1,,,,,0.037600,SMALL
ga,hfvrp_n050_m10_s05,50,10,0.250000,19345,2613.091944,8967.183120,4854.887724,0.000000,,,0,1,,,,,3.350066,MEDIUM
ga,hfvrp_n075_m15_s02,75,15,0.250000,10,5281.541479,10805.580111,7982.936507,0.000000,,,0,1,,,,,5.508899,MEDIUM
ga,hfvrp_n075_m15_s04,75,15,0.250000,1787944155283149718,4920.482986,8299.248180,6995.295031,0.000000,,,0,1,,,,,5.633427,MEDIUM
ga,hfvrp_n075_m15_s03,75,15,0.250000,1787943651749108936,4469.961500,12363.525536,7560.842884,0.000000,,,0,1,,,,,16.691562,BIG
ga,hfvrp_n075_m15_s03,75,15,0.250000,1,5234.824926,13518.544121,8614.460956,0.000000,,,0,1,,,,,0.273317,DEFAULT
ga,hfvrp_n075_m15_s03,75,15,0.250000,1,7776.641080,16004.323746,11777.722017,0.000000,,,0,1,,,,,0.038761,SMALL
ga,hfvrp_n075_m15_s01,75,15,0.250000,100,4066.844495,6533.648485,5700.256616,0.000000,,,0,1,,,,,16.609312,BIG
ga,hfvrp_n075_m15_s01,75,15,0.250000,200,5608.805919,9332.719736,7941.985852,0.000000,,,0,1,,,,,0.272515,DEFAULT
ga,hfvrp_n075_m15_s01,75,15,0.250000,200,6477.194235,10794.359836,9175.784194,0.000000,,,0,1,,,,,0.036790,SMALL
ga,hfvrp_n050_m10_s04,50,10,0.250000,1787944163675934218,2458.838742,7138.397868,4243.438209,0.000000,,,0,1,,,,,10.477990,BIG
ga,hfvrp_n075_m15_s05,75,15,0.250000,1787943999142133994,5383.634115,9671.850566,7801.596757,0.000000,,,0,1,,,,,0.276224,DEFAULT
ga,hfvrp_n075_m15_s05,75,15,0.250000,1787944012307224283,6828.432998,15594.108460,10726.960113,0.000000,,,0,1,,,,,0.036189,SMALL
ga,hfvrp_n050_m10_s05,50,10,0.250000,19345,2738.755277,6016.691169,4242.928069,0.000000,,,0,1,,,,,10.178908,BIG
ga,hfvrp_n050_m10_s05,50,10,0.250000,1787943970062777964,2738.281932,8481.649719,4858.694362,0.000000,,,0,1,,,,,0.172920,DEFAULT
ga,hfvrp_n050_m10_s05,50,10,0.250000,1787943965944509619,2994.824303,12247.029228,6056.581610,0.000000,,,0,1,,,,,0.021832,SMALL
ga,hfvrp_n075_m15_s03,75,15,0.250000,1,4738.852121,8178.546537,6783.488755,0.000000,,,0,1,,,,,5.516616,MEDIUM
ga,hfvrp_n075_m15_s01,75,15,0.250000,200,4381.437418,5717.271515,5810.755297,0.000000,,,0,1,,,,,5.491995,MEDIUM
ga,hfvrp_n050_m10_s05,50,10,0.250000,1787943978859777087,2728.684325,6972.125689,4471.715748,0.000000,,,0,1,,,,,3.352574,MEDIUM
ga,hfvrp_n075_m15_s05,75,15,0.250000,1787944008057475167,4817.744528,8676.547936,6986.881512,0.000000,,,0,1,,,,,5.497720,MEDIUM
ga,hfvrp_n075_m15_s02,75,15,0.250000,10,4494.150406,10537.036907,7128.409633,0.000000,,,0,1,,,,,16.869933,BIG
ga,hfvrp_n075_m15_s02,75,15,0.250000,50,5242.387884,15289.891950,9064.860871,0.000000,,,0,1,,,,,0.270387,DEFAULT
ga,hfvrp_n075_m15_s02,75,15,0.250000,50,8042.076096,19506.829063,12918.783361,0.000000,,,0,1,,,,,0.034365,SMALL
ga,hfvrp_n075_m15_s04,75,15,0.250000,1787944113676428874,4763.373890,7696.034176,6687.382434,0.000000,,,0,1,,,,,17.009615,BIG
ga,hfvrp_n075_m15_s04,75,15,0.250000,1,6265.190155,11156.480003,9054.310156,0.000000,,,0,1,,,,,0.273553,DEFAULT
ga,hfvrp_n075_m15_s04,75,15,0.250000,1,8331.684305,16938.854288,12566.397877,0.000000,,,0,1,,,,,0.037868,SMALL
ga,hfvrp_n050_m10_s05,50,10,0.250000,1787944373058449183,2600.148423,7147.772200,4387.091473,0.000000,,,0,1,,,,,10.074446,BIG
ga,hfvrp_n075_m15_s02,75,15,0.250000,50,4478.351103,12356.456128,7567.465136,0.000000,,,0,1,,,,,5.461262,MEDIUM
ga,hfvrp_n100_m20_s01,100,20,0.250000,1787944376383193474,9866.090470,20157.185564,14905.386861,0.000000,,,0,1,,,,,0.390089,DEFAULT
ga,hfvrp_n100_m20_s01,100,20,0.250000,1787944243633375281,10823.510553,32245.920018,18884.990558,0.000000,,,0,1,,,,,0.062067,SMALL
ga,hfvrp_n075_m15_s04,75,15,0.250000,1,4968.823313,8498.191951,7093.371301,0.000000,,,0,1,,,,,5.695366,MEDIUM
ga,hfvrp_n075_m15_s03,75,15,0.250000,1,4430.490102,12269.114179,7497.768647,0.000000,,,0,1,,,,,16.894073,BIG
ga,hfvrp_n075_m15_s03,75,15,0.250000,10,6729.457784,14790.617176,10427.112078,0.000000,,,0,1,,,,,0.278025,DEFAULT
ga,hfvrp_n075_m15_s03,75,15,0.250000,10,6608.695702,19216.284860,11412.766917,0.000000,,,0,1,,,,,0.043085,SMALL
ga,hfvrp_n075_m15_s01,75,15,0.250000,200,3920.970434,7730.698388,5853.645031,0.000000,,,0,1,,,,,16.520877,BIG
ga,hfvrp_n075_m15_s01,75,15,0.250000,999,5655.211980,6266.733166,7221.895272,0.000000,,,0,1,,,,,0.272678,DEFAULT
ga,hfvrp_n075_m15_s01,75,15,0.250000,999,6193.511944,15886.139865,10165.046910,0.000000,,,0,1,,,,,0.033251,SMALL
ga,hfvrp_n075_m15_s05,75,15,0.250000,1787944361457200466,4274.307791,8788.860552,6471.522929,0.000000,,,0,1,,,,,17.019283,BIG
ga,hfvrp_n075_m15_s05,75,15,0.250000,1,6381.257039,10036.395820,8890.355995,0.000000,,,0,1,,,,,0.287760,DEFAULT
ga,hfvrp_n075_m15_s05,75,15,0.250000,1,6756.005731,12999.896595,10005.979879,0.000000,,,0,1,,,,,0.037474,SMALL
ga,hfvrp_n100_m20_s01,100,20,0.250000,1787944239404574034,6896.516298,16589.505476,11043.892667,0.000000,,,0,1,,,,,7.740737,MEDIUM
ga,hfvrp_n075_m15_s03,75,15,0.250000,10,4271.580548,12779.933902,7466.564023,0.000000,,,0,1,,,,,5.461298,MEDIUM
ga,hfvrp_n075_m15_s01,75,15,0.250000,999,4229.818699,4277.177572,5299.113092,0.000000,,,0,1,,,,,5.542498,MEDIUM
ga,hfvrp_n075_m15_s05,75,15,0.250000,1,4536.471846,8226.201833,6593.022304,0.000000,,,0,1,,,,,5.579078,MEDIUM
ga,hfvrp_n075_m15_s02,75,15,0.250000,50,4544.180707,9915.848132,7023.142740,0.000000,,,0,1,,,,,16.954049,BIG
ga,hfvrp_n075_m15_s02,75,15,0.250000,75,5737.282689,14599.801942,9387.233174,0.000000,,,0,1,,,,,0.274916,DEFAULT
ga,hfvrp_n075_m15_s02,75,15,0.250000,75,6939.765760,19036.012717,11698.768939,0.000000,,,0,1,,,,,0.035862,SMALL
ga,hfvrp_n075_m15_s04,75,15,0.250000,1,5090.853654,7184.796031,6887.052662,0.000000,,,0,1,,,,,17.273926,BIG
ga,hfvrp_n075_m15_s04,75,15,0.250000,10,7049.361855,11646.522970,9960.992598,0.000000,,,0,1,,,,,0.283581,DEFAULT
ga,hfvrp_n075_m15_s04,75,15,0.250000,10,7144.690795,19957.976630,12134.184953,0.000000,,,0,1,,,,,0.035960,SMALL
ga,hfvrp_n075_m15_s02,75,15,0.250000,75,4853.223519,11461.819579,7718.678414,0.000000,,,0,1,,,,,5.520702,MEDIUM
ga,hfvrp_n075_m15_s04,75,15,0.250000,10,4794.707961,10480.931836,7414.940920,0.000000,,,0,1,,,,,5.405926,MEDIUM
ga,hfvrp_n075_m15_s03,75,15,0.250000,10,4421.199940,13332.249932,7754.262424,0.000000,,,0,1,,,,,16.617712,BIG
ga,hfvrp_n075_m15_s03,75,15,0.250000,50,5619.866324,19845.557080,10581.255594,0.000000,,,0,1,,,,,0.268215,DEFAULT
ga,hfvrp_n075_m15_s03,75,15,0.250000,50,7357.818930,21039.521650,12617.699343,0.000000,,,0,1,,,,,0.034217,SMALL
ga,hfvrp_n075_m15_s01,75,15,0.250000,999,3988.104901,5876.832231,5457.312959,0.000000,,,0,1,,,,,16.847328,BIG
ga,hfvrp_n075_m15_s01,75,15,0.250000,1234,4789.871801,9615.892883,7193.845022,0.000000,,,0,1,,,,,0.258843,DEFAULT
ga,hfvrp_n075_m15_s01,75,15,0.250000,1234,6424.618460,6895.547399,8148.505310,0.000000,,,0,1,,,,,0.036345,SMALL
ga,hfvrp_n075_m15_s05,75,15,0.250000,1,4637.727123,7912.693464,6615.900489,0.000000,,,0,1,,,,,16.696662,BIG
ga,hfvrp_n075_m15_s05,75,15,0.250000,10,5034.287689,11258.277207,7848.856991,0.000000,,,0,1,,,,,0.278120,DEFAULT
ga,hfvrp_n075_m15_s05,75,15,0.250000,10,7200.612771,13000.752802,10450.800971,0.000000,,,0,1,,,,,0.039892,SMALL
ga,hfvrp_n100_m20_s01,100,20,0.250000,1787944221381880223,7400.070281,16274.281456,11468.640645,0.000000,,,0,1,,,,,24.052822,BIG
ga,hfvrp_n075_m15_s03,75,15,0.250000,50,4996.346913,10858.577562,7710.991303,0.000000,,,0,1,,,,,5.482711,MEDIUM
ga,hfvrp_n100_m20_s01,100,20,0.250000,1,9469.456548,30461.115234,17084.735356,0.000000,,,0,1,,,,,0.383204,DEFAULT
ga,hfvrp_n100_m20_s01,100,20,0.250000,1,11058.610768,32440.433343,19168.719104,0.000000,,,0,1,,,,,0.060100,SMALL
ga,hfvrp_n075_m15_s01,75,15,0.250000,1234,4280.503496,4795.062240,5479.269056,0.000000,,,0,1,,,,,5.527573,MEDIUM
ga,hfvrp_n075_m15_s05,75,15,0.250000,10,4735.544558,7554.540642,6624.179718,0.000000,,,0,1,,,,,5.525130,MEDIUM
ga,hfvrp_n075_m15_s02,75,15,0.250000,75,5220.714233,10093.238294,7744.023807,0.000000,,,0,1,,,,,16.878528,BIG
ga,hfvrp_n100_m20_s01,100,20,0.250000,1,7428.258519,17599.832618,11828.216673,0.000000,,,0,1,,,,,7.762049,MEDIUM
ga,hfvrp_n075_m15_s04,75,15,0.250000,10,5411.814814,7696.613808,7335.968266,0.000000,,,0,1,,,,,17.034879,BIG
ga,hfvrp_n075_m15_s02,75,15,0.250000,100,6065.809301,12201.977029,9116.303558,0.000000,,,0,1,,,,,0.277927,DEFAULT
ga,hfvrp_n075_m15_s02,75,15,0.250000,100,6825.621950,20749.647077,12013.033719,0.000000,,,0,1,,,,,0.050237,SMALL
ga,hfvrp_n075_m15_s04,75,15,0.250000,50,6187.112718,12738.767883,9371.804689,0.000000,,,0,1,,,,,0.281495,DEFAULT
ga,hfvrp_n075_m15_s04,75,15,0.250000,50,8053.714365,13925.485051,11535.085628,0.000000,,,0,1,,,,,0.040246,SMALL
ga,hfvrp_n075_m15_s02,75,15,0.250000,100,4158.386706,11264.523532,6974.517589,0.000000,,,0,1,,,,,5.473922,MEDIUM
ga,hfvrp_n075_m15_s04,75,15,0.250000,50,4959.171329,8628.902874,7116.397048,0.000000,,,0,1,,,,,5.491426,MEDIUM
ga,hfvrp_n075_m15_s03,75,15,0.250000,50,4419.823455,11291.177507,7242.617832,0.000000,,,0,1,,,,,16.951575,BIG
ga,hfvrp_n075_m15_s03,75,15,0.250000,75,5960.593638,13339.691429,9295.516495,0.000000,,,0,1,,,,,0.268814,DEFAULT
ga,hfvrp_n075_m15_s03,75,15,0.250000,75,7005.964693,18283.678273,11576.884262,0.000000,,,0,1,,,,,0.035125,SMALL
ga,hfvrp_n075_m15_s01,75,15,0.250000,1234,3950.253249,5140.168718,5235.295429,0.000000,,,0,1,,,,,16.601447,BIG
ga,hfvrp_n075_m15_s01,75,15,0.250000,9999,6137.226422,9399.757588,8487.165819,0.000000,,,0,1,,,,,0.272829,DEFAULT
ga,hfvrp_n075_m15_s01,75,15,0.250000,9999,7159.028144,13599.859914,10558.993122,0.000000,,,0,1,,,,,0.033376,SMALL
ga,hfvrp_n075_m15_s05,75,15,0.250000,10,5011.777540,7977.700698,7006.202715,0.000000,,,0,1,,,,,16.811235,BIG
ga,hfvrp_n075_m15_s05,75,15,0.250000,50,6441.789152,10286.410176,9013.391696,0.000000,,,0,1,,,,,0.277661,DEFAULT
ga,hfvrp_n075_m15_s05,75,15,0.250000,50,6737.338976,13952.428948,10225.446213,0.000000,,,0,1,,,,,0.038356,SMALL
ga,hfvrp_n075_m15_s03,75,15,0.250000,75,5516.303010,10819.218660,8221.107675,0.000000,,,0,1,,,,,5.502861,MEDIUM
ga,hfvrp_n075_m15_s01,75,15,0.250000,9999,3975.937558,5380.493440,5321.060918,0.000000,,,0,1,,,,,5.475001,MEDIUM
ga,hfvrp_n075_m15_s05,75,15,0.250000,50,4961.318394,8065.474222,6977.686950,0.000000,,,0,1,,,,,5.594110,MEDIUM
ga,hfvrp_n075_m15_s02,75,15,0.250000,100,4447.930931,11047.957777,7209.920375,0.000000,,,0,1,,,,,17.067859,BIG
ga,hfvrp_n100_m20_s01,100,20,0.250000,1,7242.913107,16427.732173,11349.846150,0.000000,,,0,1,,,,,23.550829,BIG
ga,hfvrp_n075_m15_s04,75,15,0.250000,50,5142.871703,7566.038604,7034.381354,0.000000,,,0,1,,,,,17.107948,BIG
ga,hfvrp_n075_m15_s02,75,15,0.250000,200,5487.653795,11594.773542,8386.347181,0.000000,,,0,1,,,,,0.286722,DEFAULT
ga,hfvrp_n075_m15_s02,75,15,0.250000,200,7318.025599,19855.361738,12281.866034,0.000000,,,0,1,,,,,0.034855,SMALL
ga,hfvrp_n075_m15_s04,75,15,0.250000,75,5948.739364,15112.725661,9726.920779,0.000000,,,0,1,,,,,0.284597,DEFAULT
ga,hfvrp_n075_m15_s04,75,15,0.250000,75,8460.706393,17066.221055,12727.261656,0.000000,,,0,1,,,,,0.043011,SMALL
ga,hfvrp_n100_m20_s01,100,20,0.250000,10,9153.735402,26979.140097,15898.520426,0.000000,,,0,1,,,,,0.406626,DEFAULT
ga,hfvrp_n100_m20_s01,100,20,0.250000,10,9913.483200,32333.112277,17996.761269,0.000000,,,0,1,,,,,0.062451,SMALL
ga,hfvrp_n075_m15_s02,75,15,0.250000,200,4233.433208,9982.536399,6729.067307,0.000000,,,0,1,,,,,5.458899,MEDIUM
ga,hfvrp_n075_m15_s04,75,15,0.250000,75,6046.552484,7853.352711,8009.890661,0.000000,,,0,1,,,,,5.529036,MEDIUM
ga,hfvrp_n075_m15_s03,75,15,0.250000,75,4903.299903,10473.345159,7521.636192,0.000000,,,0,1,,,,,17.108708,BIG
ga,hfvrp_n075_m15_s03,75,15,0.250000,100,5716.533961,13593.580558,9114.929100,0.000000,,,0,1,,,,,0.282383,DEFAULT
ga,hfvrp_n075_m15_s03,75,15,0.250000,100,7035.425084,18673.703162,11703.850874,0.000000,,,0,1,,,,,0.039227,SMALL
ga,hfvrp_n075_m15_s01,75,15,0.250000,9999,4172.073157,4749.629787,5359.480604,0.000000,,,0,1,,,,,16.821370,BIG
ga,hfvrp_n100_m20_s01,100,20,0.250000,10,6816.181338,17070.518051,11083.810850,0.000000,,,0,1,,,,,7.602790,MEDIUM
ga,hfvrp_n075_m15_s01,75,15,0.250000,19345,5398.656357,7806.471276,7350.274176,0.000000,,,0,1,,,,,0.269231,DEFAULT
ga,hfvrp_n075_m15_s01,75,15,0.250000,19345,5923.289637,13234.389726,9231.887068,0.000000,,,0,1,,,,,0.033850,SMALL
ga,hfvrp_n075_m15_s05,75,15,0.250000,50,4532.044933,8444.422088,6643.150455,0.000000,,,0,1,,,,,16.867170,BIG
ga,hfvrp_n075_m15_s05,75,15,0.250000,75,5759.997456,10537.606377,8394.399051,0.000000,,,0,1,,,,,0.281830,DEFAULT
ga,hfvrp_n075_m15_s05,75,15,0.250000,75,6735.451906,13612.218208,10138.506458,0.000000,,,0,1,,,,,0.039301,SMALL
ga,hfvrp_n075_m15_s03,75,15,0.250000,100,5594.851659,10945.469432,8331.219017,0.000000,,,0,1,,,,,5.504449,MEDIUM
ga,hfvrp_n075_m15_s01,75,15,0.250000,19345,4516.424858,4249.883835,5578.895817,0.000000,,,0,1,,,,,5.520167,MEDIUM
ga,hfvrp_n075_m15_s05,75,15,0.250000,75,4742.058888,7342.282387,6577.629485,0.000000,,,0,1,,,,,5.560082,MEDIUM
ga,hfvrp_n075_m15_s02,75,15,0.250000,200,4648.741981,9809.432236,7101.100040,0.000000,,,0,1,,,,,16.678647,BIG
ga,hfvrp_n075_m15_s04,75,15,0.250000,75,5223.590538,8828.283405,7430.661390,0.000000,,,0,1,,,,,16.948297,BIG
ga,hfvrp_n075_m15_s04,75,15,0.250000,100,6480.664833,10687.209982,9152.467329,0.000000,,,0,1,,,,,0.274953,DEFAULT
ga,hfvrp_n075_m15_s04,75,15,0.250000,100,7403.083578,16524.610052,11534.236091,0.000000,,,0,1,,,,,0.040026,SMALL
ga,hfvrp_n075_m15_s02,75,15,0.250000,999,5303.712578,12722.276110,8484.281605,0.000000,,,0,1,,,,,0.269299,DEFAULT
ga,hfvrp_n075_m15_s02,75,15,0.250000,999,6521.623139,24001.645023,12522.034395,0.000000,,,0,1,,,,,0.037869,SMALL
ga,hfvrp_n075_m15_s03,75,15,0.250000,100,4947.356520,9993.927009,7445.838272,0.000000,,,0,1,,,,,16.946586,BIG
ga,hfvrp_n075_m15_s04,75,15,0.250000,100,5031.311071,8395.657459,7130.225435,0.000000,,,0,1,,,,,5.591414,MEDIUM
ga,hfvrp_n075_m15_s02,75,15,0.250000,999,4675.707939,11281.272181,7496.025984,0.000000,,,0,1,,,,,5.592218,MEDIUM
ga,hfvrp_n075_m15_s03,75,15,0.250000,200,5770.915617,14838.005101,9480.416892,0.000000,,,0,1,,,,,0.272754,DEFAULT
ga,hfvrp_n075_m15_s03,75,15,0.250000,200,6854.696970,26208.288403,13406.769071,0.000000,,,0,1,,,,,0.035114,SMALL
ga,hfvrp_n075_m15_s01,75,15,0.250000,19345,4136.734278,6011.570757,5639.626968,0.000000,,,0,1,,,,,16.805635,BIG
ga,hfvrp_n100_m20_s01,100,20,0.250000,10,6350.592393,15607.761861,10252.532859,0.000000,,,0,1,,,,,23.418723,BIG
ga,hfvrp_n075_m15_s01,75,15,0.250000,1787943260931507366,5159.635611,5475.947776,6528.622555,0.000000,,,0,1,,,,,0.280604,DEFAULT
ga,hfvrp_n075_m15_s01,75,15,0.250000,1787943265515449378,6035.387689,10600.988062,8685.634705,0.000000,,,0,1,,,,,0.041251,SMALL
ga,hfvrp_n100_m20_s01,100,20,0.250000,50,8938.114917,26229.800562,15495.565058,0.000000,,,0,1,,,,,0.402008,DEFAULT
ga,hfvrp_n100_m20_s01,100,20,0.250000,50,10202.401847,33379.747937,18547.338831,0.000000,,,0,1,,,,,0.059253,SMALL
ga,hfvrp_n075_m15_s05,75,15,0.250000,75,4960.290524,8935.151379,7194.078369,0.000000,,,0,1,,,,,16.875137,BIG
ga,hfvrp_n075_m15_s05,75,15,0.250000,100,5526.988364,10269.933807,8094.471816,0.000000,,,0,1,,,,,0.275004,DEFAULT
ga,hfvrp_n075_m15_s05,75,15,0.250000,100,5621.641447,14311.850184,9199.603993,0.000000,,,0,1,,,,,0.035209,SMALL
ga,hfvrp_n075_m15_s03,75,15,0.250000,200,5467.571605,9692.835157,7890.780394,0.000000,,,0,1,,,,,5.566177,MEDIUM
ga,hfvrp_n075_m15_s01,75,15,0.250000,1787943269857332109,4089.848007,5181.710408,5385.275609,0.000000,,,0,1,,,,,5.534892,MEDIUM
ga,hfvrp_n075_m15_s05,75,15,0.250000,100,4902.650681,9807.139466,7354.435548,0.000000,,,0,1,,,,,5.461097,MEDIUM
ga,hfvrp_n100_m20_s01,100,20,0.250000,50,7575.722665,17028.777799,11832.917115,0.000000,,,0,1,,,,,7.630582,MEDIUM
ga,hfvrp_n075_m15_s04,75,15,0.250000,100,4944.870386,7378.202290,6789.420958,0.000000,,,0,1,,,,,16.906332,BIG
ga,hfvrp_n075_m15_s02,75,15,0.250000,999,4564.275618,10698.869848,7238.993080,0.000000,,,0,1,,,,,16.906154,BIG
ga,hfvrp_n075_m15_s04,75,15,0.250000,200,5910.158644,11557.171060,8799.451409,0.000000,,,0,1,,,,,0.275713,DEFAULT
ga,hfvrp_n075_m15_s04,75,15,0.250000,200,7170.410457,22730.134090,12852.943980,0.000000,,,0,1,,,,,0.039828,SMALL
ga,hfvrp_n075_m15_s02,75,15,0.250000,1234,5969.445472,14311.337842,9547.279932,0.000000,,,0,1,,,,,0.260687,DEFAULT
ga,hfvrp_n075_m15_s02,75,15,0.250000,1234,7804.712102,19942.175271,12790.255920,0.000000,,,0,1,,,,,0.034463,SMALL
ga,hfvrp_n075_m15_s03,75,15,0.250000,200,4489.923416,11360.795078,7330.122185,0.000000,,,0,1,,,,,16.912873,BIG
ga,hfvrp_n075_m15_s04,75,15,0.250000,200,4815.484285,8544.022519,6951.489915,0.000000,,,0,1,,,,,5.587791,MEDIUM
ga,hfvrp_n075_m15_s03,75,15,0.250000,999,5955.728557,15246.193761,9767.276997,0.000000,,,0,1,,,,,0.270159,DEFAULT
ga,hfvrp_n075_m15_s03,75,15,0.250000,999,7575.843954,19813.847388,12529.305801,0.000000,,,0,1,,,,,0.036312,SMALL
ga,hfvrp_n075_m15_s02,75,15,0.250000,1234,4290.717857,10363.929595,6881.700256,0.000000,,,0,1,,,,,5.486753,MEDIUM
ga,hfvrp_n075_m15_s01,75,15,0.250000,1787943326936253996,3953.311778,5467.667531,5320.228661,0.000000,,,0,1,,,,,16.778825,BIG
ga,hfvrp_n075_m15_s05,75,15,0.250000,100,4620.947516,7801.180624,6571.242672,0.000000,,,0,1,,,,,16.762342,BIG
ga,hfvrp_n100_m20_s02,100,20,0.250000,1787942877993096405,10108.779750,19798.055306,15058.293576,0.000000,,,0,1,,,,,0.395680,DEFAULT
ga,hfvrp_n100_m20_s02,100,20,0.250000,1787942865508019976,11845.098105,40241.842330,21905.558687,0.000000,,,0,1,,,,,0.049328,SMALL
ga,hfvrp_n075_m15_s05,75,15,0.250000,200,5864.620167,11312.896791,8692.844365,0.000000,,,0,1,,,,,0.267900,DEFAULT
ga,hfvrp_n075_m15_s05,75,15,0.250000,200,6740.825081,19403.272263,11591.643147,0.000000,,,0,1,,,,,0.036664,SMALL
ga,hfvrp_n075_m15_s03,75,15,0.250000,999,4378.029018,12287.003398,7449.779868,0.000000,,,0,1,,,,,5.420720,MEDIUM
ga,hfvrp_n075_m15_s05,75,15,0.250000,200,4681.752674,9335.986811,7015.749377,0.000000,,,0,1,,,,,5.474623,MEDIUM
ga,hfvrp_n100_m20_s01,100,20,0.250000,50,6889.525264,17057.227485,11153.832135,0.000000,,,0,1,,,,,23.200182,BIG
ga,hfvrp_n100_m20_s02,100,20,0.250000,1787942869861720427,7343.713072,11624.480516,10249.833200,0.000000,,,0,1,,,,,7.673769,MEDIUM
ga,hfvrp_n100_m20_s01,100,20,0.250000,75,9558.581410,28360.264644,16648.647571,0.000000,,,0,1,,,,,0.393909,DEFAULT
ga,hfvrp_n100_m20_s01,100,20,0.250000,75,12661.557593,28744.112794,19847.585791,0.000000,,,0,1,,,,,0.064620,SMALL
ga,hfvrp_n075_m15_s04,75,15,0.250000,200,5250.235369,8999.418752,7500.090057,0.000000,,,0,1,,,,,16.669531,BIG
ga,hfvrp_n075_m15_s02,75,15,0.250000,1234,4608.520787,9944.361964,7094.611278,0.000000,,,0,1,,,,,16.770666,BIG
ga,hfvrp_n075_m15_s04,75,15,0.250000,999,6381.389424,13808.298090,9833.463947,0.000000,,,0,1,,,,,0.268745,DEFAULT
ga,hfvrp_n075_m15_s04,75,15,0.250000,999,8635.033269,21961.481289,14125.403592,0.000000,,,0,1,,,,,0.040659,SMALL
ga,hfvrp_n075_m15_s02,75,15,0.250000,9999,5456.468774,16203.951533,9507.456658,0.000000,,,0,1,,,,,0.272318,DEFAULT
ga,hfvrp_n075_m15_s02,75,15,0.250000,9999,6866.605139,25415.058593,13220.369787,0.000000,,,0,1,,,,,0.037879,SMALL
ga,hfvrp_n100_m20_s01,100,20,0.250000,75,7020.067084,16683.739532,11191.001967,0.000000,,,0,1,,,,,7.791049,MEDIUM
ga,hfvrp_n075_m15_s03,75,15,0.250000,999,4311.634564,12112.941574,7339.869958,0.000000,,,0,1,,,,,16.515532,BIG
ga,hfvrp_n075_m15_s04,75,15,0.250000,999,4719.005277,8204.127653,6770.037190,0.000000,,,0,1,,,,,5.703838,MEDIUM
ga,hfvrp_n075_m15_s03,75,15,0.250000,1234,4584.234076,17461.833331,8949.692409,0.000000,,,0,1,,,,,0.273549,DEFAULT
ga,hfvrp_n075_m15_s03,75,15,0.250000,1234,7259.874750,20308.079454,12336.894613,0.000000,,,0,1,,,,,0.034798,SMALL
ga,hfvrp_n075_m15_s02,75,15,0.250000,9999,4429.991659,12334.891332,7513.714492,0.000000,,,0,1,,,,,5.410469,MEDIUM
ga,hfvrp_n075_m15_s05,75,15,0.250000,200,4727.280491,7377.104972,6571.556734,0.000000,,,0,1,,,,,17.020573,BIG
ga,hfvrp_n075_m15_s05,75,15,0.250000,999,5573.531339,9987.519604,8070.411240,0.000000,,,0,1,,,,,0.271550,DEFAULT
ga,hfvrp_n075_m15_s05,75,15,0.250000,999,6869.682331,14909.338523,10597.016962,0.000000,,,0,1,,,,,0.038335,SMALL
ga,hfvrp_n075_m15_s03,75,15,0.250000,1234,4636.456165,8872.372488,6854.549287,0.000000,,,0,1,,,,,5.598868,MEDIUM
ga,hfvrp_n075_m15_s05,75,15,0.250000,999,5047.751920,7499.869763,6922.719361,0.000000,,,0,1,,,,,5.479736,MEDIUM
ga,hfvrp_n100_m20_s02,100,20,0.250000,1787942963444213681,6852.475872,13066.188583,10119.023018,0.000000,,,0,1,,,,,23.407515,BIG
ga,hfvrp_n100_m20_s02,100,20,0.250000,1,9277.434522,18752.419998,13965.539521,0.000000,,,0,1,,,,,0.388590,DEFAULT
ga,hfvrp_n100_m20_s02,100,20,0.250000,1,11477.847294,39605.733115,21379.280572,0.000000,,,0,1,,,,,0.051565,SMALL
ga,hfvrp_n075_m15_s04,75,15,0.250000,999,5185.903201,7131.462147,6968.768738,0.000000,,,0,1,,,,,16.641001,BIG
ga,hfvrp_n075_m15_s04,75,15,0.250000,1234,5826.731776,14962.476120,9567.350806,0.000000,,,0,1,,,,,0.281364,DEFAULT
ga,hfvrp_n075_m15_s04,75,15,0.250000,1234,7208.658690,21961.320719,12698.988870,0.000000,,,0,1,,,,,0.040278,SMALL
ga,hfvrp_n075_m15_s02,75,15,0.250000,9999,4224.828538,11945.697686,7211.252960,0.000000,,,0,1,,,,,16.772697,BIG
ga,hfvrp_n075_m15_s02,75,15,0.250000,19345,5705.064443,12608.815332,8857.268276,0.000000,,,0,1,,,,,0.270382,DEFAULT
ga,hfvrp_n075_m15_s02,75,15,0.250000,19345,7140.289208,22182.245586,12685.850605,0.000000,,,0,1,,,,,0.040428,SMALL
ga,hfvrp_n100_m20_s01,100,20,0.250000,75,6915.163685,15368.294281,10757.237256,0.000000,,,0,1,,,,,23.219934,BIG
ga,hfvrp_n100_m20_s02,100,20,0.250000,1,7927.173472,12044.765990,10938.364970,0.000000,,,0,1,,,,,7.702857,MEDIUM
ga,hfvrp_n075_m15_s03,75,15,0.250000,1234,4614.005558,10693.107408,7287.282411,0.000000,,,0,1,,,,,16.790829,BIG
ga,hfvrp_n100_m20_s01,100,20,0.250000,100,9401.475398,22984.677455,15147.644762,0.000000,,,0,1,,,,,0.400933,DEFAULT
ga,hfvrp_n100_m20_s01,100,20,0.250000,100,11665.009501,39980.335598,21660.093400,0.000000,,,0,1,,,,,0.063725,SMALL
ga,hfvrp_n075_m15_s04,75,15,0.250000,1234,4873.735352,10657.364116,7538.076381,0.000000,,,0,1,,,,,5.480138,MEDIUM
ga,hfvrp_n075_m15_s03,75,15,0.250000,9999,6386.559958,11690.369788,9309.152404,0.000000,,,0,1,,,,,0.275781,DEFAULT
ga,hfvrp_n075_m15_s03,75,15,0.250000,9999,6866.031066,19870.398727,11833.630748,0.000000,,,0,1,,,,,0.035304,SMALL
ga,hfvrp_n075_m15_s02,75,15,0.250000,19345,4939.497533,10318.042244,7519.008094,0.000000,,,0,1,,,,,5.704307,MEDIUM
ga,hfvrp_n075_m15_s05,75,15,0.250000,999,4363.325943,7277.290467,6182.648560,0.000000,,,0,1,,,,,16.688031,BIG
ga,hfvrp_n075_m15_s05,75,15,0.250000,1234,5621.980134,9897.310038,8096.307644,0.000000,,,0,1,,,,,0.276887,DEFAULT
ga,hfvrp_n075_m15_s05,75,15,0.250000,1234,6440.492151,16703.875675,10616.461070,0.000000,,,0,1,,,,,0.039548,SMALL
ga,hfvrp_n075_m15_s03,75,15,0.250000,9999,4647.259486,10686.441829,7318.869943,0.000000,,,0,1,,,,,5.613019,MEDIUM
ga,hfvrp_n100_m20_s01,100,20,0.250000,100,6596.127568,17146.683190,10882.798366,0.000000,,,0,1,,,,,7.590413,MEDIUM
ga,hfvrp_n075_m15_s05,75,15,0.250000,1234,5577.814666,6877.287004,7297.136417,0.000000,,,0,1,,,,,5.517981,MEDIUM
ga,hfvrp_n075_m15_s04,75,15,0.250000,1234,4843.950949,7941.849015,6829.413203,0.000000,,,0,1,,,,,17.029274,BIG
ga,hfvrp_n075_m15_s04,75,15,0.250000,9999,6156.422101,11762.969998,9097.164601,0.000000,,,0,1,,,,,0.286272,DEFAULT
ga,hfvrp_n075_m15_s04,75,15,0.250000,9999,7476.889860,15425.032230,11333.147918,0.000000,,,0,1,,,,,0.038898,SMALL
ga,hfvrp_n075_m15_s02,75,15,0.250000,19345,4626.358435,9690.930731,7049.091118,0.000000,,,0,1,,,,,16.707182,BIG
ga,hfvrp_n075_m15_s02,75,15,0.250000,1787945639047894813,6485.388816,11952.012410,9473.391919,0.000000,,,0,1,,,,,0.274737,DEFAULT
ga,hfvrp_n075_m15_s02,75,15,0.250000,1787945643621564624,5404.024221,20448.385388,10516.120568,0.000000,,,0,1,,,,,0.037846,SMALL
ga,hfvrp_n100_m20_s02,100,20,0.250000,1,7167.336954,12354.703406,10256.012806,0.000000,,,0,1,,,,,22.874552,BIG
ga,hfvrp_n075_m15_s03,75,15,0.250000,9999,5115.104456,10419.438222,7719.964011,0.000000,,,0,1,,,,,16.978952,BIG
ga,hfvrp_n075_m15_s04,75,15,0.250000,9999,5317.431921,8531.494256,7450.305485,0.000000,,,0,1,,,,,5.625386,MEDIUM
ga,hfvrp_n075_m15_s03,75,15,0.250000,19345,5883.467184,12777.903699,9077.943109,0.000000,,,0,1,,,,,0.277513,DEFAULT
ga,hfvrp_n075_m15_s03,75,15,0.250000,19345,7565.164908,19080.258307,12335.229484,0.000000,,,0,1,,,,,0.036094,SMALL
ga,hfvrp_n100_m20_s02,100,20,0.250000,10,9139.700674,22073.356702,14658.039850,0.000000,,,0,1,,,,,0.388161,DEFAULT
ga,hfvrp_n100_m20_s02,100,20,0.250000,10,10065.648714,39341.018054,19900.903228,0.000000,,,0,1,,,,,0.056632,SMALL
ga,hfvrp_n075_m15_s02,75,15,0.250000,1787945639368285523,4159.088883,10035.461832,6667.954341,0.000000,,,0,1,,,,,5.449930,MEDIUM
ga,hfvrp_n075_m15_s05,75,15,0.250000,1234,4528.947062,9225.255203,6835.260862,0.000000,,,0,1,,,,,16.819488,BIG
ga,hfvrp_n075_m15_s05,75,15,0.250000,9999,5666.233456,12609.275707,8818.552382,0.000000,,,0,1,,,,,0.276290,DEFAULT
ga,hfvrp_n075_m15_s05,75,15,0.250000,9999,7076.118486,20109.240161,12103.428526,0.000000,,,0,1,,,,,0.035278,SMALL
ga,hfvrp_n075_m15_s03,75,15,0.250000,19345,4013.354534,12894.375675,7236.948452,0.000000,,,0,1,,,,,5.585688,MEDIUM
ga,hfvrp_n100_m20_s01,100,20,0.250000,100,6978.636469,16650.985740,11141.382904,0.000000,,,0,1,,,,,23.136872,BIG
ga,hfvrp_n100_m20_s02,100,20,0.250000,10,6925.617844,14135.589655,10459.515258,0.000000,,,0,1,,,,,7.509116,MEDIUM
ga,hfvrp_n100_m20_s01,100,20,0.250000,200,9245.705697,26942.073819,15981.224152,0.000000,,,0,1,,,,,0.400024,DEFAULT
ga,hfvrp_n100_m20_s01,100,20,0.250000,200,11754.494797,28066.535851,18771.128760,0.000000,,,0,1,,,,,0.061441,SMALL
ga,hfvrp_n075_m15_s05,75,15,0.250000,9999,4683.757905,8926.343301,6915.343730,0.000000,,,0,1,,,,,5.468367,MEDIUM
ga,hfvrp_n100_m20_s01,100,20,0.250000,200,7128.974063,14957.950879,10868.461783,0.000000,,,0,1,,,,,7.830310,MEDIUM
ga,hfvrp_n075_m15_s04,75,15,0.250000,9999,4781.647354,8457.313369,6895.975696,0.000000,,,0,1,,,,,16.779434,BIG
ga,hfvrp_n075_m15_s04,75,15,0.250000,19345,6608.247913,13258.811665,9922.950829,0.000000,,,0,1,,,,,0.285307,DEFAULT
ga,hfvrp_n075_m15_s04,75,15,0.250000,19345,7849.185423,20252.377868,12912.279890,0.000000,,,0,1,,,,,0.039800,SMALL
ga,hfvrp_n075_m15_s02,75,15,0.250000,1787945567513208730,4459.588378,10833.737340,7168.022713,0.000000,,,0,1,,,,,16.939608,BIG
ga,hfvrp_n100_m20_s03,100,20,0.250000,1787946510422602890,8391.756341,17843.019553,12852.511229,0.000000,,,0,1,,,,,0.383806,DEFAULT
ga,hfvrp_n100_m20_s03,100,20,0.250000,1787946515105602822,9803.688479,26142.262318,16339.254059,0.000000,,,0,1,,,,,0.055530,SMALL
ga,hfvrp_n075_m15_s03,75,15,0.250000,19345,4945.537994,9435.233939,7304.346479,0.000000,,,0,1,,,,,17.024675,BIG
ga,hfvrp_n075_m15_s04,75,15,0.250000,19345,5119.729701,8820.036469,7324.738819,0.000000,,,0,1,,,,,5.622505,MEDIUM
ga,hfvrp_n075_m15_s03,75,15,0.250000,1787946546223671095,6121.596219,11090.947514,8894.333098,0.000000,,,0,1,,,,,0.277421,DEFAULT
ga,hfvrp_n075_m15_s03,75,15,0.250000,1787946542210174845,9018.961271,20539.388207,14153.808323,0.000000,,,0,1,,,,,0.033622,SMALL
ga,hfvrp_n075_m15_s05,75,15,0.250000,9999,5068.062930,8171.935378,7111.046775,0.000000,,,0,1,,,,,16.646037,BIG
ga,hfvrp_n075_m15_s05,75,15,0.250000,19345,5331.629822,10917.094954,8060.903560,0.000000,,,0,1,,,,,0.277471,DEFAULT
ga,hfvrp_n075_m15_s05,75,15,0.250000,19345,5695.753312,15890.977358,9668.497651,0.000000,,,0,1,,,,,0.039176,SMALL
ga,hfvrp_n075_m15_s03,75,15,0.250000,1787946572312453347,4346.151515,13820.636257,7801.310579,0.000000,,,0,1,,,,,5.394898,MEDIUM
ga,hfvrp_n100_m20_s03,100,20,0.250000,1787946536639978969,7213.752711,14553.184709,10852.048888,0.000000,,,0,1,,,,,7.801809,MEDIUM
ga,hfvrp_n100_m20_s02,100,20,0.250000,10,6666.324468,11423.260307,9522.139544,0.000000,,,0,1,,,,,23.355938,BIG
ga,hfvrp_n100_m20_s02,100,20,0.250000,50,8912.445003,20614.654416,14066.108607,0.000000,,,0,1,,,,,0.379761,DEFAULT
ga,hfvrp_n075_m15_s05,75,15,0.250000,19345,5297.076361,8472.854371,7415.289954,0.000000,,,0,1,,,,,5.507194,MEDIUM
ga,hfvrp_n100_m20_s02,100,20,0.250000,50,12057.478307,26516.418533,18686.582940,0.000000,,,0,1,,,,,0.058495,SMALL
ga,hfvrp_n100_m20_s01,100,20,0.250000,200,7765.329118,16472.655318,11883.492947,0.000000,,,0,1,,,,,23.412595,BIG
ga,hfvrp_n075_m15_s04,75,15,0.250000,19345,5130.698328,9108.738095,7407.882852,0.000000,,,0,1,,,,,17.005209,BIG
ga,hfvrp_n075_m15_s04,75,15,0.250000,1787946375152433795,6042.030574,12905.222259,9268.336138,0.000000,,,0,1,,,,,0.278720,DEFAULT
ga,hfvrp_n075_m15_s04,75,15,0.250000,1787946435564569737,8458.683124,27821.328877,15414.015344,0.000000,,,0,1,,,,,0.034436,SMALL
ga,hfvrp_n100_m20_s01,100,20,0.250000,999,9607.827626,32721.407014,17788.179379,0.000000,,,0,1,,,,,0.377079,DEFAULT
ga,hfvrp_n100_m20_s01,100,20,0.250000,999,10983.510244,33820.146118,19438.546774,0.000000,,,0,1,,,,,0.060929,SMALL
ga,hfvrp_n100_m20_s02,100,20,0.250000,50,6711.343883,14287.816002,10283.297884,0.000000,,,0,1,,,,,7.682264,MEDIUM
ga,hfvrp_n075_m15_s03,75,15,0.250000,1787946577711585882,5054.239791,9357.943524,7393.725672,0.000000,,,0,1,,,,,16.968666,BIG
ga,hfvrp_n075_m15_s04,75,15,0.250000,1787946431307807635,5336.517838,7962.038789,7327.027535,0.000000,,,0,1,,,,,5.611304,MEDIUM
ga,hfvrp_n100_m20_s04,100,20,0.250000,1787946454881489988,9902.226935,21577.852172,15296.689978,0.000000,,,0,1,,,,,0.391555,DEFAULT
ga,hfvrp_n100_m20_s04,100,20,0.250000,1787946459572034608,11699.983936,29415.307625,19053.810842,0.000000,,,0,1,,,,,0.057132,SMALL
ga,hfvrp_n100_m20_s01,100,20,0.250000,999,6964.317026,16811.996937,11167.316261,0.000000,,,0,1,,,,,7.668495,MEDIUM
ga,hfvrp_n075_m15_s05,75,15,0.250000,19345,4354.277432,8288.580168,6426.422474,0.000000,,,0,1,,,,,16.873405,BIG
ga,hfvrp_n075_m15_s05,75,15,0.250000,1787946278740446726,5547.862417,10984.476942,8293.981653,0.000000,,,0,1,,,,,0.269018,DEFAULT
ga,hfvrp_n075_m15_s05,75,15,0.250000,1787946291898300261,7771.854649,17720.891619,12202.077554,0.000000,,,0,1,,,,,0.032699,SMALL
ga,hfvrp_n100_m20_s03,100,20,0.250000,1787946583101163537,7041.983526,13881.498761,10512.358217,0.000000,,,0,1,,,,,23.371227,BIG
ga,hfvrp_n100_m20_s04,100,20,0.250000,1787946455338022035,7756.728515,12616.656616,10910.892669,0.000000,,,0,1,,,,,7.770623,MEDIUM
ga,hfvrp_n100_m20_s03,100,20,0.250000,1,10685.618053,18937.047391,15419.879900,0.000000,,,0,1,,,,,0.394777,DEFAULT
ga,hfvrp_n100_m20_s03,100,20,0.250000,1,12848.775289,36712.973485,22027.018660,0.000000,,,0,1,,,,,0.052266,SMALL
ga,hfvrp_n075_m15_s05,75,15,0.250000,1787946287639805828,5039.897678,7472.070326,6907.915259,0.000000,,,0,1,,,,,5.514736,MEDIUM
ga,hfvrp_n075_m15_s04,75,15,0.250000,1787946449808378557,5203.295481,8686.935956,7375.029470,0.000000,,,0,1,,,,,16.715175,BIG
ga,hfvrp_n100_m20_s03,100,20,0.250000,1,6991.226230,13401.619493,10341.631103,0.000000,,,0,1,,,,,7.594203,MEDIUM
ga,hfvrp_n100_m20_s02,100,20,0.250000,50,7149.556492,12535.954797,10283.545191,0.000000,,,0,1,,,,,23.752453,BIG
ga,hfvrp_n100_m20_s05,100,20,0.250000,1787946147926709804,9552.776712,17678.870980,13972.494457,0.000000,,,0,1,,,,,0.399745,DEFAULT
ga,hfvrp_n100_m20_s05,100,20,0.250000,1787946161215779563,11717.161089,33166.843445,20008.871950,0.000000,,,0,1,,,,,0.056542,SMALL
ga,hfvrp_n100_m20_s02,100,20,0.250000,75,9805.591543,23992.799837,15803.791502,0.000000,,,0,1,,,,,0.374114,DEFAULT
ga,hfvrp_n100_m20_s02,100,20,0.250000,75,11041.527098,29529.752756,18423.965287,0.000000,,,0,1,,,,,0.065146,SMALL
ga,hfvrp_n100_m20_s01,100,20,0.250000,999,7317.142971,16242.216051,11377.696983,0.000000,,,0,1,,,,,23.021244,BIG
ga,hfvrp_n100_m20_s01,100,20,0.250000,1234,9751.106914,28413.034781,16854.365609,0.000000,,,0,1,,,,,0.381945,DEFAULT
ga,hfvrp_n100_m20_s01,100,20,0.250000,1234,13371.178586,34841.077225,22081.447892,0.000000,,,0,1,,,,,0.064026,SMALL
ga,hfvrp_n075_m15_s05,75,15,0.250000,1787946254509136017,4763.949559,7500.331971,6639.032552,0.000000,,,0,1,,,,,16.910281,BIG
ga,hfvrp_n100_m20_s05,100,20,0.250000,1787946156981585936,7326.177315,12885.918829,10547.657023,0.000000,,,0,1,,,,,7.846933,MEDIUM
ga,hfvrp_n100_m20_s02,100,20,0.250000,75,6718.546046,11196.672623,9517.714202,0.000000,,,0,1,,,,,7.713496,MEDIUM
ga,hfvrp_n100_m20_s04,100,20,0.250000,1787946239779958458,6982.202498,13127.722686,10264.133169,0.000000,,,0,1,,,,,23.561914,BIG
ga,hfvrp_n100_m20_s04,100,20,0.250000,1,8282.161183,22913.428069,14010.518200,0.000000,,,0,1,,,,,0.404313,DEFAULT
ga,hfvrp_n100_m20_s04,100,20,0.250000,1,12632.038098,25104.156665,18908.077264,0.000000,,,0,1,,,,,0.062337,SMALL
ga,hfvrp_n100_m20_s01,100,20,0.250000,1234,7328.495889,17627.151917,11735.283868,0.000000,,,0,1,,,,,7.800256,MEDIUM
ga,hfvrp_n150_m30_s01,150,30,0.250000,1787944944260937257,18831.695787,52736.183924,32015.741768,0.000000,,,0,1,,,,,0.696554,DEFAULT
ga,hfvrp_n150_m30_s01,150,30,0.250000,1787944957851508190,20496.871503,66329.950612,37079.359156,0.000000,,,0,1,,,,,0.101940,SMALL
ga,hfvrp_n100_m20_s03,100,20,0.250000,1,6953.703644,12948.090909,10190.726371,0.000000,,,0,1,,,,,23.235236,BIG
ga,hfvrp_n100_m20_s04,100,20,0.250000,1,6643.256122,13146.992072,9930.004140,0.000000,,,0,1,,,,,7.630644,MEDIUM
ga,hfvrp_n100_m20_s03,100,20,0.250000,10,9636.863244,16948.217513,13873.917622,0.000000,,,0,1,,,,,0.391024,DEFAULT
ga,hfvrp_n100_m20_s03,100,20,0.250000,10,10547.042672,36280.655595,19617.206571,0.000000,,,0,1,,,,,0.053317,SMALL
ga,hfvrp_n150_m30_s01,150,30,0.250000,1787944953663231772,14615.295933,28886.914004,21837.024434,0.000000,,,0,1,,,,,13.679995,MEDIUM
ga,hfvrp_n100_m20_s03,100,20,0.250000,10,8393.784506,13668.081289,11810.804828,0.000000,,,0,1,,,,,7.754514,MEDIUM
ga,hfvrp_n100_m20_s05,100,20,0.250000,1787946182012980699,6830.037013,11650.026707,9742.543690,0.000000,,,0,1,,,,,22.901548,BIG
ga,hfvrp_n100_m20_s02,100,20,0.250000,75,6467.644905,16095.996317,10491.643984,0.000000,,,0,1,,,,,23.183442,BIG
ga,hfvrp_n100_m20_s02,100,20,0.250000,100,8697.984349,19289.165097,13520.275624,0.000000,,,0,1,,,,,0.383951,DEFAULT
ga,hfvrp_n100_m20_s02,100,20,0.250000,100,12172.355699,27655.365842,19086.197159,0.000000,,,0,1,,,,,0.060995,SMALL
ga,hfvrp_n100_m20_s05,100,20,0.250000,1,10360.016728,22253.545596,15923.403127,0.000000,,,0,1,,,,,0.384953,DEFAULT
ga,hfvrp_n100_m20_s05,100,20,0.250000,1,11291.522242,33202.061868,19592.037709,0.000000,,,0,1,,,,,0.055921,SMALL
ga,hfvrp_n100_m20_s01,100,20,0.250000,1234,6709.270523,19810.031751,11661.778461,0.000000,,,0,1,,,,,23.126299,BIG
ga,hfvrp_n100_m20_s01,100,20,0.250000,9999,8937.805412,20267.826697,14004.762086,0.000000,,,0,1,,,,,0.390668,DEFAULT
ga,hfvrp_n100_m20_s01,100,20,0.250000,9999,10644.890429,41132.423793,20927.996377,0.000000,,,0,1,,,,,0.067086,SMALL
ga,hfvrp_n100_m20_s02,100,20,0.250000,100,7200.194900,12887.443890,10422.055873,0.000000,,,0,1,,,,,7.818461,MEDIUM
ga,hfvrp_n100_m20_s05,100,20,0.250000,1,6981.580606,15844.449477,10942.692975,0.000000,,,0,1,,,,,7.794298,MEDIUM
ga,hfvrp_n100_m20_s04,100,20,0.250000,1,6991.953107,15486.338950,10863.537844,0.000000,,,0,1,,,,,23.257645,BIG
ga,hfvrp_n100_m20_s04,100,20,0.250000,10,10820.630014,23600.895779,16720.853959,0.000000,,,0,1,,,,,0.376021,DEFAULT
ga,hfvrp_n100_m20_s04,100,20,0.250000,10,10831.570448,35530.820985,19714.275694,0.000000,,,0,1,,,,,0.057291,SMALL
ga,hfvrp_n100_m20_s01,100,20,0.250000,9999,7200.563895,16860.955730,11415.802827,0.000000,,,0,1,,,,,9.176212,MEDIUM
ga,hfvrp_n100_m20_s03,100,20,0.250000,10,6376.472673,16962.246845,10617.034384,0.000000,,,0,1,,,,,23.318839,BIG
ga,hfvrp_n100_m20_s04,100,20,0.250000,10,7689.190204,13543.561588,11075.080601,0.000000,,,0,1,,,,,7.682940,MEDIUM
ga,hfvrp_n100_m20_s03,100,20,0.250000,50,10966.773014,19903.496579,15942.647159,0.000000,,,0,1,,,,,0.378065,DEFAULT
ga,hfvrp_n100_m20_s03,100,20,0.250000,50,11175.702843,39829.278793,21133.022541,0.000000,,,0,1,,,,,0.052895,SMALL
ga,hfvrp_n100_m20_s03,100,20,0.250000,50,7029.503216,11800.785996,9979.699714,0.000000,,,0,1,,,,,7.753693,MEDIUM
ga,hfvrp_n100_m20_s02,100,20,0.250000,100,6802.586259,18621.505339,11457.962594,0.000000,,,0,1,,,,,23.214559,BIG
ga,hfvrp_n100_m20_s05,100,20,0.250000,1,6639.855146,14673.483095,10308.225920,0.000000,,,0,1,,,,,23.428757,BIG
ga,hfvrp_n100_m20_s02,100,20,0.250000,200,8679.886720,25015.600051,14933.786733,0.000000,,,0,1,,,,,0.396343,DEFAULT
ga,hfvrp_n100_m20_s02,100,20,0.250000,200,11421.319741,37325.411772,20752.672684,0.000000,,,0,1,,,,,0.054629,SMALL
ga,hfvrp_n100_m20_s05,100,20,0.250000,10,9063.200792,16763.166709,13253.992469,0.000000,,,0,1,,,,,0.398262,DEFAULT
ga,hfvrp_n100_m20_s05,100,20,0.250000,10,11924.264299,32864.012596,20140.267448,0.000000,,,0,1,,,,,0.065237,SMALL
ga,hfvrp_n100_m20_s01,100,20,0.250000,9999,7572.297073,16418.127285,11676.828895,0.000000,,,0,1,,,,,23.095303,BIG
ga,hfvrp_n150_m30_s01,150,30,0.250000,1787944877159288015,13075.515680,22235.272182,18634.333726,0.000000,,,0,1,,,,,43.059867,BIG
ga,hfvrp_n100_m20_s01,100,20,0.250000,19345,9862.306392,20078.432256,14881.914456,0.000000,,,0,1,,,,,0.405289,DEFAULT
ga,hfvrp_n100_m20_s01,100,20,0.250000,19345,10927.512295,33632.546136,19335.648829,0.000000,,,0,1,,,,,0.066344,SMALL
ga,hfvrp_n100_m20_s02,100,20,0.250000,200,6925.636763,16098.875299,10950.355588,0.000000,,,0,1,,,,,7.810963,MEDIUM
ga,hfvrp_n100_m20_s05,100,20,0.250000,10,6981.652034,13348.124606,10318.683185,0.000000,,,0,1,,,,,7.790741,MEDIUM
ga,hfvrp_n100_m20_s04,100,20,0.250000,10,7833.418239,15532.952025,11716.656245,0.000000,,,0,1,,,,,23.137887,BIG
ga,hfvrp_n100_m20_s04,100,20,0.250000,50,8706.254519,22928.123777,14438.285463,0.000000,,,0,1,,,,,0.379103,DEFAULT
ga,hfvrp_n100_m20_s04,100,20,0.250000,50,12324.660991,44522.017183,23455.165287,0.000000,,,0,1,,,,,0.051599,SMALL
ga,hfvrp_n100_m20_s01,100,20,0.250000,19345,7595.731944,13939.478003,11080.601445,0.000000,,,0,1,,,,,7.665028,MEDIUM
ga,hfvrp_n150_m30_s01,150,30,0.250000,1,19734.206276,56172.922533,33777.436909,0.000000,,,0,1,,,,,0.676197,DEFAULT
ga,hfvrp_n150_m30_s01,150,30,0.250000,1,23609.556421,85349.481895,44946.926894,0.000000,,,0,1,,,,,0.093147,SMALL
ga,hfvrp_n100_m20_s03,100,20,0.250000,50,6981.581160,13375.515857,10325.460124,0.000000,,,0,1,,,,,23.582295,BIG
ga,hfvrp_n100_m20_s04,100,20,0.250000,50,7539.515591,16019.617839,11544.420051,0.000000,,,0,1,,,,,7.735501,MEDIUM
ga,hfvrp_n100_m20_s03,100,20,0.250000,75,8998.342629,15945.926586,12984.824275,0.000000,,,0,1,,,,,0.394974,DEFAULT
ga,hfvrp_n100_m20_s03,100,20,0.250000,75,12043.814986,32517.127291,20173.096809,0.000000,,,0,1,,,,,0.055025,SMALL
ga,hfvrp_n150_m30_s01,150,30,0.250000,1,15462.375873,20191.451560,20510.238763,0.000000,,,0,1,,,,,14.312460,MEDIUM
ga,hfvrp_n100_m20_s03,100,20,0.250000,75,7807.852812,11364.862688,10649.068485,0.000000,,,0,1,,,,,7.823504,MEDIUM
ga,hfvrp_n100_m20_s02,100,20,0.250000,200,5733.650815,21010.531511,10986.283692,0.000000,,,0,1,,,,,23.268129,BIG
ga,hfvrp_n100_m20_s05,100,20,0.250000,10,6843.934321,13283.212675,10164.737490,0.000000,,,0,1,,,,,23.579679,BIG
ga,hfvrp_n100_m20_s02,100,20,0.250000,999,9225.426881,20305.676462,14301.845997,0.000000,,,0,1,,,,,0.393669,DEFAULT
ga,hfvrp_n100_m20_s02,100,20,0.250000,999,11880.932733,33927.021527,20362.688115,0.000000,,,0,1,,,,,0.054160,SMALL
ga,hfvrp_n100_m20_s05,100,20,0.250000,50,9748.883779,32241.481275,17809.254098,0.000000,,,0,1,,,,,0.375459,DEFAULT
ga,hfvrp_n100_m20_s05,100,20,0.250000,50,9948.266811,35963.146990,18939.053558,0.000000,,,0,1,,,,,0.055389,SMALL
ga,hfvrp_n100_m20_s01,100,20,0.250000,19345,6671.123882,14536.428766,10305.231073,0.000000,,,0,1,,,,,23.883856,BIG
ga,hfvrp_n100_m20_s01,100,20,0.250000,1787944473944448750,9105.017286,26605.903870,15756.493254,0.000000,,,0,1,,,,,0.367562,DEFAULT
ga,hfvrp_n100_m20_s01,100,20,0.250000,1787944478615459442,9839.242566,37416.890542,19193.465201,0.000000,,,0,1,,,,,0.059845,SMALL
ga,hfvrp_n100_m20_s02,100,20,0.250000,999,7156.513098,14325.815840,10737.967058,0.000000,,,0,1,,,,,7.907591,MEDIUM
ga,hfvrp_n100_m20_s04,100,20,0.250000,50,7208.169922,11891.221551,10180.975310,0.000000,,,0,1,,,,,23.991736,BIG
ga,hfvrp_n100_m20_s05,100,20,0.250000,50,6725.878433,15800.177461,10675.922798,0.000000,,,0,1,,,,,7.621405,MEDIUM
ga,hfvrp_n100_m20_s04,100,20,0.250000,75,8852.720606,23747.500680,14789.595776,0.000000,,,0,1,,,,,0.391404,DEFAULT
ga,hfvrp_n100_m20_s04,100,20,0.250000,75,11441.678658,38642.152097,21102.216683,0.000000,,,0,1,,,,,0.061213,SMALL
ga,hfvrp_n100_m20_s01,100,20,0.250000,1787944465797203723,8077.691748,17158.575904,12367.335724,0.000000,,,0,1,,,,,7.938753,MEDIUM
ga,hfvrp_n100_m20_s03,100,20,0.250000,75,6763.121083,12546.308063,9899.698099,0.000000,,,0,1,,,,,23.317758,BIG
ga,hfvrp_n100_m20_s04,100,20,0.250000,75,6762.100569,12556.937739,9901.335003,0.000000,,,0,1,,,,,7.691695,MEDIUM
ga,hfvrp_n100_m20_s03,100,20,0.250000,100,9313.689437,21370.786920,14656.386167,0.000000,,,0,1,,,,,0.380947,DEFAULT
ga,hfvrp_n100_m20_s03,100,20,0.250000,100,11740.140156,24184.464226,17786.256213,0.000000,,,0,1,,,,,0.057043,SMALL
ga,hfvrp_n100_m20_s03,100,20,0.250000,100,7250.221436,14483.960504,10871.211562,0.000000,,,0,1,,,,,7.677272,MEDIUM
ga,hfvrp_n100_m20_s02,100,20,0.250000,999,6341.780995,12574.260134,9485.346029,0.000000,,,0,1,,,,,23.287237,BIG
ga,hfvrp_n100_m20_s02,100,20,0.250000,1234,9471.486957,22118.634250,15001.145519,0.000000,,,0,1,,,,,0.377549,DEFAULT
ga,hfvrp_n100_m20_s02,100,20,0.250000,1234,11698.959153,28573.366718,18842.300832,0.000000,,,0,1,,,,,0.053431,SMALL
ga,hfvrp_n100_m20_s05,100,20,0.250000,50,7332.963316,14221.849685,10888.425738,0.000000,,,0,1,,,,,23.512558,BIG
ga,hfvrp_n100_m20_s01,100,20,0.250000,1787944465155603422,7545.851729,16450.199038,11658.401489,0.000000,,,0,1,,,,,23.358717,BIG
ga,hfvrp_n100_m20_s05,100,20,0.250000,75,8445.369084,24121.782843,14475.814795,0.000000,,,0,1,,,,,0.401125,DEFAULT
ga,hfvrp_n100_m20_s05,100,20,0.250000,75,12760.904890,31561.526103,20651.286416,0.000000,,,0,1,,,,,0.062598,SMALL
ga,hfvrp_n150_m30_s01,150,30,0.250000,1,13754.446507,21993.349770,19252.783949,0.000000,,,0,1,,,,,44.308862,BIG
ga,hfvrp_n100_m20_s02,100,20,0.250000,1234,6930.558693,12367.166548,10022.350330,0.000000,,,0,1,,,,,7.641373,MEDIUM
ga,hfvrp_n100_m20_s04,100,20,0.250000,75,6996.460122,10729.925220,9678.941427,0.000000,,,0,1,,,,,23.245191,BIG
ga,hfvrp_n100_m20_s04,100,20,0.250000,100,8581.956986,20364.061763,13672.972426,0.000000,,,0,1,,,,,0.407748,DEFAULT
ga,hfvrp_n100_m20_s04,100,20,0.250000,100,11211.838662,33140.777461,19497.033027,0.000000,,,0,1,,,,,0.056921,SMALL
ga,hfvrp_n100_m20_s05,100,20,0.250000,75,6812.414003,12685.122298,9983.694578,0.000000,,,0,1,,,,,7.835244,MEDIUM
ga,hfvrp_n150_m30_s01,150,30,0.250000,10,21243.220788,45246.656407,32554.884890,0.000000,,,0,1,,,,,0.717199,DEFAULT
ga,hfvrp_n150_m30_s01,150,30,0.250000,10,21438.355976,72289.979688,39510.850899,0.000000,,,0,1,,,,,0.094702,SMALL
ga,hfvrp_n100_m20_s03,100,20,0.250000,100,7256.366627,16358.350917,11345.954356,0.000000,,,0,1,,,,,23.245453,BIG
ga,hfvrp_n100_m20_s04,100,20,0.250000,100,7102.237491,13963.643953,10593.148479,0.000000,,,0,1,,,,,7.767361,MEDIUM
ga,hfvrp_n150_m30_s02,150,30,0.250000,1787944807181226948,19990.914903,37227.786718,29297.861583,0.000000,,,0,1,,,,,0.716026,DEFAULT
ga,hfvrp_n150_m30_s02,150,30,0.250000,1787944833677114974,23501.182967,57090.582114,37773.828496,0.000000,,,0,1,,,,,0.101537,SMALL
ga,hfvrp_n100_m20_s03,100,20,0.250000,200,8874.996840,19371.617046,13717.901101,0.000000,,,0,1,,,,,0.389182,DEFAULT
ga,hfvrp_n100_m20_s03,100,20,0.250000,200,10445.182562,32434.658951,18553.847300,0.000000,,,0,1,,,,,0.052973,SMALL
ga,hfvrp_n150_m30_s01,150,30,0.250000,10,14651.741289,20958.651379,19891.404133,0.000000,,,0,1,,,,,14.450283,MEDIUM
ga,hfvrp_n100_m20_s03,100,20,0.250000,200,6972.489576,13657.881404,10386.959927,0.000000,,,0,1,,,,,7.757908,MEDIUM
ga,hfvrp_n100_m20_s02,100,20,0.250000,1234,6533.367023,16929.938530,10765.851655,0.000000,,,0,1,,,,,23.103695,BIG
ga,hfvrp_n100_m20_s02,100,20,0.250000,9999,8758.133542,20204.057198,13809.147841,0.000000,,,0,1,,,,,0.387718,DEFAULT
ga,hfvrp_n100_m20_s02,100,20,0.250000,9999,10765.007724,43347.370296,21601.850298,0.000000,,,0,1,,,,,0.050426,SMALL
ga,hfvrp_n100_m20_s05,100,20,0.250000,75,6438.464872,14750.253473,10126.028240,0.000000,,,0,1,,,,,23.389851,BIG
ga,hfvrp_n150_m30_s02,150,30,0.250000,1787944838077962085,11924.453815,21750.916827,17362.183022,0.000000,,,0,1,,,,,14.647068,MEDIUM
ga,hfvrp_n100_m20_s05,100,20,0.250000,100,10169.638727,27337.507231,17004.015535,0.000000,,,0,1,,,,,0.379475,DEFAULT
ga,hfvrp_n100_m20_s05,100,20,0.250000,100,11077.007361,37000.715008,20327.186113,0.000000,,,0,1,,,,,0.064914,SMALL
ga,hfvrp_n100_m20_s02,100,20,0.250000,9999,7942.134640,14256.059048,11506.149402,0.000000,,,0,1,,,,,7.687653,MEDIUM
ga,hfvrp_n100_m20_s04,100,20,0.250000,100,7007.911226,12732.848395,10191.123325,0.000000,,,0,1,,,,,23.761970,BIG
ga,hfvrp_n100_m20_s04,100,20,0.250000,200,8476.361949,17993.805269,12974.813267,0.000000,,,0,1,,,,,0.388648,DEFAULT
ga,hfvrp_n100_m20_s04,100,20,0.250000,200,11559.261679,30384.368793,19155.353877,0.000000,,,0,1,,,,,0.059713,SMALL
ga,hfvrp_n100_m20_s05,100,20,0.250000,100,7537.865958,17911.692546,12015.789094,0.000000,,,0,1,,,,,7.684327,MEDIUM
ga,hfvrp_n100_m20_s04,100,20,0.250000,200,7168.604943,12495.073153,10292.373231,0.000000,,,0,1,,,,,7.650529,MEDIUM
ga,hfvrp_n100_m20_s03,100,20,0.250000,200,7231.592250,15225.448203,11037.954300,0.000000,,,0,1,,,,,23.510229,BIG
ga,hfvrp_n100_m20_s03,100,20,0.250000,999,10732.393338,21825.354436,16188.731947,0.000000,,,0,1,,,,,0.394481,DEFAULT
ga,hfvrp_n100_m20_s03,100,20,0.250000,999,11208.092173,29147.000510,18494.842301,0.000000,,,0,1,,,,,0.060856,SMALL
ga,hfvrp_n100_m20_s03,100,20,0.250000,999,7110.755771,18726.015520,11792.259651,0.000000,,,0,1,,,,,7.493308,MEDIUM
ga,hfvrp_n100_m20_s02,100,20,0.250000,9999,6901.883286,13081.388710,10172.230463,0.000000,,,0,1,,,,,23.149844,BIG
ga,hfvrp_n100_m20_s02,100,20,0.250000,19345,8790.048388,18831.863324,13498.014219,0.000000,,,0,1,,,,,0.390808,DEFAULT
ga,hfvrp_n100_m20_s02,100,20,0.250000,19345,11333.597191,30121.152412,18863.885294,0.000000,,,0,1,,,,,0.054631,SMALL
ga,hfvrp_n100_m20_s05,100,20,0.250000,100,6593.521935,13708.467597,10020.638834,0.000000,,,0,1,,,,,23.012352,BIG
ga,hfvrp_n150_m30_s01,150,30,0.250000,10,14423.452012,23469.256240,20290.766072,0.000000,,,0,1,,,,,44.025646,BIG
ga,hfvrp_n100_m20_s05,100,20,0.250000,200,9525.859661,24893.713092,15749.287934,0.000000,,,0,1,,,,,0.391287,DEFAULT
ga,hfvrp_n100_m20_s05,100,20,0.250000,200,9976.386053,34449.463557,18588.751943,0.000000,,,0,1,,,,,0.061163,SMALL
ga,hfvrp_n100_m20_s02,100,20,0.250000,19345,6732.925148,15756.863994,10672.141147,0.000000,,,0,1,,,,,7.546326,MEDIUM
ga,hfvrp_n100_m20_s04,100,20,0.250000,200,7095.884125,13979.995556,10590.883014,0.000000,,,0,1,,,,,23.567704,BIG
ga,hfvrp_n100_m20_s04,100,20,0.250000,999,9642.674985,21864.725200,15108.856285,0.000000,,,0,1,,,,,0.402739,DEFAULT
ga,hfvrp_n100_m20_s04,100,20,0.250000,999,10347.469388,36879.501730,19567.344821,0.000000,,,0,1,,,,,0.060036,SMALL
ga,hfvrp_n150_m30_s02,150,30,0.250000,1787944775420599562,13696.773475,21633.916648,19105.252637,0.000000,,,0,1,,,,,43.056711,BIG
ga,hfvrp_n100_m20_s05,100,20,0.250000,200,6976.796061,15935.669463,10960.713427,0.000000,,,0,1,,,,,7.734260,MEDIUM
ga,hfvrp_n150_m30_s01,150,30,0.250000,50,21031.921474,51802.588824,33982.568680,0.000000,,,0,1,,,,,0.729002,DEFAULT
ga,hfvrp_n150_m30_s01,150,30,0.250000,50,23286.163885,80711.895820,43464.137840,0.000000,,,0,1,,,,,0.093318,SMALL
ga,hfvrp_n100_m20_s04,100,20,0.250000,999,7058.751131,12312.201708,10136.801558,0.000000,,,0,1,,,,,7.505495,MEDIUM
ga,hfvrp_n100_m20_s03,100,20,0.250000,999,6894.548412,12581.185843,10039.844873,0.000000,,,0,1,,,,,23.263056,BIG
ga,hfvrp_n100_m20_s03,100,20,0.250000,1234,9587.789761,17317.260931,13917.104994,0.000000,,,0,1,,,,,0.389726,DEFAULT
ga,hfvrp_n100_m20_s03,100,20,0.250000,1234,12265.772518,31176.037749,20059.781956,0.000000,,,0,1,,,,,0.054306,SMALL
ga,hfvrp_n150_m30_s01,150,30,0.250000,50,13275.362777,21150.008378,18562.864872,0.000000,,,0,1,,,,,14.319936,MEDIUM
ga,hfvrp_n100_m20_s03,100,20,0.250000,1234,7740.791739,11071.392071,10508.639757,0.000000,,,0,1,,,,,7.843250,MEDIUM
ga,hfvrp_n100_m20_s02,100,20,0.250000,19345,6563.500772,13203.492718,9864.373952,0.000000,,,0,1,,,,,23.489655,BIG
ga,hfvrp_n150_m30_s02,150,30,0.250000,1,19292.784393,33245.168403,27604.076494,0.000000,,,0,1,,,,,0.707667,DEFAULT
ga,hfvrp_n150_m30_s02,150,30,0.250000,1,18769.514774,70681.181377,36439.810118,0.000000,,,0,1,,,,,0.106066,SMALL
ga,hfvrp_n100_m20_s02,100,20,0.250000,1787930730258701263,9561.031874,21954.529198,15049.664173,0.000000,,,0,1,,,,,0.363205,DEFAULT
ga,hfvrp_n100_m20_s02,100,20,0.250000,1787930734921068503,10536.208052,41445.916986,20897.687298,0.000000,,,0,1,,,,,0.046857,SMALL
ga,hfvrp_n100_m20_s05,100,20,0.250000,200,6546.647471,13831.125722,10004.428902,0.000000,,,0,1,,,,,23.871926,BIG
ga,hfvrp_n100_m20_s02,100,20,0.250000,1787930704907142422,6287.720935,20587.722686,11434.651606,0.000000,,,0,1,,,,,7.704684,MEDIUM
ga,hfvrp_n100_m20_s05,100,20,0.250000,999,9268.505009,17369.722942,13610.935745,0.000000,,,0,1,,,,,0.416312,DEFAULT
ga,hfvrp_n100_m20_s05,100,20,0.250000,999,10591.547144,49703.668433,23017.464252,0.000000,,,0,1,,,,,0.049247,SMALL
ga,hfvrp_n100_m20_s04,100,20,0.250000,999,6835.513683,13147.301756,10122.339122,0.000000,,,0,1,,,,,23.290143,BIG
ga,hfvrp_n100_m20_s04,100,20,0.250000,1234,9107.808462,21305.712305,14434.236538,0.000000,,,0,1,,,,,0.385857,DEFAULT
ga,hfvrp_n100_m20_s04,100,20,0.250000,1234,10837.237316,31130.181575,18619.782710,0.000000,,,0,1,,,,,0.060743,SMALL
ga,hfvrp_n150_m30_s02,150,30,0.250000,1,13643.294419,19846.971285,18605.037241,0.000000,,,0,1,,,,,14.483858,MEDIUM
ga,hfvrp_n100_m20_s05,100,20,0.250000,999,6988.839913,14427.315851,10595.668876,0.000000,,,0,1,,,,,7.736296,MEDIUM
ga,hfvrp_n100_m20_s04,100,20,0.250000,1234,7533.870133,14589.866934,11181.336867,0.000000,,,0,1,,,,,7.562456,MEDIUM
ga,hfvrp_n100_m20_s03,100,20,0.250000,1234,7145.252553,10691.885548,9818.223940,0.000000,,,0,1,,,,,23.619338,BIG
ga,hfvrp_n100_m20_s03,100,20,0.250000,9999,8675.377233,17068.185069,12942.423501,0.000000,,,0,1,,,,,0.388783,DEFAULT
ga,hfvrp_n100_m20_s03,100,20,0.250000,9999,12173.794722,32391.821252,20271.750035,0.000000,,,0,1,,,,,0.054340,SMALL
ga,hfvrp_n100_m20_s02,100,20,0.250000,1787930768451172893,6725.281350,18750.638946,11412.941087,0.000000,,,0,1,,,,,23.482941,BIG
ga,hfvrp_n100_m20_s03,100,20,0.250000,9999,7010.422560,12759.400540,10200.272695,0.000000,,,0,1,,,,,7.762385,MEDIUM
ga,hfvrp_n100_m20_s05,100,20,0.250000,999,6754.268998,14504.393394,10380.367347,0.000000,,,0,1,,,,,23.035673,BIG
ga,hfvrp_n150_m30_s01,150,30,0.250000,50,13096.421887,18969.926391,17838.903485,0.000000,,,0,1,,,,,43.966196,BIG
ga,hfvrp_n150_m30_s03,150,30,0.250000,1787931121447550583,19724.147299,35902.105916,28699.673778,0.000000,,,0,1,,,,,0.703466,DEFAULT
ga,hfvrp_n150_m30_s03,150,30,0.250000,1787931220945652189,20613.942777,80460.693998,40729.116277,0.000000,,,0,1,,,,,0.102130,SMALL
ga,hfvrp_n100_m20_s04,100,20,0.250000,1234,7462.768331,12167.786237,10504.714890,0.000000,,,0,1,,,,,23.801126,BIG
ga,hfvrp_n100_m20_s05,100,20,0.250000,1234,8809.973341,21801.410781,14260.326036,0.000000,,,0,1,,,,,0.408757,DEFAULT
ga,hfvrp_n100_m20_s05,100,20,0.250000,1234,11165.525133,32035.937483,19174.509503,0.000000,,,0,1,,,,,0.062424,SMALL
ga,hfvrp_n100_m20_s04,100,20,0.250000,9999,8056.817758,16951.000670,12294.567925,0.000000,,,0,1,,,,,0.388681,DEFAULT
ga,hfvrp_n100_m20_s04,100,20,0.250000,9999,11586.625623,31031.405362,19344.476963,0.000000,,,0,1,,,,,0.061201,SMALL
ga,hfvrp_n150_m30_s01,150,30,0.250000,75,17193.193868,48300.536893,29268.328091,0.000000,,,0,1,,,,,0.693318,DEFAULT
ga,hfvrp_n150_m30_s01,150,30,0.250000,75,20427.255923,74726.636053,39108.914936,0.000000,,,0,1,,,,,0.100300,SMALL
ga,hfvrp_n100_m20_s05,100,20,0.250000,1234,6882.673480,15135.266337,10666.490064,0.000000,,,0,1,,,,,7.630340,MEDIUM
ga,hfvrp_n100_m20_s04,100,20,0.250000,9999,6950.738590,15127.390773,10732.586284,0.000000,,,0,1,,,,,7.580047,MEDIUM
ga,hfvrp_n150_m30_s03,150,30,0.250000,1787931216759776846,16124.075876,24920.913270,22354.304193,0.000000,,,0,1,,,,,14.376545,MEDIUM
ga,hfvrp_n150_m30_s02,150,30,0.250000,1,14089.783955,20423.638357,19195.693544,0.000000,,,0,1,,,,,42.361518,BIG
ga,hfvrp_n100_m20_s03,100,20,0.250000,9999,7720.487474,13060.387711,10985.584402,0.000000,,,0,1,,,,,23.320022,BIG
ga,hfvrp_n100_m20_s03,100,20,0.250000,19345,10473.632900,19765.318497,15414.962525,0.000000,,,0,1,,,,,0.390500,DEFAULT
ga,hfvrp_n100_m20_s03,100,20,0.250000,19345,12005.725322,31465.179100,19872.020098,0.000000,,,0,1,,,,,0.051511,SMALL
ga,hfvrp_n150_m30_s01,150,30,0.250000,75,12652.577306,24780.173233,18847.620614,0.000000,,,0,1,,,,,14.014129,MEDIUM
ga,hfvrp_n100_m20_s03,100,20,0.250000,19345,7955.958913,13736.944796,11390.195112,0.000000,,,0,1,,,,,7.756760,MEDIUM
ga,hfvrp_n150_m30_s02,150,30,0.250000,10,19263.945205,29048.624133,26526.101238,0.000000,,,0,1,,,,,0.711495,DEFAULT
ga,hfvrp_n150_m30_s02,150,30,0.250000,10,22381.679936,55806.321152,36333.260224,0.000000,,,0,1,,,,,0.102300,SMALL
ga,hfvrp_n100_m20_s05,100,20,0.250000,1234,6768.554697,16198.090446,10818.077309,0.000000,,,0,1,,,,,23.093705,BIG
ga,hfvrp_n100_m20_s04,100,20,0.250000,9999,7263.902570,13985.354146,10760.241107,0.000000,,,0,1,,,,,23.564298,BIG
ga,hfvrp_n100_m20_s05,100,20,0.250000,9999,9793.501925,20016.029040,14797.509185,0.000000,,,0,1,,,,,0.381653,DEFAULT
ga,hfvrp_n100_m20_s05,100,20,0.250000,9999,11820.839880,52275.650212,24889.752433,0.000000,,,0,1,,,,,0.050362,SMALL
ga,hfvrp_n100_m20_s04,100,20,0.250000,19345,9830.407137,17233.624130,14138.813169,0.000000,,,0,1,,,,,0.397223,DEFAULT
ga,hfvrp_n100_m20_s04,100,20,0.250000,19345,9880.926392,38291.960493,19453.916516,0.000000,,,0,1,,,,,0.063894,SMALL
ga,hfvrp_n100_m20_s05,100,20,0.250000,9999,7063.712533,13138.397270,10348.311851,0.000000,,,0,1,,,,,7.930825,MEDIUM
ga,hfvrp_n100_m20_s04,100,20,0.250000,19345,7261.808476,15281.221875,11082.113945,0.000000,,,0,1,,,,,7.758212,MEDIUM
ga,hfvrp_n150_m30_s02,150,30,0.250000,10,11957.957688,21293.359188,17281.297485,0.000000,,,0,1,,,,,13.931737,MEDIUM
ga,hfvrp_n100_m20_s03,100,20,0.250000,19345,6718.441067,12194.094470,9766.964684,0.000000,,,0,1,,,,,23.280597,BIG
ga,hfvrp_n100_m20_s03,100,20,0.250000,1787930383907487919,9319.338466,24079.310622,15339.166121,0.000000,,,0,1,,,,,0.384538,DEFAULT
ga,hfvrp_n100_m20_s03,100,20,0.250000,1787930388591448852,10510.585114,31503.724283,18386.516185,0.000000,,,0,1,,,,,0.054559,SMALL
ga,hfvrp_n150_m30_s03,150,30,0.250000,1787931076522514093,14998.743926,20672.046541,20166.755561,0.000000,,,0,1,,,,,43.431392,BIG
ga,hfvrp_n100_m20_s03,100,20,0.250000,1787930375765428666,6859.714463,13187.633787,10156.622910,0.000000,,,0,1,,,,,7.697016,MEDIUM
ga,hfvrp_n150_m30_s03,150,30,0.250000,1,19727.480192,40098.965869,29752.221659,0.000000,,,0,1,,,,,0.701491,DEFAULT
ga,hfvrp_n150_m30_s03,150,30,0.250000,1,23325.268190,69689.810696,40747.720864,0.000000,,,0,1,,,,,0.100361,SMALL
ga,hfvrp_n150_m30_s01,150,30,0.250000,75,14229.592825,27229.460642,21036.957985,0.000000,,,0,1,,,,,43.473074,BIG
ga,hfvrp_n100_m20_s05,100,20,0.250000,9999,6436.766371,16135.143892,10470.552344,0.000000,,,0,1,,,,,23.444980,BIG
ga,hfvrp_n100_m20_s04,100,20,0.250000,19345,6444.803992,13445.104560,9806.080132,0.000000,,,0,1,,,,,23.583085,BIG
ga,hfvrp_n100_m20_s04,100,20,0.250000,1787930266961280696,9108.293955,21276.775582,14427.487851,0.000000,,,0,1,,,,,0.383113,DEFAULT
ga,hfvrp_n100_m20_s04,100,20,0.250000,1787930271643479105,13127.763240,28213.025626,20181.019647,0.000000,,,0,1,,,,,0.058544,SMALL
ga,hfvrp_n100_m20_s05,100,20,0.250000,19345,9565.771650,27351.682976,16403.692394,0.000000,,,0,1,,,,,0.409556,DEFAULT
ga,hfvrp_n100_m20_s05,100,20,0.250000,19345,10408.428876,33527.883247,18790.399687,0.000000,,,0,1,,,,,0.059282,SMALL
ga,hfvrp_n150_m30_s01,150,30,0.250000,100,17373.811358,49096.297522,29647.885738,0.000000,,,0,1,,,,,0.698781,DEFAULT
ga,hfvrp_n150_m30_s01,150,30,0.250000,100,22162.154340,66661.586967,38827.551082,0.000000,,,0,1,,,,,0.098432,SMALL
ga,hfvrp_n150_m30_s03,150,30,0.250000,1,15618.431647,26277.696367,22187.855739,0.000000,,,0,1,,,,,14.188750,MEDIUM
ga,hfvrp_n100_m20_s04,100,20,0.250000,1787930258821009089,6911.980852,13609.807779,10314.432797,0.000000,,,0,1,,,,,7.806877,MEDIUM
ga,hfvrp_n100_m20_s05,100,20,0.250000,19345,6567.223051,15592.240618,10465.283206,0.000000,,,0,1,,,,,7.812243,MEDIUM
ga,hfvrp_n100_m20_s03,100,20,0.250000,1787930327632722934,7116.667410,17243.620436,11427.572519,0.000000,,,0,1,,,,,23.199684,BIG
ga,hfvrp_n150_m30_s01,150,30,0.250000,100,13067.074256,24326.230383,19148.631852,0.000000,,,0,1,,,,,14.010329,MEDIUM
ga,hfvrp_n150_m30_s02,150,30,0.250000,10,13756.873293,22394.986792,19355.619991,0.000000,,,0,1,,,,,42.437645,BIG
ga,hfvrp_n150_m30_s04,150,30,0.250000,1787930157606266539,19982.549840,42027.285853,30489.371304,0.000000,,,0,1,,,,,0.681590,DEFAULT
ga,hfvrp_n150_m30_s04,150,30,0.250000,1787930153997760914,22988.110895,79935.159885,42971.900866,0.000000,,,0,1,,,,,0.101294,SMALL
ga,hfvrp_n100_m20_s04,100,20,0.250000,1787930627409803308,7040.953980,14521.169034,10671.246238,0.000000,,,0,1,,,,,23.391774,BIG
ga,hfvrp_n100_m20_s05,100,20,0.250000,19345,7158.394910,13729.420156,10590.749949,0.000000,,,0,1,,,,,23.219822,BIG
ga,hfvrp_n150_m30_s04,150,30,0.250000,1787930184168337147,15731.000684,19356.274828,20570.069391,0.000000,,,0,1,,,,,14.321767,MEDIUM
ga,hfvrp_n100_m20_s05,100,20,0.250000,1787930285677537337,8921.178832,29688.473476,16343.297201,0.000000,,,0,1,,,,,0.383419,DEFAULT
ga,hfvrp_n100_m20_s05,100,20,0.250000,1787930281770406035,11362.074779,35197.249588,20161.387176,0.000000,,,0,1,,,,,0.054017,SMALL
ga,hfvrp_n150_m30_s02,150,30,0.250000,50,18942.637059,33308.829332,27269.844392,0.000000,,,0,1,,,,,0.704240,DEFAULT
ga,hfvrp_n150_m30_s02,150,30,0.250000,50,25016.140721,63071.546007,40784.027223,0.000000,,,0,1,,,,,0.104695,SMALL
ga,hfvrp_n150_m30_s05,150,30,0.250000,1787930243234808220,18959.770886,33691.336105,27382.604912,0.000000,,,0,1,,,,,0.711799,DEFAULT
ga,hfvrp_n150_m30_s05,150,30,0.250000,1787930248246248676,23575.486381,55477.762021,37444.926886,0.000000,,,0,1,,,,,0.100679,SMALL
ga,hfvrp_n100_m20_s05,100,20,0.250000,1787930277533613187,7069.304883,14652.948201,10732.541934,0.000000,,,0,1,,,,,7.786105,MEDIUM
ga,hfvrp_n150_m30_s02,150,30,0.250000,50,13378.383523,23751.401587,19316.233920,0.000000,,,0,1,,,,,14.519697,MEDIUM
ga,hfvrp_n150_m30_s03,150,30,0.250000,1,13800.518139,22702.897263,19476.242455,0.000000,,,0,1,,,,,44.025675,BIG
ga,hfvrp_n150_m30_s05,150,30,0.250000,1787930252646390115,11775.674516,26852.751452,18488.862379,0.000000,,,0,1,,,,,13.896615,MEDIUM
ga,hfvrp_n150_m30_s03,150,30,0.250000,10,18577.477112,62027.089741,34084.249548,0.000000,,,0,1,,,,,0.697755,DEFAULT
ga,hfvrp_n150_m30_s03,150,30,0.250000,10,24782.684582,79136.400018,44566.784586,0.000000,,,0,1,,,,,0.105284,SMALL
ga,hfvrp_n150_m30_s01,150,30,0.250000,100,14016.271952,19938.020097,19000.776976,0.000000,,,0,1,,,,,43.945580,BIG
ga,hfvrp_n100_m20_s05,100,20,0.250000,1787930328279026829,7465.604034,15390.387675,11313.200952,0.000000,,,0,1,,,,,23.137421,BIG
ga,hfvrp_n150_m30_s01,150,30,0.250000,200,18975.803012,57762.892312,33416.526090,0.000000,,,0,1,,,,,0.694510,DEFAULT
ga,hfvrp_n150_m30_s01,150,30,0.250000,200,19974.974002,70689.425586,37647.330398,0.000000,,,0,1,,,,,0.099889,SMALL
ga,hfvrp_n150_m30_s03,150,30,0.250000,10,14557.523934,20357.743600,19646.959834,0.000000,,,0,1,,,,,14.387171,MEDIUM
ga,hfvrp_n150_m30_s04,150,30,0.250000,1787930224265004280,14507.089518,22554.727080,20145.771288,0.000000,,,0,1,,,,,44.206686,BIG
ga,hfvrp_n150_m30_s01,150,30,0.250000,200,14206.925596,25198.040960,20506.435836,0.000000,,,0,1,,,,,14.323811,MEDIUM
ga,hfvrp_n150_m30_s04,150,30,0.250000,1,21940.804809,54257.153816,35505.093263,0.000000,,,0,1,,,,,0.693186,DEFAULT
ga,hfvrp_n150_m30_s04,150,30,0.250000,1,21725.332817,78370.124785,41317.864014,0.000000,,,0,1,,,,,0.106570,SMALL
ga,hfvrp_n150_m30_s02,150,30,0.250000,50,11938.887947,22757.474904,17628.256673,0.000000,,,0,1,,,,,42.835320,BIG
ga,hfvrp_n150_m30_s05,150,30,0.250000,1787930348152518510,12402.217711,22712.965077,18080.458981,0.000000,,,0,1,,,,,42.157728,BIG
ga,hfvrp_n200_m40_s01,200,40,0.250000,1787929897228732136,36742.295810,64171.150793,52785.083508,0.000000,,,0,1,,,,,1.314977,DEFAULT
ga,hfvrp_n200_m40_s01,200,40,0.250000,1787929894259078932,49731.233554,116201.837304,78781.692880,0.000000,,,0,1,,,,,0.167655,SMALL
ga,hfvrp_n150_m30_s04,150,30,0.250000,1,15286.769939,22115.402192,20815.620487,0.000000,,,0,1,,,,,14.631810,MEDIUM
ga,hfvrp_n150_m30_s05,150,30,0.250000,1,18442.117244,35413.701913,27295.542722,0.000000,,,0,1,,,,,0.681705,DEFAULT
ga,hfvrp_n150_m30_s05,150,30,0.250000,1,22013.547388,47269.211452,33830.850251,0.000000,,,0,1,,,,,0.101593,SMALL
ga,hfvrp_n150_m30_s02,150,30,0.250000,75,18114.251790,31828.283180,26071.322585,0.000000,,,0,1,,,,,0.721947,DEFAULT
ga,hfvrp_n150_m30_s02,150,30,0.250000,75,22314.264495,61338.889584,37648.986891,0.000000,,,0,1,,,,,0.109160,SMALL
ga,hfvrp_n150_m30_s03,150,30,0.250000,10,13678.199358,21400.576745,19028.343545,0.000000,,,0,1,,,,,42.791434,BIG
ga,hfvrp_n150_m30_s05,150,30,0.250000,1,12808.615422,20267.702366,17875.541013,0.000000,,,0,1,,,,,14.345178,MEDIUM
ga,hfvrp_n150_m30_s03,150,30,0.250000,50,20383.901742,43975.512306,31377.779818,0.000000,,,0,1,,,,,0.728392,DEFAULT
ga,hfvrp_n150_m30_s03,150,30,0.250000,50,23221.836236,60398.501352,38321.461574,0.000000,,,0,1,,,,,0.104224,SMALL
ga,hfvrp_n200_m40_s01,200,40,0.250000,1787929898731582377,22625.698793,31684.723815,30546.879747,0.000000,,,0,1,,,,,26.264225,MEDIUM
ga,hfvrp_n150_m30_s02,150,30,0.250000,75,14384.078236,20081.644450,19404.489348,0.000000,,,0,1,,,,,14.001573,MEDIUM
ga,hfvrp_n150_m30_s01,150,30,0.250000,200,13311.187692,21687.879326,18733.157523,0.000000,,,0,1,,,,,43.491235,BIG
ga,hfvrp_n150_m30_s01,150,30,0.250000,999,18828.688984,56899.670975,33053.606728,0.000000,,,0,1,,,,,0.691943,DEFAULT
ga,hfvrp_n150_m30_s01,150,30,0.250000,999,22470.112050,63543.270661,38355.929715,0.000000,,,0,1,,,,,0.093885,SMALL
ga,hfvrp_n150_m30_s03,150,30,0.250000,50,16430.067659,18747.990554,21117.065298,0.000000,,,0,1,,,,,14.416782,MEDIUM
ga,hfvrp_n150_m30_s04,150,30,0.250000,1,15728.828547,21805.767669,21180.270465,0.000000,,,0,1,,,,,44.205885,BIG
ga,hfvrp_n150_m30_s01,150,30,0.250000,999,13292.583393,25061.003394,19557.834241,0.000000,,,0,1,,,,,14.008615,MEDIUM
ga,hfvrp_n150_m30_s04,150,30,0.250000,10,21193.938921,45261.318320,32509.268501,0.000000,,,0,1,,,,,0.724030,DEFAULT
ga,hfvrp_n150_m30_s04,150,30,0.250000,10,25920.521935,93508.527223,49297.653741,0.000000,,,0,1,,,,,0.103314,SMALL
ga,hfvrp_n150_m30_s05,150,30,0.250000,1,12305.566185,19691.379760,17228.411125,0.000000,,,0,1,,,,,42.309789,BIG
ga,hfvrp_n150_m30_s02,150,30,0.250000,75,13290.729041,20349.481665,18378.099457,0.000000,,,0,1,,,,,42.994761,BIG
ga,hfvrp_n150_m30_s04,150,30,0.250000,10,15773.951197,22962.873810,21514.669649,0.000000,,,0,1,,,,,14.335296,MEDIUM
ga,hfvrp_n150_m30_s05,150,30,0.250000,10,19330.828870,37403.123411,28681.609723,0.000000,,,0,1,,,,,0.690120,DEFAULT
ga,hfvrp_n150_m30_s05,150,30,0.250000,10,22643.186989,51699.726074,35568.118507,0.000000,,,0,1,,,,,0.090497,SMALL
ga,hfvrp_n150_m30_s03,150,30,0.250000,50,14426.016674,20998.726100,19675.698199,0.000000,,,0,1,,,,,43.529040,BIG
ga,hfvrp_n150_m30_s05,150,30,0.250000,10,13436.953603,20774.195816,18630.502557,0.000000,,,0,1,,,,,13.637742,MEDIUM
ga,hfvrp_n150_m30_s02,150,30,0.250000,100,18400.630797,38540.827284,28035.837618,0.000000,,,0,1,,,,,0.690282,DEFAULT
ga,hfvrp_n150_m30_s02,150,30,0.250000,100,22852.951590,67927.517536,39834.830974,0.000000,,,0,1,,,,,0.108143,SMALL
ga,hfvrp_n150_m30_s03,150,30,0.250000,75,20258.762095,49423.438055,32614.621609,0.000000,,,0,1,,,,,0.730364,DEFAULT
ga,hfvrp_n150_m30_s03,150,30,0.250000,75,24182.184014,72447.935990,42294.168012,0.000000,,,0,1,,,,,0.109645,SMALL
ga,hfvrp_n150_m30_s01,150,30,0.250000,999,14435.114149,25205.787866,20736.561116,0.000000,,,0,1,,,,,42.948823,BIG
ga,hfvrp_n150_m30_s02,150,30,0.250000,100,13521.622479,18713.872126,18200.090510,0.000000,,,0,1,,,,,13.977234,MEDIUM
ga,hfvrp_n150_m30_s01,150,30,0.250000,1234,20082.067347,37130.030499,29364.574972,0.000000,,,0,1,,,,,0.721069,DEFAULT
ga,hfvrp_n150_m30_s01,150,30,0.250000,1234,22272.460491,83636.862596,43181.676139,0.000000,,,0,1,,,,,0.094979,SMALL
ga,hfvrp_n150_m30_s03,150,30,0.250000,75,14503.032721,29615.495472,21906.906589,0.000000,,,0,1,,,,,14.293270,MEDIUM
ga,hfvrp_n200_m40_s01,200,40,0.250000,1787930118273903308,21791.437791,24099.966372,27816.429384,0.000000,,,0,1,,,,,80.461024,BIG
ga,hfvrp_n150_m30_s04,150,30,0.250000,10,14307.022529,23835.017959,20265.777019,0.000000,,,0,1,,,,,43.020258,BIG
ga,hfvrp_n150_m30_s01,150,30,0.250000,1234,13834.665178,22297.304019,19408.991183,0.000000,,,0,1,,,,,14.229050,MEDIUM
ga,hfvrp_n150_m30_s04,150,30,0.250000,50,21266.851089,48450.623032,33379.506847,0.000000,,,0,1,,,,,0.716894,DEFAULT
ga,hfvrp_n150_m30_s04,150,30,0.250000,50,24029.547361,92070.284942,47047.118597,0.000000,,,0,1,,,,,0.097541,SMALL
ga,hfvrp_n150_m30_s05,150,30,0.250000,10,11944.370106,17551.643295,16332.280930,0.000000,,,0,1,,,,,41.980181,BIG
ga,hfvrp_n150_m30_s04,150,30,0.250000,50,16089.863231,21414.926446,21443.594842,0.000000,,,0,1,,,,,14.232475,MEDIUM
ga,hfvrp_n200_m40_s01,200,40,0.250000,1,39526.973958,61486.924100,54898.704983,0.000000,,,0,1,,,,,1.363362,DEFAULT
ga,hfvrp_n200_m40_s01,200,40,0.250000,1,44294.582692,125733.254901,75727.896417,0.000000,,,0,1,,,,,0.166031,SMALL
ga,hfvrp_n150_m30_s05,150,30,0.250000,50,18522.586911,34298.587863,27097.233877,0.000000,,,0,1,,,,,0.713252,DEFAULT
ga,hfvrp_n150_m30_s05,150,30,0.250000,50,18065.346549,48171.379294,30108.191373,0.000000,,,0,1,,,,,0.101491,SMALL
ga,hfvrp_n150_m30_s02,150,30,0.250000,100,13712.126633,22734.026293,19395.633206,0.000000,,,0,1,,,,,43.844891,BIG
ga,hfvrp_n150_m30_s03,150,30,0.250000,75,15271.568902,20750.043929,20459.079884,0.000000,,,0,1,,,,,42.436571,BIG
ga,hfvrp_n150_m30_s05,150,30,0.250000,50,12521.246769,23585.132730,18417.529952,0.000000,,,0,1,,,,,13.909261,MEDIUM
ga,hfvrp_n150_m30_s03,150,30,0.250000,100,21329.677068,39508.877597,31206.896467,0.000000,,,0,1,,,,,0.736664,DEFAULT
ga,hfvrp_n150_m30_s03,150,30,0.250000,100,21885.453724,69598.047048,39284.965486,0.000000,,,0,1,,,,,0.109076,SMALL
ga,hfvrp_n150_m30_s01,150,30,0.250000,1234,12336.674390,19017.487007,17091.046142,0.000000,,,0,1,,,,,42.611825,BIG
ga,hfvrp_n150_m30_s02,150,30,0.250000,200,18048.500527,30215.889255,25602.472841,0.000000,,,0,1,,,,,0.713504,DEFAULT
ga,hfvrp_n150_m30_s02,150,30,0.250000,200,21386.351624,56358.351742,35475.939559,0.000000,,,0,1,,,,,0.105504,SMALL
ga,hfvrp_n200_m40_s01,200,40,0.250000,1,22868.674559,30360.921976,30458.905053,0.000000,,,0,1,,,,,26.460186,MEDIUM
ga,hfvrp_n150_m30_s03,150,30,0.250000,100,13824.963946,19143.396182,18610.812991,0.000000,,,0,1,,,,,14.189645,MEDIUM
ga,hfvrp_n150_m30_s01,150,30,0.250000,9999,16842.564668,37960.680219,26332.734723,0.000000,,,0,1,,,,,0.707775,DEFAULT
ga,hfvrp_n150_m30_s01,150,30,0.250000,9999,21767.676180,56829.920074,35975.156198,0.000000,,,0,1,,,,,0.101450,SMALL
ga,hfvrp_n150_m30_s02,150,30,0.250000,200,14634.422097,20304.732148,19710.605134,0.000000,,,0,1,,,,,14.273669,MEDIUM
ga,hfvrp_n150_m30_s04,150,30,0.250000,50,15207.164291,21367.724011,20549.095293,0.000000,,,0,1,,,,,43.199583,BIG
ga,hfvrp_n150_m30_s01,150,30,0.250000,9999,13689.528199,23601.201491,19589.828572,0.000000,,,0,1,,,,,14.520967,MEDIUM
ga,hfvrp_n150_m30_s04,150,30,0.250000,75,21223.134810,43297.824194,32047.590859,0.000000,,,0,1,,,,,0.723672,DEFAULT
ga,hfvrp_n150_m30_s04,150,30,0.250000,75,24481.384287,77991.040922,43979.144518,0.000000,,,0,1,,,,,0.108131,SMALL
ga,hfvrp_n150_m30_s05,150,30,0.250000,50,12285.720091,19071.304950,17053.546329,0.000000,,,0,1,,,,,41.395419,BIG
ga,hfvrp_n150_m30_s05,150,30,0.250000,75,16634.107889,41487.605239,27006.009199,0.000000,,,0,1,,,,,0.704427,DEFAULT
ga,hfvrp_n150_m30_s05,150,30,0.250000,75,23198.604240,62549.781296,38836.049564,0.000000,,,0,1,,,,,0.095763,SMALL
ga,hfvrp_n150_m30_s04,150,30,0.250000,75,14613.523254,24581.955771,20759.012197,0.000000,,,0,1,,,,,14.320352,MEDIUM
ga,hfvrp_n150_m30_s03,150,30,0.250000,100,14598.023038,22684.223634,20269.078947,0.000000,,,0,1,,,,,43.149968,BIG
ga,hfvrp_n150_m30_s05,150,30,0.250000,75,12813.250754,20190.633672,17860.909172,0.000000,,,0,1,,,,,14.172157,MEDIUM
ga,hfvrp_n150_m30_s03,150,30,0.250000,200,20296.626871,44569.501842,31439.002332,0.000000,,,0,1,,,,,0.706555,DEFAULT
ga,hfvrp_n150_m30_s03,150,30,0.250000,200,23230.532232,71055.370482,40994.374852,0.000000,,,0,1,,,,,0.105371,SMALL
ga,hfvrp_n150_m30_s02,150,30,0.250000,200,13209.173384,16583.861343,17355.138720,0.000000,,,0,1,,,,,43.720680,BIG
ga,hfvrp_n150_m30_s01,150,30,0.250000,9999,12802.137764,17764.030077,17243.145284,0.000000,,,0,1,,,,,44.382199,BIG
ga,hfvrp_n150_m30_s03,150,30,0.250000,200,15697.994775,27216.240482,22502.054896,0.000000,,,0,1,,,,,13.886423,MEDIUM
ga,hfvrp_n150_m30_s01,150,30,0.250000,19345,19361.646095,47490.035385,31234.154941,0.000000,,,0,1,,,,,0.728531,DEFAULT
ga,hfvrp_n150_m30_s01,150,30,0.250000,19345,25476.230516,86874.167182,47194.772312,0.000000,,,0,1,,,,,0.093955,SMALL
ga,hfvrp_n150_m30_s02,150,30,0.250000,999,16914.784210,35928.538156,25896.918749,0.000000,,,0,1,,,,,0.700024,DEFAULT
ga,hfvrp_n150_m30_s02,150,30,0.250000,999,23378.536856,60840.005519,38588.538236,0.000000,,,0,1,,,,,0.107016,SMALL
ga,hfvrp_n200_m40_s01,200,40,0.250000,1,22041.011543,29223.981380,29347.006888,0.000000,,,0,1,,,,,79.577555,BIG
ga,hfvrp_n150_m30_s04,150,30,0.250000,75,14755.073250,21244.506830,20066.199958,0.000000,,,0,1,,,,,48.839570,BIG
ga,hfvrp_n150_m30_s01,150,30,0.250000,19345,14291.485647,25737.420440,20725.840757,0.000000,,,0,1,,,,,14.341826,MEDIUM
ga,hfvrp_n150_m30_s02,150,30,0.250000,999,15327.413732,18466.450450,19944.026344,0.000000,,,0,1,,,,,14.217161,MEDIUM
ga,hfvrp_n150_m30_s05,150,30,0.250000,75,11621.712106,25625.994444,18028.210717,0.000000,,,0,1,,,,,41.858691,BIG
ga,hfvrp_n150_m30_s04,150,30,0.250000,100,21435.591003,62190.357773,36983.180447,0.000000,,,0,1,,,,,0.692153,DEFAULT
ga,hfvrp_n150_m30_s04,150,30,0.250000,100,26513.869052,83241.461070,47324.234320,0.000000,,,0,1,,,,,0.096595,SMALL
ga,hfvrp_n150_m30_s05,150,30,0.250000,100,19317.691460,36714.377526,28496.285841,0.000000,,,0,1,,,,,0.719761,DEFAULT
ga,hfvrp_n150_m30_s05,150,30,0.250000,100,19290.650092,64249.243356,35352.960931,0.000000,,,0,1,,,,,0.101054,SMALL
ga,hfvrp_n150_m30_s04,150,30,0.250000,100,15891.943002,20708.779157,21069.137792,0.000000,,,0,1,,,,,14.443271,MEDIUM
ga,hfvrp_n200_m40_s01,200,40,0.250000,10,36065.025757,54610.588844,49717.672968,0.000000,,,0,1,,,,,1.302568,DEFAULT
ga,hfvrp_n200_m40_s01,200,40,0.250000,10,39118.520866,101014.329497,64372.103241,0.000000,,,0,1,,,,,0.174178,SMALL
ga,hfvrp_n150_m30_s03,150,30,0.250000,200,15595.999730,26127.769188,22127.942027,0.000000,,,0,1,,,,,42.399399,BIG
ga,hfvrp_n150_m30_s05,150,30,0.250000,100,12502.602590,22669.478519,18169.972220,0.000000,,,0,1,,,,,14.055930,MEDIUM
ga,hfvrp_n150_m30_s03,150,30,0.250000,999,20049.448428,47484.783096,31920.644202,0.000000,,,0,1,,,,,0.715250,DEFAULT
ga,hfvrp_n150_m30_s03,150,30,0.250000,999,22006.649435,72406.651791,40108.312383,0.000000,,,0,1,,,,,0.097654,SMALL
ga,hfvrp_n150_m30_s01,150,30,0.250000,19345,13647.682336,23852.422026,19610.787842,0.000000,,,0,1,,,,,41.734205,BIG
ga,hfvrp_n150_m30_s02,150,30,0.250000,999,13430.754614,25648.973008,19842.997866,0.000000,,,0,1,,,,,43.009262,BIG
ga,hfvrp_n150_m30_s03,150,30,0.250000,999,15260.233845,28648.421652,22422.339258,0.000000,,,0,1,,,,,14.328956,MEDIUM
ga,hfvrp_n200_m40_s01,200,40,0.250000,10,22778.305062,33056.246808,31042.366764,0.000000,,,0,1,,,,,26.388858,MEDIUM
ga,hfvrp_n150_m30_s01,150,30,0.250000,1787933208951006341,20605.397650,47007.575402,32357.291500,0.000000,,,0,1,,,,,0.685245,DEFAULT
ga,hfvrp_n150_m30_s01,150,30,0.250000,1787933175284298429,22276.770422,65616.557937,38680.909906,0.000000,,,0,1,,,,,0.094321,SMALL
ga,hfvrp_n150_m30_s02,150,30,0.250000,1234,20098.956751,35845.651948,29060.369738,0.000000,,,0,1,,,,,0.708632,DEFAULT
ga,hfvrp_n150_m30_s02,150,30,0.250000,1234,25526.543865,73732.093402,43959.567215,0.000000,,,0,1,,,,,0.105870,SMALL
ga,hfvrp_n150_m30_s01,150,30,0.250000,1787933188269538170,11898.849096,25251.745762,18211.785536,0.000000,,,0,1,,,,,14.449496,MEDIUM
ga,hfvrp_n150_m30_s04,150,30,0.250000,100,15496.327087,19281.540888,20316.712309,0.000000,,,0,1,,,,,42.973289,BIG
ga,hfvrp_n150_m30_s05,150,30,0.250000,100,12793.635422,18970.561730,17536.275854,0.000000,,,0,1,,,,,42.832668,BIG
ga,hfvrp_n150_m30_s04,150,30,0.250000,200,21596.290631,45886.045625,33067.802037,0.000000,,,0,1,,,,,0.733693,DEFAULT
ga,hfvrp_n150_m30_s04,150,30,0.250000,200,23908.669436,71448.474860,41770.788151,0.000000,,,0,1,,,,,0.101142,SMALL
ga,hfvrp_n150_m30_s02,150,30,0.250000,1234,14570.849101,21369.119278,19913.128920,0.000000,,,0,1,,,,,14.253815,MEDIUM
ga,hfvrp_n150_m30_s05,150,30,0.250000,200,20564.253436,30691.997378,28237.252780,0.000000,,,0,1,,,,,0.686362,DEFAULT
ga,hfvrp_n150_m30_s05,150,30,0.250000,200,21524.547771,53041.954704,34785.036447,0.000000,,,0,1,,,,,0.101844,SMALL
ga,hfvrp_n150_m30_s03,150,30,0.250000,999,14387.799705,21620.694290,19792.973278,0.000000,,,0,1,,,,,41.720380,BIG
ga,hfvrp_n150_m30_s04,150,30,0.250000,200,15310.288657,22047.700059,20822.213671,0.000000,,,0,1,,,,,14.060922,MEDIUM
ga,hfvrp_n150_m30_s03,150,30,0.250000,1234,19503.278680,32646.307522,27664.855561,0.000000,,,0,1,,,,,0.718557,DEFAULT
ga,hfvrp_n150_m30_s03,150,30,0.250000,1234,23058.100476,72507.920209,41185.080529,0.000000,,,0,1,,,,,0.094003,SMALL
ga,hfvrp_n150_m30_s05,150,30,0.250000,200,13620.787638,20367.331793,18712.620586,0.000000,,,0,1,,,,,14.089391,MEDIUM
ga,hfvrp_n150_m30_s01,150,30,0.250000,1787933185544383935,14509.285123,21385.805955,19855.736612,0.000000,,,0,1,,,,,44.043902,BIG
ga,hfvrp_n150_m30_s03,150,30,0.250000,1234,14689.987657,22077.197570,20209.287050,0.000000,,,0,1,,,,,14.267658,MEDIUM
ga,hfvrp_n150_m30_s02,150,30,0.250000,1234,12219.874653,20858.257299,17434.438977,0.000000,,,0,1,,,,,42.582520,BIG
ga,hfvrp_n200_m40_s01,200,40,0.250000,10,20609.409308,32758.967077,28799.151077,0.000000,,,0,1,,,,,80.414692,BIG
ga,hfvrp_n150_m30_s04,150,30,0.250000,200,16264.962181,17769.261005,20707.277432,0.000000,,,0,1,,,,,44.250316,BIG
ga,hfvrp_n150_m30_s05,150,30,0.250000,200,12806.193983,20607.234424,17958.002588,0.000000,,,0,1,,,,,42.119726,BIG
ga,hfvrp_n150_m30_s02,150,30,0.250000,9999,15823.032760,33059.863905,24087.998736,0.000000,,,0,1,,,,,0.710481,DEFAULT
ga,hfvrp_n150_m30_s02,150,30,0.250000,9999,23403.675218,59547.548761,38290.562408,0.000000,,,0,1,,,,,0.104505,SMALL
ga,hfvrp_n150_m30_s04,150,30,0.250000,999,21727.459508,50911.688513,34455.381636,0.000000,,,0,1,,,,,0.743090,DEFAULT
ga,hfvrp_n150_m30_s04,150,30,0.250000,999,27371.602486,66227.309070,43928.429753,0.000000,,,0,1,,,,,0.111485,SMALL
ga,hfvrp_n200_m40_s02,200,40,0.250000,1787929241842029432,34440.617235,80200.885320,54490.838565,0.000000,,,0,1,,,,,1.272564,DEFAULT
ga,hfvrp_n200_m40_s02,200,40,0.250000,1787929135751643942,42552.574204,99703.758858,67478.513918,0.000000,,,0,1,,,,,0.163351,SMALL
ga,hfvrp_n150_m30_s05,150,30,0.250000,999,19568.727954,42145.879965,30105.197945,0.000000,,,0,1,,,,,0.689588,DEFAULT
ga,hfvrp_n150_m30_s05,150,30,0.250000,999,24967.995389,63276.021884,40787.000860,0.000000,,,0,1,,,,,0.101432,SMALL
ga,hfvrp_n150_m30_s03,150,30,0.250000,1234,13210.644276,26102.447436,19736.256135,0.000000,,,0,1,,,,,42.309543,BIG
ga,hfvrp_n150_m30_s02,150,30,0.250000,9999,14607.416099,22123.904307,20138.392176,0.000000,,,0,1,,,,,14.480549,MEDIUM
ga,hfvrp_n150_m30_s04,150,30,0.250000,999,14915.603170,28710.456715,22093.217349,0.000000,,,0,1,,,,,14.360773,MEDIUM
ga,hfvrp_n150_m30_s03,150,30,0.250000,9999,19051.604871,43931.257415,30034.419224,0.000000,,,0,1,,,,,0.701949,DEFAULT
ga,hfvrp_n150_m30_s03,150,30,0.250000,9999,22253.730881,71537.012681,40137.984051,0.000000,,,0,1,,,,,0.098115,SMALL
ga,hfvrp_n200_m40_s01,200,40,0.250000,50,34686.038542,81998.790304,55185.736118,0.000000,,,0,1,,,,,1.322328,DEFAULT
ga,hfvrp_n200_m40_s01,200,40,0.250000,50,40798.897795,116530.928287,69931.629867,0.000000,,,0,1,,,,,0.164036,SMALL
ga,hfvrp_n150_m30_s05,150,30,0.250000,999,12947.994282,20345.557821,18034.383737,0.000000,,,0,1,,,,,14.097303,MEDIUM
ga,hfvrp_n200_m40_s02,200,40,0.250000,1787929131625502446,22987.601990,30862.841605,30703.312392,0.000000,,,0,1,,,,,27.112832,MEDIUM
ga,hfvrp_n150_m30_s03,150,30,0.250000,9999,15379.933551,22307.554169,20956.822093,0.000000,,,0,1,,,,,14.333469,MEDIUM
ga,hfvrp_n200_m40_s01,200,40,0.250000,50,22591.386936,33006.003282,30842.887756,0.000000,,,0,1,,,,,26.931315,MEDIUM
ga,hfvrp_n150_m30_s02,150,30,0.250000,9999,14624.197565,17160.298951,18914.272303,0.000000,,,0,1,,,,,43.101900,BIG
ga,hfvrp_n150_m30_s04,150,30,0.250000,999,14459.927988,24136.335948,20494.011975,0.000000,,,0,1,,,,,43.668965,BIG
ga,hfvrp_n150_m30_s05,150,30,0.250000,999,12231.795414,21057.517500,17496.174789,0.000000,,,0,1,,,,,43.116476,BIG
ga,hfvrp_n150_m30_s04,150,30,0.250000,1234,20034.482871,56278.703831,34104.158829,0.000000,,,0,1,,,,,0.687889,DEFAULT
ga,hfvrp_n150_m30_s04,150,30,0.250000,1234,27314.655461,65427.726552,43671.587099,0.000000,,,0,1,,,,,0.111190,SMALL
ga,hfvrp_n150_m30_s05,150,30,0.250000,1234,18067.406567,32206.067797,26118.923516,0.000000,,,0,1,,,,,0.697785,DEFAULT
ga,hfvrp_n150_m30_s02,150,30,0.250000,19345,19526.398395,33801.372287,27976.741467,0.000000,,,0,1,,,,,0.730845,DEFAULT
ga,hfvrp_n150_m30_s05,150,30,0.250000,1234,24978.101101,53218.242625,38282.661757,0.000000,,,0,1,,,,,0.106944,SMALL
ga,hfvrp_n150_m30_s02,150,30,0.250000,19345,22126.528308,67230.482399,38934.148907,0.000000,,,0,1,,,,,0.108235,SMALL
ga,hfvrp_n150_m30_s03,150,30,0.250000,9999,16254.308292,19566.757092,21145.997565,0.000000,,,0,1,,,,,41.501830,BIG
ga,hfvrp_n150_m30_s03,150,30,0.250000,19345,19333.651416,47389.346668,31180.988083,0.000000,,,0,1,,,,,0.712130,DEFAULT
ga,hfvrp_n150_m30_s03,150,30,0.250000,19345,22352.429829,91916.615880,45331.583799,0.000000,,,0,1,,,,,0.099085,SMALL
ga,hfvrp_n150_m30_s04,150,30,0.250000,1234,16122.320630,22264.917109,21688.549907,0.000000,,,0,1,,,,,14.411501,MEDIUM
ga,hfvrp_n150_m30_s05,150,30,0.250000,1234,13221.674619,23388.069634,19068.692028,0.000000,,,0,1,,,,,14.135621,MEDIUM
ga,hfvrp_n150_m30_s02,150,30,0.250000,19345,14579.601230,22817.785201,20284.047530,0.000000,,,0,1,,,,,14.229766,MEDIUM
ga,hfvrp_n150_m30_s03,150,30,0.250000,19345,14509.096819,20118.281117,19538.667098,0.000000,,,0,1,,,,,14.219681,MEDIUM
ga,hfvrp_n200_m40_s02,200,40,0.250000,1787929102913976162,21929.576184,23745.542361,27865.961774,0.000000,,,0,1,,,,,77.349133,BIG
ga,hfvrp_n150_m30_s04,150,30,0.250000,1234,15906.201421,20897.742062,21130.636936,0.000000,,,0,1,,,,,43.350440,BIG
ga,hfvrp_n200_m40_s01,200,40,0.250000,50,21917.769440,27471.099084,28785.544211,0.000000,,,0,1,,,,,80.635706,BIG
ga,hfvrp_n150_m30_s05,150,30,0.250000,1234,11982.470972,20394.766582,17081.162618,0.000000,,,0,1,,,,,43.072921,BIG
ga,hfvrp_n150_m30_s02,150,30,0.250000,19345,13172.269876,24693.875148,19345.738663,0.000000,,,0,1,,,,,43.029180,BIG
ga,hfvrp_n150_m30_s04,150,30,0.250000,9999,20634.074520,33111.690218,28911.997075,0.000000,,,0,1,,,,,0.744305,DEFAULT
ga,hfvrp_n150_m30_s04,150,30,0.250000,9999,25550.215412,73967.156527,44042.004543,0.000000,,,0,1,,,,,0.108602,SMALL
ga,hfvrp_n150_m30_s03,150,30,0.250000,19345,14472.521398,20933.356018,19705.860403,0.000000,,,0,1,,,,,42.303749,BIG
ga,hfvrp_n150_m30_s05,150,30,0.250000,9999,17660.931937,31563.408314,25551.784015,0.000000,,,0,1,,,,,0.681234,DEFAULT
ga,hfvrp_n150_m30_s05,150,30,0.250000,9999,21087.397367,56750.521657,35275.027781,0.000000,,,0,1,,,,,0.104796,SMALL
ga,hfvrp_n150_m30_s03,150,30,0.250000,1787929191434197468,20490.614629,50021.010912,32995.867357,0.000000,,,0,1,,,,,0.714831,DEFAULT
ga,hfvrp_n150_m30_s03,150,30,0.250000,1787929196452869246,26326.016657,76239.800259,45385.966722,0.000000,,,0,1,,,,,0.102946,SMALL
ga,hfvrp_n200_m40_s02,200,40,0.250000,1,32954.046638,54449.525235,46566.427946,0.000000,,,0,1,,,,,1.319846,DEFAULT
ga,hfvrp_n200_m40_s02,200,40,0.250000,1,39121.615161,92708.821123,62298.820441,0.000000,,,0,1,,,,,0.168691,SMALL
ga,hfvrp_n150_m30_s02,150,30,0.250000,1787929241506031756,18376.098937,38534.985298,28009.845262,0.000000,,,0,1,,,,,0.723799,DEFAULT
ga,hfvrp_n150_m30_s02,150,30,0.250000,1787929255119280054,26295.671656,85946.917721,47782.401087,0.000000,,,0,1,,,,,0.088505,SMALL
ga,hfvrp_n150_m30_s04,150,30,0.250000,9999,15374.815508,23032.085783,21132.836953,0.000000,,,0,1,,,,,14.555781,MEDIUM
ga,hfvrp_n150_m30_s05,150,30,0.250000,9999,13389.844434,20799.243272,18589.655253,0.000000,,,0,1,,,,,14.025063,MEDIUM
ga,hfvrp_n200_m40_s01,200,40,0.250000,75,35201.477041,49188.870956,47498.694780,0.000000,,,0,1,,,,,1.364287,DEFAULT
ga,hfvrp_n200_m40_s01,200,40,0.250000,75,42497.292993,123445.548092,73358.680016,0.000000,,,0,1,,,,,0.163128,SMALL
ga,hfvrp_n150_m30_s03,150,30,0.250000,1787929200857824591,14843.118715,23146.546754,20629.755404,0.000000,,,0,1,,,,,14.538031,MEDIUM
ga,hfvrp_n150_m30_s02,150,30,0.250000,1787929250922198631,12941.713711,20246.781198,18003.409011,0.000000,,,0,1,,,,,14.745079,MEDIUM
ga,hfvrp_n200_m40_s02,200,40,0.250000,1,23654.556013,26849.839866,30367.015980,0.000000,,,0,1,,,,,24.969362,MEDIUM
ga,hfvrp_n200_m40_s01,200,40,0.250000,75,24437.948320,34142.610005,32973.600821,0.000000,,,0,1,,,,,25.863721,MEDIUM
ga,hfvrp_n150_m30_s04,150,30,0.250000,9999,14173.992745,25246.688733,20485.664928,0.000000,,,0,1,,,,,43.441038,BIG
ga,hfvrp_n150_m30_s05,150,30,0.250000,9999,13713.030369,21851.358865,19175.870085,0.000000,,,0,1,,,,,42.543288,BIG
ga,hfvrp_n150_m30_s04,150,30,0.250000,19345,22724.738665,36254.887118,31788.460445,0.000000,,,0,1,,,,,0.737090,DEFAULT
ga,hfvrp_n150_m30_s04,150,30,0.250000,19345,25946.571709,86654.733452,47610.255072,0.000000,,,0,1,,,,,0.098336,SMALL
ga,hfvrp_n150_m30_s03,150,30,0.250000,1787929984200042901,13826.103214,31516.943776,21705.339158,0.000000,,,0,1,,,,,42.316473,BIG
ga,hfvrp_n150_m30_s05,150,30,0.250000,19345,17624.626655,32542.662348,25760.292242,0.000000,,,0,1,,,,,0.693054,DEFAULT
ga,hfvrp_n150_m30_s05,150,30,0.250000,19345,25967.907686,54796.133335,39666.941020,0.000000,,,0,1,,,,,0.099935,SMALL
ga,hfvrp_n150_m30_s02,150,30,0.250000,1787929991521887196,13923.922850,20953.993612,19162.421253,0.000000,,,0,1,,,,,42.886254,BIG
ga,hfvrp_n150_m30_s04,150,30,0.250000,19345,16280.633609,22999.038747,22030.393296,0.000000,,,0,1,,,,,14.409947,MEDIUM
ga,hfvrp_n150_m30_s05,150,30,0.250000,19345,13436.828688,18023.801736,17942.779122,0.000000,,,0,1,,,,,14.380381,MEDIUM
ga,hfvrp_n200_m40_s03,200,40,0.250000,1787929910822017951,31944.904097,79025.114236,51701.182656,0.000000,,,0,1,,,,,1.290558,DEFAULT
ga,hfvrp_n200_m40_s03,200,40,0.250000,1787929985132185010,45104.312441,118431.215009,74712.116193,0.000000,,,0,1,,,,,0.159461,SMALL
ga,hfvrp_n200_m40_s04,200,40,0.250000,1787929994866542620,36310.567309,55174.050867,50104.080026,0.000000,,,0,1,,,,,1.368688,DEFAULT
ga,hfvrp_n200_m40_s04,200,40,0.250000,1787929991945406458,42748.412220,108426.073239,69854.930530,0.000000,,,0,1,,,,,0.174483,SMALL
ga,hfvrp_n200_m40_s02,200,40,0.250000,1,22869.480410,23466.106321,28736.006991,0.000000,,,0,1,,,,,76.680457,BIG
ga,hfvrp_n150_m30_s04,150,30,0.250000,19345,14332.120723,23186.540107,20128.755749,0.000000,,,0,1,,,,,43.978072,BIG
ga,hfvrp_n200_m40_s03,200,40,0.250000,1787929981007586541,22521.104275,36326.433245,31602.712587,0.000000,,,0,1,,,,,26.262245,MEDIUM
ga,hfvrp_n150_m30_s05,150,30,0.250000,19345,12616.268294,17425.114869,16972.547011,0.000000,,,0,1,,,,,42.268728,BIG
ga,hfvrp_n200_m40_s04,200,40,0.250000,1787930005009861224,25827.105332,26200.622279,32377.260902,0.000000,,,0,1,,,,,26.438471,MEDIUM
ga,hfvrp_n200_m40_s01,200,40,0.250000,75,22619.703454,33326.173128,30951.246737,0.000000,,,0,1,,,,,78.731905,BIG
ga,hfvrp_n150_m30_s04,150,30,0.250000,1787929848220378871,24297.391138,46189.888522,35844.863269,0.000000,,,0,1,,,,,0.688252,DEFAULT
ga,hfvrp_n150_m30_s04,150,30,0.250000,1787929844622791637,24821.395817,74796.666768,43520.562509,0.000000,,,0,1,,,,,0.111352,SMALL
ga,hfvrp_n150_m30_s05,150,30,0.250000,1787929854903685573,19246.594417,39726.438892,29178.204140,0.000000,,,0,1,,,,,0.682427,DEFAULT
ga,hfvrp_n150_m30_s05,150,30,0.250000,1787929868475583424,21516.736948,49733.678788,33950.156645,0.000000,,,0,1,,,,,0.100886,SMALL
ga,hfvrp_n150_m30_s04,150,30,0.250000,1787929857628456724,14539.771359,20666.124885,19706.302580,0.000000,,,0,1,,,,,14.676074,MEDIUM
ga,hfvrp_n200_m40_s02,200,40,0.250000,10,34183.329148,60437.366648,49292.670810,0.000000,,,0,1,,,,,1.260159,DEFAULT
ga,hfvrp_n200_m40_s02,200,40,0.250000,10,37075.224709,107356.029887,63914.232180,0.000000,,,0,1,,,,,0.176503,SMALL
ga,hfvrp_n150_m30_s05,150,30,0.250000,1787929872875840548,11923.930146,20353.870337,17012.397730,0.000000,,,0,1,,,,,13.945726,MEDIUM
ga,hfvrp_n200_m40_s01,200,40,0.250000,100,37638.814852,64466.532133,53755.447885,0.000000,,,0,1,,,,,1.327007,DEFAULT
ga,hfvrp_n200_m40_s01,200,40,0.250000,100,44283.604197,106204.695025,70834.777953,0.000000,,,0,1,,,,,0.169301,SMALL
ga,hfvrp_n200_m40_s02,200,40,0.250000,10,24647.695228,26515.251981,31276.508223,0.000000,,,0,1,,,,,25.442769,MEDIUM
ga,hfvrp_n200_m40_s01,200,40,0.250000,100,24618.986570,37135.855877,33902.950539,0.000000,,,0,1,,,,,26.015374,MEDIUM
ga,hfvrp_n150_m30_s04,150,30,0.250000,1787929859429884835,15731.852842,27130.763011,22514.543594,0.000000,,,0,1,,,,,43.173303,BIG
ga,hfvrp_n150_m30_s05,150,30,0.250000,1787929770862533240,11575.180507,22371.286391,17168.002105,0.000000,,,0,1,,,,,42.763874,BIG
ga,augerat_A_n32_k5,31,8,0.250000,1787929659128482711,8260.728989,1800.723823,8710.909945,0.000000,,,0,1,,,,,0.101970,DEFAULT
ga,augerat_A_n32_k5,31,8,0.250000,1787929654944168160,8363.311671,1864.031987,8829.319667,0.000000,,,0,1,,,,,0.017711,SMALL
ga,augerat_A_n32_k5,31,8,0.250000,1787929650670898769,8242.368628,1753.296746,8680.692814,0.000000,,,0,1,,,,,2.094859,MEDIUM
ga,augerat_A_n32_k5,31,8,0.250000,1787929648480132066,8219.468787,1796.128234,8668.500845,0.000000,,,0,1,,,,,6.256454,BIG
ga,augerat_A_n32_k5,31,8,0.250000,1,8291.472976,1735.560688,8725.363148,0.000000,,,0,1,,,,,0.104248,DEFAULT
ga,augerat_A_n32_k5,31,8,0.250000,1,8404.762790,1752.799542,8842.962676,0.000000,,,0,1,,,,,0.012357,SMALL
ga,hfvrp_n200_m40_s03,200,40,0.250000,1787929955741881350,23006.744648,34130.318105,31539.324174,0.000000,,,0,1,,,,,77.921266,BIG
ga,augerat_A_n32_k5,31,8,0.250000,1,8223.983871,1799.175243,8673.777682,0.000000,,,0,1,,,,,2.050333,MEDIUM
ga,hfvrp_n200_m40_s04,200,40,0.250000,1787929816711550101,24594.623356,29508.325598,31971.704756,0.000000,,,0,1,,,,,78.612334,BIG
ga,augerat_A_n32_k5,31,8,0.250000,1,8266.382268,1728.815837,8698.586228,0.000000,,,0,1,,,,,6.295006,BIG
ga,augerat_A_n32_k5,31,8,0.250000,10,8326.818363,1752.799542,8765.018249,0.000000,,,0,1,,,,,0.100318,DEFAULT
ga,augerat_A_n32_k5,31,8,0.250000,10,8252.327770,1796.128234,8701.359828,0.000000,,,0,1,,,,,0.016076,SMALL
ga,augerat_A_n32_k5,31,8,0.250000,10,8224.121865,1796.128234,8673.153924,0.000000,,,0,1,,,,,2.144204,MEDIUM
ga,augerat_A_n32_k5,31,8,0.250000,10,8235.664139,1753.296746,8673.988325,0.000000,,,0,1,,,,,6.419605,BIG
ga,augerat_A_n32_k5,31,8,0.250000,50,8275.591982,1724.570302,8706.734557,0.000000,,,0,1,,,,,0.105494,DEFAULT
ga,augerat_A_n32_k5,31,8,0.250000,50,8388.842992,1843.264806,8849.659194,0.000000,,,0,1,,,,,0.015125,SMALL
ga,augerat_A_n32_k5,31,8,0.250000,50,8276.383595,1724.570302,8707.526170,0.000000,,,0,1,,,,,2.064880,MEDIUM
ga,augerat_A_n32_k5,31,8,0.250000,50,8227.756028,1753.296746,8666.080214,0.000000,,,0,1,,,,,6.299935,BIG
ga,augerat_A_n32_k5,31,8,0.250000,75,8252.327770,1796.128234,8701.359828,0.000000,,,0,1,,,,,0.101725,DEFAULT
ga,augerat_A_n32_k5,31,8,0.250000,75,8393.828170,2007.239385,8895.638016,0.000000,,,0,1,,,,,0.011881,SMALL
ga,augerat_A_n32_k5,31,8,0.250000,75,8281.203178,1724.570302,8712.345753,0.000000,,,0,1,,,,,2.070543,MEDIUM
ga,hfvrp_n200_m40_s05,200,40,0.250000,1787930816820200139,34544.700789,63496.253309,50418.764116,0.000000,,,0,1,,,,,1.327034,DEFAULT
ga,hfvrp_n200_m40_s05,200,40,0.250000,1787930800977644639,43695.146283,121258.394826,74009.744990,0.000000,,,0,1,,,,,0.187968,SMALL
ga,hfvrp_n200_m40_s03,200,40,0.250000,1,38640.567090,90532.102048,61273.592602,0.000000,,,0,1,,,,,1.279799,DEFAULT
ga,hfvrp_n200_m40_s03,200,40,0.250000,1,44010.307849,172854.886340,87224.029434,0.000000,,,0,1,,,,,0.153268,SMALL
ga,augerat_A_n32_k5,31,8,0.250000,75,8227.756028,1753.296746,8666.080214,0.000000,,,0,1,,,,,6.291964,BIG
ga,augerat_A_n32_k5,31,8,0.250000,100,8364.776972,1761.408927,8805.129203,0.000000,,,0,1,,,,,0.105032,DEFAULT
ga,augerat_A_n32_k5,31,8,0.250000,100,8369.019746,1724.570302,8800.162321,0.000000,,,0,1,,,,,0.016561,SMALL
ga,hfvrp_n200_m40_s04,200,40,0.250000,1,35382.019398,50738.182728,48066.565080,0.000000,,,0,1,,,,,1.306692,DEFAULT
ga,hfvrp_n200_m40_s04,200,40,0.250000,1,43843.196944,90229.481953,66400.567432,0.000000,,,0,1,,,,,0.173449,SMALL
ga,augerat_A_n32_k5,31,8,0.250000,100,8266.382268,1728.815837,8698.586228,0.000000,,,0,1,,,,,2.076315,MEDIUM
ga,augerat_A_n32_k5,31,8,0.250000,100,8232.409106,1753.296746,8670.733292,0.000000,,,0,1,,,,,6.397013,BIG
ga,augerat_A_n32_k5,31,8,0.250000,200,8281.723368,1727.617312,8713.627696,0.000000,,,0,1,,,,,0.105782,DEFAULT
ga,augerat_A_n32_k5,31,8,0.250000,200,8280.209301,1911.774336,8758.152885,0.000000,,,0,1,,,,,0.014282,SMALL
ga,augerat_A_n32_k5,31,8,0.250000,200,8275.591982,1724.570302,8706.734557,0.000000,,,0,1,,,,,2.061218,MEDIUM
ga,augerat_A_n32_k5,31,8,0.250000,200,8227.756028,1753.296746,8666.080214,0.000000,,,0,1,,,,,6.273471,BIG
ga,augerat_A_n32_k5,31,8,0.250000,999,8315.880142,1727.304924,8747.706373,0.000000,,,0,1,,,,,0.103963,DEFAULT
ga,augerat_A_n32_k5,31,8,0.250000,999,8474.100112,1847.130509,8935.882739,0.000000,,,0,1,,,,,0.013577,SMALL
ga,hfvrp_n200_m40_s02,200,40,0.250000,10,23223.247115,22758.609347,28912.899451,0.000000,,,0,1,,,,,79.347974,BIG
ga,augerat_A_n32_k5,31,8,0.250000,999,8229.557118,1781.919766,8675.037059,0.000000,,,0,1,,,,,2.050815,MEDIUM
ga,hfvrp_n200_m40_s05,200,40,0.250000,1787930874188182534,23797.711632,27872.482091,30765.832155,0.000000,,,0,1,,,,,25.230386,MEDIUM
ga,hfvrp_n200_m40_s03,200,40,0.250000,1,23472.926766,39808.940417,33425.161871,0.000000,,,0,1,,,,,25.612485,MEDIUM
ga,augerat_A_n32_k5,31,8,0.250000,999,8219.468787,1796.128234,8668.500845,0.000000,,,0,1,,,,,6.260213,BIG
ga,augerat_A_n32_k5,31,8,0.250000,1234,8312.069653,1727.617312,8743.973981,0.000000,,,0,1,,,,,0.100303,DEFAULT
ga,augerat_A_n32_k5,31,8,0.250000,1234,8435.333260,1724.570302,8866.475836,0.000000,,,0,1,,,,,0.012215,SMALL
ga,hfvrp_n200_m40_s04,200,40,0.250000,1,25181.428871,30352.212967,32769.482113,0.000000,,,0,1,,,,,25.842201,MEDIUM
ga,augerat_A_n32_k5,31,8,0.250000,1234,8224.288370,1796.128234,8673.320428,0.000000,,,0,1,,,,,2.074438,MEDIUM
ga,hfvrp_n200_m40_s01,200,40,0.250000,100,22876.698428,34820.256907,31581.762654,0.000000,,,0,1,,,,,78.917335,BIG
ga,augerat_A_n32_k5,31,8,0.250000,1234,8219.468787,1796.128234,8668.500845,0.000000,,,0,1,,,,,6.266291,BIG
ga,augerat_A_n32_k5,31,8,0.250000,9999,8346.973188,1724.570302,8778.115764,0.000000,,,0,1,,,,,0.104086,DEFAULT
ga,augerat_A_n32_k5,31,8,0.250000,9999,8493.829270,1724.570302,8924.971846,0.000000,,,0,1,,,,,0.012804,SMALL
ga,augerat_A_n32_k5,31,8,0.250000,9999,8224.288370,1796.128234,8673.320428,0.000000,,,0,1,,,,,2.067323,MEDIUM
ga,augerat_A_n32_k5,31,8,0.250000,9999,8235.664139,1753.296746,8673.988325,0.000000,,,0,1,,,,,6.336431,BIG
ga,augerat_A_n32_k5,31,8,0.250000,19345,8294.192822,1727.617312,8726.097150,0.000000,,,0,1,,,,,0.105243,DEFAULT
ga,augerat_A_n32_k5,31,8,0.250000,19345,8361.002620,2015.293063,8864.825886,0.000000,,,0,1,,,,,0.012315,SMALL
ga,augerat_A_n32_k5,31,8,0.250000,19345,8224.121865,1796.128234,8673.153924,0.000000,,,0,1,,,,,2.082888,MEDIUM
ga,augerat_A_n32_k5,31,8,0.250000,19345,8227.756028,1753.296746,8666.080214,0.000000,,,0,1,,,,,6.347902,BIG
ga,augerat_A_n32_k5,31,8,0.250000,1787931235707830360,8276.363980,1727.617312,8708.268308,0.000000,,,0,1,,,,,0.106098,DEFAULT
ga,augerat_A_n32_k5,31,8,0.250000,1787931248702919063,8383.008630,2025.152010,8889.296633,0.000000,,,0,1,,,,,0.012515,SMALL
ga,augerat_A_n32_k5,31,8,0.250000,1787931244424154819,8234.081387,1796.128234,8683.113445,0.000000,,,0,1,,,,,2.081614,MEDIUM
ga,hfvrp_n200_m40_s02,200,40,0.250000,50,35463.849895,81788.636562,55911.009036,0.000000,,,0,1,,,,,1.299901,DEFAULT
ga,hfvrp_n200_m40_s02,200,40,0.250000,50,38697.795000,96594.714513,62846.473628,0.000000,,,0,1,,,,,0.175236,SMALL
ga,augerat_A_n32_k5,31,8,0.250000,1787931225035366106,8232.409106,1753.296746,8670.733292,0.000000,,,0,1,,,,,6.356455,BIG
ga,augerat_A_n37_k5,36,8,0.250000,1787931158564802115,8337.664178,1221.372027,8643.007184,0.000000,,,0,1,,,,,0.117954,DEFAULT
ga,augerat_A_n37_k5,36,8,0.250000,1787931154391949681,8475.182657,1687.331763,8897.015597,0.000000,,,0,1,,,,,0.013530,SMALL
ga,hfvrp_n200_m40_s01,200,40,0.250000,200,36651.680997,77411.445468,56004.542364,0.000000,,,0,1,,,,,1.374989,DEFAULT
ga,hfvrp_n200_m40_s01,200,40,0.250000,200,40781.449889,116539.825285,69916.406210,0.000000,,,0,1,,,,,0.176259,SMALL
ga,augerat_A_n37_k5,36,8,0.250000,1787931150118944339,8208.822878,1051.148822,8471.610084,0.000000,,,0,1,,,,,2.412298,MEDIUM
ga,augerat_A_n37_k5,36,8,0.250000,1787930267771876193,8179.372857,1225.838227,8485.832413,0.000000,,,0,1,,,,,7.417476,BIG
ga,augerat_A_n37_k5,36,8,0.250000,1,8287.733202,1035.252388,8546.546299,0.000000,,,0,1,,,,,0.120400,DEFAULT
ga,augerat_A_n37_k5,36,8,0.250000,1,8407.067393,1135.248400,8690.879493,0.000000,,,0,1,,,,,0.019887,SMALL
ga,augerat_A_n37_k5,36,8,0.250000,1,8283.983136,1014.793703,8537.681562,0.000000,,,0,1,,,,,2.434071,MEDIUM
ga,augerat_A_n37_k5,36,8,0.250000,1,8173.831332,1034.395289,8432.430154,0.000000,,,0,1,,,,,7.439276,BIG
ga,augerat_A_n37_k5,36,8,0.250000,10,8225.209914,1102.734125,8500.893445,0.000000,,,0,1,,,,,0.121731,DEFAULT
ga,augerat_A_n37_k5,36,8,0.250000,10,8517.302888,1293.362699,8840.643563,0.000000,,,0,1,,,,,0.013697,SMALL
ga,hfvrp_n200_m40_s02,200,40,0.250000,50,22152.020410,23865.828798,28118.477610,0.000000,,,0,1,,,,,26.428796,MEDIUM
ga,augerat_A_n37_k5,36,8,0.250000,10,8260.918929,1066.243120,8527.479709,0.000000,,,0,1,,,,,2.409957,MEDIUM
ga,hfvrp_n200_m40_s01,200,40,0.250000,200,24609.080543,29960.450100,32099.193068,0.000000,,,0,1,,,,,26.939733,MEDIUM
ga,augerat_A_n37_k5,36,8,0.250000,10,8185.751686,957.535434,8425.135544,0.000000,,,0,1,,,,,7.516556,BIG
ga,augerat_A_n37_k5,36,8,0.250000,50,8251.573912,1085.087718,8522.845842,0.000000,,,0,1,,,,,0.118838,DEFAULT
ga,augerat_A_n37_k5,36,8,0.250000,50,8445.269918,1239.421693,8755.125342,0.000000,,,0,1,,,,,0.014489,SMALL
ga,augerat_A_n37_k5,36,8,0.250000,50,8193.453389,1053.975508,8456.947266,0.000000,,,0,1,,,,,2.433768,MEDIUM
ga,hfvrp_n200_m40_s05,200,40,0.250000,1787931032572547340,21882.823756,23282.859975,27703.538750,0.000000,,,0,1,,,,,79.747907,BIG
ga,augerat_A_n37_k5,36,8,0.250000,50,8202.251390,969.399639,8444.601300,0.000000,,,0,1,,,,,7.480984,BIG
ga,augerat_A_n37_k5,36,8,0.250000,75,8221.686808,1072.026437,8489.693417,0.000000,,,0,1,,,,,0.123599,DEFAULT
ga,augerat_A_n37_k5,36,8,0.250000,75,8485.701383,1514.312284,8864.279454,0.000000,,,0,1,,,,,0.014278,SMALL
ga,hfvrp_n200_m40_s03,200,40,0.250000,1,21999.977332,34197.126937,30549.259067,0.000000,,,0,1,,,,,78.194454,BIG
ga,augerat_A_n37_k5,36,8,0.250000,75,8232.258605,1083.949651,8503.246018,0.000000,,,0,1,,,,,2.418242,MEDIUM
ga,hfvrp_n200_m40_s04,200,40,0.250000,1,23621.287920,25959.838060,30111.247435,0.000000,,,0,1,,,,,79.621852,BIG
ga,augerat_A_n37_k5,36,8,0.250000,75,8180.640717,1051.940679,8443.625886,0.000000,,,0,1,,,,,7.351469,BIG
ga,augerat_A_n37_k5,36,8,0.250000,100,8290.801533,1016.389893,8544.899006,0.000000,,,0,1,,,,,0.123680,DEFAULT
ga,augerat_A_n37_k5,36,8,0.250000,100,8487.207852,1166.839741,8778.917787,0.000000,,,0,1,,,,,0.016744,SMALL
ga,augerat_A_n37_k5,36,8,0.250000,100,8233.467579,989.834574,8480.926223,0.000000,,,0,1,,,,,2.419789,MEDIUM
ga,augerat_A_n37_k5,36,8,0.250000,100,8167.785119,1019.012831,8422.538326,0.000000,,,0,1,,,,,7.331203,BIG
ga,augerat_A_n37_k5,36,8,0.250000,200,8250.810382,1034.124960,8509.341622,0.000000,,,0,1,,,,,0.124645,DEFAULT
ga,augerat_A_n37_k5,36,8,0.250000,200,8342.658235,989.352141,8589.996270,0.000000,,,0,1,,,,,0.014946,SMALL
ga,augerat_A_n37_k5,36,8,0.250000,200,8210.494408,1014.097259,8464.018723,0.000000,,,0,1,,,,,2.470405,MEDIUM
ga,augerat_A_n37_k5,36,8,0.250000,200,8214.413543,1097.057421,8488.677898,0.000000,,,0,1,,,,,7.373141,BIG
ga,augerat_A_n37_k5,36,8,0.250000,999,8322.062834,1023.641796,8577.973283,0.000000,,,0,1,,,,,0.123762,DEFAULT
ga,augerat_A_n37_k5,36,8,0.250000,999,8441.802755,1136.514804,8725.931456,0.000000,,,0,1,,,,,0.019019,SMALL
ga,hfvrp_n200_m40_s03,200,40,0.250000,10,35171.568227,83060.291660,55936.641142,0.000000,,,0,1,,,,,1.278007,DEFAULT
ga,hfvrp_n200_m40_s03,200,40,0.250000,10,40589.194642,142076.560915,76108.334871,0.000000,,,0,1,,,,,0.166971,SMALL
ga,augerat_A_n37_k5,36,8,0.250000,999,8149.420249,959.843663,8389.381165,0.000000,,,0,1,,,,,2.451345,MEDIUM
ga,hfvrp_n200_m40_s04,200,40,0.250000,10,36409.130796,50490.792821,49031.829001,0.000000,,,0,1,,,,,1.293573,DEFAULT
ga,hfvrp_n200_m40_s04,200,40,0.250000,10,42166.169396,102813.656061,67869.583411,0.000000,,,0,1,,,,,0.172100,SMALL
ga,hfvrp_n200_m40_s05,200,40,0.250000,1,36515.787864,53319.583433,49845.683722,0.000000,,,0,1,,,,,1.317759,DEFAULT
ga,hfvrp_n200_m40_s05,200,40,0.250000,1,41077.313842,116475.837984,70196.273338,0.000000,,,0,1,,,,,0.191649,SMALL
ga,augerat_A_n37_k5,36,8,0.250000,999,8194.424311,1043.633968,8455.332803,0.000000,,,0,1,,,,,7.438417,BIG
ga,augerat_A_n37_k5,36,8,0.250000,1234,8232.191425,1110.326774,8509.773118,0.000000,,,0,1,,,,,0.125024,DEFAULT
ga,augerat_A_n37_k5,36,8,0.250000,1234,8452.725836,1509.440178,8830.085880,0.000000,,,0,1,,,,,0.014377,SMALL
ga,augerat_A_n37_k5,36,8,0.250000,1234,8176.211216,1152.161821,8464.251671,0.000000,,,0,1,,,,,2.420958,MEDIUM
ga,augerat_A_n37_k5,36,8,0.250000,1234,8170.778873,977.163870,8415.069840,0.000000,,,0,1,,,,,7.512268,BIG
ga,augerat_A_n37_k5,36,8,0.250000,9999,8162.714573,1332.733835,8495.898032,0.000000,,,0,1,,,,,0.122741,DEFAULT
ga,augerat_A_n37_k5,36,8,0.250000,9999,8384.924794,1351.768292,8722.866867,0.000000,,,0,1,,,,,0.014720,SMALL
ga,augerat_A_n37_k5,36,8,0.250000,9999,8187.648010,1005.454902,8439.011736,0.000000,,,0,1,,,,,2.433105,MEDIUM
ga,hfvrp_n200_m40_s03,200,40,0.250000,10,23887.588183,34701.175482,32562.882054,0.000000,,,0,1,,,,,26.095260,MEDIUM
ga,augerat_A_n37_k5,36,8,0.250000,9999,8173.300730,994.928948,8422.032968,0.000000,,,0,1,,,,,7.701359,BIG
ga,augerat_A_n37_k5,36,8,0.250000,19345,8302.511247,1037.670717,8561.928926,0.000000,,,0,1,,,,,0.123092,DEFAULT
ga,augerat_A_n37_k5,36,8,0.250000,19345,8338.784812,1447.655728,8700.698744,0.000000,,,0,1,,,,,0.015816,SMALL
ga,hfvrp_n200_m40_s04,200,40,0.250000,10,24382.363771,30611.952959,32035.352011,0.000000,,,0,1,,,,,26.431017,MEDIUM
ga,hfvrp_n200_m40_s02,200,40,0.250000,50,20600.052038,20201.767348,25650.493875,0.000000,,,0,1,,,,,80.212094,BIG
ga,augerat_A_n37_k5,36,8,0.250000,19345,8242.702870,1047.134624,8504.486526,0.000000,,,0,1,,,,,2.442992,MEDIUM
ga,hfvrp_n200_m40_s05,200,40,0.250000,1,25272.272233,33744.154809,33708.310936,0.000000,,,0,1,,,,,27.799134,MEDIUM
ga,hfvrp_n200_m40_s01,200,40,0.250000,200,22379.354812,27348.747520,29216.541692,0.000000,,,0,1,,,,,79.674840,BIG
ga,augerat_A_n37_k5,36,8,0.250000,19345,8225.372330,1000.240036,8475.432339,0.000000,,,0,1,,,,,7.656750,BIG
ga,augerat_A_n37_k5,36,8,0.250000,1787930476485968125,8300.250799,1360.915066,8640.479566,0.000000,,,0,1,,,,,0.123839,DEFAULT
ga,augerat_A_n37_k5,36,8,0.250000,1787930472318949610,8322.125290,1504.060692,8698.140463,0.000000,,,0,1,,,,,0.013843,SMALL
ga,augerat_A_n37_k5,36,8,0.250000,1787930485221429209,8192.535468,1016.122581,8446.566114,0.000000,,,0,1,,,,,2.416531,MEDIUM
ga,augerat_A_n37_k5,36,8,0.250000,1787930491937480982,8252.607018,1132.823801,8535.812968,0.000000,,,0,1,,,,,7.340843,BIG
ga,augerat_A_n45_k6,44,8,0.250000,1787936469535628528,11644.976077,1174.876184,11938.695123,0.000000,,,0,1,,,,,0.149893,DEFAULT
ga,augerat_A_n45_k6,44,8,0.250000,1787936439629842198,11756.212366,1373.426158,12099.568905,0.000000,,,0,1,,,,,0.021236,SMALL
ga,augerat_A_n45_k6,44,8,0.250000,1787936443950012441,11571.349035,1019.948777,11826.336229,0.000000,,,0,1,,,,,3.049717,MEDIUM
ga,augerat_A_n45_k6,44,8,0.250000,1787936451299241947,11528.346249,1101.955702,11803.835174,0.000000,,,0,1,,,,,9.104716,BIG
ga,augerat_A_n45_k6,44,8,0.250000,1,11605.034169,1192.722073,11903.214687,0.000000,,,0,1,,,,,0.154371,DEFAULT
ga,augerat_A_n45_k6,44,8,0.250000,1,11827.913571,1918.787548,12307.610458,0.000000,,,0,1,,,,,0.017442,SMALL
ga,augerat_A_n45_k6,44,8,0.250000,1,11574.701921,1074.930413,11843.434524,0.000000,,,0,1,,,,,2.980609,MEDIUM
ga,hfvrp_n200_m40_s01,200,40,0.250000,999,35868.980868,95537.863534,59753.446751,0.000000,,,0,1,,,,,1.274703,DEFAULT
ga,hfvrp_n200_m40_s01,200,40,0.250000,999,40439.531313,123099.766135,71214.472847,0.000000,,,0,1,,,,,0.170051,SMALL
ga,hfvrp_n200_m40_s02,200,40,0.250000,75,32347.157881,63011.644229,48100.068938,0.000000,,,0,1,,,,,1.318226,DEFAULT
ga,hfvrp_n200_m40_s02,200,40,0.250000,75,42809.473426,99576.360904,67703.563652,0.000000,,,0,1,,,,,0.171337,SMALL
ga,augerat_A_n45_k6,44,8,0.250000,1,11501.381263,1187.135604,11798.165164,0.000000,,,0,1,,,,,9.289029,BIG
ga,augerat_A_n45_k6,44,8,0.250000,10,11647.160018,1131.617031,11930.064275,0.000000,,,0,1,,,,,0.151801,DEFAULT
ga,augerat_A_n45_k6,44,8,0.250000,10,12061.951545,1412.019407,12414.956397,0.000000,,,0,1,,,,,0.017917,SMALL
ga,augerat_A_n45_k6,44,8,0.250000,10,11538.460882,1113.330259,11816.793447,0.000000,,,0,1,,,,,2.985552,MEDIUM
ga,augerat_A_n45_k6,44,8,0.250000,10,11503.082336,1114.285928,11781.653818,0.000000,,,0,1,,,,,9.241936,BIG
ga,augerat_A_n45_k6,44,8,0.250000,50,11781.600142,1602.424800,12182.206342,0.000000,,,0,1,,,,,0.150501,DEFAULT
ga,augerat_A_n45_k6,44,8,0.250000,50,12063.990701,1513.755064,12442.429467,0.000000,,,0,1,,,,,0.018187,SMALL
ga,augerat_A_n45_k6,44,8,0.250000,50,11596.697004,1042.394413,11857.295608,0.000000,,,0,1,,,,,3.029327,MEDIUM
ga,hfvrp_n200_m40_s02,200,40,0.250000,75,27670.079816,29551.603591,35057.980714,0.000000,,,0,1,,,,,25.442932,MEDIUM
ga,hfvrp_n200_m40_s01,200,40,0.250000,999,24108.404210,29511.969758,31486.396649,0.000000,,,0,1,,,,,27.650977,MEDIUM
ga,augerat_A_n45_k6,44,8,0.250000,50,11472.898730,1085.981359,11744.394070,0.000000,,,0,1,,,,,9.211684,BIG
ga,augerat_A_n45_k6,44,8,0.250000,75,11696.617697,1046.308692,11958.194871,0.000000,,,0,1,,,,,0.146046,DEFAULT
ga,augerat_A_n45_k6,44,8,0.250000,75,11849.876014,1856.372725,12313.969195,0.000000,,,0,1,,,,,0.023631,SMALL
ga,hfvrp_n200_m40_s03,200,40,0.250000,10,22850.280031,36671.663854,32018.195994,0.000000,,,0,1,,,,,77.496719,BIG
ga,augerat_A_n45_k6,44,8,0.250000,75,11678.859411,1048.303970,11940.935403,0.000000,,,0,1,,,,,3.074589,MEDIUM
ga,hfvrp_n200_m40_s04,200,40,0.250000,10,22957.321845,25849.713080,29419.750115,0.000000,,,0,1,,,,,77.723377,BIG
ga,augerat_A_n45_k6,44,8,0.250000,75,11604.418340,1025.745981,11860.854835,0.000000,,,0,1,,,,,9.220465,BIG
ga,augerat_A_n45_k6,44,8,0.250000,100,11748.366093,1181.864980,12043.832337,0.000000,,,0,1,,,,,0.150660,DEFAULT
ga,augerat_A_n45_k6,44,8,0.250000,100,11898.840673,1740.744247,12334.026734,0.000000,,,0,1,,,,,0.023675,SMALL
ga,hfvrp_n200_m40_s05,200,40,0.250000,1,23672.809102,27122.673933,30453.477585,0.000000,,,0,1,,,,,80.028170,BIG
ga,augerat_A_n45_k6,44,8,0.250000,100,11598.906655,991.116631,11846.685812,0.000000,,,0,1,,,,,3.010409,MEDIUM
ga,augerat_A_n45_k6,44,8,0.250000,100,11503.094705,1080.450653,11773.207368,0.000000,,,0,1,,,,,9.159558,BIG
ga,augerat_A_n45_k6,44,8,0.250000,200,11586.926392,1040.561914,11847.066871,0.000000,,,0,1,,,,,0.151706,DEFAULT
ga,augerat_A_n45_k6,44,8,0.250000,200,11899.991850,1249.561515,12212.382229,0.000000,,,0,1,,,,,0.019567,SMALL
ga,augerat_A_n45_k6,44,8,0.250000,200,11551.264004,1256.276014,11865.333007,0.000000,,,0,1,,,,,2.988723,MEDIUM
ga,hfvrp_n200_m40_s03,200,40,0.250000,50,38066.672801,70771.146232,55759.459359,0.000000,,,0,1,,,,,1.315134,DEFAULT
ga,hfvrp_n200_m40_s03,200,40,0.250000,50,43352.563556,110797.065599,71051.829956,0.000000,,,0,1,,,,,0.166398,SMALL
ga,hfvrp_n200_m40_s04,200,40,0.250000,50,38269.873585,60390.145223,53367.409891,0.000000,,,0,1,,,,,1.283818,DEFAULT
ga,hfvrp_n200_m40_s04,200,40,0.250000,50,36697.767384,59278.188266,51517.314450,0.000000,,,0,1,,,,,0.182722,SMALL
ga,augerat_A_n45_k6,44,8,0.250000,200,11536.091603,1037.189138,11795.388887,0.000000,,,0,1,,,,,9.205167,BIG
ga,augerat_A_n45_k6,44,8,0.250000,999,11652.815075,1035.850627,11911.777732,0.000000,,,0,1,,,,,0.149400,DEFAULT
ga,augerat_A_n45_k6,44,8,0.250000,999,11806.027059,2176.514347,12350.155646,0.000000,,,0,1,,,,,0.022338,SMALL
ga,augerat_A_n45_k6,44,8,0.250000,999,11495.073506,1164.507393,11786.200354,0.000000,,,0,1,,,,,3.046515,MEDIUM
ga,augerat_A_n45_k6,44,8,0.250000,999,11528.161541,1219.858226,11833.126097,0.000000,,,0,1,,,,,9.076599,BIG
ga,augerat_A_n45_k6,44,8,0.250000,1234,11795.492425,1027.762249,12052.432988,0.000000,,,0,1,,,,,0.147282,DEFAULT
ga,augerat_A_n45_k6,44,8,0.250000,1234,11963.323714,1706.113782,12389.852160,0.000000,,,0,1,,,,,0.025147,SMALL
ga,hfvrp_n200_m40_s05,200,40,0.250000,10,36027.045683,60904.418012,51253.150186,0.000000,,,0,1,,,,,1.406965,DEFAULT
ga,hfvrp_n200_m40_s05,200,40,0.250000,10,43767.821530,98232.458700,68325.936205,0.000000,,,0,1,,,,,0.181512,SMALL
ga,augerat_A_n45_k6,44,8,0.250000,1234,11513.875158,1093.853726,11787.338590,0.000000,,,0,1,,,,,3.085666,MEDIUM
ga,hfvrp_n200_m40_s03,200,40,0.250000,50,23148.455213,42326.355967,33730.044205,0.000000,,,0,1,,,,,26.754931,MEDIUM
ga,augerat_A_n45_k6,44,8,0.250000,1234,11401.778273,1233.414014,11710.131777,0.000000,,,0,1,,,,,9.358908,BIG
ga,augerat_A_n45_k6,44,8,0.250000,9999,11628.041181,1073.049728,11896.303613,0.000000,,,0,1,,,,,0.143587,DEFAULT
ga,augerat_A_n45_k6,44,8,0.250000,9999,11858.341070,1816.671469,12312.508937,0.000000,,,0,1,,,,,0.022245,SMALL
ga,hfvrp_n200_m40_s04,200,40,0.250000,50,23390.666298,25783.689190,29836.588595,0.000000,,,0,1,,,,,26.030802,MEDIUM
ga,augerat_A_n45_k6,44,8,0.250000,9999,11577.867136,1039.962595,11837.857785,0.000000,,,0,1,,,,,2.999993,MEDIUM
ga,hfvrp_n200_m40_s02,200,40,0.250000,75,20548.117062,19238.869448,25357.834424,0.000000,,,0,1,,,,,79.004889,BIG
ga,hfvrp_n200_m40_s01,200,40,0.250000,999,21295.807687,31903.109303,29271.585013,0.000000,,,0,1,,,,,78.724824,BIG
ga,augerat_A_n45_k6,44,8,0.250000,9999,11508.367462,987.062516,11755.133091,0.000000,,,0,1,,,,,9.436101,BIG
ga,augerat_A_n45_k6,44,8,0.250000,19345,11783.418446,1199.830895,12083.376169,0.000000,,,0,1,,,,,0.147552,DEFAULT
ga,augerat_A_n45_k6,44,8,0.250000,19345,11901.943910,1221.524504,12207.325036,0.000000,,,0,1,,,,,0.019165,SMALL
ga,hfvrp_n200_m40_s05,200,40,0.250000,10,22788.168182,28724.739700,29969.353107,0.000000,,,0,1,,,,,25.317421,MEDIUM
ga,augerat_A_n45_k6,44,8,0.250000,19345,11628.123628,1245.937455,11939.607992,0.000000,,,0,1,,,,,3.005258,MEDIUM
ga,augerat_A_n45_k6,44,8,0.250000,19345,11542.940695,1115.453629,11821.804102,0.000000,,,0,1,,,,,9.238223,BIG
ga,augerat_A_n45_k6,44,8,0.250000,1787936033368115154,11595.509059,1055.403191,11859.359857,0.000000,,,0,1,,,,,0.148041,DEFAULT
ga,augerat_A_n45_k6,44,8,0.250000,1787936037815322763,11910.394566,1771.041865,12353.155033,0.000000,,,0,1,,,,,0.018812,SMALL
ga,augerat_A_n45_k6,44,8,0.250000,1787936042132900344,11606.047010,1025.012005,11862.300011,0.000000,,,0,1,,,,,3.008202,MEDIUM
ga,augerat_A_n45_k6,44,8,0.250000,1787935946361347247,11569.531420,1072.525173,11837.662713,0.000000,,,0,1,,,,,9.249922,BIG
ga,augerat_A_n54_k7,53,8,0.250000,1787935964575877046,12659.191901,3003.200152,13409.991939,0.000000,,,0,1,,,,,0.188655,DEFAULT
ga,augerat_A_n54_k7,53,8,0.250000,1787935960473783641,13104.272274,3172.709908,13897.449751,0.000000,,,0,1,,,,,0.023140,SMALL
ga,augerat_A_n54_k7,53,8,0.250000,1787936162364214460,12583.934069,2808.651740,13286.097004,0.000000,,,0,1,,,,,3.675363,MEDIUM
ga,hfvrp_n200_m40_s01,200,40,0.250000,1234,33402.055767,54041.912030,46912.533774,0.000000,,,0,1,,,,,1.337055,DEFAULT
ga,hfvrp_n200_m40_s01,200,40,0.250000,1234,40770.942200,102668.831239,66438.150009,0.000000,,,0,1,,,,,0.159674,SMALL
ga,hfvrp_n200_m40_s02,200,40,0.250000,100,34598.395073,66889.729814,51320.827526,0.000000,,,0,1,,,,,1.309196,DEFAULT
ga,hfvrp_n200_m40_s02,200,40,0.250000,100,38710.779761,114318.988815,67290.526965,0.000000,,,0,1,,,,,0.168109,SMALL
ga,augerat_A_n54_k7,53,8,0.250000,1787936174633902608,12545.738468,2718.883883,13225.459439,0.000000,,,0,1,,,,,11.288490,BIG
ga,augerat_A_n54_k7,53,8,0.250000,1,12653.027405,2724.273249,13334.095717,0.000000,,,0,1,,,,,0.180438,DEFAULT
ga,augerat_A_n54_k7,53,8,0.250000,1,13064.544159,3932.611102,14047.696935,0.000000,,,0,1,,,,,0.021396,SMALL
ga,augerat_A_n54_k7,53,8,0.250000,1,12579.545969,2676.046026,13248.557476,0.000000,,,0,1,,,,,3.696279,MEDIUM
ga,augerat_A_n54_k7,53,8,0.250000,1,12469.748288,2716.806331,13148.949871,0.000000,,,0,1,,,,,11.348748,BIG
ga,augerat_A_n54_k7,53,8,0.250000,10,12805.443522,3324.871457,13636.661386,0.000000,,,0,1,,,,,0.179899,DEFAULT
ga,augerat_A_n54_k7,53,8,0.250000,10,12900.809818,4132.613852,13933.963281,0.000000,,,0,1,,,,,0.026963,SMALL
ga,hfvrp_n200_m40_s01,200,40,0.250000,1234,24212.926249,26814.302522,30916.501880,0.000000,,,0,1,,,,,26.312263,MEDIUM
ga,augerat_A_n54_k7,53,8,0.250000,10,12568.687821,2801.076257,13268.956885,0.000000,,,0,1,,,,,3.687556,MEDIUM
ga,hfvrp_n200_m40_s02,200,40,0.250000,100,23295.711024,27284.032783,30116.719220,0.000000,,,0,1,,,,,26.389189,MEDIUM
ga,hfvrp_n200_m40_s03,200,40,0.250000,50,22900.137110,32769.456997,31092.501359,0.000000,,,0,1,,,,,78.169798,BIG
ga,hfvrp_n200_m40_s04,200,40,0.250000,50,24354.778840,21529.617145,29737.183127,0.000000,,,0,1,,,,,79.044889,BIG
ga,augerat_A_n54_k7,53,8,0.250000,10,12538.479936,2778.263227,13233.045743,0.000000,,,0,1,,,,,11.261519,BIG
ga,augerat_A_n54_k7,53,8,0.250000,50,12809.928032,2717.242878,13489.238752,0.000000,,,0,1,,,,,0.184735,DEFAULT
ga,augerat_A_n54_k7,53,8,0.250000,50,12880.539196,3457.835787,13744.998142,0.000000,,,0,1,,,,,0.021449,SMALL
ga,augerat_A_n54_k7,53,8,0.250000,50,12535.907589,2752.092980,13223.930834,0.000000,,,0,1,,,,,3.664757,MEDIUM
ga,hfvrp_n200_m40_s05,200,40,0.250000,10,23229.116330,25667.040461,29645.876445,0.000000,,,0,1,,,,,75.756511,BIG
ga,augerat_A_n54_k7,53,8,0.250000,50,12514.012344,2918.101856,13243.537808,0.000000,,,0,1,,,,,11.319331,BIG
ga,augerat_A_n54_k7,53,8,0.250000,75,12673.078593,2977.591623,13417.476499,0.000000,,,0,1,,,,,0.186869,DEFAULT
ga,augerat_A_n54_k7,53,8,0.250000,75,13104.785905,3076.364005,13873.876906,0.000000,,,0,1,,,,,0.027564,SMALL
ga,augerat_A_n54_k7,53,8,0.250000,75,12589.278805,2716.407413,13268.380658,0.000000,,,0,1,,,,,3.680659,MEDIUM
ga,hfvrp_n200_m40_s03,200,40,0.250000,75,36955.751396,66066.461090,53472.366669,0.000000,,,0,1,,,,,1.313966,DEFAULT
ga,hfvrp_n200_m40_s03,200,40,0.250000,75,42130.370898,129846.102887,74591.896620,0.000000,,,0,1,,,,,0.168148,SMALL
ga,hfvrp_n200_m40_s04,200,40,0.250000,75,36563.437345,62513.920566,52191.917486,0.000000,,,0,1,,,,,1.305279,DEFAULT
ga,hfvrp_n200_m40_s04,200,40,0.250000,75,43930.052972,99302.357649,68755.642384,0.000000,,,0,1,,,,,0.187600,SMALL
ga,augerat_A_n54_k7,53,8,0.250000,75,12460.070913,2689.855642,13132.534823,0.000000,,,0,1,,,,,11.311210,BIG
ga,augerat_A_n54_k7,53,8,0.250000,100,12700.915882,2839.252679,13410.729052,0.000000,,,0,1,,,,,0.188474,DEFAULT
ga,augerat_A_n54_k7,53,8,0.250000,100,12904.012087,3272.560275,13722.152156,0.000000,,,0,1,,,,,0.027829,SMALL
ga,augerat_A_n54_k7,53,8,0.250000,100,12498.150282,2778.475128,13192.769064,0.000000,,,0,1,,,,,3.699361,MEDIUM
ga,hfvrp_n200_m40_s05,200,40,0.250000,50,36384.386010,68468.019291,53501.390832,0.000000,,,0,1,,,,,1.345295,DEFAULT
ga,hfvrp_n200_m40_s05,200,40,0.250000,50,43294.689285,94023.686572,66800.610928,0.000000,,,0,1,,,,,0.181649,SMALL
ga,augerat_A_n54_k7,53,8,0.250000,100,12623.439642,2819.021892,13328.195115,0.000000,,,0,1,,,,,11.354156,BIG
ga,augerat_A_n54_k7,53,8,0.250000,200,12581.435352,2914.688137,13310.107387,0.000000,,,0,1,,,,,0.179605,DEFAULT
ga,augerat_A_n54_k7,53,8,0.250000,200,13007.741750,3997.585130,14007.138033,0.000000,,,0,1,,,,,0.024390,SMALL
ga,hfvrp_n200_m40_s03,200,40,0.250000,75,23562.461293,42495.915299,34186.440118,0.000000,,,0,1,,,,,26.126820,MEDIUM
ga,augerat_A_n54_k7,53,8,0.250000,200,12528.011499,2839.127607,13237.793401,0.000000,,,0,1,,,,,3.669007,MEDIUM
ga,hfvrp_n200_m40_s04,200,40,0.250000,75,27986.449623,32115.160445,36015.239734,0.000000,,,0,1,,,,,25.658847,MEDIUM
ga,augerat_A_n54_k7,53,8,0.250000,200,12447.058909,2891.139212,13169.843712,0.000000,,,0,1,,,,,11.352237,BIG
ga,augerat_A_n54_k7,53,8,0.250000,999,12552.772285,2864.339654,13268.857199,0.000000,,,0,1,,,,,0.185961,DEFAULT
ga,augerat_A_n54_k7,53,8,0.250000,999,12838.864392,3172.484699,13631.985566,0.000000,,,0,1,,,,,0.022040,SMALL
ga,hfvrp_n200_m40_s01,200,40,0.250000,1234,22361.154817,26986.144579,29107.690962,0.000000,,,0,1,,,,,77.825234,BIG
ga,augerat_A_n54_k7,53,8,0.250000,999,12548.974854,2670.765686,13216.666276,0.000000,,,0,1,,,,,3.694393,MEDIUM
ga,hfvrp_n200_m40_s02,200,40,0.250000,100,23902.166173,24361.171366,29992.459014,0.000000,,,0,1,,,,,81.381794,BIG
ga,hfvrp_n200_m40_s05,200,40,0.250000,50,24798.223446,30357.686558,32387.645085,0.000000,,,0,1,,,,,25.367631,MEDIUM
ga,augerat_A_n54_k7,53,8,0.250000,999,12577.220589,2966.311365,13318.798430,0.000000,,,0,1,,,,,11.290344,BIG
ga,augerat_A_n54_k7,53,8,0.250000,1234,12669.867929,2892.858694,13393.082602,0.000000,,,0,1,,,,,0.185081,DEFAULT
ga,augerat_A_n54_k7,53,8,0.250000,1234,12906.627452,3581.141170,13801.912745,0.000000,,,0,1,,,,,0.028687,SMALL
ga,augerat_A_n54_k7,53,8,0.250000,1234,12604.002254,2706.636220,13280.661309,0.000000,,,0,1,,,,,3.662606,MEDIUM
ga,augerat_A_n54_k7,53,8,0.250000,1234,12586.277707,2754.940645,13275.012868,0.000000,,,0,1,,,,,11.255717,BIG
ga,augerat_A_n54_k7,53,8,0.250000,9999,12560.432413,2928.368981,13292.524659,0.000000,,,0,1,,,,,0.187327,DEFAULT
ga,augerat_A_n54_k7,53,8,0.250000,9999,13117.430920,3958.908963,14107.158160,0.000000,,,0,1,,,,,0.025830,SMALL
ga,hfvrp_n200_m40_s01,200,40,0.250000,9999,34241.454074,62976.039249,49985.463886,0.000000,,,0,1,,,,,1.325897,DEFAULT
ga,hfvrp_n200_m40_s01,200,40,0.250000,9999,40949.996328,122115.677487,71478.915700,0.000000,,,0,1,,,,,0.160872,SMALL
ga,augerat_A_n54_k7,53,8,0.250000,9999,12640.463480,2606.548281,13292.100551,0.000000,,,0,1,,,,,3.640820,MEDIUM
ga,hfvrp_n200_m40_s02,200,40,0.250000,200,37087.800667,55724.070838,51018.818376,0.000000,,,0,1,,,,,1.350985,DEFAULT
ga,hfvrp_n200_m40_s02,200,40,0.250000,200,38822.223224,102842.058539,64532.737858,0.000000,,,0,1,,,,,0.168337,SMALL
ga,augerat_A_n54_k7,53,8,0.250000,9999,12536.410904,2669.885419,13203.882259,0.000000,,,0,1,,,,,11.167178,BIG
ga,augerat_A_n54_k7,53,8,0.250000,19345,12607.939304,3010.818978,13360.644049,0.000000,,,0,1,,,,,0.192302,DEFAULT
ga,augerat_A_n54_k7,53,8,0.250000,19345,12845.067891,3371.416395,13687.921990,0.000000,,,0,1,,,,,0.026516,SMALL
ga,augerat_A_n54_k7,53,8,0.250000,19345,12482.790031,2947.929723,13219.772462,0.000000,,,0,1,,,,,3.746572,MEDIUM
ga,hfvrp_n200_m40_s01,200,40,0.250000,9999,24488.036128,30966.588900,32229.683353,0.000000,,,0,1,,,,,27.088558,MEDIUM
ga,augerat_A_n54_k7,53,8,0.250000,19345,12541.184194,2785.833212,13237.642497,0.000000,,,0,1,,,,,11.448101,BIG
ga,augerat_A_n54_k7,53,8,0.250000,1787937677631888551,12603.642986,2859.217254,13318.447299,0.000000,,,0,1,,,,,0.187000,DEFAULT
ga,augerat_A_n54_k7,53,8,0.250000,1787937673528246647,12837.581533,3183.226442,13633.388144,0.000000,,,0,1,,,,,0.022407,SMALL
ga,augerat_A_n54_k7,53,8,0.250000,1787937669264803622,12475.728142,2797.798274,13175.177711,0.000000,,,0,1,,,,,3.653818,MEDIUM
ga,hfvrp_n200_m40_s04,200,40,0.250000,75,25017.410219,26458.589195,31632.057518,0.000000,,,0,1,,,,,79.011136,BIG
ga,hfvrp_n200_m40_s03,200,40,0.250000,75,22268.006149,36075.985318,31287.002478,0.000000,,,0,1,,,,,81.335054,BIG
ga,hfvrp_n200_m40_s02,200,40,0.250000,200,21949.885939,25633.592377,28358.284033,0.000000,,,0,1,,,,,25.717311,MEDIUM
ga,augerat_A_n54_k7,53,8,0.250000,1787935830387313081,12451.581208,2582.162009,13097.121710,0.000000,,,0,1,,,,,11.458380,BIG
ga,augerat_A_n60_k9,59,10,0.250000,1787935941133403288,16229.247705,2758.817041,16918.951966,0.000000,,,0,1,,,,,0.205831,DEFAULT
ga,augerat_A_n60_k9,59,10,0.250000,1787935928458570436,16587.873374,3257.098297,17402.147948,0.000000,,,0,1,,,,,0.025441,SMALL
ga,augerat_A_n60_k9,59,10,0.250000,1787935924192871837,15994.212199,2618.565197,16648.853498,0.000000,,,0,1,,,,,4.180803,MEDIUM
ga,hfvrp_n200_m40_s05,200,40,0.250000,50,23472.341848,27332.556900,30305.481073,0.000000,,,0,1,,,,,76.732443,BIG
ga,augerat_A_n60_k9,59,10,0.250000,1787935924083220814,15960.134452,2695.987138,16634.131237,0.000000,,,0,1,,,,,12.874326,BIG
ga,augerat_A_n60_k9,59,10,0.250000,1,16027.366663,2680.625587,16697.523059,0.000000,,,0,1,,,,,0.203903,DEFAULT
ga,augerat_A_n60_k9,59,10,0.250000,1,16458.378983,3588.836840,17355.588193,0.000000,,,0,1,,,,,0.027089,SMALL
ga,hfvrp_n200_m40_s04,200,40,0.250000,100,35392.455473,76741.786805,54577.902174,0.000000,,,0,1,,,,,1.335050,DEFAULT
ga,hfvrp_n200_m40_s04,200,40,0.250000,100,39495.305311,107710.553338,66422.943646,0.000000,,,0,1,,,,,0.176929,SMALL
ga,hfvrp_n200_m40_s03,200,40,0.250000,100,34616.527291,68479.166915,51736.319020,0.000000,,,0,1,,,,,1.297660,DEFAULT
ga,hfvrp_n200_m40_s03,200,40,0.250000,100,39486.928347,107629.395794,66394.277295,0.000000,,,0,1,,,,,0.165656,SMALL
ga,augerat_A_n60_k9,59,10,0.250000,1,16000.576725,2713.652912,16678.989953,0.000000,,,0,1,,,,,4.219280,MEDIUM
ga,augerat_A_n60_k9,59,10,0.250000,1,16007.821525,2967.284863,16749.642741,0.000000,,,0,1,,,,,13.035806,BIG
ga,augerat_A_n60_k9,59,10,0.250000,10,16167.307622,2880.423748,16887.413559,0.000000,,,0,1,,,,,0.209271,DEFAULT
ga,augerat_A_n60_k9,59,10,0.250000,10,16657.430271,3259.806206,17472.381823,0.000000,,,0,1,,,,,0.025284,SMALL
ga,augerat_A_n60_k9,59,10,0.250000,10,15940.833867,2690.274605,16613.402518,0.000000,,,0,1,,,,,4.302589,MEDIUM
ga,hfvrp_n200_m40_s04,200,40,0.250000,100,24804.752428,26755.850763,31493.715118,0.000000,,,0,1,,,,,25.976475,MEDIUM
ga,hfvrp_n200_m40_s03,200,40,0.250000,100,23718.719151,39447.376639,33580.563310,0.000000,,,0,1,,,,,25.462498,MEDIUM
ga,hfvrp_n200_m40_s05,200,40,0.250000,75,35821.178824,58730.673081,50503.847094,0.000000,,,0,1,,,,,1.342846,DEFAULT
ga,hfvrp_n200_m40_s05,200,40,0.250000,75,43422.477878,120477.001625,73541.728284,0.000000,,,0,1,,,,,0.189335,SMALL
ga,augerat_A_n60_k9,59,10,0.250000,10,15975.636718,2628.332727,16632.719900,0.000000,,,0,1,,,,,12.888824,BIG
ga,augerat_A_n60_k9,59,10,0.250000,50,16341.126458,2880.630956,17061.284197,0.000000,,,0,1,,,,,0.203153,DEFAULT
ga,augerat_A_n60_k9,59,10,0.250000,50,16649.993066,3287.055599,17471.756966,0.000000,,,0,1,,,,,0.024719,SMALL
ga,augerat_A_n60_k9,59,10,0.250000,50,16051.142779,2833.318221,16759.472335,0.000000,,,0,1,,,,,4.233057,MEDIUM
ga,hfvrp_n200_m40_s01,200,40,0.250000,9999,22179.089879,29635.187886,29587.886851,0.000000,,,0,1,,,,,79.872243,BIG
ga,augerat_A_n60_k9,59,10,0.250000,50,15968.724782,2666.756693,16635.413955,0.000000,,,0,1,,,,,12.567150,BIG
ga,augerat_A_n60_k9,59,10,0.250000,75,16198.822146,3061.481977,16964.192640,0.000000,,,0,1,,,,,0.208650,DEFAULT
ga,augerat_A_n60_k9,59,10,0.250000,75,16234.652902,3309.331948,17061.985889,0.000000,,,0,1,,,,,0.024898,SMALL
ga,hfvrp_n200_m40_s02,200,40,0.250000,200,22620.334421,23568.048581,28512.346567,0.000000,,,0,1,,,,,77.844027,BIG
ga,hfvrp_n200_m40_s05,200,40,0.250000,75,24546.530867,28209.795962,31598.979858,0.000000,,,0,1,,,,,25.386792,MEDIUM
ga,augerat_A_n60_k9,59,10,0.250000,75,16015.699652,2659.787813,16680.646605,0.000000,,,0,1,,,,,4.283062,MEDIUM
ga,augerat_A_n60_k9,59,10,0.250000,75,16069.394385,2583.244787,16715.205582,0.000000,,,0,1,,,,,12.768061,BIG
ga,augerat_A_n60_k9,59,10,0.250000,100,16032.162709,2800.564024,16732.303715,0.000000,,,0,1,,,,,0.211082,DEFAULT
ga,augerat_A_n60_k9,59,10,0.250000,100,16370.737159,3661.939675,17286.222077,0.000000,,,0,1,,,,,0.027069,SMALL
ga,augerat_A_n60_k9,59,10,0.250000,100,15943.319876,2553.253410,16581.633229,0.000000,,,0,1,,,,,4.131252,MEDIUM
ga,hfvrp_n200_m40_s01,200,40,0.250000,19345,33007.968567,71919.340713,50987.803746,0.000000,,,0,1,,,,,1.315069,DEFAULT
ga,hfvrp_n200_m40_s01,200,40,0.250000,19345,44000.247103,103850.945927,69962.983585,0.000000,,,0,1,,,,,0.164265,SMALL
ga,augerat_A_n60_k9,59,10,0.250000,100,15947.800524,2623.935918,16603.784504,0.000000,,,0,1,,,,,13.052373,BIG
ga,augerat_A_n60_k9,59,10,0.250000,200,16154.312933,2943.278703,16890.132608,0.000000,,,0,1,,,,,0.207119,DEFAULT
ga,augerat_A_n60_k9,59,10,0.250000,200,16321.107800,3425.393349,17177.456137,0.000000,,,0,1,,,,,0.028364,SMALL
ga,hfvrp_n200_m40_s02,200,40,0.250000,999,33957.344655,60436.011426,49066.347512,0.000000,,,0,1,,,,,1.312395,DEFAULT
ga,hfvrp_n200_m40_s02,200,40,0.250000,999,41631.825826,76462.711104,60747.503601,0.000000,,,0,1,,,,,0.167532,SMALL
ga,augerat_A_n60_k9,59,10,0.250000,200,15847.455599,2906.098004,16573.980100,0.000000,,,0,1,,,,,4.299224,MEDIUM
ga,hfvrp_n200_m40_s01,200,40,0.250000,19345,24489.674335,38583.107309,34135.451162,0.000000,,,0,1,,,,,26.253262,MEDIUM
ga,hfvrp_n200_m40_s03,200,40,0.250000,100,21220.441187,43428.510509,32077.568814,0.000000,,,0,1,,,,,76.344745,BIG
ga,augerat_A_n60_k9,59,10,0.250000,200,15891.633588,2591.189702,16539.431014,0.000000,,,0,1,,,,,12.935035,BIG
ga,augerat_A_n60_k9,59,10,0.250000,999,16234.495524,2917.672571,16963.913667,0.000000,,,0,1,,,,,0.205104,DEFAULT
ga,augerat_A_n60_k9,59,10,0.250000,999,16371.565719,3765.608655,17312.967882,0.000000,,,0,1,,,,,0.029119,SMALL
ga,hfvrp_n200_m40_s04,200,40,0.250000,100,23783.533942,25537.763179,30167.974737,0.000000,,,0,1,,,,,79.889341,BIG
ga,augerat_A_n60_k9,59,10,0.250000,999,15892.651756,2601.108115,16542.928785,0.000000,,,0,1,,,,,5.052782,MEDIUM
ga,hfvrp_n200_m40_s02,200,40,0.250000,999,22243.874959,25187.966641,28540.866619,0.000000,,,0,1,,,,,25.558414,MEDIUM
ga,augerat_A_n60_k9,59,10,0.250000,999,15957.804626,2631.927039,16615.786386,0.000000,,,0,1,,,,,13.069314,BIG
ga,augerat_A_n60_k9,59,10,0.250000,1234,16187.915121,3115.438494,16966.774745,0.000000,,,0,1,,,,,0.207470,DEFAULT
ga,augerat_A_n60_k9,59,10,0.250000,1234,16435.950516,3903.418219,17411.805070,0.000000,,,0,1,,,,,0.025570,SMALL
ga,augerat_A_n60_k9,59,10,0.250000,1234,16068.625508,2578.230896,16713.183232,0.000000,,,0,1,,,,,4.152919,MEDIUM
ga,hfvrp_n200_m40_s05,200,40,0.250000,75,23580.483203,22640.652992,29240.646451,0.000000,,,0,1,,,,,78.371453,BIG
ga,hfvrp_n200_m40_s03,200,40,0.250000,200,36535.639624,79600.211376,56435.692468,0.000000,,,0,1,,,,,1.278218,DEFAULT
ga,hfvrp_n200_m40_s03,200,40,0.250000,200,45648.052891,123389.143502,76495.338766,0.000000,,,0,1,,,,,0.158705,SMALL
ga,hfvrp_n200_m40_s04,200,40,0.250000,200,35389.537522,52557.073561,48528.805912,0.000000,,,0,1,,,,,1.363598,DEFAULT
ga,hfvrp_n200_m40_s04,200,40,0.250000,200,38569.826940,91109.169183,61347.119236,0.000000,,,0,1,,,,,0.182785,SMALL
ga,augerat_A_n60_k9,59,10,0.250000,1234,16025.148970,2595.974373,16674.142563,0.000000,,,0,1,,,,,12.936595,BIG
ga,augerat_A_n60_k9,59,10,0.250000,9999,16229.520677,2923.000236,16960.270736,0.000000,,,0,1,,,,,0.208621,DEFAULT
ga,augerat_A_n60_k9,59,10,0.250000,9999,16578.440742,3556.895625,17467.664648,0.000000,,,0,1,,,,,0.027130,SMALL
ga,augerat_A_n60_k9,59,10,0.250000,9999,15982.774389,2693.557604,16656.163790,0.000000,,,0,1,,,,,4.244483,MEDIUM
ga,augerat_A_n60_k9,59,10,0.250000,9999,16022.892692,2714.778732,16701.587375,0.000000,,,0,1,,,,,12.753466,BIG
ga,augerat_A_n60_k9,59,10,0.250000,19345,16148.830854,2732.750852,16832.018567,0.000000,,,0,1,,,,,0.207819,DEFAULT
ga,augerat_A_n60_k9,59,10,0.250000,19345,16392.753960,3812.597016,17345.903214,0.000000,,,0,1,,,,,0.025339,SMALL
ga,hfvrp_n200_m40_s03,200,40,0.250000,200,23934.796171,35805.102109,32886.071698,0.000000,,,0,1,,,,,25.799989,MEDIUM
ga,hfvrp_n200_m40_s04,200,40,0.250000,200,24704.906510,36528.257872,33836.970978,0.000000,,,0,1,,,,,26.268720,MEDIUM
ga,augerat_A_n60_k9,59,10,0.250000,19345,16060.862638,2670.624438,16728.518747,0.000000,,,0,1,,,,,4.229933,MEDIUM
ga,hfvrp_n200_m40_s05,200,40,0.250000,100,32615.976875,69247.684017,49927.897879,0.000000,,,0,1,,,,,1.332618,DEFAULT
ga,hfvrp_n200_m40_s05,200,40,0.250000,100,42883.825080,116288.086401,71955.846681,0.000000,,,0,1,,,,,0.183263,SMALL
ga,augerat_A_n60_k9,59,10,0.250000,19345,15831.977537,2622.489219,16487.599842,0.000000,,,0,1,,,,,13.077117,BIG
ga,augerat_A_n60_k9,59,10,0.250000,1787936632384550618,16235.874814,2853.802303,16949.325390,0.000000,,,0,1,,,,,0.209753,DEFAULT
ga,augerat_A_n60_k9,59,10,0.250000,1787936636893467514,16529.841878,3232.927985,17338.073875,0.000000,,,0,1,,,,,0.025117,SMALL
ga,hfvrp_n200_m40_s01,200,40,0.250000,19345,23414.009799,31760.310493,31354.087422,0.000000,,,0,1,,,,,78.665727,BIG
ga,augerat_A_n60_k9,59,10,0.250000,1787936641217447087,15963.315157,2632.144485,16621.351278,0.000000,,,0,1,,,,,4.191844,MEDIUM
ga,augerat_A_n60_k9,59,10,0.250000,1787936658298767791,16011.299615,2603.271870,16662.117583,0.000000,,,0,1,,,,,12.963097,BIG
ga,hfvrp_n200_m40_s02,200,40,0.250000,999,23463.377640,26319.684037,30043.298649,0.000000,,,0,1,,,,,80.435895,BIG
ga,augerat_A_n80_k10,79,11,0.250000,1787936577786018798,18541.178473,5124.261829,19822.243930,0.000000,,,0,1,,,,,0.283349,DEFAULT
ga,augerat_A_n80_k10,79,11,0.250000,1787936590958448662,18723.350983,4530.053788,19855.864430,0.000000,,,0,1,,,,,0.036142,SMALL
ga,hfvrp_n200_m40_s05,200,40,0.250000,100,25617.240244,28995.368765,32866.082435,0.000000,,,0,1,,,,,25.988558,MEDIUM
ga,augerat_A_n80_k10,79,11,0.250000,1787936586708768442,18006.660549,4286.708232,19078.337607,0.000000,,,0,1,,,,,5.744106,MEDIUM
ga,hfvrp_n200_m40_s01,200,40,0.250000,1787936519380740834,35856.271738,80528.213272,55988.325056,0.000000,,,0,1,,,,,1.300502,DEFAULT
ga,hfvrp_n200_m40_s01,200,40,0.250000,1787936524987057336,39183.044310,98449.351621,63795.382215,0.000000,,,0,1,,,,,0.170742,SMALL
ga,augerat_A_n80_k10,79,11,0.250000,1787936506563339384,18094.255422,4429.322761,19201.586112,0.000000,,,0,1,,,,,18.058333,BIG
ga,augerat_A_n80_k10,79,11,0.250000,1,18555.056958,4777.480638,19749.427118,0.000000,,,0,1,,,,,0.287002,DEFAULT
ga,augerat_A_n80_k10,79,11,0.250000,1,18906.213389,5593.382819,20304.559094,0.000000,,,0,1,,,,,0.033727,SMALL
ga,augerat_A_n80_k10,79,11,0.250000,1,17989.571843,4109.412240,19016.924903,0.000000,,,0,1,,,,,5.710568,MEDIUM
ga,hfvrp_n200_m40_s02,200,40,0.250000,1234,30460.426927,58928.663146,45192.592713,0.000000,,,0,1,,,,,1.320148,DEFAULT
ga,hfvrp_n200_m40_s02,200,40,0.250000,1234,41870.326411,104492.752155,67993.514450,0.000000,,,0,1,,,,,0.164605,SMALL
ga,hfvrp_n200_m40_s01,200,40,0.250000,1787936529463703586,21667.704791,33525.306986,30049.031538,0.000000,,,0,1,,,,,25.572207,MEDIUM
ga,hfvrp_n200_m40_s03,200,40,0.250000,200,22256.964222,43820.925541,33212.195607,0.000000,,,0,1,,,,,77.250016,BIG
ga,hfvrp_n200_m40_s04,200,40,0.250000,200,23039.679340,26110.109924,29567.206821,0.000000,,,0,1,,,,,79.039523,BIG
ga,augerat_A_n80_k10,79,11,0.250000,1,18009.689253,4103.378263,19035.533819,0.000000,,,0,1,,,,,17.204676,BIG
ga,augerat_A_n80_k10,79,11,0.250000,10,18404.947703,4940.577943,19640.092189,0.000000,,,0,1,,,,,0.280251,DEFAULT
ga,augerat_A_n80_k10,79,11,0.250000,10,19135.223215,4844.476900,20346.342440,0.000000,,,0,1,,,,,0.040373,SMALL
ga,augerat_A_n80_k10,79,11,0.250000,10,17994.773199,4257.598686,19059.172870,0.000000,,,0,1,,,,,5.883338,MEDIUM
ga,hfvrp_n200_m40_s02,200,40,0.250000,1234,24432.214224,25776.394887,30876.312946,0.000000,,,0,1,,,,,25.540381,MEDIUM
ga,hfvrp_n200_m40_s03,200,40,0.250000,999,36094.572217,79819.758449,56049.511829,0.000000,,,0,1,,,,,1.251418,DEFAULT
ga,augerat_A_n80_k10,79,11,0.250000,10,18045.442161,4073.296319,19063.766241,0.000000,,,0,1,,,,,17.864504,BIG
ga,hfvrp_n200_m40_s03,200,40,0.250000,999,38995.790976,114024.763369,67501.981818,0.000000,,,0,1,,,,,0.162677,SMALL
ga,augerat_A_n80_k10,79,11,0.250000,50,18592.073527,4656.324850,19756.154739,0.000000,,,0,1,,,,,0.275998,DEFAULT
ga,augerat_A_n80_k10,79,11,0.250000,50,18786.248271,5986.390629,20282.845928,0.000000,,,0,1,,,,,0.035660,SMALL
ga,hfvrp_n200_m40_s04,200,40,0.250000,999,36930.911920,56311.920149,51008.891958,0.000000,,,0,1,,,,,1.351734,DEFAULT
ga,hfvrp_n200_m40_s04,200,40,0.250000,999,42460.546724,108231.072431,69518.314831,0.000000,,,0,1,,,,,0.183183,SMALL
ga,augerat_A_n80_k10,79,11,0.250000,50,17952.735860,4046.120572,18964.266003,0.000000,,,0,1,,,,,5.666892,MEDIUM
ga,hfvrp_n200_m40_s05,200,40,0.250000,100,23793.307893,21445.415288,29154.661715,0.000000,,,0,1,,,,,80.482572,BIG
ga,augerat_A_n80_k10,79,11,0.250000,50,18093.274956,4100.636369,19118.434048,0.000000,,,0,1,,,,,17.710224,BIG
ga,hfvrp_n200_m40_s03,200,40,0.250000,999,24944.364526,36165.837556,33985.823915,0.000000,,,0,1,,,,,25.871906,MEDIUM
ga,augerat_A_n80_k10,79,11,0.250000,75,18540.619214,4107.941495,19567.604588,0.000000,,,0,1,,,,,0.285253,DEFAULT
ga,augerat_A_n80_k10,79,11,0.250000,75,18771.658629,5499.454120,20146.522159,0.000000,,,0,1,,,,,0.037192,SMALL
ga,hfvrp_n200_m40_s04,200,40,0.250000,999,27291.948384,29684.173109,34712.991661,0.000000,,,0,1,,,,,25.857103,MEDIUM
ga,augerat_A_n80_k10,79,11,0.250000,75,18097.692200,4110.259673,19125.257118,0.000000,,,0,1,,,,,5.784896,MEDIUM
ga,hfvrp_n200_m40_s05,200,40,0.250000,200,35433.533412,68544.515404,52569.662263,0.000000,,,0,1,,,,,1.340451,DEFAULT
ga,hfvrp_n200_m40_s05,200,40,0.250000,200,40182.286093,105135.686468,66466.207711,0.000000,,,0,1,,,,,0.183226,SMALL
ga,hfvrp_n200_m40_s01,200,40,0.250000,1787934819880138712,25595.626885,24570.675857,31738.295849,0.000000,,,0,1,,,,,79.546124,BIG
ga,augerat_A_n80_k10,79,11,0.250000,75,18082.517829,4061.248884,19097.830050,0.000000,,,0,1,,,,,17.588426,BIG
ga,augerat_A_n80_k10,79,11,0.250000,100,18400.049870,4346.269746,19486.617307,0.000000,,,0,1,,,,,0.285385,DEFAULT
ga,augerat_A_n80_k10,79,11,0.250000,100,18551.380068,4995.091962,19800.153059,0.000000,,,0,1,,,,,0.038539,SMALL
ga,pyvrp_X101_FSMFD,100,26,0.250000,1787934649567476142,4257226.633143,44917.966626,4268456.124800,0.000000,,,0,1,,,,,0.406224,DEFAULT
ga,pyvrp_X101_FSMFD,100,26,0.250000,1787934637093358268,4784881.411316,48546.587664,4797018.058233,0.000000,,,0,1,,,,,0.051889,SMALL
ga,augerat_A_n80_k10,79,11,0.250000,100,18042.946270,4013.408411,19046.298373,0.000000,,,0,1,,,,,5.863350,MEDIUM
ga,pyvrp_X101_FSMFD,100,26,0.250000,1787934641444405873,3838939.129156,35765.377021,3847880.473411,0.000000,,,0,1,,,,,8.289164,MEDIUM
ga,hfvrp_n200_m40_s02,200,40,0.250000,1234,20667.195778,19820.517067,25622.325045,0.000000,,,0,1,,,,,79.805394,BIG
ga,hfvrp_n200_m40_s05,200,40,0.250000,200,24364.468141,30319.639501,31944.378016,0.000000,,,0,1,,,,,25.224143,MEDIUM
ga,augerat_A_n80_k10,79,11,0.250000,100,18015.748569,4240.135591,19075.782467,0.000000,,,0,1,,,,,17.481521,BIG
ga,augerat_A_n80_k10,79,11,0.250000,200,18253.520794,4409.239015,19355.830548,0.000000,,,0,1,,,,,0.287709,DEFAULT
ga,augerat_A_n80_k10,79,11,0.250000,200,18588.149305,4584.606400,19734.300905,0.000000,,,0,1,,,,,0.033835,SMALL
ga,augerat_A_n80_k10,79,11,0.250000,200,18107.352591,4053.527324,19120.734421,0.000000,,,0,1,,,,,5.829068,MEDIUM
ga,pyvrp_X101_FSMFD,100,26,0.250000,1787934675508344936,3802972.480556,41015.775671,3813226.424474,0.000000,,,0,1,,,,,24.788455,BIG
ga,pyvrp_X101_FSMFD,100,26,0.250000,1,4228260.823739,37621.927449,4237666.305602,0.000000,,,0,1,,,,,0.404209,DEFAULT
ga,pyvrp_X101_FSMFD,100,26,0.250000,1,4790355.239006,42316.233495,4800934.297380,0.000000,,,0,1,,,,,0.053033,SMALL
ga,pyvrp_X101_FSMFD,100,26,0.250000,1,3854342.451858,37374.711391,3863686.129706,0.000000,,,0,1,,,,,8.031845,MEDIUM
ga,augerat_A_n80_k10,79,11,0.250000,200,18122.464575,3998.508039,19122.091585,0.000000,,,0,1,,,,,17.589550,BIG
ga,augerat_A_n80_k10,79,11,0.250000,999,18375.298744,4551.606342,19513.200329,0.000000,,,0,1,,,,,0.274663,DEFAULT
ga,augerat_A_n80_k10,79,11,0.250000,999,18734.955534,5543.673934,20120.874018,0.000000,,,0,1,,,,,0.037556,SMALL
ga,hfvrp_n200_m40_s03,200,40,0.250000,999,22533.207310,33653.230376,30946.514904,0.000000,,,0,1,,,,,78.458066,BIG
ga,augerat_A_n80_k10,79,11,0.250000,999,18130.520004,4037.649602,19139.932404,0.000000,,,0,1,,,,,5.701640,MEDIUM
ga,hfvrp_n200_m40_s02,200,40,0.250000,9999,36713.839668,61474.943632,52082.575577,0.000000,,,0,1,,,,,1.312642,DEFAULT
ga,hfvrp_n200_m40_s04,200,40,0.250000,999,22962.863862,25386.060684,29309.379033,0.000000,,,0,1,,,,,78.412091,BIG
ga,hfvrp_n200_m40_s02,200,40,0.250000,9999,40189.748486,95087.666248,63961.665048,0.000000,,,0,1,,,,,0.182842,SMALL
ga,pyvrp_X101_FSMFD,100,26,0.250000,1,3836066.119791,35641.064367,3844976.385883,0.000000,,,0,1,,,,,25.272907,BIG
ga,augerat_A_n80_k10,79,11,0.250000,999,18078.390637,3957.646636,19067.802296,0.000000,,,0,1,,,,,17.520483,BIG
ga,augerat_A_n80_k10,79,11,0.250000,1234,18468.446841,4709.166054,19645.738355,0.000000,,,0,1,,,,,0.284600,DEFAULT
ga,augerat_A_n80_k10,79,11,0.250000,1234,18792.148397,4757.814696,19981.602071,0.000000,,,0,1,,,,,0.034762,SMALL
ga,pyvrp_X101_FSMFD,100,26,0.250000,10,4622372.810664,55860.644288,4636337.971736,0.000000,,,0,1,,,,,0.397279,DEFAULT
ga,pyvrp_X101_FSMFD,100,26,0.250000,10,4952472.050685,40658.704589,4962636.726832,0.000000,,,0,1,,,,,0.052571,SMALL
ga,augerat_A_n80_k10,79,11,0.250000,1234,18089.612440,4324.446368,19170.724032,0.000000,,,0,1,,,,,5.786111,MEDIUM
ga,pyvrp_X101_FSMFD,100,26,0.250000,10,3974899.179458,39426.101681,3984755.704878,0.000000,,,0,1,,,,,8.240887,MEDIUM
ga,hfvrp_n200_m40_s02,200,40,0.250000,9999,23997.462980,29005.904783,31248.939176,0.000000,,,0,1,,,,,26.390348,MEDIUM
ga,hfvrp_n200_m40_s03,200,40,0.250000,1234,36257.338834,107234.938913,63066.073562,0.000000,,,0,1,,,,,1.353232,DEFAULT
ga,hfvrp_n200_m40_s03,200,40,0.250000,1234,38169.420735,92878.730974,61389.103478,0.000000,,,0,1,,,,,0.170398,SMALL
ga,hfvrp_n200_m40_s04,200,40,0.250000,1234,36985.086697,65464.727544,53351.268583,0.000000,,,0,1,,,,,1.273888,DEFAULT
ga,hfvrp_n200_m40_s04,200,40,0.250000,1234,41689.006248,96917.330328,65918.338830,0.000000,,,0,1,,,,,0.179461,SMALL
ga,augerat_A_n80_k10,79,11,0.250000,1234,18032.087144,4017.161076,19036.377413,0.000000,,,0,1,,,,,17.768160,BIG
ga,augerat_A_n80_k10,79,11,0.250000,9999,18384.582682,4608.595346,19536.731518,0.000000,,,0,1,,,,,0.288992,DEFAULT
ga,augerat_A_n80_k10,79,11,0.250000,9999,18866.446476,5429.330618,20223.779131,0.000000,,,0,1,,,,,0.034812,SMALL
ga,hfvrp_n200_m40_s05,200,40,0.250000,200,22161.385223,30424.265802,29767.451673,0.000000,,,0,1,,,,,78.423890,BIG
ga,augerat_A_n80_k10,79,11,0.250000,9999,17986.036164,4347.247805,19072.848115,0.000000,,,0,1,,,,,5.831388,MEDIUM
ga,pyvrp_X101_FSMFD,100,26,0.250000,10,3768697.847764,39425.744497,3778554.283888,0.000000,,,0,1,,,,,25.314325,BIG
ga,hfvrp_n200_m40_s03,200,40,0.250000,1234,25272.178040,38648.202018,34934.228544,0.000000,,,0,1,,,,,26.097956,MEDIUM
ga,pyvrp_X101_FSMFD,100,26,0.250000,50,4149698.987201,41845.476075,4160160.356220,0.000000,,,0,1,,,,,0.401808,DEFAULT
ga,pyvrp_X101_FSMFD,100,26,0.250000,50,4670771.216584,48188.351169,4682818.304376,0.000000,,,0,1,,,,,0.056786,SMALL
ga,hfvrp_n200_m40_s04,200,40,0.250000,1234,28233.938584,28855.817623,35447.892990,0.000000,,,0,1,,,,,26.108729,MEDIUM
ga,pyvrp_X101_FSMFD,100,26,0.250000,50,3917508.008803,39918.871434,3927487.726661,0.000000,,,0,1,,,,,8.192638,MEDIUM
ga,augerat_A_n80_k10,79,11,0.250000,9999,18022.756076,4038.708785,19032.433273,0.000000,,,0,1,,,,,17.247017,BIG
ga,augerat_A_n80_k10,79,11,0.250000,19345,18591.046498,4167.642413,19632.957102,0.000000,,,0,1,,,,,0.284580,DEFAULT
ga,augerat_A_n80_k10,79,11,0.250000,19345,18752.561644,5605.003137,20153.812428,0.000000,,,0,1,,,,,0.035358,SMALL
ga,augerat_A_n80_k10,79,11,0.250000,19345,18137.399185,3951.955579,19125.388080,0.000000,,,0,1,,,,,5.878802,MEDIUM
ga,hfvrp_n200_m40_s05,200,40,0.250000,999,33609.228348,53932.935646,47092.462260,0.000000,,,0,1,,,,,1.397142,DEFAULT
ga,hfvrp_n200_m40_s05,200,40,0.250000,999,40460.395184,93161.136216,63750.679238,0.000000,,,0,1,,,,,0.186452,SMALL
ga,augerat_A_n80_k10,79,11,0.250000,19345,18073.556540,4212.303192,19126.632338,0.000000,,,0,1,,,,,17.502732,BIG
ga,augerat_A_n80_k10,79,11,0.250000,1787935492196310897,18478.288795,4628.309355,19635.366134,0.000000,,,0,1,,,,,0.291053,DEFAULT
ga,augerat_A_n80_k10,79,11,0.250000,1787935393707564017,18931.019016,5249.209537,20243.321400,0.000000,,,0,1,,,,,0.035310,SMALL
ga,pyvrp_X101_FSMFD,100,26,0.250000,50,3851554.063602,36820.772593,3860759.256751,0.000000,,,0,1,,,,,27.356289,BIG
ga,pyvrp_X101_FSMFD,100,26,0.250000,75,4361012.708245,41653.231715,4371426.016173,0.000000,,,0,1,,,,,0.400522,DEFAULT
ga,pyvrp_X101_FSMFD,100,26,0.250000,75,4770795.427617,43699.907801,4781720.404567,0.000000,,,0,1,,,,,0.058233,SMALL
ga,augerat_A_n80_k10,79,11,0.250000,1787935398042125904,18033.757112,4263.495237,19099.630921,0.000000,,,0,1,,,,,5.770624,MEDIUM
ga,pyvrp_X101_FSMFD,100,26,0.250000,75,3877249.280263,38640.736711,3886909.464440,0.000000,,,0,1,,,,,8.321647,MEDIUM
ga,hfvrp_n200_m40_s02,200,40,0.250000,9999,23023.468542,23961.224363,29013.774632,0.000000,,,0,1,,,,,77.728742,BIG
ga,hfvrp_n200_m40_s05,200,40,0.250000,999,23470.612384,27739.834981,30405.571129,0.000000,,,0,1,,,,,26.276197,MEDIUM
ga,augerat_A_n80_k10,79,11,0.250000,1787935429592037583,18056.705112,4098.465865,19081.321578,0.000000,,,0,1,,,,,17.624633,BIG
ga,pyvrp_X106_FSMD,105,16,0.250000,1787935338146751553,4337979.827433,72028.625260,4355986.983748,0.000000,,,0,1,,,,,0.375349,DEFAULT
ga,pyvrp_X106_FSMD,105,16,0.250000,1787935325641598560,4893881.086943,96622.232287,4918036.645014,0.000000,,,0,1,,,,,0.048691,SMALL
ga,pyvrp_X106_FSMD,105,16,0.250000,1787935329989533012,3770055.991699,65232.842175,3786364.202242,0.000000,,,0,1,,,,,7.875777,MEDIUM
ga,pyvrp_X101_FSMFD,100,26,0.250000,75,3871308.860776,32997.857352,3879558.325114,0.000000,,,0,1,,,,,24.675645,BIG
ga,pyvrp_X101_FSMFD,100,26,0.250000,100,4359103.619502,38993.074636,4368851.888161,0.000000,,,0,1,,,,,0.479487,DEFAULT
ga,hfvrp_n200_m40_s03,200,40,0.250000,1234,22414.333174,37722.067122,31844.849954,0.000000,,,0,1,,,,,78.492935,BIG
ga,pyvrp_X101_FSMFD,100,26,0.250000,100,4632845.433389,43221.893718,4643650.906818,0.000000,,,0,1,,,,,0.048790,SMALL
ga,hfvrp_n200_m40_s04,200,40,0.250000,1234,22601.014653,26731.005079,29283.765923,0.000000,,,0,1,,,,,80.067068,BIG
ga,pyvrp_X101_FSMFD,100,26,0.250000,100,3811678.001012,37784.940049,3821124.236024,0.000000,,,0,1,,,,,8.377252,MEDIUM
ga,hfvrp_n200_m40_s02,200,40,0.250000,19345,35107.085032,56184.584883,49153.231252,0.000000,,,0,1,,,,,1.321323,DEFAULT
ga,hfvrp_n200_m40_s02,200,40,0.250000,19345,40627.923942,102923.979595,66358.918841,0.000000,,,0,1,,,,,0.168181,SMALL
ga,pyvrp_X106_FSMD,105,16,0.250000,1787935290625533952,3746800.676666,65347.040032,3763137.436674,0.000000,,,0,1,,,,,24.444875,BIG
ga,pyvrp_X106_FSMD,105,16,0.250000,1,4394296.627335,71344.792791,4412132.825533,0.000000,,,0,1,,,,,0.379470,DEFAULT
ga,pyvrp_X106_FSMD,105,16,0.250000,1,5288793.467090,93574.152507,5312187.005216,0.000000,,,0,1,,,,,0.048137,SMALL
ga,pyvrp_X106_FSMD,105,16,0.250000,1,3915827.793193,67965.999249,3932819.293006,0.000000,,,0,1,,,,,7.805842,MEDIUM
ga,hfvrp_n200_m40_s03,200,40,0.250000,9999,36638.651641,90306.913087,59215.379913,0.000000,,,0,1,,,,,1.326453,DEFAULT
ga,hfvrp_n200_m40_s03,200,40,0.250000,9999,42407.680599,138735.344734,77091.516782,0.000000,,,0,1,,,,,0.170962,SMALL
ga,pyvrp_X101_FSMFD,100,26,0.250000,100,3838291.575663,36515.437314,3847420.434992,0.000000,,,0,1,,,,,24.980105,BIG
ga,hfvrp_n200_m40_s04,200,40,0.250000,9999,37379.614489,53642.749916,50790.301968,0.000000,,,0,1,,,,,1.288183,DEFAULT
ga,hfvrp_n200_m40_s04,200,40,0.250000,9999,44015.523283,80385.825746,64111.979720,0.000000,,,0,1,,,,,0.179259,SMALL
ga,hfvrp_n200_m40_s02,200,40,0.250000,19345,24266.749287,31523.355192,32147.588085,0.000000,,,0,1,,,,,25.668568,MEDIUM
ga,pyvrp_X101_FSMFD,100,26,0.250000,200,4253351.568658,42068.531478,4263868.701528,0.000000,,,0,1,,,,,0.392712,DEFAULT
ga,pyvrp_X101_FSMFD,100,26,0.250000,200,4773885.295015,62063.232914,4789401.103244,0.000000,,,0,1,,,,,0.048743,SMALL
ga,pyvrp_X101_FSMFD,100,26,0.250000,200,3699864.264563,34731.264735,3708547.080747,0.000000,,,0,1,,,,,8.373596,MEDIUM
ga,pyvrp_X106_FSMD,105,16,0.250000,1,3649535.479886,61469.043994,3664902.740884,0.000000,,,0,1,,,,,24.280337,BIG
ga,pyvrp_X106_FSMD,105,16,0.250000,10,4473943.297837,78060.797886,4493458.497309,0.000000,,,0,1,,,,,0.385609,DEFAULT
ga,pyvrp_X106_FSMD,105,16,0.250000,10,4880518.411847,90884.777447,4903239.606208,0.000000,,,0,1,,,,,0.055046,SMALL
ga,hfvrp_n200_m40_s05,200,40,0.250000,999,24021.636426,28620.316364,31176.715517,0.000000,,,0,1,,,,,79.165343,BIG
ga,hfvrp_n200_m40_s03,200,40,0.250000,9999,27748.526020,44095.401739,38772.376455,0.000000,,,0,1,,,,,25.945891,MEDIUM
ga,hfvrp_n200_m40_s04,200,40,0.250000,9999,24213.043249,27240.413178,31023.146544,0.000000,,,0,1,,,,,26.169213,MEDIUM
ga,pyvrp_X106_FSMD,105,16,0.250000,10,3916013.667880,63642.135127,3931924.201661,0.000000,,,0,1,,,,,7.813081,MEDIUM
ga,pyvrp_X101_FSMFD,100,26,0.250000,200,3707101.680098,38612.295395,3716754.753947,0.000000,,,0,1,,,,,25.218907,BIG
ga,pyvrp_X101_FSMFD,100,26,0.250000,999,4295862.366342,38297.154829,4305436.655049,0.000000,,,0,1,,,,,0.391027,DEFAULT
ga,pyvrp_X101_FSMFD,100,26,0.250000,999,4627904.132085,53597.186242,4641303.428646,0.000000,,,0,1,,,,,0.048939,SMALL
ga,pyvrp_X101_FSMFD,100,26,0.250000,999,3823008.777093,40542.888439,3833144.499202,0.000000,,,0,1,,,,,8.195012,MEDIUM
ga,pyvrp_X106_FSMD,105,16,0.250000,10,3844419.523470,60961.718579,3859659.953115,0.000000,,,0,1,,,,,23.962198,BIG
ga,pyvrp_X106_FSMD,105,16,0.250000,50,4147913.806258,70231.296677,4165471.630428,0.000000,,,0,1,,,,,0.387169,DEFAULT
ga,pyvrp_X106_FSMD,105,16,0.250000,50,5083258.055287,71719.360492,5101187.895410,0.000000,,,0,1,,,,,0.042941,SMALL
ga,hfvrp_n200_m40_s05,200,40,0.250000,1234,35783.718299,59775.156240,50727.507359,0.000000,,,0,1,,,,,1.367947,DEFAULT
ga,hfvrp_n200_m40_s05,200,40,0.250000,1234,44490.488381,111153.452656,72278.851545,0.000000,,,0,1,,,,,0.186399,SMALL
ga,pyvrp_X106_FSMD,105,16,0.250000,50,3835765.282504,72601.722278,3853915.713073,0.000000,,,0,1,,,,,7.898211,MEDIUM
ga,pyvrp_X101_FSMFD,100,26,0.250000,999,3818878.437723,36767.333512,3828070.271101,0.000000,,,0,1,,,,,25.216578,BIG
ga,pyvrp_X101_FSMFD,100,26,0.250000,1234,4140436.244820,39943.036134,4150422.003853,0.000000,,,0,1,,,,,0.408716,DEFAULT
ga,pyvrp_X101_FSMFD,100,26,0.250000,1234,4529977.056716,41946.144299,4540463.592791,0.000000,,,0,1,,,,,0.052248,SMALL
ga,hfvrp_n200_m40_s02,200,40,0.250000,19345,21580.080945,27072.631831,28348.238903,0.000000,,,0,1,,,,,82.009116,BIG
ga,pyvrp_X101_FSMFD,100,26,0.250000,1234,3861159.137726,38900.512339,3870884.265810,0.000000,,,0,1,,,,,8.421962,MEDIUM
ga,pyvrp_X106_FSMD,105,16,0.250000,50,3906653.680437,65851.954888,3923116.669159,0.000000,,,0,1,,,,,24.386364,BIG
ga,hfvrp_n200_m40_s05,200,40,0.250000,1234,24232.317511,27013.826052,30985.774024,0.000000,,,0,1,,,,,27.120566,MEDIUM
ga,pyvrp_X106_FSMD,105,16,0.250000,75,4557637.253449,79233.372625,4577445.596606,0.000000,,,0,1,,,,,0.389993,DEFAULT
ga,pyvrp_X106_FSMD,105,16,0.250000,75,4885904.233449,82408.461643,4906506.348860,0.000000,,,0,1,,,,,0.051502,SMALL
ga,pyvrp_X106_FSMD,105,16,0.250000,75,3959605.249665,67135.039204,3976389.009466,0.000000,,,0,1,,,,,7.998396,MEDIUM
ga,hfvrp_n200_m40_s03,200,40,0.250000,9999,23304.266318,29275.039798,30623.026268,0.000000,,,0,1,,,,,77.305920,BIG
ga,hfvrp_n200_m40_s04,200,40,0.250000,9999,23657.626127,25159.281718,29947.446556,0.000000,,,0,1,,,,,78.854374,BIG
ga,pyvrp_X101_FSMFD,100,26,0.250000,1234,3789901.982560,36085.774143,3798923.426096,0.000000,,,0,1,,,,,25.130468,BIG
ga,pyvrp_X101_FSMFD,100,26,0.250000,9999,4403858.323924,46659.047713,4415523.085852,0.000000,,,0,1,,,,,0.431318,DEFAULT
ga,pyvrp_X101_FSMFD,100,26,0.250000,9999,4859028.184130,47756.602656,4870967.334794,0.000000,,,0,1,,,,,0.058175,SMALL
ga,hfvrp_n200_m40_s02,200,40,0.250000,1787934425833823688,34385.314768,57883.339692,48856.149691,0.000000,,,0,1,,,,,1.308341,DEFAULT
ga,hfvrp_n200_m40_s02,200,40,0.250000,1787934414261994993,37591.561569,101301.641877,62916.972038,0.000000,,,0,1,,,,,0.168861,SMALL
ga,pyvrp_X106_FSMD,105,16,0.250000,75,3716133.526659,60661.372891,3731298.869882,0.000000,,,0,1,,,,,23.769222,BIG
ga,pyvrp_X101_FSMFD,100,26,0.250000,9999,3773443.179395,38871.885906,3783161.150872,0.000000,,,0,1,,,,,8.300400,MEDIUM
ga,pyvrp_X106_FSMD,105,16,0.250000,100,4250775.646054,74955.647702,4269514.557979,0.000000,,,0,1,,,,,0.375924,DEFAULT
ga,pyvrp_X106_FSMD,105,16,0.250000,100,4574833.963322,74799.718945,4593533.893058,0.000000,,,0,1,,,,,0.053769,SMALL
ga,hfvrp_n200_m40_s03,200,40,0.250000,19345,39610.833600,100046.861842,64622.549061,0.000000,,,0,1,,,,,1.259060,DEFAULT
ga,hfvrp_n200_m40_s03,200,40,0.250000,19345,41600.588055,128197.562592,73649.978703,0.000000,,,0,1,,,,,0.165797,SMALL
ga,pyvrp_X106_FSMD,105,16,0.250000,100,3786625.662673,66463.750842,3803241.600383,0.000000,,,0,1,,,,,8.258305,MEDIUM
ga,hfvrp_n200_m40_s04,200,40,0.250000,19345,32411.811464,47467.349948,44278.648951,0.000000,,,0,1,,,,,1.356222,DEFAULT
ga,hfvrp_n200_m40_s04,200,40,0.250000,19345,42018.248878,89553.243648,64406.559790,0.000000,,,0,1,,,,,0.176319,SMALL
ga,hfvrp_n200_m40_s02,200,40,0.250000,1787934418730430938,23063.931810,20922.849516,28294.644189,0.000000,,,0,1,,,,,25.851341,MEDIUM
ga,pyvrp_X101_FSMFD,100,26,0.250000,9999,3839005.904365,37776.415043,3848450.008126,0.000000,,,0,1,,,,,25.273405,BIG
ga,pyvrp_X101_FSMFD,100,26,0.250000,19345,4427645.930525,52469.424061,4440763.286540,0.000000,,,0,1,,,,,0.399725,DEFAULT
ga,pyvrp_X101_FSMFD,100,26,0.250000,19345,4614975.292736,42555.072199,4625614.060786,0.000000,,,0,1,,,,,0.051547,SMALL
ga,hfvrp_n200_m40_s03,200,40,0.250000,19345,22002.307012,41844.153331,32463.345345,0.000000,,,0,1,,,,,25.368674,MEDIUM
ga,pyvrp_X106_FSMD,105,16,0.250000,100,3814869.315429,60236.980939,3829928.560664,0.000000,,,0,1,,,,,23.965207,BIG
ga,pyvrp_X106_FSMD,105,16,0.250000,200,4309264.852291,75972.106001,4328257.878792,0.000000,,,0,1,,,,,0.396810,DEFAULT
ga,pyvrp_X106_FSMD,105,16,0.250000,200,4682138.305526,74051.711182,4700651.233322,0.000000,,,0,1,,,,,0.057495,SMALL
ga,pyvrp_X101_FSMFD,100,26,0.250000,19345,3894748.631257,39244.740212,3904559.816310,0.000000,,,0,1,,,,,8.160492,MEDIUM
ga,hfvrp_n200_m40_s04,200,40,0.250000,19345,25899.748564,21041.464381,31160.114659,0.000000,,,0,1,,,,,26.340067,MEDIUM
ga,hfvrp_n200_m40_s05,200,40,0.250000,1234,23114.355441,23848.459773,29076.470384,0.000000,,,0,1,,,,,76.120825,BIG
ga,pyvrp_X106_FSMD,105,16,0.250000,200,3784388.071239,63188.688042,3800185.243249,0.000000,,,0,1,,,,,7.833388,MEDIUM
ga,pyvrp_X101_FSMFD,100,26,0.250000,19345,3830976.923783,40561.768921,3841117.366013,0.000000,,,0,1,,,,,25.424815,BIG
ga,pyvrp_X101_FSMFD,100,26,0.250000,1787934277307074437,4145790.702154,40616.869367,4155944.919496,0.000000,,,0,1,,,,,0.406342,DEFAULT
ga,pyvrp_X101_FSMFD,100,26,0.250000,1787934282012962805,4531220.186255,34580.008424,4539865.188361,0.000000,,,0,1,,,,,0.059986,SMALL
ga,pyvrp_X106_FSMD,105,16,0.250000,200,3813739.591302,63905.323360,3829715.922142,0.000000,,,0,1,,,,,24.189681,BIG
ga,pyvrp_X106_FSMD,105,16,0.250000,999,4305588.033976,69370.294930,4322930.607709,0.000000,,,0,1,,,,,0.391066,DEFAULT
ga,pyvrp_X106_FSMD,105,16,0.250000,999,4783014.462881,78335.892386,4802598.435978,0.000000,,,0,1,,,,,0.053575,SMALL
ga,pyvrp_X101_FSMFD,100,26,0.250000,1787934303552136351,3832236.961472,38365.470983,3841828.329218,0.000000,,,0,1,,,,,8.361020,MEDIUM
ga,pyvrp_X106_FSMD,105,16,0.250000,999,3719066.402247,62512.988887,3734694.649468,0.000000,,,0,1,,,,,7.874464,MEDIUM
ga,hfvrp_n200_m40_s05,200,40,0.250000,9999,33758.600820,60695.431310,48932.458647,0.000000,,,0,1,,,,,1.362570,DEFAULT
ga,hfvrp_n200_m40_s05,200,40,0.250000,9999,40606.490640,94554.742512,64245.176268,0.000000,,,0,1,,,,,0.189459,SMALL
ga,hfvrp_n200_m40_s02,200,40,0.250000,1787934547666216977,22874.738979,21973.766720,28368.180659,0.000000,,,0,1,,,,,76.494375,BIG
ga,pyvrp_X101_FSMFD,100,26,0.250000,1787934311922916995,3849761.780762,36494.598380,3858885.430357,0.000000,,,0,1,,,,,24.898870,BIG
ga,pyvrp_X110_HD,109,13,0.250000,1787933596074699909,2675529.755908,63680.656340,2691449.919993,0.000000,,,0,1,,,,,0.415649,DEFAULT
ga,pyvrp_X110_HD,109,13,0.250000,1787933613674494264,3299864.141768,79136.747146,3319648.328555,0.000000,,,0,1,,,,,0.049630,SMALL
ga,pyvrp_X115_HVRP,114,18,0.250000,1787933617790301417,2397599.876521,51194.314668,2410398.455188,0.000000,,,0,0,,,,,0.458423,DEFAULT
ga,pyvrp_X115_HVRP,114,18,0.250000,1787933605368289842,2983707.185366,68609.109141,3000859.462651,0.000000,,,0,0,,,,,0.062935,SMALL
ga,pyvrp_X106_FSMD,105,16,0.250000,999,3763855.101252,62262.167319,3779420.643082,0.000000,,,0,1,,,,,23.899757,BIG
ga,hfvrp_n200_m40_s05,200,40,0.250000,9999,24945.978973,28518.593667,32075.627390,0.000000,,,0,1,,,,,25.614374,MEDIUM
ga,pyvrp_X106_FSMD,105,16,0.250000,1234,4330570.470753,74980.711369,4349315.648595,0.000000,,,0,1,,,,,0.385708,DEFAULT
ga,pyvrp_X106_FSMD,105,16,0.250000,1234,4693157.987032,86681.222404,4714828.292633,0.000000,,,0,1,,,,,0.056413,SMALL
ga,pyvrp_X110_HD,109,13,0.250000,1787933609433217848,2154273.929257,58918.879055,2169003.649021,0.000000,,,0,1,,,,,8.268590,MEDIUM
ga,pyvrp_X115_HVRP,114,18,0.250000,1787933566780770908,2036093.778171,60669.575310,2051261.171998,0.000000,,,0,0,,,,,8.794681,MEDIUM
ga,hfvrp_n200_m40_s03,200,40,0.250000,19345,21770.326003,46204.922051,33321.556516,0.000000,,,0,1,,,,,80.691809,BIG
ga,pyvrp_X106_FSMD,105,16,0.250000,1234,3708352.916960,60158.409696,3723392.519384,0.000000,,,0,1,,,,,7.877506,MEDIUM
ga,hfvrp_n200_m40_s04,200,40,0.250000,19345,22382.455891,30965.581710,30123.851318,0.000000,,,0,1,,,,,79.270123,BIG
ga,pyvrp_X110_HD,109,13,0.250000,1787933536102242354,2070212.964697,50659.279276,2082877.784516,0.000000,,,0,1,,,,,25.567104,BIG
ga,pyvrp_X106_FSMD,105,16,0.250000,1234,3801319.671235,63381.588953,3817165.068473,0.000000,,,0,1,,,,,23.992348,BIG
ga,pyvrp_X110_HD,109,13,0.250000,1,2622371.503865,54735.788402,2636055.450965,0.000000,,,0,1,,,,,0.419197,DEFAULT
ga,pyvrp_X110_HD,109,13,0.250000,1,3143953.033296,75368.046615,3162795.044950,0.000000,,,0,1,,,,,0.054975,SMALL
ga,pyvrp_X115_HVRP,114,18,0.250000,1787933549810395004,2054968.525715,39791.528998,2064916.407965,0.000000,,,0,0,,,,,27.959615,BIG
ga,pyvrp_X106_FSMD,105,16,0.250000,9999,4309486.436143,79426.782496,4329343.131767,0.000000,,,0,1,,,,,0.389272,DEFAULT
ga,pyvrp_X106_FSMD,105,16,0.250000,9999,5048827.969438,80341.761385,5068913.409784,0.000000,,,0,1,,,,,0.047347,SMALL
ga,pyvrp_X115_HVRP,114,18,0.250000,1,2235833.383549,54519.733799,2249463.316998,0.000000,,,0,0,,,,,0.428273,DEFAULT
ga,pyvrp_X115_HVRP,114,18,0.250000,1,2554478.489066,67051.854791,2571241.452763,0.000000,,,0,0,,,,,0.062417,SMALL
ga,hfvrp_n200_m40_s03,200,40,0.250000,1787933508832325922,35885.771227,65201.670831,52186.188934,0.000000,,,0,1,,,,,1.342141,DEFAULT
ga,hfvrp_n200_m40_s03,200,40,0.250000,1787933514473429502,43804.846673,142342.588136,79390.493707,0.000000,,,0,1,,,,,0.164968,SMALL
ga,pyvrp_X110_HD,109,13,0.250000,1,2073829.608662,38893.262514,2083552.924290,0.000000,,,0,1,,,,,8.460591,MEDIUM
ga,hfvrp_n200_m40_s04,200,40,0.250000,1787933490922799986,36206.220109,56294.677121,50279.889390,0.000000,,,0,1,,,,,1.298309,DEFAULT
ga,hfvrp_n200_m40_s04,200,40,0.250000,1787933500815966604,41182.184350,112799.034072,69381.942868,0.000000,,,0,1,,,,,0.179564,SMALL
ga,pyvrp_X106_FSMD,105,16,0.250000,9999,3844480.137085,59945.530336,3859466.519669,0.000000,,,0,1,,,,,7.817342,MEDIUM
ga,pyvrp_X115_HVRP,114,18,0.250000,1,2105420.354686,51137.393826,2118204.703143,0.000000,,,0,0,,,,,9.021037,MEDIUM
ga,hfvrp_n200_m40_s03,200,40,0.250000,1787933510352674070,24139.984970,40294.768329,34213.677053,0.000000,,,0,1,,,,,25.868434,MEDIUM
ga,pyvrp_X106_FSMD,105,16,0.250000,9999,3682107.341614,61363.163136,3697448.132398,0.000000,,,0,1,,,,,23.845951,BIG
ga,pyvrp_X110_HD,109,13,0.250000,1,1911422.198594,49976.360542,1923916.288729,0.000000,,,0,1,,,,,25.317577,BIG
ga,hfvrp_n200_m40_s04,200,40,0.250000,1787933496705342164,24952.060349,31249.614386,32764.463946,0.000000,,,0,1,,,,,26.948570,MEDIUM
ga,pyvrp_X106_FSMD,105,16,0.250000,19345,4234167.676050,68075.115809,4251186.455002,0.000000,,,0,1,,,,,0.394536,DEFAULT
ga,pyvrp_X106_FSMD,105,16,0.250000,19345,4875138.453639,77267.337047,4894455.287901,0.000000,,,0,1,,,,,0.053807,SMALL
ga,pyvrp_X110_HD,109,13,0.250000,10,2880080.432111,59723.714131,2895011.360643,0.000000,,,0,1,,,,,0.423735,DEFAULT
ga,pyvrp_X110_HD,109,13,0.250000,10,3179092.760112,64533.914501,3195226.238737,0.000000,,,0,1,,,,,0.051974,SMALL
ga,pyvrp_X115_HVRP,114,18,0.250000,1,2340982.207209,43767.846306,2351924.168785,0.000000,,,0,1,,,,,29.034633,BIG
ga,pyvrp_X115_HVRP,114,18,0.250000,10,2422838.294547,63645.327648,2438749.626459,0.000000,,,0,0,,,,,0.436323,DEFAULT
ga,pyvrp_X115_HVRP,114,18,0.250000,10,2831403.681583,77273.937627,2850722.165989,0.000000,,,0,0,,,,,0.062096,SMALL
ga,pyvrp_X106_FSMD,105,16,0.250000,19345,3767383.165924,62282.514467,3782953.794540,0.000000,,,0,1,,,,,7.795529,MEDIUM
ga,pyvrp_X110_HD,109,13,0.250000,10,2066454.784781,48370.068363,2078547.301872,0.000000,,,0,1,,,,,8.241372,MEDIUM
ga,hfvrp_n200_m40_s05,200,40,0.250000,9999,22490.280234,25338.930256,28825.012798,0.000000,,,0,1,,,,,80.703396,BIG
ga,pyvrp_X115_HVRP,114,18,0.250000,10,2093726.550551,48570.389114,2105869.147829,0.000000,,,0,0,,,,,9.048785,MEDIUM
ga,pyvrp_X106_FSMD,105,16,0.250000,19345,3732175.492266,64256.012397,3748239.495366,0.000000,,,0,1,,,,,23.850259,BIG
ga,pyvrp_X110_HD,109,13,0.250000,10,2014134.090292,42235.990123,2024693.087823,0.000000,,,0,1,,,,,25.604602,BIG
ga,pyvrp_X106_FSMD,105,16,0.250000,1788064868191241439,4184275.753761,74414.751479,4202879.441631,0.000000,,,0,1,,,,,0.382447,DEFAULT
ga,pyvrp_X106_FSMD,105,16,0.250000,1788064855692565358,4895845.777594,82774.293788,4916539.351041,0.000000,,,0,1,,,,,0.051890,SMALL
ga,pyvrp_X110_HD,109,13,0.250000,50,2867307.889632,62742.974921,2882993.633362,0.000000,,,0,1,,,,,0.404904,DEFAULT
ga,pyvrp_X110_HD,109,13,0.250000,50,3000610.463707,73237.019714,3018919.718636,0.000000,,,0,1,,,,,0.055044,SMALL
ga,pyvrp_X106_FSMD,105,16,0.250000,1788064894408150484,3800123.331200,65039.416451,3816383.185313,0.000000,,,0,1,,,,,7.935778,MEDIUM
ga,pyvrp_X115_HVRP,114,18,0.250000,10,2119980.607462,55618.813034,2133885.310720,0.000000,,,0,0,,,,,26.824124,BIG
ga,pyvrp_X110_HD,109,13,0.250000,50,2235976.815003,61249.627992,2251289.222001,0.000000,,,0,1,,,,,8.246639,MEDIUM
ga,pyvrp_X115_HVRP,114,18,0.250000,50,2274486.189738,55259.141415,2288300.975092,0.000000,,,0,0,,,,,0.449686,DEFAULT
ga,pyvrp_X115_HVRP,114,18,0.250000,50,2807416.410486,61176.763341,2822710.601321,0.000000,,,0,0,,,,,0.061776,SMALL
ga,hfvrp_n200_m40_s05,200,40,0.250000,19345,34397.548663,59880.180330,49367.593745,0.000000,,,0,1,,,,,1.361998,DEFAULT
ga,hfvrp_n200_m40_s05,200,40,0.250000,19345,42792.546823,117444.027305,72153.553649,0.000000,,,0,1,,,,,0.186750,SMALL
ga,pyvrp_X115_HVRP,114,18,0.250000,50,2240685.040930,49963.843223,2253176.001736,0.000000,,,0,1,,,,,9.619771,MEDIUM
ga,pyvrp_X106_FSMD,105,16,0.250000,1788064885173078458,3842212.293832,64815.435591,3858416.152729,0.000000,,,0,1,,,,,24.536308,BIG
ga,pyvrp_X120_FSMF,119,12,0.250000,1788063352510380185,3488227.139645,147522.802805,3525107.840347,0.000000,,,0,1,,,,,0.440419,DEFAULT
ga,pyvrp_X120_FSMF,119,12,0.250000,1788063357250373589,3829924.064626,205156.651890,3881213.227598,0.000000,,,0,1,,,,,0.058722,SMALL
ga,hfvrp_n200_m40_s03,200,40,0.250000,1788065370252187793,20721.682277,40468.193251,30838.730590,0.000000,,,0,1,,,,,76.584577,BIG
ga,pyvrp_X110_HD,109,13,0.250000,50,2115561.789024,47875.583668,2127530.684941,0.000000,,,0,1,,,,,26.133082,BIG
ga,pyvrp_X110_HD,109,13,0.250000,75,2750726.105605,50232.173086,2763284.148877,0.000000,,,0,1,,,,,0.405467,DEFAULT
ga,pyvrp_X110_HD,109,13,0.250000,75,3255282.323855,76155.638805,3274321.233556,0.000000,,,0,1,,,,,0.056717,SMALL
ga,hfvrp_n200_m40_s05,200,40,0.250000,19345,24743.664220,31672.877872,32661.883687,0.000000,,,0,1,,,,,26.145999,MEDIUM
ga,hfvrp_n200_m40_s04,200,40,0.250000,1788065349095442678,22946.199587,25068.301798,29213.275036,0.000000,,,0,1,,,,,77.472552,BIG
ga,pyvrp_X120_FSMF,119,12,0.250000,1788063361608543723,3113613.691764,123573.187584,3144506.988660,0.000000,,,0,1,,,,,8.533922,MEDIUM
ga,pyvrp_X110_HD,109,13,0.250000,75,2084504.555960,56270.317755,2098572.135399,0.000000,,,0,1,,,,,8.349650,MEDIUM
ga,pyvrp_X115_HVRP,114,18,0.250000,50,2030087.570532,47477.243610,2041956.881435,0.000000,,,0,0,,,,,28.375025,BIG
ga,pyvrp_X115_HVRP,114,18,0.250000,75,2487474.160143,59334.365583,2502307.751539,0.000000,,,0,0,,,,,0.454400,DEFAULT
ga,pyvrp_X115_HVRP,114,18,0.250000,75,2851935.751726,52609.875839,2865088.220686,0.000000,,,0,0,,,,,0.062315,SMALL
ga,pyvrp_X115_HVRP,114,18,0.250000,75,2075828.743198,53428.444758,2089185.854388,0.000000,,,0,0,,,,,9.009261,MEDIUM
ga,pyvrp_X120_FSMF,119,12,0.250000,1788063030849540745,3079391.508477,103024.036071,3105147.517495,0.000000,,,0,1,,,,,25.451753,BIG
ga,pyvrp_X120_FSMF,119,12,0.250000,1,3531006.988609,155273.811349,3569825.441446,0.000000,,,0,1,,,,,0.419085,DEFAULT
ga,pyvrp_X120_FSMF,119,12,0.250000,1,3718991.631166,166881.951754,3760712.119104,0.000000,,,0,1,,,,,0.054289,SMALL
ga,pyvrp_X110_HD,109,13,0.250000,75,1929670.818713,48875.056826,1941889.582919,0.000000,,,0,1,,,,,24.653880,BIG
ga,pyvrp_X110_HD,109,13,0.250000,100,2745416.391845,68230.591168,2762474.039637,0.000000,,,0,1,,,,,0.423192,DEFAULT
ga,pyvrp_X110_HD,109,13,0.250000,100,2999519.253756,66948.177785,3016256.298202,0.000000,,,0,1,,,,,0.058990,SMALL
ga,pyvrp_X120_FSMF,119,12,0.250000,1,3129882.296532,105377.156084,3156226.585553,0.000000,,,0,1,,,,,8.424424,MEDIUM
ga,pyvrp_X110_HD,109,13,0.250000,100,2083341.634790,43241.185505,2094151.931166,0.000000,,,0,1,,,,,8.363503,MEDIUM
ga,pyvrp_X115_HVRP,114,18,0.250000,75,2156760.003279,50627.107164,2169416.780070,0.000000,,,0,0,,,,,27.076694,BIG
ga,pyvrp_X115_HVRP,114,18,0.250000,100,2436253.456888,50085.131092,2448774.739661,0.000000,,,0,0,,,,,0.435312,DEFAULT
ga,pyvrp_X115_HVRP,114,18,0.250000,100,3059458.220217,71455.881937,3077322.190702,0.000000,,,0,0,,,,,0.059923,SMALL
ga,pyvrp_X115_HVRP,114,18,0.250000,100,2032934.457925,59253.716164,2047747.886966,0.000000,,,0,0,,,,,9.111787,MEDIUM
ga,pyvrp_X120_FSMF,119,12,0.250000,1,3173806.228538,90237.011130,3196365.481321,0.000000,,,0,1,,,,,25.445765,BIG
ga,pyvrp_X120_FSMF,119,12,0.250000,10,3424643.263683,179660.110964,3469558.291424,0.000000,,,0,1,,,,,0.426403,DEFAULT
ga,pyvrp_X120_FSMF,119,12,0.250000,10,3972426.472492,241043.028000,4032687.229491,0.000000,,,0,1,,,,,0.056114,SMALL
ga,pyvrp_X110_HD,109,13,0.250000,100,1951750.693827,43806.097473,1962702.218195,0.000000,,,0,1,,,,,25.378640,BIG
ga,pyvrp_X110_HD,109,13,0.250000,200,2723494.018534,62807.520780,2739195.898729,0.000000,,,0,1,,,,,0.395237,DEFAULT
ga,pyvrp_X110_HD,109,13,0.250000,200,3092243.828187,81526.238424,3112625.387793,0.000000,,,0,1,,,,,0.053345,SMALL
ga,pyvrp_X120_FSMF,119,12,0.250000,10,3141411.663298,105564.773835,3167802.856757,0.000000,,,0,1,,,,,8.728097,MEDIUM
ga,hfvrp_n200_m40_s05,200,40,0.250000,19345,23739.623727,26792.647178,30437.785521,0.000000,,,0,1,,,,,77.156586,BIG
ga,pyvrp_X110_HD,109,13,0.250000,200,2052323.832145,45615.323434,2063727.663003,0.000000,,,0,1,,,,,8.580264,MEDIUM
ga,pyvrp_X115_HVRP,114,18,0.250000,100,2012436.938784,53080.578687,2025707.083456,0.000000,,,0,0,,,,,27.609015,BIG
ga,pyvrp_X115_HVRP,114,18,0.250000,200,2475562.695843,74084.696848,2494083.870055,0.000000,,,0,0,,,,,0.466008,DEFAULT
ga,pyvrp_X115_HVRP,114,18,0.250000,200,2930418.146970,82641.873356,2951078.615309,0.000000,,,0,0,,,,,0.070344,SMALL
ga,pyvrp_X115_HVRP,114,18,0.250000,200,2057915.752632,56751.270397,2072103.570232,0.000000,,,0,0,,,,,9.230306,MEDIUM
ga,pyvrp_X120_FSMF,119,12,0.250000,10,3173793.106575,90105.772640,3196319.549735,0.000000,,,0,1,,,,,25.277620,BIG
ga,pyvrp_X120_FSMF,119,12,0.250000,50,3500210.940416,140580.385948,3535356.036903,0.000000,,,0,1,,,,,0.417676,DEFAULT
ga,pyvrp_X120_FSMF,119,12,0.250000,50,3739796.284987,144121.535578,3775826.668881,0.000000,,,0,1,,,,,0.053748,SMALL
ga,pyvrp_X110_HD,109,13,0.250000,200,2033430.400547,50534.683668,2046064.071464,0.000000,,,0,1,,,,,25.459389,BIG
ga,pyvrp_X110_HD,109,13,0.250000,999,2681460.132264,66233.779537,2698018.577149,0.000000,,,0,1,,,,,0.422560,DEFAULT
ga,pyvrp_X110_HD,109,13,0.250000,999,2962160.194986,70647.949940,2979822.182471,0.000000,,,0,1,,,,,0.052646,SMALL
ga,pyvrp_X120_FSMF,119,12,0.250000,50,3164643.047033,107481.901589,3191513.522431,0.000000,,,0,1,,,,,8.776357,MEDIUM
ga,hfvrp_n200_m40_s05,200,40,0.250000,1788061765254691805,34855.269895,69851.085273,52318.041214,0.000000,,,0,1,,,,,1.293518,DEFAULT
ga,hfvrp_n200_m40_s05,200,40,0.250000,1788061770853537036,43791.204556,112643.055010,71951.968308,0.000000,,,0,1,,,,,0.190421,SMALL
ga,pyvrp_X110_HD,109,13,0.250000,999,2234524.644124,54359.165868,2248114.435592,0.000000,,,0,1,,,,,8.234555,MEDIUM
ga,pyvrp_X115_HVRP,114,18,0.250000,200,2313608.565327,45217.055002,2324912.829078,0.000000,,,0,1,,,,,29.346687,BIG
ga,pyvrp_X115_HVRP,114,18,0.250000,999,2355202.556822,56126.535020,2369234.190577,0.000000,,,0,0,,,,,0.439935,DEFAULT
ga,pyvrp_X115_HVRP,114,18,0.250000,999,2985016.248698,59399.230226,2999866.056254,0.000000,,,0,0,,,,,0.056913,SMALL
ga,pyvrp_X120_FSMF,119,12,0.250000,50,3071312.890267,104646.937386,3097474.624613,0.000000,,,0,1,,,,,25.782119,BIG
ga,pyvrp_X120_FSMF,119,12,0.250000,75,3521742.573232,196756.851789,3570931.786179,0.000000,,,0,1,,,,,0.432789,DEFAULT
ga,pyvrp_X120_FSMF,119,12,0.250000,75,3792656.007773,248833.659078,3854864.422543,0.000000,,,0,1,,,,,0.058440,SMALL
ga,pyvrp_X115_HVRP,114,18,0.250000,999,2083903.267107,53503.960964,2097279.257348,0.000000,,,0,0,,,,,8.960411,MEDIUM
ga,pyvrp_X110_HD,109,13,0.250000,999,1980902.232186,45960.005161,1992392.233476,0.000000,,,0,1,,,,,25.770996,BIG
ga,hfvrp_n200_m40_s05,200,40,0.250000,1788061766759241886,27638.085551,27394.182831,34486.631259,0.000000,,,0,1,,,,,27.062107,MEDIUM
ga,pyvrp_X110_HD,109,13,0.250000,1234,2556276.244287,69933.738439,2573759.678897,0.000000,,,0,1,,,,,0.404878,DEFAULT
ga,pyvrp_X110_HD,109,13,0.250000,1234,3090538.346097,72238.146812,3108597.882800,0.000000,,,0,1,,,,,0.049529,SMALL
ga,pyvrp_X120_FSMF,119,12,0.250000,75,3165227.211796,103712.003888,3191155.212768,0.000000,,,0,1,,,,,8.778951,MEDIUM
ga,pyvrp_X110_HD,109,13,0.250000,1234,2127060.297474,43916.767731,2138039.489406,0.000000,,,0,1,,,,,8.248090,MEDIUM
ga,pyvrp_X115_HVRP,114,18,0.250000,999,2031394.712701,55675.644422,2045313.623806,0.000000,,,0,0,,,,,27.212067,BIG
ga,pyvrp_X115_HVRP,114,18,0.250000,1234,2419505.459313,61560.374745,2434895.552999,0.000000,,,0,0,,,,,0.456927,DEFAULT
ga,pyvrp_X115_HVRP,114,18,0.250000,1234,3049421.669672,90034.505639,3071930.296081,0.000000,,,0,0,,,,,0.056610,SMALL
ga,pyvrp_X120_FSMF,119,12,0.250000,75,3176024.256280,90571.913066,3198667.234547,0.000000,,,0,1,,,,,25.512766,BIG
ga,pyvrp_X120_FSMF,119,12,0.250000,100,3594126.551367,177455.304529,3638490.377499,0.000000,,,0,1,,,,,0.435156,DEFAULT
ga,pyvrp_X120_FSMF,119,12,0.250000,100,3786284.166013,198067.661134,3835801.081297,0.000000,,,0,1,,,,,0.057862,SMALL
ga,pyvrp_X110_HD,109,13,0.250000,1234,2117082.857146,46953.705286,2128821.283468,0.000000,,,0,1,,,,,24.910115,BIG
ga,pyvrp_X115_HVRP,114,18,0.250000,1234,2009588.096975,58471.314594,2024205.925623,0.000000,,,0,0,,,,,8.999547,MEDIUM
ga,pyvrp_X110_HD,109,13,0.250000,9999,2696702.725945,60809.020271,2711904.981013,0.000000,,,0,1,,,,,0.401287,DEFAULT
ga,pyvrp_X110_HD,109,13,0.250000,9999,3198479.591034,83933.681266,3219463.011351,0.000000,,,0,1,,,,,0.054332,SMALL
ga,pyvrp_X120_FSMF,119,12,0.250000,100,3115036.061562,118389.175813,3144633.355515,0.000000,,,0,1,,,,,8.545941,MEDIUM
ga,pyvrp_X110_HD,109,13,0.250000,9999,2247618.340711,58607.741773,2262270.276154,0.000000,,,0,1,,,,,8.371241,MEDIUM
ga,pyvrp_X115_HVRP,114,18,0.250000,1234,2013909.293394,50956.690382,2026648.465989,0.000000,,,0,0,,,,,27.951798,BIG
ga,pyvrp_X120_FSMF,119,12,0.250000,100,3239151.322270,103002.680301,3264901.992345,0.000000,,,0,1,,,,,25.733496,BIG
ga,pyvrp_X115_HVRP,114,18,0.250000,9999,2433523.100128,58446.764433,2448134.791237,0.000000,,,0,0,,,,,0.461774,DEFAULT
ga,pyvrp_X115_HVRP,114,18,0.250000,9999,2712771.080630,73523.991990,2731152.078628,0.000000,,,0,0,,,,,0.060013,SMALL
ga,pyvrp_X120_FSMF,119,12,0.250000,200,3431362.874106,106290.368497,3457935.466230,0.000000,,,0,1,,,,,0.433951,DEFAULT
ga,pyvrp_X120_FSMF,119,12,0.250000,200,3726542.302392,238983.913206,3786288.280693,0.000000,,,0,1,,,,,0.060040,SMALL
ga,pyvrp_X110_HD,109,13,0.250000,9999,2133503.694173,51469.947255,2146371.180987,0.000000,,,0,1,,,,,24.589936,BIG
ga,pyvrp_X110_HD,109,13,0.250000,19345,2675295.149291,62329.352082,2690877.487312,0.000000,,,0,1,,,,,0.404982,DEFAULT
ga,pyvrp_X110_HD,109,13,0.250000,19345,3204187.838334,60021.981785,3219193.333780,0.000000,,,0,1,,,,,0.054588,SMALL
ga,pyvrp_X115_HVRP,114,18,0.250000,9999,1969296.771861,47238.736640,1981106.456021,0.000000,,,0,0,,,,,8.996703,MEDIUM
ga,pyvrp_X120_FSMF,119,12,0.250000,200,3240103.346510,106739.435854,3266788.205473,0.000000,,,0,1,,,,,8.650119,MEDIUM
ga,hfvrp_n200_m40_s05,200,40,0.250000,1788061669271542567,23851.988145,23640.522120,29762.118675,0.000000,,,0,1,,,,,78.577694,BIG
ga,pyvrp_X110_HD,109,13,0.250000,19345,2080956.670383,44138.265390,2091991.236730,0.000000,,,0,1,,,,,8.210681,MEDIUM
ga,pyvrp_X120_FSMF,119,12,0.250000,200,3085328.111895,110084.928174,3112849.343939,0.000000,,,0,1,,,,,25.727300,BIG
ga,pyvrp_X115_HVRP,114,18,0.250000,9999,1972929.752577,53189.940056,1986227.237591,0.000000,,,0,0,,,,,27.049091,BIG
ga,pyvrp_X120_FSMF,119,12,0.250000,999,3460779.231938,133619.500223,3494184.106993,0.000000,,,0,1,,,,,0.417293,DEFAULT
ga,pyvrp_X120_FSMF,119,12,0.250000,999,3920881.057583,240466.304409,3980997.633685,0.000000,,,0,1,,,,,0.056051,SMALL
ga,pyvrp_X115_HVRP,114,18,0.250000,19345,2183794.664220,65998.460875,2200294.279438,0.000000,,,0,0,,,,,0.448580,DEFAULT
ga,pyvrp_X115_HVRP,114,18,0.250000,19345,2834320.216627,75092.949791,2853093.454075,0.000000,,,0,0,,,,,0.062806,SMALL
ga,pyvrp_X110_HD,109,13,0.250000,19345,2040111.232660,52901.043707,2053336.493587,0.000000,,,0,1,,,,,24.923971,BIG
ga,pyvrp_X110_HD,109,13,0.250000,1788069459696492811,2758705.520203,62771.171564,2774398.313094,0.000000,,,0,1,,,,,0.411405,DEFAULT
ga,pyvrp_X110_HD,109,13,0.250000,1788069455816819300,3404955.191681,95610.969754,3428857.934119,0.000000,,,0,1,,,,,0.050868,SMALL
ga,pyvrp_X120_FSMF,119,12,0.250000,999,3118440.742366,126062.470186,3149956.359913,0.000000,,,0,1,,,,,8.596531,MEDIUM
ga,pyvrp_X115_HVRP,114,18,0.250000,19345,2006910.071471,54345.763547,2020496.512358,0.000000,,,0,0,,,,,8.871103,MEDIUM
ga,pyvrp_X110_HD,109,13,0.250000,1788069468756412002,2034990.062765,59184.175835,2049786.106723,0.000000,,,0,1,,,,,8.156293,MEDIUM
ga,pyvrp_X120_FSMF,119,12,0.250000,999,3034811.385019,103238.693003,3060621.058270,0.000000,,,0,1,,,,,25.597822,BIG
ga,pyvrp_X120_FSMF,119,12,0.250000,1234,3421774.711172,174888.129754,3465496.743610,0.000000,,,0,1,,,,,0.425396,DEFAULT
ga,pyvrp_X120_FSMF,119,12,0.250000,1234,3833803.699531,193105.970135,3882080.192065,0.000000,,,0,1,,,,,0.053512,SMALL
ga,pyvrp_X115_HVRP,114,18,0.250000,19345,2323572.808819,51035.178055,2336331.603332,0.000000,,,0,1,,,,,28.477199,BIG
ga,pyvrp_X110_HD,109,13,0.250000,1788069464032357992,2049860.432406,63876.513893,2065829.560880,0.000000,,,0,1,,,,,25.472342,BIG
ga,pyvrp_X115_HVRP,114,18,0.250000,1788069353603891612,2523821.898143,64855.599782,2540035.798089,0.000000,,,0,0,,,,,0.417785,DEFAULT
ga,pyvrp_X115_HVRP,114,18,0.250000,1788069366910561671,2925324.252398,76328.007738,2944406.254333,0.000000,,,0,0,,,,,0.054129,SMALL
ga,pyvrp_X120_FSMF,119,12,0.250000,1234,3113165.461978,126101.327862,3144690.793943,0.000000,,,0,1,,,,,8.228809,MEDIUM
ga,pyvrp_X115_HVRP,114,18,0.250000,1788069362673566099,2091533.044533,55463.095313,2105398.818362,0.000000,,,0,0,,,,,8.818687,MEDIUM
ga,pyvrp_X120_FSMF,119,12,0.250000,1234,3085207.964196,119935.613238,3115191.867506,0.000000,,,0,1,,,,,24.758874,BIG
ga,pyvrp_X120_FSMF,119,12,0.250000,9999,3470441.776382,139996.655607,3505440.940284,0.000000,,,0,1,,,,,0.412248,DEFAULT
ga,pyvrp_X120_FSMF,119,12,0.250000,9999,3874513.277899,136128.892671,3908545.501067,0.000000,,,0,1,,,,,0.057765,SMALL
ga,pyvrp_X115_HVRP,114,18,0.250000,1788069362912321684,1989090.782761,53495.162566,2002464.573402,0.000000,,,0,0,,,,,26.143115,BIG
ga,pyvrp_X120_FSMF,119,12,0.250000,9999,3093029.783318,96022.125735,3117035.314752,0.000000,,,0,1,,,,,8.338320,MEDIUM
ga,pyvrp_X120_FSMF,119,12,0.250000,9999,3061218.473752,117633.188813,3090626.770956,0.000000,,,0,1,,,,,24.316576,BIG
ga,pyvrp_X120_FSMF,119,12,0.250000,19345,3385159.834388,123611.782735,3416062.780072,0.000000,,,0,1,,,,,0.403981,DEFAULT
ga,pyvrp_X120_FSMF,119,12,0.250000,19345,4213375.861162,210151.342757,4265913.696851,0.000000,,,0,1,,,,,0.053585,SMALL
ga,pyvrp_X120_FSMF,119,12,0.250000,19345,3137031.299426,106154.596930,3163569.948659,0.000000,,,0,1,,,,,8.116431,MEDIUM
ga,pyvrp_X120_FSMF,119,12,0.250000,19345,3178143.089104,142746.211205,3213829.641905,0.000000,,,0,1,,,,,24.563983,BIG
ga,pyvrp_X120_FSMF,119,12,0.250000,1788069659661123271,3460298.331148,154014.069128,3498801.848430,0.000000,,,0,1,,,,,0.411886,DEFAULT
ga,pyvrp_X120_FSMF,119,12,0.250000,1788069664371973731,3666242.557182,201549.849480,3716630.019552,0.000000,,,0,1,,,,,0.053712,SMALL
ga,pyvrp_X120_FSMF,119,12,0.250000,1788069668724521476,3145923.353062,152009.347889,3183925.690034,0.000000,,,0,1,,,,,8.066765,MEDIUM
ga,pyvrp_X120_FSMF,119,12,0.250000,1788069681090337060,3171859.922921,95724.069386,3195790.940268,0.000000,,,0,1,,,,,24.888367,BIG
