method,instance,N,M,beta,seed,cost_operational,cost_priority,cost_total,lower_bound,root_lp_bound,gap,optimal,feasible,status,num_nodes,num_iterations,num_solutions,runtime_sec,variant
exact,ex1_1v_feasible,2,1,0.000000,42,84.142136,120.710678,84.142136,84.142136,78.556349,0.000000,1,1,optimal,0,0,1,0.002064,
exact,ex2_1v_infeasible,2,1,0.000000,42,0.000000,0.000000,0.000000,0.000000,0.000000,1.000000,0,0,infeasible,0,0,0,0.000506,
exact,ex3_3v_all_feasible,3,3,0.000000,42,162.000000,20.000000,162.000000,162.000000,154.363591,0.000000,1,1,optimal,0,0,1,0.001238,
exact,ex4_3v_infeasible,4,3,0.000000,42,0.000000,0.000000,0.000000,0.000000,169.094658,1.000000,0,0,infeasible,0,0,0,0.001163,
exact,hfvrp_n001_m03_s01,1,3,0.000000,42,87.334995,168.337487,87.334995,87.334995,87.334995,0.000000,1,1,optimal,0,0,1,0.000538,
exact,ex5_3v_one_used_feasible,3,3,0.000000,42,107.597980,120.710678,107.597980,107.597980,95.597980,0.000000,1,1,optimal,0,4,2,0.007890,
exact,hfvrp_n001_m03_s02,1,3,0.000000,42,156.310634,50.546098,156.310634,156.310634,156.310634,0.000000,1,1,optimal,0,0,1,0.001200,
exact,hfvrp_n001_m03_s03,1,3,0.000000,42,130.438737,0.000000,130.438737,130.438737,130.438737,0.000000,1,1,optimal,0,0,1,0.001092,
exact,hfvrp_n001_m03_s04,1,3,0.000000,42,122.386776,0.000000,122.386776,122.386776,122.386776,0.000000,1,1,optimal,0,0,1,0.000965,
exact,hfvrp_n001_m03_s05,1,3,0.000000,42,89.097550,34.548775,89.097550,89.097550,89.097550,0.000000,1,1,optimal,0,0,1,0.001218,
exact,hfvrp_n002_m03_s01,2,3,0.000000,42,262.852855,468.007587,262.852855,262.852855,248.921213,0.000000,1,1,optimal,0,0,2,0.004474,
exact,hfvrp_n002_m03_s02,2,3,0.000000,42,139.033247,77.690105,139.033247,139.033247,130.817821,0.000000,1,1,optimal,0,13,2,0.004587,
exact,hfvrp_n002_m03_s03,2,3,0.000000,42,185.309216,25.338303,185.309216,185.309216,155.417444,0.000000,1,1,optimal,0,0,2,0.004349,
exact,hfvrp_n002_m03_s04,2,3,0.000000,42,174.552021,35.445494,174.552021,174.552021,142.481649,0.000000,1,1,optimal,0,16,3,0.010293,
exact,hfvrp_n002_m03_s05,2,3,0.000000,42,252.004246,183.153460,252.004246,252.004246,216.906774,0.000000,1,1,optimal,0,7,2,0.007178,
exact,hfvrp_n005_m03_s01,5,3,0.000000,42,350.283936,145.533835,350.283936,350.283936,267.549103,0.000000,1,1,optimal,0,216,3,0.070269,
exact,hfvrp_n005_m03_s02,5,3,0.000000,42,358.545666,409.572622,358.545666,358.545666,289.399443,0.000000,1,1,optimal,3,153,5,0.075909,
exact,hfvrp_n005_m03_s03,5,3,0.000000,42,444.734799,0.000000,444.734799,438.931910,325.638053,0.013048,1,1,optimal,0,224,3,0.044991,
exact,hfvrp_n005_m03_s04,5,3,0.000000,42,278.576281,536.399627,278.576281,278.576281,158.921111,0.000000,1,1,optimal,0,75,3,0.028184,
exact,hfvrp_n005_m03_s05,5,3,0.000000,42,362.596536,521.792290,362.596536,362.596536,301.066386,0.000000,1,1,optimal,5,547,3,0.087753,
exact,hfvrp_n010_m03_s01,10,3,0.000000,42,505.698641,331.824464,505.698641,505.698641,315.594584,0.000000,1,1,optimal,851,7589,7,0.704260,
exact,hfvrp_n010_m03_s02,10,3,0.000000,42,488.666606,1314.253516,488.666606,488.666606,309.276307,0.000000,1,1,optimal,481,4332,6,0.575860,
exact,hfvrp_n010_m03_s03,10,3,0.000000,42,534.726709,782.169152,534.726709,534.726709,425.181306,0.000000,1,1,optimal,304,3576,7,0.289926,
exact,hfvrp_n010_m03_s04,10,3,0.000000,42,511.684614,1086.531255,511.684614,511.684614,354.550237,0.000000,1,1,optimal,2960,21630,10,2.215001,
exact,hfvrp_n010_m03_s05,10,3,0.000000,42,481.969273,679.701474,481.969273,481.969273,340.923866,0.000000,1,1,optimal,7,1252,2,0.564970,
exact,hfvrp_n015_m03_s01,15,3,0.000000,42,551.460560,3232.814793,551.460560,551.460560,418.052879,0.000000,1,1,optimal,1846,27479,9,4.418770,
exact,hfvrp_n015_m03_s02,15,3,0.000000,42,527.232952,2252.246250,527.232952,527.232952,369.693351,0.000000,1,1,optimal,1286,17988,8,4.980686,
exact,hfvrp_n015_m03_s03,15,3,0.000000,42,487.231918,884.578507,487.231918,487.231918,336.962556,0.000000,1,1,optimal,5278,75217,4,15.041838,
exact,hfvrp_n015_m03_s05,15,3,0.000000,42,559.210526,1303.873819,559.210526,559.210526,352.825609,0.000000,1,1,optimal,1936,24492,9,4.050897,
exact,hfvrp_n015_m03_s04,15,3,0.000000,42,614.626038,4323.337407,614.626038,614.626038,403.516128,0.000000,1,1,optimal,3446,44541,10,16.795573,
exact,hfvrp_n020_m04_s02,20,4,0.000000,42,651.278443,2542.985226,651.278443,651.278443,516.395425,0.000000,1,1,optimal,9356,191139,16,32.689780,
exact,hfvrp_n020_m04_s04,20,4,0.000000,42,687.393426,3672.066457,687.393426,687.393426,507.487379,0.000000,1,1,optimal,4003,76072,5,14.824018,
exact,hfvrp_n020_m04_s03,20,4,0.000000,42,656.241709,3962.112492,656.241709,656.241603,462.670851,0.000000,1,1,optimal,7388,134258,7,43.939376,
exact,hfvrp_n020_m04_s05,20,4,0.000000,42,657.465461,2969.518201,657.465461,657.465461,548.790819,0.000000,1,1,optimal,405,8982,5,1.009389,
exact,hfvrp_n020_m04_s01,20,4,0.000000,42,672.808731,2824.451890,672.808731,672.808731,484.071796,0.000000,1,1,optimal,26680,515851,10,200.782021,
exact,hfvrp_n030_m06_s04,30,6,0.000000,42,1116.843806,2566.496406,1116.843806,1116.843352,854.868152,0.000000,1,1,optimal,220661,8847962,29,4823.710171,
exact,hfvrp_n030_m06_s01,30,6,0.000000,42,1197.591993,4873.978254,1197.591993,1004.540274,682.168747,0.161200,0,1,time_limit,551538,20370961,32,18000.026091,
exact,hfvrp_n030_m06_s02,30,6,0.000000,42,1040.302720,3760.048723,1040.302720,961.078689,701.306038,0.076155,0,1,time_limit,1059142,48273569,24,18000.010452,
exact,hfvrp_n030_m06_s03,30,6,0.000000,42,1178.881975,3885.979386,1178.881975,1054.039490,794.221151,0.105899,0,1,time_limit,930640,66446237,34,18000.020287,
exact,hfvrp_n030_m06_s05,30,6,0.000000,42,1145.569378,3786.680368,1145.569378,1030.492308,796.517965,0.100454,0,1,time_limit,693386,24105276,28,18000.017542,
exact,hfvrp_n050_m10_s01,50,10,0.000000,42,2045.762799,9642.812094,2045.762799,1779.816946,1320.520569,0.129998,0,1,time_limit,296844,13707894,30,18000.015014,
exact,hfvrp_n050_m10_s02,50,10,0.000000,42,1928.834740,10384.835928,1928.834740,1581.357639,1286.558330,0.180149,0,1,time_limit,112385,6087109,37,18000.024110,
exact,hfvrp_n050_m10_s05,50,10,0.000000,42,1908.918004,13239.451552,1908.918004,1676.758717,1158.813013,0.121618,0,1,mem_limit,298539,12207901,45,9801.877148,
exact,hfvrp_n075_m15_s01,75,15,0.000000,42,4180.725817,12353.224996,4180.725817,2384.883628,1825.310180,0.429553,0,1,mem_limit,81502,5109272,73,13757.762527,
exact,hfvrp_n050_m10_s03,50,10,0.000000,42,1799.743887,10940.574111,1799.743887,1554.658373,1225.063023,0.136178,0,1,time_limit,231056,11115932,41,18000.040777,
exact,hfvrp_n050_m10_s04,50,10,0.000000,42,1837.675092,11063.788417,1837.675092,1575.843091,1252.731272,0.142480,0,1,time_limit,227214,10429075,50,18000.060148,
exact,hfvrp_n075_m15_s02,75,15,0.000000,42,4381.041058,17127.685606,4381.041058,2620.359142,2092.224064,0.401887,0,1,time_limit,34089,2558262,42,18000.070458,
exact,hfvrp_n075_m15_s03,75,15,0.000000,42,4174.877744,16990.259776,4174.877744,2732.935249,2155.926972,0.345386,0,1,time_limit,46769,3451934,68,18000.151191,
exact,hfvrp_n075_m15_s04,75,15,0.000000,42,4322.345479,15441.341665,4322.345479,2606.426964,2071.370853,0.396988,0,1,time_limit,42060,3133999,42,18000.092227,
exact,hfvrp_n075_m15_s05,75,15,0.000000,42,3812.223196,10920.243799,3812.223196,2665.143428,2159.025519,0.300895,0,1,time_limit,47798,4395410,49,18000.079784,
exact,hfvrp_n100_m20_s01,100,20,0.000000,42,6405.419225,25557.565633,6405.419225,3624.923613,2957.346652,0.434085,0,1,time_limit,23299,1901112,77,18000.265180,
exact,hfvrp_n100_m20_s02,100,20,0.000000,42,6435.577521,26512.858312,6435.577521,3375.053257,2752.882261,0.475563,0,1,time_limit,14927,1258844,58,18000.370497,
exact,hfvrp_n100_m20_s03,100,20,0.000000,42,6355.891202,24497.607456,6355.891202,3547.341113,2856.660284,0.441881,0,1,time_limit,15326,1239233,33,18009.576285,
exact,hfvrp_n100_m20_s04,100,20,0.000000,42,5645.062395,20362.250898,5645.062395,3725.662513,3002.351335,0.340014,0,1,time_limit,22012,1910361,47,18000.321585,
exact,hfvrp_n100_m20_s05,100,20,0.000000,42,5793.569129,26729.605258,5793.569129,3482.015513,2774.993604,0.398986,0,1,time_limit,16910,1279958,47,18000.241647,
exact,hfvrp_n150_m30_s01,150,30,0.000000,42,10325.724385,22306.816614,10325.724385,6355.106452,5147.307934,0.469977,0,0,time_limit,3122,766324,1,18000.187065,
exact,hfvrp_n150_m30_s03,150,30,0.000000,42,11212.356524,17168.617929,11212.356524,6301.404751,5269.517775,0.498491,0,0,time_limit,1014,307050,1,18000.337247,
exact,hfvrp_n150_m30_s02,150,30,0.000000,42,12822.910847,44266.341662,12822.910847,6236.839063,4935.866498,0.538413,0,0,time_limit,2146,375885,1,18000.150686,
exact,hfvrp_n150_m30_s04,150,30,0.000000,42,9676.536836,20712.561256,9676.536836,6325.630519,5229.399426,0.454915,0,0,time_limit,2876,585308,1,18000.325428,
exact,hfvrp_n150_m30_s05,150,30,0.000000,42,11271.407062,31539.534238,11271.407062,6268.590149,5117.685723,0.484324,0,0,time_limit,3711,627552,1,18001.143257,
exact,hfvrp_n200_m40_s01,200,40,0.000000,42,11208.554475,6557.680596,11208.554475,9949.923690,8695.741383,0.381720,0,0,time_limit,918,488843,1,18000.407183,
exact,hfvrp_n200_m40_s02,200,40,0.000000,42,0.000000,0.000000,0.000000,10362.981703,8762.068827,1.000000,0,0,no_solution,459,335095,0,18000.290058,
exact,hfvrp_n200_m40_s03,200,40,0.000000,42,10644.283624,5277.867454,10644.283624,10053.788844,8494.381653,0.372330,0,0,time_limit,918,463318,1,18000.689821,
exact,augerat_A_n32_k5,31,8,0.000000,42,6114.926713,2826.987810,6114.926713,5615.559354,5557.793975,0.081664,0,1,mem_limit,883627,23366962,26,15347.124417,
exact,hfvrp_n200_m40_s04,200,40,0.000000,42,0.000000,0.000000,0.000000,9922.515771,8618.327322,1.000000,0,0,no_solution,0,356727,0,18000.596001,
exact,hfvrp_n200_m40_s05,200,40,0.000000,42,9115.969498,4326.286685,9115.969498,9929.750300,8496.528143,0.306199,0,0,time_limit,918,619943,1,18000.322071,
exact,augerat_A_n37_k5,36,8,0.000000,42,5930.633975,2043.528222,5930.633975,5587.095140,5474.592305,0.057926,0,1,mem_limit,590934,23851352,18,14998.343099,
exact,augerat_A_n45_k6,44,8,0.000000,42,10158.286306,1532.967509,10158.286306,9876.772063,8817.919497,0.027713,0,1,time_limit,283949,16433102,49,18000.008971,
exact,augerat_A_n54_k7,53,8,0.000000,42,12547.828497,3138.248375,12547.828497,10953.574464,10321.271985,0.127054,0,1,time_limit,122866,8257965,36,18000.015236,
exact,augerat_A_n60_k9,59,10,0.000000,42,14288.477380,4393.846810,14288.477380,13148.610417,12829.634497,0.079775,0,1,time_limit,116257,6461910,24,18000.073100,
exact,augerat_A_n80_k10,79,11,0.000000,42,17767.513523,6238.575939,17767.513523,16166.476160,14973.304011,0.090110,0,1,time_limit,45376,4116701,57,18000.190453,
exact,pyvrp_X101_FSMFD,100,26,0.000000,42,5599676.763862,54262.777573,5599676.763862,2573936.742268,2482734.821098,0.540946,0,0,time_limit,8615,1081817,1,18000.105335,
exact,pyvrp_X106_FSMD,105,16,0.000000,42,0.000000,0.000000,0.000000,2506452.825410,2277841.893674,1.000000,0,0,no_solution,3486,404166,0,18000.048081,
exact,pyvrp_X110_HD,109,13,0.000000,42,2903651.159030,77010.981601,2903651.159030,1135495.177994,963288.531838,0.608942,0,1,time_limit,26573,2078683,18,18000.059805,
exact,pyvrp_X115_HVRP,114,18,0.000000,42,0.000000,0.000000,0.000000,1378940.732721,1240008.961115,1.000000,0,0,no_solution,3878,973409,0,18000.046104,
exact,pyvrp_X120_FSMF,119,12,0.000000,42,0.000000,0.000000,0.000000,2492128.887337,2407339.131437,1.000000,0,0,no_solution,19676,2521599,0,18000.024158,
savings,ex1_1v_feasible,2,1,0.000000,42,84.142136,50.000000,84.142136,0.000000,,,0,1,,,,,0.000016,
savings,ex2_1v_infeasible,2,1,0.000000,42,70.000000,0.000000,70.000000,0.000000,,,0,0,,,,,0.000007,
savings,ex3_3v_all_feasible,3,3,0.000000,42,162.000000,20.000000,162.000000,0.000000,,,0,1,,,,,0.000008,
savings,ex4_3v_infeasible,4,3,0.000000,42,141.798990,0.000000,141.798990,0.000000,,,0,0,,,,,0.000021,
savings,ex5_3v_one_used_feasible,3,3,0.000000,42,107.597980,120.710678,107.597980,0.000000,,,0,1,,,,,0.000012,
savings,hfvrp_n001_m03_s01,1,3,0.000000,42,87.334995,168.337487,87.334995,0.000000,,,0,1,,,,,0.000004,
savings,hfvrp_n001_m03_s02,1,3,0.000000,42,156.310634,50.546098,156.310634,0.000000,,,0,1,,,,,0.000007,
savings,hfvrp_n001_m03_s03,1,3,0.000000,42,130.438737,0.000000,130.438737,0.000000,,,0,1,,,,,0.000007,
savings,hfvrp_n001_m03_s04,1,3,0.000000,42,122.386776,0.000000,122.386776,0.000000,,,0,1,,,,,0.000010,
savings,hfvrp_n001_m03_s05,1,3,0.000000,42,89.097550,34.548775,89.097550,0.000000,,,0,1,,,,,0.000008,
savings,hfvrp_n002_m03_s01,2,3,0.000000,42,262.852855,468.007587,262.852855,0.000000,,,0,1,,,,,0.000025,
savings,hfvrp_n002_m03_s02,2,3,0.000000,42,139.033247,41.343143,139.033247,0.000000,,,0,1,,,,,0.000012,
savings,hfvrp_n002_m03_s03,2,3,0.000000,42,185.309216,25.338303,185.309216,0.000000,,,0,1,,,,,0.000014,
savings,hfvrp_n002_m03_s04,2,3,0.000000,42,174.940044,35.445494,174.940044,0.000000,,,0,1,,,,,0.000006,
savings,hfvrp_n002_m03_s05,2,3,0.000000,42,302.671304,316.313399,302.671304,0.000000,,,0,1,,,,,0.000004,
savings,hfvrp_n005_m03_s01,5,3,0.000000,42,350.283936,926.908793,350.283936,0.000000,,,0,1,,,,,0.000019,
savings,hfvrp_n005_m03_s02,5,3,0.000000,42,359.865479,294.868617,359.865479,0.000000,,,0,1,,,,,0.000023,
savings,hfvrp_n005_m03_s03,5,3,0.000000,42,461.844903,0.000000,461.844903,0.000000,,,0,1,,,,,0.000040,
savings,hfvrp_n005_m03_s04,5,3,0.000000,42,309.749602,490.709536,309.749602,0.000000,,,0,1,,,,,0.000014,
savings,hfvrp_n005_m03_s05,5,3,0.000000,42,383.805582,574.109458,383.805582,0.000000,,,0,1,,,,,0.000012,
savings,hfvrp_n010_m03_s01,10,3,0.000000,42,556.417944,1285.299088,556.417944,0.000000,,,0,1,,,,,0.000025,
savings,hfvrp_n010_m03_s02,10,3,0.000000,42,532.839730,1545.794420,532.839730,0.000000,,,0,1,,,,,0.000035,
savings,hfvrp_n010_m03_s03,10,3,0.000000,42,536.207835,1246.302161,536.207835,0.000000,,,0,1,,,,,0.000045,
savings,hfvrp_n010_m03_s04,10,3,0.000000,42,531.177998,1621.676281,531.177998,0.000000,,,0,1,,,,,0.000022,
savings,hfvrp_n010_m03_s05,10,3,0.000000,42,481.969273,655.167646,481.969273,0.000000,,,0,1,,,,,0.000024,
savings,hfvrp_n015_m03_s01,15,3,0.000000,42,580.855440,4613.412323,580.855440,0.000000,,,0,1,,,,,0.000030,
savings,hfvrp_n015_m03_s02,15,3,0.000000,42,536.153014,3305.630012,536.153014,0.000000,,,0,1,,,,,0.000077,
savings,hfvrp_n015_m03_s03,15,3,0.000000,42,516.494315,1798.435270,516.494315,0.000000,,,0,1,,,,,0.000026,
savings,hfvrp_n015_m03_s04,15,3,0.000000,42,614.626038,5889.143310,614.626038,0.000000,,,0,1,,,,,0.000038,
savings,hfvrp_n015_m03_s05,15,3,0.000000,42,588.643437,2564.505738,588.643437,0.000000,,,0,1,,,,,0.000058,
savings,hfvrp_n020_m04_s01,20,4,0.000000,42,674.454866,3434.050842,674.454866,0.000000,,,0,1,,,,,0.000113,
savings,hfvrp_n020_m04_s02,20,4,0.000000,42,672.184863,1926.675143,672.184863,0.000000,,,0,1,,,,,0.000042,
savings,hfvrp_n020_m04_s03,20,4,0.000000,42,701.671294,4396.203081,701.671294,0.000000,,,0,1,,,,,0.000104,
savings,hfvrp_n020_m04_s04,20,4,0.000000,42,794.295459,4598.102266,794.295459,0.000000,,,0,1,,,,,0.000059,
savings,hfvrp_n020_m04_s05,20,4,0.000000,42,771.985614,4639.729008,771.985614,0.000000,,,0,1,,,,,0.000068,
savings,hfvrp_n030_m06_s01,30,6,0.000000,42,1434.000109,5277.798887,1434.000109,0.000000,,,0,1,,,,,0.000162,
savings,hfvrp_n030_m06_s02,30,6,0.000000,42,1075.743531,4911.724488,1075.743531,0.000000,,,0,1,,,,,0.000291,
savings,hfvrp_n030_m06_s03,30,6,0.000000,42,1249.258969,5012.144403,1249.258969,0.000000,,,0,1,,,,,0.000156,
savings,hfvrp_n030_m06_s04,30,6,0.000000,42,1270.689459,2793.650729,1270.689459,0.000000,,,0,1,,,,,0.000095,
savings,hfvrp_n030_m06_s05,30,6,0.000000,42,1227.315416,4333.168653,1227.315416,0.000000,,,0,1,,,,,0.000178,
savings,hfvrp_n050_m10_s01,50,10,0.000000,42,2208.300854,10115.425159,2208.300854,0.000000,,,0,1,,,,,0.000595,
savings,hfvrp_n050_m10_s02,50,10,0.000000,42,2310.292650,19994.323092,2310.292650,0.000000,,,0,1,,,,,0.000415,
savings,hfvrp_n050_m10_s03,50,10,0.000000,42,2004.172869,15300.394667,2004.172869,0.000000,,,0,1,,,,,0.000325,
savings,hfvrp_n050_m10_s04,50,10,0.000000,42,2020.445844,14298.832746,2020.445844,0.000000,,,0,1,,,,,0.001054,
savings,hfvrp_n050_m10_s05,50,10,0.000000,42,2165.900582,11851.942524,2165.900582,0.000000,,,0,1,,,,,0.000446,
savings,hfvrp_n075_m15_s01,75,15,0.000000,42,3512.376750,13265.945985,3512.376750,0.000000,,,0,1,,,,,0.001561,
savings,hfvrp_n075_m15_s02,75,15,0.000000,42,3722.113519,17491.544521,3722.113519,0.000000,,,0,1,,,,,0.001464,
savings,hfvrp_n075_m15_s03,75,15,0.000000,42,3965.110836,17847.637463,3965.110836,0.000000,,,0,1,,,,,0.001888,
savings,hfvrp_n075_m15_s04,75,15,0.000000,42,3965.549663,16536.612932,3965.549663,0.000000,,,0,1,,,,,0.000617,
savings,hfvrp_n075_m15_s05,75,15,0.000000,42,3462.992053,13352.898298,3462.992053,0.000000,,,0,1,,,,,0.000636,
savings,hfvrp_n100_m20_s01,100,20,0.000000,42,5660.642273,32019.316067,5660.642273,0.000000,,,0,1,,,,,0.002807,
savings,hfvrp_n100_m20_s02,100,20,0.000000,42,4914.126936,26512.817588,4914.126936,0.000000,,,0,1,,,,,0.000966,
savings,hfvrp_n100_m20_s03,100,20,0.000000,42,5292.878116,29736.121148,5292.878116,0.000000,,,0,1,,,,,0.001614,
savings,hfvrp_n100_m20_s04,100,20,0.000000,42,5355.983371,25304.545411,5355.983371,0.000000,,,0,1,,,,,0.003334,
savings,hfvrp_n100_m20_s05,100,20,0.000000,42,5392.490200,25763.876474,5392.490200,0.000000,,,0,1,,,,,0.002614,
savings,hfvrp_n150_m30_s01,150,30,0.000000,42,9157.056730,49127.946671,9157.056730,0.000000,,,0,1,,,,,0.012220,
savings,hfvrp_n150_m30_s02,150,30,0.000000,42,9060.173043,47439.807948,9060.173043,0.000000,,,0,1,,,,,0.007727,
savings,hfvrp_n150_m30_s03,150,30,0.000000,42,9740.854814,46907.570537,9740.854814,0.000000,,,0,1,,,,,0.018238,
savings,hfvrp_n150_m30_s04,150,30,0.000000,42,9406.372728,52495.063179,9406.372728,0.000000,,,0,1,,,,,0.011809,
savings,hfvrp_n150_m30_s05,150,30,0.000000,42,9213.279174,33979.572527,9213.279174,0.000000,,,0,1,,,,,0.008726,
savings,hfvrp_n200_m40_s01,200,40,0.000000,42,14463.194876,49030.839123,14463.194876,0.000000,,,0,1,,,,,0.013820,
savings,hfvrp_n200_m40_s02,200,40,0.000000,42,15505.927464,48616.665720,15505.927464,0.000000,,,0,1,,,,,0.020644,
savings,hfvrp_n200_m40_s03,200,40,0.000000,42,14742.441721,54353.469491,14742.441721,0.000000,,,0,1,,,,,0.018054,
savings,hfvrp_n200_m40_s04,200,40,0.000000,42,16141.724062,54240.234876,16141.724062,0.000000,,,0,1,,,,,0.008822,
savings,hfvrp_n200_m40_s05,200,40,0.000000,42,15526.938983,48258.729813,15526.938983,0.000000,,,0,1,,,,,0.020904,
savings,augerat_A_n32_k5,31,8,0.000000,42,8223.452027,2262.193423,8223.452027,0.000000,,,0,1,,,,,0.000111,
savings,augerat_A_n37_k5,36,8,0.000000,42,8059.686630,1545.374993,8059.686630,0.000000,,,0,1,,,,,0.000095,
savings,augerat_A_n45_k6,44,8,0.000000,42,11334.466304,2136.533462,11334.466304,0.000000,,,0,1,,,,,0.000146,
savings,augerat_A_n54_k7,53,8,0.000000,42,13240.481602,3468.574037,13240.481602,0.000000,,,0,1,,,,,0.000580,
savings,augerat_A_n60_k9,59,10,0.000000,42,15054.083718,3307.785277,15054.083718,0.000000,,,0,1,,,,,0.000587,
savings,augerat_A_n80_k10,79,11,0.000000,42,17032.884224,6140.907359,17032.884224,0.000000,,,0,1,,,,,0.000889,
savings,pyvrp_X101_FSMFD,100,26,0.000000,42,3723016.307644,41434.338432,3723016.307644,0.000000,,,0,1,,,,,0.001172,
savings,pyvrp_X106_FSMD,105,16,0.000000,42,4015189.139603,71743.712925,4015189.139603,0.000000,,,0,1,,,,,0.001087,
savings,pyvrp_X110_HD,109,13,0.000000,42,2236511.862832,55852.749799,2236511.862832,0.000000,,,0,1,,,,,0.001359,
savings,pyvrp_X115_HVRP,114,18,0.000000,42,2187988.031936,56278.948495,2187988.031936,0.000000,,,0,0,,,,,0.000751,
savings,pyvrp_X120_FSMF,119,12,0.000000,42,3185726.636271,93316.873806,3185726.636271,0.000000,,,0,1,,,,,0.001481,
tabu,ex1_1v_feasible,2,1,0.000000,1788071963832947147,84.142136,50.000000,84.142136,0.000000,,,0,1,,,,,0.000010,
tabu,ex3_3v_all_feasible,3,3,0.000000,1788071731905127457,162.000000,20.000000,162.000000,0.000000,,,0,1,,,,,0.000030,
tabu,ex2_1v_infeasible,2,1,0.000000,1788071719021073069,70.000000,0.000000,70.000000,0.000000,,,0,0,,,,,0.000008,
tabu,ex4_3v_infeasible,4,3,0.000000,1788071727612801433,141.798990,0.000000,141.798990,0.000000,,,0,0,,,,,0.000026,
tabu,ex5_3v_one_used_feasible,3,3,0.000000,1788071809221059887,107.597980,120.710678,107.597980,0.000000,,,0,1,,,,,0.000043,
tabu,hfvrp_n001_m03_s01,1,3,0.000000,1788071813517772479,87.334995,168.337487,87.334995,0.000000,,,0,1,,,,,0.000133,
tabu,hfvrp_n001_m03_s01,1,3,0.000000,1,87.334995,168.337487,87.334995,0.000000,,,0,1,,,,,0.000133,
tabu,ex2_1v_infeasible,2,1,0.000000,1,70.000000,0.000000,70.000000,0.000000,,,0,0,,,,,0.000020,
tabu,ex1_1v_feasible,2,1,0.000000,1,84.142136,50.000000,84.142136,0.000000,,,0,1,,,,,0.000012,
tabu,ex5_3v_one_used_feasible,3,3,0.000000,1,107.597980,120.710678,107.597980,0.000000,,,0,1,,,,,0.000131,
tabu,ex3_3v_all_feasible,3,3,0.000000,1,162.000000,20.000000,162.000000,0.000000,,,0,1,,,,,0.000067,
tabu,ex4_3v_infeasible,4,3,0.000000,1,141.798990,0.000000,141.798990,0.000000,,,0,0,,,,,0.000022,
tabu,hfvrp_n001_m03_s01,1,3,0.000000,10,87.334995,168.337487,87.334995,0.000000,,,0,1,,,,,0.000133,
tabu,ex2_1v_infeasible,2,1,0.000000,10,70.000000,0.000000,70.000000,0.000000,,,0,0,,,,,0.000022,
tabu,ex1_1v_feasible,2,1,0.000000,10,84.142136,50.000000,84.142136,0.000000,,,0,1,,,,,0.000006,
tabu,hfvrp_n001_m03_s01,1,3,0.000000,50,87.334995,168.337487,87.334995,0.000000,,,0,1,,,,,0.000307,
tabu,ex5_3v_one_used_feasible,3,3,0.000000,10,107.597980,120.710678,107.597980,0.000000,,,0,1,,,,,0.000046,
tabu,ex3_3v_all_feasible,3,3,0.000000,10,162.000000,20.000000,162.000000,0.000000,,,0,1,,,,,0.000079,
tabu,ex2_1v_infeasible,2,1,0.000000,50,70.000000,0.000000,70.000000,0.000000,,,0,0,,,,,0.000023,
tabu,ex4_3v_infeasible,4,3,0.000000,10,141.798990,0.000000,141.798990,0.000000,,,0,0,,,,,0.000022,
tabu,ex1_1v_feasible,2,1,0.000000,50,84.142136,50.000000,84.142136,0.000000,,,0,1,,,,,0.000010,
tabu,hfvrp_n001_m03_s01,1,3,0.000000,75,87.334995,168.337487,87.334995,0.000000,,,0,1,,,,,0.000130,
tabu,ex5_3v_one_used_feasible,3,3,0.000000,50,107.597980,120.710678,107.597980,0.000000,,,0,1,,,,,0.000142,
tabu,ex3_3v_all_feasible,3,3,0.000000,50,162.000000,20.000000,162.000000,0.000000,,,0,1,,,,,0.000042,
tabu,ex2_1v_infeasible,2,1,0.000000,75,70.000000,0.000000,70.000000,0.000000,,,0,0,,,,,0.000012,
tabu,ex1_1v_feasible,2,1,0.000000,75,84.142136,50.000000,84.142136,0.000000,,,0,1,,,,,0.000015,
tabu,hfvrp_n001_m03_s01,1,3,0.000000,100,87.334995,168.337487,87.334995,0.000000,,,0,1,,,,,0.000130,
tabu,ex4_3v_infeasible,4,3,0.000000,50,141.798990,0.000000,141.798990,0.000000,,,0,0,,,,,0.000026,
tabu,hfvrp_n001_m03_s01,1,3,0.000000,200,87.334995,168.337487,87.334995,0.000000,,,0,1,,,,,0.000403,
tabu,ex2_1v_infeasible,2,1,0.000000,100,70.000000,0.000000,70.000000,0.000000,,,0,0,,,,,0.000025,
tabu,ex1_1v_feasible,2,1,0.000000,100,84.142136,50.000000,84.142136,0.000000,,,0,1,,,,,0.000006,
tabu,ex5_3v_one_used_feasible,3,3,0.000000,75,107.597980,120.710678,107.597980,0.000000,,,0,1,,,,,0.000047,
tabu,ex3_3v_all_feasible,3,3,0.000000,75,162.000000,20.000000,162.000000,0.000000,,,0,1,,,,,0.000079,
tabu,hfvrp_n001_m03_s01,1,3,0.000000,999,87.334995,168.337487,87.334995,0.000000,,,0,1,,,,,0.000404,
tabu,ex2_1v_infeasible,2,1,0.000000,200,70.000000,0.000000,70.000000,0.000000,,,0,0,,,,,0.000008,
tabu,ex4_3v_infeasible,4,3,0.000000,75,141.798990,0.000000,141.798990,0.000000,,,0,0,,,,,0.000077,
tabu,ex1_1v_feasible,2,1,0.000000,200,84.142136,50.000000,84.142136,0.000000,,,0,1,,,,,0.000010,
tabu,ex5_3v_one_used_feasible,3,3,0.000000,100,107.597980,120.710678,107.597980,0.000000,,,0,1,,,,,0.000042,
tabu,hfvrp_n001_m03_s01,1,3,0.000000,1234,87.334995,168.337487,87.334995,0.000000,,,0,1,,,,,0.000423,
tabu,ex3_3v_all_feasible,3,3,0.000000,100,162.000000,20.000000,162.000000,0.000000,,,0,1,,,,,0.000035,
tabu,ex2_1v_infeasible,2,1,0.000000,999,70.000000,0.000000,70.000000,0.000000,,,0,0,,,,,0.000013,
tabu,ex1_1v_feasible,2,1,0.000000,999,84.142136,50.000000,84.142136,0.000000,,,0,1,,,,,0.000012,
tabu,hfvrp_n001_m03_s01,1,3,0.000000,9999,87.334995,168.337487,87.334995,0.000000,,,0,1,,,,,0.000368,
tabu,ex4_3v_infeasible,4,3,0.000000,100,141.798990,0.000000,141.798990,0.000000,,,0,0,,,,,0.000069,
tabu,ex5_3v_one_used_feasible,3,3,0.000000,200,107.597980,120.710678,107.597980,0.000000,,,0,1,,,,,0.000046,
tabu,ex3_3v_all_feasible,3,3,0.000000,200,162.000000,20.000000,162.000000,0.000000,,,0,1,,,,,0.000033,
tabu,ex2_1v_infeasible,2,1,0.000000,1234,70.000000,0.000000,70.000000,0.000000,,,0,0,,,,,0.000024,
tabu,ex1_1v_feasible,2,1,0.000000,1234,84.142136,50.000000,84.142136,0.000000,,,0,1,,,,,0.000016,
tabu,hfvrp_n001_m03_s01,1,3,0.000000,19345,87.334995,168.337487,87.334995,0.000000,,,0,1,,,,,0.000132,
tabu,ex5_3v_one_used_feasible,3,3,0.000000,999,107.597980,120.710678,107.597980,0.000000,,,0,1,,,,,0.000043,
tabu,hfvrp_n001_m03_s01,1,3,0.000000,1788103109314373349,87.334995,168.337487,87.334995,0.000000,,,0,1,,,,,0.000268,
tabu,ex2_1v_infeasible,2,1,0.000000,9999,70.000000,0.000000,70.000000,0.000000,,,0,0,,,,,0.000017,
tabu,ex4_3v_infeasible,4,3,0.000000,200,141.798990,0.000000,141.798990,0.000000,,,0,0,,,,,0.000081,
tabu,ex1_1v_feasible,2,1,0.000000,9999,84.142136,50.000000,84.142136,0.000000,,,0,1,,,,,0.000005,
tabu,ex3_3v_all_feasible,3,3,0.000000,999,162.000000,20.000000,162.000000,0.000000,,,0,1,,,,,0.000026,
tabu,hfvrp_n001_m03_s02,1,3,0.000000,1788103024471673466,156.310634,50.546098,156.310634,0.000000,,,0,1,,,,,0.000151,
tabu,ex2_1v_infeasible,2,1,0.000000,19345,70.000000,0.000000,70.000000,0.000000,,,0,0,,,,,0.000008,
tabu,ex1_1v_feasible,2,1,0.000000,19345,84.142136,50.000000,84.142136,0.000000,,,0,1,,,,,0.000009,
tabu,ex5_3v_one_used_feasible,3,3,0.000000,1234,107.597980,120.710678,107.597980,0.000000,,,0,1,,,,,0.000046,
tabu,ex3_3v_all_feasible,3,3,0.000000,1234,162.000000,20.000000,162.000000,0.000000,,,0,1,,,,,0.000049,
tabu,ex4_3v_infeasible,4,3,0.000000,999,141.798990,0.000000,141.798990,0.000000,,,0,0,,,,,0.000026,
tabu,hfvrp_n001_m03_s02,1,3,0.000000,1,156.310634,50.546098,156.310634,0.000000,,,0,1,,,,,0.000223,
tabu,ex2_1v_infeasible,2,1,0.000000,1788104915779758912,70.000000,0.000000,70.000000,0.000000,,,0,0,,,,,0.000008,
tabu,ex1_1v_feasible,2,1,0.000000,1788104954576277911,84.142136,50.000000,84.142136,0.000000,,,0,1,,,,,0.000025,
tabu,ex5_3v_one_used_feasible,3,3,0.000000,9999,107.597980,120.710678,107.597980,0.000000,,,0,1,,,,,0.000116,
tabu,hfvrp_n001_m03_s02,1,3,0.000000,10,156.310634,50.546098,156.310634,0.000000,,,0,1,,,,,0.000308,
tabu,ex3_3v_all_feasible,3,3,0.000000,9999,162.000000,20.000000,162.000000,0.000000,,,0,1,,,,,0.000026,
tabu,hfvrp_n001_m03_s03,1,3,0.000000,1788104569228657086,130.438737,0.000000,130.438737,0.000000,,,0,1,,,,,0.000113,
tabu,ex4_3v_infeasible,4,3,0.000000,1234,141.798990,0.000000,141.798990,0.000000,,,0,0,,,,,0.000022,
tabu,hfvrp_n001_m03_s04,1,3,0.000000,1788104676705996164,122.386776,0.000000,122.386776,0.000000,,,0,1,,,,,0.000113,
tabu,hfvrp_n001_m03_s02,1,3,0.000000,50,156.310634,50.546098,156.310634,0.000000,,,0,1,,,,,0.000344,
tabu,ex5_3v_one_used_feasible,3,3,0.000000,19345,107.597980,120.710678,107.597980,0.000000,,,0,1,,,,,0.000046,
tabu,hfvrp_n001_m03_s03,1,3,0.000000,1,130.438737,0.000000,130.438737,0.000000,,,0,1,,,,,0.000111,
tabu,hfvrp_n001_m03_s04,1,3,0.000000,1,122.386776,0.000000,122.386776,0.000000,,,0,1,,,,,0.000351,
tabu,ex3_3v_all_feasible,3,3,0.000000,19345,162.000000,20.000000,162.000000,0.000000,,,0,1,,,,,0.000049,
tabu,hfvrp_n001_m03_s02,1,3,0.000000,75,156.310634,50.546098,156.310634,0.000000,,,0,1,,,,,0.000334,
tabu,ex4_3v_infeasible,4,3,0.000000,9999,141.798990,0.000000,141.798990,0.000000,,,0,0,,,,,0.000022,
tabu,hfvrp_n001_m03_s03,1,3,0.000000,10,130.438737,0.000000,130.438737,0.000000,,,0,1,,,,,0.000223,
tabu,hfvrp_n001_m03_s04,1,3,0.000000,10,122.386776,0.000000,122.386776,0.000000,,,0,1,,,,,0.000243,
tabu,hfvrp_n001_m03_s02,1,3,0.000000,100,156.310634,50.546098,156.310634,0.000000,,,0,1,,,,,0.000107,
tabu,ex5_3v_one_used_feasible,3,3,0.000000,1788104270977376542,107.597980,120.710678,107.597980,0.000000,,,0,1,,,,,0.000142,
tabu,ex3_3v_all_feasible,3,3,0.000000,1788104249951903209,162.000000,20.000000,162.000000,0.000000,,,0,1,,,,,0.000029,
tabu,hfvrp_n001_m03_s03,1,3,0.000000,50,130.438737,0.000000,130.438737,0.000000,,,0,1,,,,,0.000109,
tabu,hfvrp_n001_m03_s04,1,3,0.000000,50,122.386776,0.000000,122.386776,0.000000,,,0,1,,,,,0.000109,
tabu,hfvrp_n001_m03_s02,1,3,0.000000,200,156.310634,50.546098,156.310634,0.000000,,,0,1,,,,,0.000148,
tabu,ex4_3v_infeasible,4,3,0.000000,19345,141.798990,0.000000,141.798990,0.000000,,,0,0,,,,,0.000080,
tabu,hfvrp_n001_m03_s05,1,3,0.000000,1788103907550428976,89.097550,34.548775,89.097550,0.000000,,,0,1,,,,,0.000208,
tabu,hfvrp_n001_m03_s03,1,3,0.000000,75,130.438737,0.000000,130.438737,0.000000,,,0,1,,,,,0.000112,
tabu,hfvrp_n001_m03_s04,1,3,0.000000,75,122.386776,0.000000,122.386776,0.000000,,,0,1,,,,,0.000348,
tabu,hfvrp_n001_m03_s02,1,3,0.000000,999,156.310634,50.546098,156.310634,0.000000,,,0,1,,,,,0.000108,
tabu,hfvrp_n002_m03_s01,2,3,0.000000,1788101610249279618,262.852855,468.007587,262.852855,0.000000,,,0,1,,,,,0.000380,
tabu,hfvrp_n001_m03_s05,1,3,0.000000,1,89.097550,34.548775,89.097550,0.000000,,,0,1,,,,,0.000131,
tabu,hfvrp_n001_m03_s03,1,3,0.000000,100,130.438737,0.000000,130.438737,0.000000,,,0,1,,,,,0.000396,
tabu,hfvrp_n001_m03_s04,1,3,0.000000,100,122.386776,0.000000,122.386776,0.000000,,,0,1,,,,,0.000111,
tabu,hfvrp_n001_m03_s02,1,3,0.000000,1234,156.310634,50.546098,156.310634,0.000000,,,0,1,,,,,0.000337,
tabu,ex4_3v_infeasible,4,3,0.000000,1788101297912537549,141.798990,0.000000,141.798990,0.000000,,,0,0,,,,,0.000022,
tabu,hfvrp_n002_m03_s01,2,3,0.000000,1,262.852855,468.007587,262.852855,0.000000,,,0,1,,,,,0.000299,
tabu,hfvrp_n001_m03_s05,1,3,0.000000,10,89.097550,34.548775,89.097550,0.000000,,,0,1,,,,,0.000403,
tabu,hfvrp_n001_m03_s03,1,3,0.000000,200,130.438737,0.000000,130.438737,0.000000,,,0,1,,,,,0.000145,
tabu,hfvrp_n001_m03_s04,1,3,0.000000,200,122.386776,0.000000,122.386776,0.000000,,,0,1,,,,,0.000108,
tabu,hfvrp_n001_m03_s02,1,3,0.000000,9999,156.310634,50.546098,156.310634,0.000000,,,0,1,,,,,0.000345,
tabu,hfvrp_n001_m03_s05,1,3,0.000000,50,89.097550,34.548775,89.097550,0.000000,,,0,1,,,,,0.000418,
tabu,hfvrp_n001_m03_s03,1,3,0.000000,999,130.438737,0.000000,130.438737,0.000000,,,0,1,,,,,0.000244,
tabu,hfvrp_n002_m03_s01,2,3,0.000000,10,262.852855,468.007587,262.852855,0.000000,,,0,1,,,,,0.000494,
tabu,hfvrp_n001_m03_s04,1,3,0.000000,999,122.386776,0.000000,122.386776,0.000000,,,0,1,,,,,0.000360,
tabu,hfvrp_n001_m03_s02,1,3,0.000000,19345,156.310634,50.546098,156.310634,0.000000,,,0,1,,,,,0.000112,
tabu,hfvrp_n002_m03_s02,2,3,0.000000,1788100887520110694,139.033247,41.343143,139.033247,0.000000,,,0,1,,,,,0.000226,
tabu,hfvrp_n001_m03_s05,1,3,0.000000,75,89.097550,34.548775,89.097550,0.000000,,,0,1,,,,,0.000182,
tabu,hfvrp_n001_m03_s03,1,3,0.000000,1234,130.438737,0.000000,130.438737,0.000000,,,0,1,,,,,0.000107,
tabu,hfvrp_n001_m03_s04,1,3,0.000000,1234,122.386776,0.000000,122.386776,0.000000,,,0,1,,,,,0.000112,
tabu,hfvrp_n001_m03_s02,1,3,0.000000,1788100755210583921,156.310634,50.546098,156.310634,0.000000,,,0,1,,,,,0.000307,
tabu,hfvrp_n002_m03_s01,2,3,0.000000,50,262.852855,468.007587,262.852855,0.000000,,,0,1,,,,,0.000297,
tabu,hfvrp_n002_m03_s02,2,3,0.000000,1,139.033247,41.343143,139.033247,0.000000,,,0,1,,,,,0.000190,
tabu,hfvrp_n001_m03_s05,1,3,0.000000,100,89.097550,34.548775,89.097550,0.000000,,,0,1,,,,,0.000134,
tabu,hfvrp_n001_m03_s03,1,3,0.000000,9999,130.438737,0.000000,130.438737,0.000000,,,0,1,,,,,0.000350,
tabu,hfvrp_n001_m03_s04,1,3,0.000000,9999,122.386776,0.000000,122.386776,0.000000,,,0,1,,,,,0.000278,
tabu,hfvrp_n002_m03_s03,2,3,0.000000,1788100648885599409,185.309216,25.338303,185.309216,0.000000,,,0,1,,,,,0.000422,
tabu,hfvrp_n002_m03_s01,2,3,0.000000,75,262.852855,468.007587,262.852855,0.000000,,,0,1,,,,,0.000400,
tabu,hfvrp_n001_m03_s05,1,3,0.000000,200,89.097550,34.548775,89.097550,0.000000,,,0,1,,,,,0.000134,
tabu,hfvrp_n001_m03_s03,1,3,0.000000,19345,130.438737,0.000000,130.438737,0.000000,,,0,1,,,,,0.000113,
tabu,hfvrp_n002_m03_s02,2,3,0.000000,10,139.033247,41.343143,139.033247,0.000000,,,0,1,,,,,0.000571,
tabu,hfvrp_n001_m03_s04,1,3,0.000000,19345,122.386776,0.000000,122.386776,0.000000,,,0,1,,,,,0.000344,
tabu,hfvrp_n002_m03_s03,2,3,0.000000,1,185.309216,25.338303,185.309216,0.000000,,,0,1,,,,,0.000299,
tabu,hfvrp_n001_m03_s05,1,3,0.000000,999,89.097550,34.548775,89.097550,0.000000,,,0,1,,,,,0.000134,
tabu,hfvrp_n002_m03_s01,2,3,0.000000,100,262.852855,468.007587,262.852855,0.000000,,,0,1,,,,,0.000295,
tabu,hfvrp_n001_m03_s03,1,3,0.000000,1788102592017981253,130.438737,0.000000,130.438737,0.000000,,,0,1,,,,,0.000185,
tabu,hfvrp_n001_m03_s04,1,3,0.000000,1788102373135468997,122.386776,0.000000,122.386776,0.000000,,,0,1,,,,,0.000108,
tabu,hfvrp_n002_m03_s02,2,3,0.000000,50,139.033247,41.343143,139.033247,0.000000,,,0,1,,,,,0.000606,
tabu,hfvrp_n002_m03_s03,2,3,0.000000,10,185.309216,25.338303,185.309216,0.000000,,,0,1,,,,,0.000959,
tabu,hfvrp_n001_m03_s05,1,3,0.000000,1234,89.097550,34.548775,89.097550,0.000000,,,0,1,,,,,0.000130,
tabu,hfvrp_n002_m03_s04,2,3,0.000000,1788102331071872725,174.552021,35.445494,174.552021,0.000000,,,0,1,,,,,0.000510,
tabu,hfvrp_n002_m03_s05,2,3,0.000000,1788102125072152440,252.004246,183.153460,252.004246,0.000000,,,0,1,,,,,0.000302,
tabu,hfvrp_n002_m03_s01,2,3,0.000000,200,262.852855,468.007587,262.852855,0.000000,,,0,1,,,,,0.000307,
tabu,hfvrp_n002_m03_s02,2,3,0.000000,75,139.033247,41.343143,139.033247,0.000000,,,0,1,,,,,0.000182,
tabu,hfvrp_n001_m03_s05,1,3,0.000000,9999,89.097550,34.548775,89.097550,0.000000,,,0,1,,,,,0.000333,
tabu,hfvrp_n002_m03_s03,2,3,0.000000,50,185.309216,25.338303,185.309216,0.000000,,,0,1,,,,,0.000321,
tabu,hfvrp_n002_m03_s04,2,3,0.000000,1,174.552021,35.445494,174.552021,0.000000,,,0,1,,,,,0.000494,
tabu,hfvrp_n002_m03_s05,2,3,0.000000,1,252.004246,183.153460,252.004246,0.000000,,,0,1,,,,,0.000297,
tabu,hfvrp_n002_m03_s01,2,3,0.000000,999,262.852855,468.007587,262.852855,0.000000,,,0,1,,,,,0.000614,
tabu,hfvrp_n002_m03_s02,2,3,0.000000,100,139.033247,41.343143,139.033247,0.000000,,,0,1,,,,,0.000358,
tabu,hfvrp_n001_m03_s05,1,3,0.000000,19345,89.097550,34.548775,89.097550,0.000000,,,0,1,,,,,0.000422,
tabu,hfvrp_n002_m03_s03,2,3,0.000000,75,185.309216,25.338303,185.309216,0.000000,,,0,1,,,,,0.000749,
tabu,hfvrp_n002_m03_s04,2,3,0.000000,10,174.552021,35.445494,174.552021,0.000000,,,0,1,,,,,0.000873,
tabu,hfvrp_n002_m03_s05,2,3,0.000000,10,252.004246,183.153460,252.004246,0.000000,,,0,1,,,,,0.000298,
tabu,hfvrp_n002_m03_s01,2,3,0.000000,1234,262.852855,468.007587,262.852855,0.000000,,,0,1,,,,,0.000699,
tabu,hfvrp_n001_m03_s05,1,3,0.000000,1788101784360783171,89.097550,34.548775,89.097550,0.000000,,,0,1,,,,,0.000132,
tabu,hfvrp_n002_m03_s02,2,3,0.000000,200,139.033247,41.343143,139.033247,0.000000,,,0,1,,,,,0.000181,
tabu,hfvrp_n002_m03_s03,2,3,0.000000,100,185.309216,25.338303,185.309216,0.000000,,,0,1,,,,,0.000336,
tabu,hfvrp_n002_m03_s04,2,3,0.000000,50,174.552021,35.445494,174.552021,0.000000,,,0,1,,,,,0.000520,
tabu,hfvrp_n005_m03_s01,5,3,0.000000,1788099414593258374,350.283936,926.908793,350.283936,0.000000,,,0,1,,,,,0.000086,
tabu,hfvrp_n002_m03_s05,2,3,0.000000,50,252.004246,183.153460,252.004246,0.000000,,,0,1,,,,,0.000978,
tabu,hfvrp_n002_m03_s01,2,3,0.000000,9999,262.852855,468.007587,262.852855,0.000000,,,0,1,,,,,0.000299,
tabu,hfvrp_n002_m03_s02,2,3,0.000000,999,139.033247,41.343143,139.033247,0.000000,,,0,1,,,,,0.000296,
tabu,hfvrp_n002_m03_s03,2,3,0.000000,200,185.309216,25.338303,185.309216,0.000000,,,0,1,,,,,0.000440,
tabu,hfvrp_n002_m03_s04,2,3,0.000000,75,174.552021,35.445494,174.552021,0.000000,,,0,1,,,,,0.000455,
tabu,hfvrp_n002_m03_s05,2,3,0.000000,75,252.004246,183.153460,252.004246,0.000000,,,0,1,,,,,0.000299,
tabu,hfvrp_n002_m03_s01,2,3,0.000000,19345,262.852855,468.007587,262.852855,0.000000,,,0,1,,,,,0.000298,
tabu,hfvrp_n002_m03_s02,2,3,0.000000,1234,139.033247,41.343143,139.033247,0.000000,,,0,1,,,,,0.000178,
tabu,hfvrp_n005_m03_s01,5,3,0.000000,1,350.283936,926.908793,350.283936,0.000000,,,0,1,,,,,0.000248,
tabu,hfvrp_n002_m03_s03,2,3,0.000000,999,185.309216,25.338303,185.309216,0.000000,,,0,1,,,,,0.000584,
tabu,hfvrp_n002_m03_s04,2,3,0.000000,100,174.552021,35.445494,174.552021,0.000000,,,0,1,,,,,0.000652,
tabu,hfvrp_n002_m03_s05,2,3,0.000000,100,252.004246,183.153460,252.004246,0.000000,,,0,1,,,,,0.000298,
tabu,hfvrp_n002_m03_s01,2,3,0.000000,1788098824793489640,262.852855,468.007587,262.852855,0.000000,,,0,1,,,,,0.000541,
tabu,hfvrp_n002_m03_s02,2,3,0.000000,9999,139.033247,41.343143,139.033247,0.000000,,,0,1,,,,,0.000278,
tabu,hfvrp_n002_m03_s03,2,3,0.000000,1234,185.309216,25.338303,185.309216,0.000000,,,0,1,,,,,0.000936,
tabu,hfvrp_n005_m03_s01,5,3,0.000000,10,350.283936,926.908793,350.283936,0.000000,,,0,1,,,,,0.000210,
tabu,hfvrp_n002_m03_s04,2,3,0.000000,200,174.552021,35.445494,174.552021,0.000000,,,0,1,,,,,0.000383,
tabu,hfvrp_n002_m03_s05,2,3,0.000000,200,252.004246,183.153460,252.004246,0.000000,,,0,1,,,,,0.000638,
tabu,hfvrp_n005_m03_s02,5,3,0.000000,1788098723086560135,359.865479,294.868617,359.865479,0.000000,,,0,1,,,,,0.001264,
tabu,hfvrp_n002_m03_s02,2,3,0.000000,19345,139.033247,41.343143,139.033247,0.000000,,,0,1,,,,,0.000181,
tabu,hfvrp_n002_m03_s03,2,3,0.000000,9999,185.309216,25.338303,185.309216,0.000000,,,0,1,,,,,0.000846,
tabu,hfvrp_n002_m03_s04,2,3,0.000000,999,174.552021,35.445494,174.552021,0.000000,,,0,1,,,,,0.000280,
tabu,hfvrp_n002_m03_s05,2,3,0.000000,999,252.004246,183.153460,252.004246,0.000000,,,0,1,,,,,0.000310,
tabu,hfvrp_n002_m03_s02,2,3,0.000000,1788098428359715566,139.033247,41.343143,139.033247,0.000000,,,0,1,,,,,0.000177,
tabu,hfvrp_n005_m03_s01,5,3,0.000000,50,350.283936,926.908793,350.283936,0.000000,,,0,1,,,,,0.000077,
tabu,hfvrp_n005_m03_s02,5,3,0.000000,1,359.865479,294.868617,359.865479,0.000000,,,0,1,,,,,0.000932,
tabu,hfvrp_n002_m03_s03,2,3,0.000000,19345,185.309216,25.338303,185.309216,0.000000,,,0,1,,,,,0.000302,
tabu,hfvrp_n002_m03_s04,2,3,0.000000,1234,174.552021,35.445494,174.552021,0.000000,,,0,1,,,,,0.000283,
tabu,hfvrp_n002_m03_s05,2,3,0.000000,1234,252.004246,183.153460,252.004246,0.000000,,,0,1,,,,,0.000535,
tabu,hfvrp_n005_m03_s03,5,3,0.000000,1788100358167466132,444.734799,0.000000,444.734799,0.000000,,,0,1,,,,,0.001929,
tabu,hfvrp_n005_m03_s01,5,3,0.000000,75,350.283936,926.908793,350.283936,0.000000,,,0,1,,,,,0.000146,
tabu,hfvrp_n002_m03_s03,2,3,0.000000,1788100302987207066,185.309216,25.338303,185.309216,0.000000,,,0,1,,,,,0.000301,
tabu,hfvrp_n002_m03_s04,2,3,0.000000,9999,174.552021,35.445494,174.552021,0.000000,,,0,1,,,,,0.000278,
tabu,hfvrp_n002_m03_s05,2,3,0.000000,9999,252.004246,183.153460,252.004246,0.000000,,,0,1,,,,,0.000948,
tabu,hfvrp_n005_m03_s02,5,3,0.000000,10,359.865479,294.868617,359.865479,0.000000,,,0,1,,,,,0.000929,
tabu,hfvrp_n002_m03_s04,2,3,0.000000,19345,174.552021,35.445494,174.552021,0.000000,,,0,1,,,,,0.000614,
tabu,hfvrp_n005_m03_s03,5,3,0.000000,1,444.734799,0.000000,444.734799,0.000000,,,0,1,,,,,0.000942,
tabu,hfvrp_n005_m03_s04,5,3,0.000000,1788100089609351559,278.576281,287.478473,278.576281,0.000000,,,0,1,,,,,0.002255,
tabu,hfvrp_n002_m03_s05,2,3,0.000000,19345,252.004246,183.153460,252.004246,0.000000,,,0,1,,,,,0.000777,
tabu,hfvrp_n005_m03_s01,5,3,0.000000,100,350.283936,926.908793,350.283936,0.000000,,,0,1,,,,,0.000198,
tabu,hfvrp_n005_m03_s02,5,3,0.000000,50,359.865479,294.868617,359.865479,0.000000,,,0,1,,,,,0.000936,
tabu,hfvrp_n002_m03_s04,2,3,0.000000,1788099914837068253,174.552021,35.445494,174.552021,0.000000,,,0,1,,,,,0.000458,
tabu,hfvrp_n002_m03_s05,2,3,0.000000,1788099893494375546,252.004246,183.153460,252.004246,0.000000,,,0,1,,,,,0.000483,
tabu,hfvrp_n005_m03_s03,5,3,0.000000,10,444.734799,0.000000,444.734799,0.000000,,,0,1,,,,,0.001442,
tabu,hfvrp_n005_m03_s04,5,3,0.000000,1,278.576281,287.478473,278.576281,0.000000,,,0,1,,,,,0.000939,
tabu,hfvrp_n005_m03_s01,5,3,0.000000,200,350.283936,926.908793,350.283936,0.000000,,,0,1,,,,,0.000209,
tabu,hfvrp_n005_m03_s05,5,3,0.000000,1788099851778784360,362.596536,406.141495,362.596536,0.000000,,,0,1,,,,,0.000242,
tabu,hfvrp_n010_m03_s01,10,3,0.000000,1788099645755957065,505.698641,331.824464,505.698641,0.000000,,,0,1,,,,,0.007870,
tabu,hfvrp_n005_m03_s02,5,3,0.000000,75,359.865479,294.868617,359.865479,0.000000,,,0,1,,,,,0.000912,
tabu,hfvrp_n005_m03_s03,5,3,0.000000,50,444.734799,0.000000,444.734799,0.000000,,,0,1,,,,,0.002123,
tabu,hfvrp_n005_m03_s04,5,3,0.000000,10,278.576281,287.478473,278.576281,0.000000,,,0,1,,,,,0.002906,
tabu,hfvrp_n005_m03_s01,5,3,0.000000,999,350.283936,926.908793,350.283936,0.000000,,,0,1,,,,,0.000081,
tabu,hfvrp_n005_m03_s05,5,3,0.000000,1,362.596536,406.141495,362.596536,0.000000,,,0,1,,,,,0.000097,
tabu,hfvrp_n005_m03_s02,5,3,0.000000,100,359.865479,294.868617,359.865479,0.000000,,,0,1,,,,,0.001882,
tabu,hfvrp_n010_m03_s01,10,3,0.000000,1,505.698641,331.824464,505.698641,0.000000,,,0,1,,,,,0.004554,
tabu,hfvrp_n005_m03_s03,5,3,0.000000,75,444.734799,0.000000,444.734799,0.000000,,,0,1,,,,,0.000925,
tabu,hfvrp_n005_m03_s04,5,3,0.000000,50,278.576281,287.478473,278.576281,0.000000,,,0,1,,,,,0.001929,
tabu,hfvrp_n005_m03_s01,5,3,0.000000,1234,350.283936,926.908793,350.283936,0.000000,,,0,1,,,,,0.000100,
tabu,hfvrp_n005_m03_s05,5,3,0.000000,10,362.596536,406.141495,362.596536,0.000000,,,0,1,,,,,0.000134,
tabu,hfvrp_n005_m03_s02,5,3,0.000000,200,359.865479,294.868617,359.865479,0.000000,,,0,1,,,,,0.001848,
tabu,hfvrp_n005_m03_s03,5,3,0.000000,100,444.734799,0.000000,444.734799,0.000000,,,0,1,,,,,0.001353,
tabu,hfvrp_n005_m03_s04,5,3,0.000000,75,278.576281,287.478473,278.576281,0.000000,,,0,1,,,,,0.002929,
tabu,hfvrp_n005_m03_s01,5,3,0.000000,9999,350.283936,926.908793,350.283936,0.000000,,,0,1,,,,,0.000142,
tabu,hfvrp_n005_m03_s05,5,3,0.000000,50,362.596536,406.141495,362.596536,0.000000,,,0,1,,,,,0.000098,
tabu,hfvrp_n010_m03_s01,10,3,0.000000,10,505.698641,331.824464,505.698641,0.000000,,,0,1,,,,,0.004510,
tabu,hfvrp_n005_m03_s02,5,3,0.000000,999,359.865479,294.868617,359.865479,0.000000,,,0,1,,,,,0.001267,
tabu,hfvrp_n005_m03_s03,5,3,0.000000,200,444.734799,0.000000,444.734799,0.000000,,,0,1,,,,,0.002918,
tabu,hfvrp_n005_m03_s04,5,3,0.000000,100,278.576281,287.478473,278.576281,0.000000,,,0,1,,,,,0.001648,
tabu,hfvrp_n005_m03_s01,5,3,0.000000,19345,350.283936,926.908793,350.283936,0.000000,,,0,1,,,,,0.000240,
tabu,hfvrp_n005_m03_s05,5,3,0.000000,75,362.596536,406.141495,362.596536,0.000000,,,0,1,,,,,0.000267,
tabu,hfvrp_n005_m03_s02,5,3,0.000000,1234,359.865479,294.868617,359.865479,0.000000,,,0,1,,,,,0.001692,
tabu,hfvrp_n005_m03_s03,5,3,0.000000,999,444.734799,0.000000,444.734799,0.000000,,,0,1,,,,,0.003008,
tabu,hfvrp_n005_m03_s04,5,3,0.000000,200,278.576281,287.478473,278.576281,0.000000,,,0,1,,,,,0.001673,
tabu,hfvrp_n010_m03_s01,10,3,0.000000,50,505.698641,331.824464,505.698641,0.000000,,,0,1,,,,,0.004482,
tabu,hfvrp_n005_m03_s01,5,3,0.000000,1788096524352336293,350.283936,926.908793,350.283936,0.000000,,,0,1,,,,,0.000079,
tabu,hfvrp_n005_m03_s05,5,3,0.000000,100,362.596536,406.141495,362.596536,0.000000,,,0,1,,,,,0.000102,
tabu,hfvrp_n005_m03_s02,5,3,0.000000,9999,359.865479,294.868617,359.865479,0.000000,,,0,1,,,,,0.001192,
tabu,hfvrp_n005_m03_s03,5,3,0.000000,1234,444.734799,0.000000,444.734799,0.000000,,,0,1,,,,,0.002975,
tabu,hfvrp_n005_m03_s04,5,3,0.000000,999,278.576281,287.478473,278.576281,0.000000,,,0,1,,,,,0.001288,
tabu,hfvrp_n010_m03_s02,10,3,0.000000,1788096328790474677,488.666606,1281.817518,488.666606,0.000000,,,0,1,,,,,0.003651,
tabu,hfvrp_n005_m03_s05,5,3,0.000000,200,362.596536,406.141495,362.596536,0.000000,,,0,1,,,,,0.000313,
tabu,hfvrp_n005_m03_s02,5,3,0.000000,19345,359.865479,294.868617,359.865479,0.000000,,,0,1,,,,,0.001936,
tabu,hfvrp_n010_m03_s01,10,3,0.000000,75,505.698641,331.824464,505.698641,0.000000,,,0,1,,,,,0.005582,
tabu,hfvrp_n005_m03_s03,5,3,0.000000,9999,444.734799,0.000000,444.734799,0.000000,,,0,1,,,,,0.000930,
tabu,hfvrp_n005_m03_s04,5,3,0.000000,1234,278.576281,287.478473,278.576281,0.000000,,,0,1,,,,,0.003045,
tabu,hfvrp_n005_m03_s05,5,3,0.000000,999,362.596536,406.141495,362.596536,0.000000,,,0,1,,,,,0.000315,
tabu,hfvrp_n005_m03_s02,5,3,0.000000,1788098354349348003,359.865479,294.868617,359.865479,0.000000,,,0,1,,,,,0.001339,
tabu,hfvrp_n010_m03_s02,10,3,0.000000,1,488.666606,1281.817518,488.666606,0.000000,,,0,1,,,,,0.003604,
tabu,hfvrp_n005_m03_s03,5,3,0.000000,19345,444.734799,0.000000,444.734799,0.000000,,,0,1,,,,,0.001238,
tabu,hfvrp_n005_m03_s04,5,3,0.000000,9999,278.576281,287.478473,278.576281,0.000000,,,0,1,,,,,0.000926,
tabu,hfvrp_n010_m03_s01,10,3,0.000000,100,505.698641,331.824464,505.698641,0.000000,,,0,1,,,,,0.004525,
tabu,hfvrp_n005_m03_s05,5,3,0.000000,1234,362.596536,406.141495,362.596536,0.000000,,,0,1,,,,,0.000099,
tabu,hfvrp_n010_m03_s03,10,3,0.000000,1788098060047867984,534.726709,1264.826082,534.726709,0.000000,,,0,1,,,,,0.005243,
tabu,hfvrp_n005_m03_s03,5,3,0.000000,1788098095190880780,444.734799,0.000000,444.734799,0.000000,,,0,1,,,,,0.002438,
tabu,hfvrp_n005_m03_s04,5,3,0.000000,19345,278.576281,287.478473,278.576281,0.000000,,,0,1,,,,,0.001780,
tabu,hfvrp_n010_m03_s02,10,3,0.000000,10,488.666606,1281.817518,488.666606,0.000000,,,0,1,,,,,0.005898,
tabu,hfvrp_n005_m03_s05,5,3,0.000000,9999,362.596536,406.141495,362.596536,0.000000,,,0,1,,,,,0.000162,
tabu,hfvrp_n010_m03_s01,10,3,0.000000,200,505.698641,331.824464,505.698641,0.000000,,,0,1,,,,,0.004503,
tabu,hfvrp_n010_m03_s04,10,3,0.000000,1788097895355495164,511.684614,1086.531255,511.684614,0.000000,,,0,1,,,,,0.007878,
tabu,hfvrp_n005_m03_s04,5,3,0.000000,1788097792416737851,278.576281,287.478473,278.576281,0.000000,,,0,1,,,,,0.000956,
tabu,hfvrp_n010_m03_s03,10,3,0.000000,1,534.726709,1264.826082,534.726709,0.000000,,,0,1,,,,,0.003115,
tabu,hfvrp_n005_m03_s05,5,3,0.000000,19345,362.596536,406.141495,362.596536,0.000000,,,0,1,,,,,0.000102,
tabu,hfvrp_n010_m03_s02,10,3,0.000000,50,488.666606,1281.817518,488.666606,0.000000,,,0,1,,,,,0.005633,
tabu,hfvrp_n010_m03_s05,10,3,0.000000,1788097678512260108,481.969273,655.167646,481.969273,0.000000,,,0,1,,,,,0.003654,
tabu,hfvrp_n010_m03_s01,10,3,0.000000,999,505.698641,331.824464,505.698641,0.000000,,,0,1,,,,,0.007138,
tabu,hfvrp_n005_m03_s05,5,3,0.000000,1788097614791050337,362.596536,406.141495,362.596536,0.000000,,,0,1,,,,,0.000329,
tabu,hfvrp_n010_m03_s04,10,3,0.000000,1,511.684614,1086.531255,511.684614,0.000000,,,0,1,,,,,0.006645,
tabu,hfvrp_n010_m03_s03,10,3,0.000000,10,534.726709,1264.826082,534.726709,0.000000,,,0,1,,,,,0.005723,
tabu,hfvrp_n010_m03_s02,10,3,0.000000,75,488.666606,1281.817518,488.666606,0.000000,,,0,1,,,,,0.003615,
tabu,hfvrp_n015_m03_s01,15,3,0.000000,1788097359134868569,568.906330,3500.438010,568.906330,0.000000,,,0,1,,,,,0.014178,
tabu,hfvrp_n010_m03_s05,10,3,0.000000,1,481.969273,655.167646,481.969273,0.000000,,,0,1,,,,,0.006885,
tabu,hfvrp_n010_m03_s01,10,3,0.000000,1234,505.698641,331.824464,505.698641,0.000000,,,0,1,,,,,0.008842,
tabu,hfvrp_n010_m03_s04,10,3,0.000000,10,511.684614,1086.531255,511.684614,0.000000,,,0,1,,,,,0.003663,
tabu,hfvrp_n010_m03_s03,10,3,0.000000,50,534.726709,1264.826082,534.726709,0.000000,,,0,1,,,,,0.008078,
tabu,hfvrp_n010_m03_s02,10,3,0.000000,100,488.666606,1281.817518,488.666606,0.000000,,,0,1,,,,,0.005877,
tabu,hfvrp_n010_m03_s05,10,3,0.000000,10,481.969273,655.167646,481.969273,0.000000,,,0,1,,,,,0.006372,
tabu,hfvrp_n010_m03_s01,10,3,0.000000,9999,505.698641,331.824464,505.698641,0.000000,,,0,1,,,,,0.004502,
tabu,hfvrp_n015_m03_s01,15,3,0.000000,1,568.906330,3500.438010,568.906330,0.000000,,,0,1,,,,,0.009966,
tabu,hfvrp_n010_m03_s04,10,3,0.000000,50,511.684614,1086.531255,511.684614,0.000000,,,0,1,,,,,0.003686,
tabu,hfvrp_n010_m03_s03,10,3,0.000000,75,534.726709,1264.826082,534.726709,0.000000,,,0,1,,,,,0.008218,
tabu,hfvrp_n010_m03_s02,10,3,0.000000,200,488.666606,1281.817518,488.666606,0.000000,,,0,1,,,,,0.006706,
tabu,hfvrp_n010_m03_s05,10,3,0.000000,50,481.969273,655.167646,481.969273,0.000000,,,0,1,,,,,0.003556,
tabu,hfvrp_n010_m03_s01,10,3,0.000000,19345,505.698641,331.824464,505.698641,0.000000,,,0,1,,,,,0.004526,
tabu,hfvrp_n010_m03_s04,10,3,0.000000,75,511.684614,1086.531255,511.684614,0.000000,,,0,1,,,,,0.003667,
tabu,hfvrp_n010_m03_s03,10,3,0.000000,100,534.726709,1264.826082,534.726709,0.000000,,,0,1,,,,,0.006500,
tabu,hfvrp_n015_m03_s01,15,3,0.000000,10,568.906330,3500.438010,568.906330,0.000000,,,0,1,,,,,0.009796,
tabu,hfvrp_n010_m03_s02,10,3,0.000000,999,488.666606,1281.817518,488.666606,0.000000,,,0,1,,,,,0.005618,
tabu,hfvrp_n010_m03_s05,10,3,0.000000,75,481.969273,655.167646,481.969273,0.000000,,,0,1,,,,,0.003554,
tabu,hfvrp_n010_m03_s01,10,3,0.000000,1788094564216444303,505.698641,331.824464,505.698641,0.000000,,,0,1,,,,,0.007375,
tabu,hfvrp_n010_m03_s04,10,3,0.000000,100,511.684614,1086.531255,511.684614,0.000000,,,0,1,,,,,0.003659,
tabu,hfvrp_n010_m03_s03,10,3,0.000000,200,534.726709,1264.826082,534.726709,0.000000,,,0,1,,,,,0.005189,
tabu,hfvrp_n015_m03_s01,15,3,0.000000,50,568.906330,3500.438010,568.906330,0.000000,,,0,1,,,,,0.014190,
tabu,hfvrp_n010_m03_s02,10,3,0.000000,1234,488.666606,1281.817518,488.666606,0.000000,,,0,1,,,,,0.004542,
tabu,hfvrp_n010_m03_s05,10,3,0.000000,100,481.969273,655.167646,481.969273,0.000000,,,0,1,,,,,0.003540,
tabu,hfvrp_n015_m03_s02,15,3,0.000000,1788094258063116799,536.153014,3305.630012,536.153014,0.000000,,,0,1,,,,,0.005861,
tabu,hfvrp_n010_m03_s04,10,3,0.000000,200,511.684614,1086.531255,511.684614,0.000000,,,0,1,,,,,0.003669,
tabu,hfvrp_n010_m03_s03,10,3,0.000000,999,534.726709,1264.826082,534.726709,0.000000,,,0,1,,,,,0.006473,
tabu,hfvrp_n010_m03_s02,10,3,0.000000,9999,488.666606,1281.817518,488.666606,0.000000,,,0,1,,,,,0.004564,
tabu,hfvrp_n010_m03_s05,10,3,0.000000,200,481.969273,655.167646,481.969273,0.000000,,,0,1,,,,,0.008379,
tabu,hfvrp_n015_m03_s01,15,3,0.000000,75,568.906330,3500.438010,568.906330,0.000000,,,0,1,,,,,0.013329,
tabu,hfvrp_n010_m03_s04,10,3,0.000000,999,511.684614,1086.531255,511.684614,0.000000,,,0,1,,,,,0.007846,
tabu,hfvrp_n010_m03_s03,10,3,0.000000,1234,534.726709,1264.826082,534.726709,0.000000,,,0,1,,,,,0.003128,
tabu,hfvrp_n015_m03_s02,15,3,0.000000,1,536.153014,3305.630012,536.153014,0.000000,,,0,1,,,,,0.005226,
tabu,hfvrp_n010_m03_s02,10,3,0.000000,19345,488.666606,1281.817518,488.666606,0.000000,,,0,1,,,,,0.006200,
tabu,hfvrp_n010_m03_s05,10,3,0.000000,999,481.969273,655.167646,481.969273,0.000000,,,0,1,,,,,0.003573,
tabu,hfvrp_n010_m03_s04,10,3,0.000000,1234,511.684614,1086.531255,511.684614,0.000000,,,0,1,,,,,0.005612,
tabu,hfvrp_n010_m03_s03,10,3,0.000000,9999,534.726709,1264.826082,534.726709,0.000000,,,0,1,,,,,0.005982,
tabu,hfvrp_n015_m03_s01,15,3,0.000000,100,568.906330,3500.438010,568.906330,0.000000,,,0,1,,,,,0.011676,
tabu,hfvrp_n015_m03_s02,15,3,0.000000,10,536.153014,3305.630012,536.153014,0.000000,,,0,1,,,,,0.009178,
tabu,hfvrp_n010_m03_s02,10,3,0.000000,1788095942260751689,488.666606,1281.817518,488.666606,0.000000,,,0,1,,,,,0.003636,
tabu,hfvrp_n010_m03_s05,10,3,0.000000,1234,481.969273,655.167646,481.969273,0.000000,,,0,1,,,,,0.003575,
tabu,hfvrp_n010_m03_s03,10,3,0.000000,19345,534.726709,1264.826082,534.726709,0.000000,,,0,1,,,,,0.006002,
tabu,hfvrp_n010_m03_s04,10,3,0.000000,9999,511.684614,1086.531255,511.684614,0.000000,,,0,1,,,,,0.007067,
tabu,hfvrp_n015_m03_s01,15,3,0.000000,200,568.906330,3500.438010,568.906330,0.000000,,,0,1,,,,,0.012271,
tabu,hfvrp_n010_m03_s05,10,3,0.000000,9999,481.969273,655.167646,481.969273,0.000000,,,0,1,,,,,0.006273,
tabu,hfvrp_n015_m03_s03,15,3,0.000000,1788095765008529114,516.494315,1798.435270,516.494315,0.000000,,,0,1,,,,,0.005488,
tabu,hfvrp_n015_m03_s02,15,3,0.000000,50,536.153014,3305.630012,536.153014,0.000000,,,0,1,,,,,0.005730,
tabu,hfvrp_n010_m03_s03,10,3,0.000000,1788095637137166978,534.726709,1264.826082,534.726709,0.000000,,,0,1,,,,,0.003148,
tabu,hfvrp_n010_m03_s04,10,3,0.000000,19345,511.684614,1086.531255,511.684614,0.000000,,,0,1,,,,,0.003642,
tabu,hfvrp_n010_m03_s05,10,3,0.000000,19345,481.969273,655.167646,481.969273,0.000000,,,0,1,,,,,0.006270,
tabu,hfvrp_n015_m03_s01,15,3,0.000000,999,568.906330,3500.438010,568.906330,0.000000,,,0,1,,,,,0.014064,
tabu,hfvrp_n015_m03_s04,15,3,0.000000,1788095468381010531,614.626038,5889.143310,614.626038,0.000000,,,0,1,,,,,0.005251,
tabu,hfvrp_n010_m03_s04,10,3,0.000000,1788095489899597588,511.684614,1086.531255,511.684614,0.000000,,,0,1,,,,,0.003666,
tabu,hfvrp_n015_m03_s03,15,3,0.000000,1,516.494315,1798.435270,516.494315,0.000000,,,0,1,,,,,0.005247,
tabu,hfvrp_n015_m03_s02,15,3,0.000000,75,536.153014,3305.630012,536.153014,0.000000,,,0,1,,,,,0.005312,
tabu,hfvrp_n010_m03_s05,10,3,0.000000,1788095320287451885,481.969273,655.167646,481.969273,0.000000,,,0,1,,,,,0.003505,
tabu,hfvrp_n015_m03_s05,15,3,0.000000,1788095282529872203,588.643437,2564.505738,588.643437,0.000000,,,0,1,,,,,0.007439,
tabu,hfvrp_n015_m03_s01,15,3,0.000000,1234,568.906330,3500.438010,568.906330,0.000000,,,0,1,,,,,0.014044,
tabu,hfvrp_n015_m03_s04,15,3,0.000000,1,614.626038,5889.143310,614.626038,0.000000,,,0,1,,,,,0.007326,
tabu,hfvrp_n015_m03_s03,15,3,0.000000,10,516.494315,1798.435270,516.494315,0.000000,,,0,1,,,,,0.008184,
tabu,hfvrp_n015_m03_s02,15,3,0.000000,100,536.153014,3305.630012,536.153014,0.000000,,,0,1,,,,,0.005236,
tabu,hfvrp_n020_m04_s01,20,4,0.000000,1788092845209728998,674.454866,3434.050842,674.454866,0.000000,,,0,1,,,,,0.014308,
tabu,hfvrp_n015_m03_s05,15,3,0.000000,1,588.643437,2564.505738,588.643437,0.000000,,,0,1,,,,,0.009206,
tabu,hfvrp_n015_m03_s01,15,3,0.000000,9999,568.906330,3500.438010,568.906330,0.000000,,,0,1,,,,,0.013665,
tabu,hfvrp_n015_m03_s04,15,3,0.000000,10,614.626038,5889.143310,614.626038,0.000000,,,0,1,,,,,0.008116,
tabu,hfvrp_n015_m03_s03,15,3,0.000000,50,516.494315,1798.435270,516.494315,0.000000,,,0,1,,,,,0.005212,
tabu,hfvrp_n015_m03_s02,15,3,0.000000,200,536.153014,3305.630012,536.153014,0.000000,,,0,1,,,,,0.005247,
tabu,hfvrp_n020_m04_s01,20,4,0.000000,1,674.454866,3434.050842,674.454866,0.000000,,,0,1,,,,,0.012216,
tabu,hfvrp_n015_m03_s05,15,3,0.000000,10,588.643437,2564.505738,588.643437,0.000000,,,0,1,,,,,0.008110,
tabu,hfvrp_n015_m03_s01,15,3,0.000000,19345,568.906330,3500.438010,568.906330,0.000000,,,0,1,,,,,0.009727,
tabu,hfvrp_n015_m03_s04,15,3,0.000000,50,614.626038,5889.143310,614.626038,0.000000,,,0,1,,,,,0.005395,
tabu,hfvrp_n015_m03_s03,15,3,0.000000,75,516.494315,1798.435270,516.494315,0.000000,,,0,1,,,,,0.008805,
tabu,hfvrp_n015_m03_s02,15,3,0.000000,999,536.153014,3305.630012,536.153014,0.000000,,,0,1,,,,,0.007439,
tabu,hfvrp_n015_m03_s05,15,3,0.000000,50,588.643437,2564.505738,588.643437,0.000000,,,0,1,,,,,0.005343,
tabu,hfvrp_n020_m04_s01,20,4,0.000000,10,674.454866,3434.050842,674.454866,0.000000,,,0,1,,,,,0.012161,
tabu,hfvrp_n015_m03_s01,15,3,0.000000,1788092388068059018,568.906330,3500.438010,568.906330,0.000000,,,0,1,,,,,0.014360,
tabu,hfvrp_n015_m03_s03,15,3,0.000000,100,516.494315,1798.435270,516.494315,0.000000,,,0,1,,,,,0.005272,
tabu,hfvrp_n015_m03_s04,15,3,0.000000,75,614.626038,5889.143310,614.626038,0.000000,,,0,1,,,,,0.008691,
tabu,hfvrp_n015_m03_s02,15,3,0.000000,1234,536.153014,3305.630012,536.153014,0.000000,,,0,1,,,,,0.005230,
tabu,hfvrp_n015_m03_s05,15,3,0.000000,75,588.643437,2564.505738,588.643437,0.000000,,,0,1,,,,,0.007153,
tabu,hfvrp_n015_m03_s03,15,3,0.000000,200,516.494315,1798.435270,516.494315,0.000000,,,0,1,,,,,0.006715,
tabu,hfvrp_n015_m03_s04,15,3,0.000000,100,614.626038,5889.143310,614.626038,0.000000,,,0,1,,,,,0.005240,
tabu,hfvrp_n020_m04_s02,20,4,0.000000,1788092125926417770,666.892989,3542.659289,666.892989,0.000000,,,0,1,,,,,0.013686,
tabu,hfvrp_n015_m03_s02,15,3,0.000000,9999,536.153014,3305.630012,536.153014,0.000000,,,0,1,,,,,0.007079,
tabu,hfvrp_n020_m04_s01,20,4,0.000000,50,674.454866,3434.050842,674.454866,0.000000,,,0,1,,,,,0.015113,
tabu,hfvrp_n015_m03_s05,15,3,0.000000,100,588.643437,2564.505738,588.643437,0.000000,,,0,1,,,,,0.007953,
tabu,hfvrp_n015_m03_s03,15,3,0.000000,999,516.494315,1798.435270,516.494315,0.000000,,,0,1,,,,,0.005234,
tabu,hfvrp_n015_m03_s04,15,3,0.000000,200,614.626038,5889.143310,614.626038,0.000000,,,0,1,,,,,0.008666,
tabu,hfvrp_n015_m03_s02,15,3,0.000000,19345,536.153014,3305.630012,536.153014,0.000000,,,0,1,,,,,0.005195,
tabu,hfvrp_n020_m04_s02,20,4,0.000000,1,666.892989,3542.659289,666.892989,0.000000,,,0,1,,,,,0.013776,
tabu,hfvrp_n020_m04_s01,20,4,0.000000,75,674.454866,3434.050842,674.454866,0.000000,,,0,1,,,,,0.015875,
tabu,hfvrp_n015_m03_s05,15,3,0.000000,200,588.643437,2564.505738,588.643437,0.000000,,,0,1,,,,,0.005401,
tabu,hfvrp_n015_m03_s03,15,3,0.000000,1234,516.494315,1798.435270,516.494315,0.000000,,,0,1,,,,,0.005262,
tabu,hfvrp_n015_m03_s04,15,3,0.000000,999,614.626038,5889.143310,614.626038,0.000000,,,0,1,,,,,0.005252,
tabu,hfvrp_n015_m03_s02,15,3,0.000000,1788091872405138320,536.153014,3305.630012,536.153014,0.000000,,,0,1,,,,,0.008407,
tabu,hfvrp_n020_m04_s02,20,4,0.000000,10,666.892989,3542.659289,666.892989,0.000000,,,0,1,,,,,0.015884,
tabu,hfvrp_n015_m03_s05,15,3,0.000000,999,588.643437,2564.505738,588.643437,0.000000,,,0,1,,,,,0.005393,
tabu,hfvrp_n020_m04_s01,20,4,0.000000,100,674.454866,3434.050842,674.454866,0.000000,,,0,1,,,,,0.012023,
tabu,hfvrp_n015_m03_s04,15,3,0.000000,1234,614.626038,5889.143310,614.626038,0.000000,,,0,1,,,,,0.007891,
tabu,hfvrp_n015_m03_s03,15,3,0.000000,9999,516.494315,1798.435270,516.494315,0.000000,,,0,1,,,,,0.006558,
tabu,hfvrp_n020_m04_s03,20,4,0.000000,1788092117014409243,656.241709,2917.011124,656.241709,0.000000,,,0,1,,,,,0.014872,
tabu,hfvrp_n015_m03_s05,15,3,0.000000,1234,588.643437,2564.505738,588.643437,0.000000,,,0,1,,,,,0.005355,
tabu,hfvrp_n020_m04_s02,20,4,0.000000,50,666.892989,3542.659289,666.892989,0.000000,,,0,1,,,,,0.016445,
tabu,hfvrp_n015_m03_s04,15,3,0.000000,9999,614.626038,5889.143310,614.626038,0.000000,,,0,1,,,,,0.005257,
tabu,hfvrp_n015_m03_s03,15,3,0.000000,19345,516.494315,1798.435270,516.494315,0.000000,,,0,1,,,,,0.005242,
tabu,hfvrp_n020_m04_s01,20,4,0.000000,200,674.454866,3434.050842,674.454866,0.000000,,,0,1,,,,,0.015038,
tabu,hfvrp_n020_m04_s03,20,4,0.000000,1,656.241709,2917.011124,656.241709,0.000000,,,0,1,,,,,0.017116,
tabu,hfvrp_n015_m03_s05,15,3,0.000000,9999,588.643437,2564.505738,588.643437,0.000000,,,0,1,,,,,0.005374,
tabu,hfvrp_n015_m03_s04,15,3,0.000000,19345,614.626038,5889.143310,614.626038,0.000000,,,0,1,,,,,0.005276,
tabu,hfvrp_n015_m03_s03,15,3,0.000000,1788092425598027557,516.494315,1798.435270,516.494315,0.000000,,,0,1,,,,,0.008264,
tabu,hfvrp_n020_m04_s02,20,4,0.000000,75,666.892989,3542.659289,666.892989,0.000000,,,0,1,,,,,0.017129,
tabu,hfvrp_n020_m04_s01,20,4,0.000000,999,674.454866,3434.050842,674.454866,0.000000,,,0,1,,,,,0.015557,
tabu,hfvrp_n015_m03_s05,15,3,0.000000,19345,588.643437,2564.505738,588.643437,0.000000,,,0,1,,,,,0.005342,
tabu,hfvrp_n020_m04_s03,20,4,0.000000,10,656.241709,2917.011124,656.241709,0.000000,,,0,1,,,,,0.018489,
tabu,hfvrp_n015_m03_s04,15,3,0.000000,1788092584304578523,614.626038,5889.143310,614.626038,0.000000,,,0,1,,,,,0.009976,
tabu,hfvrp_n020_m04_s04,20,4,0.000000,1788092665935876360,753.612892,4577.062625,753.612892,0.000000,,,0,1,,,,,0.013445,
tabu,hfvrp_n020_m04_s02,20,4,0.000000,100,666.892989,3542.659289,666.892989,0.000000,,,0,1,,,,,0.016332,
tabu,hfvrp_n015_m03_s05,15,3,0.000000,1788092712093564115,588.643437,2564.505738,588.643437,0.000000,,,0,1,,,,,0.005322,
tabu,hfvrp_n020_m04_s01,20,4,0.000000,1234,674.454866,3434.050842,674.454866,0.000000,,,0,1,,,,,0.012181,
tabu,hfvrp_n020_m04_s05,20,4,0.000000,1788092816035237741,694.817813,3119.656247,694.817813,0.000000,,,0,1,,,,,0.015256,
tabu,hfvrp_n020_m04_s03,20,4,0.000000,50,656.241709,2917.011124,656.241709,0.000000,,,0,1,,,,,0.016738,
tabu,hfvrp_n020_m04_s04,20,4,0.000000,1,753.612892,4577.062625,753.612892,0.000000,,,0,1,,,,,0.012587,
tabu,hfvrp_n030_m06_s01,30,6,0.000000,1788090804961533816,1203.156320,4313.308414,1203.156320,0.000000,,,0,1,,,,,0.083149,
tabu,hfvrp_n020_m04_s02,20,4,0.000000,200,666.892989,3542.659289,666.892989,0.000000,,,0,1,,,,,0.013717,
tabu,hfvrp_n020_m04_s01,20,4,0.000000,9999,674.454866,3434.050842,674.454866,0.000000,,,0,1,,,,,0.012167,
tabu,hfvrp_n020_m04_s05,20,4,0.000000,1,694.817813,3119.656247,694.817813,0.000000,,,0,1,,,,,0.013292,
tabu,hfvrp_n020_m04_s03,20,4,0.000000,75,656.241709,2917.011124,656.241709,0.000000,,,0,1,,,,,0.015118,
tabu,hfvrp_n020_m04_s04,20,4,0.000000,10,753.612892,4577.062625,753.612892,0.000000,,,0,1,,,,,0.016274,
tabu,hfvrp_n020_m04_s02,20,4,0.000000,999,666.892989,3542.659289,666.892989,0.000000,,,0,1,,,,,0.017699,
tabu,hfvrp_n020_m04_s01,20,4,0.000000,19345,674.454866,3434.050842,674.454866,0.000000,,,0,1,,,,,0.012180,
tabu,hfvrp_n020_m04_s05,20,4,0.000000,10,694.817813,3119.656247,694.817813,0.000000,,,0,1,,,,,0.017109,
tabu,hfvrp_n030_m06_s01,30,6,0.000000,1,1203.156320,4313.308414,1203.156320,0.000000,,,0,1,,,,,0.084548,
tabu,hfvrp_n020_m04_s03,20,4,0.000000,100,656.241709,2917.011124,656.241709,0.000000,,,0,1,,,,,0.016633,
tabu,hfvrp_n020_m04_s04,20,4,0.000000,50,753.612892,4577.062625,753.612892,0.000000,,,0,1,,,,,0.014789,
tabu,hfvrp_n020_m04_s02,20,4,0.000000,1234,666.892989,3542.659289,666.892989,0.000000,,,0,1,,,,,0.016436,
tabu,hfvrp_n020_m04_s01,20,4,0.000000,1788091276671655544,674.454866,3434.050842,674.454866,0.000000,,,0,1,,,,,0.016237,
tabu,hfvrp_n020_m04_s05,20,4,0.000000,50,694.817813,3119.656247,694.817813,0.000000,,,0,1,,,,,0.016654,
tabu,hfvrp_n020_m04_s03,20,4,0.000000,200,656.241709,2917.011124,656.241709,0.000000,,,0,1,,,,,0.015983,
tabu,hfvrp_n020_m04_s04,20,4,0.000000,75,753.612892,4577.062625,753.612892,0.000000,,,0,1,,,,,0.012455,
tabu,hfvrp_n030_m06_s01,30,6,0.000000,10,1203.156320,4313.308414,1203.156320,0.000000,,,0,1,,,,,0.081876,
tabu,hfvrp_n020_m04_s02,20,4,0.000000,9999,666.892989,3542.659289,666.892989,0.000000,,,0,1,,,,,0.017380,
tabu,hfvrp_n030_m06_s02,30,6,0.000000,1788091436711613383,1053.484659,4627.409969,1053.484659,0.000000,,,0,1,,,,,0.059534,
tabu,hfvrp_n020_m04_s05,20,4,0.000000,75,694.817813,3119.656247,694.817813,0.000000,,,0,1,,,,,0.013821,
tabu,hfvrp_n020_m04_s03,20,4,0.000000,999,656.241709,2917.011124,656.241709,0.000000,,,0,1,,,,,0.016676,
tabu,hfvrp_n020_m04_s04,20,4,0.000000,100,753.612892,4577.062625,753.612892,0.000000,,,0,1,,,,,0.015638,
tabu,hfvrp_n020_m04_s02,20,4,0.000000,19345,666.892989,3542.659289,666.892989,0.000000,,,0,1,,,,,0.013578,
tabu,hfvrp_n020_m04_s05,20,4,0.000000,100,694.817813,3119.656247,694.817813,0.000000,,,0,1,,,,,0.017529,
tabu,hfvrp_n030_m06_s01,30,6,0.000000,50,1203.156320,4313.308414,1203.156320,0.000000,,,0,1,,,,,0.093353,
tabu,hfvrp_n020_m04_s03,20,4,0.000000,1234,656.241709,2917.011124,656.241709,0.000000,,,0,1,,,,,0.016565,
tabu,hfvrp_n020_m04_s04,20,4,0.000000,200,753.612892,4577.062625,753.612892,0.000000,,,0,1,,,,,0.019648,
tabu,hfvrp_n030_m06_s02,30,6,0.000000,1,1053.484659,4627.409969,1053.484659,0.000000,,,0,1,,,,,0.055614,
tabu,hfvrp_n020_m04_s02,20,4,0.000000,1788089587360014418,666.892989,3542.659289,666.892989,0.000000,,,0,1,,,,,0.013783,
tabu,hfvrp_n020_m04_s05,20,4,0.000000,200,694.817813,3119.656247,694.817813,0.000000,,,0,1,,,,,0.017482,
tabu,hfvrp_n020_m04_s03,20,4,0.000000,9999,656.241709,2917.011124,656.241709,0.000000,,,0,1,,,,,0.015577,
tabu,hfvrp_n020_m04_s04,20,4,0.000000,999,753.612892,4577.062625,753.612892,0.000000,,,0,1,,,,,0.012478,
tabu,hfvrp_n030_m06_s01,30,6,0.000000,75,1203.156320,4313.308414,1203.156320,0.000000,,,0,1,,,,,0.084502,
tabu,hfvrp_n030_m06_s03,30,6,0.000000,1788089807547244312,1234.608999,5007.782990,1234.608999,0.000000,,,0,1,,,,,0.054220,
tabu,hfvrp_n030_m06_s02,30,6,0.000000,10,1053.484659,4627.409969,1053.484659,0.000000,,,0,1,,,,,0.057287,
tabu,hfvrp_n020_m04_s05,20,4,0.000000,999,694.817813,3119.656247,694.817813,0.000000,,,0,1,,,,,0.013371,
tabu,hfvrp_n020_m04_s04,20,4,0.000000,1234,753.612892,4577.062625,753.612892,0.000000,,,0,1,,,,,0.012497,
tabu,hfvrp_n020_m04_s03,20,4,0.000000,19345,656.241709,2917.011124,656.241709,0.000000,,,0,1,,,,,0.017371,
tabu,hfvrp_n020_m04_s05,20,4,0.000000,1234,694.817813,3119.656247,694.817813,0.000000,,,0,1,,,,,0.017674,
tabu,hfvrp_n030_m06_s01,30,6,0.000000,100,1203.156320,4313.308414,1203.156320,0.000000,,,0,1,,,,,0.086917,
tabu,hfvrp_n030_m06_s03,30,6,0.000000,1,1234.608999,5007.782990,1234.608999,0.000000,,,0,1,,,,,0.051405,
tabu,hfvrp_n020_m04_s04,20,4,0.000000,9999,753.612892,4577.062625,753.612892,0.000000,,,0,1,,,,,0.016489,
tabu,hfvrp_n020_m04_s03,20,4,0.000000,1788090216070611751,656.241709,2917.011124,656.241709,0.000000,,,0,1,,,,,0.013201,
tabu,hfvrp_n030_m06_s02,30,6,0.000000,50,1053.484659,4627.409969,1053.484659,0.000000,,,0,1,,,,,0.054068,
tabu,hfvrp_n020_m04_s05,20,4,0.000000,9999,694.817813,3119.656247,694.817813,0.000000,,,0,1,,,,,0.014673,
tabu,hfvrp_n020_m04_s04,20,4,0.000000,19345,753.612892,4577.062625,753.612892,0.000000,,,0,1,,,,,0.012478,
tabu,hfvrp_n030_m06_s04,30,6,0.000000,1788090389168270955,1264.295197,2909.857224,1264.295197,0.000000,,,0,1,,,,,0.055891,
tabu,hfvrp_n030_m06_s03,30,6,0.000000,10,1234.608999,5007.782990,1234.608999,0.000000,,,0,1,,,,,0.051442,
tabu,hfvrp_n030_m06_s01,30,6,0.000000,200,1203.156320,4313.308414,1203.156320,0.000000,,,0,1,,,,,0.086645,
tabu,hfvrp_n030_m06_s02,30,6,0.000000,75,1053.484659,4627.409969,1053.484659,0.000000,,,0,1,,,,,0.055381,
tabu,hfvrp_n020_m04_s05,20,4,0.000000,19345,694.817813,3119.656247,694.817813,0.000000,,,0,1,,,,,0.016851,
tabu,hfvrp_n020_m04_s04,20,4,0.000000,1788090424552458520,753.612892,4577.062625,753.612892,0.000000,,,0,1,,,,,0.015313,
tabu,hfvrp_n030_m06_s04,30,6,0.000000,1,1264.295197,2909.857224,1264.295197,0.000000,,,0,1,,,,,0.052702,
tabu,hfvrp_n020_m04_s05,20,4,0.000000,1788090620885524586,694.817813,3119.656247,694.817813,0.000000,,,0,1,,,,,0.017111,
tabu,hfvrp_n030_m06_s03,30,6,0.000000,50,1234.608999,5007.782990,1234.608999,0.000000,,,0,1,,,,,0.053211,
tabu,hfvrp_n030_m06_s01,30,6,0.000000,999,1203.156320,4313.308414,1203.156320,0.000000,,,0,1,,,,,0.081818,
tabu,hfvrp_n030_m06_s05,30,6,0.000000,1788088561694389723,1180.774898,3636.575971,1180.774898,0.000000,,,0,1,,,,,0.055637,
tabu,hfvrp_n030_m06_s02,30,6,0.000000,100,1053.484659,4627.409969,1053.484659,0.000000,,,0,1,,,,,0.056384,
tabu,hfvrp_n050_m10_s01,50,10,0.000000,1788088706410041871,2069.126587,8355.002268,2069.126587,0.000000,,,0,1,,,,,0.223347,
tabu,hfvrp_n030_m06_s04,30,6,0.000000,10,1264.295197,2909.857224,1264.295197,0.000000,,,0,1,,,,,0.054602,
tabu,hfvrp_n030_m06_s03,30,6,0.000000,75,1234.608999,5007.782990,1234.608999,0.000000,,,0,1,,,,,0.051066,
tabu,hfvrp_n030_m06_s01,30,6,0.000000,1234,1203.156320,4313.308414,1203.156320,0.000000,,,0,1,,,,,0.080728,
tabu,hfvrp_n030_m06_s02,30,6,0.000000,200,1053.484659,4627.409969,1053.484659,0.000000,,,0,1,,,,,0.053683,
tabu,hfvrp_n030_m06_s05,30,6,0.000000,1,1180.774898,3636.575971,1180.774898,0.000000,,,0,1,,,,,0.056351,
tabu,hfvrp_n030_m06_s04,30,6,0.000000,50,1264.295197,2909.857224,1264.295197,0.000000,,,0,1,,,,,0.056228,
tabu,hfvrp_n030_m06_s03,30,6,0.000000,100,1234.608999,5007.782990,1234.608999,0.000000,,,0,1,,,,,0.052097,
tabu,hfvrp_n030_m06_s01,30,6,0.000000,9999,1203.156320,4313.308414,1203.156320,0.000000,,,0,1,,,,,0.081582,
tabu,hfvrp_n030_m06_s02,30,6,0.000000,999,1053.484659,4627.409969,1053.484659,0.000000,,,0,1,,,,,0.053084,
tabu,hfvrp_n030_m06_s05,30,6,0.000000,10,1180.774898,3636.575971,1180.774898,0.000000,,,0,1,,,,,0.058306,
tabu,hfvrp_n050_m10_s01,50,10,0.000000,1,2069.126587,8355.002268,2069.126587,0.000000,,,0,1,,,,,0.221714,
tabu,hfvrp_n030_m06_s04,30,6,0.000000,75,1264.295197,2909.857224,1264.295197,0.000000,,,0,1,,,,,0.053080,
tabu,hfvrp_n030_m06_s03,30,6,0.000000,200,1234.608999,5007.782990,1234.608999,0.000000,,,0,1,,,,,0.051557,
tabu,hfvrp_n030_m06_s01,30,6,0.000000,19345,1203.156320,4313.308414,1203.156320,0.000000,,,0,1,,,,,0.081195,
tabu,hfvrp_n030_m06_s02,30,6,0.000000,1234,1053.484659,4627.409969,1053.484659,0.000000,,,0,1,,,,,0.053087,
tabu,hfvrp_n030_m06_s05,30,6,0.000000,50,1180.774898,3636.575971,1180.774898,0.000000,,,0,1,,,,,0.055824,
tabu,hfvrp_n030_m06_s04,30,6,0.000000,100,1264.295197,2909.857224,1264.295197,0.000000,,,0,1,,,,,0.055303,
tabu,hfvrp_n030_m06_s03,30,6,0.000000,999,1234.608999,5007.782990,1234.608999,0.000000,,,0,1,,,,,0.053646,
tabu,hfvrp_n050_m10_s01,50,10,0.000000,10,2069.126587,8355.002268,2069.126587,0.000000,,,0,1,,,,,0.226230,
tabu,hfvrp_n030_m06_s01,30,6,0.000000,1788089435862853075,1203.156320,4313.308414,1203.156320,0.000000,,,0,1,,,,,0.082889,
tabu,hfvrp_n030_m06_s02,30,6,0.000000,9999,1053.484659,4627.409969,1053.484659,0.000000,,,0,1,,,,,0.057026,
tabu,hfvrp_n030_m06_s05,30,6,0.000000,75,1180.774898,3636.575971,1180.774898,0.000000,,,0,1,,,,,0.057788,
tabu,hfvrp_n030_m06_s04,30,6,0.000000,200,1264.295197,2909.857224,1264.295197,0.000000,,,0,1,,,,,0.056113,
tabu,hfvrp_n030_m06_s03,30,6,0.000000,1234,1234.608999,5007.782990,1234.608999,0.000000,,,0,1,,,,,0.052489,
tabu,hfvrp_n050_m10_s02,50,10,0.000000,1788089487083086251,2144.758054,12700.488573,2144.758054,0.000000,,,0,1,,,,,0.241738,
tabu,hfvrp_n030_m06_s02,30,6,0.000000,19345,1053.484659,4627.409969,1053.484659,0.000000,,,0,1,,,,,0.052523,
tabu,hfvrp_n030_m06_s05,30,6,0.000000,100,1180.774898,3636.575971,1180.774898,0.000000,,,0,1,,,,,0.056682,
tabu,hfvrp_n050_m10_s01,50,10,0.000000,50,2069.126587,8355.002268,2069.126587,0.000000,,,0,1,,,,,0.223773,
tabu,hfvrp_n030_m06_s04,30,6,0.000000,999,1264.295197,2909.857224,1264.295197,0.000000,,,0,1,,,,,0.054837,
tabu,hfvrp_n030_m06_s03,30,6,0.000000,9999,1234.608999,5007.782990,1234.608999,0.000000,,,0,1,,,,,0.055125,
tabu,hfvrp_n030_m06_s02,30,6,0.000000,1788087395218921823,1053.484659,4627.409969,1053.484659,0.000000,,,0,1,,,,,0.054911,
tabu,hfvrp_n030_m06_s05,30,6,0.000000,200,1180.774898,3636.575971,1180.774898,0.000000,,,0,1,,,,,0.056886,
tabu,hfvrp_n030_m06_s04,30,6,0.000000,1234,1264.295197,2909.857224,1264.295197,0.000000,,,0,1,,,,,0.056110,
tabu,hfvrp_n050_m10_s02,50,10,0.000000,1,2144.758054,12700.488573,2144.758054,0.000000,,,0,1,,,,,0.241265,
tabu,hfvrp_n030_m06_s03,30,6,0.000000,19345,1234.608999,5007.782990,1234.608999,0.000000,,,0,1,,,,,0.053929,
tabu,hfvrp_n050_m10_s03,50,10,0.000000,1788087888822211158,1962.387514,14498.714122,1962.387514,0.000000,,,0,1,,,,,0.201075,
tabu,hfvrp_n030_m06_s05,30,6,0.000000,999,1180.774898,3636.575971,1180.774898,0.000000,,,0,1,,,,,0.053707,
tabu,hfvrp_n050_m10_s01,50,10,0.000000,75,2069.126587,8355.002268,2069.126587,0.000000,,,0,1,,,,,0.221703,
tabu,hfvrp_n030_m06_s04,30,6,0.000000,9999,1264.295197,2909.857224,1264.295197,0.000000,,,0,1,,,,,0.056313,
tabu,hfvrp_n030_m06_s03,30,6,0.000000,1788087753753151746,1234.608999,5007.782990,1234.608999,0.000000,,,0,1,,,,,0.051770,
tabu,hfvrp_n030_m06_s05,30,6,0.000000,1234,1180.774898,3636.575971,1180.774898,0.000000,,,0,1,,,,,0.058097,
tabu,hfvrp_n050_m10_s02,50,10,0.000000,10,2144.758054,12700.488573,2144.758054,0.000000,,,0,1,,,,,0.237025,
tabu,hfvrp_n030_m06_s04,30,6,0.000000,19345,1264.295197,2909.857224,1264.295197,0.000000,,,0,1,,,,,0.051537,
tabu,hfvrp_n050_m10_s03,50,10,0.000000,1,1962.387514,14498.714122,1962.387514,0.000000,,,0,1,,,,,0.201011,
tabu,hfvrp_n050_m10_s04,50,10,0.000000,1788087937887490561,1981.648552,13853.853584,1981.648552,0.000000,,,0,1,,,,,0.192476,
tabu,hfvrp_n050_m10_s01,50,10,0.000000,100,2069.126587,8355.002268,2069.126587,0.000000,,,0,1,,,,,0.228543,
tabu,hfvrp_n030_m06_s05,30,6,0.000000,9999,1180.774898,3636.575971,1180.774898,0.000000,,,0,1,,,,,0.055511,
tabu,hfvrp_n030_m06_s04,30,6,0.000000,1788088034921241304,1264.295197,2909.857224,1264.295197,0.000000,,,0,1,,,,,0.053437,
tabu,hfvrp_n030_m06_s05,30,6,0.000000,19345,1180.774898,3636.575971,1180.774898,0.000000,,,0,1,,,,,0.055709,
tabu,hfvrp_n050_m10_s02,50,10,0.000000,50,2144.758054,12700.488573,2144.758054,0.000000,,,0,1,,,,,0.244518,
tabu,hfvrp_n050_m10_s03,50,10,0.000000,10,1962.387514,14498.714122,1962.387514,0.000000,,,0,1,,,,,0.209281,
tabu,hfvrp_n050_m10_s04,50,10,0.000000,1,1981.648552,13853.853584,1981.648552,0.000000,,,0,1,,,,,0.199400,
tabu,hfvrp_n050_m10_s05,50,10,0.000000,1788088236455161698,2084.921389,10789.395684,2084.921389,0.000000,,,0,1,,,,,0.249338,
tabu,hfvrp_n050_m10_s01,50,10,0.000000,200,2069.126587,8355.002268,2069.126587,0.000000,,,0,1,,,,,0.229770,
tabu,hfvrp_n030_m06_s05,30,6,0.000000,1788088308994071882,1180.774898,3636.575971,1180.774898,0.000000,,,0,1,,,,,0.054804,
tabu,hfvrp_n050_m10_s02,50,10,0.000000,75,2144.758054,12700.488573,2144.758054,0.000000,,,0,1,,,,,0.244090,
tabu,hfvrp_n075_m15_s01,75,15,0.000000,1788192053767463101,3401.708491,12807.236582,3401.708491,0.000000,,,0,1,,,,,0.936363,
tabu,hfvrp_n050_m10_s03,50,10,0.000000,50,1962.387514,14498.714122,1962.387514,0.000000,,,0,1,,,,,0.202426,
tabu,hfvrp_n050_m10_s04,50,10,0.000000,10,1981.648552,13853.853584,1981.648552,0.000000,,,0,1,,,,,0.189332,
tabu,hfvrp_n050_m10_s05,50,10,0.000000,1,2084.921389,10789.395684,2084.921389,0.000000,,,0,1,,,,,0.237947,
tabu,hfvrp_n050_m10_s01,50,10,0.000000,999,2069.126587,8355.002268,2069.126587,0.000000,,,0,1,,,,,0.221908,
tabu,hfvrp_n050_m10_s02,50,10,0.000000,100,2144.758054,12700.488573,2144.758054,0.000000,,,0,1,,,,,0.241545,
tabu,hfvrp_n050_m10_s03,50,10,0.000000,75,1962.387514,14498.714122,1962.387514,0.000000,,,0,1,,,,,0.203785,
tabu,hfvrp_n050_m10_s04,50,10,0.000000,50,1981.648552,13853.853584,1981.648552,0.000000,,,0,1,,,,,0.193159,
tabu,hfvrp_n050_m10_s05,50,10,0.000000,10,2084.921389,10789.395684,2084.921389,0.000000,,,0,1,,,,,0.236583,
tabu,hfvrp_n050_m10_s01,50,10,0.000000,1234,2069.126587,8355.002268,2069.126587,0.000000,,,0,1,,,,,0.221255,
tabu,hfvrp_n075_m15_s01,75,15,0.000000,1,3401.708491,12807.236582,3401.708491,0.000000,,,0,1,,,,,0.933275,
tabu,hfvrp_n050_m10_s02,50,10,0.000000,200,2144.758054,12700.488573,2144.758054,0.000000,,,0,1,,,,,0.239863,
tabu,hfvrp_n050_m10_s04,50,10,0.000000,75,1981.648552,13853.853584,1981.648552,0.000000,,,0,1,,,,,0.188741,
tabu,hfvrp_n050_m10_s03,50,10,0.000000,100,1962.387514,14498.714122,1962.387514,0.000000,,,0,1,,,,,0.196796,
tabu,hfvrp_n050_m10_s05,50,10,0.000000,50,2084.921389,10789.395684,2084.921389,0.000000,,,0,1,,,,,0.239477,
tabu,hfvrp_n050_m10_s01,50,10,0.000000,9999,2069.126587,8355.002268,2069.126587,0.000000,,,0,1,,,,,0.221692,
tabu,hfvrp_n050_m10_s02,50,10,0.000000,999,2144.758054,12700.488573,2144.758054,0.000000,,,0,1,,,,,0.242322,
tabu,hfvrp_n050_m10_s04,50,10,0.000000,100,1981.648552,13853.853584,1981.648552,0.000000,,,0,1,,,,,0.189683,
tabu,hfvrp_n050_m10_s03,50,10,0.000000,200,1962.387514,14498.714122,1962.387514,0.000000,,,0,1,,,,,0.204203,
tabu,hfvrp_n050_m10_s05,50,10,0.000000,75,2084.921389,10789.395684,2084.921389,0.000000,,,0,1,,,,,0.239586,
tabu,hfvrp_n050_m10_s01,50,10,0.000000,19345,2069.126587,8355.002268,2069.126587,0.000000,,,0,1,,,,,0.224079,
tabu,hfvrp_n075_m15_s01,75,15,0.000000,10,3401.708491,12807.236582,3401.708491,0.000000,,,0,1,,,,,0.927771,
tabu,hfvrp_n050_m10_s02,50,10,0.000000,1234,2144.758054,12700.488573,2144.758054,0.000000,,,0,1,,,,,0.239260,
tabu,hfvrp_n050_m10_s04,50,10,0.000000,200,1981.648552,13853.853584,1981.648552,0.000000,,,0,1,,,,,0.191725,
tabu,hfvrp_n050_m10_s03,50,10,0.000000,999,1962.387514,14498.714122,1962.387514,0.000000,,,0,1,,,,,0.198233,
tabu,hfvrp_n050_m10_s05,50,10,0.000000,100,2084.921389,10789.395684,2084.921389,0.000000,,,0,1,,,,,0.240805,
tabu,hfvrp_n050_m10_s01,50,10,0.000000,1788192740806088117,2069.126587,8355.002268,2069.126587,0.000000,,,0,1,,,,,0.223331,
tabu,hfvrp_n050_m10_s02,50,10,0.000000,9999,2144.758054,12700.488573,2144.758054,0.000000,,,0,1,,,,,0.246150,
tabu,hfvrp_n050_m10_s04,50,10,0.000000,999,1981.648552,13853.853584,1981.648552,0.000000,,,0,1,,,,,0.195551,
tabu,hfvrp_n075_m15_s01,75,15,0.000000,50,3401.708491,12807.236582,3401.708491,0.000000,,,0,1,,,,,0.970818,
tabu,hfvrp_n050_m10_s03,50,10,0.000000,1234,1962.387514,14498.714122,1962.387514,0.000000,,,0,1,,,,,0.213982,
tabu,hfvrp_n050_m10_s05,50,10,0.000000,200,2084.921389,10789.395684,2084.921389,0.000000,,,0,1,,,,,0.242760,
tabu,hfvrp_n075_m15_s02,75,15,0.000000,1788190865200254079,3629.392038,16852.545429,3629.392038,0.000000,,,0,1,,,,,0.837055,
tabu,hfvrp_n050_m10_s02,50,10,0.000000,19345,2144.758054,12700.488573,2144.758054,0.000000,,,0,1,,,,,0.237930,
tabu,hfvrp_n050_m10_s04,50,10,0.000000,1234,1981.648552,13853.853584,1981.648552,0.000000,,,0,1,,,,,0.193322,
tabu,hfvrp_n050_m10_s03,50,10,0.000000,9999,1962.387514,14498.714122,1962.387514,0.000000,,,0,1,,,,,0.203990,
tabu,hfvrp_n050_m10_s05,50,10,0.000000,999,2084.921389,10789.395684,2084.921389,0.000000,,,0,1,,,,,0.241618,
tabu,hfvrp_n075_m15_s01,75,15,0.000000,75,3401.708491,12807.236582,3401.708491,0.000000,,,0,1,,,,,0.941889,
tabu,hfvrp_n050_m10_s02,50,10,0.000000,1788190823580243792,2144.758054,12700.488573,2144.758054,0.000000,,,0,1,,,,,0.238666,
tabu,hfvrp_n075_m15_s02,75,15,0.000000,1,3629.392038,16852.545429,3629.392038,0.000000,,,0,1,,,,,0.835340,
tabu,hfvrp_n050_m10_s04,50,10,0.000000,9999,1981.648552,13853.853584,1981.648552,0.000000,,,0,1,,,,,0.193383,
tabu,hfvrp_n050_m10_s03,50,10,0.000000,19345,1962.387514,14498.714122,1962.387514,0.000000,,,0,1,,,,,0.203107,
tabu,hfvrp_n050_m10_s05,50,10,0.000000,1234,2084.921389,10789.395684,2084.921389,0.000000,,,0,1,,,,,0.240916,
tabu,hfvrp_n075_m15_s03,75,15,0.000000,1788191619594920676,3762.727476,16049.452885,3762.727476,0.000000,,,0,1,,,,,0.835281,
tabu,hfvrp_n050_m10_s04,50,10,0.000000,19345,1981.648552,13853.853584,1981.648552,0.000000,,,0,1,,,,,0.192798,
tabu,hfvrp_n050_m10_s03,50,10,0.000000,1788191653122778432,1962.387514,14498.714122,1962.387514,0.000000,,,0,1,,,,,0.202648,
tabu,hfvrp_n050_m10_s05,50,10,0.000000,9999,2084.921389,10789.395684,2084.921389,0.000000,,,0,1,,,,,0.241134,
tabu,hfvrp_n075_m15_s01,75,15,0.000000,100,3401.708491,12807.236582,3401.708491,0.000000,,,0,1,,,,,0.936654,
tabu,hfvrp_n075_m15_s02,75,15,0.000000,10,3629.392038,16852.545429,3629.392038,0.000000,,,0,1,,,,,0.835496,
tabu,hfvrp_n050_m10_s04,50,10,0.000000,1788191774747334315,1981.648552,13853.853584,1981.648552,0.000000,,,0,1,,,,,0.199787,
tabu,hfvrp_n050_m10_s05,50,10,0.000000,19345,2084.921389,10789.395684,2084.921389,0.000000,,,0,1,,,,,0.241251,
tabu,hfvrp_n075_m15_s04,75,15,0.000000,1788191341046502565,3802.136582,16012.303116,3802.136582,0.000000,,,0,1,,,,,0.964615,
tabu,hfvrp_n075_m15_s03,75,15,0.000000,1,3762.727476,16049.452885,3762.727476,0.000000,,,0,1,,,,,0.812018,
tabu,hfvrp_n050_m10_s05,50,10,0.000000,1788191557196368852,2084.921389,10789.395684,2084.921389,0.000000,,,0,1,,,,,0.244477,
tabu,hfvrp_n075_m15_s01,75,15,0.000000,200,3401.708491,12807.236582,3401.708491,0.000000,,,0,1,,,,,0.966636,
tabu,hfvrp_n075_m15_s05,75,15,0.000000,1788191436658303625,3452.271659,12917.462925,3452.271659,0.000000,,,0,1,,,,,0.790176,
tabu,hfvrp_n075_m15_s02,75,15,0.000000,50,3629.392038,16852.545429,3629.392038,0.000000,,,0,1,,,,,0.840945,
tabu,hfvrp_n075_m15_s04,75,15,0.000000,1,3802.136582,16012.303116,3802.136582,0.000000,,,0,1,,,,,0.986404,
tabu,hfvrp_n075_m15_s03,75,15,0.000000,10,3762.727476,16049.452885,3762.727476,0.000000,,,0,1,,,,,0.827938,
tabu,hfvrp_n100_m20_s01,100,20,0.000000,1788189956838727849,5174.440506,20074.552471,5174.440506,0.000000,,,0,1,,,,,1.810176,
tabu,hfvrp_n075_m15_s05,75,15,0.000000,1,3452.271659,12917.462925,3452.271659,0.000000,,,0,1,,,,,0.762865,
tabu,hfvrp_n075_m15_s01,75,15,0.000000,999,3401.708491,12807.236582,3401.708491,0.000000,,,0,1,,,,,0.953076,
tabu,hfvrp_n075_m15_s02,75,15,0.000000,75,3629.392038,16852.545429,3629.392038,0.000000,,,0,1,,,,,0.838874,
tabu,hfvrp_n075_m15_s04,75,15,0.000000,10,3802.136582,16012.303116,3802.136582,0.000000,,,0,1,,,,,0.974470,
tabu,hfvrp_n075_m15_s03,75,15,0.000000,50,3762.727476,16049.452885,3762.727476,0.000000,,,0,1,,,,,0.820638,
tabu,hfvrp_n075_m15_s05,75,15,0.000000,10,3452.271659,12917.462925,3452.271659,0.000000,,,0,1,,,,,0.771589,
tabu,hfvrp_n075_m15_s01,75,15,0.000000,1234,3401.708491,12807.236582,3401.708491,0.000000,,,0,1,,,,,0.940215,
tabu,hfvrp_n075_m15_s02,75,15,0.000000,100,3629.392038,16852.545429,3629.392038,0.000000,,,0,1,,,,,0.834395,
tabu,hfvrp_n100_m20_s01,100,20,0.000000,1,5174.440506,20074.552471,5174.440506,0.000000,,,0,1,,,,,1.791265,
tabu,hfvrp_n075_m15_s04,75,15,0.000000,50,3802.136582,16012.303116,3802.136582,0.000000,,,0,1,,,,,0.959472,
tabu,hfvrp_n075_m15_s03,75,15,0.000000,75,3762.727476,16049.452885,3762.727476,0.000000,,,0,1,,,,,0.828379,
tabu,hfvrp_n075_m15_s05,75,15,0.000000,50,3452.271659,12917.462925,3452.271659,0.000000,,,0,1,,,,,0.770378,
tabu,hfvrp_n075_m15_s01,75,15,0.000000,9999,3401.708491,12807.236582,3401.708491,0.000000,,,0,1,,,,,0.942380,
tabu,hfvrp_n075_m15_s02,75,15,0.000000,200,3629.392038,16852.545429,3629.392038,0.000000,,,0,1,,,,,0.852530,
tabu,hfvrp_n100_m20_s01,100,20,0.000000,10,5174.440506,20074.552471,5174.440506,0.000000,,,0,1,,,,,1.792249,
tabu,hfvrp_n075_m15_s04,75,15,0.000000,75,3802.136582,16012.303116,3802.136582,0.000000,,,0,1,,,,,0.974655,
tabu,hfvrp_n075_m15_s03,75,15,0.000000,100,3762.727476,16049.452885,3762.727476,0.000000,,,0,1,,,,,0.827991,
tabu,hfvrp_n075_m15_s05,75,15,0.000000,75,3452.271659,12917.462925,3452.271659,0.000000,,,0,1,,,,,0.779749,
tabu,hfvrp_n075_m15_s01,75,15,0.000000,19345,3401.708491,12807.236582,3401.708491,0.000000,,,0,1,,,,,0.965094,
tabu,hfvrp_n075_m15_s02,75,15,0.000000,999,3629.392038,16852.545429,3629.392038,0.000000,,,0,1,,,,,0.858778,
tabu,hfvrp_n075_m15_s04,75,15,0.000000,100,3802.136582,16012.303116,3802.136582,0.000000,,,0,1,,,,,0.955490,
tabu,hfvrp_n075_m15_s03,75,15,0.000000,200,3762.727476,16049.452885,3762.727476,0.000000,,,0,1,,,,,0.832766,
tabu,hfvrp_n100_m20_s01,100,20,0.000000,50,5174.440506,20074.552471,5174.440506,0.000000,,,0,1,,,,,1.809451,
tabu,hfvrp_n075_m15_s05,75,15,0.000000,100,3452.271659,12917.462925,3452.271659,0.000000,,,0,1,,,,,0.768409,
tabu,hfvrp_n075_m15_s01,75,15,0.000000,1788190189840232488,3401.708491,12807.236582,3401.708491,0.000000,,,0,1,,,,,0.941089,
tabu,hfvrp_n075_m15_s02,75,15,0.000000,1234,3629.392038,16852.545429,3629.392038,0.000000,,,0,1,,,,,0.843500,
tabu,hfvrp_n075_m15_s04,75,15,0.000000,200,3802.136582,16012.303116,3802.136582,0.000000,,,0,1,,,,,0.948997,
tabu,hfvrp_n075_m15_s03,75,15,0.000000,999,3762.727476,16049.452885,3762.727476,0.000000,,,0,1,,,,,0.813463,
tabu,hfvrp_n075_m15_s05,75,15,0.000000,200,3452.271659,12917.462925,3452.271659,0.000000,,,0,1,,,,,0.767317,
tabu,hfvrp_n075_m15_s02,75,15,0.000000,9999,3629.392038,16852.545429,3629.392038,0.000000,,,0,1,,,,,0.850685,
tabu,hfvrp_n100_m20_s02,100,20,0.000000,1788189036934506821,4828.902666,24528.109900,4828.902666,0.000000,,,0,1,,,,,1.766463,
tabu,hfvrp_n100_m20_s01,100,20,0.000000,75,5174.440506,20074.552471,5174.440506,0.000000,,,0,1,,,,,1.836248,
tabu,hfvrp_n075_m15_s04,75,15,0.000000,999,3802.136582,16012.303116,3802.136582,0.000000,,,0,1,,,,,0.966078,
tabu,hfvrp_n075_m15_s03,75,15,0.000000,1234,3762.727476,16049.452885,3762.727476,0.000000,,,0,1,,,,,0.823175,
tabu,hfvrp_n075_m15_s05,75,15,0.000000,999,3452.271659,12917.462925,3452.271659,0.000000,,,0,1,,,,,0.759857,
tabu,hfvrp_n075_m15_s02,75,15,0.000000,19345,3629.392038,16852.545429,3629.392038,0.000000,,,0,1,,,,,0.838616,
tabu,hfvrp_n100_m20_s02,100,20,0.000000,1,4828.902666,24528.109900,4828.902666,0.000000,,,0,1,,,,,1.732875,
tabu,hfvrp_n075_m15_s04,75,15,0.000000,1234,3802.136582,16012.303116,3802.136582,0.000000,,,0,1,,,,,0.961751,
tabu,hfvrp_n075_m15_s03,75,15,0.000000,9999,3762.727476,16049.452885,3762.727476,0.000000,,,0,1,,,,,0.818857,
tabu,hfvrp_n100_m20_s01,100,20,0.000000,100,5174.440506,20074.552471,5174.440506,0.000000,,,0,1,,,,,1.805873,
tabu,hfvrp_n075_m15_s05,75,15,0.000000,1234,3452.271659,12917.462925,3452.271659,0.000000,,,0,1,,,,,0.755737,
tabu,hfvrp_n075_m15_s02,75,15,0.000000,1788188552218278948,3629.392038,16852.545429,3629.392038,0.000000,,,0,1,,,,,0.821364,
tabu,hfvrp_n075_m15_s04,75,15,0.000000,9999,3802.136582,16012.303116,3802.136582,0.000000,,,0,1,,,,,0.957517,
tabu,hfvrp_n075_m15_s03,75,15,0.000000,19345,3762.727476,16049.452885,3762.727476,0.000000,,,0,1,,,,,0.832904,
tabu,hfvrp_n100_m20_s02,100,20,0.000000,10,4828.902666,24528.109900,4828.902666,0.000000,,,0,1,,,,,1.714909,
tabu,hfvrp_n075_m15_s05,75,15,0.000000,9999,3452.271659,12917.462925,3452.271659,0.000000,,,0,1,,,,,0.760346,
tabu,hfvrp_n100_m20_s03,100,20,0.000000,1788189443184294754,5214.827279,27966.634711,5214.827279,0.000000,,,0,1,,,,,1.782871,
tabu,hfvrp_n100_m20_s01,100,20,0.000000,200,5174.440506,20074.552471,5174.440506,0.000000,,,0,1,,,,,1.795222,
tabu,hfvrp_n075_m15_s04,75,15,0.000000,19345,3802.136582,16012.303116,3802.136582,0.000000,,,0,1,,,,,0.953617,
tabu,hfvrp_n075_m15_s03,75,15,0.000000,1788188829277286152,3762.727476,16049.452885,3762.727476,0.000000,,,0,1,,,,,0.813194,
tabu,hfvrp_n075_m15_s05,75,15,0.000000,19345,3452.271659,12917.462925,3452.271659,0.000000,,,0,1,,,,,0.754971,
tabu,hfvrp_n100_m20_s02,100,20,0.000000,50,4828.902666,24528.109900,4828.902666,0.000000,,,0,1,,,,,1.704688,
tabu,hfvrp_n100_m20_s03,100,20,0.000000,1,5214.827279,27966.634711,5214.827279,0.000000,,,0,1,,,,,1.791535,
tabu,hfvrp_n100_m20_s01,100,20,0.000000,999,5174.440506,20074.552471,5174.440506,0.000000,,,0,1,,,,,1.795835,
tabu,hfvrp_n075_m15_s04,75,15,0.000000,1788189010536713317,3802.136582,16012.303116,3802.136582,0.000000,,,0,1,,,,,0.959489,
tabu,hfvrp_n100_m20_s04,100,20,0.000000,1788189075937245286,5084.808276,21813.164558,5084.808276,0.000000,,,0,1,,,,,1.741295,
tabu,hfvrp_n075_m15_s05,75,15,0.000000,1788188050492680835,3452.271659,12917.462925,3452.271659,0.000000,,,0,1,,,,,0.761197,
tabu,hfvrp_n100_m20_s05,100,20,0.000000,1788188080838229840,5203.903141,26240.344342,5203.903141,0.000000,,,0,1,,,,,1.916819,
tabu,hfvrp_n100_m20_s02,100,20,0.000000,75,4828.902666,24528.109900,4828.902666,0.000000,,,0,1,,,,,1.715825,
tabu,hfvrp_n100_m20_s03,100,20,0.000000,10,5214.827279,27966.634711,5214.827279,0.000000,,,0,1,,,,,1.788413,
tabu,hfvrp_n100_m20_s01,100,20,0.000000,1234,5174.440506,20074.552471,5174.440506,0.000000,,,0,1,,,,,1.788951,
tabu,hfvrp_n100_m20_s04,100,20,0.000000,1,5084.808276,21813.164558,5084.808276,0.000000,,,0,1,,,,,1.736439,
tabu,hfvrp_n150_m30_s01,150,30,0.000000,1788188314479904664,8669.628256,45641.886495,8669.628256,0.000000,,,0,1,,,,,6.031017,
tabu,hfvrp_n100_m20_s05,100,20,0.000000,1,5203.903141,26240.344342,5203.903141,0.000000,,,0,1,,,,,1.984397,
tabu,hfvrp_n100_m20_s02,100,20,0.000000,100,4828.902666,24528.109900,4828.902666,0.000000,,,0,1,,,,,1.729919,
tabu,hfvrp_n100_m20_s03,100,20,0.000000,50,5214.827279,27966.634711,5214.827279,0.000000,,,0,1,,,,,1.806352,
tabu,hfvrp_n100_m20_s01,100,20,0.000000,9999,5174.440506,20074.552471,5174.440506,0.000000,,,0,1,,,,,1.812460,
tabu,hfvrp_n100_m20_s04,100,20,0.000000,10,5084.808276,21813.164558,5084.808276,0.000000,,,0,1,,,,,1.754192,
tabu,hfvrp_n100_m20_s05,100,20,0.000000,10,5203.903141,26240.344342,5203.903141,0.000000,,,0,1,,,,,1.912537,
tabu,hfvrp_n100_m20_s02,100,20,0.000000,200,4828.902666,24528.109900,4828.902666,0.000000,,,0,1,,,,,1.717252,
tabu,hfvrp_n100_m20_s03,100,20,0.000000,75,5214.827279,27966.634711,5214.827279,0.000000,,,0,1,,,,,1.787935,
tabu,hfvrp_n100_m20_s01,100,20,0.000000,19345,5174.440506,20074.552471,5174.440506,0.000000,,,0,1,,,,,1.797291,
tabu,hfvrp_n100_m20_s04,100,20,0.000000,50,5084.808276,21813.164558,5084.808276,0.000000,,,0,1,,,,,1.744279,
tabu,hfvrp_n150_m30_s01,150,30,0.000000,1,8669.628256,45641.886495,8669.628256,0.000000,,,0,1,,,,,6.054111,
tabu,hfvrp_n100_m20_s05,100,20,0.000000,50,5203.903141,26240.344342,5203.903141,0.000000,,,0,1,,,,,1.941976,
tabu,hfvrp_n100_m20_s02,100,20,0.000000,999,4828.902666,24528.109900,4828.902666,0.000000,,,0,1,,,,,1.718581,
tabu,hfvrp_n100_m20_s03,100,20,0.000000,100,5214.827279,27966.634711,5214.827279,0.000000,,,0,1,,,,,1.804553,
tabu,hfvrp_n100_m20_s01,100,20,0.000000,1788187874476150645,5174.440506,20074.552471,5174.440506,0.000000,,,0,1,,,,,1.788898,
tabu,hfvrp_n100_m20_s04,100,20,0.000000,75,5084.808276,21813.164558,5084.808276,0.000000,,,0,1,,,,,1.744674,
tabu,hfvrp_n100_m20_s05,100,20,0.000000,75,5203.903141,26240.344342,5203.903141,0.000000,,,0,1,,,,,1.927057,
tabu,hfvrp_n100_m20_s02,100,20,0.000000,1234,4828.902666,24528.109900,4828.902666,0.000000,,,0,1,,,,,1.736391,
tabu,hfvrp_n150_m30_s01,150,30,0.000000,10,8669.628256,45641.886495,8669.628256,0.000000,,,0,1,,,,,6.053090,
tabu,hfvrp_n100_m20_s03,100,20,0.000000,200,5214.827279,27966.634711,5214.827279,0.000000,,,0,1,,,,,1.797995,
tabu,hfvrp_n100_m20_s04,100,20,0.000000,100,5084.808276,21813.164558,5084.808276,0.000000,,,0,1,,,,,1.740978,
tabu,hfvrp_n150_m30_s02,150,30,0.000000,1788187830789083553,8754.802475,42689.880519,8754.802475,0.000000,,,0,1,,,,,6.308628,
tabu,hfvrp_n100_m20_s05,100,20,0.000000,100,5203.903141,26240.344342,5203.903141,0.000000,,,0,1,,,,,1.899562,
tabu,hfvrp_n100_m20_s02,100,20,0.000000,9999,4828.902666,24528.109900,4828.902666,0.000000,,,0,1,,,,,1.723323,
tabu,hfvrp_n100_m20_s03,100,20,0.000000,999,5214.827279,27966.634711,5214.827279,0.000000,,,0,1,,,,,1.793188,
tabu,hfvrp_n100_m20_s04,100,20,0.000000,200,5084.808276,21813.164558,5084.808276,0.000000,,,0,1,,,,,1.754688,
tabu,hfvrp_n100_m20_s05,100,20,0.000000,200,5203.903141,26240.344342,5203.903141,0.000000,,,0,1,,,,,1.922306,
tabu,hfvrp_n100_m20_s02,100,20,0.000000,19345,4828.902666,24528.109900,4828.902666,0.000000,,,0,1,,,,,1.717621,
tabu,hfvrp_n150_m30_s01,150,30,0.000000,50,8669.628256,45641.886495,8669.628256,0.000000,,,0,1,,,,,6.086111,
tabu,hfvrp_n100_m20_s03,100,20,0.000000,1234,5214.827279,27966.634711,5214.827279,0.000000,,,0,1,,,,,1.795966,
tabu,hfvrp_n150_m30_s02,150,30,0.000000,1,8754.802475,42689.880519,8754.802475,0.000000,,,0,1,,,,,6.376808,
tabu,hfvrp_n100_m20_s04,100,20,0.000000,999,5084.808276,21813.164558,5084.808276,0.000000,,,0,1,,,,,1.747147,
tabu,hfvrp_n100_m20_s05,100,20,0.000000,999,5203.903141,26240.344342,5203.903141,0.000000,,,0,1,,,,,2.031653,
tabu,hfvrp_n100_m20_s02,100,20,0.000000,1788185995322056260,4828.902666,24528.109900,4828.902666,0.000000,,,0,1,,,,,1.793523,
tabu,hfvrp_n100_m20_s03,100,20,0.000000,9999,5214.827279,27966.634711,5214.827279,0.000000,,,0,1,,,,,1.811479,
tabu,hfvrp_n100_m20_s04,100,20,0.000000,1234,5084.808276,21813.164558,5084.808276,0.000000,,,0,1,,,,,1.753981,
tabu,hfvrp_n150_m30_s01,150,30,0.000000,75,8669.628256,45641.886495,8669.628256,0.000000,,,0,1,,,,,6.127209,
tabu,hfvrp_n100_m20_s05,100,20,0.000000,1234,5203.903141,26240.344342,5203.903141,0.000000,,,0,1,,,,,1.904675,
tabu,hfvrp_n150_m30_s03,150,30,0.000000,1788184156701795473,9396.140854,45893.988530,9396.140854,0.000000,,,0,1,,,,,6.153851,
tabu,hfvrp_n150_m30_s02,150,30,0.000000,10,8754.802475,42689.880519,8754.802475,0.000000,,,0,1,,,,,6.285275,
tabu,hfvrp_n100_m20_s03,100,20,0.000000,19345,5214.827279,27966.634711,5214.827279,0.000000,,,0,1,,,,,1.790145,
tabu,hfvrp_n100_m20_s04,100,20,0.000000,9999,5084.808276,21813.164558,5084.808276,0.000000,,,0,1,,,,,1.740107,
tabu,hfvrp_n100_m20_s05,100,20,0.000000,9999,5203.903141,26240.344342,5203.903141,0.000000,,,0,1,,,,,1.896362,
tabu,hfvrp_n100_m20_s03,100,20,0.000000,1788183959294852290,5214.827279,27966.634711,5214.827279,0.000000,,,0,1,,,,,1.783875,
tabu,hfvrp_n100_m20_s04,100,20,0.000000,19345,5084.808276,21813.164558,5084.808276,0.000000,,,0,1,,,,,1.743004,
tabu,hfvrp_n150_m30_s01,150,30,0.000000,100,8669.628256,45641.886495,8669.628256,0.000000,,,0,1,,,,,6.167875,
tabu,hfvrp_n100_m20_s05,100,20,0.000000,19345,5203.903141,26240.344342,5203.903141,0.000000,,,0,1,,,,,1.915635,
tabu,hfvrp_n150_m30_s03,150,30,0.000000,1,9396.140854,45893.988530,9396.140854,0.000000,,,0,1,,,,,6.132835,
tabu,hfvrp_n150_m30_s02,150,30,0.000000,50,8754.802475,42689.880519,8754.802475,0.000000,,,0,1,,,,,6.350936,
tabu,hfvrp_n100_m20_s04,100,20,0.000000,1788184003124356547,5084.808276,21813.164558,5084.808276,0.000000,,,0,1,,,,,1.742197,
tabu,hfvrp_n150_m30_s04,150,30,0.000000,1788184056669053110,9369.868180,51737.237630,9369.868180,0.000000,,,0,1,,,,,5.682402,
tabu,hfvrp_n100_m20_s05,100,20,0.000000,1788183788427845775,5203.903141,26240.344342,5203.903141,0.000000,,,0,1,,,,,1.950577,
tabu,hfvrp_n150_m30_s05,150,30,0.000000,1788183829885533246,9055.767067,31478.184658,9055.767067,0.000000,,,0,1,,,,,6.352640,
tabu,hfvrp_n150_m30_s01,150,30,0.000000,200,8669.628256,45641.886495,8669.628256,0.000000,,,0,1,,,,,6.056283,
tabu,hfvrp_n150_m30_s03,150,30,0.000000,10,9396.140854,45893.988530,9396.140854,0.000000,,,0,1,,,,,6.158042,
tabu,hfvrp_n150_m30_s02,150,30,0.000000,75,8754.802475,42689.880519,8754.802475,0.000000,,,0,1,,,,,6.315151,
tabu,hfvrp_n150_m30_s04,150,30,0.000000,1,9369.868180,51737.237630,9369.868180,0.000000,,,0,1,,,,,5.691723,
tabu,hfvrp_n200_m40_s01,200,40,0.000000,1788183675900266363,14280.064543,46684.037611,14280.064543,0.000000,,,0,1,,,,,18.467771,
tabu,hfvrp_n150_m30_s05,150,30,0.000000,1,9055.767067,31478.184658,9055.767067,0.000000,,,0,1,,,,,6.360831,
tabu,hfvrp_n150_m30_s01,150,30,0.000000,999,8669.628256,45641.886495,8669.628256,0.000000,,,0,1,,,,,6.115632,
tabu,hfvrp_n150_m30_s03,150,30,0.000000,50,9396.140854,45893.988530,9396.140854,0.000000,,,0,1,,,,,6.157469,
tabu,hfvrp_n150_m30_s02,150,30,0.000000,100,8754.802475,42689.880519,8754.802475,0.000000,,,0,1,,,,,6.376355,
tabu,hfvrp_n150_m30_s04,150,30,0.000000,10,9369.868180,51737.237630,9369.868180,0.000000,,,0,1,,,,,5.684894,
tabu,hfvrp_n150_m30_s05,150,30,0.000000,10,9055.767067,31478.184658,9055.767067,0.000000,,,0,1,,,,,6.373035,
tabu,hfvrp_n150_m30_s01,150,30,0.000000,1234,8669.628256,45641.886495,8669.628256,0.000000,,,0,1,,,,,6.110504,
tabu,hfvrp_n150_m30_s03,150,30,0.000000,75,9396.140854,45893.988530,9396.140854,0.000000,,,0,1,,,,,6.093865,
tabu,hfvrp_n150_m30_s02,150,30,0.000000,200,8754.802475,42689.880519,8754.802475,0.000000,,,0,1,,,,,6.287730,
tabu,hfvrp_n150_m30_s04,150,30,0.000000,50,9369.868180,51737.237630,9369.868180,0.000000,,,0,1,,,,,5.611794,
tabu,hfvrp_n200_m40_s01,200,40,0.000000,1,14280.064543,46684.037611,14280.064543,0.000000,,,0,1,,,,,18.338725,
tabu,hfvrp_n150_m30_s05,150,30,0.000000,50,9055.767067,31478.184658,9055.767067,0.000000,,,0,1,,,,,6.329677,
tabu,hfvrp_n150_m30_s01,150,30,0.000000,9999,8669.628256,45641.886495,8669.628256,0.000000,,,0,1,,,,,6.084777,
tabu,hfvrp_n150_m30_s03,150,30,0.000000,100,9396.140854,45893.988530,9396.140854,0.000000,,,0,1,,,,,6.119919,
tabu,hfvrp_n150_m30_s04,150,30,0.000000,75,9369.868180,51737.237630,9369.868180,0.000000,,,0,1,,,,,5.631231,
tabu,hfvrp_n150_m30_s02,150,30,0.000000,999,8754.802475,42689.880519,8754.802475,0.000000,,,0,1,,,,,6.292342,
tabu,hfvrp_n150_m30_s05,150,30,0.000000,75,9055.767067,31478.184658,9055.767067,0.000000,,,0,1,,,,,6.338582,
tabu,hfvrp_n150_m30_s01,150,30,0.000000,19345,8669.628256,45641.886495,8669.628256,0.000000,,,0,1,,,,,6.020571,
tabu,hfvrp_n150_m30_s03,150,30,0.000000,200,9396.140854,45893.988530,9396.140854,0.000000,,,0,1,,,,,6.044831,
tabu,hfvrp_n150_m30_s04,150,30,0.000000,100,9369.868180,51737.237630,9369.868180,0.000000,,,0,1,,,,,5.613988,
tabu,hfvrp_n150_m30_s02,150,30,0.000000,1234,8754.802475,42689.880519,8754.802475,0.000000,,,0,1,,,,,6.329634,
tabu,hfvrp_n200_m40_s01,200,40,0.000000,10,14280.064543,46684.037611,14280.064543,0.000000,,,0,1,,,,,18.404777,
tabu,hfvrp_n150_m30_s05,150,30,0.000000,100,9055.767067,31478.184658,9055.767067,0.000000,,,0,1,,,,,6.333883,
tabu,hfvrp_n150_m30_s03,150,30,0.000000,999,9396.140854,45893.988530,9396.140854,0.000000,,,0,1,,,,,6.074642,
tabu,hfvrp_n150_m30_s01,150,30,0.000000,1788203194138884126,8669.628256,45641.886495,8669.628256,0.000000,,,0,1,,,,,6.076067,
tabu,hfvrp_n150_m30_s04,150,30,0.000000,200,9369.868180,51737.237630,9369.868180,0.000000,,,0,1,,,,,5.630732,
tabu,hfvrp_n150_m30_s02,150,30,0.000000,9999,8754.802475,42689.880519,8754.802475,0.000000,,,0,1,,,,,6.318517,
tabu,hfvrp_n150_m30_s05,150,30,0.000000,200,9055.767067,31478.184658,9055.767067,0.000000,,,0,1,,,,,6.370461,
tabu,hfvrp_n150_m30_s03,150,30,0.000000,1234,9396.140854,45893.988530,9396.140854,0.000000,,,0,1,,,,,6.106925,
tabu,hfvrp_n150_m30_s04,150,30,0.000000,999,9369.868180,51737.237630,9369.868180,0.000000,,,0,1,,,,,5.605289,
tabu,hfvrp_n150_m30_s02,150,30,0.000000,19345,8754.802475,42689.880519,8754.802475,0.000000,,,0,1,,,,,6.261273,
tabu,hfvrp_n200_m40_s02,200,40,0.000000,1788203761042903888,15043.673042,47544.629222,15043.673042,0.000000,,,0,1,,,,,19.243824,
tabu,hfvrp_n200_m40_s01,200,40,0.000000,50,14280.064543,46684.037611,14280.064543,0.000000,,,0,1,,,,,18.531329,
tabu,hfvrp_n150_m30_s05,150,30,0.000000,999,9055.767067,31478.184658,9055.767067,0.000000,,,0,1,,,,,6.311403,
tabu,hfvrp_n150_m30_s03,150,30,0.000000,9999,9396.140854,45893.988530,9396.140854,0.000000,,,0,1,,,,,6.073308,
tabu,hfvrp_n150_m30_s04,150,30,0.000000,1234,9369.868180,51737.237630,9369.868180,0.000000,,,0,1,,,,,5.601365,
tabu,hfvrp_n150_m30_s02,150,30,0.000000,1788203384798133906,8754.802475,42689.880519,8754.802475,0.000000,,,0,1,,,,,6.244150,
tabu,hfvrp_n150_m30_s05,150,30,0.000000,1234,9055.767067,31478.184658,9055.767067,0.000000,,,0,1,,,,,6.315833,
tabu,hfvrp_n150_m30_s03,150,30,0.000000,19345,9396.140854,45893.988530,9396.140854,0.000000,,,0,1,,,,,6.125799,
tabu,hfvrp_n150_m30_s04,150,30,0.000000,9999,9369.868180,51737.237630,9369.868180,0.000000,,,0,1,,,,,5.641356,
tabu,hfvrp_n200_m40_s02,200,40,0.000000,1,15043.673042,47544.629222,15043.673042,0.000000,,,0,1,,,,,19.260310,
tabu,hfvrp_n200_m40_s03,200,40,0.000000,1788204336768042665,14176.539185,55323.162930,14176.539185,0.000000,,,0,1,,,,,19.283657,
tabu,hfvrp_n200_m40_s01,200,40,0.000000,75,14280.064543,46684.037611,14280.064543,0.000000,,,0,1,,,,,18.360374,
tabu,hfvrp_n150_m30_s05,150,30,0.000000,9999,9055.767067,31478.184658,9055.767067,0.000000,,,0,1,,,,,6.312943,
tabu,hfvrp_n150_m30_s04,150,30,0.000000,19345,9369.868180,51737.237630,9369.868180,0.000000,,,0,1,,,,,5.595067,
tabu,hfvrp_n150_m30_s03,150,30,0.000000,1788204422140283180,9396.140854,45893.988530,9396.140854,0.000000,,,0,1,,,,,6.071161,
tabu,hfvrp_n150_m30_s05,150,30,0.000000,19345,9055.767067,31478.184658,9055.767067,0.000000,,,0,1,,,,,6.313216,
tabu,hfvrp_n150_m30_s04,150,30,0.000000,1788204171956659584,9369.868180,51737.237630,9369.868180,0.000000,,,0,1,,,,,5.583911,
tabu,hfvrp_n200_m40_s04,200,40,0.000000,1788204222416076820,15786.191206,51013.623089,15786.191206,0.000000,,,0,1,,,,,20.426322,
tabu,hfvrp_n200_m40_s02,200,40,0.000000,10,15043.673042,47544.629222,15043.673042,0.000000,,,0,1,,,,,19.459559,
tabu,hfvrp_n200_m40_s01,200,40,0.000000,100,14280.064543,46684.037611,14280.064543,0.000000,,,0,1,,,,,18.542514,
tabu,hfvrp_n200_m40_s03,200,40,0.000000,1,14176.539185,55323.162930,14176.539185,0.000000,,,0,1,,,,,19.304273,
tabu,hfvrp_n150_m30_s05,150,30,0.000000,1788204906196194023,9055.767067,31478.184658,9055.767067,0.000000,,,0,1,,,,,6.321215,
tabu,hfvrp_n200_m40_s05,200,40,0.000000,1788204968698614958,15185.806309,47097.026963,15185.806309,0.000000,,,0,1,,,,,18.835034,
tabu,augerat_A_n32_k5,31,8,0.000000,1788204063230599499,8215.986279,2265.085252,8215.986279,0.000000,,,0,1,,,,,0.076736,
tabu,augerat_A_n32_k5,31,8,0.000000,1,8215.986279,2265.085252,8215.986279,0.000000,,,0,1,,,,,0.076585,
tabu,augerat_A_n32_k5,31,8,0.000000,10,8215.986279,2265.085252,8215.986279,0.000000,,,0,1,,,,,0.077610,
tabu,augerat_A_n32_k5,31,8,0.000000,50,8215.986279,2265.085252,8215.986279,0.000000,,,0,1,,,,,0.075976,
tabu,augerat_A_n32_k5,31,8,0.000000,75,8215.986279,2265.085252,8215.986279,0.000000,,,0,1,,,,,0.077303,
tabu,hfvrp_n200_m40_s02,200,40,0.000000,50,15043.673042,47544.629222,15043.673042,0.000000,,,0,1,,,,,19.245531,
tabu,hfvrp_n200_m40_s04,200,40,0.000000,1,15786.191206,51013.623089,15786.191206,0.000000,,,0,1,,,,,20.090775,
tabu,hfvrp_n200_m40_s01,200,40,0.000000,200,14280.064543,46684.037611,14280.064543,0.000000,,,0,1,,,,,18.274286,
tabu,augerat_A_n32_k5,31,8,0.000000,100,8215.986279,2265.085252,8215.986279,0.000000,,,0,1,,,,,0.078972,
tabu,hfvrp_n200_m40_s03,200,40,0.000000,10,14176.539185,55323.162930,14176.539185,0.000000,,,0,1,,,,,19.065990,
tabu,augerat_A_n32_k5,31,8,0.000000,200,8215.986279,2265.085252,8215.986279,0.000000,,,0,1,,,,,0.075700,
tabu,augerat_A_n32_k5,31,8,0.000000,999,8215.986279,2265.085252,8215.986279,0.000000,,,0,1,,,,,0.075396,
tabu,augerat_A_n32_k5,31,8,0.000000,1234,8215.986279,2265.085252,8215.986279,0.000000,,,0,1,,,,,0.072038,
tabu,augerat_A_n32_k5,31,8,0.000000,9999,8215.986279,2265.085252,8215.986279,0.000000,,,0,1,,,,,0.076171,
tabu,augerat_A_n32_k5,31,8,0.000000,19345,8215.986279,2265.085252,8215.986279,0.000000,,,0,1,,,,,0.075992,
tabu,hfvrp_n200_m40_s05,200,40,0.000000,1,15185.806309,47097.026963,15185.806309,0.000000,,,0,1,,,,,18.674290,
tabu,augerat_A_n32_k5,31,8,0.000000,1788205773009115099,8215.986279,2265.085252,8215.986279,0.000000,,,0,1,,,,,0.077834,
tabu,augerat_A_n37_k5,36,8,0.000000,1788205816002543585,6886.706131,1168.236104,6886.706131,0.000000,,,0,1,,,,,0.205899,
tabu,augerat_A_n37_k5,36,8,0.000000,1,6886.706131,1168.236104,6886.706131,0.000000,,,0,1,,,,,0.208446,
tabu,augerat_A_n37_k5,36,8,0.000000,10,6886.706131,1168.236104,6886.706131,0.000000,,,0,1,,,,,0.205271,
tabu,augerat_A_n37_k5,36,8,0.000000,50,6886.706131,1168.236104,6886.706131,0.000000,,,0,1,,,,,0.204956,
tabu,augerat_A_n37_k5,36,8,0.000000,75,6886.706131,1168.236104,6886.706131,0.000000,,,0,1,,,,,0.204561,
tabu,augerat_A_n37_k5,36,8,0.000000,100,6886.706131,1168.236104,6886.706131,0.000000,,,0,1,,,,,0.207780,
tabu,augerat_A_n37_k5,36,8,0.000000,200,6886.706131,1168.236104,6886.706131,0.000000,,,0,1,,,,,0.205399,
tabu,hfvrp_n200_m40_s04,200,40,0.000000,10,15786.191206,51013.623089,15786.191206,0.000000,,,0,1,,,,,20.064452,
tabu,hfvrp_n200_m40_s02,200,40,0.000000,75,15043.673042,47544.629222,15043.673042,0.000000,,,0,1,,,,,19.457884,
tabu,hfvrp_n200_m40_s01,200,40,0.000000,999,14280.064543,46684.037611,14280.064543,0.000000,,,0,1,,,,,18.307425,
tabu,hfvrp_n200_m40_s03,200,40,0.000000,50,14176.539185,55323.162930,14176.539185,0.000000,,,0,1,,,,,19.105104,
tabu,augerat_A_n37_k5,36,8,0.000000,999,6886.706131,1168.236104,6886.706131,0.000000,,,0,1,,,,,0.203354,
tabu,augerat_A_n37_k5,36,8,0.000000,1234,6886.706131,1168.236104,6886.706131,0.000000,,,0,1,,,,,0.205808,
tabu,augerat_A_n37_k5,36,8,0.000000,9999,6886.706131,1168.236104,6886.706131,0.000000,,,0,1,,,,,0.205329,
tabu,augerat_A_n37_k5,36,8,0.000000,19345,6886.706131,1168.236104,6886.706131,0.000000,,,0,1,,,,,0.202917,
tabu,augerat_A_n37_k5,36,8,0.000000,1788205429885391598,6886.706131,1168.236104,6886.706131,0.000000,,,0,1,,,,,0.205925,
tabu,hfvrp_n200_m40_s05,200,40,0.000000,10,15185.806309,47097.026963,15185.806309,0.000000,,,0,1,,,,,18.631983,
tabu,augerat_A_n45_k6,44,8,0.000000,1788205474356851487,11262.904698,1379.724648,11262.904698,0.000000,,,0,1,,,,,0.210383,
tabu,augerat_A_n45_k6,44,8,0.000000,1,11262.904698,1379.724648,11262.904698,0.000000,,,0,1,,,,,0.209377,
tabu,augerat_A_n45_k6,44,8,0.000000,10,11262.904698,1379.724648,11262.904698,0.000000,,,0,1,,,,,0.208344,
tabu,augerat_A_n45_k6,44,8,0.000000,50,11262.904698,1379.724648,11262.904698,0.000000,,,0,1,,,,,0.204794,
tabu,augerat_A_n45_k6,44,8,0.000000,75,11262.904698,1379.724648,11262.904698,0.000000,,,0,1,,,,,0.210360,
tabu,augerat_A_n45_k6,44,8,0.000000,100,11262.904698,1379.724648,11262.904698,0.000000,,,0,1,,,,,0.225769,
tabu,hfvrp_n200_m40_s02,200,40,0.000000,100,15043.673042,47544.629222,15043.673042,0.000000,,,0,1,,,,,19.378835,
tabu,hfvrp_n200_m40_s04,200,40,0.000000,50,15786.191206,51013.623089,15786.191206,0.000000,,,0,1,,,,,20.076093,
tabu,hfvrp_n200_m40_s01,200,40,0.000000,1234,14280.064543,46684.037611,14280.064543,0.000000,,,0,1,,,,,18.509242,
tabu,hfvrp_n200_m40_s03,200,40,0.000000,75,14176.539185,55323.162930,14176.539185,0.000000,,,0,1,,,,,19.080388,
tabu,augerat_A_n45_k6,44,8,0.000000,200,11262.904698,1379.724648,11262.904698,0.000000,,,0,1,,,,,0.204599,
tabu,augerat_A_n45_k6,44,8,0.000000,999,11262.904698,1379.724648,11262.904698,0.000000,,,0,1,,,,,0.205278,
tabu,augerat_A_n45_k6,44,8,0.000000,1234,11262.904698,1379.724648,11262.904698,0.000000,,,0,1,,,,,0.205511,
tabu,augerat_A_n45_k6,44,8,0.000000,9999,11262.904698,1379.724648,11262.904698,0.000000,,,0,1,,,,,0.207863,
tabu,hfvrp_n200_m40_s05,200,40,0.000000,50,15185.806309,47097.026963,15185.806309,0.000000,,,0,1,,,,,18.596943,
tabu,augerat_A_n45_k6,44,8,0.000000,19345,11262.904698,1379.724648,11262.904698,0.000000,,,0,1,,,,,0.208538,
tabu,augerat_A_n45_k6,44,8,0.000000,1788206971104729324,11262.904698,1379.724648,11262.904698,0.000000,,,0,1,,,,,0.214511,
tabu,augerat_A_n54_k7,53,8,0.000000,1788206872256351879,12293.936395,3420.607821,12293.936395,0.000000,,,0,1,,,,,0.325225,
tabu,augerat_A_n54_k7,53,8,0.000000,1,12293.936395,3420.607821,12293.936395,0.000000,,,0,1,,,,,0.321990,
tabu,augerat_A_n54_k7,53,8,0.000000,10,12293.936395,3420.607821,12293.936395,0.000000,,,0,1,,,,,0.323695,
tabu,hfvrp_n200_m40_s04,200,40,0.000000,75,15786.191206,51013.623089,15786.191206,0.000000,,,0,1,,,,,20.128056,
tabu,hfvrp_n200_m40_s01,200,40,0.000000,9999,14280.064543,46684.037611,14280.064543,0.000000,,,0,1,,,,,18.401764,
tabu,hfvrp_n200_m40_s02,200,40,0.000000,200,15043.673042,47544.629222,15043.673042,0.000000,,,0,1,,,,,19.437398,
tabu,augerat_A_n54_k7,53,8,0.000000,50,12293.936395,3420.607821,12293.936395,0.000000,,,0,1,,,,,0.323236,
tabu,hfvrp_n200_m40_s03,200,40,0.000000,100,14176.539185,55323.162930,14176.539185,0.000000,,,0,1,,,,,19.235815,
tabu,augerat_A_n54_k7,53,8,0.000000,75,12293.936395,3420.607821,12293.936395,0.000000,,,0,1,,,,,0.320171,
tabu,augerat_A_n54_k7,53,8,0.000000,100,12293.936395,3420.607821,12293.936395,0.000000,,,0,1,,,,,0.326336,
tabu,hfvrp_n200_m40_s05,200,40,0.000000,75,15185.806309,47097.026963,15185.806309,0.000000,,,0,1,,,,,18.648974,
tabu,augerat_A_n54_k7,53,8,0.000000,200,12293.936395,3420.607821,12293.936395,0.000000,,,0,1,,,,,0.321193,
tabu,augerat_A_n54_k7,53,8,0.000000,999,12293.936395,3420.607821,12293.936395,0.000000,,,0,1,,,,,0.319521,
tabu,augerat_A_n54_k7,53,8,0.000000,1234,12293.936395,3420.607821,12293.936395,0.000000,,,0,1,,,,,0.321266,
tabu,augerat_A_n54_k7,53,8,0.000000,9999,12293.936395,3420.607821,12293.936395,0.000000,,,0,1,,,,,0.319736,
tabu,augerat_A_n54_k7,53,8,0.000000,19345,12293.936395,3420.607821,12293.936395,0.000000,,,0,1,,,,,0.317101,
tabu,hfvrp_n200_m40_s01,200,40,0.000000,19345,14280.064543,46684.037611,14280.064543,0.000000,,,0,1,,,,,18.555198,
tabu,augerat_A_n54_k7,53,8,0.000000,1788208083934974471,12293.936395,3420.607821,12293.936395,0.000000,,,0,1,,,,,0.321381,
tabu,hfvrp_n200_m40_s04,200,40,0.000000,100,15786.191206,51013.623089,15786.191206,0.000000,,,0,1,,,,,20.363571,
tabu,hfvrp_n200_m40_s02,200,40,0.000000,999,15043.673042,47544.629222,15043.673042,0.000000,,,0,1,,,,,19.475373,
tabu,hfvrp_n200_m40_s03,200,40,0.000000,200,14176.539185,55323.162930,14176.539185,0.000000,,,0,1,,,,,19.280773,
tabu,augerat_A_n60_k9,59,10,0.000000,1788208288579500136,14985.218740,3213.771632,14985.218740,0.000000,,,0,1,,,,,0.464549,
tabu,augerat_A_n60_k9,59,10,0.000000,1,14985.218740,3213.771632,14985.218740,0.000000,,,0,1,,,,,0.462170,
tabu,hfvrp_n200_m40_s05,200,40,0.000000,100,15185.806309,47097.026963,15185.806309,0.000000,,,0,1,,,,,18.458680,
tabu,augerat_A_n60_k9,59,10,0.000000,10,14985.218740,3213.771632,14985.218740,0.000000,,,0,1,,,,,0.463189,
tabu,augerat_A_n60_k9,59,10,0.000000,50,14985.218740,3213.771632,14985.218740,0.000000,,,0,1,,,,,0.463351,
tabu,augerat_A_n60_k9,59,10,0.000000,75,14985.218740,3213.771632,14985.218740,0.000000,,,0,1,,,,,0.459414,
tabu,augerat_A_n60_k9,59,10,0.000000,100,14985.218740,3213.771632,14985.218740,0.000000,,,0,1,,,,,0.466508,
tabu,augerat_A_n60_k9,59,10,0.000000,200,14985.218740,3213.771632,14985.218740,0.000000,,,0,1,,,,,0.463058,
tabu,hfvrp_n200_m40_s01,200,40,0.000000,1788206149370242767,14280.064543,46684.037611,14280.064543,0.000000,,,0,1,,,,,18.322508,
tabu,hfvrp_n200_m40_s04,200,40,0.000000,200,15786.191206,51013.623089,15786.191206,0.000000,,,0,1,,,,,20.122125,
tabu,hfvrp_n200_m40_s02,200,40,0.000000,1234,15043.673042,47544.629222,15043.673042,0.000000,,,0,1,,,,,19.354794,
tabu,hfvrp_n200_m40_s03,200,40,0.000000,999,14176.539185,55323.162930,14176.539185,0.000000,,,0,1,,,,,19.184628,
tabu,augerat_A_n60_k9,59,10,0.000000,999,14985.218740,3213.771632,14985.218740,0.000000,,,0,1,,,,,0.466934,
tabu,augerat_A_n60_k9,59,10,0.000000,1234,14985.218740,3213.771632,14985.218740,0.000000,,,0,1,,,,,0.461659,
tabu,hfvrp_n200_m40_s05,200,40,0.000000,200,15185.806309,47097.026963,15185.806309,0.000000,,,0,1,,,,,18.718295,
tabu,augerat_A_n60_k9,59,10,0.000000,9999,14985.218740,3213.771632,14985.218740,0.000000,,,0,1,,,,,0.463445,
tabu,augerat_A_n60_k9,59,10,0.000000,19345,14985.218740,3213.771632,14985.218740,0.000000,,,0,1,,,,,0.463086,
tabu,augerat_A_n60_k9,59,10,0.000000,1788206392754208332,14985.218740,3213.771632,14985.218740,0.000000,,,0,1,,,,,0.467388,
tabu,augerat_A_n80_k10,79,11,0.000000,1788206977565627454,17017.187212,5811.577091,17017.187212,0.000000,,,0,1,,,,,1.039872,
tabu,pyvrp_X101_FSMFD,100,26,0.000000,1788207051126232835,3667525.034676,39932.793195,3667525.034676,0.000000,,,0,1,,,,,3.509739,
tabu,hfvrp_n200_m40_s04,200,40,0.000000,999,15786.191206,51013.623089,15786.191206,0.000000,,,0,1,,,,,20.017149,
tabu,augerat_A_n80_k10,79,11,0.000000,1,17017.187212,5811.577091,17017.187212,0.000000,,,0,1,,,,,1.037341,
tabu,hfvrp_n200_m40_s02,200,40,0.000000,9999,15043.673042,47544.629222,15043.673042,0.000000,,,0,1,,,,,19.263899,
tabu,hfvrp_n200_m40_s03,200,40,0.000000,1234,14176.539185,55323.162930,14176.539185,0.000000,,,0,1,,,,,19.015324,
tabu,pyvrp_X101_FSMFD,100,26,0.000000,1,3667525.034676,39932.793195,3667525.034676,0.000000,,,0,1,,,,,3.516887,
tabu,augerat_A_n80_k10,79,11,0.000000,10,17017.187212,5811.577091,17017.187212,0.000000,,,0,1,,,,,1.036159,
tabu,hfvrp_n200_m40_s05,200,40,0.000000,999,15185.806309,47097.026963,15185.806309,0.000000,,,0,1,,,,,18.728853,
tabu,augerat_A_n80_k10,79,11,0.000000,50,17017.187212,5811.577091,17017.187212,0.000000,,,0,1,,,,,1.036753,
tabu,pyvrp_X101_FSMFD,100,26,0.000000,10,3667525.034676,39932.793195,3667525.034676,0.000000,,,0,1,,,,,3.535562,
tabu,augerat_A_n80_k10,79,11,0.000000,75,17017.187212,5811.577091,17017.187212,0.000000,,,0,1,,,,,1.062152,
tabu,pyvrp_X101_FSMFD,100,26,0.000000,50,3667525.034676,39932.793195,3667525.034676,0.000000,,,0,1,,,,,3.504915,
tabu,augerat_A_n80_k10,79,11,0.000000,100,17017.187212,5811.577091,17017.187212,0.000000,,,0,1,,,,,1.038308,
tabu,hfvrp_n200_m40_s04,200,40,0.000000,1234,15786.191206,51013.623089,15786.191206,0.000000,,,0,1,,,,,20.296426,
tabu,augerat_A_n80_k10,79,11,0.000000,200,17017.187212,5811.577091,17017.187212,0.000000,,,0,1,,,,,1.039945,
tabu,hfvrp_n200_m40_s02,200,40,0.000000,19345,15043.673042,47544.629222,15043.673042,0.000000,,,0,1,,,,,19.390016,
tabu,pyvrp_X101_FSMFD,100,26,0.000000,75,3667525.034676,39932.793195,3667525.034676,0.000000,,,0,1,,,,,3.500780,
tabu,hfvrp_n200_m40_s03,200,40,0.000000,9999,14176.539185,55323.162930,14176.539185,0.000000,,,0,1,,,,,19.145272,
tabu,augerat_A_n80_k10,79,11,0.000000,999,17017.187212,5811.577091,17017.187212,0.000000,,,0,1,,,,,1.043202,
tabu,hfvrp_n200_m40_s05,200,40,0.000000,1234,15185.806309,47097.026963,15185.806309,0.000000,,,0,1,,,,,18.752974,
tabu,pyvrp_X101_FSMFD,100,26,0.000000,100,3667525.034676,39932.793195,3667525.034676,0.000000,,,0,1,,,,,3.514431,
tabu,augerat_A_n80_k10,79,11,0.000000,1234,17017.187212,5811.577091,17017.187212,0.000000,,,0,1,,,,,1.035068,
tabu,augerat_A_n80_k10,79,11,0.000000,9999,17017.187212,5811.577091,17017.187212,0.000000,,,0,1,,,,,1.052656,
tabu,pyvrp_X101_FSMFD,100,26,0.000000,200,3667525.034676,39932.793195,3667525.034676,0.000000,,,0,1,,,,,3.501248,
tabu,augerat_A_n80_k10,79,11,0.000000,19345,17017.187212,5811.577091,17017.187212,0.000000,,,0,1,,,,,1.037807,
tabu,pyvrp_X101_FSMFD,100,26,0.000000,999,3667525.034676,39932.793195,3667525.034676,0.000000,,,0,1,,,,,3.564579,
tabu,hfvrp_n200_m40_s04,200,40,0.000000,9999,15786.191206,51013.623089,15786.191206,0.000000,,,0,1,,,,,20.039545,
tabu,augerat_A_n80_k10,79,11,0.000000,1788210477836380329,17017.187212,5811.577091,17017.187212,0.000000,,,0,1,,,,,1.042374,
tabu,hfvrp_n200_m40_s02,200,40,0.000000,1788210408077729949,15043.673042,47544.629222,15043.673042,0.000000,,,0,1,,,,,19.636310,
tabu,hfvrp_n200_m40_s03,200,40,0.000000,19345,14176.539185,55323.162930,14176.539185,0.000000,,,0,1,,,,,19.265760,
tabu,pyvrp_X106_FSMD,105,16,0.000000,1788208961746388317,3714937.400323,64771.103303,3714937.400323,0.000000,,,0,1,,,,,2.573544,
tabu,pyvrp_X101_FSMFD,100,26,0.000000,1234,3667525.034676,39932.793195,3667525.034676,0.000000,,,0,1,,,,,3.543484,
tabu,hfvrp_n200_m40_s05,200,40,0.000000,9999,15185.806309,47097.026963,15185.806309,0.000000,,,0,1,,,,,18.717835,
tabu,pyvrp_X106_FSMD,105,16,0.000000,1,3714937.400323,64771.103303,3714937.400323,0.000000,,,0,1,,,,,2.527477,
tabu,pyvrp_X101_FSMFD,100,26,0.000000,9999,3667525.034676,39932.793195,3667525.034676,0.000000,,,0,1,,,,,3.545360,
tabu,pyvrp_X106_FSMD,105,16,0.000000,10,3714937.400323,64771.103303,3714937.400323,0.000000,,,0,1,,,,,2.546145,
tabu,pyvrp_X101_FSMFD,100,26,0.000000,19345,3667525.034676,39932.793195,3667525.034676,0.000000,,,0,1,,,,,3.508122,
tabu,pyvrp_X110_HD,109,13,0.000000,1788209392109966819,1896836.737136,36526.571081,1896836.737136,0.000000,,,0,1,,,,,2.505380,
tabu,hfvrp_n200_m40_s04,200,40,0.000000,19345,15786.191206,51013.623089,15786.191206,0.000000,,,0,1,,,,,20.048716,
tabu,pyvrp_X106_FSMD,105,16,0.000000,50,3714937.400323,64771.103303,3714937.400323,0.000000,,,0,1,,,,,2.538107,
tabu,hfvrp_n200_m40_s03,200,40,0.000000,1788209364819606405,14176.539185,55323.162930,14176.539185,0.000000,,,0,1,,,,,19.034875,
tabu,pyvrp_X101_FSMFD,100,26,0.000000,1788209183731028127,3667525.034676,39932.793195,3667525.034676,0.000000,,,0,1,,,,,3.498196,
tabu,pyvrp_X110_HD,109,13,0.000000,1,1896836.737136,36526.571081,1896836.737136,0.000000,,,0,1,,,,,2.499867,
tabu,hfvrp_n200_m40_s05,200,40,0.000000,19345,15185.806309,47097.026963,15185.806309,0.000000,,,0,1,,,,,18.622747,
tabu,pyvrp_X106_FSMD,105,16,0.000000,75,3714937.400323,64771.103303,3714937.400323,0.000000,,,0,1,,,,,2.542553,
tabu,pyvrp_X115_HVRP,114,18,0.000000,1788208473970233541,2070554.157087,53847.454603,2070554.157087,0.000000,,,0,0,,,,,2.516535,
tabu,pyvrp_X110_HD,109,13,0.000000,10,1896836.737136,36526.571081,1896836.737136,0.000000,,,0,1,,,,,2.491090,
tabu,pyvrp_X106_FSMD,105,16,0.000000,100,3714937.400323,64771.103303,3714937.400323,0.000000,,,0,1,,,,,2.589175,
tabu,pyvrp_X115_HVRP,114,18,0.000000,1,2070554.157087,53847.454603,2070554.157087,0.000000,,,0,0,,,,,2.533717,
tabu,pyvrp_X110_HD,109,13,0.000000,50,1896836.737136,36526.571081,1896836.737136,0.000000,,,0,1,,,,,2.525933,
tabu,pyvrp_X106_FSMD,105,16,0.000000,200,3714937.400323,64771.103303,3714937.400323,0.000000,,,0,1,,,,,2.549558,
tabu,pyvrp_X120_FSMF,119,12,0.000000,1788208423929779528,3185726.636271,93316.873806,3185726.636271,0.000000,,,0,1,,,,,1.832786,
tabu,hfvrp_n200_m40_s04,200,40,0.000000,1788208852900365711,15786.191206,51013.623089,15786.191206,0.000000,,,0,1,,,,,20.191072,
tabu,pyvrp_X115_HVRP,114,18,0.000000,10,2070554.157087,53847.454603,2070554.157087,0.000000,,,0,0,,,,,2.532283,
tabu,pyvrp_X110_HD,109,13,0.000000,75,1896836.737136,36526.571081,1896836.737136,0.000000,,,0,1,,,,,2.556065,
tabu,pyvrp_X106_FSMD,105,16,0.000000,999,3714937.400323,64771.103303,3714937.400323,0.000000,,,0,1,,,,,2.540614,
tabu,pyvrp_X120_FSMF,119,12,0.000000,1,3185726.636271,93316.873806,3185726.636271,0.000000,,,0,1,,,,,1.862438,
tabu,hfvrp_n200_m40_s05,200,40,0.000000,1788208598158952534,15185.806309,47097.026963,15185.806309,0.000000,,,0,1,,,,,18.888997,
tabu,pyvrp_X115_HVRP,114,18,0.000000,50,2070554.157087,53847.454603,2070554.157087,0.000000,,,0,0,,,,,2.513173,
tabu,pyvrp_X110_HD,109,13,0.000000,100,1896836.737136,36526.571081,1896836.737136,0.000000,,,0,1,,,,,2.501699,
tabu,pyvrp_X106_FSMD,105,16,0.000000,1234,3714937.400323,64771.103303,3714937.400323,0.000000,,,0,1,,,,,2.550904,
tabu,pyvrp_X120_FSMF,119,12,0.000000,10,3185726.636271,93316.873806,3185726.636271,0.000000,,,0,1,,,,,1.834903,
tabu,pyvrp_X115_HVRP,114,18,0.000000,75,2070554.157087,53847.454603,2070554.157087,0.000000,,,0,0,,,,,2.515528,
tabu,pyvrp_X106_FSMD,105,16,0.000000,9999,3714937.400323,64771.103303,3714937.400323,0.000000,,,0,1,,,,,2.551754,
tabu,pyvrp_X110_HD,109,13,0.000000,200,1896836.737136,36526.571081,1896836.737136,0.000000,,,0,1,,,,,2.531914,
tabu,pyvrp_X120_FSMF,119,12,0.000000,50,3185726.636271,93316.873806,3185726.636271,0.000000,,,0,1,,,,,1.873262,
tabu,pyvrp_X106_FSMD,105,16,0.000000,19345,3714937.400323,64771.103303,3714937.400323,0.000000,,,0,1,,,,,2.524964,
tabu,pyvrp_X110_HD,109,13,0.000000,999,1896836.737136,36526.571081,1896836.737136,0.000000,,,0,1,,,,,2.497684,
tabu,pyvrp_X115_HVRP,114,18,0.000000,100,2070554.157087,53847.454603,2070554.157087,0.000000,,,0,0,,,,,2.490411,
tabu,pyvrp_X120_FSMF,119,12,0.000000,75,3185726.636271,93316.873806,3185726.636271,0.000000,,,0,1,,,,,1.817386,
tabu,pyvrp_X106_FSMD,105,16,0.000000,1788177019914062160,3714937.400323,64771.103303,3714937.400323,0.000000,,,0,1,,,,,2.526105,
tabu,pyvrp_X110_HD,109,13,0.000000,1234,1896836.737136,36526.571081,1896836.737136,0.000000,,,0,1,,,,,2.504570,
tabu,pyvrp_X115_HVRP,114,18,0.000000,200,2070554.157087,53847.454603,2070554.157087,0.000000,,,0,0,,,,,2.484398,
tabu,pyvrp_X120_FSMF,119,12,0.000000,100,3185726.636271,93316.873806,3185726.636271,0.000000,,,0,1,,,,,1.811669,
tabu,pyvrp_X110_HD,109,13,0.000000,9999,1896836.737136,36526.571081,1896836.737136,0.000000,,,0,1,,,,,2.420434,
tabu,pyvrp_X115_HVRP,114,18,0.000000,999,2070554.157087,53847.454603,2070554.157087,0.000000,,,0,0,,,,,2.412563,
tabu,pyvrp_X120_FSMF,119,12,0.000000,200,3185726.636271,93316.873806,3185726.636271,0.000000,,,0,1,,,,,1.766498,
tabu,pyvrp_X110_HD,109,13,0.000000,19345,1896836.737136,36526.571081,1896836.737136,0.000000,,,0,1,,,,,2.426011,
tabu,pyvrp_X115_HVRP,114,18,0.000000,1234,2070554.157087,53847.454603,2070554.157087,0.000000,,,0,0,,,,,2.443590,
tabu,pyvrp_X120_FSMF,119,12,0.000000,999,3185726.636271,93316.873806,3185726.636271,0.000000,,,0,1,,,,,1.760107,
tabu,pyvrp_X110_HD,109,13,0.000000,1788178335446680877,1896836.737136,36526.571081,1896836.737136,0.000000,,,0,1,,,,,2.431618,
tabu,pyvrp_X115_HVRP,114,18,0.000000,9999,2070554.157087,53847.454603,2070554.157087,0.000000,,,0,0,,,,,2.417011,
tabu,pyvrp_X120_FSMF,119,12,0.000000,1234,3185726.636271,93316.873806,3185726.636271,0.000000,,,0,1,,,,,1.805545,
tabu,pyvrp_X120_FSMF,119,12,0.000000,9999,3185726.636271,93316.873806,3185726.636271,0.000000,,,0,1,,,,,1.761831,
tabu,pyvrp_X115_HVRP,114,18,0.000000,19345,2070554.157087,53847.454603,2070554.157087,0.000000,,,0,0,,,,,2.411930,
tabu,pyvrp_X120_FSMF,119,12,0.000000,19345,3185726.636271,93316.873806,3185726.636271,0.000000,,,0,1,,,,,1.771542,
tabu,pyvrp_X115_HVRP,114,18,0.000000,1788178589150858423,2070554.157087,53847.454603,2070554.157087,0.000000,,,0,0,,,,,2.415436,
tabu,pyvrp_X120_FSMF,119,12,0.000000,1788178459076820454,3185726.636271,93316.873806,3185726.636271,0.000000,,,0,1,,,,,1.770492,
ga,ex1_1v_feasible,2,1,0.000000,1788071766267897388,84.142136,120.710678,84.142136,0.000000,,,0,1,,,,,0.015374,DEFAULT
ga,ex2_1v_infeasible,2,1,0.000000,1788071753384306176,70.000000,0.000000,70.000000,0.000000,,,0,0,,,,,0.015222,DEFAULT
ga,ex3_3v_all_feasible,3,3,0.000000,1788071770563363973,162.000000,20.000000,162.000000,0.000000,,,0,1,,,,,0.019858,DEFAULT
ga,ex1_1v_feasible,2,1,0.000000,1788071792056438546,84.142136,50.000000,84.142136,0.000000,,,0,1,,,,,0.001667,SMALL
ga,hfvrp_n001_m03_s01,1,3,0.000000,1788071787751347647,87.334995,168.337487,87.334995,0.000000,,,0,1,,,,,0.012494,DEFAULT
ga,ex2_1v_infeasible,2,1,0.000000,1788071796352498731,70.000000,0.000000,70.000000,0.000000,,,0,0,,,,,0.001639,SMALL
ga,hfvrp_n001_m03_s01,1,3,0.000000,1788071843601846363,87.334995,168.337487,87.334995,0.000000,,,0,1,,,,,0.001348,SMALL
ga,ex3_3v_all_feasible,3,3,0.000000,1788071835011194339,162.000000,20.000000,162.000000,0.000000,,,0,1,,,,,0.002146,SMALL
ga,ex5_3v_one_used_feasible,3,3,0.000000,1788071783454591591,107.597980,120.710678,107.597980,0.000000,,,0,1,,,,,0.019219,DEFAULT
ga,ex4_3v_infeasible,4,3,0.000000,1788071800631330699,141.798990,10.000000,141.798990,0.000000,,,0,0,,,,,0.023361,DEFAULT
ga,ex5_3v_one_used_feasible,3,3,0.000000,1788071817836867002,107.597980,120.710678,107.597980,0.000000,,,0,1,,,,,0.002085,SMALL
ga,ex4_3v_infeasible,4,3,0.000000,1788071830722788699,141.798990,0.000000,141.798990,0.000000,,,0,0,,,,,0.002529,SMALL
ga,hfvrp_n001_m03_s01,1,3,0.000000,1788071822131953690,87.334995,168.337487,87.334995,0.000000,,,0,1,,,,,0.242698,MEDIUM
ga,ex2_1v_infeasible,2,1,0.000000,1788071847897140338,70.000000,0.000000,70.000000,0.000000,,,0,0,,,,,0.301729,MEDIUM
ga,ex1_1v_feasible,2,1,0.000000,1788071839306198873,84.142136,120.710678,84.142136,0.000000,,,0,1,,,,,0.306516,MEDIUM
ga,ex5_3v_one_used_feasible,3,3,0.000000,1788071594503999094,107.597980,120.710678,107.597980,0.000000,,,0,1,,,,,0.383519,MEDIUM
ga,ex3_3v_all_feasible,3,3,0.000000,1788071826427064516,162.000000,20.000000,162.000000,0.000000,,,0,1,,,,,0.395348,MEDIUM
ga,ex4_3v_infeasible,4,3,0.000000,1788071598800402325,141.798990,0.000000,141.798990,0.000000,,,0,0,,,,,0.458023,MEDIUM
ga,hfvrp_n001_m03_s01,1,3,0.000000,1788071603335258673,87.334995,168.337487,87.334995,0.000000,,,0,1,,,,,0.728323,BIG
ga,hfvrp_n001_m03_s01,1,3,0.000000,1,87.334995,168.337487,87.334995,0.000000,,,0,1,,,,,0.012509,DEFAULT
ga,hfvrp_n001_m03_s01,1,3,0.000000,1,87.334995,168.337487,87.334995,0.000000,,,0,1,,,,,0.001331,SMALL
ga,ex2_1v_infeasible,2,1,0.000000,1788071607684946489,70.000000,0.000000,70.000000,0.000000,,,0,0,,,,,0.899039,BIG
ga,ex1_1v_feasible,2,1,0.000000,1788071577623748270,84.142136,50.000000,84.142136,0.000000,,,0,1,,,,,0.905464,BIG
ga,ex2_1v_infeasible,2,1,0.000000,1,70.000000,0.000000,70.000000,0.000000,,,0,0,,,,,0.015157,DEFAULT
ga,ex2_1v_infeasible,2,1,0.000000,1,70.000000,0.000000,70.000000,0.000000,,,0,0,,,,,0.001629,SMALL
ga,ex1_1v_feasible,2,1,0.000000,1,84.142136,50.000000,84.142136,0.000000,,,0,1,,,,,0.017830,DEFAULT
ga,ex1_1v_feasible,2,1,0.000000,1,84.142136,50.000000,84.142136,0.000000,,,0,1,,,,,0.001660,SMALL
ga,hfvrp_n001_m03_s01,1,3,0.000000,1,87.334995,168.337487,87.334995,0.000000,,,0,1,,,,,0.243242,MEDIUM
ga,ex5_3v_one_used_feasible,3,3,0.000000,1788071582006528048,107.597980,120.710678,107.597980,0.000000,,,0,1,,,,,1.147510,BIG
ga,ex2_1v_infeasible,2,1,0.000000,1,70.000000,0.000000,70.000000,0.000000,,,0,0,,,,,0.298135,MEDIUM
ga,ex1_1v_feasible,2,1,0.000000,1,84.142136,50.000000,84.142136,0.000000,,,0,1,,,,,0.302574,MEDIUM
ga,ex5_3v_one_used_feasible,3,3,0.000000,1,107.597980,120.710678,107.597980,0.000000,,,0,1,,,,,0.021243,DEFAULT
ga,ex3_3v_all_feasible,3,3,0.000000,1788071586308259967,162.000000,20.000000,162.000000,0.000000,,,0,1,,,,,1.186376,BIG
ga,ex5_3v_one_used_feasible,3,3,0.000000,1,107.597980,120.710678,107.597980,0.000000,,,0,1,,,,,0.004777,SMALL
ga,ex3_3v_all_feasible,3,3,0.000000,1,162.000000,20.000000,162.000000,0.000000,,,0,1,,,,,0.019932,DEFAULT
ga,ex3_3v_all_feasible,3,3,0.000000,1,162.000000,20.000000,162.000000,0.000000,,,0,1,,,,,0.006246,SMALL
ga,ex4_3v_infeasible,4,3,0.000000,1788071590672505601,141.798990,0.000000,141.798990,0.000000,,,0,0,,,,,1.379555,BIG
ga,ex4_3v_infeasible,4,3,0.000000,1,141.798990,0.000000,141.798990,0.000000,,,0,0,,,,,0.026701,DEFAULT
ga,ex4_3v_infeasible,4,3,0.000000,1,141.798990,0.000000,141.798990,0.000000,,,0,0,,,,,0.007025,SMALL
ga,ex5_3v_one_used_feasible,3,3,0.000000,1,107.597980,120.710678,107.597980,0.000000,,,0,1,,,,,0.383479,MEDIUM
ga,hfvrp_n001_m03_s01,1,3,0.000000,1,87.334995,168.337487,87.334995,0.000000,,,0,1,,,,,0.730974,BIG
ga,hfvrp_n001_m03_s01,1,3,0.000000,10,87.334995,168.337487,87.334995,0.000000,,,0,1,,,,,0.012510,DEFAULT
ga,hfvrp_n001_m03_s01,1,3,0.000000,10,87.334995,168.337487,87.334995,0.000000,,,0,1,,,,,0.001853,SMALL
ga,ex3_3v_all_feasible,3,3,0.000000,1,162.000000,20.000000,162.000000,0.000000,,,0,1,,,,,0.397811,MEDIUM
ga,hfvrp_n001_m03_s01,1,3,0.000000,10,87.334995,168.337487,87.334995,0.000000,,,0,1,,,,,0.242619,MEDIUM
ga,ex4_3v_infeasible,4,3,0.000000,1,141.798990,0.000000,141.798990,0.000000,,,0,0,,,,,0.456469,MEDIUM
ga,ex2_1v_infeasible,2,1,0.000000,1,70.000000,0.000000,70.000000,0.000000,,,0,0,,,,,0.914321,BIG
ga,ex1_1v_feasible,2,1,0.000000,1,84.142136,50.000000,84.142136,0.000000,,,0,1,,,,,0.922572,BIG
ga,ex2_1v_infeasible,2,1,0.000000,10,70.000000,0.000000,70.000000,0.000000,,,0,0,,,,,0.019195,DEFAULT
ga,ex2_1v_infeasible,2,1,0.000000,10,70.000000,0.000000,70.000000,0.000000,,,0,0,,,,,0.001604,SMALL
ga,ex1_1v_feasible,2,1,0.000000,10,84.142136,50.000000,84.142136,0.000000,,,0,1,,,,,0.017797,DEFAULT
ga,ex1_1v_feasible,2,1,0.000000,10,84.142136,50.000000,84.142136,0.000000,,,0,1,,,,,0.001527,SMALL
ga,ex2_1v_infeasible,2,1,0.000000,10,70.000000,0.000000,70.000000,0.000000,,,0,0,,,,,0.295685,MEDIUM
ga,ex1_1v_feasible,2,1,0.000000,10,84.142136,50.000000,84.142136,0.000000,,,0,1,,,,,0.304466,MEDIUM
ga,hfvrp_n001_m03_s01,1,3,0.000000,10,87.334995,168.337487,87.334995,0.000000,,,0,1,,,,,0.733273,BIG
ga,hfvrp_n001_m03_s01,1,3,0.000000,50,87.334995,168.337487,87.334995,0.000000,,,0,1,,,,,0.015906,DEFAULT
ga,hfvrp_n001_m03_s01,1,3,0.000000,50,87.334995,168.337487,87.334995,0.000000,,,0,1,,,,,0.003335,SMALL
ga,ex5_3v_one_used_feasible,3,3,0.000000,1,107.597980,120.710678,107.597980,0.000000,,,0,1,,,,,1.157070,BIG
ga,ex5_3v_one_used_feasible,3,3,0.000000,10,107.597980,120.710678,107.597980,0.000000,,,0,1,,,,,0.022514,DEFAULT
ga,ex5_3v_one_used_feasible,3,3,0.000000,10,107.597980,120.710678,107.597980,0.000000,,,0,1,,,,,0.003929,SMALL
ga,ex3_3v_all_feasible,3,3,0.000000,1,162.000000,20.000000,162.000000,0.000000,,,0,1,,,,,1.187142,BIG
ga,ex3_3v_all_feasible,3,3,0.000000,10,162.000000,20.000000,162.000000,0.000000,,,0,1,,,,,0.021819,DEFAULT
ga,ex3_3v_all_feasible,3,3,0.000000,10,162.000000,20.000000,162.000000,0.000000,,,0,1,,,,,0.002150,SMALL
ga,hfvrp_n001_m03_s01,1,3,0.000000,50,87.334995,168.337487,87.334995,0.000000,,,0,1,,,,,0.244636,MEDIUM
ga,ex5_3v_one_used_feasible,3,3,0.000000,10,107.597980,120.710678,107.597980,0.000000,,,0,1,,,,,0.383064,MEDIUM
ga,ex3_3v_all_feasible,3,3,0.000000,10,162.000000,20.000000,162.000000,0.000000,,,0,1,,,,,0.385577,MEDIUM
ga,ex2_1v_infeasible,2,1,0.000000,10,70.000000,0.000000,70.000000,0.000000,,,0,0,,,,,0.905134,BIG
ga,ex4_3v_infeasible,4,3,0.000000,1,141.798990,0.000000,141.798990,0.000000,,,0,0,,,,,1.368247,BIG
ga,ex2_1v_infeasible,2,1,0.000000,50,70.000000,0.000000,70.000000,0.000000,,,0,0,,,,,0.018723,DEFAULT
ga,ex1_1v_feasible,2,1,0.000000,10,84.142136,50.000000,84.142136,0.000000,,,0,1,,,,,0.918620,BIG
ga,ex2_1v_infeasible,2,1,0.000000,50,70.000000,0.000000,70.000000,0.000000,,,0,0,,,,,0.001622,SMALL
ga,ex4_3v_infeasible,4,3,0.000000,10,141.798990,10.000000,141.798990,0.000000,,,0,0,,,,,0.025806,DEFAULT
ga,ex1_1v_feasible,2,1,0.000000,50,84.142136,50.000000,84.142136,0.000000,,,0,1,,,,,0.018107,DEFAULT
ga,ex4_3v_infeasible,4,3,0.000000,10,141.798990,10.000000,141.798990,0.000000,,,0,0,,,,,0.003468,SMALL
ga,ex1_1v_feasible,2,1,0.000000,50,84.142136,50.000000,84.142136,0.000000,,,0,1,,,,,0.001655,SMALL
ga,hfvrp_n001_m03_s01,1,3,0.000000,50,87.334995,168.337487,87.334995,0.000000,,,0,1,,,,,0.728328,BIG
ga,ex2_1v_infeasible,2,1,0.000000,50,70.000000,0.000000,70.000000,0.000000,,,0,0,,,,,0.300065,MEDIUM
ga,hfvrp_n001_m03_s01,1,3,0.000000,75,87.334995,168.337487,87.334995,0.000000,,,0,1,,,,,0.016532,DEFAULT
ga,hfvrp_n001_m03_s01,1,3,0.000000,75,87.334995,168.337487,87.334995,0.000000,,,0,1,,,,,0.001342,SMALL
ga,ex1_1v_feasible,2,1,0.000000,50,84.142136,50.000000,84.142136,0.000000,,,0,1,,,,,0.301676,MEDIUM
ga,ex4_3v_infeasible,4,3,0.000000,10,141.798990,10.000000,141.798990,0.000000,,,0,0,,,,,0.453149,MEDIUM
ga,hfvrp_n001_m03_s01,1,3,0.000000,75,87.334995,168.337487,87.334995,0.000000,,,0,1,,,,,0.242214,MEDIUM
ga,ex5_3v_one_used_feasible,3,3,0.000000,10,107.597980,120.710678,107.597980,0.000000,,,0,1,,,,,1.163771,BIG
ga,ex5_3v_one_used_feasible,3,3,0.000000,50,107.597980,120.710678,107.597980,0.000000,,,0,1,,,,,0.020265,DEFAULT
ga,ex5_3v_one_used_feasible,3,3,0.000000,50,107.597980,120.710678,107.597980,0.000000,,,0,1,,,,,0.001942,SMALL
ga,ex3_3v_all_feasible,3,3,0.000000,10,162.000000,20.000000,162.000000,0.000000,,,0,1,,,,,1.189525,BIG
ga,ex3_3v_all_feasible,3,3,0.000000,50,162.000000,20.000000,162.000000,0.000000,,,0,1,,,,,0.020309,DEFAULT
ga,ex3_3v_all_feasible,3,3,0.000000,50,162.000000,20.000000,162.000000,0.000000,,,0,1,,,,,0.002098,SMALL
ga,ex2_1v_infeasible,2,1,0.000000,50,70.000000,0.000000,70.000000,0.000000,,,0,0,,,,,0.898869,BIG
ga,ex2_1v_infeasible,2,1,0.000000,75,70.000000,0.000000,70.000000,0.000000,,,0,0,,,,,0.014890,DEFAULT
ga,ex2_1v_infeasible,2,1,0.000000,75,70.000000,0.000000,70.000000,0.000000,,,0,0,,,,,0.003975,SMALL
ga,ex1_1v_feasible,2,1,0.000000,50,84.142136,50.000000,84.142136,0.000000,,,0,1,,,,,0.908579,BIG
ga,ex1_1v_feasible,2,1,0.000000,75,84.142136,50.000000,84.142136,0.000000,,,0,1,,,,,0.016471,DEFAULT
ga,ex1_1v_feasible,2,1,0.000000,75,84.142136,50.000000,84.142136,0.000000,,,0,1,,,,,0.001547,SMALL
ga,hfvrp_n001_m03_s01,1,3,0.000000,75,87.334995,168.337487,87.334995,0.000000,,,0,1,,,,,0.734652,BIG
ga,hfvrp_n001_m03_s01,1,3,0.000000,100,87.334995,168.337487,87.334995,0.000000,,,0,1,,,,,0.012520,DEFAULT
ga,hfvrp_n001_m03_s01,1,3,0.000000,100,87.334995,168.337487,87.334995,0.000000,,,0,1,,,,,0.004206,SMALL
ga,ex5_3v_one_used_feasible,3,3,0.000000,50,107.597980,120.710678,107.597980,0.000000,,,0,1,,,,,0.392931,MEDIUM
ga,ex3_3v_all_feasible,3,3,0.000000,50,162.000000,20.000000,162.000000,0.000000,,,0,1,,,,,0.404130,MEDIUM
ga,ex2_1v_infeasible,2,1,0.000000,75,70.000000,0.000000,70.000000,0.000000,,,0,0,,,,,0.310672,MEDIUM
ga,hfvrp_n001_m03_s01,1,3,0.000000,100,87.334995,168.337487,87.334995,0.000000,,,0,1,,,,,0.251132,MEDIUM
ga,ex1_1v_feasible,2,1,0.000000,75,84.142136,50.000000,84.142136,0.000000,,,0,1,,,,,0.314111,MEDIUM
ga,ex4_3v_infeasible,4,3,0.000000,10,141.798990,10.000000,141.798990,0.000000,,,0,0,,,,,1.388446,BIG
ga,ex4_3v_infeasible,4,3,0.000000,50,141.798990,10.000000,141.798990,0.000000,,,0,0,,,,,0.022690,DEFAULT
ga,ex4_3v_infeasible,4,3,0.000000,50,141.798990,10.000000,141.798990,0.000000,,,0,0,,,,,0.002275,SMALL
ga,hfvrp_n001_m03_s01,1,3,0.000000,100,87.334995,168.337487,87.334995,0.000000,,,0,1,,,,,0.730442,BIG
ga,hfvrp_n001_m03_s01,1,3,0.000000,200,87.334995,168.337487,87.334995,0.000000,,,0,1,,,,,0.014249,DEFAULT
ga,hfvrp_n001_m03_s01,1,3,0.000000,200,87.334995,168.337487,87.334995,0.000000,,,0,1,,,,,0.001329,SMALL
ga,ex4_3v_infeasible,4,3,0.000000,50,141.798990,10.000000,141.798990,0.000000,,,0,0,,,,,0.456803,MEDIUM
ga,ex2_1v_infeasible,2,1,0.000000,75,70.000000,0.000000,70.000000,0.000000,,,0,0,,,,,0.896694,BIG
ga,ex2_1v_infeasible,2,1,0.000000,100,70.000000,0.000000,70.000000,0.000000,,,0,0,,,,,0.016042,DEFAULT
ga,ex2_1v_infeasible,2,1,0.000000,100,70.000000,0.000000,70.000000,0.000000,,,0,0,,,,,0.001622,SMALL
ga,ex1_1v_feasible,2,1,0.000000,75,84.142136,50.000000,84.142136,0.000000,,,0,1,,,,,0.916008,BIG
ga,ex1_1v_feasible,2,1,0.000000,100,84.142136,120.710678,84.142136,0.000000,,,0,1,,,,,0.019111,DEFAULT
ga,ex1_1v_feasible,2,1,0.000000,100,84.142136,120.710678,84.142136,0.000000,,,0,1,,,,,0.003165,SMALL
ga,hfvrp_n001_m03_s01,1,3,0.000000,200,87.334995,168.337487,87.334995,0.000000,,,0,1,,,,,0.249245,MEDIUM
ga,ex5_3v_one_used_feasible,3,3,0.000000,50,107.597980,120.710678,107.597980,0.000000,,,0,1,,,,,1.177246,BIG
ga,ex5_3v_one_used_feasible,3,3,0.000000,75,107.597980,120.710678,107.597980,0.000000,,,0,1,,,,,0.020913,DEFAULT
ga,ex5_3v_one_used_feasible,3,3,0.000000,75,107.597980,120.710678,107.597980,0.000000,,,0,1,,,,,0.002088,SMALL
ga,ex3_3v_all_feasible,3,3,0.000000,50,162.000000,20.000000,162.000000,0.000000,,,0,1,,,,,1.200444,BIG
ga,ex3_3v_all_feasible,3,3,0.000000,75,162.000000,20.000000,162.000000,0.000000,,,0,1,,,,,0.020711,DEFAULT
ga,ex3_3v_all_feasible,3,3,0.000000,75,162.000000,20.000000,162.000000,0.000000,,,0,1,,,,,0.002078,SMALL
ga,ex2_1v_infeasible,2,1,0.000000,100,70.000000,0.000000,70.000000,0.000000,,,0,0,,,,,0.304480,MEDIUM
ga,ex1_1v_feasible,2,1,0.000000,100,84.142136,120.710678,84.142136,0.000000,,,0,1,,,,,0.308793,MEDIUM
ga,ex5_3v_one_used_feasible,3,3,0.000000,75,107.597980,120.710678,107.597980,0.000000,,,0,1,,,,,0.379071,MEDIUM
ga,ex3_3v_all_feasible,3,3,0.000000,75,162.000000,20.000000,162.000000,0.000000,,,0,1,,,,,0.387508,MEDIUM
ga,hfvrp_n001_m03_s01,1,3,0.000000,200,87.334995,168.337487,87.334995,0.000000,,,0,1,,,,,0.726907,BIG
ga,hfvrp_n001_m03_s01,1,3,0.000000,999,87.334995,168.337487,87.334995,0.000000,,,0,1,,,,,0.014088,DEFAULT
ga,hfvrp_n001_m03_s01,1,3,0.000000,999,87.334995,168.337487,87.334995,0.000000,,,0,1,,,,,0.003038,SMALL
ga,hfvrp_n001_m03_s01,1,3,0.000000,999,87.334995,168.337487,87.334995,0.000000,,,0,1,,,,,0.239126,MEDIUM
ga,ex2_1v_infeasible,2,1,0.000000,100,70.000000,0.000000,70.000000,0.000000,,,0,0,,,,,0.890116,BIG
ga,ex2_1v_infeasible,2,1,0.000000,200,70.000000,0.000000,70.000000,0.000000,,,0,0,,,,,0.019338,DEFAULT
ga,ex2_1v_infeasible,2,1,0.000000,200,70.000000,0.000000,70.000000,0.000000,,,0,0,,,,,0.001501,SMALL
ga,ex4_3v_infeasible,4,3,0.000000,50,141.798990,10.000000,141.798990,0.000000,,,0,0,,,,,1.383192,BIG
ga,ex1_1v_feasible,2,1,0.000000,100,84.142136,120.710678,84.142136,0.000000,,,0,1,,,,,0.911647,BIG
ga,ex4_3v_infeasible,4,3,0.000000,75,141.798990,10.000000,141.798990,0.000000,,,0,0,,,,,0.026688,DEFAULT
ga,ex4_3v_infeasible,4,3,0.000000,75,141.798990,10.000000,141.798990,0.000000,,,0,0,,,,,0.003956,SMALL
ga,ex1_1v_feasible,2,1,0.000000,200,84.142136,50.000000,84.142136,0.000000,,,0,1,,,,,0.018083,DEFAULT
ga,ex1_1v_feasible,2,1,0.000000,200,84.142136,50.000000,84.142136,0.000000,,,0,1,,,,,0.001654,SMALL
ga,ex2_1v_infeasible,2,1,0.000000,200,70.000000,0.000000,70.000000,0.000000,,,0,0,,,,,0.308098,MEDIUM
ga,ex1_1v_feasible,2,1,0.000000,200,84.142136,50.000000,84.142136,0.000000,,,0,1,,,,,0.302264,MEDIUM
ga,ex5_3v_one_used_feasible,3,3,0.000000,75,107.597980,120.710678,107.597980,0.000000,,,0,1,,,,,1.146467,BIG
ga,ex5_3v_one_used_feasible,3,3,0.000000,100,107.597980,120.710678,107.597980,0.000000,,,0,1,,,,,0.021836,DEFAULT
ga,ex5_3v_one_used_feasible,3,3,0.000000,100,107.597980,120.710678,107.597980,0.000000,,,0,1,,,,,0.004878,SMALL
ga,ex4_3v_infeasible,4,3,0.000000,75,141.798990,10.000000,141.798990,0.000000,,,0,0,,,,,0.455799,MEDIUM
ga,hfvrp_n001_m03_s01,1,3,0.000000,999,87.334995,168.337487,87.334995,0.000000,,,0,1,,,,,0.739026,BIG
ga,ex3_3v_all_feasible,3,3,0.000000,75,162.000000,20.000000,162.000000,0.000000,,,0,1,,,,,1.181287,BIG
ga,hfvrp_n001_m03_s01,1,3,0.000000,1234,87.334995,168.337487,87.334995,0.000000,,,0,1,,,,,0.014054,DEFAULT
ga,hfvrp_n001_m03_s01,1,3,0.000000,1234,87.334995,168.337487,87.334995,0.000000,,,0,1,,,,,0.001334,SMALL
ga,ex3_3v_all_feasible,3,3,0.000000,100,162.000000,20.000000,162.000000,0.000000,,,0,1,,,,,0.021251,DEFAULT
ga,ex3_3v_all_feasible,3,3,0.000000,100,162.000000,20.000000,162.000000,0.000000,,,0,1,,,,,0.002144,SMALL
ga,ex5_3v_one_used_feasible,3,3,0.000000,100,107.597980,120.710678,107.597980,0.000000,,,0,1,,,,,0.382272,MEDIUM
ga,hfvrp_n001_m03_s01,1,3,0.000000,1234,87.334995,168.337487,87.334995,0.000000,,,0,1,,,,,0.242769,MEDIUM
ga,ex3_3v_all_feasible,3,3,0.000000,100,162.000000,20.000000,162.000000,0.000000,,,0,1,,,,,0.390320,MEDIUM
ga,ex2_1v_infeasible,2,1,0.000000,200,70.000000,0.000000,70.000000,0.000000,,,0,0,,,,,0.902094,BIG
ga,ex2_1v_infeasible,2,1,0.000000,999,70.000000,0.000000,70.000000,0.000000,,,0,0,,,,,0.015936,DEFAULT
ga,ex2_1v_infeasible,2,1,0.000000,999,70.000000,0.000000,70.000000,0.000000,,,0,0,,,,,0.001581,SMALL
ga,ex1_1v_feasible,2,1,0.000000,200,84.142136,50.000000,84.142136,0.000000,,,0,1,,,,,0.915197,BIG
ga,ex1_1v_feasible,2,1,0.000000,999,84.142136,120.710678,84.142136,0.000000,,,0,1,,,,,0.020528,DEFAULT
ga,ex1_1v_feasible,2,1,0.000000,999,84.142136,120.710678,84.142136,0.000000,,,0,1,,,,,0.004032,SMALL
ga,ex2_1v_infeasible,2,1,0.000000,999,70.000000,0.000000,70.000000,0.000000,,,0,0,,,,,0.303864,MEDIUM
ga,hfvrp_n001_m03_s01,1,3,0.000000,1234,87.334995,168.337487,87.334995,0.000000,,,0,1,,,,,0.732678,BIG
ga,ex1_1v_feasible,2,1,0.000000,999,84.142136,120.710678,84.142136,0.000000,,,0,1,,,,,0.303329,MEDIUM
ga,hfvrp_n001_m03_s01,1,3,0.000000,9999,87.334995,168.337487,87.334995,0.000000,,,0,1,,,,,0.014576,DEFAULT
ga,hfvrp_n001_m03_s01,1,3,0.000000,9999,87.334995,168.337487,87.334995,0.000000,,,0,1,,,,,0.001334,SMALL
ga,ex4_3v_infeasible,4,3,0.000000,75,141.798990,10.000000,141.798990,0.000000,,,0,0,,,,,1.375462,BIG
ga,hfvrp_n001_m03_s01,1,3,0.000000,9999,87.334995,168.337487,87.334995,0.000000,,,0,1,,,,,0.240281,MEDIUM
ga,ex4_3v_infeasible,4,3,0.000000,100,141.798990,10.000000,141.798990,0.000000,,,0,0,,,,,0.023949,DEFAULT
ga,ex4_3v_infeasible,4,3,0.000000,100,141.798990,10.000000,141.798990,0.000000,,,0,0,,,,,0.002485,SMALL
ga,ex5_3v_one_used_feasible,3,3,0.000000,100,107.597980,120.710678,107.597980,0.000000,,,0,1,,,,,1.152270,BIG
ga,ex5_3v_one_used_feasible,3,3,0.000000,200,107.597980,120.710678,107.597980,0.000000,,,0,1,,,,,0.019199,DEFAULT
ga,ex5_3v_one_used_feasible,3,3,0.000000,200,107.597980,120.710678,107.597980,0.000000,,,0,1,,,,,0.002049,SMALL
ga,ex3_3v_all_feasible,3,3,0.000000,100,162.000000,20.000000,162.000000,0.000000,,,0,1,,,,,1.188415,BIG
ga,ex3_3v_all_feasible,3,3,0.000000,200,162.000000,20.000000,162.000000,0.000000,,,0,1,,,,,0.020985,DEFAULT
ga,ex3_3v_all_feasible,3,3,0.000000,200,162.000000,20.000000,162.000000,0.000000,,,0,1,,,,,0.002158,SMALL
ga,ex4_3v_infeasible,4,3,0.000000,100,141.798990,10.000000,141.798990,0.000000,,,0,0,,,,,0.462922,MEDIUM
ga,ex5_3v_one_used_feasible,3,3,0.000000,200,107.597980,120.710678,107.597980,0.000000,,,0,1,,,,,0.384751,MEDIUM
ga,ex2_1v_infeasible,2,1,0.000000,999,70.000000,0.000000,70.000000,0.000000,,,0,0,,,,,0.908161,BIG
ga,ex2_1v_infeasible,2,1,0.000000,1234,70.000000,0.000000,70.000000,0.000000,,,0,0,,,,,0.017127,DEFAULT
ga,ex2_1v_infeasible,2,1,0.000000,1234,70.000000,0.000000,70.000000,0.000000,,,0,0,,,,,0.001629,SMALL
ga,ex1_1v_feasible,2,1,0.000000,999,84.142136,120.710678,84.142136,0.000000,,,0,1,,,,,0.918135,BIG
ga,ex1_1v_feasible,2,1,0.000000,1234,84.142136,120.710678,84.142136,0.000000,,,0,1,,,,,0.017043,DEFAULT
ga,ex1_1v_feasible,2,1,0.000000,1234,84.142136,120.710678,84.142136,0.000000,,,0,1,,,,,0.003492,SMALL
ga,hfvrp_n001_m03_s01,1,3,0.000000,9999,87.334995,168.337487,87.334995,0.000000,,,0,1,,,,,0.742816,BIG
ga,ex3_3v_all_feasible,3,3,0.000000,200,162.000000,20.000000,162.000000,0.000000,,,0,1,,,,,0.400091,MEDIUM
ga,hfvrp_n001_m03_s01,1,3,0.000000,19345,87.334995,168.337487,87.334995,0.000000,,,0,1,,,,,0.015453,DEFAULT
ga,hfvrp_n001_m03_s01,1,3,0.000000,19345,87.334995,168.337487,87.334995,0.000000,,,0,1,,,,,0.001340,SMALL
ga,ex2_1v_infeasible,2,1,0.000000,1234,70.000000,0.000000,70.000000,0.000000,,,0,0,,,,,0.312471,MEDIUM
ga,ex1_1v_feasible,2,1,0.000000,1234,84.142136,120.710678,84.142136,0.000000,,,0,1,,,,,0.308690,MEDIUM
ga,hfvrp_n001_m03_s01,1,3,0.000000,19345,87.334995,168.337487,87.334995,0.000000,,,0,1,,,,,0.242518,MEDIUM
ga,ex5_3v_one_used_feasible,3,3,0.000000,200,107.597980,120.710678,107.597980,0.000000,,,0,1,,,,,1.158517,BIG
ga,ex5_3v_one_used_feasible,3,3,0.000000,999,107.597980,120.710678,107.597980,0.000000,,,0,1,,,,,0.019139,DEFAULT
ga,ex5_3v_one_used_feasible,3,3,0.000000,999,107.597980,120.710678,107.597980,0.000000,,,0,1,,,,,0.006581,SMALL
ga,hfvrp_n001_m03_s01,1,3,0.000000,19345,87.334995,168.337487,87.334995,0.000000,,,0,1,,,,,0.731058,BIG
ga,hfvrp_n001_m03_s01,1,3,0.000000,1788103096436278098,87.334995,168.337487,87.334995,0.000000,,,0,1,,,,,0.012923,DEFAULT
ga,hfvrp_n001_m03_s01,1,3,0.000000,1788103100747874000,87.334995,168.337487,87.334995,0.000000,,,0,1,,,,,0.001267,SMALL
ga,ex2_1v_infeasible,2,1,0.000000,1234,70.000000,0.000000,70.000000,0.000000,,,0,0,,,,,0.907027,BIG
ga,ex2_1v_infeasible,2,1,0.000000,9999,70.000000,0.000000,70.000000,0.000000,,,0,0,,,,,0.015950,DEFAULT
ga,ex2_1v_infeasible,2,1,0.000000,9999,70.000000,0.000000,70.000000,0.000000,,,0,0,,,,,0.001643,SMALL
ga,ex4_3v_infeasible,4,3,0.000000,100,141.798990,10.000000,141.798990,0.000000,,,0,0,,,,,1.381987,BIG
ga,ex4_3v_infeasible,4,3,0.000000,200,141.798990,0.000000,141.798990,0.000000,,,0,0,,,,,0.024383,DEFAULT
ga,ex1_1v_feasible,2,1,0.000000,1234,84.142136,120.710678,84.142136,0.000000,,,0,1,,,,,0.915559,BIG
ga,ex4_3v_infeasible,4,3,0.000000,200,141.798990,0.000000,141.798990,0.000000,,,0,0,,,,,0.002489,SMALL
ga,ex3_3v_all_feasible,3,3,0.000000,200,162.000000,20.000000,162.000000,0.000000,,,0,1,,,,,1.188671,BIG
ga,ex1_1v_feasible,2,1,0.000000,9999,84.142136,50.000000,84.142136,0.000000,,,0,1,,,,,0.016199,DEFAULT
ga,ex1_1v_feasible,2,1,0.000000,9999,84.142136,50.000000,84.142136,0.000000,,,0,1,,,,,0.001662,SMALL
ga,ex3_3v_all_feasible,3,3,0.000000,999,162.000000,20.000000,162.000000,0.000000,,,0,1,,,,,0.023715,DEFAULT
ga,ex3_3v_all_feasible,3,3,0.000000,999,162.000000,20.000000,162.000000,0.000000,,,0,1,,,,,0.004896,SMALL
ga,hfvrp_n001_m03_s01,1,3,0.000000,1788103087867720980,87.334995,168.337487,87.334995,0.000000,,,0,1,,,,,0.252036,MEDIUM
ga,ex5_3v_one_used_feasible,3,3,0.000000,999,107.597980,120.710678,107.597980,0.000000,,,0,1,,,,,0.394320,MEDIUM
ga,ex2_1v_infeasible,2,1,0.000000,9999,70.000000,0.000000,70.000000,0.000000,,,0,0,,,,,0.309156,MEDIUM
ga,ex1_1v_feasible,2,1,0.000000,9999,84.142136,50.000000,84.142136,0.000000,,,0,1,,,,,0.306566,MEDIUM
ga,ex3_3v_all_feasible,3,3,0.000000,999,162.000000,20.000000,162.000000,0.000000,,,0,1,,,,,0.392928,MEDIUM
ga,ex4_3v_infeasible,4,3,0.000000,200,141.798990,0.000000,141.798990,0.000000,,,0,0,,,,,0.461811,MEDIUM
ga,hfvrp_n001_m03_s01,1,3,0.000000,1788102972164254047,87.334995,168.337487,87.334995,0.000000,,,0,1,,,,,0.724500,BIG
ga,hfvrp_n001_m03_s02,1,3,0.000000,1788103020181715135,156.310634,50.546098,156.310634,0.000000,,,0,1,,,,,0.013522,DEFAULT
ga,hfvrp_n001_m03_s02,1,3,0.000000,1788103015904059127,156.310634,50.546098,156.310634,0.000000,,,0,1,,,,,0.001351,SMALL
ga,ex2_1v_infeasible,2,1,0.000000,9999,70.000000,0.000000,70.000000,0.000000,,,0,0,,,,,0.895980,BIG
ga,ex2_1v_infeasible,2,1,0.000000,19345,70.000000,0.000000,70.000000,0.000000,,,0,0,,,,,0.016832,DEFAULT
ga,hfvrp_n001_m03_s02,1,3,0.000000,1788102805457253370,156.310634,50.546098,156.310634,0.000000,,,0,1,,,,,0.248356,MEDIUM
ga,ex2_1v_infeasible,2,1,0.000000,19345,70.000000,0.000000,70.000000,0.000000,,,0,0,,,,,0.001633,SMALL
ga,ex1_1v_feasible,2,1,0.000000,9999,84.142136,50.000000,84.142136,0.000000,,,0,1,,,,,0.906476,BIG
ga,ex1_1v_feasible,2,1,0.000000,19345,84.142136,120.710678,84.142136,0.000000,,,0,1,,,,,0.017531,DEFAULT
ga,ex1_1v_feasible,2,1,0.000000,19345,84.142136,120.710678,84.142136,0.000000,,,0,1,,,,,0.001658,SMALL
ga,ex5_3v_one_used_feasible,3,3,0.000000,999,107.597980,120.710678,107.597980,0.000000,,,0,1,,,,,1.149334,BIG
ga,ex5_3v_one_used_feasible,3,3,0.000000,1234,107.597980,120.710678,107.597980,0.000000,,,0,1,,,,,0.019259,DEFAULT
ga,ex5_3v_one_used_feasible,3,3,0.000000,1234,107.597980,120.710678,107.597980,0.000000,,,0,1,,,,,0.002083,SMALL
ga,ex2_1v_infeasible,2,1,0.000000,19345,70.000000,0.000000,70.000000,0.000000,,,0,0,,,,,0.310657,MEDIUM
ga,ex1_1v_feasible,2,1,0.000000,19345,84.142136,120.710678,84.142136,0.000000,,,0,1,,,,,0.317947,MEDIUM
ga,ex3_3v_all_feasible,3,3,0.000000,999,162.000000,20.000000,162.000000,0.000000,,,0,1,,,,,1.185632,BIG
ga,ex3_3v_all_feasible,3,3,0.000000,1234,162.000000,20.000000,162.000000,0.000000,,,0,1,,,,,0.019730,DEFAULT
ga,ex3_3v_all_feasible,3,3,0.000000,1234,162.000000,20.000000,162.000000,0.000000,,,0,1,,,,,0.006052,SMALL
ga,ex5_3v_one_used_feasible,3,3,0.000000,1234,107.597980,120.710678,107.597980,0.000000,,,0,1,,,,,0.382915,MEDIUM
ga,ex4_3v_infeasible,4,3,0.000000,200,141.798990,0.000000,141.798990,0.000000,,,0,0,,,,,1.385561,BIG
ga,hfvrp_n001_m03_s02,1,3,0.000000,1788102775645167299,156.310634,50.546098,156.310634,0.000000,,,0,1,,,,,0.741252,BIG
ga,ex4_3v_infeasible,4,3,0.000000,999,141.798990,0.000000,141.798990,0.000000,,,0,0,,,,,0.025465,DEFAULT
ga,ex4_3v_infeasible,4,3,0.000000,999,141.798990,0.000000,141.798990,0.000000,,,0,0,,,,,0.002501,SMALL
ga,hfvrp_n001_m03_s02,1,3,0.000000,1,156.310634,50.546098,156.310634,0.000000,,,0,1,,,,,0.015383,DEFAULT
ga,hfvrp_n001_m03_s02,1,3,0.000000,1,156.310634,50.546098,156.310634,0.000000,,,0,1,,,,,0.001332,SMALL
ga,ex3_3v_all_feasible,3,3,0.000000,1234,162.000000,20.000000,162.000000,0.000000,,,0,1,,,,,0.394703,MEDIUM
ga,hfvrp_n001_m03_s02,1,3,0.000000,1,156.310634,50.546098,156.310634,0.000000,,,0,1,,,,,0.245808,MEDIUM
ga,ex4_3v_infeasible,4,3,0.000000,999,141.798990,0.000000,141.798990,0.000000,,,0,0,,,,,0.452211,MEDIUM
ga,ex2_1v_infeasible,2,1,0.000000,19345,70.000000,0.000000,70.000000,0.000000,,,0,0,,,,,0.910975,BIG
ga,ex2_1v_infeasible,2,1,0.000000,1788104911493006186,70.000000,0.000000,70.000000,0.000000,,,0,0,,,,,0.019935,DEFAULT
ga,ex2_1v_infeasible,2,1,0.000000,1788104907223755527,70.000000,0.000000,70.000000,0.000000,,,0,0,,,,,0.002712,SMALL
ga,ex1_1v_feasible,2,1,0.000000,19345,84.142136,120.710678,84.142136,0.000000,,,0,1,,,,,0.919984,BIG
ga,ex1_1v_feasible,2,1,0.000000,1788104950285685418,84.142136,120.710678,84.142136,0.000000,,,0,1,,,,,0.018049,DEFAULT
ga,ex1_1v_feasible,2,1,0.000000,1788104946015193939,84.142136,120.710678,84.142136,0.000000,,,0,1,,,,,0.004577,SMALL
ga,ex2_1v_infeasible,2,1,0.000000,1788104971654887312,70.000000,0.000000,70.000000,0.000000,,,0,0,,,,,0.306974,MEDIUM
ga,ex1_1v_feasible,2,1,0.000000,1788104941729615565,84.142136,120.710678,84.142136,0.000000,,,0,1,,,,,0.302341,MEDIUM
ga,ex5_3v_one_used_feasible,3,3,0.000000,1234,107.597980,120.710678,107.597980,0.000000,,,0,1,,,,,1.158477,BIG
ga,hfvrp_n001_m03_s02,1,3,0.000000,1,156.310634,50.546098,156.310634,0.000000,,,0,1,,,,,0.732264,BIG
ga,hfvrp_n001_m03_s02,1,3,0.000000,10,156.310634,50.546098,156.310634,0.000000,,,0,1,,,,,0.012367,DEFAULT
ga,ex5_3v_one_used_feasible,3,3,0.000000,9999,107.597980,120.710678,107.597980,0.000000,,,0,1,,,,,0.021017,DEFAULT
ga,hfvrp_n001_m03_s02,1,3,0.000000,10,156.310634,50.546098,156.310634,0.000000,,,0,1,,,,,0.001340,SMALL
ga,ex5_3v_one_used_feasible,3,3,0.000000,9999,107.597980,120.710678,107.597980,0.000000,,,0,1,,,,,0.002065,SMALL
ga,hfvrp_n001_m03_s02,1,3,0.000000,10,156.310634,50.546098,156.310634,0.000000,,,0,1,,,,,0.240262,MEDIUM
ga,ex3_3v_all_feasible,3,3,0.000000,1234,162.000000,20.000000,162.000000,0.000000,,,0,1,,,,,1.183042,BIG
ga,ex3_3v_all_feasible,3,3,0.000000,9999,162.000000,20.000000,162.000000,0.000000,,,0,1,,,,,0.023917,DEFAULT
ga,ex3_3v_all_feasible,3,3,0.000000,9999,162.000000,20.000000,162.000000,0.000000,,,0,1,,,,,0.004489,SMALL
ga,ex5_3v_one_used_feasible,3,3,0.000000,9999,107.597980,120.710678,107.597980,0.000000,,,0,1,,,,,0.383862,MEDIUM
ga,ex2_1v_infeasible,2,1,0.000000,1788104731447568727,70.000000,0.000000,70.000000,0.000000,,,0,0,,,,,0.957384,BIG
ga,ex3_3v_all_feasible,3,3,0.000000,9999,162.000000,20.000000,162.000000,0.000000,,,0,1,,,,,0.389919,MEDIUM
ga,ex4_3v_infeasible,4,3,0.000000,999,141.798990,0.000000,141.798990,0.000000,,,0,0,,,,,1.381727,BIG
ga,hfvrp_n001_m03_s03,1,3,0.000000,1788104564937968127,130.438737,0.000000,130.438737,0.000000,,,0,1,,,,,0.015078,DEFAULT
ga,hfvrp_n001_m03_s03,1,3,0.000000,1788104612201630137,130.438737,0.000000,130.438737,0.000000,,,0,1,,,,,0.001330,SMALL
ga,ex4_3v_infeasible,4,3,0.000000,1234,141.798990,10.000000,141.798990,0.000000,,,0,0,,,,,0.026583,DEFAULT
ga,ex4_3v_infeasible,4,3,0.000000,1234,141.798990,10.000000,141.798990,0.000000,,,0,0,,,,,0.002446,SMALL
ga,ex1_1v_feasible,2,1,0.000000,1788104727291257631,84.142136,120.710678,84.142136,0.000000,,,0,1,,,,,0.923083,BIG
ga,hfvrp_n001_m03_s04,1,3,0.000000,1788104672414902357,122.386776,0.000000,122.386776,0.000000,,,0,1,,,,,0.012434,DEFAULT
ga,hfvrp_n001_m03_s04,1,3,0.000000,1788104668136065122,122.386776,0.000000,122.386776,0.000000,,,0,1,,,,,0.001339,SMALL
ga,hfvrp_n001_m03_s02,1,3,0.000000,10,156.310634,50.546098,156.310634,0.000000,,,0,1,,,,,0.736279,BIG
ga,hfvrp_n001_m03_s02,1,3,0.000000,50,156.310634,50.546098,156.310634,0.000000,,,0,1,,,,,0.014846,DEFAULT
ga,hfvrp_n001_m03_s02,1,3,0.000000,50,156.310634,50.546098,156.310634,0.000000,,,0,1,,,,,0.004220,SMALL
ga,hfvrp_n001_m03_s03,1,3,0.000000,1788104603616753476,130.438737,0.000000,130.438737,0.000000,,,0,1,,,,,0.252642,MEDIUM
ga,hfvrp_n001_m03_s04,1,3,0.000000,1788104457687643790,122.386776,0.000000,122.386776,0.000000,,,0,1,,,,,0.246518,MEDIUM
ga,hfvrp_n001_m03_s02,1,3,0.000000,50,156.310634,50.546098,156.310634,0.000000,,,0,1,,,,,0.245383,MEDIUM
ga,ex4_3v_infeasible,4,3,0.000000,1234,141.798990,10.000000,141.798990,0.000000,,,0,0,,,,,0.461497,MEDIUM
ga,ex5_3v_one_used_feasible,3,3,0.000000,9999,107.597980,120.710678,107.597980,0.000000,,,0,1,,,,,1.155092,BIG
ga,ex5_3v_one_used_feasible,3,3,0.000000,19345,107.597980,120.710678,107.597980,0.000000,,,0,1,,,,,0.023597,DEFAULT
ga,ex5_3v_one_used_feasible,3,3,0.000000,19345,107.597980,120.710678,107.597980,0.000000,,,0,1,,,,,0.005843,SMALL
ga,hfvrp_n001_m03_s03,1,3,0.000000,1788104492208290117,130.438737,0.000000,130.438737,0.000000,,,0,1,,,,,0.724013,BIG
ga,hfvrp_n001_m03_s03,1,3,0.000000,1,130.438737,0.000000,130.438737,0.000000,,,0,1,,,,,0.012411,DEFAULT
ga,hfvrp_n001_m03_s03,1,3,0.000000,1,130.438737,0.000000,130.438737,0.000000,,,0,1,,,,,0.003742,SMALL
ga,hfvrp_n001_m03_s04,1,3,0.000000,1788104488004979929,122.386776,0.000000,122.386776,0.000000,,,0,1,,,,,0.723019,BIG
ga,hfvrp_n001_m03_s04,1,3,0.000000,1,122.386776,0.000000,122.386776,0.000000,,,0,1,,,,,0.014669,DEFAULT
ga,hfvrp_n001_m03_s04,1,3,0.000000,1,122.386776,0.000000,122.386776,0.000000,,,0,1,,,,,0.001337,SMALL
ga,ex3_3v_all_feasible,3,3,0.000000,9999,162.000000,20.000000,162.000000,0.000000,,,0,1,,,,,1.194371,BIG
ga,ex3_3v_all_feasible,3,3,0.000000,19345,162.000000,20.000000,162.000000,0.000000,,,0,1,,,,,0.021227,DEFAULT
ga,ex5_3v_one_used_feasible,3,3,0.000000,19345,107.597980,120.710678,107.597980,0.000000,,,0,1,,,,,0.388527,MEDIUM
ga,ex3_3v_all_feasible,3,3,0.000000,19345,162.000000,20.000000,162.000000,0.000000,,,0,1,,,,,0.005521,SMALL
ga,hfvrp_n001_m03_s02,1,3,0.000000,50,156.310634,50.546098,156.310634,0.000000,,,0,1,,,,,0.752876,BIG
ga,hfvrp_n001_m03_s02,1,3,0.000000,75,156.310634,50.546098,156.310634,0.000000,,,0,1,,,,,0.014521,DEFAULT
ga,hfvrp_n001_m03_s02,1,3,0.000000,75,156.310634,50.546098,156.310634,0.000000,,,0,1,,,,,0.001237,SMALL
ga,hfvrp_n001_m03_s03,1,3,0.000000,1,130.438737,0.000000,130.438737,0.000000,,,0,1,,,,,0.251588,MEDIUM
ga,hfvrp_n001_m03_s04,1,3,0.000000,1,122.386776,0.000000,122.386776,0.000000,,,0,1,,,,,0.249121,MEDIUM
ga,hfvrp_n001_m03_s02,1,3,0.000000,75,156.310634,50.546098,156.310634,0.000000,,,0,1,,,,,0.241304,MEDIUM
ga,ex3_3v_all_feasible,3,3,0.000000,19345,162.000000,20.000000,162.000000,0.000000,,,0,1,,,,,0.398917,MEDIUM
ga,ex4_3v_infeasible,4,3,0.000000,1234,141.798990,10.000000,141.798990,0.000000,,,0,0,,,,,1.375399,BIG
ga,ex4_3v_infeasible,4,3,0.000000,9999,141.798990,0.000000,141.798990,0.000000,,,0,0,,,,,0.026375,DEFAULT
ga,ex4_3v_infeasible,4,3,0.000000,9999,141.798990,0.000000,141.798990,0.000000,,,0,0,,,,,0.002384,SMALL
ga,hfvrp_n001_m03_s03,1,3,0.000000,1,130.438737,0.000000,130.438737,0.000000,,,0,1,,,,,0.731669,BIG
ga,hfvrp_n001_m03_s03,1,3,0.000000,10,130.438737,0.000000,130.438737,0.000000,,,0,1,,,,,0.012610,DEFAULT
ga,hfvrp_n001_m03_s03,1,3,0.000000,10,130.438737,0.000000,130.438737,0.000000,,,0,1,,,,,0.001227,SMALL
ga,hfvrp_n001_m03_s04,1,3,0.000000,1,122.386776,0.000000,122.386776,0.000000,,,0,1,,,,,0.727257,BIG
ga,hfvrp_n001_m03_s04,1,3,0.000000,10,122.386776,0.000000,122.386776,0.000000,,,0,1,,,,,0.012516,DEFAULT
ga,hfvrp_n001_m03_s04,1,3,0.000000,10,122.386776,0.000000,122.386776,0.000000,,,0,1,,,,,0.003341,SMALL
ga,hfvrp_n001_m03_s02,1,3,0.000000,75,156.310634,50.546098,156.310634,0.000000,,,0,1,,,,,0.736123,BIG
ga,hfvrp_n001_m03_s02,1,3,0.000000,100,156.310634,50.546098,156.310634,0.000000,,,0,1,,,,,0.012384,DEFAULT
ga,hfvrp_n001_m03_s03,1,3,0.000000,10,130.438737,0.000000,130.438737,0.000000,,,0,1,,,,,0.251023,MEDIUM
ga,hfvrp_n001_m03_s02,1,3,0.000000,100,156.310634,50.546098,156.310634,0.000000,,,0,1,,,,,0.004187,SMALL
ga,ex5_3v_one_used_feasible,3,3,0.000000,19345,107.597980,120.710678,107.597980,0.000000,,,0,1,,,,,1.159749,BIG
ga,ex5_3v_one_used_feasible,3,3,0.000000,1788104275277622093,107.597980,120.710678,107.597980,0.000000,,,0,1,,,,,0.020467,DEFAULT
ga,ex4_3v_infeasible,4,3,0.000000,9999,141.798990,0.000000,141.798990,0.000000,,,0,0,,,,,0.470455,MEDIUM
ga,ex5_3v_one_used_feasible,3,3,0.000000,1788104279600963615,107.597980,120.710678,107.597980,0.000000,,,0,1,,,,,0.004654,SMALL
ga,hfvrp_n001_m03_s04,1,3,0.000000,10,122.386776,0.000000,122.386776,0.000000,,,0,1,,,,,0.282389,MEDIUM
ga,hfvrp_n001_m03_s02,1,3,0.000000,100,156.310634,50.546098,156.310634,0.000000,,,0,1,,,,,0.244754,MEDIUM
ga,ex5_3v_one_used_feasible,3,3,0.000000,1788104219483951737,107.597980,120.710678,107.597980,0.000000,,,0,1,,,,,0.386851,MEDIUM
ga,ex3_3v_all_feasible,3,3,0.000000,19345,162.000000,20.000000,162.000000,0.000000,,,0,1,,,,,1.191782,BIG
ga,ex3_3v_all_feasible,3,3,0.000000,1788104048092636631,162.000000,20.000000,162.000000,0.000000,,,0,1,,,,,0.020466,DEFAULT
ga,ex3_3v_all_feasible,3,3,0.000000,1788104052413185474,162.000000,20.000000,162.000000,0.000000,,,0,1,,,,,0.004138,SMALL
ga,hfvrp_n001_m03_s03,1,3,0.000000,10,130.438737,0.000000,130.438737,0.000000,,,0,1,,,,,0.732851,BIG
ga,hfvrp_n001_m03_s03,1,3,0.000000,50,130.438737,0.000000,130.438737,0.000000,,,0,1,,,,,0.012554,DEFAULT
ga,hfvrp_n001_m03_s03,1,3,0.000000,50,130.438737,0.000000,130.438737,0.000000,,,0,1,,,,,0.001230,SMALL
ga,hfvrp_n001_m03_s04,1,3,0.000000,10,122.386776,0.000000,122.386776,0.000000,,,0,1,,,,,0.736703,BIG
ga,hfvrp_n001_m03_s04,1,3,0.000000,50,122.386776,0.000000,122.386776,0.000000,,,0,1,,,,,0.016505,DEFAULT
ga,hfvrp_n001_m03_s04,1,3,0.000000,50,122.386776,0.000000,122.386776,0.000000,,,0,1,,,,,0.002775,SMALL
ga,ex3_3v_all_feasible,3,3,0.000000,1788104056716445740,162.000000,20.000000,162.000000,0.000000,,,0,1,,,,,0.404060,MEDIUM
ga,hfvrp_n001_m03_s02,1,3,0.000000,100,156.310634,50.546098,156.310634,0.000000,,,0,1,,,,,0.739955,BIG
ga,hfvrp_n001_m03_s03,1,3,0.000000,50,130.438737,0.000000,130.438737,0.000000,,,0,1,,,,,0.245534,MEDIUM
ga,hfvrp_n001_m03_s02,1,3,0.000000,200,156.310634,50.546098,156.310634,0.000000,,,0,1,,,,,0.016032,DEFAULT
ga,hfvrp_n001_m03_s02,1,3,0.000000,200,156.310634,50.546098,156.310634,0.000000,,,0,1,,,,,0.001229,SMALL
ga,hfvrp_n001_m03_s04,1,3,0.000000,50,122.386776,0.000000,122.386776,0.000000,,,0,1,,,,,0.251596,MEDIUM
ga,hfvrp_n001_m03_s02,1,3,0.000000,200,156.310634,50.546098,156.310634,0.000000,,,0,1,,,,,0.244704,MEDIUM
ga,ex4_3v_infeasible,4,3,0.000000,9999,141.798990,0.000000,141.798990,0.000000,,,0,0,,,,,1.385740,BIG
ga,ex4_3v_infeasible,4,3,0.000000,19345,141.798990,0.000000,141.798990,0.000000,,,0,0,,,,,0.023938,DEFAULT
ga,ex4_3v_infeasible,4,3,0.000000,19345,141.798990,0.000000,141.798990,0.000000,,,0,0,,,,,0.004841,SMALL
ga,ex5_3v_one_used_feasible,3,3,0.000000,1788104232764316765,107.597980,120.710678,107.597980,0.000000,,,0,1,,,,,1.165686,BIG
ga,hfvrp_n001_m03_s05,1,3,0.000000,1788103980569419933,89.097550,34.548775,89.097550,0.000000,,,0,1,,,,,0.013487,DEFAULT
ga,hfvrp_n001_m03_s05,1,3,0.000000,1788103984883752608,89.097550,34.548775,89.097550,0.000000,,,0,1,,,,,0.002774,SMALL
ga,hfvrp_n001_m03_s03,1,3,0.000000,50,130.438737,0.000000,130.438737,0.000000,,,0,1,,,,,0.735975,BIG
ga,hfvrp_n001_m03_s03,1,3,0.000000,75,130.438737,0.000000,130.438737,0.000000,,,0,1,,,,,0.015726,DEFAULT
ga,hfvrp_n001_m03_s03,1,3,0.000000,75,130.438737,0.000000,130.438737,0.000000,,,0,1,,,,,0.002577,SMALL
ga,hfvrp_n001_m03_s04,1,3,0.000000,50,122.386776,0.000000,122.386776,0.000000,,,0,1,,,,,0.742182,BIG
ga,hfvrp_n001_m03_s04,1,3,0.000000,75,122.386776,0.000000,122.386776,0.000000,,,0,1,,,,,0.013843,DEFAULT
ga,hfvrp_n001_m03_s04,1,3,0.000000,75,122.386776,0.000000,122.386776,0.000000,,,0,1,,,,,0.001355,SMALL
ga,hfvrp_n001_m03_s05,1,3,0.000000,1788103989185476439,89.097550,34.548775,89.097550,0.000000,,,0,1,,,,,0.246398,MEDIUM
ga,ex4_3v_infeasible,4,3,0.000000,19345,141.798990,0.000000,141.798990,0.000000,,,0,0,,,,,0.462794,MEDIUM
ga,hfvrp_n001_m03_s02,1,3,0.000000,200,156.310634,50.546098,156.310634,0.000000,,,0,1,,,,,0.743347,BIG
ga,hfvrp_n001_m03_s03,1,3,0.000000,75,130.438737,0.000000,130.438737,0.000000,,,0,1,,,,,0.247029,MEDIUM
ga,hfvrp_n001_m03_s02,1,3,0.000000,999,156.310634,50.546098,156.310634,0.000000,,,0,1,,,,,0.012498,DEFAULT
ga,hfvrp_n001_m03_s02,1,3,0.000000,999,156.310634,50.546098,156.310634,0.000000,,,0,1,,,,,0.001350,SMALL
ga,ex3_3v_all_feasible,3,3,0.000000,1788104121551036936,162.000000,20.000000,162.000000,0.000000,,,0,1,,,,,1.201786,BIG
ga,hfvrp_n001_m03_s04,1,3,0.000000,75,122.386776,0.000000,122.386776,0.000000,,,0,1,,,,,0.246738,MEDIUM
ga,hfvrp_n002_m03_s01,2,3,0.000000,1788101614548699585,262.852855,468.007587,262.852855,0.000000,,,0,1,,,,,0.017096,DEFAULT
ga,hfvrp_n002_m03_s01,2,3,0.000000,1788101618864522820,262.852855,468.007587,262.852855,0.000000,,,0,1,,,,,0.001753,SMALL
ga,hfvrp_n001_m03_s02,1,3,0.000000,999,156.310634,50.546098,156.310634,0.000000,,,0,1,,,,,0.245995,MEDIUM
ga,hfvrp_n002_m03_s01,2,3,0.000000,1788101623164958984,262.852855,468.007587,262.852855,0.000000,,,0,1,,,,,0.321692,MEDIUM
ga,hfvrp_n001_m03_s05,1,3,0.000000,1788101579959159463,89.097550,34.548775,89.097550,0.000000,,,0,1,,,,,0.734160,BIG
ga,hfvrp_n001_m03_s05,1,3,0.000000,1,89.097550,34.548775,89.097550,0.000000,,,0,1,,,,,0.012398,DEFAULT
ga,hfvrp_n001_m03_s05,1,3,0.000000,1,89.097550,34.548775,89.097550,0.000000,,,0,1,,,,,0.001334,SMALL
ga,hfvrp_n001_m03_s03,1,3,0.000000,75,130.438737,0.000000,130.438737,0.000000,,,0,1,,,,,0.742940,BIG
ga,hfvrp_n001_m03_s03,1,3,0.000000,100,130.438737,0.000000,130.438737,0.000000,,,0,1,,,,,0.013901,DEFAULT
ga,hfvrp_n001_m03_s03,1,3,0.000000,100,130.438737,0.000000,130.438737,0.000000,,,0,1,,,,,0.001285,SMALL
ga,hfvrp_n001_m03_s04,1,3,0.000000,75,122.386776,0.000000,122.386776,0.000000,,,0,1,,,,,0.732334,BIG
ga,hfvrp_n001_m03_s04,1,3,0.000000,100,122.386776,0.000000,122.386776,0.000000,,,0,1,,,,,0.016713,DEFAULT
ga,hfvrp_n001_m03_s04,1,3,0.000000,100,122.386776,0.000000,122.386776,0.000000,,,0,1,,,,,0.001302,SMALL
ga,hfvrp_n001_m03_s05,1,3,0.000000,1,89.097550,34.548775,89.097550,0.000000,,,0,1,,,,,0.253019,MEDIUM
ga,hfvrp_n001_m03_s02,1,3,0.000000,999,156.310634,50.546098,156.310634,0.000000,,,0,1,,,,,0.736844,BIG
ga,hfvrp_n001_m03_s03,1,3,0.000000,100,130.438737,0.000000,130.438737,0.000000,,,0,1,,,,,0.251010,MEDIUM
ga,hfvrp_n001_m03_s02,1,3,0.000000,1234,156.310634,50.546098,156.310634,0.000000,,,0,1,,,,,0.014140,DEFAULT
ga,hfvrp_n001_m03_s02,1,3,0.000000,1234,156.310634,50.546098,156.310634,0.000000,,,0,1,,,,,0.001335,SMALL
ga,hfvrp_n001_m03_s04,1,3,0.000000,100,122.386776,0.000000,122.386776,0.000000,,,0,1,,,,,0.250587,MEDIUM
ga,hfvrp_n001_m03_s02,1,3,0.000000,1234,156.310634,50.546098,156.310634,0.000000,,,0,1,,,,,0.240776,MEDIUM
ga,ex4_3v_infeasible,4,3,0.000000,19345,141.798990,0.000000,141.798990,0.000000,,,0,0,,,,,1.380965,BIG
ga,ex4_3v_infeasible,4,3,0.000000,1788101310801153812,141.798990,10.000000,141.798990,0.000000,,,0,0,,,,,0.022710,DEFAULT
ga,ex4_3v_infeasible,4,3,0.000000,1788101306537283263,141.798990,0.000000,141.798990,0.000000,,,0,0,,,,,0.004575,SMALL
ga,hfvrp_n002_m03_s01,2,3,0.000000,1788101632080621771,262.852855,468.007587,262.852855,0.000000,,,0,1,,,,,0.976797,BIG
ga,hfvrp_n002_m03_s01,2,3,0.000000,1,262.852855,468.007587,262.852855,0.000000,,,0,1,,,,,0.019043,DEFAULT
ga,hfvrp_n002_m03_s01,2,3,0.000000,1,262.852855,468.007587,262.852855,0.000000,,,0,1,,,,,0.003373,SMALL
ga,hfvrp_n001_m03_s05,1,3,0.000000,1,89.097550,34.548775,89.097550,0.000000,,,0,1,,,,,0.733725,BIG
ga,hfvrp_n001_m03_s05,1,3,0.000000,10,89.097550,34.548775,89.097550,0.000000,,,0,1,,,,,0.016626,DEFAULT
ga,hfvrp_n001_m03_s05,1,3,0.000000,10,89.097550,34.548775,89.097550,0.000000,,,0,1,,,,,0.001328,SMALL
ga,hfvrp_n001_m03_s03,1,3,0.000000,100,130.438737,0.000000,130.438737,0.000000,,,0,1,,,,,0.736689,BIG
ga,hfvrp_n001_m03_s03,1,3,0.000000,200,130.438737,0.000000,130.438737,0.000000,,,0,1,,,,,0.017091,DEFAULT
ga,hfvrp_n001_m03_s03,1,3,0.000000,200,130.438737,0.000000,130.438737,0.000000,,,0,1,,,,,0.001235,SMALL
ga,ex4_3v_infeasible,4,3,0.000000,1788101319431587510,141.798990,10.000000,141.798990,0.000000,,,0,0,,,,,0.458751,MEDIUM
ga,hfvrp_n002_m03_s01,2,3,0.000000,1,262.852855,468.007587,262.852855,0.000000,,,0,1,,,,,0.324226,MEDIUM
ga,hfvrp_n001_m03_s04,1,3,0.000000,100,122.386776,0.000000,122.386776,0.000000,,,0,1,,,,,0.739113,BIG
ga,hfvrp_n001_m03_s04,1,3,0.000000,200,122.386776,0.000000,122.386776,0.000000,,,0,1,,,,,0.015225,DEFAULT
ga,hfvrp_n001_m03_s04,1,3,0.000000,200,122.386776,0.000000,122.386776,0.000000,,,0,1,,,,,0.001849,SMALL
ga,hfvrp_n001_m03_s05,1,3,0.000000,10,89.097550,34.548775,89.097550,0.000000,,,0,1,,,,,0.252379,MEDIUM
ga,hfvrp_n001_m03_s02,1,3,0.000000,1234,156.310634,50.546098,156.310634,0.000000,,,0,1,,,,,0.737551,BIG
ga,hfvrp_n001_m03_s02,1,3,0.000000,9999,156.310634,50.546098,156.310634,0.000000,,,0,1,,,,,0.014901,DEFAULT
ga,hfvrp_n001_m03_s02,1,3,0.000000,9999,156.310634,50.546098,156.310634,0.000000,,,0,1,,,,,0.001329,SMALL
ga,hfvrp_n001_m03_s03,1,3,0.000000,200,130.438737,0.000000,130.438737,0.000000,,,0,1,,,,,0.249319,MEDIUM
ga,hfvrp_n001_m03_s04,1,3,0.000000,200,122.386776,0.000000,122.386776,0.000000,,,0,1,,,,,0.245754,MEDIUM
ga,hfvrp_n001_m03_s02,1,3,0.000000,9999,156.310634,50.546098,156.310634,0.000000,,,0,1,,,,,0.250131,MEDIUM
ga,hfvrp_n001_m03_s05,1,3,0.000000,10,89.097550,34.548775,89.097550,0.000000,,,0,1,,,,,0.725713,BIG
ga,hfvrp_n001_m03_s05,1,3,0.000000,50,89.097550,34.548775,89.097550,0.000000,,,0,1,,,,,0.013498,DEFAULT
ga,hfvrp_n001_m03_s05,1,3,0.000000,50,89.097550,34.548775,89.097550,0.000000,,,0,1,,,,,0.003720,SMALL
ga,hfvrp_n001_m03_s03,1,3,0.000000,200,130.438737,0.000000,130.438737,0.000000,,,0,1,,,,,0.727149,BIG
ga,hfvrp_n002_m03_s01,2,3,0.000000,1,262.852855,468.007587,262.852855,0.000000,,,0,1,,,,,0.971288,BIG
ga,hfvrp_n001_m03_s03,1,3,0.000000,999,130.438737,0.000000,130.438737,0.000000,,,0,1,,,,,0.017690,DEFAULT
ga,hfvrp_n001_m03_s03,1,3,0.000000,999,130.438737,0.000000,130.438737,0.000000,,,0,1,,,,,0.002901,SMALL
ga,hfvrp_n002_m03_s01,2,3,0.000000,10,262.852855,468.007587,262.852855,0.000000,,,0,1,,,,,0.019693,DEFAULT
ga,hfvrp_n002_m03_s01,2,3,0.000000,10,262.852855,468.007587,262.852855,0.000000,,,0,1,,,,,0.001759,SMALL
ga,hfvrp_n001_m03_s04,1,3,0.000000,200,122.386776,0.000000,122.386776,0.000000,,,0,1,,,,,0.726859,BIG
ga,hfvrp_n001_m03_s04,1,3,0.000000,999,122.386776,0.000000,122.386776,0.000000,,,0,1,,,,,0.015047,DEFAULT
ga,hfvrp_n001_m03_s04,1,3,0.000000,999,122.386776,0.000000,122.386776,0.000000,,,0,1,,,,,0.001307,SMALL
ga,hfvrp_n001_m03_s05,1,3,0.000000,50,89.097550,34.548775,89.097550,0.000000,,,0,1,,,,,0.252707,MEDIUM
ga,hfvrp_n001_m03_s02,1,3,0.000000,9999,156.310634,50.546098,156.310634,0.000000,,,0,1,,,,,0.735635,BIG
ga,hfvrp_n001_m03_s02,1,3,0.000000,19345,156.310634,50.546098,156.310634,0.000000,,,0,1,,,,,0.012495,DEFAULT
ga,hfvrp_n001_m03_s02,1,3,0.000000,19345,156.310634,50.546098,156.310634,0.000000,,,0,1,,,,,0.001335,SMALL
ga,hfvrp_n001_m03_s03,1,3,0.000000,999,130.438737,0.000000,130.438737,0.000000,,,0,1,,,,,0.248197,MEDIUM
ga,hfvrp_n002_m03_s01,2,3,0.000000,10,262.852855,468.007587,262.852855,0.000000,,,0,1,,,,,0.328273,MEDIUM
ga,hfvrp_n001_m03_s04,1,3,0.000000,999,122.386776,0.000000,122.386776,0.000000,,,0,1,,,,,0.250773,MEDIUM
ga,ex4_3v_infeasible,4,3,0.000000,1788101345664144209,141.798990,10.000000,141.798990,0.000000,,,0,0,,,,,1.383266,BIG
ga,hfvrp_n002_m03_s02,2,3,0.000000,1788100900409617672,139.033247,41.343143,139.033247,0.000000,,,0,1,,,,,0.016477,DEFAULT
ga,hfvrp_n002_m03_s02,2,3,0.000000,1788100896134894816,139.033247,77.690105,139.033247,0.000000,,,0,1,,,,,0.001742,SMALL
ga,hfvrp_n001_m03_s02,1,3,0.000000,19345,156.310634,50.546098,156.310634,0.000000,,,0,1,,,,,0.252825,MEDIUM
ga,hfvrp_n002_m03_s02,2,3,0.000000,1788100909025243797,139.033247,41.343143,139.033247,0.000000,,,0,1,,,,,0.320428,MEDIUM
ga,hfvrp_n001_m03_s05,1,3,0.000000,50,89.097550,34.548775,89.097550,0.000000,,,0,1,,,,,0.749570,BIG
ga,hfvrp_n001_m03_s05,1,3,0.000000,75,89.097550,34.548775,89.097550,0.000000,,,0,1,,,,,0.013660,DEFAULT
ga,hfvrp_n001_m03_s05,1,3,0.000000,75,89.097550,34.548775,89.097550,0.000000,,,0,1,,,,,0.002790,SMALL
ga,hfvrp_n001_m03_s03,1,3,0.000000,999,130.438737,0.000000,130.438737,0.000000,,,0,1,,,,,0.739931,BIG
ga,hfvrp_n001_m03_s03,1,3,0.000000,1234,130.438737,0.000000,130.438737,0.000000,,,0,1,,,,,0.012421,DEFAULT
ga,hfvrp_n001_m03_s03,1,3,0.000000,1234,130.438737,0.000000,130.438737,0.000000,,,0,1,,,,,0.002483,SMALL
ga,hfvrp_n001_m03_s04,1,3,0.000000,999,122.386776,0.000000,122.386776,0.000000,,,0,1,,,,,0.734612,BIG
ga,hfvrp_n001_m03_s04,1,3,0.000000,1234,122.386776,0.000000,122.386776,0.000000,,,0,1,,,,,0.016956,DEFAULT
ga,hfvrp_n001_m03_s04,1,3,0.000000,1234,122.386776,0.000000,122.386776,0.000000,,,0,1,,,,,0.001231,SMALL
ga,hfvrp_n001_m03_s05,1,3,0.000000,75,89.097550,34.548775,89.097550,0.000000,,,0,1,,,,,0.243745,MEDIUM
ga,hfvrp_n001_m03_s02,1,3,0.000000,19345,156.310634,50.546098,156.310634,0.000000,,,0,1,,,,,0.728330,BIG
ga,hfvrp_n001_m03_s02,1,3,0.000000,1788100750920679018,156.310634,50.546098,156.310634,0.000000,,,0,1,,,,,0.012476,DEFAULT
ga,hfvrp_n001_m03_s02,1,3,0.000000,1788100763821750604,156.310634,50.546098,156.310634,0.000000,,,0,1,,,,,0.001334,SMALL
ga,hfvrp_n001_m03_s03,1,3,0.000000,1234,130.438737,0.000000,130.438737,0.000000,,,0,1,,,,,0.248488,MEDIUM
ga,hfvrp_n002_m03_s01,2,3,0.000000,10,262.852855,468.007587,262.852855,0.000000,,,0,1,,,,,0.981201,BIG
ga,hfvrp_n002_m03_s01,2,3,0.000000,50,262.852855,468.007587,262.852855,0.000000,,,0,1,,,,,0.019978,DEFAULT
ga,hfvrp_n002_m03_s01,2,3,0.000000,50,262.852855,468.007587,262.852855,0.000000,,,0,1,,,,,0.001826,SMALL
ga,hfvrp_n001_m03_s04,1,3,0.000000,1234,122.386776,0.000000,122.386776,0.000000,,,0,1,,,,,0.250094,MEDIUM
ga,hfvrp_n001_m03_s02,1,3,0.000000,1788100759531787639,156.310634,50.546098,156.310634,0.000000,,,0,1,,,,,0.247458,MEDIUM
ga,hfvrp_n002_m03_s01,2,3,0.000000,50,262.852855,468.007587,262.852855,0.000000,,,0,1,,,,,0.321141,MEDIUM
ga,hfvrp_n002_m03_s02,2,3,0.000000,1788100917943991982,139.033247,41.343143,139.033247,0.000000,,,0,1,,,,,0.971347,BIG
ga,hfvrp_n002_m03_s02,2,3,0.000000,1,139.033247,41.343143,139.033247,0.000000,,,0,1,,,,,0.020786,DEFAULT
ga,hfvrp_n002_m03_s02,2,3,0.000000,1,139.033247,41.343143,139.033247,0.000000,,,0,1,,,,,0.001744,SMALL
ga,hfvrp_n001_m03_s05,1,3,0.000000,75,89.097550,34.548775,89.097550,0.000000,,,0,1,,,,,0.744552,BIG
ga,hfvrp_n001_m03_s05,1,3,0.000000,100,89.097550,34.548775,89.097550,0.000000,,,0,1,,,,,0.012516,DEFAULT
ga,hfvrp_n001_m03_s05,1,3,0.000000,100,89.097550,34.548775,89.097550,0.000000,,,0,1,,,,,0.003964,SMALL
ga,hfvrp_n001_m03_s03,1,3,0.000000,1234,130.438737,0.000000,130.438737,0.000000,,,0,1,,,,,0.740462,BIG
ga,hfvrp_n001_m03_s03,1,3,0.000000,9999,130.438737,0.000000,130.438737,0.000000,,,0,1,,,,,0.013606,DEFAULT
ga,hfvrp_n001_m03_s03,1,3,0.000000,9999,130.438737,0.000000,130.438737,0.000000,,,0,1,,,,,0.001331,SMALL
ga,hfvrp_n002_m03_s02,2,3,0.000000,1,139.033247,41.343143,139.033247,0.000000,,,0,1,,,,,0.324041,MEDIUM
ga,hfvrp_n001_m03_s04,1,3,0.000000,1234,122.386776,0.000000,122.386776,0.000000,,,0,1,,,,,0.740837,BIG
ga,hfvrp_n001_m03_s04,1,3,0.000000,9999,122.386776,0.000000,122.386776,0.000000,,,0,1,,,,,0.016834,DEFAULT
ga,hfvrp_n001_m03_s04,1,3,0.000000,9999,122.386776,0.000000,122.386776,0.000000,,,0,1,,,,,0.004436,SMALL
ga,hfvrp_n001_m03_s05,1,3,0.000000,100,89.097550,34.548775,89.097550,0.000000,,,0,1,,,,,0.254061,MEDIUM
ga,hfvrp_n001_m03_s02,1,3,0.000000,1788100734013515249,156.310634,50.546098,156.310634,0.000000,,,0,1,,,,,0.743656,BIG
ga,hfvrp_n002_m03_s03,2,3,0.000000,1788100661775633919,185.309216,25.338303,185.309216,0.000000,,,0,1,,,,,0.016341,DEFAULT
ga,hfvrp_n002_m03_s03,2,3,0.000000,1788100648910722014,185.309216,25.338303,185.309216,0.000000,,,0,1,,,,,0.001627,SMALL
ga,hfvrp_n001_m03_s03,1,3,0.000000,9999,130.438737,0.000000,130.438737,0.000000,,,0,1,,,,,0.252909,MEDIUM
ga,hfvrp_n001_m03_s04,1,3,0.000000,9999,122.386776,0.000000,122.386776,0.000000,,,0,1,,,,,0.251753,MEDIUM
ga,hfvrp_n002_m03_s03,2,3,0.000000,1788100670394801648,185.309216,25.338303,185.309216,0.000000,,,0,1,,,,,0.332260,MEDIUM
ga,hfvrp_n002_m03_s01,2,3,0.000000,50,262.852855,468.007587,262.852855,0.000000,,,0,1,,,,,0.994515,BIG
ga,hfvrp_n002_m03_s01,2,3,0.000000,75,262.852855,468.007587,262.852855,0.000000,,,0,1,,,,,0.017482,DEFAULT
ga,hfvrp_n002_m03_s01,2,3,0.000000,75,262.852855,468.007587,262.852855,0.000000,,,0,1,,,,,0.003306,SMALL
ga,hfvrp_n001_m03_s05,1,3,0.000000,100,89.097550,34.548775,89.097550,0.000000,,,0,1,,,,,0.752876,BIG
ga,hfvrp_n001_m03_s05,1,3,0.000000,200,89.097550,34.548775,89.097550,0.000000,,,0,1,,,,,0.012558,DEFAULT
ga,hfvrp_n001_m03_s05,1,3,0.000000,200,89.097550,34.548775,89.097550,0.000000,,,0,1,,,,,0.002682,SMALL
ga,hfvrp_n001_m03_s03,1,3,0.000000,9999,130.438737,0.000000,130.438737,0.000000,,,0,1,,,,,0.734870,BIG
ga,hfvrp_n002_m03_s01,2,3,0.000000,75,262.852855,468.007587,262.852855,0.000000,,,0,1,,,,,0.323451,MEDIUM
ga,hfvrp_n001_m03_s03,1,3,0.000000,19345,130.438737,0.000000,130.438737,0.000000,,,0,1,,,,,0.012410,DEFAULT
ga,hfvrp_n002_m03_s02,2,3,0.000000,1,139.033247,41.343143,139.033247,0.000000,,,0,1,,,,,0.974789,BIG
ga,hfvrp_n001_m03_s03,1,3,0.000000,19345,130.438737,0.000000,130.438737,0.000000,,,0,1,,,,,0.001344,SMALL
ga,hfvrp_n002_m03_s02,2,3,0.000000,10,139.033247,41.343143,139.033247,0.000000,,,0,1,,,,,0.017813,DEFAULT
ga,hfvrp_n002_m03_s02,2,3,0.000000,10,139.033247,41.343143,139.033247,0.000000,,,0,1,,,,,0.003373,SMALL
ga,hfvrp_n001_m03_s04,1,3,0.000000,9999,122.386776,0.000000,122.386776,0.000000,,,0,1,,,,,0.747289,BIG
ga,hfvrp_n001_m03_s04,1,3,0.000000,19345,122.386776,0.000000,122.386776,0.000000,,,0,1,,,,,0.013546,DEFAULT
ga,hfvrp_n001_m03_s04,1,3,0.000000,19345,122.386776,0.000000,122.386776,0.000000,,,0,1,,,,,0.004211,SMALL
ga,hfvrp_n001_m03_s05,1,3,0.000000,200,89.097550,34.548775,89.097550,0.000000,,,0,1,,,,,0.254345,MEDIUM
ga,hfvrp_n001_m03_s03,1,3,0.000000,19345,130.438737,0.000000,130.438737,0.000000,,,0,1,,,,,0.246196,MEDIUM
ga,hfvrp_n002_m03_s02,2,3,0.000000,10,139.033247,41.343143,139.033247,0.000000,,,0,1,,,,,0.325067,MEDIUM
ga,hfvrp_n001_m03_s04,1,3,0.000000,19345,122.386776,0.000000,122.386776,0.000000,,,0,1,,,,,0.241781,MEDIUM
ga,hfvrp_n002_m03_s03,2,3,0.000000,1788100666436043862,185.309216,25.338303,185.309216,0.000000,,,0,1,,,,,0.970811,BIG
ga,hfvrp_n002_m03_s03,2,3,0.000000,1,185.309216,25.338303,185.309216,0.000000,,,0,1,,,,,0.016281,DEFAULT
ga,hfvrp_n002_m03_s03,2,3,0.000000,1,185.309216,25.338303,185.309216,0.000000,,,0,1,,,,,0.005321,SMALL
ga,hfvrp_n002_m03_s03,2,3,0.000000,1,185.309216,25.338303,185.309216,0.000000,,,0,1,,,,,0.319719,MEDIUM
ga,hfvrp_n001_m03_s05,1,3,0.000000,200,89.097550,34.548775,89.097550,0.000000,,,0,1,,,,,0.730484,BIG
ga,hfvrp_n002_m03_s01,2,3,0.000000,75,262.852855,468.007587,262.852855,0.000000,,,0,1,,,,,0.985094,BIG
ga,hfvrp_n001_m03_s05,1,3,0.000000,999,89.097550,34.548775,89.097550,0.000000,,,0,1,,,,,0.017323,DEFAULT
ga,hfvrp_n001_m03_s03,1,3,0.000000,19345,130.438737,0.000000,130.438737,0.000000,,,0,1,,,,,0.740548,BIG
ga,hfvrp_n002_m03_s01,2,3,0.000000,100,262.852855,468.007587,262.852855,0.000000,,,0,1,,,,,0.016429,DEFAULT
ga,hfvrp_n001_m03_s05,1,3,0.000000,999,89.097550,34.548775,89.097550,0.000000,,,0,1,,,,,0.001332,SMALL
ga,hfvrp_n002_m03_s01,2,3,0.000000,100,262.852855,468.007587,262.852855,0.000000,,,0,1,,,,,0.001785,SMALL
ga,hfvrp_n001_m03_s03,1,3,0.000000,1788102398749138901,130.438737,0.000000,130.438737,0.000000,,,0,1,,,,,0.013853,DEFAULT
ga,hfvrp_n001_m03_s03,1,3,0.000000,1788102403061315897,130.438737,0.000000,130.438737,0.000000,,,0,1,,,,,0.001354,SMALL
ga,hfvrp_n001_m03_s04,1,3,0.000000,19345,122.386776,0.000000,122.386776,0.000000,,,0,1,,,,,0.735086,BIG
ga,hfvrp_n001_m03_s04,1,3,0.000000,1788102377434347286,122.386776,0.000000,122.386776,0.000000,,,0,1,,,,,0.012404,DEFAULT
ga,hfvrp_n001_m03_s04,1,3,0.000000,1788102364565566732,122.386776,0.000000,122.386776,0.000000,,,0,1,,,,,0.001329,SMALL
ga,hfvrp_n001_m03_s05,1,3,0.000000,999,89.097550,34.548775,89.097550,0.000000,,,0,1,,,,,0.248406,MEDIUM
ga,hfvrp_n001_m03_s03,1,3,0.000000,1788102424540816515,130.438737,0.000000,130.438737,0.000000,,,0,1,,,,,0.247069,MEDIUM
ga,hfvrp_n002_m03_s01,2,3,0.000000,100,262.852855,468.007587,262.852855,0.000000,,,0,1,,,,,0.334745,MEDIUM
ga,hfvrp_n002_m03_s02,2,3,0.000000,10,139.033247,41.343143,139.033247,0.000000,,,0,1,,,,,0.964047,BIG
ga,hfvrp_n002_m03_s02,2,3,0.000000,50,139.033247,41.343143,139.033247,0.000000,,,0,1,,,,,0.016709,DEFAULT
ga,hfvrp_n002_m03_s02,2,3,0.000000,50,139.033247,41.343143,139.033247,0.000000,,,0,1,,,,,0.001676,SMALL
ga,hfvrp_n001_m03_s04,1,3,0.000000,1788102368865505292,122.386776,0.000000,122.386776,0.000000,,,0,1,,,,,0.246250,MEDIUM
ga,hfvrp_n002_m03_s02,2,3,0.000000,50,139.033247,41.343143,139.033247,0.000000,,,0,1,,,,,0.318565,MEDIUM
ga,hfvrp_n002_m03_s03,2,3,0.000000,1,185.309216,25.338303,185.309216,0.000000,,,0,1,,,,,0.978119,BIG
ga,hfvrp_n002_m03_s03,2,3,0.000000,10,185.309216,25.338303,185.309216,0.000000,,,0,1,,,,,0.017063,DEFAULT
ga,hfvrp_n002_m03_s03,2,3,0.000000,10,185.309216,25.338303,185.309216,0.000000,,,0,1,,,,,0.004505,SMALL
ga,hfvrp_n001_m03_s05,1,3,0.000000,999,89.097550,34.548775,89.097550,0.000000,,,0,1,,,,,0.740648,BIG
ga,hfvrp_n001_m03_s03,1,3,0.000000,1788102394727018600,130.438737,0.000000,130.438737,0.000000,,,0,1,,,,,0.731953,BIG
ga,hfvrp_n001_m03_s05,1,3,0.000000,1234,89.097550,34.548775,89.097550,0.000000,,,0,1,,,,,0.012621,DEFAULT
ga,hfvrp_n001_m03_s05,1,3,0.000000,1234,89.097550,34.548775,89.097550,0.000000,,,0,1,,,,,0.002694,SMALL
ga,hfvrp_n002_m03_s04,2,3,0.000000,1788102335375482709,174.940044,35.445494,174.940044,0.000000,,,0,1,,,,,0.020180,DEFAULT
ga,hfvrp_n002_m03_s04,2,3,0.000000,1788102356878655741,174.940044,35.445494,174.940044,0.000000,,,0,1,,,,,0.003265,SMALL
ga,hfvrp_n001_m03_s04,1,3,0.000000,1788102485079783509,122.386776,0.000000,122.386776,0.000000,,,0,1,,,,,0.736318,BIG
ga,hfvrp_n002_m03_s05,2,3,0.000000,1788102129375390010,302.671304,316.313399,302.671304,0.000000,,,0,1,,,,,0.019651,DEFAULT
ga,hfvrp_n002_m03_s05,2,3,0.000000,1788102150876660206,302.671304,316.313399,302.671304,0.000000,,,0,1,,,,,0.004835,SMALL
ga,hfvrp_n002_m03_s03,2,3,0.000000,10,185.309216,25.338303,185.309216,0.000000,,,0,1,,,,,0.333116,MEDIUM
ga,hfvrp_n001_m03_s05,1,3,0.000000,1234,89.097550,34.548775,89.097550,0.000000,,,0,1,,,,,0.253371,MEDIUM
ga,hfvrp_n002_m03_s01,2,3,0.000000,100,262.852855,468.007587,262.852855,0.000000,,,0,1,,,,,0.979291,BIG
ga,hfvrp_n002_m03_s01,2,3,0.000000,200,262.852855,468.007587,262.852855,0.000000,,,0,1,,,,,0.015852,DEFAULT
ga,hfvrp_n002_m03_s01,2,3,0.000000,200,262.852855,468.007587,262.852855,0.000000,,,0,1,,,,,0.001664,SMALL
ga,hfvrp_n002_m03_s04,2,3,0.000000,1788102361181554427,174.940044,35.445494,174.940044,0.000000,,,0,1,,,,,0.327766,MEDIUM
ga,hfvrp_n002_m03_s05,2,3,0.000000,1788102155180959188,302.671304,405.604614,302.671304,0.000000,,,0,1,,,,,0.317938,MEDIUM
ga,hfvrp_n002_m03_s01,2,3,0.000000,200,262.852855,468.007587,262.852855,0.000000,,,0,1,,,,,0.316269,MEDIUM
ga,hfvrp_n002_m03_s02,2,3,0.000000,50,139.033247,41.343143,139.033247,0.000000,,,0,1,,,,,0.973135,BIG
ga,hfvrp_n002_m03_s02,2,3,0.000000,75,139.033247,41.343143,139.033247,0.000000,,,0,1,,,,,0.020603,DEFAULT
ga,hfvrp_n002_m03_s02,2,3,0.000000,75,139.033247,41.343143,139.033247,0.000000,,,0,1,,,,,0.003102,SMALL
ga,hfvrp_n001_m03_s05,1,3,0.000000,1234,89.097550,34.548775,89.097550,0.000000,,,0,1,,,,,0.727028,BIG
ga,hfvrp_n002_m03_s02,2,3,0.000000,75,139.033247,41.343143,139.033247,0.000000,,,0,1,,,,,0.317729,MEDIUM
ga,hfvrp_n001_m03_s05,1,3,0.000000,9999,89.097550,34.548775,89.097550,0.000000,,,0,1,,,,,0.012474,DEFAULT
ga,hfvrp_n001_m03_s05,1,3,0.000000,9999,89.097550,34.548775,89.097550,0.000000,,,0,1,,,,,0.001861,SMALL
ga,hfvrp_n002_m03_s03,2,3,0.000000,10,185.309216,25.338303,185.309216,0.000000,,,0,1,,,,,0.968600,BIG
ga,hfvrp_n002_m03_s03,2,3,0.000000,50,185.309216,25.338303,185.309216,0.000000,,,0,1,,,,,0.020557,DEFAULT
ga,hfvrp_n002_m03_s03,2,3,0.000000,50,185.309216,25.338303,185.309216,0.000000,,,0,1,,,,,0.003018,SMALL
ga,hfvrp_n001_m03_s05,1,3,0.000000,9999,89.097550,34.548775,89.097550,0.000000,,,0,1,,,,,0.244866,MEDIUM
ga,hfvrp_n002_m03_s04,2,3,0.000000,1788102112409792157,174.940044,547.638024,174.940044,0.000000,,,0,1,,,,,0.966882,BIG
ga,hfvrp_n002_m03_s04,2,3,0.000000,1,174.940044,35.445494,174.940044,0.000000,,,0,1,,,,,0.016854,DEFAULT
ga,hfvrp_n002_m03_s04,2,3,0.000000,1,174.940044,35.445494,174.940044,0.000000,,,0,1,,,,,0.001650,SMALL
ga,hfvrp_n002_m03_s05,2,3,0.000000,1788102202747456295,302.671304,316.313399,302.671304,0.000000,,,0,1,,,,,0.961402,BIG
ga,hfvrp_n002_m03_s05,2,3,0.000000,1,302.671304,316.313399,302.671304,0.000000,,,0,1,,,,,0.019273,DEFAULT
ga,hfvrp_n002_m03_s05,2,3,0.000000,1,302.671304,316.313399,302.671304,0.000000,,,0,1,,,,,0.003126,SMALL
ga,hfvrp_n002_m03_s03,2,3,0.000000,50,185.309216,25.338303,185.309216,0.000000,,,0,1,,,,,0.326771,MEDIUM
ga,hfvrp_n002_m03_s01,2,3,0.000000,200,262.852855,468.007587,262.852855,0.000000,,,0,1,,,,,0.976818,BIG
ga,hfvrp_n002_m03_s01,2,3,0.000000,999,262.852855,468.007587,262.852855,0.000000,,,0,1,,,,,0.019105,DEFAULT
ga,hfvrp_n002_m03_s01,2,3,0.000000,999,262.852855,468.007587,262.852855,0.000000,,,0,1,,,,,0.004863,SMALL
ga,hfvrp_n002_m03_s04,2,3,0.000000,1,174.940044,35.445494,174.940044,0.000000,,,0,1,,,,,0.326686,MEDIUM
ga,hfvrp_n002_m03_s05,2,3,0.000000,1,302.671304,316.313399,302.671304,0.000000,,,0,1,,,,,0.320482,MEDIUM
ga,hfvrp_n002_m03_s02,2,3,0.000000,75,139.033247,41.343143,139.033247,0.000000,,,0,1,,,,,0.968926,BIG
ga,hfvrp_n002_m03_s01,2,3,0.000000,999,262.852855,468.007587,262.852855,0.000000,,,0,1,,,,,0.320644,MEDIUM
ga,hfvrp_n002_m03_s02,2,3,0.000000,100,139.033247,77.690105,139.033247,0.000000,,,0,1,,,,,0.018323,DEFAULT
ga,hfvrp_n001_m03_s05,1,3,0.000000,9999,89.097550,34.548775,89.097550,0.000000,,,0,1,,,,,0.739348,BIG
ga,hfvrp_n002_m03_s02,2,3,0.000000,100,139.033247,77.690105,139.033247,0.000000,,,0,1,,,,,0.003470,SMALL
ga,hfvrp_n001_m03_s05,1,3,0.000000,19345,89.097550,34.548775,89.097550,0.000000,,,0,1,,,,,0.013703,DEFAULT
ga,hfvrp_n001_m03_s05,1,3,0.000000,19345,89.097550,34.548775,89.097550,0.000000,,,0,1,,,,,0.003712,SMALL
ga,hfvrp_n001_m03_s05,1,3,0.000000,19345,89.097550,34.548775,89.097550,0.000000,,,0,1,,,,,0.237450,MEDIUM
ga,hfvrp_n002_m03_s02,2,3,0.000000,100,139.033247,77.690105,139.033247,0.000000,,,0,1,,,,,0.315514,MEDIUM
ga,hfvrp_n002_m03_s03,2,3,0.000000,50,185.309216,25.338303,185.309216,0.000000,,,0,1,,,,,0.964652,BIG
ga,hfvrp_n002_m03_s03,2,3,0.000000,75,185.309216,25.338303,185.309216,0.000000,,,0,1,,,,,0.016393,DEFAULT
ga,hfvrp_n002_m03_s03,2,3,0.000000,75,185.309216,25.338303,185.309216,0.000000,,,0,1,,,,,0.001758,SMALL
ga,hfvrp_n002_m03_s04,2,3,0.000000,1,174.940044,35.445494,174.940044,0.000000,,,0,1,,,,,0.958120,BIG
ga,hfvrp_n002_m03_s04,2,3,0.000000,10,174.940044,35.445494,174.940044,0.000000,,,0,1,,,,,0.017265,DEFAULT
ga,hfvrp_n002_m03_s04,2,3,0.000000,10,174.940044,35.445494,174.940044,0.000000,,,0,1,,,,,0.003334,SMALL
ga,hfvrp_n002_m03_s05,2,3,0.000000,1,302.671304,316.313399,302.671304,0.000000,,,0,1,,,,,0.966086,BIG
ga,hfvrp_n002_m03_s05,2,3,0.000000,10,302.671304,316.313399,302.671304,0.000000,,,0,1,,,,,0.020138,DEFAULT
ga,hfvrp_n002_m03_s05,2,3,0.000000,10,302.671304,316.313399,302.671304,0.000000,,,0,1,,,,,0.004007,SMALL
ga,hfvrp_n002_m03_s03,2,3,0.000000,75,185.309216,25.338303,185.309216,0.000000,,,0,1,,,,,0.325485,MEDIUM
ga,hfvrp_n002_m03_s01,2,3,0.000000,999,262.852855,468.007587,262.852855,0.000000,,,0,1,,,,,0.964888,BIG
ga,hfvrp_n002_m03_s01,2,3,0.000000,1234,262.852855,468.007587,262.852855,0.000000,,,0,1,,,,,0.018478,DEFAULT
ga,hfvrp_n002_m03_s01,2,3,0.000000,1234,262.852855,468.007587,262.852855,0.000000,,,0,1,,,,,0.001710,SMALL
ga,hfvrp_n001_m03_s05,1,3,0.000000,19345,89.097550,34.548775,89.097550,0.000000,,,0,1,,,,,0.735818,BIG
ga,hfvrp_n001_m03_s05,1,3,0.000000,1788101780073795094,89.097550,34.548775,89.097550,0.000000,,,0,1,,,,,0.016946,DEFAULT
ga,hfvrp_n001_m03_s05,1,3,0.000000,1788101810161126764,89.097550,34.548775,89.097550,0.000000,,,0,1,,,,,0.002783,SMALL
ga,hfvrp_n002_m03_s04,2,3,0.000000,10,174.940044,35.445494,174.940044,0.000000,,,0,1,,,,,0.331041,MEDIUM
ga,hfvrp_n002_m03_s05,2,3,0.000000,10,302.671304,316.313399,302.671304,0.000000,,,0,1,,,,,0.324604,MEDIUM
ga,hfvrp_n002_m03_s02,2,3,0.000000,100,139.033247,77.690105,139.033247,0.000000,,,0,1,,,,,0.984752,BIG
ga,hfvrp_n001_m03_s05,1,3,0.000000,1788101805872559703,89.097550,34.548775,89.097550,0.000000,,,0,1,,,,,0.241330,MEDIUM
ga,hfvrp_n002_m03_s01,2,3,0.000000,1234,262.852855,468.007587,262.852855,0.000000,,,0,1,,,,,0.326554,MEDIUM
ga,hfvrp_n002_m03_s02,2,3,0.000000,200,139.033247,41.343143,139.033247,0.000000,,,0,1,,,,,0.016171,DEFAULT
ga,hfvrp_n002_m03_s02,2,3,0.000000,200,139.033247,41.343143,139.033247,0.000000,,,0,1,,,,,0.001742,SMALL
ga,hfvrp_n002_m03_s02,2,3,0.000000,200,139.033247,41.343143,139.033247,0.000000,,,0,1,,,,,0.313765,MEDIUM
ga,hfvrp_n002_m03_s03,2,3,0.000000,75,185.309216,25.338303,185.309216,0.000000,,,0,1,,,,,0.975126,BIG
ga,hfvrp_n002_m03_s03,2,3,0.000000,100,185.309216,25.338303,185.309216,0.000000,,,0,1,,,,,0.017346,DEFAULT
ga,hfvrp_n002_m03_s03,2,3,0.000000,100,185.309216,25.338303,185.309216,0.000000,,,0,1,,,,,0.001752,SMALL
ga,hfvrp_n002_m03_s04,2,3,0.000000,10,174.940044,35.445494,174.940044,0.000000,,,0,1,,,,,0.954678,BIG
ga,hfvrp_n001_m03_s05,1,3,0.000000,1788101745992157990,89.097550,34.548775,89.097550,0.000000,,,0,1,,,,,0.735647,BIG
ga,hfvrp_n002_m03_s04,2,3,0.000000,50,174.940044,35.445494,174.940044,0.000000,,,0,1,,,,,0.017720,DEFAULT
ga,hfvrp_n002_m03_s04,2,3,0.000000,50,174.940044,35.445494,174.940044,0.000000,,,0,1,,,,,0.003126,SMALL
ga,hfvrp_n005_m03_s01,5,3,0.000000,1788099410301939442,350.283936,926.908793,350.283936,0.000000,,,0,1,,,,,0.024072,DEFAULT
ga,hfvrp_n005_m03_s01,5,3,0.000000,1788099431804721375,350.283936,926.908793,350.283936,0.000000,,,0,1,,,,,0.002632,SMALL
ga,hfvrp_n002_m03_s05,2,3,0.000000,10,302.671304,316.313399,302.671304,0.000000,,,0,1,,,,,0.967560,BIG
ga,hfvrp_n002_m03_s05,2,3,0.000000,50,302.671304,316.313399,302.671304,0.000000,,,0,1,,,,,0.017136,DEFAULT
ga,hfvrp_n002_m03_s05,2,3,0.000000,50,302.671304,316.313399,302.671304,0.000000,,,0,1,,,,,0.003264,SMALL
ga,hfvrp_n002_m03_s03,2,3,0.000000,100,185.309216,25.338303,185.309216,0.000000,,,0,1,,,,,0.336098,MEDIUM
ga,hfvrp_n002_m03_s01,2,3,0.000000,1234,262.852855,468.007587,262.852855,0.000000,,,0,1,,,,,0.977799,BIG
ga,hfvrp_n002_m03_s01,2,3,0.000000,9999,262.852855,468.007587,262.852855,0.000000,,,0,1,,,,,0.020931,DEFAULT
ga,hfvrp_n002_m03_s01,2,3,0.000000,9999,262.852855,468.007587,262.852855,0.000000,,,0,1,,,,,0.002961,SMALL
ga,hfvrp_n002_m03_s04,2,3,0.000000,50,174.940044,35.445494,174.940044,0.000000,,,0,1,,,,,0.322272,MEDIUM
ga,hfvrp_n002_m03_s05,2,3,0.000000,50,302.671304,316.313399,302.671304,0.000000,,,0,1,,,,,0.318003,MEDIUM
ga,hfvrp_n005_m03_s01,5,3,0.000000,1788099427516152040,350.283936,926.908793,350.283936,0.000000,,,0,1,,,,,0.477962,MEDIUM
ga,hfvrp_n002_m03_s02,2,3,0.000000,200,139.033247,41.343143,139.033247,0.000000,,,0,1,,,,,0.965875,BIG
ga,hfvrp_n002_m03_s02,2,3,0.000000,999,139.033247,77.690105,139.033247,0.000000,,,0,1,,,,,0.017242,DEFAULT
ga,hfvrp_n002_m03_s01,2,3,0.000000,9999,262.852855,468.007587,262.852855,0.000000,,,0,1,,,,,0.324146,MEDIUM
ga,hfvrp_n002_m03_s02,2,3,0.000000,999,139.033247,77.690105,139.033247,0.000000,,,0,1,,,,,0.001648,SMALL
ga,hfvrp_n002_m03_s02,2,3,0.000000,999,139.033247,77.690105,139.033247,0.000000,,,0,1,,,,,0.312132,MEDIUM
ga,hfvrp_n002_m03_s03,2,3,0.000000,100,185.309216,25.338303,185.309216,0.000000,,,0,1,,,,,0.957832,BIG
ga,hfvrp_n002_m03_s03,2,3,0.000000,200,185.309216,25.338303,185.309216,0.000000,,,0,1,,,,,0.019820,DEFAULT
ga,hfvrp_n002_m03_s03,2,3,0.000000,200,185.309216,25.338303,185.309216,0.000000,,,0,1,,,,,0.004447,SMALL
ga,hfvrp_n002_m03_s04,2,3,0.000000,50,174.940044,35.445494,174.940044,0.000000,,,0,1,,,,,0.955791,BIG
ga,hfvrp_n002_m03_s04,2,3,0.000000,75,174.940044,35.445494,174.940044,0.000000,,,0,1,,,,,0.019733,DEFAULT
ga,hfvrp_n002_m03_s04,2,3,0.000000,75,174.940044,35.445494,174.940044,0.000000,,,0,1,,,,,0.004380,SMALL
ga,hfvrp_n002_m03_s05,2,3,0.000000,50,302.671304,316.313399,302.671304,0.000000,,,0,1,,,,,0.946380,BIG
ga,hfvrp_n002_m03_s05,2,3,0.000000,75,302.671304,316.313399,302.671304,0.000000,,,0,1,,,,,0.019973,DEFAULT
ga,hfvrp_n002_m03_s05,2,3,0.000000,75,302.671304,316.313399,302.671304,0.000000,,,0,1,,,,,0.002899,SMALL
ga,hfvrp_n002_m03_s03,2,3,0.000000,200,185.309216,25.338303,185.309216,0.000000,,,0,1,,,,,0.322983,MEDIUM
ga,hfvrp_n002_m03_s01,2,3,0.000000,9999,262.852855,468.007587,262.852855,0.000000,,,0,1,,,,,0.955116,BIG
ga,hfvrp_n002_m03_s01,2,3,0.000000,19345,262.852855,468.007587,262.852855,0.000000,,,0,1,,,,,0.020257,DEFAULT
ga,hfvrp_n002_m03_s01,2,3,0.000000,19345,262.852855,468.007587,262.852855,0.000000,,,0,1,,,,,0.001697,SMALL
ga,hfvrp_n002_m03_s04,2,3,0.000000,75,174.940044,35.445494,174.940044,0.000000,,,0,1,,,,,0.325178,MEDIUM
ga,hfvrp_n002_m03_s05,2,3,0.000000,75,302.671304,316.313399,302.671304,0.000000,,,0,1,,,,,0.320049,MEDIUM
ga,hfvrp_n002_m03_s02,2,3,0.000000,999,139.033247,77.690105,139.033247,0.000000,,,0,1,,,,,0.967006,BIG
ga,hfvrp_n002_m03_s02,2,3,0.000000,1234,139.033247,77.690105,139.033247,0.000000,,,0,1,,,,,0.019964,DEFAULT
ga,hfvrp_n002_m03_s02,2,3,0.000000,1234,139.033247,77.690105,139.033247,0.000000,,,0,1,,,,,0.003377,SMALL
ga,hfvrp_n002_m03_s01,2,3,0.000000,19345,262.852855,468.007587,262.852855,0.000000,,,0,1,,,,,0.325816,MEDIUM
ga,hfvrp_n005_m03_s01,5,3,0.000000,1788099316333583288,350.283936,926.908793,350.283936,0.000000,,,0,1,,,,,1.436291,BIG
ga,hfvrp_n005_m03_s01,5,3,0.000000,1,350.283936,926.908793,350.283936,0.000000,,,0,1,,,,,0.025645,DEFAULT
ga,hfvrp_n005_m03_s01,5,3,0.000000,1,350.283936,926.908793,350.283936,0.000000,,,0,1,,,,,0.002568,SMALL
ga,hfvrp_n002_m03_s02,2,3,0.000000,1234,139.033247,77.690105,139.033247,0.000000,,,0,1,,,,,0.319671,MEDIUM
ga,hfvrp_n005_m03_s01,5,3,0.000000,1,350.283936,926.908793,350.283936,0.000000,,,0,1,,,,,0.476907,MEDIUM
ga,hfvrp_n002_m03_s03,2,3,0.000000,200,185.309216,25.338303,185.309216,0.000000,,,0,1,,,,,0.971273,BIG
ga,hfvrp_n002_m03_s03,2,3,0.000000,999,185.309216,25.338303,185.309216,0.000000,,,0,1,,,,,0.018268,DEFAULT
ga,hfvrp_n002_m03_s03,2,3,0.000000,999,185.309216,25.338303,185.309216,0.000000,,,0,1,,,,,0.003977,SMALL
ga,hfvrp_n002_m03_s04,2,3,0.000000,75,174.940044,35.445494,174.940044,0.000000,,,0,1,,,,,0.953367,BIG
ga,hfvrp_n002_m03_s04,2,3,0.000000,100,174.940044,547.638024,174.940044,0.000000,,,0,1,,,,,0.016887,DEFAULT
ga,hfvrp_n002_m03_s04,2,3,0.000000,100,174.940044,547.638024,174.940044,0.000000,,,0,1,,,,,0.001729,SMALL
ga,hfvrp_n002_m03_s05,2,3,0.000000,75,302.671304,316.313399,302.671304,0.000000,,,0,1,,,,,0.960554,BIG
ga,hfvrp_n002_m03_s05,2,3,0.000000,100,302.671304,405.604614,302.671304,0.000000,,,0,1,,,,,0.020378,DEFAULT
ga,hfvrp_n002_m03_s05,2,3,0.000000,100,302.671304,405.604614,302.671304,0.000000,,,0,1,,,,,0.003600,SMALL
ga,hfvrp_n002_m03_s03,2,3,0.000000,999,185.309216,25.338303,185.309216,0.000000,,,0,1,,,,,0.327022,MEDIUM
ga,hfvrp_n002_m03_s01,2,3,0.000000,19345,262.852855,468.007587,262.852855,0.000000,,,0,1,,,,,0.969636,BIG
ga,hfvrp_n002_m03_s01,2,3,0.000000,1788098829093483169,262.852855,468.007587,262.852855,0.000000,,,0,1,,,,,0.017701,DEFAULT
ga,hfvrp_n002_m03_s01,2,3,0.000000,1788098833409629303,262.852855,468.007587,262.852855,0.000000,,,0,1,,,,,0.001660,SMALL
ga,hfvrp_n002_m03_s04,2,3,0.000000,100,174.940044,547.638024,174.940044,0.000000,,,0,1,,,,,0.324973,MEDIUM
ga,hfvrp_n002_m03_s05,2,3,0.000000,100,302.671304,405.604614,302.671304,0.000000,,,0,1,,,,,0.321035,MEDIUM
ga,hfvrp_n002_m03_s02,2,3,0.000000,1234,139.033247,77.690105,139.033247,0.000000,,,0,1,,,,,0.959941,BIG
ga,hfvrp_n002_m03_s02,2,3,0.000000,9999,139.033247,41.343143,139.033247,0.000000,,,0,1,,,,,0.019430,DEFAULT
ga,hfvrp_n002_m03_s01,2,3,0.000000,1788098837709671790,262.852855,468.007587,262.852855,0.000000,,,0,1,,,,,0.322019,MEDIUM
ga,hfvrp_n002_m03_s02,2,3,0.000000,9999,139.033247,41.343143,139.033247,0.000000,,,0,1,,,,,0.005470,SMALL
ga,hfvrp_n002_m03_s02,2,3,0.000000,9999,139.033247,41.343143,139.033247,0.000000,,,0,1,,,,,0.317230,MEDIUM
ga,hfvrp_n002_m03_s03,2,3,0.000000,999,185.309216,25.338303,185.309216,0.000000,,,0,1,,,,,0.975352,BIG
ga,hfvrp_n002_m03_s03,2,3,0.000000,1234,185.309216,25.338303,185.309216,0.000000,,,0,1,,,,,0.017426,DEFAULT
ga,hfvrp_n002_m03_s03,2,3,0.000000,1234,185.309216,25.338303,185.309216,0.000000,,,0,1,,,,,0.003312,SMALL
ga,hfvrp_n005_m03_s01,5,3,0.000000,1,350.283936,926.908793,350.283936,0.000000,,,0,1,,,,,1.444909,BIG
ga,hfvrp_n002_m03_s04,2,3,0.000000,100,174.940044,547.638024,174.940044,0.000000,,,0,1,,,,,0.955011,BIG
ga,hfvrp_n005_m03_s01,5,3,0.000000,10,350.283936,926.908793,350.283936,0.000000,,,0,1,,,,,0.025536,DEFAULT
ga,hfvrp_n005_m03_s01,5,3,0.000000,10,350.283936,926.908793,350.283936,0.000000,,,0,1,,,,,0.002617,SMALL
ga,hfvrp_n002_m03_s04,2,3,0.000000,200,174.940044,35.445494,174.940044,0.000000,,,0,1,,,,,0.018979,DEFAULT
ga,hfvrp_n002_m03_s04,2,3,0.000000,200,174.940044,35.445494,174.940044,0.000000,,,0,1,,,,,0.003657,SMALL
ga,hfvrp_n002_m03_s05,2,3,0.000000,100,302.671304,405.604614,302.671304,0.000000,,,0,1,,,,,0.967808,BIG
ga,hfvrp_n002_m03_s05,2,3,0.000000,200,302.671304,316.313399,302.671304,0.000000,,,0,1,,,,,0.016131,DEFAULT
ga,hfvrp_n002_m03_s05,2,3,0.000000,200,302.671304,316.313399,302.671304,0.000000,,,0,1,,,,,0.001733,SMALL
ga,hfvrp_n002_m03_s01,2,3,0.000000,1788098911050147125,262.852855,468.007587,262.852855,0.000000,,,0,1,,,,,0.975621,BIG
ga,hfvrp_n002_m03_s03,2,3,0.000000,1234,185.309216,25.338303,185.309216,0.000000,,,0,1,,,,,0.331383,MEDIUM
ga,hfvrp_n005_m03_s02,5,3,0.000000,1788098727387999381,359.865479,294.868617,359.865479,0.000000,,,0,1,,,,,0.027669,DEFAULT
ga,hfvrp_n005_m03_s02,5,3,0.000000,1788098731714260785,359.865479,294.868617,359.865479,0.000000,,,0,1,,,,,0.002512,SMALL
ga,hfvrp_n002_m03_s04,2,3,0.000000,200,174.940044,35.445494,174.940044,0.000000,,,0,1,,,,,0.326773,MEDIUM
ga,hfvrp_n002_m03_s05,2,3,0.000000,200,302.671304,316.313399,302.671304,0.000000,,,0,1,,,,,0.320347,MEDIUM
ga,hfvrp_n005_m03_s01,5,3,0.000000,10,350.283936,926.908793,350.283936,0.000000,,,0,1,,,,,0.481355,MEDIUM
ga,hfvrp_n002_m03_s02,2,3,0.000000,9999,139.033247,41.343143,139.033247,0.000000,,,0,1,,,,,0.970059,BIG
ga,hfvrp_n002_m03_s02,2,3,0.000000,19345,139.033247,77.690105,139.033247,0.000000,,,0,1,,,,,0.020800,DEFAULT
ga,hfvrp_n002_m03_s02,2,3,0.000000,19345,139.033247,77.690105,139.033247,0.000000,,,0,1,,,,,0.003394,SMALL
ga,hfvrp_n005_m03_s02,5,3,0.000000,1788098736015451045,359.865479,294.868617,359.865479,0.000000,,,0,1,,,,,0.480874,MEDIUM
ga,hfvrp_n002_m03_s02,2,3,0.000000,19345,139.033247,77.690105,139.033247,0.000000,,,0,1,,,,,0.315134,MEDIUM
ga,hfvrp_n002_m03_s03,2,3,0.000000,1234,185.309216,25.338303,185.309216,0.000000,,,0,1,,,,,0.960677,BIG
ga,hfvrp_n002_m03_s03,2,3,0.000000,9999,185.309216,25.338303,185.309216,0.000000,,,0,1,,,,,0.016989,DEFAULT
ga,hfvrp_n002_m03_s03,2,3,0.000000,9999,185.309216,25.338303,185.309216,0.000000,,,0,1,,,,,0.001766,SMALL
ga,hfvrp_n002_m03_s04,2,3,0.000000,200,174.940044,35.445494,174.940044,0.000000,,,0,1,,,,,0.950076,BIG
ga,hfvrp_n002_m03_s04,2,3,0.000000,999,174.940044,547.638024,174.940044,0.000000,,,0,1,,,,,0.019879,DEFAULT
ga,hfvrp_n002_m03_s04,2,3,0.000000,999,174.940044,547.638024,174.940044,0.000000,,,0,1,,,,,0.001716,SMALL
ga,hfvrp_n002_m03_s05,2,3,0.000000,200,302.671304,316.313399,302.671304,0.000000,,,0,1,,,,,0.960437,BIG
ga,hfvrp_n002_m03_s05,2,3,0.000000,999,302.671304,405.604614,302.671304,0.000000,,,0,1,,,,,0.018857,DEFAULT
ga,hfvrp_n002_m03_s05,2,3,0.000000,999,302.671304,405.604614,302.671304,0.000000,,,0,1,,,,,0.003599,SMALL
ga,hfvrp_n002_m03_s03,2,3,0.000000,9999,185.309216,25.338303,185.309216,0.000000,,,0,1,,,,,0.323536,MEDIUM
ga,hfvrp_n002_m03_s04,2,3,0.000000,999,174.940044,547.638024,174.940044,0.000000,,,0,1,,,,,0.319080,MEDIUM
ga,hfvrp_n002_m03_s05,2,3,0.000000,999,302.671304,405.604614,302.671304,0.000000,,,0,1,,,,,0.316345,MEDIUM
ga,hfvrp_n002_m03_s02,2,3,0.000000,19345,139.033247,77.690105,139.033247,0.000000,,,0,1,,,,,0.959168,BIG
ga,hfvrp_n002_m03_s02,2,3,0.000000,1788098398298969053,139.033247,41.343143,139.033247,0.000000,,,0,1,,,,,0.016141,DEFAULT
ga,hfvrp_n005_m03_s01,5,3,0.000000,10,350.283936,926.908793,350.283936,0.000000,,,0,1,,,,,1.439341,BIG
ga,hfvrp_n002_m03_s02,2,3,0.000000,1788098402618477022,139.033247,41.343143,139.033247,0.000000,,,0,1,,,,,0.004023,SMALL
ga,hfvrp_n005_m03_s01,5,3,0.000000,50,350.283936,926.908793,350.283936,0.000000,,,0,1,,,,,0.024054,DEFAULT
ga,hfvrp_n005_m03_s01,5,3,0.000000,50,350.283936,926.908793,350.283936,0.000000,,,0,1,,,,,0.006537,SMALL
ga,hfvrp_n002_m03_s02,2,3,0.000000,1788098385446880803,139.033247,41.343143,139.033247,0.000000,,,0,1,,,,,0.322426,MEDIUM
ga,hfvrp_n005_m03_s02,5,3,0.000000,1788098543226860081,359.865479,294.868617,359.865479,0.000000,,,0,1,,,,,1.457010,BIG
ga,hfvrp_n005_m03_s02,5,3,0.000000,1,359.865479,294.868617,359.865479,0.000000,,,0,1,,,,,0.024305,DEFAULT
ga,hfvrp_n005_m03_s02,5,3,0.000000,1,359.865479,294.868617,359.865479,0.000000,,,0,1,,,,,0.002509,SMALL
ga,hfvrp_n005_m03_s01,5,3,0.000000,50,350.283936,926.908793,350.283936,0.000000,,,0,1,,,,,0.470461,MEDIUM
ga,hfvrp_n002_m03_s03,2,3,0.000000,9999,185.309216,25.338303,185.309216,0.000000,,,0,1,,,,,0.966316,BIG
ga,hfvrp_n002_m03_s03,2,3,0.000000,19345,185.309216,25.338303,185.309216,0.000000,,,0,1,,,,,0.016084,DEFAULT
ga,hfvrp_n002_m03_s03,2,3,0.000000,19345,185.309216,25.338303,185.309216,0.000000,,,0,1,,,,,0.005361,SMALL
ga,hfvrp_n002_m03_s04,2,3,0.000000,999,174.940044,547.638024,174.940044,0.000000,,,0,1,,,,,0.963232,BIG
ga,hfvrp_n002_m03_s04,2,3,0.000000,1234,174.940044,547.638024,174.940044,0.000000,,,0,1,,,,,0.016228,DEFAULT
ga,hfvrp_n002_m03_s04,2,3,0.000000,1234,174.940044,547.638024,174.940044,0.000000,,,0,1,,,,,0.004353,SMALL
ga,hfvrp_n002_m03_s05,2,3,0.000000,999,302.671304,405.604614,302.671304,0.000000,,,0,1,,,,,0.962905,BIG
ga,hfvrp_n002_m03_s05,2,3,0.000000,1234,302.671304,405.604614,302.671304,0.000000,,,0,1,,,,,0.017276,DEFAULT
ga,hfvrp_n002_m03_s05,2,3,0.000000,1234,302.671304,405.604614,302.671304,0.000000,,,0,1,,,,,0.001621,SMALL
ga,hfvrp_n005_m03_s02,5,3,0.000000,1,359.865479,294.868617,359.865479,0.000000,,,0,1,,,,,0.493909,MEDIUM
ga,hfvrp_n002_m03_s03,2,3,0.000000,19345,185.309216,25.338303,185.309216,0.000000,,,0,1,,,,,0.325963,MEDIUM
ga,hfvrp_n002_m03_s04,2,3,0.000000,1234,174.940044,547.638024,174.940044,0.000000,,,0,1,,,,,0.321674,MEDIUM
ga,hfvrp_n002_m03_s05,2,3,0.000000,1234,302.671304,405.604614,302.671304,0.000000,,,0,1,,,,,0.315967,MEDIUM
ga,hfvrp_n002_m03_s02,2,3,0.000000,1788098510331824689,139.033247,77.690105,139.033247,0.000000,,,0,1,,,,,0.961130,BIG
ga,hfvrp_n005_m03_s03,5,3,0.000000,1788100353880176619,444.734799,0.000000,444.734799,0.000000,,,0,1,,,,,0.026659,DEFAULT
ga,hfvrp_n005_m03_s03,5,3,0.000000,1788100366799444448,444.734799,0.000000,444.734799,0.000000,,,0,1,,,,,0.004601,SMALL
ga,hfvrp_n005_m03_s03,5,3,0.000000,1788100362514416984,444.734799,0.000000,444.734799,0.000000,,,0,1,,,,,0.481587,MEDIUM
ga,hfvrp_n005_m03_s01,5,3,0.000000,50,350.283936,926.908793,350.283936,0.000000,,,0,1,,,,,1.443920,BIG
ga,hfvrp_n002_m03_s03,2,3,0.000000,19345,185.309216,25.338303,185.309216,0.000000,,,0,1,,,,,0.971518,BIG
ga,hfvrp_n005_m03_s01,5,3,0.000000,75,350.283936,926.908793,350.283936,0.000000,,,0,1,,,,,0.024030,DEFAULT
ga,hfvrp_n005_m03_s01,5,3,0.000000,75,350.283936,926.908793,350.283936,0.000000,,,0,1,,,,,0.003641,SMALL
ga,hfvrp_n002_m03_s03,2,3,0.000000,1788100315877484789,185.309216,25.338303,185.309216,0.000000,,,0,1,,,,,0.020437,DEFAULT
ga,hfvrp_n002_m03_s03,2,3,0.000000,1788100423275490351,185.309216,25.338303,185.309216,0.000000,,,0,1,,,,,0.001774,SMALL
ga,hfvrp_n002_m03_s04,2,3,0.000000,1234,174.940044,547.638024,174.940044,0.000000,,,0,1,,,,,0.964995,BIG
ga,hfvrp_n002_m03_s04,2,3,0.000000,9999,174.940044,35.445494,174.940044,0.000000,,,0,1,,,,,0.017616,DEFAULT
ga,hfvrp_n002_m03_s04,2,3,0.000000,9999,174.940044,35.445494,174.940044,0.000000,,,0,1,,,,,0.002835,SMALL
ga,hfvrp_n002_m03_s05,2,3,0.000000,1234,302.671304,405.604614,302.671304,0.000000,,,0,1,,,,,0.974546,BIG
ga,hfvrp_n002_m03_s05,2,3,0.000000,9999,302.671304,316.313399,302.671304,0.000000,,,0,1,,,,,0.019437,DEFAULT
ga,hfvrp_n002_m03_s05,2,3,0.000000,9999,302.671304,316.313399,302.671304,0.000000,,,0,1,,,,,0.004878,SMALL
ga,hfvrp_n005_m03_s02,5,3,0.000000,1,359.865479,294.868617,359.865479,0.000000,,,0,1,,,,,1.469423,BIG
ga,hfvrp_n002_m03_s03,2,3,0.000000,1788100436165504224,185.309216,25.338303,185.309216,0.000000,,,0,1,,,,,0.327342,MEDIUM
ga,hfvrp_n002_m03_s04,2,3,0.000000,9999,174.940044,35.445494,174.940044,0.000000,,,0,1,,,,,0.322279,MEDIUM
ga,hfvrp_n005_m03_s02,5,3,0.000000,10,359.865479,294.868617,359.865479,0.000000,,,0,1,,,,,0.024343,DEFAULT
ga,hfvrp_n005_m03_s02,5,3,0.000000,10,359.865479,294.868617,359.865479,0.000000,,,0,1,,,,,0.002681,SMALL
ga,hfvrp_n005_m03_s01,5,3,0.000000,75,350.283936,926.908793,350.283936,0.000000,,,0,1,,,,,0.483190,MEDIUM
ga,hfvrp_n002_m03_s05,2,3,0.000000,9999,302.671304,316.313399,302.671304,0.000000,,,0,1,,,,,0.320244,MEDIUM
ga,hfvrp_n005_m03_s02,5,3,0.000000,10,359.865479,294.868617,359.865479,0.000000,,,0,1,,,,,0.472956,MEDIUM
ga,hfvrp_n002_m03_s03,2,3,0.000000,1788100200289841310,185.309216,25.338303,185.309216,0.000000,,,0,1,,,,,0.958061,BIG
ga,hfvrp_n002_m03_s04,2,3,0.000000,9999,174.940044,35.445494,174.940044,0.000000,,,0,1,,,,,0.937192,BIG
ga,hfvrp_n005_m03_s03,5,3,0.000000,1788100341529695520,444.734799,0.000000,444.734799,0.000000,,,0,1,,,,,1.452599,BIG
ga,hfvrp_n002_m03_s04,2,3,0.000000,19345,174.940044,547.638024,174.940044,0.000000,,,0,1,,,,,0.017312,DEFAULT
ga,hfvrp_n005_m03_s03,5,3,0.000000,1,444.734799,0.000000,444.734799,0.000000,,,0,1,,,,,0.023876,DEFAULT
ga,hfvrp_n002_m03_s04,2,3,0.000000,19345,174.940044,547.638024,174.940044,0.000000,,,0,1,,,,,0.003398,SMALL
ga,hfvrp_n005_m03_s03,5,3,0.000000,1,444.734799,0.000000,444.734799,0.000000,,,0,1,,,,,0.002845,SMALL
ga,hfvrp_n005_m03_s04,5,3,0.000000,1788100063846082789,278.576281,287.478473,278.576281,0.000000,,,0,1,,,,,0.024974,DEFAULT
ga,hfvrp_n005_m03_s04,5,3,0.000000,1788100046695041833,278.576281,287.478473,278.576281,0.000000,,,0,1,,,,,0.002670,SMALL
ga,hfvrp_n002_m03_s05,2,3,0.000000,9999,302.671304,316.313399,302.671304,0.000000,,,0,1,,,,,0.941638,BIG
ga,hfvrp_n002_m03_s05,2,3,0.000000,19345,302.671304,405.604614,302.671304,0.000000,,,0,1,,,,,0.016440,DEFAULT
ga,hfvrp_n002_m03_s05,2,3,0.000000,19345,302.671304,405.604614,302.671304,0.000000,,,0,1,,,,,0.001748,SMALL
ga,hfvrp_n002_m03_s04,2,3,0.000000,19345,174.940044,547.638024,174.940044,0.000000,,,0,1,,,,,0.323281,MEDIUM
ga,hfvrp_n002_m03_s05,2,3,0.000000,19345,302.671304,405.604614,302.671304,0.000000,,,0,1,,,,,0.315573,MEDIUM
ga,hfvrp_n005_m03_s03,5,3,0.000000,1,444.734799,0.000000,444.734799,0.000000,,,0,1,,,,,0.481876,MEDIUM
ga,hfvrp_n005_m03_s04,5,3,0.000000,1788100059586377013,278.576281,287.478473,278.576281,0.000000,,,0,1,,,,,0.496276,MEDIUM
ga,hfvrp_n005_m03_s01,5,3,0.000000,75,350.283936,926.908793,350.283936,0.000000,,,0,1,,,,,1.428520,BIG
ga,hfvrp_n005_m03_s01,5,3,0.000000,100,350.283936,926.908793,350.283936,0.000000,,,0,1,,,,,0.024058,DEFAULT
ga,hfvrp_n005_m03_s01,5,3,0.000000,100,350.283936,926.908793,350.283936,0.000000,,,0,1,,,,,0.002408,SMALL
ga,hfvrp_n005_m03_s02,5,3,0.000000,10,359.865479,294.868617,359.865479,0.000000,,,0,1,,,,,1.446466,BIG
ga,hfvrp_n005_m03_s02,5,3,0.000000,50,359.865479,294.868617,359.865479,0.000000,,,0,1,,,,,0.027191,DEFAULT
ga,hfvrp_n005_m03_s02,5,3,0.000000,50,359.865479,294.868617,359.865479,0.000000,,,0,1,,,,,0.005105,SMALL
ga,hfvrp_n005_m03_s01,5,3,0.000000,100,350.283936,926.908793,350.283936,0.000000,,,0,1,,,,,0.478368,MEDIUM
ga,hfvrp_n002_m03_s04,2,3,0.000000,19345,174.940044,547.638024,174.940044,0.000000,,,0,1,,,,,0.965001,BIG
ga,hfvrp_n002_m03_s04,2,3,0.000000,1788099919137114960,174.940044,35.445494,174.940044,0.000000,,,0,1,,,,,0.017285,DEFAULT
ga,hfvrp_n002_m03_s04,2,3,0.000000,1788099906276007917,174.940044,35.445494,174.940044,0.000000,,,0,1,,,,,0.002866,SMALL
ga,hfvrp_n002_m03_s05,2,3,0.000000,19345,302.671304,405.604614,302.671304,0.000000,,,0,1,,,,,0.958477,BIG
ga,hfvrp_n002_m03_s05,2,3,0.000000,1788100018052625479,302.671304,405.604614,302.671304,0.000000,,,0,1,,,,,0.016298,DEFAULT
ga,hfvrp_n002_m03_s05,2,3,0.000000,1788100022367078161,302.671304,316.313399,302.671304,0.000000,,,0,1,,,,,0.001668,SMALL
ga,hfvrp_n005_m03_s02,5,3,0.000000,50,359.865479,294.868617,359.865479,0.000000,,,0,1,,,,,0.489726,MEDIUM
ga,hfvrp_n002_m03_s04,2,3,0.000000,1788099910577376583,174.940044,547.638024,174.940044,0.000000,,,0,1,,,,,0.318494,MEDIUM
ga,hfvrp_n002_m03_s05,2,3,0.000000,1788100009491693964,302.671304,405.604614,302.671304,0.000000,,,0,1,,,,,0.318850,MEDIUM
ga,hfvrp_n005_m03_s03,5,3,0.000000,1,444.734799,0.000000,444.734799,0.000000,,,0,1,,,,,1.460073,BIG
ga,hfvrp_n005_m03_s04,5,3,0.000000,1788100133100893298,278.576281,536.399627,278.576281,0.000000,,,0,1,,,,,1.446149,BIG
ga,hfvrp_n005_m03_s03,5,3,0.000000,10,444.734799,0.000000,444.734799,0.000000,,,0,1,,,,,0.025294,DEFAULT
ga,hfvrp_n005_m03_s03,5,3,0.000000,10,444.734799,0.000000,444.734799,0.000000,,,0,1,,,,,0.002686,SMALL
ga,hfvrp_n005_m03_s04,5,3,0.000000,1,278.576281,536.399627,278.576281,0.000000,,,0,1,,,,,0.024270,DEFAULT
ga,hfvrp_n005_m03_s04,5,3,0.000000,1,278.576281,536.399627,278.576281,0.000000,,,0,1,,,,,0.004776,SMALL
ga,hfvrp_n005_m03_s03,5,3,0.000000,10,444.734799,0.000000,444.734799,0.000000,,,0,1,,,,,0.476281,MEDIUM
ga,hfvrp_n005_m03_s04,5,3,0.000000,1,278.576281,536.399627,278.576281,0.000000,,,0,1,,,,,0.473732,MEDIUM
ga,hfvrp_n005_m03_s01,5,3,0.000000,100,350.283936,926.908793,350.283936,0.000000,,,0,1,,,,,1.435751,BIG
ga,hfvrp_n005_m03_s01,5,3,0.000000,200,350.283936,926.908793,350.283936,0.000000,,,0,1,,,,,0.026162,DEFAULT
ga,hfvrp_n005_m03_s01,5,3,0.000000,200,350.283936,926.908793,350.283936,0.000000,,,0,1,,,,,0.004738,SMALL
ga,hfvrp_n002_m03_s04,2,3,0.000000,1788100001098235284,174.940044,547.638024,174.940044,0.000000,,,0,1,,,,,0.967690,BIG
ga,hfvrp_n005_m03_s05,5,3,0.000000,1788099838898936828,362.596536,406.141495,362.596536,0.000000,,,0,1,,,,,0.026070,DEFAULT
ga,hfvrp_n005_m03_s05,5,3,0.000000,1788099843228072908,362.596536,704.801998,362.596536,0.000000,,,0,1,,,,,0.005109,SMALL
ga,hfvrp_n002_m03_s05,2,3,0.000000,1788100005524095828,302.671304,316.313399,302.671304,0.000000,,,0,1,,,,,0.969321,BIG
ga,hfvrp_n010_m03_s01,10,3,0.000000,1788099632884629836,522.493954,1011.998563,522.493954,0.000000,,,0,1,,,,,0.038729,DEFAULT
ga,hfvrp_n010_m03_s01,10,3,0.000000,1788099637222230470,522.493954,1011.998563,522.493954,0.000000,,,0,1,,,,,0.003965,SMALL
ga,hfvrp_n005_m03_s02,5,3,0.000000,50,359.865479,294.868617,359.865479,0.000000,,,0,1,,,,,1.467557,BIG
ga,hfvrp_n005_m03_s02,5,3,0.000000,75,359.865479,294.868617,359.865479,0.000000,,,0,1,,,,,0.027838,DEFAULT
ga,hfvrp_n005_m03_s02,5,3,0.000000,75,359.865479,294.868617,359.865479,0.000000,,,0,1,,,,,0.005184,SMALL
ga,hfvrp_n005_m03_s01,5,3,0.000000,200,350.283936,926.908793,350.283936,0.000000,,,0,1,,,,,0.486279,MEDIUM
ga,hfvrp_n005_m03_s05,5,3,0.000000,1788099830352323523,362.596536,589.151203,362.596536,0.000000,,,0,1,,,,,0.487613,MEDIUM
ga,hfvrp_n005_m03_s02,5,3,0.000000,75,359.865479,294.868617,359.865479,0.000000,,,0,1,,,,,0.478539,MEDIUM
ga,hfvrp_n010_m03_s01,10,3,0.000000,1788099624345150531,522.493954,1011.998563,522.493954,0.000000,,,0,1,,,,,0.738959,MEDIUM
ga,hfvrp_n005_m03_s03,5,3,0.000000,10,444.734799,0.000000,444.734799,0.000000,,,0,1,,,,,1.458691,BIG
ga,hfvrp_n005_m03_s04,5,3,0.000000,1,278.576281,287.478473,278.576281,0.000000,,,0,1,,,,,1.468659,BIG
ga,hfvrp_n005_m03_s03,5,3,0.000000,50,444.734799,0.000000,444.734799,0.000000,,,0,1,,,,,0.027436,DEFAULT
ga,hfvrp_n005_m03_s03,5,3,0.000000,50,444.734799,0.000000,444.734799,0.000000,,,0,1,,,,,0.002665,SMALL
ga,hfvrp_n005_m03_s04,5,3,0.000000,10,278.576281,536.399627,278.576281,0.000000,,,0,1,,,,,0.027117,DEFAULT
ga,hfvrp_n005_m03_s04,5,3,0.000000,10,278.576281,287.478473,278.576281,0.000000,,,0,1,,,,,0.004603,SMALL
ga,hfvrp_n005_m03_s03,5,3,0.000000,50,444.734799,0.000000,444.734799,0.000000,,,0,1,,,,,0.479347,MEDIUM
ga,hfvrp_n005_m03_s01,5,3,0.000000,200,350.283936,926.908793,350.283936,0.000000,,,0,1,,,,,1.433416,BIG
ga,hfvrp_n005_m03_s04,5,3,0.000000,10,278.576281,536.399627,278.576281,0.000000,,,0,1,,,,,0.476089,MEDIUM
ga,hfvrp_n005_m03_s01,5,3,0.000000,999,350.283936,926.908793,350.283936,0.000000,,,0,1,,,,,0.027085,DEFAULT
ga,hfvrp_n005_m03_s01,5,3,0.000000,999,350.283936,926.908793,350.283936,0.000000,,,0,1,,,,,0.004167,SMALL
ga,hfvrp_n005_m03_s05,5,3,0.000000,1788099732064398396,362.596536,589.151203,362.596536,0.000000,,,0,1,,,,,1.466480,BIG
ga,hfvrp_n005_m03_s05,5,3,0.000000,1,362.596536,589.151203,362.596536,0.000000,,,0,1,,,,,0.027392,DEFAULT
ga,hfvrp_n005_m03_s05,5,3,0.000000,1,362.596536,589.151203,362.596536,0.000000,,,0,1,,,,,0.004763,SMALL
ga,hfvrp_n005_m03_s02,5,3,0.000000,75,359.865479,294.868617,359.865479,0.000000,,,0,1,,,,,1.465599,BIG
ga,hfvrp_n005_m03_s02,5,3,0.000000,100,359.865479,294.868617,359.865479,0.000000,,,0,1,,,,,0.025327,DEFAULT
ga,hfvrp_n005_m03_s02,5,3,0.000000,100,359.865479,294.868617,359.865479,0.000000,,,0,1,,,,,0.002652,SMALL
ga,hfvrp_n005_m03_s01,5,3,0.000000,999,350.283936,926.908793,350.283936,0.000000,,,0,1,,,,,0.482658,MEDIUM
ga,hfvrp_n005_m03_s05,5,3,0.000000,1,362.596536,589.151203,362.596536,0.000000,,,0,1,,,,,0.487903,MEDIUM
ga,hfvrp_n005_m03_s02,5,3,0.000000,100,359.865479,294.868617,359.865479,0.000000,,,0,1,,,,,0.482157,MEDIUM
ga,hfvrp_n010_m03_s01,10,3,0.000000,1788099723872380827,522.493954,1011.998563,522.493954,0.000000,,,0,1,,,,,2.231119,BIG
ga,hfvrp_n010_m03_s01,10,3,0.000000,1,522.493954,1011.998563,522.493954,0.000000,,,0,1,,,,,0.041972,DEFAULT
ga,hfvrp_n010_m03_s01,10,3,0.000000,1,525.392822,1125.574295,525.392822,0.000000,,,0,1,,,,,0.004171,SMALL
ga,hfvrp_n005_m03_s03,5,3,0.000000,50,444.734799,0.000000,444.734799,0.000000,,,0,1,,,,,1.458166,BIG
ga,hfvrp_n005_m03_s03,5,3,0.000000,75,444.734799,0.000000,444.734799,0.000000,,,0,1,,,,,0.023112,DEFAULT
ga,hfvrp_n005_m03_s03,5,3,0.000000,75,444.734799,0.000000,444.734799,0.000000,,,0,1,,,,,0.005112,SMALL
ga,hfvrp_n005_m03_s04,5,3,0.000000,10,278.576281,536.399627,278.576281,0.000000,,,0,1,,,,,1.491509,BIG
ga,hfvrp_n005_m03_s04,5,3,0.000000,50,278.576281,536.399627,278.576281,0.000000,,,0,1,,,,,0.024102,DEFAULT
ga,hfvrp_n005_m03_s04,5,3,0.000000,50,278.576281,536.399627,278.576281,0.000000,,,0,1,,,,,0.007559,SMALL
ga,hfvrp_n005_m03_s03,5,3,0.000000,75,444.734799,0.000000,444.734799,0.000000,,,0,1,,,,,0.481613,MEDIUM
ga,hfvrp_n005_m03_s01,5,3,0.000000,999,350.283936,926.908793,350.283936,0.000000,,,0,1,,,,,1.436961,BIG
ga,hfvrp_n005_m03_s01,5,3,0.000000,1234,350.283936,926.908793,350.283936,0.000000,,,0,1,,,,,0.024456,DEFAULT
ga,hfvrp_n005_m03_s01,5,3,0.000000,1234,350.283936,926.908793,350.283936,0.000000,,,0,1,,,,,0.004995,SMALL
ga,hfvrp_n005_m03_s04,5,3,0.000000,50,278.576281,536.399627,278.576281,0.000000,,,0,1,,,,,0.476803,MEDIUM
ga,hfvrp_n010_m03_s01,10,3,0.000000,1,522.493954,1011.998563,522.493954,0.000000,,,0,1,,,,,0.749697,MEDIUM
ga,hfvrp_n005_m03_s05,5,3,0.000000,1,362.596536,589.151203,362.596536,0.000000,,,0,1,,,,,1.473582,BIG
ga,hfvrp_n005_m03_s05,5,3,0.000000,10,362.596536,406.141495,362.596536,0.000000,,,0,1,,,,,0.024570,DEFAULT
ga,hfvrp_n005_m03_s05,5,3,0.000000,10,362.596536,406.141495,362.596536,0.000000,,,0,1,,,,,0.002476,SMALL
ga,hfvrp_n005_m03_s02,5,3,0.000000,100,359.865479,294.868617,359.865479,0.000000,,,0,1,,,,,1.460077,BIG
ga,hfvrp_n005_m03_s02,5,3,0.000000,200,359.865479,294.868617,359.865479,0.000000,,,0,1,,,,,0.024418,DEFAULT
ga,hfvrp_n005_m03_s02,5,3,0.000000,200,359.865479,294.868617,359.865479,0.000000,,,0,1,,,,,0.002670,SMALL
ga,hfvrp_n005_m03_s01,5,3,0.000000,1234,350.283936,926.908793,350.283936,0.000000,,,0,1,,,,,0.475485,MEDIUM
ga,hfvrp_n005_m03_s05,5,3,0.000000,10,362.596536,406.141495,362.596536,0.000000,,,0,1,,,,,0.475945,MEDIUM
ga,hfvrp_n005_m03_s02,5,3,0.000000,200,359.865479,294.868617,359.865479,0.000000,,,0,1,,,,,0.477622,MEDIUM
ga,hfvrp_n005_m03_s03,5,3,0.000000,75,444.734799,0.000000,444.734799,0.000000,,,0,1,,,,,1.452793,BIG
ga,hfvrp_n005_m03_s03,5,3,0.000000,100,444.734799,0.000000,444.734799,0.000000,,,0,1,,,,,0.027433,DEFAULT
ga,hfvrp_n005_m03_s03,5,3,0.000000,100,444.734799,0.000000,444.734799,0.000000,,,0,1,,,,,0.002564,SMALL
ga,hfvrp_n005_m03_s04,5,3,0.000000,50,278.576281,536.399627,278.576281,0.000000,,,0,1,,,,,1.448045,BIG
ga,hfvrp_n005_m03_s04,5,3,0.000000,75,278.576281,287.478473,278.576281,0.000000,,,0,1,,,,,0.024489,DEFAULT
ga,hfvrp_n005_m03_s04,5,3,0.000000,75,278.576281,536.399627,278.576281,0.000000,,,0,1,,,,,0.005319,SMALL
ga,hfvrp_n005_m03_s01,5,3,0.000000,1234,350.283936,926.908793,350.283936,0.000000,,,0,1,,,,,1.423259,BIG
ga,hfvrp_n005_m03_s03,5,3,0.000000,100,444.734799,0.000000,444.734799,0.000000,,,0,1,,,,,0.479294,MEDIUM
ga,hfvrp_n005_m03_s01,5,3,0.000000,9999,350.283936,926.908793,350.283936,0.000000,,,0,1,,,,,0.025185,DEFAULT
ga,hfvrp_n005_m03_s01,5,3,0.000000,9999,350.283936,926.908793,350.283936,0.000000,,,0,1,,,,,0.002607,SMALL
ga,hfvrp_n005_m03_s04,5,3,0.000000,75,278.576281,287.478473,278.576281,0.000000,,,0,1,,,,,0.484000,MEDIUM
ga,hfvrp_n005_m03_s05,5,3,0.000000,10,362.596536,406.141495,362.596536,0.000000,,,0,1,,,,,1.465642,BIG
ga,hfvrp_n005_m03_s05,5,3,0.000000,50,362.596536,704.801998,362.596536,0.000000,,,0,1,,,,,0.024119,DEFAULT
ga,hfvrp_n005_m03_s05,5,3,0.000000,50,362.596536,704.801998,362.596536,0.000000,,,0,1,,,,,0.002581,SMALL
ga,hfvrp_n010_m03_s01,10,3,0.000000,1,522.493954,1011.998563,522.493954,0.000000,,,0,1,,,,,2.223411,BIG
ga,hfvrp_n010_m03_s01,10,3,0.000000,10,525.392822,1125.574295,525.392822,0.000000,,,0,1,,,,,0.040546,DEFAULT
ga,hfvrp_n010_m03_s01,10,3,0.000000,10,525.392822,1125.574295,525.392822,0.000000,,,0,1,,,,,0.006847,SMALL
ga,hfvrp_n005_m03_s02,5,3,0.000000,200,359.865479,294.868617,359.865479,0.000000,,,0,1,,,,,1.467172,BIG
ga,hfvrp_n005_m03_s01,5,3,0.000000,9999,350.283936,926.908793,350.283936,0.000000,,,0,1,,,,,0.482131,MEDIUM
ga,hfvrp_n005_m03_s02,5,3,0.000000,999,359.865479,294.868617,359.865479,0.000000,,,0,1,,,,,0.024360,DEFAULT
ga,hfvrp_n005_m03_s02,5,3,0.000000,999,359.865479,294.868617,359.865479,0.000000,,,0,1,,,,,0.002661,SMALL
ga,hfvrp_n005_m03_s05,5,3,0.000000,50,362.596536,704.801998,362.596536,0.000000,,,0,1,,,,,0.483357,MEDIUM
ga,hfvrp_n005_m03_s02,5,3,0.000000,999,359.865479,294.868617,359.865479,0.000000,,,0,1,,,,,0.482810,MEDIUM
ga,hfvrp_n010_m03_s01,10,3,0.000000,10,522.493954,1011.998563,522.493954,0.000000,,,0,1,,,,,0.735401,MEDIUM
ga,hfvrp_n005_m03_s03,5,3,0.000000,100,444.734799,0.000000,444.734799,0.000000,,,0,1,,,,,1.453568,BIG
ga,hfvrp_n005_m03_s03,5,3,0.000000,200,444.734799,0.000000,444.734799,0.000000,,,0,1,,,,,0.024586,DEFAULT
ga,hfvrp_n005_m03_s03,5,3,0.000000,200,444.734799,0.000000,444.734799,0.000000,,,0,1,,,,,0.002616,SMALL
ga,hfvrp_n005_m03_s04,5,3,0.000000,75,278.576281,287.478473,278.576281,0.000000,,,0,1,,,,,1.458295,BIG
ga,hfvrp_n005_m03_s04,5,3,0.000000,100,278.576281,536.399627,278.576281,0.000000,,,0,1,,,,,0.024915,DEFAULT
ga,hfvrp_n005_m03_s04,5,3,0.000000,100,278.576281,287.478473,278.576281,0.000000,,,0,1,,,,,0.002702,SMALL
ga,hfvrp_n005_m03_s01,5,3,0.000000,9999,350.283936,926.908793,350.283936,0.000000,,,0,1,,,,,1.431220,BIG
ga,hfvrp_n005_m03_s03,5,3,0.000000,200,444.734799,0.000000,444.734799,0.000000,,,0,1,,,,,0.483032,MEDIUM
ga,hfvrp_n005_m03_s01,5,3,0.000000,19345,350.283936,926.908793,350.283936,0.000000,,,0,1,,,,,0.026505,DEFAULT
ga,hfvrp_n005_m03_s01,5,3,0.000000,19345,350.283936,926.908793,350.283936,0.000000,,,0,1,,,,,0.002629,SMALL
ga,hfvrp_n005_m03_s04,5,3,0.000000,100,278.576281,536.399627,278.576281,0.000000,,,0,1,,,,,0.483090,MEDIUM
ga,hfvrp_n005_m03_s05,5,3,0.000000,50,362.596536,704.801998,362.596536,0.000000,,,0,1,,,,,1.463586,BIG
ga,hfvrp_n005_m03_s05,5,3,0.000000,75,362.596536,406.141495,362.596536,0.000000,,,0,1,,,,,0.024828,DEFAULT
ga,hfvrp_n005_m03_s05,5,3,0.000000,75,362.596536,406.141495,362.596536,0.000000,,,0,1,,,,,0.002676,SMALL
ga,hfvrp_n005_m03_s01,5,3,0.000000,19345,350.283936,926.908793,350.283936,0.000000,,,0,1,,,,,0.484569,MEDIUM
ga,hfvrp_n005_m03_s02,5,3,0.000000,999,359.865479,294.868617,359.865479,0.000000,,,0,1,,,,,1.469319,BIG
ga,hfvrp_n005_m03_s02,5,3,0.000000,1234,359.865479,294.868617,359.865479,0.000000,,,0,1,,,,,0.025388,DEFAULT
ga,hfvrp_n005_m03_s02,5,3,0.000000,1234,359.865479,294.868617,359.865479,0.000000,,,0,1,,,,,0.002586,SMALL
ga,hfvrp_n005_m03_s05,5,3,0.000000,75,362.596536,406.141495,362.596536,0.000000,,,0,1,,,,,0.482793,MEDIUM
ga,hfvrp_n005_m03_s02,5,3,0.000000,1234,359.865479,294.868617,359.865479,0.000000,,,0,1,,,,,0.481117,MEDIUM
ga,hfvrp_n005_m03_s03,5,3,0.000000,200,444.734799,0.000000,444.734799,0.000000,,,0,1,,,,,1.449533,BIG
ga,hfvrp_n005_m03_s03,5,3,0.000000,999,444.734799,0.000000,444.734799,0.000000,,,0,1,,,,,0.025888,DEFAULT
ga,hfvrp_n005_m03_s03,5,3,0.000000,999,444.734799,0.000000,444.734799,0.000000,,,0,1,,,,,0.002614,SMALL
ga,hfvrp_n005_m03_s04,5,3,0.000000,100,278.576281,536.399627,278.576281,0.000000,,,0,1,,,,,1.448859,BIG
ga,hfvrp_n010_m03_s01,10,3,0.000000,10,522.493954,1011.998563,522.493954,0.000000,,,0,1,,,,,2.302120,BIG
ga,hfvrp_n005_m03_s04,5,3,0.000000,200,278.576281,287.478473,278.576281,0.000000,,,0,1,,,,,0.027174,DEFAULT
ga,hfvrp_n010_m03_s01,10,3,0.000000,50,522.493954,1011.998563,522.493954,0.000000,,,0,1,,,,,0.038010,DEFAULT
ga,hfvrp_n005_m03_s04,5,3,0.000000,200,278.576281,287.478473,278.576281,0.000000,,,0,1,,,,,0.006951,SMALL
ga,hfvrp_n010_m03_s01,10,3,0.000000,50,543.287837,1285.299088,543.287837,0.000000,,,0,1,,,,,0.003933,SMALL
ga,hfvrp_n005_m03_s01,5,3,0.000000,19345,350.283936,926.908793,350.283936,0.000000,,,0,1,,,,,1.434698,BIG
ga,hfvrp_n005_m03_s03,5,3,0.000000,999,444.734799,0.000000,444.734799,0.000000,,,0,1,,,,,0.479880,MEDIUM
ga,hfvrp_n005_m03_s01,5,3,0.000000,1788096528653472902,350.283936,926.908793,350.283936,0.000000,,,0,1,,,,,0.026555,DEFAULT
ga,hfvrp_n005_m03_s01,5,3,0.000000,1788096537275347261,350.283936,926.908793,350.283936,0.000000,,,0,1,,,,,0.005033,SMALL
ga,hfvrp_n005_m03_s04,5,3,0.000000,200,278.576281,536.399627,278.576281,0.000000,,,0,1,,,,,0.483321,MEDIUM
ga,hfvrp_n005_m03_s05,5,3,0.000000,75,362.596536,406.141495,362.596536,0.000000,,,0,1,,,,,1.459212,BIG
ga,hfvrp_n005_m03_s05,5,3,0.000000,100,362.596536,406.141495,362.596536,0.000000,,,0,1,,,,,0.027284,DEFAULT
ga,hfvrp_n005_m03_s05,5,3,0.000000,100,362.596536,406.141495,362.596536,0.000000,,,0,1,,,,,0.005132,SMALL
ga,hfvrp_n010_m03_s01,10,3,0.000000,50,522.493954,1011.998563,522.493954,0.000000,,,0,1,,,,,0.745917,MEDIUM
ga,hfvrp_n005_m03_s01,5,3,0.000000,1788096541579958447,350.283936,926.908793,350.283936,0.000000,,,0,1,,,,,0.475991,MEDIUM
ga,hfvrp_n005_m03_s02,5,3,0.000000,1234,359.865479,294.868617,359.865479,0.000000,,,0,1,,,,,1.463148,BIG
ga,hfvrp_n005_m03_s02,5,3,0.000000,9999,359.865479,294.868617,359.865479,0.000000,,,0,1,,,,,0.025236,DEFAULT
ga,hfvrp_n005_m03_s02,5,3,0.000000,9999,359.865479,294.868617,359.865479,0.000000,,,0,1,,,,,0.002605,SMALL
ga,hfvrp_n005_m03_s05,5,3,0.000000,100,362.596536,406.141495,362.596536,0.000000,,,0,1,,,,,0.481212,MEDIUM
ga,hfvrp_n005_m03_s02,5,3,0.000000,9999,359.865479,294.868617,359.865479,0.000000,,,0,1,,,,,0.482094,MEDIUM
ga,hfvrp_n005_m03_s03,5,3,0.000000,999,444.734799,0.000000,444.734799,0.000000,,,0,1,,,,,1.442317,BIG
ga,hfvrp_n005_m03_s03,5,3,0.000000,1234,444.734799,0.000000,444.734799,0.000000,,,0,1,,,,,0.025345,DEFAULT
ga,hfvrp_n005_m03_s03,5,3,0.000000,1234,444.734799,0.000000,444.734799,0.000000,,,0,1,,,,,0.002620,SMALL
ga,hfvrp_n005_m03_s04,5,3,0.000000,200,278.576281,536.399627,278.576281,0.000000,,,0,1,,,,,1.453695,BIG
ga,hfvrp_n005_m03_s04,5,3,0.000000,999,278.576281,536.399627,278.576281,0.000000,,,0,1,,,,,0.024108,DEFAULT
ga,hfvrp_n005_m03_s04,5,3,0.000000,999,278.576281,287.478473,278.576281,0.000000,,,0,1,,,,,0.002654,SMALL
ga,hfvrp_n005_m03_s01,5,3,0.000000,1788096585014243676,350.283936,926.908793,350.283936,0.000000,,,0,1,,,,,1.435582,BIG
ga,hfvrp_n005_m03_s03,5,3,0.000000,1234,444.734799,0.000000,444.734799,0.000000,,,0,1,,,,,0.479961,MEDIUM
ga,hfvrp_n010_m03_s02,10,3,0.000000,1788096324506924426,526.828044,1617.153616,526.828044,0.000000,,,0,1,,,,,0.041427,DEFAULT
ga,hfvrp_n010_m03_s02,10,3,0.000000,1788096333142154307,526.828044,1617.153616,526.828044,0.000000,,,0,1,,,,,0.003777,SMALL
ga,hfvrp_n005_m03_s04,5,3,0.000000,999,278.576281,287.478473,278.576281,0.000000,,,0,1,,,,,0.491477,MEDIUM
ga,hfvrp_n005_m03_s05,5,3,0.000000,100,362.596536,406.141495,362.596536,0.000000,,,0,1,,,,,1.461479,BIG
ga,hfvrp_n005_m03_s05,5,3,0.000000,200,362.596536,704.801998,362.596536,0.000000,,,0,1,,,,,0.027989,DEFAULT
ga,hfvrp_n005_m03_s05,5,3,0.000000,200,362.596536,704.801998,362.596536,0.000000,,,0,1,,,,,0.004908,SMALL
ga,hfvrp_n005_m03_s02,5,3,0.000000,9999,359.865479,294.868617,359.865479,0.000000,,,0,1,,,,,1.464522,BIG
ga,hfvrp_n005_m03_s02,5,3,0.000000,19345,359.865479,294.868617,359.865479,0.000000,,,0,1,,,,,0.028295,DEFAULT
ga,hfvrp_n010_m03_s01,10,3,0.000000,50,522.493954,1011.998563,522.493954,0.000000,,,0,1,,,,,2.222867,BIG
ga,hfvrp_n005_m03_s02,5,3,0.000000,19345,359.865479,294.868617,359.865479,0.000000,,,0,1,,,,,0.005079,SMALL
ga,hfvrp_n010_m03_s01,10,3,0.000000,75,525.392822,1125.574295,525.392822,0.000000,,,0,1,,,,,0.040012,DEFAULT
ga,hfvrp_n010_m03_s01,10,3,0.000000,75,525.392822,1125.574295,525.392822,0.000000,,,0,1,,,,,0.008383,SMALL
ga,hfvrp_n010_m03_s02,10,3,0.000000,1788096346034658814,526.828044,1617.153616,526.828044,0.000000,,,0,1,,,,,0.743510,MEDIUM
ga,hfvrp_n005_m03_s05,5,3,0.000000,200,362.596536,704.801998,362.596536,0.000000,,,0,1,,,,,0.485002,MEDIUM
ga,hfvrp_n005_m03_s02,5,3,0.000000,19345,359.865479,294.868617,359.865479,0.000000,,,0,1,,,,,0.490162,MEDIUM
ga,hfvrp_n010_m03_s01,10,3,0.000000,75,522.493954,1011.998563,522.493954,0.000000,,,0,1,,,,,0.739172,MEDIUM
ga,hfvrp_n005_m03_s03,5,3,0.000000,1234,444.734799,0.000000,444.734799,0.000000,,,0,1,,,,,1.459968,BIG
ga,hfvrp_n005_m03_s03,5,3,0.000000,9999,444.734799,0.000000,444.734799,0.000000,,,0,1,,,,,0.024222,DEFAULT
ga,hfvrp_n005_m03_s03,5,3,0.000000,9999,444.734799,0.000000,444.734799,0.000000,,,0,1,,,,,0.002574,SMALL
ga,hfvrp_n005_m03_s04,5,3,0.000000,999,278.576281,536.399627,278.576281,0.000000,,,0,1,,,,,1.455684,BIG
ga,hfvrp_n005_m03_s04,5,3,0.000000,1234,278.576281,287.478473,278.576281,0.000000,,,0,1,,,,,0.027519,DEFAULT
ga,hfvrp_n005_m03_s04,5,3,0.000000,1234,278.576281,287.478473,278.576281,0.000000,,,0,1,,,,,0.002625,SMALL
ga,hfvrp_n005_m03_s03,5,3,0.000000,9999,444.734799,0.000000,444.734799,0.000000,,,0,1,,,,,0.483052,MEDIUM
ga,hfvrp_n005_m03_s04,5,3,0.000000,1234,278.576281,287.478473,278.576281,0.000000,,,0,1,,,,,0.481538,MEDIUM
ga,hfvrp_n005_m03_s05,5,3,0.000000,200,362.596536,704.801998,362.596536,0.000000,,,0,1,,,,,1.461691,BIG
ga,hfvrp_n005_m03_s05,5,3,0.000000,999,362.596536,589.151203,362.596536,0.000000,,,0,1,,,,,0.028940,DEFAULT
ga,hfvrp_n005_m03_s05,5,3,0.000000,999,362.596536,589.151203,362.596536,0.000000,,,0,1,,,,,0.004445,SMALL
ga,hfvrp_n005_m03_s02,5,3,0.000000,19345,359.865479,294.868617,359.865479,0.000000,,,0,1,,,,,1.478205,BIG
ga,hfvrp_n005_m03_s02,5,3,0.000000,1788098367240131271,359.865479,294.868617,359.865479,0.000000,,,0,1,,,,,0.024633,DEFAULT
ga,hfvrp_n005_m03_s02,5,3,0.000000,1788098362972987777,359.865479,294.868617,359.865479,0.000000,,,0,1,,,,,0.002545,SMALL
ga,hfvrp_n005_m03_s05,5,3,0.000000,999,362.596536,589.151203,362.596536,0.000000,,,0,1,,,,,0.479827,MEDIUM
ga,hfvrp_n010_m03_s02,10,3,0.000000,1788096299537434642,526.828044,1617.153616,526.828044,0.000000,,,0,1,,,,,2.229968,BIG
ga,hfvrp_n010_m03_s02,10,3,0.000000,1,526.828044,1617.153616,526.828044,0.000000,,,0,1,,,,,0.041919,DEFAULT
ga,hfvrp_n010_m03_s02,10,3,0.000000,1,526.828044,1617.153616,526.828044,0.000000,,,0,1,,,,,0.003974,SMALL
ga,hfvrp_n005_m03_s02,5,3,0.000000,1788098375867754716,359.865479,294.868617,359.865479,0.000000,,,0,1,,,,,0.485833,MEDIUM
ga,hfvrp_n005_m03_s03,5,3,0.000000,9999,444.734799,0.000000,444.734799,0.000000,,,0,1,,,,,1.448945,BIG
ga,hfvrp_n005_m03_s03,5,3,0.000000,19345,444.734799,0.000000,444.734799,0.000000,,,0,1,,,,,0.025033,DEFAULT
ga,hfvrp_n005_m03_s03,5,3,0.000000,19345,444.734799,0.000000,444.734799,0.000000,,,0,1,,,,,0.002533,SMALL
ga,hfvrp_n005_m03_s04,5,3,0.000000,1234,278.576281,536.399627,278.576281,0.000000,,,0,1,,,,,1.444746,BIG
ga,hfvrp_n005_m03_s04,5,3,0.000000,9999,278.576281,536.399627,278.576281,0.000000,,,0,1,,,,,0.027542,DEFAULT
ga,hfvrp_n005_m03_s04,5,3,0.000000,9999,278.576281,536.399627,278.576281,0.000000,,,0,1,,,,,0.005008,SMALL
ga,hfvrp_n010_m03_s01,10,3,0.000000,75,522.493954,1011.998563,522.493954,0.000000,,,0,1,,,,,2.249416,BIG
ga,hfvrp_n010_m03_s01,10,3,0.000000,100,522.493954,1011.998563,522.493954,0.000000,,,0,1,,,,,0.036565,DEFAULT
ga,hfvrp_n010_m03_s01,10,3,0.000000,100,522.493954,1011.998563,522.493954,0.000000,,,0,1,,,,,0.004078,SMALL
ga,hfvrp_n010_m03_s02,10,3,0.000000,1,526.828044,1617.153616,526.828044,0.000000,,,0,1,,,,,0.750767,MEDIUM
ga,hfvrp_n005_m03_s03,5,3,0.000000,19345,444.734799,0.000000,444.734799,0.000000,,,0,1,,,,,0.484411,MEDIUM
ga,hfvrp_n005_m03_s04,5,3,0.000000,9999,278.576281,287.478473,278.576281,0.000000,,,0,1,,,,,0.485049,MEDIUM
ga,hfvrp_n005_m03_s05,5,3,0.000000,999,362.596536,589.151203,362.596536,0.000000,,,0,1,,,,,1.465973,BIG
ga,hfvrp_n005_m03_s05,5,3,0.000000,1234,362.596536,589.151203,362.596536,0.000000,,,0,1,,,,,0.028030,DEFAULT
ga,hfvrp_n005_m03_s05,5,3,0.000000,1234,362.596536,589.151203,362.596536,0.000000,,,0,1,,,,,0.006659,SMALL
ga,hfvrp_n010_m03_s01,10,3,0.000000,100,522.493954,1011.998563,522.493954,0.000000,,,0,1,,,,,0.738201,MEDIUM
ga,hfvrp_n005_m03_s02,5,3,0.000000,1788098268982701322,359.865479,294.868617,359.865479,0.000000,,,0,1,,,,,1.461982,BIG
ga,hfvrp_n010_m03_s03,10,3,0.000000,1788098064356271230,536.207835,1246.302161,536.207835,0.000000,,,0,1,,,,,0.040578,DEFAULT
ga,hfvrp_n010_m03_s03,10,3,0.000000,1788098051515821051,536.207835,1246.302161,536.207835,0.000000,,,0,1,,,,,0.003928,SMALL
ga,hfvrp_n005_m03_s05,5,3,0.000000,1234,362.596536,589.151203,362.596536,0.000000,,,0,1,,,,,0.485038,MEDIUM
ga,hfvrp_n005_m03_s03,5,3,0.000000,19345,444.734799,0.000000,444.734799,0.000000,,,0,1,,,,,1.446513,BIG
ga,hfvrp_n010_m03_s03,10,3,0.000000,1788098055818474483,536.207835,1246.302161,536.207835,0.000000,,,0,1,,,,,0.727163,MEDIUM
ga,hfvrp_n005_m03_s03,5,3,0.000000,1788098099496248419,444.734799,0.000000,444.734799,0.000000,,,0,1,,,,,0.027306,DEFAULT
ga,hfvrp_n005_m03_s03,5,3,0.000000,1788098090939678629,444.734799,0.000000,444.734799,0.000000,,,0,1,,,,,0.005567,SMALL
ga,hfvrp_n005_m03_s04,5,3,0.000000,9999,278.576281,287.478473,278.576281,0.000000,,,0,1,,,,,1.445617,BIG
ga,hfvrp_n005_m03_s04,5,3,0.000000,19345,278.576281,287.478473,278.576281,0.000000,,,0,1,,,,,0.025704,DEFAULT
ga,hfvrp_n005_m03_s04,5,3,0.000000,19345,278.576281,287.478473,278.576281,0.000000,,,0,1,,,,,0.002474,SMALL
ga,hfvrp_n005_m03_s03,5,3,0.000000,1788097974985712549,444.734799,0.000000,444.734799,0.000000,,,0,1,,,,,0.478370,MEDIUM
ga,hfvrp_n010_m03_s02,10,3,0.000000,1,523.801917,2322.163114,523.801917,0.000000,,,0,1,,,,,2.235522,BIG
ga,hfvrp_n005_m03_s04,5,3,0.000000,19345,278.576281,536.399627,278.576281,0.000000,,,0,1,,,,,0.479775,MEDIUM
ga,hfvrp_n010_m03_s02,10,3,0.000000,10,526.828044,1617.153616,526.828044,0.000000,,,0,1,,,,,0.041407,DEFAULT
ga,hfvrp_n010_m03_s02,10,3,0.000000,10,526.828044,1617.153616,526.828044,0.000000,,,0,1,,,,,0.007502,SMALL
ga,hfvrp_n005_m03_s05,5,3,0.000000,1234,362.596536,589.151203,362.596536,0.000000,,,0,1,,,,,1.467249,BIG
ga,hfvrp_n005_m03_s05,5,3,0.000000,9999,362.596536,589.151203,362.596536,0.000000,,,0,1,,,,,0.027820,DEFAULT
ga,hfvrp_n005_m03_s05,5,3,0.000000,9999,362.596536,589.151203,362.596536,0.000000,,,0,1,,,,,0.002654,SMALL
ga,hfvrp_n010_m03_s01,10,3,0.000000,100,522.493954,1011.998563,522.493954,0.000000,,,0,1,,,,,2.232648,BIG
ga,hfvrp_n010_m03_s01,10,3,0.000000,200,525.392822,1125.574295,525.392822,0.000000,,,0,1,,,,,0.041394,DEFAULT
ga,hfvrp_n010_m03_s01,10,3,0.000000,200,525.392822,1125.574295,525.392822,0.000000,,,0,1,,,,,0.003835,SMALL
ga,hfvrp_n005_m03_s05,5,3,0.000000,9999,362.596536,589.151203,362.596536,0.000000,,,0,1,,,,,0.485694,MEDIUM
ga,hfvrp_n010_m03_s02,10,3,0.000000,10,526.828044,1617.153616,526.828044,0.000000,,,0,1,,,,,0.750795,MEDIUM
ga,hfvrp_n005_m03_s03,5,3,0.000000,1788098009832447342,444.734799,0.000000,444.734799,0.000000,,,0,1,,,,,1.450265,BIG
ga,hfvrp_n010_m03_s04,10,3,0.000000,1788097882484579555,521.924738,1264.027680,521.924738,0.000000,,,0,1,,,,,0.039540,DEFAULT
ga,hfvrp_n010_m03_s04,10,3,0.000000,1788097886823046466,521.924738,1264.027680,521.924738,0.000000,,,0,1,,,,,0.004100,SMALL
ga,hfvrp_n010_m03_s01,10,3,0.000000,200,522.493954,1011.998563,522.493954,0.000000,,,0,1,,,,,0.740320,MEDIUM
ga,hfvrp_n005_m03_s04,5,3,0.000000,19345,278.576281,536.399627,278.576281,0.000000,,,0,1,,,,,1.472354,BIG
ga,hfvrp_n005_m03_s04,5,3,0.000000,1788097779540847827,278.576281,287.478473,278.576281,0.000000,,,0,1,,,,,0.028995,DEFAULT
ga,hfvrp_n005_m03_s04,5,3,0.000000,1788097783871903173,278.576281,287.478473,278.576281,0.000000,,,0,1,,,,,0.005247,SMALL
ga,hfvrp_n010_m03_s03,10,3,0.000000,1788098086618466208,536.207835,1246.302161,536.207835,0.000000,,,0,1,,,,,2.302521,BIG
ga,hfvrp_n010_m03_s03,10,3,0.000000,1,536.207835,1246.302161,536.207835,0.000000,,,0,1,,,,,0.036521,DEFAULT
ga,hfvrp_n010_m03_s03,10,3,0.000000,1,536.207835,1246.302161,536.207835,0.000000,,,0,1,,,,,0.004067,SMALL
ga,hfvrp_n005_m03_s04,5,3,0.000000,1788097805355126228,278.576281,287.478473,278.576281,0.000000,,,0,1,,,,,0.479847,MEDIUM
ga,hfvrp_n010_m03_s04,10,3,0.000000,1788097770866886990,520.937874,1359.726515,520.937874,0.000000,,,0,1,,,,,0.739787,MEDIUM
ga,hfvrp_n005_m03_s05,5,3,0.000000,9999,362.596536,589.151203,362.596536,0.000000,,,0,1,,,,,1.474300,BIG
ga,hfvrp_n005_m03_s05,5,3,0.000000,19345,362.596536,704.801998,362.596536,0.000000,,,0,1,,,,,0.024086,DEFAULT
ga,hfvrp_n005_m03_s05,5,3,0.000000,19345,362.596536,704.801998,362.596536,0.000000,,,0,1,,,,,0.006687,SMALL
ga,hfvrp_n010_m03_s03,10,3,0.000000,1,536.207835,1246.302161,536.207835,0.000000,,,0,1,,,,,0.734270,MEDIUM
ga,hfvrp_n005_m03_s05,5,3,0.000000,19345,362.596536,704.801998,362.596536,0.000000,,,0,1,,,,,0.474293,MEDIUM
ga,hfvrp_n010_m03_s02,10,3,0.000000,10,526.828044,1617.153616,526.828044,0.000000,,,0,1,,,,,2.249075,BIG
ga,hfvrp_n010_m03_s02,10,3,0.000000,50,526.828044,1617.153616,526.828044,0.000000,,,0,1,,,,,0.040463,DEFAULT
ga,hfvrp_n010_m03_s02,10,3,0.000000,50,526.828044,1617.153616,526.828044,0.000000,,,0,1,,,,,0.008881,SMALL
ga,hfvrp_n005_m03_s04,5,3,0.000000,1788097702763759491,278.576281,536.399627,278.576281,0.000000,,,0,1,,,,,1.465685,BIG
ga,hfvrp_n010_m03_s05,10,3,0.000000,1788097674224895816,578.983174,1508.880441,578.983174,0.000000,,,0,1,,,,,0.037721,DEFAULT
ga,hfvrp_n010_m03_s05,10,3,0.000000,1788097566896883862,578.983174,1508.880441,578.983174,0.000000,,,0,1,,,,,0.008049,SMALL
ga,hfvrp_n010_m03_s01,10,3,0.000000,200,522.493954,1011.998563,522.493954,0.000000,,,0,1,,,,,2.229355,BIG
ga,hfvrp_n010_m03_s01,10,3,0.000000,999,525.392822,1125.574295,525.392822,0.000000,,,0,1,,,,,0.042334,DEFAULT
ga,hfvrp_n010_m03_s01,10,3,0.000000,999,522.493954,1011.998563,522.493954,0.000000,,,0,1,,,,,0.004071,SMALL
ga,hfvrp_n010_m03_s02,10,3,0.000000,50,526.828044,1617.153616,526.828044,0.000000,,,0,1,,,,,0.759884,MEDIUM
ga,hfvrp_n005_m03_s05,5,3,0.000000,19345,362.596536,704.801998,362.596536,0.000000,,,0,1,,,,,1.466002,BIG
ga,hfvrp_n005_m03_s05,5,3,0.000000,1788097610501147338,362.596536,704.801998,362.596536,0.000000,,,0,1,,,,,0.026758,DEFAULT
ga,hfvrp_n005_m03_s05,5,3,0.000000,1788097606240644264,362.596536,589.151203,362.596536,0.000000,,,0,1,,,,,0.005921,SMALL
ga,hfvrp_n010_m03_s05,10,3,0.000000,1788097562615258271,527.591966,819.303848,527.591966,0.000000,,,0,1,,,,,0.757676,MEDIUM
ga,hfvrp_n010_m03_s04,10,3,0.000000,1788097698600653214,517.384587,1348.230779,517.384587,0.000000,,,0,1,,,,,2.276286,BIG
ga,hfvrp_n010_m03_s01,10,3,0.000000,999,522.493954,1011.998563,522.493954,0.000000,,,0,1,,,,,0.745856,MEDIUM
ga,hfvrp_n010_m03_s04,10,3,0.000000,1,521.924738,1264.027680,521.924738,0.000000,,,0,1,,,,,0.038467,DEFAULT
ga,hfvrp_n010_m03_s04,10,3,0.000000,1,521.924738,1264.027680,521.924738,0.000000,,,0,1,,,,,0.008166,SMALL
ga,hfvrp_n010_m03_s03,10,3,0.000000,1,536.207835,1246.302161,536.207835,0.000000,,,0,1,,,,,2.225509,BIG
ga,hfvrp_n010_m03_s03,10,3,0.000000,10,536.207835,1246.302161,536.207835,0.000000,,,0,1,,,,,0.037236,DEFAULT
ga,hfvrp_n010_m03_s03,10,3,0.000000,10,536.207835,1246.302161,536.207835,0.000000,,,0,1,,,,,0.004070,SMALL
ga,hfvrp_n005_m03_s05,5,3,0.000000,1788097498876604167,362.596536,589.151203,362.596536,0.000000,,,0,1,,,,,0.491832,MEDIUM
ga,hfvrp_n010_m03_s04,10,3,0.000000,1,511.684614,1016.706664,511.684614,0.000000,,,0,1,,,,,0.743230,MEDIUM
ga,hfvrp_n010_m03_s03,10,3,0.000000,10,536.207835,1246.302161,536.207835,0.000000,,,0,1,,,,,0.735495,MEDIUM
ga,hfvrp_n010_m03_s02,10,3,0.000000,50,526.828044,1617.153616,526.828044,0.000000,,,0,1,,,,,2.238718,BIG
ga,hfvrp_n010_m03_s02,10,3,0.000000,75,526.828044,1617.153616,526.828044,0.000000,,,0,1,,,,,0.040683,DEFAULT
ga,hfvrp_n010_m03_s02,10,3,0.000000,75,526.828044,1617.153616,526.828044,0.000000,,,0,1,,,,,0.007509,SMALL
ga,hfvrp_n005_m03_s05,5,3,0.000000,1788097426357323365,362.596536,406.141495,362.596536,0.000000,,,0,1,,,,,1.457543,BIG
ga,hfvrp_n015_m03_s01,15,3,0.000000,1788097397812059664,580.523616,4114.178296,580.523616,0.000000,,,0,1,,,,,0.052413,DEFAULT
ga,hfvrp_n015_m03_s01,15,3,0.000000,1788097402167409300,580.855440,4613.412323,580.855440,0.000000,,,0,1,,,,,0.009118,SMALL
ga,hfvrp_n010_m03_s05,10,3,0.000000,1788097494657592163,527.591966,819.303848,527.591966,0.000000,,,0,1,,,,,2.245808,BIG
ga,hfvrp_n010_m03_s05,10,3,0.000000,1,527.591966,819.303848,527.591966,0.000000,,,0,1,,,,,0.037604,DEFAULT
ga,hfvrp_n010_m03_s05,10,3,0.000000,1,578.983174,1508.880441,578.983174,0.000000,,,0,1,,,,,0.004031,SMALL
ga,hfvrp_n010_m03_s01,10,3,0.000000,999,522.493954,1011.998563,522.493954,0.000000,,,0,1,,,,,2.225622,BIG
ga,hfvrp_n010_m03_s01,10,3,0.000000,1234,522.493954,1011.998563,522.493954,0.000000,,,0,1,,,,,0.038214,DEFAULT
ga,hfvrp_n010_m03_s01,10,3,0.000000,1234,525.392822,1125.574295,525.392822,0.000000,,,0,1,,,,,0.004133,SMALL
ga,hfvrp_n010_m03_s02,10,3,0.000000,75,526.828044,1617.153616,526.828044,0.000000,,,0,1,,,,,0.751158,MEDIUM
ga,hfvrp_n015_m03_s01,15,3,0.000000,1788097406479611692,580.523616,4114.178296,580.523616,0.000000,,,0,1,,,,,1.009897,MEDIUM
ga,hfvrp_n010_m03_s05,10,3,0.000000,1,527.591966,819.303848,527.591966,0.000000,,,0,1,,,,,0.744698,MEDIUM
ga,hfvrp_n010_m03_s04,10,3,0.000000,1,511.684614,1016.706664,511.684614,0.000000,,,0,1,,,,,2.244397,BIG
ga,hfvrp_n010_m03_s01,10,3,0.000000,1234,522.493954,1011.998563,522.493954,0.000000,,,0,1,,,,,0.742305,MEDIUM
ga,hfvrp_n010_m03_s04,10,3,0.000000,10,521.924738,1264.027680,521.924738,0.000000,,,0,1,,,,,0.042802,DEFAULT
ga,hfvrp_n010_m03_s04,10,3,0.000000,10,521.924738,1264.027680,521.924738,0.000000,,,0,1,,,,,0.004139,SMALL
ga,hfvrp_n010_m03_s03,10,3,0.000000,10,536.207835,1246.302161,536.207835,0.000000,,,0,1,,,,,2.239411,BIG
ga,hfvrp_n010_m03_s03,10,3,0.000000,50,536.207835,1246.302161,536.207835,0.000000,,,0,1,,,,,0.036905,DEFAULT
ga,hfvrp_n010_m03_s03,10,3,0.000000,50,536.207835,1246.302161,536.207835,0.000000,,,0,1,,,,,0.007353,SMALL
ga,hfvrp_n010_m03_s04,10,3,0.000000,10,511.684614,1016.706664,511.684614,0.000000,,,0,1,,,,,0.767357,MEDIUM
ga,hfvrp_n010_m03_s03,10,3,0.000000,50,536.207835,1246.302161,536.207835,0.000000,,,0,1,,,,,0.753619,MEDIUM
ga,hfvrp_n010_m03_s02,10,3,0.000000,75,526.828044,1617.153616,526.828044,0.000000,,,0,1,,,,,2.268654,BIG
ga,hfvrp_n010_m03_s02,10,3,0.000000,100,526.828044,1617.153616,526.828044,0.000000,,,0,1,,,,,0.035544,DEFAULT
ga,hfvrp_n010_m03_s02,10,3,0.000000,100,526.828044,1617.153616,526.828044,0.000000,,,0,1,,,,,0.003937,SMALL
ga,hfvrp_n010_m03_s05,10,3,0.000000,1,527.591966,819.303848,527.591966,0.000000,,,0,1,,,,,2.262368,BIG
ga,hfvrp_n010_m03_s05,10,3,0.000000,10,579.414777,1389.027365,579.414777,0.000000,,,0,1,,,,,0.036083,DEFAULT
ga,hfvrp_n010_m03_s05,10,3,0.000000,10,578.983174,1508.880441,578.983174,0.000000,,,0,1,,,,,0.008179,SMALL
ga,hfvrp_n010_m03_s01,10,3,0.000000,1234,522.493954,1011.998563,522.493954,0.000000,,,0,1,,,,,2.262320,BIG
ga,hfvrp_n010_m03_s01,10,3,0.000000,9999,522.493954,1011.998563,522.493954,0.000000,,,0,1,,,,,0.039659,DEFAULT
ga,hfvrp_n010_m03_s01,10,3,0.000000,9999,522.493954,1011.998563,522.493954,0.000000,,,0,1,,,,,0.008462,SMALL
ga,hfvrp_n010_m03_s02,10,3,0.000000,100,526.828044,1617.153616,526.828044,0.000000,,,0,1,,,,,0.756868,MEDIUM
ga,hfvrp_n015_m03_s01,15,3,0.000000,1788097338774841382,572.703747,4107.559115,572.703747,0.000000,,,0,1,,,,,3.035090,BIG
ga,hfvrp_n015_m03_s01,15,3,0.000000,1,580.523616,4114.178296,580.523616,0.000000,,,0,1,,,,,0.054817,DEFAULT
ga,hfvrp_n015_m03_s01,15,3,0.000000,1,580.523616,4114.178296,580.523616,0.000000,,,0,1,,,,,0.008631,SMALL
ga,hfvrp_n010_m03_s05,10,3,0.000000,10,578.983174,1508.880441,578.983174,0.000000,,,0,1,,,,,0.756718,MEDIUM
ga,hfvrp_n010_m03_s04,10,3,0.000000,10,517.384587,1348.230779,517.384587,0.000000,,,0,1,,,,,2.264122,BIG
ga,hfvrp_n010_m03_s01,10,3,0.000000,9999,522.493954,1011.998563,522.493954,0.000000,,,0,1,,,,,0.749377,MEDIUM
ga,hfvrp_n010_m03_s04,10,3,0.000000,50,520.937874,1359.726515,520.937874,0.000000,,,0,1,,,,,0.039163,DEFAULT
ga,hfvrp_n010_m03_s04,10,3,0.000000,50,521.924738,1264.027680,521.924738,0.000000,,,0,1,,,,,0.004003,SMALL
ga,hfvrp_n010_m03_s03,10,3,0.000000,50,536.207835,1246.302161,536.207835,0.000000,,,0,1,,,,,2.245777,BIG
ga,hfvrp_n010_m03_s03,10,3,0.000000,75,536.207835,1246.302161,536.207835,0.000000,,,0,1,,,,,0.037631,DEFAULT
ga,hfvrp_n010_m03_s03,10,3,0.000000,75,536.207835,1246.302161,536.207835,0.000000,,,0,1,,,,,0.004064,SMALL
ga,hfvrp_n010_m03_s04,10,3,0.000000,50,517.384587,1348.230779,517.384587,0.000000,,,0,1,,,,,0.755015,MEDIUM
ga,hfvrp_n015_m03_s01,15,3,0.000000,1,572.703747,4107.559115,572.703747,0.000000,,,0,1,,,,,1.005747,MEDIUM
ga,hfvrp_n010_m03_s03,10,3,0.000000,75,536.207835,1246.302161,536.207835,0.000000,,,0,1,,,,,0.741835,MEDIUM
ga,hfvrp_n010_m03_s02,10,3,0.000000,100,523.801917,2322.163114,523.801917,0.000000,,,0,1,,,,,2.274467,BIG
ga,hfvrp_n010_m03_s02,10,3,0.000000,200,526.828044,1617.153616,526.828044,0.000000,,,0,1,,,,,0.036963,DEFAULT
ga,hfvrp_n010_m03_s02,10,3,0.000000,200,526.828044,1617.153616,526.828044,0.000000,,,0,1,,,,,0.004150,SMALL
ga,hfvrp_n010_m03_s05,10,3,0.000000,10,527.591966,819.303848,527.591966,0.000000,,,0,1,,,,,2.258894,BIG
ga,hfvrp_n010_m03_s05,10,3,0.000000,50,578.983174,1508.880441,578.983174,0.000000,,,0,1,,,,,0.037120,DEFAULT
ga,hfvrp_n010_m03_s05,10,3,0.000000,50,579.414777,1389.027365,579.414777,0.000000,,,0,1,,,,,0.007336,SMALL
ga,hfvrp_n010_m03_s01,10,3,0.000000,9999,522.493954,1011.998563,522.493954,0.000000,,,0,1,,,,,2.262813,BIG
ga,hfvrp_n010_m03_s01,10,3,0.000000,19345,525.392822,1125.574295,525.392822,0.000000,,,0,1,,,,,0.037712,DEFAULT
ga,hfvrp_n010_m03_s01,10,3,0.000000,19345,525.392822,1125.574295,525.392822,0.000000,,,0,1,,,,,0.008634,SMALL
ga,hfvrp_n010_m03_s02,10,3,0.000000,200,526.828044,1617.153616,526.828044,0.000000,,,0,1,,,,,0.757345,MEDIUM
ga,hfvrp_n010_m03_s05,10,3,0.000000,50,578.983174,1508.880441,578.983174,0.000000,,,0,1,,,,,0.749161,MEDIUM
ga,hfvrp_n010_m03_s04,10,3,0.000000,50,511.684614,1016.706664,511.684614,0.000000,,,0,1,,,,,2.257675,BIG
ga,hfvrp_n010_m03_s01,10,3,0.000000,19345,522.493954,1011.998563,522.493954,0.000000,,,0,1,,,,,0.740685,MEDIUM
ga,hfvrp_n010_m03_s04,10,3,0.000000,75,520.937874,1359.726515,520.937874,0.000000,,,0,1,,,,,0.036588,DEFAULT
ga,hfvrp_n010_m03_s04,10,3,0.000000,75,521.924738,1264.027680,521.924738,0.000000,,,0,1,,,,,0.003935,SMALL
ga,hfvrp_n010_m03_s03,10,3,0.000000,75,536.207835,1246.302161,536.207835,0.000000,,,0,1,,,,,2.303228,BIG
ga,hfvrp_n010_m03_s03,10,3,0.000000,100,536.207835,1246.302161,536.207835,0.000000,,,0,1,,,,,0.039573,DEFAULT
ga,hfvrp_n010_m03_s03,10,3,0.000000,100,536.207835,1246.302161,536.207835,0.000000,,,0,1,,,,,0.003820,SMALL
ga,hfvrp_n010_m03_s04,10,3,0.000000,75,511.684614,1016.706664,511.684614,0.000000,,,0,1,,,,,0.745077,MEDIUM
ga,hfvrp_n015_m03_s01,15,3,0.000000,1,572.703747,4107.559115,572.703747,0.000000,,,0,1,,,,,3.033294,BIG
ga,hfvrp_n015_m03_s01,15,3,0.000000,10,580.523616,4114.178296,580.523616,0.000000,,,0,1,,,,,0.054690,DEFAULT
ga,hfvrp_n015_m03_s01,15,3,0.000000,10,590.577598,4773.046935,590.577598,0.000000,,,0,1,,,,,0.008909,SMALL
ga,hfvrp_n010_m03_s03,10,3,0.000000,100,536.207835,1246.302161,536.207835,0.000000,,,0,1,,,,,0.745389,MEDIUM
ga,hfvrp_n010_m03_s02,10,3,0.000000,200,523.801917,2322.163114,523.801917,0.000000,,,0,1,,,,,2.478048,BIG
ga,hfvrp_n015_m03_s01,15,3,0.000000,10,580.523616,4114.178296,580.523616,0.000000,,,0,1,,,,,1.016985,MEDIUM
ga,hfvrp_n010_m03_s02,10,3,0.000000,999,524.488142,1281.817518,524.488142,0.000000,,,0,1,,,,,0.041389,DEFAULT
ga,hfvrp_n010_m03_s02,10,3,0.000000,999,526.828044,1617.153616,526.828044,0.000000,,,0,1,,,,,0.009367,SMALL
ga,hfvrp_n010_m03_s05,10,3,0.000000,50,527.591966,819.303848,527.591966,0.000000,,,0,1,,,,,2.268371,BIG
ga,hfvrp_n010_m03_s05,10,3,0.000000,75,578.983174,1508.880441,578.983174,0.000000,,,0,1,,,,,0.037952,DEFAULT
ga,hfvrp_n010_m03_s05,10,3,0.000000,75,578.983174,1508.880441,578.983174,0.000000,,,0,1,,,,,0.004165,SMALL
ga,hfvrp_n010_m03_s01,10,3,0.000000,19345,522.493954,1011.998563,522.493954,0.000000,,,0,1,,,,,2.242998,BIG
ga,hfvrp_n010_m03_s01,10,3,0.000000,1788094568523642285,525.392822,1125.574295,525.392822,0.000000,,,0,1,,,,,0.039275,DEFAULT
ga,hfvrp_n010_m03_s01,10,3,0.000000,1788094486962369553,522.493954,1011.998563,522.493954,0.000000,,,0,1,,,,,0.004128,SMALL
ga,hfvrp_n010_m03_s02,10,3,0.000000,999,523.801917,2322.163114,523.801917,0.000000,,,0,1,,,,,0.753165,MEDIUM
ga,hfvrp_n010_m03_s05,10,3,0.000000,75,527.591966,819.303848,527.591966,0.000000,,,0,1,,,,,0.748587,MEDIUM
ga,hfvrp_n010_m03_s01,10,3,0.000000,1788094491265254071,522.493954,1011.998563,522.493954,0.000000,,,0,1,,,,,0.739276,MEDIUM
ga,hfvrp_n010_m03_s04,10,3,0.000000,75,511.684614,1016.706664,511.684614,0.000000,,,0,1,,,,,2.267066,BIG
ga,hfvrp_n010_m03_s04,10,3,0.000000,100,511.684614,1016.706664,511.684614,0.000000,,,0,1,,,,,0.037769,DEFAULT
ga,hfvrp_n010_m03_s04,10,3,0.000000,100,520.937874,1359.726515,520.937874,0.000000,,,0,1,,,,,0.007045,SMALL
ga,hfvrp_n010_m03_s03,10,3,0.000000,100,536.207835,1246.302161,536.207835,0.000000,,,0,1,,,,,2.250763,BIG
ga,hfvrp_n010_m03_s03,10,3,0.000000,200,536.207835,1246.302161,536.207835,0.000000,,,0,1,,,,,0.037259,DEFAULT
ga,hfvrp_n010_m03_s03,10,3,0.000000,200,536.207835,1246.302161,536.207835,0.000000,,,0,1,,,,,0.006836,SMALL
ga,hfvrp_n010_m03_s04,10,3,0.000000,100,517.384587,1348.230779,517.384587,0.000000,,,0,1,,,,,0.747916,MEDIUM
ga,hfvrp_n010_m03_s03,10,3,0.000000,200,536.207835,1246.302161,536.207835,0.000000,,,0,1,,,,,0.737083,MEDIUM
ga,hfvrp_n015_m03_s01,15,3,0.000000,10,570.230074,3895.543688,570.230074,0.000000,,,0,1,,,,,3.028439,BIG
ga,hfvrp_n010_m03_s02,10,3,0.000000,999,526.828044,1617.153616,526.828044,0.000000,,,0,1,,,,,2.248928,BIG
ga,hfvrp_n015_m03_s01,15,3,0.000000,50,580.523616,4114.178296,580.523616,0.000000,,,0,1,,,,,0.054340,DEFAULT
ga,hfvrp_n010_m03_s02,10,3,0.000000,1234,526.828044,1617.153616,526.828044,0.000000,,,0,1,,,,,0.041023,DEFAULT
ga,hfvrp_n010_m03_s02,10,3,0.000000,1234,526.828044,1617.153616,526.828044,0.000000,,,0,1,,,,,0.004103,SMALL
ga,hfvrp_n015_m03_s01,15,3,0.000000,50,580.523616,4114.178296,580.523616,0.000000,,,0,1,,,,,0.008668,SMALL
ga,hfvrp_n010_m03_s05,10,3,0.000000,75,527.591966,819.303848,527.591966,0.000000,,,0,1,,,,,2.253564,BIG
ga,hfvrp_n010_m03_s01,10,3,0.000000,1788094470538433158,522.493954,1011.998563,522.493954,0.000000,,,0,1,,,,,2.237221,BIG
ga,hfvrp_n010_m03_s05,10,3,0.000000,100,578.983174,1508.880441,578.983174,0.000000,,,0,1,,,,,0.038061,DEFAULT
ga,hfvrp_n010_m03_s05,10,3,0.000000,100,578.983174,1508.880441,578.983174,0.000000,,,0,1,,,,,0.004134,SMALL
ga,hfvrp_n015_m03_s02,15,3,0.000000,1788094253777568755,536.153014,3305.630012,536.153014,0.000000,,,0,1,,,,,0.050767,DEFAULT
ga,hfvrp_n015_m03_s02,15,3,0.000000,1788094318256969256,536.153014,3305.630012,536.153014,0.000000,,,0,1,,,,,0.005550,SMALL
ga,hfvrp_n010_m03_s02,10,3,0.000000,1234,523.801917,2322.163114,523.801917,0.000000,,,0,1,,,,,0.755966,MEDIUM
ga,hfvrp_n010_m03_s05,10,3,0.000000,100,527.591966,819.303848,527.591966,0.000000,,,0,1,,,,,0.747476,MEDIUM
ga,hfvrp_n010_m03_s04,10,3,0.000000,100,517.384587,1348.230779,517.384587,0.000000,,,0,1,,,,,2.251621,BIG
ga,hfvrp_n015_m03_s01,15,3,0.000000,50,580.523616,4114.178296,580.523616,0.000000,,,0,1,,,,,1.011923,MEDIUM
ga,hfvrp_n010_m03_s04,10,3,0.000000,200,520.937874,1359.726515,520.937874,0.000000,,,0,1,,,,,0.037487,DEFAULT
ga,hfvrp_n010_m03_s04,10,3,0.000000,200,521.924738,1264.027680,521.924738,0.000000,,,0,1,,,,,0.004097,SMALL
ga,hfvrp_n010_m03_s03,10,3,0.000000,200,536.207835,1246.302161,536.207835,0.000000,,,0,1,,,,,2.233243,BIG
ga,hfvrp_n010_m03_s03,10,3,0.000000,999,536.207835,1246.302161,536.207835,0.000000,,,0,1,,,,,0.037638,DEFAULT
ga,hfvrp_n010_m03_s03,10,3,0.000000,999,536.207835,1246.302161,536.207835,0.000000,,,0,1,,,,,0.005830,SMALL
ga,hfvrp_n015_m03_s02,15,3,0.000000,1788094313971380873,536.153014,3305.630012,536.153014,0.000000,,,0,1,,,,,1.037747,MEDIUM
ga,hfvrp_n010_m03_s04,10,3,0.000000,200,520.937874,1359.726515,520.937874,0.000000,,,0,1,,,,,0.748118,MEDIUM
ga,hfvrp_n010_m03_s03,10,3,0.000000,999,536.207835,1246.302161,536.207835,0.000000,,,0,1,,,,,0.742480,MEDIUM
ga,hfvrp_n010_m03_s02,10,3,0.000000,1234,523.801917,2322.163114,523.801917,0.000000,,,0,1,,,,,2.269577,BIG
ga,hfvrp_n010_m03_s02,10,3,0.000000,9999,524.488142,1281.817518,524.488142,0.000000,,,0,1,,,,,0.042168,DEFAULT
ga,hfvrp_n010_m03_s02,10,3,0.000000,9999,526.828044,1617.153616,526.828044,0.000000,,,0,1,,,,,0.004083,SMALL
ga,hfvrp_n010_m03_s05,10,3,0.000000,100,527.591966,819.303848,527.591966,0.000000,,,0,1,,,,,2.260042,BIG
ga,hfvrp_n010_m03_s05,10,3,0.000000,200,578.983174,1508.880441,578.983174,0.000000,,,0,1,,,,,0.038775,DEFAULT
ga,hfvrp_n010_m03_s05,10,3,0.000000,200,578.983174,1508.880441,578.983174,0.000000,,,0,1,,,,,0.008942,SMALL
ga,hfvrp_n010_m03_s02,10,3,0.000000,9999,526.828044,1617.153616,526.828044,0.000000,,,0,1,,,,,0.752697,MEDIUM
ga,hfvrp_n010_m03_s05,10,3,0.000000,200,578.983174,1508.880441,578.983174,0.000000,,,0,1,,,,,0.752221,MEDIUM
ga,hfvrp_n015_m03_s01,15,3,0.000000,50,580.523616,4114.178296,580.523616,0.000000,,,0,1,,,,,3.029852,BIG
ga,hfvrp_n015_m03_s01,15,3,0.000000,75,580.523616,4114.178296,580.523616,0.000000,,,0,1,,,,,0.054619,DEFAULT
ga,hfvrp_n015_m03_s01,15,3,0.000000,75,580.523616,4114.178296,580.523616,0.000000,,,0,1,,,,,0.005652,SMALL
ga,hfvrp_n010_m03_s04,10,3,0.000000,200,520.937874,1359.726515,520.937874,0.000000,,,0,1,,,,,2.405007,BIG
ga,hfvrp_n010_m03_s03,10,3,0.000000,999,536.207835,1246.302161,536.207835,0.000000,,,0,1,,,,,2.255089,BIG
ga,hfvrp_n010_m03_s04,10,3,0.000000,999,520.937874,1359.726515,520.937874,0.000000,,,0,1,,,,,0.038061,DEFAULT
ga,hfvrp_n010_m03_s04,10,3,0.000000,999,521.924738,1264.027680,521.924738,0.000000,,,0,1,,,,,0.008517,SMALL
ga,hfvrp_n015_m03_s02,15,3,0.000000,1788094237705820654,536.153014,3305.630012,536.153014,0.000000,,,0,1,,,,,3.023019,BIG
ga,hfvrp_n010_m03_s03,10,3,0.000000,1234,536.207835,1246.302161,536.207835,0.000000,,,0,1,,,,,0.037452,DEFAULT
ga,hfvrp_n010_m03_s03,10,3,0.000000,1234,536.207835,1246.302161,536.207835,0.000000,,,0,1,,,,,0.006795,SMALL
ga,hfvrp_n015_m03_s02,15,3,0.000000,1,536.153014,3305.630012,536.153014,0.000000,,,0,1,,,,,0.049144,DEFAULT
ga,hfvrp_n015_m03_s02,15,3,0.000000,1,536.153014,3305.630012,536.153014,0.000000,,,0,1,,,,,0.009873,SMALL
ga,hfvrp_n010_m03_s04,10,3,0.000000,999,511.684614,1016.706664,511.684614,0.000000,,,0,1,,,,,0.750641,MEDIUM
ga,hfvrp_n010_m03_s03,10,3,0.000000,1234,536.207835,1246.302161,536.207835,0.000000,,,0,1,,,,,0.738989,MEDIUM
ga,hfvrp_n015_m03_s01,15,3,0.000000,75,580.523616,4114.178296,580.523616,0.000000,,,0,1,,,,,1.016176,MEDIUM
ga,hfvrp_n015_m03_s02,15,3,0.000000,1,536.153014,3305.630012,536.153014,0.000000,,,0,1,,,,,1.004643,MEDIUM
ga,hfvrp_n010_m03_s02,10,3,0.000000,9999,523.801917,2322.163114,523.801917,0.000000,,,0,1,,,,,2.432991,BIG
ga,hfvrp_n010_m03_s05,10,3,0.000000,200,578.983174,1508.880441,578.983174,0.000000,,,0,1,,,,,2.277741,BIG
ga,hfvrp_n010_m03_s02,10,3,0.000000,19345,526.828044,1617.153616,526.828044,0.000000,,,0,1,,,,,0.039090,DEFAULT
ga,hfvrp_n010_m03_s05,10,3,0.000000,999,527.591966,819.303848,527.591966,0.000000,,,0,1,,,,,0.037089,DEFAULT
ga,hfvrp_n010_m03_s02,10,3,0.000000,19345,526.828044,1617.153616,526.828044,0.000000,,,0,1,,,,,0.003857,SMALL
ga,hfvrp_n010_m03_s05,10,3,0.000000,999,578.983174,1508.880441,578.983174,0.000000,,,0,1,,,,,0.009044,SMALL
ga,hfvrp_n010_m03_s02,10,3,0.000000,19345,526.828044,1617.153616,526.828044,0.000000,,,0,1,,,,,0.741322,MEDIUM
ga,hfvrp_n010_m03_s05,10,3,0.000000,999,527.591966,819.303848,527.591966,0.000000,,,0,1,,,,,0.747327,MEDIUM
ga,hfvrp_n010_m03_s04,10,3,0.000000,999,511.684614,1016.706664,511.684614,0.000000,,,0,1,,,,,2.265357,BIG
ga,hfvrp_n010_m03_s03,10,3,0.000000,1234,536.207835,1246.302161,536.207835,0.000000,,,0,1,,,,,2.247387,BIG
ga,hfvrp_n010_m03_s04,10,3,0.000000,1234,511.684614,1016.706664,511.684614,0.000000,,,0,1,,,,,0.041785,DEFAULT
ga,hfvrp_n010_m03_s03,10,3,0.000000,9999,536.207835,1246.302161,536.207835,0.000000,,,0,1,,,,,0.036242,DEFAULT
ga,hfvrp_n010_m03_s03,10,3,0.000000,9999,536.207835,1246.302161,536.207835,0.000000,,,0,1,,,,,0.003914,SMALL
ga,hfvrp_n010_m03_s04,10,3,0.000000,1234,521.924738,1264.027680,521.924738,0.000000,,,0,1,,,,,0.009464,SMALL
ga,hfvrp_n010_m03_s03,10,3,0.000000,9999,536.207835,1246.302161,536.207835,0.000000,,,0,1,,,,,0.733824,MEDIUM
ga,hfvrp_n010_m03_s04,10,3,0.000000,1234,517.384587,1348.230779,517.384587,0.000000,,,0,1,,,,,0.743084,MEDIUM
ga,hfvrp_n015_m03_s01,15,3,0.000000,75,570.230074,3895.543688,570.230074,0.000000,,,0,1,,,,,3.013404,BIG
ga,hfvrp_n015_m03_s01,15,3,0.000000,100,580.523616,4114.178296,580.523616,0.000000,,,0,1,,,,,0.051427,DEFAULT
ga,hfvrp_n015_m03_s01,15,3,0.000000,100,637.736307,4467.088506,637.736307,0.000000,,,0,1,,,,,0.005188,SMALL
ga,hfvrp_n015_m03_s02,15,3,0.000000,1,536.153014,3305.630012,536.153014,0.000000,,,0,1,,,,,3.032884,BIG
ga,hfvrp_n015_m03_s02,15,3,0.000000,10,536.153014,3305.630012,536.153014,0.000000,,,0,1,,,,,0.052028,DEFAULT
ga,hfvrp_n015_m03_s02,15,3,0.000000,10,536.153014,3305.630012,536.153014,0.000000,,,0,1,,,,,0.005402,SMALL
ga,hfvrp_n015_m03_s01,15,3,0.000000,100,572.703747,4107.559115,572.703747,0.000000,,,0,1,,,,,0.983086,MEDIUM
ga,hfvrp_n010_m03_s02,10,3,0.000000,19345,526.828044,1617.153616,526.828044,0.000000,,,0,1,,,,,2.229220,BIG
ga,hfvrp_n010_m03_s05,10,3,0.000000,999,527.591966,819.303848,527.591966,0.000000,,,0,1,,,,,2.232367,BIG
ga,hfvrp_n010_m03_s02,10,3,0.000000,1788095937975580950,526.828044,1617.153616,526.828044,0.000000,,,0,1,,,,,0.040219,DEFAULT
ga,hfvrp_n010_m03_s05,10,3,0.000000,1234,578.983174,1508.880441,578.983174,0.000000,,,0,1,,,,,0.037284,DEFAULT
ga,hfvrp_n010_m03_s02,10,3,0.000000,1788095963793564076,526.828044,1617.153616,526.828044,0.000000,,,0,1,,,,,0.009465,SMALL
ga,hfvrp_n010_m03_s05,10,3,0.000000,1234,579.414777,1389.027365,579.414777,0.000000,,,0,1,,,,,0.005256,SMALL
ga,hfvrp_n015_m03_s02,15,3,0.000000,10,536.153014,3305.630012,536.153014,0.000000,,,0,1,,,,,0.993046,MEDIUM
ga,hfvrp_n010_m03_s02,10,3,0.000000,1788095903676910727,526.828044,1617.153616,526.828044,0.000000,,,0,1,,,,,0.739586,MEDIUM
ga,hfvrp_n010_m03_s05,10,3,0.000000,1234,527.591966,819.303848,527.591966,0.000000,,,0,1,,,,,0.740970,MEDIUM
ga,hfvrp_n010_m03_s03,10,3,0.000000,9999,536.207835,1246.302161,536.207835,0.000000,,,0,1,,,,,2.220982,BIG
ga,hfvrp_n010_m03_s04,10,3,0.000000,1234,517.384587,1348.230779,517.384587,0.000000,,,0,1,,,,,2.235722,BIG
ga,hfvrp_n010_m03_s03,10,3,0.000000,19345,536.207835,1246.302161,536.207835,0.000000,,,0,1,,,,,0.042813,DEFAULT
ga,hfvrp_n010_m03_s03,10,3,0.000000,19345,536.207835,1246.302161,536.207835,0.000000,,,0,1,,,,,0.006818,SMALL
ga,hfvrp_n010_m03_s04,10,3,0.000000,9999,521.924738,1264.027680,521.924738,0.000000,,,0,1,,,,,0.038644,DEFAULT
ga,hfvrp_n010_m03_s04,10,3,0.000000,9999,521.924738,1264.027680,521.924738,0.000000,,,0,1,,,,,0.007341,SMALL
ga,hfvrp_n010_m03_s03,10,3,0.000000,19345,536.207835,1246.302161,536.207835,0.000000,,,0,1,,,,,0.750743,MEDIUM
ga,hfvrp_n010_m03_s04,10,3,0.000000,9999,520.937874,1359.726515,520.937874,0.000000,,,0,1,,,,,0.752489,MEDIUM
ga,hfvrp_n015_m03_s01,15,3,0.000000,100,570.230074,3895.543688,570.230074,0.000000,,,0,1,,,,,3.045368,BIG
ga,hfvrp_n015_m03_s01,15,3,0.000000,200,580.523616,4114.178296,580.523616,0.000000,,,0,1,,,,,0.054924,DEFAULT
ga,hfvrp_n015_m03_s01,15,3,0.000000,200,580.523616,4114.178296,580.523616,0.000000,,,0,1,,,,,0.010281,SMALL
ga,hfvrp_n010_m03_s02,10,3,0.000000,1788095925899486718,523.801917,2322.163114,523.801917,0.000000,,,0,1,,,,,2.289074,BIG
ga,hfvrp_n010_m03_s05,10,3,0.000000,1234,527.591966,819.303848,527.591966,0.000000,,,0,1,,,,,2.287393,BIG
ga,hfvrp_n010_m03_s05,10,3,0.000000,9999,578.983174,1508.880441,578.983174,0.000000,,,0,1,,,,,0.038294,DEFAULT
ga,hfvrp_n010_m03_s05,10,3,0.000000,9999,578.983174,1508.880441,578.983174,0.000000,,,0,1,,,,,0.004031,SMALL
ga,hfvrp_n015_m03_s03,15,3,0.000000,1788095760722430571,516.494315,1798.435270,516.494315,0.000000,,,0,1,,,,,0.051041,DEFAULT
ga,hfvrp_n015_m03_s03,15,3,0.000000,1788095713532808812,516.494315,1798.435270,516.494315,0.000000,,,0,1,,,,,0.005598,SMALL
ga,hfvrp_n015_m03_s02,15,3,0.000000,10,536.153014,3305.630012,536.153014,0.000000,,,0,1,,,,,3.135082,BIG
ga,hfvrp_n015_m03_s02,15,3,0.000000,50,536.153014,3305.630012,536.153014,0.000000,,,0,1,,,,,0.054223,DEFAULT
ga,hfvrp_n015_m03_s02,15,3,0.000000,50,536.153014,3305.630012,536.153014,0.000000,,,0,1,,,,,0.010669,SMALL
ga,hfvrp_n010_m03_s05,10,3,0.000000,9999,527.591966,1467.937004,527.591966,0.000000,,,0,1,,,,,0.758083,MEDIUM
ga,hfvrp_n015_m03_s01,15,3,0.000000,200,580.523616,4114.178296,580.523616,0.000000,,,0,1,,,,,1.018930,MEDIUM
ga,hfvrp_n010_m03_s03,10,3,0.000000,19345,536.207835,1246.302161,536.207835,0.000000,,,0,1,,,,,2.242139,BIG
ga,hfvrp_n010_m03_s04,10,3,0.000000,9999,520.937874,1359.726515,520.937874,0.000000,,,0,1,,,,,2.254953,BIG
ga,hfvrp_n010_m03_s03,10,3,0.000000,1788095641442280655,536.207835,1246.302161,536.207835,0.000000,,,0,1,,,,,0.042030,DEFAULT
ga,hfvrp_n010_m03_s03,10,3,0.000000,1788095650082075452,536.207835,1246.302161,536.207835,0.000000,,,0,1,,,,,0.007828,SMALL
ga,hfvrp_n010_m03_s04,10,3,0.000000,19345,517.384587,1348.230779,517.384587,0.000000,,,0,1,,,,,0.037470,DEFAULT
ga,hfvrp_n010_m03_s04,10,3,0.000000,19345,521.924738,1264.027680,521.924738,0.000000,,,0,1,,,,,0.003782,SMALL
ga,hfvrp_n015_m03_s03,15,3,0.000000,1788095709252114216,516.494315,1798.435270,516.494315,0.000000,,,0,1,,,,,1.012005,MEDIUM
ga,hfvrp_n015_m03_s02,15,3,0.000000,50,536.153014,3305.630012,536.153014,0.000000,,,0,1,,,,,0.995362,MEDIUM
ga,hfvrp_n010_m03_s03,10,3,0.000000,1788095602849121724,536.207835,1246.302161,536.207835,0.000000,,,0,1,,,,,0.732756,MEDIUM
ga,hfvrp_n010_m03_s04,10,3,0.000000,19345,520.937874,1359.726515,520.937874,0.000000,,,0,1,,,,,0.738524,MEDIUM
ga,hfvrp_n010_m03_s05,10,3,0.000000,9999,578.983174,1508.880441,578.983174,0.000000,,,0,1,,,,,2.294976,BIG
ga,hfvrp_n010_m03_s05,10,3,0.000000,19345,578.983174,1508.880441,578.983174,0.000000,,,0,1,,,,,0.042270,DEFAULT
ga,hfvrp_n010_m03_s05,10,3,0.000000,19345,578.983174,1508.880441,578.983174,0.000000,,,0,1,,,,,0.009047,SMALL
ga,hfvrp_n015_m03_s01,15,3,0.000000,200,570.230074,3895.543688,570.230074,0.000000,,,0,1,,,,,3.032042,BIG
ga,hfvrp_n010_m03_s05,10,3,0.000000,19345,527.591966,1467.937004,527.591966,0.000000,,,0,1,,,,,0.762669,MEDIUM
ga,hfvrp_n010_m03_s03,10,3,0.000000,1788095625060590625,536.207835,1246.302161,536.207835,0.000000,,,0,1,,,,,2.201543,BIG
ga,hfvrp_n010_m03_s04,10,3,0.000000,19345,511.684614,1016.706664,511.684614,0.000000,,,0,1,,,,,2.230602,BIG
ga,hfvrp_n015_m03_s01,15,3,0.000000,999,580.523616,4114.178296,580.523616,0.000000,,,0,1,,,,,0.051731,DEFAULT
ga,hfvrp_n015_m03_s01,15,3,0.000000,999,580.523616,4114.178296,580.523616,0.000000,,,0,1,,,,,0.010377,SMALL
ga,hfvrp_n015_m03_s04,15,3,0.000000,1788095472684621983,614.626038,5889.143310,614.626038,0.000000,,,0,1,,,,,0.051245,DEFAULT
ga,hfvrp_n015_m03_s04,15,3,0.000000,1788095438380150092,626.361033,5212.784580,626.361033,0.000000,,,0,1,,,,,0.005578,SMALL
ga,hfvrp_n015_m03_s03,15,3,0.000000,1788095598602846529,516.494315,1798.435270,516.494315,0.000000,,,0,1,,,,,2.994545,BIG
ga,hfvrp_n010_m03_s04,10,3,0.000000,1788095481317327094,520.937874,1359.726515,520.937874,0.000000,,,0,1,,,,,0.037590,DEFAULT
ga,hfvrp_n010_m03_s04,10,3,0.000000,1788095399754713541,521.924738,1264.027680,521.924738,0.000000,,,0,1,,,,,0.004098,SMALL
ga,hfvrp_n015_m03_s03,15,3,0.000000,1,516.494315,1798.435270,516.494315,0.000000,,,0,1,,,,,0.053079,DEFAULT
ga,hfvrp_n015_m03_s03,15,3,0.000000,1,516.494315,1798.435270,516.494315,0.000000,,,0,1,,,,,0.010061,SMALL
ga,hfvrp_n015_m03_s02,15,3,0.000000,50,536.153014,3305.630012,536.153014,0.000000,,,0,1,,,,,2.987311,BIG
ga,hfvrp_n015_m03_s02,15,3,0.000000,75,536.153014,3305.630012,536.153014,0.000000,,,0,1,,,,,0.054596,DEFAULT
ga,hfvrp_n015_m03_s02,15,3,0.000000,75,536.153014,3305.630012,536.153014,0.000000,,,0,1,,,,,0.009026,SMALL
ga,hfvrp_n010_m03_s04,10,3,0.000000,1788095404057718229,511.684614,1016.706664,511.684614,0.000000,,,0,1,,,,,0.756145,MEDIUM
ga,hfvrp_n015_m03_s01,15,3,0.000000,999,572.703747,4107.559115,572.703747,0.000000,,,0,1,,,,,1.002077,MEDIUM
ga,hfvrp_n015_m03_s04,15,3,0.000000,1788095425504779545,614.626038,5889.143310,614.626038,0.000000,,,0,1,,,,,1.016806,MEDIUM
ga,hfvrp_n015_m03_s03,15,3,0.000000,1,516.494315,1798.435270,516.494315,0.000000,,,0,1,,,,,1.010496,MEDIUM
ga,hfvrp_n015_m03_s02,15,3,0.000000,75,536.153014,3305.630012,536.153014,0.000000,,,0,1,,,,,1.004125,MEDIUM
ga,hfvrp_n010_m03_s05,10,3,0.000000,19345,527.591966,819.303848,527.591966,0.000000,,,0,1,,,,,2.251724,BIG
ga,hfvrp_n010_m03_s05,10,3,0.000000,1788095350359657883,578.983174,1508.880441,578.983174,0.000000,,,0,1,,,,,0.036949,DEFAULT
ga,hfvrp_n010_m03_s05,10,3,0.000000,1788095346105605637,579.414777,1389.027365,579.414777,0.000000,,,0,1,,,,,0.004207,SMALL
ga,hfvrp_n010_m03_s05,10,3,0.000000,1788095341818634148,578.983174,1508.880441,578.983174,0.000000,,,0,1,,,,,0.739122,MEDIUM
ga,hfvrp_n010_m03_s04,10,3,0.000000,1788095353278337750,520.937874,1359.726515,520.937874,0.000000,,,0,1,,,,,2.225699,BIG
ga,hfvrp_n015_m03_s05,15,3,0.000000,1788095278246886078,589.460284,2564.505738,589.460284,0.000000,,,0,1,,,,,0.050424,DEFAULT
ga,hfvrp_n015_m03_s05,15,3,0.000000,1788095274010970905,589.460284,2564.505738,589.460284,0.000000,,,0,1,,,,,0.010107,SMALL
ga,hfvrp_n015_m03_s01,15,3,0.000000,999,580.523616,4114.178296,580.523616,0.000000,,,0,1,,,,,3.043334,BIG
ga,hfvrp_n015_m03_s04,15,3,0.000000,1788095379282849874,614.626038,5889.143310,614.626038,0.000000,,,0,1,,,,,3.026917,BIG
ga,hfvrp_n015_m03_s03,15,3,0.000000,1,516.494315,1798.435270,516.494315,0.000000,,,0,1,,,,,3.001552,BIG
ga,hfvrp_n015_m03_s01,15,3,0.000000,1234,580.523616,4114.178296,580.523616,0.000000,,,0,1,,,,,0.051122,DEFAULT
ga,hfvrp_n015_m03_s04,15,3,0.000000,1,614.626038,5889.143310,614.626038,0.000000,,,0,1,,,,,0.050598,DEFAULT
ga,hfvrp_n015_m03_s01,15,3,0.000000,1234,580.523616,4114.178296,580.523616,0.000000,,,0,1,,,,,0.007843,SMALL
ga,hfvrp_n015_m03_s04,15,3,0.000000,1,626.361033,5212.784580,626.361033,0.000000,,,0,1,,,,,0.005612,SMALL
ga,hfvrp_n015_m03_s05,15,3,0.000000,1788095269730052283,589.460284,2564.505738,589.460284,0.000000,,,0,1,,,,,1.010933,MEDIUM
ga,hfvrp_n015_m03_s03,15,3,0.000000,10,516.494315,1798.435270,516.494315,0.000000,,,0,1,,,,,0.050750,DEFAULT
ga,hfvrp_n015_m03_s03,15,3,0.000000,10,516.494315,1798.435270,516.494315,0.000000,,,0,1,,,,,0.005607,SMALL
ga,hfvrp_n015_m03_s02,15,3,0.000000,75,536.153014,3305.630012,536.153014,0.000000,,,0,1,,,,,3.036061,BIG
ga,hfvrp_n015_m03_s02,15,3,0.000000,100,536.153014,3305.630012,536.153014,0.000000,,,0,1,,,,,0.053255,DEFAULT
ga,hfvrp_n015_m03_s02,15,3,0.000000,100,536.153014,3305.630012,536.153014,0.000000,,,0,1,,,,,0.005422,SMALL
ga,hfvrp_n015_m03_s04,15,3,0.000000,1,614.626038,5889.143310,614.626038,0.000000,,,0,1,,,,,0.997805,MEDIUM
ga,hfvrp_n015_m03_s01,15,3,0.000000,1234,580.523616,4114.178296,580.523616,0.000000,,,0,1,,,,,1.001566,MEDIUM
ga,hfvrp_n015_m03_s03,15,3,0.000000,10,516.494315,1798.435270,516.494315,0.000000,,,0,1,,,,,0.996605,MEDIUM
ga,hfvrp_n010_m03_s05,10,3,0.000000,1788095338266812128,578.983174,1508.880441,578.983174,0.000000,,,0,1,,,,,2.280910,BIG
ga,hfvrp_n020_m04_s01,20,4,0.000000,1788092849522644361,674.454866,3434.050842,674.454866,0.000000,,,0,1,,,,,0.063200,DEFAULT
ga,hfvrp_n020_m04_s01,20,4,0.000000,1788092853884731136,674.454866,3434.050842,674.454866,0.000000,,,0,1,,,,,0.006959,SMALL
ga,hfvrp_n015_m03_s02,15,3,0.000000,100,536.153014,3305.630012,536.153014,0.000000,,,0,1,,,,,1.007232,MEDIUM
ga,hfvrp_n020_m04_s01,20,4,0.000000,1788092858190561760,674.454866,3434.050842,674.454866,0.000000,,,0,1,,,,,1.282234,MEDIUM
ga,hfvrp_n015_m03_s05,15,3,0.000000,1788095150490029700,589.460284,2564.505738,589.460284,0.000000,,,0,1,,,,,2.972676,BIG
ga,hfvrp_n015_m03_s05,15,3,0.000000,1,589.460284,2564.505738,589.460284,0.000000,,,0,1,,,,,0.053142,DEFAULT
ga,hfvrp_n015_m03_s05,15,3,0.000000,1,589.460284,2564.505738,589.460284,0.000000,,,0,1,,,,,0.006758,SMALL
ga,hfvrp_n015_m03_s01,15,3,0.000000,1234,570.230074,3895.543688,570.230074,0.000000,,,0,1,,,,,2.938352,BIG
ga,hfvrp_n015_m03_s04,15,3,0.000000,1,614.626038,5889.143310,614.626038,0.000000,,,0,1,,,,,2.991494,BIG
ga,hfvrp_n015_m03_s01,15,3,0.000000,9999,580.523616,4114.178296,580.523616,0.000000,,,0,1,,,,,0.054973,DEFAULT
ga,hfvrp_n015_m03_s03,15,3,0.000000,10,516.494315,1798.435270,516.494315,0.000000,,,0,1,,,,,2.969200,BIG
ga,hfvrp_n015_m03_s01,15,3,0.000000,9999,580.523616,4114.178296,580.523616,0.000000,,,0,1,,,,,0.005669,SMALL
ga,hfvrp_n015_m03_s04,15,3,0.000000,10,614.626038,5889.143310,614.626038,0.000000,,,0,1,,,,,0.051582,DEFAULT
ga,hfvrp_n015_m03_s04,15,3,0.000000,10,614.626038,5889.143310,614.626038,0.000000,,,0,1,,,,,0.005463,SMALL
ga,hfvrp_n015_m03_s05,15,3,0.000000,1,589.460284,2564.505738,589.460284,0.000000,,,0,1,,,,,0.995915,MEDIUM
ga,hfvrp_n015_m03_s03,15,3,0.000000,50,516.494315,1798.435270,516.494315,0.000000,,,0,1,,,,,0.051315,DEFAULT
ga,hfvrp_n015_m03_s03,15,3,0.000000,50,516.494315,1798.435270,516.494315,0.000000,,,0,1,,,,,0.005562,SMALL
ga,hfvrp_n015_m03_s02,15,3,0.000000,100,536.153014,3305.630012,536.153014,0.000000,,,0,1,,,,,3.018839,BIG
ga,hfvrp_n015_m03_s02,15,3,0.000000,200,536.153014,3305.630012,536.153014,0.000000,,,0,1,,,,,0.054064,DEFAULT
ga,hfvrp_n015_m03_s02,15,3,0.000000,200,536.153014,3305.630012,536.153014,0.000000,,,0,1,,,,,0.009646,SMALL
ga,hfvrp_n015_m03_s01,15,3,0.000000,9999,580.523616,4114.178296,580.523616,0.000000,,,0,1,,,,,1.013375,MEDIUM
ga,hfvrp_n015_m03_s04,15,3,0.000000,10,614.626038,5889.143310,614.626038,0.000000,,,0,1,,,,,1.012355,MEDIUM
ga,hfvrp_n015_m03_s03,15,3,0.000000,50,516.494315,1798.435270,516.494315,0.000000,,,0,1,,,,,1.000758,MEDIUM
ga,hfvrp_n015_m03_s02,15,3,0.000000,200,536.153014,3305.630012,536.153014,0.000000,,,0,1,,,,,0.997626,MEDIUM
ga,hfvrp_n020_m04_s01,20,4,0.000000,1788092833707031166,674.454866,3434.050842,674.454866,0.000000,,,0,1,,,,,3.926342,BIG
ga,hfvrp_n020_m04_s01,20,4,0.000000,1,674.454866,3434.050842,674.454866,0.000000,,,0,1,,,,,0.067180,DEFAULT
ga,hfvrp_n020_m04_s01,20,4,0.000000,1,674.454866,3434.050842,674.454866,0.000000,,,0,1,,,,,0.007314,SMALL
ga,hfvrp_n015_m03_s05,15,3,0.000000,1,589.460284,2564.505738,589.460284,0.000000,,,0,1,,,,,2.994631,BIG
ga,hfvrp_n015_m03_s05,15,3,0.000000,10,589.460284,2564.505738,589.460284,0.000000,,,0,1,,,,,0.049327,DEFAULT
ga,hfvrp_n015_m03_s05,15,3,0.000000,10,589.460284,2564.505738,589.460284,0.000000,,,0,1,,,,,0.005440,SMALL
ga,hfvrp_n020_m04_s01,20,4,0.000000,1,674.454866,3434.050842,674.454866,0.000000,,,0,1,,,,,1.300588,MEDIUM
ga,hfvrp_n015_m03_s01,15,3,0.000000,9999,570.230074,3895.543688,570.230074,0.000000,,,0,1,,,,,2.969425,BIG
ga,hfvrp_n015_m03_s03,15,3,0.000000,50,516.494315,1798.435270,516.494315,0.000000,,,0,1,,,,,2.973117,BIG
ga,hfvrp_n015_m03_s04,15,3,0.000000,10,614.626038,5889.143310,614.626038,0.000000,,,0,1,,,,,3.001648,BIG
ga,hfvrp_n015_m03_s01,15,3,0.000000,19345,580.523616,4114.178296,580.523616,0.000000,,,0,1,,,,,0.054889,DEFAULT
ga,hfvrp_n015_m03_s01,15,3,0.000000,19345,580.523616,4114.178296,580.523616,0.000000,,,0,1,,,,,0.009391,SMALL
ga,hfvrp_n015_m03_s04,15,3,0.000000,50,626.361033,5212.784580,626.361033,0.000000,,,0,1,,,,,0.050356,DEFAULT
ga,hfvrp_n015_m03_s05,15,3,0.000000,10,589.460284,2564.505738,589.460284,0.000000,,,0,1,,,,,1.003889,MEDIUM
ga,hfvrp_n015_m03_s03,15,3,0.000000,75,516.494315,1798.435270,516.494315,0.000000,,,0,1,,,,,0.053607,DEFAULT
ga,hfvrp_n015_m03_s03,15,3,0.000000,75,516.494315,1798.435270,516.494315,0.000000,,,0,1,,,,,0.005625,SMALL
ga,hfvrp_n015_m03_s04,15,3,0.000000,50,614.626038,5889.143310,614.626038,0.000000,,,0,1,,,,,0.009251,SMALL
ga,hfvrp_n015_m03_s02,15,3,0.000000,200,536.153014,3305.630012,536.153014,0.000000,,,0,1,,,,,2.992665,BIG
ga,hfvrp_n015_m03_s02,15,3,0.000000,999,536.153014,3305.630012,536.153014,0.000000,,,0,1,,,,,0.053469,DEFAULT
ga,hfvrp_n015_m03_s02,15,3,0.000000,999,536.153014,3305.630012,536.153014,0.000000,,,0,1,,,,,0.005218,SMALL
ga,hfvrp_n015_m03_s01,15,3,0.000000,19345,572.703747,4107.559115,572.703747,0.000000,,,0,1,,,,,0.997857,MEDIUM
ga,hfvrp_n015_m03_s03,15,3,0.000000,75,516.494315,1798.435270,516.494315,0.000000,,,0,1,,,,,0.986734,MEDIUM
ga,hfvrp_n015_m03_s04,15,3,0.000000,50,614.626038,5889.143310,614.626038,0.000000,,,0,1,,,,,0.994134,MEDIUM
ga,hfvrp_n015_m03_s02,15,3,0.000000,999,536.153014,3305.630012,536.153014,0.000000,,,0,1,,,,,0.976034,MEDIUM
ga,hfvrp_n015_m03_s05,15,3,0.000000,10,589.460284,2564.505738,589.460284,0.000000,,,0,1,,,,,2.962743,BIG
ga,hfvrp_n015_m03_s05,15,3,0.000000,50,589.460284,2564.505738,589.460284,0.000000,,,0,1,,,,,0.049857,DEFAULT
ga,hfvrp_n015_m03_s05,15,3,0.000000,50,615.160427,2787.572216,615.160427,0.000000,,,0,1,,,,,0.005277,SMALL
ga,hfvrp_n020_m04_s01,20,4,0.000000,1,674.454866,3434.050842,674.454866,0.000000,,,0,1,,,,,3.934239,BIG
ga,hfvrp_n020_m04_s01,20,4,0.000000,10,674.454866,3441.205882,674.454866,0.000000,,,0,1,,,,,0.064457,DEFAULT
ga,hfvrp_n020_m04_s01,20,4,0.000000,10,674.454866,3434.050842,674.454866,0.000000,,,0,1,,,,,0.012085,SMALL
ga,hfvrp_n015_m03_s01,15,3,0.000000,19345,570.230074,3895.543688,570.230074,0.000000,,,0,1,,,,,2.990039,BIG
ga,hfvrp_n015_m03_s04,15,3,0.000000,50,614.626038,5889.143310,614.626038,0.000000,,,0,1,,,,,2.975958,BIG
ga,hfvrp_n015_m03_s03,15,3,0.000000,75,516.494315,1798.435270,516.494315,0.000000,,,0,1,,,,,2.987004,BIG
ga,hfvrp_n015_m03_s01,15,3,0.000000,1788092375200948470,580.523616,4114.178296,580.523616,0.000000,,,0,1,,,,,0.051215,DEFAULT
ga,hfvrp_n015_m03_s01,15,3,0.000000,1788092336602928522,646.179629,3335.872942,646.179629,0.000000,,,0,1,,,,,0.007357,SMALL
ga,hfvrp_n015_m03_s05,15,3,0.000000,50,589.460284,2564.505738,589.460284,0.000000,,,0,1,,,,,1.007550,MEDIUM
ga,hfvrp_n015_m03_s03,15,3,0.000000,100,516.494315,1798.435270,516.494315,0.000000,,,0,1,,,,,0.051172,DEFAULT
ga,hfvrp_n015_m03_s03,15,3,0.000000,100,528.337004,1679.249020,528.337004,0.000000,,,0,1,,,,,0.005542,SMALL
ga,hfvrp_n015_m03_s04,15,3,0.000000,75,614.626038,5889.143310,614.626038,0.000000,,,0,1,,,,,0.057676,DEFAULT
ga,hfvrp_n015_m03_s04,15,3,0.000000,75,614.626038,5889.143310,614.626038,0.000000,,,0,1,,,,,0.010474,SMALL
ga,hfvrp_n015_m03_s02,15,3,0.000000,999,536.153014,3305.630012,536.153014,0.000000,,,0,1,,,,,2.965153,BIG
ga,hfvrp_n015_m03_s02,15,3,0.000000,1234,536.153014,3305.630012,536.153014,0.000000,,,0,1,,,,,0.053855,DEFAULT
ga,hfvrp_n015_m03_s02,15,3,0.000000,1234,536.153014,3305.630012,536.153014,0.000000,,,0,1,,,,,0.005300,SMALL
ga,hfvrp_n020_m04_s01,20,4,0.000000,10,674.454866,3434.050842,674.454866,0.000000,,,0,1,,,,,1.315339,MEDIUM
ga,hfvrp_n015_m03_s01,15,3,0.000000,1788092323728848110,580.523616,4114.178296,580.523616,0.000000,,,0,1,,,,,0.999130,MEDIUM
ga,hfvrp_n015_m03_s03,15,3,0.000000,100,516.494315,1798.435270,516.494315,0.000000,,,0,1,,,,,0.995239,MEDIUM
ga,hfvrp_n015_m03_s04,15,3,0.000000,75,614.626038,5889.143310,614.626038,0.000000,,,0,1,,,,,0.997959,MEDIUM
ga,hfvrp_n015_m03_s02,15,3,0.000000,1234,536.153014,3305.630012,536.153014,0.000000,,,0,1,,,,,0.996832,MEDIUM
ga,hfvrp_n015_m03_s05,15,3,0.000000,50,589.460284,2564.505738,589.460284,0.000000,,,0,1,,,,,3.016693,BIG
ga,hfvrp_n015_m03_s05,15,3,0.000000,75,589.460284,2564.505738,589.460284,0.000000,,,0,1,,,,,0.048594,DEFAULT
ga,hfvrp_n015_m03_s05,15,3,0.000000,75,615.160427,2787.572216,615.160427,0.000000,,,0,1,,,,,0.005864,SMALL
ga,hfvrp_n015_m03_s01,15,3,0.000000,1788092264602195396,570.230074,3895.543688,570.230074,0.000000,,,0,1,,,,,3.007409,BIG
ga,hfvrp_n015_m03_s03,15,3,0.000000,100,516.494315,1798.435270,516.494315,0.000000,,,0,1,,,,,2.997925,BIG
ga,hfvrp_n015_m03_s04,15,3,0.000000,75,614.626038,5889.143310,614.626038,0.000000,,,0,1,,,,,2.995312,BIG
ga,hfvrp_n015_m03_s03,15,3,0.000000,200,528.337004,1679.249020,528.337004,0.000000,,,0,1,,,,,0.050232,DEFAULT
ga,hfvrp_n015_m03_s03,15,3,0.000000,200,516.494315,1798.435270,516.494315,0.000000,,,0,1,,,,,0.005605,SMALL
ga,hfvrp_n015_m03_s04,15,3,0.000000,100,614.626038,5889.143310,614.626038,0.000000,,,0,1,,,,,0.051176,DEFAULT
ga,hfvrp_n015_m03_s05,15,3,0.000000,75,589.460284,2564.505738,589.460284,0.000000,,,0,1,,,,,1.001534,MEDIUM
ga,hfvrp_n015_m03_s04,15,3,0.000000,100,626.361033,5212.784580,626.361033,0.000000,,,0,1,,,,,0.005464,SMALL
ga,hfvrp_n020_m04_s02,20,4,0.000000,1788092121649193152,672.184863,1926.675143,672.184863,0.000000,,,0,1,,,,,0.066912,DEFAULT
ga,hfvrp_n020_m04_s02,20,4,0.000000,1788092095951856123,672.184863,1926.675143,672.184863,0.000000,,,0,1,,,,,0.012986,SMALL
ga,hfvrp_n015_m03_s02,15,3,0.000000,1234,536.153014,3305.630012,536.153014,0.000000,,,0,1,,,,,2.983673,BIG
ga,hfvrp_n015_m03_s02,15,3,0.000000,9999,536.153014,3305.630012,536.153014,0.000000,,,0,1,,,,,0.052740,DEFAULT
ga,hfvrp_n015_m03_s02,15,3,0.000000,9999,536.153014,3305.630012,536.153014,0.000000,,,0,1,,,,,0.005296,SMALL
ga,hfvrp_n020_m04_s01,20,4,0.000000,10,674.454866,3441.205882,674.454866,0.000000,,,0,1,,,,,3.940657,BIG
ga,hfvrp_n020_m04_s01,20,4,0.000000,50,674.454866,3434.050842,674.454866,0.000000,,,0,1,,,,,0.068818,DEFAULT
ga,hfvrp_n020_m04_s01,20,4,0.000000,50,745.572484,2865.864381,745.572484,0.000000,,,0,1,,,,,0.007280,SMALL
ga,hfvrp_n015_m03_s03,15,3,0.000000,200,516.494315,1798.435270,516.494315,0.000000,,,0,1,,,,,1.018364,MEDIUM
ga,hfvrp_n015_m03_s04,15,3,0.000000,100,614.626038,5889.143310,614.626038,0.000000,,,0,1,,,,,1.008472,MEDIUM
ga,hfvrp_n015_m03_s02,15,3,0.000000,9999,536.153014,3305.630012,536.153014,0.000000,,,0,1,,,,,0.998946,MEDIUM
ga,hfvrp_n020_m04_s02,20,4,0.000000,1788092091673218920,666.892989,1881.798617,666.892989,0.000000,,,0,1,,,,,1.333111,MEDIUM
ga,hfvrp_n020_m04_s01,20,4,0.000000,50,674.454866,3434.050842,674.454866,0.000000,,,0,1,,,,,1.319123,MEDIUM
ga,hfvrp_n015_m03_s05,15,3,0.000000,75,589.460284,2564.505738,589.460284,0.000000,,,0,1,,,,,3.016917,BIG
ga,hfvrp_n015_m03_s05,15,3,0.000000,100,589.460284,2564.505738,589.460284,0.000000,,,0,1,,,,,0.053114,DEFAULT
ga,hfvrp_n015_m03_s05,15,3,0.000000,100,615.160427,2787.572216,615.160427,0.000000,,,0,1,,,,,0.010677,SMALL
ga,hfvrp_n015_m03_s04,15,3,0.000000,100,614.626038,5889.143310,614.626038,0.000000,,,0,1,,,,,3.001737,BIG
ga,hfvrp_n015_m03_s03,15,3,0.000000,200,516.494315,1798.435270,516.494315,0.000000,,,0,1,,,,,3.005301,BIG
ga,hfvrp_n015_m03_s03,15,3,0.000000,999,516.494315,1798.435270,516.494315,0.000000,,,0,1,,,,,0.049741,DEFAULT
ga,hfvrp_n015_m03_s04,15,3,0.000000,200,614.626038,5889.143310,614.626038,0.000000,,,0,1,,,,,0.049579,DEFAULT
ga,hfvrp_n015_m03_s03,15,3,0.000000,999,528.337004,1679.249020,528.337004,0.000000,,,0,1,,,,,0.005459,SMALL
ga,hfvrp_n015_m03_s04,15,3,0.000000,200,614.626038,5889.143310,614.626038,0.000000,,,0,1,,,,,0.005572,SMALL
ga,hfvrp_n015_m03_s05,15,3,0.000000,100,589.460284,2564.505738,589.460284,0.000000,,,0,1,,,,,1.001178,MEDIUM
ga,hfvrp_n015_m03_s02,15,3,0.000000,9999,536.153014,3305.630012,536.153014,0.000000,,,0,1,,,,,2.995416,BIG
ga,hfvrp_n015_m03_s02,15,3,0.000000,19345,536.153014,3305.630012,536.153014,0.000000,,,0,1,,,,,0.050297,DEFAULT
ga,hfvrp_n015_m03_s02,15,3,0.000000,19345,536.153014,3305.630012,536.153014,0.000000,,,0,1,,,,,0.005771,SMALL
ga,hfvrp_n015_m03_s03,15,3,0.000000,999,516.494315,1798.435270,516.494315,0.000000,,,0,1,,,,,0.983238,MEDIUM
ga,hfvrp_n015_m03_s04,15,3,0.000000,200,614.626038,5889.143310,614.626038,0.000000,,,0,1,,,,,0.987226,MEDIUM
ga,hfvrp_n020_m04_s02,20,4,0.000000,1788092015705772015,666.892989,1881.798617,666.892989,0.000000,,,0,1,,,,,3.974446,BIG
ga,hfvrp_n015_m03_s02,15,3,0.000000,19345,536.153014,3305.630012,536.153014,0.000000,,,0,1,,,,,0.990028,MEDIUM
ga,hfvrp_n020_m04_s02,20,4,0.000000,1,672.184863,1926.675143,672.184863,0.000000,,,0,1,,,,,0.068820,DEFAULT
ga,hfvrp_n020_m04_s02,20,4,0.000000,1,672.184863,1926.675143,672.184863,0.000000,,,0,1,,,,,0.007518,SMALL
ga,hfvrp_n020_m04_s01,20,4,0.000000,50,674.454866,3434.050842,674.454866,0.000000,,,0,1,,,,,3.977118,BIG
ga,hfvrp_n020_m04_s01,20,4,0.000000,75,674.454866,3434.050842,674.454866,0.000000,,,0,1,,,,,0.064678,DEFAULT
ga,hfvrp_n020_m04_s01,20,4,0.000000,75,674.454866,3434.050842,674.454866,0.000000,,,0,1,,,,,0.007655,SMALL
ga,hfvrp_n020_m04_s02,20,4,0.000000,1,666.892989,1881.798617,666.892989,0.000000,,,0,1,,,,,1.304735,MEDIUM
ga,hfvrp_n015_m03_s05,15,3,0.000000,100,589.460284,2564.505738,589.460284,0.000000,,,0,1,,,,,2.986858,BIG
ga,hfvrp_n015_m03_s05,15,3,0.000000,200,589.460284,2564.505738,589.460284,0.000000,,,0,1,,,,,0.050003,DEFAULT
ga,hfvrp_n015_m03_s05,15,3,0.000000,200,615.160427,2787.572216,615.160427,0.000000,,,0,1,,,,,0.010279,SMALL
ga,hfvrp_n020_m04_s01,20,4,0.000000,75,674.454866,3434.050842,674.454866,0.000000,,,0,1,,,,,1.302633,MEDIUM
ga,hfvrp_n015_m03_s03,15,3,0.000000,999,516.494315,1798.435270,516.494315,0.000000,,,0,1,,,,,2.984855,BIG
ga,hfvrp_n015_m03_s04,15,3,0.000000,200,614.626038,5889.143310,614.626038,0.000000,,,0,1,,,,,3.006282,BIG
ga,hfvrp_n015_m03_s03,15,3,0.000000,1234,516.494315,1798.435270,516.494315,0.000000,,,0,1,,,,,0.053688,DEFAULT
ga,hfvrp_n015_m03_s04,15,3,0.000000,999,614.626038,5889.143310,614.626038,0.000000,,,0,1,,,,,0.049914,DEFAULT
ga,hfvrp_n015_m03_s03,15,3,0.000000,1234,516.494315,1798.435270,516.494315,0.000000,,,0,1,,,,,0.007457,SMALL
ga,hfvrp_n015_m03_s04,15,3,0.000000,999,626.361033,5212.784580,626.361033,0.000000,,,0,1,,,,,0.005797,SMALL
ga,hfvrp_n015_m03_s05,15,3,0.000000,200,589.460284,2564.505738,589.460284,0.000000,,,0,1,,,,,1.003795,MEDIUM
ga,hfvrp_n015_m03_s02,15,3,0.000000,19345,536.153014,3305.630012,536.153014,0.000000,,,0,1,,,,,3.026285,BIG
ga,hfvrp_n015_m03_s02,15,3,0.000000,1788091868122927078,536.153014,3305.630012,536.153014,0.000000,,,0,1,,,,,0.052455,DEFAULT
ga,hfvrp_n015_m03_s02,15,3,0.000000,1788091881064267534,536.153014,3305.630012,536.153014,0.000000,,,0,1,,,,,0.006761,SMALL
ga,hfvrp_n015_m03_s04,15,3,0.000000,999,614.626038,5889.143310,614.626038,0.000000,,,0,1,,,,,0.989362,MEDIUM
ga,hfvrp_n015_m03_s03,15,3,0.000000,1234,516.494315,1798.435270,516.494315,0.000000,,,0,1,,,,,0.997530,MEDIUM
ga,hfvrp_n015_m03_s02,15,3,0.000000,1788091876779813822,536.153014,3305.630012,536.153014,0.000000,,,0,1,,,,,0.978912,MEDIUM
ga,hfvrp_n020_m04_s02,20,4,0.000000,1,666.892989,1881.798617,666.892989,0.000000,,,0,1,,,,,3.970661,BIG
ga,hfvrp_n020_m04_s02,20,4,0.000000,10,666.892989,1881.798617,666.892989,0.000000,,,0,1,,,,,0.063718,DEFAULT
ga,hfvrp_n020_m04_s02,20,4,0.000000,10,672.184863,1926.675143,672.184863,0.000000,,,0,1,,,,,0.007066,SMALL
ga,hfvrp_n015_m03_s05,15,3,0.000000,200,589.460284,2564.505738,589.460284,0.000000,,,0,1,,,,,3.014227,BIG
ga,hfvrp_n015_m03_s05,15,3,0.000000,999,589.460284,2564.505738,589.460284,0.000000,,,0,1,,,,,0.049939,DEFAULT
ga,hfvrp_n015_m03_s05,15,3,0.000000,999,589.460284,2564.505738,589.460284,0.000000,,,0,1,,,,,0.005366,SMALL
ga,hfvrp_n020_m04_s01,20,4,0.000000,75,674.454866,3434.050842,674.454866,0.000000,,,0,1,,,,,3.932581,BIG
ga,hfvrp_n020_m04_s01,20,4,0.000000,100,674.454866,3441.205882,674.454866,0.000000,,,0,1,,,,,0.068461,DEFAULT
ga,hfvrp_n020_m04_s01,20,4,0.000000,100,674.454866,3434.050842,674.454866,0.000000,,,0,1,,,,,0.011970,SMALL
ga,hfvrp_n015_m03_s04,15,3,0.000000,999,614.626038,5889.143310,614.626038,0.000000,,,0,1,,,,,2.991094,BIG
ga,hfvrp_n015_m03_s03,15,3,0.000000,1234,516.494315,1798.435270,516.494315,0.000000,,,0,1,,,,,3.007041,BIG
ga,hfvrp_n020_m04_s02,20,4,0.000000,10,666.892989,1881.798617,666.892989,0.000000,,,0,1,,,,,1.317882,MEDIUM
ga,hfvrp_n015_m03_s04,15,3,0.000000,1234,614.626038,5889.143310,614.626038,0.000000,,,0,1,,,,,0.049902,DEFAULT
ga,hfvrp_n015_m03_s04,15,3,0.000000,1234,614.626038,5889.143310,614.626038,0.000000,,,0,1,,,,,0.005417,SMALL
ga,hfvrp_n015_m03_s03,15,3,0.000000,9999,516.494315,1798.435270,516.494315,0.000000,,,0,1,,,,,0.049425,DEFAULT
ga,hfvrp_n015_m03_s03,15,3,0.000000,9999,516.494315,1798.435270,516.494315,0.000000,,,0,1,,,,,0.005589,SMALL
ga,hfvrp_n015_m03_s05,15,3,0.000000,999,589.460284,2564.505738,589.460284,0.000000,,,0,1,,,,,0.999178,MEDIUM
ga,hfvrp_n015_m03_s02,15,3,0.000000,1788091899237017292,536.153014,3305.630012,536.153014,0.000000,,,0,1,,,,,2.985397,BIG
ga,hfvrp_n020_m04_s03,20,4,0.000000,1788092121328312571,660.586628,4232.470333,660.586628,0.000000,,,0,1,,,,,0.069278,DEFAULT
ga,hfvrp_n020_m04_s03,20,4,0.000000,1788092108516777770,701.671294,4396.203081,701.671294,0.000000,,,0,1,,,,,0.007540,SMALL
ga,hfvrp_n020_m04_s01,20,4,0.000000,100,674.454866,3434.050842,674.454866,0.000000,,,0,1,,,,,1.326377,MEDIUM
ga,hfvrp_n015_m03_s04,15,3,0.000000,1234,614.626038,5889.143310,614.626038,0.000000,,,0,1,,,,,1.009243,MEDIUM
ga,hfvrp_n015_m03_s03,15,3,0.000000,9999,516.494315,1798.435270,516.494315,0.000000,,,0,1,,,,,1.010008,MEDIUM
ga,hfvrp_n020_m04_s03,20,4,0.000000,1788092112823225866,656.241709,3962.112492,656.241709,0.000000,,,0,1,,,,,1.651178,MEDIUM
ga,hfvrp_n015_m03_s05,15,3,0.000000,999,589.460284,2564.505738,589.460284,0.000000,,,0,1,,,,,3.028050,BIG
ga,hfvrp_n015_m03_s05,15,3,0.000000,1234,615.160427,2787.572216,615.160427,0.000000,,,0,1,,,,,0.053366,DEFAULT
ga,hfvrp_n015_m03_s05,15,3,0.000000,1234,615.160427,2787.572216,615.160427,0.000000,,,0,1,,,,,0.009182,SMALL
ga,hfvrp_n020_m04_s02,20,4,0.000000,10,666.892989,1881.798617,666.892989,0.000000,,,0,1,,,,,4.019818,BIG
ga,hfvrp_n015_m03_s04,15,3,0.000000,1234,614.626038,5889.143310,614.626038,0.000000,,,0,1,,,,,3.017025,BIG
ga,hfvrp_n020_m04_s02,20,4,0.000000,50,672.184863,1926.675143,672.184863,0.000000,,,0,1,,,,,0.067091,DEFAULT
ga,hfvrp_n015_m03_s03,15,3,0.000000,9999,516.494315,1798.435270,516.494315,0.000000,,,0,1,,,,,3.038573,BIG
ga,hfvrp_n020_m04_s02,20,4,0.000000,50,745.326610,2749.368838,745.326610,0.000000,,,0,1,,,,,0.008863,SMALL
ga,hfvrp_n015_m03_s04,15,3,0.000000,9999,614.626038,5889.143310,614.626038,0.000000,,,0,1,,,,,0.051113,DEFAULT
ga,hfvrp_n015_m03_s04,15,3,0.000000,9999,626.361033,5212.784580,626.361033,0.000000,,,0,1,,,,,0.005590,SMALL
ga,hfvrp_n015_m03_s03,15,3,0.000000,19345,516.494315,1798.435270,516.494315,0.000000,,,0,1,,,,,0.052197,DEFAULT
ga,hfvrp_n015_m03_s03,15,3,0.000000,19345,516.494315,1798.435270,516.494315,0.000000,,,0,1,,,,,0.005544,SMALL
ga,hfvrp_n015_m03_s05,15,3,0.000000,1234,589.460284,2564.505738,589.460284,0.000000,,,0,1,,,,,1.013880,MEDIUM
ga,hfvrp_n020_m04_s01,20,4,0.000000,100,674.454866,3434.050842,674.454866,0.000000,,,0,1,,,,,3.977060,BIG
ga,hfvrp_n020_m04_s01,20,4,0.000000,200,674.454866,3434.050842,674.454866,0.000000,,,0,1,,,,,0.069882,DEFAULT
ga,hfvrp_n020_m04_s01,20,4,0.000000,200,674.454866,3434.050842,674.454866,0.000000,,,0,1,,,,,0.007347,SMALL
ga,hfvrp_n015_m03_s03,15,3,0.000000,19345,516.494315,1798.435270,516.494315,0.000000,,,0,1,,,,,1.013361,MEDIUM
ga,hfvrp_n015_m03_s04,15,3,0.000000,9999,614.626038,5889.143310,614.626038,0.000000,,,0,1,,,,,1.064103,MEDIUM
ga,hfvrp_n020_m04_s02,20,4,0.000000,50,672.184863,1926.675143,672.184863,0.000000,,,0,1,,,,,1.340439,MEDIUM
ga,hfvrp_n020_m04_s03,20,4,0.000000,1788092131662979254,656.241709,3962.112492,656.241709,0.000000,,,0,1,,,,,4.099430,BIG
ga,hfvrp_n020_m04_s03,20,4,0.000000,1,701.671294,4448.239619,701.671294,0.000000,,,0,1,,,,,0.065871,DEFAULT
ga,hfvrp_n020_m04_s03,20,4,0.000000,1,671.546197,3826.186639,671.546197,0.000000,,,0,1,,,,,0.007579,SMALL
ga,hfvrp_n020_m04_s01,20,4,0.000000,200,674.454866,3434.050842,674.454866,0.000000,,,0,1,,,,,1.321969,MEDIUM
ga,hfvrp_n015_m03_s05,15,3,0.000000,1234,589.460284,2564.505738,589.460284,0.000000,,,0,1,,,,,3.023676,BIG
ga,hfvrp_n015_m03_s05,15,3,0.000000,9999,589.460284,2564.505738,589.460284,0.000000,,,0,1,,,,,0.054312,DEFAULT
ga,hfvrp_n015_m03_s05,15,3,0.000000,9999,615.160427,2787.572216,615.160427,0.000000,,,0,1,,,,,0.009081,SMALL
ga,hfvrp_n020_m04_s03,20,4,0.000000,1,656.241709,3962.112492,656.241709,0.000000,,,0,1,,,,,1.324424,MEDIUM
ga,hfvrp_n015_m03_s04,15,3,0.000000,9999,614.626038,5889.143310,614.626038,0.000000,,,0,1,,,,,2.982756,BIG
ga,hfvrp_n015_m03_s03,15,3,0.000000,19345,516.494315,1798.435270,516.494315,0.000000,,,0,1,,,,,2.981020,BIG
ga,hfvrp_n015_m03_s03,15,3,0.000000,1788092399840291539,516.494315,1798.435270,516.494315,0.000000,,,0,1,,,,,0.049908,DEFAULT
ga,hfvrp_n015_m03_s04,15,3,0.000000,19345,614.626038,5889.143310,614.626038,0.000000,,,0,1,,,,,0.054501,DEFAULT
ga,hfvrp_n015_m03_s04,15,3,0.000000,19345,614.626038,5889.143310,614.626038,0.000000,,,0,1,,,,,0.005605,SMALL
ga,hfvrp_n015_m03_s03,15,3,0.000000,1788092404193500295,528.337004,1679.249020,528.337004,0.000000,,,0,1,,,,,0.010466,SMALL
ga,hfvrp_n015_m03_s05,15,3,0.000000,9999,589.460284,2564.505738,589.460284,0.000000,,,0,1,,,,,1.005810,MEDIUM
ga,hfvrp_n015_m03_s04,15,3,0.000000,19345,614.626038,5889.143310,614.626038,0.000000,,,0,1,,,,,0.997301,MEDIUM
ga,hfvrp_n015_m03_s03,15,3,0.000000,1788092451452631179,516.494315,1798.435270,516.494315,0.000000,,,0,1,,,,,0.991736,MEDIUM
ga,hfvrp_n020_m04_s02,20,4,0.000000,50,666.892989,1881.798617,666.892989,0.000000,,,0,1,,,,,3.978481,BIG
ga,hfvrp_n020_m04_s02,20,4,0.000000,75,745.326610,2749.368838,745.326610,0.000000,,,0,1,,,,,0.067064,DEFAULT
ga,hfvrp_n020_m04_s02,20,4,0.000000,75,701.562353,2285.024609,701.562353,0.000000,,,0,1,,,,,0.007157,SMALL
ga,hfvrp_n020_m04_s01,20,4,0.000000,200,674.454866,3434.050842,674.454866,0.000000,,,0,1,,,,,3.967530,BIG
ga,hfvrp_n020_m04_s01,20,4,0.000000,999,674.454866,3441.205882,674.454866,0.000000,,,0,1,,,,,0.063523,DEFAULT
ga,hfvrp_n020_m04_s01,20,4,0.000000,999,674.454866,3434.050842,674.454866,0.000000,,,0,1,,,,,0.007146,SMALL
ga,hfvrp_n020_m04_s02,20,4,0.000000,75,666.892989,1881.798617,666.892989,0.000000,,,0,1,,,,,1.316278,MEDIUM
ga,hfvrp_n015_m03_s05,15,3,0.000000,9999,589.460284,2564.505738,589.460284,0.000000,,,0,1,,,,,3.014071,BIG
ga,hfvrp_n015_m03_s05,15,3,0.000000,19345,589.460284,2564.505738,589.460284,0.000000,,,0,1,,,,,0.053777,DEFAULT
ga,hfvrp_n015_m03_s05,15,3,0.000000,19345,591.473225,2564.505738,591.473225,0.000000,,,0,1,,,,,0.010825,SMALL
ga,hfvrp_n020_m04_s01,20,4,0.000000,999,674.454866,3434.050842,674.454866,0.000000,,,0,1,,,,,1.299980,MEDIUM
ga,hfvrp_n020_m04_s03,20,4,0.000000,1,656.241709,3962.112492,656.241709,0.000000,,,0,1,,,,,4.063069,BIG
ga,hfvrp_n020_m04_s03,20,4,0.000000,10,656.241709,3962.112492,656.241709,0.000000,,,0,1,,,,,0.069408,DEFAULT
ga,hfvrp_n020_m04_s03,20,4,0.000000,10,678.973098,4161.547012,678.973098,0.000000,,,0,1,,,,,0.007161,SMALL
ga,hfvrp_n015_m03_s03,15,3,0.000000,1788092465350439096,516.494315,1798.435270,516.494315,0.000000,,,0,1,,,,,2.979234,BIG
ga,hfvrp_n015_m03_s04,15,3,0.000000,19345,614.626038,5889.143310,614.626038,0.000000,,,0,1,,,,,2.993992,BIG
ga,hfvrp_n015_m03_s04,15,3,0.000000,1788092618677814945,614.626038,5889.143310,614.626038,0.000000,,,0,1,,,,,0.051596,DEFAULT
ga,hfvrp_n015_m03_s04,15,3,0.000000,1788092640208576186,614.626038,5889.143310,614.626038,0.000000,,,0,1,,,,,0.010489,SMALL
ga,hfvrp_n020_m04_s04,20,4,0.000000,1788092644480537257,778.684316,4570.597617,778.684316,0.000000,,,0,1,,,,,0.067835,DEFAULT
ga,hfvrp_n020_m04_s04,20,4,0.000000,1788092648847275771,746.619974,4879.322436,746.619974,0.000000,,,0,1,,,,,0.007442,SMALL
ga,hfvrp_n015_m03_s05,15,3,0.000000,19345,589.460284,2564.505738,589.460284,0.000000,,,0,1,,,,,1.006206,MEDIUM
ga,hfvrp_n020_m04_s03,20,4,0.000000,10,656.241709,3962.112492,656.241709,0.000000,,,0,1,,,,,1.366729,MEDIUM
ga,hfvrp_n015_m03_s04,15,3,0.000000,1788092653107160356,614.626038,5889.143310,614.626038,0.000000,,,0,1,,,,,0.996915,MEDIUM
ga,hfvrp_n020_m04_s04,20,4,0.000000,1788092696103215679,745.269198,4159.969176,745.269198,0.000000,,,0,1,,,,,1.350055,MEDIUM
ga,hfvrp_n020_m04_s02,20,4,0.000000,75,666.892989,1881.798617,666.892989,0.000000,,,0,1,,,,,3.996030,BIG
ga,hfvrp_n020_m04_s02,20,4,0.000000,100,701.562353,2350.143697,701.562353,0.000000,,,0,1,,,,,0.065486,DEFAULT
ga,hfvrp_n020_m04_s02,20,4,0.000000,100,672.184863,1926.675143,672.184863,0.000000,,,0,1,,,,,0.007364,SMALL
ga,hfvrp_n015_m03_s05,15,3,0.000000,19345,589.460284,2564.505738,589.460284,0.000000,,,0,1,,,,,3.020026,BIG
ga,hfvrp_n020_m04_s01,20,4,0.000000,999,674.454866,3434.050842,674.454866,0.000000,,,0,1,,,,,3.910400,BIG
ga,hfvrp_n015_m03_s05,15,3,0.000000,1788092767942085272,589.460284,2564.505738,589.460284,0.000000,,,0,1,,,,,0.056081,DEFAULT
ga,hfvrp_n015_m03_s05,15,3,0.000000,1788092742233345784,589.460284,2564.505738,589.460284,0.000000,,,0,1,,,,,0.007198,SMALL
ga,hfvrp_n020_m04_s01,20,4,0.000000,1234,674.454866,3441.205882,674.454866,0.000000,,,0,1,,,,,0.068464,DEFAULT
ga,hfvrp_n020_m04_s01,20,4,0.000000,1234,689.178466,2936.703784,689.178466,0.000000,,,0,1,,,,,0.011007,SMALL
ga,hfvrp_n020_m04_s02,20,4,0.000000,100,666.892989,1881.798617,666.892989,0.000000,,,0,1,,,,,1.300086,MEDIUM
ga,hfvrp_n015_m03_s04,15,3,0.000000,1788092701357481900,614.626038,5889.143310,614.626038,0.000000,,,0,1,,,,,2.968704,BIG
ga,hfvrp_n020_m04_s05,20,4,0.000000,1788092871888676027,751.755055,3341.784897,751.755055,0.000000,,,0,1,,,,,0.062994,DEFAULT
ga,hfvrp_n020_m04_s05,20,4,0.000000,1788092876250536708,706.048945,2332.319895,706.048945,0.000000,,,0,1,,,,,0.007215,SMALL
ga,hfvrp_n015_m03_s05,15,3,0.000000,1788092746539913838,589.460284,2564.505738,589.460284,0.000000,,,0,1,,,,,1.006749,MEDIUM
ga,hfvrp_n020_m04_s01,20,4,0.000000,1234,674.454866,3434.050842,674.454866,0.000000,,,0,1,,,,,1.304996,MEDIUM
ga,hfvrp_n020_m04_s03,20,4,0.000000,10,656.241709,3962.112492,656.241709,0.000000,,,0,1,,,,,4.090830,BIG
ga,hfvrp_n020_m04_s03,20,4,0.000000,50,701.671294,4448.239619,701.671294,0.000000,,,0,1,,,,,0.068036,DEFAULT
ga,hfvrp_n020_m04_s03,20,4,0.000000,50,682.014131,3532.942998,682.014131,0.000000,,,0,1,,,,,0.007311,SMALL
ga,hfvrp_n020_m04_s04,20,4,0.000000,1788092680277541253,710.176296,4223.911048,710.176296,0.000000,,,0,1,,,,,3.939738,BIG
ga,hfvrp_n020_m04_s05,20,4,0.000000,1788092863376802590,672.814908,1840.000512,672.814908,0.000000,,,0,1,,,,,1.301870,MEDIUM
ga,hfvrp_n020_m04_s04,20,4,0.000000,1,783.509946,4614.917226,783.509946,0.000000,,,0,1,,,,,0.069322,DEFAULT
ga,hfvrp_n020_m04_s04,20,4,0.000000,1,751.146831,4957.175153,751.146831,0.000000,,,0,1,,,,,0.007310,SMALL
ga,hfvrp_n020_m04_s03,20,4,0.000000,50,656.241709,3962.112492,656.241709,0.000000,,,0,1,,,,,1.355513,MEDIUM
ga,hfvrp_n020_m04_s04,20,4,0.000000,1,740.443568,4115.649567,740.443568,0.000000,,,0,1,,,,,1.327094,MEDIUM
ga,hfvrp_n015_m03_s05,15,3,0.000000,1788092867813936929,589.460284,2564.505738,589.460284,0.000000,,,0,1,,,,,2.991153,BIG
ga,hfvrp_n030_m06_s01,30,6,0.000000,1788090796463467289,1352.041333,4612.761647,1352.041333,0.000000,,,0,1,,,,,0.102548,DEFAULT
ga,hfvrp_n030_m06_s01,30,6,0.000000,1788090792274815382,1433.044281,6258.114599,1433.044281,0.000000,,,0,1,,,,,0.011987,SMALL
ga,hfvrp_n020_m04_s02,20,4,0.000000,100,666.892989,1881.798617,666.892989,0.000000,,,0,1,,,,,3.941505,BIG
ga,hfvrp_n020_m04_s02,20,4,0.000000,200,666.892989,1881.798617,666.892989,0.000000,,,0,1,,,,,0.069156,DEFAULT
ga,hfvrp_n020_m04_s02,20,4,0.000000,200,745.326610,2749.368838,745.326610,0.000000,,,0,1,,,,,0.011267,SMALL
ga,hfvrp_n020_m04_s01,20,4,0.000000,1234,674.454866,3434.050842,674.454866,0.000000,,,0,1,,,,,3.946902,BIG
ga,hfvrp_n020_m04_s01,20,4,0.000000,9999,691.390716,3170.309677,691.390716,0.000000,,,0,1,,,,,0.070531,DEFAULT
ga,hfvrp_n020_m04_s01,20,4,0.000000,9999,674.454866,3441.205882,674.454866,0.000000,,,0,1,,,,,0.007159,SMALL
ga,hfvrp_n020_m04_s02,20,4,0.000000,200,672.184863,1926.675143,672.184863,0.000000,,,0,1,,,,,1.317025,MEDIUM
ga,hfvrp_n020_m04_s05,20,4,0.000000,1788090747265275177,657.465461,2395.488860,657.465461,0.000000,,,0,1,,,,,3.995788,BIG
ga,hfvrp_n030_m06_s01,30,6,0.000000,1788090787995335153,1301.625782,6058.175573,1301.625782,0.000000,,,0,1,,,,,1.994939,MEDIUM
ga,hfvrp_n020_m04_s05,20,4,0.000000,1,752.776108,2830.609818,752.776108,0.000000,,,0,1,,,,,0.067957,DEFAULT
ga,hfvrp_n020_m04_s05,20,4,0.000000,1,702.916749,2079.696582,702.916749,0.000000,,,0,1,,,,,0.007461,SMALL
ga,hfvrp_n020_m04_s01,20,4,0.000000,9999,674.454866,3434.050842,674.454866,0.000000,,,0,1,,,,,1.314942,MEDIUM
ga,hfvrp_n020_m04_s03,20,4,0.000000,50,656.241709,3962.112492,656.241709,0.000000,,,0,1,,,,,4.117003,BIG
ga,hfvrp_n020_m04_s03,20,4,0.000000,75,660.586628,4232.470333,660.586628,0.000000,,,0,1,,,,,0.071255,DEFAULT
ga,hfvrp_n020_m04_s03,20,4,0.000000,75,701.671294,4396.203081,701.671294,0.000000,,,0,1,,,,,0.012247,SMALL
ga,hfvrp_n020_m04_s04,20,4,0.000000,1,710.176296,4223.911048,710.176296,0.000000,,,0,1,,,,,4.007015,BIG
ga,hfvrp_n020_m04_s05,20,4,0.000000,1,657.465461,2395.488860,657.465461,0.000000,,,0,1,,,,,1.326873,MEDIUM
ga,hfvrp_n020_m04_s04,20,4,0.000000,10,783.509946,4614.917226,783.509946,0.000000,,,0,1,,,,,0.067552,DEFAULT
ga,hfvrp_n020_m04_s04,20,4,0.000000,10,783.509946,4614.917226,783.509946,0.000000,,,0,1,,,,,0.011118,SMALL
ga,hfvrp_n020_m04_s03,20,4,0.000000,75,660.586628,4232.470333,660.586628,0.000000,,,0,1,,,,,1.343675,MEDIUM
ga,hfvrp_n020_m04_s04,20,4,0.000000,10,710.176296,4223.911048,710.176296,0.000000,,,0,1,,,,,1.306375,MEDIUM
ga,hfvrp_n020_m04_s02,20,4,0.000000,200,666.892989,1881.798617,666.892989,0.000000,,,0,1,,,,,3.960548,BIG
ga,hfvrp_n020_m04_s02,20,4,0.000000,999,672.184863,1926.675143,672.184863,0.000000,,,0,1,,,,,0.063632,DEFAULT
ga,hfvrp_n020_m04_s02,20,4,0.000000,999,701.562353,2285.024609,701.562353,0.000000,,,0,1,,,,,0.006955,SMALL
ga,hfvrp_n020_m04_s01,20,4,0.000000,9999,674.454866,3434.050842,674.454866,0.000000,,,0,1,,,,,3.930785,BIG
ga,hfvrp_n020_m04_s01,20,4,0.000000,19345,674.454866,3434.050842,674.454866,0.000000,,,0,1,,,,,0.068195,DEFAULT
ga,hfvrp_n020_m04_s01,20,4,0.000000,19345,693.905524,3220.125753,693.905524,0.000000,,,0,1,,,,,0.012540,SMALL
ga,hfvrp_n020_m04_s02,20,4,0.000000,999,666.892989,1881.798617,666.892989,0.000000,,,0,1,,,,,1.310755,MEDIUM
ga,hfvrp_n020_m04_s05,20,4,0.000000,1,657.465461,2395.488860,657.465461,0.000000,,,0,1,,,,,3.976504,BIG
ga,hfvrp_n020_m04_s05,20,4,0.000000,10,672.814908,1840.000512,672.814908,0.000000,,,0,1,,,,,0.068756,DEFAULT
ga,hfvrp_n020_m04_s05,20,4,0.000000,10,687.959420,1898.392271,687.959420,0.000000,,,0,1,,,,,0.007350,SMALL
ga,hfvrp_n020_m04_s01,20,4,0.000000,19345,674.454866,3434.050842,674.454866,0.000000,,,0,1,,,,,1.304249,MEDIUM
ga,hfvrp_n030_m06_s01,30,6,0.000000,1788090905960686176,1250.912837,4404.642818,1250.912837,0.000000,,,0,1,,,,,5.958816,BIG
ga,hfvrp_n030_m06_s01,30,6,0.000000,1,1407.623094,6298.874416,1407.623094,0.000000,,,0,1,,,,,0.097794,DEFAULT
ga,hfvrp_n030_m06_s01,30,6,0.000000,1,1394.955044,5649.328930,1394.955044,0.000000,,,0,1,,,,,0.015980,SMALL
ga,hfvrp_n020_m04_s03,20,4,0.000000,75,656.241709,3962.112492,656.241709,0.000000,,,0,1,,,,,4.035474,BIG
ga,hfvrp_n020_m04_s03,20,4,0.000000,100,656.241709,3962.112492,656.241709,0.000000,,,0,1,,,,,0.065514,DEFAULT
ga,hfvrp_n020_m04_s03,20,4,0.000000,100,667.468311,3571.983164,667.468311,0.000000,,,0,1,,,,,0.006994,SMALL
ga,hfvrp_n020_m04_s05,20,4,0.000000,10,672.814908,1840.000512,672.814908,0.000000,,,0,1,,,,,1.300708,MEDIUM
ga,hfvrp_n020_m04_s04,20,4,0.000000,10,733.862798,3961.105417,733.862798,0.000000,,,0,1,,,,,4.073267,BIG
ga,hfvrp_n020_m04_s04,20,4,0.000000,50,717.308143,4360.855458,717.308143,0.000000,,,0,1,,,,,0.066772,DEFAULT
ga,hfvrp_n020_m04_s04,20,4,0.000000,50,829.702729,5297.529659,829.702729,0.000000,,,0,1,,,,,0.007450,SMALL
ga,hfvrp_n020_m04_s03,20,4,0.000000,100,656.241709,3962.112492,656.241709,0.000000,,,0,1,,,,,1.352366,MEDIUM
ga,hfvrp_n030_m06_s01,30,6,0.000000,1,1282.467148,4323.674457,1282.467148,0.000000,,,0,1,,,,,1.997296,MEDIUM
ga,hfvrp_n020_m04_s04,20,4,0.000000,50,733.862798,3961.105417,733.862798,0.000000,,,0,1,,,,,1.347941,MEDIUM
ga,hfvrp_n020_m04_s02,20,4,0.000000,999,666.892989,1881.798617,666.892989,0.000000,,,0,1,,,,,3.960387,BIG
ga,hfvrp_n020_m04_s02,20,4,0.000000,1234,719.825055,2441.904515,719.825055,0.000000,,,0,1,,,,,0.067784,DEFAULT
ga,hfvrp_n020_m04_s02,20,4,0.000000,1234,672.184863,1926.675143,672.184863,0.000000,,,0,1,,,,,0.008963,SMALL
ga,hfvrp_n020_m04_s01,20,4,0.000000,19345,674.454866,3434.050842,674.454866,0.000000,,,0,1,,,,,4.047197,BIG
ga,hfvrp_n020_m04_s01,20,4,0.000000,1788091289580982077,674.454866,3434.050842,674.454866,0.000000,,,0,1,,,,,0.067748,DEFAULT
ga,hfvrp_n020_m04_s01,20,4,0.000000,1788091285359320860,687.558436,3445.911569,687.558436,0.000000,,,0,1,,,,,0.011963,SMALL
ga,hfvrp_n020_m04_s02,20,4,0.000000,1234,666.892989,1881.798617,666.892989,0.000000,,,0,1,,,,,1.302058,MEDIUM
ga,hfvrp_n020_m04_s05,20,4,0.000000,10,657.465461,2395.488860,657.465461,0.000000,,,0,1,,,,,3.959847,BIG
ga,hfvrp_n020_m04_s05,20,4,0.000000,50,751.755055,3341.784897,751.755055,0.000000,,,0,1,,,,,0.063793,DEFAULT
ga,hfvrp_n020_m04_s05,20,4,0.000000,50,677.892821,1842.029648,677.892821,0.000000,,,0,1,,,,,0.011339,SMALL
ga,hfvrp_n020_m04_s01,20,4,0.000000,1788091298260538766,674.454866,3434.050842,674.454866,0.000000,,,0,1,,,,,1.302657,MEDIUM
ga,hfvrp_n020_m04_s03,20,4,0.000000,100,656.241709,3962.112492,656.241709,0.000000,,,0,1,,,,,4.065141,BIG
ga,hfvrp_n020_m04_s03,20,4,0.000000,200,678.973098,4161.547012,678.973098,0.000000,,,0,1,,,,,0.064211,DEFAULT
ga,hfvrp_n020_m04_s03,20,4,0.000000,200,656.241709,3962.112492,656.241709,0.000000,,,0,1,,,,,0.007288,SMALL
ga,hfvrp_n020_m04_s05,20,4,0.000000,50,657.465461,2395.488860,657.465461,0.000000,,,0,1,,,,,1.313817,MEDIUM
ga,hfvrp_n020_m04_s04,20,4,0.000000,50,740.443568,4115.649567,740.443568,0.000000,,,0,1,,,,,3.994716,BIG
ga,hfvrp_n020_m04_s04,20,4,0.000000,75,746.619974,4903.418729,746.619974,0.000000,,,0,1,,,,,0.067663,DEFAULT
ga,hfvrp_n020_m04_s04,20,4,0.000000,75,746.619974,4903.418729,746.619974,0.000000,,,0,1,,,,,0.012199,SMALL
ga,hfvrp_n020_m04_s03,20,4,0.000000,200,656.241709,3962.112492,656.241709,0.000000,,,0,1,,,,,1.337424,MEDIUM
ga,hfvrp_n020_m04_s04,20,4,0.000000,75,710.176296,4223.911048,710.176296,0.000000,,,0,1,,,,,1.311513,MEDIUM
ga,hfvrp_n030_m06_s01,30,6,0.000000,1,1267.686893,5188.125547,1267.686893,0.000000,,,0,1,,,,,6.050065,BIG
ga,hfvrp_n030_m06_s01,30,6,0.000000,10,1354.243175,5901.786769,1354.243175,0.000000,,,0,1,,,,,0.097177,DEFAULT
ga,hfvrp_n030_m06_s01,30,6,0.000000,10,1436.830312,6411.435701,1436.830312,0.000000,,,0,1,,,,,0.012515,SMALL
ga,hfvrp_n020_m04_s02,20,4,0.000000,1234,666.892989,1881.798617,666.892989,0.000000,,,0,1,,,,,3.941656,BIG
ga,hfvrp_n020_m04_s02,20,4,0.000000,9999,666.892989,1881.798617,666.892989,0.000000,,,0,1,,,,,0.068832,DEFAULT
ga,hfvrp_n020_m04_s02,20,4,0.000000,9999,672.184863,1926.675143,672.184863,0.000000,,,0,1,,,,,0.015911,SMALL
ga,hfvrp_n020_m04_s01,20,4,0.000000,1788091252321937121,674.454866,3434.050842,674.454866,0.000000,,,0,1,,,,,3.957038,BIG
ga,hfvrp_n030_m06_s02,30,6,0.000000,1788091466844597411,1187.524098,3827.840652,1187.524098,0.000000,,,0,1,,,,,0.100804,DEFAULT
ga,hfvrp_n030_m06_s02,30,6,0.000000,1788091462654240358,1183.688738,4405.521636,1183.688738,0.000000,,,0,1,,,,,0.012689,SMALL
ga,hfvrp_n020_m04_s02,20,4,0.000000,9999,666.892989,1881.798617,666.892989,0.000000,,,0,1,,,,,1.380150,MEDIUM
ga,hfvrp_n020_m04_s05,20,4,0.000000,50,672.814908,1840.000512,672.814908,0.000000,,,0,1,,,,,3.913854,BIG
ga,hfvrp_n020_m04_s05,20,4,0.000000,75,672.814908,1840.000512,672.814908,0.000000,,,0,1,,,,,0.067207,DEFAULT
ga,hfvrp_n020_m04_s05,20,4,0.000000,75,757.331392,2807.223294,757.331392,0.000000,,,0,1,,,,,0.012611,SMALL
ga,hfvrp_n030_m06_s01,30,6,0.000000,10,1308.482846,5388.864502,1308.482846,0.000000,,,0,1,,,,,2.144533,MEDIUM
ga,hfvrp_n020_m04_s05,20,4,0.000000,75,672.814908,1840.000512,672.814908,0.000000,,,0,1,,,,,1.300428,MEDIUM
ga,hfvrp_n030_m06_s02,30,6,0.000000,1788091458375553171,1046.961668,4144.742759,1046.961668,0.000000,,,0,1,,,,,1.981442,MEDIUM
ga,hfvrp_n020_m04_s03,20,4,0.000000,200,656.241709,3962.112492,656.241709,0.000000,,,0,1,,,,,4.071100,BIG
ga,hfvrp_n020_m04_s03,20,4,0.000000,999,656.241709,3962.112492,656.241709,0.000000,,,0,1,,,,,0.069080,DEFAULT
ga,hfvrp_n020_m04_s03,20,4,0.000000,999,709.702732,4234.566621,709.702732,0.000000,,,0,1,,,,,0.007369,SMALL
ga,hfvrp_n020_m04_s04,20,4,0.000000,75,740.443568,4115.649567,740.443568,0.000000,,,0,1,,,,,4.063814,BIG
ga,hfvrp_n020_m04_s04,20,4,0.000000,100,746.619974,4903.418729,746.619974,0.000000,,,0,1,,,,,0.064525,DEFAULT
ga,hfvrp_n020_m04_s04,20,4,0.000000,100,740.443568,4115.649567,740.443568,0.000000,,,0,1,,,,,0.007840,SMALL
ga,hfvrp_n020_m04_s03,20,4,0.000000,999,656.241709,3962.112492,656.241709,0.000000,,,0,1,,,,,1.337531,MEDIUM
ga,hfvrp_n020_m04_s04,20,4,0.000000,100,717.308143,4355.508152,717.308143,0.000000,,,0,1,,,,,1.313953,MEDIUM
ga,hfvrp_n020_m04_s02,20,4,0.000000,9999,672.184863,1926.675143,672.184863,0.000000,,,0,1,,,,,4.135490,BIG
ga,hfvrp_n020_m04_s02,20,4,0.000000,19345,666.892989,1881.798617,666.892989,0.000000,,,0,1,,,,,0.065157,DEFAULT
ga,hfvrp_n020_m04_s02,20,4,0.000000,19345,672.184863,1926.675143,672.184863,0.000000,,,0,1,,,,,0.007595,SMALL
ga,hfvrp_n020_m04_s05,20,4,0.000000,75,657.465461,2395.488860,657.465461,0.000000,,,0,1,,,,,4.003817,BIG
ga,hfvrp_n020_m04_s05,20,4,0.000000,100,751.755055,3341.784897,751.755055,0.000000,,,0,1,,,,,0.069453,DEFAULT
ga,hfvrp_n020_m04_s05,20,4,0.000000,100,757.331392,2807.223294,757.331392,0.000000,,,0,1,,,,,0.007488,SMALL
ga,hfvrp_n020_m04_s02,20,4,0.000000,19345,666.892989,1881.798617,666.892989,0.000000,,,0,1,,,,,1.325069,MEDIUM
ga,hfvrp_n030_m06_s01,30,6,0.000000,10,1230.221733,4581.457686,1230.221733,0.000000,,,0,1,,,,,6.168434,BIG
ga,hfvrp_n030_m06_s01,30,6,0.000000,50,1389.102212,5299.408929,1389.102212,0.000000,,,0,1,,,,,0.099965,DEFAULT
ga,hfvrp_n020_m04_s05,20,4,0.000000,100,657.465461,2395.488860,657.465461,0.000000,,,0,1,,,,,1.360298,MEDIUM
ga,hfvrp_n030_m06_s01,30,6,0.000000,50,1538.473644,7131.912371,1538.473644,0.000000,,,0,1,,,,,0.016866,SMALL
ga,hfvrp_n020_m04_s03,20,4,0.000000,999,656.241709,3962.112492,656.241709,0.000000,,,0,1,,,,,4.094450,BIG
ga,hfvrp_n020_m04_s03,20,4,0.000000,1234,656.241709,3962.112492,656.241709,0.000000,,,0,1,,,,,0.071449,DEFAULT
ga,hfvrp_n020_m04_s04,20,4,0.000000,100,710.176296,4223.911048,710.176296,0.000000,,,0,1,,,,,4.007634,BIG
ga,hfvrp_n020_m04_s03,20,4,0.000000,1234,701.671294,4448.239619,701.671294,0.000000,,,0,1,,,,,0.007566,SMALL
ga,hfvrp_n020_m04_s04,20,4,0.000000,200,778.684316,4570.597617,778.684316,0.000000,,,0,1,,,,,0.071033,DEFAULT
ga,hfvrp_n020_m04_s04,20,4,0.000000,200,783.509946,4614.917226,783.509946,0.000000,,,0,1,,,,,0.012347,SMALL
ga,hfvrp_n030_m06_s02,30,6,0.000000,1788091516196164119,1048.646659,4576.014953,1048.646659,0.000000,,,0,1,,,,,6.108063,BIG
ga,hfvrp_n030_m06_s02,30,6,0.000000,1,1165.798868,4989.246829,1165.798868,0.000000,,,0,1,,,,,0.102459,DEFAULT
ga,hfvrp_n030_m06_s02,30,6,0.000000,1,1279.117395,5212.976064,1279.117395,0.000000,,,0,1,,,,,0.011610,SMALL
ga,hfvrp_n020_m04_s03,20,4,0.000000,1234,660.586628,4232.470333,660.586628,0.000000,,,0,1,,,,,1.365826,MEDIUM
ga,hfvrp_n020_m04_s04,20,4,0.000000,200,740.443568,4115.649567,740.443568,0.000000,,,0,1,,,,,1.362725,MEDIUM
ga,hfvrp_n030_m06_s01,30,6,0.000000,50,1342.828365,5015.011202,1342.828365,0.000000,,,0,1,,,,,2.039858,MEDIUM
ga,hfvrp_n020_m04_s02,20,4,0.000000,19345,666.892989,1881.798617,666.892989,0.000000,,,0,1,,,,,4.052351,BIG
ga,hfvrp_n020_m04_s02,20,4,0.000000,1788089583087398215,672.184863,1926.675143,672.184863,0.000000,,,0,1,,,,,0.069745,DEFAULT
ga,hfvrp_n020_m04_s02,20,4,0.000000,1788089596050054298,701.562353,2285.024609,701.562353,0.000000,,,0,1,,,,,0.011372,SMALL
ga,hfvrp_n030_m06_s02,30,6,0.000000,1,1054.055740,4400.099249,1054.055740,0.000000,,,0,1,,,,,2.048400,MEDIUM
ga,hfvrp_n020_m04_s05,20,4,0.000000,100,657.465461,2395.488860,657.465461,0.000000,,,0,1,,,,,4.059422,BIG
ga,hfvrp_n020_m04_s02,20,4,0.000000,1788089591770444767,672.184863,1926.675143,672.184863,0.000000,,,0,1,,,,,1.329169,MEDIUM
ga,hfvrp_n020_m04_s05,20,4,0.000000,200,751.755055,3341.784897,751.755055,0.000000,,,0,1,,,,,0.068748,DEFAULT
ga,hfvrp_n020_m04_s05,20,4,0.000000,200,780.281011,3495.699246,780.281011,0.000000,,,0,1,,,,,0.012447,SMALL
ga,hfvrp_n020_m04_s05,20,4,0.000000,200,672.814908,1840.000512,672.814908,0.000000,,,0,1,,,,,1.329706,MEDIUM
ga,hfvrp_n020_m04_s03,20,4,0.000000,1234,656.241709,3962.112492,656.241709,0.000000,,,0,1,,,,,4.177227,BIG
ga,hfvrp_n020_m04_s04,20,4,0.000000,200,710.176296,4223.911048,710.176296,0.000000,,,0,1,,,,,4.065666,BIG
ga,hfvrp_n020_m04_s03,20,4,0.000000,9999,656.241709,3962.112492,656.241709,0.000000,,,0,1,,,,,0.068638,DEFAULT
ga,hfvrp_n020_m04_s04,20,4,0.000000,999,764.750980,5112.864995,764.750980,0.000000,,,0,1,,,,,0.065583,DEFAULT
ga,hfvrp_n020_m04_s03,20,4,0.000000,9999,701.671294,4396.203081,701.671294,0.000000,,,0,1,,,,,0.007655,SMALL
ga,hfvrp_n020_m04_s04,20,4,0.000000,999,746.619974,4879.322436,746.619974,0.000000,,,0,1,,,,,0.007525,SMALL
ga,hfvrp_n020_m04_s04,20,4,0.000000,999,735.028189,4070.648485,735.028189,0.000000,,,0,1,,,,,1.327441,MEDIUM
ga,hfvrp_n020_m04_s03,20,4,0.000000,9999,656.241709,3962.112492,656.241709,0.000000,,,0,1,,,,,1.394522,MEDIUM
ga,hfvrp_n030_m06_s01,30,6,0.000000,50,1267.088959,4516.491935,1267.088959,0.000000,,,0,1,,,,,6.010486,BIG
ga,hfvrp_n020_m04_s02,20,4,0.000000,1788089700478122950,666.892989,1881.798617,666.892989,0.000000,,,0,1,,,,,3.954024,BIG
ga,hfvrp_n030_m06_s01,30,6,0.000000,75,1404.342109,6112.170156,1404.342109,0.000000,,,0,1,,,,,0.100903,DEFAULT
ga,hfvrp_n030_m06_s01,30,6,0.000000,75,1351.900824,4928.855358,1351.900824,0.000000,,,0,1,,,,,0.012150,SMALL
ga,hfvrp_n030_m06_s03,30,6,0.000000,1788089799015379514,1261.620565,1910.749540,1261.620565,0.000000,,,0,1,,,,,0.098189,DEFAULT
ga,hfvrp_n030_m06_s03,30,6,0.000000,1788089794822243679,1351.082290,3728.119183,1351.082290,0.000000,,,0,1,,,,,0.012046,SMALL
ga,hfvrp_n030_m06_s02,30,6,0.000000,1,1019.000032,4660.340385,1019.000032,0.000000,,,0,1,,,,,6.106339,BIG
ga,hfvrp_n030_m06_s02,30,6,0.000000,10,1152.888486,4594.923406,1152.888486,0.000000,,,0,1,,,,,0.100720,DEFAULT
ga,hfvrp_n030_m06_s02,30,6,0.000000,10,1050.766291,5055.111849,1050.766291,0.000000,,,0,1,,,,,0.013197,SMALL
ga,hfvrp_n020_m04_s05,20,4,0.000000,200,657.465461,2395.488860,657.465461,0.000000,,,0,1,,,,,4.009945,BIG
ga,hfvrp_n020_m04_s05,20,4,0.000000,999,751.755055,3341.784897,751.755055,0.000000,,,0,1,,,,,0.067203,DEFAULT
ga,hfvrp_n020_m04_s05,20,4,0.000000,999,751.755055,3341.784897,751.755055,0.000000,,,0,1,,,,,0.007378,SMALL
ga,hfvrp_n030_m06_s01,30,6,0.000000,75,1267.686893,5188.125547,1267.686893,0.000000,,,0,1,,,,,2.027646,MEDIUM
ga,hfvrp_n030_m06_s03,30,6,0.000000,1788089919396380032,1237.018461,4495.313930,1237.018461,0.000000,,,0,1,,,,,2.008974,MEDIUM
ga,hfvrp_n020_m04_s05,20,4,0.000000,999,672.814908,1840.000512,672.814908,0.000000,,,0,1,,,,,1.314396,MEDIUM
ga,hfvrp_n030_m06_s02,30,6,0.000000,10,1047.850186,4958.217395,1047.850186,0.000000,,,0,1,,,,,1.997534,MEDIUM
ga,hfvrp_n020_m04_s04,20,4,0.000000,999,740.443568,4115.649567,740.443568,0.000000,,,0,1,,,,,4.088069,BIG
ga,hfvrp_n020_m04_s04,20,4,0.000000,1234,729.007335,4905.367620,729.007335,0.000000,,,0,1,,,,,0.068723,DEFAULT
ga,hfvrp_n020_m04_s04,20,4,0.000000,1234,730.339056,4115.192667,730.339056,0.000000,,,0,1,,,,,0.012784,SMALL
ga,hfvrp_n020_m04_s03,20,4,0.000000,9999,656.241709,3962.112492,656.241709,0.000000,,,0,1,,,,,4.270926,BIG
ga,hfvrp_n020_m04_s03,20,4,0.000000,19345,701.671294,4396.203081,701.671294,0.000000,,,0,1,,,,,0.068419,DEFAULT
ga,hfvrp_n020_m04_s03,20,4,0.000000,19345,667.468311,3571.983164,667.468311,0.000000,,,0,1,,,,,0.007447,SMALL
ga,hfvrp_n020_m04_s04,20,4,0.000000,1234,733.862798,3961.105417,733.862798,0.000000,,,0,1,,,,,1.352329,MEDIUM
ga,hfvrp_n020_m04_s03,20,4,0.000000,19345,656.241709,3962.112492,656.241709,0.000000,,,0,1,,,,,1.380762,MEDIUM
ga,hfvrp_n020_m04_s05,20,4,0.000000,999,672.814908,1840.000512,672.814908,0.000000,,,0,1,,,,,3.991106,BIG
ga,hfvrp_n020_m04_s05,20,4,0.000000,1234,751.755055,3341.784897,751.755055,0.000000,,,0,1,,,,,0.064211,DEFAULT
ga,hfvrp_n020_m04_s05,20,4,0.000000,1234,751.755055,3341.784897,751.755055,0.000000,,,0,1,,,,,0.007253,SMALL
ga,hfvrp_n030_m06_s01,30,6,0.000000,75,1324.016855,4414.897535,1324.016855,0.000000,,,0,1,,,,,6.054775,BIG
ga,hfvrp_n020_m04_s05,20,4,0.000000,1234,657.465461,2395.488860,657.465461,0.000000,,,0,1,,,,,1.331639,MEDIUM
ga,hfvrp_n030_m06_s03,30,6,0.000000,1788089990133519234,1251.929189,4088.145447,1251.929189,0.000000,,,0,1,,,,,6.110615,BIG
ga,hfvrp_n030_m06_s01,30,6,0.000000,100,1313.291454,6842.210770,1313.291454,0.000000,,,0,1,,,,,0.102955,DEFAULT
ga,hfvrp_n030_m06_s01,30,6,0.000000,100,1295.142925,6676.698125,1295.142925,0.000000,,,0,1,,,,,0.015704,SMALL
ga,hfvrp_n030_m06_s03,30,6,0.000000,1,1331.582674,4925.950948,1331.582674,0.000000,,,0,1,,,,,0.103377,DEFAULT
ga,hfvrp_n030_m06_s03,30,6,0.000000,1,1386.761049,4181.371727,1386.761049,0.000000,,,0,1,,,,,0.016479,SMALL
ga,hfvrp_n020_m04_s04,20,4,0.000000,1234,710.176296,4223.911048,710.176296,0.000000,,,0,1,,,,,4.210309,BIG
ga,hfvrp_n020_m04_s04,20,4,0.000000,9999,746.619974,4903.418729,746.619974,0.000000,,,0,1,,,,,0.069759,DEFAULT
ga,hfvrp_n020_m04_s04,20,4,0.000000,9999,785.606570,4524.628827,785.606570,0.000000,,,0,1,,,,,0.012397,SMALL
ga,hfvrp_n020_m04_s03,20,4,0.000000,19345,656.241709,3962.112492,656.241709,0.000000,,,0,1,,,,,4.167674,BIG
ga,hfvrp_n030_m06_s02,30,6,0.000000,10,1046.961668,4144.742759,1046.961668,0.000000,,,0,1,,,,,6.070150,BIG
ga,hfvrp_n020_m04_s03,20,4,0.000000,1788090220382239703,656.241709,3962.112492,656.241709,0.000000,,,0,1,,,,,0.068491,DEFAULT
ga,hfvrp_n020_m04_s03,20,4,0.000000,1788090246224046395,701.671294,4396.203081,701.671294,0.000000,,,0,1,,,,,0.007552,SMALL
ga,hfvrp_n030_m06_s02,30,6,0.000000,50,1105.066889,3403.805447,1105.066889,0.000000,,,0,1,,,,,0.098635,DEFAULT
ga,hfvrp_n030_m06_s02,30,6,0.000000,50,1223.503832,4753.470669,1223.503832,0.000000,,,0,1,,,,,0.012151,SMALL
ga,hfvrp_n020_m04_s04,20,4,0.000000,9999,733.862798,3961.105417,733.862798,0.000000,,,0,1,,,,,1.371103,MEDIUM
ga,hfvrp_n030_m06_s03,30,6,0.000000,1,1270.802693,1910.749540,1270.802693,0.000000,,,0,1,,,,,1.999914,MEDIUM
ga,hfvrp_n030_m06_s01,30,6,0.000000,100,1329.432792,4684.971457,1329.432792,0.000000,,,0,1,,,,,2.085744,MEDIUM
ga,hfvrp_n020_m04_s03,20,4,0.000000,1788090250529966580,656.241709,3962.112492,656.241709,0.000000,,,0,1,,,,,1.370558,MEDIUM
ga,hfvrp_n030_m06_s02,30,6,0.000000,50,1048.646659,4144.742759,1048.646659,0.000000,,,0,1,,,,,2.017764,MEDIUM
ga,hfvrp_n020_m04_s05,20,4,0.000000,1234,672.814908,1840.000512,672.814908,0.000000,,,0,1,,,,,3.996374,BIG
ga,hfvrp_n020_m04_s05,20,4,0.000000,9999,752.776108,2830.609818,752.776108,0.000000,,,0,1,,,,,0.064979,DEFAULT
ga,hfvrp_n020_m04_s05,20,4,0.000000,9999,693.807667,2014.817143,693.807667,0.000000,,,0,1,,,,,0.007960,SMALL
ga,hfvrp_n020_m04_s05,20,4,0.000000,9999,672.814908,1840.000512,672.814908,0.000000,,,0,1,,,,,1.309466,MEDIUM
ga,hfvrp_n020_m04_s04,20,4,0.000000,9999,735.028189,4070.648485,735.028189,0.000000,,,0,1,,,,,4.165989,BIG
ga,hfvrp_n020_m04_s04,20,4,0.000000,19345,778.684316,4570.597617,778.684316,0.000000,,,0,1,,,,,0.070432,DEFAULT
ga,hfvrp_n020_m04_s04,20,4,0.000000,19345,783.509946,4614.917226,783.509946,0.000000,,,0,1,,,,,0.007971,SMALL
ga,hfvrp_n020_m04_s03,20,4,0.000000,1788090131645092148,656.241709,3962.112492,656.241709,0.000000,,,0,1,,,,,4.078705,BIG
ga,hfvrp_n030_m06_s04,30,6,0.000000,1788090393528032543,1369.435881,4100.357566,1369.435881,0.000000,,,0,1,,,,,0.099244,DEFAULT
ga,hfvrp_n030_m06_s04,30,6,0.000000,1788090277671374596,1424.617238,6031.272081,1424.617238,0.000000,,,0,1,,,,,0.016728,SMALL
ga,hfvrp_n020_m04_s04,20,4,0.000000,19345,735.028189,4070.648485,735.028189,0.000000,,,0,1,,,,,1.361957,MEDIUM
ga,hfvrp_n030_m06_s03,30,6,0.000000,1,1237.018461,4495.313930,1237.018461,0.000000,,,0,1,,,,,6.002162,BIG
ga,hfvrp_n030_m06_s01,30,6,0.000000,100,1275.609914,5978.970420,1275.609914,0.000000,,,0,1,,,,,6.104268,BIG
ga,hfvrp_n030_m06_s03,30,6,0.000000,10,1261.620565,2056.385073,1261.620565,0.000000,,,0,1,,,,,0.095814,DEFAULT
ga,hfvrp_n030_m06_s03,30,6,0.000000,10,1495.669440,4393.875726,1495.669440,0.000000,,,0,1,,,,,0.011652,SMALL
ga,hfvrp_n030_m06_s04,30,6,0.000000,1788090281986675839,1296.496597,4659.361257,1296.496597,0.000000,,,0,1,,,,,1.992244,MEDIUM
ga,hfvrp_n030_m06_s01,30,6,0.000000,200,1393.607717,6316.755557,1393.607717,0.000000,,,0,1,,,,,0.103718,DEFAULT
ga,hfvrp_n030_m06_s01,30,6,0.000000,200,1492.131985,6451.417837,1492.131985,0.000000,,,0,1,,,,,0.012231,SMALL
ga,hfvrp_n030_m06_s02,30,6,0.000000,50,1130.007161,4861.601016,1130.007161,0.000000,,,0,1,,,,,6.028622,BIG
ga,hfvrp_n030_m06_s02,30,6,0.000000,75,1152.480995,3805.715856,1152.480995,0.000000,,,0,1,,,,,0.099971,DEFAULT
ga,hfvrp_n030_m06_s02,30,6,0.000000,75,1145.899888,4991.830324,1145.899888,0.000000,,,0,1,,,,,0.016474,SMALL
ga,hfvrp_n020_m04_s05,20,4,0.000000,9999,657.465461,2395.488860,657.465461,0.000000,,,0,1,,,,,3.968346,BIG
ga,hfvrp_n020_m04_s05,20,4,0.000000,19345,751.755055,3341.784897,751.755055,0.000000,,,0,1,,,,,0.066095,DEFAULT
ga,hfvrp_n020_m04_s05,20,4,0.000000,19345,697.824741,2015.475969,697.824741,0.000000,,,0,1,,,,,0.012339,SMALL
ga,hfvrp_n030_m06_s03,30,6,0.000000,10,1275.195596,2035.748868,1275.195596,0.000000,,,0,1,,,,,1.954473,MEDIUM
ga,hfvrp_n030_m06_s01,30,6,0.000000,200,1320.140076,4730.980075,1320.140076,0.000000,,,0,1,,,,,1.981659,MEDIUM
ga,hfvrp_n020_m04_s05,20,4,0.000000,19345,672.814908,1840.000512,672.814908,0.000000,,,0,1,,,,,1.296908,MEDIUM
ga,hfvrp_n030_m06_s02,30,6,0.000000,75,1050.766291,5055.111849,1050.766291,0.000000,,,0,1,,,,,1.984266,MEDIUM
ga,hfvrp_n020_m04_s04,20,4,0.000000,19345,710.176296,4223.911048,710.176296,0.000000,,,0,1,,,,,3.980885,BIG
ga,hfvrp_n020_m04_s04,20,4,0.000000,1788090454636642644,717.308143,4355.508152,717.308143,0.000000,,,0,1,,,,,0.064918,DEFAULT
ga,hfvrp_n020_m04_s04,20,4,0.000000,1788090450410643625,745.269198,4159.969176,745.269198,0.000000,,,0,1,,,,,0.007610,SMALL
ga,hfvrp_n020_m04_s04,20,4,0.000000,1788090446127306138,717.308143,4355.508152,717.308143,0.000000,,,0,1,,,,,1.307039,MEDIUM
ga,hfvrp_n030_m06_s04,30,6,0.000000,1788090326937384227,1351.010281,4265.127176,1351.010281,0.000000,,,0,1,,,,,5.935589,BIG
ga,hfvrp_n030_m06_s04,30,6,0.000000,1,1352.598563,4080.016745,1352.598563,0.000000,,,0,1,,,,,0.096782,DEFAULT
ga,hfvrp_n030_m06_s04,30,6,0.000000,1,1441.215677,5656.257785,1441.215677,0.000000,,,0,1,,,,,0.011833,SMALL
ga,hfvrp_n020_m04_s05,20,4,0.000000,19345,657.465461,2395.488860,657.465461,0.000000,,,0,1,,,,,3.956596,BIG
ga,hfvrp_n020_m04_s05,20,4,0.000000,1788090625206382855,672.814908,1840.000512,672.814908,0.000000,,,0,1,,,,,0.068107,DEFAULT
ga,hfvrp_n020_m04_s05,20,4,0.000000,1788090663933078676,795.079431,3434.252587,795.079431,0.000000,,,0,1,,,,,0.007125,SMALL
ga,hfvrp_n020_m04_s05,20,4,0.000000,1788090668238968057,672.814908,1840.000512,672.814908,0.000000,,,0,1,,,,,1.285442,MEDIUM
ga,hfvrp_n030_m06_s03,30,6,0.000000,10,1261.620565,1910.749540,1261.620565,0.000000,,,0,1,,,,,5.897878,BIG
ga,hfvrp_n030_m06_s03,30,6,0.000000,50,1261.620565,1910.749540,1261.620565,0.000000,,,0,1,,,,,0.102460,DEFAULT
ga,hfvrp_n030_m06_s03,30,6,0.000000,50,1341.169512,2154.518641,1341.169512,0.000000,,,0,1,,,,,0.011880,SMALL
ga,hfvrp_n030_m06_s01,30,6,0.000000,200,1324.016855,4414.897535,1324.016855,0.000000,,,0,1,,,,,5.989468,BIG
ga,hfvrp_n030_m06_s04,30,6,0.000000,1,1196.002682,2793.959103,1196.002682,0.000000,,,0,1,,,,,2.010239,MEDIUM
ga,hfvrp_n030_m06_s01,30,6,0.000000,999,1393.607717,6316.755557,1393.607717,0.000000,,,0,1,,,,,0.097980,DEFAULT
ga,hfvrp_n030_m06_s01,30,6,0.000000,999,1386.843566,5133.949159,1386.843566,0.000000,,,0,1,,,,,0.011360,SMALL
ga,hfvrp_n020_m04_s04,20,4,0.000000,1788090443143493715,710.176296,4223.911048,710.176296,0.000000,,,0,1,,,,,4.003817,BIG
ga,hfvrp_n030_m06_s02,30,6,0.000000,75,1029.212606,4917.325207,1029.212606,0.000000,,,0,1,,,,,5.941523,BIG
ga,hfvrp_n030_m06_s05,30,6,0.000000,1788088617588205918,1224.265840,4085.698905,1224.265840,0.000000,,,0,1,,,,,0.096440,DEFAULT
ga,hfvrp_n030_m06_s05,30,6,0.000000,1788088591918576689,1298.439588,4807.407996,1298.439588,0.000000,,,0,1,,,,,0.011920,SMALL
ga,hfvrp_n030_m06_s02,30,6,0.000000,100,1198.259158,4187.641609,1198.259158,0.000000,,,0,1,,,,,0.099013,DEFAULT
ga,hfvrp_n030_m06_s02,30,6,0.000000,100,1211.129677,4811.914127,1211.129677,0.000000,,,0,1,,,,,0.011994,SMALL
ga,hfvrp_n030_m06_s03,30,6,0.000000,50,1261.620565,1910.749540,1261.620565,0.000000,,,0,1,,,,,1.952849,MEDIUM
ga,hfvrp_n030_m06_s01,30,6,0.000000,999,1314.584498,4517.435770,1314.584498,0.000000,,,0,1,,,,,2.014490,MEDIUM
ga,hfvrp_n030_m06_s05,30,6,0.000000,1788088596229033395,1246.310144,5325.586617,1246.310144,0.000000,,,0,1,,,,,1.995223,MEDIUM
ga,hfvrp_n030_m06_s02,30,6,0.000000,100,1053.565118,4142.274116,1053.565118,0.000000,,,0,1,,,,,1.940488,MEDIUM
ga,hfvrp_n020_m04_s05,20,4,0.000000,1788090673823374063,672.814908,1840.000512,672.814908,0.000000,,,0,1,,,,,3.924167,BIG
ga,hfvrp_n050_m10_s01,50,10,0.000000,1788088719526553048,2412.446034,11458.789602,2412.446034,0.000000,,,0,1,,,,,0.172332,DEFAULT
ga,hfvrp_n050_m10_s01,50,10,0.000000,1788088715407652420,2643.121870,13104.469556,2643.121870,0.000000,,,0,1,,,,,0.021079,SMALL
ga,hfvrp_n030_m06_s04,30,6,0.000000,1,1193.138177,2792.526850,1193.138177,0.000000,,,0,1,,,,,6.017608,BIG
ga,hfvrp_n030_m06_s04,30,6,0.000000,10,1406.473320,5914.846779,1406.473320,0.000000,,,0,1,,,,,0.099643,DEFAULT
ga,hfvrp_n030_m06_s04,30,6,0.000000,10,1464.602289,5502.453480,1464.602289,0.000000,,,0,1,,,,,0.015478,SMALL
ga,hfvrp_n050_m10_s01,50,10,0.000000,1788088693957540757,2142.552040,10085.082226,2142.552040,0.000000,,,0,1,,,,,3.326870,MEDIUM
ga,hfvrp_n030_m06_s03,30,6,0.000000,50,1258.901331,4093.085719,1258.901331,0.000000,,,0,1,,,,,5.910454,BIG
ga,hfvrp_n030_m06_s03,30,6,0.000000,75,1275.051177,4433.013102,1275.051177,0.000000,,,0,1,,,,,0.100719,DEFAULT
ga,hfvrp_n030_m06_s03,30,6,0.000000,75,1299.722243,3468.343973,1299.722243,0.000000,,,0,1,,,,,0.011542,SMALL
ga,hfvrp_n030_m06_s01,30,6,0.000000,999,1250.912837,4404.642818,1250.912837,0.000000,,,0,1,,,,,6.030170,BIG
ga,hfvrp_n030_m06_s04,30,6,0.000000,10,1290.681584,4636.520790,1290.681584,0.000000,,,0,1,,,,,1.954483,MEDIUM
ga,hfvrp_n030_m06_s01,30,6,0.000000,1234,1307.058870,4780.186656,1307.058870,0.000000,,,0,1,,,,,0.097825,DEFAULT
ga,hfvrp_n030_m06_s01,30,6,0.000000,1234,1370.766333,4559.718039,1370.766333,0.000000,,,0,1,,,,,0.012340,SMALL
ga,hfvrp_n030_m06_s02,30,6,0.000000,100,1029.212606,5160.626998,1029.212606,0.000000,,,0,1,,,,,5.952660,BIG
ga,hfvrp_n030_m06_s05,30,6,0.000000,1788088508038163665,1220.201691,4147.522074,1220.201691,0.000000,,,0,1,,,,,6.105367,BIG
ga,hfvrp_n030_m06_s02,30,6,0.000000,200,1055.740731,4400.099249,1055.740731,0.000000,,,0,1,,,,,0.102296,DEFAULT
ga,hfvrp_n030_m06_s02,30,6,0.000000,200,1205.948572,4014.783848,1205.948572,0.000000,,,0,1,,,,,0.014708,SMALL
ga,hfvrp_n030_m06_s05,30,6,0.000000,1,1264.494071,4084.470186,1264.494071,0.000000,,,0,1,,,,,0.100819,DEFAULT
ga,hfvrp_n030_m06_s05,30,6,0.000000,1,1374.758503,3502.819925,1374.758503,0.000000,,,0,1,,,,,0.017117,SMALL
ga,hfvrp_n030_m06_s03,30,6,0.000000,75,1279.834486,5976.163017,1279.834486,0.000000,,,0,1,,,,,1.952414,MEDIUM
ga,hfvrp_n030_m06_s01,30,6,0.000000,1234,1311.944451,5657.979119,1311.944451,0.000000,,,0,1,,,,,2.001207,MEDIUM
ga,hfvrp_n030_m06_s02,30,6,0.000000,200,1029.212606,4917.325207,1029.212606,0.000000,,,0,1,,,,,1.963745,MEDIUM
ga,hfvrp_n030_m06_s05,30,6,0.000000,1,1203.560157,4064.501226,1203.560157,0.000000,,,0,1,,,,,1.998773,MEDIUM
ga,hfvrp_n030_m06_s04,30,6,0.000000,10,1289.093303,4820.837081,1289.093303,0.000000,,,0,1,,,,,5.932703,BIG
ga,hfvrp_n030_m06_s04,30,6,0.000000,50,1405.774211,5562.575662,1405.774211,0.000000,,,0,1,,,,,0.099627,DEFAULT
ga,hfvrp_n030_m06_s04,30,6,0.000000,50,1479.542630,5885.168667,1479.542630,0.000000,,,0,1,,,,,0.012038,SMALL
ga,hfvrp_n030_m06_s03,30,6,0.000000,75,1249.600985,4061.596505,1249.600985,0.000000,,,0,1,,,,,6.017951,BIG
ga,hfvrp_n030_m06_s03,30,6,0.000000,100,1282.625753,2051.274544,1282.625753,0.000000,,,0,1,,,,,0.096208,DEFAULT
ga,hfvrp_n030_m06_s03,30,6,0.000000,100,1389.683797,3960.853754,1389.683797,0.000000,,,0,1,,,,,0.014988,SMALL
ga,hfvrp_n030_m06_s04,30,6,0.000000,50,1296.496597,4659.361257,1296.496597,0.000000,,,0,1,,,,,1.974911,MEDIUM
ga,hfvrp_n030_m06_s01,30,6,0.000000,1234,1287.118203,4601.322345,1287.118203,0.000000,,,0,1,,,,,6.070027,BIG
ga,hfvrp_n030_m06_s01,30,6,0.000000,9999,1329.546098,4501.803415,1329.546098,0.000000,,,0,1,,,,,0.100991,DEFAULT
ga,hfvrp_n030_m06_s01,30,6,0.000000,9999,1324.334299,6120.322822,1324.334299,0.000000,,,0,1,,,,,0.011310,SMALL
ga,hfvrp_n030_m06_s02,30,6,0.000000,200,1044.680476,4576.014953,1044.680476,0.000000,,,0,1,,,,,6.048070,BIG
ga,hfvrp_n030_m06_s02,30,6,0.000000,999,1228.794239,4747.986094,1228.794239,0.000000,,,0,1,,,,,0.099593,DEFAULT
ga,hfvrp_n030_m06_s02,30,6,0.000000,999,1187.118834,4179.676812,1187.118834,0.000000,,,0,1,,,,,0.015777,SMALL
ga,hfvrp_n030_m06_s05,30,6,0.000000,1,1203.560157,4064.501226,1203.560157,0.000000,,,0,1,,,,,6.094131,BIG
ga,hfvrp_n030_m06_s05,30,6,0.000000,10,1221.474130,4063.042708,1221.474130,0.000000,,,0,1,,,,,0.095885,DEFAULT
ga,hfvrp_n030_m06_s05,30,6,0.000000,10,1467.403660,5065.875219,1467.403660,0.000000,,,0,1,,,,,0.012264,SMALL
ga,hfvrp_n050_m10_s01,50,10,0.000000,1788088731653214850,2103.152000,9917.293312,2103.152000,0.000000,,,0,1,,,,,10.456864,BIG
ga,hfvrp_n030_m06_s03,30,6,0.000000,100,1168.487527,4996.299645,1168.487527,0.000000,,,0,1,,,,,1.983759,MEDIUM
ga,hfvrp_n050_m10_s01,50,10,0.000000,1,2267.211987,10809.661992,2267.211987,0.000000,,,0,1,,,,,0.174598,DEFAULT
ga,hfvrp_n050_m10_s01,50,10,0.000000,1,2714.862304,14574.455915,2714.862304,0.000000,,,0,1,,,,,0.021034,SMALL
ga,hfvrp_n030_m06_s01,30,6,0.000000,9999,1329.432792,4684.971457,1329.432792,0.000000,,,0,1,,,,,1.993764,MEDIUM
ga,hfvrp_n030_m06_s02,30,6,0.000000,999,1074.018139,4701.690745,1074.018139,0.000000,,,0,1,,,,,2.004395,MEDIUM
ga,hfvrp_n030_m06_s05,30,6,0.000000,10,1249.532595,3875.533772,1249.532595,0.000000,,,0,1,,,,,2.008559,MEDIUM
ga,hfvrp_n050_m10_s01,50,10,0.000000,1,2097.797152,9340.426026,2097.797152,0.000000,,,0,1,,,,,3.372835,MEDIUM
ga,hfvrp_n030_m06_s04,30,6,0.000000,50,1193.138177,2792.526850,1193.138177,0.000000,,,0,1,,,,,6.038628,BIG
ga,hfvrp_n030_m06_s04,30,6,0.000000,75,1290.681584,4636.520790,1290.681584,0.000000,,,0,1,,,,,0.100297,DEFAULT
ga,hfvrp_n030_m06_s04,30,6,0.000000,75,1378.507116,3910.420389,1378.507116,0.000000,,,0,1,,,,,0.011613,SMALL
ga,hfvrp_n030_m06_s03,30,6,0.000000,100,1270.802693,1910.749540,1270.802693,0.000000,,,0,1,,,,,5.935761,BIG
ga,hfvrp_n030_m06_s03,30,6,0.000000,200,1320.120881,2013.256800,1320.120881,0.000000,,,0,1,,,,,0.099799,DEFAULT
ga,hfvrp_n030_m06_s03,30,6,0.000000,200,1378.129372,6449.399358,1378.129372,0.000000,,,0,1,,,,,0.011748,SMALL
ga,hfvrp_n030_m06_s04,30,6,0.000000,75,1351.010281,4265.127176,1351.010281,0.000000,,,0,1,,,,,1.944994,MEDIUM
ga,hfvrp_n030_m06_s01,30,6,0.000000,9999,1267.088959,4516.491935,1267.088959,0.000000,,,0,1,,,,,5.937974,BIG
ga,hfvrp_n030_m06_s01,30,6,0.000000,19345,1367.579007,5746.893914,1367.579007,0.000000,,,0,1,,,,,0.095153,DEFAULT
ga,hfvrp_n030_m06_s01,30,6,0.000000,19345,1414.882278,6568.293231,1414.882278,0.000000,,,0,1,,,,,0.011275,SMALL
ga,hfvrp_n030_m06_s02,30,6,0.000000,999,1098.171834,3416.334079,1098.171834,0.000000,,,0,1,,,,,6.037851,BIG
ga,hfvrp_n030_m06_s02,30,6,0.000000,1234,1181.165912,4525.154763,1181.165912,0.000000,,,0,1,,,,,0.094994,DEFAULT
ga,hfvrp_n030_m06_s02,30,6,0.000000,1234,1212.535338,4532.320505,1212.535338,0.000000,,,0,1,,,,,0.015664,SMALL
ga,hfvrp_n030_m06_s05,30,6,0.000000,10,1221.474130,4063.042708,1221.474130,0.000000,,,0,1,,,,,6.027653,BIG
ga,hfvrp_n030_m06_s05,30,6,0.000000,50,1260.394266,4094.885662,1260.394266,0.000000,,,0,1,,,,,0.099256,DEFAULT
ga,hfvrp_n030_m06_s05,30,6,0.000000,50,1382.910658,3893.569723,1382.910658,0.000000,,,0,1,,,,,0.017344,SMALL
ga,hfvrp_n030_m06_s03,30,6,0.000000,200,1261.620565,1910.749540,1261.620565,0.000000,,,0,1,,,,,1.952428,MEDIUM
ga,hfvrp_n030_m06_s01,30,6,0.000000,19345,1308.482846,5388.864502,1308.482846,0.000000,,,0,1,,,,,1.999543,MEDIUM
ga,hfvrp_n030_m06_s02,30,6,0.000000,1234,1044.680476,4576.014953,1044.680476,0.000000,,,0,1,,,,,1.978300,MEDIUM
ga,hfvrp_n030_m06_s05,30,6,0.000000,50,1203.560157,4064.501226,1203.560157,0.000000,,,0,1,,,,,1.981781,MEDIUM
ga,hfvrp_n030_m06_s04,30,6,0.000000,75,1290.681584,4636.520790,1290.681584,0.000000,,,0,1,,,,,5.938827,BIG
ga,hfvrp_n030_m06_s04,30,6,0.000000,100,1440.509793,5527.704249,1440.509793,0.000000,,,0,1,,,,,0.097294,DEFAULT
ga,hfvrp_n030_m06_s04,30,6,0.000000,100,1281.844022,3134.176467,1281.844022,0.000000,,,0,1,,,,,0.012222,SMALL
ga,hfvrp_n050_m10_s01,50,10,0.000000,1,2123.731987,9891.354956,2123.731987,0.000000,,,0,1,,,,,10.430152,BIG
ga,hfvrp_n030_m06_s03,30,6,0.000000,200,1168.487527,4996.299645,1168.487527,0.000000,,,0,1,,,,,5.935292,BIG
ga,hfvrp_n030_m06_s03,30,6,0.000000,999,1261.620565,2056.385073,1261.620565,0.000000,,,0,1,,,,,0.094724,DEFAULT
ga,hfvrp_n030_m06_s03,30,6,0.000000,999,1380.739860,2248.751173,1380.739860,0.000000,,,0,1,,,,,0.011123,SMALL
ga,hfvrp_n050_m10_s01,50,10,0.000000,10,2380.969437,10382.314573,2380.969437,0.000000,,,0,1,,,,,0.163737,DEFAULT
ga,hfvrp_n050_m10_s01,50,10,0.000000,10,2625.406365,14209.507497,2625.406365,0.000000,,,0,1,,,,,0.021531,SMALL
ga,hfvrp_n030_m06_s04,30,6,0.000000,100,1351.010281,4265.127176,1351.010281,0.000000,,,0,1,,,,,1.949666,MEDIUM
ga,hfvrp_n030_m06_s01,30,6,0.000000,19345,1229.638471,5038.402479,1229.638471,0.000000,,,0,1,,,,,5.993940,BIG
ga,hfvrp_n030_m06_s01,30,6,0.000000,1788089440248532788,1319.758416,6031.276215,1319.758416,0.000000,,,0,1,,,,,0.098860,DEFAULT
ga,hfvrp_n030_m06_s01,30,6,0.000000,1788089410286424979,1358.756730,5758.299274,1358.756730,0.000000,,,0,1,,,,,0.013001,SMALL
ga,hfvrp_n030_m06_s02,30,6,0.000000,1234,1019.000032,4660.340385,1019.000032,0.000000,,,0,1,,,,,5.954734,BIG
ga,hfvrp_n030_m06_s02,30,6,0.000000,9999,1188.393317,4098.531669,1188.393317,0.000000,,,0,1,,,,,0.099976,DEFAULT
ga,hfvrp_n030_m06_s02,30,6,0.000000,9999,1238.163273,5066.801441,1238.163273,0.000000,,,0,1,,,,,0.015528,SMALL
ga,hfvrp_n030_m06_s05,30,6,0.000000,50,1145.359845,3263.171853,1145.359845,0.000000,,,0,1,,,,,5.990557,BIG
ga,hfvrp_n030_m06_s05,30,6,0.000000,75,1243.437472,4182.127380,1243.437472,0.000000,,,0,1,,,,,0.097171,DEFAULT
ga,hfvrp_n030_m06_s05,30,6,0.000000,75,1366.439340,3806.293225,1366.439340,0.000000,,,0,1,,,,,0.011898,SMALL
ga,hfvrp_n030_m06_s03,30,6,0.000000,999,1258.901331,4093.085719,1258.901331,0.000000,,,0,1,,,,,1.969492,MEDIUM
ga,hfvrp_n030_m06_s01,30,6,0.000000,1788089414597323322,1267.686893,5188.125547,1267.686893,0.000000,,,0,1,,,,,2.006366,MEDIUM
ga,hfvrp_n030_m06_s02,30,6,0.000000,9999,1055.187089,4184.100666,1055.187089,0.000000,,,0,1,,,,,1.965279,MEDIUM
ga,hfvrp_n030_m06_s05,30,6,0.000000,75,1231.978315,3842.207704,1231.978315,0.000000,,,0,1,,,,,1.987120,MEDIUM
ga,hfvrp_n050_m10_s01,50,10,0.000000,10,2159.561857,9897.465917,2159.561857,0.000000,,,0,1,,,,,3.406226,MEDIUM
ga,hfvrp_n030_m06_s04,30,6,0.000000,100,1290.681584,4636.520790,1290.681584,0.000000,,,0,1,,,,,5.913321,BIG
ga,hfvrp_n030_m06_s04,30,6,0.000000,200,1325.355156,4921.847133,1325.355156,0.000000,,,0,1,,,,,0.101474,DEFAULT
ga,hfvrp_n030_m06_s04,30,6,0.000000,200,1446.951696,6305.999703,1446.951696,0.000000,,,0,1,,,,,0.014827,SMALL
ga,hfvrp_n030_m06_s03,30,6,0.000000,999,1261.620565,1910.749540,1261.620565,0.000000,,,0,1,,,,,5.904958,BIG
ga,hfvrp_n030_m06_s03,30,6,0.000000,1234,1314.543441,4430.127829,1314.543441,0.000000,,,0,1,,,,,0.101146,DEFAULT
ga,hfvrp_n030_m06_s03,30,6,0.000000,1234,1360.426945,2515.640043,1360.426945,0.000000,,,0,1,,,,,0.015538,SMALL
ga,hfvrp_n030_m06_s04,30,6,0.000000,200,1295.453713,4602.036894,1295.453713,0.000000,,,0,1,,,,,1.953726,MEDIUM
ga,hfvrp_n030_m06_s01,30,6,0.000000,1788089347888033311,1282.467148,4323.674457,1282.467148,0.000000,,,0,1,,,,,6.012586,BIG
ga,hfvrp_n030_m06_s02,30,6,0.000000,9999,1019.000032,4660.340385,1019.000032,0.000000,,,0,1,,,,,5.962812,BIG
ga,hfvrp_n030_m06_s02,30,6,0.000000,19345,1107.599970,3625.274740,1107.599970,0.000000,,,0,1,,,,,0.099850,DEFAULT
ga,hfvrp_n030_m06_s02,30,6,0.000000,19345,1249.138255,5452.796767,1249.138255,0.000000,,,0,1,,,,,0.015188,SMALL
ga,hfvrp_n050_m10_s02,50,10,0.000000,1788089474448612767,2219.188056,16782.816474,2219.188056,0.000000,,,0,1,,,,,0.174923,DEFAULT
ga,hfvrp_n050_m10_s02,50,10,0.000000,1788089457449831460,2864.516576,22261.804930,2864.516576,0.000000,,,0,1,,,,,0.024873,SMALL
ga,hfvrp_n030_m06_s05,30,6,0.000000,75,1203.560157,4064.501226,1203.560157,0.000000,,,0,1,,,,,6.048946,BIG
ga,hfvrp_n030_m06_s05,30,6,0.000000,100,1203.560157,4064.501226,1203.560157,0.000000,,,0,1,,,,,0.096004,DEFAULT
ga,hfvrp_n030_m06_s05,30,6,0.000000,100,1322.575264,4603.780204,1322.575264,0.000000,,,0,1,,,,,0.010997,SMALL
ga,hfvrp_n030_m06_s03,30,6,0.000000,1234,1261.620565,2056.385073,1261.620565,0.000000,,,0,1,,,,,1.951882,MEDIUM
ga,hfvrp_n030_m06_s02,30,6,0.000000,19345,1048.646659,4576.014953,1048.646659,0.000000,,,0,1,,,,,1.960861,MEDIUM
ga,hfvrp_n030_m06_s05,30,6,0.000000,100,1219.574042,3829.022532,1219.574042,0.000000,,,0,1,,,,,1.994876,MEDIUM
ga,hfvrp_n050_m10_s02,50,10,0.000000,1788089444595291361,2128.582330,22004.269663,2128.582330,0.000000,,,0,1,,,,,3.391023,MEDIUM
ga,hfvrp_n050_m10_s01,50,10,0.000000,10,2113.677850,10343.067682,2113.677850,0.000000,,,0,1,,,,,10.417796,BIG
ga,hfvrp_n050_m10_s01,50,10,0.000000,50,2465.440221,13732.854927,2465.440221,0.000000,,,0,1,,,,,0.164805,DEFAULT
ga,hfvrp_n050_m10_s01,50,10,0.000000,50,2749.276201,15716.707580,2749.276201,0.000000,,,0,1,,,,,0.019818,SMALL
ga,hfvrp_n030_m06_s04,30,6,0.000000,200,1289.093303,4820.837081,1289.093303,0.000000,,,0,1,,,,,5.995644,BIG
ga,hfvrp_n030_m06_s04,30,6,0.000000,999,1351.010281,4265.127176,1351.010281,0.000000,,,0,1,,,,,0.098401,DEFAULT
ga,hfvrp_n030_m06_s04,30,6,0.000000,999,1444.575297,6276.494376,1444.575297,0.000000,,,0,1,,,,,0.011378,SMALL
ga,hfvrp_n030_m06_s03,30,6,0.000000,1234,1261.620565,2056.385073,1261.620565,0.000000,,,0,1,,,,,5.895395,BIG
ga,hfvrp_n030_m06_s03,30,6,0.000000,9999,1261.620565,1910.749540,1261.620565,0.000000,,,0,1,,,,,0.101698,DEFAULT
ga,hfvrp_n030_m06_s03,30,6,0.000000,9999,1389.683797,3960.853754,1389.683797,0.000000,,,0,1,,,,,0.016484,SMALL
ga,hfvrp_n030_m06_s04,30,6,0.000000,999,1352.598563,4080.016745,1352.598563,0.000000,,,0,1,,,,,1.946623,MEDIUM
ga,hfvrp_n030_m06_s02,30,6,0.000000,19345,1044.680476,4576.014953,1044.680476,0.000000,,,0,1,,,,,5.966075,BIG
ga,hfvrp_n030_m06_s02,30,6,0.000000,1788087399572530454,1203.437062,5991.875034,1203.437062,0.000000,,,0,1,,,,,0.095615,DEFAULT
ga,hfvrp_n030_m06_s02,30,6,0.000000,1788087403966730597,1267.914670,4921.259136,1267.914670,0.000000,,,0,1,,,,,0.010948,SMALL
ga,hfvrp_n030_m06_s05,30,6,0.000000,100,1203.560157,4064.501226,1203.560157,0.000000,,,0,1,,,,,6.019253,BIG
ga,hfvrp_n050_m10_s01,50,10,0.000000,50,2200.183409,10522.682227,2200.183409,0.000000,,,0,1,,,,,3.389176,MEDIUM
ga,hfvrp_n030_m06_s05,30,6,0.000000,200,1237.549831,4342.466430,1237.549831,0.000000,,,0,1,,,,,0.099884,DEFAULT
ga,hfvrp_n030_m06_s05,30,6,0.000000,200,1304.111147,4018.930698,1304.111147,0.000000,,,0,1,,,,,0.011263,SMALL
ga,hfvrp_n030_m06_s03,30,6,0.000000,9999,1168.487527,4999.184918,1168.487527,0.000000,,,0,1,,,,,1.966982,MEDIUM
ga,hfvrp_n030_m06_s02,30,6,0.000000,1788087408276189802,1029.212606,5160.626998,1029.212606,0.000000,,,0,1,,,,,1.985115,MEDIUM
ga,hfvrp_n030_m06_s05,30,6,0.000000,200,1215.646030,3492.942819,1215.646030,0.000000,,,0,1,,,,,2.024105,MEDIUM
ga,hfvrp_n030_m06_s04,30,6,0.000000,999,1351.945595,4047.995984,1351.945595,0.000000,,,0,1,,,,,5.909672,BIG
ga,hfvrp_n030_m06_s04,30,6,0.000000,1234,1269.209227,4470.329104,1269.209227,0.000000,,,0,1,,,,,0.099886,DEFAULT
ga,hfvrp_n030_m06_s04,30,6,0.000000,1234,1477.855192,5995.139044,1477.855192,0.000000,,,0,1,,,,,0.011138,SMALL
ga,hfvrp_n050_m10_s02,50,10,0.000000,1788087476600337144,2128.005576,20669.330595,2128.005576,0.000000,,,0,1,,,,,10.194839,BIG
ga,hfvrp_n050_m10_s02,50,10,0.000000,1,2316.135093,20877.633715,2316.135093,0.000000,,,0,1,,,,,0.169376,DEFAULT
ga,hfvrp_n050_m10_s02,50,10,0.000000,1,2878.021952,21596.874962,2878.021952,0.000000,,,0,1,,,,,0.020956,SMALL
ga,hfvrp_n030_m06_s03,30,6,0.000000,9999,1258.901331,4093.085719,1258.901331,0.000000,,,0,1,,,,,6.004891,BIG
ga,hfvrp_n030_m06_s03,30,6,0.000000,19345,1320.120881,2158.892333,1320.120881,0.000000,,,0,1,,,,,0.099628,DEFAULT
ga,hfvrp_n030_m06_s03,30,6,0.000000,19345,1381.269567,3873.465267,1381.269567,0.000000,,,0,1,,,,,0.016138,SMALL
ga,hfvrp_n030_m06_s04,30,6,0.000000,1234,1316.873744,3290.892644,1316.873744,0.000000,,,0,1,,,,,1.970008,MEDIUM
ga,hfvrp_n030_m06_s02,30,6,0.000000,1788087453215051644,1019.000032,4660.340385,1019.000032,0.000000,,,0,1,,,,,6.075885,BIG
ga,hfvrp_n030_m06_s05,30,6,0.000000,200,1144.139385,2588.548630,1144.139385,0.000000,,,0,1,,,,,5.911364,BIG
ga,hfvrp_n050_m10_s03,50,10,0.000000,1788087893321761308,2059.818728,12596.239769,2059.818728,0.000000,,,0,1,,,,,0.170194,DEFAULT
ga,hfvrp_n050_m10_s03,50,10,0.000000,1788087902085640196,2548.520311,20359.344488,2548.520311,0.000000,,,0,1,,,,,0.019845,SMALL
ga,hfvrp_n030_m06_s05,30,6,0.000000,999,1237.549831,4342.466430,1237.549831,0.000000,,,0,1,,,,,0.102106,DEFAULT
ga,hfvrp_n030_m06_s05,30,6,0.000000,999,1322.931213,4559.289216,1322.931213,0.000000,,,0,1,,,,,0.015468,SMALL
ga,hfvrp_n030_m06_s03,30,6,0.000000,19345,1245.558051,4427.259526,1245.558051,0.000000,,,0,1,,,,,1.983878,MEDIUM
ga,hfvrp_n050_m10_s02,50,10,0.000000,1,2150.358012,21224.933479,2150.358012,0.000000,,,0,1,,,,,3.428607,MEDIUM
ga,hfvrp_n030_m06_s05,30,6,0.000000,999,1237.549831,4342.466430,1237.549831,0.000000,,,0,1,,,,,1.979105,MEDIUM
ga,hfvrp_n050_m10_s01,50,10,0.000000,50,2123.731987,9891.354956,2123.731987,0.000000,,,0,1,,,,,10.386168,BIG
ga,hfvrp_n050_m10_s01,50,10,0.000000,75,2545.605990,13193.258791,2545.605990,0.000000,,,0,1,,,,,0.168990,DEFAULT
ga,hfvrp_n050_m10_s01,50,10,0.000000,75,2590.947856,12807.757734,2590.947856,0.000000,,,0,1,,,,,0.020948,SMALL
ga,hfvrp_n050_m10_s03,50,10,0.000000,1788087923585099402,2005.550067,14060.625123,2005.550067,0.000000,,,0,1,,,,,3.392900,MEDIUM
ga,hfvrp_n030_m06_s04,30,6,0.000000,1234,1290.681584,4636.520790,1290.681584,0.000000,,,0,1,,,,,5.898491,BIG
ga,hfvrp_n030_m06_s04,30,6,0.000000,9999,1338.978842,5060.048743,1338.978842,0.000000,,,0,1,,,,,0.095170,DEFAULT
ga,hfvrp_n030_m06_s04,30,6,0.000000,9999,1520.584662,6136.628057,1520.584662,0.000000,,,0,1,,,,,0.011715,SMALL
ga,hfvrp_n050_m10_s01,50,10,0.000000,75,2154.011108,10042.335683,2154.011108,0.000000,,,0,1,,,,,3.340146,MEDIUM
ga,hfvrp_n030_m06_s03,30,6,0.000000,19345,1261.620565,1910.749540,1261.620565,0.000000,,,0,1,,,,,5.891760,BIG
ga,hfvrp_n030_m06_s03,30,6,0.000000,1788087749513736077,1261.620565,2056.385073,1261.620565,0.000000,,,0,1,,,,,0.095195,DEFAULT
ga,hfvrp_n030_m06_s03,30,6,0.000000,1788087745317667253,1292.400748,2080.606228,1292.400748,0.000000,,,0,1,,,,,0.010798,SMALL
ga,hfvrp_n030_m06_s04,30,6,0.000000,9999,1290.681584,4636.520790,1290.681584,0.000000,,,0,1,,,,,1.983229,MEDIUM
ga,hfvrp_n030_m06_s05,30,6,0.000000,999,1220.201691,4147.522074,1220.201691,0.000000,,,0,1,,,,,6.024699,BIG
ga,hfvrp_n030_m06_s05,30,6,0.000000,1234,1292.209312,4134.150727,1292.209312,0.000000,,,0,1,,,,,0.101880,DEFAULT
ga,hfvrp_n030_m06_s05,30,6,0.000000,1234,1434.339353,5426.794432,1434.339353,0.000000,,,0,1,,,,,0.015621,SMALL
ga,hfvrp_n030_m06_s03,30,6,0.000000,1788087775396772735,1261.620565,1910.749540,1261.620565,0.000000,,,0,1,,,,,1.969807,MEDIUM
ga,hfvrp_n030_m06_s05,30,6,0.000000,1234,1196.280324,3291.592788,1196.280324,0.000000,,,0,1,,,,,1.979838,MEDIUM
ga,hfvrp_n050_m10_s02,50,10,0.000000,1,2071.040700,21231.064061,2071.040700,0.000000,,,0,1,,,,,10.322891,BIG
ga,hfvrp_n050_m10_s02,50,10,0.000000,10,2253.097247,17011.879035,2253.097247,0.000000,,,0,1,,,,,0.173931,DEFAULT
ga,hfvrp_n050_m10_s02,50,10,0.000000,10,2718.580756,24432.788460,2718.580756,0.000000,,,0,1,,,,,0.023277,SMALL
ga,hfvrp_n030_m06_s04,30,6,0.000000,9999,1289.093303,4820.837081,1289.093303,0.000000,,,0,1,,,,,5.962807,BIG
ga,hfvrp_n030_m06_s04,30,6,0.000000,19345,1408.335424,5812.366839,1408.335424,0.000000,,,0,1,,,,,0.094320,DEFAULT
ga,hfvrp_n030_m06_s04,30,6,0.000000,19345,1413.906905,6227.315111,1413.906905,0.000000,,,0,1,,,,,0.016797,SMALL
ga,hfvrp_n050_m10_s03,50,10,0.000000,1788087707938554008,2019.199514,14061.977685,2019.199514,0.000000,,,0,1,,,,,10.419500,BIG
ga,hfvrp_n050_m10_s03,50,10,0.000000,1,2209.366837,14369.318623,2209.366837,0.000000,,,0,1,,,,,0.164422,DEFAULT
ga,hfvrp_n050_m10_s03,50,10,0.000000,1,2292.165000,16933.989336,2292.165000,0.000000,,,0,1,,,,,0.023264,SMALL
ga,hfvrp_n030_m06_s03,30,6,0.000000,1788088090903070858,1261.620565,1910.749540,1261.620565,0.000000,,,0,1,,,,,5.856389,BIG
ga,hfvrp_n050_m10_s04,50,10,0.000000,1788087933789006011,2143.664134,13946.941625,2143.664134,0.000000,,,0,1,,,,,0.164498,DEFAULT
ga,hfvrp_n050_m10_s04,50,10,0.000000,1788087946842256920,2345.141383,17381.573027,2345.141383,0.000000,,,0,1,,,,,0.022475,SMALL
ga,hfvrp_n030_m06_s04,30,6,0.000000,19345,1294.908315,4843.677547,1294.908315,0.000000,,,0,1,,,,,1.963289,MEDIUM
ga,hfvrp_n050_m10_s02,50,10,0.000000,10,2221.191775,19346.216250,2221.191775,0.000000,,,0,1,,,,,3.359626,MEDIUM
ga,hfvrp_n050_m10_s01,50,10,0.000000,75,2129.876378,9650.227874,2129.876378,0.000000,,,0,1,,,,,10.217926,BIG
ga,hfvrp_n030_m06_s05,30,6,0.000000,1234,1203.560157,4064.501226,1203.560157,0.000000,,,0,1,,,,,6.190517,BIG
ga,hfvrp_n030_m06_s05,30,6,0.000000,9999,1275.367662,4430.238379,1275.367662,0.000000,,,0,1,,,,,0.098211,DEFAULT
ga,hfvrp_n030_m06_s05,30,6,0.000000,9999,1291.452575,4102.008529,1291.452575,0.000000,,,0,1,,,,,0.012235,SMALL
ga,hfvrp_n050_m10_s01,50,10,0.000000,100,2237.614489,10087.523078,2237.614489,0.000000,,,0,1,,,,,0.176273,DEFAULT
ga,hfvrp_n050_m10_s01,50,10,0.000000,100,2525.637366,11169.348291,2525.637366,0.000000,,,0,1,,,,,0.024197,SMALL
ga,hfvrp_n050_m10_s03,50,10,0.000000,1,2019.199514,14061.977685,2019.199514,0.000000,,,0,1,,,,,3.478132,MEDIUM
ga,hfvrp_n050_m10_s04,50,10,0.000000,1788087942573418226,2038.083389,15111.019231,2038.083389,0.000000,,,0,1,,,,,3.427086,MEDIUM
ga,hfvrp_n030_m06_s05,30,6,0.000000,9999,1203.560157,4064.501226,1203.560157,0.000000,,,0,1,,,,,2.018745,MEDIUM
ga,hfvrp_n050_m10_s01,50,10,0.000000,100,2127.500857,9890.879899,2127.500857,0.000000,,,0,1,,,,,3.474598,MEDIUM
ga,hfvrp_n030_m06_s04,30,6,0.000000,19345,1193.138177,2792.526850,1193.138177,0.000000,,,0,1,,,,,6.161505,BIG
ga,hfvrp_n030_m06_s04,30,6,0.000000,1788088374285342807,1352.598563,4080.016745,1352.598563,0.000000,,,0,1,,,,,0.100519,DEFAULT
ga,hfvrp_n030_m06_s04,30,6,0.000000,1788088370094943039,1397.739788,4747.777798,1397.739788,0.000000,,,0,1,,,,,0.011754,SMALL
ga,hfvrp_n030_m06_s04,30,6,0.000000,1788088365815427409,1352.598563,4080.016745,1352.598563,0.000000,,,0,1,,,,,1.946972,MEDIUM
ga,hfvrp_n030_m06_s05,30,6,0.000000,9999,1203.560157,4064.501226,1203.560157,0.000000,,,0,1,,,,,6.121590,BIG
ga,hfvrp_n030_m06_s05,30,6,0.000000,19345,1258.255514,4363.664108,1258.255514,0.000000,,,0,1,,,,,0.101023,DEFAULT
ga,hfvrp_n030_m06_s05,30,6,0.000000,19345,1344.320523,5294.357515,1344.320523,0.000000,,,0,1,,,,,0.011988,SMALL
ga,hfvrp_n050_m10_s02,50,10,0.000000,10,2149.962737,19402.642218,2149.962737,0.000000,,,0,1,,,,,10.408267,BIG
ga,hfvrp_n050_m10_s02,50,10,0.000000,50,2730.937774,17606.490985,2730.937774,0.000000,,,0,1,,,,,0.163491,DEFAULT
ga,hfvrp_n050_m10_s02,50,10,0.000000,50,2495.802360,20151.381556,2495.802360,0.000000,,,0,1,,,,,0.022859,SMALL
ga,hfvrp_n030_m06_s05,30,6,0.000000,19345,1221.474130,4063.042708,1221.474130,0.000000,,,0,1,,,,,1.994503,MEDIUM
ga,hfvrp_n050_m10_s03,50,10,0.000000,1,2019.199514,14061.977685,2019.199514,0.000000,,,0,1,,,,,10.630819,BIG
ga,hfvrp_n050_m10_s04,50,10,0.000000,1788088066263353242,2038.083389,15111.019231,2038.083389,0.000000,,,0,1,,,,,10.618957,BIG
ga,hfvrp_n050_m10_s03,50,10,0.000000,10,2216.694983,14639.852850,2216.694983,0.000000,,,0,1,,,,,0.175135,DEFAULT
ga,hfvrp_n050_m10_s03,50,10,0.000000,10,2421.817642,16871.662941,2421.817642,0.000000,,,0,1,,,,,0.022129,SMALL
ga,hfvrp_n050_m10_s04,50,10,0.000000,1,2200.764703,12581.571740,2200.764703,0.000000,,,0,1,,,,,0.179810,DEFAULT
ga,hfvrp_n050_m10_s04,50,10,0.000000,1,2682.731660,20247.950749,2682.731660,0.000000,,,0,1,,,,,0.021616,SMALL
ga,hfvrp_n050_m10_s02,50,10,0.000000,50,2215.566620,20107.567164,2215.566620,0.000000,,,0,1,,,,,3.437869,MEDIUM
ga,hfvrp_n030_m06_s04,30,6,0.000000,1788088363471554749,1207.532226,3056.647301,1207.532226,0.000000,,,0,1,,,,,6.092442,BIG
ga,hfvrp_n050_m10_s05,50,10,0.000000,1788088232418496759,2288.043914,14143.898662,2288.043914,0.000000,,,0,1,,,,,0.174374,DEFAULT
ga,hfvrp_n050_m10_s05,50,10,0.000000,1788088314201272260,2611.132967,15833.872670,2611.132967,0.000000,,,0,1,,,,,0.022032,SMALL
ga,hfvrp_n050_m10_s01,50,10,0.000000,100,2127.500857,9890.879899,2127.500857,0.000000,,,0,1,,,,,10.547357,BIG
ga,hfvrp_n050_m10_s01,50,10,0.000000,200,2474.510692,13324.663181,2474.510692,0.000000,,,0,1,,,,,0.170975,DEFAULT
ga,hfvrp_n050_m10_s01,50,10,0.000000,200,2794.801881,17334.183286,2794.801881,0.000000,,,0,1,,,,,0.020246,SMALL
ga,hfvrp_n050_m10_s03,50,10,0.000000,10,2048.687328,15128.914949,2048.687328,0.000000,,,0,1,,,,,3.509104,MEDIUM
ga,hfvrp_n050_m10_s04,50,10,0.000000,1,2103.156235,14424.166107,2103.156235,0.000000,,,0,1,,,,,3.483560,MEDIUM
ga,hfvrp_n030_m06_s05,30,6,0.000000,19345,1203.560157,4064.501226,1203.560157,0.000000,,,0,1,,,,,6.178016,BIG
ga,hfvrp_n050_m10_s05,50,10,0.000000,1788088309932274081,2123.445139,11608.647474,2123.445139,0.000000,,,0,1,,,,,3.486029,MEDIUM
ga,hfvrp_n030_m06_s05,30,6,0.000000,1788088304761982965,1251.011697,4338.716054,1251.011697,0.000000,,,0,1,,,,,0.102881,DEFAULT
ga,hfvrp_n030_m06_s05,30,6,0.000000,1788192011153388976,1275.430089,3656.605968,1275.430089,0.000000,,,0,1,,,,,0.016989,SMALL
ga,hfvrp_n050_m10_s01,50,10,0.000000,200,2132.780013,9888.122373,2132.780013,0.000000,,,0,1,,,,,3.498921,MEDIUM
ga,hfvrp_n030_m06_s05,30,6,0.000000,1788192024060058802,1203.560157,4064.501226,1203.560157,0.000000,,,0,1,,,,,2.035103,MEDIUM
ga,hfvrp_n050_m10_s02,50,10,0.000000,50,2172.512444,16041.496354,2172.512444,0.000000,,,0,1,,,,,10.484772,BIG
ga,hfvrp_n050_m10_s02,50,10,0.000000,75,2571.332431,17234.039165,2571.332431,0.000000,,,0,1,,,,,0.166190,DEFAULT
ga,hfvrp_n050_m10_s02,50,10,0.000000,75,2967.731114,20789.572975,2967.731114,0.000000,,,0,1,,,,,0.026979,SMALL
ga,hfvrp_n030_m06_s05,30,6,0.000000,1788192034693577890,1203.560157,4064.501226,1203.560157,0.000000,,,0,1,,,,,6.153922,BIG
ga,hfvrp_n050_m10_s03,50,10,0.000000,10,2020.486088,14335.805153,2020.486088,0.000000,,,0,1,,,,,10.541305,BIG
ga,hfvrp_n075_m15_s01,75,15,0.000000,1788192067592769186,5093.833321,17163.941717,5093.833321,0.000000,,,0,1,,,,,0.266066,DEFAULT
ga,hfvrp_n075_m15_s01,75,15,0.000000,1788192054977922656,5292.155050,13232.655721,5292.155050,0.000000,,,0,1,,,,,0.040794,SMALL
ga,hfvrp_n050_m10_s03,50,10,0.000000,50,2199.057069,18129.795272,2199.057069,0.000000,,,0,1,,,,,0.169978,DEFAULT
ga,hfvrp_n050_m10_s04,50,10,0.000000,1,2017.389097,14888.128228,2017.389097,0.000000,,,0,1,,,,,10.578328,BIG
ga,hfvrp_n050_m10_s03,50,10,0.000000,50,2321.971647,15941.147857,2321.971647,0.000000,,,0,1,,,,,0.023091,SMALL
ga,hfvrp_n050_m10_s04,50,10,0.000000,10,2209.745177,12888.688533,2209.745177,0.000000,,,0,1,,,,,0.164791,DEFAULT
ga,hfvrp_n050_m10_s04,50,10,0.000000,10,2528.230758,16965.276482,2528.230758,0.000000,,,0,1,,,,,0.021221,SMALL
ga,hfvrp_n050_m10_s02,50,10,0.000000,75,2187.715287,18182.447317,2187.715287,0.000000,,,0,1,,,,,3.356181,MEDIUM
ga,hfvrp_n050_m10_s05,50,10,0.000000,1788192015408725311,2178.369950,11589.414253,2178.369950,0.000000,,,0,1,,,,,10.392531,BIG
ga,hfvrp_n050_m10_s05,50,10,0.000000,1,2289.706538,11905.352061,2289.706538,0.000000,,,0,1,,,,,0.164376,DEFAULT
ga,hfvrp_n050_m10_s05,50,10,0.000000,1,2788.617676,16151.078328,2788.617676,0.000000,,,0,1,,,,,0.021831,SMALL
ga,hfvrp_n050_m10_s01,50,10,0.000000,200,2103.152000,9917.293312,2103.152000,0.000000,,,0,1,,,,,10.419621,BIG
ga,hfvrp_n050_m10_s01,50,10,0.000000,999,2461.145950,13814.761656,2461.145950,0.000000,,,0,1,,,,,0.170109,DEFAULT
ga,hfvrp_n050_m10_s01,50,10,0.000000,999,2275.805208,10483.103919,2275.805208,0.000000,,,0,1,,,,,0.022488,SMALL
ga,hfvrp_n050_m10_s03,50,10,0.000000,50,2054.815561,13456.862025,2054.815561,0.000000,,,0,1,,,,,3.382275,MEDIUM
ga,hfvrp_n050_m10_s04,50,10,0.000000,10,2089.553566,12901.550575,2089.553566,0.000000,,,0,1,,,,,3.395357,MEDIUM
ga,hfvrp_n050_m10_s05,50,10,0.000000,1,2170.843665,14276.596242,2170.843665,0.000000,,,0,1,,,,,3.354852,MEDIUM
ga,hfvrp_n075_m15_s01,75,15,0.000000,1788191887523974579,3606.939422,9886.468356,3606.939422,0.000000,,,0,1,,,,,5.542764,MEDIUM
ga,hfvrp_n050_m10_s01,50,10,0.000000,999,2163.063153,9983.626870,2163.063153,0.000000,,,0,1,,,,,3.377575,MEDIUM
ga,hfvrp_n050_m10_s02,50,10,0.000000,75,2221.501698,19132.957215,2221.501698,0.000000,,,0,1,,,,,10.247904,BIG
ga,hfvrp_n050_m10_s02,50,10,0.000000,100,2320.168026,17966.854636,2320.168026,0.000000,,,0,1,,,,,0.171002,DEFAULT
ga,hfvrp_n050_m10_s02,50,10,0.000000,100,2947.287943,23249.034009,2947.287943,0.000000,,,0,1,,,,,0.025300,SMALL
ga,hfvrp_n050_m10_s03,50,10,0.000000,50,1994.693446,14194.174745,1994.693446,0.000000,,,0,1,,,,,10.317371,BIG
ga,hfvrp_n050_m10_s04,50,10,0.000000,10,2042.942939,13734.231650,2042.942939,0.000000,,,0,1,,,,,10.233531,BIG
ga,hfvrp_n050_m10_s03,50,10,0.000000,75,2044.591601,13114.198203,2044.591601,0.000000,,,0,1,,,,,0.169592,DEFAULT
ga,hfvrp_n050_m10_s03,50,10,0.000000,75,2282.756520,14933.562458,2282.756520,0.000000,,,0,1,,,,,0.026461,SMALL
ga,hfvrp_n050_m10_s04,50,10,0.000000,50,2068.380868,15002.743964,2068.380868,0.000000,,,0,1,,,,,0.167849,DEFAULT
ga,hfvrp_n050_m10_s04,50,10,0.000000,50,2570.722137,18526.082080,2570.722137,0.000000,,,0,1,,,,,0.022098,SMALL
ga,hfvrp_n050_m10_s02,50,10,0.000000,100,2205.823108,20781.307673,2205.823108,0.000000,,,0,1,,,,,3.397721,MEDIUM
ga,hfvrp_n050_m10_s05,50,10,0.000000,1,2108.744430,14321.306252,2108.744430,0.000000,,,0,1,,,,,10.331963,BIG
ga,hfvrp_n050_m10_s05,50,10,0.000000,10,2244.118708,15227.755818,2244.118708,0.000000,,,0,1,,,,,0.169815,DEFAULT
ga,hfvrp_n050_m10_s05,50,10,0.000000,10,2570.148140,13591.453003,2570.148140,0.000000,,,0,1,,,,,0.024701,SMALL
ga,hfvrp_n050_m10_s01,50,10,0.000000,999,2123.731987,9891.354956,2123.731987,0.000000,,,0,1,,,,,10.419698,BIG
ga,hfvrp_n050_m10_s01,50,10,0.000000,1234,2501.274228,15641.185875,2501.274228,0.000000,,,0,1,,,,,0.167960,DEFAULT
ga,hfvrp_n050_m10_s01,50,10,0.000000,1234,2638.637451,15600.929209,2638.637451,0.000000,,,0,1,,,,,0.027528,SMALL
ga,hfvrp_n050_m10_s03,50,10,0.000000,75,1949.136001,13483.677392,1949.136001,0.000000,,,0,1,,,,,3.387560,MEDIUM
ga,hfvrp_n050_m10_s04,50,10,0.000000,50,2105.720848,15551.569934,2105.720848,0.000000,,,0,1,,,,,3.355785,MEDIUM
ga,hfvrp_n050_m10_s05,50,10,0.000000,10,2102.599858,13045.303567,2102.599858,0.000000,,,0,1,,,,,3.333762,MEDIUM
ga,hfvrp_n050_m10_s01,50,10,0.000000,1234,2343.620723,12818.956471,2343.620723,0.000000,,,0,1,,,,,3.331941,MEDIUM
ga,hfvrp_n075_m15_s01,75,15,0.000000,1788191905955724105,3524.635507,8353.813175,3524.635507,0.000000,,,0,1,,,,,16.651933,BIG
ga,hfvrp_n075_m15_s01,75,15,0.000000,1,5033.536591,15104.837446,5033.536591,0.000000,,,0,1,,,,,0.267485,DEFAULT
ga,hfvrp_n075_m15_s01,75,15,0.000000,1,5443.615026,16536.255444,5443.615026,0.000000,,,0,1,,,,,0.034594,SMALL
ga,hfvrp_n050_m10_s02,50,10,0.000000,100,2164.700027,17289.099975,2164.700027,0.000000,,,0,1,,,,,10.227768,BIG
ga,hfvrp_n050_m10_s02,50,10,0.000000,200,2653.469508,19057.334336,2653.469508,0.000000,,,0,1,,,,,0.167589,DEFAULT
ga,hfvrp_n050_m10_s02,50,10,0.000000,200,2520.605633,18891.563431,2520.605633,0.000000,,,0,1,,,,,0.021928,SMALL
ga,hfvrp_n050_m10_s04,50,10,0.000000,50,2066.576567,15284.990580,2066.576567,0.000000,,,0,1,,,,,10.187470,BIG
ga,hfvrp_n050_m10_s03,50,10,0.000000,75,2001.192601,14956.351450,2001.192601,0.000000,,,0,1,,,,,10.449105,BIG
ga,hfvrp_n050_m10_s04,50,10,0.000000,75,2271.164498,13731.834413,2271.164498,0.000000,,,0,1,,,,,0.166954,DEFAULT
ga,hfvrp_n050_m10_s03,50,10,0.000000,100,2053.409453,14696.890945,2053.409453,0.000000,,,0,1,,,,,0.168858,DEFAULT
ga,hfvrp_n050_m10_s04,50,10,0.000000,75,2457.643436,16465.152002,2457.643436,0.000000,,,0,1,,,,,0.021521,SMALL
ga,hfvrp_n050_m10_s03,50,10,0.000000,100,2106.261344,15745.921655,2106.261344,0.000000,,,0,1,,,,,0.023774,SMALL
ga,hfvrp_n050_m10_s02,50,10,0.000000,200,2049.014309,22435.504981,2049.014309,0.000000,,,0,1,,,,,3.351812,MEDIUM
ga,hfvrp_n050_m10_s05,50,10,0.000000,10,2108.744430,14321.306252,2108.744430,0.000000,,,0,1,,,,,10.217109,BIG
ga,hfvrp_n075_m15_s01,75,15,0.000000,1,3603.390063,11824.455623,3603.390063,0.000000,,,0,1,,,,,5.551230,MEDIUM
ga,hfvrp_n050_m10_s05,50,10,0.000000,50,2452.649233,14603.910691,2452.649233,0.000000,,,0,1,,,,,0.164258,DEFAULT
ga,hfvrp_n050_m10_s05,50,10,0.000000,50,2583.548355,16094.072275,2583.548355,0.000000,,,0,1,,,,,0.020488,SMALL
ga,hfvrp_n050_m10_s01,50,10,0.000000,1234,2127.500857,9890.879899,2127.500857,0.000000,,,0,1,,,,,10.240379,BIG
ga,hfvrp_n050_m10_s01,50,10,0.000000,9999,2534.729288,11144.310901,2534.729288,0.000000,,,0,1,,,,,0.169522,DEFAULT
ga,hfvrp_n050_m10_s01,50,10,0.000000,9999,2591.550523,13970.302309,2591.550523,0.000000,,,0,1,,,,,0.020739,SMALL
ga,hfvrp_n050_m10_s03,50,10,0.000000,100,2024.944981,12623.424554,2024.944981,0.000000,,,0,1,,,,,3.361491,MEDIUM
ga,hfvrp_n050_m10_s04,50,10,0.000000,75,2113.499251,15046.437509,2113.499251,0.000000,,,0,1,,,,,3.375621,MEDIUM
ga,hfvrp_n050_m10_s05,50,10,0.000000,50,2023.262427,10271.957928,2023.262427,0.000000,,,0,1,,,,,3.352036,MEDIUM
ga,hfvrp_n050_m10_s01,50,10,0.000000,9999,2123.731987,9891.324476,2123.731987,0.000000,,,0,1,,,,,3.367992,MEDIUM
ga,hfvrp_n050_m10_s02,50,10,0.000000,200,2144.421741,19679.862659,2144.421741,0.000000,,,0,1,,,,,10.194064,BIG
ga,hfvrp_n050_m10_s02,50,10,0.000000,999,2596.087205,18943.780397,2596.087205,0.000000,,,0,1,,,,,0.165279,DEFAULT
ga,hfvrp_n050_m10_s02,50,10,0.000000,999,2877.027555,22014.731068,2877.027555,0.000000,,,0,1,,,,,0.020996,SMALL
ga,hfvrp_n050_m10_s04,50,10,0.000000,75,2032.696610,13219.770847,2032.696610,0.000000,,,0,1,,,,,10.264181,BIG
ga,hfvrp_n050_m10_s03,50,10,0.000000,100,2002.906935,15902.743173,2002.906935,0.000000,,,0,1,,,,,10.330765,BIG
ga,hfvrp_n050_m10_s04,50,10,0.000000,100,2347.860504,15700.905593,2347.860504,0.000000,,,0,1,,,,,0.166425,DEFAULT
ga,hfvrp_n050_m10_s04,50,10,0.000000,100,2505.650376,19707.555466,2505.650376,0.000000,,,0,1,,,,,0.025841,SMALL
ga,hfvrp_n050_m10_s03,50,10,0.000000,200,2131.750486,13251.734982,2131.750486,0.000000,,,0,1,,,,,0.170562,DEFAULT
ga,hfvrp_n050_m10_s03,50,10,0.000000,200,2488.187794,18650.990042,2488.187794,0.000000,,,0,1,,,,,0.023464,SMALL
ga,hfvrp_n050_m10_s02,50,10,0.000000,999,2188.939536,19704.739653,2188.939536,0.000000,,,0,1,,,,,3.342352,MEDIUM
ga,hfvrp_n050_m10_s05,50,10,0.000000,50,2051.095548,11391.775094,2051.095548,0.000000,,,0,1,,,,,10.292409,BIG
ga,hfvrp_n050_m10_s05,50,10,0.000000,75,2294.547200,12618.282335,2294.547200,0.000000,,,0,1,,,,,0.164762,DEFAULT
ga,hfvrp_n050_m10_s05,50,10,0.000000,75,2593.033105,15501.736664,2593.033105,0.000000,,,0,1,,,,,0.020887,SMALL
ga,hfvrp_n050_m10_s01,50,10,0.000000,9999,2163.063153,9983.626870,2163.063153,0.000000,,,0,1,,,,,10.226559,BIG
ga,hfvrp_n050_m10_s01,50,10,0.000000,19345,2185.196252,10810.398231,2185.196252,0.000000,,,0,1,,,,,0.174288,DEFAULT
ga,hfvrp_n050_m10_s01,50,10,0.000000,19345,2784.274025,14844.464758,2784.274025,0.000000,,,0,1,,,,,0.024856,SMALL
ga,hfvrp_n075_m15_s01,75,15,0.000000,1,3520.013192,10682.770922,3520.013192,0.000000,,,0,1,,,,,16.998349,BIG
ga,hfvrp_n050_m10_s04,50,10,0.000000,100,2046.660052,14982.767399,2046.660052,0.000000,,,0,1,,,,,3.369188,MEDIUM
ga,hfvrp_n050_m10_s03,50,10,0.000000,200,2011.246401,14420.993284,2011.246401,0.000000,,,0,1,,,,,3.375605,MEDIUM
ga,hfvrp_n050_m10_s05,50,10,0.000000,75,1992.901490,11047.204127,1992.901490,0.000000,,,0,1,,,,,3.374997,MEDIUM
ga,hfvrp_n075_m15_s01,75,15,0.000000,10,4953.615907,12752.611454,4953.615907,0.000000,,,0,1,,,,,0.271831,DEFAULT
ga,hfvrp_n075_m15_s01,75,15,0.000000,10,5351.085963,17111.850754,5351.085963,0.000000,,,0,1,,,,,0.035807,SMALL
ga,hfvrp_n050_m10_s01,50,10,0.000000,19345,2123.731987,9891.354956,2123.731987,0.000000,,,0,1,,,,,3.398551,MEDIUM
ga,hfvrp_n075_m15_s01,75,15,0.000000,10,3548.337167,12216.576771,3548.337167,0.000000,,,0,1,,,,,5.380654,MEDIUM
ga,hfvrp_n050_m10_s02,50,10,0.000000,999,2221.191775,19032.281084,2221.191775,0.000000,,,0,1,,,,,10.128368,BIG
ga,hfvrp_n050_m10_s02,50,10,0.000000,1234,2289.056566,18092.992120,2289.056566,0.000000,,,0,1,,,,,0.171989,DEFAULT
ga,hfvrp_n050_m10_s02,50,10,0.000000,1234,2506.007122,16430.048092,2506.007122,0.000000,,,0,1,,,,,0.021113,SMALL
ga,hfvrp_n050_m10_s04,50,10,0.000000,100,1966.600759,15002.492325,1966.600759,0.000000,,,0,1,,,,,10.189613,BIG
ga,hfvrp_n050_m10_s03,50,10,0.000000,200,1942.060391,15030.177841,1942.060391,0.000000,,,0,1,,,,,10.216965,BIG
ga,hfvrp_n050_m10_s04,50,10,0.000000,200,2220.171267,13897.467272,2220.171267,0.000000,,,0,1,,,,,0.166317,DEFAULT
ga,hfvrp_n050_m10_s04,50,10,0.000000,200,2412.861756,15435.061901,2412.861756,0.000000,,,0,1,,,,,0.024873,SMALL
ga,hfvrp_n050_m10_s02,50,10,0.000000,1234,2200.466539,19125.545731,2200.466539,0.000000,,,0,1,,,,,3.334614,MEDIUM
ga,hfvrp_n050_m10_s03,50,10,0.000000,999,2162.747779,13806.679082,2162.747779,0.000000,,,0,1,,,,,0.168571,DEFAULT
ga,hfvrp_n050_m10_s03,50,10,0.000000,999,2538.478214,22446.955317,2538.478214,0.000000,,,0,1,,,,,0.021027,SMALL
ga,hfvrp_n050_m10_s05,50,10,0.000000,75,2105.946774,11927.595989,2105.946774,0.000000,,,0,1,,,,,10.139052,BIG
ga,hfvrp_n050_m10_s05,50,10,0.000000,100,2385.460018,16137.305169,2385.460018,0.000000,,,0,1,,,,,0.170469,DEFAULT
ga,hfvrp_n050_m10_s05,50,10,0.000000,100,2617.613130,13799.363392,2617.613130,0.000000,,,0,1,,,,,0.027644,SMALL
ga,hfvrp_n050_m10_s01,50,10,0.000000,19345,2091.516492,9616.467197,2091.516492,0.000000,,,0,1,,,,,10.311313,BIG
ga,hfvrp_n050_m10_s01,50,10,0.000000,1788192753918312240,2385.558260,12338.707612,2385.558260,0.000000,,,0,1,,,,,0.165290,DEFAULT
ga,hfvrp_n050_m10_s01,50,10,0.000000,1788192749792571776,2671.054376,14469.486766,2671.054376,0.000000,,,0,1,,,,,0.020665,SMALL
ga,hfvrp_n050_m10_s04,50,10,0.000000,200,2063.899422,14857.867208,2063.899422,0.000000,,,0,1,,,,,3.378097,MEDIUM
ga,hfvrp_n050_m10_s03,50,10,0.000000,999,2028.661511,15170.098382,2028.661511,0.000000,,,0,1,,,,,3.408070,MEDIUM
ga,hfvrp_n050_m10_s05,50,10,0.000000,100,2173.433204,15520.958203,2173.433204,0.000000,,,0,1,,,,,3.416336,MEDIUM
ga,hfvrp_n050_m10_s01,50,10,0.000000,1788192762701819495,2126.107509,9650.702931,2126.107509,0.000000,,,0,1,,,,,3.399701,MEDIUM
ga,hfvrp_n050_m10_s02,50,10,0.000000,1234,2213.215810,20068.812591,2213.215810,0.000000,,,0,1,,,,,10.491908,BIG
ga,hfvrp_n050_m10_s02,50,10,0.000000,9999,2753.321916,18942.843288,2753.321916,0.000000,,,0,1,,,,,0.173172,DEFAULT
ga,hfvrp_n050_m10_s02,50,10,0.000000,9999,2817.414673,18453.019246,2817.414673,0.000000,,,0,1,,,,,0.021187,SMALL
ga,hfvrp_n075_m15_s01,75,15,0.000000,10,3630.486771,10634.110424,3630.486771,0.000000,,,0,1,,,,,17.273043,BIG
ga,hfvrp_n050_m10_s04,50,10,0.000000,200,2056.717108,15018.930092,2056.717108,0.000000,,,0,1,,,,,10.415155,BIG
ga,hfvrp_n050_m10_s03,50,10,0.000000,999,2009.629466,13857.062232,2009.629466,0.000000,,,0,1,,,,,10.443798,BIG
ga,hfvrp_n050_m10_s04,50,10,0.000000,999,2304.604045,16293.832303,2304.604045,0.000000,,,0,1,,,,,0.172438,DEFAULT
ga,hfvrp_n050_m10_s04,50,10,0.000000,999,2441.404680,19796.334077,2441.404680,0.000000,,,0,1,,,,,0.023346,SMALL
ga,hfvrp_n050_m10_s03,50,10,0.000000,1234,2288.467002,15781.639191,2288.467002,0.000000,,,0,1,,,,,0.175291,DEFAULT
ga,hfvrp_n050_m10_s03,50,10,0.000000,1234,2345.546636,15529.687514,2345.546636,0.000000,,,0,1,,,,,0.026644,SMALL
ga,hfvrp_n075_m15_s01,75,15,0.000000,50,4916.358921,17764.367055,4916.358921,0.000000,,,0,1,,,,,0.272692,DEFAULT
ga,hfvrp_n075_m15_s01,75,15,0.000000,50,5165.484919,16872.109017,5165.484919,0.000000,,,0,1,,,,,0.038222,SMALL
ga,hfvrp_n050_m10_s05,50,10,0.000000,100,2156.636221,14652.881970,2156.636221,0.000000,,,0,1,,,,,10.311146,BIG
ga,hfvrp_n050_m10_s02,50,10,0.000000,9999,2221.501698,19132.957215,2221.501698,0.000000,,,0,1,,,,,3.465882,MEDIUM
ga,hfvrp_n050_m10_s05,50,10,0.000000,200,2351.360962,14165.886359,2351.360962,0.000000,,,0,1,,,,,0.169789,DEFAULT
ga,hfvrp_n050_m10_s05,50,10,0.000000,200,2630.612725,13663.484382,2630.612725,0.000000,,,0,1,,,,,0.021551,SMALL
ga,hfvrp_n050_m10_s01,50,10,0.000000,1788192697391323895,2142.552040,10085.082226,2142.552040,0.000000,,,0,1,,,,,10.307403,BIG
ga,hfvrp_n075_m15_s02,75,15,0.000000,1788190844566520038,5195.416278,24755.989132,5195.416278,0.000000,,,0,1,,,,,0.262598,DEFAULT
ga,hfvrp_n075_m15_s02,75,15,0.000000,1788190840538035844,6241.536977,26903.302424,6241.536977,0.000000,,,0,1,,,,,0.036774,SMALL
ga,hfvrp_n050_m10_s04,50,10,0.000000,999,2110.415726,14495.770598,2110.415726,0.000000,,,0,1,,,,,3.435099,MEDIUM
ga,hfvrp_n050_m10_s03,50,10,0.000000,1234,2037.172834,13104.730745,2037.172834,0.000000,,,0,1,,,,,3.393466,MEDIUM
ga,hfvrp_n050_m10_s05,50,10,0.000000,200,2071.995036,14091.646742,2071.995036,0.000000,,,0,1,,,,,3.428921,MEDIUM
ga,hfvrp_n075_m15_s01,75,15,0.000000,50,3591.998158,11827.763426,3591.998158,0.000000,,,0,1,,,,,5.611625,MEDIUM
ga,hfvrp_n075_m15_s02,75,15,0.000000,1788190853463558637,3714.645963,18218.257259,3714.645963,0.000000,,,0,1,,,,,5.467545,MEDIUM
ga,hfvrp_n050_m10_s02,50,10,0.000000,9999,2149.707363,16776.830017,2149.707363,0.000000,,,0,1,,,,,10.285831,BIG
ga,hfvrp_n050_m10_s02,50,10,0.000000,19345,2456.892715,15731.714459,2456.892715,0.000000,,,0,1,,,,,0.166341,DEFAULT
ga,hfvrp_n050_m10_s02,50,10,0.000000,19345,2951.669748,22331.809963,2951.669748,0.000000,,,0,1,,,,,0.022085,SMALL
ga,hfvrp_n050_m10_s04,50,10,0.000000,999,2101.515569,14073.411058,2101.515569,0.000000,,,0,1,,,,,10.359239,BIG
ga,hfvrp_n050_m10_s03,50,10,0.000000,1234,2019.199514,14061.977685,2019.199514,0.000000,,,0,1,,,,,10.332901,BIG
ga,hfvrp_n050_m10_s04,50,10,0.000000,1234,2258.543605,12978.976338,2258.543605,0.000000,,,0,1,,,,,0.173811,DEFAULT
ga,hfvrp_n050_m10_s04,50,10,0.000000,1234,2350.480055,17121.474051,2350.480055,0.000000,,,0,1,,,,,0.022002,SMALL
ga,hfvrp_n050_m10_s03,50,10,0.000000,9999,2197.949289,14740.530929,2197.949289,0.000000,,,0,1,,,,,0.172915,DEFAULT
ga,hfvrp_n050_m10_s03,50,10,0.000000,9999,2667.502133,23401.072055,2667.502133,0.000000,,,0,1,,,,,0.022886,SMALL
ga,hfvrp_n050_m10_s02,50,10,0.000000,19345,2200.118441,19086.902553,2200.118441,0.000000,,,0,1,,,,,3.378249,MEDIUM
ga,hfvrp_n050_m10_s05,50,10,0.000000,200,2108.744430,14321.306252,2108.744430,0.000000,,,0,1,,,,,10.318378,BIG
ga,hfvrp_n050_m10_s05,50,10,0.000000,999,2391.590302,14908.442088,2391.590302,0.000000,,,0,1,,,,,0.166887,DEFAULT
ga,hfvrp_n050_m10_s05,50,10,0.000000,999,2434.195915,12935.590757,2434.195915,0.000000,,,0,1,,,,,0.026434,SMALL
ga,hfvrp_n050_m10_s04,50,10,0.000000,1234,2032.210101,14054.636687,2032.210101,0.000000,,,0,1,,,,,3.422786,MEDIUM
ga,hfvrp_n050_m10_s03,50,10,0.000000,9999,2019.199514,14061.977685,2019.199514,0.000000,,,0,1,,,,,3.406700,MEDIUM
ga,hfvrp_n050_m10_s05,50,10,0.000000,999,2123.445139,11608.647474,2123.445139,0.000000,,,0,1,,,,,3.379700,MEDIUM
ga,hfvrp_n075_m15_s01,75,15,0.000000,50,3610.680232,12163.079250,3610.680232,0.000000,,,0,1,,,,,17.147149,BIG
ga,hfvrp_n075_m15_s01,75,15,0.000000,75,4793.107909,13986.526141,4793.107909,0.000000,,,0,1,,,,,0.269885,DEFAULT
ga,hfvrp_n075_m15_s01,75,15,0.000000,75,5719.009226,15537.195783,5719.009226,0.000000,,,0,1,,,,,0.035915,SMALL
ga,hfvrp_n050_m10_s02,50,10,0.000000,19345,2117.073222,21202.063385,2117.073222,0.000000,,,0,1,,,,,10.277595,BIG
ga,hfvrp_n075_m15_s02,75,15,0.000000,1788190828870150936,3693.639466,19045.413336,3693.639466,0.000000,,,0,1,,,,,16.521290,BIG
ga,hfvrp_n050_m10_s02,50,10,0.000000,1788190828122095086,2450.261385,18435.754479,2450.261385,0.000000,,,0,1,,,,,0.172386,DEFAULT
ga,hfvrp_n050_m10_s02,50,10,0.000000,1788190866957800716,2452.228888,20620.177900,2452.228888,0.000000,,,0,1,,,,,0.027265,SMALL
ga,hfvrp_n075_m15_s02,75,15,0.000000,1,5080.607801,23483.935430,5080.607801,0.000000,,,0,1,,,,,0.268216,DEFAULT
ga,hfvrp_n075_m15_s02,75,15,0.000000,1,6229.059930,27680.665894,6229.059930,0.000000,,,0,1,,,,,0.042165,SMALL
ga,hfvrp_n050_m10_s04,50,10,0.000000,1234,2011.813247,14540.608661,2011.813247,0.000000,,,0,1,,,,,10.342820,BIG
ga,hfvrp_n050_m10_s03,50,10,0.000000,9999,2011.246401,14420.993284,2011.246401,0.000000,,,0,1,,,,,10.402655,BIG
ga,hfvrp_n050_m10_s04,50,10,0.000000,9999,2185.293071,13895.294100,2185.293071,0.000000,,,0,1,,,,,0.176839,DEFAULT
ga,hfvrp_n050_m10_s04,50,10,0.000000,9999,2611.562515,19230.593486,2611.562515,0.000000,,,0,1,,,,,0.020230,SMALL
ga,hfvrp_n050_m10_s03,50,10,0.000000,19345,2182.011831,13849.357178,2182.011831,0.000000,,,0,1,,,,,0.167249,DEFAULT
ga,hfvrp_n050_m10_s05,50,10,0.000000,999,2104.302769,12453.732554,2104.302769,0.000000,,,0,1,,,,,10.242384,BIG
ga,hfvrp_n050_m10_s02,50,10,0.000000,1788190871283873366,2181.521786,18540.102922,2181.521786,0.000000,,,0,1,,,,,3.425151,MEDIUM
ga,hfvrp_n050_m10_s03,50,10,0.000000,19345,2565.271496,16737.902300,2565.271496,0.000000,,,0,1,,,,,0.020990,SMALL
ga,hfvrp_n050_m10_s05,50,10,0.000000,1234,2516.751237,13088.323885,2516.751237,0.000000,,,0,1,,,,,0.168356,DEFAULT
ga,hfvrp_n050_m10_s05,50,10,0.000000,1234,2765.605145,15439.508106,2765.605145,0.000000,,,0,1,,,,,0.020272,SMALL
ga,hfvrp_n075_m15_s01,75,15,0.000000,75,3383.737072,9964.986325,3383.737072,0.000000,,,0,1,,,,,5.541603,MEDIUM
ga,hfvrp_n075_m15_s02,75,15,0.000000,1,3702.634919,17777.706506,3702.634919,0.000000,,,0,1,,,,,5.567938,MEDIUM
ga,hfvrp_n050_m10_s04,50,10,0.000000,9999,2095.560120,14548.166913,2095.560120,0.000000,,,0,1,,,,,3.454309,MEDIUM
ga,hfvrp_n050_m10_s03,50,10,0.000000,19345,2011.246401,13808.700741,2011.246401,0.000000,,,0,1,,,,,3.418704,MEDIUM
ga,hfvrp_n050_m10_s05,50,10,0.000000,1234,2105.353175,12081.592533,2105.353175,0.000000,,,0,1,,,,,3.425576,MEDIUM
ga,hfvrp_n050_m10_s02,50,10,0.000000,1788190952021994113,2155.307381,20031.604202,2155.307381,0.000000,,,0,1,,,,,10.406365,BIG
ga,hfvrp_n075_m15_s03,75,15,0.000000,1788191616139616693,4529.482208,18035.715024,4529.482208,0.000000,,,0,1,,,,,0.268266,DEFAULT
ga,hfvrp_n075_m15_s03,75,15,0.000000,1788191612117018496,5666.108620,34339.168370,5666.108620,0.000000,,,0,1,,,,,0.035992,SMALL
ga,hfvrp_n050_m10_s04,50,10,0.000000,9999,1968.534431,14534.763917,1968.534431,0.000000,,,0,1,,,,,10.611054,BIG
ga,hfvrp_n050_m10_s03,50,10,0.000000,19345,2011.246401,14420.993284,2011.246401,0.000000,,,0,1,,,,,10.449807,BIG
ga,hfvrp_n050_m10_s05,50,10,0.000000,1234,2108.744430,14321.306252,2108.744430,0.000000,,,0,1,,,,,10.373789,BIG
ga,hfvrp_n050_m10_s04,50,10,0.000000,19345,2269.922043,12422.155907,2269.922043,0.000000,,,0,1,,,,,0.171940,DEFAULT
ga,hfvrp_n050_m10_s03,50,10,0.000000,1788191644738875320,2191.687524,15201.650662,2191.687524,0.000000,,,0,1,,,,,0.165256,DEFAULT
ga,hfvrp_n050_m10_s04,50,10,0.000000,19345,2578.182568,16670.455133,2578.182568,0.000000,,,0,1,,,,,0.023190,SMALL
ga,hfvrp_n050_m10_s03,50,10,0.000000,1788191687857756387,2509.744483,20299.263316,2509.744483,0.000000,,,0,1,,,,,0.024814,SMALL
ga,hfvrp_n050_m10_s05,50,10,0.000000,9999,2239.926634,14662.037749,2239.926634,0.000000,,,0,1,,,,,0.169696,DEFAULT
ga,hfvrp_n050_m10_s05,50,10,0.000000,9999,2614.443360,13360.447521,2614.443360,0.000000,,,0,1,,,,,0.026907,SMALL
ga,hfvrp_n075_m15_s03,75,15,0.000000,1788191616457057397,4071.882173,15817.287867,4071.882173,0.000000,,,0,1,,,,,5.481536,MEDIUM
ga,hfvrp_n050_m10_s04,50,10,0.000000,19345,2131.594526,13731.834377,2131.594526,0.000000,,,0,1,,,,,3.362502,MEDIUM
ga,hfvrp_n050_m10_s03,50,10,0.000000,1788191679296329450,2080.780794,14496.532254,2080.780794,0.000000,,,0,1,,,,,3.392500,MEDIUM
ga,hfvrp_n050_m10_s05,50,10,0.000000,9999,2110.592094,12033.116246,2110.592094,0.000000,,,0,1,,,,,3.387498,MEDIUM
ga,hfvrp_n075_m15_s01,75,15,0.000000,75,3663.363737,10901.820958,3663.363737,0.000000,,,0,1,,,,,16.890857,BIG
ga,hfvrp_n075_m15_s01,75,15,0.000000,100,4586.579811,17462.165710,4586.579811,0.000000,,,0,1,,,,,0.267597,DEFAULT
ga,hfvrp_n075_m15_s01,75,15,0.000000,100,5246.502246,20868.300021,5246.502246,0.000000,,,0,1,,,,,0.038310,SMALL
ga,hfvrp_n075_m15_s02,75,15,0.000000,1,3845.275237,18101.333337,3845.275237,0.000000,,,0,1,,,,,16.974589,BIG
ga,hfvrp_n075_m15_s02,75,15,0.000000,10,5117.549843,22953.898204,5117.549843,0.000000,,,0,1,,,,,0.270174,DEFAULT
ga,hfvrp_n075_m15_s02,75,15,0.000000,10,5879.527477,24880.691930,5879.527477,0.000000,,,0,1,,,,,0.035353,SMALL
ga,hfvrp_n075_m15_s01,75,15,0.000000,100,3660.811860,15782.905506,3660.811860,0.000000,,,0,1,,,,,5.581753,MEDIUM
ga,hfvrp_n075_m15_s02,75,15,0.000000,10,4194.274916,17005.952243,4194.274916,0.000000,,,0,1,,,,,5.519593,MEDIUM
ga,hfvrp_n050_m10_s04,50,10,0.000000,19345,1990.466876,13796.191207,1990.466876,0.000000,,,0,1,,,,,10.478418,BIG
ga,hfvrp_n050_m10_s03,50,10,0.000000,1788191717052707774,2022.103023,14287.443662,2022.103023,0.000000,,,0,1,,,,,10.500904,BIG
ga,hfvrp_n050_m10_s05,50,10,0.000000,9999,2104.302769,12453.732554,2104.302769,0.000000,,,0,1,,,,,10.312175,BIG
ga,hfvrp_n050_m10_s04,50,10,0.000000,1788191354044451664,2156.757453,13651.016714,2156.757453,0.000000,,,0,1,,,,,0.170616,DEFAULT
ga,hfvrp_n050_m10_s04,50,10,0.000000,1788191298384490591,2498.240695,16854.258794,2498.240695,0.000000,,,0,1,,,,,0.022466,SMALL
ga,hfvrp_n050_m10_s05,50,10,0.000000,19345,2302.012011,13065.648707,2302.012011,0.000000,,,0,1,,,,,0.161707,DEFAULT
ga,hfvrp_n050_m10_s05,50,10,0.000000,19345,2623.730014,14516.785060,2623.730014,0.000000,,,0,1,,,,,0.024881,SMALL
ga,hfvrp_n075_m15_s04,75,15,0.000000,1788191397854632671,4785.139485,25877.595827,4785.139485,0.000000,,,0,1,,,,,0.267874,DEFAULT
ga,hfvrp_n075_m15_s04,75,15,0.000000,1788191402421574857,5713.737462,29101.946945,5713.737462,0.000000,,,0,1,,,,,0.038945,SMALL
ga,hfvrp_n050_m10_s04,50,10,0.000000,1788191311300556645,2044.315220,14960.033861,2044.315220,0.000000,,,0,1,,,,,3.354172,MEDIUM
ga,hfvrp_n050_m10_s05,50,10,0.000000,19345,2108.744430,14321.306252,2108.744430,0.000000,,,0,1,,,,,3.387721,MEDIUM
ga,hfvrp_n075_m15_s03,75,15,0.000000,1788191725026781475,3955.525122,17269.271139,3955.525122,0.000000,,,0,1,,,,,16.843990,BIG
ga,hfvrp_n075_m15_s03,75,15,0.000000,1,5248.915180,25689.283900,5248.915180,0.000000,,,0,1,,,,,0.272260,DEFAULT
ga,hfvrp_n075_m15_s03,75,15,0.000000,1,5899.110909,31059.895419,5899.110909,0.000000,,,0,1,,,,,0.041281,SMALL
ga,hfvrp_n075_m15_s04,75,15,0.000000,1788191389579562032,4176.674845,19943.416949,4176.674845,0.000000,,,0,1,,,,,5.790744,MEDIUM
ga,hfvrp_n075_m15_s03,75,15,0.000000,1,4431.920943,18393.724429,4431.920943,0.000000,,,0,1,,,,,5.459980,MEDIUM
ga,hfvrp_n075_m15_s01,75,15,0.000000,100,3640.714328,14073.031965,3640.714328,0.000000,,,0,1,,,,,16.938525,BIG
ga,hfvrp_n050_m10_s04,50,10,0.000000,1788191396268330828,2043.561393,14117.259272,2043.561393,0.000000,,,0,1,,,,,10.280107,BIG
ga,hfvrp_n050_m10_s05,50,10,0.000000,19345,2139.268586,12710.802956,2139.268586,0.000000,,,0,1,,,,,10.236077,BIG
ga,hfvrp_n050_m10_s05,50,10,0.000000,1788191553153571272,2292.910781,11783.181871,2292.910781,0.000000,,,0,1,,,,,0.171709,DEFAULT
ga,hfvrp_n050_m10_s05,50,10,0.000000,1788191527563648094,2399.089823,13285.136845,2399.089823,0.000000,,,0,1,,,,,0.028518,SMALL
ga,hfvrp_n075_m15_s01,75,15,0.000000,200,3824.379896,8950.014489,3824.379896,0.000000,,,0,1,,,,,0.290619,DEFAULT
ga,hfvrp_n075_m15_s01,75,15,0.000000,200,5997.034924,22047.555235,5997.034924,0.000000,,,0,1,,,,,0.036355,SMALL
ga,hfvrp_n075_m15_s05,75,15,0.000000,1788191536242046069,6010.676506,33525.509474,6010.676506,0.000000,,,0,1,,,,,0.268943,DEFAULT
ga,hfvrp_n075_m15_s05,75,15,0.000000,1788191523630207016,6052.840846,21167.959039,6052.840846,0.000000,,,0,1,,,,,0.037307,SMALL
ga,hfvrp_n075_m15_s02,75,15,0.000000,10,3999.594105,17174.037681,3999.594105,0.000000,,,0,1,,,,,16.788958,BIG
ga,hfvrp_n075_m15_s02,75,15,0.000000,50,5114.410330,21604.088060,5114.410330,0.000000,,,0,1,,,,,0.274504,DEFAULT
ga,hfvrp_n075_m15_s02,75,15,0.000000,50,6198.779194,30025.623697,6198.779194,0.000000,,,0,1,,,,,0.035865,SMALL
ga,hfvrp_n050_m10_s05,50,10,0.000000,1788191540482561841,2065.344565,14230.132625,2065.344565,0.000000,,,0,1,,,,,3.507500,MEDIUM
ga,hfvrp_n075_m15_s01,75,15,0.000000,200,3430.419236,12105.481334,3430.419236,0.000000,,,0,1,,,,,5.656496,MEDIUM
ga,hfvrp_n075_m15_s05,75,15,0.000000,1788191519376522682,3999.433480,13757.566700,3999.433480,0.000000,,,0,1,,,,,5.652489,MEDIUM
ga,hfvrp_n075_m15_s02,75,15,0.000000,50,3863.708290,17882.308252,3863.708290,0.000000,,,0,1,,,,,5.550809,MEDIUM
ga,hfvrp_n075_m15_s04,75,15,0.000000,1788191386789139404,4176.876367,19078.471022,4176.876367,0.000000,,,0,1,,,,,17.477935,BIG
ga,hfvrp_n075_m15_s04,75,15,0.000000,1,5172.036395,24261.804904,5172.036395,0.000000,,,0,1,,,,,0.281773,DEFAULT
ga,hfvrp_n075_m15_s04,75,15,0.000000,1,6501.451738,33809.867877,6501.451738,0.000000,,,0,1,,,,,0.035679,SMALL
ga,hfvrp_n050_m10_s05,50,10,0.000000,1788189967745808962,2108.744430,14321.306252,2108.744430,0.000000,,,0,1,,,,,10.525803,BIG
ga,hfvrp_n075_m15_s03,75,15,0.000000,1,3834.948633,17285.461328,3834.948633,0.000000,,,0,1,,,,,16.891568,BIG
ga,hfvrp_n075_m15_s03,75,15,0.000000,10,4803.598552,19973.640382,4803.598552,0.000000,,,0,1,,,,,0.277195,DEFAULT
ga,hfvrp_n075_m15_s03,75,15,0.000000,10,6487.473221,28839.074259,6487.473221,0.000000,,,0,1,,,,,0.035149,SMALL
ga,hfvrp_n100_m20_s01,100,20,0.000000,1788190130451801230,8448.194298,40058.580984,8448.194298,0.000000,,,0,1,,,,,0.374995,DEFAULT
ga,hfvrp_n100_m20_s01,100,20,0.000000,1788190126541331794,9852.822588,53755.349346,9852.822588,0.000000,,,0,1,,,,,0.054052,SMALL
ga,hfvrp_n075_m15_s04,75,15,0.000000,1,4034.642197,18201.846086,4034.642197,0.000000,,,0,1,,,,,5.649409,MEDIUM
ga,hfvrp_n075_m15_s03,75,15,0.000000,10,4128.113522,20116.413526,4128.113522,0.000000,,,0,1,,,,,5.606428,MEDIUM
ga,hfvrp_n075_m15_s05,75,15,0.000000,1788189961669909792,4661.050151,20371.972903,4661.050151,0.000000,,,0,1,,,,,16.802353,BIG
ga,hfvrp_n075_m15_s01,75,15,0.000000,200,3500.240286,11923.579830,3500.240286,0.000000,,,0,1,,,,,17.202877,BIG
ga,hfvrp_n075_m15_s05,75,15,0.000000,1,5540.496502,28568.450857,5540.496502,0.000000,,,0,1,,,,,0.273060,DEFAULT
ga,hfvrp_n075_m15_s05,75,15,0.000000,1,6699.312281,26703.784348,6699.312281,0.000000,,,0,1,,,,,0.034557,SMALL
ga,hfvrp_n100_m20_s01,100,20,0.000000,1788190139489621914,5783.351806,26745.322029,5783.351806,0.000000,,,0,1,,,,,7.700041,MEDIUM
ga,hfvrp_n075_m15_s02,75,15,0.000000,50,3735.577820,17992.101973,3735.577820,0.000000,,,0,1,,,,,16.902067,BIG
ga,hfvrp_n075_m15_s01,75,15,0.000000,999,4724.382863,16087.208978,4724.382863,0.000000,,,0,1,,,,,0.281468,DEFAULT
ga,hfvrp_n075_m15_s01,75,15,0.000000,999,5585.709600,21852.551173,5585.709600,0.000000,,,0,1,,,,,0.034679,SMALL
ga,hfvrp_n075_m15_s02,75,15,0.000000,75,4738.740767,17100.473563,4738.740767,0.000000,,,0,1,,,,,0.272158,DEFAULT
ga,hfvrp_n075_m15_s02,75,15,0.000000,75,5897.109007,27580.379373,5897.109007,0.000000,,,0,1,,,,,0.039764,SMALL
ga,hfvrp_n075_m15_s05,75,15,0.000000,1,4262.522321,13398.407210,4262.522321,0.000000,,,0,1,,,,,5.504242,MEDIUM
ga,hfvrp_n075_m15_s01,75,15,0.000000,999,3769.837279,14953.046531,3769.837279,0.000000,,,0,1,,,,,5.610687,MEDIUM
ga,hfvrp_n075_m15_s02,75,15,0.000000,75,3929.699059,19030.565707,3929.699059,0.000000,,,0,1,,,,,5.547252,MEDIUM
ga,hfvrp_n075_m15_s04,75,15,0.000000,1,4127.214698,19367.076310,4127.214698,0.000000,,,0,1,,,,,17.142157,BIG
ga,hfvrp_n075_m15_s04,75,15,0.000000,10,5748.353490,23032.708364,5748.353490,0.000000,,,0,1,,,,,0.277592,DEFAULT
ga,hfvrp_n075_m15_s04,75,15,0.000000,10,6216.570426,22654.553722,6216.570426,0.000000,,,0,1,,,,,0.036852,SMALL
ga,hfvrp_n075_m15_s03,75,15,0.000000,10,3877.563468,18572.398271,3877.563468,0.000000,,,0,1,,,,,16.828549,BIG
ga,hfvrp_n075_m15_s03,75,15,0.000000,50,5493.629749,26240.823141,5493.629749,0.000000,,,0,1,,,,,0.267624,DEFAULT
ga,hfvrp_n075_m15_s03,75,15,0.000000,50,5639.463295,30688.226719,5639.463295,0.000000,,,0,1,,,,,0.037621,SMALL
ga,hfvrp_n075_m15_s04,75,15,0.000000,10,4158.134899,19035.425901,4158.134899,0.000000,,,0,1,,,,,5.550756,MEDIUM
ga,hfvrp_n075_m15_s03,75,15,0.000000,50,4204.657227,17704.001331,4204.657227,0.000000,,,0,1,,,,,5.458116,MEDIUM
ga,hfvrp_n075_m15_s05,75,15,0.000000,1,4190.884820,15780.362439,4190.884820,0.000000,,,0,1,,,,,17.017880,BIG
ga,hfvrp_n075_m15_s01,75,15,0.000000,999,3497.581925,9659.957364,3497.581925,0.000000,,,0,1,,,,,17.029838,BIG
ga,hfvrp_n100_m20_s01,100,20,0.000000,1788190052710440830,6116.762658,23450.257820,6116.762658,0.000000,,,0,1,,,,,23.402690,BIG
ga,hfvrp_n075_m15_s05,75,15,0.000000,10,5097.409245,18697.927428,5097.409245,0.000000,,,0,1,,,,,0.284930,DEFAULT
ga,hfvrp_n075_m15_s05,75,15,0.000000,10,5939.554178,21899.701546,5939.554178,0.000000,,,0,1,,,,,0.042209,SMALL
ga,hfvrp_n075_m15_s02,75,15,0.000000,75,4071.172966,18301.299562,4071.172966,0.000000,,,0,1,,,,,16.791286,BIG
ga,hfvrp_n075_m15_s01,75,15,0.000000,1234,4886.001254,15039.772249,4886.001254,0.000000,,,0,1,,,,,0.273246,DEFAULT
ga,hfvrp_n075_m15_s01,75,15,0.000000,1234,5678.218643,19676.076998,5678.218643,0.000000,,,0,1,,,,,0.034018,SMALL
ga,hfvrp_n075_m15_s02,75,15,0.000000,100,5188.988978,26354.580800,5188.988978,0.000000,,,0,1,,,,,0.271458,DEFAULT
ga,hfvrp_n075_m15_s02,75,15,0.000000,100,6153.140967,28463.392759,6153.140967,0.000000,,,0,1,,,,,0.034367,SMALL
ga,hfvrp_n100_m20_s01,100,20,0.000000,1,7965.724377,38532.761779,7965.724377,0.000000,,,0,1,,,,,0.373733,DEFAULT
ga,hfvrp_n100_m20_s01,100,20,0.000000,1,9466.554660,56535.433597,9466.554660,0.000000,,,0,1,,,,,0.050981,SMALL
ga,hfvrp_n075_m15_s05,75,15,0.000000,10,4309.598778,14123.774454,4309.598778,0.000000,,,0,1,,,,,5.461599,MEDIUM
ga,hfvrp_n075_m15_s01,75,15,0.000000,1234,3438.810851,11786.487285,3438.810851,0.000000,,,0,1,,,,,5.470798,MEDIUM
ga,hfvrp_n075_m15_s02,75,15,0.000000,100,3963.402069,18923.949633,3963.402069,0.000000,,,0,1,,,,,5.529045,MEDIUM
ga,hfvrp_n100_m20_s01,100,20,0.000000,1,6096.155940,27703.381050,6096.155940,0.000000,,,0,1,,,,,7.519931,MEDIUM
ga,hfvrp_n075_m15_s04,75,15,0.000000,10,4011.281732,20078.770558,4011.281732,0.000000,,,0,1,,,,,17.175835,BIG
ga,hfvrp_n075_m15_s04,75,15,0.000000,50,5424.716570,29487.643200,5424.716570,0.000000,,,0,1,,,,,0.277249,DEFAULT
ga,hfvrp_n075_m15_s04,75,15,0.000000,50,6690.296466,32655.641186,6690.296466,0.000000,,,0,1,,,,,0.033422,SMALL
ga,hfvrp_n075_m15_s03,75,15,0.000000,50,3964.376709,16467.760256,3964.376709,0.000000,,,0,1,,,,,16.844493,BIG
ga,hfvrp_n075_m15_s03,75,15,0.000000,75,5514.343687,24354.963458,5514.343687,0.000000,,,0,1,,,,,0.273422,DEFAULT
ga,hfvrp_n075_m15_s03,75,15,0.000000,75,6071.370388,32184.076141,6071.370388,0.000000,,,0,1,,,,,0.035169,SMALL
ga,hfvrp_n075_m15_s04,75,15,0.000000,50,4260.611308,15815.999803,4260.611308,0.000000,,,0,1,,,,,5.622720,MEDIUM
ga,hfvrp_n075_m15_s03,75,15,0.000000,75,4023.519042,20991.470980,4023.519042,0.000000,,,0,1,,,,,5.549964,MEDIUM
ga,hfvrp_n075_m15_s05,75,15,0.000000,10,4083.516608,15439.747048,4083.516608,0.000000,,,0,1,,,,,17.062399,BIG
ga,hfvrp_n075_m15_s01,75,15,0.000000,1234,3633.438355,9911.075198,3633.438355,0.000000,,,0,1,,,,,16.944487,BIG
ga,hfvrp_n075_m15_s05,75,15,0.000000,50,5592.460852,32336.418469,5592.460852,0.000000,,,0,1,,,,,0.265116,DEFAULT
ga,hfvrp_n075_m15_s05,75,15,0.000000,50,5465.116781,17316.601669,5465.116781,0.000000,,,0,1,,,,,0.035915,SMALL
ga,hfvrp_n075_m15_s02,75,15,0.000000,100,3921.523119,18506.827934,3921.523119,0.000000,,,0,1,,,,,17.415950,BIG
ga,hfvrp_n075_m15_s01,75,15,0.000000,9999,4550.054161,15357.800821,4550.054161,0.000000,,,0,1,,,,,0.288838,DEFAULT
ga,hfvrp_n075_m15_s01,75,15,0.000000,9999,5852.194652,20320.594274,5852.194652,0.000000,,,0,1,,,,,0.038175,SMALL
ga,hfvrp_n075_m15_s02,75,15,0.000000,200,4647.089728,19026.155864,4647.089728,0.000000,,,0,1,,,,,0.269322,DEFAULT
ga,hfvrp_n075_m15_s02,75,15,0.000000,200,6248.323534,34616.750604,6248.323534,0.000000,,,0,1,,,,,0.035931,SMALL
ga,hfvrp_n075_m15_s05,75,15,0.000000,50,4134.777987,13880.458889,4134.777987,0.000000,,,0,1,,,,,5.547768,MEDIUM
ga,hfvrp_n075_m15_s01,75,15,0.000000,9999,3445.767043,10821.439905,3445.767043,0.000000,,,0,1,,,,,5.627301,MEDIUM
ga,hfvrp_n075_m15_s02,75,15,0.000000,200,4118.648185,19192.131282,4118.648185,0.000000,,,0,1,,,,,5.467463,MEDIUM
ga,hfvrp_n100_m20_s01,100,20,0.000000,1,6336.692156,29460.081650,6336.692156,0.000000,,,0,1,,,,,23.289403,BIG
ga,hfvrp_n075_m15_s04,75,15,0.000000,50,4064.421006,16676.541855,4064.421006,0.000000,,,0,1,,,,,16.933738,BIG
ga,hfvrp_n100_m20_s01,100,20,0.000000,10,8931.062982,54000.278924,8931.062982,0.000000,,,0,1,,,,,0.372622,DEFAULT
ga,hfvrp_n100_m20_s01,100,20,0.000000,10,8698.891936,55732.828603,8698.891936,0.000000,,,0,1,,,,,0.057270,SMALL
ga,hfvrp_n075_m15_s04,75,15,0.000000,75,5197.761129,21296.743900,5197.761129,0.000000,,,0,1,,,,,0.279611,DEFAULT
ga,hfvrp_n075_m15_s04,75,15,0.000000,75,6287.077665,35515.223990,6287.077665,0.000000,,,0,1,,,,,0.035663,SMALL
ga,hfvrp_n075_m15_s03,75,15,0.000000,75,3875.219627,16811.332813,3875.219627,0.000000,,,0,1,,,,,16.921182,BIG
ga,hfvrp_n075_m15_s03,75,15,0.000000,100,4842.468578,27144.140550,4842.468578,0.000000,,,0,1,,,,,0.272946,DEFAULT
ga,hfvrp_n075_m15_s03,75,15,0.000000,100,6155.386011,38497.221025,6155.386011,0.000000,,,0,1,,,,,0.034562,SMALL
ga,hfvrp_n075_m15_s04,75,15,0.000000,75,4128.022703,20236.865257,4128.022703,0.000000,,,0,1,,,,,5.716173,MEDIUM
ga,hfvrp_n100_m20_s01,100,20,0.000000,10,6140.654370,28569.861296,6140.654370,0.000000,,,0,1,,,,,7.602558,MEDIUM
ga,hfvrp_n075_m15_s03,75,15,0.000000,100,4184.011886,21354.021239,4184.011886,0.000000,,,0,1,,,,,5.569383,MEDIUM
ga,hfvrp_n075_m15_s05,75,15,0.000000,50,3940.746308,13910.057120,3940.746308,0.000000,,,0,1,,,,,16.858590,BIG
ga,hfvrp_n075_m15_s01,75,15,0.000000,9999,3486.008164,10328.697756,3486.008164,0.000000,,,0,1,,,,,16.883576,BIG
ga,hfvrp_n075_m15_s05,75,15,0.000000,75,4559.356662,15477.066542,4559.356662,0.000000,,,0,1,,,,,0.282388,DEFAULT
ga,hfvrp_n075_m15_s05,75,15,0.000000,75,6201.217877,20736.328799,6201.217877,0.000000,,,0,1,,,,,0.038776,SMALL
ga,hfvrp_n075_m15_s02,75,15,0.000000,200,3723.737797,18082.382391,3723.737797,0.000000,,,0,1,,,,,17.022295,BIG
ga,hfvrp_n075_m15_s01,75,15,0.000000,19345,4555.580906,12360.106254,4555.580906,0.000000,,,0,1,,,,,0.268834,DEFAULT
ga,hfvrp_n075_m15_s01,75,15,0.000000,19345,5372.919411,17487.029238,5372.919411,0.000000,,,0,1,,,,,0.039293,SMALL
ga,hfvrp_n075_m15_s02,75,15,0.000000,999,4280.311970,17792.191124,4280.311970,0.000000,,,0,1,,,,,0.277500,DEFAULT
ga,hfvrp_n075_m15_s02,75,15,0.000000,999,6114.183818,25761.924896,6114.183818,0.000000,,,0,1,,,,,0.036529,SMALL
ga,hfvrp_n075_m15_s05,75,15,0.000000,75,4187.921689,14232.002545,4187.921689,0.000000,,,0,1,,,,,5.675206,MEDIUM
ga,hfvrp_n075_m15_s01,75,15,0.000000,19345,3545.079624,11995.830251,3545.079624,0.000000,,,0,1,,,,,5.615910,MEDIUM
ga,hfvrp_n075_m15_s02,75,15,0.000000,999,3816.690390,18110.082274,3816.690390,0.000000,,,0,1,,,,,5.600645,MEDIUM
ga,hfvrp_n075_m15_s04,75,15,0.000000,75,4253.944701,17564.252181,4253.944701,0.000000,,,0,1,,,,,17.051744,BIG
ga,hfvrp_n075_m15_s04,75,15,0.000000,100,4844.647283,22352.943889,4844.647283,0.000000,,,0,1,,,,,0.284136,DEFAULT
ga,hfvrp_n075_m15_s04,75,15,0.000000,100,6839.281660,33718.707510,6839.281660,0.000000,,,0,1,,,,,0.031139,SMALL
ga,hfvrp_n075_m15_s03,75,15,0.000000,100,4050.124124,19931.869128,4050.124124,0.000000,,,0,1,,,,,17.081110,BIG
ga,hfvrp_n075_m15_s03,75,15,0.000000,200,5392.007548,26767.851227,5392.007548,0.000000,,,0,1,,,,,0.274555,DEFAULT
ga,hfvrp_n075_m15_s03,75,15,0.000000,200,6019.793568,40682.810163,6019.793568,0.000000,,,0,1,,,,,0.038422,SMALL
ga,hfvrp_n075_m15_s04,75,15,0.000000,100,4107.904984,20027.094831,4107.904984,0.000000,,,0,1,,,,,5.469959,MEDIUM
ga,hfvrp_n100_m20_s01,100,20,0.000000,10,5998.096137,22880.088215,5998.096137,0.000000,,,0,1,,,,,23.595193,BIG
ga,hfvrp_n075_m15_s03,75,15,0.000000,200,4021.152288,17147.811840,4021.152288,0.000000,,,0,1,,,,,5.386201,MEDIUM
ga,hfvrp_n100_m20_s01,100,20,0.000000,50,8143.925275,40496.743409,8143.925275,0.000000,,,0,1,,,,,0.383263,DEFAULT
ga,hfvrp_n100_m20_s01,100,20,0.000000,50,10348.108510,72116.704553,10348.108510,0.000000,,,0,1,,,,,0.051709,SMALL
ga,hfvrp_n075_m15_s05,75,15,0.000000,75,3936.153840,13700.701566,3936.153840,0.000000,,,0,1,,,,,17.228156,BIG
ga,hfvrp_n075_m15_s01,75,15,0.000000,19345,3562.328971,10874.832642,3562.328971,0.000000,,,0,1,,,,,16.680942,BIG
ga,hfvrp_n075_m15_s05,75,15,0.000000,100,5458.818590,16614.031455,5458.818590,0.000000,,,0,1,,,,,0.276240,DEFAULT
ga,hfvrp_n075_m15_s05,75,15,0.000000,100,6165.402212,24916.014542,6165.402212,0.000000,,,0,1,,,,,0.043025,SMALL
ga,hfvrp_n075_m15_s02,75,15,0.000000,999,3824.163177,18393.831111,3824.163177,0.000000,,,0,1,,,,,16.653700,BIG
ga,hfvrp_n075_m15_s01,75,15,0.000000,1788190293868930543,4314.270284,11541.410927,4314.270284,0.000000,,,0,1,,,,,0.279012,DEFAULT
ga,hfvrp_n075_m15_s01,75,15,0.000000,1788190289858483560,5802.469518,25320.742723,5802.469518,0.000000,,,0,1,,,,,0.037758,SMALL
ga,hfvrp_n075_m15_s02,75,15,0.000000,1234,4835.432137,25560.318906,4835.432137,0.000000,,,0,1,,,,,0.273746,DEFAULT
ga,hfvrp_n075_m15_s02,75,15,0.000000,1234,5975.307701,26881.410002,5975.307701,0.000000,,,0,1,,,,,0.034890,SMALL
ga,hfvrp_n100_m20_s01,100,20,0.000000,50,6218.090194,28088.234719,6218.090194,0.000000,,,0,1,,,,,7.691952,MEDIUM
ga,hfvrp_n075_m15_s05,75,15,0.000000,100,4251.433476,13654.856549,4251.433476,0.000000,,,0,1,,,,,5.613556,MEDIUM
ga,hfvrp_n075_m15_s01,75,15,0.000000,1788190302785054245,3638.103882,10565.398537,3638.103882,0.000000,,,0,1,,,,,5.643161,MEDIUM
ga,hfvrp_n075_m15_s02,75,15,0.000000,1234,3882.689151,20112.794510,3882.689151,0.000000,,,0,1,,,,,5.546931,MEDIUM
ga,hfvrp_n075_m15_s04,75,15,0.000000,100,3985.642212,18622.567499,3985.642212,0.000000,,,0,1,,,,,16.778973,BIG
ga,hfvrp_n075_m15_s04,75,15,0.000000,200,4781.018240,22694.258436,4781.018240,0.000000,,,0,1,,,,,0.270528,DEFAULT
ga,hfvrp_n075_m15_s04,75,15,0.000000,200,6325.028730,26561.105776,6325.028730,0.000000,,,0,1,,,,,0.037740,SMALL
ga,hfvrp_n075_m15_s03,75,15,0.000000,200,4150.149932,19071.833843,4150.149932,0.000000,,,0,1,,,,,16.909464,BIG
ga,hfvrp_n075_m15_s03,75,15,0.000000,999,4387.088251,24268.083660,4387.088251,0.000000,,,0,1,,,,,0.282247,DEFAULT
ga,hfvrp_n075_m15_s03,75,15,0.000000,999,5677.697331,28298.037795,5677.697331,0.000000,,,0,1,,,,,0.045305,SMALL
ga,hfvrp_n075_m15_s04,75,15,0.000000,200,4039.013595,19204.491701,4039.013595,0.000000,,,0,1,,,,,5.667683,MEDIUM
ga,hfvrp_n075_m15_s03,75,15,0.000000,999,4132.540587,17315.981268,4132.540587,0.000000,,,0,1,,,,,5.527551,MEDIUM
ga,hfvrp_n075_m15_s05,75,15,0.000000,100,4146.090191,13495.942340,4146.090191,0.000000,,,0,1,,,,,17.218964,BIG
ga,hfvrp_n075_m15_s01,75,15,0.000000,1788190265483177670,3579.718035,9192.837407,3579.718035,0.000000,,,0,1,,,,,16.954065,BIG
ga,hfvrp_n075_m15_s05,75,15,0.000000,200,5024.378288,16001.787967,5024.378288,0.000000,,,0,1,,,,,0.283179,DEFAULT
ga,hfvrp_n075_m15_s05,75,15,0.000000,200,6368.238877,20383.930229,6368.238877,0.000000,,,0,1,,,,,0.038773,SMALL
ga,hfvrp_n075_m15_s02,75,15,0.000000,1234,3797.474393,18417.664666,3797.474393,0.000000,,,0,1,,,,,16.956372,BIG
ga,hfvrp_n075_m15_s02,75,15,0.000000,9999,5084.454310,22066.232677,5084.454310,0.000000,,,0,1,,,,,0.296179,DEFAULT
ga,hfvrp_n075_m15_s02,75,15,0.000000,9999,5990.041187,28780.388245,5990.041187,0.000000,,,0,1,,,,,0.039456,SMALL
ga,hfvrp_n100_m20_s02,100,20,0.000000,1788188871206718746,6911.351419,36979.966770,6911.351419,0.000000,,,0,1,,,,,0.398066,DEFAULT
ga,hfvrp_n100_m20_s02,100,20,0.000000,1788188850139734185,9126.047782,55080.388929,9126.047782,0.000000,,,0,1,,,,,0.055405,SMALL
ga,hfvrp_n100_m20_s01,100,20,0.000000,50,5779.026961,26251.631051,5779.026961,0.000000,,,0,1,,,,,23.546322,BIG
ga,hfvrp_n075_m15_s05,75,15,0.000000,200,4321.244036,13515.710798,4321.244036,0.000000,,,0,1,,,,,5.701850,MEDIUM
ga,hfvrp_n075_m15_s02,75,15,0.000000,9999,3763.359794,18564.995949,3763.359794,0.000000,,,0,1,,,,,5.649116,MEDIUM
ga,hfvrp_n100_m20_s01,100,20,0.000000,75,8666.661107,47546.272533,8666.661107,0.000000,,,0,1,,,,,0.386374,DEFAULT
ga,hfvrp_n100_m20_s01,100,20,0.000000,75,9377.219374,54357.747923,9377.219374,0.000000,,,0,1,,,,,0.052609,SMALL
ga,hfvrp_n100_m20_s02,100,20,0.000000,1788188854494060686,5382.535648,27566.720572,5382.535648,0.000000,,,0,1,,,,,7.937089,MEDIUM
ga,hfvrp_n075_m15_s04,75,15,0.000000,200,3958.919440,17538.594755,3958.919440,0.000000,,,0,1,,,,,17.200412,BIG
ga,hfvrp_n075_m15_s04,75,15,0.000000,999,5291.666722,33563.468687,5291.666722,0.000000,,,0,1,,,,,0.270843,DEFAULT
ga,hfvrp_n075_m15_s04,75,15,0.000000,999,5773.045151,29245.247837,5773.045151,0.000000,,,0,1,,,,,0.039766,SMALL
ga,hfvrp_n075_m15_s03,75,15,0.000000,999,3969.894135,17365.561935,3969.894135,0.000000,,,0,1,,,,,16.833703,BIG
ga,hfvrp_n075_m15_s03,75,15,0.000000,1234,4554.587023,21244.065241,4554.587023,0.000000,,,0,1,,,,,0.281655,DEFAULT
ga,hfvrp_n075_m15_s03,75,15,0.000000,1234,5956.853203,26348.471948,5956.853203,0.000000,,,0,1,,,,,0.040249,SMALL
ga,hfvrp_n100_m20_s01,100,20,0.000000,75,6373.755709,24307.329974,6373.755709,0.000000,,,0,1,,,,,7.890183,MEDIUM
ga,hfvrp_n075_m15_s04,75,15,0.000000,999,3911.097004,16763.655717,3911.097004,0.000000,,,0,1,,,,,5.599981,MEDIUM
ga,hfvrp_n075_m15_s03,75,15,0.000000,1234,4208.414659,17242.440239,4208.414659,0.000000,,,0,1,,,,,5.537454,MEDIUM
ga,hfvrp_n075_m15_s05,75,15,0.000000,200,3736.529618,15559.257304,3736.529618,0.000000,,,0,1,,,,,17.059770,BIG
ga,hfvrp_n075_m15_s05,75,15,0.000000,999,5273.034620,19437.300427,5273.034620,0.000000,,,0,1,,,,,0.269016,DEFAULT
ga,hfvrp_n075_m15_s05,75,15,0.000000,999,5346.661520,20420.353828,5346.661520,0.000000,,,0,1,,,,,0.036909,SMALL
ga,hfvrp_n075_m15_s02,75,15,0.000000,9999,4000.860079,19809.356517,4000.860079,0.000000,,,0,1,,,,,16.953194,BIG
ga,hfvrp_n075_m15_s02,75,15,0.000000,19345,4644.739379,20481.549544,4644.739379,0.000000,,,0,1,,,,,0.272272,DEFAULT
ga,hfvrp_n075_m15_s02,75,15,0.000000,19345,6414.077343,24803.755715,6414.077343,0.000000,,,0,1,,,,,0.041343,SMALL
ga,hfvrp_n075_m15_s05,75,15,0.000000,999,4393.408879,15606.210198,4393.408879,0.000000,,,0,1,,,,,5.418430,MEDIUM
ga,hfvrp_n075_m15_s02,75,15,0.000000,19345,3828.358940,18498.769924,3828.358940,0.000000,,,0,1,,,,,5.402088,MEDIUM
ga,hfvrp_n100_m20_s02,100,20,0.000000,1788188819490944264,5346.926125,24430.092967,5346.926125,0.000000,,,0,1,,,,,23.432849,BIG
ga,hfvrp_n075_m15_s04,75,15,0.000000,999,4176.967300,19032.276337,4176.967300,0.000000,,,0,1,,,,,17.046876,BIG
ga,hfvrp_n100_m20_s02,100,20,0.000000,1,6679.641597,32429.876021,6679.641597,0.000000,,,0,1,,,,,0.383242,DEFAULT
ga,hfvrp_n100_m20_s02,100,20,0.000000,1,10293.641291,66324.106551,10293.641291,0.000000,,,0,1,,,,,0.049160,SMALL
ga,hfvrp_n075_m15_s04,75,15,0.000000,1234,5518.328374,17754.804680,5518.328374,0.000000,,,0,1,,,,,0.275624,DEFAULT
ga,hfvrp_n075_m15_s04,75,15,0.000000,1234,5881.780956,25653.746274,5881.780956,0.000000,,,0,1,,,,,0.038446,SMALL
ga,hfvrp_n075_m15_s03,75,15,0.000000,1234,3902.424875,16956.320230,3902.424875,0.000000,,,0,1,,,,,16.984206,BIG
ga,hfvrp_n075_m15_s03,75,15,0.000000,9999,5350.784795,29415.643141,5350.784795,0.000000,,,0,1,,,,,0.275053,DEFAULT
ga,hfvrp_n075_m15_s03,75,15,0.000000,9999,6099.382768,26046.732931,6099.382768,0.000000,,,0,1,,,,,0.035445,SMALL
ga,hfvrp_n100_m20_s01,100,20,0.000000,75,6238.364239,22014.089590,6238.364239,0.000000,,,0,1,,,,,23.434077,BIG
ga,hfvrp_n100_m20_s01,100,20,0.000000,100,8047.065339,52179.354546,8047.065339,0.000000,,,0,1,,,,,0.371363,DEFAULT
ga,hfvrp_n100_m20_s01,100,20,0.000000,100,9310.515216,58873.952337,9310.515216,0.000000,,,0,1,,,,,0.054536,SMALL
ga,hfvrp_n075_m15_s04,75,15,0.000000,1234,4145.731853,20973.585922,4145.731853,0.000000,,,0,1,,,,,5.535381,MEDIUM
ga,hfvrp_n100_m20_s02,100,20,0.000000,1,5658.622973,24757.840707,5658.622973,0.000000,,,0,1,,,,,7.532969,MEDIUM
ga,hfvrp_n075_m15_s03,75,15,0.000000,9999,3968.016979,18262.933349,3968.016979,0.000000,,,0,1,,,,,5.400538,MEDIUM
ga,hfvrp_n075_m15_s05,75,15,0.000000,999,4147.830421,15925.414763,4147.830421,0.000000,,,0,1,,,,,16.936343,BIG
ga,hfvrp_n075_m15_s02,75,15,0.000000,19345,3925.206872,18153.198481,3925.206872,0.000000,,,0,1,,,,,16.774593,BIG
ga,hfvrp_n075_m15_s05,75,15,0.000000,1234,4747.314184,17444.129712,4747.314184,0.000000,,,0,1,,,,,0.275309,DEFAULT
ga,hfvrp_n075_m15_s05,75,15,0.000000,1234,5935.118352,19834.692859,5935.118352,0.000000,,,0,1,,,,,0.041328,SMALL
ga,hfvrp_n075_m15_s02,75,15,0.000000,1788188557339063336,5408.302069,17587.426610,5408.302069,0.000000,,,0,1,,,,,0.263316,DEFAULT
ga,hfvrp_n100_m20_s01,100,20,0.000000,100,6450.931728,26972.832162,6450.931728,0.000000,,,0,1,,,,,7.719871,MEDIUM
ga,hfvrp_n075_m15_s02,75,15,0.000000,1788188570491429961,6202.594888,30075.659150,6202.594888,0.000000,,,0,1,,,,,0.034688,SMALL
ga,hfvrp_n075_m15_s05,75,15,0.000000,1234,4116.251893,15433.157861,4116.251893,0.000000,,,0,1,,,,,5.378716,MEDIUM
ga,hfvrp_n075_m15_s02,75,15,0.000000,1788189609912446568,3917.036245,18319.234515,3917.036245,0.000000,,,0,1,,,,,5.404316,MEDIUM
ga,hfvrp_n075_m15_s04,75,15,0.000000,1234,4134.398965,17758.712503,4134.398965,0.000000,,,0,1,,,,,16.867247,BIG
ga,hfvrp_n075_m15_s04,75,15,0.000000,9999,5451.857992,26006.456118,5451.857992,0.000000,,,0,1,,,,,0.274772,DEFAULT
ga,hfvrp_n075_m15_s04,75,15,0.000000,9999,6452.282123,29785.107088,6452.282123,0.000000,,,0,1,,,,,0.034137,SMALL
ga,hfvrp_n075_m15_s03,75,15,0.000000,9999,3977.126733,20818.854497,3977.126733,0.000000,,,0,1,,,,,16.821417,BIG
ga,hfvrp_n075_m15_s03,75,15,0.000000,19345,4635.335638,23867.480427,4635.335638,0.000000,,,0,1,,,,,0.274689,DEFAULT
ga,hfvrp_n075_m15_s03,75,15,0.000000,19345,5695.534326,30595.180572,5695.534326,0.000000,,,0,1,,,,,0.042427,SMALL
ga,hfvrp_n075_m15_s04,75,15,0.000000,9999,4071.570564,17204.884023,4071.570564,0.000000,,,0,1,,,,,5.514627,MEDIUM
ga,hfvrp_n100_m20_s02,100,20,0.000000,1,5449.537037,31274.129312,5449.537037,0.000000,,,0,1,,,,,23.690740,BIG
ga,hfvrp_n075_m15_s03,75,15,0.000000,19345,4140.444677,22209.441081,4140.444677,0.000000,,,0,1,,,,,5.546238,MEDIUM
ga,hfvrp_n100_m20_s02,100,20,0.000000,10,7401.633754,40837.452206,7401.633754,0.000000,,,0,1,,,,,0.363090,DEFAULT
ga,hfvrp_n100_m20_s02,100,20,0.000000,10,8830.115690,67069.911851,8830.115690,0.000000,,,0,1,,,,,0.049038,SMALL
ga,hfvrp_n075_m15_s05,75,15,0.000000,1234,4098.168629,15900.854658,4098.168629,0.000000,,,0,1,,,,,16.834512,BIG
ga,hfvrp_n075_m15_s02,75,15,0.000000,1788189606732753198,3753.654063,17717.025830,3753.654063,0.000000,,,0,1,,,,,16.792902,BIG
ga,hfvrp_n075_m15_s05,75,15,0.000000,9999,5164.371923,20478.204366,5164.371923,0.000000,,,0,1,,,,,0.276468,DEFAULT
ga,hfvrp_n075_m15_s05,75,15,0.000000,9999,6448.218471,22491.579201,6448.218471,0.000000,,,0,1,,,,,0.042923,SMALL
ga,hfvrp_n100_m20_s01,100,20,0.000000,100,6583.673144,27207.751122,6583.673144,0.000000,,,0,1,,,,,22.923111,BIG
ga,hfvrp_n100_m20_s03,100,20,0.000000,1788189419201912577,7467.758809,36862.566669,7467.758809,0.000000,,,0,1,,,,,0.362656,DEFAULT
ga,hfvrp_n100_m20_s03,100,20,0.000000,1788189415278394437,10730.059241,53991.364188,10730.059241,0.000000,,,0,1,,,,,0.050182,SMALL
ga,hfvrp_n100_m20_s01,100,20,0.000000,200,7639.367211,35858.273276,7639.367211,0.000000,,,0,1,,,,,0.384385,DEFAULT
ga,hfvrp_n100_m20_s01,100,20,0.000000,200,9865.629112,57552.427646,9865.629112,0.000000,,,0,1,,,,,0.054345,SMALL
ga,hfvrp_n075_m15_s05,75,15,0.000000,9999,4109.393363,14032.940549,4109.393363,0.000000,,,0,1,,,,,5.396372,MEDIUM
ga,hfvrp_n100_m20_s02,100,20,0.000000,10,5613.475569,30582.417816,5613.475569,0.000000,,,0,1,,,,,7.520640,MEDIUM
ga,hfvrp_n100_m20_s03,100,20,0.000000,1788189411037678128,6108.728516,24769.145494,6108.728516,0.000000,,,0,1,,,,,7.537642,MEDIUM
ga,hfvrp_n100_m20_s01,100,20,0.000000,200,6331.539779,31406.940532,6331.539779,0.000000,,,0,1,,,,,7.684872,MEDIUM
ga,hfvrp_n075_m15_s04,75,15,0.000000,9999,4146.803814,18551.360938,4146.803814,0.000000,,,0,1,,,,,16.985558,BIG
ga,hfvrp_n075_m15_s04,75,15,0.000000,19345,5450.048462,30083.730641,5450.048462,0.000000,,,0,1,,,,,0.268444,DEFAULT
ga,hfvrp_n075_m15_s04,75,15,0.000000,19345,6437.381671,29978.956251,6437.381671,0.000000,,,0,1,,,,,0.039611,SMALL
ga,hfvrp_n075_m15_s03,75,15,0.000000,19345,4066.673962,21599.500949,4066.673962,0.000000,,,0,1,,,,,16.649327,BIG
ga,hfvrp_n075_m15_s03,75,15,0.000000,1788188834394308794,5569.401214,27145.249613,5569.401214,0.000000,,,0,1,,,,,0.266879,DEFAULT
ga,hfvrp_n075_m15_s03,75,15,0.000000,1788188856144826941,5935.315322,35164.398171,5935.315322,0.000000,,,0,1,,,,,0.035397,SMALL
ga,hfvrp_n075_m15_s04,75,15,0.000000,19345,4206.599815,18605.423408,4206.599815,0.000000,,,0,1,,,,,5.570403,MEDIUM
ga,hfvrp_n075_m15_s03,75,15,0.000000,1788188860482985629,4388.605996,17682.048094,4388.605996,0.000000,,,0,1,,,,,5.409764,MEDIUM
ga,hfvrp_n075_m15_s05,75,15,0.000000,9999,4297.987655,15138.654183,4297.987655,0.000000,,,0,1,,,,,16.830402,BIG
ga,hfvrp_n075_m15_s05,75,15,0.000000,19345,5111.596393,20875.702744,5111.596393,0.000000,,,0,1,,,,,0.272255,DEFAULT
ga,hfvrp_n075_m15_s05,75,15,0.000000,19345,5786.129210,17473.758866,5786.129210,0.000000,,,0,1,,,,,0.039782,SMALL
ga,hfvrp_n100_m20_s02,100,20,0.000000,10,5383.399672,26434.436316,5383.399672,0.000000,,,0,1,,,,,23.050104,BIG
ga,hfvrp_n075_m15_s05,75,15,0.000000,19345,4117.693746,14485.667856,4117.693746,0.000000,,,0,1,,,,,5.614669,MEDIUM
ga,hfvrp_n100_m20_s02,100,20,0.000000,50,7850.810275,43707.371845,7850.810275,0.000000,,,0,1,,,,,0.382121,DEFAULT
ga,hfvrp_n100_m20_s02,100,20,0.000000,50,10032.275345,77583.273824,10032.275345,0.000000,,,0,1,,,,,0.045608,SMALL
ga,hfvrp_n100_m20_s03,100,20,0.000000,1788188791518976447,6386.505357,28077.308492,6386.505357,0.000000,,,0,1,,,,,23.296649,BIG
ga,hfvrp_n100_m20_s01,100,20,0.000000,200,5986.463026,21800.448333,5986.463026,0.000000,,,0,1,,,,,23.241766,BIG
ga,hfvrp_n100_m20_s03,100,20,0.000000,1,8011.445275,42019.535583,8011.445275,0.000000,,,0,1,,,,,0.379601,DEFAULT
ga,hfvrp_n100_m20_s03,100,20,0.000000,1,9651.824948,55316.280535,9651.824948,0.000000,,,0,1,,,,,0.050302,SMALL
ga,hfvrp_n075_m15_s04,75,15,0.000000,19345,4116.045081,17733.663027,4116.045081,0.000000,,,0,1,,,,,16.870686,BIG
ga,hfvrp_n100_m20_s01,100,20,0.000000,999,8061.589564,46898.661991,8061.589564,0.000000,,,0,1,,,,,0.378008,DEFAULT
ga,hfvrp_n100_m20_s01,100,20,0.000000,999,9754.068701,50345.049702,9754.068701,0.000000,,,0,1,,,,,0.055017,SMALL
ga,hfvrp_n075_m15_s03,75,15,0.000000,1788188848722057515,4004.944430,20825.430823,4004.944430,0.000000,,,0,1,,,,,16.720992,BIG
ga,hfvrp_n075_m15_s04,75,15,0.000000,1788189024384908451,4697.634053,21536.088045,4697.634053,0.000000,,,0,1,,,,,0.274779,DEFAULT
ga,hfvrp_n075_m15_s04,75,15,0.000000,1788189071907720219,6344.490805,22937.999550,6344.490805,0.000000,,,0,1,,,,,0.036301,SMALL
ga,hfvrp_n100_m20_s02,100,20,0.000000,50,5468.976460,26783.927810,5468.976460,0.000000,,,0,1,,,,,7.634291,MEDIUM
ga,hfvrp_n100_m20_s04,100,20,0.000000,1788189064802841176,7647.853625,41347.006005,7647.853625,0.000000,,,0,1,,,,,0.374492,DEFAULT
ga,hfvrp_n100_m20_s04,100,20,0.000000,1788189048001573128,8180.029393,38900.655009,8180.029393,0.000000,,,0,1,,,,,0.051868,SMALL
ga,hfvrp_n075_m15_s04,75,15,0.000000,1788189067657080339,4160.456850,20224.299941,4160.456850,0.000000,,,0,1,,,,,5.516167,MEDIUM
ga,hfvrp_n100_m20_s03,100,20,0.000000,1,6185.216875,26512.105731,6185.216875,0.000000,,,0,1,,,,,7.866594,MEDIUM
ga,hfvrp_n100_m20_s01,100,20,0.000000,999,6046.021214,28949.966003,6046.021214,0.000000,,,0,1,,,,,7.581873,MEDIUM
ga,hfvrp_n075_m15_s05,75,15,0.000000,19345,4279.306363,16335.736360,4279.306363,0.000000,,,0,1,,,,,17.107266,BIG
ga,hfvrp_n100_m20_s04,100,20,0.000000,1788188021560202964,5982.150367,27202.685466,5982.150367,0.000000,,,0,1,,,,,7.517988,MEDIUM
ga,hfvrp_n075_m15_s05,75,15,0.000000,1788187991128863691,4826.436677,15675.769818,4826.436677,0.000000,,,0,1,,,,,0.267937,DEFAULT
ga,hfvrp_n075_m15_s05,75,15,0.000000,1788187987106207946,6415.030394,28790.152245,6415.030394,0.000000,,,0,1,,,,,0.037019,SMALL
ga,hfvrp_n075_m15_s05,75,15,0.000000,1788187991447444889,4491.228735,15466.364185,4491.228735,0.000000,,,0,1,,,,,5.563575,MEDIUM
ga,hfvrp_n075_m15_s04,75,15,0.000000,1788188029500793548,3993.664572,19273.424108,3993.664572,0.000000,,,0,1,,,,,16.933792,BIG
ga,hfvrp_n100_m20_s02,100,20,0.000000,50,5581.650680,27928.023937,5581.650680,0.000000,,,0,1,,,,,23.206120,BIG
ga,hfvrp_n100_m20_s05,100,20,0.000000,1788188087059154569,7755.696187,48760.992594,7755.696187,0.000000,,,0,1,,,,,0.385748,DEFAULT
ga,hfvrp_n100_m20_s05,100,20,0.000000,1788188065974348886,9249.778814,64336.043492,9249.778814,0.000000,,,0,1,,,,,0.059886,SMALL
ga,hfvrp_n100_m20_s02,100,20,0.000000,75,7573.986765,51171.479209,7573.986765,0.000000,,,0,1,,,,,0.366707,DEFAULT
ga,hfvrp_n100_m20_s02,100,20,0.000000,75,9375.430561,63667.426062,9375.430561,0.000000,,,0,1,,,,,0.049469,SMALL
ga,hfvrp_n100_m20_s03,100,20,0.000000,1,6158.874013,26063.131456,6158.874013,0.000000,,,0,1,,,,,23.216090,BIG
ga,hfvrp_n100_m20_s01,100,20,0.000000,999,6348.382044,22060.350313,6348.382044,0.000000,,,0,1,,,,,23.470840,BIG
ga,hfvrp_n100_m20_s03,100,20,0.000000,10,8507.213785,37202.409221,8507.213785,0.000000,,,0,1,,,,,0.382495,DEFAULT
ga,hfvrp_n100_m20_s03,100,20,0.000000,10,8473.180799,38243.542548,8473.180799,0.000000,,,0,1,,,,,0.055547,SMALL
ga,hfvrp_n100_m20_s05,100,20,0.000000,1788188182007776279,6041.611478,28115.693000,6041.611478,0.000000,,,0,1,,,,,7.609368,MEDIUM
ga,hfvrp_n100_m20_s04,100,20,0.000000,1788187994724704580,6177.477134,26143.831582,6177.477134,0.000000,,,0,1,,,,,23.188967,BIG
ga,hfvrp_n100_m20_s01,100,20,0.000000,1234,7992.181745,36313.000191,7992.181745,0.000000,,,0,1,,,,,0.375189,DEFAULT
ga,hfvrp_n100_m20_s01,100,20,0.000000,1234,9459.930507,63839.946001,9459.930507,0.000000,,,0,1,,,,,0.049105,SMALL
ga,hfvrp_n075_m15_s05,75,15,0.000000,1788188018495754215,3876.557494,12885.961776,3876.557494,0.000000,,,0,1,,,,,16.758656,BIG
ga,hfvrp_n100_m20_s02,100,20,0.000000,75,5916.712570,26001.655653,5916.712570,0.000000,,,0,1,,,,,7.665198,MEDIUM
ga,hfvrp_n100_m20_s04,100,20,0.000000,1,6866.551524,37444.719279,6866.551524,0.000000,,,0,1,,,,,0.376963,DEFAULT
ga,hfvrp_n100_m20_s04,100,20,0.000000,1,9351.955513,58531.548235,9351.955513,0.000000,,,0,1,,,,,0.054854,SMALL
ga,hfvrp_n100_m20_s03,100,20,0.000000,10,6446.966814,29450.750508,6446.966814,0.000000,,,0,1,,,,,7.525446,MEDIUM
ga,hfvrp_n150_m30_s01,150,30,0.000000,1788188367765753319,17259.609024,84613.841809,17259.609024,0.000000,,,0,1,,,,,0.687659,DEFAULT
ga,hfvrp_n150_m30_s01,150,30,0.000000,1788188377053135810,19415.624958,99619.120034,19415.624958,0.000000,,,0,1,,,,,0.100727,SMALL
ga,hfvrp_n100_m20_s01,100,20,0.000000,1234,6207.555135,27695.470609,6207.555135,0.000000,,,0,1,,,,,7.607829,MEDIUM
ga,hfvrp_n100_m20_s04,100,20,0.000000,1,6160.869440,24943.522292,6160.869440,0.000000,,,0,1,,,,,7.551173,MEDIUM
ga,hfvrp_n150_m30_s01,150,30,0.000000,1788188381452581211,12544.810605,44923.267669,12544.810605,0.000000,,,0,1,,,,,13.673533,MEDIUM
ga,hfvrp_n100_m20_s05,100,20,0.000000,1788188258340904717,6045.569052,24539.750430,6045.569052,0.000000,,,0,1,,,,,23.469247,BIG
ga,hfvrp_n100_m20_s02,100,20,0.000000,75,5647.171392,27818.781839,5647.171392,0.000000,,,0,1,,,,,23.071978,BIG
ga,hfvrp_n100_m20_s05,100,20,0.000000,1,8357.632655,49803.333379,8357.632655,0.000000,,,0,1,,,,,0.364623,DEFAULT
ga,hfvrp_n100_m20_s05,100,20,0.000000,1,9857.315475,62493.253440,9857.315475,0.000000,,,0,1,,,,,0.050695,SMALL
ga,hfvrp_n100_m20_s02,100,20,0.000000,100,8346.777702,44159.919103,8346.777702,0.000000,,,0,1,,,,,0.363866,DEFAULT
ga,hfvrp_n100_m20_s02,100,20,0.000000,100,9055.639568,50890.641420,9055.639568,0.000000,,,0,1,,,,,0.058187,SMALL
ga,hfvrp_n100_m20_s03,100,20,0.000000,10,5758.556175,28548.638854,5758.556175,0.000000,,,0,1,,,,,23.235186,BIG
ga,hfvrp_n100_m20_s01,100,20,0.000000,1234,6032.415773,24613.838054,6032.415773,0.000000,,,0,1,,,,,23.228087,BIG
ga,hfvrp_n100_m20_s03,100,20,0.000000,50,8319.885950,43010.552719,8319.885950,0.000000,,,0,1,,,,,0.381295,DEFAULT
ga,hfvrp_n100_m20_s03,100,20,0.000000,50,8614.440824,40355.409074,8614.440824,0.000000,,,0,1,,,,,0.052230,SMALL
ga,hfvrp_n100_m20_s01,100,20,0.000000,9999,8014.901126,42389.249997,8014.901126,0.000000,,,0,1,,,,,0.365774,DEFAULT
ga,hfvrp_n100_m20_s01,100,20,0.000000,9999,9460.635323,55037.603807,9460.635323,0.000000,,,0,1,,,,,0.052297,SMALL
ga,hfvrp_n100_m20_s04,100,20,0.000000,1,6211.880278,28561.440697,6211.880278,0.000000,,,0,1,,,,,23.542762,BIG
ga,hfvrp_n100_m20_s05,100,20,0.000000,1,5954.760257,22421.194834,5954.760257,0.000000,,,0,1,,,,,7.663289,MEDIUM
ga,hfvrp_n100_m20_s02,100,20,0.000000,100,5696.571468,27573.804524,5696.571468,0.000000,,,0,1,,,,,7.617648,MEDIUM
ga,hfvrp_n100_m20_s04,100,20,0.000000,10,7740.562676,33449.534412,7740.562676,0.000000,,,0,1,,,,,0.366989,DEFAULT
ga,hfvrp_n100_m20_s04,100,20,0.000000,10,7872.679930,35592.178474,7872.679930,0.000000,,,0,1,,,,,0.052971,SMALL
ga,hfvrp_n100_m20_s03,100,20,0.000000,50,6907.025156,32533.620825,6907.025156,0.000000,,,0,1,,,,,7.704376,MEDIUM
ga,hfvrp_n100_m20_s01,100,20,0.000000,9999,6549.075257,34091.075965,6549.075257,0.000000,,,0,1,,,,,7.515300,MEDIUM
ga,hfvrp_n100_m20_s04,100,20,0.000000,10,5817.354359,27651.038970,5817.354359,0.000000,,,0,1,,,,,7.632905,MEDIUM
ga,hfvrp_n100_m20_s05,100,20,0.000000,1,5716.993621,23396.731237,5716.993621,0.000000,,,0,1,,,,,23.369867,BIG
ga,hfvrp_n100_m20_s02,100,20,0.000000,100,5735.720164,24806.534231,5735.720164,0.000000,,,0,1,,,,,23.007022,BIG
ga,hfvrp_n100_m20_s05,100,20,0.000000,10,7712.910545,52960.041995,7712.910545,0.000000,,,0,1,,,,,0.375903,DEFAULT
ga,hfvrp_n100_m20_s05,100,20,0.000000,10,9955.255115,57963.231808,9955.255115,0.000000,,,0,1,,,,,0.052530,SMALL
ga,hfvrp_n100_m20_s02,100,20,0.000000,200,6467.783937,31929.395875,6467.783937,0.000000,,,0,1,,,,,0.369204,DEFAULT
ga,hfvrp_n100_m20_s02,100,20,0.000000,200,9394.815209,58525.027802,9394.815209,0.000000,,,0,1,,,,,0.052043,SMALL
ga,hfvrp_n150_m30_s01,150,30,0.000000,1788188373655845264,12695.805033,67586.106858,12695.805033,0.000000,,,0,1,,,,,41.552969,BIG
ga,hfvrp_n100_m20_s03,100,20,0.000000,50,6297.094607,30684.021017,6297.094607,0.000000,,,0,1,,,,,23.641823,BIG
ga,hfvrp_n100_m20_s01,100,20,0.000000,9999,6443.585205,29891.225901,6443.585205,0.000000,,,0,1,,,,,23.026003,BIG
ga,hfvrp_n100_m20_s03,100,20,0.000000,75,8177.490103,41276.368221,8177.490103,0.000000,,,0,1,,,,,0.386689,DEFAULT
ga,hfvrp_n100_m20_s01,100,20,0.000000,19345,8044.949969,39838.067434,8044.949969,0.000000,,,0,1,,,,,0.383463,DEFAULT
ga,hfvrp_n100_m20_s03,100,20,0.000000,75,9756.765305,50434.337667,9756.765305,0.000000,,,0,1,,,,,0.054383,SMALL
ga,hfvrp_n100_m20_s01,100,20,0.000000,19345,9863.089375,69986.036001,9863.089375,0.000000,,,0,1,,,,,0.061845,SMALL
ga,hfvrp_n100_m20_s04,100,20,0.000000,10,5734.439846,20723.854451,5734.439846,0.000000,,,0,1,,,,,23.290487,BIG
ga,hfvrp_n100_m20_s05,100,20,0.000000,10,5987.590248,20688.932399,5987.590248,0.000000,,,0,1,,,,,7.557424,MEDIUM
ga,hfvrp_n100_m20_s02,100,20,0.000000,200,5489.353178,25682.964619,5489.353178,0.000000,,,0,1,,,,,7.538333,MEDIUM
ga,hfvrp_n100_m20_s04,100,20,0.000000,50,6791.325622,39323.526373,6791.325622,0.000000,,,0,1,,,,,0.371444,DEFAULT
ga,hfvrp_n100_m20_s04,100,20,0.000000,50,10622.075515,62804.666809,10622.075515,0.000000,,,0,1,,,,,0.054190,SMALL
ga,hfvrp_n150_m30_s01,150,30,0.000000,1,15451.015543,61622.994097,15451.015543,0.000000,,,0,1,,,,,0.694833,DEFAULT
ga,hfvrp_n150_m30_s01,150,30,0.000000,1,15694.208817,68933.547093,15694.208817,0.000000,,,0,1,,,,,0.104056,SMALL
ga,hfvrp_n100_m20_s01,100,20,0.000000,19345,6308.382827,26108.075215,6308.382827,0.000000,,,0,1,,,,,7.569283,MEDIUM
ga,hfvrp_n100_m20_s03,100,20,0.000000,75,6355.816126,32616.031376,6355.816126,0.000000,,,0,1,,,,,7.768074,MEDIUM
ga,hfvrp_n100_m20_s04,100,20,0.000000,50,5624.753618,25974.591475,5624.753618,0.000000,,,0,1,,,,,7.680715,MEDIUM
ga,hfvrp_n150_m30_s01,150,30,0.000000,1,11514.901804,72608.571715,11514.901804,0.000000,,,0,1,,,,,13.773942,MEDIUM
ga,hfvrp_n100_m20_s05,100,20,0.000000,10,5872.612567,30671.092502,5872.612567,0.000000,,,0,1,,,,,22.812447,BIG
ga,hfvrp_n100_m20_s02,100,20,0.000000,200,5372.614798,26632.860430,5372.614798,0.000000,,,0,1,,,,,23.330928,BIG
ga,hfvrp_n100_m20_s05,100,20,0.000000,50,7588.121655,47225.772842,7588.121655,0.000000,,,0,1,,,,,0.384462,DEFAULT
ga,hfvrp_n100_m20_s05,100,20,0.000000,50,9363.002970,56282.369666,9363.002970,0.000000,,,0,1,,,,,0.059023,SMALL
ga,hfvrp_n100_m20_s02,100,20,0.000000,999,7754.548916,42096.348202,7754.548916,0.000000,,,0,1,,,,,0.379205,DEFAULT
ga,hfvrp_n100_m20_s02,100,20,0.000000,999,9936.967675,78541.942211,9936.967675,0.000000,,,0,1,,,,,0.047486,SMALL
ga,hfvrp_n100_m20_s03,100,20,0.000000,75,6406.534923,30888.375891,6406.534923,0.000000,,,0,1,,,,,23.093498,BIG
ga,hfvrp_n100_m20_s01,100,20,0.000000,19345,6020.989643,28518.166356,6020.989643,0.000000,,,0,1,,,,,23.493151,BIG
ga,hfvrp_n100_m20_s03,100,20,0.000000,100,8007.456134,41379.795255,8007.456134,0.000000,,,0,1,,,,,0.382744,DEFAULT
ga,hfvrp_n100_m20_s03,100,20,0.000000,100,8934.097909,45564.421669,8934.097909,0.000000,,,0,1,,,,,0.053770,SMALL
ga,hfvrp_n100_m20_s01,100,20,0.000000,1788187867678834621,8739.899167,49752.871893,8739.899167,0.000000,,,0,1,,,,,0.369360,DEFAULT
ga,hfvrp_n100_m20_s01,100,20,0.000000,1788187863756770845,10147.531980,55664.500307,10147.531980,0.000000,,,0,1,,,,,0.048571,SMALL
ga,hfvrp_n100_m20_s05,100,20,0.000000,50,5993.937894,25971.045423,5993.937894,0.000000,,,0,1,,,,,7.587187,MEDIUM
ga,hfvrp_n100_m20_s04,100,20,0.000000,50,5931.587361,27573.330135,5931.587361,0.000000,,,0,1,,,,,23.321699,BIG
ga,hfvrp_n100_m20_s02,100,20,0.000000,999,6056.119454,25493.863192,6056.119454,0.000000,,,0,1,,,,,7.789013,MEDIUM
ga,hfvrp_n100_m20_s04,100,20,0.000000,75,7230.990152,30776.924702,7230.990152,0.000000,,,0,1,,,,,0.390010,DEFAULT
ga,hfvrp_n100_m20_s04,100,20,0.000000,75,8554.919628,46098.493870,8554.919628,0.000000,,,0,1,,,,,0.061090,SMALL
ga,hfvrp_n100_m20_s03,100,20,0.000000,100,6407.613550,25982.037872,6407.613550,0.000000,,,0,1,,,,,7.646455,MEDIUM
ga,hfvrp_n100_m20_s01,100,20,0.000000,1788187850923827389,6736.487367,32231.226184,6736.487367,0.000000,,,0,1,,,,,7.779547,MEDIUM
ga,hfvrp_n100_m20_s04,100,20,0.000000,75,6107.621435,34615.238556,6107.621435,0.000000,,,0,1,,,,,7.464807,MEDIUM
ga,hfvrp_n100_m20_s05,100,20,0.000000,50,5947.202931,19137.625886,5947.202931,0.000000,,,0,1,,,,,23.133251,BIG
ga,hfvrp_n100_m20_s02,100,20,0.000000,999,5741.022883,26214.480187,5741.022883,0.000000,,,0,1,,,,,23.071283,BIG
ga,hfvrp_n150_m30_s01,150,30,0.000000,1,10921.433558,50665.930738,10921.433558,0.000000,,,0,1,,,,,41.514211,BIG
ga,hfvrp_n100_m20_s05,100,20,0.000000,75,7459.935090,43077.696862,7459.935090,0.000000,,,0,1,,,,,0.377662,DEFAULT
ga,hfvrp_n100_m20_s05,100,20,0.000000,75,9768.094108,49087.559561,9768.094108,0.000000,,,0,1,,,,,0.056046,SMALL
ga,hfvrp_n100_m20_s02,100,20,0.000000,1234,7517.790386,56289.177876,7517.790386,0.000000,,,0,1,,,,,0.369175,DEFAULT
ga,hfvrp_n100_m20_s02,100,20,0.000000,1234,10026.776951,52954.575901,10026.776951,0.000000,,,0,1,,,,,0.048776,SMALL
ga,hfvrp_n100_m20_s03,100,20,0.000000,100,6068.129057,29811.634185,6068.129057,0.000000,,,0,1,,,,,22.999998,BIG
ga,hfvrp_n100_m20_s01,100,20,0.000000,1788187957497759680,5747.271229,27307.358052,5747.271229,0.000000,,,0,1,,,,,23.564797,BIG
ga,hfvrp_n150_m30_s01,150,30,0.000000,10,14182.086978,61854.427211,14182.086978,0.000000,,,0,1,,,,,0.680887,DEFAULT
ga,hfvrp_n150_m30_s01,150,30,0.000000,10,18414.790955,101706.834875,18414.790955,0.000000,,,0,1,,,,,0.100096,SMALL
ga,hfvrp_n100_m20_s03,100,20,0.000000,200,7469.018546,31715.485378,7469.018546,0.000000,,,0,1,,,,,0.374538,DEFAULT
ga,hfvrp_n100_m20_s03,100,20,0.000000,200,9720.318175,51513.545046,9720.318175,0.000000,,,0,1,,,,,0.048974,SMALL
ga,hfvrp_n100_m20_s04,100,20,0.000000,75,5742.010030,28816.436478,5742.010030,0.000000,,,0,1,,,,,23.522166,BIG
ga,hfvrp_n100_m20_s05,100,20,0.000000,75,5792.559882,29444.069396,5792.559882,0.000000,,,0,1,,,,,7.818381,MEDIUM
ga,hfvrp_n100_m20_s02,100,20,0.000000,1234,5586.522821,28052.876732,5586.522821,0.000000,,,0,1,,,,,7.564847,MEDIUM
ga,hfvrp_n100_m20_s04,100,20,0.000000,100,7780.128021,41850.646699,7780.128021,0.000000,,,0,1,,,,,0.361593,DEFAULT
ga,hfvrp_n100_m20_s04,100,20,0.000000,100,9195.580539,47991.193343,9195.580539,0.000000,,,0,1,,,,,0.055164,SMALL
ga,hfvrp_n150_m30_s02,150,30,0.000000,1788187068302667141,16407.679639,85918.008402,16407.679639,0.000000,,,0,1,,,,,0.699103,DEFAULT
ga,hfvrp_n150_m30_s02,150,30,0.000000,1788187064710918705,20312.926253,95381.206143,20312.926253,0.000000,,,0,1,,,,,0.088508,SMALL
ga,hfvrp_n100_m20_s03,100,20,0.000000,200,6386.139468,34068.851558,6386.139468,0.000000,,,0,1,,,,,7.508280,MEDIUM
ga,hfvrp_n100_m20_s04,100,20,0.000000,100,5893.629183,29499.526001,5893.629183,0.000000,,,0,1,,,,,7.408038,MEDIUM
ga,hfvrp_n150_m30_s01,150,30,0.000000,10,11405.978448,45822.774976,11405.978448,0.000000,,,0,1,,,,,14.068708,MEDIUM
ga,hfvrp_n150_m30_s02,150,30,0.000000,1788187060513703148,10615.168525,46720.009161,10615.168525,0.000000,,,0,1,,,,,13.999487,MEDIUM
ga,hfvrp_n100_m20_s05,100,20,0.000000,75,5982.618484,23843.829142,5982.618484,0.000000,,,0,1,,,,,23.485095,BIG
ga,hfvrp_n100_m20_s02,100,20,0.000000,1234,5909.407500,32696.202102,5909.407500,0.000000,,,0,1,,,,,23.257918,BIG
ga,hfvrp_n100_m20_s05,100,20,0.000000,100,7926.624333,47641.028856,7926.624333,0.000000,,,0,1,,,,,0.391878,DEFAULT
ga,hfvrp_n100_m20_s05,100,20,0.000000,100,9249.682201,56859.348430,9249.682201,0.000000,,,0,1,,,,,0.056608,SMALL
ga,hfvrp_n100_m20_s02,100,20,0.000000,9999,7410.811234,34844.728909,7410.811234,0.000000,,,0,1,,,,,0.383933,DEFAULT
ga,hfvrp_n100_m20_s02,100,20,0.000000,9999,8328.973156,45464.457026,8328.973156,0.000000,,,0,1,,,,,0.054605,SMALL
ga,hfvrp_n100_m20_s03,100,20,0.000000,200,6529.448883,29041.861582,6529.448883,0.000000,,,0,1,,,,,23.048421,BIG
ga,hfvrp_n100_m20_s03,100,20,0.000000,999,7842.980650,33439.691054,7842.980650,0.000000,,,0,1,,,,,0.378936,DEFAULT
ga,hfvrp_n100_m20_s03,100,20,0.000000,999,9235.125723,48777.798259,9235.125723,0.000000,,,0,1,,,,,0.051735,SMALL
ga,hfvrp_n100_m20_s04,100,20,0.000000,100,5872.925685,24975.056756,5872.925685,0.000000,,,0,1,,,,,23.010558,BIG
ga,hfvrp_n100_m20_s05,100,20,0.000000,100,5852.023795,29132.427500,5852.023795,0.000000,,,0,1,,,,,7.644865,MEDIUM
ga,hfvrp_n100_m20_s02,100,20,0.000000,9999,5417.174299,28007.017488,5417.174299,0.000000,,,0,1,,,,,7.704125,MEDIUM
ga,hfvrp_n100_m20_s04,100,20,0.000000,200,7205.222922,37647.051917,7205.222922,0.000000,,,0,1,,,,,0.368433,DEFAULT
ga,hfvrp_n100_m20_s04,100,20,0.000000,200,8835.573163,52698.395208,8835.573163,0.000000,,,0,1,,,,,0.053800,SMALL
ga,hfvrp_n100_m20_s03,100,20,0.000000,999,6017.807642,27483.281727,6017.807642,0.000000,,,0,1,,,,,7.672783,MEDIUM
ga,hfvrp_n100_m20_s04,100,20,0.000000,200,6279.549183,23512.542474,6279.549183,0.000000,,,0,1,,,,,7.543042,MEDIUM
ga,hfvrp_n150_m30_s01,150,30,0.000000,10,11453.959245,46711.017001,11453.959245,0.000000,,,0,1,,,,,43.396812,BIG
ga,hfvrp_n100_m20_s05,100,20,0.000000,100,5832.061999,22688.422134,5832.061999,0.000000,,,0,1,,,,,23.192342,BIG
ga,hfvrp_n100_m20_s02,100,20,0.000000,9999,5456.671815,28439.669339,5456.671815,0.000000,,,0,1,,,,,23.555897,BIG
ga,hfvrp_n100_m20_s05,100,20,0.000000,200,7696.491494,55678.501753,7696.491494,0.000000,,,0,1,,,,,0.374940,DEFAULT
ga,hfvrp_n100_m20_s05,100,20,0.000000,200,9865.807137,60061.491955,9865.807137,0.000000,,,0,1,,,,,0.054762,SMALL
ga,hfvrp_n100_m20_s02,100,20,0.000000,19345,6818.605564,33909.717855,6818.605564,0.000000,,,0,1,,,,,0.371934,DEFAULT
ga,hfvrp_n100_m20_s02,100,20,0.000000,19345,9821.493026,71980.447612,9821.493026,0.000000,,,0,1,,,,,0.049976,SMALL
ga,hfvrp_n150_m30_s02,150,30,0.000000,1788187134648130749,11189.109336,48196.791146,11189.109336,0.000000,,,0,1,,,,,41.634742,BIG
ga,hfvrp_n150_m30_s01,150,30,0.000000,50,15783.117445,86630.996883,15783.117445,0.000000,,,0,1,,,,,0.685194,DEFAULT
ga,hfvrp_n150_m30_s01,150,30,0.000000,50,18090.875955,100302.766852,18090.875955,0.000000,,,0,1,,,,,0.104628,SMALL
ga,hfvrp_n100_m20_s03,100,20,0.000000,999,5917.394364,29037.748185,5917.394364,0.000000,,,0,1,,,,,23.393982,BIG
ga,hfvrp_n100_m20_s03,100,20,0.000000,1234,8273.462198,43135.433029,8273.462198,0.000000,,,0,1,,,,,0.375450,DEFAULT
ga,hfvrp_n100_m20_s03,100,20,0.000000,1234,9953.611566,53908.504781,9953.611566,0.000000,,,0,1,,,,,0.051154,SMALL
ga,hfvrp_n100_m20_s04,100,20,0.000000,200,5772.224734,25820.676745,5772.224734,0.000000,,,0,1,,,,,23.220943,BIG
ga,hfvrp_n100_m20_s05,100,20,0.000000,200,6282.122972,35572.216854,6282.122972,0.000000,,,0,1,,,,,7.776099,MEDIUM
ga,hfvrp_n100_m20_s02,100,20,0.000000,19345,5452.331019,26355.011244,5452.331019,0.000000,,,0,1,,,,,7.591968,MEDIUM
ga,hfvrp_n150_m30_s02,150,30,0.000000,1,16341.457832,60221.336944,16341.457832,0.000000,,,0,1,,,,,0.685200,DEFAULT
ga,hfvrp_n100_m20_s04,100,20,0.000000,999,7270.504750,39346.647591,7270.504750,0.000000,,,0,1,,,,,0.360013,DEFAULT
ga,hfvrp_n150_m30_s02,150,30,0.000000,1,16224.173978,63157.117043,16224.173978,0.000000,,,0,1,,,,,0.096885,SMALL
ga,hfvrp_n100_m20_s04,100,20,0.000000,999,8735.416975,41911.546907,8735.416975,0.000000,,,0,1,,,,,0.047588,SMALL
ga,hfvrp_n100_m20_s03,100,20,0.000000,1234,6072.788148,26479.840903,6072.788148,0.000000,,,0,1,,,,,7.615661,MEDIUM
ga,hfvrp_n100_m20_s04,100,20,0.000000,999,6000.918576,27790.544394,6000.918576,0.000000,,,0,1,,,,,7.681507,MEDIUM
ga,hfvrp_n150_m30_s01,150,30,0.000000,50,11125.592611,56727.468560,11125.592611,0.000000,,,0,1,,,,,13.748927,MEDIUM
ga,hfvrp_n150_m30_s02,150,30,0.000000,1,10560.286274,48546.874938,10560.286274,0.000000,,,0,1,,,,,14.158315,MEDIUM
ga,hfvrp_n100_m20_s05,100,20,0.000000,200,5791.419335,23760.763327,5791.419335,0.000000,,,0,1,,,,,23.460060,BIG
ga,hfvrp_n100_m20_s02,100,20,0.000000,19345,5412.989952,26905.644175,5412.989952,0.000000,,,0,1,,,,,23.419543,BIG
ga,hfvrp_n100_m20_s05,100,20,0.000000,999,7212.648592,40727.337133,7212.648592,0.000000,,,0,1,,,,,0.405321,DEFAULT
ga,hfvrp_n100_m20_s05,100,20,0.000000,999,8857.351216,60994.762660,8857.351216,0.000000,,,0,1,,,,,0.051727,SMALL
ga,hfvrp_n100_m20_s02,100,20,0.000000,1788185498904150502,7833.239650,45020.541644,7833.239650,0.000000,,,0,1,,,,,0.398971,DEFAULT
ga,hfvrp_n100_m20_s02,100,20,0.000000,1788184971026577024,8097.609988,45905.011655,8097.609988,0.000000,,,0,1,,,,,0.049771,SMALL
ga,hfvrp_n100_m20_s03,100,20,0.000000,1234,6392.075126,29017.897795,6392.075126,0.000000,,,0,1,,,,,23.431853,BIG
ga,hfvrp_n100_m20_s03,100,20,0.000000,9999,7691.477016,37246.218050,7691.477016,0.000000,,,0,1,,,,,0.387704,DEFAULT
ga,hfvrp_n100_m20_s03,100,20,0.000000,9999,9036.687330,59331.411722,9036.687330,0.000000,,,0,1,,,,,0.055947,SMALL
ga,hfvrp_n100_m20_s04,100,20,0.000000,999,6040.029025,29358.866904,6040.029025,0.000000,,,0,1,,,,,23.422231,BIG
ga,hfvrp_n100_m20_s05,100,20,0.000000,999,5967.779403,28637.115258,5967.779403,0.000000,,,0,1,,,,,7.720154,MEDIUM
ga,hfvrp_n100_m20_s02,100,20,0.000000,1788184966785750632,5954.960391,29550.206938,5954.960391,0.000000,,,0,1,,,,,7.685268,MEDIUM
ga,hfvrp_n100_m20_s04,100,20,0.000000,1234,6855.271800,30453.273570,6855.271800,0.000000,,,0,1,,,,,0.406208,DEFAULT
ga,hfvrp_n100_m20_s04,100,20,0.000000,1234,9904.916528,60685.476297,9904.916528,0.000000,,,0,1,,,,,0.051464,SMALL
ga,hfvrp_n100_m20_s03,100,20,0.000000,9999,6078.231924,30743.646984,6078.231924,0.000000,,,0,1,,,,,8.056108,MEDIUM
ga,hfvrp_n100_m20_s04,100,20,0.000000,1234,6066.524449,24698.462582,6066.524449,0.000000,,,0,1,,,,,7.930526,MEDIUM
ga,hfvrp_n150_m30_s01,150,30,0.000000,50,10165.658936,44933.767596,10165.658936,0.000000,,,0,1,,,,,44.035055,BIG
ga,hfvrp_n100_m20_s02,100,20,0.000000,1788185219288922908,5642.129054,24586.436669,5642.129054,0.000000,,,0,1,,,,,23.978634,BIG
ga,hfvrp_n100_m20_s05,100,20,0.000000,999,5991.281918,24067.832681,5991.281918,0.000000,,,0,1,,,,,24.197349,BIG
ga,hfvrp_n150_m30_s02,150,30,0.000000,1,10947.901113,47212.101163,10947.901113,0.000000,,,0,1,,,,,43.803530,BIG
ga,hfvrp_n100_m20_s05,100,20,0.000000,1234,8364.705277,46117.819475,8364.705277,0.000000,,,0,1,,,,,0.379927,DEFAULT
ga,hfvrp_n100_m20_s05,100,20,0.000000,1234,10057.710862,66190.419283,10057.710862,0.000000,,,0,1,,,,,0.049880,SMALL
ga,hfvrp_n150_m30_s01,150,30,0.000000,75,16665.220383,89932.055979,16665.220383,0.000000,,,0,1,,,,,0.681129,DEFAULT
ga,hfvrp_n150_m30_s01,150,30,0.000000,75,20041.812062,103899.671426,20041.812062,0.000000,,,0,1,,,,,0.098157,SMALL
ga,hfvrp_n100_m20_s03,100,20,0.000000,9999,5938.154520,29636.754125,5938.154520,0.000000,,,0,1,,,,,23.794688,BIG
ga,hfvrp_n150_m30_s03,150,30,0.000000,1788184338959486283,16855.019997,82126.495014,16855.019997,0.000000,,,0,1,,,,,0.665782,DEFAULT
ga,hfvrp_n150_m30_s03,150,30,0.000000,1788184343924730698,20903.659989,119283.096562,20903.659989,0.000000,,,0,1,,,,,0.097093,SMALL
ga,hfvrp_n100_m20_s04,100,20,0.000000,1234,5741.923209,27195.215172,5741.923209,0.000000,,,0,1,,,,,23.216970,BIG
ga,hfvrp_n100_m20_s03,100,20,0.000000,19345,7737.233111,32360.227249,7737.233111,0.000000,,,0,1,,,,,0.382813,DEFAULT
ga,hfvrp_n100_m20_s03,100,20,0.000000,19345,9601.285591,43485.324335,9601.285591,0.000000,,,0,1,,,,,0.052439,SMALL
ga,hfvrp_n150_m30_s02,150,30,0.000000,10,16203.532771,63261.632907,16203.532771,0.000000,,,0,1,,,,,0.706090,DEFAULT
ga,hfvrp_n150_m30_s02,150,30,0.000000,10,22666.388308,104660.704056,22666.388308,0.000000,,,0,1,,,,,0.082179,SMALL
ga,hfvrp_n100_m20_s04,100,20,0.000000,9999,7675.667588,42910.140706,7675.667588,0.000000,,,0,1,,,,,0.372560,DEFAULT
ga,hfvrp_n100_m20_s04,100,20,0.000000,9999,8778.207065,46072.651702,8778.207065,0.000000,,,0,1,,,,,0.054583,SMALL
ga,hfvrp_n100_m20_s05,100,20,0.000000,1234,5534.147994,21657.687007,5534.147994,0.000000,,,0,1,,,,,7.599601,MEDIUM
ga,hfvrp_n100_m20_s03,100,20,0.000000,19345,6545.056701,30893.228287,6545.056701,0.000000,,,0,1,,,,,7.542215,MEDIUM
ga,hfvrp_n150_m30_s01,150,30,0.000000,75,10148.000508,47523.913985,10148.000508,0.000000,,,0,1,,,,,14.018319,MEDIUM
ga,hfvrp_n100_m20_s04,100,20,0.000000,9999,5902.934806,26007.495060,5902.934806,0.000000,,,0,1,,,,,7.600192,MEDIUM
ga,hfvrp_n150_m30_s03,150,30,0.000000,1788184313961573606,11718.720663,50781.079774,11718.720663,0.000000,,,0,1,,,,,14.058198,MEDIUM
ga,hfvrp_n150_m30_s02,150,30,0.000000,10,11478.038461,48068.647896,11478.038461,0.000000,,,0,1,,,,,13.816642,MEDIUM
ga,hfvrp_n100_m20_s05,100,20,0.000000,1234,5925.935541,24098.688810,5925.935541,0.000000,,,0,1,,,,,22.993703,BIG
ga,hfvrp_n100_m20_s05,100,20,0.000000,9999,7701.146745,53383.484344,7701.146745,0.000000,,,0,1,,,,,0.379177,DEFAULT
ga,hfvrp_n100_m20_s05,100,20,0.000000,9999,9501.453483,56789.208280,9501.453483,0.000000,,,0,1,,,,,0.053070,SMALL
ga,hfvrp_n100_m20_s03,100,20,0.000000,19345,6251.561697,29297.941303,6251.561697,0.000000,,,0,1,,,,,23.334213,BIG
ga,hfvrp_n100_m20_s04,100,20,0.000000,9999,5869.093616,23223.222441,5869.093616,0.000000,,,0,1,,,,,23.257867,BIG
ga,hfvrp_n100_m20_s03,100,20,0.000000,1788183948202751727,7639.098336,45375.994845,7639.098336,0.000000,,,0,1,,,,,0.390227,DEFAULT
ga,hfvrp_n100_m20_s03,100,20,0.000000,1788183987256198238,10394.572242,58370.079116,10394.572242,0.000000,,,0,1,,,,,0.049718,SMALL
ga,hfvrp_n100_m20_s04,100,20,0.000000,19345,7655.404314,39170.322030,7655.404314,0.000000,,,0,1,,,,,0.373958,DEFAULT
ga,hfvrp_n100_m20_s04,100,20,0.000000,19345,8266.046627,47364.682603,8266.046627,0.000000,,,0,1,,,,,0.051804,SMALL
ga,hfvrp_n100_m20_s05,100,20,0.000000,9999,5931.520447,19866.905564,5931.520447,0.000000,,,0,1,,,,,7.612826,MEDIUM
ga,hfvrp_n100_m20_s03,100,20,0.000000,1788183991609684836,6801.301847,30752.621480,6801.301847,0.000000,,,0,1,,,,,7.566800,MEDIUM
ga,hfvrp_n100_m20_s04,100,20,0.000000,19345,5648.381525,28666.171495,5648.381525,0.000000,,,0,1,,,,,7.648462,MEDIUM
ga,hfvrp_n150_m30_s01,150,30,0.000000,75,10123.740330,45311.274427,10123.740330,0.000000,,,0,1,,,,,42.433086,BIG
ga,hfvrp_n150_m30_s03,150,30,0.000000,1788184302255335988,11932.413449,51087.272028,11932.413449,0.000000,,,0,1,,,,,42.466113,BIG
ga,hfvrp_n150_m30_s02,150,30,0.000000,10,10788.952198,53730.824792,10788.952198,0.000000,,,0,1,,,,,42.737852,BIG
ga,hfvrp_n150_m30_s01,150,30,0.000000,100,16766.615150,71050.634413,16766.615150,0.000000,,,0,1,,,,,0.685714,DEFAULT
ga,hfvrp_n150_m30_s01,150,30,0.000000,100,19175.349494,113888.505833,19175.349494,0.000000,,,0,1,,,,,0.107476,SMALL
ga,hfvrp_n100_m20_s05,100,20,0.000000,9999,5717.830949,22968.500424,5717.830949,0.000000,,,0,1,,,,,23.554490,BIG
ga,hfvrp_n100_m20_s05,100,20,0.000000,19345,6806.081570,40650.831645,6806.081570,0.000000,,,0,1,,,,,0.382100,DEFAULT
ga,hfvrp_n100_m20_s05,100,20,0.000000,19345,8909.714209,53368.962857,8909.714209,0.000000,,,0,1,,,,,0.057302,SMALL
ga,hfvrp_n150_m30_s03,150,30,0.000000,1,16132.447677,73594.736452,16132.447677,0.000000,,,0,1,,,,,0.693357,DEFAULT
ga,hfvrp_n150_m30_s03,150,30,0.000000,1,19629.823270,81287.424843,19629.823270,0.000000,,,0,1,,,,,0.101764,SMALL
ga,hfvrp_n150_m30_s02,150,30,0.000000,50,14500.611618,82228.574621,14500.611618,0.000000,,,0,1,,,,,0.686091,DEFAULT
ga,hfvrp_n100_m20_s03,100,20,0.000000,1788183969122018709,6461.122374,25936.053158,6461.122374,0.000000,,,0,1,,,,,23.067769,BIG
ga,hfvrp_n150_m30_s02,150,30,0.000000,50,17633.329690,82344.241482,17633.329690,0.000000,,,0,1,,,,,0.092330,SMALL
ga,hfvrp_n100_m20_s04,100,20,0.000000,19345,6031.627937,32736.638498,6031.627937,0.000000,,,0,1,,,,,23.608828,BIG
ga,hfvrp_n100_m20_s04,100,20,0.000000,1788184009165399533,7572.798573,39908.719582,7572.798573,0.000000,,,0,1,,,,,0.372300,DEFAULT
ga,hfvrp_n100_m20_s04,100,20,0.000000,1788184013841406206,8928.952181,51826.231194,8928.952181,0.000000,,,0,1,,,,,0.051528,SMALL
ga,hfvrp_n100_m20_s05,100,20,0.000000,19345,6249.720402,27993.484993,6249.720402,0.000000,,,0,1,,,,,7.676777,MEDIUM
ga,hfvrp_n150_m30_s04,150,30,0.000000,1788183710168861852,16485.440865,87770.608154,16485.440865,0.000000,,,0,1,,,,,0.752386,DEFAULT
ga,hfvrp_n150_m30_s04,150,30,0.000000,1788183723810867242,19826.076711,112700.528333,19826.076711,0.000000,,,0,1,,,,,0.092555,SMALL
ga,hfvrp_n150_m30_s01,150,30,0.000000,100,11349.570741,49822.765934,11349.570741,0.000000,,,0,1,,,,,13.938431,MEDIUM
ga,hfvrp_n100_m20_s04,100,20,0.000000,1788184018196239960,5762.494721,29350.469228,5762.494721,0.000000,,,0,1,,,,,7.582394,MEDIUM
ga,hfvrp_n150_m30_s03,150,30,0.000000,1,11777.511179,42674.377650,11777.511179,0.000000,,,0,1,,,,,13.714264,MEDIUM
ga,hfvrp_n150_m30_s02,150,30,0.000000,50,10733.266412,46557.635831,10733.266412,0.000000,,,0,1,,,,,14.452740,MEDIUM
ga,hfvrp_n150_m30_s04,150,30,0.000000,1788183719613017549,12657.983216,62686.859916,12657.983216,0.000000,,,0,1,,,,,13.781240,MEDIUM
ga,hfvrp_n100_m20_s05,100,20,0.000000,19345,5782.329776,19644.736482,5782.329776,0.000000,,,0,1,,,,,23.172062,BIG
ga,hfvrp_n100_m20_s05,100,20,0.000000,1788183794678189603,8267.057183,49701.094474,8267.057183,0.000000,,,0,1,,,,,0.385319,DEFAULT
ga,hfvrp_n100_m20_s05,100,20,0.000000,1788183782188170831,9448.123962,60490.544190,9448.123962,0.000000,,,0,1,,,,,0.057082,SMALL
ga,hfvrp_n100_m20_s04,100,20,0.000000,1788183707960214662,6477.060299,29033.227222,6477.060299,0.000000,,,0,1,,,,,23.093570,BIG
ga,hfvrp_n100_m20_s05,100,20,0.000000,1788183786547182422,6245.248979,26662.706758,6245.248979,0.000000,,,0,1,,,,,7.663499,MEDIUM
ga,hfvrp_n150_m30_s05,150,30,0.000000,1788183844838690999,15565.122175,73082.538474,15565.122175,0.000000,,,0,1,,,,,0.678085,DEFAULT
ga,hfvrp_n150_m30_s05,150,30,0.000000,1788183841226623066,18644.715754,85511.899412,18644.715754,0.000000,,,0,1,,,,,0.099547,SMALL
ga,hfvrp_n150_m30_s01,150,30,0.000000,100,10043.663619,48326.465103,10043.663619,0.000000,,,0,1,,,,,42.773783,BIG
ga,hfvrp_n150_m30_s03,150,30,0.000000,1,12235.139454,48506.369978,12235.139454,0.000000,,,0,1,,,,,42.556593,BIG
ga,hfvrp_n150_m30_s05,150,30,0.000000,1788183613697679550,12499.844191,44761.340618,12499.844191,0.000000,,,0,1,,,,,13.609294,MEDIUM
ga,hfvrp_n150_m30_s02,150,30,0.000000,50,10169.602798,45518.554826,10169.602798,0.000000,,,0,1,,,,,42.587229,BIG
ga,hfvrp_n150_m30_s01,150,30,0.000000,200,17544.224282,74025.100992,17544.224282,0.000000,,,0,1,,,,,0.671799,DEFAULT
ga,hfvrp_n150_m30_s01,150,30,0.000000,200,17976.646150,83315.495289,17976.646150,0.000000,,,0,1,,,,,0.096313,SMALL
ga,hfvrp_n100_m20_s05,100,20,0.000000,1788183837170018047,5828.491477,24712.094023,5828.491477,0.000000,,,0,1,,,,,23.354900,BIG
ga,hfvrp_n150_m30_s03,150,30,0.000000,10,15408.179787,80630.393576,15408.179787,0.000000,,,0,1,,,,,0.700675,DEFAULT
ga,hfvrp_n150_m30_s03,150,30,0.000000,10,19539.767554,102065.842137,19539.767554,0.000000,,,0,1,,,,,0.120286,SMALL
ga,hfvrp_n150_m30_s04,150,30,0.000000,1788183763469386165,12589.433258,52229.247302,12589.433258,0.000000,,,0,1,,,,,41.857071,BIG
ga,hfvrp_n150_m30_s02,150,30,0.000000,75,17756.309200,61057.114207,17756.309200,0.000000,,,0,1,,,,,0.672924,DEFAULT
ga,hfvrp_n150_m30_s02,150,30,0.000000,75,17621.295805,73069.978462,17621.295805,0.000000,,,0,1,,,,,0.090824,SMALL
ga,hfvrp_n150_m30_s04,150,30,0.000000,1,17520.588429,97001.026622,17520.588429,0.000000,,,0,1,,,,,0.663938,DEFAULT
ga,hfvrp_n150_m30_s04,150,30,0.000000,1,19858.842956,116340.218350,19858.842956,0.000000,,,0,1,,,,,0.092577,SMALL
ga,hfvrp_n150_m30_s01,150,30,0.000000,200,11589.652217,56323.652229,11589.652217,0.000000,,,0,1,,,,,14.150208,MEDIUM
ga,hfvrp_n150_m30_s03,150,30,0.000000,10,11632.484921,54143.030611,11632.484921,0.000000,,,0,1,,,,,14.179958,MEDIUM
ga,hfvrp_n150_m30_s02,150,30,0.000000,75,10802.590136,48577.883686,10802.590136,0.000000,,,0,1,,,,,13.736031,MEDIUM
ga,hfvrp_n200_m40_s01,200,40,0.000000,1788183458149999547,31558.513558,124003.104254,31558.513558,0.000000,,,0,1,,,,,1.349691,DEFAULT
ga,hfvrp_n200_m40_s01,200,40,0.000000,1788183584058866101,35888.830757,179141.530896,35888.830757,0.000000,,,0,1,,,,,0.166146,SMALL
ga,hfvrp_n150_m30_s04,150,30,0.000000,1,12381.366993,68327.941437,12381.366993,0.000000,,,0,1,,,,,13.698526,MEDIUM
ga,hfvrp_n150_m30_s05,150,30,0.000000,1788183597251577096,10917.859486,38847.916214,10917.859486,0.000000,,,0,1,,,,,43.231569,BIG
ga,hfvrp_n150_m30_s05,150,30,0.000000,1,15242.007165,52507.844512,15242.007165,0.000000,,,0,1,,,,,0.683666,DEFAULT
ga,hfvrp_n150_m30_s05,150,30,0.000000,1,16250.568170,73065.009675,16250.568170,0.000000,,,0,1,,,,,0.101916,SMALL
ga,hfvrp_n200_m40_s01,200,40,0.000000,1788183588524957182,21040.978583,55676.382019,21040.978583,0.000000,,,0,1,,,,,25.460970,MEDIUM
ga,hfvrp_n150_m30_s01,150,30,0.000000,200,10858.212634,50288.483174,10858.212634,0.000000,,,0,1,,,,,43.373043,BIG
ga,hfvrp_n150_m30_s03,150,30,0.000000,10,12009.920628,48153.485576,12009.920628,0.000000,,,0,1,,,,,41.956684,BIG
ga,hfvrp_n150_m30_s02,150,30,0.000000,75,10113.139604,50413.360744,10113.139604,0.000000,,,0,1,,,,,42.514462,BIG
ga,hfvrp_n150_m30_s05,150,30,0.000000,1,11046.574088,40027.260777,11046.574088,0.000000,,,0,1,,,,,14.179000,MEDIUM
ga,hfvrp_n150_m30_s01,150,30,0.000000,999,14583.234332,73106.327337,14583.234332,0.000000,,,0,1,,,,,0.658059,DEFAULT
ga,hfvrp_n150_m30_s01,150,30,0.000000,999,17423.189023,85918.337754,17423.189023,0.000000,,,0,1,,,,,0.097930,SMALL
ga,hfvrp_n150_m30_s04,150,30,0.000000,1,12649.326816,56781.695619,12649.326816,0.000000,,,0,1,,,,,42.327263,BIG
ga,hfvrp_n150_m30_s03,150,30,0.000000,50,17887.104711,90009.605091,17887.104711,0.000000,,,0,1,,,,,0.687120,DEFAULT
ga,hfvrp_n150_m30_s03,150,30,0.000000,50,18955.498299,78321.814310,18955.498299,0.000000,,,0,1,,,,,0.099013,SMALL
ga,hfvrp_n150_m30_s02,150,30,0.000000,100,16300.780294,76243.384165,16300.780294,0.000000,,,0,1,,,,,0.689851,DEFAULT
ga,hfvrp_n150_m30_s02,150,30,0.000000,100,18555.622885,77370.494249,18555.622885,0.000000,,,0,1,,,,,0.094323,SMALL
ga,hfvrp_n150_m30_s04,150,30,0.000000,10,15557.683031,81842.557283,15557.683031,0.000000,,,0,1,,,,,0.694059,DEFAULT
ga,hfvrp_n150_m30_s04,150,30,0.000000,10,19281.409371,111342.907127,19281.409371,0.000000,,,0,1,,,,,0.098857,SMALL
ga,hfvrp_n150_m30_s01,150,30,0.000000,999,10747.186466,47739.916429,10747.186466,0.000000,,,0,1,,,,,14.088311,MEDIUM
ga,hfvrp_n150_m30_s03,150,30,0.000000,50,11796.022218,55549.144307,11796.022218,0.000000,,,0,1,,,,,14.012026,MEDIUM
ga,hfvrp_n150_m30_s02,150,30,0.000000,100,11573.605412,52245.731163,11573.605412,0.000000,,,0,1,,,,,14.370542,MEDIUM
ga,hfvrp_n150_m30_s04,150,30,0.000000,10,11275.470931,54634.598498,11275.470931,0.000000,,,0,1,,,,,13.604682,MEDIUM
ga,hfvrp_n150_m30_s05,150,30,0.000000,1,10576.808452,33845.585705,10576.808452,0.000000,,,0,1,,,,,42.121647,BIG
ga,hfvrp_n150_m30_s05,150,30,0.000000,10,16436.265609,70942.566754,16436.265609,0.000000,,,0,1,,,,,0.678967,DEFAULT
ga,hfvrp_n150_m30_s05,150,30,0.000000,10,21792.156149,88911.283396,21792.156149,0.000000,,,0,1,,,,,0.092144,SMALL
ga,hfvrp_n150_m30_s01,150,30,0.000000,999,9979.771925,50851.728727,9979.771925,0.000000,,,0,1,,,,,42.179836,BIG
ga,hfvrp_n150_m30_s03,150,30,0.000000,50,11100.753907,47638.775596,11100.753907,0.000000,,,0,1,,,,,42.523165,BIG
ga,hfvrp_n150_m30_s05,150,30,0.000000,10,11038.347457,40042.711848,11038.347457,0.000000,,,0,1,,,,,13.762218,MEDIUM
ga,hfvrp_n150_m30_s02,150,30,0.000000,100,11269.408773,45407.200703,11269.408773,0.000000,,,0,1,,,,,43.386818,BIG
ga,hfvrp_n150_m30_s01,150,30,0.000000,1234,14421.957877,75600.060450,14421.957877,0.000000,,,0,1,,,,,0.689532,DEFAULT
ga,hfvrp_n150_m30_s01,150,30,0.000000,1234,16556.525880,76025.830563,16556.525880,0.000000,,,0,1,,,,,0.101606,SMALL
ga,hfvrp_n200_m40_s01,200,40,0.000000,1788183515206888064,19966.057131,58645.551377,19966.057131,0.000000,,,0,1,,,,,79.955754,BIG
ga,hfvrp_n150_m30_s04,150,30,0.000000,10,11958.046740,48596.042758,11958.046740,0.000000,,,0,1,,,,,42.311031,BIG
ga,hfvrp_n150_m30_s03,150,30,0.000000,75,17671.764631,77852.789196,17671.764631,0.000000,,,0,1,,,,,0.664250,DEFAULT
ga,hfvrp_n150_m30_s03,150,30,0.000000,75,20140.151878,92481.364917,20140.151878,0.000000,,,0,1,,,,,0.098718,SMALL
ga,hfvrp_n150_m30_s02,150,30,0.000000,200,14721.949102,65177.893358,14721.949102,0.000000,,,0,1,,,,,0.690437,DEFAULT
ga,hfvrp_n150_m30_s02,150,30,0.000000,200,17271.323236,76852.094669,17271.323236,0.000000,,,0,1,,,,,0.098226,SMALL
ga,hfvrp_n150_m30_s04,150,30,0.000000,50,15849.114214,75343.582081,15849.114214,0.000000,,,0,1,,,,,0.675560,DEFAULT
ga,hfvrp_n150_m30_s04,150,30,0.000000,50,21590.684455,127814.352483,21590.684455,0.000000,,,0,1,,,,,0.090561,SMALL
ga,hfvrp_n150_m30_s01,150,30,0.000000,1234,10707.543622,50505.711152,10707.543622,0.000000,,,0,1,,,,,13.608077,MEDIUM
ga,hfvrp_n150_m30_s03,150,30,0.000000,75,12757.847373,55081.445038,12757.847373,0.000000,,,0,1,,,,,13.782374,MEDIUM
ga,hfvrp_n150_m30_s02,150,30,0.000000,200,11398.932260,45251.128564,11398.932260,0.000000,,,0,1,,,,,14.141542,MEDIUM
ga,hfvrp_n200_m40_s01,200,40,0.000000,1,28524.775102,121157.931620,28524.775102,0.000000,,,0,1,,,,,1.349217,DEFAULT
ga,hfvrp_n200_m40_s01,200,40,0.000000,1,30792.156477,87376.733618,30792.156477,0.000000,,,0,1,,,,,0.176125,SMALL
ga,hfvrp_n150_m30_s04,150,30,0.000000,50,10953.574292,53068.658754,10953.574292,0.000000,,,0,1,,,,,13.787293,MEDIUM
ga,hfvrp_n150_m30_s05,150,30,0.000000,10,10565.360881,35424.423274,10565.360881,0.000000,,,0,1,,,,,42.333512,BIG
ga,hfvrp_n150_m30_s05,150,30,0.000000,50,15706.779335,57397.703856,15706.779335,0.000000,,,0,1,,,,,0.685800,DEFAULT
ga,hfvrp_n150_m30_s05,150,30,0.000000,50,18781.061028,66301.701622,18781.061028,0.000000,,,0,1,,,,,0.098250,SMALL
ga,hfvrp_n200_m40_s01,200,40,0.000000,1,21870.567140,82740.641099,21870.567140,0.000000,,,0,1,,,,,26.421780,MEDIUM
ga,hfvrp_n150_m30_s01,150,30,0.000000,1234,12560.328834,61441.076389,12560.328834,0.000000,,,0,1,,,,,42.065776,BIG
ga,hfvrp_n150_m30_s03,150,30,0.000000,75,12999.423947,59315.770108,12999.423947,0.000000,,,0,1,,,,,41.390126,BIG
ga,hfvrp_n150_m30_s05,150,30,0.000000,50,11010.691864,36384.019800,11010.691864,0.000000,,,0,1,,,,,14.147598,MEDIUM
ga,hfvrp_n150_m30_s01,150,30,0.000000,9999,15902.132622,71843.522391,15902.132622,0.000000,,,0,1,,,,,0.682010,DEFAULT
ga,hfvrp_n150_m30_s01,150,30,0.000000,9999,17947.732314,81936.574415,17947.732314,0.000000,,,0,1,,,,,0.095039,SMALL
ga,hfvrp_n150_m30_s04,150,30,0.000000,50,13219.461311,54861.475001,13219.461311,0.000000,,,0,1,,,,,41.869621,BIG
ga,hfvrp_n150_m30_s02,150,30,0.000000,200,11707.838620,42821.560267,11707.838620,0.000000,,,0,1,,,,,42.673844,BIG
ga,hfvrp_n150_m30_s03,150,30,0.000000,100,17038.732591,108931.231807,17038.732591,0.000000,,,0,1,,,,,0.688578,DEFAULT
ga,hfvrp_n150_m30_s03,150,30,0.000000,100,18701.734004,86242.907588,18701.734004,0.000000,,,0,1,,,,,0.096987,SMALL
ga,hfvrp_n150_m30_s04,150,30,0.000000,75,18385.855638,100346.573069,18385.855638,0.000000,,,0,1,,,,,0.679442,DEFAULT
ga,hfvrp_n150_m30_s04,150,30,0.000000,75,18930.381329,115428.621823,18930.381329,0.000000,,,0,1,,,,,0.098208,SMALL
ga,hfvrp_n150_m30_s02,150,30,0.000000,999,13434.374006,66147.973728,13434.374006,0.000000,,,0,1,,,,,0.676150,DEFAULT
ga,hfvrp_n150_m30_s02,150,30,0.000000,999,18011.410991,66082.542273,18011.410991,0.000000,,,0,1,,,,,0.093171,SMALL
ga,hfvrp_n150_m30_s01,150,30,0.000000,9999,12548.837540,60157.162775,12548.837540,0.000000,,,0,1,,,,,13.719229,MEDIUM
ga,hfvrp_n150_m30_s03,150,30,0.000000,100,12132.330169,51829.137531,12132.330169,0.000000,,,0,1,,,,,13.817470,MEDIUM
ga,hfvrp_n150_m30_s04,150,30,0.000000,75,11567.668414,54558.574197,11567.668414,0.000000,,,0,1,,,,,14.020356,MEDIUM
ga,hfvrp_n150_m30_s02,150,30,0.000000,999,10911.985658,53287.015335,10911.985658,0.000000,,,0,1,,,,,13.989212,MEDIUM
ga,hfvrp_n150_m30_s05,150,30,0.000000,50,11510.070100,41214.572087,11510.070100,0.000000,,,0,1,,,,,42.514689,BIG
ga,hfvrp_n150_m30_s05,150,30,0.000000,75,16509.014040,73995.180032,16509.014040,0.000000,,,0,1,,,,,0.679645,DEFAULT
ga,hfvrp_n150_m30_s05,150,30,0.000000,75,18459.217419,100636.032147,18459.217419,0.000000,,,0,1,,,,,0.091665,SMALL
ga,hfvrp_n150_m30_s01,150,30,0.000000,9999,11412.267631,49796.490780,11412.267631,0.000000,,,0,1,,,,,42.570719,BIG
ga,hfvrp_n150_m30_s03,150,30,0.000000,100,12738.968758,52321.705573,12738.968758,0.000000,,,0,1,,,,,40.995907,BIG
ga,hfvrp_n150_m30_s05,150,30,0.000000,75,11386.129523,35767.980073,11386.129523,0.000000,,,0,1,,,,,13.877033,MEDIUM
ga,hfvrp_n150_m30_s01,150,30,0.000000,19345,15824.326086,75688.541850,15824.326086,0.000000,,,0,1,,,,,0.678984,DEFAULT
ga,hfvrp_n150_m30_s01,150,30,0.000000,19345,18816.285529,96455.153759,18816.285529,0.000000,,,0,1,,,,,0.104555,SMALL
ga,hfvrp_n150_m30_s02,150,30,0.000000,999,10094.854658,49730.017208,10094.854658,0.000000,,,0,1,,,,,41.620101,BIG
ga,hfvrp_n150_m30_s04,150,30,0.000000,75,12335.012916,61645.247760,12335.012916,0.000000,,,0,1,,,,,42.516037,BIG
ga,hfvrp_n150_m30_s03,150,30,0.000000,200,16824.021253,78650.824790,16824.021253,0.000000,,,0,1,,,,,0.700581,DEFAULT
ga,hfvrp_n150_m30_s03,150,30,0.000000,200,19540.993868,118273.223944,19540.993868,0.000000,,,0,1,,,,,0.096142,SMALL
ga,hfvrp_n200_m40_s01,200,40,0.000000,1,20177.977830,63581.723677,20177.977830,0.000000,,,0,1,,,,,80.591635,BIG
ga,hfvrp_n150_m30_s04,150,30,0.000000,100,17961.657686,78887.548618,17961.657686,0.000000,,,0,1,,,,,0.666131,DEFAULT
ga,hfvrp_n150_m30_s04,150,30,0.000000,100,19506.361037,96904.517766,19506.361037,0.000000,,,0,1,,,,,0.088033,SMALL
ga,hfvrp_n150_m30_s02,150,30,0.000000,1234,15780.976357,96452.916714,15780.976357,0.000000,,,0,1,,,,,0.685962,DEFAULT
ga,hfvrp_n150_m30_s02,150,30,0.000000,1234,19486.180987,96727.945825,19486.180987,0.000000,,,0,1,,,,,0.095222,SMALL
ga,hfvrp_n150_m30_s01,150,30,0.000000,19345,10736.943409,41035.968631,10736.943409,0.000000,,,0,1,,,,,13.680850,MEDIUM
ga,hfvrp_n150_m30_s03,150,30,0.000000,200,12655.492962,63831.651808,12655.492962,0.000000,,,0,1,,,,,13.740733,MEDIUM
ga,hfvrp_n150_m30_s04,150,30,0.000000,100,11995.365922,61050.345229,11995.365922,0.000000,,,0,1,,,,,13.872513,MEDIUM
ga,hfvrp_n150_m30_s02,150,30,0.000000,1234,9954.069892,54353.104673,9954.069892,0.000000,,,0,1,,,,,13.783748,MEDIUM
ga,hfvrp_n200_m40_s01,200,40,0.000000,10,29241.584186,110202.191936,29241.584186,0.000000,,,0,1,,,,,1.350552,DEFAULT
ga,hfvrp_n200_m40_s01,200,40,0.000000,10,38088.042227,155638.306749,38088.042227,0.000000,,,0,1,,,,,0.170212,SMALL
ga,hfvrp_n150_m30_s05,150,30,0.000000,75,10293.958380,37903.469989,10293.958380,0.000000,,,0,1,,,,,42.797115,BIG
ga,hfvrp_n200_m40_s01,200,40,0.000000,10,20137.090144,50627.967884,20137.090144,0.000000,,,0,1,,,,,26.626430,MEDIUM
ga,hfvrp_n150_m30_s05,150,30,0.000000,100,16519.527353,76185.493454,16519.527353,0.000000,,,0,1,,,,,0.672126,DEFAULT
ga,hfvrp_n150_m30_s05,150,30,0.000000,100,19765.477137,100775.679285,19765.477137,0.000000,,,0,1,,,,,0.090910,SMALL
ga,hfvrp_n150_m30_s03,150,30,0.000000,200,12086.896925,43995.145559,12086.896925,0.000000,,,0,1,,,,,41.978355,BIG
ga,hfvrp_n150_m30_s01,150,30,0.000000,19345,10805.159689,62490.801509,10805.159689,0.000000,,,0,1,,,,,43.304529,BIG
ga,hfvrp_n150_m30_s04,150,30,0.000000,100,11914.538601,55178.952810,11914.538601,0.000000,,,0,1,,,,,42.053871,BIG
ga,hfvrp_n150_m30_s05,150,30,0.000000,100,11517.424336,42989.702286,11517.424336,0.000000,,,0,1,,,,,14.001754,MEDIUM
ga,hfvrp_n150_m30_s03,150,30,0.000000,999,16074.855843,56435.566554,16074.855843,0.000000,,,0,1,,,,,0.691250,DEFAULT
ga,hfvrp_n150_m30_s03,150,30,0.000000,999,20155.055918,107950.624042,20155.055918,0.000000,,,0,1,,,,,0.099789,SMALL
ga,hfvrp_n150_m30_s01,150,30,0.000000,1788203191629907580,16127.959046,76802.044248,16127.959046,0.000000,,,0,1,,,,,0.679449,DEFAULT
ga,hfvrp_n150_m30_s01,150,30,0.000000,1788203226675237057,17226.540633,74473.035208,17226.540633,0.000000,,,0,1,,,,,0.095571,SMALL
ga,hfvrp_n150_m30_s02,150,30,0.000000,1234,10628.031508,40517.483901,10628.031508,0.000000,,,0,1,,,,,43.767449,BIG
ga,hfvrp_n150_m30_s04,150,30,0.000000,200,17763.295176,87083.885482,17763.295176,0.000000,,,0,1,,,,,0.653271,DEFAULT
ga,hfvrp_n150_m30_s04,150,30,0.000000,200,18614.351351,107878.119732,18614.351351,0.000000,,,0,1,,,,,0.102085,SMALL
ga,hfvrp_n150_m30_s02,150,30,0.000000,9999,16256.673738,73898.090995,16256.673738,0.000000,,,0,1,,,,,0.661504,DEFAULT
ga,hfvrp_n150_m30_s02,150,30,0.000000,9999,17579.863448,91969.188554,17579.863448,0.000000,,,0,1,,,,,0.100520,SMALL
ga,hfvrp_n150_m30_s03,150,30,0.000000,999,11421.787631,44632.969757,11421.787631,0.000000,,,0,1,,,,,13.956617,MEDIUM
ga,hfvrp_n150_m30_s01,150,30,0.000000,1788203119407096784,10580.861646,54393.623615,10580.861646,0.000000,,,0,1,,,,,14.265354,MEDIUM
ga,hfvrp_n150_m30_s04,150,30,0.000000,200,12010.907342,60431.017727,12010.907342,0.000000,,,0,1,,,,,13.693733,MEDIUM
ga,hfvrp_n150_m30_s02,150,30,0.000000,9999,11310.986329,52110.938774,11310.986329,0.000000,,,0,1,,,,,13.785749,MEDIUM
ga,hfvrp_n150_m30_s05,150,30,0.000000,100,11044.219756,37959.240135,11044.219756,0.000000,,,0,1,,,,,42.490561,BIG
ga,hfvrp_n150_m30_s05,150,30,0.000000,200,16118.623071,51114.238218,16118.623071,0.000000,,,0,1,,,,,0.682021,DEFAULT
ga,hfvrp_n150_m30_s05,150,30,0.000000,200,21481.618884,100848.287143,21481.618884,0.000000,,,0,1,,,,,0.089479,SMALL
ga,hfvrp_n150_m30_s03,150,30,0.000000,999,12244.961725,53179.773494,12244.961725,0.000000,,,0,1,,,,,42.544043,BIG
ga,hfvrp_n150_m30_s01,150,30,0.000000,1788203150857548260,10664.554438,53842.910400,10664.554438,0.000000,,,0,1,,,,,43.174031,BIG
ga,hfvrp_n150_m30_s04,150,30,0.000000,200,11429.095086,53949.545217,11429.095086,0.000000,,,0,1,,,,,42.111893,BIG
ga,hfvrp_n150_m30_s03,150,30,0.000000,1234,16164.476269,79714.670931,16164.476269,0.000000,,,0,1,,,,,0.697548,DEFAULT
ga,hfvrp_n150_m30_s03,150,30,0.000000,1234,20061.622999,102937.417063,20061.622999,0.000000,,,0,1,,,,,0.098149,SMALL
ga,hfvrp_n150_m30_s05,150,30,0.000000,200,10645.076875,38990.854531,10645.076875,0.000000,,,0,1,,,,,14.005498,MEDIUM
ga,hfvrp_n150_m30_s02,150,30,0.000000,9999,10475.693561,54335.057790,10475.693561,0.000000,,,0,1,,,,,42.323691,BIG
ga,hfvrp_n150_m30_s04,150,30,0.000000,999,17261.487074,116914.549696,17261.487074,0.000000,,,0,1,,,,,0.669789,DEFAULT
ga,hfvrp_n150_m30_s04,150,30,0.000000,999,21501.703084,132950.686120,21501.703084,0.000000,,,0,1,,,,,0.090935,SMALL
ga,hfvrp_n200_m40_s01,200,40,0.000000,10,18305.601192,71248.334763,18305.601192,0.000000,,,0,1,,,,,83.549806,BIG
ga,hfvrp_n150_m30_s02,150,30,0.000000,19345,16471.671725,80141.369362,16471.671725,0.000000,,,0,1,,,,,0.661106,DEFAULT
ga,hfvrp_n150_m30_s02,150,30,0.000000,19345,19391.557942,103419.877113,19391.557942,0.000000,,,0,1,,,,,0.096784,SMALL
ga,hfvrp_n150_m30_s03,150,30,0.000000,1234,12293.628140,51790.476065,12293.628140,0.000000,,,0,1,,,,,13.896052,MEDIUM
ga,hfvrp_n200_m40_s02,200,40,0.000000,1788203836126394040,30727.067964,108396.392127,30727.067964,0.000000,,,0,1,,,,,1.334623,DEFAULT
ga,hfvrp_n200_m40_s02,200,40,0.000000,1788203880415645482,39184.709139,123073.508912,39184.709139,0.000000,,,0,1,,,,,0.168798,SMALL
ga,hfvrp_n150_m30_s04,150,30,0.000000,999,13009.838997,66392.155380,13009.838997,0.000000,,,0,1,,,,,13.758374,MEDIUM
ga,hfvrp_n150_m30_s02,150,30,0.000000,19345,11556.980207,48145.035925,11556.980207,0.000000,,,0,1,,,,,14.175030,MEDIUM
ga,hfvrp_n200_m40_s01,200,40,0.000000,50,27296.822405,95299.625982,27296.822405,0.000000,,,0,1,,,,,1.339382,DEFAULT
ga,hfvrp_n200_m40_s01,200,40,0.000000,50,34685.374802,147185.165695,34685.374802,0.000000,,,0,1,,,,,0.163503,SMALL
ga,hfvrp_n200_m40_s02,200,40,0.000000,1788203893474108108,20731.698707,76224.952539,20731.698707,0.000000,,,0,1,,,,,26.510523,MEDIUM
ga,hfvrp_n150_m30_s05,150,30,0.000000,200,10996.059182,40356.457429,10996.059182,0.000000,,,0,1,,,,,42.203632,BIG
ga,hfvrp_n150_m30_s05,150,30,0.000000,999,15912.146268,56438.395365,15912.146268,0.000000,,,0,1,,,,,0.677266,DEFAULT
ga,hfvrp_n150_m30_s05,150,30,0.000000,999,20163.494192,101924.808616,20163.494192,0.000000,,,0,1,,,,,0.092948,SMALL
ga,hfvrp_n200_m40_s01,200,40,0.000000,50,19452.615696,56359.393696,19452.615696,0.000000,,,0,1,,,,,26.230298,MEDIUM
ga,hfvrp_n150_m30_s03,150,30,0.000000,1234,11291.481647,48558.648243,11291.481647,0.000000,,,0,1,,,,,42.928832,BIG
ga,hfvrp_n150_m30_s04,150,30,0.000000,999,11887.105351,51143.895423,11887.105351,0.000000,,,0,1,,,,,41.280474,BIG
ga,hfvrp_n150_m30_s05,150,30,0.000000,999,10565.726646,41725.936569,10565.726646,0.000000,,,0,1,,,,,13.859568,MEDIUM
ga,hfvrp_n150_m30_s03,150,30,0.000000,9999,16237.640543,84024.843984,16237.640543,0.000000,,,0,1,,,,,0.666373,DEFAULT
ga,hfvrp_n150_m30_s03,150,30,0.000000,9999,19903.925097,108473.321384,19903.925097,0.000000,,,0,1,,,,,0.102084,SMALL
ga,hfvrp_n150_m30_s02,150,30,0.000000,19345,10685.165105,45752.451346,10685.165105,0.000000,,,0,1,,,,,42.029851,BIG
ga,hfvrp_n150_m30_s04,150,30,0.000000,1234,16819.935889,105777.810019,16819.935889,0.000000,,,0,1,,,,,0.661932,DEFAULT
ga,hfvrp_n150_m30_s04,150,30,0.000000,1234,20457.202794,125435.457855,20457.202794,0.000000,,,0,1,,,,,0.088808,SMALL
ga,hfvrp_n150_m30_s02,150,30,0.000000,1788203408232847192,17246.542923,72349.638810,17246.542923,0.000000,,,0,1,,,,,0.694013,DEFAULT
ga,hfvrp_n150_m30_s02,150,30,0.000000,1788203413226626736,19352.066633,107068.979561,19352.066633,0.000000,,,0,1,,,,,0.092096,SMALL
ga,hfvrp_n150_m30_s03,150,30,0.000000,9999,12644.457657,49501.518371,12644.457657,0.000000,,,0,1,,,,,13.769437,MEDIUM
ga,hfvrp_n150_m30_s04,150,30,0.000000,1234,11883.848381,64980.934649,11883.848381,0.000000,,,0,1,,,,,13.531413,MEDIUM
ga,hfvrp_n150_m30_s02,150,30,0.000000,1788203400438510129,11129.895798,51624.032102,11129.895798,0.000000,,,0,1,,,,,13.821405,MEDIUM
ga,hfvrp_n150_m30_s05,150,30,0.000000,999,10385.070514,38074.412102,10385.070514,0.000000,,,0,1,,,,,41.636690,BIG
ga,hfvrp_n150_m30_s05,150,30,0.000000,1234,16130.683359,55156.250938,16130.683359,0.000000,,,0,1,,,,,0.704002,DEFAULT
ga,hfvrp_n150_m30_s05,150,30,0.000000,1234,21501.943679,106985.520795,21501.943679,0.000000,,,0,1,,,,,0.088875,SMALL
ga,hfvrp_n150_m30_s03,150,30,0.000000,9999,11212.725809,50769.560824,11212.725809,0.000000,,,0,1,,,,,42.306276,BIG
ga,hfvrp_n150_m30_s04,150,30,0.000000,1234,12228.746492,52780.793553,12228.746492,0.000000,,,0,1,,,,,41.460115,BIG
ga,hfvrp_n200_m40_s02,200,40,0.000000,1788203877044811136,21496.428365,68852.366478,21496.428365,0.000000,,,0,1,,,,,80.754062,BIG
ga,hfvrp_n150_m30_s05,150,30,0.000000,1234,12094.257446,51822.751068,12094.257446,0.000000,,,0,1,,,,,14.010132,MEDIUM
ga,hfvrp_n150_m30_s03,150,30,0.000000,19345,17271.314873,56004.737362,17271.314873,0.000000,,,0,1,,,,,0.676045,DEFAULT
ga,hfvrp_n150_m30_s03,150,30,0.000000,19345,21821.579296,114373.909493,21821.579296,0.000000,,,0,1,,,,,0.102502,SMALL
ga,hfvrp_n150_m30_s04,150,30,0.000000,9999,15878.078859,102896.614581,15878.078859,0.000000,,,0,1,,,,,0.669146,DEFAULT
ga,hfvrp_n150_m30_s04,150,30,0.000000,9999,19284.523175,108159.810522,19284.523175,0.000000,,,0,1,,,,,0.092000,SMALL
ga,hfvrp_n150_m30_s02,150,30,0.000000,1788203435740030472,11914.697862,46665.464551,11914.697862,0.000000,,,0,1,,,,,41.966889,BIG
ga,hfvrp_n200_m40_s01,200,40,0.000000,50,18961.872486,57736.871558,18961.872486,0.000000,,,0,1,,,,,79.018265,BIG
ga,hfvrp_n150_m30_s03,150,30,0.000000,19345,12631.200338,51646.522033,12631.200338,0.000000,,,0,1,,,,,13.596060,MEDIUM
ga,hfvrp_n150_m30_s04,150,30,0.000000,9999,11778.919191,55970.612713,11778.919191,0.000000,,,0,1,,,,,13.691587,MEDIUM
ga,hfvrp_n200_m40_s02,200,40,0.000000,1,26733.587716,90889.444569,26733.587716,0.000000,,,0,1,,,,,1.336116,DEFAULT
ga,hfvrp_n200_m40_s02,200,40,0.000000,1,35572.277891,164564.035647,35572.277891,0.000000,,,0,1,,,,,0.160734,SMALL
ga,hfvrp_n200_m40_s03,200,40,0.000000,1788204407602249284,32399.893942,139494.811723,32399.893942,0.000000,,,0,1,,,,,1.326764,DEFAULT
ga,hfvrp_n200_m40_s03,200,40,0.000000,1788204378875103800,34973.921453,161689.093451,34973.921453,0.000000,,,0,1,,,,,0.170493,SMALL
ga,hfvrp_n200_m40_s01,200,40,0.000000,75,28942.721180,91876.087091,28942.721180,0.000000,,,0,1,,,,,1.365962,DEFAULT
ga,hfvrp_n200_m40_s01,200,40,0.000000,75,35709.024993,166151.417988,35709.024993,0.000000,,,0,1,,,,,0.171563,SMALL
ga,hfvrp_n150_m30_s05,150,30,0.000000,1234,10554.450288,36257.461207,10554.450288,0.000000,,,0,1,,,,,41.506408,BIG
ga,hfvrp_n200_m40_s02,200,40,0.000000,1,20597.389083,75494.868546,20597.389083,0.000000,,,0,1,,,,,27.186867,MEDIUM
ga,hfvrp_n150_m30_s05,150,30,0.000000,9999,15949.588144,74363.202590,15949.588144,0.000000,,,0,1,,,,,0.659313,DEFAULT
ga,hfvrp_n150_m30_s05,150,30,0.000000,9999,19429.445018,78028.714761,19429.445018,0.000000,,,0,1,,,,,0.092216,SMALL
ga,hfvrp_n200_m40_s03,200,40,0.000000,1788204383347912663,20650.097097,78626.741211,20650.097097,0.000000,,,0,1,,,,,27.661096,MEDIUM
ga,hfvrp_n200_m40_s01,200,40,0.000000,75,20270.330678,67029.018038,20270.330678,0.000000,,,0,1,,,,,26.499544,MEDIUM
ga,hfvrp_n150_m30_s03,150,30,0.000000,19345,10953.399488,50346.075081,10953.399488,0.000000,,,0,1,,,,,42.723831,BIG
ga,hfvrp_n150_m30_s04,150,30,0.000000,9999,12361.257687,51246.846157,12361.257687,0.000000,,,0,1,,,,,42.211206,BIG
ga,hfvrp_n150_m30_s05,150,30,0.000000,9999,11428.900103,44630.549383,11428.900103,0.000000,,,0,1,,,,,13.896062,MEDIUM
ga,hfvrp_n150_m30_s04,150,30,0.000000,19345,16995.652745,90630.512670,16995.652745,0.000000,,,0,1,,,,,0.689784,DEFAULT
ga,hfvrp_n150_m30_s03,150,30,0.000000,1788204252121902055,15057.487469,54565.531396,15057.487469,0.000000,,,0,1,,,,,0.669481,DEFAULT
ga,hfvrp_n150_m30_s03,150,30,0.000000,1788204244205628127,19876.578293,96841.316575,19876.578293,0.000000,,,0,1,,,,,0.095040,SMALL
ga,hfvrp_n150_m30_s04,150,30,0.000000,19345,20039.253177,103908.716320,20039.253177,0.000000,,,0,1,,,,,0.099017,SMALL
ga,hfvrp_n150_m30_s04,150,30,0.000000,19345,12220.054502,75332.466320,12220.054502,0.000000,,,0,1,,,,,13.900601,MEDIUM
ga,hfvrp_n150_m30_s03,150,30,0.000000,1788204231423479980,12624.646768,53350.898694,12624.646768,0.000000,,,0,1,,,,,14.030392,MEDIUM
ga,hfvrp_n150_m30_s05,150,30,0.000000,9999,10941.135841,33022.273115,10941.135841,0.000000,,,0,1,,,,,42.354187,BIG
ga,hfvrp_n150_m30_s05,150,30,0.000000,19345,15205.177427,57068.025279,15205.177427,0.000000,,,0,1,,,,,0.694776,DEFAULT
ga,hfvrp_n150_m30_s05,150,30,0.000000,19345,18691.867962,72011.227161,18691.867962,0.000000,,,0,1,,,,,0.095820,SMALL
ga,hfvrp_n150_m30_s03,150,30,0.000000,1788204318472898860,11293.784415,45527.717658,11293.784415,0.000000,,,0,1,,,,,41.333519,BIG
ga,hfvrp_n150_m30_s04,150,30,0.000000,19345,11652.294926,56180.212820,11652.294926,0.000000,,,0,1,,,,,42.580219,BIG
ga,hfvrp_n200_m40_s02,200,40,0.000000,1,20570.668006,53789.840524,20570.668006,0.000000,,,0,1,,,,,79.388986,BIG
ga,hfvrp_n150_m30_s05,150,30,0.000000,19345,11144.583020,43005.768767,11144.583020,0.000000,,,0,1,,,,,13.538672,MEDIUM
ga,hfvrp_n150_m30_s04,150,30,0.000000,1788204160365505312,17162.456373,105307.174103,17162.456373,0.000000,,,0,1,,,,,0.686622,DEFAULT
ga,hfvrp_n150_m30_s04,150,30,0.000000,1788204165351852185,19608.956938,105138.872209,19608.956938,0.000000,,,0,1,,,,,0.092473,SMALL
ga,hfvrp_n200_m40_s01,200,40,0.000000,75,19735.747997,59246.008490,19735.747997,0.000000,,,0,1,,,,,78.086515,BIG
ga,hfvrp_n200_m40_s03,200,40,0.000000,1788204419604259037,21906.181676,78310.881162,21906.181676,0.000000,,,0,1,,,,,81.001660,BIG
ga,hfvrp_n150_m30_s04,150,30,0.000000,1788204169743865146,12491.846978,60446.259262,12491.846978,0.000000,,,0,1,,,,,13.817373,MEDIUM
ga,hfvrp_n200_m40_s04,200,40,0.000000,1788204118293015832,29419.572259,90974.918144,29419.572259,0.000000,,,0,1,,,,,1.328099,DEFAULT
ga,hfvrp_n200_m40_s04,200,40,0.000000,1788204849775741838,35707.022898,117381.938514,35707.022898,0.000000,,,0,1,,,,,0.156461,SMALL
ga,hfvrp_n200_m40_s02,200,40,0.000000,10,29756.580476,122228.834139,29756.580476,0.000000,,,0,1,,,,,1.349798,DEFAULT
ga,hfvrp_n200_m40_s02,200,40,0.000000,10,35234.668887,138978.860090,35234.668887,0.000000,,,0,1,,,,,0.167187,SMALL
ga,hfvrp_n200_m40_s01,200,40,0.000000,100,30353.084944,119065.183098,30353.084944,0.000000,,,0,1,,,,,1.316379,DEFAULT
ga,hfvrp_n200_m40_s01,200,40,0.000000,100,38018.964279,149472.454603,38018.964279,0.000000,,,0,1,,,,,0.167521,SMALL
ga,hfvrp_n200_m40_s03,200,40,0.000000,1,29380.808099,169121.390175,29380.808099,0.000000,,,0,1,,,,,1.336490,DEFAULT
ga,hfvrp_n200_m40_s03,200,40,0.000000,1,35053.572957,155978.356208,35053.572957,0.000000,,,0,1,,,,,0.171188,SMALL
ga,hfvrp_n200_m40_s04,200,40,0.000000,1788204854231238974,22964.332547,80369.624877,22964.332547,0.000000,,,0,1,,,,,25.986561,MEDIUM
ga,hfvrp_n150_m30_s05,150,30,0.000000,19345,11177.507326,37798.262706,11177.507326,0.000000,,,0,1,,,,,41.866080,BIG
ga,hfvrp_n200_m40_s02,200,40,0.000000,10,19271.781137,71857.817055,19271.781137,0.000000,,,0,1,,,,,27.061277,MEDIUM
ga,hfvrp_n150_m30_s05,150,30,0.000000,1788204895347779290,16137.269677,69486.633419,16137.269677,0.000000,,,0,1,,,,,0.698164,DEFAULT
ga,hfvrp_n150_m30_s05,150,30,0.000000,1788204960475274706,19413.352890,92203.553294,19413.352890,0.000000,,,0,1,,,,,0.091651,SMALL
ga,hfvrp_n200_m40_s01,200,40,0.000000,100,20054.019807,56858.325463,20054.019807,0.000000,,,0,1,,,,,25.961998,MEDIUM
ga,hfvrp_n200_m40_s03,200,40,0.000000,1,19684.077496,65517.555270,19684.077496,0.000000,,,0,1,,,,,27.192101,MEDIUM
ga,hfvrp_n150_m30_s04,150,30,0.000000,1788204844997005703,11359.119352,51147.073810,11359.119352,0.000000,,,0,1,,,,,42.026019,BIG
ga,hfvrp_n150_m30_s05,150,30,0.000000,1788204956282107591,11256.034026,44395.456015,11256.034026,0.000000,,,0,1,,,,,13.609154,MEDIUM
ga,hfvrp_n200_m40_s05,200,40,0.000000,1788204978955271881,28776.069765,98410.482649,28776.069765,0.000000,,,0,1,,,,,1.330495,DEFAULT
ga,hfvrp_n200_m40_s05,200,40,0.000000,1788204984585872736,37770.063812,120262.623419,37770.063812,0.000000,,,0,1,,,,,0.167462,SMALL
ga,hfvrp_n200_m40_s05,200,40,0.000000,1788204971873481987,22363.192673,73370.125190,22363.192673,0.000000,,,0,1,,,,,25.418246,MEDIUM
ga,hfvrp_n150_m30_s05,150,30,0.000000,1788204969901653196,10732.114071,30909.190670,10732.114071,0.000000,,,0,1,,,,,42.467150,BIG
ga,augerat_A_n32_k5,31,8,0.000000,1788204059016702005,8330.175499,2490.963082,8330.175499,0.000000,,,0,1,,,,,0.103722,DEFAULT
ga,augerat_A_n32_k5,31,8,0.000000,1788204037654735213,8353.343768,2667.483406,8353.343768,0.000000,,,0,1,,,,,0.015075,SMALL
ga,augerat_A_n32_k5,31,8,0.000000,1788204033378988458,8261.606606,2365.324224,8261.606606,0.000000,,,0,1,,,,,2.106258,MEDIUM
ga,augerat_A_n32_k5,31,8,0.000000,1788204048379487418,8201.714500,2264.165402,8201.714500,0.000000,,,0,1,,,,,6.330292,BIG
ga,augerat_A_n32_k5,31,8,0.000000,1,8360.480888,2736.858302,8360.480888,0.000000,,,0,1,,,,,0.104701,DEFAULT
ga,augerat_A_n32_k5,31,8,0.000000,1,8348.697169,2541.511066,8348.697169,0.000000,,,0,1,,,,,0.011625,SMALL
ga,augerat_A_n32_k5,31,8,0.000000,1,8250.222097,2356.435620,8250.222097,0.000000,,,0,1,,,,,2.068910,MEDIUM
ga,augerat_A_n32_k5,31,8,0.000000,1,8209.231849,2210.659177,8209.231849,0.000000,,,0,1,,,,,6.246564,BIG
ga,augerat_A_n32_k5,31,8,0.000000,10,8224.383367,2345.865968,8224.383367,0.000000,,,0,1,,,,,0.102835,DEFAULT
ga,augerat_A_n32_k5,31,8,0.000000,10,8355.964232,2560.645662,8355.964232,0.000000,,,0,1,,,,,0.012207,SMALL
ga,augerat_A_n32_k5,31,8,0.000000,10,8225.806255,2380.781265,8225.806255,0.000000,,,0,1,,,,,2.084665,MEDIUM
ga,hfvrp_n200_m40_s04,200,40,0.000000,1788204923179318278,20071.796811,65701.378898,20071.796811,0.000000,,,0,1,,,,,83.632352,BIG
ga,hfvrp_n200_m40_s02,200,40,0.000000,10,19482.388212,75032.873452,19482.388212,0.000000,,,0,1,,,,,79.498350,BIG
ga,hfvrp_n200_m40_s01,200,40,0.000000,100,19374.843855,53150.347108,19374.843855,0.000000,,,0,1,,,,,79.810858,BIG
ga,augerat_A_n32_k5,31,8,0.000000,10,8223.752071,2559.338295,8223.752071,0.000000,,,0,1,,,,,6.287323,BIG
ga,augerat_A_n32_k5,31,8,0.000000,50,8230.597009,2472.602331,8230.597009,0.000000,,,0,1,,,,,0.104868,DEFAULT
ga,augerat_A_n32_k5,31,8,0.000000,50,8293.819897,2454.690132,8293.819897,0.000000,,,0,1,,,,,0.012394,SMALL
ga,hfvrp_n200_m40_s03,200,40,0.000000,1,19112.532017,57225.163521,19112.532017,0.000000,,,0,1,,,,,77.549533,BIG
ga,augerat_A_n32_k5,31,8,0.000000,50,8243.574265,2307.027257,8243.574265,0.000000,,,0,1,,,,,2.086110,MEDIUM
ga,augerat_A_n32_k5,31,8,0.000000,50,8218.539528,2301.363380,8218.539528,0.000000,,,0,1,,,,,6.494271,BIG
ga,augerat_A_n32_k5,31,8,0.000000,75,8264.949790,2365.324224,8264.949790,0.000000,,,0,1,,,,,0.105082,DEFAULT
ga,augerat_A_n32_k5,31,8,0.000000,75,8490.849878,2381.528119,8490.849878,0.000000,,,0,1,,,,,0.016111,SMALL
ga,augerat_A_n32_k5,31,8,0.000000,75,8260.888567,2358.213538,8260.888567,0.000000,,,0,1,,,,,2.083273,MEDIUM
ga,hfvrp_n200_m40_s02,200,40,0.000000,50,31878.170889,116930.100311,31878.170889,0.000000,,,0,1,,,,,1.308519,DEFAULT
ga,hfvrp_n200_m40_s02,200,40,0.000000,50,35200.938584,120078.180380,35200.938584,0.000000,,,0,1,,,,,0.180503,SMALL
ga,hfvrp_n200_m40_s04,200,40,0.000000,1,32249.094045,93116.480561,32249.094045,0.000000,,,0,1,,,,,1.306586,DEFAULT
ga,hfvrp_n200_m40_s04,200,40,0.000000,1,36037.095024,136115.430511,36037.095024,0.000000,,,0,1,,,,,0.158489,SMALL
ga,augerat_A_n32_k5,31,8,0.000000,75,8243.574265,2307.027257,8243.574265,0.000000,,,0,1,,,,,6.297202,BIG
ga,augerat_A_n32_k5,31,8,0.000000,100,8254.301327,2423.915998,8254.301327,0.000000,,,0,1,,,,,0.107420,DEFAULT
ga,augerat_A_n32_k5,31,8,0.000000,100,8290.655941,2415.744650,8290.655941,0.000000,,,0,1,,,,,0.013309,SMALL
ga,hfvrp_n200_m40_s01,200,40,0.000000,200,28174.495219,95243.448529,28174.495219,0.000000,,,0,1,,,,,1.368649,DEFAULT
ga,hfvrp_n200_m40_s01,200,40,0.000000,200,36891.449003,199335.817208,36891.449003,0.000000,,,0,1,,,,,0.163962,SMALL
ga,augerat_A_n32_k5,31,8,0.000000,100,8261.606606,2365.324224,8261.606606,0.000000,,,0,1,,,,,2.077515,MEDIUM
ga,hfvrp_n200_m40_s03,200,40,0.000000,10,31184.422474,157909.758213,31184.422474,0.000000,,,0,1,,,,,1.334635,DEFAULT
ga,hfvrp_n200_m40_s03,200,40,0.000000,10,37332.395511,201608.347998,37332.395511,0.000000,,,0,1,,,,,0.161983,SMALL
ga,augerat_A_n32_k5,31,8,0.000000,100,8256.828883,2313.726388,8256.828883,0.000000,,,0,1,,,,,6.381255,BIG
ga,augerat_A_n32_k5,31,8,0.000000,200,8261.236812,2305.298454,8261.236812,0.000000,,,0,1,,,,,0.101495,DEFAULT
ga,augerat_A_n32_k5,31,8,0.000000,200,8378.819384,2247.122133,8378.819384,0.000000,,,0,1,,,,,0.012624,SMALL
ga,augerat_A_n32_k5,31,8,0.000000,200,8256.828883,2313.726388,8256.828883,0.000000,,,0,1,,,,,2.103919,MEDIUM
ga,augerat_A_n32_k5,31,8,0.000000,200,8255.709534,2246.909924,8255.709534,0.000000,,,0,1,,,,,6.286698,BIG
ga,augerat_A_n32_k5,31,8,0.000000,999,8288.523930,2432.817970,8288.523930,0.000000,,,0,1,,,,,0.100765,DEFAULT
ga,augerat_A_n32_k5,31,8,0.000000,999,8285.177464,2415.815152,8285.177464,0.000000,,,0,1,,,,,0.011684,SMALL
ga,augerat_A_n32_k5,31,8,0.000000,999,8261.606606,2365.324224,8261.606606,0.000000,,,0,1,,,,,2.076613,MEDIUM
ga,hfvrp_n200_m40_s02,200,40,0.000000,50,21721.604260,91082.432419,21721.604260,0.000000,,,0,1,,,,,25.049142,MEDIUM
ga,hfvrp_n200_m40_s04,200,40,0.000000,1,23183.472434,78053.420797,23183.472434,0.000000,,,0,1,,,,,26.144220,MEDIUM
ga,augerat_A_n32_k5,31,8,0.000000,999,8205.361531,2233.351767,8205.361531,0.000000,,,0,1,,,,,6.212365,BIG
ga,augerat_A_n32_k5,31,8,0.000000,1234,8330.175499,2490.963082,8330.175499,0.000000,,,0,1,,,,,0.104753,DEFAULT
ga,augerat_A_n32_k5,31,8,0.000000,1234,8348.697169,2541.511066,8348.697169,0.000000,,,0,1,,,,,0.012202,SMALL
ga,hfvrp_n200_m40_s01,200,40,0.000000,200,21509.969897,53533.275512,21509.969897,0.000000,,,0,1,,,,,26.358656,MEDIUM
ga,augerat_A_n32_k5,31,8,0.000000,1234,8204.958847,2210.659177,8204.958847,0.000000,,,0,1,,,,,2.052640,MEDIUM
ga,hfvrp_n200_m40_s03,200,40,0.000000,10,20671.017791,74382.403848,20671.017791,0.000000,,,0,1,,,,,25.979476,MEDIUM
ga,hfvrp_n200_m40_s05,200,40,0.000000,1788204932872554390,19235.275453,58394.762382,19235.275453,0.000000,,,0,1,,,,,78.492256,BIG
ga,augerat_A_n32_k5,31,8,0.000000,1234,8215.754361,2219.409529,8215.754361,0.000000,,,0,1,,,,,6.237072,BIG
ga,augerat_A_n32_k5,31,8,0.000000,9999,8330.175499,2490.963082,8330.175499,0.000000,,,0,1,,,,,0.105702,DEFAULT
ga,augerat_A_n32_k5,31,8,0.000000,9999,8442.990201,2920.392084,8442.990201,0.000000,,,0,1,,,,,0.016679,SMALL
ga,augerat_A_n32_k5,31,8,0.000000,9999,8261.453947,2267.590919,8261.453947,0.000000,,,0,1,,,,,2.085625,MEDIUM
ga,augerat_A_n32_k5,31,8,0.000000,9999,8201.714500,2264.165402,8201.714500,0.000000,,,0,1,,,,,6.319382,BIG
ga,augerat_A_n32_k5,31,8,0.000000,19345,8254.473915,2365.275110,8254.473915,0.000000,,,0,1,,,,,0.107309,DEFAULT
ga,augerat_A_n32_k5,31,8,0.000000,19345,8434.069142,2886.492388,8434.069142,0.000000,,,0,1,,,,,0.012268,SMALL
ga,augerat_A_n32_k5,31,8,0.000000,19345,8258.829159,2373.752159,8258.829159,0.000000,,,0,1,,,,,2.074293,MEDIUM
ga,augerat_A_n32_k5,31,8,0.000000,19345,8214.044555,2313.221362,8214.044555,0.000000,,,0,1,,,,,6.324520,BIG
ga,augerat_A_n32_k5,31,8,0.000000,1788205730141634467,8289.217336,2443.271367,8289.217336,0.000000,,,0,1,,,,,0.100325,DEFAULT
ga,augerat_A_n32_k5,31,8,0.000000,1788205725951241803,8301.279188,1867.929511,8301.279188,0.000000,,,0,1,,,,,0.011928,SMALL
ga,hfvrp_n200_m40_s05,200,40,0.000000,1,30127.327888,115091.281578,30127.327888,0.000000,,,0,1,,,,,1.365392,DEFAULT
ga,hfvrp_n200_m40_s05,200,40,0.000000,1,36526.548024,115679.728840,36526.548024,0.000000,,,0,1,,,,,0.166400,SMALL
ga,augerat_A_n32_k5,31,8,0.000000,1788205721674285785,8262.402824,2350.040726,8262.402824,0.000000,,,0,1,,,,,2.093012,MEDIUM
ga,augerat_A_n32_k5,31,8,0.000000,1788205745251654940,8211.674021,2264.165402,8211.674021,0.000000,,,0,1,,,,,6.283750,BIG
ga,augerat_A_n37_k5,36,8,0.000000,1788205811917830624,8224.997076,2279.159281,8224.997076,0.000000,,,0,1,,,,,0.118154,DEFAULT
ga,augerat_A_n37_k5,36,8,0.000000,1788205790565417598,8244.965156,1933.184853,8244.965156,0.000000,,,0,1,,,,,0.014254,SMALL
ga,augerat_A_n37_k5,36,8,0.000000,1788205786288550004,8148.429351,2079.907219,8148.429351,0.000000,,,0,1,,,,,2.411338,MEDIUM
ga,augerat_A_n37_k5,36,8,0.000000,1788205801589264556,8161.802079,1914.363265,8161.802079,0.000000,,,0,1,,,,,7.342756,BIG
ga,augerat_A_n37_k5,36,8,0.000000,1,8205.494054,1838.147985,8205.494054,0.000000,,,0,1,,,,,0.123347,DEFAULT
ga,augerat_A_n37_k5,36,8,0.000000,1,8337.323452,2115.557474,8337.323452,0.000000,,,0,1,,,,,0.014406,SMALL
ga,augerat_A_n37_k5,36,8,0.000000,1,8185.134484,1892.977183,8185.134484,0.000000,,,0,1,,,,,2.413171,MEDIUM
ga,hfvrp_n200_m40_s05,200,40,0.000000,1,22142.898972,78964.383552,22142.898972,0.000000,,,0,1,,,,,25.774625,MEDIUM
ga,augerat_A_n37_k5,36,8,0.000000,1,8150.127730,1736.382697,8150.127730,0.000000,,,0,1,,,,,7.348492,BIG
ga,augerat_A_n37_k5,36,8,0.000000,10,8158.354002,1680.990615,8158.354002,0.000000,,,0,1,,,,,0.116527,DEFAULT
ga,augerat_A_n37_k5,36,8,0.000000,10,8256.037034,1947.673392,8256.037034,0.000000,,,0,1,,,,,0.013709,SMALL
ga,augerat_A_n37_k5,36,8,0.000000,10,8172.660975,2009.694915,8172.660975,0.000000,,,0,1,,,,,2.420763,MEDIUM
ga,augerat_A_n37_k5,36,8,0.000000,10,8126.518766,1845.882829,8126.518766,0.000000,,,0,1,,,,,7.378726,BIG
ga,augerat_A_n37_k5,36,8,0.000000,50,8183.266924,1583.519834,8183.266924,0.000000,,,0,1,,,,,0.117280,DEFAULT
ga,augerat_A_n37_k5,36,8,0.000000,50,8283.641804,1827.103353,8283.641804,0.000000,,,0,1,,,,,0.014761,SMALL
ga,augerat_A_n37_k5,36,8,0.000000,50,8150.244972,1991.078594,8150.244972,0.000000,,,0,1,,,,,2.406077,MEDIUM
ga,augerat_A_n37_k5,36,8,0.000000,50,8143.218914,1832.810865,8143.218914,0.000000,,,0,1,,,,,7.526451,BIG
ga,augerat_A_n37_k5,36,8,0.000000,75,8248.027491,2559.064897,8248.027491,0.000000,,,0,1,,,,,0.118687,DEFAULT
ga,augerat_A_n37_k5,36,8,0.000000,75,8295.716984,1865.362557,8295.716984,0.000000,,,0,1,,,,,0.014558,SMALL
ga,hfvrp_n200_m40_s04,200,40,0.000000,1,21858.992559,74760.594901,21858.992559,0.000000,,,0,1,,,,,77.902825,BIG
ga,augerat_A_n37_k5,36,8,0.000000,75,8147.740392,1769.167139,8147.740392,0.000000,,,0,1,,,,,2.409535,MEDIUM
ga,hfvrp_n200_m40_s02,200,40,0.000000,50,19877.312068,52797.733748,19877.312068,0.000000,,,0,1,,,,,80.988974,BIG
ga,hfvrp_n200_m40_s03,200,40,0.000000,10,19656.330225,83840.783385,19656.330225,0.000000,,,0,1,,,,,81.692080,BIG
ga,augerat_A_n37_k5,36,8,0.000000,75,8150.343215,2087.652946,8150.343215,0.000000,,,0,1,,,,,7.478856,BIG
ga,hfvrp_n200_m40_s01,200,40,0.000000,200,20428.099298,76308.148294,20428.099298,0.000000,,,0,1,,,,,83.979462,BIG
ga,augerat_A_n37_k5,36,8,0.000000,100,8159.328943,1460.031604,8159.328943,0.000000,,,0,1,,,,,0.125044,DEFAULT
ga,augerat_A_n37_k5,36,8,0.000000,100,8241.375451,1471.385384,8241.375451,0.000000,,,0,1,,,,,0.016179,SMALL
ga,augerat_A_n37_k5,36,8,0.000000,100,8164.476686,1791.798436,8164.476686,0.000000,,,0,1,,,,,2.450837,MEDIUM
ga,augerat_A_n37_k5,36,8,0.000000,100,8163.734635,2256.069090,8163.734635,0.000000,,,0,1,,,,,7.366360,BIG
ga,augerat_A_n37_k5,36,8,0.000000,200,8268.796399,2247.313793,8268.796399,0.000000,,,0,1,,,,,0.119970,DEFAULT
ga,augerat_A_n37_k5,36,8,0.000000,200,8289.324165,2104.593895,8289.324165,0.000000,,,0,1,,,,,0.015502,SMALL
ga,hfvrp_n200_m40_s04,200,40,0.000000,10,32958.696855,99520.428456,32958.696855,0.000000,,,0,1,,,,,1.270535,DEFAULT
ga,hfvrp_n200_m40_s04,200,40,0.000000,10,37052.259097,115042.838337,37052.259097,0.000000,,,0,1,,,,,0.147786,SMALL
ga,augerat_A_n37_k5,36,8,0.000000,200,8218.840500,2313.889034,8218.840500,0.000000,,,0,1,,,,,2.438543,MEDIUM
ga,hfvrp_n200_m40_s02,200,40,0.000000,75,30782.897262,136759.227040,30782.897262,0.000000,,,0,1,,,,,1.332192,DEFAULT
ga,hfvrp_n200_m40_s02,200,40,0.000000,75,38753.522713,151144.447628,38753.522713,0.000000,,,0,1,,,,,0.172978,SMALL
ga,hfvrp_n200_m40_s01,200,40,0.000000,999,29204.012361,123591.824123,29204.012361,0.000000,,,0,1,,,,,1.339645,DEFAULT
ga,hfvrp_n200_m40_s01,200,40,0.000000,999,36839.649409,170391.557221,36839.649409,0.000000,,,0,1,,,,,0.164925,SMALL
ga,augerat_A_n37_k5,36,8,0.000000,200,8157.397256,1840.240031,8157.397256,0.000000,,,0,1,,,,,7.313770,BIG
ga,hfvrp_n200_m40_s03,200,40,0.000000,50,24880.446335,109445.003806,24880.446335,0.000000,,,0,1,,,,,1.332356,DEFAULT
ga,hfvrp_n200_m40_s03,200,40,0.000000,50,31268.303642,110198.382211,31268.303642,0.000000,,,0,1,,,,,0.175439,SMALL
ga,augerat_A_n37_k5,36,8,0.000000,999,8172.527879,1975.828359,8172.527879,0.000000,,,0,1,,,,,0.119163,DEFAULT
ga,augerat_A_n37_k5,36,8,0.000000,999,8275.173525,2266.180146,8275.173525,0.000000,,,0,1,,,,,0.014124,SMALL
ga,augerat_A_n37_k5,36,8,0.000000,999,8140.654056,1702.575692,8140.654056,0.000000,,,0,1,,,,,2.437004,MEDIUM
ga,augerat_A_n37_k5,36,8,0.000000,999,8159.705906,1924.105711,8159.705906,0.000000,,,0,1,,,,,7.393683,BIG
ga,augerat_A_n37_k5,36,8,0.000000,1234,8267.680698,1402.374102,8267.680698,0.000000,,,0,1,,,,,0.118364,DEFAULT
ga,augerat_A_n37_k5,36,8,0.000000,1234,8190.961471,1895.997781,8190.961471,0.000000,,,0,1,,,,,0.015564,SMALL
ga,augerat_A_n37_k5,36,8,0.000000,1234,8148.313518,2058.535839,8148.313518,0.000000,,,0,1,,,,,2.423278,MEDIUM
ga,hfvrp_n200_m40_s04,200,40,0.000000,10,21945.724951,81256.622408,21945.724951,0.000000,,,0,1,,,,,27.461190,MEDIUM
ga,augerat_A_n37_k5,36,8,0.000000,1234,8150.343215,2087.652946,8150.343215,0.000000,,,0,1,,,,,7.349169,BIG
ga,hfvrp_n200_m40_s02,200,40,0.000000,75,22376.189087,76045.261280,22376.189087,0.000000,,,0,1,,,,,26.836265,MEDIUM
ga,augerat_A_n37_k5,36,8,0.000000,9999,8203.939094,1778.617856,8203.939094,0.000000,,,0,1,,,,,0.117367,DEFAULT
ga,augerat_A_n37_k5,36,8,0.000000,9999,8263.743388,1974.022710,8263.743388,0.000000,,,0,1,,,,,0.019394,SMALL
ga,augerat_A_n37_k5,36,8,0.000000,9999,8136.312501,1484.678172,8136.312501,0.000000,,,0,1,,,,,2.413249,MEDIUM
ga,hfvrp_n200_m40_s01,200,40,0.000000,999,20738.817984,59629.746185,20738.817984,0.000000,,,0,1,,,,,26.365393,MEDIUM
ga,hfvrp_n200_m40_s05,200,40,0.000000,1,19792.936134,63602.786610,19792.936134,0.000000,,,0,1,,,,,78.850074,BIG
ga,hfvrp_n200_m40_s03,200,40,0.000000,50,19188.792575,79751.688537,19188.792575,0.000000,,,0,1,,,,,26.872300,MEDIUM
ga,augerat_A_n37_k5,36,8,0.000000,9999,8170.687319,1862.238514,8170.687319,0.000000,,,0,1,,,,,7.422546,BIG
ga,augerat_A_n37_k5,36,8,0.000000,19345,8170.981953,1781.020876,8170.981953,0.000000,,,0,1,,,,,0.119138,DEFAULT
ga,augerat_A_n37_k5,36,8,0.000000,19345,8285.940959,2162.793683,8285.940959,0.000000,,,0,1,,,,,0.014926,SMALL
ga,augerat_A_n37_k5,36,8,0.000000,19345,8154.554516,2166.632420,8154.554516,0.000000,,,0,1,,,,,2.443993,MEDIUM
ga,augerat_A_n37_k5,36,8,0.000000,19345,8190.478424,2055.798583,8190.478424,0.000000,,,0,1,,,,,7.415255,BIG
ga,augerat_A_n37_k5,36,8,0.000000,1788205425800672435,8164.592235,2127.129185,8164.592235,0.000000,,,0,1,,,,,0.118506,DEFAULT
ga,augerat_A_n37_k5,36,8,0.000000,1788205421633371082,8223.589009,1617.979710,8223.589009,0.000000,,,0,1,,,,,0.018212,SMALL
ga,augerat_A_n37_k5,36,8,0.000000,1788205417360477791,8166.131490,2208.179127,8166.131490,0.000000,,,0,1,,,,,2.402020,MEDIUM
ga,hfvrp_n200_m40_s05,200,40,0.000000,10,27954.849784,73151.353655,27954.849784,0.000000,,,0,1,,,,,1.364542,DEFAULT
ga,hfvrp_n200_m40_s05,200,40,0.000000,10,35900.525088,114994.995929,35900.525088,0.000000,,,0,1,,,,,0.173298,SMALL
ga,augerat_A_n37_k5,36,8,0.000000,1788205415472026480,8150.265253,1971.283912,8150.265253,0.000000,,,0,1,,,,,7.298893,BIG
ga,augerat_A_n45_k6,44,8,0.000000,1788205470281208486,11491.112965,3626.437205,11491.112965,0.000000,,,0,1,,,,,0.153999,DEFAULT
ga,augerat_A_n45_k6,44,8,0.000000,1788205552043873246,11634.841511,2401.904145,11634.841511,0.000000,,,0,1,,,,,0.019819,SMALL
ga,augerat_A_n45_k6,44,8,0.000000,1788205547777574045,11422.333720,1976.014033,11422.333720,0.000000,,,0,1,,,,,3.073816,MEDIUM
ga,augerat_A_n45_k6,44,8,0.000000,1788205546565987594,11380.910831,1529.407222,11380.910831,0.000000,,,0,1,,,,,9.275056,BIG
ga,augerat_A_n45_k6,44,8,0.000000,1,11544.936301,2590.160816,11544.936301,0.000000,,,0,1,,,,,0.148667,DEFAULT
ga,augerat_A_n45_k6,44,8,0.000000,1,11776.336106,3262.027708,11776.336106,0.000000,,,0,1,,,,,0.019569,SMALL
ga,augerat_A_n45_k6,44,8,0.000000,1,11461.821835,2361.107325,11461.821835,0.000000,,,0,1,,,,,3.025652,MEDIUM
ga,hfvrp_n200_m40_s05,200,40,0.000000,10,22226.819528,62246.129992,22226.819528,0.000000,,,0,1,,,,,25.463513,MEDIUM
ga,augerat_A_n45_k6,44,8,0.000000,1,11351.328900,2646.709352,11351.328900,0.000000,,,0,1,,,,,9.173872,BIG
ga,augerat_A_n45_k6,44,8,0.000000,10,11528.812426,1880.416224,11528.812426,0.000000,,,0,1,,,,,0.147911,DEFAULT
ga,augerat_A_n45_k6,44,8,0.000000,10,11745.352100,2812.690603,11745.352100,0.000000,,,0,1,,,,,0.018090,SMALL
ga,augerat_A_n45_k6,44,8,0.000000,10,11491.886231,1415.151857,11491.886231,0.000000,,,0,1,,,,,2.973624,MEDIUM
ga,augerat_A_n45_k6,44,8,0.000000,10,11404.662890,2775.959654,11404.662890,0.000000,,,0,1,,,,,9.128921,BIG
ga,augerat_A_n45_k6,44,8,0.000000,50,11519.549451,2700.901579,11519.549451,0.000000,,,0,1,,,,,0.148206,DEFAULT
ga,augerat_A_n45_k6,44,8,0.000000,50,11657.671202,2609.299369,11657.671202,0.000000,,,0,1,,,,,0.019324,SMALL
ga,augerat_A_n45_k6,44,8,0.000000,50,11433.624217,2755.038662,11433.624217,0.000000,,,0,1,,,,,3.018458,MEDIUM
ga,hfvrp_n200_m40_s02,200,40,0.000000,75,17786.642016,62103.700442,17786.642016,0.000000,,,0,1,,,,,77.446019,BIG
ga,augerat_A_n45_k6,44,8,0.000000,50,11460.115189,1900.536693,11460.115189,0.000000,,,0,1,,,,,9.241570,BIG
ga,hfvrp_n200_m40_s04,200,40,0.000000,10,19647.988629,75836.743100,19647.988629,0.000000,,,0,1,,,,,81.597440,BIG
ga,augerat_A_n45_k6,44,8,0.000000,75,11640.510150,2898.124002,11640.510150,0.000000,,,0,1,,,,,0.150002,DEFAULT
ga,augerat_A_n45_k6,44,8,0.000000,75,11725.241968,3553.342728,11725.241968,0.000000,,,0,1,,,,,0.017247,SMALL
ga,augerat_A_n45_k6,44,8,0.000000,75,11404.589563,2509.665651,11404.589563,0.000000,,,0,1,,,,,3.037019,MEDIUM
ga,hfvrp_n200_m40_s01,200,40,0.000000,999,18498.710830,57111.466530,18498.710830,0.000000,,,0,1,,,,,78.797416,BIG
ga,hfvrp_n200_m40_s03,200,40,0.000000,50,18586.223500,62795.139451,18586.223500,0.000000,,,0,1,,,,,79.675560,BIG
ga,augerat_A_n45_k6,44,8,0.000000,75,11438.582995,2277.398680,11438.582995,0.000000,,,0,1,,,,,9.366683,BIG
ga,augerat_A_n45_k6,44,8,0.000000,100,11572.279194,2697.028910,11572.279194,0.000000,,,0,1,,,,,0.153296,DEFAULT
ga,augerat_A_n45_k6,44,8,0.000000,100,11821.276666,3497.960744,11821.276666,0.000000,,,0,1,,,,,0.017927,SMALL
ga,augerat_A_n45_k6,44,8,0.000000,100,11430.881996,1241.509954,11430.881996,0.000000,,,0,1,,,,,3.060068,MEDIUM
ga,hfvrp_n200_m40_s02,200,40,0.000000,100,28194.937535,114000.153132,28194.937535,0.000000,,,0,1,,,,,1.333747,DEFAULT
ga,hfvrp_n200_m40_s02,200,40,0.000000,100,34743.402477,125170.641971,34743.402477,0.000000,,,0,1,,,,,0.173693,SMALL
ga,hfvrp_n200_m40_s04,200,40,0.000000,50,28478.027861,103987.287452,28478.027861,0.000000,,,0,1,,,,,1.319790,DEFAULT
ga,hfvrp_n200_m40_s04,200,40,0.000000,50,38203.868169,128032.016329,38203.868169,0.000000,,,0,1,,,,,0.155355,SMALL
ga,hfvrp_n200_m40_s01,200,40,0.000000,1234,29235.583405,99288.021468,29235.583405,0.000000,,,0,1,,,,,1.294189,DEFAULT
ga,hfvrp_n200_m40_s01,200,40,0.000000,1234,34124.919032,112946.905602,34124.919032,0.000000,,,0,1,,,,,0.176652,SMALL
ga,augerat_A_n45_k6,44,8,0.000000,100,11429.420892,2239.522844,11429.420892,0.000000,,,0,1,,,,,9.186526,BIG
ga,hfvrp_n200_m40_s03,200,40,0.000000,75,29696.120542,151705.584365,29696.120542,0.000000,,,0,1,,,,,1.358070,DEFAULT
ga,augerat_A_n45_k6,44,8,0.000000,200,11445.383379,2526.279185,11445.383379,0.000000,,,0,1,,,,,0.158532,DEFAULT
ga,augerat_A_n45_k6,44,8,0.000000,200,11746.346061,2190.150416,11746.346061,0.000000,,,0,1,,,,,0.018242,SMALL
ga,hfvrp_n200_m40_s03,200,40,0.000000,75,35796.644298,145022.044131,35796.644298,0.000000,,,0,1,,,,,0.163232,SMALL
ga,augerat_A_n45_k6,44,8,0.000000,200,11534.657330,2321.893855,11534.657330,0.000000,,,0,1,,,,,3.023970,MEDIUM
ga,augerat_A_n45_k6,44,8,0.000000,200,11505.929153,1475.820393,11505.929153,0.000000,,,0,1,,,,,9.298981,BIG
ga,augerat_A_n45_k6,44,8,0.000000,999,11497.986944,2559.044997,11497.986944,0.000000,,,0,1,,,,,0.148657,DEFAULT
ga,augerat_A_n45_k6,44,8,0.000000,999,11608.933620,1726.119895,11608.933620,0.000000,,,0,1,,,,,0.018993,SMALL
ga,augerat_A_n45_k6,44,8,0.000000,999,11398.669664,2308.133241,11398.669664,0.000000,,,0,1,,,,,3.069824,MEDIUM
ga,hfvrp_n200_m40_s02,200,40,0.000000,100,19972.688102,56996.470146,19972.688102,0.000000,,,0,1,,,,,27.066289,MEDIUM
ga,hfvrp_n200_m40_s04,200,40,0.000000,50,21521.465616,77774.629308,21521.465616,0.000000,,,0,1,,,,,25.881418,MEDIUM
ga,hfvrp_n200_m40_s01,200,40,0.000000,1234,20690.397031,58720.014064,20690.397031,0.000000,,,0,1,,,,,25.406692,MEDIUM
ga,augerat_A_n45_k6,44,8,0.000000,999,11394.817184,1591.193520,11394.817184,0.000000,,,0,1,,,,,9.182275,BIG
ga,augerat_A_n45_k6,44,8,0.000000,1234,11535.293043,2402.297309,11535.293043,0.000000,,,0,1,,,,,0.151369,DEFAULT
ga,augerat_A_n45_k6,44,8,0.000000,1234,11818.813232,2531.028072,11818.813232,0.000000,,,0,1,,,,,0.018937,SMALL
ga,hfvrp_n200_m40_s05,200,40,0.000000,10,18310.034091,60193.312954,18310.034091,0.000000,,,0,1,,,,,81.637440,BIG
ga,hfvrp_n200_m40_s03,200,40,0.000000,75,19875.744513,65578.026189,19875.744513,0.000000,,,0,1,,,,,26.656563,MEDIUM
ga,augerat_A_n45_k6,44,8,0.000000,1234,11433.943027,2749.419555,11433.943027,0.000000,,,0,1,,,,,2.995558,MEDIUM
ga,augerat_A_n45_k6,44,8,0.000000,1234,11385.595902,2415.175210,11385.595902,0.000000,,,0,1,,,,,9.241632,BIG
ga,augerat_A_n45_k6,44,8,0.000000,9999,11575.409612,2234.653805,11575.409612,0.000000,,,0,1,,,,,0.145605,DEFAULT
ga,augerat_A_n45_k6,44,8,0.000000,9999,11739.926591,2471.880071,11739.926591,0.000000,,,0,1,,,,,0.021301,SMALL
ga,augerat_A_n45_k6,44,8,0.000000,9999,11454.055878,2800.153815,11454.055878,0.000000,,,0,1,,,,,2.994682,MEDIUM
ga,hfvrp_n200_m40_s05,200,40,0.000000,50,31153.176474,158494.207395,31153.176474,0.000000,,,0,1,,,,,1.282338,DEFAULT
ga,hfvrp_n200_m40_s05,200,40,0.000000,50,36709.623700,119221.288967,36709.623700,0.000000,,,0,1,,,,,0.168839,SMALL
ga,augerat_A_n45_k6,44,8,0.000000,9999,11411.135405,1317.980181,11411.135405,0.000000,,,0,1,,,,,9.351390,BIG
ga,augerat_A_n45_k6,44,8,0.000000,19345,11561.712869,1252.114493,11561.712869,0.000000,,,0,1,,,,,0.149211,DEFAULT
ga,augerat_A_n45_k6,44,8,0.000000,19345,11795.438524,2093.562705,11795.438524,0.000000,,,0,1,,,,,0.019572,SMALL
ga,augerat_A_n45_k6,44,8,0.000000,19345,11459.515956,2960.304624,11459.515956,0.000000,,,0,1,,,,,3.050362,MEDIUM
ga,augerat_A_n45_k6,44,8,0.000000,19345,11432.882908,3006.300309,11432.882908,0.000000,,,0,1,,,,,9.209528,BIG
ga,augerat_A_n45_k6,44,8,0.000000,1788206975618661800,11635.223310,2778.646703,11635.223310,0.000000,,,0,1,,,,,0.149834,DEFAULT
ga,augerat_A_n45_k6,44,8,0.000000,1788207065967041797,11694.023608,2977.996740,11694.023608,0.000000,,,0,1,,,,,0.017936,SMALL
ga,augerat_A_n45_k6,44,8,0.000000,1788207070288839129,11496.746055,2625.185454,11496.746055,0.000000,,,0,1,,,,,2.992771,MEDIUM
ga,hfvrp_n200_m40_s05,200,40,0.000000,50,21816.876393,72489.031075,21816.876393,0.000000,,,0,1,,,,,25.872424,MEDIUM
ga,augerat_A_n45_k6,44,8,0.000000,1788207060401450756,11494.236877,2102.131381,11494.236877,0.000000,,,0,1,,,,,9.381517,BIG
ga,augerat_A_n54_k7,53,8,0.000000,1788206868291228245,12702.417286,5442.491836,12702.417286,0.000000,,,0,1,,,,,0.179936,DEFAULT
ga,augerat_A_n54_k7,53,8,0.000000,1788206881360439079,12728.716857,4202.913965,12728.716857,0.000000,,,0,1,,,,,0.022451,SMALL
ga,augerat_A_n54_k7,53,8,0.000000,1788206877096511208,12520.196146,3668.189142,12520.196146,0.000000,,,0,1,,,,,3.650552,MEDIUM
ga,augerat_A_n54_k7,53,8,0.000000,1788206859281776694,12396.306692,3167.741158,12396.306692,0.000000,,,0,1,,,,,11.466865,BIG
ga,augerat_A_n54_k7,53,8,0.000000,1,12526.767687,4027.529332,12526.767687,0.000000,,,0,1,,,,,0.178855,DEFAULT
ga,augerat_A_n54_k7,53,8,0.000000,1,12948.693375,4946.892384,12948.693375,0.000000,,,0,1,,,,,0.023967,SMALL
ga,augerat_A_n54_k7,53,8,0.000000,1,12503.815871,4101.295083,12503.815871,0.000000,,,0,1,,,,,3.808262,MEDIUM
ga,hfvrp_n200_m40_s04,200,40,0.000000,50,20432.913815,60071.203207,20432.913815,0.000000,,,0,1,,,,,79.891015,BIG
ga,hfvrp_n200_m40_s02,200,40,0.000000,100,19206.879726,64335.634803,19206.879726,0.000000,,,0,1,,,,,83.735156,BIG
ga,hfvrp_n200_m40_s01,200,40,0.000000,1234,19840.751137,56682.961541,19840.751137,0.000000,,,0,1,,,,,80.295333,BIG
ga,hfvrp_n200_m40_s03,200,40,0.000000,75,18286.072318,70163.202181,18286.072318,0.000000,,,0,1,,,,,79.625607,BIG
ga,augerat_A_n54_k7,53,8,0.000000,1,12522.318223,4340.611031,12522.318223,0.000000,,,0,1,,,,,11.409955,BIG
ga,augerat_A_n54_k7,53,8,0.000000,10,12728.298702,3989.756609,12728.298702,0.000000,,,0,1,,,,,0.186291,DEFAULT
ga,augerat_A_n54_k7,53,8,0.000000,10,12898.089834,5111.020816,12898.089834,0.000000,,,0,1,,,,,0.026971,SMALL
ga,augerat_A_n54_k7,53,8,0.000000,10,12423.552258,3242.195046,12423.552258,0.000000,,,0,1,,,,,3.804179,MEDIUM
ga,hfvrp_n200_m40_s04,200,40,0.000000,75,29824.132505,82802.179191,29824.132505,0.000000,,,0,1,,,,,1.349572,DEFAULT
ga,hfvrp_n200_m40_s02,200,40,0.000000,200,30207.666013,82706.475424,30207.666013,0.000000,,,0,1,,,,,1.325557,DEFAULT
ga,hfvrp_n200_m40_s01,200,40,0.000000,9999,30820.797323,104057.626030,30820.797323,0.000000,,,0,1,,,,,1.364554,DEFAULT
ga,augerat_A_n54_k7,53,8,0.000000,10,12502.776349,3140.779470,12502.776349,0.000000,,,0,1,,,,,11.444687,BIG
ga,hfvrp_n200_m40_s04,200,40,0.000000,75,39544.177263,151976.100921,39544.177263,0.000000,,,0,1,,,,,0.163123,SMALL
ga,hfvrp_n200_m40_s02,200,40,0.000000,200,33924.087634,139360.837626,33924.087634,0.000000,,,0,1,,,,,0.183172,SMALL
ga,hfvrp_n200_m40_s01,200,40,0.000000,9999,43584.418905,199933.904103,43584.418905,0.000000,,,0,1,,,,,0.166892,SMALL
ga,augerat_A_n54_k7,53,8,0.000000,50,12596.938604,4455.324025,12596.938604,0.000000,,,0,1,,,,,0.187792,DEFAULT
ga,augerat_A_n54_k7,53,8,0.000000,50,12817.201694,4020.896988,12817.201694,0.000000,,,0,1,,,,,0.025606,SMALL
ga,hfvrp_n200_m40_s03,200,40,0.000000,100,31164.349556,150489.491877,31164.349556,0.000000,,,0,1,,,,,1.297456,DEFAULT
ga,hfvrp_n200_m40_s03,200,40,0.000000,100,36494.957709,158298.536530,36494.957709,0.000000,,,0,1,,,,,0.174383,SMALL
ga,augerat_A_n54_k7,53,8,0.000000,50,12446.117051,4115.728491,12446.117051,0.000000,,,0,1,,,,,3.779587,MEDIUM
ga,augerat_A_n54_k7,53,8,0.000000,50,12472.172805,4468.331599,12472.172805,0.000000,,,0,1,,,,,11.467278,BIG
ga,augerat_A_n54_k7,53,8,0.000000,75,12603.112566,3945.914638,12603.112566,0.000000,,,0,1,,,,,0.179798,DEFAULT
ga,augerat_A_n54_k7,53,8,0.000000,75,12821.147039,4812.293404,12821.147039,0.000000,,,0,1,,,,,0.023291,SMALL
ga,augerat_A_n54_k7,53,8,0.000000,75,12475.454498,3883.003084,12475.454498,0.000000,,,0,1,,,,,3.730566,MEDIUM
ga,hfvrp_n200_m40_s01,200,40,0.000000,9999,20881.598080,53999.707097,20881.598080,0.000000,,,0,1,,,,,26.077124,MEDIUM
ga,hfvrp_n200_m40_s02,200,40,0.000000,200,21631.166379,75254.336758,21631.166379,0.000000,,,0,1,,,,,26.744903,MEDIUM
ga,hfvrp_n200_m40_s05,200,40,0.000000,50,19185.407654,66653.104962,19185.407654,0.000000,,,0,1,,,,,78.476143,BIG
ga,hfvrp_n200_m40_s04,200,40,0.000000,75,21314.390420,61646.524762,21314.390420,0.000000,,,0,1,,,,,27.732048,MEDIUM
ga,hfvrp_n200_m40_s03,200,40,0.000000,100,20805.164480,77308.534278,20805.164480,0.000000,,,0,1,,,,,25.750704,MEDIUM
ga,augerat_A_n54_k7,53,8,0.000000,75,12459.943654,3500.812164,12459.943654,0.000000,,,0,1,,,,,11.476568,BIG
ga,augerat_A_n54_k7,53,8,0.000000,100,12560.283009,3210.664630,12560.283009,0.000000,,,0,1,,,,,0.185907,DEFAULT
ga,augerat_A_n54_k7,53,8,0.000000,100,12719.384408,4293.898648,12719.384408,0.000000,,,0,1,,,,,0.023481,SMALL
ga,augerat_A_n54_k7,53,8,0.000000,100,12438.414837,3442.778773,12438.414837,0.000000,,,0,1,,,,,3.784761,MEDIUM
ga,augerat_A_n54_k7,53,8,0.000000,100,12451.766360,3247.803921,12451.766360,0.000000,,,0,1,,,,,11.505560,BIG
ga,hfvrp_n200_m40_s05,200,40,0.000000,75,32091.651935,109357.685419,32091.651935,0.000000,,,0,1,,,,,1.293282,DEFAULT
ga,hfvrp_n200_m40_s05,200,40,0.000000,75,36778.460011,177005.371195,36778.460011,0.000000,,,0,1,,,,,0.168103,SMALL
ga,augerat_A_n54_k7,53,8,0.000000,200,12545.575079,3795.889511,12545.575079,0.000000,,,0,1,,,,,0.183692,DEFAULT
ga,augerat_A_n54_k7,53,8,0.000000,200,12780.937097,5068.835275,12780.937097,0.000000,,,0,1,,,,,0.023062,SMALL
ga,augerat_A_n54_k7,53,8,0.000000,200,12500.713432,3375.850273,12500.713432,0.000000,,,0,1,,,,,3.678689,MEDIUM
ga,augerat_A_n54_k7,53,8,0.000000,200,12489.205889,3138.226232,12489.205889,0.000000,,,0,1,,,,,10.981189,BIG
ga,augerat_A_n54_k7,53,8,0.000000,999,12504.522780,3372.953779,12504.522780,0.000000,,,0,1,,,,,0.185705,DEFAULT
ga,augerat_A_n54_k7,53,8,0.000000,999,12974.129113,5572.679824,12974.129113,0.000000,,,0,1,,,,,0.021838,SMALL
ga,augerat_A_n54_k7,53,8,0.000000,999,12457.395037,3496.199878,12457.395037,0.000000,,,0,1,,,,,3.635916,MEDIUM
ga,hfvrp_n200_m40_s05,200,40,0.000000,75,22204.147532,69300.041235,22204.147532,0.000000,,,0,1,,,,,25.014026,MEDIUM
ga,augerat_A_n54_k7,53,8,0.000000,999,12564.327047,4303.413758,12564.327047,0.000000,,,0,1,,,,,11.331703,BIG
ga,augerat_A_n54_k7,53,8,0.000000,1234,12612.452136,4573.942483,12612.452136,0.000000,,,0,1,,,,,0.185192,DEFAULT
ga,augerat_A_n54_k7,53,8,0.000000,1234,12900.278107,5124.678006,12900.278107,0.000000,,,0,1,,,,,0.022411,SMALL
ga,augerat_A_n54_k7,53,8,0.000000,1234,12362.819740,3203.570298,12362.819740,0.000000,,,0,1,,,,,3.743207,MEDIUM
ga,augerat_A_n54_k7,53,8,0.000000,1234,12507.708239,4355.415440,12507.708239,0.000000,,,0,1,,,,,11.282172,BIG
ga,augerat_A_n54_k7,53,8,0.000000,9999,12613.401092,3304.817089,12613.401092,0.000000,,,0,1,,,,,0.185163,DEFAULT
ga,augerat_A_n54_k7,53,8,0.000000,9999,12887.517517,4382.255537,12887.517517,0.000000,,,0,1,,,,,0.022318,SMALL
ga,augerat_A_n54_k7,53,8,0.000000,9999,12449.813089,3240.016857,12449.813089,0.000000,,,0,1,,,,,3.720147,MEDIUM
ga,hfvrp_n200_m40_s04,200,40,0.000000,75,20375.566477,80879.385240,20375.566477,0.000000,,,0,1,,,,,77.639193,BIG
ga,hfvrp_n200_m40_s01,200,40,0.000000,9999,17693.526345,50133.195631,17693.526345,0.000000,,,0,1,,,,,79.747055,BIG
ga,augerat_A_n54_k7,53,8,0.000000,9999,12403.564844,3414.115999,12403.564844,0.000000,,,0,1,,,,,11.149003,BIG
ga,augerat_A_n54_k7,53,8,0.000000,19345,12663.115857,4665.227731,12663.115857,0.000000,,,0,1,,,,,0.181567,DEFAULT
ga,augerat_A_n54_k7,53,8,0.000000,19345,12794.456108,4309.140896,12794.456108,0.000000,,,0,1,,,,,0.023808,SMALL
ga,hfvrp_n200_m40_s02,200,40,0.000000,200,18225.409626,60101.306481,18225.409626,0.000000,,,0,1,,,,,83.357568,BIG
ga,augerat_A_n54_k7,53,8,0.000000,19345,12405.249685,3310.760273,12405.249685,0.000000,,,0,1,,,,,3.791473,MEDIUM
ga,hfvrp_n200_m40_s03,200,40,0.000000,100,18036.700988,81746.679749,18036.700988,0.000000,,,0,1,,,,,84.654294,BIG
ga,augerat_A_n54_k7,53,8,0.000000,19345,12518.384156,3462.992060,12518.384156,0.000000,,,0,1,,,,,11.399134,BIG
ga,augerat_A_n54_k7,53,8,0.000000,1788208079965295947,12529.334073,3457.204678,12529.334073,0.000000,,,0,1,,,,,0.188395,DEFAULT
ga,augerat_A_n54_k7,53,8,0.000000,1788208058682588150,13098.020090,6105.918463,13098.020090,0.000000,,,0,1,,,,,0.023104,SMALL
ga,hfvrp_n200_m40_s01,200,40,0.000000,19345,31322.735693,138050.348856,31322.735693,0.000000,,,0,1,,,,,1.370704,DEFAULT
ga,hfvrp_n200_m40_s01,200,40,0.000000,19345,37699.011189,160712.762380,37699.011189,0.000000,,,0,1,,,,,0.171672,SMALL
ga,hfvrp_n200_m40_s04,200,40,0.000000,100,28584.880768,112028.175490,28584.880768,0.000000,,,0,1,,,,,1.336155,DEFAULT
ga,hfvrp_n200_m40_s04,200,40,0.000000,100,32936.303857,121219.070445,32936.303857,0.000000,,,0,1,,,,,0.167640,SMALL
ga,augerat_A_n54_k7,53,8,0.000000,1788208054414426561,12418.313358,3227.024588,12418.313358,0.000000,,,0,1,,,,,3.732017,MEDIUM
ga,hfvrp_n200_m40_s02,200,40,0.000000,999,27353.132946,114380.723723,27353.132946,0.000000,,,0,1,,,,,1.344887,DEFAULT
ga,hfvrp_n200_m40_s02,200,40,0.000000,999,32844.504506,116845.651495,32844.504506,0.000000,,,0,1,,,,,0.175699,SMALL
ga,hfvrp_n200_m40_s03,200,40,0.000000,200,26711.825661,99489.235204,26711.825661,0.000000,,,0,1,,,,,1.353579,DEFAULT
ga,hfvrp_n200_m40_s03,200,40,0.000000,200,33302.352368,104779.042044,33302.352368,0.000000,,,0,1,,,,,0.171977,SMALL
ga,augerat_A_n54_k7,53,8,0.000000,1788208109690517492,12412.490332,3207.757647,12412.490332,0.000000,,,0,1,,,,,11.337521,BIG
ga,augerat_A_n60_k9,59,10,0.000000,1788208293343429365,16107.517204,3570.190169,16107.517204,0.000000,,,0,1,,,,,0.199406,DEFAULT
ga,augerat_A_n60_k9,59,10,0.000000,1788208229122563349,16382.982371,4928.586772,16382.982371,0.000000,,,0,1,,,,,0.027977,SMALL
ga,augerat_A_n60_k9,59,10,0.000000,1788208233454624170,15985.980693,3771.415834,15985.980693,0.000000,,,0,1,,,,,4.236557,MEDIUM
ga,hfvrp_n200_m40_s05,200,40,0.000000,75,20602.138951,58044.842927,20602.138951,0.000000,,,0,1,,,,,77.268938,BIG
ga,hfvrp_n200_m40_s01,200,40,0.000000,19345,21144.186380,57666.178384,21144.186380,0.000000,,,0,1,,,,,26.247437,MEDIUM
ga,hfvrp_n200_m40_s04,200,40,0.000000,100,21404.431831,67542.557783,21404.431831,0.000000,,,0,1,,,,,25.717777,MEDIUM
ga,hfvrp_n200_m40_s02,200,40,0.000000,999,22150.379971,66716.524924,22150.379971,0.000000,,,0,1,,,,,26.401091,MEDIUM
ga,augerat_A_n60_k9,59,10,0.000000,1788208241995885009,15890.410996,3714.236246,15890.410996,0.000000,,,0,1,,,,,13.017727,BIG
ga,augerat_A_n60_k9,59,10,0.000000,1,16067.281927,3724.145251,16067.281927,0.000000,,,0,1,,,,,0.207153,DEFAULT
ga,augerat_A_n60_k9,59,10,0.000000,1,16247.614693,3828.431631,16247.614693,0.000000,,,0,1,,,,,0.028120,SMALL
ga,hfvrp_n200_m40_s03,200,40,0.000000,200,20575.521285,75516.743705,20575.521285,0.000000,,,0,1,,,,,26.300142,MEDIUM
ga,augerat_A_n60_k9,59,10,0.000000,1,15815.302842,3467.693711,15815.302842,0.000000,,,0,1,,,,,4.211086,MEDIUM
ga,hfvrp_n200_m40_s05,200,40,0.000000,100,31511.564880,113783.237896,31511.564880,0.000000,,,0,1,,,,,1.257067,DEFAULT
ga,hfvrp_n200_m40_s05,200,40,0.000000,100,37359.470820,140988.210366,37359.470820,0.000000,,,0,1,,,,,0.168532,SMALL
ga,augerat_A_n60_k9,59,10,0.000000,1,15904.084130,3530.342496,15904.084130,0.000000,,,0,1,,,,,12.591788,BIG
ga,augerat_A_n60_k9,59,10,0.000000,10,16125.240302,3804.067668,16125.240302,0.000000,,,0,1,,,,,0.208027,DEFAULT
ga,augerat_A_n60_k9,59,10,0.000000,10,16453.814871,4721.714691,16453.814871,0.000000,,,0,1,,,,,0.023521,SMALL
ga,augerat_A_n60_k9,59,10,0.000000,10,15844.898235,3743.721855,15844.898235,0.000000,,,0,1,,,,,4.253123,MEDIUM
ga,augerat_A_n60_k9,59,10,0.000000,10,15882.955294,3395.246304,15882.955294,0.000000,,,0,1,,,,,12.770989,BIG
ga,augerat_A_n60_k9,59,10,0.000000,50,16042.422798,3511.705054,16042.422798,0.000000,,,0,1,,,,,0.211325,DEFAULT
ga,augerat_A_n60_k9,59,10,0.000000,50,16460.202217,4738.393260,16460.202217,0.000000,,,0,1,,,,,0.024384,SMALL
ga,hfvrp_n200_m40_s05,200,40,0.000000,100,22734.451374,62811.529446,22734.451374,0.000000,,,0,1,,,,,25.107547,MEDIUM
ga,augerat_A_n60_k9,59,10,0.000000,50,15868.354912,3493.269503,15868.354912,0.000000,,,0,1,,,,,4.217493,MEDIUM
ga,augerat_A_n60_k9,59,10,0.000000,50,15819.088918,3665.960401,15819.088918,0.000000,,,0,1,,,,,12.551489,BIG
ga,augerat_A_n60_k9,59,10,0.000000,75,16139.754372,3503.113349,16139.754372,0.000000,,,0,1,,,,,0.218577,DEFAULT
ga,augerat_A_n60_k9,59,10,0.000000,75,16314.245865,4532.940008,16314.245865,0.000000,,,0,1,,,,,0.024953,SMALL
ga,augerat_A_n60_k9,59,10,0.000000,75,15891.114073,3314.997020,15891.114073,0.000000,,,0,1,,,,,4.193354,MEDIUM
ga,augerat_A_n60_k9,59,10,0.000000,75,15805.703797,3341.256147,15805.703797,0.000000,,,0,1,,,,,12.986197,BIG
ga,augerat_A_n60_k9,59,10,0.000000,100,16185.546961,4155.198031,16185.546961,0.000000,,,0,1,,,,,0.211255,DEFAULT
ga,augerat_A_n60_k9,59,10,0.000000,100,16304.301005,4001.214093,16304.301005,0.000000,,,0,1,,,,,0.025833,SMALL
ga,hfvrp_n200_m40_s01,200,40,0.000000,19345,21115.968178,73106.074750,21115.968178,0.000000,,,0,1,,,,,78.150075,BIG
ga,hfvrp_n200_m40_s04,200,40,0.000000,100,20121.287889,76817.247710,20121.287889,0.000000,,,0,1,,,,,78.055333,BIG
ga,hfvrp_n200_m40_s02,200,40,0.000000,999,17482.745567,57530.281983,17482.745567,0.000000,,,0,1,,,,,75.898534,BIG
ga,augerat_A_n60_k9,59,10,0.000000,100,15859.027195,3592.688920,15859.027195,0.000000,,,0,1,,,,,4.198895,MEDIUM
ga,hfvrp_n200_m40_s03,200,40,0.000000,200,19861.877080,65118.628787,19861.877080,0.000000,,,0,1,,,,,78.973915,BIG
ga,augerat_A_n60_k9,59,10,0.000000,100,15905.967381,3483.105224,15905.967381,0.000000,,,0,1,,,,,12.868613,BIG
ga,augerat_A_n60_k9,59,10,0.000000,200,15985.874432,3634.192164,15985.874432,0.000000,,,0,1,,,,,0.206057,DEFAULT
ga,augerat_A_n60_k9,59,10,0.000000,200,16265.360720,4028.044338,16265.360720,0.000000,,,0,1,,,,,0.025985,SMALL
ga,hfvrp_n200_m40_s01,200,40,0.000000,1788206184883075022,29953.975855,136781.785251,29953.975855,0.000000,,,0,1,,,,,1.360961,DEFAULT
ga,hfvrp_n200_m40_s01,200,40,0.000000,1788206620045350949,32026.113091,115437.367190,32026.113091,0.000000,,,0,1,,,,,0.175700,SMALL
ga,augerat_A_n60_k9,59,10,0.000000,200,16065.444922,4153.359110,16065.444922,0.000000,,,0,1,,,,,4.191157,MEDIUM
ga,hfvrp_n200_m40_s04,200,40,0.000000,200,29200.858805,108720.104763,29200.858805,0.000000,,,0,1,,,,,1.298373,DEFAULT
ga,hfvrp_n200_m40_s04,200,40,0.000000,200,36798.028621,144612.626283,36798.028621,0.000000,,,0,1,,,,,0.165798,SMALL
ga,hfvrp_n200_m40_s02,200,40,0.000000,1234,30931.316216,125761.188003,30931.316216,0.000000,,,0,1,,,,,1.307086,DEFAULT
ga,hfvrp_n200_m40_s02,200,40,0.000000,1234,37325.760952,120124.597077,37325.760952,0.000000,,,0,1,,,,,0.168501,SMALL
ga,hfvrp_n200_m40_s03,200,40,0.000000,999,28076.194732,138960.054561,28076.194732,0.000000,,,0,1,,,,,1.334704,DEFAULT
ga,hfvrp_n200_m40_s03,200,40,0.000000,999,37272.698582,178480.390194,37272.698582,0.000000,,,0,1,,,,,0.161766,SMALL
ga,augerat_A_n60_k9,59,10,0.000000,200,15841.195096,3567.332002,15841.195096,0.000000,,,0,1,,,,,12.976741,BIG
ga,augerat_A_n60_k9,59,10,0.000000,999,16093.683186,3770.670111,16093.683186,0.000000,,,0,1,,,,,0.199405,DEFAULT
ga,augerat_A_n60_k9,59,10,0.000000,999,16455.150975,4779.309401,16455.150975,0.000000,,,0,1,,,,,0.025605,SMALL
ga,augerat_A_n60_k9,59,10,0.000000,999,15846.501926,3620.741768,15846.501926,0.000000,,,0,1,,,,,4.280571,MEDIUM
ga,hfvrp_n200_m40_s05,200,40,0.000000,100,21263.091317,68365.705925,21263.091317,0.000000,,,0,1,,,,,79.459993,BIG
ga,hfvrp_n200_m40_s01,200,40,0.000000,1788206624522033327,20896.818436,82241.816318,20896.818436,0.000000,,,0,1,,,,,25.854927,MEDIUM
ga,hfvrp_n200_m40_s04,200,40,0.000000,200,21782.749192,67451.158096,21782.749192,0.000000,,,0,1,,,,,25.810131,MEDIUM
ga,hfvrp_n200_m40_s02,200,40,0.000000,1234,21685.511835,79799.214091,21685.511835,0.000000,,,0,1,,,,,26.949679,MEDIUM
ga,augerat_A_n60_k9,59,10,0.000000,999,15926.586744,3677.456950,15926.586744,0.000000,,,0,1,,,,,12.903617,BIG
ga,augerat_A_n60_k9,59,10,0.000000,1234,16084.134416,3052.497233,16084.134416,0.000000,,,0,1,,,,,0.213102,DEFAULT
ga,augerat_A_n60_k9,59,10,0.000000,1234,16279.450556,4196.753881,16279.450556,0.000000,,,0,1,,,,,0.026491,SMALL
ga,augerat_A_n60_k9,59,10,0.000000,1234,15896.294064,3176.762367,15896.294064,0.000000,,,0,1,,,,,4.176648,MEDIUM
ga,hfvrp_n200_m40_s03,200,40,0.000000,999,21173.065673,91122.021020,21173.065673,0.000000,,,0,1,,,,,26.943838,MEDIUM
ga,hfvrp_n200_m40_s05,200,40,0.000000,200,26866.911732,86717.906646,26866.911732,0.000000,,,0,1,,,,,1.331435,DEFAULT
ga,hfvrp_n200_m40_s05,200,40,0.000000,200,39595.984581,204225.448667,39595.984581,0.000000,,,0,1,,,,,0.170793,SMALL
ga,augerat_A_n60_k9,59,10,0.000000,1234,15943.796300,3614.023054,15943.796300,0.000000,,,0,1,,,,,12.997247,BIG
ga,augerat_A_n60_k9,59,10,0.000000,9999,15998.491793,3876.846099,15998.491793,0.000000,,,0,1,,,,,0.200107,DEFAULT
ga,augerat_A_n60_k9,59,10,0.000000,9999,16310.593842,4058.254794,16310.593842,0.000000,,,0,1,,,,,0.028613,SMALL
ga,augerat_A_n60_k9,59,10,0.000000,9999,15987.302077,3618.972220,15987.302077,0.000000,,,0,1,,,,,4.209394,MEDIUM
ga,augerat_A_n60_k9,59,10,0.000000,9999,15990.071735,3529.766336,15990.071735,0.000000,,,0,1,,,,,12.792459,BIG
ga,augerat_A_n60_k9,59,10,0.000000,19345,16037.277454,4036.869331,16037.277454,0.000000,,,0,1,,,,,0.207102,DEFAULT
ga,augerat_A_n60_k9,59,10,0.000000,19345,16097.618550,3749.080138,16097.618550,0.000000,,,0,1,,,,,0.028060,SMALL
ga,hfvrp_n200_m40_s05,200,40,0.000000,200,22140.791270,73172.197516,22140.791270,0.000000,,,0,1,,,,,25.590698,MEDIUM
ga,augerat_A_n60_k9,59,10,0.000000,19345,15965.531555,3534.558237,15965.531555,0.000000,,,0,1,,,,,4.198094,MEDIUM
ga,augerat_A_n60_k9,59,10,0.000000,19345,15911.719685,3735.822639,15911.719685,0.000000,,,0,1,,,,,12.938795,BIG
ga,augerat_A_n60_k9,59,10,0.000000,1788206380346158825,16015.831107,4002.633722,16015.831107,0.000000,,,0,1,,,,,0.202786,DEFAULT
ga,augerat_A_n60_k9,59,10,0.000000,1788206384848237494,16427.543060,5827.540275,16427.543060,0.000000,,,0,1,,,,,0.023983,SMALL
ga,augerat_A_n60_k9,59,10,0.000000,1788206371996159229,15853.696613,3342.224339,15853.696613,0.000000,,,0,1,,,,,4.147315,MEDIUM
ga,augerat_A_n60_k9,59,10,0.000000,1788206371858226237,15921.025358,3640.367142,15921.025358,0.000000,,,0,1,,,,,12.950836,BIG
ga,hfvrp_n200_m40_s01,200,40,0.000000,1788206543014029362,19636.835434,57034.193869,19636.835434,0.000000,,,0,1,,,,,78.571426,BIG
ga,augerat_A_n80_k10,79,11,0.000000,1788207055919457566,18166.291808,6366.011806,18166.291808,0.000000,,,0,1,,,,,0.290340,DEFAULT
ga,augerat_A_n80_k10,79,11,0.000000,1788207043329359184,18550.087017,6959.946312,18550.087017,0.000000,,,0,1,,,,,0.032590,SMALL
ga,hfvrp_n200_m40_s04,200,40,0.000000,200,19841.534755,68919.889496,19841.534755,0.000000,,,0,1,,,,,78.317501,BIG
ga,pyvrp_X101_FSMFD,100,26,0.000000,1788207157725251697,4240549.901040,42658.952068,4240549.901040,0.000000,,,0,1,,,,,0.393218,DEFAULT
ga,pyvrp_X101_FSMFD,100,26,0.000000,1788207153828054277,4511683.951806,51397.318791,4511683.951806,0.000000,,,0,1,,,,,0.049245,SMALL
ga,augerat_A_n80_k10,79,11,0.000000,1788207047665922779,17997.352698,6107.594933,17997.352698,0.000000,,,0,1,,,,,5.742682,MEDIUM
ga,hfvrp_n200_m40_s02,200,40,0.000000,1234,18071.233954,71925.950556,18071.233954,0.000000,,,0,1,,,,,80.309841,BIG
ga,hfvrp_n200_m40_s03,200,40,0.000000,999,20237.656282,76889.276851,20237.656282,0.000000,,,0,1,,,,,76.520720,BIG
ga,pyvrp_X101_FSMFD,100,26,0.000000,1788207149586601451,3812013.540316,43803.632177,3812013.540316,0.000000,,,0,1,,,,,8.364637,MEDIUM
ga,hfvrp_n200_m40_s04,200,40,0.000000,999,32475.848772,112062.302749,32475.848772,0.000000,,,0,1,,,,,1.287346,DEFAULT
ga,hfvrp_n200_m40_s04,200,40,0.000000,999,36471.480199,120954.252586,36471.480199,0.000000,,,0,1,,,,,0.161533,SMALL
ga,augerat_A_n80_k10,79,11,0.000000,1788207139312085630,17892.878166,5902.337088,17892.878166,0.000000,,,0,1,,,,,17.808563,BIG
ga,augerat_A_n80_k10,79,11,0.000000,1,18170.482120,6945.629830,18170.482120,0.000000,,,0,1,,,,,0.286091,DEFAULT
ga,augerat_A_n80_k10,79,11,0.000000,1,18435.043019,7559.322224,18435.043019,0.000000,,,0,1,,,,,0.032583,SMALL
ga,hfvrp_n200_m40_s02,200,40,0.000000,9999,30103.528735,126651.842715,30103.528735,0.000000,,,0,1,,,,,1.331720,DEFAULT
ga,hfvrp_n200_m40_s02,200,40,0.000000,9999,38042.491083,150175.402851,38042.491083,0.000000,,,0,1,,,,,0.164632,SMALL
ga,hfvrp_n200_m40_s03,200,40,0.000000,1234,29501.094538,117088.333246,29501.094538,0.000000,,,0,1,,,,,1.267011,DEFAULT
ga,hfvrp_n200_m40_s03,200,40,0.000000,1234,38141.963314,196674.638870,38141.963314,0.000000,,,0,1,,,,,0.162090,SMALL
ga,augerat_A_n80_k10,79,11,0.000000,1,17951.474120,6167.887242,17951.474120,0.000000,,,0,1,,,,,5.611469,MEDIUM
ga,pyvrp_X101_FSMFD,100,26,0.000000,1788207218085752420,3754263.804481,40157.418446,3754263.804481,0.000000,,,0,1,,,,,26.014677,BIG
ga,pyvrp_X101_FSMFD,100,26,0.000000,1,4304078.441929,38836.487361,4304078.441929,0.000000,,,0,1,,,,,0.441795,DEFAULT
ga,pyvrp_X101_FSMFD,100,26,0.000000,1,4738785.053377,44402.460358,4738785.053377,0.000000,,,0,1,,,,,0.056474,SMALL
ga,hfvrp_n200_m40_s05,200,40,0.000000,200,22348.560256,75658.061777,22348.560256,0.000000,,,0,1,,,,,79.531434,BIG
ga,augerat_A_n80_k10,79,11,0.000000,1,17887.484936,5716.532805,17887.484936,0.000000,,,0,1,,,,,17.527864,BIG
ga,hfvrp_n200_m40_s04,200,40,0.000000,999,21192.630100,75299.405192,21192.630100,0.000000,,,0,1,,,,,26.025218,MEDIUM
ga,augerat_A_n80_k10,79,11,0.000000,10,18215.436341,6212.301466,18215.436341,0.000000,,,0,1,,,,,0.300108,DEFAULT
ga,augerat_A_n80_k10,79,11,0.000000,10,18658.230306,8025.349771,18658.230306,0.000000,,,0,1,,,,,0.039255,SMALL
ga,pyvrp_X101_FSMFD,100,26,0.000000,1,3891476.410167,45691.728931,3891476.410167,0.000000,,,0,1,,,,,8.262702,MEDIUM
ga,hfvrp_n200_m40_s02,200,40,0.000000,9999,22875.841577,57756.877410,22875.841577,0.000000,,,0,1,,,,,27.531813,MEDIUM
ga,augerat_A_n80_k10,79,11,0.000000,10,17914.767923,5721.848221,17914.767923,0.000000,,,0,1,,,,,5.758121,MEDIUM
ga,hfvrp_n200_m40_s03,200,40,0.000000,1234,21107.674456,75368.699088,21107.674456,0.000000,,,0,1,,,,,26.459977,MEDIUM
ga,hfvrp_n200_m40_s05,200,40,0.000000,999,27696.271764,86343.077927,27696.271764,0.000000,,,0,1,,,,,1.283526,DEFAULT
ga,hfvrp_n200_m40_s05,200,40,0.000000,999,35561.631468,123747.393198,35561.631468,0.000000,,,0,1,,,,,0.171081,SMALL
ga,augerat_A_n80_k10,79,11,0.000000,10,17871.941239,5260.375708,17871.941239,0.000000,,,0,1,,,,,17.640622,BIG
ga,augerat_A_n80_k10,79,11,0.000000,50,18232.749202,6541.348269,18232.749202,0.000000,,,0,1,,,,,0.286478,DEFAULT
ga,augerat_A_n80_k10,79,11,0.000000,50,18507.597584,6747.768640,18507.597584,0.000000,,,0,1,,,,,0.036326,SMALL
ga,pyvrp_X101_FSMFD,100,26,0.000000,1,3717416.514217,39924.420250,3717416.514217,0.000000,,,0,1,,,,,25.646563,BIG
ga,pyvrp_X101_FSMFD,100,26,0.000000,10,4134805.869527,45808.287111,4134805.869527,0.000000,,,0,1,,,,,0.404722,DEFAULT
ga,pyvrp_X101_FSMFD,100,26,0.000000,10,4708111.443482,45453.170515,4708111.443482,0.000000,,,0,1,,,,,0.055558,SMALL
ga,augerat_A_n80_k10,79,11,0.000000,50,17975.423111,6006.455896,17975.423111,0.000000,,,0,1,,,,,5.760285,MEDIUM
ga,pyvrp_X101_FSMFD,100,26,0.000000,10,3880474.663171,40888.064145,3880474.663171,0.000000,,,0,1,,,,,8.707886,MEDIUM
ga,hfvrp_n200_m40_s05,200,40,0.000000,999,22834.849482,78176.938045,22834.849482,0.000000,,,0,1,,,,,26.319015,MEDIUM
ga,augerat_A_n80_k10,79,11,0.000000,50,17945.762257,5794.042484,17945.762257,0.000000,,,0,1,,,,,17.842903,BIG
ga,augerat_A_n80_k10,79,11,0.000000,75,18378.751248,6848.811104,18378.751248,0.000000,,,0,1,,,,,0.288206,DEFAULT
ga,augerat_A_n80_k10,79,11,0.000000,75,18532.242081,7101.896367,18532.242081,0.000000,,,0,1,,,,,0.038500,SMALL
ga,augerat_A_n80_k10,79,11,0.000000,75,17907.651700,5261.754074,17907.651700,0.000000,,,0,1,,,,,5.907492,MEDIUM
ga,pyvrp_X101_FSMFD,100,26,0.000000,10,3759301.147100,41809.003594,3759301.147100,0.000000,,,0,1,,,,,25.858472,BIG
ga,pyvrp_X101_FSMFD,100,26,0.000000,50,4068968.457276,41352.107650,4068968.457276,0.000000,,,0,1,,,,,0.398800,DEFAULT
ga,pyvrp_X101_FSMFD,100,26,0.000000,50,4566555.164822,42162.026845,4566555.164822,0.000000,,,0,1,,,,,0.057789,SMALL
ga,augerat_A_n80_k10,79,11,0.000000,75,17907.734461,5493.162109,17907.734461,0.000000,,,0,1,,,,,17.858454,BIG
ga,augerat_A_n80_k10,79,11,0.000000,100,18198.020647,6902.582288,18198.020647,0.000000,,,0,1,,,,,0.281138,DEFAULT
ga,augerat_A_n80_k10,79,11,0.000000,100,18692.201302,7401.164532,18692.201302,0.000000,,,0,1,,,,,0.043550,SMALL
ga,hfvrp_n200_m40_s04,200,40,0.000000,999,20594.401105,64664.982227,20594.401105,0.000000,,,0,1,,,,,76.673775,BIG
ga,pyvrp_X101_FSMFD,100,26,0.000000,50,3843470.201028,43043.960792,3843470.201028,0.000000,,,0,1,,,,,8.375072,MEDIUM
ga,augerat_A_n80_k10,79,11,0.000000,100,17896.985689,5381.251632,17896.985689,0.000000,,,0,1,,,,,5.869554,MEDIUM
ga,hfvrp_n200_m40_s02,200,40,0.000000,9999,17917.469049,62411.311251,17917.469049,0.000000,,,0,1,,,,,77.047915,BIG
ga,hfvrp_n200_m40_s03,200,40,0.000000,1234,20251.904230,79737.507137,20251.904230,0.000000,,,0,1,,,,,82.854629,BIG
ga,hfvrp_n200_m40_s04,200,40,0.000000,1234,28709.968145,117840.075109,28709.968145,0.000000,,,0,1,,,,,1.295767,DEFAULT
ga,hfvrp_n200_m40_s04,200,40,0.000000,1234,37308.516281,124919.568796,37308.516281,0.000000,,,0,1,,,,,0.158037,SMALL
ga,augerat_A_n80_k10,79,11,0.000000,100,17881.240645,5943.831410,17881.240645,0.000000,,,0,1,,,,,18.079456,BIG
ga,augerat_A_n80_k10,79,11,0.000000,200,18146.139569,7209.677322,18146.139569,0.000000,,,0,1,,,,,0.285874,DEFAULT
ga,augerat_A_n80_k10,79,11,0.000000,200,18354.731529,7835.952012,18354.731529,0.000000,,,0,1,,,,,0.041799,SMALL
ga,pyvrp_X101_FSMFD,100,26,0.000000,50,3849237.555389,41827.036268,3849237.555389,0.000000,,,0,1,,,,,25.455449,BIG
ga,hfvrp_n200_m40_s02,200,40,0.000000,19345,33710.268614,145665.767190,33710.268614,0.000000,,,0,1,,,,,1.300521,DEFAULT
ga,hfvrp_n200_m40_s02,200,40,0.000000,19345,37518.206251,201875.448447,37518.206251,0.000000,,,0,1,,,,,0.174635,SMALL
ga,augerat_A_n80_k10,79,11,0.000000,200,17973.905858,6492.270401,17973.905858,0.000000,,,0,1,,,,,5.903561,MEDIUM
ga,pyvrp_X101_FSMFD,100,26,0.000000,75,4204057.674379,40504.322067,4204057.674379,0.000000,,,0,1,,,,,0.443974,DEFAULT
ga,pyvrp_X101_FSMFD,100,26,0.000000,75,4785636.433650,46403.599416,4785636.433650,0.000000,,,0,1,,,,,0.060092,SMALL
ga,hfvrp_n200_m40_s03,200,40,0.000000,9999,28831.951886,115398.457652,28831.951886,0.000000,,,0,1,,,,,1.321466,DEFAULT
ga,hfvrp_n200_m40_s03,200,40,0.000000,9999,36202.679323,202717.682835,36202.679323,0.000000,,,0,1,,,,,0.168621,SMALL
ga,pyvrp_X101_FSMFD,100,26,0.000000,75,3759132.297039,42763.497697,3759132.297039,0.000000,,,0,1,,,,,8.590748,MEDIUM
ga,hfvrp_n200_m40_s05,200,40,0.000000,999,18909.668142,62693.569353,18909.668142,0.000000,,,0,1,,,,,79.642300,BIG
ga,hfvrp_n200_m40_s04,200,40,0.000000,1234,22294.860500,76839.248778,22294.860500,0.000000,,,0,1,,,,,25.580080,MEDIUM
ga,augerat_A_n80_k10,79,11,0.000000,200,18011.166640,6060.299324,18011.166640,0.000000,,,0,1,,,,,17.987944,BIG
ga,augerat_A_n80_k10,79,11,0.000000,999,18124.223981,6422.189404,18124.223981,0.000000,,,0,1,,,,,0.293283,DEFAULT
ga,augerat_A_n80_k10,79,11,0.000000,999,18504.300701,6492.733041,18504.300701,0.000000,,,0,1,,,,,0.041608,SMALL
ga,hfvrp_n200_m40_s02,200,40,0.000000,19345,19411.374690,73062.073239,19411.374690,0.000000,,,0,1,,,,,27.091328,MEDIUM
ga,augerat_A_n80_k10,79,11,0.000000,999,17978.273313,5997.518960,17978.273313,0.000000,,,0,1,,,,,5.889243,MEDIUM
ga,hfvrp_n200_m40_s03,200,40,0.000000,9999,21541.401539,71494.594444,21541.401539,0.000000,,,0,1,,,,,26.886250,MEDIUM
ga,pyvrp_X101_FSMFD,100,26,0.000000,75,3749210.042953,40746.955206,3749210.042953,0.000000,,,0,1,,,,,25.722453,BIG
ga,hfvrp_n200_m40_s05,200,40,0.000000,1234,32002.755430,121257.040252,32002.755430,0.000000,,,0,1,,,,,1.263989,DEFAULT
ga,hfvrp_n200_m40_s05,200,40,0.000000,1234,38440.098275,138282.899902,38440.098275,0.000000,,,0,1,,,,,0.163187,SMALL
ga,pyvrp_X101_FSMFD,100,26,0.000000,100,4111192.922216,41681.008655,4111192.922216,0.000000,,,0,1,,,,,0.403484,DEFAULT
ga,pyvrp_X101_FSMFD,100,26,0.000000,100,4586975.573752,53544.083795,4586975.573752,0.000000,,,0,1,,,,,0.052969,SMALL
ga,augerat_A_n80_k10,79,11,0.000000,999,17942.776068,6122.885644,17942.776068,0.000000,,,0,1,,,,,17.570870,BIG
ga,augerat_A_n80_k10,79,11,0.000000,1234,18105.394279,6520.967830,18105.394279,0.000000,,,0,1,,,,,0.279186,DEFAULT
ga,augerat_A_n80_k10,79,11,0.000000,1234,18605.593679,7142.029044,18605.593679,0.000000,,,0,1,,,,,0.037369,SMALL
ga,pyvrp_X101_FSMFD,100,26,0.000000,100,3823767.062589,44860.119092,3823767.062589,0.000000,,,0,1,,,,,8.381308,MEDIUM
ga,augerat_A_n80_k10,79,11,0.000000,1234,18054.915997,6742.836902,18054.915997,0.000000,,,0,1,,,,,5.646892,MEDIUM
ga,hfvrp_n200_m40_s05,200,40,0.000000,1234,21834.956471,67736.599590,21834.956471,0.000000,,,0,1,,,,,25.201331,MEDIUM
ga,augerat_A_n80_k10,79,11,0.000000,1234,17891.566020,5945.531126,17891.566020,0.000000,,,0,1,,,,,17.729668,BIG
ga,augerat_A_n80_k10,79,11,0.000000,9999,18198.558423,6861.379013,18198.558423,0.000000,,,0,1,,,,,0.283071,DEFAULT
ga,augerat_A_n80_k10,79,11,0.000000,9999,18592.018923,6442.319499,18592.018923,0.000000,,,0,1,,,,,0.036879,SMALL
ga,pyvrp_X101_FSMFD,100,26,0.000000,100,3698944.909852,43358.269407,3698944.909852,0.000000,,,0,1,,,,,24.886688,BIG
ga,augerat_A_n80_k10,79,11,0.000000,9999,17853.123240,5634.792966,17853.123240,0.000000,,,0,1,,,,,5.757281,MEDIUM
ga,pyvrp_X101_FSMFD,100,26,0.000000,200,4366401.160140,51759.014802,4366401.160140,0.000000,,,0,1,,,,,0.418481,DEFAULT
ga,pyvrp_X101_FSMFD,100,26,0.000000,200,4671612.417663,43993.490470,4671612.417663,0.000000,,,0,1,,,,,0.051611,SMALL
ga,pyvrp_X101_FSMFD,100,26,0.000000,200,3830126.606696,41581.140682,3830126.606696,0.000000,,,0,1,,,,,8.279706,MEDIUM
ga,augerat_A_n80_k10,79,11,0.000000,9999,17923.890813,6715.145683,17923.890813,0.000000,,,0,1,,,,,17.861349,BIG
ga,augerat_A_n80_k10,79,11,0.000000,19345,18068.690606,6346.753732,18068.690606,0.000000,,,0,1,,,,,0.280980,DEFAULT
ga,augerat_A_n80_k10,79,11,0.000000,19345,18464.279084,7121.551137,18464.279084,0.000000,,,0,1,,,,,0.041947,SMALL
ga,hfvrp_n200_m40_s04,200,40,0.000000,1234,19961.281426,63188.738882,19961.281426,0.000000,,,0,1,,,,,77.100311,BIG
ga,augerat_A_n80_k10,79,11,0.000000,19345,17933.664428,5556.474460,17933.664428,0.000000,,,0,1,,,,,5.848318,MEDIUM
ga,hfvrp_n200_m40_s02,200,40,0.000000,19345,20572.400236,76197.725162,20572.400236,0.000000,,,0,1,,,,,84.329665,BIG
ga,pyvrp_X101_FSMFD,100,26,0.000000,200,3798054.725947,40600.613220,3798054.725947,0.000000,,,0,1,,,,,25.596515,BIG
ga,hfvrp_n200_m40_s03,200,40,0.000000,9999,20597.166215,76667.697967,20597.166215,0.000000,,,0,1,,,,,79.625713,BIG
ga,pyvrp_X101_FSMFD,100,26,0.000000,999,4033690.267491,43159.992803,4033690.267491,0.000000,,,0,1,,,,,0.417802,DEFAULT
ga,pyvrp_X101_FSMFD,100,26,0.000000,999,4717644.286252,48076.848521,4717644.286252,0.000000,,,0,1,,,,,0.057200,SMALL
ga,hfvrp_n200_m40_s04,200,40,0.000000,9999,29554.275746,126322.544217,29554.275746,0.000000,,,0,1,,,,,1.335036,DEFAULT
ga,hfvrp_n200_m40_s04,200,40,0.000000,9999,34176.775459,146667.979592,34176.775459,0.000000,,,0,1,,,,,0.166816,SMALL
ga,augerat_A_n80_k10,79,11,0.000000,19345,17978.228623,5746.124422,17978.228623,0.000000,,,0,1,,,,,17.675217,BIG
ga,augerat_A_n80_k10,79,11,0.000000,1788210483177362397,18131.465031,6022.677959,18131.465031,0.000000,,,0,1,,,,,0.296404,DEFAULT
ga,augerat_A_n80_k10,79,11,0.000000,1788209474164870705,18495.174392,6783.928323,18495.174392,0.000000,,,0,1,,,,,0.039834,SMALL
ga,pyvrp_X101_FSMFD,100,26,0.000000,999,3854816.572683,42320.963113,3854816.572683,0.000000,,,0,1,,,,,10.224947,MEDIUM
ga,augerat_A_n80_k10,79,11,0.000000,1788209478508235009,17971.140195,6472.772244,17971.140195,0.000000,,,0,1,,,,,5.881937,MEDIUM
ga,hfvrp_n200_m40_s02,200,40,0.000000,1788209465645856258,27158.943603,109930.765767,27158.943603,0.000000,,,0,1,,,,,1.349433,DEFAULT
ga,hfvrp_n200_m40_s02,200,40,0.000000,1788209462711245511,34498.842964,83996.592078,34498.842964,0.000000,,,0,1,,,,,0.180074,SMALL
ga,hfvrp_n200_m40_s03,200,40,0.000000,19345,28094.389617,144971.080386,28094.389617,0.000000,,,0,1,,,,,1.381725,DEFAULT
ga,hfvrp_n200_m40_s03,200,40,0.000000,19345,36421.646730,188715.973666,36421.646730,0.000000,,,0,1,,,,,0.160178,SMALL
ga,hfvrp_n200_m40_s05,200,40,0.000000,1234,20746.235751,85804.050029,20746.235751,0.000000,,,0,1,,,,,78.684537,BIG
ga,hfvrp_n200_m40_s04,200,40,0.000000,9999,21602.414580,58478.628879,21602.414580,0.000000,,,0,1,,,,,26.382551,MEDIUM
ga,augerat_A_n80_k10,79,11,0.000000,1788209492984765936,17950.443000,6369.931693,17950.443000,0.000000,,,0,1,,,,,18.470793,BIG
ga,pyvrp_X106_FSMD,105,16,0.000000,1788208968624954484,4268421.791625,70564.514431,4268421.791625,0.000000,,,0,1,,,,,0.404515,DEFAULT
ga,pyvrp_X106_FSMD,105,16,0.000000,1788208964738948422,4591468.589513,74080.380552,4591468.589513,0.000000,,,0,1,,,,,0.050744,SMALL
ga,pyvrp_X101_FSMFD,100,26,0.000000,999,3789365.467312,42793.830768,3789365.467312,0.000000,,,0,1,,,,,25.770320,BIG
ga,pyvrp_X101_FSMFD,100,26,0.000000,1234,4288755.661612,45450.809427,4288755.661612,0.000000,,,0,1,,,,,0.444928,DEFAULT
ga,pyvrp_X101_FSMFD,100,26,0.000000,1234,4536348.676480,42695.524633,4536348.676480,0.000000,,,0,1,,,,,0.053926,SMALL
ga,pyvrp_X106_FSMD,105,16,0.000000,1788208977678840496,3978846.032328,70790.316881,3978846.032328,0.000000,,,0,1,,,,,8.140887,MEDIUM
ga,hfvrp_n200_m40_s02,200,40,0.000000,1788209475786889001,20797.119477,68615.633045,20797.119477,0.000000,,,0,1,,,,,26.628538,MEDIUM
ga,hfvrp_n200_m40_s03,200,40,0.000000,19345,19660.157683,72453.348158,19660.157683,0.000000,,,0,1,,,,,27.077151,MEDIUM
ga,hfvrp_n200_m40_s05,200,40,0.000000,9999,27279.173223,84875.866481,27279.173223,0.000000,,,0,1,,,,,1.359113,DEFAULT
ga,hfvrp_n200_m40_s05,200,40,0.000000,9999,35700.393438,130966.685829,35700.393438,0.000000,,,0,1,,,,,0.176000,SMALL
ga,pyvrp_X101_FSMFD,100,26,0.000000,1234,3995550.593441,39627.634186,3995550.593441,0.000000,,,0,1,,,,,8.172296,MEDIUM
ga,pyvrp_X106_FSMD,105,16,0.000000,1788208921405280374,3809640.796019,72829.761482,3809640.796019,0.000000,,,0,1,,,,,24.754261,BIG
ga,pyvrp_X106_FSMD,105,16,0.000000,1,4455599.158805,86274.020594,4455599.158805,0.000000,,,0,1,,,,,0.374888,DEFAULT
ga,pyvrp_X106_FSMD,105,16,0.000000,1,4976304.765773,84189.451333,4976304.765773,0.000000,,,0,1,,,,,0.053194,SMALL
ga,hfvrp_n200_m40_s05,200,40,0.000000,9999,20023.722044,76781.885163,20023.722044,0.000000,,,0,1,,,,,27.111859,MEDIUM
ga,pyvrp_X101_FSMFD,100,26,0.000000,1234,3818224.114446,41339.285086,3818224.114446,0.000000,,,0,1,,,,,25.324072,BIG
ga,pyvrp_X106_FSMD,105,16,0.000000,1,3847823.965584,75086.377560,3847823.965584,0.000000,,,0,1,,,,,8.117989,MEDIUM
ga,pyvrp_X101_FSMFD,100,26,0.000000,9999,4238713.544566,47870.109502,4238713.544566,0.000000,,,0,1,,,,,0.396660,DEFAULT
ga,pyvrp_X101_FSMFD,100,26,0.000000,9999,4565756.462613,48871.809767,4565756.462613,0.000000,,,0,1,,,,,0.053938,SMALL
ga,pyvrp_X101_FSMFD,100,26,0.000000,9999,3876054.694776,44966.993113,3876054.694776,0.000000,,,0,1,,,,,8.519425,MEDIUM
ga,pyvrp_X106_FSMD,105,16,0.000000,1,3742593.397256,68128.470656,3742593.397256,0.000000,,,0,1,,,,,24.473774,BIG
ga,pyvrp_X106_FSMD,105,16,0.000000,10,4274740.668696,74110.969181,4274740.668696,0.000000,,,0,1,,,,,0.392048,DEFAULT
ga,pyvrp_X106_FSMD,105,16,0.000000,10,4992964.252694,75476.793866,4992964.252694,0.000000,,,0,1,,,,,0.050732,SMALL
ga,pyvrp_X101_FSMFD,100,26,0.000000,9999,3842023.996189,41658.632705,3842023.996189,0.000000,,,0,1,,,,,24.912451,BIG
ga,hfvrp_n200_m40_s04,200,40,0.000000,9999,18687.558194,64252.796692,18687.558194,0.000000,,,0,1,,,,,83.080592,BIG
ga,pyvrp_X106_FSMD,105,16,0.000000,10,3780565.157887,67942.930371,3780565.157887,0.000000,,,0,1,,,,,7.955756,MEDIUM
ga,pyvrp_X101_FSMFD,100,26,0.000000,19345,4204211.879593,48344.203579,4204211.879593,0.000000,,,0,1,,,,,0.399818,DEFAULT
ga,pyvrp_X101_FSMFD,100,26,0.000000,19345,4633697.182795,49223.758364,4633697.182795,0.000000,,,0,1,,,,,0.056092,SMALL
ga,pyvrp_X101_FSMFD,100,26,0.000000,19345,3725852.171568,41988.567963,3725852.171568,0.000000,,,0,1,,,,,8.315837,MEDIUM
ga,hfvrp_n200_m40_s02,200,40,0.000000,1788208918305203604,21393.171347,77620.778694,21393.171347,0.000000,,,0,1,,,,,82.915811,BIG
ga,hfvrp_n200_m40_s03,200,40,0.000000,19345,18243.116433,63652.483053,18243.116433,0.000000,,,0,1,,,,,83.476553,BIG
ga,pyvrp_X110_HD,109,13,0.000000,1788209381740498261,2704003.060606,67107.848969,2704003.060606,0.000000,,,0,1,,,,,0.436656,DEFAULT
ga,pyvrp_X110_HD,109,13,0.000000,1788209360706667300,3314980.772956,91613.265850,3314980.772956,0.000000,,,0,1,,,,,0.053681,SMALL
ga,hfvrp_n200_m40_s04,200,40,0.000000,19345,30282.317430,116773.248720,30282.317430,0.000000,,,0,1,,,,,1.278604,DEFAULT
ga,hfvrp_n200_m40_s04,200,40,0.000000,19345,38355.002076,124009.099344,38355.002076,0.000000,,,0,1,,,,,0.152241,SMALL
ga,pyvrp_X106_FSMD,105,16,0.000000,10,3723363.972156,71391.731335,3723363.972156,0.000000,,,0,1,,,,,23.826724,BIG
ga,pyvrp_X110_HD,109,13,0.000000,1788209425194391965,2363514.651711,53891.408667,2363514.651711,0.000000,,,0,1,,,,,8.095465,MEDIUM
ga,pyvrp_X106_FSMD,105,16,0.000000,50,4430372.432765,76771.347352,4430372.432765,0.000000,,,0,1,,,,,0.385656,DEFAULT
ga,pyvrp_X106_FSMD,105,16,0.000000,50,4633314.823651,83361.313166,4633314.823651,0.000000,,,0,1,,,,,0.048978,SMALL
ga,pyvrp_X106_FSMD,105,16,0.000000,50,3825091.800613,71155.733729,3825091.800613,0.000000,,,0,1,,,,,7.810814,MEDIUM
ga,hfvrp_n200_m40_s03,200,40,0.000000,1788209216362137416,28389.693016,129492.624298,28389.693016,0.000000,,,0,1,,,,,1.334706,DEFAULT
ga,hfvrp_n200_m40_s03,200,40,0.000000,1788209196227082926,37621.356160,203555.190072,37621.356160,0.000000,,,0,1,,,,,0.161078,SMALL
ga,pyvrp_X101_FSMFD,100,26,0.000000,19345,3752329.986841,41416.334313,3752329.986841,0.000000,,,0,1,,,,,25.159058,BIG
ga,pyvrp_X101_FSMFD,100,26,0.000000,1788209157174518317,4314723.227682,48365.181417,4314723.227682,0.000000,,,0,1,,,,,0.399314,DEFAULT
ga,pyvrp_X101_FSMFD,100,26,0.000000,1788209153283378022,4872065.624054,45357.416155,4872065.624054,0.000000,,,0,1,,,,,0.053228,SMALL
ga,hfvrp_n200_m40_s05,200,40,0.000000,9999,20602.479331,70778.467164,20602.479331,0.000000,,,0,1,,,,,80.785824,BIG
ga,hfvrp_n200_m40_s04,200,40,0.000000,19345,21871.581138,71042.485208,21871.581138,0.000000,,,0,1,,,,,27.618022,MEDIUM
ga,pyvrp_X101_FSMFD,100,26,0.000000,1788209166225868724,3798667.626034,41382.399999,3798667.626034,0.000000,,,0,1,,,,,8.297267,MEDIUM
ga,pyvrp_X110_HD,109,13,0.000000,1788209192776300447,2193843.582950,58716.077754,2193843.582950,0.000000,,,0,1,,,,,25.491838,BIG
ga,pyvrp_X110_HD,109,13,0.000000,1,2803693.572250,74643.033344,2803693.572250,0.000000,,,0,1,,,,,0.432554,DEFAULT
ga,pyvrp_X110_HD,109,13,0.000000,1,3203480.400638,74801.460853,3203480.400638,0.000000,,,0,1,,,,,0.059539,SMALL
ga,pyvrp_X106_FSMD,105,16,0.000000,50,3680042.655043,62399.100935,3680042.655043,0.000000,,,0,1,,,,,24.633198,BIG
ga,hfvrp_n200_m40_s05,200,40,0.000000,19345,27544.469621,82986.836722,27544.469621,0.000000,,,0,1,,,,,1.349141,DEFAULT
ga,hfvrp_n200_m40_s05,200,40,0.000000,19345,38516.543191,160613.880755,38516.543191,0.000000,,,0,1,,,,,0.159875,SMALL
ga,pyvrp_X110_HD,109,13,0.000000,1,2376882.327692,66496.417116,2376882.327692,0.000000,,,0,1,,,,,8.598564,MEDIUM
ga,pyvrp_X106_FSMD,105,16,0.000000,75,4342552.728914,77414.394120,4342552.728914,0.000000,,,0,1,,,,,0.397235,DEFAULT
ga,pyvrp_X106_FSMD,105,16,0.000000,75,4766114.422544,76740.405101,4766114.422544,0.000000,,,0,1,,,,,0.050600,SMALL
ga,hfvrp_n200_m40_s03,200,40,0.000000,1788209200688144178,20579.034475,61944.643773,20579.034475,0.000000,,,0,1,,,,,26.556176,MEDIUM
ga,pyvrp_X106_FSMD,105,16,0.000000,75,3717837.623632,62750.475918,3717837.623632,0.000000,,,0,1,,,,,8.101824,MEDIUM
ga,pyvrp_X101_FSMFD,100,26,0.000000,1788209269022102423,3807023.617693,39703.025064,3807023.617693,0.000000,,,0,1,,,,,25.240653,BIG
ga,pyvrp_X115_HVRP,114,18,0.000000,1788208480791981741,2479306.146379,64608.197778,2479306.146379,0.000000,,,0,0,,,,,0.447697,DEFAULT
ga,pyvrp_X115_HVRP,114,18,0.000000,1788208476949400157,2899190.627803,90255.025429,2899190.627803,0.000000,,,0,0,,,,,0.068835,SMALL
ga,pyvrp_X115_HVRP,114,18,0.000000,1788208524267343463,2114233.025580,52667.392174,2114233.025580,0.000000,,,0,0,,,,,8.909033,MEDIUM
ga,hfvrp_n200_m40_s05,200,40,0.000000,19345,21818.844791,76783.503154,21818.844791,0.000000,,,0,1,,,,,25.461396,MEDIUM
ga,pyvrp_X110_HD,109,13,0.000000,1,2172532.172547,58013.975186,2172532.172547,0.000000,,,0,1,,,,,25.940360,BIG
ga,pyvrp_X110_HD,109,13,0.000000,10,2656555.485451,67568.059921,2656555.485451,0.000000,,,0,1,,,,,0.422463,DEFAULT
ga,pyvrp_X110_HD,109,13,0.000000,10,3115788.786068,64292.366968,3115788.786068,0.000000,,,0,1,,,,,0.053425,SMALL
ga,pyvrp_X106_FSMD,105,16,0.000000,75,3966976.892791,68073.974318,3966976.892791,0.000000,,,0,1,,,,,23.713948,BIG
ga,pyvrp_X106_FSMD,105,16,0.000000,100,4070777.236626,66298.390514,4070777.236626,0.000000,,,0,1,,,,,0.391207,DEFAULT
ga,pyvrp_X106_FSMD,105,16,0.000000,100,4828382.622574,75855.184777,4828382.622574,0.000000,,,0,1,,,,,0.047117,SMALL
ga,pyvrp_X110_HD,109,13,0.000000,10,2168805.958194,46003.164442,2168805.958194,0.000000,,,0,1,,,,,8.350029,MEDIUM
ga,pyvrp_X106_FSMD,105,16,0.000000,100,3810574.778993,66674.905652,3810574.778993,0.000000,,,0,1,,,,,7.982289,MEDIUM
ga,pyvrp_X115_HVRP,114,18,0.000000,1788208528886328975,2089378.667057,42442.583512,2089378.667057,0.000000,,,0,0,,,,,28.341767,BIG
ga,pyvrp_X115_HVRP,114,18,0.000000,1,2385125.977689,75758.424937,2385125.977689,0.000000,,,0,0,,,,,0.443947,DEFAULT
ga,pyvrp_X115_HVRP,114,18,0.000000,1,2681814.252531,60804.748485,2681814.252531,0.000000,,,0,0,,,,,0.065402,SMALL
ga,pyvrp_X110_HD,109,13,0.000000,10,2158579.457223,53685.158591,2158579.457223,0.000000,,,0,1,,,,,25.249032,BIG
ga,hfvrp_n200_m40_s04,200,40,0.000000,19345,20727.472907,67379.829226,20727.472907,0.000000,,,0,1,,,,,78.141391,BIG
ga,pyvrp_X115_HVRP,114,18,0.000000,1,2008087.187336,46891.005671,2008087.187336,0.000000,,,0,0,,,,,9.117141,MEDIUM
ga,pyvrp_X110_HD,109,13,0.000000,50,2746524.259867,60635.074400,2746524.259867,0.000000,,,0,1,,,,,0.418096,DEFAULT
ga,pyvrp_X110_HD,109,13,0.000000,50,3356062.639439,70370.823468,3356062.639439,0.000000,,,0,1,,,,,0.053354,SMALL
ga,pyvrp_X106_FSMD,105,16,0.000000,100,3794994.407193,63056.849248,3794994.407193,0.000000,,,0,1,,,,,23.852630,BIG
ga,pyvrp_X106_FSMD,105,16,0.000000,200,4387109.481280,77122.497878,4387109.481280,0.000000,,,0,1,,,,,0.387820,DEFAULT
ga,pyvrp_X106_FSMD,105,16,0.000000,200,4825181.267085,84310.048494,4825181.267085,0.000000,,,0,1,,,,,0.051758,SMALL
ga,pyvrp_X110_HD,109,13,0.000000,50,2151280.399739,51361.627561,2151280.399739,0.000000,,,0,1,,,,,8.545196,MEDIUM
ga,hfvrp_n200_m40_s03,200,40,0.000000,1788208557234886632,20537.806482,79119.070840,20537.806482,0.000000,,,0,1,,,,,77.101277,BIG
ga,pyvrp_X106_FSMD,105,16,0.000000,200,3895366.569731,69248.104714,3895366.569731,0.000000,,,0,1,,,,,8.127985,MEDIUM
ga,pyvrp_X120_FSMF,119,12,0.000000,1788208400002615131,3442833.158899,124799.033179,3442833.158899,0.000000,,,0,1,,,,,0.434559,DEFAULT
ga,pyvrp_X120_FSMF,119,12,0.000000,1788208404742168577,3888196.095826,255155.780176,3888196.095826,0.000000,,,0,1,,,,,0.070069,SMALL
ga,hfvrp_n200_m40_s04,200,40,0.000000,1788208409245844013,29076.457351,105174.506795,29076.457351,0.000000,,,0,1,,,,,1.353806,DEFAULT
ga,hfvrp_n200_m40_s04,200,40,0.000000,1788208457854155289,37297.764735,152332.575531,37297.764735,0.000000,,,0,1,,,,,0.159586,SMALL
ga,pyvrp_X120_FSMF,119,12,0.000000,1788208409114207819,3140527.495857,113340.896145,3140527.495857,0.000000,,,0,1,,,,,8.525900,MEDIUM
ga,pyvrp_X115_HVRP,114,18,0.000000,1,1935814.174106,52523.889354,1935814.174106,0.000000,,,0,0,,,,,27.273465,BIG
ga,pyvrp_X115_HVRP,114,18,0.000000,10,2519711.261842,58636.408448,2519711.261842,0.000000,,,0,0,,,,,0.464978,DEFAULT
ga,pyvrp_X115_HVRP,114,18,0.000000,10,2920128.042715,68545.331104,2920128.042715,0.000000,,,0,0,,,,,0.072244,SMALL
ga,pyvrp_X110_HD,109,13,0.000000,50,2116962.652803,54628.062378,2116962.652803,0.000000,,,0,1,,,,,25.661811,BIG
ga,pyvrp_X110_HD,109,13,0.000000,75,2986416.659700,73789.053116,2986416.659700,0.000000,,,0,1,,,,,0.423943,DEFAULT
ga,pyvrp_X110_HD,109,13,0.000000,75,3156611.171723,67186.632291,3156611.171723,0.000000,,,0,1,,,,,0.060931,SMALL
ga,pyvrp_X106_FSMD,105,16,0.000000,200,3773149.943397,63983.048248,3773149.943397,0.000000,,,0,1,,,,,24.248671,BIG
ga,pyvrp_X115_HVRP,114,18,0.000000,10,2133697.328803,58899.973868,2133697.328803,0.000000,,,0,0,,,,,9.307288,MEDIUM
ga,pyvrp_X106_FSMD,105,16,0.000000,999,4316694.630422,84970.185686,4316694.630422,0.000000,,,0,1,,,,,0.398016,DEFAULT
ga,pyvrp_X106_FSMD,105,16,0.000000,999,4635353.367802,77351.142983,4635353.367802,0.000000,,,0,1,,,,,0.050656,SMALL
ga,hfvrp_n200_m40_s05,200,40,0.000000,19345,20134.100614,69887.028205,20134.100614,0.000000,,,0,1,,,,,81.495219,BIG
ga,pyvrp_X110_HD,109,13,0.000000,75,2190564.929430,69595.455238,2190564.929430,0.000000,,,0,1,,,,,8.468820,MEDIUM
ga,pyvrp_X106_FSMD,105,16,0.000000,999,3924764.213313,74014.353602,3924764.213313,0.000000,,,0,1,,,,,7.898597,MEDIUM
ga,hfvrp_n200_m40_s04,200,40,0.000000,1788208462318353528,21052.404082,73401.782346,21052.404082,0.000000,,,0,1,,,,,27.339930,MEDIUM
ga,pyvrp_X120_FSMF,119,12,0.000000,1788208452009710229,3067217.267475,146967.702225,3067217.267475,0.000000,,,0,1,,,,,26.038239,BIG
ga,pyvrp_X120_FSMF,119,12,0.000000,1,3522787.443820,174976.559536,3522787.443820,0.000000,,,0,1,,,,,0.416684,DEFAULT
ga,pyvrp_X120_FSMF,119,12,0.000000,1,3935073.528005,230440.329341,3935073.528005,0.000000,,,0,1,,,,,0.053989,SMALL
ga,pyvrp_X120_FSMF,119,12,0.000000,1,3170415.879686,108092.300968,3170415.879686,0.000000,,,0,1,,,,,8.749344,MEDIUM
ga,hfvrp_n200_m40_s05,200,40,0.000000,1788208535448651757,29294.910977,97271.940648,29294.910977,0.000000,,,0,1,,,,,1.330796,DEFAULT
ga,hfvrp_n200_m40_s05,200,40,0.000000,1788177329552114237,37879.576565,158281.973584,37879.576565,0.000000,,,0,1,,,,,0.162340,SMALL
ga,pyvrp_X115_HVRP,114,18,0.000000,10,2019127.499654,50752.412738,2019127.499654,0.000000,,,0,0,,,,,27.741609,BIG
ga,pyvrp_X115_HVRP,114,18,0.000000,50,2370426.759333,63933.748459,2370426.759333,0.000000,,,0,0,,,,,0.476103,DEFAULT
ga,pyvrp_X115_HVRP,114,18,0.000000,50,2715223.198044,90640.828428,2715223.198044,0.000000,,,0,0,,,,,0.064264,SMALL
ga,pyvrp_X110_HD,109,13,0.000000,75,2225182.343334,69261.487933,2225182.343334,0.000000,,,0,1,,,,,25.217226,BIG
ga,pyvrp_X106_FSMD,105,16,0.000000,999,3729816.029614,61993.566806,3729816.029614,0.000000,,,0,1,,,,,23.453107,BIG
ga,pyvrp_X110_HD,109,13,0.000000,100,2807686.983211,72577.607270,2807686.983211,0.000000,,,0,1,,,,,0.399446,DEFAULT
ga,pyvrp_X110_HD,109,13,0.000000,100,3377007.455685,74569.343501,3377007.455685,0.000000,,,0,1,,,,,0.050281,SMALL
ga,pyvrp_X106_FSMD,105,16,0.000000,1234,4160760.236841,68915.624757,4160760.236841,0.000000,,,0,1,,,,,0.395825,DEFAULT
ga,pyvrp_X106_FSMD,105,16,0.000000,1234,4894168.924558,92739.336874,4894168.924558,0.000000,,,0,1,,,,,0.050387,SMALL
ga,pyvrp_X115_HVRP,114,18,0.000000,50,2035435.136342,57771.252539,2035435.136342,0.000000,,,0,0,,,,,9.301799,MEDIUM
ga,pyvrp_X110_HD,109,13,0.000000,100,2234698.111145,59973.294675,2234698.111145,0.000000,,,0,1,,,,,8.346779,MEDIUM
ga,pyvrp_X106_FSMD,105,16,0.000000,1234,3744460.368634,68799.953211,3744460.368634,0.000000,,,0,1,,,,,7.769381,MEDIUM
ga,pyvrp_X120_FSMF,119,12,0.000000,1,3098612.210756,107440.406505,3098612.210756,0.000000,,,0,1,,,,,26.425890,BIG
ga,hfvrp_n200_m40_s05,200,40,0.000000,1788177325424362454,21652.278881,53034.002939,21652.278881,0.000000,,,0,1,,,,,26.516425,MEDIUM
ga,pyvrp_X120_FSMF,119,12,0.000000,10,3465777.057579,144169.491812,3465777.057579,0.000000,,,0,1,,,,,0.446226,DEFAULT
ga,pyvrp_X120_FSMF,119,12,0.000000,10,3822176.638274,216792.327700,3822176.638274,0.000000,,,0,1,,,,,0.055924,SMALL
ga,pyvrp_X120_FSMF,119,12,0.000000,10,3130291.622111,100531.466558,3130291.622111,0.000000,,,0,1,,,,,8.741367,MEDIUM
ga,pyvrp_X115_HVRP,114,18,0.000000,50,2118756.753483,75663.289694,2118756.753483,0.000000,,,0,0,,,,,27.511220,BIG
ga,pyvrp_X106_FSMD,105,16,0.000000,1234,3700078.704882,65241.796941,3700078.704882,0.000000,,,0,1,,,,,24.273249,BIG
ga,pyvrp_X110_HD,109,13,0.000000,100,2225043.695259,53802.736371,2225043.695259,0.000000,,,0,1,,,,,25.567697,BIG
ga,pyvrp_X115_HVRP,114,18,0.000000,75,2394081.108827,67419.439836,2394081.108827,0.000000,,,0,0,,,,,0.442068,DEFAULT
ga,pyvrp_X115_HVRP,114,18,0.000000,75,2874755.768254,74093.088363,2874755.768254,0.000000,,,0,0,,,,,0.067704,SMALL
ga,pyvrp_X106_FSMD,105,16,0.000000,9999,4506317.117995,70557.609284,4506317.117995,0.000000,,,0,1,,,,,0.394841,DEFAULT
ga,pyvrp_X106_FSMD,105,16,0.000000,9999,5074269.070022,92239.970541,5074269.070022,0.000000,,,0,1,,,,,0.048333,SMALL
ga,pyvrp_X110_HD,109,13,0.000000,200,2804140.075143,58658.523881,2804140.075143,0.000000,,,0,1,,,,,0.427573,DEFAULT
ga,pyvrp_X110_HD,109,13,0.000000,200,3111274.409933,73945.481824,3111274.409933,0.000000,,,0,1,,,,,0.058821,SMALL
ga,pyvrp_X106_FSMD,105,16,0.000000,9999,3976770.660019,68715.355970,3976770.660019,0.000000,,,0,1,,,,,8.266310,MEDIUM
ga,pyvrp_X110_HD,109,13,0.000000,200,2150363.231283,48171.639589,2150363.231283,0.000000,,,0,1,,,,,8.725549,MEDIUM
ga,pyvrp_X115_HVRP,114,18,0.000000,75,2080001.446004,55683.889694,2080001.446004,0.000000,,,0,0,,,,,9.522002,MEDIUM
ga,pyvrp_X120_FSMF,119,12,0.000000,10,3116427.895944,123746.690945,3116427.895944,0.000000,,,0,1,,,,,26.514277,BIG
ga,hfvrp_n200_m40_s04,200,40,0.000000,1788208584158247520,18527.847690,67773.279486,18527.847690,0.000000,,,0,1,,,,,78.525662,BIG
ga,pyvrp_X120_FSMF,119,12,0.000000,50,3384542.025941,166727.744837,3384542.025941,0.000000,,,0,1,,,,,0.414151,DEFAULT
ga,pyvrp_X120_FSMF,119,12,0.000000,50,3834507.304751,217201.840840,3834507.304751,0.000000,,,0,1,,,,,0.050053,SMALL
ga,pyvrp_X120_FSMF,119,12,0.000000,50,3158733.710766,151446.478497,3158733.710766,0.000000,,,0,1,,,,,8.503154,MEDIUM
ga,pyvrp_X106_FSMD,105,16,0.000000,9999,3662523.298033,69676.730743,3662523.298033,0.000000,,,0,1,,,,,24.564198,BIG
ga,pyvrp_X110_HD,109,13,0.000000,200,2083623.669951,39189.310978,2083623.669951,0.000000,,,0,1,,,,,25.168188,BIG
ga,pyvrp_X106_FSMD,105,16,0.000000,19345,4709578.226371,91355.412038,4709578.226371,0.000000,,,0,1,,,,,0.381658,DEFAULT
ga,pyvrp_X106_FSMD,105,16,0.000000,19345,5148235.858337,72538.643185,5148235.858337,0.000000,,,0,1,,,,,0.053216,SMALL
ga,pyvrp_X115_HVRP,114,18,0.000000,75,2056678.977700,67650.114048,2056678.977700,0.000000,,,0,0,,,,,27.567223,BIG
ga,pyvrp_X110_HD,109,13,0.000000,999,2814163.892585,56344.227601,2814163.892585,0.000000,,,0,1,,,,,0.409328,DEFAULT
ga,pyvrp_X110_HD,109,13,0.000000,999,3221402.803418,78244.974043,3221402.803418,0.000000,,,0,1,,,,,0.053712,SMALL
ga,pyvrp_X115_HVRP,114,18,0.000000,100,2621267.398924,66977.106845,2621267.398924,0.000000,,,0,0,,,,,0.459527,DEFAULT
ga,pyvrp_X115_HVRP,114,18,0.000000,100,2806597.207362,70071.182380,2806597.207362,0.000000,,,0,0,,,,,0.060953,SMALL
ga,pyvrp_X106_FSMD,105,16,0.000000,19345,3761566.679605,71804.289209,3761566.679605,0.000000,,,0,1,,,,,7.897035,MEDIUM
ga,pyvrp_X110_HD,109,13,0.000000,999,1999216.054537,52895.347474,1999216.054537,0.000000,,,0,1,,,,,8.435150,MEDIUM
ga,pyvrp_X115_HVRP,114,18,0.000000,100,2110076.289388,51319.006590,2110076.289388,0.000000,,,0,0,,,,,9.451970,MEDIUM
ga,pyvrp_X120_FSMF,119,12,0.000000,50,3136783.063914,103004.507741,3136783.063914,0.000000,,,0,1,,,,,26.412429,BIG
ga,pyvrp_X120_FSMF,119,12,0.000000,75,3469586.443015,218229.332612,3469586.443015,0.000000,,,0,1,,,,,0.431818,DEFAULT
ga,pyvrp_X120_FSMF,119,12,0.000000,75,3987879.121743,170425.385611,3987879.121743,0.000000,,,0,1,,,,,0.058001,SMALL
ga,hfvrp_n200_m40_s05,200,40,0.000000,1788177480800062505,20551.970268,67136.956742,20551.970268,0.000000,,,0,1,,,,,78.668753,BIG
ga,pyvrp_X120_FSMF,119,12,0.000000,75,3070239.324932,110448.863424,3070239.324932,0.000000,,,0,1,,,,,8.639868,MEDIUM
ga,pyvrp_X106_FSMD,105,16,0.000000,19345,3917697.852631,71157.189886,3917697.852631,0.000000,,,0,1,,,,,23.201637,BIG
ga,pyvrp_X106_FSMD,105,16,0.000000,1788177018149689802,4537121.546600,95915.057055,4537121.546600,0.000000,,,0,1,,,,,0.389032,DEFAULT
ga,pyvrp_X106_FSMD,105,16,0.000000,1788177014248043477,4806608.438248,81802.832557,4806608.438248,0.000000,,,0,1,,,,,0.051183,SMALL
ga,pyvrp_X110_HD,109,13,0.000000,999,2166174.157367,54729.707173,2166174.157367,0.000000,,,0,1,,,,,24.912845,BIG
ga,pyvrp_X110_HD,109,13,0.000000,1234,2709215.262238,53163.108085,2709215.262238,0.000000,,,0,1,,,,,0.395404,DEFAULT
ga,pyvrp_X110_HD,109,13,0.000000,1234,3111728.640749,75280.153518,3111728.640749,0.000000,,,0,1,,,,,0.049288,SMALL
ga,pyvrp_X115_HVRP,114,18,0.000000,100,1993598.095967,49631.712190,1993598.095967,0.000000,,,0,0,,,,,27.919635,BIG
ga,pyvrp_X106_FSMD,105,16,0.000000,1788177010008259315,3866545.292212,64826.958162,3866545.292212,0.000000,,,0,1,,,,,7.945021,MEDIUM
ga,pyvrp_X115_HVRP,114,18,0.000000,200,2357710.605919,59686.785619,2357710.605919,0.000000,,,0,0,,,,,0.462341,DEFAULT
ga,pyvrp_X115_HVRP,114,18,0.000000,200,2764476.046010,61031.897693,2764476.046010,0.000000,,,0,0,,,,,0.063115,SMALL
ga,pyvrp_X110_HD,109,13,0.000000,1234,2144917.365861,54240.314524,2144917.365861,0.000000,,,0,1,,,,,8.415872,MEDIUM
ga,pyvrp_X120_FSMF,119,12,0.000000,75,3137583.001205,107362.995462,3137583.001205,0.000000,,,0,1,,,,,25.619186,BIG
ga,pyvrp_X115_HVRP,114,18,0.000000,200,2145944.775462,45119.978567,2145944.775462,0.000000,,,0,0,,,,,9.136287,MEDIUM
ga,pyvrp_X120_FSMF,119,12,0.000000,100,3451562.704878,181355.958588,3451562.704878,0.000000,,,0,1,,,,,0.432522,DEFAULT
ga,pyvrp_X120_FSMF,119,12,0.000000,100,4104478.875479,178462.728915,4104478.875479,0.000000,,,0,1,,,,,0.055231,SMALL
ga,pyvrp_X120_FSMF,119,12,0.000000,100,3208110.980752,108237.030076,3208110.980752,0.000000,,,0,1,,,,,8.604447,MEDIUM
ga,pyvrp_X106_FSMD,105,16,0.000000,1788177086677256357,3777314.756165,71555.676172,3777314.756165,0.000000,,,0,1,,,,,23.828340,BIG
ga,pyvrp_X110_HD,109,13,0.000000,1234,2083754.717443,52183.118615,2083754.717443,0.000000,,,0,1,,,,,25.274642,BIG
ga,pyvrp_X110_HD,109,13,0.000000,9999,2609191.347527,59665.308136,2609191.347527,0.000000,,,0,1,,,,,0.395850,DEFAULT
ga,pyvrp_X110_HD,109,13,0.000000,9999,3282324.821912,73502.756409,3282324.821912,0.000000,,,0,1,,,,,0.047874,SMALL
ga,pyvrp_X115_HVRP,114,18,0.000000,200,2081087.945217,54327.987515,2081087.945217,0.000000,,,0,0,,,,,27.373241,BIG
ga,pyvrp_X110_HD,109,13,0.000000,9999,2102386.780231,56474.230688,2102386.780231,0.000000,,,0,1,,,,,8.124801,MEDIUM
ga,pyvrp_X115_HVRP,114,18,0.000000,999,2445690.165736,59130.716894,2445690.165736,0.000000,,,0,0,,,,,0.434570,DEFAULT
ga,pyvrp_X115_HVRP,114,18,0.000000,999,2983071.466676,89641.713353,2983071.466676,0.000000,,,0,0,,,,,0.058520,SMALL
ga,pyvrp_X120_FSMF,119,12,0.000000,100,3189097.443956,106529.084390,3189097.443956,0.000000,,,0,1,,,,,24.835700,BIG
ga,pyvrp_X120_FSMF,119,12,0.000000,200,3344258.635854,152607.896512,3344258.635854,0.000000,,,0,1,,,,,0.412465,DEFAULT
ga,pyvrp_X120_FSMF,119,12,0.000000,200,3806403.712474,205937.594534,3806403.712474,0.000000,,,0,1,,,,,0.057672,SMALL
ga,pyvrp_X115_HVRP,114,18,0.000000,999,1990946.253297,52707.137841,1990946.253297,0.000000,,,0,0,,,,,8.738533,MEDIUM
ga,pyvrp_X120_FSMF,119,12,0.000000,200,3163206.813560,145656.818351,3163206.813560,0.000000,,,0,1,,,,,8.485648,MEDIUM
ga,pyvrp_X110_HD,109,13,0.000000,9999,1975741.369488,53322.926110,1975741.369488,0.000000,,,0,1,,,,,25.157612,BIG
ga,pyvrp_X110_HD,109,13,0.000000,19345,2810709.368072,66461.831152,2810709.368072,0.000000,,,0,1,,,,,0.401080,DEFAULT
ga,pyvrp_X110_HD,109,13,0.000000,19345,3312530.550152,50624.878146,3312530.550152,0.000000,,,0,1,,,,,0.047245,SMALL
ga,pyvrp_X110_HD,109,13,0.000000,19345,2149998.702273,55166.063414,2149998.702273,0.000000,,,0,1,,,,,8.190562,MEDIUM
ga,pyvrp_X115_HVRP,114,18,0.000000,999,1985233.466146,51190.464816,1985233.466146,0.000000,,,0,0,,,,,27.515148,BIG
ga,pyvrp_X115_HVRP,114,18,0.000000,1234,2359974.168945,59618.854594,2359974.168945,0.000000,,,0,0,,,,,0.439485,DEFAULT
ga,pyvrp_X115_HVRP,114,18,0.000000,1234,2695669.437483,76442.451057,2695669.437483,0.000000,,,0,0,,,,,0.060934,SMALL
ga,pyvrp_X120_FSMF,119,12,0.000000,200,3092065.324080,118702.698657,3092065.324080,0.000000,,,0,1,,,,,25.096804,BIG
ga,pyvrp_X120_FSMF,119,12,0.000000,999,3446262.049712,204506.546265,3446262.049712,0.000000,,,0,1,,,,,0.406720,DEFAULT
ga,pyvrp_X120_FSMF,119,12,0.000000,999,3840310.202296,195193.611479,3840310.202296,0.000000,,,0,1,,,,,0.055591,SMALL
ga,pyvrp_X115_HVRP,114,18,0.000000,1234,2103140.230729,62425.083873,2103140.230729,0.000000,,,0,0,,,,,8.668106,MEDIUM
ga,pyvrp_X120_FSMF,119,12,0.000000,999,3126887.452324,135765.060338,3126887.452324,0.000000,,,0,1,,,,,8.266270,MEDIUM
ga,pyvrp_X110_HD,109,13,0.000000,19345,2037424.945576,57239.851320,2037424.945576,0.000000,,,0,1,,,,,24.988064,BIG
ga,pyvrp_X110_HD,109,13,0.000000,1788178333592453548,2860132.700843,80238.606204,2860132.700843,0.000000,,,0,1,,,,,0.395481,DEFAULT
ga,pyvrp_X110_HD,109,13,0.000000,1788178346877035104,3138339.204972,75269.927211,3138339.204972,0.000000,,,0,1,,,,,0.054280,SMALL
ga,pyvrp_X110_HD,109,13,0.000000,1788178342643682360,2113101.541735,51711.077419,2113101.541735,0.000000,,,0,1,,,,,8.077593,MEDIUM
ga,pyvrp_X115_HVRP,114,18,0.000000,1234,1951847.594141,44664.588747,1951847.594141,0.000000,,,0,0,,,,,26.253463,BIG
ga,pyvrp_X120_FSMF,119,12,0.000000,999,3124948.294876,118557.608286,3124948.294876,0.000000,,,0,1,,,,,25.352180,BIG
ga,pyvrp_X115_HVRP,114,18,0.000000,9999,2544811.489579,100054.278168,2544811.489579,0.000000,,,0,0,,,,,0.445219,DEFAULT
ga,pyvrp_X115_HVRP,114,18,0.000000,9999,2806832.015210,76046.232266,2806832.015210,0.000000,,,0,0,,,,,0.056791,SMALL
ga,pyvrp_X120_FSMF,119,12,0.000000,1234,3423199.357247,151635.316398,3423199.357247,0.000000,,,0,1,,,,,0.418523,DEFAULT
ga,pyvrp_X120_FSMF,119,12,0.000000,1234,3905536.523074,179749.560058,3905536.523074,0.000000,,,0,1,,,,,0.060401,SMALL
ga,pyvrp_X115_HVRP,114,18,0.000000,9999,2122664.309097,57897.173860,2122664.309097,0.000000,,,0,0,,,,,8.655837,MEDIUM
ga,pyvrp_X120_FSMF,119,12,0.000000,1234,3119465.554328,149310.344389,3119465.554328,0.000000,,,0,1,,,,,8.474267,MEDIUM
ga,pyvrp_X110_HD,109,13,0.000000,1788178397975739668,2121863.960796,56530.540072,2121863.960796,0.000000,,,0,1,,,,,25.573419,BIG
ga,pyvrp_X115_HVRP,114,18,0.000000,9999,2044145.948017,49576.411199,2044145.948017,0.000000,,,0,0,,,,,26.329687,BIG
ga,pyvrp_X120_FSMF,119,12,0.000000,1234,3127255.101435,143610.846066,3127255.101435,0.000000,,,0,1,,,,,25.018375,BIG
ga,pyvrp_X120_FSMF,119,12,0.000000,9999,3651704.419318,189414.155652,3651704.419318,0.000000,,,0,1,,,,,0.421781,DEFAULT
ga,pyvrp_X120_FSMF,119,12,0.000000,9999,3926529.607056,193208.008976,3926529.607056,0.000000,,,0,1,,,,,0.055197,SMALL
ga,pyvrp_X115_HVRP,114,18,0.000000,19345,2422451.597992,59075.561420,2422451.597992,0.000000,,,0,0,,,,,0.422001,DEFAULT
ga,pyvrp_X115_HVRP,114,18,0.000000,19345,2895901.271276,74384.001831,2895901.271276,0.000000,,,0,0,,,,,0.057063,SMALL
ga,pyvrp_X120_FSMF,119,12,0.000000,9999,3140477.723475,122623.665056,3140477.723475,0.000000,,,0,1,,,,,8.252225,MEDIUM
ga,pyvrp_X115_HVRP,114,18,0.000000,19345,2000887.748746,42936.168896,2000887.748746,0.000000,,,0,0,,,,,8.604866,MEDIUM
ga,pyvrp_X120_FSMF,119,12,0.000000,9999,3135637.794120,141229.686574,3135637.794120,0.000000,,,0,1,,,,,25.271357,BIG
ga,pyvrp_X120_FSMF,119,12,0.000000,19345,3453228.012193,177669.240068,3453228.012193,0.000000,,,0,1,,,,,0.414139,DEFAULT
ga,pyvrp_X115_HVRP,114,18,0.000000,19345,1981710.194789,65112.986449,1981710.194789,0.000000,,,0,0,,,,,26.835918,BIG
ga,pyvrp_X120_FSMF,119,12,0.000000,19345,4105724.585700,274656.450858,4105724.585700,0.000000,,,0,1,,,,,0.051953,SMALL
ga,pyvrp_X115_HVRP,114,18,0.000000,1788178600160376203,2485501.714314,80057.955395,2485501.714314,0.000000,,,0,0,,,,,0.449809,DEFAULT
ga,pyvrp_X115_HVRP,114,18,0.000000,1788178604908963390,2884192.225716,93340.008075,2884192.225716,0.000000,,,0,0,,,,,0.057363,SMALL
ga,pyvrp_X120_FSMF,119,12,0.000000,19345,3137776.561941,138455.087198,3137776.561941,0.000000,,,0,1,,,,,8.331389,MEDIUM
ga,pyvrp_X115_HVRP,114,18,0.000000,1788178592085056094,2110069.472382,60376.271911,2110069.472382,0.000000,,,0,0,,,,,8.894918,MEDIUM
ga,pyvrp_X120_FSMF,119,12,0.000000,19345,3169803.774432,120487.474431,3169803.774432,0.000000,,,0,1,,,,,24.771687,BIG
ga,pyvrp_X120_FSMF,119,12,0.000000,1788178465152246856,3503501.690272,142818.458997,3503501.690272,0.000000,,,0,1,,,,,0.412826,DEFAULT
ga,pyvrp_X120_FSMF,119,12,0.000000,1788178452684109869,3700733.017930,206998.710397,3700733.017930,0.000000,,,0,1,,,,,0.051399,SMALL
ga,pyvrp_X115_HVRP,114,18,0.000000,1788178558034752176,2054160.489864,54307.128120,2054160.489864,0.000000,,,0,0,,,,,25.868912,BIG
ga,pyvrp_X120_FSMF,119,12,0.000000,1788178457034281512,3127945.887791,127219.593151,3127945.887791,0.000000,,,0,1,,,,,8.129431,MEDIUM
ga,pyvrp_X120_FSMF,119,12,0.000000,1788178486643255781,3176798.763382,102913.019404,3176798.763382,0.000000,,,0,1,,,,,23.633166,BIG
