method,instance,N,M,beta,seed,cost_operational,cost_priority,cost_total,lower_bound,root_lp_bound,gap,optimal,feasible,status,num_nodes,num_iterations,num_solutions,runtime_sec,variant
exact,ex2_1v_infeasible,2,1,0.100000,42,0.000000,0.000000,0.000000,0.000000,0.000000,1.000000,0,0,infeasible,0,0,0,0.000396,
exact,ex1_1v_feasible,2,1,0.100000,42,84.142136,50.000000,89.142136,89.142136,78.556349,0.000000,1,1,optimal,0,2,2,0.003053,
exact,ex3_3v_all_feasible,3,3,0.100000,42,162.000000,20.000000,164.000000,164.000000,154.363591,0.000000,1,1,optimal,0,0,1,0.000657,
exact,ex4_3v_infeasible,4,3,0.100000,42,0.000000,0.000000,0.000000,0.000000,169.094658,1.000000,0,0,infeasible,0,0,0,0.000916,
exact,hfvrp_n001_m03_s01,1,3,0.100000,42,87.334995,168.337487,104.168743,104.168743,104.168743,0.000000,1,1,optimal,0,0,1,0.000598,
exact,ex5_3v_one_used_feasible,3,3,0.100000,42,107.597980,120.710678,119.669048,119.669048,95.597980,0.000000,1,1,optimal,0,4,2,0.005824,
exact,hfvrp_n001_m03_s02,1,3,0.100000,42,156.310634,50.546098,161.365244,161.365244,161.365244,0.000000,1,1,optimal,0,0,1,0.000629,
exact,hfvrp_n001_m03_s03,1,3,0.100000,42,130.438737,0.000000,130.438737,130.438737,130.438737,0.000000,1,1,optimal,0,0,1,0.000611,
exact,hfvrp_n001_m03_s04,1,3,0.100000,42,122.386776,0.000000,122.386776,122.386776,122.386776,0.000000,1,1,optimal,0,0,1,0.000638,
exact,hfvrp_n001_m03_s05,1,3,0.100000,42,89.097550,34.548775,92.552427,92.552427,92.552427,0.000000,1,1,optimal,0,0,1,0.001223,
exact,hfvrp_n002_m03_s01,2,3,0.100000,42,262.852855,468.007587,309.653613,309.653613,258.097137,0.000000,1,1,optimal,0,0,3,0.006342,
exact,hfvrp_n002_m03_s02,2,3,0.100000,42,139.033247,41.343143,143.167561,143.167561,130.817821,0.000000,1,1,optimal,0,12,3,0.004999,
exact,hfvrp_n002_m03_s03,2,3,0.100000,42,185.309216,25.338303,187.843046,187.843046,155.417444,0.000000,1,1,optimal,0,0,3,0.006541,
exact,hfvrp_n002_m03_s04,2,3,0.100000,42,174.552021,35.445494,178.096570,178.096570,142.481649,0.000000,1,1,optimal,0,18,3,0.006187,
exact,hfvrp_n002_m03_s05,2,3,0.100000,42,252.004246,183.153460,270.319592,270.319592,216.906774,0.000000,1,1,optimal,0,9,2,0.005153,
exact,hfvrp_n005_m03_s01,5,3,0.100000,42,350.283936,145.533835,364.837319,364.837319,267.549103,0.000000,1,1,optimal,6,180,2,0.033056,
exact,hfvrp_n005_m03_s02,5,3,0.100000,42,358.545666,176.381442,376.183810,376.183810,289.508762,0.000000,1,1,optimal,13,206,4,0.034282,
exact,hfvrp_n005_m03_s03,5,3,0.100000,42,444.734799,0.000000,444.734799,438.931910,325.638053,0.013048,1,1,optimal,0,224,3,0.044165,
exact,hfvrp_n005_m03_s04,5,3,0.100000,42,278.576281,287.478473,307.324128,307.324128,158.921111,0.000000,1,1,optimal,17,215,6,0.028638,
exact,hfvrp_n005_m03_s05,5,3,0.100000,42,363.420355,288.915413,392.311896,392.311896,301.150444,0.000000,1,1,optimal,43,768,5,0.099528,
exact,hfvrp_n010_m03_s01,10,3,0.100000,42,505.698641,331.824464,538.881088,538.881088,315.594584,0.000000,1,1,optimal,3032,30908,11,1.605055,
exact,hfvrp_n010_m03_s02,10,3,0.100000,42,488.666606,539.371764,542.603782,542.603782,309.276307,0.000000,1,1,optimal,3158,31628,6,3.148476,
exact,hfvrp_n010_m03_s03,10,3,0.100000,42,534.726709,763.645230,611.091232,611.091232,425.188513,0.000000,1,1,optimal,2051,21992,8,3.109323,
exact,hfvrp_n010_m03_s05,10,3,0.100000,42,481.969273,655.167646,547.486037,547.486037,340.923866,0.000000,1,1,optimal,1813,11308,2,0.681673,
exact,hfvrp_n010_m03_s04,10,3,0.100000,42,519.712457,544.076456,574.120103,574.120103,354.592371,0.000000,1,1,optimal,9609,88334,18,8.765682,
exact,hfvrp_n015_m03_s05,15,3,0.100000,42,591.488417,964.713238,687.959741,687.959741,352.825609,0.000000,1,1,optimal,68905,1047779,12,93.950806,
exact,hfvrp_n015_m03_s03,15,3,0.100000,42,487.231918,754.172361,562.649154,562.648593,336.962556,0.000001,1,1,optimal,202935,2247469,3,257.055498,
exact,hfvrp_n015_m03_s01,15,3,0.100000,42,566.527014,1387.072515,705.234265,705.233584,418.056740,0.000001,1,1,optimal,657258,10639148,17,1386.205394,
exact,hfvrp_n015_m03_s04,15,3,0.100000,42,669.449634,1981.675868,867.617221,867.616817,403.518958,0.000000,1,1,optimal,845323,10137919,13,1676.594162,
exact,hfvrp_n015_m03_s02,15,3,0.100000,42,575.017370,1517.103915,726.727761,726.727661,369.693351,0.000000,1,1,optimal,1433762,23174382,15,3471.048921,
exact,hfvrp_n020_m04_s01,20,4,0.100000,42,692.555504,1434.548101,836.010314,736.483526,484.079248,0.119050,0,1,mem_limit,1802316,49047276,23,11481.312727,
exact,hfvrp_n020_m04_s03,20,4,0.100000,42,679.686129,2186.767398,898.362869,781.158002,462.677123,0.130465,0,1,mem_limit,2153761,67688648,18,14239.056048,
exact,hfvrp_n030_m06_s02,30,6,0.100000,42,1170.560634,2443.591437,1414.919778,972.980707,701.312133,0.312342,0,1,mem_limit,728383,15405462,37,4208.278385,
exact,hfvrp_n020_m04_s02,20,4,0.100000,42,722.670829,1086.684582,831.339287,757.816116,516.395425,0.088439,0,1,time_limit,2589400,101843560,21,18000.002552,
exact,hfvrp_n020_m04_s04,20,4,0.100000,42,753.478494,1458.607803,899.339274,817.360338,507.487641,0.091155,0,1,time_limit,3282263,88462590,26,18000.002353,
exact,hfvrp_n020_m04_s05,20,4,0.100000,42,668.580752,1742.307836,842.811535,800.631371,548.793994,0.050047,0,1,time_limit,2447130,86534981,12,18000.001246,
exact,hfvrp_n030_m06_s01,30,6,0.100000,42,1203.435039,2882.999800,1491.735019,1021.082460,682.168747,0.315507,0,1,time_limit,1587787,48042470,57,18000.005651,
exact,hfvrp_n050_m10_s01,50,10,0.100000,42,2261.131919,6357.817072,2896.913626,1817.084857,1320.522719,0.372751,0,1,mem_limit,262187,14425419,33,11284.849278,
exact,hfvrp_n050_m10_s02,50,10,0.100000,42,2220.640062,11380.117522,3358.651814,1632.350947,1286.560910,0.513986,0,1,mem_limit,267956,15279107,42,11084.418803,
exact,hfvrp_n030_m06_s03,30,6,0.100000,42,1201.955035,1981.630518,1400.118087,1066.365531,794.221151,0.238375,0,1,time_limit,1159180,57074701,39,18000.003109,
exact,hfvrp_n030_m06_s04,30,6,0.100000,42,1116.843806,2200.007282,1336.844535,1131.400592,854.868152,0.153678,0,1,time_limit,937466,47131301,25,18000.009671,
exact,hfvrp_n030_m06_s05,30,6,0.100000,42,1151.069358,2015.871634,1352.656522,1059.049227,796.518999,0.217060,0,1,time_limit,1099640,49866793,24,18000.010517,
exact,hfvrp_n050_m10_s03,50,10,0.100000,42,1898.595817,6643.235953,2562.919413,1579.448282,1225.063023,0.383731,0,1,time_limit,284784,17144371,45,18000.012412,
exact,hfvrp_n050_m10_s05,50,10,0.100000,42,2066.566193,7456.231660,2812.189359,1735.393946,1158.815585,0.382903,0,1,mem_limit,268362,13056601,72,9767.393328,
exact,hfvrp_n050_m10_s04,50,10,0.100000,42,1986.591512,7704.783505,2757.069862,1613.814237,1252.731272,0.414663,0,1,mem_limit,283547,13128857,54,10479.234977,
exact,hfvrp_n075_m15_s01,75,15,0.100000,42,4219.634573,7187.671800,4938.401753,2415.220191,1825.311141,0.510931,0,1,mem_limit,81114,6010506,84,15181.125539,
exact,hfvrp_n075_m15_s03,75,15,0.100000,42,4526.801101,14902.959908,6017.097092,2805.781331,2155.929751,0.533699,0,1,mem_limit,81586,5999266,60,14751.172738,
exact,hfvrp_n075_m15_s02,75,15,0.100000,42,0.000000,0.000000,0.000000,2680.038973,2092.227672,1.000000,0,0,no_solution,46907,4466926,0,18000.009095,
exact,hfvrp_n075_m15_s04,75,15,0.100000,42,4958.730882,12104.646987,6169.195581,2611.896503,2071.372250,0.576623,0,1,mem_limit,82012,6230439,58,15888.830104,
exact,hfvrp_n075_m15_s05,75,15,0.100000,42,0.000000,0.000000,0.000000,2702.881201,2159.027377,1.000000,0,0,no_solution,39713,4067181,0,18000.013084,
exact,hfvrp_n100_m20_s01,100,20,0.100000,42,8632.944133,27213.205975,11354.264731,3611.736189,2957.348607,0.681905,0,1,time_limit,29013,2231705,47,18000.149411,
exact,hfvrp_n100_m20_s02,100,20,0.100000,42,6408.522062,28222.221737,9230.744236,3381.766207,2752.884228,0.633641,0,1,time_limit,27868,2195050,55,18000.166252,
exact,hfvrp_n100_m20_s03,100,20,0.100000,42,6889.890892,19669.533938,8856.844285,3581.048722,2856.661782,0.595674,0,1,time_limit,25866,2215717,40,18000.125379,
exact,hfvrp_n100_m20_s04,100,20,0.100000,42,6619.851344,20354.427727,8655.294117,3722.803353,3002.353415,0.569881,0,1,time_limit,26555,2473486,40,18000.135477,
exact,hfvrp_n100_m20_s05,100,20,0.100000,42,7313.358543,24387.902948,9752.148837,3445.532049,2774.994506,0.646690,0,1,time_limit,30562,2607704,37,18000.119431,
exact,hfvrp_n150_m30_s01,150,30,0.100000,42,0.000000,0.000000,0.000000,6385.775063,5147.309259,1.000000,0,0,no_solution,1512,371780,0,18000.150285,
exact,hfvrp_n150_m30_s02,150,30,0.100000,42,0.000000,0.000000,0.000000,6299.735706,4935.867158,1.000000,0,0,no_solution,3024,539316,0,18000.206711,
exact,hfvrp_n150_m30_s03,150,30,0.100000,42,0.000000,0.000000,0.000000,6271.806067,5269.518578,1.000000,0,0,no_solution,1512,308596,0,18000.138276,
exact,hfvrp_n150_m30_s04,150,30,0.100000,42,0.000000,0.000000,0.000000,6336.314406,5229.400932,1.000000,0,0,no_solution,3024,637562,0,18000.144619,
exact,hfvrp_n150_m30_s05,150,30,0.100000,42,16932.197500,59330.020928,22865.199593,6319.528072,5117.686791,0.726074,0,0,time_limit,4974,723907,1,18000.117472,
exact,hfvrp_n200_m40_s01,200,40,0.100000,42,0.000000,0.000000,0.000000,9987.617552,8695.742805,1.000000,0,0,no_solution,459,357859,0,18000.180121,
exact,hfvrp_n200_m40_s02,200,40,0.100000,42,0.000000,0.000000,0.000000,10286.795795,8762.069592,1.000000,0,0,no_solution,459,308457,0,18000.579449,
exact,augerat_A_n32_k5,31,8,0.100000,42,6209.264921,2387.801675,6448.045089,5632.463142,5557.793975,0.126485,0,1,mem_limit,707417,19804248,38,10274.432739,
exact,hfvrp_n200_m40_s03,200,40,0.100000,42,8221.255300,4126.300660,8633.885366,10108.687645,8494.383172,0.293779,0,0,time_limit,918,474263,1,18000.300992,
exact,hfvrp_n200_m40_s04,200,40,0.100000,42,9994.369479,3427.634930,10337.132972,9953.836863,8618.328821,0.337821,0,0,time_limit,918,499266,1,18000.582965,
exact,hfvrp_n200_m40_s05,200,40,0.100000,42,8676.854129,6246.128839,9301.467013,9975.459119,8496.529150,0.314210,0,0,time_limit,1010,374783,1,18000.291454,
exact,augerat_A_n37_k5,36,8,0.100000,42,5959.408328,1294.412233,6088.849552,5601.524517,5474.595385,0.080036,0,1,mem_limit,613050,25964842,28,14445.450930,
exact,augerat_A_n54_k7,53,8,0.100000,42,12052.050278,4543.621348,12506.412412,10959.779589,10321.271985,0.123667,0,1,mem_limit,268298,19450327,43,13324.904275,
exact,augerat_A_n45_k6,44,8,0.100000,42,10260.216222,1004.679178,10360.684140,9896.347888,8817.923568,0.044817,0,1,time_limit,250216,16830084,75,18000.014801,
exact,augerat_A_n60_k9,59,10,0.100000,42,14336.748410,2976.492787,14634.397689,13166.779161,12829.634497,0.100286,0,1,time_limit,123872,9061563,55,18000.022272,
exact,augerat_A_n80_k10,79,11,0.100000,42,18268.175730,5460.678743,18814.243604,16214.977693,14973.308684,0.138154,0,1,time_limit,56793,4420926,70,18000.059714,
exact,pyvrp_X101_FSMFD,100,26,0.100000,42,0.000000,0.000000,0.000000,2608124.815189,2482738.062988,1.000000,0,0,no_solution,2391,336715,0,18000.030375,
exact,pyvrp_X106_FSMD,105,16,0.100000,42,0.000000,0.000000,0.000000,2518603.851173,2277852.141701,1.000000,0,0,no_solution,6765,907912,0,18000.020524,
exact,pyvrp_X110_HD,109,13,0.100000,42,0.000000,0.000000,0.000000,1130480.430278,963289.605275,1.000000,0,0,no_solution,9000,856322,0,18000.026249,
exact,pyvrp_X115_HVRP,114,18,0.100000,42,0.000000,0.000000,0.000000,1379779.598871,1240009.383263,1.000000,0,0,no_solution,2558,784180,0,18000.042868,
exact,pyvrp_X120_FSMF,119,12,0.100000,42,4343499.156874,193553.706940,4362854.527568,2498533.456828,2407339.589509,0.431532,0,0,time_limit,36520,2586441,1,18000.027350,
savings,ex1_1v_feasible,2,1,0.100000,42,84.142136,50.000000,89.142136,0.000000,,,0,1,,,,,0.000013,
savings,ex2_1v_infeasible,2,1,0.100000,42,70.000000,0.000000,70.000000,0.000000,,,0,0,,,,,0.000005,
savings,ex3_3v_all_feasible,3,3,0.100000,42,162.000000,20.000000,164.000000,0.000000,,,0,1,,,,,0.000011,
savings,ex4_3v_infeasible,4,3,0.100000,42,141.798990,0.000000,141.798990,0.000000,,,0,0,,,,,0.000017,
savings,hfvrp_n001_m03_s01,1,3,0.100000,42,87.334995,168.337487,104.168743,0.000000,,,0,1,,,,,0.000009,
savings,ex5_3v_one_used_feasible,3,3,0.100000,42,107.597980,120.710678,119.669048,0.000000,,,0,1,,,,,0.000017,
savings,hfvrp_n001_m03_s02,1,3,0.100000,42,156.310634,50.546098,161.365244,0.000000,,,0,1,,,,,0.000006,
savings,hfvrp_n001_m03_s03,1,3,0.100000,42,130.438737,0.000000,130.438737,0.000000,,,0,1,,,,,0.000009,
savings,hfvrp_n001_m03_s04,1,3,0.100000,42,122.386776,0.000000,122.386776,0.000000,,,0,1,,,,,0.000020,
savings,hfvrp_n001_m03_s05,1,3,0.100000,42,89.097550,34.548775,92.552427,0.000000,,,0,1,,,,,0.000006,
savings,hfvrp_n002_m03_s01,2,3,0.100000,42,262.852855,468.007587,309.653613,0.000000,,,0,1,,,,,0.000016,
savings,hfvrp_n002_m03_s02,2,3,0.100000,42,139.033247,41.343143,143.167561,0.000000,,,0,1,,,,,0.000019,
savings,hfvrp_n002_m03_s03,2,3,0.100000,42,185.309216,25.338303,187.843046,0.000000,,,0,1,,,,,0.000008,
savings,hfvrp_n002_m03_s04,2,3,0.100000,42,174.940044,35.445494,178.484594,0.000000,,,0,1,,,,,0.000013,
savings,hfvrp_n002_m03_s05,2,3,0.100000,42,302.671304,316.313399,334.302644,0.000000,,,0,1,,,,,0.000004,
savings,hfvrp_n005_m03_s01,5,3,0.100000,42,350.283936,145.533835,364.837319,0.000000,,,0,1,,,,,0.000036,
savings,hfvrp_n005_m03_s02,5,3,0.100000,42,359.865479,294.868617,389.352340,0.000000,,,0,1,,,,,0.000017,
savings,hfvrp_n005_m03_s03,5,3,0.100000,42,461.844903,0.000000,461.844903,0.000000,,,0,1,,,,,0.000028,
savings,hfvrp_n005_m03_s04,5,3,0.100000,42,315.249666,321.157361,347.365402,0.000000,,,0,1,,,,,0.000042,
savings,hfvrp_n005_m03_s05,5,3,0.100000,42,383.805582,486.322908,432.437873,0.000000,,,0,1,,,,,0.000036,
savings,hfvrp_n010_m03_s01,10,3,0.100000,42,573.279282,331.824464,606.461729,0.000000,,,0,1,,,,,0.000061,
savings,hfvrp_n010_m03_s02,10,3,0.100000,42,537.829798,824.734674,620.303265,0.000000,,,0,1,,,,,0.000026,
savings,hfvrp_n010_m03_s03,10,3,0.100000,42,536.207835,877.959782,624.003813,0.000000,,,0,1,,,,,0.000027,
savings,hfvrp_n010_m03_s04,10,3,0.100000,42,560.288925,769.238058,637.212731,0.000000,,,0,1,,,,,0.000033,
savings,hfvrp_n010_m03_s05,10,3,0.100000,42,481.969273,655.167646,547.486037,0.000000,,,0,1,,,,,0.000017,
savings,hfvrp_n015_m03_s01,15,3,0.100000,42,608.146058,2857.753978,893.921456,0.000000,,,0,1,,,,,0.000044,
savings,hfvrp_n015_m03_s02,15,3,0.100000,42,536.153014,2679.028517,804.055865,0.000000,,,0,1,,,,,0.000052,
savings,hfvrp_n015_m03_s03,15,3,0.100000,42,562.652710,1210.323561,683.685066,0.000000,,,0,1,,,,,0.000074,
savings,hfvrp_n015_m03_s04,15,3,0.100000,42,643.985184,5002.226823,1144.207866,0.000000,,,0,1,,,,,0.000071,
savings,hfvrp_n015_m03_s05,15,3,0.100000,42,588.643437,1320.613601,720.704797,0.000000,,,0,1,,,,,0.000045,
savings,hfvrp_n020_m04_s01,20,4,0.100000,42,703.706380,2244.992301,928.205610,0.000000,,,0,1,,,,,0.000044,
savings,hfvrp_n020_m04_s02,20,4,0.100000,42,673.766614,1897.322362,863.498850,0.000000,,,0,1,,,,,0.000078,
savings,hfvrp_n020_m04_s03,20,4,0.100000,42,702.030946,4361.666871,1138.197633,0.000000,,,0,1,,,,,0.000035,
savings,hfvrp_n020_m04_s04,20,4,0.100000,42,828.310213,3139.121742,1142.222387,0.000000,,,0,1,,,,,0.000062,
savings,hfvrp_n020_m04_s05,20,4,0.100000,42,779.506283,3429.340529,1122.440336,0.000000,,,0,1,,,,,0.000077,
savings,hfvrp_n030_m06_s01,30,6,0.100000,42,1453.760906,4263.140139,1880.074920,0.000000,,,0,1,,,,,0.000279,
savings,hfvrp_n030_m06_s02,30,6,0.100000,42,1065.530957,4373.148777,1502.845835,0.000000,,,0,1,,,,,0.000136,
savings,hfvrp_n030_m06_s03,30,6,0.100000,42,1295.448674,2852.980146,1580.746688,0.000000,,,0,1,,,,,0.000255,
savings,hfvrp_n030_m06_s04,30,6,0.100000,42,1270.689459,2598.524843,1530.541943,0.000000,,,0,1,,,,,0.000082,
savings,hfvrp_n030_m06_s05,30,6,0.100000,42,1252.670393,3546.559261,1607.326319,0.000000,,,0,1,,,,,0.000085,
savings,hfvrp_n050_m10_s01,50,10,0.100000,42,2214.391177,9755.567058,3189.947883,0.000000,,,0,1,,,,,0.002555,
savings,hfvrp_n050_m10_s02,50,10,0.100000,42,2313.843691,15417.545594,3855.598250,0.000000,,,0,1,,,,,0.000444,
savings,hfvrp_n050_m10_s03,50,10,0.100000,42,2006.057795,14990.638322,3505.121627,0.000000,,,0,1,,,,,0.000784,
savings,hfvrp_n050_m10_s04,50,10,0.100000,42,2038.035914,12344.108001,3272.446714,0.000000,,,0,1,,,,,0.001798,
savings,hfvrp_n050_m10_s05,50,10,0.100000,42,2242.948583,10824.898607,3325.438444,0.000000,,,0,1,,,,,0.000730,
savings,hfvrp_n075_m15_s01,75,15,0.100000,42,3542.613359,10450.525873,4587.665946,0.000000,,,0,1,,,,,0.002283,
savings,hfvrp_n075_m15_s02,75,15,0.100000,42,3998.328102,13782.009587,5376.529061,0.000000,,,0,1,,,,,0.000871,
savings,hfvrp_n075_m15_s03,75,15,0.100000,42,3976.217053,16831.463240,5659.363377,0.000000,,,0,1,,,,,0.001163,
savings,hfvrp_n075_m15_s04,75,15,0.100000,42,4150.873481,13012.934522,5452.166933,0.000000,,,0,1,,,,,0.000995,
savings,hfvrp_n075_m15_s05,75,15,0.100000,42,3461.198532,12296.982083,4690.896740,0.000000,,,0,1,,,,,0.000942,
savings,hfvrp_n100_m20_s01,100,20,0.100000,42,5820.132626,18571.307832,7677.263409,0.000000,,,0,1,,,,,0.009221,
savings,hfvrp_n100_m20_s02,100,20,0.100000,42,4922.346468,25194.423741,7441.788842,0.000000,,,0,1,,,,,0.002394,
savings,hfvrp_n100_m20_s03,100,20,0.100000,42,5549.880976,21077.484192,7657.629395,0.000000,,,0,1,,,,,0.002165,
savings,hfvrp_n100_m20_s04,100,20,0.100000,42,5357.584972,24469.114979,7804.496470,0.000000,,,0,1,,,,,0.005299,
savings,hfvrp_n100_m20_s05,100,20,0.100000,42,5340.545901,22915.671186,7632.113019,0.000000,,,0,1,,,,,0.004750,
savings,hfvrp_n150_m30_s01,150,30,0.100000,42,9296.120643,46624.309477,13958.551591,0.000000,,,0,1,,,,,0.013456,
savings,hfvrp_n150_m30_s02,150,30,0.100000,42,9422.372502,40650.847926,13487.457294,0.000000,,,0,1,,,,,0.005769,
savings,hfvrp_n150_m30_s03,150,30,0.100000,42,10002.090943,40920.018801,14094.092823,0.000000,,,0,1,,,,,0.019883,
savings,hfvrp_n150_m30_s04,150,30,0.100000,42,9714.740651,47787.712130,14493.511864,0.000000,,,0,1,,,,,0.010944,
savings,hfvrp_n150_m30_s05,150,30,0.100000,42,9270.762581,29126.680946,12183.430676,0.000000,,,0,1,,,,,0.014660,
savings,hfvrp_n200_m40_s01,200,40,0.100000,42,14473.739303,48322.358945,19305.975198,0.000000,,,0,1,,,,,0.014114,
savings,hfvrp_n200_m40_s02,200,40,0.100000,42,15547.617306,48088.913197,20356.508626,0.000000,,,0,1,,,,,0.020310,
savings,hfvrp_n200_m40_s03,200,40,0.100000,42,14741.199617,53501.762050,20091.375822,0.000000,,,0,1,,,,,0.015601,
savings,hfvrp_n200_m40_s04,200,40,0.100000,42,16556.308377,41969.580745,20753.266452,0.000000,,,0,1,,,,,0.025295,
savings,hfvrp_n200_m40_s05,200,40,0.100000,42,15781.207802,35510.079772,19332.215779,0.000000,,,0,1,,,,,0.023571,
savings,augerat_A_n32_k5,31,8,0.100000,42,8249.783631,1764.068324,8426.190464,0.000000,,,0,1,,,,,0.000167,
savings,augerat_A_n37_k5,36,8,0.100000,42,8114.013029,969.148754,8210.927904,0.000000,,,0,1,,,,,0.000223,
savings,augerat_A_n45_k6,44,8,0.100000,42,11345.316883,1102.614907,11455.578374,0.000000,,,0,1,,,,,0.000151,
savings,augerat_A_n54_k7,53,8,0.100000,42,13248.013164,2788.636877,13526.876852,0.000000,,,0,1,,,,,0.000252,
savings,augerat_A_n60_k9,59,10,0.100000,42,15067.411647,2580.671928,15325.478840,0.000000,,,0,1,,,,,0.000210,
savings,augerat_A_n80_k10,79,11,0.100000,42,17043.559431,4996.698579,17543.229289,0.000000,,,0,1,,,,,0.000675,
savings,pyvrp_X101_FSMFD,100,26,0.100000,42,3723016.307644,33444.735460,3726360.781190,0.000000,,,0,1,,,,,0.000597,
savings,pyvrp_X106_FSMD,105,16,0.100000,42,4015189.139603,62605.697726,4021449.709375,0.000000,,,0,1,,,,,0.001254,
savings,pyvrp_X110_HD,109,13,0.100000,42,2236533.047539,39543.123953,2240487.359935,0.000000,,,0,1,,,,,0.002080,
savings,pyvrp_X115_HVRP,114,18,0.100000,42,2187988.031936,45479.132043,2192535.945140,0.000000,,,0,0,,,,,0.000908,
savings,pyvrp_X120_FSMF,119,12,0.100000,42,3185104.723963,90157.997148,3194120.523678,0.000000,,,0,1,,,,,0.002010,
tabu,ex1_1v_feasible,2,1,0.100000,1788146450566207862,84.142136,50.000000,89.142136,0.000000,,,0,1,,,,,0.000011,
tabu,ex2_1v_infeasible,2,1,0.100000,1788146472043657567,70.000000,0.000000,70.000000,0.000000,,,0,0,,,,,0.000009,
tabu,ex3_3v_all_feasible,3,3,0.100000,1788146429097796161,162.000000,20.000000,164.000000,0.000000,,,0,1,,,,,0.000031,
tabu,ex4_3v_infeasible,4,3,0.100000,1788146240120120711,141.798990,0.000000,141.798990,0.000000,,,0,0,,,,,0.000026,
tabu,hfvrp_n001_m03_s01,1,3,0.100000,1788146257302321652,87.334995,168.337487,104.168743,0.000000,,,0,1,,,,,0.000175,
tabu,ex5_3v_one_used_feasible,3,3,0.100000,1788146214353560813,107.597980,120.710678,119.669048,0.000000,,,0,1,,,,,0.000043,
tabu,hfvrp_n001_m03_s01,1,3,0.100000,1,87.334995,168.337487,104.168743,0.000000,,,0,1,,,,,0.000269,
tabu,ex1_1v_feasible,2,1,0.100000,1,84.142136,50.000000,89.142136,0.000000,,,0,1,,,,,0.000026,
tabu,ex2_1v_infeasible,2,1,0.100000,1,70.000000,0.000000,70.000000,0.000000,,,0,0,,,,,0.000051,
tabu,ex5_3v_one_used_feasible,3,3,0.100000,1,107.597980,120.710678,119.669048,0.000000,,,0,1,,,,,0.000042,
tabu,ex3_3v_all_feasible,3,3,0.100000,1,162.000000,20.000000,164.000000,0.000000,,,0,1,,,,,0.000026,
tabu,ex4_3v_infeasible,4,3,0.100000,1,141.798990,0.000000,141.798990,0.000000,,,0,0,,,,,0.000067,
tabu,hfvrp_n001_m03_s01,1,3,0.100000,10,87.334995,168.337487,104.168743,0.000000,,,0,1,,,,,0.000161,
tabu,ex1_1v_feasible,2,1,0.100000,10,84.142136,50.000000,89.142136,0.000000,,,0,1,,,,,0.000006,
tabu,ex2_1v_infeasible,2,1,0.100000,10,70.000000,0.000000,70.000000,0.000000,,,0,0,,,,,0.000034,
tabu,hfvrp_n001_m03_s01,1,3,0.100000,50,87.334995,168.337487,104.168743,0.000000,,,0,1,,,,,0.000360,
tabu,ex5_3v_one_used_feasible,3,3,0.100000,10,107.597980,120.710678,119.669048,0.000000,,,0,1,,,,,0.000046,
tabu,ex3_3v_all_feasible,3,3,0.100000,10,162.000000,20.000000,164.000000,0.000000,,,0,1,,,,,0.000031,
tabu,ex4_3v_infeasible,4,3,0.100000,10,141.798990,0.000000,141.798990,0.000000,,,0,0,,,,,0.000052,
tabu,ex1_1v_feasible,2,1,0.100000,50,84.142136,50.000000,89.142136,0.000000,,,0,1,,,,,0.000006,
tabu,ex2_1v_infeasible,2,1,0.100000,50,70.000000,0.000000,70.000000,0.000000,,,0,0,,,,,0.000011,
tabu,hfvrp_n001_m03_s01,1,3,0.100000,75,87.334995,168.337487,104.168743,0.000000,,,0,1,,,,,0.000133,
tabu,ex5_3v_one_used_feasible,3,3,0.100000,50,107.597980,120.710678,119.669048,0.000000,,,0,1,,,,,0.000131,
tabu,ex3_3v_all_feasible,3,3,0.100000,50,162.000000,20.000000,164.000000,0.000000,,,0,1,,,,,0.000066,
tabu,ex1_1v_feasible,2,1,0.100000,75,84.142136,50.000000,89.142136,0.000000,,,0,1,,,,,0.000005,
tabu,ex2_1v_infeasible,2,1,0.100000,75,70.000000,0.000000,70.000000,0.000000,,,0,0,,,,,0.000020,
tabu,hfvrp_n001_m03_s01,1,3,0.100000,100,87.334995,168.337487,104.168743,0.000000,,,0,1,,,,,0.000232,
tabu,ex4_3v_infeasible,4,3,0.100000,50,141.798990,0.000000,141.798990,0.000000,,,0,0,,,,,0.000042,
tabu,hfvrp_n001_m03_s01,1,3,0.100000,200,87.334995,168.337487,104.168743,0.000000,,,0,1,,,,,0.000418,
tabu,ex1_1v_feasible,2,1,0.100000,100,84.142136,50.000000,89.142136,0.000000,,,0,1,,,,,0.000011,
tabu,ex2_1v_infeasible,2,1,0.100000,100,70.000000,0.000000,70.000000,0.000000,,,0,0,,,,,0.000008,
tabu,ex5_3v_one_used_feasible,3,3,0.100000,75,107.597980,120.710678,119.669048,0.000000,,,0,1,,,,,0.000133,
tabu,ex3_3v_all_feasible,3,3,0.100000,75,162.000000,20.000000,164.000000,0.000000,,,0,1,,,,,0.000092,
tabu,hfvrp_n001_m03_s01,1,3,0.100000,999,87.334995,168.337487,104.168743,0.000000,,,0,1,,,,,0.000358,
tabu,ex4_3v_infeasible,4,3,0.100000,75,141.798990,0.000000,141.798990,0.000000,,,0,0,,,,,0.000074,
tabu,ex1_1v_feasible,2,1,0.100000,200,84.142136,50.000000,89.142136,0.000000,,,0,1,,,,,0.000005,
tabu,ex2_1v_infeasible,2,1,0.100000,200,70.000000,0.000000,70.000000,0.000000,,,0,0,,,,,0.000011,
tabu,ex5_3v_one_used_feasible,3,3,0.100000,100,107.597980,120.710678,119.669048,0.000000,,,0,1,,,,,0.000047,
tabu,ex3_3v_all_feasible,3,3,0.100000,100,162.000000,20.000000,164.000000,0.000000,,,0,1,,,,,0.000026,
tabu,hfvrp_n001_m03_s01,1,3,0.100000,1234,87.334995,168.337487,104.168743,0.000000,,,0,1,,,,,0.000130,
tabu,ex1_1v_feasible,2,1,0.100000,999,84.142136,50.000000,89.142136,0.000000,,,0,1,,,,,0.000013,
tabu,ex2_1v_infeasible,2,1,0.100000,999,70.000000,0.000000,70.000000,0.000000,,,0,0,,,,,0.000015,
tabu,ex4_3v_infeasible,4,3,0.100000,100,141.798990,0.000000,141.798990,0.000000,,,0,0,,,,,0.000068,
tabu,hfvrp_n001_m03_s01,1,3,0.100000,9999,87.334995,168.337487,104.168743,0.000000,,,0,1,,,,,0.000170,
tabu,ex5_3v_one_used_feasible,3,3,0.100000,200,107.597980,120.710678,119.669048,0.000000,,,0,1,,,,,0.000088,
tabu,ex3_3v_all_feasible,3,3,0.100000,200,162.000000,20.000000,164.000000,0.000000,,,0,1,,,,,0.000029,
tabu,ex1_1v_feasible,2,1,0.100000,1234,84.142136,50.000000,89.142136,0.000000,,,0,1,,,,,0.000009,
tabu,ex2_1v_infeasible,2,1,0.100000,1234,70.000000,0.000000,70.000000,0.000000,,,0,0,,,,,0.000033,
tabu,hfvrp_n001_m03_s01,1,3,0.100000,19345,87.334995,168.337487,104.168743,0.000000,,,0,1,,,,,0.000257,
tabu,ex4_3v_infeasible,4,3,0.100000,200,141.798990,0.000000,141.798990,0.000000,,,0,0,,,,,0.000043,
tabu,ex1_1v_feasible,2,1,0.100000,9999,84.142136,50.000000,89.142136,0.000000,,,0,1,,,,,0.000015,
tabu,ex5_3v_one_used_feasible,3,3,0.100000,999,107.597980,120.710678,119.669048,0.000000,,,0,1,,,,,0.000095,
tabu,hfvrp_n001_m03_s01,1,3,0.100000,1788147866259039423,87.334995,168.337487,104.168743,0.000000,,,0,1,,,,,0.000257,
tabu,ex2_1v_infeasible,2,1,0.100000,9999,70.000000,0.000000,70.000000,0.000000,,,0,0,,,,,0.000034,
tabu,ex3_3v_all_feasible,3,3,0.100000,999,162.000000,20.000000,164.000000,0.000000,,,0,1,,,,,0.000078,
tabu,hfvrp_n001_m03_s02,1,3,0.100000,1788148949633944477,156.310634,50.546098,161.365244,0.000000,,,0,1,,,,,0.000176,
tabu,ex1_1v_feasible,2,1,0.100000,19345,84.142136,50.000000,89.142136,0.000000,,,0,1,,,,,0.000015,
tabu,ex2_1v_infeasible,2,1,0.100000,19345,70.000000,0.000000,70.000000,0.000000,,,0,0,,,,,0.000015,
tabu,ex5_3v_one_used_feasible,3,3,0.100000,1234,107.597980,120.710678,119.669048,0.000000,,,0,1,,,,,0.000095,
tabu,ex4_3v_infeasible,4,3,0.100000,999,141.798990,0.000000,141.798990,0.000000,,,0,0,,,,,0.000068,
tabu,ex3_3v_all_feasible,3,3,0.100000,1234,162.000000,20.000000,164.000000,0.000000,,,0,1,,,,,0.000088,
tabu,hfvrp_n001_m03_s02,1,3,0.100000,1,156.310634,50.546098,161.365244,0.000000,,,0,1,,,,,0.000347,
tabu,ex1_1v_feasible,2,1,0.100000,1788148564429675309,84.142136,50.000000,89.142136,0.000000,,,0,1,,,,,0.000025,
tabu,ex2_1v_infeasible,2,1,0.100000,1788148663331201065,70.000000,0.000000,70.000000,0.000000,,,0,0,,,,,0.000017,
tabu,hfvrp_n001_m03_s02,1,3,0.100000,10,156.310634,50.546098,161.365244,0.000000,,,0,1,,,,,0.000359,
tabu,ex5_3v_one_used_feasible,3,3,0.100000,9999,107.597980,120.710678,119.669048,0.000000,,,0,1,,,,,0.000047,
tabu,ex4_3v_infeasible,4,3,0.100000,1234,141.798990,0.000000,141.798990,0.000000,,,0,0,,,,,0.000023,
tabu,ex3_3v_all_feasible,3,3,0.100000,9999,162.000000,20.000000,164.000000,0.000000,,,0,1,,,,,0.000026,
tabu,hfvrp_n001_m03_s03,1,3,0.100000,1788147221365448640,130.438737,0.000000,130.438737,0.000000,,,0,1,,,,,0.000112,
tabu,hfvrp_n001_m03_s04,1,3,0.100000,1788147290237108979,122.386776,0.000000,122.386776,0.000000,,,0,1,,,,,0.000154,
tabu,hfvrp_n001_m03_s02,1,3,0.100000,50,156.310634,50.546098,161.365244,0.000000,,,0,1,,,,,0.000253,
tabu,hfvrp_n001_m03_s03,1,3,0.100000,1,130.438737,0.000000,130.438737,0.000000,,,0,1,,,,,0.000361,
tabu,ex5_3v_one_used_feasible,3,3,0.100000,19345,107.597980,120.710678,119.669048,0.000000,,,0,1,,,,,0.000088,
tabu,hfvrp_n001_m03_s04,1,3,0.100000,1,122.386776,0.000000,122.386776,0.000000,,,0,1,,,,,0.000207,
tabu,ex3_3v_all_feasible,3,3,0.100000,19345,162.000000,20.000000,164.000000,0.000000,,,0,1,,,,,0.000087,
tabu,hfvrp_n001_m03_s02,1,3,0.100000,75,156.310634,50.546098,161.365244,0.000000,,,0,1,,,,,0.000256,
tabu,ex4_3v_infeasible,4,3,0.100000,9999,141.798990,0.000000,141.798990,0.000000,,,0,0,,,,,0.000025,
tabu,hfvrp_n001_m03_s03,1,3,0.100000,10,130.438737,0.000000,130.438737,0.000000,,,0,1,,,,,0.000112,
tabu,hfvrp_n001_m03_s04,1,3,0.100000,10,122.386776,0.000000,122.386776,0.000000,,,0,1,,,,,0.000103,
tabu,hfvrp_n001_m03_s02,1,3,0.100000,100,156.310634,50.546098,161.365244,0.000000,,,0,1,,,,,0.000108,
tabu,ex5_3v_one_used_feasible,3,3,0.100000,1788146768738841607,107.597980,120.710678,119.669048,0.000000,,,0,1,,,,,0.000088,
tabu,hfvrp_n001_m03_s03,1,3,0.100000,50,130.438737,0.000000,130.438737,0.000000,,,0,1,,,,,0.000108,
tabu,ex3_3v_all_feasible,3,3,0.100000,1788146837908260473,162.000000,20.000000,164.000000,0.000000,,,0,1,,,,,0.000041,
tabu,hfvrp_n001_m03_s04,1,3,0.100000,50,122.386776,0.000000,122.386776,0.000000,,,0,1,,,,,0.000268,
tabu,ex4_3v_infeasible,4,3,0.100000,19345,141.798990,0.000000,141.798990,0.000000,,,0,0,,,,,0.000053,
tabu,hfvrp_n001_m03_s02,1,3,0.100000,200,156.310634,50.546098,161.365244,0.000000,,,0,1,,,,,0.000111,
tabu,hfvrp_n001_m03_s03,1,3,0.100000,75,130.438737,0.000000,130.438737,0.000000,,,0,1,,,,,0.000111,
tabu,hfvrp_n001_m03_s04,1,3,0.100000,75,122.386776,0.000000,122.386776,0.000000,,,0,1,,,,,0.000299,
tabu,hfvrp_n001_m03_s05,1,3,0.100000,1788147698076524989,89.097550,34.548775,92.552427,0.000000,,,0,1,,,,,0.000151,
tabu,hfvrp_n001_m03_s02,1,3,0.100000,999,156.310634,50.546098,161.365244,0.000000,,,0,1,,,,,0.000108,
tabu,hfvrp_n002_m03_s01,2,3,0.100000,1788147449467939712,262.852855,468.007587,309.653613,0.000000,,,0,1,,,,,0.000380,
tabu,hfvrp_n001_m03_s03,1,3,0.100000,100,130.438737,0.000000,130.438737,0.000000,,,0,1,,,,,0.000346,
tabu,ex4_3v_infeasible,4,3,0.100000,1788147518616971572,141.798990,0.000000,141.798990,0.000000,,,0,0,,,,,0.000076,
tabu,hfvrp_n001_m03_s04,1,3,0.100000,100,122.386776,0.000000,122.386776,0.000000,,,0,1,,,,,0.000108,
tabu,hfvrp_n001_m03_s05,1,3,0.100000,1,89.097550,34.548775,92.552427,0.000000,,,0,1,,,,,0.000350,
tabu,hfvrp_n001_m03_s02,1,3,0.100000,1234,156.310634,50.546098,161.365244,0.000000,,,0,1,,,,,0.000112,
tabu,hfvrp_n001_m03_s03,1,3,0.100000,200,130.438737,0.000000,130.438737,0.000000,,,0,1,,,,,0.000179,
tabu,hfvrp_n002_m03_s01,2,3,0.100000,1,262.852855,468.007587,309.653613,0.000000,,,0,1,,,,,0.000295,
tabu,hfvrp_n001_m03_s04,1,3,0.100000,200,122.386776,0.000000,122.386776,0.000000,,,0,1,,,,,0.000112,
tabu,hfvrp_n001_m03_s05,1,3,0.100000,10,89.097550,34.548775,92.552427,0.000000,,,0,1,,,,,0.000131,
tabu,hfvrp_n001_m03_s02,1,3,0.100000,9999,156.310634,50.546098,161.365244,0.000000,,,0,1,,,,,0.000150,
tabu,hfvrp_n002_m03_s02,2,3,0.100000,1788141533280824678,139.033247,41.343143,143.167561,0.000000,,,0,1,,,,,0.000252,
tabu,hfvrp_n001_m03_s03,1,3,0.100000,999,130.438737,0.000000,130.438737,0.000000,,,0,1,,,,,0.000357,
tabu,hfvrp_n001_m03_s04,1,3,0.100000,999,122.386776,0.000000,122.386776,0.000000,,,0,1,,,,,0.000110,
tabu,hfvrp_n001_m03_s05,1,3,0.100000,50,89.097550,34.548775,92.552427,0.000000,,,0,1,,,,,0.000429,
tabu,hfvrp_n002_m03_s01,2,3,0.100000,10,262.852855,468.007587,309.653613,0.000000,,,0,1,,,,,0.000942,
tabu,hfvrp_n001_m03_s02,1,3,0.100000,19345,156.310634,50.546098,161.365244,0.000000,,,0,1,,,,,0.000124,
tabu,hfvrp_n001_m03_s03,1,3,0.100000,1234,130.438737,0.000000,130.438737,0.000000,,,0,1,,,,,0.000186,
tabu,hfvrp_n001_m03_s04,1,3,0.100000,1234,122.386776,0.000000,122.386776,0.000000,,,0,1,,,,,0.000349,
tabu,hfvrp_n001_m03_s05,1,3,0.100000,75,89.097550,34.548775,92.552427,0.000000,,,0,1,,,,,0.000148,
tabu,hfvrp_n002_m03_s02,2,3,0.100000,1,139.033247,41.343143,143.167561,0.000000,,,0,1,,,,,0.000179,
tabu,hfvrp_n001_m03_s02,1,3,0.100000,1788141324420871760,156.310634,50.546098,161.365244,0.000000,,,0,1,,,,,0.000155,
tabu,hfvrp_n002_m03_s01,2,3,0.100000,50,262.852855,468.007587,309.653613,0.000000,,,0,1,,,,,0.000583,
tabu,hfvrp_n001_m03_s03,1,3,0.100000,9999,130.438737,0.000000,130.438737,0.000000,,,0,1,,,,,0.000163,
tabu,hfvrp_n001_m03_s04,1,3,0.100000,9999,122.386776,0.000000,122.386776,0.000000,,,0,1,,,,,0.000226,
tabu,hfvrp_n001_m03_s05,1,3,0.100000,100,89.097550,34.548775,92.552427,0.000000,,,0,1,,,,,0.000413,
tabu,hfvrp_n002_m03_s02,2,3,0.100000,10,139.033247,41.343143,143.167561,0.000000,,,0,1,,,,,0.000194,
tabu,hfvrp_n002_m03_s03,2,3,0.100000,1788142111461655546,185.309216,25.338303,187.843046,0.000000,,,0,1,,,,,0.000624,
tabu,hfvrp_n002_m03_s01,2,3,0.100000,75,262.852855,468.007587,309.653613,0.000000,,,0,1,,,,,0.000937,
tabu,hfvrp_n001_m03_s03,1,3,0.100000,19345,130.438737,0.000000,130.438737,0.000000,,,0,1,,,,,0.000240,
tabu,hfvrp_n001_m03_s04,1,3,0.100000,19345,122.386776,0.000000,122.386776,0.000000,,,0,1,,,,,0.000271,
tabu,hfvrp_n001_m03_s05,1,3,0.100000,200,89.097550,34.548775,92.552427,0.000000,,,0,1,,,,,0.000133,
tabu,hfvrp_n002_m03_s02,2,3,0.100000,50,139.033247,41.343143,143.167561,0.000000,,,0,1,,,,,0.000403,
tabu,hfvrp_n002_m03_s03,2,3,0.100000,1,185.309216,25.338303,187.843046,0.000000,,,0,1,,,,,0.000304,
tabu,hfvrp_n001_m03_s03,1,3,0.100000,1788141936852582397,130.438737,0.000000,130.438737,0.000000,,,0,1,,,,,0.000335,
tabu,hfvrp_n001_m03_s04,1,3,0.100000,1788141833937729657,122.386776,0.000000,122.386776,0.000000,,,0,1,,,,,0.000192,
tabu,hfvrp_n001_m03_s05,1,3,0.100000,999,89.097550,34.548775,92.552427,0.000000,,,0,1,,,,,0.000130,
tabu,hfvrp_n002_m03_s01,2,3,0.100000,100,262.852855,468.007587,309.653613,0.000000,,,0,1,,,,,0.000295,
tabu,hfvrp_n002_m03_s04,2,3,0.100000,1788140619343769265,174.552021,35.445494,178.096570,0.000000,,,0,1,,,,,0.000873,
tabu,hfvrp_n002_m03_s02,2,3,0.100000,75,139.033247,41.343143,143.167561,0.000000,,,0,1,,,,,0.000582,
tabu,hfvrp_n002_m03_s03,2,3,0.100000,10,185.309216,25.338303,187.843046,0.000000,,,0,1,,,,,0.000300,
tabu,hfvrp_n002_m03_s05,2,3,0.100000,1788140464872261592,252.004246,183.153460,270.319592,0.000000,,,0,1,,,,,0.000475,
tabu,hfvrp_n001_m03_s05,1,3,0.100000,1234,89.097550,34.548775,92.552427,0.000000,,,0,1,,,,,0.000130,
tabu,hfvrp_n002_m03_s01,2,3,0.100000,200,262.852855,468.007587,309.653613,0.000000,,,0,1,,,,,0.000283,
tabu,hfvrp_n001_m03_s05,1,3,0.100000,9999,89.097550,34.548775,92.552427,0.000000,,,0,1,,,,,0.000135,
tabu,hfvrp_n002_m03_s04,2,3,0.100000,1,174.552021,35.445494,178.096570,0.000000,,,0,1,,,,,0.000278,
tabu,hfvrp_n002_m03_s02,2,3,0.100000,100,139.033247,41.343143,143.167561,0.000000,,,0,1,,,,,0.000250,
tabu,hfvrp_n002_m03_s05,2,3,0.100000,1,252.004246,183.153460,270.319592,0.000000,,,0,1,,,,,0.000305,
tabu,hfvrp_n002_m03_s03,2,3,0.100000,50,185.309216,25.338303,187.843046,0.000000,,,0,1,,,,,0.000935,
tabu,hfvrp_n002_m03_s01,2,3,0.100000,999,262.852855,468.007587,309.653613,0.000000,,,0,1,,,,,0.000946,
tabu,hfvrp_n001_m03_s05,1,3,0.100000,19345,89.097550,34.548775,92.552427,0.000000,,,0,1,,,,,0.000171,
tabu,hfvrp_n002_m03_s04,2,3,0.100000,10,174.552021,35.445494,178.096570,0.000000,,,0,1,,,,,0.000652,
tabu,hfvrp_n002_m03_s02,2,3,0.100000,200,139.033247,41.343143,143.167561,0.000000,,,0,1,,,,,0.000582,
tabu,hfvrp_n002_m03_s05,2,3,0.100000,10,252.004246,183.153460,270.319592,0.000000,,,0,1,,,,,0.000952,
tabu,hfvrp_n002_m03_s03,2,3,0.100000,75,185.309216,25.338303,187.843046,0.000000,,,0,1,,,,,0.000303,
tabu,hfvrp_n001_m03_s05,1,3,0.100000,1788141090745339140,89.097550,34.548775,92.552427,0.000000,,,0,1,,,,,0.000437,
tabu,hfvrp_n002_m03_s01,2,3,0.100000,1234,262.852855,468.007587,309.653613,0.000000,,,0,1,,,,,0.000926,
tabu,hfvrp_n002_m03_s04,2,3,0.100000,50,174.552021,35.445494,178.096570,0.000000,,,0,1,,,,,0.000500,
tabu,hfvrp_n002_m03_s02,2,3,0.100000,999,139.033247,41.343143,143.167561,0.000000,,,0,1,,,,,0.000227,
tabu,hfvrp_n002_m03_s05,2,3,0.100000,50,252.004246,183.153460,270.319592,0.000000,,,0,1,,,,,0.000837,
tabu,hfvrp_n002_m03_s03,2,3,0.100000,100,185.309216,25.338303,187.843046,0.000000,,,0,1,,,,,0.000839,
tabu,hfvrp_n005_m03_s01,5,3,0.100000,1788140791157460186,350.283936,145.533835,364.837319,0.000000,,,0,1,,,,,0.000042,
tabu,hfvrp_n002_m03_s01,2,3,0.100000,9999,262.852855,468.007587,309.653613,0.000000,,,0,1,,,,,0.000295,
tabu,hfvrp_n002_m03_s04,2,3,0.100000,75,174.552021,35.445494,178.096570,0.000000,,,0,1,,,,,0.000867,
tabu,hfvrp_n002_m03_s02,2,3,0.100000,1234,139.033247,41.343143,143.167561,0.000000,,,0,1,,,,,0.000316,
tabu,hfvrp_n002_m03_s05,2,3,0.100000,75,252.004246,183.153460,270.319592,0.000000,,,0,1,,,,,0.000302,
tabu,hfvrp_n002_m03_s03,2,3,0.100000,200,185.309216,25.338303,187.843046,0.000000,,,0,1,,,,,0.000296,
tabu,hfvrp_n002_m03_s01,2,3,0.100000,19345,262.852855,468.007587,309.653613,0.000000,,,0,1,,,,,0.000296,
tabu,hfvrp_n005_m03_s01,5,3,0.100000,1,350.283936,145.533835,364.837319,0.000000,,,0,1,,,,,0.000035,
tabu,hfvrp_n002_m03_s04,2,3,0.100000,100,174.552021,35.445494,178.096570,0.000000,,,0,1,,,,,0.000621,
tabu,hfvrp_n002_m03_s02,2,3,0.100000,9999,139.033247,41.343143,143.167561,0.000000,,,0,1,,,,,0.000180,
tabu,hfvrp_n002_m03_s05,2,3,0.100000,100,252.004246,183.153460,270.319592,0.000000,,,0,1,,,,,0.000577,
tabu,hfvrp_n002_m03_s03,2,3,0.100000,999,185.309216,25.338303,187.843046,0.000000,,,0,1,,,,,0.000296,
tabu,hfvrp_n002_m03_s01,2,3,0.100000,1788143693349360254,262.852855,468.007587,309.653613,0.000000,,,0,1,,,,,0.000936,
tabu,hfvrp_n002_m03_s04,2,3,0.100000,200,174.552021,35.445494,178.096570,0.000000,,,0,1,,,,,0.000877,
tabu,hfvrp_n002_m03_s02,2,3,0.100000,19345,139.033247,41.343143,143.167561,0.000000,,,0,1,,,,,0.000592,
tabu,hfvrp_n002_m03_s05,2,3,0.100000,200,252.004246,183.153460,270.319592,0.000000,,,0,1,,,,,0.001006,
tabu,hfvrp_n002_m03_s03,2,3,0.100000,1234,185.309216,25.338303,187.843046,0.000000,,,0,1,,,,,0.000425,
tabu,hfvrp_n005_m03_s01,5,3,0.100000,10,350.283936,145.533835,364.837319,0.000000,,,0,1,,,,,0.000059,
tabu,hfvrp_n005_m03_s02,5,3,0.100000,1788143518632546766,359.865479,294.868617,389.352340,0.000000,,,0,1,,,,,0.001282,
tabu,hfvrp_n002_m03_s04,2,3,0.100000,999,174.552021,35.445494,178.096570,0.000000,,,0,1,,,,,0.000920,
tabu,hfvrp_n002_m03_s02,2,3,0.100000,1788144532620567140,139.033247,41.343143,143.167561,0.000000,,,0,1,,,,,0.000250,
tabu,hfvrp_n002_m03_s05,2,3,0.100000,999,252.004246,183.153460,270.319592,0.000000,,,0,1,,,,,0.000382,
tabu,hfvrp_n002_m03_s03,2,3,0.100000,9999,185.309216,25.338303,187.843046,0.000000,,,0,1,,,,,0.000739,
tabu,hfvrp_n005_m03_s01,5,3,0.100000,50,350.283936,145.533835,364.837319,0.000000,,,0,1,,,,,0.000033,
tabu,hfvrp_n002_m03_s04,2,3,0.100000,1234,174.552021,35.445494,178.096570,0.000000,,,0,1,,,,,0.000289,
tabu,hfvrp_n005_m03_s03,5,3,0.100000,1788144349263192699,444.734799,0.000000,444.734799,0.000000,,,0,1,,,,,0.001438,
tabu,hfvrp_n002_m03_s05,2,3,0.100000,1234,252.004246,183.153460,270.319592,0.000000,,,0,1,,,,,0.000954,
tabu,hfvrp_n005_m03_s02,5,3,0.100000,1,359.865479,294.868617,389.352340,0.000000,,,0,1,,,,,0.002929,
tabu,hfvrp_n002_m03_s03,2,3,0.100000,19345,185.309216,25.338303,187.843046,0.000000,,,0,1,,,,,0.000937,
tabu,hfvrp_n002_m03_s04,2,3,0.100000,9999,174.552021,35.445494,178.096570,0.000000,,,0,1,,,,,0.000276,
tabu,hfvrp_n002_m03_s05,2,3,0.100000,9999,252.004246,183.153460,270.319592,0.000000,,,0,1,,,,,0.000960,
tabu,hfvrp_n005_m03_s01,5,3,0.100000,75,350.283936,145.533835,364.837319,0.000000,,,0,1,,,,,0.000071,
tabu,hfvrp_n002_m03_s03,2,3,0.100000,1788144007405065266,185.309216,25.338303,187.843046,0.000000,,,0,1,,,,,0.000545,
tabu,hfvrp_n005_m03_s03,5,3,0.100000,1,444.734799,0.000000,444.734799,0.000000,,,0,1,,,,,0.000922,
tabu,hfvrp_n005_m03_s02,5,3,0.100000,10,359.865479,294.868617,389.352340,0.000000,,,0,1,,,,,0.000928,
tabu,hfvrp_n002_m03_s04,2,3,0.100000,19345,174.552021,35.445494,178.096570,0.000000,,,0,1,,,,,0.000289,
tabu,hfvrp_n002_m03_s05,2,3,0.100000,19345,252.004246,183.153460,270.319592,0.000000,,,0,1,,,,,0.000318,
tabu,hfvrp_n005_m03_s04,5,3,0.100000,1788142715976485153,278.576281,287.478473,307.324128,0.000000,,,0,1,,,,,0.001296,
tabu,hfvrp_n005_m03_s01,5,3,0.100000,100,350.283936,145.533835,364.837319,0.000000,,,0,1,,,,,0.000072,
tabu,hfvrp_n002_m03_s04,2,3,0.100000,1788142643725706168,174.552021,35.445494,178.096570,0.000000,,,0,1,,,,,0.000880,
tabu,hfvrp_n005_m03_s03,5,3,0.100000,10,444.734799,0.000000,444.734799,0.000000,,,0,1,,,,,0.000938,
tabu,hfvrp_n002_m03_s05,2,3,0.100000,1788142596644876861,252.004246,183.153460,270.319592,0.000000,,,0,1,,,,,0.000303,
tabu,hfvrp_n005_m03_s02,5,3,0.100000,50,359.865479,294.868617,389.352340,0.000000,,,0,1,,,,,0.000925,
tabu,hfvrp_n005_m03_s04,5,3,0.100000,1,278.576281,287.478473,307.324128,0.000000,,,0,1,,,,,0.002624,
tabu,hfvrp_n005_m03_s05,5,3,0.100000,1788142443212665721,363.420355,288.915413,392.311896,0.000000,,,0,1,,,,,0.000237,
tabu,hfvrp_n010_m03_s01,10,3,0.100000,1788142366047639723,505.698641,331.824464,538.881088,0.000000,,,0,1,,,,,0.007406,
tabu,hfvrp_n005_m03_s01,5,3,0.100000,200,350.283936,145.533835,364.837319,0.000000,,,0,1,,,,,0.000091,
tabu,hfvrp_n005_m03_s03,5,3,0.100000,50,444.734799,0.000000,444.734799,0.000000,,,0,1,,,,,0.003095,
tabu,hfvrp_n005_m03_s02,5,3,0.100000,75,359.865479,294.868617,389.352340,0.000000,,,0,1,,,,,0.000920,
tabu,hfvrp_n005_m03_s04,5,3,0.100000,10,278.576281,287.478473,307.324128,0.000000,,,0,1,,,,,0.001653,
tabu,hfvrp_n005_m03_s05,5,3,0.100000,1,363.420355,288.915413,392.311896,0.000000,,,0,1,,,,,0.000161,
tabu,hfvrp_n005_m03_s01,5,3,0.100000,999,350.283936,145.533835,364.837319,0.000000,,,0,1,,,,,0.000100,
tabu,hfvrp_n005_m03_s03,5,3,0.100000,75,444.734799,0.000000,444.734799,0.000000,,,0,1,,,,,0.001539,
tabu,hfvrp_n005_m03_s02,5,3,0.100000,100,359.865479,294.868617,389.352340,0.000000,,,0,1,,,,,0.000933,
tabu,hfvrp_n010_m03_s01,10,3,0.100000,1,505.698641,331.824464,538.881088,0.000000,,,0,1,,,,,0.003623,
tabu,hfvrp_n005_m03_s04,5,3,0.100000,50,278.576281,287.478473,307.324128,0.000000,,,0,1,,,,,0.002334,
tabu,hfvrp_n005_m03_s05,5,3,0.100000,10,363.420355,288.915413,392.311896,0.000000,,,0,1,,,,,0.000314,
tabu,hfvrp_n005_m03_s01,5,3,0.100000,1234,350.283936,145.533835,364.837319,0.000000,,,0,1,,,,,0.000102,
tabu,hfvrp_n005_m03_s03,5,3,0.100000,100,444.734799,0.000000,444.734799,0.000000,,,0,1,,,,,0.002942,
tabu,hfvrp_n005_m03_s02,5,3,0.100000,200,359.865479,294.868617,389.352340,0.000000,,,0,1,,,,,0.000931,
tabu,hfvrp_n005_m03_s04,5,3,0.100000,75,278.576281,287.478473,307.324128,0.000000,,,0,1,,,,,0.002101,
tabu,hfvrp_n005_m03_s05,5,3,0.100000,50,363.420355,288.915413,392.311896,0.000000,,,0,1,,,,,0.000491,
tabu,hfvrp_n010_m03_s01,10,3,0.100000,10,505.698641,331.824464,538.881088,0.000000,,,0,1,,,,,0.005649,
tabu,hfvrp_n005_m03_s01,5,3,0.100000,9999,350.283936,145.533835,364.837319,0.000000,,,0,1,,,,,0.000101,
tabu,hfvrp_n005_m03_s03,5,3,0.100000,200,444.734799,0.000000,444.734799,0.000000,,,0,1,,,,,0.001762,
tabu,hfvrp_n005_m03_s02,5,3,0.100000,999,359.865479,294.868617,389.352340,0.000000,,,0,1,,,,,0.000928,
tabu,hfvrp_n005_m03_s04,5,3,0.100000,100,278.576281,287.478473,307.324128,0.000000,,,0,1,,,,,0.000925,
tabu,hfvrp_n005_m03_s05,5,3,0.100000,75,363.420355,288.915413,392.311896,0.000000,,,0,1,,,,,0.000289,
tabu,hfvrp_n005_m03_s01,5,3,0.100000,19345,350.283936,145.533835,364.837319,0.000000,,,0,1,,,,,0.000074,
tabu,hfvrp_n005_m03_s03,5,3,0.100000,999,444.734799,0.000000,444.734799,0.000000,,,0,1,,,,,0.002333,
tabu,hfvrp_n005_m03_s02,5,3,0.100000,1234,359.865479,294.868617,389.352340,0.000000,,,0,1,,,,,0.002357,
tabu,hfvrp_n010_m03_s01,10,3,0.100000,50,505.698641,331.824464,538.881088,0.000000,,,0,1,,,,,0.004098,
tabu,hfvrp_n005_m03_s04,5,3,0.100000,200,278.576281,287.478473,307.324128,0.000000,,,0,1,,,,,0.002519,
tabu,hfvrp_n005_m03_s05,5,3,0.100000,100,363.420355,288.915413,392.311896,0.000000,,,0,1,,,,,0.000289,
tabu,hfvrp_n005_m03_s01,5,3,0.100000,1788154625418890857,350.283936,145.533835,364.837319,0.000000,,,0,1,,,,,0.000055,
tabu,hfvrp_n005_m03_s03,5,3,0.100000,1234,444.734799,0.000000,444.734799,0.000000,,,0,1,,,,,0.000920,
tabu,hfvrp_n005_m03_s02,5,3,0.100000,9999,359.865479,294.868617,389.352340,0.000000,,,0,1,,,,,0.002897,
tabu,hfvrp_n005_m03_s04,5,3,0.100000,999,278.576281,287.478473,307.324128,0.000000,,,0,1,,,,,0.002904,
tabu,hfvrp_n005_m03_s05,5,3,0.100000,200,363.420355,288.915413,392.311896,0.000000,,,0,1,,,,,0.000437,
tabu,hfvrp_n010_m03_s01,10,3,0.100000,75,505.698641,331.824464,538.881088,0.000000,,,0,1,,,,,0.006019,
tabu,hfvrp_n010_m03_s02,10,3,0.100000,1788155426233727621,488.666606,539.371764,542.603782,0.000000,,,0,1,,,,,0.003370,
tabu,hfvrp_n005_m03_s03,5,3,0.100000,9999,444.734799,0.000000,444.734799,0.000000,,,0,1,,,,,0.002791,
tabu,hfvrp_n005_m03_s02,5,3,0.100000,19345,359.865479,294.868617,389.352340,0.000000,,,0,1,,,,,0.002789,
tabu,hfvrp_n005_m03_s04,5,3,0.100000,1234,278.576281,287.478473,307.324128,0.000000,,,0,1,,,,,0.000922,
tabu,hfvrp_n005_m03_s05,5,3,0.100000,999,363.420355,288.915413,392.311896,0.000000,,,0,1,,,,,0.000164,
tabu,hfvrp_n005_m03_s03,5,3,0.100000,19345,444.734799,0.000000,444.734799,0.000000,,,0,1,,,,,0.000926,
tabu,hfvrp_n005_m03_s02,5,3,0.100000,1788155213962781555,359.865479,294.868617,389.352340,0.000000,,,0,1,,,,,0.001639,
tabu,hfvrp_n010_m03_s01,10,3,0.100000,100,505.698641,331.824464,538.881088,0.000000,,,0,1,,,,,0.006119,
tabu,hfvrp_n010_m03_s02,10,3,0.100000,1,488.666606,539.371764,542.603782,0.000000,,,0,1,,,,,0.003079,
tabu,hfvrp_n005_m03_s04,5,3,0.100000,9999,278.576281,287.478473,307.324128,0.000000,,,0,1,,,,,0.002443,
tabu,hfvrp_n005_m03_s05,5,3,0.100000,1234,363.420355,288.915413,392.311896,0.000000,,,0,1,,,,,0.000554,
tabu,hfvrp_n005_m03_s03,5,3,0.100000,1788155048379561189,444.734799,0.000000,444.734799,0.000000,,,0,1,,,,,0.000927,
tabu,hfvrp_n010_m03_s03,10,3,0.100000,1788153880222241081,534.726709,763.645230,611.091232,0.000000,,,0,1,,,,,0.000319,
tabu,hfvrp_n005_m03_s04,5,3,0.100000,19345,278.576281,287.478473,307.324128,0.000000,,,0,1,,,,,0.002904,
tabu,hfvrp_n005_m03_s05,5,3,0.100000,9999,363.420355,288.915413,392.311896,0.000000,,,0,1,,,,,0.000169,
tabu,hfvrp_n010_m03_s01,10,3,0.100000,200,505.698641,331.824464,538.881088,0.000000,,,0,1,,,,,0.007537,
tabu,hfvrp_n010_m03_s02,10,3,0.100000,10,488.666606,539.371764,542.603782,0.000000,,,0,1,,,,,0.003115,
tabu,hfvrp_n010_m03_s04,10,3,0.100000,1788153676003426084,519.712457,544.076456,574.120103,0.000000,,,0,1,,,,,0.006053,
tabu,hfvrp_n010_m03_s03,10,3,0.100000,1,534.726709,763.645230,611.091232,0.000000,,,0,1,,,,,0.000663,
tabu,hfvrp_n005_m03_s05,5,3,0.100000,19345,363.420355,288.915413,392.311896,0.000000,,,0,1,,,,,0.000162,
tabu,hfvrp_n005_m03_s04,5,3,0.100000,1788153625565812088,278.576281,287.478473,307.324128,0.000000,,,0,1,,,,,0.000927,
tabu,hfvrp_n010_m03_s01,10,3,0.100000,999,505.698641,331.824464,538.881088,0.000000,,,0,1,,,,,0.003674,
tabu,hfvrp_n010_m03_s02,10,3,0.100000,50,488.666606,539.371764,542.603782,0.000000,,,0,1,,,,,0.003113,
tabu,hfvrp_n010_m03_s04,10,3,0.100000,1,519.712457,544.076456,574.120103,0.000000,,,0,1,,,,,0.007065,
tabu,hfvrp_n005_m03_s05,5,3,0.100000,1788153477183536106,363.420355,288.915413,392.311896,0.000000,,,0,1,,,,,0.000168,
tabu,hfvrp_n010_m03_s05,10,3,0.100000,1788153365573236696,481.969273,655.167646,547.486037,0.000000,,,0,1,,,,,0.003635,
tabu,hfvrp_n010_m03_s03,10,3,0.100000,10,534.726709,763.645230,611.091232,0.000000,,,0,1,,,,,0.000662,
tabu,hfvrp_n015_m03_s01,15,3,0.100000,1788154368240002336,603.202389,1228.866608,726.089050,0.000000,,,0,1,,,,,0.035155,
tabu,hfvrp_n010_m03_s01,10,3,0.100000,1234,505.698641,331.824464,538.881088,0.000000,,,0,1,,,,,0.004569,
tabu,hfvrp_n010_m03_s02,10,3,0.100000,75,488.666606,539.371764,542.603782,0.000000,,,0,1,,,,,0.003110,
tabu,hfvrp_n010_m03_s04,10,3,0.100000,10,519.712457,544.076456,574.120103,0.000000,,,0,1,,,,,0.008494,
tabu,hfvrp_n010_m03_s05,10,3,0.100000,1,481.969273,655.167646,547.486037,0.000000,,,0,1,,,,,0.005050,
tabu,hfvrp_n010_m03_s03,10,3,0.100000,50,534.726709,763.645230,611.091232,0.000000,,,0,1,,,,,0.000648,
tabu,hfvrp_n010_m03_s01,10,3,0.100000,9999,505.698641,331.824464,538.881088,0.000000,,,0,1,,,,,0.007053,
tabu,hfvrp_n010_m03_s02,10,3,0.100000,100,488.666606,539.371764,542.603782,0.000000,,,0,1,,,,,0.002931,
tabu,hfvrp_n010_m03_s04,10,3,0.100000,50,519.712457,544.076456,574.120103,0.000000,,,0,1,,,,,0.006907,
tabu,hfvrp_n010_m03_s05,10,3,0.100000,10,481.969273,655.167646,547.486037,0.000000,,,0,1,,,,,0.003508,
tabu,hfvrp_n015_m03_s01,15,3,0.100000,1,603.202389,1228.866608,726.089050,0.000000,,,0,1,,,,,0.033089,
tabu,hfvrp_n010_m03_s03,10,3,0.100000,75,534.726709,763.645230,611.091232,0.000000,,,0,1,,,,,0.000400,
tabu,hfvrp_n010_m03_s01,10,3,0.100000,19345,505.698641,331.824464,538.881088,0.000000,,,0,1,,,,,0.007287,
tabu,hfvrp_n010_m03_s04,10,3,0.100000,75,519.712457,544.076456,574.120103,0.000000,,,0,1,,,,,0.008119,
tabu,hfvrp_n010_m03_s02,10,3,0.100000,200,488.666606,539.371764,542.603782,0.000000,,,0,1,,,,,0.003072,
tabu,hfvrp_n010_m03_s05,10,3,0.100000,50,481.969273,655.167646,547.486037,0.000000,,,0,1,,,,,0.006733,
tabu,hfvrp_n015_m03_s01,15,3,0.100000,10,603.202389,1228.866608,726.089050,0.000000,,,0,1,,,,,0.033459,
tabu,hfvrp_n010_m03_s03,10,3,0.100000,100,534.726709,763.645230,611.091232,0.000000,,,0,1,,,,,0.000209,
tabu,hfvrp_n010_m03_s01,10,3,0.100000,1788157040731802701,505.698641,331.824464,538.881088,0.000000,,,0,1,,,,,0.008047,
tabu,hfvrp_n010_m03_s04,10,3,0.100000,100,519.712457,544.076456,574.120103,0.000000,,,0,1,,,,,0.004142,
tabu,hfvrp_n010_m03_s05,10,3,0.100000,75,481.969273,655.167646,547.486037,0.000000,,,0,1,,,,,0.006744,
tabu,hfvrp_n010_m03_s02,10,3,0.100000,999,488.666606,539.371764,542.603782,0.000000,,,0,1,,,,,0.003088,
tabu,hfvrp_n010_m03_s03,10,3,0.100000,200,534.726709,763.645230,611.091232,0.000000,,,0,1,,,,,0.000211,
tabu,hfvrp_n015_m03_s01,15,3,0.100000,50,603.202389,1228.866608,726.089050,0.000000,,,0,1,,,,,0.031570,
tabu,hfvrp_n015_m03_s02,15,3,0.100000,1788156803258893513,621.007018,1294.797847,750.486803,0.000000,,,0,1,,,,,0.018777,
tabu,hfvrp_n010_m03_s04,10,3,0.100000,200,519.712457,544.076456,574.120103,0.000000,,,0,1,,,,,0.004144,
tabu,hfvrp_n010_m03_s05,10,3,0.100000,100,481.969273,655.167646,547.486037,0.000000,,,0,1,,,,,0.003988,
tabu,hfvrp_n010_m03_s02,10,3,0.100000,1234,488.666606,539.371764,542.603782,0.000000,,,0,1,,,,,0.003074,
tabu,hfvrp_n010_m03_s03,10,3,0.100000,999,534.726709,763.645230,611.091232,0.000000,,,0,1,,,,,0.000595,
tabu,hfvrp_n010_m03_s04,10,3,0.100000,999,519.712457,544.076456,574.120103,0.000000,,,0,1,,,,,0.007040,
tabu,hfvrp_n010_m03_s05,10,3,0.100000,200,481.969273,655.167646,547.486037,0.000000,,,0,1,,,,,0.008138,
tabu,hfvrp_n010_m03_s02,10,3,0.100000,9999,488.666606,539.371764,542.603782,0.000000,,,0,1,,,,,0.006054,
tabu,hfvrp_n015_m03_s01,15,3,0.100000,75,603.202389,1228.866608,726.089050,0.000000,,,0,1,,,,,0.034649,
tabu,hfvrp_n015_m03_s02,15,3,0.100000,1,621.007018,1294.797847,750.486803,0.000000,,,0,1,,,,,0.019989,
tabu,hfvrp_n010_m03_s03,10,3,0.100000,1234,534.726709,763.645230,611.091232,0.000000,,,0,1,,,,,0.000219,
tabu,hfvrp_n010_m03_s04,10,3,0.100000,1234,519.712457,544.076456,574.120103,0.000000,,,0,1,,,,,0.006531,
tabu,hfvrp_n010_m03_s05,10,3,0.100000,999,481.969273,655.167646,547.486037,0.000000,,,0,1,,,,,0.003496,
tabu,hfvrp_n010_m03_s02,10,3,0.100000,19345,488.666606,539.371764,542.603782,0.000000,,,0,1,,,,,0.006289,
tabu,hfvrp_n010_m03_s03,10,3,0.100000,9999,534.726709,763.645230,611.091232,0.000000,,,0,1,,,,,0.000489,
tabu,hfvrp_n015_m03_s01,15,3,0.100000,100,603.202389,1228.866608,726.089050,0.000000,,,0,1,,,,,0.032763,
tabu,hfvrp_n015_m03_s02,15,3,0.100000,10,621.007018,1294.797847,750.486803,0.000000,,,0,1,,,,,0.016298,
tabu,hfvrp_n010_m03_s05,10,3,0.100000,1234,481.969273,655.167646,547.486037,0.000000,,,0,1,,,,,0.005858,
tabu,hfvrp_n010_m03_s04,10,3,0.100000,9999,519.712457,544.076456,574.120103,0.000000,,,0,1,,,,,0.005140,
tabu,hfvrp_n010_m03_s02,10,3,0.100000,1788157246859249797,488.666606,539.371764,542.603782,0.000000,,,0,1,,,,,0.007409,
tabu,hfvrp_n010_m03_s03,10,3,0.100000,19345,534.726709,763.645230,611.091232,0.000000,,,0,1,,,,,0.000666,
tabu,hfvrp_n015_m03_s01,15,3,0.100000,200,603.202389,1228.866608,726.089050,0.000000,,,0,1,,,,,0.031473,
tabu,hfvrp_n015_m03_s02,15,3,0.100000,50,621.007018,1294.797847,750.486803,0.000000,,,0,1,,,,,0.015205,
tabu,hfvrp_n010_m03_s05,10,3,0.100000,9999,481.969273,655.167646,547.486037,0.000000,,,0,1,,,,,0.006579,
tabu,hfvrp_n010_m03_s04,10,3,0.100000,19345,519.712457,544.076456,574.120103,0.000000,,,0,1,,,,,0.006008,
tabu,hfvrp_n015_m03_s03,15,3,0.100000,1788156296477510640,487.231918,754.172361,562.649154,0.000000,,,0,1,,,,,0.001268,
tabu,hfvrp_n010_m03_s03,10,3,0.100000,1788156340099840424,534.726709,763.645230,611.091232,0.000000,,,0,1,,,,,0.000449,
tabu,hfvrp_n010_m03_s05,10,3,0.100000,19345,481.969273,655.167646,547.486037,0.000000,,,0,1,,,,,0.003514,
tabu,hfvrp_n010_m03_s04,10,3,0.100000,1788156402137807709,519.712457,544.076456,574.120103,0.000000,,,0,1,,,,,0.004566,
tabu,hfvrp_n015_m03_s01,15,3,0.100000,999,603.202389,1228.866608,726.089050,0.000000,,,0,1,,,,,0.034483,
tabu,hfvrp_n015_m03_s02,15,3,0.100000,75,621.007018,1294.797847,750.486803,0.000000,,,0,1,,,,,0.020695,
tabu,hfvrp_n015_m03_s04,15,3,0.100000,1788156540736162582,683.062642,2054.032342,888.465876,0.000000,,,0,1,,,,,0.018489,
tabu,hfvrp_n015_m03_s03,15,3,0.100000,1,487.231918,754.172361,562.649154,0.000000,,,0,1,,,,,0.001801,
tabu,hfvrp_n010_m03_s05,10,3,0.100000,1788156619746874961,481.969273,655.167646,547.486037,0.000000,,,0,1,,,,,0.005773,
tabu,hfvrp_n015_m03_s05,15,3,0.100000,1788155589105323304,588.643437,1320.613601,720.704797,0.000000,,,0,1,,,,,0.007351,
tabu,hfvrp_n015_m03_s01,15,3,0.100000,1234,603.202389,1228.866608,726.089050,0.000000,,,0,1,,,,,0.035924,
tabu,hfvrp_n015_m03_s02,15,3,0.100000,100,621.007018,1294.797847,750.486803,0.000000,,,0,1,,,,,0.016296,
tabu,hfvrp_n015_m03_s04,15,3,0.100000,1,683.062642,2054.032342,888.465876,0.000000,,,0,1,,,,,0.019491,
tabu,hfvrp_n015_m03_s03,15,3,0.100000,10,487.231918,754.172361,562.649154,0.000000,,,0,1,,,,,0.000804,
tabu,hfvrp_n020_m04_s01,20,4,0.100000,1788155806734439304,692.555504,1434.548101,836.010314,0.000000,,,0,1,,,,,0.017357,
tabu,hfvrp_n015_m03_s05,15,3,0.100000,1,588.643437,1320.613601,720.704797,0.000000,,,0,1,,,,,0.007345,
tabu,hfvrp_n015_m03_s01,15,3,0.100000,9999,603.202389,1228.866608,726.089050,0.000000,,,0,1,,,,,0.035700,
tabu,hfvrp_n015_m03_s02,15,3,0.100000,200,621.007018,1294.797847,750.486803,0.000000,,,0,1,,,,,0.016255,
tabu,hfvrp_n015_m03_s04,15,3,0.100000,10,683.062642,2054.032342,888.465876,0.000000,,,0,1,,,,,0.015183,
tabu,hfvrp_n015_m03_s03,15,3,0.100000,50,487.231918,754.172361,562.649154,0.000000,,,0,1,,,,,0.001353,
tabu,hfvrp_n015_m03_s05,15,3,0.100000,10,588.643437,1320.613601,720.704797,0.000000,,,0,1,,,,,0.008592,
tabu,hfvrp_n020_m04_s01,20,4,0.100000,1,692.555504,1434.548101,836.010314,0.000000,,,0,1,,,,,0.018979,
tabu,hfvrp_n015_m03_s01,15,3,0.100000,19345,603.202389,1228.866608,726.089050,0.000000,,,0,1,,,,,0.032993,
tabu,hfvrp_n015_m03_s02,15,3,0.100000,999,621.007018,1294.797847,750.486803,0.000000,,,0,1,,,,,0.019353,
tabu,hfvrp_n015_m03_s04,15,3,0.100000,50,683.062642,2054.032342,888.465876,0.000000,,,0,1,,,,,0.018135,
tabu,hfvrp_n015_m03_s03,15,3,0.100000,75,487.231918,754.172361,562.649154,0.000000,,,0,1,,,,,0.001792,
tabu,hfvrp_n015_m03_s05,15,3,0.100000,50,588.643437,1320.613601,720.704797,0.000000,,,0,1,,,,,0.005406,
tabu,hfvrp_n015_m03_s01,15,3,0.100000,1788150774916399784,603.202389,1228.866608,726.089050,0.000000,,,0,1,,,,,0.032651,
tabu,hfvrp_n020_m04_s01,20,4,0.100000,10,692.555504,1434.548101,836.010314,0.000000,,,0,1,,,,,0.014809,
tabu,hfvrp_n015_m03_s02,15,3,0.100000,1234,621.007018,1294.797847,750.486803,0.000000,,,0,1,,,,,0.016293,
tabu,hfvrp_n015_m03_s03,15,3,0.100000,100,487.231918,754.172361,562.649154,0.000000,,,0,1,,,,,0.001789,
tabu,hfvrp_n015_m03_s04,15,3,0.100000,75,683.062642,2054.032342,888.465876,0.000000,,,0,1,,,,,0.018790,
tabu,hfvrp_n015_m03_s05,15,3,0.100000,75,588.643437,1320.613601,720.704797,0.000000,,,0,1,,,,,0.008674,
tabu,hfvrp_n020_m04_s02,20,4,0.100000,1788150989451413887,668.474740,1852.445836,853.719323,0.000000,,,0,1,,,,,0.015983,
tabu,hfvrp_n015_m03_s02,15,3,0.100000,9999,621.007018,1294.797847,750.486803,0.000000,,,0,1,,,,,0.019395,
tabu,hfvrp_n015_m03_s03,15,3,0.100000,200,487.231918,754.172361,562.649154,0.000000,,,0,1,,,,,0.000862,
tabu,hfvrp_n020_m04_s01,20,4,0.100000,50,692.555504,1434.548101,836.010314,0.000000,,,0,1,,,,,0.014813,
tabu,hfvrp_n015_m03_s04,15,3,0.100000,100,683.062642,2054.032342,888.465876,0.000000,,,0,1,,,,,0.015151,
tabu,hfvrp_n015_m03_s05,15,3,0.100000,100,588.643437,1320.613601,720.704797,0.000000,,,0,1,,,,,0.010036,
tabu,hfvrp_n015_m03_s02,15,3,0.100000,19345,621.007018,1294.797847,750.486803,0.000000,,,0,1,,,,,0.020094,
tabu,hfvrp_n020_m04_s02,20,4,0.100000,1,668.474740,1852.445836,853.719323,0.000000,,,0,1,,,,,0.017503,
tabu,hfvrp_n015_m03_s03,15,3,0.100000,999,487.231918,754.172361,562.649154,0.000000,,,0,1,,,,,0.000818,
tabu,hfvrp_n015_m03_s04,15,3,0.100000,200,683.062642,2054.032342,888.465876,0.000000,,,0,1,,,,,0.017769,
tabu,hfvrp_n020_m04_s01,20,4,0.100000,75,692.555504,1434.548101,836.010314,0.000000,,,0,1,,,,,0.015900,
tabu,hfvrp_n015_m03_s05,15,3,0.100000,200,588.643437,1320.613601,720.704797,0.000000,,,0,1,,,,,0.005415,
tabu,hfvrp_n015_m03_s02,15,3,0.100000,1788150306646201235,621.007018,1294.797847,750.486803,0.000000,,,0,1,,,,,0.015854,
tabu,hfvrp_n015_m03_s03,15,3,0.100000,1234,487.231918,754.172361,562.649154,0.000000,,,0,1,,,,,0.001962,
tabu,hfvrp_n015_m03_s04,15,3,0.100000,999,683.062642,2054.032342,888.465876,0.000000,,,0,1,,,,,0.015319,
tabu,hfvrp_n020_m04_s02,20,4,0.100000,10,668.474740,1852.445836,853.719323,0.000000,,,0,1,,,,,0.013678,
tabu,hfvrp_n015_m03_s05,15,3,0.100000,999,588.643437,1320.613601,720.704797,0.000000,,,0,1,,,,,0.005404,
tabu,hfvrp_n020_m04_s01,20,4,0.100000,100,692.555504,1434.548101,836.010314,0.000000,,,0,1,,,,,0.019472,
tabu,hfvrp_n020_m04_s03,20,4,0.100000,1788150594167154522,679.686129,2186.767398,898.362869,0.000000,,,0,1,,,,,0.024218,
tabu,hfvrp_n015_m03_s03,15,3,0.100000,9999,487.231918,754.172361,562.649154,0.000000,,,0,1,,,,,0.000863,
tabu,hfvrp_n015_m03_s04,15,3,0.100000,1234,683.062642,2054.032342,888.465876,0.000000,,,0,1,,,,,0.019612,
tabu,hfvrp_n015_m03_s05,15,3,0.100000,1234,588.643437,1320.613601,720.704797,0.000000,,,0,1,,,,,0.008678,
tabu,hfvrp_n020_m04_s02,20,4,0.100000,50,668.474740,1852.445836,853.719323,0.000000,,,0,1,,,,,0.017810,
tabu,hfvrp_n015_m03_s03,15,3,0.100000,19345,487.231918,754.172361,562.649154,0.000000,,,0,1,,,,,0.002477,
tabu,hfvrp_n020_m04_s01,20,4,0.100000,200,692.555504,1434.548101,836.010314,0.000000,,,0,1,,,,,0.014797,
tabu,hfvrp_n015_m03_s04,15,3,0.100000,9999,683.062642,2054.032342,888.465876,0.000000,,,0,1,,,,,0.015134,
tabu,hfvrp_n020_m04_s03,20,4,0.100000,1,679.686129,2186.767398,898.362869,0.000000,,,0,1,,,,,0.024671,
tabu,hfvrp_n015_m03_s05,15,3,0.100000,9999,588.643437,1320.613601,720.704797,0.000000,,,0,1,,,,,0.005461,
tabu,hfvrp_n020_m04_s02,20,4,0.100000,75,668.474740,1852.445836,853.719323,0.000000,,,0,1,,,,,0.016495,
tabu,hfvrp_n015_m03_s03,15,3,0.100000,1788149812759896681,487.231918,754.172361,562.649154,0.000000,,,0,1,,,,,0.001667,
tabu,hfvrp_n015_m03_s04,15,3,0.100000,19345,683.062642,2054.032342,888.465876,0.000000,,,0,1,,,,,0.019003,
tabu,hfvrp_n020_m04_s01,20,4,0.100000,999,692.555504,1434.548101,836.010314,0.000000,,,0,1,,,,,0.014825,
tabu,hfvrp_n015_m03_s05,15,3,0.100000,19345,588.643437,1320.613601,720.704797,0.000000,,,0,1,,,,,0.009437,
tabu,hfvrp_n020_m04_s03,20,4,0.100000,10,679.686129,2186.767398,898.362869,0.000000,,,0,1,,,,,0.019369,
tabu,hfvrp_n020_m04_s04,20,4,0.100000,1788150005798568526,762.357609,2119.307303,974.288339,0.000000,,,0,1,,,,,0.040250,
tabu,hfvrp_n015_m03_s04,15,3,0.100000,1788149013865543692,683.062642,2054.032342,888.465876,0.000000,,,0,1,,,,,0.018442,
tabu,hfvrp_n020_m04_s02,20,4,0.100000,100,668.474740,1852.445836,853.719323,0.000000,,,0,1,,,,,0.017432,
tabu,hfvrp_n015_m03_s05,15,3,0.100000,1788149066875015615,588.643437,1320.613601,720.704797,0.000000,,,0,1,,,,,0.009596,
tabu,hfvrp_n020_m04_s01,20,4,0.100000,1234,692.555504,1434.548101,836.010314,0.000000,,,0,1,,,,,0.018415,
tabu,hfvrp_n020_m04_s03,20,4,0.100000,50,679.686129,2186.767398,898.362869,0.000000,,,0,1,,,,,0.020439,
tabu,hfvrp_n020_m04_s05,20,4,0.100000,1788149211221652982,711.981013,2452.485804,957.229593,0.000000,,,0,1,,,,,0.015863,
tabu,hfvrp_n020_m04_s04,20,4,0.100000,1,762.357609,2119.307303,974.288339,0.000000,,,0,1,,,,,0.038575,
tabu,hfvrp_n030_m06_s01,30,6,0.100000,1788149354433570685,1198.061508,2834.055545,1481.467063,0.000000,,,0,1,,,,,0.074044,
tabu,hfvrp_n020_m04_s02,20,4,0.100000,200,668.474740,1852.445836,853.719323,0.000000,,,0,1,,,,,0.016692,
tabu,hfvrp_n020_m04_s01,20,4,0.100000,9999,692.555504,1434.548101,836.010314,0.000000,,,0,1,,,,,0.018036,
tabu,hfvrp_n020_m04_s03,20,4,0.100000,75,679.686129,2186.767398,898.362869,0.000000,,,0,1,,,,,0.023444,
tabu,hfvrp_n020_m04_s05,20,4,0.100000,1,711.981013,2452.485804,957.229593,0.000000,,,0,1,,,,,0.017602,
tabu,hfvrp_n020_m04_s04,20,4,0.100000,10,762.357609,2119.307303,974.288339,0.000000,,,0,1,,,,,0.034490,
tabu,hfvrp_n020_m04_s02,20,4,0.100000,999,668.474740,1852.445836,853.719323,0.000000,,,0,1,,,,,0.013318,
tabu,hfvrp_n020_m04_s01,20,4,0.100000,19345,692.555504,1434.548101,836.010314,0.000000,,,0,1,,,,,0.018235,
tabu,hfvrp_n020_m04_s03,20,4,0.100000,100,679.686129,2186.767398,898.362869,0.000000,,,0,1,,,,,0.019823,
tabu,hfvrp_n030_m06_s01,30,6,0.100000,1,1198.061508,2834.055545,1481.467063,0.000000,,,0,1,,,,,0.075214,
tabu,hfvrp_n020_m04_s05,20,4,0.100000,10,711.981013,2452.485804,957.229593,0.000000,,,0,1,,,,,0.018406,
tabu,hfvrp_n020_m04_s04,20,4,0.100000,50,762.357609,2119.307303,974.288339,0.000000,,,0,1,,,,,0.036817,
tabu,hfvrp_n020_m04_s02,20,4,0.100000,1234,668.474740,1852.445836,853.719323,0.000000,,,0,1,,,,,0.012900,
tabu,hfvrp_n020_m04_s01,20,4,0.100000,1788152979508182430,692.555504,1434.548101,836.010314,0.000000,,,0,1,,,,,0.016814,
tabu,hfvrp_n020_m04_s03,20,4,0.100000,200,679.686129,2186.767398,898.362869,0.000000,,,0,1,,,,,0.019870,
tabu,hfvrp_n020_m04_s05,20,4,0.100000,50,711.981013,2452.485804,957.229593,0.000000,,,0,1,,,,,0.018371,
tabu,hfvrp_n020_m04_s04,20,4,0.100000,75,762.357609,2119.307303,974.288339,0.000000,,,0,1,,,,,0.037989,
tabu,hfvrp_n030_m06_s01,30,6,0.100000,10,1198.061508,2834.055545,1481.467063,0.000000,,,0,1,,,,,0.075837,
tabu,hfvrp_n020_m04_s02,20,4,0.100000,9999,668.474740,1852.445836,853.719323,0.000000,,,0,1,,,,,0.018254,
tabu,hfvrp_n030_m06_s02,30,6,0.100000,1788153229776761727,1129.935511,2339.654814,1363.900992,0.000000,,,0,1,,,,,0.085378,
tabu,hfvrp_n020_m04_s03,20,4,0.100000,999,679.686129,2186.767398,898.362869,0.000000,,,0,1,,,,,0.022894,
tabu,hfvrp_n020_m04_s05,20,4,0.100000,75,711.981013,2452.485804,957.229593,0.000000,,,0,1,,,,,0.022590,
tabu,hfvrp_n020_m04_s04,20,4,0.100000,100,762.357609,2119.307303,974.288339,0.000000,,,0,1,,,,,0.038449,
tabu,hfvrp_n020_m04_s02,20,4,0.100000,19345,668.474740,1852.445836,853.719323,0.000000,,,0,1,,,,,0.017178,
tabu,hfvrp_n020_m04_s03,20,4,0.100000,1234,679.686129,2186.767398,898.362869,0.000000,,,0,1,,,,,0.023931,
tabu,hfvrp_n030_m06_s01,30,6,0.100000,50,1198.061508,2834.055545,1481.467063,0.000000,,,0,1,,,,,0.074898,
tabu,hfvrp_n020_m04_s05,20,4,0.100000,100,711.981013,2452.485804,957.229593,0.000000,,,0,1,,,,,0.017149,
tabu,hfvrp_n030_m06_s02,30,6,0.100000,1,1129.935511,2339.654814,1363.900992,0.000000,,,0,1,,,,,0.083315,
tabu,hfvrp_n020_m04_s04,20,4,0.100000,200,762.357609,2119.307303,974.288339,0.000000,,,0,1,,,,,0.039097,
tabu,hfvrp_n020_m04_s02,20,4,0.100000,1788152611506871060,668.474740,1852.445836,853.719323,0.000000,,,0,1,,,,,0.017421,
tabu,hfvrp_n020_m04_s03,20,4,0.100000,9999,679.686129,2186.767398,898.362869,0.000000,,,0,1,,,,,0.024489,
tabu,hfvrp_n020_m04_s05,20,4,0.100000,200,711.981013,2452.485804,957.229593,0.000000,,,0,1,,,,,0.014334,
tabu,hfvrp_n020_m04_s04,20,4,0.100000,999,762.357609,2119.307303,974.288339,0.000000,,,0,1,,,,,0.039449,
tabu,hfvrp_n030_m06_s01,30,6,0.100000,75,1198.061508,2834.055545,1481.467063,0.000000,,,0,1,,,,,0.076047,
tabu,hfvrp_n030_m06_s03,30,6,0.100000,1788152784354228013,1297.057824,1784.057411,1475.463565,0.000000,,,0,1,,,,,0.091048,
tabu,hfvrp_n030_m06_s02,30,6,0.100000,10,1129.935511,2339.654814,1363.900992,0.000000,,,0,1,,,,,0.082306,
tabu,hfvrp_n020_m04_s03,20,4,0.100000,19345,679.686129,2186.767398,898.362869,0.000000,,,0,1,,,,,0.024116,
tabu,hfvrp_n020_m04_s05,20,4,0.100000,999,711.981013,2452.485804,957.229593,0.000000,,,0,1,,,,,0.016461,
tabu,hfvrp_n020_m04_s04,20,4,0.100000,1234,762.357609,2119.307303,974.288339,0.000000,,,0,1,,,,,0.038428,
tabu,hfvrp_n020_m04_s03,20,4,0.100000,1788151760992963155,679.686129,2186.767398,898.362869,0.000000,,,0,1,,,,,0.023082,
tabu,hfvrp_n030_m06_s03,30,6,0.100000,1,1297.057824,1784.057411,1475.463565,0.000000,,,0,1,,,,,0.091489,
tabu,hfvrp_n030_m06_s01,30,6,0.100000,100,1198.061508,2834.055545,1481.467063,0.000000,,,0,1,,,,,0.076991,
tabu,hfvrp_n020_m04_s05,20,4,0.100000,1234,711.981013,2452.485804,957.229593,0.000000,,,0,1,,,,,0.019263,
tabu,hfvrp_n030_m06_s02,30,6,0.100000,50,1129.935511,2339.654814,1363.900992,0.000000,,,0,1,,,,,0.087083,
tabu,hfvrp_n020_m04_s04,20,4,0.100000,9999,762.357609,2119.307303,974.288339,0.000000,,,0,1,,,,,0.039513,
tabu,hfvrp_n030_m06_s04,30,6,0.100000,1788151993996668459,1256.850639,1621.522286,1419.002868,0.000000,,,0,1,,,,,0.111509,
tabu,hfvrp_n020_m04_s05,20,4,0.100000,9999,711.981013,2452.485804,957.229593,0.000000,,,0,1,,,,,0.017399,
tabu,hfvrp_n020_m04_s04,20,4,0.100000,19345,762.357609,2119.307303,974.288339,0.000000,,,0,1,,,,,0.040156,
tabu,hfvrp_n030_m06_s03,30,6,0.100000,10,1297.057824,1784.057411,1475.463565,0.000000,,,0,1,,,,,0.086166,
tabu,hfvrp_n030_m06_s01,30,6,0.100000,200,1198.061508,2834.055545,1481.467063,0.000000,,,0,1,,,,,0.073662,
tabu,hfvrp_n030_m06_s02,30,6,0.100000,75,1129.935511,2339.654814,1363.900992,0.000000,,,0,1,,,,,0.086496,
tabu,hfvrp_n020_m04_s05,20,4,0.100000,19345,711.981013,2452.485804,957.229593,0.000000,,,0,1,,,,,0.018424,
tabu,hfvrp_n030_m06_s04,30,6,0.100000,1,1256.850639,1621.522286,1419.002868,0.000000,,,0,1,,,,,0.112879,
tabu,hfvrp_n020_m04_s04,20,4,0.100000,1788151190475592417,762.357609,2119.307303,974.288339,0.000000,,,0,1,,,,,0.038568,
tabu,hfvrp_n030_m06_s03,30,6,0.100000,50,1297.057824,1784.057411,1475.463565,0.000000,,,0,1,,,,,0.089410,
tabu,hfvrp_n030_m06_s01,30,6,0.100000,999,1198.061508,2834.055545,1481.467063,0.000000,,,0,1,,,,,0.072416,
tabu,hfvrp_n020_m04_s05,20,4,0.100000,1788151362194238613,711.981013,2452.485804,957.229593,0.000000,,,0,1,,,,,0.015980,
tabu,hfvrp_n030_m06_s02,30,6,0.100000,100,1129.935511,2339.654814,1363.900992,0.000000,,,0,1,,,,,0.082520,
tabu,hfvrp_n030_m06_s05,30,6,0.100000,1788151539483763923,1189.858941,1691.583339,1359.017275,0.000000,,,0,1,,,,,0.059578,
tabu,hfvrp_n030_m06_s04,30,6,0.100000,10,1256.850639,1621.522286,1419.002868,0.000000,,,0,1,,,,,0.113758,
tabu,hfvrp_n050_m10_s01,50,10,0.100000,1788151457830498683,2143.738450,5959.368348,2739.675285,0.000000,,,0,1,,,,,0.244267,
tabu,hfvrp_n030_m06_s03,30,6,0.100000,75,1297.057824,1784.057411,1475.463565,0.000000,,,0,1,,,,,0.087086,
tabu,hfvrp_n030_m06_s01,30,6,0.100000,1234,1198.061508,2834.055545,1481.467063,0.000000,,,0,1,,,,,0.074675,
tabu,hfvrp_n030_m06_s02,30,6,0.100000,200,1129.935511,2339.654814,1363.900992,0.000000,,,0,1,,,,,0.086192,
tabu,hfvrp_n030_m06_s05,30,6,0.100000,1,1189.858941,1691.583339,1359.017275,0.000000,,,0,1,,,,,0.062213,
tabu,hfvrp_n030_m06_s04,30,6,0.100000,50,1256.850639,1621.522286,1419.002868,0.000000,,,0,1,,,,,0.113990,
tabu,hfvrp_n030_m06_s03,30,6,0.100000,100,1297.057824,1784.057411,1475.463565,0.000000,,,0,1,,,,,0.091251,
tabu,hfvrp_n030_m06_s01,30,6,0.100000,9999,1198.061508,2834.055545,1481.467063,0.000000,,,0,1,,,,,0.077725,
tabu,hfvrp_n030_m06_s02,30,6,0.100000,999,1129.935511,2339.654814,1363.900992,0.000000,,,0,1,,,,,0.083721,
tabu,hfvrp_n030_m06_s05,30,6,0.100000,10,1189.858941,1691.583339,1359.017275,0.000000,,,0,1,,,,,0.056383,
tabu,hfvrp_n050_m10_s01,50,10,0.100000,1,2143.738450,5959.368348,2739.675285,0.000000,,,0,1,,,,,0.244280,
tabu,hfvrp_n030_m06_s04,30,6,0.100000,75,1256.850639,1621.522286,1419.002868,0.000000,,,0,1,,,,,0.113227,
tabu,hfvrp_n030_m06_s03,30,6,0.100000,200,1297.057824,1784.057411,1475.463565,0.000000,,,0,1,,,,,0.086413,
tabu,hfvrp_n030_m06_s01,30,6,0.100000,19345,1198.061508,2834.055545,1481.467063,0.000000,,,0,1,,,,,0.075095,
tabu,hfvrp_n030_m06_s02,30,6,0.100000,1234,1129.935511,2339.654814,1363.900992,0.000000,,,0,1,,,,,0.087292,
tabu,hfvrp_n030_m06_s05,30,6,0.100000,50,1189.858941,1691.583339,1359.017275,0.000000,,,0,1,,,,,0.061800,
tabu,hfvrp_n030_m06_s04,30,6,0.100000,100,1256.850639,1621.522286,1419.002868,0.000000,,,0,1,,,,,0.110536,
tabu,hfvrp_n030_m06_s03,30,6,0.100000,999,1297.057824,1784.057411,1475.463565,0.000000,,,0,1,,,,,0.090103,
tabu,hfvrp_n030_m06_s01,30,6,0.100000,1787988206304570078,1198.061508,2834.055545,1481.467063,0.000000,,,0,1,,,,,0.075122,
tabu,hfvrp_n030_m06_s02,30,6,0.100000,9999,1129.935511,2339.654814,1363.900992,0.000000,,,0,1,,,,,0.083657,
tabu,hfvrp_n050_m10_s01,50,10,0.100000,10,2143.738450,5959.368348,2739.675285,0.000000,,,0,1,,,,,0.249901,
tabu,hfvrp_n030_m06_s05,30,6,0.100000,75,1189.858941,1691.583339,1359.017275,0.000000,,,0,1,,,,,0.063135,
tabu,hfvrp_n030_m06_s04,30,6,0.100000,200,1256.850639,1621.522286,1419.002868,0.000000,,,0,1,,,,,0.110676,
tabu,hfvrp_n030_m06_s03,30,6,0.100000,1234,1297.057824,1784.057411,1475.463565,0.000000,,,0,1,,,,,0.087494,
tabu,hfvrp_n050_m10_s02,50,10,0.100000,1787987351115871114,2123.954496,8388.672424,2962.821738,0.000000,,,0,1,,,,,0.405236,
tabu,hfvrp_n030_m06_s02,30,6,0.100000,19345,1129.935511,2339.654814,1363.900992,0.000000,,,0,1,,,,,0.087878,
tabu,hfvrp_n030_m06_s05,30,6,0.100000,100,1189.858941,1691.583339,1359.017275,0.000000,,,0,1,,,,,0.061458,
tabu,hfvrp_n030_m06_s04,30,6,0.100000,999,1256.850639,1621.522286,1419.002868,0.000000,,,0,1,,,,,0.110197,
tabu,hfvrp_n030_m06_s03,30,6,0.100000,9999,1297.057824,1784.057411,1475.463565,0.000000,,,0,1,,,,,0.091764,
tabu,hfvrp_n050_m10_s01,50,10,0.100000,50,2143.738450,5959.368348,2739.675285,0.000000,,,0,1,,,,,0.245925,
tabu,hfvrp_n030_m06_s02,30,6,0.100000,1787987872115883020,1129.935511,2339.654814,1363.900992,0.000000,,,0,1,,,,,0.086820,
tabu,hfvrp_n030_m06_s05,30,6,0.100000,200,1189.858941,1691.583339,1359.017275,0.000000,,,0,1,,,,,0.061216,
tabu,hfvrp_n030_m06_s04,30,6,0.100000,1234,1256.850639,1621.522286,1419.002868,0.000000,,,0,1,,,,,0.113304,
tabu,hfvrp_n050_m10_s02,50,10,0.100000,1,2123.954496,8388.672424,2962.821738,0.000000,,,0,1,,,,,0.404348,
tabu,hfvrp_n030_m06_s03,30,6,0.100000,19345,1297.057824,1784.057411,1475.463565,0.000000,,,0,1,,,,,0.091910,
tabu,hfvrp_n050_m10_s03,50,10,0.100000,1787986973941814772,1990.552633,5809.866147,2571.539248,0.000000,,,0,1,,,,,0.280293,
tabu,hfvrp_n030_m06_s05,30,6,0.100000,999,1189.858941,1691.583339,1359.017275,0.000000,,,0,1,,,,,0.062608,
tabu,hfvrp_n030_m06_s04,30,6,0.100000,9999,1256.850639,1621.522286,1419.002868,0.000000,,,0,1,,,,,0.109826,
tabu,hfvrp_n050_m10_s01,50,10,0.100000,75,2143.738450,5959.368348,2739.675285,0.000000,,,0,1,,,,,0.242536,
tabu,hfvrp_n030_m06_s03,30,6,0.100000,1787986777127030706,1297.057824,1784.057411,1475.463565,0.000000,,,0,1,,,,,0.087413,
tabu,hfvrp_n030_m06_s05,30,6,0.100000,1234,1189.858941,1691.583339,1359.017275,0.000000,,,0,1,,,,,0.060965,
tabu,hfvrp_n050_m10_s02,50,10,0.100000,10,2123.954496,8388.672424,2962.821738,0.000000,,,0,1,,,,,0.401106,
tabu,hfvrp_n030_m06_s04,30,6,0.100000,19345,1256.850639,1621.522286,1419.002868,0.000000,,,0,1,,,,,0.111436,
tabu,hfvrp_n050_m10_s04,50,10,0.100000,1787987296241241312,2173.917309,7683.519696,2942.269279,0.000000,,,0,1,,,,,0.240058,
tabu,hfvrp_n050_m10_s03,50,10,0.100000,1,1990.552633,5809.866147,2571.539248,0.000000,,,0,1,,,,,0.276807,
tabu,hfvrp_n030_m06_s05,30,6,0.100000,9999,1189.858941,1691.583339,1359.017275,0.000000,,,0,1,,,,,0.059708,
tabu,hfvrp_n050_m10_s01,50,10,0.100000,100,2143.738450,5959.368348,2739.675285,0.000000,,,0,1,,,,,0.241875,
tabu,hfvrp_n030_m06_s04,30,6,0.100000,1787987186723890119,1256.850639,1621.522286,1419.002868,0.000000,,,0,1,,,,,0.109509,
tabu,hfvrp_n030_m06_s05,30,6,0.100000,19345,1189.858941,1691.583339,1359.017275,0.000000,,,0,1,,,,,0.057172,
tabu,hfvrp_n050_m10_s02,50,10,0.100000,50,2123.954496,8388.672424,2962.821738,0.000000,,,0,1,,,,,0.402518,
tabu,hfvrp_n050_m10_s04,50,10,0.100000,1,2173.917309,7683.519696,2942.269279,0.000000,,,0,1,,,,,0.236726,
tabu,hfvrp_n050_m10_s05,50,10,0.100000,1787986464736595392,2146.399303,7389.931062,2885.392410,0.000000,,,0,1,,,,,0.206099,
tabu,hfvrp_n050_m10_s03,50,10,0.100000,10,1990.552633,5809.866147,2571.539248,0.000000,,,0,1,,,,,0.279261,
tabu,hfvrp_n050_m10_s01,50,10,0.100000,200,2143.738450,5959.368348,2739.675285,0.000000,,,0,1,,,,,0.245261,
tabu,hfvrp_n030_m06_s05,30,6,0.100000,1787986345526206779,1189.858941,1691.583339,1359.017275,0.000000,,,0,1,,,,,0.060942,
tabu,hfvrp_n050_m10_s02,50,10,0.100000,75,2123.954496,8388.672424,2962.821738,0.000000,,,0,1,,,,,0.404680,
tabu,hfvrp_n050_m10_s04,50,10,0.100000,10,2173.917309,7683.519696,2942.269279,0.000000,,,0,1,,,,,0.241468,
tabu,hfvrp_n050_m10_s05,50,10,0.100000,1,2146.399303,7389.931062,2885.392410,0.000000,,,0,1,,,,,0.207322,
tabu,hfvrp_n075_m15_s01,75,15,0.100000,1787986761619961416,3407.044051,5915.218016,3998.565852,0.000000,,,0,1,,,,,0.955442,
tabu,hfvrp_n050_m10_s03,50,10,0.100000,50,1990.552633,5809.866147,2571.539248,0.000000,,,0,1,,,,,0.310394,
tabu,hfvrp_n050_m10_s01,50,10,0.100000,999,2143.738450,5959.368348,2739.675285,0.000000,,,0,1,,,,,0.248092,
tabu,hfvrp_n050_m10_s02,50,10,0.100000,100,2123.954496,8388.672424,2962.821738,0.000000,,,0,1,,,,,0.403051,
tabu,hfvrp_n050_m10_s04,50,10,0.100000,50,2173.917309,7683.519696,2942.269279,0.000000,,,0,1,,,,,0.238052,
tabu,hfvrp_n050_m10_s05,50,10,0.100000,10,2146.399303,7389.931062,2885.392410,0.000000,,,0,1,,,,,0.207705,
tabu,hfvrp_n050_m10_s03,50,10,0.100000,75,1990.552633,5809.866147,2571.539248,0.000000,,,0,1,,,,,0.280995,
tabu,hfvrp_n050_m10_s01,50,10,0.100000,1234,2143.738450,5959.368348,2739.675285,0.000000,,,0,1,,,,,0.245639,
tabu,hfvrp_n075_m15_s01,75,15,0.100000,1,3407.044051,5915.218016,3998.565852,0.000000,,,0,1,,,,,0.947584,
tabu,hfvrp_n050_m10_s02,50,10,0.100000,200,2123.954496,8388.672424,2962.821738,0.000000,,,0,1,,,,,0.406340,
tabu,hfvrp_n050_m10_s04,50,10,0.100000,75,2173.917309,7683.519696,2942.269279,0.000000,,,0,1,,,,,0.239774,
tabu,hfvrp_n050_m10_s05,50,10,0.100000,50,2146.399303,7389.931062,2885.392410,0.000000,,,0,1,,,,,0.206200,
tabu,hfvrp_n050_m10_s03,50,10,0.100000,100,1990.552633,5809.866147,2571.539248,0.000000,,,0,1,,,,,0.278286,
tabu,hfvrp_n050_m10_s01,50,10,0.100000,9999,2143.738450,5959.368348,2739.675285,0.000000,,,0,1,,,,,0.241907,
tabu,hfvrp_n050_m10_s04,50,10,0.100000,100,2173.917309,7683.519696,2942.269279,0.000000,,,0,1,,,,,0.240616,
tabu,hfvrp_n050_m10_s05,50,10,0.100000,75,2146.399303,7389.931062,2885.392410,0.000000,,,0,1,,,,,0.210766,
tabu,hfvrp_n050_m10_s03,50,10,0.100000,200,1990.552633,5809.866147,2571.539248,0.000000,,,0,1,,,,,0.281356,
tabu,hfvrp_n050_m10_s02,50,10,0.100000,999,2123.954496,8388.672424,2962.821738,0.000000,,,0,1,,,,,0.405601,
tabu,hfvrp_n050_m10_s01,50,10,0.100000,19345,2143.738450,5959.368348,2739.675285,0.000000,,,0,1,,,,,0.245440,
tabu,hfvrp_n075_m15_s01,75,15,0.100000,10,3407.044051,5915.218016,3998.565852,0.000000,,,0,1,,,,,0.949278,
tabu,hfvrp_n050_m10_s04,50,10,0.100000,200,2173.917309,7683.519696,2942.269279,0.000000,,,0,1,,,,,0.239887,
tabu,hfvrp_n050_m10_s05,50,10,0.100000,100,2146.399303,7389.931062,2885.392410,0.000000,,,0,1,,,,,0.210809,
tabu,hfvrp_n050_m10_s03,50,10,0.100000,999,1990.552633,5809.866147,2571.539248,0.000000,,,0,1,,,,,0.284973,
tabu,hfvrp_n050_m10_s02,50,10,0.100000,1234,2123.954496,8388.672424,2962.821738,0.000000,,,0,1,,,,,0.404529,
tabu,hfvrp_n050_m10_s01,50,10,0.100000,1787989686058635418,2143.738450,5959.368348,2739.675285,0.000000,,,0,1,,,,,0.240200,
tabu,hfvrp_n050_m10_s04,50,10,0.100000,999,2173.917309,7683.519696,2942.269279,0.000000,,,0,1,,,,,0.241645,
tabu,hfvrp_n050_m10_s05,50,10,0.100000,200,2146.399303,7389.931062,2885.392410,0.000000,,,0,1,,,,,0.205394,
tabu,hfvrp_n050_m10_s03,50,10,0.100000,1234,1990.552633,5809.866147,2571.539248,0.000000,,,0,1,,,,,0.281299,
tabu,hfvrp_n075_m15_s01,75,15,0.100000,50,3407.044051,5915.218016,3998.565852,0.000000,,,0,1,,,,,0.957226,
tabu,hfvrp_n050_m10_s02,50,10,0.100000,9999,2123.954496,8388.672424,2962.821738,0.000000,,,0,1,,,,,0.402487,
tabu,hfvrp_n075_m15_s02,75,15,0.100000,1787989626915805029,3901.505956,9700.794519,4871.585408,0.000000,,,0,1,,,,,0.870894,
tabu,hfvrp_n050_m10_s04,50,10,0.100000,1234,2173.917309,7683.519696,2942.269279,0.000000,,,0,1,,,,,0.238702,
tabu,hfvrp_n050_m10_s05,50,10,0.100000,999,2146.399303,7389.931062,2885.392410,0.000000,,,0,1,,,,,0.207665,
tabu,hfvrp_n050_m10_s03,50,10,0.100000,9999,1990.552633,5809.866147,2571.539248,0.000000,,,0,1,,,,,0.277250,
tabu,hfvrp_n050_m10_s02,50,10,0.100000,19345,2123.954496,8388.672424,2962.821738,0.000000,,,0,1,,,,,0.401781,
tabu,hfvrp_n075_m15_s01,75,15,0.100000,75,3407.044051,5915.218016,3998.565852,0.000000,,,0,1,,,,,0.946412,
tabu,hfvrp_n075_m15_s02,75,15,0.100000,1,3901.505956,9700.794519,4871.585408,0.000000,,,0,1,,,,,0.881422,
tabu,hfvrp_n050_m10_s04,50,10,0.100000,9999,2173.917309,7683.519696,2942.269279,0.000000,,,0,1,,,,,0.235375,
tabu,hfvrp_n050_m10_s05,50,10,0.100000,1234,2146.399303,7389.931062,2885.392410,0.000000,,,0,1,,,,,0.207231,
tabu,hfvrp_n050_m10_s03,50,10,0.100000,19345,1990.552633,5809.866147,2571.539248,0.000000,,,0,1,,,,,0.279912,
tabu,hfvrp_n050_m10_s02,50,10,0.100000,1787989447702691372,2123.954496,8388.672424,2962.821738,0.000000,,,0,1,,,,,0.401574,
tabu,hfvrp_n050_m10_s04,50,10,0.100000,19345,2173.917309,7683.519696,2942.269279,0.000000,,,0,1,,,,,0.238623,
tabu,hfvrp_n050_m10_s05,50,10,0.100000,9999,2146.399303,7389.931062,2885.392410,0.000000,,,0,1,,,,,0.208158,
tabu,hfvrp_n050_m10_s03,50,10,0.100000,1787989027018022555,1990.552633,5809.866147,2571.539248,0.000000,,,0,1,,,,,0.282333,
tabu,hfvrp_n075_m15_s03,75,15,0.100000,1787989096789204618,3849.012873,10435.963793,4892.609252,0.000000,,,0,1,,,,,1.710746,
tabu,hfvrp_n075_m15_s01,75,15,0.100000,100,3407.044051,5915.218016,3998.565852,0.000000,,,0,1,,,,,0.944353,
tabu,hfvrp_n075_m15_s02,75,15,0.100000,10,3901.505956,9700.794519,4871.585408,0.000000,,,0,1,,,,,0.869258,
tabu,hfvrp_n050_m10_s04,50,10,0.100000,1787989133875942297,2173.917309,7683.519696,2942.269279,0.000000,,,0,1,,,,,0.235358,
tabu,hfvrp_n050_m10_s05,50,10,0.100000,19345,2146.399303,7389.931062,2885.392410,0.000000,,,0,1,,,,,0.204913,
tabu,hfvrp_n075_m15_s04,75,15,0.100000,1787988757724169612,3648.635557,8360.816392,4484.717196,0.000000,,,0,1,,,,,3.733363,
tabu,hfvrp_n075_m15_s03,75,15,0.100000,1,3849.012873,10435.963793,4892.609252,0.000000,,,0,1,,,,,1.717519,
tabu,hfvrp_n050_m10_s05,50,10,0.100000,1787988934077348640,2146.399303,7389.931062,2885.392410,0.000000,,,0,1,,,,,0.209976,
tabu,hfvrp_n075_m15_s05,75,15,0.100000,1787988748530069759,3556.177544,9121.272890,4468.304833,0.000000,,,0,1,,,,,1.369497,
tabu,hfvrp_n075_m15_s01,75,15,0.100000,200,3407.044051,5915.218016,3998.565852,0.000000,,,0,1,,,,,0.951389,
tabu,hfvrp_n075_m15_s02,75,15,0.100000,50,3901.505956,9700.794519,4871.585408,0.000000,,,0,1,,,,,0.878655,
tabu,hfvrp_n100_m20_s01,100,20,0.100000,1787988557314051542,5693.137299,15868.356728,7279.972972,0.000000,,,0,1,,,,,2.136839,
tabu,hfvrp_n075_m15_s04,75,15,0.100000,1,3648.635557,8360.816392,4484.717196,0.000000,,,0,1,,,,,3.724731,
tabu,hfvrp_n075_m15_s03,75,15,0.100000,10,3849.012873,10435.963793,4892.609252,0.000000,,,0,1,,,,,1.723098,
tabu,hfvrp_n075_m15_s01,75,15,0.100000,999,3407.044051,5915.218016,3998.565852,0.000000,,,0,1,,,,,0.953818,
tabu,hfvrp_n075_m15_s05,75,15,0.100000,1,3556.177544,9121.272890,4468.304833,0.000000,,,0,1,,,,,1.365188,
tabu,hfvrp_n075_m15_s02,75,15,0.100000,75,3901.505956,9700.794519,4871.585408,0.000000,,,0,1,,,,,0.873921,
tabu,hfvrp_n075_m15_s04,75,15,0.100000,10,3648.635557,8360.816392,4484.717196,0.000000,,,0,1,,,,,3.717687,
tabu,hfvrp_n075_m15_s01,75,15,0.100000,1234,3407.044051,5915.218016,3998.565852,0.000000,,,0,1,,,,,0.946896,
tabu,hfvrp_n075_m15_s05,75,15,0.100000,10,3556.177544,9121.272890,4468.304833,0.000000,,,0,1,,,,,1.364791,
tabu,hfvrp_n075_m15_s03,75,15,0.100000,50,3849.012873,10435.963793,4892.609252,0.000000,,,0,1,,,,,1.722212,
tabu,hfvrp_n100_m20_s01,100,20,0.100000,1,5693.137299,15868.356728,7279.972972,0.000000,,,0,1,,,,,2.137235,
tabu,hfvrp_n075_m15_s02,75,15,0.100000,100,3901.505956,9700.794519,4871.585408,0.000000,,,0,1,,,,,0.871926,
tabu,hfvrp_n075_m15_s04,75,15,0.100000,50,3648.635557,8360.816392,4484.717196,0.000000,,,0,1,,,,,3.983269,
tabu,hfvrp_n075_m15_s01,75,15,0.100000,9999,3407.044051,5915.218016,3998.565852,0.000000,,,0,1,,,,,0.950586,
tabu,hfvrp_n075_m15_s05,75,15,0.100000,50,3556.177544,9121.272890,4468.304833,0.000000,,,0,1,,,,,1.371424,
tabu,hfvrp_n075_m15_s03,75,15,0.100000,75,3849.012873,10435.963793,4892.609252,0.000000,,,0,1,,,,,1.714596,
tabu,hfvrp_n075_m15_s02,75,15,0.100000,200,3901.505956,9700.794519,4871.585408,0.000000,,,0,1,,,,,0.877398,
tabu,hfvrp_n100_m20_s01,100,20,0.100000,10,5693.137299,15868.356728,7279.972972,0.000000,,,0,1,,,,,2.136667,
tabu,hfvrp_n075_m15_s01,75,15,0.100000,19345,3407.044051,5915.218016,3998.565852,0.000000,,,0,1,,,,,0.948007,
tabu,hfvrp_n075_m15_s05,75,15,0.100000,75,3556.177544,9121.272890,4468.304833,0.000000,,,0,1,,,,,1.367510,
tabu,hfvrp_n075_m15_s04,75,15,0.100000,75,3648.635557,8360.816392,4484.717196,0.000000,,,0,1,,,,,3.750851,
tabu,hfvrp_n075_m15_s03,75,15,0.100000,100,3849.012873,10435.963793,4892.609252,0.000000,,,0,1,,,,,1.712461,
tabu,hfvrp_n075_m15_s02,75,15,0.100000,999,3901.505956,9700.794519,4871.585408,0.000000,,,0,1,,,,,0.873915,
tabu,hfvrp_n100_m20_s01,100,20,0.100000,50,5693.137299,15868.356728,7279.972972,0.000000,,,0,1,,,,,2.143390,
tabu,hfvrp_n075_m15_s01,75,15,0.100000,1787965884858821679,3407.044051,5915.218016,3998.565852,0.000000,,,0,1,,,,,0.944894,
tabu,hfvrp_n075_m15_s05,75,15,0.100000,100,3556.177544,9121.272890,4468.304833,0.000000,,,0,1,,,,,1.368932,
tabu,hfvrp_n075_m15_s03,75,15,0.100000,200,3849.012873,10435.963793,4892.609252,0.000000,,,0,1,,,,,1.719960,
tabu,hfvrp_n075_m15_s02,75,15,0.100000,1234,3901.505956,9700.794519,4871.585408,0.000000,,,0,1,,,,,0.877735,
tabu,hfvrp_n075_m15_s04,75,15,0.100000,100,3648.635557,8360.816392,4484.717196,0.000000,,,0,1,,,,,3.750090,
tabu,hfvrp_n100_m20_s02,100,20,0.100000,1787965585918827891,5070.830621,15979.637516,6668.794372,0.000000,,,0,1,,,,,2.373029,
tabu,hfvrp_n075_m15_s05,75,15,0.100000,200,3556.177544,9121.272890,4468.304833,0.000000,,,0,1,,,,,1.371477,
tabu,hfvrp_n075_m15_s02,75,15,0.100000,9999,3901.505956,9700.794519,4871.585408,0.000000,,,0,1,,,,,0.870299,
tabu,hfvrp_n075_m15_s03,75,15,0.100000,999,3849.012873,10435.963793,4892.609252,0.000000,,,0,1,,,,,1.715583,
tabu,hfvrp_n075_m15_s04,75,15,0.100000,200,3648.635557,8360.816392,4484.717196,0.000000,,,0,1,,,,,3.733827,
tabu,hfvrp_n100_m20_s01,100,20,0.100000,75,5693.137299,15868.356728,7279.972972,0.000000,,,0,1,,,,,2.139890,
tabu,hfvrp_n075_m15_s02,75,15,0.100000,19345,3901.505956,9700.794519,4871.585408,0.000000,,,0,1,,,,,0.876764,
tabu,hfvrp_n075_m15_s05,75,15,0.100000,999,3556.177544,9121.272890,4468.304833,0.000000,,,0,1,,,,,1.369156,
tabu,hfvrp_n075_m15_s03,75,15,0.100000,1234,3849.012873,10435.963793,4892.609252,0.000000,,,0,1,,,,,1.725059,
tabu,hfvrp_n075_m15_s04,75,15,0.100000,999,3648.635557,8360.816392,4484.717196,0.000000,,,0,1,,,,,3.760157,
tabu,hfvrp_n100_m20_s02,100,20,0.100000,1,5070.830621,15979.637516,6668.794372,0.000000,,,0,1,,,,,2.374977,
tabu,hfvrp_n100_m20_s01,100,20,0.100000,100,5693.137299,15868.356728,7279.972972,0.000000,,,0,1,,,,,2.142298,
tabu,hfvrp_n075_m15_s02,75,15,0.100000,1787965159219847527,3901.505956,9700.794519,4871.585408,0.000000,,,0,1,,,,,0.872667,
tabu,hfvrp_n075_m15_s05,75,15,0.100000,1234,3556.177544,9121.272890,4468.304833,0.000000,,,0,1,,,,,1.381014,
tabu,hfvrp_n075_m15_s03,75,15,0.100000,9999,3849.012873,10435.963793,4892.609252,0.000000,,,0,1,,,,,1.724929,
tabu,hfvrp_n075_m15_s04,75,15,0.100000,1234,3648.635557,8360.816392,4484.717196,0.000000,,,0,1,,,,,3.740976,
tabu,hfvrp_n100_m20_s02,100,20,0.100000,10,5070.830621,15979.637516,6668.794372,0.000000,,,0,1,,,,,2.374669,
tabu,hfvrp_n075_m15_s05,75,15,0.100000,9999,3556.177544,9121.272890,4468.304833,0.000000,,,0,1,,,,,1.369009,
tabu,hfvrp_n100_m20_s01,100,20,0.100000,200,5693.137299,15868.356728,7279.972972,0.000000,,,0,1,,,,,2.141677,
tabu,hfvrp_n100_m20_s03,100,20,0.100000,1787967935239548647,5697.679576,13107.201697,7008.399745,0.000000,,,0,1,,,,,2.909522,
tabu,hfvrp_n075_m15_s03,75,15,0.100000,19345,3849.012873,10435.963793,4892.609252,0.000000,,,0,1,,,,,1.722426,
tabu,hfvrp_n075_m15_s04,75,15,0.100000,9999,3648.635557,8360.816392,4484.717196,0.000000,,,0,1,,,,,3.769164,
tabu,hfvrp_n075_m15_s05,75,15,0.100000,19345,3556.177544,9121.272890,4468.304833,0.000000,,,0,1,,,,,1.360626,
tabu,hfvrp_n075_m15_s03,75,15,0.100000,1787968090820322897,3849.012873,10435.963793,4892.609252,0.000000,,,0,1,,,,,1.718170,
tabu,hfvrp_n100_m20_s02,100,20,0.100000,50,5070.830621,15979.637516,6668.794372,0.000000,,,0,1,,,,,2.372256,
tabu,hfvrp_n100_m20_s01,100,20,0.100000,999,5693.137299,15868.356728,7279.972972,0.000000,,,0,1,,,,,2.134443,
tabu,hfvrp_n100_m20_s03,100,20,0.100000,1,5697.679576,13107.201697,7008.399745,0.000000,,,0,1,,,,,2.896754,
tabu,hfvrp_n075_m15_s04,75,15,0.100000,19345,3648.635557,8360.816392,4484.717196,0.000000,,,0,1,,,,,3.731026,
tabu,hfvrp_n075_m15_s05,75,15,0.100000,1787968336208446234,3556.177544,9121.272890,4468.304833,0.000000,,,0,1,,,,,1.362720,
tabu,hfvrp_n100_m20_s04,100,20,0.100000,1787968450075044648,5105.177422,13885.080439,6493.685466,0.000000,,,0,1,,,,,3.433436,
tabu,hfvrp_n100_m20_s02,100,20,0.100000,75,5070.830621,15979.637516,6668.794372,0.000000,,,0,1,,,,,2.371910,
tabu,hfvrp_n075_m15_s04,75,15,0.100000,1787968386495708758,3648.635557,8360.816392,4484.717196,0.000000,,,0,1,,,,,3.749433,
tabu,hfvrp_n100_m20_s01,100,20,0.100000,1234,5693.137299,15868.356728,7279.972972,0.000000,,,0,1,,,,,2.139978,
tabu,hfvrp_n100_m20_s03,100,20,0.100000,10,5697.679576,13107.201697,7008.399745,0.000000,,,0,1,,,,,2.899871,
tabu,hfvrp_n100_m20_s05,100,20,0.100000,1787968502003544822,5357.377078,16788.828801,7036.259959,0.000000,,,0,1,,,,,2.106267,
tabu,hfvrp_n100_m20_s04,100,20,0.100000,1,5105.177422,13885.080439,6493.685466,0.000000,,,0,1,,,,,3.451623,
tabu,hfvrp_n100_m20_s02,100,20,0.100000,100,5070.830621,15979.637516,6668.794372,0.000000,,,0,1,,,,,2.372033,
tabu,hfvrp_n150_m30_s01,150,30,0.100000,1787964276953789667,9160.806015,33852.413306,12546.047346,0.000000,,,0,1,,,,,7.416553,
tabu,hfvrp_n100_m20_s01,100,20,0.100000,9999,5693.137299,15868.356728,7279.972972,0.000000,,,0,1,,,,,2.137648,
tabu,hfvrp_n100_m20_s03,100,20,0.100000,50,5697.679576,13107.201697,7008.399745,0.000000,,,0,1,,,,,2.902384,
tabu,hfvrp_n100_m20_s05,100,20,0.100000,1,5357.377078,16788.828801,7036.259959,0.000000,,,0,1,,,,,2.137501,
tabu,hfvrp_n100_m20_s04,100,20,0.100000,10,5105.177422,13885.080439,6493.685466,0.000000,,,0,1,,,,,3.443961,
tabu,hfvrp_n100_m20_s02,100,20,0.100000,200,5070.830621,15979.637516,6668.794372,0.000000,,,0,1,,,,,2.384601,
tabu,hfvrp_n100_m20_s01,100,20,0.100000,19345,5693.137299,15868.356728,7279.972972,0.000000,,,0,1,,,,,2.139179,
tabu,hfvrp_n100_m20_s03,100,20,0.100000,75,5697.679576,13107.201697,7008.399745,0.000000,,,0,1,,,,,2.992096,
tabu,hfvrp_n100_m20_s05,100,20,0.100000,10,5357.377078,16788.828801,7036.259959,0.000000,,,0,1,,,,,2.109896,
tabu,hfvrp_n100_m20_s04,100,20,0.100000,50,5105.177422,13885.080439,6493.685466,0.000000,,,0,1,,,,,3.430014,
tabu,hfvrp_n150_m30_s01,150,30,0.100000,1,9160.806015,33852.413306,12546.047346,0.000000,,,0,1,,,,,7.443209,
tabu,hfvrp_n100_m20_s02,100,20,0.100000,999,5070.830621,15979.637516,6668.794372,0.000000,,,0,1,,,,,2.377935,
tabu,hfvrp_n100_m20_s01,100,20,0.100000,1787964593546588480,5693.137299,15868.356728,7279.972972,0.000000,,,0,1,,,,,2.152278,
tabu,hfvrp_n100_m20_s03,100,20,0.100000,100,5697.679576,13107.201697,7008.399745,0.000000,,,0,1,,,,,2.907492,
tabu,hfvrp_n100_m20_s05,100,20,0.100000,50,5357.377078,16788.828801,7036.259959,0.000000,,,0,1,,,,,2.110177,
tabu,hfvrp_n100_m20_s04,100,20,0.100000,75,5105.177422,13885.080439,6493.685466,0.000000,,,0,1,,,,,3.445977,
tabu,hfvrp_n100_m20_s02,100,20,0.100000,1234,5070.830621,15979.637516,6668.794372,0.000000,,,0,1,,,,,2.400656,
tabu,hfvrp_n100_m20_s03,100,20,0.100000,200,5697.679576,13107.201697,7008.399745,0.000000,,,0,1,,,,,2.903666,
tabu,hfvrp_n100_m20_s05,100,20,0.100000,75,5357.377078,16788.828801,7036.259959,0.000000,,,0,1,,,,,2.111759,
tabu,hfvrp_n150_m30_s02,150,30,0.100000,1787964910615483446,9090.777299,25232.847552,11614.062054,0.000000,,,0,1,,,,,10.269678,
tabu,hfvrp_n150_m30_s01,150,30,0.100000,10,9160.806015,33852.413306,12546.047346,0.000000,,,0,1,,,,,7.414483,
tabu,hfvrp_n100_m20_s04,100,20,0.100000,100,5105.177422,13885.080439,6493.685466,0.000000,,,0,1,,,,,3.436517,
tabu,hfvrp_n100_m20_s02,100,20,0.100000,9999,5070.830621,15979.637516,6668.794372,0.000000,,,0,1,,,,,2.372395,
tabu,hfvrp_n100_m20_s03,100,20,0.100000,999,5697.679576,13107.201697,7008.399745,0.000000,,,0,1,,,,,2.903485,
tabu,hfvrp_n100_m20_s05,100,20,0.100000,100,5357.377078,16788.828801,7036.259959,0.000000,,,0,1,,,,,2.106916,
tabu,hfvrp_n100_m20_s04,100,20,0.100000,200,5105.177422,13885.080439,6493.685466,0.000000,,,0,1,,,,,3.434871,
tabu,hfvrp_n100_m20_s02,100,20,0.100000,19345,5070.830621,15979.637516,6668.794372,0.000000,,,0,1,,,,,2.372724,
tabu,hfvrp_n100_m20_s05,100,20,0.100000,200,5357.377078,16788.828801,7036.259959,0.000000,,,0,1,,,,,2.112296,
tabu,hfvrp_n100_m20_s03,100,20,0.100000,1234,5697.679576,13107.201697,7008.399745,0.000000,,,0,1,,,,,2.901547,
tabu,hfvrp_n150_m30_s02,150,30,0.100000,1,9090.777299,25232.847552,11614.062054,0.000000,,,0,1,,,,,10.333689,
tabu,hfvrp_n150_m30_s01,150,30,0.100000,50,9160.806015,33852.413306,12546.047346,0.000000,,,0,1,,,,,7.471236,
tabu,hfvrp_n100_m20_s04,100,20,0.100000,999,5105.177422,13885.080439,6493.685466,0.000000,,,0,1,,,,,3.440710,
tabu,hfvrp_n100_m20_s02,100,20,0.100000,1787965791706610656,5070.830621,15979.637516,6668.794372,0.000000,,,0,1,,,,,2.372103,
tabu,hfvrp_n100_m20_s05,100,20,0.100000,999,5357.377078,16788.828801,7036.259959,0.000000,,,0,1,,,,,2.107405,
tabu,hfvrp_n100_m20_s03,100,20,0.100000,9999,5697.679576,13107.201697,7008.399745,0.000000,,,0,1,,,,,2.900367,
tabu,hfvrp_n100_m20_s04,100,20,0.100000,1234,5105.177422,13885.080439,6493.685466,0.000000,,,0,1,,,,,3.443460,
tabu,hfvrp_n150_m30_s03,150,30,0.100000,1787965464624791175,9529.679109,29641.381476,12493.817257,0.000000,,,0,1,,,,,6.495325,
tabu,hfvrp_n100_m20_s05,100,20,0.100000,1234,5357.377078,16788.828801,7036.259959,0.000000,,,0,1,,,,,2.115591,
tabu,hfvrp_n100_m20_s03,100,20,0.100000,19345,5697.679576,13107.201697,7008.399745,0.000000,,,0,1,,,,,2.896002,
tabu,hfvrp_n150_m30_s02,150,30,0.100000,10,9090.777299,25232.847552,11614.062054,0.000000,,,0,1,,,,,10.223943,
tabu,hfvrp_n150_m30_s01,150,30,0.100000,75,9160.806015,33852.413306,12546.047346,0.000000,,,0,1,,,,,7.438701,
tabu,hfvrp_n100_m20_s04,100,20,0.100000,9999,5105.177422,13885.080439,6493.685466,0.000000,,,0,1,,,,,3.464144,
tabu,hfvrp_n100_m20_s05,100,20,0.100000,9999,5357.377078,16788.828801,7036.259959,0.000000,,,0,1,,,,,2.113893,
tabu,hfvrp_n100_m20_s03,100,20,0.100000,1787966287995958854,5697.679576,13107.201697,7008.399745,0.000000,,,0,1,,,,,2.901228,
tabu,hfvrp_n150_m30_s03,150,30,0.100000,1,9529.679109,29641.381476,12493.817257,0.000000,,,0,1,,,,,6.535769,
tabu,hfvrp_n100_m20_s04,100,20,0.100000,19345,5105.177422,13885.080439,6493.685466,0.000000,,,0,1,,,,,3.435517,
tabu,hfvrp_n100_m20_s05,100,20,0.100000,19345,5357.377078,16788.828801,7036.259959,0.000000,,,0,1,,,,,2.113155,
tabu,hfvrp_n150_m30_s02,150,30,0.100000,50,9090.777299,25232.847552,11614.062054,0.000000,,,0,1,,,,,10.291893,
tabu,hfvrp_n150_m30_s04,150,30,0.100000,1787966262038566295,9675.512748,29211.133474,12596.626095,0.000000,,,0,1,,,,,6.160179,
tabu,hfvrp_n150_m30_s01,150,30,0.100000,100,9160.806015,33852.413306,12546.047346,0.000000,,,0,1,,,,,7.411124,
tabu,hfvrp_n100_m20_s04,100,20,0.100000,1787966031636350612,5105.177422,13885.080439,6493.685466,0.000000,,,0,1,,,,,3.480301,
tabu,hfvrp_n100_m20_s05,100,20,0.100000,1787966141924997564,5357.377078,16788.828801,7036.259959,0.000000,,,0,1,,,,,2.107263,
tabu,hfvrp_n150_m30_s03,150,30,0.100000,10,9529.679109,29641.381476,12493.817257,0.000000,,,0,1,,,,,6.521990,
tabu,hfvrp_n150_m30_s05,150,30,0.100000,1787966001870034932,8901.412594,24131.250763,11314.537670,0.000000,,,0,1,,,,,6.580173,
tabu,hfvrp_n150_m30_s04,150,30,0.100000,1,9675.512748,29211.133474,12596.626095,0.000000,,,0,1,,,,,6.083589,
tabu,hfvrp_n150_m30_s02,150,30,0.100000,75,9090.777299,25232.847552,11614.062054,0.000000,,,0,1,,,,,10.342359,
tabu,hfvrp_n150_m30_s01,150,30,0.100000,200,9160.806015,33852.413306,12546.047346,0.000000,,,0,1,,,,,7.425882,
tabu,hfvrp_n200_m40_s01,200,40,0.100000,1787965943151603315,14579.728071,38619.450056,18441.673076,0.000000,,,0,1,,,,,31.483994,
tabu,hfvrp_n150_m30_s03,150,30,0.100000,50,9529.679109,29641.381476,12493.817257,0.000000,,,0,1,,,,,6.517155,
tabu,hfvrp_n150_m30_s05,150,30,0.100000,1,8901.412594,24131.250763,11314.537670,0.000000,,,0,1,,,,,6.609939,
tabu,hfvrp_n150_m30_s04,150,30,0.100000,10,9675.512748,29211.133474,12596.626095,0.000000,,,0,1,,,,,6.102483,
tabu,hfvrp_n150_m30_s02,150,30,0.100000,100,9090.777299,25232.847552,11614.062054,0.000000,,,0,1,,,,,10.294345,
tabu,hfvrp_n150_m30_s01,150,30,0.100000,999,9160.806015,33852.413306,12546.047346,0.000000,,,0,1,,,,,7.441944,
tabu,hfvrp_n150_m30_s03,150,30,0.100000,75,9529.679109,29641.381476,12493.817257,0.000000,,,0,1,,,,,6.587072,
tabu,hfvrp_n150_m30_s05,150,30,0.100000,10,8901.412594,24131.250763,11314.537670,0.000000,,,0,1,,,,,6.567742,
tabu,hfvrp_n150_m30_s04,150,30,0.100000,50,9675.512748,29211.133474,12596.626095,0.000000,,,0,1,,,,,6.065704,
tabu,hfvrp_n150_m30_s02,150,30,0.100000,200,9090.777299,25232.847552,11614.062054,0.000000,,,0,1,,,,,10.254678,
tabu,hfvrp_n150_m30_s01,150,30,0.100000,1234,9160.806015,33852.413306,12546.047346,0.000000,,,0,1,,,,,7.449354,
tabu,hfvrp_n200_m40_s01,200,40,0.100000,1,14579.728071,38619.450056,18441.673076,0.000000,,,0,1,,,,,31.573337,
tabu,hfvrp_n150_m30_s03,150,30,0.100000,100,9529.679109,29641.381476,12493.817257,0.000000,,,0,1,,,,,6.488492,
tabu,hfvrp_n150_m30_s05,150,30,0.100000,50,8901.412594,24131.250763,11314.537670,0.000000,,,0,1,,,,,6.559387,
tabu,hfvrp_n150_m30_s04,150,30,0.100000,75,9675.512748,29211.133474,12596.626095,0.000000,,,0,1,,,,,6.086838,
tabu,hfvrp_n150_m30_s01,150,30,0.100000,9999,9160.806015,33852.413306,12546.047346,0.000000,,,0,1,,,,,7.449691,
tabu,hfvrp_n150_m30_s02,150,30,0.100000,999,9090.777299,25232.847552,11614.062054,0.000000,,,0,1,,,,,10.236875,
tabu,hfvrp_n150_m30_s03,150,30,0.100000,200,9529.679109,29641.381476,12493.817257,0.000000,,,0,1,,,,,6.531263,
tabu,hfvrp_n150_m30_s05,150,30,0.100000,75,8901.412594,24131.250763,11314.537670,0.000000,,,0,1,,,,,6.571684,
tabu,hfvrp_n150_m30_s04,150,30,0.100000,100,9675.512748,29211.133474,12596.626095,0.000000,,,0,1,,,,,6.066780,
tabu,hfvrp_n150_m30_s01,150,30,0.100000,19345,9160.806015,33852.413306,12546.047346,0.000000,,,0,1,,,,,7.436486,
tabu,hfvrp_n150_m30_s02,150,30,0.100000,1234,9090.777299,25232.847552,11614.062054,0.000000,,,0,1,,,,,10.286765,
tabu,hfvrp_n150_m30_s03,150,30,0.100000,999,9529.679109,29641.381476,12493.817257,0.000000,,,0,1,,,,,6.538038,
tabu,hfvrp_n200_m40_s01,200,40,0.100000,10,14579.728071,38619.450056,18441.673076,0.000000,,,0,1,,,,,31.551570,
tabu,hfvrp_n150_m30_s05,150,30,0.100000,100,8901.412594,24131.250763,11314.537670,0.000000,,,0,1,,,,,6.574694,
tabu,hfvrp_n150_m30_s04,150,30,0.100000,200,9675.512748,29211.133474,12596.626095,0.000000,,,0,1,,,,,6.091785,
tabu,hfvrp_n150_m30_s01,150,30,0.100000,1787980009970397516,9160.806015,33852.413306,12546.047346,0.000000,,,0,1,,,,,7.436204,
tabu,hfvrp_n150_m30_s02,150,30,0.100000,9999,9090.777299,25232.847552,11614.062054,0.000000,,,0,1,,,,,10.267927,
tabu,hfvrp_n150_m30_s03,150,30,0.100000,1234,9529.679109,29641.381476,12493.817257,0.000000,,,0,1,,,,,6.525926,
tabu,hfvrp_n150_m30_s05,150,30,0.100000,200,8901.412594,24131.250763,11314.537670,0.000000,,,0,1,,,,,6.595356,
tabu,hfvrp_n150_m30_s04,150,30,0.100000,999,9675.512748,29211.133474,12596.626095,0.000000,,,0,1,,,,,6.130277,
tabu,hfvrp_n150_m30_s02,150,30,0.100000,19345,9090.777299,25232.847552,11614.062054,0.000000,,,0,1,,,,,10.248791,
tabu,hfvrp_n200_m40_s02,200,40,0.100000,1787981655385119875,14914.976273,32850.045045,18199.980777,0.000000,,,0,1,,,,,24.094794,
tabu,hfvrp_n150_m30_s03,150,30,0.100000,9999,9529.679109,29641.381476,12493.817257,0.000000,,,0,1,,,,,6.519894,
tabu,hfvrp_n200_m40_s01,200,40,0.100000,50,14579.728071,38619.450056,18441.673076,0.000000,,,0,1,,,,,31.634061,
tabu,hfvrp_n150_m30_s05,150,30,0.100000,999,8901.412594,24131.250763,11314.537670,0.000000,,,0,1,,,,,6.595264,
tabu,hfvrp_n150_m30_s04,150,30,0.100000,1234,9675.512748,29211.133474,12596.626095,0.000000,,,0,1,,,,,6.108452,
tabu,hfvrp_n150_m30_s02,150,30,0.100000,1787981461642074790,9090.777299,25232.847552,11614.062054,0.000000,,,0,1,,,,,10.264495,
tabu,hfvrp_n150_m30_s03,150,30,0.100000,19345,9529.679109,29641.381476,12493.817257,0.000000,,,0,1,,,,,6.538802,
tabu,hfvrp_n150_m30_s05,150,30,0.100000,1234,8901.412594,24131.250763,11314.537670,0.000000,,,0,1,,,,,6.554633,
tabu,hfvrp_n150_m30_s04,150,30,0.100000,9999,9675.512748,29211.133474,12596.626095,0.000000,,,0,1,,,,,6.083866,
tabu,hfvrp_n200_m40_s02,200,40,0.100000,1,14914.976273,32850.045045,18199.980777,0.000000,,,0,1,,,,,24.213297,
tabu,hfvrp_n150_m30_s03,150,30,0.100000,1787981213458562138,9529.679109,29641.381476,12493.817257,0.000000,,,0,1,,,,,6.496121,
tabu,hfvrp_n200_m40_s03,200,40,0.100000,1787981315091068115,14572.765855,43819.023045,18954.668160,0.000000,,,0,1,,,,,22.415011,
tabu,hfvrp_n150_m30_s05,150,30,0.100000,9999,8901.412594,24131.250763,11314.537670,0.000000,,,0,1,,,,,6.548166,
tabu,hfvrp_n150_m30_s04,150,30,0.100000,19345,9675.512748,29211.133474,12596.626095,0.000000,,,0,1,,,,,6.098665,
tabu,hfvrp_n200_m40_s01,200,40,0.100000,75,14579.728071,38619.450056,18441.673076,0.000000,,,0,1,,,,,31.532964,
tabu,hfvrp_n150_m30_s05,150,30,0.100000,19345,8901.412594,24131.250763,11314.537670,0.000000,,,0,1,,,,,6.571732,
tabu,hfvrp_n150_m30_s04,150,30,0.100000,1787980386866255854,9675.512748,29211.133474,12596.626095,0.000000,,,0,1,,,,,6.118628,
tabu,hfvrp_n200_m40_s04,200,40,0.100000,1787980385026511524,16286.133054,26747.750614,18960.908116,0.000000,,,0,1,,,,,32.900981,
tabu,hfvrp_n200_m40_s02,200,40,0.100000,10,14914.976273,32850.045045,18199.980777,0.000000,,,0,1,,,,,24.106019,
tabu,hfvrp_n200_m40_s03,200,40,0.100000,1,14572.765855,43819.023045,18954.668160,0.000000,,,0,1,,,,,22.433727,
tabu,hfvrp_n150_m30_s05,150,30,0.100000,1787980482574803380,8901.412594,24131.250763,11314.537670,0.000000,,,0,1,,,,,6.575275,
tabu,hfvrp_n200_m40_s05,200,40,0.100000,1787980672768334680,15488.148319,33423.693319,18830.517651,0.000000,,,0,1,,,,,22.164588,
tabu,hfvrp_n200_m40_s01,200,40,0.100000,100,14579.728071,38619.450056,18441.673076,0.000000,,,0,1,,,,,31.602469,
tabu,augerat_A_n32_k5,31,8,0.100000,1787978681145849653,8241.874000,1758.412871,8417.715287,0.000000,,,0,1,,,,,0.074791,
tabu,augerat_A_n32_k5,31,8,0.100000,1,8241.874000,1758.412871,8417.715287,0.000000,,,0,1,,,,,0.072648,
tabu,augerat_A_n32_k5,31,8,0.100000,10,8241.874000,1758.412871,8417.715287,0.000000,,,0,1,,,,,0.073168,
tabu,augerat_A_n32_k5,31,8,0.100000,50,8241.874000,1758.412871,8417.715287,0.000000,,,0,1,,,,,0.072256,
tabu,augerat_A_n32_k5,31,8,0.100000,75,8241.874000,1758.412871,8417.715287,0.000000,,,0,1,,,,,0.076895,
tabu,hfvrp_n200_m40_s04,200,40,0.100000,1,16286.133054,26747.750614,18960.908116,0.000000,,,0,1,,,,,32.487851,
tabu,augerat_A_n32_k5,31,8,0.100000,100,8241.874000,1758.412871,8417.715287,0.000000,,,0,1,,,,,0.076921,
tabu,augerat_A_n32_k5,31,8,0.100000,200,8241.874000,1758.412871,8417.715287,0.000000,,,0,1,,,,,0.076590,
tabu,hfvrp_n200_m40_s02,200,40,0.100000,50,14914.976273,32850.045045,18199.980777,0.000000,,,0,1,,,,,24.069451,
tabu,augerat_A_n32_k5,31,8,0.100000,999,8241.874000,1758.412871,8417.715287,0.000000,,,0,1,,,,,0.076763,
tabu,augerat_A_n32_k5,31,8,0.100000,1234,8241.874000,1758.412871,8417.715287,0.000000,,,0,1,,,,,0.072671,
tabu,hfvrp_n200_m40_s03,200,40,0.100000,10,14572.765855,43819.023045,18954.668160,0.000000,,,0,1,,,,,22.424545,
tabu,augerat_A_n32_k5,31,8,0.100000,9999,8241.874000,1758.412871,8417.715287,0.000000,,,0,1,,,,,0.076188,
tabu,augerat_A_n32_k5,31,8,0.100000,19345,8241.874000,1758.412871,8417.715287,0.000000,,,0,1,,,,,0.073103,
tabu,hfvrp_n200_m40_s05,200,40,0.100000,1,15488.148319,33423.693319,18830.517651,0.000000,,,0,1,,,,,22.216817,
tabu,augerat_A_n32_k5,31,8,0.100000,1787978809899233938,8241.874000,1758.412871,8417.715287,0.000000,,,0,1,,,,,0.072821,
tabu,augerat_A_n37_k5,36,8,0.100000,1787979316685903912,8028.081793,936.382144,8121.720007,0.000000,,,0,1,,,,,0.146289,
tabu,hfvrp_n200_m40_s01,200,40,0.100000,200,14579.728071,38619.450056,18441.673076,0.000000,,,0,1,,,,,31.509081,
tabu,augerat_A_n37_k5,36,8,0.100000,1,8028.081793,936.382144,8121.720007,0.000000,,,0,1,,,,,0.149184,
tabu,augerat_A_n37_k5,36,8,0.100000,10,8028.081793,936.382144,8121.720007,0.000000,,,0,1,,,,,0.143272,
tabu,augerat_A_n37_k5,36,8,0.100000,50,8028.081793,936.382144,8121.720007,0.000000,,,0,1,,,,,0.145867,
tabu,augerat_A_n37_k5,36,8,0.100000,75,8028.081793,936.382144,8121.720007,0.000000,,,0,1,,,,,0.146842,
tabu,augerat_A_n37_k5,36,8,0.100000,100,8028.081793,936.382144,8121.720007,0.000000,,,0,1,,,,,0.146789,
tabu,augerat_A_n37_k5,36,8,0.100000,200,8028.081793,936.382144,8121.720007,0.000000,,,0,1,,,,,0.146053,
tabu,augerat_A_n37_k5,36,8,0.100000,999,8028.081793,936.382144,8121.720007,0.000000,,,0,1,,,,,0.145815,
tabu,hfvrp_n200_m40_s04,200,40,0.100000,10,16286.133054,26747.750614,18960.908116,0.000000,,,0,1,,,,,32.622078,
tabu,augerat_A_n37_k5,36,8,0.100000,1234,8028.081793,936.382144,8121.720007,0.000000,,,0,1,,,,,0.145483,
tabu,hfvrp_n200_m40_s02,200,40,0.100000,75,14914.976273,32850.045045,18199.980777,0.000000,,,0,1,,,,,24.104927,
tabu,augerat_A_n37_k5,36,8,0.100000,9999,8028.081793,936.382144,8121.720007,0.000000,,,0,1,,,,,0.144388,
tabu,hfvrp_n200_m40_s03,200,40,0.100000,50,14572.765855,43819.023045,18954.668160,0.000000,,,0,1,,,,,22.371029,
tabu,augerat_A_n37_k5,36,8,0.100000,19345,8028.081793,936.382144,8121.720007,0.000000,,,0,1,,,,,0.144231,
tabu,augerat_A_n37_k5,36,8,0.100000,1787977839305206611,8028.081793,936.382144,8121.720007,0.000000,,,0,1,,,,,0.142070,
tabu,hfvrp_n200_m40_s05,200,40,0.100000,10,15488.148319,33423.693319,18830.517651,0.000000,,,0,1,,,,,22.255903,
tabu,augerat_A_n45_k6,44,8,0.100000,1787977939668118082,11279.679187,975.825436,11377.261731,0.000000,,,0,1,,,,,0.205558,
tabu,augerat_A_n45_k6,44,8,0.100000,1,11279.679187,975.825436,11377.261731,0.000000,,,0,1,,,,,0.206186,
tabu,hfvrp_n200_m40_s01,200,40,0.100000,999,14579.728071,38619.450056,18441.673076,0.000000,,,0,1,,,,,31.772387,
tabu,augerat_A_n45_k6,44,8,0.100000,10,11279.679187,975.825436,11377.261731,0.000000,,,0,1,,,,,0.207084,
tabu,augerat_A_n45_k6,44,8,0.100000,50,11279.679187,975.825436,11377.261731,0.000000,,,0,1,,,,,0.207251,
tabu,augerat_A_n45_k6,44,8,0.100000,75,11279.679187,975.825436,11377.261731,0.000000,,,0,1,,,,,0.205715,
tabu,augerat_A_n45_k6,44,8,0.100000,100,11279.679187,975.825436,11377.261731,0.000000,,,0,1,,,,,0.203142,
tabu,augerat_A_n45_k6,44,8,0.100000,200,11279.679187,975.825436,11377.261731,0.000000,,,0,1,,,,,0.205514,
tabu,augerat_A_n45_k6,44,8,0.100000,999,11279.679187,975.825436,11377.261731,0.000000,,,0,1,,,,,0.205661,
tabu,hfvrp_n200_m40_s04,200,40,0.100000,50,16286.133054,26747.750614,18960.908116,0.000000,,,0,1,,,,,32.690675,
tabu,hfvrp_n200_m40_s02,200,40,0.100000,100,14914.976273,32850.045045,18199.980777,0.000000,,,0,1,,,,,23.991976,
tabu,augerat_A_n45_k6,44,8,0.100000,1234,11279.679187,975.825436,11377.261731,0.000000,,,0,1,,,,,0.202672,
tabu,hfvrp_n200_m40_s03,200,40,0.100000,75,14572.765855,43819.023045,18954.668160,0.000000,,,0,1,,,,,22.449821,
tabu,augerat_A_n45_k6,44,8,0.100000,9999,11279.679187,975.825436,11377.261731,0.000000,,,0,1,,,,,0.204564,
tabu,hfvrp_n200_m40_s05,200,40,0.100000,50,15488.148319,33423.693319,18830.517651,0.000000,,,0,1,,,,,22.223533,
tabu,augerat_A_n45_k6,44,8,0.100000,19345,11279.679187,975.825436,11377.261731,0.000000,,,0,1,,,,,0.203251,
tabu,augerat_A_n45_k6,44,8,0.100000,1787978345409615915,11279.679187,975.825436,11377.261731,0.000000,,,0,1,,,,,0.204796,
tabu,augerat_A_n54_k7,53,8,0.100000,1787978315162377143,12329.707000,2892.794700,12618.986470,0.000000,,,0,1,,,,,0.313654,
tabu,hfvrp_n200_m40_s01,200,40,0.100000,1234,14579.728071,38619.450056,18441.673076,0.000000,,,0,1,,,,,31.588649,
tabu,augerat_A_n54_k7,53,8,0.100000,1,12329.707000,2892.794700,12618.986470,0.000000,,,0,1,,,,,0.315845,
tabu,augerat_A_n54_k7,53,8,0.100000,10,12329.707000,2892.794700,12618.986470,0.000000,,,0,1,,,,,0.316557,
tabu,augerat_A_n54_k7,53,8,0.100000,50,12329.707000,2892.794700,12618.986470,0.000000,,,0,1,,,,,0.315461,
tabu,augerat_A_n54_k7,53,8,0.100000,75,12329.707000,2892.794700,12618.986470,0.000000,,,0,1,,,,,0.315676,
tabu,hfvrp_n200_m40_s04,200,40,0.100000,75,16286.133054,26747.750614,18960.908116,0.000000,,,0,1,,,,,32.623283,
tabu,augerat_A_n54_k7,53,8,0.100000,100,12329.707000,2892.794700,12618.986470,0.000000,,,0,1,,,,,0.314729,
tabu,hfvrp_n200_m40_s03,200,40,0.100000,100,14572.765855,43819.023045,18954.668160,0.000000,,,0,1,,,,,22.371286,
tabu,hfvrp_n200_m40_s02,200,40,0.100000,200,14914.976273,32850.045045,18199.980777,0.000000,,,0,1,,,,,24.078951,
tabu,augerat_A_n54_k7,53,8,0.100000,200,12329.707000,2892.794700,12618.986470,0.000000,,,0,1,,,,,0.314846,
tabu,hfvrp_n200_m40_s05,200,40,0.100000,75,15488.148319,33423.693319,18830.517651,0.000000,,,0,1,,,,,22.374337,
tabu,augerat_A_n54_k7,53,8,0.100000,999,12329.707000,2892.794700,12618.986470,0.000000,,,0,1,,,,,0.314683,
tabu,augerat_A_n54_k7,53,8,0.100000,1234,12329.707000,2892.794700,12618.986470,0.000000,,,0,1,,,,,0.315145,
tabu,augerat_A_n54_k7,53,8,0.100000,9999,12329.707000,2892.794700,12618.986470,0.000000,,,0,1,,,,,0.310138,
tabu,hfvrp_n200_m40_s01,200,40,0.100000,9999,14579.728071,38619.450056,18441.673076,0.000000,,,0,1,,,,,31.482190,
tabu,augerat_A_n54_k7,53,8,0.100000,19345,12329.707000,2892.794700,12618.986470,0.000000,,,0,1,,,,,0.310603,
tabu,augerat_A_n54_k7,53,8,0.100000,1787976991533154281,12329.707000,2892.794700,12618.986470,0.000000,,,0,1,,,,,0.311990,
tabu,augerat_A_n60_k9,59,10,0.100000,1787977342141104530,14990.488928,2561.220326,15246.610961,0.000000,,,0,1,,,,,0.457695,
tabu,augerat_A_n60_k9,59,10,0.100000,1,14990.488928,2561.220326,15246.610961,0.000000,,,0,1,,,,,0.462731,
tabu,hfvrp_n200_m40_s03,200,40,0.100000,200,14572.765855,43819.023045,18954.668160,0.000000,,,0,1,,,,,22.449280,
tabu,hfvrp_n200_m40_s02,200,40,0.100000,999,14914.976273,32850.045045,18199.980777,0.000000,,,0,1,,,,,24.048584,
tabu,hfvrp_n200_m40_s04,200,40,0.100000,100,16286.133054,26747.750614,18960.908116,0.000000,,,0,1,,,,,32.609015,
tabu,augerat_A_n60_k9,59,10,0.100000,10,14990.488928,2561.220326,15246.610961,0.000000,,,0,1,,,,,0.464280,
tabu,hfvrp_n200_m40_s05,200,40,0.100000,100,15488.148319,33423.693319,18830.517651,0.000000,,,0,1,,,,,22.243934,
tabu,augerat_A_n60_k9,59,10,0.100000,50,14990.488928,2561.220326,15246.610961,0.000000,,,0,1,,,,,0.461942,
tabu,augerat_A_n60_k9,59,10,0.100000,75,14990.488928,2561.220326,15246.610961,0.000000,,,0,1,,,,,0.460772,
tabu,augerat_A_n60_k9,59,10,0.100000,100,14990.488928,2561.220326,15246.610961,0.000000,,,0,1,,,,,0.456577,
tabu,hfvrp_n200_m40_s01,200,40,0.100000,19345,14579.728071,38619.450056,18441.673076,0.000000,,,0,1,,,,,31.803538,
tabu,augerat_A_n60_k9,59,10,0.100000,200,14990.488928,2561.220326,15246.610961,0.000000,,,0,1,,,,,0.459161,
tabu,augerat_A_n60_k9,59,10,0.100000,999,14990.488928,2561.220326,15246.610961,0.000000,,,0,1,,,,,0.461593,
tabu,augerat_A_n60_k9,59,10,0.100000,1234,14990.488928,2561.220326,15246.610961,0.000000,,,0,1,,,,,0.457410,
tabu,hfvrp_n200_m40_s03,200,40,0.100000,999,14572.765855,43819.023045,18954.668160,0.000000,,,0,1,,,,,22.472407,
tabu,hfvrp_n200_m40_s02,200,40,0.100000,1234,14914.976273,32850.045045,18199.980777,0.000000,,,0,1,,,,,24.228978,
tabu,augerat_A_n60_k9,59,10,0.100000,9999,14990.488928,2561.220326,15246.610961,0.000000,,,0,1,,,,,0.460136,
tabu,hfvrp_n200_m40_s05,200,40,0.100000,200,15488.148319,33423.693319,18830.517651,0.000000,,,0,1,,,,,22.444944,
tabu,hfvrp_n200_m40_s04,200,40,0.100000,200,16286.133054,26747.750614,18960.908116,0.000000,,,0,1,,,,,32.720516,
tabu,augerat_A_n60_k9,59,10,0.100000,19345,14990.488928,2561.220326,15246.610961,0.000000,,,0,1,,,,,0.481688,
tabu,augerat_A_n60_k9,59,10,0.100000,1787976580512112113,14990.488928,2561.220326,15246.610961,0.000000,,,0,1,,,,,0.459039,
tabu,augerat_A_n80_k10,79,11,0.100000,1787976138849259970,17021.652884,4522.276938,17473.880578,0.000000,,,0,1,,,,,1.036167,
tabu,hfvrp_n200_m40_s01,200,40,0.100000,1787976481580931439,14579.728071,38619.450056,18441.673076,0.000000,,,0,1,,,,,31.726953,
tabu,augerat_A_n80_k10,79,11,0.100000,1,17021.652884,4522.276938,17473.880578,0.000000,,,0,1,,,,,1.042794,
tabu,augerat_A_n80_k10,79,11,0.100000,10,17021.652884,4522.276938,17473.880578,0.000000,,,0,1,,,,,1.036096,
tabu,hfvrp_n200_m40_s03,200,40,0.100000,1234,14572.765855,43819.023045,18954.668160,0.000000,,,0,1,,,,,22.537282,
tabu,hfvrp_n200_m40_s02,200,40,0.100000,9999,14914.976273,32850.045045,18199.980777,0.000000,,,0,1,,,,,24.085505,
tabu,augerat_A_n80_k10,79,11,0.100000,50,17021.652884,4522.276938,17473.880578,0.000000,,,0,1,,,,,1.033015,
tabu,hfvrp_n200_m40_s05,200,40,0.100000,999,15488.148319,33423.693319,18830.517651,0.000000,,,0,1,,,,,22.248927,
tabu,augerat_A_n80_k10,79,11,0.100000,75,17021.652884,4522.276938,17473.880578,0.000000,,,0,1,,,,,1.034018,
tabu,hfvrp_n200_m40_s04,200,40,0.100000,999,16286.133054,26747.750614,18960.908116,0.000000,,,0,1,,,,,32.524287,
tabu,augerat_A_n80_k10,79,11,0.100000,100,17021.652884,4522.276938,17473.880578,0.000000,,,0,1,,,,,1.043699,
tabu,pyvrp_X101_FSMFD,100,26,0.100000,1787975880377946660,3667525.034676,33109.902689,3670836.024945,0.000000,,,0,1,,,,,3.498624,
tabu,augerat_A_n80_k10,79,11,0.100000,200,17021.652884,4522.276938,17473.880578,0.000000,,,0,1,,,,,1.029979,
tabu,pyvrp_X101_FSMFD,100,26,0.100000,1,3667525.034676,33109.902689,3670836.024945,0.000000,,,0,1,,,,,3.534582,
tabu,augerat_A_n80_k10,79,11,0.100000,999,17021.652884,4522.276938,17473.880578,0.000000,,,0,1,,,,,1.033779,
tabu,hfvrp_n200_m40_s03,200,40,0.100000,9999,14572.765855,43819.023045,18954.668160,0.000000,,,0,1,,,,,22.522913,
tabu,augerat_A_n80_k10,79,11,0.100000,1234,17021.652884,4522.276938,17473.880578,0.000000,,,0,1,,,,,1.032850,
tabu,hfvrp_n200_m40_s02,200,40,0.100000,19345,14914.976273,32850.045045,18199.980777,0.000000,,,0,1,,,,,24.068042,
tabu,hfvrp_n200_m40_s05,200,40,0.100000,1234,15488.148319,33423.693319,18830.517651,0.000000,,,0,1,,,,,22.199382,
tabu,pyvrp_X101_FSMFD,100,26,0.100000,10,3667525.034676,33109.902689,3670836.024945,0.000000,,,0,1,,,,,3.501084,
tabu,augerat_A_n80_k10,79,11,0.100000,9999,17021.652884,4522.276938,17473.880578,0.000000,,,0,1,,,,,1.044447,
tabu,hfvrp_n200_m40_s04,200,40,0.100000,1234,16286.133054,26747.750614,18960.908116,0.000000,,,0,1,,,,,32.584261,
tabu,pyvrp_X101_FSMFD,100,26,0.100000,50,3667525.034676,33109.902689,3670836.024945,0.000000,,,0,1,,,,,3.500214,
tabu,augerat_A_n80_k10,79,11,0.100000,19345,17021.652884,4522.276938,17473.880578,0.000000,,,0,1,,,,,1.034054,
tabu,augerat_A_n80_k10,79,11,0.100000,1787970687484192414,17021.652884,4522.276938,17473.880578,0.000000,,,0,1,,,,,1.033603,
tabu,pyvrp_X101_FSMFD,100,26,0.100000,75,3667525.034676,33109.902689,3670836.024945,0.000000,,,0,1,,,,,3.501686,
tabu,pyvrp_X106_FSMD,105,16,0.100000,1787970832545565482,3714937.400323,60271.807118,3720964.581035,0.000000,,,0,1,,,,,2.544678,
tabu,pyvrp_X101_FSMFD,100,26,0.100000,100,3667525.034676,33109.902689,3670836.024945,0.000000,,,0,1,,,,,3.495340,
tabu,hfvrp_n200_m40_s03,200,40,0.100000,19345,14572.765855,43819.023045,18954.668160,0.000000,,,0,1,,,,,22.470542,
tabu,hfvrp_n200_m40_s02,200,40,0.100000,1787970768696186141,14914.976273,32850.045045,18199.980777,0.000000,,,0,1,,,,,24.014068,
tabu,hfvrp_n200_m40_s05,200,40,0.100000,9999,15488.148319,33423.693319,18830.517651,0.000000,,,0,1,,,,,22.302571,
tabu,pyvrp_X106_FSMD,105,16,0.100000,1,3714937.400323,60271.807118,3720964.581035,0.000000,,,0,1,,,,,2.553684,
tabu,pyvrp_X101_FSMFD,100,26,0.100000,200,3667525.034676,33109.902689,3670836.024945,0.000000,,,0,1,,,,,3.524640,
tabu,pyvrp_X106_FSMD,105,16,0.100000,10,3714937.400323,60271.807118,3720964.581035,0.000000,,,0,1,,,,,2.547388,
tabu,hfvrp_n200_m40_s04,200,40,0.100000,9999,16286.133054,26747.750614,18960.908116,0.000000,,,0,1,,,,,32.682812,
tabu,pyvrp_X101_FSMFD,100,26,0.100000,999,3667525.034676,33109.902689,3670836.024945,0.000000,,,0,1,,,,,3.508017,
tabu,pyvrp_X106_FSMD,105,16,0.100000,50,3714937.400323,60271.807118,3720964.581035,0.000000,,,0,1,,,,,2.549926,
tabu,pyvrp_X101_FSMFD,100,26,0.100000,1234,3667525.034676,33109.902689,3670836.024945,0.000000,,,0,1,,,,,3.497750,
tabu,pyvrp_X110_HD,109,13,0.100000,1787972962757682446,1895213.871747,34620.497553,1898675.921502,0.000000,,,0,1,,,,,2.656234,
tabu,pyvrp_X106_FSMD,105,16,0.100000,75,3714937.400323,60271.807118,3720964.581035,0.000000,,,0,1,,,,,2.546950,
tabu,hfvrp_n200_m40_s03,200,40,0.100000,1787972500153163271,14572.765855,43819.023045,18954.668160,0.000000,,,0,1,,,,,22.479173,
tabu,hfvrp_n200_m40_s05,200,40,0.100000,19345,15488.148319,33423.693319,18830.517651,0.000000,,,0,1,,,,,22.277177,
tabu,pyvrp_X101_FSMFD,100,26,0.100000,9999,3667525.034676,33109.902689,3670836.024945,0.000000,,,0,1,,,,,3.495270,
tabu,pyvrp_X110_HD,109,13,0.100000,1,1895213.871747,34620.497553,1898675.921502,0.000000,,,0,1,,,,,2.654884,
tabu,pyvrp_X106_FSMD,105,16,0.100000,100,3714937.400323,60271.807118,3720964.581035,0.000000,,,0,1,,,,,2.536622,
tabu,pyvrp_X101_FSMFD,100,26,0.100000,19345,3667525.034676,33109.902689,3670836.024945,0.000000,,,0,1,,,,,3.506809,
tabu,pyvrp_X106_FSMD,105,16,0.100000,200,3714937.400323,60271.807118,3720964.581035,0.000000,,,0,1,,,,,2.548345,
tabu,pyvrp_X110_HD,109,13,0.100000,10,1895213.871747,34620.497553,1898675.921502,0.000000,,,0,1,,,,,2.651314,
tabu,hfvrp_n200_m40_s04,200,40,0.100000,19345,16286.133054,26747.750614,18960.908116,0.000000,,,0,1,,,,,32.569083,
tabu,pyvrp_X106_FSMD,105,16,0.100000,999,3714937.400323,60271.807118,3720964.581035,0.000000,,,0,1,,,,,2.542028,
tabu,pyvrp_X101_FSMFD,100,26,0.100000,1787955985243685243,3667525.034676,33109.902689,3670836.024945,0.000000,,,0,1,,,,,3.491547,
tabu,pyvrp_X110_HD,109,13,0.100000,50,1895213.871747,34620.497553,1898675.921502,0.000000,,,0,1,,,,,2.648224,
tabu,pyvrp_X115_HVRP,114,18,0.100000,1787955575814889355,2070554.157087,46094.928455,2075163.649933,0.000000,,,0,0,,,,,2.484671,
tabu,pyvrp_X106_FSMD,105,16,0.100000,1234,3714937.400323,60271.807118,3720964.581035,0.000000,,,0,1,,,,,2.558967,
tabu,pyvrp_X120_FSMF,119,12,0.100000,1787955696158541128,3185104.723963,90157.997148,3194120.523678,0.000000,,,0,1,,,,,1.810349,
tabu,pyvrp_X110_HD,109,13,0.100000,75,1895213.871747,34620.497553,1898675.921502,0.000000,,,0,1,,,,,2.670557,
tabu,hfvrp_n200_m40_s05,200,40,0.100000,1787955487338735346,15488.148319,33423.693319,18830.517651,0.000000,,,0,1,,,,,22.190396,
tabu,pyvrp_X115_HVRP,114,18,0.100000,1,2070554.157087,46094.928455,2075163.649933,0.000000,,,0,0,,,,,2.487178,
tabu,pyvrp_X106_FSMD,105,16,0.100000,9999,3714937.400323,60271.807118,3720964.581035,0.000000,,,0,1,,,,,2.537606,
tabu,pyvrp_X120_FSMF,119,12,0.100000,1,3185104.723963,90157.997148,3194120.523678,0.000000,,,0,1,,,,,1.814519,
tabu,pyvrp_X110_HD,109,13,0.100000,100,1895213.871747,34620.497553,1898675.921502,0.000000,,,0,1,,,,,2.653767,
tabu,pyvrp_X115_HVRP,114,18,0.100000,10,2070554.157087,46094.928455,2075163.649933,0.000000,,,0,0,,,,,2.479954,
tabu,pyvrp_X106_FSMD,105,16,0.100000,19345,3714937.400323,60271.807118,3720964.581035,0.000000,,,0,1,,,,,2.553532,
tabu,pyvrp_X120_FSMF,119,12,0.100000,10,3185104.723963,90157.997148,3194120.523678,0.000000,,,0,1,,,,,1.813680,
tabu,pyvrp_X110_HD,109,13,0.100000,200,1895213.871747,34620.497553,1898675.921502,0.000000,,,0,1,,,,,2.648968,
tabu,hfvrp_n200_m40_s04,200,40,0.100000,1787956497999214770,16286.133054,26747.750614,18960.908116,0.000000,,,0,1,,,,,32.640646,
tabu,pyvrp_X115_HVRP,114,18,0.100000,50,2070554.157087,46094.928455,2075163.649933,0.000000,,,0,0,,,,,2.486279,
tabu,pyvrp_X106_FSMD,105,16,0.100000,1787956239614043470,3714937.400323,60271.807118,3720964.581035,0.000000,,,0,1,,,,,2.583707,
tabu,pyvrp_X120_FSMF,119,12,0.100000,50,3185104.723963,90157.997148,3194120.523678,0.000000,,,0,1,,,,,1.812057,
tabu,pyvrp_X110_HD,109,13,0.100000,999,1895213.871747,34620.497553,1898675.921502,0.000000,,,0,1,,,,,2.658851,
tabu,pyvrp_X115_HVRP,114,18,0.100000,75,2070554.157087,46094.928455,2075163.649933,0.000000,,,0,0,,,,,2.491788,
tabu,pyvrp_X120_FSMF,119,12,0.100000,75,3185104.723963,90157.997148,3194120.523678,0.000000,,,0,1,,,,,1.817136,
tabu,pyvrp_X110_HD,109,13,0.100000,1234,1895213.871747,34620.497553,1898675.921502,0.000000,,,0,1,,,,,2.648649,
tabu,pyvrp_X115_HVRP,114,18,0.100000,100,2070554.157087,46094.928455,2075163.649933,0.000000,,,0,0,,,,,2.404786,
tabu,pyvrp_X120_FSMF,119,12,0.100000,100,3185104.723963,90157.997148,3194120.523678,0.000000,,,0,1,,,,,1.761495,
tabu,pyvrp_X110_HD,109,13,0.100000,9999,1895213.871747,34620.497553,1898675.921502,0.000000,,,0,1,,,,,2.652714,
tabu,pyvrp_X115_HVRP,114,18,0.100000,200,2070554.157087,46094.928455,2075163.649933,0.000000,,,0,0,,,,,2.387330,
tabu,pyvrp_X120_FSMF,119,12,0.100000,200,3185104.723963,90157.997148,3194120.523678,0.000000,,,0,1,,,,,1.750894,
tabu,pyvrp_X110_HD,109,13,0.100000,19345,1895213.871747,34620.497553,1898675.921502,0.000000,,,0,1,,,,,2.564033,
tabu,pyvrp_X115_HVRP,114,18,0.100000,999,2070554.157087,46094.928455,2075163.649933,0.000000,,,0,0,,,,,2.403953,
tabu,pyvrp_X120_FSMF,119,12,0.100000,999,3185104.723963,90157.997148,3194120.523678,0.000000,,,0,1,,,,,1.748609,
tabu,pyvrp_X110_HD,109,13,0.100000,1787957254191225517,1895213.871747,34620.497553,1898675.921502,0.000000,,,0,1,,,,,2.565955,
tabu,pyvrp_X115_HVRP,114,18,0.100000,1234,2070554.157087,46094.928455,2075163.649933,0.000000,,,0,0,,,,,2.394955,
tabu,pyvrp_X120_FSMF,119,12,0.100000,1234,3185104.723963,90157.997148,3194120.523678,0.000000,,,0,1,,,,,1.745234,
tabu,pyvrp_X120_FSMF,119,12,0.100000,9999,3185104.723963,90157.997148,3194120.523678,0.000000,,,0,1,,,,,1.739532,
tabu,pyvrp_X115_HVRP,114,18,0.100000,9999,2070554.157087,46094.928455,2075163.649933,0.000000,,,0,0,,,,,2.372960,
tabu,pyvrp_X120_FSMF,119,12,0.100000,19345,3185104.723963,90157.997148,3194120.523678,0.000000,,,0,1,,,,,1.745856,
tabu,pyvrp_X115_HVRP,114,18,0.100000,19345,2070554.157087,46094.928455,2075163.649933,0.000000,,,0,0,,,,,2.392247,
tabu,pyvrp_X120_FSMF,119,12,0.100000,1787957416142915627,3185104.723963,90157.997148,3194120.523678,0.000000,,,0,1,,,,,1.763378,
tabu,pyvrp_X115_HVRP,114,18,0.100000,1787957387106787300,2070554.157087,46094.928455,2075163.649933,0.000000,,,0,0,,,,,2.384908,
ga,ex1_1v_feasible,2,1,0.100000,1788146411915329381,84.142136,50.000000,89.142136,0.000000,,,0,1,,,,,0.015180,DEFAULT
ga,ex2_1v_infeasible,2,1,0.100000,1788146244414295006,70.000000,0.000000,70.000000,0.000000,,,0,0,,,,,0.015203,DEFAULT
ga,ex1_1v_feasible,2,1,0.100000,1788146231545856144,84.142136,50.000000,89.142136,0.000000,,,0,1,,,,,0.002357,SMALL
ga,hfvrp_n001_m03_s01,1,3,0.100000,1788146205766576472,87.334995,168.337487,104.168743,0.000000,,,0,1,,,,,0.012579,DEFAULT
ga,ex2_1v_infeasible,2,1,0.100000,1788146227253582658,70.000000,0.000000,70.000000,0.000000,,,0,0,,,,,0.001624,SMALL
ga,ex3_3v_all_feasible,3,3,0.100000,1788146218648368456,162.000000,20.000000,164.000000,0.000000,,,0,1,,,,,0.019937,DEFAULT
ga,hfvrp_n001_m03_s01,1,3,0.100000,1788146321746920382,87.334995,168.337487,104.168743,0.000000,,,0,1,,,,,0.001396,SMALL
ga,ex4_3v_infeasible,4,3,0.100000,1788146210058899899,141.798990,0.000000,141.798990,0.000000,,,0,0,,,,,0.022221,DEFAULT
ga,ex5_3v_one_used_feasible,3,3,0.100000,1788146235832034893,107.597980,120.710678,119.669048,0.000000,,,0,1,,,,,0.019276,DEFAULT
ga,ex3_3v_all_feasible,3,3,0.100000,1788146313161715611,162.000000,20.000000,164.000000,0.000000,,,0,1,,,,,0.002153,SMALL
ga,ex4_3v_infeasible,4,3,0.100000,1788146338933732837,141.798990,0.000000,141.798990,0.000000,,,0,0,,,,,0.002407,SMALL
ga,ex5_3v_one_used_feasible,3,3,0.100000,1788146334639564973,107.597980,120.710678,119.669048,0.000000,,,0,1,,,,,0.002101,SMALL
ga,hfvrp_n001_m03_s01,1,3,0.100000,1788146308870806814,87.334995,168.337487,104.168743,0.000000,,,0,1,,,,,0.243285,MEDIUM
ga,ex1_1v_feasible,2,1,0.100000,1788146222962830649,84.142136,50.000000,89.142136,0.000000,,,0,1,,,,,0.291641,MEDIUM
ga,ex2_1v_infeasible,2,1,0.100000,1788146317453381539,70.000000,0.000000,70.000000,0.000000,,,0,0,,,,,0.297860,MEDIUM
ga,ex5_3v_one_used_feasible,3,3,0.100000,1788146287400879638,107.597980,120.710678,119.669048,0.000000,,,0,1,,,,,0.376968,MEDIUM
ga,ex3_3v_all_feasible,3,3,0.100000,1788146330347606882,162.000000,20.000000,164.000000,0.000000,,,0,1,,,,,0.389777,MEDIUM
ga,ex4_3v_infeasible,4,3,0.100000,1788146326054514466,141.798990,0.000000,141.798990,0.000000,,,0,0,,,,,0.436946,MEDIUM
ga,hfvrp_n001_m03_s01,1,3,0.100000,1788146283352765090,87.334995,168.337487,104.168743,0.000000,,,0,1,,,,,0.732836,BIG
ga,hfvrp_n001_m03_s01,1,3,0.100000,1,87.334995,168.337487,104.168743,0.000000,,,0,1,,,,,0.016555,DEFAULT
ga,hfvrp_n001_m03_s01,1,3,0.100000,1,87.334995,168.337487,104.168743,0.000000,,,0,1,,,,,0.004188,SMALL
ga,ex1_1v_feasible,2,1,0.100000,1788146279092248703,84.142136,50.000000,89.142136,0.000000,,,0,1,,,,,0.882835,BIG
ga,ex2_1v_infeasible,2,1,0.100000,1788146274805501629,70.000000,0.000000,70.000000,0.000000,,,0,0,,,,,0.886756,BIG
ga,ex1_1v_feasible,2,1,0.100000,1,84.142136,50.000000,89.142136,0.000000,,,0,1,,,,,0.017344,DEFAULT
ga,ex2_1v_infeasible,2,1,0.100000,1,70.000000,0.000000,70.000000,0.000000,,,0,0,,,,,0.015167,DEFAULT
ga,ex1_1v_feasible,2,1,0.100000,1,84.142136,50.000000,89.142136,0.000000,,,0,1,,,,,0.001638,SMALL
ga,ex2_1v_infeasible,2,1,0.100000,1,70.000000,0.000000,70.000000,0.000000,,,0,0,,,,,0.001630,SMALL
ga,hfvrp_n001_m03_s01,1,3,0.100000,1,87.334995,168.337487,104.168743,0.000000,,,0,1,,,,,0.246827,MEDIUM
ga,ex2_1v_infeasible,2,1,0.100000,1,70.000000,0.000000,70.000000,0.000000,,,0,0,,,,,0.294367,MEDIUM
ga,ex1_1v_feasible,2,1,0.100000,1,84.142136,50.000000,89.142136,0.000000,,,0,1,,,,,0.295296,MEDIUM
ga,ex5_3v_one_used_feasible,3,3,0.100000,1788146304966238998,107.597980,120.710678,119.669048,0.000000,,,0,1,,,,,1.144000,BIG
ga,ex3_3v_all_feasible,3,3,0.100000,1788146300676759944,162.000000,20.000000,164.000000,0.000000,,,0,1,,,,,1.172016,BIG
ga,ex5_3v_one_used_feasible,3,3,0.100000,1,107.597980,120.710678,119.669048,0.000000,,,0,1,,,,,0.022870,DEFAULT
ga,ex5_3v_one_used_feasible,3,3,0.100000,1,107.597980,120.710678,119.669048,0.000000,,,0,1,,,,,0.002066,SMALL
ga,ex3_3v_all_feasible,3,3,0.100000,1,162.000000,20.000000,164.000000,0.000000,,,0,1,,,,,0.019753,DEFAULT
ga,ex3_3v_all_feasible,3,3,0.100000,1,162.000000,20.000000,164.000000,0.000000,,,0,1,,,,,0.004118,SMALL
ga,ex4_3v_infeasible,4,3,0.100000,1788146296435184006,141.798990,0.000000,141.798990,0.000000,,,0,0,,,,,1.318244,BIG
ga,ex4_3v_infeasible,4,3,0.100000,1,141.798990,0.000000,141.798990,0.000000,,,0,0,,,,,0.025382,DEFAULT
ga,ex4_3v_infeasible,4,3,0.100000,1,141.798990,0.000000,141.798990,0.000000,,,0,0,,,,,0.004528,SMALL
ga,ex5_3v_one_used_feasible,3,3,0.100000,1,107.597980,120.710678,119.669048,0.000000,,,0,1,,,,,0.383213,MEDIUM
ga,ex3_3v_all_feasible,3,3,0.100000,1,162.000000,20.000000,164.000000,0.000000,,,0,1,,,,,0.403390,MEDIUM
ga,hfvrp_n001_m03_s01,1,3,0.100000,1,87.334995,168.337487,104.168743,0.000000,,,0,1,,,,,0.727038,BIG
ga,hfvrp_n001_m03_s01,1,3,0.100000,10,87.334995,168.337487,104.168743,0.000000,,,0,1,,,,,0.012469,DEFAULT
ga,hfvrp_n001_m03_s01,1,3,0.100000,10,87.334995,168.337487,104.168743,0.000000,,,0,1,,,,,0.002226,SMALL
ga,ex4_3v_infeasible,4,3,0.100000,1,141.798990,0.000000,141.798990,0.000000,,,0,0,,,,,0.434536,MEDIUM
ga,hfvrp_n001_m03_s01,1,3,0.100000,10,87.334995,168.337487,104.168743,0.000000,,,0,1,,,,,0.240430,MEDIUM
ga,ex1_1v_feasible,2,1,0.100000,1,84.142136,50.000000,89.142136,0.000000,,,0,1,,,,,0.884646,BIG
ga,ex2_1v_infeasible,2,1,0.100000,1,70.000000,0.000000,70.000000,0.000000,,,0,0,,,,,0.894131,BIG
ga,ex1_1v_feasible,2,1,0.100000,10,84.142136,50.000000,89.142136,0.000000,,,0,1,,,,,0.018925,DEFAULT
ga,ex1_1v_feasible,2,1,0.100000,10,84.142136,50.000000,89.142136,0.000000,,,0,1,,,,,0.002972,SMALL
ga,ex2_1v_infeasible,2,1,0.100000,10,70.000000,0.000000,70.000000,0.000000,,,0,0,,,,,0.019298,DEFAULT
ga,ex2_1v_infeasible,2,1,0.100000,10,70.000000,0.000000,70.000000,0.000000,,,0,0,,,,,0.005169,SMALL
ga,ex1_1v_feasible,2,1,0.100000,10,84.142136,50.000000,89.142136,0.000000,,,0,1,,,,,0.291698,MEDIUM
ga,ex2_1v_infeasible,2,1,0.100000,10,70.000000,0.000000,70.000000,0.000000,,,0,0,,,,,0.302862,MEDIUM
ga,hfvrp_n001_m03_s01,1,3,0.100000,10,87.334995,168.337487,104.168743,0.000000,,,0,1,,,,,0.732101,BIG
ga,hfvrp_n001_m03_s01,1,3,0.100000,50,87.334995,168.337487,104.168743,0.000000,,,0,1,,,,,0.013265,DEFAULT
ga,hfvrp_n001_m03_s01,1,3,0.100000,50,87.334995,168.337487,104.168743,0.000000,,,0,1,,,,,0.003342,SMALL
ga,ex5_3v_one_used_feasible,3,3,0.100000,1,107.597980,120.710678,119.669048,0.000000,,,0,1,,,,,1.147018,BIG
ga,ex5_3v_one_used_feasible,3,3,0.100000,10,107.597980,120.710678,119.669048,0.000000,,,0,1,,,,,0.022762,DEFAULT
ga,ex5_3v_one_used_feasible,3,3,0.100000,10,107.597980,120.710678,119.669048,0.000000,,,0,1,,,,,0.003849,SMALL
ga,ex3_3v_all_feasible,3,3,0.100000,1,162.000000,20.000000,164.000000,0.000000,,,0,1,,,,,1.183081,BIG
ga,ex3_3v_all_feasible,3,3,0.100000,10,162.000000,20.000000,164.000000,0.000000,,,0,1,,,,,0.024341,DEFAULT
ga,ex3_3v_all_feasible,3,3,0.100000,10,162.000000,20.000000,164.000000,0.000000,,,0,1,,,,,0.002159,SMALL
ga,hfvrp_n001_m03_s01,1,3,0.100000,50,87.334995,168.337487,104.168743,0.000000,,,0,1,,,,,0.251439,MEDIUM
ga,ex5_3v_one_used_feasible,3,3,0.100000,10,107.597980,120.710678,119.669048,0.000000,,,0,1,,,,,0.379992,MEDIUM
ga,ex4_3v_infeasible,4,3,0.100000,1,141.798990,0.000000,141.798990,0.000000,,,0,0,,,,,1.320504,BIG
ga,ex4_3v_infeasible,4,3,0.100000,10,141.798990,0.000000,141.798990,0.000000,,,0,0,,,,,0.026109,DEFAULT
ga,ex1_1v_feasible,2,1,0.100000,10,84.142136,50.000000,89.142136,0.000000,,,0,1,,,,,0.890083,BIG
ga,ex4_3v_infeasible,4,3,0.100000,10,141.798990,0.000000,141.798990,0.000000,,,0,0,,,,,0.002420,SMALL
ga,ex3_3v_all_feasible,3,3,0.100000,10,162.000000,20.000000,164.000000,0.000000,,,0,1,,,,,0.396866,MEDIUM
ga,ex1_1v_feasible,2,1,0.100000,50,84.142136,50.000000,89.142136,0.000000,,,0,1,,,,,0.018388,DEFAULT
ga,ex1_1v_feasible,2,1,0.100000,50,84.142136,50.000000,89.142136,0.000000,,,0,1,,,,,0.001628,SMALL
ga,ex2_1v_infeasible,2,1,0.100000,10,70.000000,0.000000,70.000000,0.000000,,,0,0,,,,,0.912183,BIG
ga,ex2_1v_infeasible,2,1,0.100000,50,70.000000,0.000000,70.000000,0.000000,,,0,0,,,,,0.017312,DEFAULT
ga,ex2_1v_infeasible,2,1,0.100000,50,70.000000,0.000000,70.000000,0.000000,,,0,0,,,,,0.001593,SMALL
ga,ex1_1v_feasible,2,1,0.100000,50,84.142136,50.000000,89.142136,0.000000,,,0,1,,,,,0.297133,MEDIUM
ga,ex2_1v_infeasible,2,1,0.100000,50,70.000000,0.000000,70.000000,0.000000,,,0,0,,,,,0.299582,MEDIUM
ga,hfvrp_n001_m03_s01,1,3,0.100000,50,87.334995,168.337487,104.168743,0.000000,,,0,1,,,,,0.726018,BIG
ga,ex4_3v_infeasible,4,3,0.100000,10,141.798990,0.000000,141.798990,0.000000,,,0,0,,,,,0.442405,MEDIUM
ga,hfvrp_n001_m03_s01,1,3,0.100000,75,87.334995,168.337487,104.168743,0.000000,,,0,1,,,,,0.012176,DEFAULT
ga,hfvrp_n001_m03_s01,1,3,0.100000,75,87.334995,168.337487,104.168743,0.000000,,,0,1,,,,,0.001293,SMALL
ga,hfvrp_n001_m03_s01,1,3,0.100000,75,87.334995,168.337487,104.168743,0.000000,,,0,1,,,,,0.238647,MEDIUM
ga,ex5_3v_one_used_feasible,3,3,0.100000,10,107.597980,120.710678,119.669048,0.000000,,,0,1,,,,,1.148189,BIG
ga,ex5_3v_one_used_feasible,3,3,0.100000,50,107.597980,120.710678,119.669048,0.000000,,,0,1,,,,,0.023631,DEFAULT
ga,ex5_3v_one_used_feasible,3,3,0.100000,50,107.597980,120.710678,119.669048,0.000000,,,0,1,,,,,0.001937,SMALL
ga,ex3_3v_all_feasible,3,3,0.100000,10,162.000000,20.000000,164.000000,0.000000,,,0,1,,,,,1.191100,BIG
ga,ex1_1v_feasible,2,1,0.100000,50,84.142136,50.000000,89.142136,0.000000,,,0,1,,,,,0.878546,BIG
ga,ex3_3v_all_feasible,3,3,0.100000,50,162.000000,20.000000,164.000000,0.000000,,,0,1,,,,,0.019801,DEFAULT
ga,ex3_3v_all_feasible,3,3,0.100000,50,162.000000,20.000000,164.000000,0.000000,,,0,1,,,,,0.004888,SMALL
ga,ex1_1v_feasible,2,1,0.100000,75,84.142136,50.000000,89.142136,0.000000,,,0,1,,,,,0.019166,DEFAULT
ga,ex1_1v_feasible,2,1,0.100000,75,84.142136,50.000000,89.142136,0.000000,,,0,1,,,,,0.002265,SMALL
ga,ex2_1v_infeasible,2,1,0.100000,50,70.000000,0.000000,70.000000,0.000000,,,0,0,,,,,0.902688,BIG
ga,ex2_1v_infeasible,2,1,0.100000,75,70.000000,0.000000,70.000000,0.000000,,,0,0,,,,,0.019881,DEFAULT
ga,ex2_1v_infeasible,2,1,0.100000,75,70.000000,0.000000,70.000000,0.000000,,,0,0,,,,,0.003158,SMALL
ga,hfvrp_n001_m03_s01,1,3,0.100000,75,87.334995,168.337487,104.168743,0.000000,,,0,1,,,,,0.721277,BIG
ga,hfvrp_n001_m03_s01,1,3,0.100000,100,87.334995,168.337487,104.168743,0.000000,,,0,1,,,,,0.012887,DEFAULT
ga,hfvrp_n001_m03_s01,1,3,0.100000,100,87.334995,168.337487,104.168743,0.000000,,,0,1,,,,,0.004190,SMALL
ga,ex5_3v_one_used_feasible,3,3,0.100000,50,107.597980,120.710678,119.669048,0.000000,,,0,1,,,,,0.387672,MEDIUM
ga,ex1_1v_feasible,2,1,0.100000,75,84.142136,50.000000,89.142136,0.000000,,,0,1,,,,,0.296889,MEDIUM
ga,ex2_1v_infeasible,2,1,0.100000,75,70.000000,0.000000,70.000000,0.000000,,,0,0,,,,,0.295759,MEDIUM
ga,ex3_3v_all_feasible,3,3,0.100000,50,162.000000,20.000000,164.000000,0.000000,,,0,1,,,,,0.395032,MEDIUM
ga,hfvrp_n001_m03_s01,1,3,0.100000,100,87.334995,168.337487,104.168743,0.000000,,,0,1,,,,,0.242456,MEDIUM
ga,ex4_3v_infeasible,4,3,0.100000,10,141.798990,0.000000,141.798990,0.000000,,,0,0,,,,,1.326525,BIG
ga,ex4_3v_infeasible,4,3,0.100000,50,141.798990,0.000000,141.798990,0.000000,,,0,0,,,,,0.025399,DEFAULT
ga,ex4_3v_infeasible,4,3,0.100000,50,141.798990,0.000000,141.798990,0.000000,,,0,0,,,,,0.006070,SMALL
ga,ex4_3v_infeasible,4,3,0.100000,50,141.798990,0.000000,141.798990,0.000000,,,0,0,,,,,0.427774,MEDIUM
ga,hfvrp_n001_m03_s01,1,3,0.100000,100,87.334995,168.337487,104.168743,0.000000,,,0,1,,,,,0.721729,BIG
ga,ex1_1v_feasible,2,1,0.100000,75,84.142136,50.000000,89.142136,0.000000,,,0,1,,,,,0.874418,BIG
ga,hfvrp_n001_m03_s01,1,3,0.100000,200,87.334995,168.337487,104.168743,0.000000,,,0,1,,,,,0.014888,DEFAULT
ga,hfvrp_n001_m03_s01,1,3,0.100000,200,87.334995,168.337487,104.168743,0.000000,,,0,1,,,,,0.001333,SMALL
ga,ex1_1v_feasible,2,1,0.100000,100,84.142136,50.000000,89.142136,0.000000,,,0,1,,,,,0.015933,DEFAULT
ga,ex1_1v_feasible,2,1,0.100000,100,84.142136,50.000000,89.142136,0.000000,,,0,1,,,,,0.003375,SMALL
ga,ex2_1v_infeasible,2,1,0.100000,75,70.000000,0.000000,70.000000,0.000000,,,0,0,,,,,0.900319,BIG
ga,ex2_1v_infeasible,2,1,0.100000,100,70.000000,0.000000,70.000000,0.000000,,,0,0,,,,,0.018445,DEFAULT
ga,ex2_1v_infeasible,2,1,0.100000,100,70.000000,0.000000,70.000000,0.000000,,,0,0,,,,,0.001505,SMALL
ga,ex5_3v_one_used_feasible,3,3,0.100000,50,107.597980,120.710678,119.669048,0.000000,,,0,1,,,,,1.151676,BIG
ga,ex5_3v_one_used_feasible,3,3,0.100000,75,107.597980,120.710678,119.669048,0.000000,,,0,1,,,,,0.022943,DEFAULT
ga,ex5_3v_one_used_feasible,3,3,0.100000,75,107.597980,120.710678,119.669048,0.000000,,,0,1,,,,,0.001930,SMALL
ga,hfvrp_n001_m03_s01,1,3,0.100000,200,87.334995,168.337487,104.168743,0.000000,,,0,1,,,,,0.248715,MEDIUM
ga,ex1_1v_feasible,2,1,0.100000,100,84.142136,50.000000,89.142136,0.000000,,,0,1,,,,,0.304332,MEDIUM
ga,ex3_3v_all_feasible,3,3,0.100000,50,162.000000,20.000000,164.000000,0.000000,,,0,1,,,,,1.187444,BIG
ga,ex3_3v_all_feasible,3,3,0.100000,75,162.000000,20.000000,164.000000,0.000000,,,0,1,,,,,0.020358,DEFAULT
ga,ex3_3v_all_feasible,3,3,0.100000,75,162.000000,20.000000,164.000000,0.000000,,,0,1,,,,,0.001993,SMALL
ga,ex2_1v_infeasible,2,1,0.100000,100,70.000000,0.000000,70.000000,0.000000,,,0,0,,,,,0.302261,MEDIUM
ga,ex5_3v_one_used_feasible,3,3,0.100000,75,107.597980,120.710678,119.669048,0.000000,,,0,1,,,,,0.380767,MEDIUM
ga,ex3_3v_all_feasible,3,3,0.100000,75,162.000000,20.000000,164.000000,0.000000,,,0,1,,,,,0.387575,MEDIUM
ga,hfvrp_n001_m03_s01,1,3,0.100000,200,87.334995,168.337487,104.168743,0.000000,,,0,1,,,,,0.720984,BIG
ga,hfvrp_n001_m03_s01,1,3,0.100000,999,87.334995,168.337487,104.168743,0.000000,,,0,1,,,,,0.016825,DEFAULT
ga,hfvrp_n001_m03_s01,1,3,0.100000,999,87.334995,168.337487,104.168743,0.000000,,,0,1,,,,,0.004191,SMALL
ga,ex4_3v_infeasible,4,3,0.100000,50,141.798990,0.000000,141.798990,0.000000,,,0,0,,,,,1.325336,BIG
ga,ex4_3v_infeasible,4,3,0.100000,75,141.798990,0.000000,141.798990,0.000000,,,0,0,,,,,0.024954,DEFAULT
ga,ex4_3v_infeasible,4,3,0.100000,75,141.798990,0.000000,141.798990,0.000000,,,0,0,,,,,0.002249,SMALL
ga,ex1_1v_feasible,2,1,0.100000,100,84.142136,50.000000,89.142136,0.000000,,,0,1,,,,,0.897861,BIG
ga,ex1_1v_feasible,2,1,0.100000,200,84.142136,50.000000,89.142136,0.000000,,,0,1,,,,,0.018677,DEFAULT
ga,hfvrp_n001_m03_s01,1,3,0.100000,999,87.334995,168.337487,104.168743,0.000000,,,0,1,,,,,0.242040,MEDIUM
ga,ex1_1v_feasible,2,1,0.100000,200,84.142136,50.000000,89.142136,0.000000,,,0,1,,,,,0.003708,SMALL
ga,ex2_1v_infeasible,2,1,0.100000,100,70.000000,0.000000,70.000000,0.000000,,,0,0,,,,,0.890218,BIG
ga,ex2_1v_infeasible,2,1,0.100000,200,70.000000,0.000000,70.000000,0.000000,,,0,0,,,,,0.019025,DEFAULT
ga,ex2_1v_infeasible,2,1,0.100000,200,70.000000,0.000000,70.000000,0.000000,,,0,0,,,,,0.003783,SMALL
ga,ex1_1v_feasible,2,1,0.100000,200,84.142136,50.000000,89.142136,0.000000,,,0,1,,,,,0.298670,MEDIUM
ga,ex4_3v_infeasible,4,3,0.100000,75,141.798990,0.000000,141.798990,0.000000,,,0,0,,,,,0.433844,MEDIUM
ga,ex2_1v_infeasible,2,1,0.100000,200,70.000000,0.000000,70.000000,0.000000,,,0,0,,,,,0.294781,MEDIUM
ga,ex5_3v_one_used_feasible,3,3,0.100000,75,107.597980,120.710678,119.669048,0.000000,,,0,1,,,,,1.145946,BIG
ga,ex5_3v_one_used_feasible,3,3,0.100000,100,107.597980,120.710678,119.669048,0.000000,,,0,1,,,,,0.019219,DEFAULT
ga,ex5_3v_one_used_feasible,3,3,0.100000,100,107.597980,120.710678,119.669048,0.000000,,,0,1,,,,,0.002074,SMALL
ga,ex3_3v_all_feasible,3,3,0.100000,75,162.000000,20.000000,164.000000,0.000000,,,0,1,,,,,1.179195,BIG
ga,hfvrp_n001_m03_s01,1,3,0.100000,999,87.334995,168.337487,104.168743,0.000000,,,0,1,,,,,0.724130,BIG
ga,ex3_3v_all_feasible,3,3,0.100000,100,162.000000,20.000000,164.000000,0.000000,,,0,1,,,,,0.019782,DEFAULT
ga,hfvrp_n001_m03_s01,1,3,0.100000,1234,87.334995,168.337487,104.168743,0.000000,,,0,1,,,,,0.016204,DEFAULT
ga,ex3_3v_all_feasible,3,3,0.100000,100,162.000000,20.000000,164.000000,0.000000,,,0,1,,,,,0.002879,SMALL
ga,hfvrp_n001_m03_s01,1,3,0.100000,1234,87.334995,168.337487,104.168743,0.000000,,,0,1,,,,,0.001331,SMALL
ga,ex5_3v_one_used_feasible,3,3,0.100000,100,107.597980,120.710678,119.669048,0.000000,,,0,1,,,,,0.386147,MEDIUM
ga,hfvrp_n001_m03_s01,1,3,0.100000,1234,87.334995,168.337487,104.168743,0.000000,,,0,1,,,,,0.240290,MEDIUM
ga,ex3_3v_all_feasible,3,3,0.100000,100,162.000000,20.000000,164.000000,0.000000,,,0,1,,,,,0.388421,MEDIUM
ga,ex1_1v_feasible,2,1,0.100000,200,84.142136,50.000000,89.142136,0.000000,,,0,1,,,,,0.886959,BIG
ga,ex1_1v_feasible,2,1,0.100000,999,84.142136,50.000000,89.142136,0.000000,,,0,1,,,,,0.016655,DEFAULT
ga,ex1_1v_feasible,2,1,0.100000,999,84.142136,50.000000,89.142136,0.000000,,,0,1,,,,,0.001621,SMALL
ga,ex2_1v_infeasible,2,1,0.100000,200,70.000000,0.000000,70.000000,0.000000,,,0,0,,,,,0.904972,BIG
ga,ex2_1v_infeasible,2,1,0.100000,999,70.000000,0.000000,70.000000,0.000000,,,0,0,,,,,0.015183,DEFAULT
ga,ex2_1v_infeasible,2,1,0.100000,999,70.000000,0.000000,70.000000,0.000000,,,0,0,,,,,0.003295,SMALL
ga,ex1_1v_feasible,2,1,0.100000,999,84.142136,50.000000,89.142136,0.000000,,,0,1,,,,,0.298921,MEDIUM
ga,ex2_1v_infeasible,2,1,0.100000,999,70.000000,0.000000,70.000000,0.000000,,,0,0,,,,,0.294667,MEDIUM
ga,ex4_3v_infeasible,4,3,0.100000,75,141.798990,0.000000,141.798990,0.000000,,,0,0,,,,,1.319607,BIG
ga,ex4_3v_infeasible,4,3,0.100000,100,141.798990,0.000000,141.798990,0.000000,,,0,0,,,,,0.023513,DEFAULT
ga,ex4_3v_infeasible,4,3,0.100000,100,141.798990,0.000000,141.798990,0.000000,,,0,0,,,,,0.005514,SMALL
ga,hfvrp_n001_m03_s01,1,3,0.100000,1234,87.334995,168.337487,104.168743,0.000000,,,0,1,,,,,0.732628,BIG
ga,hfvrp_n001_m03_s01,1,3,0.100000,9999,87.334995,168.337487,104.168743,0.000000,,,0,1,,,,,0.012441,DEFAULT
ga,hfvrp_n001_m03_s01,1,3,0.100000,9999,87.334995,168.337487,104.168743,0.000000,,,0,1,,,,,0.001331,SMALL
ga,hfvrp_n001_m03_s01,1,3,0.100000,9999,87.334995,168.337487,104.168743,0.000000,,,0,1,,,,,0.243109,MEDIUM
ga,ex5_3v_one_used_feasible,3,3,0.100000,100,107.597980,120.710678,119.669048,0.000000,,,0,1,,,,,1.155184,BIG
ga,ex5_3v_one_used_feasible,3,3,0.100000,200,107.597980,120.710678,119.669048,0.000000,,,0,1,,,,,0.022366,DEFAULT
ga,ex5_3v_one_used_feasible,3,3,0.100000,200,107.597980,120.710678,119.669048,0.000000,,,0,1,,,,,0.003945,SMALL
ga,ex4_3v_infeasible,4,3,0.100000,100,141.798990,0.000000,141.798990,0.000000,,,0,0,,,,,0.439577,MEDIUM
ga,ex3_3v_all_feasible,3,3,0.100000,100,162.000000,20.000000,164.000000,0.000000,,,0,1,,,,,1.186801,BIG
ga,ex3_3v_all_feasible,3,3,0.100000,200,162.000000,20.000000,164.000000,0.000000,,,0,1,,,,,0.019462,DEFAULT
ga,ex3_3v_all_feasible,3,3,0.100000,200,162.000000,20.000000,164.000000,0.000000,,,0,1,,,,,0.004000,SMALL
ga,ex1_1v_feasible,2,1,0.100000,999,84.142136,50.000000,89.142136,0.000000,,,0,1,,,,,0.903808,BIG
ga,ex1_1v_feasible,2,1,0.100000,1234,84.142136,50.000000,89.142136,0.000000,,,0,1,,,,,0.018977,DEFAULT
ga,ex1_1v_feasible,2,1,0.100000,1234,84.142136,50.000000,89.142136,0.000000,,,0,1,,,,,0.002984,SMALL
ga,ex5_3v_one_used_feasible,3,3,0.100000,200,107.597980,120.710678,119.669048,0.000000,,,0,1,,,,,0.383144,MEDIUM
ga,ex2_1v_infeasible,2,1,0.100000,999,70.000000,0.000000,70.000000,0.000000,,,0,0,,,,,0.900847,BIG
ga,ex2_1v_infeasible,2,1,0.100000,1234,70.000000,0.000000,70.000000,0.000000,,,0,0,,,,,0.018101,DEFAULT
ga,ex2_1v_infeasible,2,1,0.100000,1234,70.000000,0.000000,70.000000,0.000000,,,0,0,,,,,0.004597,SMALL
ga,hfvrp_n001_m03_s01,1,3,0.100000,9999,87.334995,168.337487,104.168743,0.000000,,,0,1,,,,,0.732369,BIG
ga,ex3_3v_all_feasible,3,3,0.100000,200,162.000000,20.000000,164.000000,0.000000,,,0,1,,,,,0.396025,MEDIUM
ga,hfvrp_n001_m03_s01,1,3,0.100000,19345,87.334995,168.337487,104.168743,0.000000,,,0,1,,,,,0.013676,DEFAULT
ga,ex1_1v_feasible,2,1,0.100000,1234,84.142136,50.000000,89.142136,0.000000,,,0,1,,,,,0.298382,MEDIUM
ga,hfvrp_n001_m03_s01,1,3,0.100000,19345,87.334995,168.337487,104.168743,0.000000,,,0,1,,,,,0.003382,SMALL
ga,ex2_1v_infeasible,2,1,0.100000,1234,70.000000,0.000000,70.000000,0.000000,,,0,0,,,,,0.304208,MEDIUM
ga,hfvrp_n001_m03_s01,1,3,0.100000,19345,87.334995,168.337487,104.168743,0.000000,,,0,1,,,,,0.241602,MEDIUM
ga,ex4_3v_infeasible,4,3,0.100000,100,141.798990,0.000000,141.798990,0.000000,,,0,0,,,,,1.316677,BIG
ga,ex4_3v_infeasible,4,3,0.100000,200,141.798990,0.000000,141.798990,0.000000,,,0,0,,,,,0.025403,DEFAULT
ga,ex4_3v_infeasible,4,3,0.100000,200,141.798990,0.000000,141.798990,0.000000,,,0,0,,,,,0.006005,SMALL
ga,ex1_1v_feasible,2,1,0.100000,1234,84.142136,50.000000,89.142136,0.000000,,,0,1,,,,,0.876835,BIG
ga,ex5_3v_one_used_feasible,3,3,0.100000,200,107.597980,120.710678,119.669048,0.000000,,,0,1,,,,,1.144526,BIG
ga,ex1_1v_feasible,2,1,0.100000,9999,84.142136,50.000000,89.142136,0.000000,,,0,1,,,,,0.016772,DEFAULT
ga,ex1_1v_feasible,2,1,0.100000,9999,84.142136,50.000000,89.142136,0.000000,,,0,1,,,,,0.002139,SMALL
ga,ex5_3v_one_used_feasible,3,3,0.100000,999,107.597980,120.710678,119.669048,0.000000,,,0,1,,,,,0.023984,DEFAULT
ga,ex5_3v_one_used_feasible,3,3,0.100000,999,107.597980,120.710678,119.669048,0.000000,,,0,1,,,,,0.005405,SMALL
ga,hfvrp_n001_m03_s01,1,3,0.100000,19345,87.334995,168.337487,104.168743,0.000000,,,0,1,,,,,0.720168,BIG
ga,hfvrp_n001_m03_s01,1,3,0.100000,1788147982227816610,87.334995,168.337487,104.168743,0.000000,,,0,1,,,,,0.014338,DEFAULT
ga,ex2_1v_infeasible,2,1,0.100000,1234,70.000000,0.000000,70.000000,0.000000,,,0,0,,,,,0.895720,BIG
ga,hfvrp_n001_m03_s01,1,3,0.100000,1788147977950956206,87.334995,168.337487,104.168743,0.000000,,,0,1,,,,,0.001340,SMALL
ga,ex2_1v_infeasible,2,1,0.100000,9999,70.000000,0.000000,70.000000,0.000000,,,0,0,,,,,0.016649,DEFAULT
ga,ex2_1v_infeasible,2,1,0.100000,9999,70.000000,0.000000,70.000000,0.000000,,,0,0,,,,,0.001655,SMALL
ga,ex3_3v_all_feasible,3,3,0.100000,200,162.000000,20.000000,164.000000,0.000000,,,0,1,,,,,1.179022,BIG
ga,ex4_3v_infeasible,4,3,0.100000,200,141.798990,0.000000,141.798990,0.000000,,,0,0,,,,,0.444342,MEDIUM
ga,ex3_3v_all_feasible,3,3,0.100000,999,162.000000,20.000000,164.000000,0.000000,,,0,1,,,,,0.021167,DEFAULT
ga,ex3_3v_all_feasible,3,3,0.100000,999,162.000000,20.000000,164.000000,0.000000,,,0,1,,,,,0.002142,SMALL
ga,ex1_1v_feasible,2,1,0.100000,9999,84.142136,50.000000,89.142136,0.000000,,,0,1,,,,,0.299690,MEDIUM
ga,hfvrp_n001_m03_s01,1,3,0.100000,1788147973661082578,87.334995,168.337487,104.168743,0.000000,,,0,1,,,,,0.248407,MEDIUM
ga,ex5_3v_one_used_feasible,3,3,0.100000,999,107.597980,120.710678,119.669048,0.000000,,,0,1,,,,,0.385224,MEDIUM
ga,ex2_1v_infeasible,2,1,0.100000,9999,70.000000,0.000000,70.000000,0.000000,,,0,0,,,,,0.299610,MEDIUM
ga,ex3_3v_all_feasible,3,3,0.100000,999,162.000000,20.000000,164.000000,0.000000,,,0,1,,,,,0.389448,MEDIUM
ga,hfvrp_n001_m03_s01,1,3,0.100000,1788148880152365017,87.334995,168.337487,104.168743,0.000000,,,0,1,,,,,0.718830,BIG
ga,hfvrp_n001_m03_s02,1,3,0.100000,1788148928164498839,156.310634,50.546098,161.365244,0.000000,,,0,1,,,,,0.013447,DEFAULT
ga,hfvrp_n001_m03_s02,1,3,0.100000,1788148923886548886,156.310634,50.546098,161.365244,0.000000,,,0,1,,,,,0.001274,SMALL
ga,ex1_1v_feasible,2,1,0.100000,9999,84.142136,50.000000,89.142136,0.000000,,,0,1,,,,,0.879507,BIG
ga,ex1_1v_feasible,2,1,0.100000,19345,84.142136,50.000000,89.142136,0.000000,,,0,1,,,,,0.016810,DEFAULT
ga,ex1_1v_feasible,2,1,0.100000,19345,84.142136,50.000000,89.142136,0.000000,,,0,1,,,,,0.001632,SMALL
ga,ex2_1v_infeasible,2,1,0.100000,9999,70.000000,0.000000,70.000000,0.000000,,,0,0,,,,,0.888338,BIG
ga,ex2_1v_infeasible,2,1,0.100000,19345,70.000000,0.000000,70.000000,0.000000,,,0,0,,,,,0.014980,DEFAULT
ga,ex2_1v_infeasible,2,1,0.100000,19345,70.000000,0.000000,70.000000,0.000000,,,0,0,,,,,0.001640,SMALL
ga,hfvrp_n001_m03_s02,1,3,0.100000,1788148936776302805,156.310634,50.546098,161.365244,0.000000,,,0,1,,,,,0.245069,MEDIUM
ga,ex1_1v_feasible,2,1,0.100000,19345,84.142136,50.000000,89.142136,0.000000,,,0,1,,,,,0.299320,MEDIUM
ga,ex5_3v_one_used_feasible,3,3,0.100000,999,107.597980,120.710678,119.669048,0.000000,,,0,1,,,,,1.141665,BIG
ga,ex4_3v_infeasible,4,3,0.100000,200,141.798990,0.000000,141.798990,0.000000,,,0,0,,,,,1.316767,BIG
ga,ex5_3v_one_used_feasible,3,3,0.100000,1234,107.597980,120.710678,119.669048,0.000000,,,0,1,,,,,0.019602,DEFAULT
ga,ex5_3v_one_used_feasible,3,3,0.100000,1234,107.597980,120.710678,119.669048,0.000000,,,0,1,,,,,0.002092,SMALL
ga,ex4_3v_infeasible,4,3,0.100000,999,141.798990,0.000000,141.798990,0.000000,,,0,0,,,,,0.021592,DEFAULT
ga,ex4_3v_infeasible,4,3,0.100000,999,141.798990,0.000000,141.798990,0.000000,,,0,0,,,,,0.007549,SMALL
ga,ex2_1v_infeasible,2,1,0.100000,19345,70.000000,0.000000,70.000000,0.000000,,,0,0,,,,,0.299095,MEDIUM
ga,ex3_3v_all_feasible,3,3,0.100000,999,162.000000,20.000000,164.000000,0.000000,,,0,1,,,,,1.183661,BIG
ga,ex3_3v_all_feasible,3,3,0.100000,1234,162.000000,20.000000,164.000000,0.000000,,,0,1,,,,,0.023219,DEFAULT
ga,ex3_3v_all_feasible,3,3,0.100000,1234,162.000000,20.000000,164.000000,0.000000,,,0,1,,,,,0.005438,SMALL
ga,ex5_3v_one_used_feasible,3,3,0.100000,1234,107.597980,120.710678,119.669048,0.000000,,,0,1,,,,,0.388771,MEDIUM
ga,ex4_3v_infeasible,4,3,0.100000,999,141.798990,0.000000,141.798990,0.000000,,,0,0,,,,,0.436019,MEDIUM
ga,hfvrp_n001_m03_s02,1,3,0.100000,1788148717981898957,156.310634,50.546098,161.365244,0.000000,,,0,1,,,,,0.723510,BIG
ga,hfvrp_n001_m03_s02,1,3,0.100000,1,156.310634,50.546098,161.365244,0.000000,,,0,1,,,,,0.013715,DEFAULT
ga,hfvrp_n001_m03_s02,1,3,0.100000,1,156.310634,50.546098,161.365244,0.000000,,,0,1,,,,,0.004161,SMALL
ga,ex3_3v_all_feasible,3,3,0.100000,1234,162.000000,20.000000,164.000000,0.000000,,,0,1,,,,,0.389752,MEDIUM
ga,hfvrp_n001_m03_s02,1,3,0.100000,1,156.310634,50.546098,161.365244,0.000000,,,0,1,,,,,0.238252,MEDIUM
ga,ex1_1v_feasible,2,1,0.100000,19345,84.142136,50.000000,89.142136,0.000000,,,0,1,,,,,0.886789,BIG
ga,ex1_1v_feasible,2,1,0.100000,1788148551551149896,84.142136,50.000000,89.142136,0.000000,,,0,1,,,,,0.016294,DEFAULT
ga,ex1_1v_feasible,2,1,0.100000,1788148555865961030,84.142136,50.000000,89.142136,0.000000,,,0,1,,,,,0.001501,SMALL
ga,ex2_1v_infeasible,2,1,0.100000,19345,70.000000,0.000000,70.000000,0.000000,,,0,0,,,,,0.892594,BIG
ga,ex2_1v_infeasible,2,1,0.100000,1788148667633119662,70.000000,0.000000,70.000000,0.000000,,,0,0,,,,,0.015927,DEFAULT
ga,ex2_1v_infeasible,2,1,0.100000,1788148654769974174,70.000000,0.000000,70.000000,0.000000,,,0,0,,,,,0.003377,SMALL
ga,ex1_1v_feasible,2,1,0.100000,1788148542986112134,84.142136,50.000000,89.142136,0.000000,,,0,1,,,,,0.293742,MEDIUM
ga,ex2_1v_infeasible,2,1,0.100000,1788148659072587165,70.000000,0.000000,70.000000,0.000000,,,0,0,,,,,0.299939,MEDIUM
ga,hfvrp_n001_m03_s02,1,3,0.100000,1,156.310634,50.546098,161.365244,0.000000,,,0,1,,,,,0.724627,BIG
ga,ex5_3v_one_used_feasible,3,3,0.100000,1234,107.597980,120.710678,119.669048,0.000000,,,0,1,,,,,1.146773,BIG
ga,hfvrp_n001_m03_s02,1,3,0.100000,10,156.310634,50.546098,161.365244,0.000000,,,0,1,,,,,0.015361,DEFAULT
ga,hfvrp_n001_m03_s02,1,3,0.100000,10,156.310634,50.546098,161.365244,0.000000,,,0,1,,,,,0.001793,SMALL
ga,ex5_3v_one_used_feasible,3,3,0.100000,9999,107.597980,120.710678,119.669048,0.000000,,,0,1,,,,,0.022406,DEFAULT
ga,ex5_3v_one_used_feasible,3,3,0.100000,9999,107.597980,120.710678,119.669048,0.000000,,,0,1,,,,,0.004353,SMALL
ga,hfvrp_n001_m03_s02,1,3,0.100000,10,156.310634,50.546098,161.365244,0.000000,,,0,1,,,,,0.243353,MEDIUM
ga,ex4_3v_infeasible,4,3,0.100000,999,141.798990,0.000000,141.798990,0.000000,,,0,0,,,,,1.320698,BIG
ga,ex4_3v_infeasible,4,3,0.100000,1234,141.798990,0.000000,141.798990,0.000000,,,0,0,,,,,0.021530,DEFAULT
ga,ex4_3v_infeasible,4,3,0.100000,1234,141.798990,0.000000,141.798990,0.000000,,,0,0,,,,,0.002248,SMALL
ga,ex3_3v_all_feasible,3,3,0.100000,1234,162.000000,20.000000,164.000000,0.000000,,,0,1,,,,,1.193019,BIG
ga,ex3_3v_all_feasible,3,3,0.100000,9999,162.000000,20.000000,164.000000,0.000000,,,0,1,,,,,0.023690,DEFAULT
ga,ex3_3v_all_feasible,3,3,0.100000,9999,162.000000,20.000000,164.000000,0.000000,,,0,1,,,,,0.001993,SMALL
ga,ex5_3v_one_used_feasible,3,3,0.100000,9999,107.597980,120.710678,119.669048,0.000000,,,0,1,,,,,0.378954,MEDIUM
ga,ex1_1v_feasible,2,1,0.100000,1788148646367281565,84.142136,50.000000,89.142136,0.000000,,,0,1,,,,,0.886898,BIG
ga,hfvrp_n001_m03_s03,1,3,0.100000,1788147225664234686,130.438737,0.000000,130.438737,0.000000,,,0,1,,,,,0.012410,DEFAULT
ga,hfvrp_n001_m03_s03,1,3,0.100000,1788147212799842886,130.438737,0.000000,130.438737,0.000000,,,0,1,,,,,0.003734,SMALL
ga,ex2_1v_infeasible,2,1,0.100000,1788148650790856203,70.000000,0.000000,70.000000,0.000000,,,0,0,,,,,0.906065,BIG
ga,hfvrp_n001_m03_s04,1,3,0.100000,1788147294538266427,122.386776,0.000000,122.386776,0.000000,,,0,1,,,,,0.014757,DEFAULT
ga,hfvrp_n001_m03_s04,1,3,0.100000,1788147281671809358,122.386776,0.000000,122.386776,0.000000,,,0,1,,,,,0.001330,SMALL
ga,ex4_3v_infeasible,4,3,0.100000,1234,141.798990,0.000000,141.798990,0.000000,,,0,0,,,,,0.443988,MEDIUM
ga,ex3_3v_all_feasible,3,3,0.100000,9999,162.000000,20.000000,164.000000,0.000000,,,0,1,,,,,0.400119,MEDIUM
ga,hfvrp_n001_m03_s03,1,3,0.100000,1788147217103166710,130.438737,0.000000,130.438737,0.000000,,,0,1,,,,,0.249898,MEDIUM
ga,hfvrp_n001_m03_s04,1,3,0.100000,1788147285971750024,122.386776,0.000000,122.386776,0.000000,,,0,1,,,,,0.238213,MEDIUM
ga,hfvrp_n001_m03_s02,1,3,0.100000,10,156.310634,50.546098,161.365244,0.000000,,,0,1,,,,,0.736302,BIG
ga,hfvrp_n001_m03_s02,1,3,0.100000,50,156.310634,50.546098,161.365244,0.000000,,,0,1,,,,,0.013101,DEFAULT
ga,hfvrp_n001_m03_s02,1,3,0.100000,50,156.310634,50.546098,161.365244,0.000000,,,0,1,,,,,0.002781,SMALL
ga,hfvrp_n001_m03_s02,1,3,0.100000,50,156.310634,50.546098,161.365244,0.000000,,,0,1,,,,,0.237171,MEDIUM
ga,hfvrp_n001_m03_s03,1,3,0.100000,1788147264606228307,130.438737,0.000000,130.438737,0.000000,,,0,1,,,,,0.719988,BIG
ga,ex5_3v_one_used_feasible,3,3,0.100000,9999,107.597980,120.710678,119.669048,0.000000,,,0,1,,,,,1.149712,BIG
ga,hfvrp_n001_m03_s03,1,3,0.100000,1,130.438737,0.000000,130.438737,0.000000,,,0,1,,,,,0.013782,DEFAULT
ga,hfvrp_n001_m03_s03,1,3,0.100000,1,130.438737,0.000000,130.438737,0.000000,,,0,1,,,,,0.001324,SMALL
ga,ex5_3v_one_used_feasible,3,3,0.100000,19345,107.597980,120.710678,119.669048,0.000000,,,0,1,,,,,0.019093,DEFAULT
ga,ex5_3v_one_used_feasible,3,3,0.100000,19345,107.597980,120.710678,119.669048,0.000000,,,0,1,,,,,0.002065,SMALL
ga,hfvrp_n001_m03_s04,1,3,0.100000,1788147269033903283,122.386776,0.000000,122.386776,0.000000,,,0,1,,,,,0.720067,BIG
ga,hfvrp_n001_m03_s04,1,3,0.100000,1,122.386776,0.000000,122.386776,0.000000,,,0,1,,,,,0.012666,DEFAULT
ga,hfvrp_n001_m03_s04,1,3,0.100000,1,122.386776,0.000000,122.386776,0.000000,,,0,1,,,,,0.002557,SMALL
ga,hfvrp_n001_m03_s03,1,3,0.100000,1,130.438737,0.000000,130.438737,0.000000,,,0,1,,,,,0.241311,MEDIUM
ga,hfvrp_n001_m03_s04,1,3,0.100000,1,122.386776,0.000000,122.386776,0.000000,,,0,1,,,,,0.237524,MEDIUM
ga,ex3_3v_all_feasible,3,3,0.100000,9999,162.000000,20.000000,164.000000,0.000000,,,0,1,,,,,1.169521,BIG
ga,hfvrp_n001_m03_s02,1,3,0.100000,50,156.310634,50.546098,161.365244,0.000000,,,0,1,,,,,0.724111,BIG
ga,ex5_3v_one_used_feasible,3,3,0.100000,19345,107.597980,120.710678,119.669048,0.000000,,,0,1,,,,,0.391389,MEDIUM
ga,ex3_3v_all_feasible,3,3,0.100000,19345,162.000000,20.000000,164.000000,0.000000,,,0,1,,,,,0.023117,DEFAULT
ga,hfvrp_n001_m03_s02,1,3,0.100000,75,156.310634,50.546098,161.365244,0.000000,,,0,1,,,,,0.013687,DEFAULT
ga,hfvrp_n001_m03_s02,1,3,0.100000,75,156.310634,50.546098,161.365244,0.000000,,,0,1,,,,,0.001337,SMALL
ga,ex3_3v_all_feasible,3,3,0.100000,19345,162.000000,20.000000,164.000000,0.000000,,,0,1,,,,,0.004749,SMALL
ga,ex4_3v_infeasible,4,3,0.100000,1234,141.798990,0.000000,141.798990,0.000000,,,0,0,,,,,1.321259,BIG
ga,ex4_3v_infeasible,4,3,0.100000,9999,141.798990,0.000000,141.798990,0.000000,,,0,0,,,,,0.022116,DEFAULT
ga,ex4_3v_infeasible,4,3,0.100000,9999,141.798990,0.000000,141.798990,0.000000,,,0,0,,,,,0.006212,SMALL
ga,hfvrp_n001_m03_s02,1,3,0.100000,75,156.310634,50.546098,161.365244,0.000000,,,0,1,,,,,0.245164,MEDIUM
ga,ex3_3v_all_feasible,3,3,0.100000,19345,162.000000,20.000000,164.000000,0.000000,,,0,1,,,,,0.395435,MEDIUM
ga,ex4_3v_infeasible,4,3,0.100000,9999,141.798990,0.000000,141.798990,0.000000,,,0,0,,,,,0.431201,MEDIUM
ga,hfvrp_n001_m03_s03,1,3,0.100000,1,130.438737,0.000000,130.438737,0.000000,,,0,1,,,,,0.723920,BIG
ga,hfvrp_n001_m03_s03,1,3,0.100000,10,130.438737,0.000000,130.438737,0.000000,,,0,1,,,,,0.015932,DEFAULT
ga,hfvrp_n001_m03_s03,1,3,0.100000,10,130.438737,0.000000,130.438737,0.000000,,,0,1,,,,,0.002559,SMALL
ga,hfvrp_n001_m03_s04,1,3,0.100000,1,122.386776,0.000000,122.386776,0.000000,,,0,1,,,,,0.733597,BIG
ga,hfvrp_n001_m03_s04,1,3,0.100000,10,122.386776,0.000000,122.386776,0.000000,,,0,1,,,,,0.017063,DEFAULT
ga,hfvrp_n001_m03_s04,1,3,0.100000,10,122.386776,0.000000,122.386776,0.000000,,,0,1,,,,,0.004196,SMALL
ga,hfvrp_n001_m03_s03,1,3,0.100000,10,130.438737,0.000000,130.438737,0.000000,,,0,1,,,,,0.242521,MEDIUM
ga,hfvrp_n001_m03_s04,1,3,0.100000,10,122.386776,0.000000,122.386776,0.000000,,,0,1,,,,,0.240054,MEDIUM
ga,hfvrp_n001_m03_s02,1,3,0.100000,75,156.310634,50.546098,161.365244,0.000000,,,0,1,,,,,0.719759,BIG
ga,hfvrp_n001_m03_s02,1,3,0.100000,100,156.310634,50.546098,161.365244,0.000000,,,0,1,,,,,0.012383,DEFAULT
ga,hfvrp_n001_m03_s02,1,3,0.100000,100,156.310634,50.546098,161.365244,0.000000,,,0,1,,,,,0.002422,SMALL
ga,ex5_3v_one_used_feasible,3,3,0.100000,19345,107.597980,120.710678,119.669048,0.000000,,,0,1,,,,,1.154101,BIG
ga,ex5_3v_one_used_feasible,3,3,0.100000,1788146764452342949,107.597980,120.710678,119.669048,0.000000,,,0,1,,,,,0.022014,DEFAULT
ga,ex5_3v_one_used_feasible,3,3,0.100000,1788146760187253424,107.597980,120.710678,119.669048,0.000000,,,0,1,,,,,0.003597,SMALL
ga,hfvrp_n001_m03_s02,1,3,0.100000,100,156.310634,50.546098,161.365244,0.000000,,,0,1,,,,,0.250298,MEDIUM
ga,hfvrp_n001_m03_s03,1,3,0.100000,10,130.438737,0.000000,130.438737,0.000000,,,0,1,,,,,0.724652,BIG
ga,ex5_3v_one_used_feasible,3,3,0.100000,1788146755899588076,107.597980,120.710678,119.669048,0.000000,,,0,1,,,,,0.376599,MEDIUM
ga,hfvrp_n001_m03_s03,1,3,0.100000,50,130.438737,0.000000,130.438737,0.000000,,,0,1,,,,,0.013390,DEFAULT
ga,hfvrp_n001_m03_s03,1,3,0.100000,50,130.438737,0.000000,130.438737,0.000000,,,0,1,,,,,0.001455,SMALL
ga,ex3_3v_all_feasible,3,3,0.100000,19345,162.000000,20.000000,164.000000,0.000000,,,0,1,,,,,1.179921,BIG
ga,ex3_3v_all_feasible,3,3,0.100000,1788146833621521876,162.000000,20.000000,164.000000,0.000000,,,0,1,,,,,0.023062,DEFAULT
ga,ex3_3v_all_feasible,3,3,0.100000,1788146829356542630,162.000000,20.000000,164.000000,0.000000,,,0,1,,,,,0.005034,SMALL
ga,hfvrp_n001_m03_s04,1,3,0.100000,10,122.386776,0.000000,122.386776,0.000000,,,0,1,,,,,0.728424,BIG
ga,hfvrp_n001_m03_s04,1,3,0.100000,50,122.386776,0.000000,122.386776,0.000000,,,0,1,,,,,0.012556,DEFAULT
ga,hfvrp_n001_m03_s04,1,3,0.100000,50,122.386776,0.000000,122.386776,0.000000,,,0,1,,,,,0.001324,SMALL
ga,hfvrp_n001_m03_s03,1,3,0.100000,50,130.438737,0.000000,130.438737,0.000000,,,0,1,,,,,0.243916,MEDIUM
ga,ex4_3v_infeasible,4,3,0.100000,9999,141.798990,0.000000,141.798990,0.000000,,,0,0,,,,,1.325811,BIG
ga,ex4_3v_infeasible,4,3,0.100000,19345,141.798990,0.000000,141.798990,0.000000,,,0,0,,,,,0.021479,DEFAULT
ga,ex4_3v_infeasible,4,3,0.100000,19345,141.798990,0.000000,141.798990,0.000000,,,0,0,,,,,0.002235,SMALL
ga,hfvrp_n001_m03_s04,1,3,0.100000,50,122.386776,0.000000,122.386776,0.000000,,,0,1,,,,,0.241522,MEDIUM
ga,hfvrp_n001_m03_s02,1,3,0.100000,100,156.310634,50.546098,161.365244,0.000000,,,0,1,,,,,0.731069,BIG
ga,hfvrp_n001_m03_s02,1,3,0.100000,200,156.310634,50.546098,161.365244,0.000000,,,0,1,,,,,0.012437,DEFAULT
ga,hfvrp_n001_m03_s02,1,3,0.100000,200,156.310634,50.546098,161.365244,0.000000,,,0,1,,,,,0.001326,SMALL
ga,ex3_3v_all_feasible,3,3,0.100000,1788146825070404929,162.000000,20.000000,164.000000,0.000000,,,0,1,,,,,0.395595,MEDIUM
ga,hfvrp_n001_m03_s02,1,3,0.100000,200,156.310634,50.546098,161.365244,0.000000,,,0,1,,,,,0.239753,MEDIUM
ga,ex4_3v_infeasible,4,3,0.100000,19345,141.798990,0.000000,141.798990,0.000000,,,0,0,,,,,0.442686,MEDIUM
ga,hfvrp_n001_m03_s03,1,3,0.100000,50,130.438737,0.000000,130.438737,0.000000,,,0,1,,,,,0.720956,BIG
ga,hfvrp_n001_m03_s03,1,3,0.100000,75,130.438737,0.000000,130.438737,0.000000,,,0,1,,,,,0.012366,DEFAULT
ga,hfvrp_n001_m03_s03,1,3,0.100000,75,130.438737,0.000000,130.438737,0.000000,,,0,1,,,,,0.004176,SMALL
ga,hfvrp_n001_m03_s04,1,3,0.100000,50,122.386776,0.000000,122.386776,0.000000,,,0,1,,,,,0.723632,BIG
ga,hfvrp_n001_m03_s04,1,3,0.100000,75,122.386776,0.000000,122.386776,0.000000,,,0,1,,,,,0.013232,DEFAULT
ga,hfvrp_n001_m03_s04,1,3,0.100000,75,122.386776,0.000000,122.386776,0.000000,,,0,1,,,,,0.001365,SMALL
ga,ex5_3v_one_used_feasible,3,3,0.100000,1788146863658334133,107.597980,120.710678,119.669048,0.000000,,,0,1,,,,,1.159211,BIG
ga,hfvrp_n001_m03_s05,1,3,0.100000,1788147693786336355,89.097550,34.548775,92.552427,0.000000,,,0,1,,,,,0.015470,DEFAULT
ga,hfvrp_n001_m03_s05,1,3,0.100000,1788147689510530480,89.097550,34.548775,92.552427,0.000000,,,0,1,,,,,0.001336,SMALL
ga,hfvrp_n001_m03_s03,1,3,0.100000,75,130.438737,0.000000,130.438737,0.000000,,,0,1,,,,,0.249577,MEDIUM
ga,hfvrp_n001_m03_s04,1,3,0.100000,75,122.386776,0.000000,122.386776,0.000000,,,0,1,,,,,0.247137,MEDIUM
ga,hfvrp_n001_m03_s02,1,3,0.100000,200,156.310634,50.546098,161.365244,0.000000,,,0,1,,,,,0.750091,BIG
ga,hfvrp_n001_m03_s05,1,3,0.100000,1788147685220539736,89.097550,34.548775,92.552427,0.000000,,,0,1,,,,,0.240822,MEDIUM
ga,hfvrp_n001_m03_s02,1,3,0.100000,999,156.310634,50.546098,161.365244,0.000000,,,0,1,,,,,0.016129,DEFAULT
ga,hfvrp_n001_m03_s02,1,3,0.100000,999,156.310634,50.546098,161.365244,0.000000,,,0,1,,,,,0.001329,SMALL
ga,ex3_3v_all_feasible,3,3,0.100000,1788147821902397320,162.000000,20.000000,164.000000,0.000000,,,0,1,,,,,1.183295,BIG
ga,hfvrp_n002_m03_s01,2,3,0.100000,1788147445178991914,262.852855,468.007587,309.653613,0.000000,,,0,1,,,,,0.017442,DEFAULT
ga,hfvrp_n002_m03_s01,2,3,0.100000,1788147578344145144,262.852855,468.007587,309.653613,0.000000,,,0,1,,,,,0.001641,SMALL
ga,hfvrp_n001_m03_s02,1,3,0.100000,999,156.310634,50.546098,161.365244,0.000000,,,0,1,,,,,0.243249,MEDIUM
ga,hfvrp_n001_m03_s03,1,3,0.100000,75,130.438737,0.000000,130.438737,0.000000,,,0,1,,,,,0.727106,BIG
ga,hfvrp_n001_m03_s03,1,3,0.100000,100,130.438737,0.000000,130.438737,0.000000,,,0,1,,,,,0.013087,DEFAULT
ga,hfvrp_n001_m03_s03,1,3,0.100000,100,130.438737,0.000000,130.438737,0.000000,,,0,1,,,,,0.002371,SMALL
ga,hfvrp_n002_m03_s01,2,3,0.100000,1788147574058437378,262.852855,468.007587,309.653613,0.000000,,,0,1,,,,,0.321641,MEDIUM
ga,ex4_3v_infeasible,4,3,0.100000,19345,141.798990,0.000000,141.798990,0.000000,,,0,0,,,,,1.330112,BIG
ga,ex4_3v_infeasible,4,3,0.100000,1788147514327675166,141.798990,0.000000,141.798990,0.000000,,,0,0,,,,,0.023748,DEFAULT
ga,hfvrp_n001_m03_s04,1,3,0.100000,75,122.386776,0.000000,122.386776,0.000000,,,0,1,,,,,0.732173,BIG
ga,ex4_3v_infeasible,4,3,0.100000,1788147364036215177,141.798990,0.000000,141.798990,0.000000,,,0,0,,,,,0.005671,SMALL
ga,hfvrp_n001_m03_s04,1,3,0.100000,100,122.386776,0.000000,122.386776,0.000000,,,0,1,,,,,0.016282,DEFAULT
ga,hfvrp_n001_m03_s04,1,3,0.100000,100,122.386776,0.000000,122.386776,0.000000,,,0,1,,,,,0.002213,SMALL
ga,hfvrp_n001_m03_s05,1,3,0.100000,1788147659695420494,89.097550,34.548775,92.552427,0.000000,,,0,1,,,,,0.737467,BIG
ga,hfvrp_n001_m03_s05,1,3,0.100000,1,89.097550,34.548775,92.552427,0.000000,,,0,1,,,,,0.014631,DEFAULT
ga,hfvrp_n001_m03_s05,1,3,0.100000,1,89.097550,34.548775,92.552427,0.000000,,,0,1,,,,,0.002599,SMALL
ga,hfvrp_n001_m03_s03,1,3,0.100000,100,130.438737,0.000000,130.438737,0.000000,,,0,1,,,,,0.249887,MEDIUM
ga,hfvrp_n001_m03_s04,1,3,0.100000,100,122.386776,0.000000,122.386776,0.000000,,,0,1,,,,,0.242776,MEDIUM
ga,hfvrp_n001_m03_s02,1,3,0.100000,999,156.310634,50.546098,161.365244,0.000000,,,0,1,,,,,0.728982,BIG
ga,hfvrp_n001_m03_s05,1,3,0.100000,1,89.097550,34.548775,92.552427,0.000000,,,0,1,,,,,0.240491,MEDIUM
ga,hfvrp_n001_m03_s02,1,3,0.100000,1234,156.310634,50.546098,161.365244,0.000000,,,0,1,,,,,0.016776,DEFAULT
ga,hfvrp_n001_m03_s02,1,3,0.100000,1234,156.310634,50.546098,161.365244,0.000000,,,0,1,,,,,0.002561,SMALL
ga,ex4_3v_infeasible,4,3,0.100000,1788147346865985227,141.798990,0.000000,141.798990,0.000000,,,0,0,,,,,0.440829,MEDIUM
ga,hfvrp_n001_m03_s02,1,3,0.100000,1234,156.310634,50.546098,161.365244,0.000000,,,0,1,,,,,0.247889,MEDIUM
ga,hfvrp_n001_m03_s03,1,3,0.100000,100,130.438737,0.000000,130.438737,0.000000,,,0,1,,,,,0.715816,BIG
ga,hfvrp_n002_m03_s01,2,3,0.100000,1788147535729293512,262.852855,468.007587,309.653613,0.000000,,,0,1,,,,,0.973484,BIG
ga,hfvrp_n001_m03_s03,1,3,0.100000,200,130.438737,0.000000,130.438737,0.000000,,,0,1,,,,,0.013819,DEFAULT
ga,hfvrp_n001_m03_s03,1,3,0.100000,200,130.438737,0.000000,130.438737,0.000000,,,0,1,,,,,0.002616,SMALL
ga,hfvrp_n002_m03_s01,2,3,0.100000,1,262.852855,468.007587,309.653613,0.000000,,,0,1,,,,,0.019848,DEFAULT
ga,hfvrp_n002_m03_s01,2,3,0.100000,1,262.852855,468.007587,309.653613,0.000000,,,0,1,,,,,0.002582,SMALL
ga,hfvrp_n001_m03_s04,1,3,0.100000,100,122.386776,0.000000,122.386776,0.000000,,,0,1,,,,,0.727190,BIG
ga,hfvrp_n001_m03_s04,1,3,0.100000,200,122.386776,0.000000,122.386776,0.000000,,,0,1,,,,,0.012062,DEFAULT
ga,hfvrp_n001_m03_s04,1,3,0.100000,200,122.386776,0.000000,122.386776,0.000000,,,0,1,,,,,0.003354,SMALL
ga,hfvrp_n001_m03_s05,1,3,0.100000,1,89.097550,34.548775,92.552427,0.000000,,,0,1,,,,,0.732568,BIG
ga,hfvrp_n001_m03_s05,1,3,0.100000,10,89.097550,34.548775,92.552427,0.000000,,,0,1,,,,,0.012308,DEFAULT
ga,hfvrp_n001_m03_s05,1,3,0.100000,10,89.097550,34.548775,92.552427,0.000000,,,0,1,,,,,0.001297,SMALL
ga,hfvrp_n001_m03_s03,1,3,0.100000,200,130.438737,0.000000,130.438737,0.000000,,,0,1,,,,,0.245952,MEDIUM
ga,hfvrp_n002_m03_s01,2,3,0.100000,1,262.852855,468.007587,309.653613,0.000000,,,0,1,,,,,0.319762,MEDIUM
ga,hfvrp_n001_m03_s04,1,3,0.100000,200,122.386776,0.000000,122.386776,0.000000,,,0,1,,,,,0.240452,MEDIUM
ga,hfvrp_n001_m03_s05,1,3,0.100000,10,89.097550,34.548775,92.552427,0.000000,,,0,1,,,,,0.238096,MEDIUM
ga,hfvrp_n001_m03_s02,1,3,0.100000,1234,156.310634,50.546098,161.365244,0.000000,,,0,1,,,,,0.733421,BIG
ga,hfvrp_n001_m03_s02,1,3,0.100000,9999,156.310634,50.546098,161.365244,0.000000,,,0,1,,,,,0.012457,DEFAULT
ga,hfvrp_n001_m03_s02,1,3,0.100000,9999,156.310634,50.546098,161.365244,0.000000,,,0,1,,,,,0.004211,SMALL
ga,hfvrp_n001_m03_s02,1,3,0.100000,9999,156.310634,50.546098,161.365244,0.000000,,,0,1,,,,,0.239164,MEDIUM
ga,ex4_3v_infeasible,4,3,0.100000,1788147398854279471,141.798990,0.000000,141.798990,0.000000,,,0,0,,,,,1.313585,BIG
ga,hfvrp_n002_m03_s02,2,3,0.100000,1788141537580895382,139.033247,41.343143,143.167561,0.000000,,,0,1,,,,,0.016286,DEFAULT
ga,hfvrp_n002_m03_s02,2,3,0.100000,1788141541899906416,139.033247,41.343143,143.167561,0.000000,,,0,1,,,,,0.005444,SMALL
ga,hfvrp_n001_m03_s03,1,3,0.100000,200,130.438737,0.000000,130.438737,0.000000,,,0,1,,,,,0.723578,BIG
ga,hfvrp_n001_m03_s03,1,3,0.100000,999,130.438737,0.000000,130.438737,0.000000,,,0,1,,,,,0.014684,DEFAULT
ga,hfvrp_n001_m03_s03,1,3,0.100000,999,130.438737,0.000000,130.438737,0.000000,,,0,1,,,,,0.001227,SMALL
ga,hfvrp_n001_m03_s04,1,3,0.100000,200,122.386776,0.000000,122.386776,0.000000,,,0,1,,,,,0.731386,BIG
ga,hfvrp_n001_m03_s04,1,3,0.100000,999,122.386776,0.000000,122.386776,0.000000,,,0,1,,,,,0.016809,DEFAULT
ga,hfvrp_n001_m03_s04,1,3,0.100000,999,122.386776,0.000000,122.386776,0.000000,,,0,1,,,,,0.001331,SMALL
ga,hfvrp_n001_m03_s05,1,3,0.100000,10,89.097550,34.548775,92.552427,0.000000,,,0,1,,,,,0.736622,BIG
ga,hfvrp_n001_m03_s05,1,3,0.100000,50,89.097550,34.548775,92.552427,0.000000,,,0,1,,,,,0.015166,DEFAULT
ga,hfvrp_n001_m03_s05,1,3,0.100000,50,89.097550,34.548775,92.552427,0.000000,,,0,1,,,,,0.001231,SMALL
ga,hfvrp_n001_m03_s03,1,3,0.100000,999,130.438737,0.000000,130.438737,0.000000,,,0,1,,,,,0.243189,MEDIUM
ga,hfvrp_n002_m03_s02,2,3,0.100000,1788141546205950590,139.033247,41.343143,143.167561,0.000000,,,0,1,,,,,0.317993,MEDIUM
ga,hfvrp_n002_m03_s01,2,3,0.100000,1,262.852855,468.007587,309.653613,0.000000,,,0,1,,,,,0.968573,BIG
ga,hfvrp_n002_m03_s01,2,3,0.100000,10,262.852855,468.007587,309.653613,0.000000,,,0,1,,,,,0.016597,DEFAULT
ga,hfvrp_n002_m03_s01,2,3,0.100000,10,262.852855,468.007587,309.653613,0.000000,,,0,1,,,,,0.001615,SMALL
ga,hfvrp_n001_m03_s04,1,3,0.100000,999,122.386776,0.000000,122.386776,0.000000,,,0,1,,,,,0.242843,MEDIUM
ga,hfvrp_n001_m03_s05,1,3,0.100000,50,89.097550,34.548775,92.552427,0.000000,,,0,1,,,,,0.239066,MEDIUM
ga,hfvrp_n001_m03_s02,1,3,0.100000,9999,156.310634,50.546098,161.365244,0.000000,,,0,1,,,,,0.736063,BIG
ga,hfvrp_n001_m03_s02,1,3,0.100000,19345,156.310634,50.546098,161.365244,0.000000,,,0,1,,,,,0.015860,DEFAULT
ga,hfvrp_n001_m03_s02,1,3,0.100000,19345,156.310634,50.546098,161.365244,0.000000,,,0,1,,,,,0.002528,SMALL
ga,hfvrp_n002_m03_s01,2,3,0.100000,10,262.852855,468.007587,309.653613,0.000000,,,0,1,,,,,0.316603,MEDIUM
ga,hfvrp_n001_m03_s02,1,3,0.100000,19345,156.310634,50.546098,161.365244,0.000000,,,0,1,,,,,0.238897,MEDIUM
ga,hfvrp_n001_m03_s03,1,3,0.100000,999,130.438737,0.000000,130.438737,0.000000,,,0,1,,,,,0.719847,BIG
ga,hfvrp_n001_m03_s03,1,3,0.100000,1234,130.438737,0.000000,130.438737,0.000000,,,0,1,,,,,0.015646,DEFAULT
ga,hfvrp_n001_m03_s03,1,3,0.100000,1234,130.438737,0.000000,130.438737,0.000000,,,0,1,,,,,0.002720,SMALL
ga,hfvrp_n001_m03_s04,1,3,0.100000,999,122.386776,0.000000,122.386776,0.000000,,,0,1,,,,,0.721259,BIG
ga,hfvrp_n001_m03_s04,1,3,0.100000,1234,122.386776,0.000000,122.386776,0.000000,,,0,1,,,,,0.013992,DEFAULT
ga,hfvrp_n001_m03_s04,1,3,0.100000,1234,122.386776,0.000000,122.386776,0.000000,,,0,1,,,,,0.004239,SMALL
ga,hfvrp_n001_m03_s05,1,3,0.100000,50,89.097550,34.548775,92.552427,0.000000,,,0,1,,,,,0.721466,BIG
ga,hfvrp_n002_m03_s02,2,3,0.100000,1788141507873009976,139.033247,41.343143,143.167561,0.000000,,,0,1,,,,,0.954728,BIG
ga,hfvrp_n001_m03_s05,1,3,0.100000,75,89.097550,34.548775,92.552427,0.000000,,,0,1,,,,,0.016080,DEFAULT
ga,hfvrp_n001_m03_s05,1,3,0.100000,75,89.097550,34.548775,92.552427,0.000000,,,0,1,,,,,0.001337,SMALL
ga,hfvrp_n002_m03_s02,2,3,0.100000,1,139.033247,41.343143,143.167561,0.000000,,,0,1,,,,,0.018541,DEFAULT
ga,hfvrp_n002_m03_s02,2,3,0.100000,1,139.033247,41.343143,143.167561,0.000000,,,0,1,,,,,0.004282,SMALL
ga,hfvrp_n001_m03_s03,1,3,0.100000,1234,130.438737,0.000000,130.438737,0.000000,,,0,1,,,,,0.252078,MEDIUM
ga,hfvrp_n001_m03_s04,1,3,0.100000,1234,122.386776,0.000000,122.386776,0.000000,,,0,1,,,,,0.244129,MEDIUM
ga,hfvrp_n001_m03_s05,1,3,0.100000,75,89.097550,34.548775,92.552427,0.000000,,,0,1,,,,,0.242067,MEDIUM
ga,hfvrp_n001_m03_s02,1,3,0.100000,19345,156.310634,50.546098,161.365244,0.000000,,,0,1,,,,,0.726153,BIG
ga,hfvrp_n001_m03_s02,1,3,0.100000,1788142290793049804,156.310634,50.546098,161.365244,0.000000,,,0,1,,,,,0.014891,DEFAULT
ga,hfvrp_n001_m03_s02,1,3,0.100000,1788142295106639476,156.310634,50.546098,161.365244,0.000000,,,0,1,,,,,0.001332,SMALL
ga,hfvrp_n002_m03_s02,2,3,0.100000,1,139.033247,41.343143,143.167561,0.000000,,,0,1,,,,,0.314107,MEDIUM
ga,hfvrp_n002_m03_s01,2,3,0.100000,10,262.852855,468.007587,309.653613,0.000000,,,0,1,,,,,0.972680,BIG
ga,hfvrp_n002_m03_s01,2,3,0.100000,50,262.852855,468.007587,309.653613,0.000000,,,0,1,,,,,0.019915,DEFAULT
ga,hfvrp_n002_m03_s01,2,3,0.100000,50,262.852855,468.007587,309.653613,0.000000,,,0,1,,,,,0.003715,SMALL
ga,hfvrp_n001_m03_s02,1,3,0.100000,1788142299411142402,156.310634,50.546098,161.365244,0.000000,,,0,1,,,,,0.245713,MEDIUM
ga,hfvrp_n001_m03_s03,1,3,0.100000,1234,130.438737,0.000000,130.438737,0.000000,,,0,1,,,,,0.724275,BIG
ga,hfvrp_n002_m03_s01,2,3,0.100000,50,262.852855,468.007587,309.653613,0.000000,,,0,1,,,,,0.316935,MEDIUM
ga,hfvrp_n001_m03_s03,1,3,0.100000,9999,130.438737,0.000000,130.438737,0.000000,,,0,1,,,,,0.012417,DEFAULT
ga,hfvrp_n001_m03_s03,1,3,0.100000,9999,130.438737,0.000000,130.438737,0.000000,,,0,1,,,,,0.001343,SMALL
ga,hfvrp_n001_m03_s04,1,3,0.100000,1234,122.386776,0.000000,122.386776,0.000000,,,0,1,,,,,0.724164,BIG
ga,hfvrp_n001_m03_s04,1,3,0.100000,9999,122.386776,0.000000,122.386776,0.000000,,,0,1,,,,,0.013374,DEFAULT
ga,hfvrp_n001_m03_s04,1,3,0.100000,9999,122.386776,0.000000,122.386776,0.000000,,,0,1,,,,,0.001333,SMALL
ga,hfvrp_n001_m03_s05,1,3,0.100000,75,89.097550,34.548775,92.552427,0.000000,,,0,1,,,,,0.743817,BIG
ga,hfvrp_n001_m03_s05,1,3,0.100000,100,89.097550,34.548775,92.552427,0.000000,,,0,1,,,,,0.017376,DEFAULT
ga,hfvrp_n001_m03_s05,1,3,0.100000,100,89.097550,34.548775,92.552427,0.000000,,,0,1,,,,,0.001233,SMALL
ga,hfvrp_n001_m03_s03,1,3,0.100000,9999,130.438737,0.000000,130.438737,0.000000,,,0,1,,,,,0.250465,MEDIUM
ga,hfvrp_n001_m03_s04,1,3,0.100000,9999,122.386776,0.000000,122.386776,0.000000,,,0,1,,,,,0.241768,MEDIUM
ga,hfvrp_n001_m03_s02,1,3,0.100000,1788142338319742460,156.310634,50.546098,161.365244,0.000000,,,0,1,,,,,0.730301,BIG
ga,hfvrp_n001_m03_s05,1,3,0.100000,100,89.097550,34.548775,92.552427,0.000000,,,0,1,,,,,0.240300,MEDIUM
ga,hfvrp_n002_m03_s02,2,3,0.100000,1,139.033247,41.343143,143.167561,0.000000,,,0,1,,,,,0.942230,BIG
ga,hfvrp_n002_m03_s02,2,3,0.100000,10,139.033247,41.343143,143.167561,0.000000,,,0,1,,,,,0.015957,DEFAULT
ga,hfvrp_n002_m03_s02,2,3,0.100000,10,139.033247,41.343143,143.167561,0.000000,,,0,1,,,,,0.001728,SMALL
ga,hfvrp_n002_m03_s03,2,3,0.100000,1788142115762037282,185.309216,25.338303,187.843046,0.000000,,,0,1,,,,,0.017590,DEFAULT
ga,hfvrp_n002_m03_s03,2,3,0.100000,1788142128668273781,185.309216,25.338303,187.843046,0.000000,,,0,1,,,,,0.001624,SMALL
ga,hfvrp_n002_m03_s02,2,3,0.100000,10,139.033247,41.343143,143.167561,0.000000,,,0,1,,,,,0.308331,MEDIUM
ga,hfvrp_n002_m03_s03,2,3,0.100000,1788142132968497859,185.309216,25.338303,187.843046,0.000000,,,0,1,,,,,0.316096,MEDIUM
ga,hfvrp_n002_m03_s01,2,3,0.100000,50,262.852855,468.007587,309.653613,0.000000,,,0,1,,,,,0.968675,BIG
ga,hfvrp_n001_m03_s03,1,3,0.100000,9999,130.438737,0.000000,130.438737,0.000000,,,0,1,,,,,0.718926,BIG
ga,hfvrp_n002_m03_s01,2,3,0.100000,75,262.852855,468.007587,309.653613,0.000000,,,0,1,,,,,0.019623,DEFAULT
ga,hfvrp_n001_m03_s03,1,3,0.100000,19345,130.438737,0.000000,130.438737,0.000000,,,0,1,,,,,0.012415,DEFAULT
ga,hfvrp_n002_m03_s01,2,3,0.100000,75,262.852855,468.007587,309.653613,0.000000,,,0,1,,,,,0.002531,SMALL
ga,hfvrp_n001_m03_s03,1,3,0.100000,19345,130.438737,0.000000,130.438737,0.000000,,,0,1,,,,,0.001328,SMALL
ga,hfvrp_n001_m03_s04,1,3,0.100000,9999,122.386776,0.000000,122.386776,0.000000,,,0,1,,,,,0.729944,BIG
ga,hfvrp_n001_m03_s04,1,3,0.100000,19345,122.386776,0.000000,122.386776,0.000000,,,0,1,,,,,0.016243,DEFAULT
ga,hfvrp_n001_m03_s04,1,3,0.100000,19345,122.386776,0.000000,122.386776,0.000000,,,0,1,,,,,0.001236,SMALL
ga,hfvrp_n001_m03_s05,1,3,0.100000,100,89.097550,34.548775,92.552427,0.000000,,,0,1,,,,,0.729477,BIG
ga,hfvrp_n001_m03_s05,1,3,0.100000,200,89.097550,34.548775,92.552427,0.000000,,,0,1,,,,,0.012482,DEFAULT
ga,hfvrp_n001_m03_s05,1,3,0.100000,200,89.097550,34.548775,92.552427,0.000000,,,0,1,,,,,0.002559,SMALL
ga,hfvrp_n001_m03_s03,1,3,0.100000,19345,130.438737,0.000000,130.438737,0.000000,,,0,1,,,,,0.246457,MEDIUM
ga,hfvrp_n002_m03_s01,2,3,0.100000,75,262.852855,468.007587,309.653613,0.000000,,,0,1,,,,,0.324850,MEDIUM
ga,hfvrp_n001_m03_s04,1,3,0.100000,19345,122.386776,0.000000,122.386776,0.000000,,,0,1,,,,,0.242625,MEDIUM
ga,hfvrp_n001_m03_s05,1,3,0.100000,200,89.097550,34.548775,92.552427,0.000000,,,0,1,,,,,0.238580,MEDIUM
ga,hfvrp_n002_m03_s02,2,3,0.100000,10,139.033247,41.343143,143.167561,0.000000,,,0,1,,,,,0.937816,BIG
ga,hfvrp_n002_m03_s02,2,3,0.100000,50,139.033247,41.343143,143.167561,0.000000,,,0,1,,,,,0.015961,DEFAULT
ga,hfvrp_n002_m03_s02,2,3,0.100000,50,139.033247,41.343143,143.167561,0.000000,,,0,1,,,,,0.001707,SMALL
ga,hfvrp_n002_m03_s03,2,3,0.100000,1788142141878555373,185.309216,25.338303,187.843046,0.000000,,,0,1,,,,,0.965553,BIG
ga,hfvrp_n002_m03_s03,2,3,0.100000,1,185.309216,25.338303,187.843046,0.000000,,,0,1,,,,,0.015598,DEFAULT
ga,hfvrp_n002_m03_s03,2,3,0.100000,1,185.309216,25.338303,187.843046,0.000000,,,0,1,,,,,0.004015,SMALL
ga,hfvrp_n001_m03_s03,1,3,0.100000,19345,130.438737,0.000000,130.438737,0.000000,,,0,1,,,,,0.717947,BIG
ga,hfvrp_n001_m03_s03,1,3,0.100000,1788141812304122482,130.438737,0.000000,130.438737,0.000000,,,0,1,,,,,0.013647,DEFAULT
ga,hfvrp_n001_m03_s03,1,3,0.100000,1788141808029405545,130.438737,0.000000,130.438737,0.000000,,,0,1,,,,,0.003691,SMALL
ga,hfvrp_n002_m03_s02,2,3,0.100000,50,139.033247,41.343143,143.167561,0.000000,,,0,1,,,,,0.311485,MEDIUM
ga,hfvrp_n001_m03_s04,1,3,0.100000,19345,122.386776,0.000000,122.386776,0.000000,,,0,1,,,,,0.723477,BIG
ga,hfvrp_n001_m03_s04,1,3,0.100000,1788141846828008488,122.386776,0.000000,122.386776,0.000000,,,0,1,,,,,0.013668,DEFAULT
ga,hfvrp_n001_m03_s04,1,3,0.100000,1788141842550412748,122.386776,0.000000,122.386776,0.000000,,,0,1,,,,,0.001330,SMALL
ga,hfvrp_n002_m03_s03,2,3,0.100000,1,185.309216,25.338303,187.843046,0.000000,,,0,1,,,,,0.323500,MEDIUM
ga,hfvrp_n001_m03_s05,1,3,0.100000,200,89.097550,34.548775,92.552427,0.000000,,,0,1,,,,,0.735942,BIG
ga,hfvrp_n001_m03_s05,1,3,0.100000,999,89.097550,34.548775,92.552427,0.000000,,,0,1,,,,,0.017078,DEFAULT
ga,hfvrp_n001_m03_s05,1,3,0.100000,999,89.097550,34.548775,92.552427,0.000000,,,0,1,,,,,0.001233,SMALL
ga,hfvrp_n001_m03_s03,1,3,0.100000,1788141820922951259,130.438737,0.000000,130.438737,0.000000,,,0,1,,,,,0.246431,MEDIUM
ga,hfvrp_n002_m03_s01,2,3,0.100000,75,262.852855,468.007587,309.653613,0.000000,,,0,1,,,,,0.964112,BIG
ga,hfvrp_n002_m03_s01,2,3,0.100000,100,262.852855,468.007587,309.653613,0.000000,,,0,1,,,,,0.019867,DEFAULT
ga,hfvrp_n002_m03_s01,2,3,0.100000,100,262.852855,468.007587,309.653613,0.000000,,,0,1,,,,,0.002563,SMALL
ga,hfvrp_n001_m03_s04,1,3,0.100000,1788141855440318390,122.386776,0.000000,122.386776,0.000000,,,0,1,,,,,0.243658,MEDIUM
ga,hfvrp_n001_m03_s05,1,3,0.100000,999,89.097550,34.548775,92.552427,0.000000,,,0,1,,,,,0.241053,MEDIUM
ga,hfvrp_n002_m03_s01,2,3,0.100000,100,262.852855,468.007587,309.653613,0.000000,,,0,1,,,,,0.316276,MEDIUM
ga,hfvrp_n001_m03_s03,1,3,0.100000,1788140648646880090,130.438737,0.000000,130.438737,0.000000,,,0,1,,,,,0.714556,BIG
ga,hfvrp_n002_m03_s04,2,3,0.100000,1788140615055411026,174.940044,35.445494,178.484594,0.000000,,,0,1,,,,,0.018347,DEFAULT
ga,hfvrp_n002_m03_s04,2,3,0.100000,1788140627965207077,174.940044,35.445494,178.484594,0.000000,,,0,1,,,,,0.003396,SMALL
ga,hfvrp_n002_m03_s02,2,3,0.100000,50,139.033247,41.343143,143.167561,0.000000,,,0,1,,,,,0.938661,BIG
ga,hfvrp_n002_m03_s02,2,3,0.100000,75,139.033247,41.343143,143.167561,0.000000,,,0,1,,,,,0.018195,DEFAULT
ga,hfvrp_n002_m03_s02,2,3,0.100000,75,139.033247,41.343143,143.167561,0.000000,,,0,1,,,,,0.001712,SMALL
ga,hfvrp_n001_m03_s04,1,3,0.100000,1788140683161320574,122.386776,0.000000,122.386776,0.000000,,,0,1,,,,,0.724764,BIG
ga,hfvrp_n002_m03_s03,2,3,0.100000,1,185.309216,25.338303,187.843046,0.000000,,,0,1,,,,,0.964254,BIG
ga,hfvrp_n002_m03_s03,2,3,0.100000,10,185.309216,25.338303,187.843046,0.000000,,,0,1,,,,,0.019651,DEFAULT
ga,hfvrp_n002_m03_s03,2,3,0.100000,10,185.309216,25.338303,187.843046,0.000000,,,0,1,,,,,0.002430,SMALL
ga,hfvrp_n002_m03_s05,2,3,0.100000,1788140460582469547,302.671304,316.313399,334.302644,0.000000,,,0,1,,,,,0.016352,DEFAULT
ga,hfvrp_n002_m03_s05,2,3,0.100000,1788140482077342921,302.671304,316.313399,334.302644,0.000000,,,0,1,,,,,0.001696,SMALL
ga,hfvrp_n001_m03_s05,1,3,0.100000,999,89.097550,34.548775,92.552427,0.000000,,,0,1,,,,,0.749783,BIG
ga,hfvrp_n001_m03_s05,1,3,0.100000,1234,89.097550,34.548775,92.552427,0.000000,,,0,1,,,,,0.012412,DEFAULT
ga,hfvrp_n001_m03_s05,1,3,0.100000,1234,89.097550,34.548775,92.552427,0.000000,,,0,1,,,,,0.001329,SMALL
ga,hfvrp_n002_m03_s04,2,3,0.100000,1788140623677647381,174.940044,35.445494,178.484594,0.000000,,,0,1,,,,,0.318535,MEDIUM
ga,hfvrp_n002_m03_s02,2,3,0.100000,75,139.033247,41.343143,143.167561,0.000000,,,0,1,,,,,0.320101,MEDIUM
ga,hfvrp_n002_m03_s05,2,3,0.100000,1788140477787701328,302.671304,316.313399,334.302644,0.000000,,,0,1,,,,,0.308209,MEDIUM
ga,hfvrp_n002_m03_s03,2,3,0.100000,10,185.309216,25.338303,187.843046,0.000000,,,0,1,,,,,0.323730,MEDIUM
ga,hfvrp_n001_m03_s05,1,3,0.100000,1234,89.097550,34.548775,92.552427,0.000000,,,0,1,,,,,0.238153,MEDIUM
ga,hfvrp_n002_m03_s01,2,3,0.100000,100,262.852855,468.007587,309.653613,0.000000,,,0,1,,,,,0.974237,BIG
ga,hfvrp_n002_m03_s01,2,3,0.100000,200,262.852855,468.007587,309.653613,0.000000,,,0,1,,,,,0.020929,DEFAULT
ga,hfvrp_n002_m03_s01,2,3,0.100000,200,262.852855,468.007587,309.653613,0.000000,,,0,1,,,,,0.001653,SMALL
ga,hfvrp_n002_m03_s01,2,3,0.100000,200,262.852855,468.007587,309.653613,0.000000,,,0,1,,,,,0.343251,MEDIUM
ga,hfvrp_n001_m03_s05,1,3,0.100000,1234,89.097550,34.548775,92.552427,0.000000,,,0,1,,,,,0.717244,BIG
ga,hfvrp_n001_m03_s05,1,3,0.100000,9999,89.097550,34.548775,92.552427,0.000000,,,0,1,,,,,0.012449,DEFAULT
ga,hfvrp_n001_m03_s05,1,3,0.100000,9999,89.097550,34.548775,92.552427,0.000000,,,0,1,,,,,0.001369,SMALL
ga,hfvrp_n002_m03_s04,2,3,0.100000,1788140374891914582,174.940044,35.445494,178.484594,0.000000,,,0,1,,,,,0.926133,BIG
ga,hfvrp_n002_m03_s04,2,3,0.100000,1,174.940044,35.445494,178.484594,0.000000,,,0,1,,,,,0.020209,DEFAULT
ga,hfvrp_n002_m03_s04,2,3,0.100000,1,174.940044,35.445494,178.484594,0.000000,,,0,1,,,,,0.003127,SMALL
ga,hfvrp_n002_m03_s02,2,3,0.100000,75,139.033247,41.343143,143.167561,0.000000,,,0,1,,,,,0.928636,BIG
ga,hfvrp_n002_m03_s02,2,3,0.100000,100,139.033247,41.343143,143.167561,0.000000,,,0,1,,,,,0.020011,DEFAULT
ga,hfvrp_n002_m03_s02,2,3,0.100000,100,139.033247,41.343143,143.167561,0.000000,,,0,1,,,,,0.004093,SMALL
ga,hfvrp_n002_m03_s05,2,3,0.100000,1788140383614491561,302.671304,316.313399,334.302644,0.000000,,,0,1,,,,,0.937368,BIG
ga,hfvrp_n002_m03_s05,2,3,0.100000,1,302.671304,316.313399,334.302644,0.000000,,,0,1,,,,,0.015871,DEFAULT
ga,hfvrp_n002_m03_s03,2,3,0.100000,10,185.309216,25.338303,187.843046,0.000000,,,0,1,,,,,0.969569,BIG
ga,hfvrp_n002_m03_s05,2,3,0.100000,1,302.671304,316.313399,334.302644,0.000000,,,0,1,,,,,0.005348,SMALL
ga,hfvrp_n001_m03_s05,1,3,0.100000,9999,89.097550,34.548775,92.552427,0.000000,,,0,1,,,,,0.253905,MEDIUM
ga,hfvrp_n002_m03_s03,2,3,0.100000,50,185.309216,25.338303,187.843046,0.000000,,,0,1,,,,,0.018653,DEFAULT
ga,hfvrp_n002_m03_s03,2,3,0.100000,50,185.309216,25.338303,187.843046,0.000000,,,0,1,,,,,0.003831,SMALL
ga,hfvrp_n002_m03_s04,2,3,0.100000,1,174.940044,35.445494,178.484594,0.000000,,,0,1,,,,,0.321647,MEDIUM
ga,hfvrp_n002_m03_s02,2,3,0.100000,100,139.033247,41.343143,143.167561,0.000000,,,0,1,,,,,0.318399,MEDIUM
ga,hfvrp_n002_m03_s05,2,3,0.100000,1,302.671304,316.313399,334.302644,0.000000,,,0,1,,,,,0.312209,MEDIUM
ga,hfvrp_n002_m03_s03,2,3,0.100000,50,185.309216,25.338303,187.843046,0.000000,,,0,1,,,,,0.319427,MEDIUM
ga,hfvrp_n002_m03_s01,2,3,0.100000,200,262.852855,468.007587,309.653613,0.000000,,,0,1,,,,,0.976886,BIG
ga,hfvrp_n002_m03_s01,2,3,0.100000,999,262.852855,468.007587,309.653613,0.000000,,,0,1,,,,,0.017840,DEFAULT
ga,hfvrp_n002_m03_s01,2,3,0.100000,999,262.852855,468.007587,309.653613,0.000000,,,0,1,,,,,0.004022,SMALL
ga,hfvrp_n001_m03_s05,1,3,0.100000,9999,89.097550,34.548775,92.552427,0.000000,,,0,1,,,,,0.720704,BIG
ga,hfvrp_n001_m03_s05,1,3,0.100000,19345,89.097550,34.548775,92.552427,0.000000,,,0,1,,,,,0.013706,DEFAULT
ga,hfvrp_n001_m03_s05,1,3,0.100000,19345,89.097550,34.548775,92.552427,0.000000,,,0,1,,,,,0.001236,SMALL
ga,hfvrp_n002_m03_s01,2,3,0.100000,999,262.852855,468.007587,309.653613,0.000000,,,0,1,,,,,0.323748,MEDIUM
ga,hfvrp_n001_m03_s05,1,3,0.100000,19345,89.097550,34.548775,92.552427,0.000000,,,0,1,,,,,0.237353,MEDIUM
ga,hfvrp_n002_m03_s04,2,3,0.100000,1,174.940044,35.445494,178.484594,0.000000,,,0,1,,,,,0.929624,BIG
ga,hfvrp_n002_m03_s04,2,3,0.100000,10,174.940044,35.445494,178.484594,0.000000,,,0,1,,,,,0.016283,DEFAULT
ga,hfvrp_n002_m03_s04,2,3,0.100000,10,174.940044,35.445494,178.484594,0.000000,,,0,1,,,,,0.001589,SMALL
ga,hfvrp_n002_m03_s02,2,3,0.100000,100,139.033247,41.343143,143.167561,0.000000,,,0,1,,,,,0.931604,BIG
ga,hfvrp_n002_m03_s02,2,3,0.100000,200,139.033247,41.343143,143.167561,0.000000,,,0,1,,,,,0.018056,DEFAULT
ga,hfvrp_n002_m03_s02,2,3,0.100000,200,139.033247,41.343143,143.167561,0.000000,,,0,1,,,,,0.001611,SMALL
ga,hfvrp_n002_m03_s05,2,3,0.100000,1,302.671304,316.313399,334.302644,0.000000,,,0,1,,,,,0.948322,BIG
ga,hfvrp_n002_m03_s05,2,3,0.100000,10,302.671304,316.313399,334.302644,0.000000,,,0,1,,,,,0.016264,DEFAULT
ga,hfvrp_n002_m03_s05,2,3,0.100000,10,302.671304,316.313399,334.302644,0.000000,,,0,1,,,,,0.003135,SMALL
ga,hfvrp_n002_m03_s03,2,3,0.100000,50,185.309216,25.338303,187.843046,0.000000,,,0,1,,,,,0.962690,BIG
ga,hfvrp_n002_m03_s03,2,3,0.100000,75,185.309216,25.338303,187.843046,0.000000,,,0,1,,,,,0.016113,DEFAULT
ga,hfvrp_n002_m03_s03,2,3,0.100000,75,185.309216,25.338303,187.843046,0.000000,,,0,1,,,,,0.004023,SMALL
ga,hfvrp_n002_m03_s04,2,3,0.100000,10,174.940044,35.445494,178.484594,0.000000,,,0,1,,,,,0.315050,MEDIUM
ga,hfvrp_n002_m03_s02,2,3,0.100000,200,139.033247,41.343143,143.167561,0.000000,,,0,1,,,,,0.311968,MEDIUM
ga,hfvrp_n002_m03_s05,2,3,0.100000,10,302.671304,316.313399,334.302644,0.000000,,,0,1,,,,,0.311576,MEDIUM
ga,hfvrp_n002_m03_s03,2,3,0.100000,75,185.309216,25.338303,187.843046,0.000000,,,0,1,,,,,0.319931,MEDIUM
ga,hfvrp_n001_m03_s05,1,3,0.100000,19345,89.097550,34.548775,92.552427,0.000000,,,0,1,,,,,0.728386,BIG
ga,hfvrp_n001_m03_s05,1,3,0.100000,1788141112227556536,89.097550,34.548775,92.552427,0.000000,,,0,1,,,,,0.014094,DEFAULT
ga,hfvrp_n001_m03_s05,1,3,0.100000,1788141116540313124,89.097550,34.548775,92.552427,0.000000,,,0,1,,,,,0.001269,SMALL
ga,hfvrp_n002_m03_s01,2,3,0.100000,999,262.852855,468.007587,309.653613,0.000000,,,0,1,,,,,0.968258,BIG
ga,hfvrp_n002_m03_s01,2,3,0.100000,1234,262.852855,468.007587,309.653613,0.000000,,,0,1,,,,,0.019646,DEFAULT
ga,hfvrp_n002_m03_s01,2,3,0.100000,1234,262.852855,468.007587,309.653613,0.000000,,,0,1,,,,,0.003841,SMALL
ga,hfvrp_n001_m03_s05,1,3,0.100000,1788141103665158374,89.097550,34.548775,92.552427,0.000000,,,0,1,,,,,0.244737,MEDIUM
ga,hfvrp_n002_m03_s01,2,3,0.100000,1234,262.852855,468.007587,309.653613,0.000000,,,0,1,,,,,0.319949,MEDIUM
ga,hfvrp_n002_m03_s04,2,3,0.100000,10,174.940044,35.445494,178.484594,0.000000,,,0,1,,,,,0.933708,BIG
ga,hfvrp_n002_m03_s04,2,3,0.100000,50,174.940044,35.445494,178.484594,0.000000,,,0,1,,,,,0.016753,DEFAULT
ga,hfvrp_n002_m03_s04,2,3,0.100000,50,174.940044,35.445494,178.484594,0.000000,,,0,1,,,,,0.001627,SMALL
ga,hfvrp_n002_m03_s02,2,3,0.100000,200,139.033247,41.343143,143.167561,0.000000,,,0,1,,,,,0.931934,BIG
ga,hfvrp_n002_m03_s02,2,3,0.100000,999,139.033247,41.343143,143.167561,0.000000,,,0,1,,,,,0.017265,DEFAULT
ga,hfvrp_n002_m03_s02,2,3,0.100000,999,139.033247,41.343143,143.167561,0.000000,,,0,1,,,,,0.001655,SMALL
ga,hfvrp_n002_m03_s05,2,3,0.100000,10,302.671304,316.313399,334.302644,0.000000,,,0,1,,,,,0.939361,BIG
ga,hfvrp_n002_m03_s05,2,3,0.100000,50,302.671304,316.313399,334.302644,0.000000,,,0,1,,,,,0.019202,DEFAULT
ga,hfvrp_n002_m03_s05,2,3,0.100000,50,302.671304,316.313399,334.302644,0.000000,,,0,1,,,,,0.004865,SMALL
ga,hfvrp_n002_m03_s03,2,3,0.100000,75,185.309216,25.338303,187.843046,0.000000,,,0,1,,,,,0.968909,BIG
ga,hfvrp_n002_m03_s03,2,3,0.100000,100,185.309216,25.338303,187.843046,0.000000,,,0,1,,,,,0.018255,DEFAULT
ga,hfvrp_n002_m03_s03,2,3,0.100000,100,185.309216,25.338303,187.843046,0.000000,,,0,1,,,,,0.003241,SMALL
ga,hfvrp_n001_m03_s05,1,3,0.100000,1788141000839127871,89.097550,34.548775,92.552427,0.000000,,,0,1,,,,,0.732676,BIG
ga,hfvrp_n002_m03_s04,2,3,0.100000,50,174.940044,35.445494,178.484594,0.000000,,,0,1,,,,,0.336087,MEDIUM
ga,hfvrp_n002_m03_s02,2,3,0.100000,999,139.033247,41.343143,143.167561,0.000000,,,0,1,,,,,0.315532,MEDIUM
ga,hfvrp_n005_m03_s01,5,3,0.100000,1788140778280079312,350.283936,145.533835,364.837319,0.000000,,,0,1,,,,,0.027722,DEFAULT
ga,hfvrp_n005_m03_s01,5,3,0.100000,1788140804081335536,350.283936,145.533835,364.837319,0.000000,,,0,1,,,,,0.002408,SMALL
ga,hfvrp_n002_m03_s05,2,3,0.100000,50,302.671304,316.313399,334.302644,0.000000,,,0,1,,,,,0.315616,MEDIUM
ga,hfvrp_n002_m03_s03,2,3,0.100000,100,185.309216,25.338303,187.843046,0.000000,,,0,1,,,,,0.355741,MEDIUM
ga,hfvrp_n002_m03_s01,2,3,0.100000,1234,262.852855,468.007587,309.653613,0.000000,,,0,1,,,,,0.969313,BIG
ga,hfvrp_n002_m03_s01,2,3,0.100000,9999,262.852855,468.007587,309.653613,0.000000,,,0,1,,,,,0.019848,DEFAULT
ga,hfvrp_n002_m03_s01,2,3,0.100000,9999,262.852855,468.007587,309.653613,0.000000,,,0,1,,,,,0.001616,SMALL
ga,hfvrp_n005_m03_s01,5,3,0.100000,1788140808382379546,350.283936,145.533835,364.837319,0.000000,,,0,1,,,,,0.466006,MEDIUM
ga,hfvrp_n002_m03_s01,2,3,0.100000,9999,262.852855,468.007587,309.653613,0.000000,,,0,1,,,,,0.314347,MEDIUM
ga,hfvrp_n002_m03_s04,2,3,0.100000,50,174.940044,35.445494,178.484594,0.000000,,,0,1,,,,,0.927684,BIG
ga,hfvrp_n002_m03_s04,2,3,0.100000,75,174.940044,35.445494,178.484594,0.000000,,,0,1,,,,,0.018665,DEFAULT
ga,hfvrp_n002_m03_s02,2,3,0.100000,999,139.033247,41.343143,143.167561,0.000000,,,0,1,,,,,0.930187,BIG
ga,hfvrp_n002_m03_s04,2,3,0.100000,75,174.940044,35.445494,178.484594,0.000000,,,0,1,,,,,0.001705,SMALL
ga,hfvrp_n002_m03_s02,2,3,0.100000,1234,139.033247,41.343143,143.167561,0.000000,,,0,1,,,,,0.016413,DEFAULT
ga,hfvrp_n002_m03_s02,2,3,0.100000,1234,139.033247,41.343143,143.167561,0.000000,,,0,1,,,,,0.001715,SMALL
ga,hfvrp_n002_m03_s05,2,3,0.100000,50,302.671304,316.313399,334.302644,0.000000,,,0,1,,,,,0.942207,BIG
ga,hfvrp_n002_m03_s05,2,3,0.100000,75,302.671304,316.313399,334.302644,0.000000,,,0,1,,,,,0.015637,DEFAULT
ga,hfvrp_n002_m03_s05,2,3,0.100000,75,302.671304,316.313399,334.302644,0.000000,,,0,1,,,,,0.005363,SMALL
ga,hfvrp_n002_m03_s03,2,3,0.100000,100,185.309216,25.338303,187.843046,0.000000,,,0,1,,,,,0.959609,BIG
ga,hfvrp_n002_m03_s03,2,3,0.100000,200,185.309216,25.338303,187.843046,0.000000,,,0,1,,,,,0.020219,DEFAULT
ga,hfvrp_n002_m03_s03,2,3,0.100000,200,185.309216,25.338303,187.843046,0.000000,,,0,1,,,,,0.003863,SMALL
ga,hfvrp_n002_m03_s04,2,3,0.100000,75,174.940044,35.445494,178.484594,0.000000,,,0,1,,,,,0.324430,MEDIUM
ga,hfvrp_n002_m03_s02,2,3,0.100000,1234,139.033247,41.343143,143.167561,0.000000,,,0,1,,,,,0.314894,MEDIUM
ga,hfvrp_n002_m03_s05,2,3,0.100000,75,302.671304,316.313399,334.302644,0.000000,,,0,1,,,,,0.312209,MEDIUM
ga,hfvrp_n002_m03_s03,2,3,0.100000,200,185.309216,25.338303,187.843046,0.000000,,,0,1,,,,,0.322685,MEDIUM
ga,hfvrp_n002_m03_s01,2,3,0.100000,9999,262.852855,468.007587,309.653613,0.000000,,,0,1,,,,,0.973915,BIG
ga,hfvrp_n002_m03_s01,2,3,0.100000,19345,262.852855,468.007587,309.653613,0.000000,,,0,1,,,,,0.015749,DEFAULT
ga,hfvrp_n002_m03_s01,2,3,0.100000,19345,262.852855,468.007587,309.653613,0.000000,,,0,1,,,,,0.005519,SMALL
ga,hfvrp_n005_m03_s01,5,3,0.100000,1788140834621924391,350.283936,145.533835,364.837319,0.000000,,,0,1,,,,,1.419858,BIG
ga,hfvrp_n005_m03_s01,5,3,0.100000,1,350.283936,145.533835,364.837319,0.000000,,,0,1,,,,,0.026736,DEFAULT
ga,hfvrp_n005_m03_s01,5,3,0.100000,1,350.283936,145.533835,364.837319,0.000000,,,0,1,,,,,0.003770,SMALL
ga,hfvrp_n002_m03_s01,2,3,0.100000,19345,262.852855,468.007587,309.653613,0.000000,,,0,1,,,,,0.320623,MEDIUM
ga,hfvrp_n002_m03_s04,2,3,0.100000,75,174.940044,35.445494,178.484594,0.000000,,,0,1,,,,,0.929028,BIG
ga,hfvrp_n002_m03_s02,2,3,0.100000,1234,139.033247,41.343143,143.167561,0.000000,,,0,1,,,,,0.927612,BIG
ga,hfvrp_n002_m03_s04,2,3,0.100000,100,174.940044,35.445494,178.484594,0.000000,,,0,1,,,,,0.017928,DEFAULT
ga,hfvrp_n002_m03_s04,2,3,0.100000,100,174.940044,35.445494,178.484594,0.000000,,,0,1,,,,,0.003805,SMALL
ga,hfvrp_n002_m03_s02,2,3,0.100000,9999,139.033247,41.343143,143.167561,0.000000,,,0,1,,,,,0.015902,DEFAULT
ga,hfvrp_n002_m03_s02,2,3,0.100000,9999,139.033247,41.343143,143.167561,0.000000,,,0,1,,,,,0.004366,SMALL
ga,hfvrp_n002_m03_s05,2,3,0.100000,75,302.671304,316.313399,334.302644,0.000000,,,0,1,,,,,0.938271,BIG
ga,hfvrp_n002_m03_s05,2,3,0.100000,100,302.671304,316.313399,334.302644,0.000000,,,0,1,,,,,0.018275,DEFAULT
ga,hfvrp_n002_m03_s05,2,3,0.100000,100,302.671304,316.313399,334.302644,0.000000,,,0,1,,,,,0.001703,SMALL
ga,hfvrp_n005_m03_s01,5,3,0.100000,1,350.283936,145.533835,364.837319,0.000000,,,0,1,,,,,0.476409,MEDIUM
ga,hfvrp_n002_m03_s03,2,3,0.100000,200,185.309216,25.338303,187.843046,0.000000,,,0,1,,,,,0.972141,BIG
ga,hfvrp_n002_m03_s04,2,3,0.100000,100,174.940044,35.445494,178.484594,0.000000,,,0,1,,,,,0.313581,MEDIUM
ga,hfvrp_n002_m03_s02,2,3,0.100000,9999,139.033247,41.343143,143.167561,0.000000,,,0,1,,,,,0.312715,MEDIUM
ga,hfvrp_n002_m03_s03,2,3,0.100000,999,185.309216,25.338303,187.843046,0.000000,,,0,1,,,,,0.016295,DEFAULT
ga,hfvrp_n002_m03_s03,2,3,0.100000,999,185.309216,25.338303,187.843046,0.000000,,,0,1,,,,,0.001774,SMALL
ga,hfvrp_n002_m03_s05,2,3,0.100000,100,302.671304,316.313399,334.302644,0.000000,,,0,1,,,,,0.315405,MEDIUM
ga,hfvrp_n002_m03_s03,2,3,0.100000,999,185.309216,25.338303,187.843046,0.000000,,,0,1,,,,,0.317782,MEDIUM
ga,hfvrp_n002_m03_s01,2,3,0.100000,19345,262.852855,468.007587,309.653613,0.000000,,,0,1,,,,,0.970478,BIG
ga,hfvrp_n002_m03_s01,2,3,0.100000,1788143689064192977,262.852855,468.007587,309.653613,0.000000,,,0,1,,,,,0.019540,DEFAULT
ga,hfvrp_n002_m03_s01,2,3,0.100000,1788143684795858814,262.852855,468.007587,309.653613,0.000000,,,0,1,,,,,0.004886,SMALL
ga,hfvrp_n002_m03_s01,2,3,0.100000,1788143680509888677,262.852855,468.007587,309.653613,0.000000,,,0,1,,,,,0.318493,MEDIUM
ga,hfvrp_n002_m03_s04,2,3,0.100000,100,174.940044,35.445494,178.484594,0.000000,,,0,1,,,,,0.935240,BIG
ga,hfvrp_n002_m03_s02,2,3,0.100000,9999,139.033247,41.343143,143.167561,0.000000,,,0,1,,,,,0.927445,BIG
ga,hfvrp_n002_m03_s04,2,3,0.100000,200,174.940044,35.445494,178.484594,0.000000,,,0,1,,,,,0.015817,DEFAULT
ga,hfvrp_n002_m03_s04,2,3,0.100000,200,174.940044,35.445494,178.484594,0.000000,,,0,1,,,,,0.003301,SMALL
ga,hfvrp_n002_m03_s02,2,3,0.100000,19345,139.033247,41.343143,143.167561,0.000000,,,0,1,,,,,0.019738,DEFAULT
ga,hfvrp_n002_m03_s02,2,3,0.100000,19345,139.033247,41.343143,143.167561,0.000000,,,0,1,,,,,0.001941,SMALL
ga,hfvrp_n002_m03_s05,2,3,0.100000,100,302.671304,316.313399,334.302644,0.000000,,,0,1,,,,,0.933492,BIG
ga,hfvrp_n002_m03_s05,2,3,0.100000,200,302.671304,316.313399,334.302644,0.000000,,,0,1,,,,,0.018354,DEFAULT
ga,hfvrp_n002_m03_s05,2,3,0.100000,200,302.671304,316.313399,334.302644,0.000000,,,0,1,,,,,0.001633,SMALL
ga,hfvrp_n002_m03_s04,2,3,0.100000,200,174.940044,35.445494,178.484594,0.000000,,,0,1,,,,,0.310684,MEDIUM
ga,hfvrp_n002_m03_s02,2,3,0.100000,19345,139.033247,41.343143,143.167561,0.000000,,,0,1,,,,,0.310226,MEDIUM
ga,hfvrp_n002_m03_s03,2,3,0.100000,999,185.309216,25.338303,187.843046,0.000000,,,0,1,,,,,0.962407,BIG
ga,hfvrp_n005_m03_s01,5,3,0.100000,1,350.283936,145.533835,364.837319,0.000000,,,0,1,,,,,1.419673,BIG
ga,hfvrp_n002_m03_s03,2,3,0.100000,1234,185.309216,25.338303,187.843046,0.000000,,,0,1,,,,,0.016644,DEFAULT
ga,hfvrp_n002_m03_s03,2,3,0.100000,1234,185.309216,25.338303,187.843046,0.000000,,,0,1,,,,,0.005529,SMALL
ga,hfvrp_n005_m03_s01,5,3,0.100000,10,350.283936,145.533835,364.837319,0.000000,,,0,1,,,,,0.025277,DEFAULT
ga,hfvrp_n005_m03_s01,5,3,0.100000,10,350.283936,145.533835,364.837319,0.000000,,,0,1,,,,,0.002559,SMALL
ga,hfvrp_n002_m03_s05,2,3,0.100000,200,302.671304,316.313399,334.302644,0.000000,,,0,1,,,,,0.313593,MEDIUM
ga,hfvrp_n002_m03_s03,2,3,0.100000,1234,185.309216,25.338303,187.843046,0.000000,,,0,1,,,,,0.317090,MEDIUM
ga,hfvrp_n005_m03_s01,5,3,0.100000,10,350.283936,145.533835,364.837319,0.000000,,,0,1,,,,,0.466498,MEDIUM
ga,hfvrp_n002_m03_s01,2,3,0.100000,1788143710896328210,262.852855,468.007587,309.653613,0.000000,,,0,1,,,,,0.969788,BIG
ga,hfvrp_n005_m03_s02,5,3,0.100000,1788143514343672335,363.863985,203.627944,384.226780,0.000000,,,0,1,,,,,0.024409,DEFAULT
ga,hfvrp_n005_m03_s02,5,3,0.100000,1788143510076854558,363.863985,203.627944,384.226780,0.000000,,,0,1,,,,,0.002418,SMALL
ga,hfvrp_n002_m03_s04,2,3,0.100000,200,174.940044,35.445494,178.484594,0.000000,,,0,1,,,,,0.933517,BIG
ga,hfvrp_n002_m03_s02,2,3,0.100000,19345,139.033247,41.343143,143.167561,0.000000,,,0,1,,,,,0.932005,BIG
ga,hfvrp_n002_m03_s04,2,3,0.100000,999,174.940044,35.445494,178.484594,0.000000,,,0,1,,,,,0.019842,DEFAULT
ga,hfvrp_n002_m03_s02,2,3,0.100000,1788144528330776765,139.033247,41.343143,143.167561,0.000000,,,0,1,,,,,0.019855,DEFAULT
ga,hfvrp_n002_m03_s04,2,3,0.100000,999,174.940044,35.445494,178.484594,0.000000,,,0,1,,,,,0.003576,SMALL
ga,hfvrp_n002_m03_s02,2,3,0.100000,1788144554124130397,139.033247,41.343143,143.167561,0.000000,,,0,1,,,,,0.001674,SMALL
ga,hfvrp_n005_m03_s02,5,3,0.100000,1788144502220258989,363.863985,203.627944,384.226780,0.000000,,,0,1,,,,,0.468052,MEDIUM
ga,hfvrp_n002_m03_s05,2,3,0.100000,200,302.671304,316.313399,334.302644,0.000000,,,0,1,,,,,0.941085,BIG
ga,hfvrp_n002_m03_s05,2,3,0.100000,999,302.671304,316.313399,334.302644,0.000000,,,0,1,,,,,0.015826,DEFAULT
ga,hfvrp_n002_m03_s05,2,3,0.100000,999,302.671304,316.313399,334.302644,0.000000,,,0,1,,,,,0.003283,SMALL
ga,hfvrp_n002_m03_s04,2,3,0.100000,999,174.940044,35.445494,178.484594,0.000000,,,0,1,,,,,0.307483,MEDIUM
ga,hfvrp_n002_m03_s02,2,3,0.100000,1788144545539556928,139.033247,41.343143,143.167561,0.000000,,,0,1,,,,,0.312828,MEDIUM
ga,hfvrp_n002_m03_s03,2,3,0.100000,1234,185.309216,25.338303,187.843046,0.000000,,,0,1,,,,,0.965749,BIG
ga,hfvrp_n002_m03_s03,2,3,0.100000,9999,185.309216,25.338303,187.843046,0.000000,,,0,1,,,,,0.017548,DEFAULT
ga,hfvrp_n002_m03_s03,2,3,0.100000,9999,185.309216,25.338303,187.843046,0.000000,,,0,1,,,,,0.001682,SMALL
ga,hfvrp_n002_m03_s05,2,3,0.100000,999,302.671304,316.313399,334.302644,0.000000,,,0,1,,,,,0.315158,MEDIUM
ga,hfvrp_n002_m03_s03,2,3,0.100000,9999,185.309216,25.338303,187.843046,0.000000,,,0,1,,,,,0.316411,MEDIUM
ga,hfvrp_n005_m03_s01,5,3,0.100000,10,350.283936,145.533835,364.837319,0.000000,,,0,1,,,,,1.414914,BIG
ga,hfvrp_n005_m03_s01,5,3,0.100000,50,350.283936,145.533835,364.837319,0.000000,,,0,1,,,,,0.027428,DEFAULT
ga,hfvrp_n005_m03_s01,5,3,0.100000,50,350.283936,145.533835,364.837319,0.000000,,,0,1,,,,,0.002411,SMALL
ga,hfvrp_n002_m03_s04,2,3,0.100000,999,174.940044,35.445494,178.484594,0.000000,,,0,1,,,,,0.926159,BIG
ga,hfvrp_n002_m03_s02,2,3,0.100000,1788144468551489632,139.033247,41.343143,143.167561,0.000000,,,0,1,,,,,0.929800,BIG
ga,hfvrp_n002_m03_s04,2,3,0.100000,1234,174.940044,35.445494,178.484594,0.000000,,,0,1,,,,,0.015868,DEFAULT
ga,hfvrp_n002_m03_s04,2,3,0.100000,1234,174.940044,35.445494,178.484594,0.000000,,,0,1,,,,,0.001731,SMALL
ga,hfvrp_n005_m03_s03,5,3,0.100000,1788144344974619142,444.734799,0.000000,444.734799,0.000000,,,0,1,,,,,0.028517,DEFAULT
ga,hfvrp_n005_m03_s03,5,3,0.100000,1788144340711930723,444.734799,0.000000,444.734799,0.000000,,,0,1,,,,,0.002518,SMALL
ga,hfvrp_n002_m03_s05,2,3,0.100000,999,302.671304,316.313399,334.302644,0.000000,,,0,1,,,,,0.936168,BIG
ga,hfvrp_n002_m03_s05,2,3,0.100000,1234,302.671304,316.313399,334.302644,0.000000,,,0,1,,,,,0.018612,DEFAULT
ga,hfvrp_n002_m03_s05,2,3,0.100000,1234,302.671304,316.313399,334.302644,0.000000,,,0,1,,,,,0.001678,SMALL
ga,hfvrp_n005_m03_s01,5,3,0.100000,50,350.283936,145.533835,364.837319,0.000000,,,0,1,,,,,0.478540,MEDIUM
ga,hfvrp_n005_m03_s02,5,3,0.100000,1788144541350981269,363.863985,203.627944,384.226780,0.000000,,,0,1,,,,,1.426523,BIG
ga,hfvrp_n005_m03_s02,5,3,0.100000,1,363.863985,203.627944,384.226780,0.000000,,,0,1,,,,,0.023147,DEFAULT
ga,hfvrp_n005_m03_s02,5,3,0.100000,1,363.863985,203.627944,384.226780,0.000000,,,0,1,,,,,0.006174,SMALL
ga,hfvrp_n002_m03_s04,2,3,0.100000,1234,174.940044,35.445494,178.484594,0.000000,,,0,1,,,,,0.318032,MEDIUM
ga,hfvrp_n002_m03_s03,2,3,0.100000,9999,185.309216,25.338303,187.843046,0.000000,,,0,1,,,,,0.969087,BIG
ga,hfvrp_n002_m03_s03,2,3,0.100000,19345,185.309216,25.338303,187.843046,0.000000,,,0,1,,,,,0.018478,DEFAULT
ga,hfvrp_n002_m03_s03,2,3,0.100000,19345,185.309216,25.338303,187.843046,0.000000,,,0,1,,,,,0.001657,SMALL
ga,hfvrp_n002_m03_s05,2,3,0.100000,1234,302.671304,316.313399,334.302644,0.000000,,,0,1,,,,,0.318456,MEDIUM
ga,hfvrp_n005_m03_s03,5,3,0.100000,1788144336427147918,444.734799,0.000000,444.734799,0.000000,,,0,1,,,,,0.485823,MEDIUM
ga,hfvrp_n002_m03_s03,2,3,0.100000,19345,185.309216,25.338303,187.843046,0.000000,,,0,1,,,,,0.316359,MEDIUM
ga,hfvrp_n005_m03_s02,5,3,0.100000,1,363.863985,203.627944,384.226780,0.000000,,,0,1,,,,,0.472358,MEDIUM
ga,hfvrp_n002_m03_s04,2,3,0.100000,1234,174.940044,35.445494,178.484594,0.000000,,,0,1,,,,,0.923643,BIG
ga,hfvrp_n002_m03_s04,2,3,0.100000,9999,174.940044,35.445494,178.484594,0.000000,,,0,1,,,,,0.015839,DEFAULT
ga,hfvrp_n002_m03_s04,2,3,0.100000,9999,174.940044,35.445494,178.484594,0.000000,,,0,1,,,,,0.005430,SMALL
ga,hfvrp_n002_m03_s05,2,3,0.100000,1234,302.671304,316.313399,334.302644,0.000000,,,0,1,,,,,0.924633,BIG
ga,hfvrp_n002_m03_s05,2,3,0.100000,9999,302.671304,316.313399,334.302644,0.000000,,,0,1,,,,,0.016681,DEFAULT
ga,hfvrp_n002_m03_s05,2,3,0.100000,9999,302.671304,316.313399,334.302644,0.000000,,,0,1,,,,,0.002855,SMALL
ga,hfvrp_n002_m03_s04,2,3,0.100000,9999,174.940044,35.445494,178.484594,0.000000,,,0,1,,,,,0.307587,MEDIUM
ga,hfvrp_n005_m03_s01,5,3,0.100000,50,350.283936,145.533835,364.837319,0.000000,,,0,1,,,,,1.413507,BIG
ga,hfvrp_n005_m03_s01,5,3,0.100000,75,350.283936,145.533835,364.837319,0.000000,,,0,1,,,,,0.026944,DEFAULT
ga,hfvrp_n005_m03_s01,5,3,0.100000,75,350.283936,145.533835,364.837319,0.000000,,,0,1,,,,,0.002416,SMALL
ga,hfvrp_n002_m03_s03,2,3,0.100000,19345,185.309216,25.338303,187.843046,0.000000,,,0,1,,,,,0.957019,BIG
ga,hfvrp_n002_m03_s03,2,3,0.100000,1788144011706351579,185.309216,25.338303,187.843046,0.000000,,,0,1,,,,,0.016352,DEFAULT
ga,hfvrp_n002_m03_s03,2,3,0.100000,1788144016021199107,185.309216,25.338303,187.843046,0.000000,,,0,1,,,,,0.001619,SMALL
ga,hfvrp_n002_m03_s05,2,3,0.100000,9999,302.671304,316.313399,334.302644,0.000000,,,0,1,,,,,0.312016,MEDIUM
ga,hfvrp_n005_m03_s03,5,3,0.100000,1788144195183736011,444.734799,0.000000,444.734799,0.000000,,,0,1,,,,,1.435888,BIG
ga,hfvrp_n005_m03_s03,5,3,0.100000,1,444.734799,0.000000,444.734799,0.000000,,,0,1,,,,,0.027250,DEFAULT
ga,hfvrp_n005_m03_s03,5,3,0.100000,1,444.734799,0.000000,444.734799,0.000000,,,0,1,,,,,0.005114,SMALL
ga,hfvrp_n002_m03_s03,2,3,0.100000,1788144020321340226,185.309216,25.338303,187.843046,0.000000,,,0,1,,,,,0.323221,MEDIUM
ga,hfvrp_n005_m03_s01,5,3,0.100000,75,350.283936,145.533835,364.837319,0.000000,,,0,1,,,,,0.473783,MEDIUM
ga,hfvrp_n005_m03_s02,5,3,0.100000,1,363.863985,203.627944,384.226780,0.000000,,,0,1,,,,,1.417815,BIG
ga,hfvrp_n005_m03_s02,5,3,0.100000,10,363.863985,203.627944,384.226780,0.000000,,,0,1,,,,,0.023582,DEFAULT
ga,hfvrp_n005_m03_s02,5,3,0.100000,10,363.863985,203.627944,384.226780,0.000000,,,0,1,,,,,0.002559,SMALL
ga,hfvrp_n005_m03_s03,5,3,0.100000,1,444.734799,0.000000,444.734799,0.000000,,,0,1,,,,,0.476233,MEDIUM
ga,hfvrp_n002_m03_s04,2,3,0.100000,9999,174.940044,35.445494,178.484594,0.000000,,,0,1,,,,,0.939376,BIG
ga,hfvrp_n002_m03_s04,2,3,0.100000,19345,174.940044,35.445494,178.484594,0.000000,,,0,1,,,,,0.015781,DEFAULT
ga,hfvrp_n002_m03_s04,2,3,0.100000,19345,174.940044,35.445494,178.484594,0.000000,,,0,1,,,,,0.001576,SMALL
ga,hfvrp_n005_m03_s02,5,3,0.100000,10,363.863985,203.627944,384.226780,0.000000,,,0,1,,,,,0.467518,MEDIUM
ga,hfvrp_n002_m03_s05,2,3,0.100000,9999,302.671304,316.313399,334.302644,0.000000,,,0,1,,,,,0.934840,BIG
ga,hfvrp_n002_m03_s05,2,3,0.100000,19345,302.671304,316.313399,334.302644,0.000000,,,0,1,,,,,0.015970,DEFAULT
ga,hfvrp_n002_m03_s05,2,3,0.100000,19345,302.671304,316.313399,334.302644,0.000000,,,0,1,,,,,0.004736,SMALL
ga,hfvrp_n002_m03_s04,2,3,0.100000,19345,174.940044,35.445494,178.484594,0.000000,,,0,1,,,,,0.313387,MEDIUM
ga,hfvrp_n002_m03_s03,2,3,0.100000,1788142856712270497,185.309216,25.338303,187.843046,0.000000,,,0,1,,,,,0.956203,BIG
ga,hfvrp_n002_m03_s05,2,3,0.100000,19345,302.671304,316.313399,334.302644,0.000000,,,0,1,,,,,0.308427,MEDIUM
ga,hfvrp_n005_m03_s04,5,3,0.100000,1788142754636895756,278.576281,287.478473,307.324128,0.000000,,,0,1,,,,,0.025297,DEFAULT
ga,hfvrp_n005_m03_s04,5,3,0.100000,1788142758960899983,278.576281,287.478473,307.324128,0.000000,,,0,1,,,,,0.002613,SMALL
ga,hfvrp_n005_m03_s01,5,3,0.100000,75,350.283936,145.533835,364.837319,0.000000,,,0,1,,,,,1.415944,BIG
ga,hfvrp_n005_m03_s04,5,3,0.100000,1788142763262109672,278.576281,287.478473,307.324128,0.000000,,,0,1,,,,,0.473930,MEDIUM
ga,hfvrp_n005_m03_s01,5,3,0.100000,100,350.283936,145.533835,364.837319,0.000000,,,0,1,,,,,0.024230,DEFAULT
ga,hfvrp_n005_m03_s01,5,3,0.100000,100,350.283936,145.533835,364.837319,0.000000,,,0,1,,,,,0.002514,SMALL
ga,hfvrp_n002_m03_s04,2,3,0.100000,19345,174.940044,35.445494,178.484594,0.000000,,,0,1,,,,,0.933253,BIG
ga,hfvrp_n002_m03_s04,2,3,0.100000,1788142648030299875,174.940044,35.445494,178.484594,0.000000,,,0,1,,,,,0.019749,DEFAULT
ga,hfvrp_n002_m03_s04,2,3,0.100000,1788142686712596443,174.940044,35.445494,178.484594,0.000000,,,0,1,,,,,0.005375,SMALL
ga,hfvrp_n005_m03_s03,5,3,0.100000,1,444.734799,0.000000,444.734799,0.000000,,,0,1,,,,,1.439301,BIG
ga,hfvrp_n005_m03_s03,5,3,0.100000,10,444.734799,0.000000,444.734799,0.000000,,,0,1,,,,,0.027196,DEFAULT
ga,hfvrp_n002_m03_s05,2,3,0.100000,19345,302.671304,316.313399,334.302644,0.000000,,,0,1,,,,,0.934679,BIG
ga,hfvrp_n005_m03_s03,5,3,0.100000,10,444.734799,0.000000,444.734799,0.000000,,,0,1,,,,,0.006144,SMALL
ga,hfvrp_n002_m03_s05,2,3,0.100000,1788142570883776575,302.671304,316.313399,334.302644,0.000000,,,0,1,,,,,0.019640,DEFAULT
ga,hfvrp_n002_m03_s05,2,3,0.100000,1788142575206792388,302.671304,316.313399,334.302644,0.000000,,,0,1,,,,,0.004099,SMALL
ga,hfvrp_n005_m03_s01,5,3,0.100000,100,350.283936,145.533835,364.837319,0.000000,,,0,1,,,,,0.483303,MEDIUM
ga,hfvrp_n002_m03_s04,2,3,0.100000,1788142691016277174,174.940044,35.445494,178.484594,0.000000,,,0,1,,,,,0.314785,MEDIUM
ga,hfvrp_n005_m03_s02,5,3,0.100000,10,363.863985,203.627944,384.226780,0.000000,,,0,1,,,,,1.528644,BIG
ga,hfvrp_n005_m03_s02,5,3,0.100000,50,363.863985,203.627944,384.226780,0.000000,,,0,1,,,,,0.026459,DEFAULT
ga,hfvrp_n005_m03_s02,5,3,0.100000,50,363.863985,203.627944,384.226780,0.000000,,,0,1,,,,,0.004344,SMALL
ga,hfvrp_n002_m03_s05,2,3,0.100000,1788142579510578675,302.671304,316.313399,334.302644,0.000000,,,0,1,,,,,0.314930,MEDIUM
ga,hfvrp_n005_m03_s03,5,3,0.100000,10,444.734799,0.000000,444.734799,0.000000,,,0,1,,,,,0.480917,MEDIUM
ga,hfvrp_n005_m03_s02,5,3,0.100000,50,363.863985,203.627944,384.226780,0.000000,,,0,1,,,,,0.465287,MEDIUM
ga,hfvrp_n005_m03_s04,5,3,0.100000,1788142656370380451,278.576281,287.478473,307.324128,0.000000,,,0,1,,,,,1.444815,BIG
ga,hfvrp_n005_m03_s04,5,3,0.100000,1,278.576281,287.478473,307.324128,0.000000,,,0,1,,,,,0.025736,DEFAULT
ga,hfvrp_n005_m03_s04,5,3,0.100000,1,278.576281,287.478473,307.324128,0.000000,,,0,1,,,,,0.002668,SMALL
ga,hfvrp_n002_m03_s04,2,3,0.100000,1788142622619758380,174.940044,35.445494,178.484594,0.000000,,,0,1,,,,,0.936589,BIG
ga,hfvrp_n005_m03_s05,5,3,0.100000,1788142481871712237,363.420355,288.915413,392.311896,0.000000,,,0,1,,,,,0.024048,DEFAULT
ga,hfvrp_n005_m03_s05,5,3,0.100000,1788142477608956250,363.420355,288.915413,392.311896,0.000000,,,0,1,,,,,0.006097,SMALL
ga,hfvrp_n002_m03_s05,2,3,0.100000,1788142519699071657,302.671304,316.313399,334.302644,0.000000,,,0,1,,,,,0.928253,BIG
ga,hfvrp_n010_m03_s01,10,3,0.100000,1788142413303591720,535.965065,271.386050,563.103670,0.000000,,,0,1,,,,,0.037137,DEFAULT
ga,hfvrp_n010_m03_s01,10,3,0.100000,1788142409049356829,561.605231,331.824464,594.787678,0.000000,,,0,1,,,,,0.003760,SMALL
ga,hfvrp_n005_m03_s04,5,3,0.100000,1,278.576281,287.478473,307.324128,0.000000,,,0,1,,,,,0.493479,MEDIUM
ga,hfvrp_n005_m03_s01,5,3,0.100000,100,350.283936,145.533835,364.837319,0.000000,,,0,1,,,,,1.524421,BIG
ga,hfvrp_n005_m03_s01,5,3,0.100000,200,350.283936,145.533835,364.837319,0.000000,,,0,1,,,,,0.026023,DEFAULT
ga,hfvrp_n005_m03_s01,5,3,0.100000,200,350.283936,145.533835,364.837319,0.000000,,,0,1,,,,,0.002415,SMALL
ga,hfvrp_n005_m03_s05,5,3,0.100000,1788142490504346360,363.420355,288.915413,392.311896,0.000000,,,0,1,,,,,0.480949,MEDIUM
ga,hfvrp_n005_m03_s03,5,3,0.100000,10,444.734799,0.000000,444.734799,0.000000,,,0,1,,,,,1.441938,BIG
ga,hfvrp_n005_m03_s03,5,3,0.100000,50,444.734799,0.000000,444.734799,0.000000,,,0,1,,,,,0.026687,DEFAULT
ga,hfvrp_n005_m03_s03,5,3,0.100000,50,444.734799,0.000000,444.734799,0.000000,,,0,1,,,,,0.006061,SMALL
ga,hfvrp_n010_m03_s01,10,3,0.100000,1788142421941650062,535.965065,271.386050,563.103670,0.000000,,,0,1,,,,,0.728227,MEDIUM
ga,hfvrp_n005_m03_s01,5,3,0.100000,200,350.283936,145.533835,364.837319,0.000000,,,0,1,,,,,0.475733,MEDIUM
ga,hfvrp_n005_m03_s02,5,3,0.100000,50,363.863985,203.627944,384.226780,0.000000,,,0,1,,,,,1.434937,BIG
ga,hfvrp_n005_m03_s02,5,3,0.100000,75,363.863985,203.627944,384.226780,0.000000,,,0,1,,,,,0.024021,DEFAULT
ga,hfvrp_n005_m03_s02,5,3,0.100000,75,363.863985,203.627944,384.226780,0.000000,,,0,1,,,,,0.002514,SMALL
ga,hfvrp_n005_m03_s03,5,3,0.100000,50,444.734799,0.000000,444.734799,0.000000,,,0,1,,,,,0.478457,MEDIUM
ga,hfvrp_n005_m03_s02,5,3,0.100000,75,363.863985,203.627944,384.226780,0.000000,,,0,1,,,,,0.470839,MEDIUM
ga,hfvrp_n005_m03_s04,5,3,0.100000,1,278.576281,287.478473,307.324128,0.000000,,,0,1,,,,,1.437072,BIG
ga,hfvrp_n005_m03_s04,5,3,0.100000,10,278.576281,287.478473,307.324128,0.000000,,,0,1,,,,,0.023735,DEFAULT
ga,hfvrp_n005_m03_s04,5,3,0.100000,10,278.576281,287.478473,307.324128,0.000000,,,0,1,,,,,0.002472,SMALL
ga,hfvrp_n005_m03_s05,5,3,0.100000,1788143414411006030,363.420355,288.915413,392.311896,0.000000,,,0,1,,,,,1.429672,BIG
ga,hfvrp_n005_m03_s05,5,3,0.100000,1,363.420355,288.915413,392.311896,0.000000,,,0,1,,,,,0.027360,DEFAULT
ga,hfvrp_n005_m03_s05,5,3,0.100000,1,363.420355,288.915413,392.311896,0.000000,,,0,1,,,,,0.007364,SMALL
ga,hfvrp_n005_m03_s04,5,3,0.100000,10,278.576281,287.478473,307.324128,0.000000,,,0,1,,,,,0.474254,MEDIUM
ga,hfvrp_n005_m03_s01,5,3,0.100000,200,350.283936,145.533835,364.837319,0.000000,,,0,1,,,,,1.416054,BIG
ga,hfvrp_n005_m03_s01,5,3,0.100000,999,350.283936,145.533835,364.837319,0.000000,,,0,1,,,,,0.026277,DEFAULT
ga,hfvrp_n005_m03_s01,5,3,0.100000,999,350.283936,145.533835,364.837319,0.000000,,,0,1,,,,,0.005438,SMALL
ga,hfvrp_n005_m03_s05,5,3,0.100000,1,363.420355,288.915413,392.311896,0.000000,,,0,1,,,,,0.476239,MEDIUM
ga,hfvrp_n005_m03_s03,5,3,0.100000,50,444.734799,0.000000,444.734799,0.000000,,,0,1,,,,,1.433188,BIG
ga,hfvrp_n005_m03_s03,5,3,0.100000,75,444.734799,0.000000,444.734799,0.000000,,,0,1,,,,,0.024721,DEFAULT
ga,hfvrp_n005_m03_s03,5,3,0.100000,75,444.734799,0.000000,444.734799,0.000000,,,0,1,,,,,0.004644,SMALL
ga,hfvrp_n005_m03_s01,5,3,0.100000,999,350.283936,145.533835,364.837319,0.000000,,,0,1,,,,,0.472512,MEDIUM
ga,hfvrp_n005_m03_s02,5,3,0.100000,75,363.863985,203.627944,384.226780,0.000000,,,0,1,,,,,1.415649,BIG
ga,hfvrp_n005_m03_s02,5,3,0.100000,100,363.863985,203.627944,384.226780,0.000000,,,0,1,,,,,0.024846,DEFAULT
ga,hfvrp_n005_m03_s02,5,3,0.100000,100,363.863985,203.627944,384.226780,0.000000,,,0,1,,,,,0.003897,SMALL
ga,hfvrp_n010_m03_s01,10,3,0.100000,1788143449170406451,535.965065,271.386050,563.103670,0.000000,,,0,1,,,,,2.191853,BIG
ga,hfvrp_n010_m03_s01,10,3,0.100000,1,535.965065,271.386050,563.103670,0.000000,,,0,1,,,,,0.036076,DEFAULT
ga,hfvrp_n010_m03_s01,10,3,0.100000,1,559.877463,331.824464,593.059909,0.000000,,,0,1,,,,,0.003866,SMALL
ga,hfvrp_n005_m03_s03,5,3,0.100000,75,444.734799,0.000000,444.734799,0.000000,,,0,1,,,,,0.486490,MEDIUM
ga,hfvrp_n005_m03_s02,5,3,0.100000,100,363.863985,203.627944,384.226780,0.000000,,,0,1,,,,,0.478111,MEDIUM
ga,hfvrp_n005_m03_s04,5,3,0.100000,10,278.576281,287.478473,307.324128,0.000000,,,0,1,,,,,1.441668,BIG
ga,hfvrp_n005_m03_s04,5,3,0.100000,50,278.576281,287.478473,307.324128,0.000000,,,0,1,,,,,0.024460,DEFAULT
ga,hfvrp_n005_m03_s04,5,3,0.100000,50,278.576281,287.478473,307.324128,0.000000,,,0,1,,,,,0.007097,SMALL
ga,hfvrp_n010_m03_s01,10,3,0.100000,1,535.965065,271.386050,563.103670,0.000000,,,0,1,,,,,0.730266,MEDIUM
ga,hfvrp_n005_m03_s05,5,3,0.100000,1,363.420355,288.915413,392.311896,0.000000,,,0,1,,,,,1.434490,BIG
ga,hfvrp_n005_m03_s05,5,3,0.100000,10,363.420355,288.915413,392.311896,0.000000,,,0,1,,,,,0.023981,DEFAULT
ga,hfvrp_n005_m03_s05,5,3,0.100000,10,363.420355,288.915413,392.311896,0.000000,,,0,1,,,,,0.004763,SMALL
ga,hfvrp_n005_m03_s01,5,3,0.100000,999,350.283936,145.533835,364.837319,0.000000,,,0,1,,,,,1.421878,BIG
ga,hfvrp_n005_m03_s04,5,3,0.100000,50,278.576281,287.478473,307.324128,0.000000,,,0,1,,,,,0.479834,MEDIUM
ga,hfvrp_n005_m03_s01,5,3,0.100000,1234,350.283936,145.533835,364.837319,0.000000,,,0,1,,,,,0.024000,DEFAULT
ga,hfvrp_n005_m03_s01,5,3,0.100000,1234,350.283936,145.533835,364.837319,0.000000,,,0,1,,,,,0.005456,SMALL
ga,hfvrp_n005_m03_s05,5,3,0.100000,10,363.420355,288.915413,392.311896,0.000000,,,0,1,,,,,0.476963,MEDIUM
ga,hfvrp_n005_m03_s03,5,3,0.100000,75,444.734799,0.000000,444.734799,0.000000,,,0,1,,,,,1.439310,BIG
ga,hfvrp_n005_m03_s03,5,3,0.100000,100,444.734799,0.000000,444.734799,0.000000,,,0,1,,,,,0.028480,DEFAULT
ga,hfvrp_n005_m03_s03,5,3,0.100000,100,444.734799,0.000000,444.734799,0.000000,,,0,1,,,,,0.006245,SMALL
ga,hfvrp_n005_m03_s01,5,3,0.100000,1234,350.283936,145.533835,364.837319,0.000000,,,0,1,,,,,0.470806,MEDIUM
ga,hfvrp_n005_m03_s02,5,3,0.100000,100,363.863985,203.627944,384.226780,0.000000,,,0,1,,,,,1.431053,BIG
ga,hfvrp_n005_m03_s02,5,3,0.100000,200,363.863985,203.627944,384.226780,0.000000,,,0,1,,,,,0.027186,DEFAULT
ga,hfvrp_n005_m03_s02,5,3,0.100000,200,363.863985,203.627944,384.226780,0.000000,,,0,1,,,,,0.007035,SMALL
ga,hfvrp_n005_m03_s03,5,3,0.100000,100,444.734799,0.000000,444.734799,0.000000,,,0,1,,,,,0.487427,MEDIUM
ga,hfvrp_n005_m03_s02,5,3,0.100000,200,363.863985,203.627944,384.226780,0.000000,,,0,1,,,,,0.472494,MEDIUM
ga,hfvrp_n005_m03_s04,5,3,0.100000,50,278.576281,287.478473,307.324128,0.000000,,,0,1,,,,,1.442337,BIG
ga,hfvrp_n005_m03_s04,5,3,0.100000,75,278.576281,287.478473,307.324128,0.000000,,,0,1,,,,,0.025149,DEFAULT
ga,hfvrp_n005_m03_s04,5,3,0.100000,75,278.576281,287.478473,307.324128,0.000000,,,0,1,,,,,0.002590,SMALL
ga,hfvrp_n005_m03_s05,5,3,0.100000,10,363.420355,288.915413,392.311896,0.000000,,,0,1,,,,,1.426604,BIG
ga,hfvrp_n005_m03_s05,5,3,0.100000,50,363.420355,288.915413,392.311896,0.000000,,,0,1,,,,,0.025327,DEFAULT
ga,hfvrp_n005_m03_s05,5,3,0.100000,50,363.420355,288.915413,392.311896,0.000000,,,0,1,,,,,0.006549,SMALL
ga,hfvrp_n010_m03_s01,10,3,0.100000,1,535.965065,271.386050,563.103670,0.000000,,,0,1,,,,,2.195847,BIG
ga,hfvrp_n010_m03_s01,10,3,0.100000,10,535.965065,271.386050,563.103670,0.000000,,,0,1,,,,,0.040482,DEFAULT
ga,hfvrp_n010_m03_s01,10,3,0.100000,10,535.965065,271.386050,563.103670,0.000000,,,0,1,,,,,0.007013,SMALL
ga,hfvrp_n005_m03_s01,5,3,0.100000,1234,350.283936,145.533835,364.837319,0.000000,,,0,1,,,,,1.423612,BIG
ga,hfvrp_n005_m03_s04,5,3,0.100000,75,278.576281,287.478473,307.324128,0.000000,,,0,1,,,,,0.481805,MEDIUM
ga,hfvrp_n005_m03_s01,5,3,0.100000,9999,350.283936,145.533835,364.837319,0.000000,,,0,1,,,,,0.028988,DEFAULT
ga,hfvrp_n005_m03_s01,5,3,0.100000,9999,350.283936,145.533835,364.837319,0.000000,,,0,1,,,,,0.007263,SMALL
ga,hfvrp_n005_m03_s05,5,3,0.100000,50,363.420355,288.915413,392.311896,0.000000,,,0,1,,,,,0.485540,MEDIUM
ga,hfvrp_n005_m03_s03,5,3,0.100000,100,444.734799,0.000000,444.734799,0.000000,,,0,1,,,,,1.438351,BIG
ga,hfvrp_n005_m03_s03,5,3,0.100000,200,444.734799,0.000000,444.734799,0.000000,,,0,1,,,,,0.027205,DEFAULT
ga,hfvrp_n005_m03_s03,5,3,0.100000,200,444.734799,0.000000,444.734799,0.000000,,,0,1,,,,,0.002426,SMALL
ga,hfvrp_n005_m03_s01,5,3,0.100000,9999,350.283936,145.533835,364.837319,0.000000,,,0,1,,,,,0.472317,MEDIUM
ga,hfvrp_n005_m03_s02,5,3,0.100000,200,363.863985,203.627944,384.226780,0.000000,,,0,1,,,,,1.423045,BIG
ga,hfvrp_n005_m03_s02,5,3,0.100000,999,363.863985,203.627944,384.226780,0.000000,,,0,1,,,,,0.025460,DEFAULT
ga,hfvrp_n005_m03_s02,5,3,0.100000,999,363.863985,203.627944,384.226780,0.000000,,,0,1,,,,,0.005499,SMALL
ga,hfvrp_n010_m03_s01,10,3,0.100000,10,535.965065,271.386050,563.103670,0.000000,,,0,1,,,,,0.747914,MEDIUM
ga,hfvrp_n005_m03_s03,5,3,0.100000,200,444.734799,0.000000,444.734799,0.000000,,,0,1,,,,,0.481503,MEDIUM
ga,hfvrp_n005_m03_s02,5,3,0.100000,999,363.863985,203.627944,384.226780,0.000000,,,0,1,,,,,0.470168,MEDIUM
ga,hfvrp_n005_m03_s04,5,3,0.100000,75,278.576281,287.478473,307.324128,0.000000,,,0,1,,,,,1.441111,BIG
ga,hfvrp_n005_m03_s04,5,3,0.100000,100,278.576281,287.478473,307.324128,0.000000,,,0,1,,,,,0.027292,DEFAULT
ga,hfvrp_n005_m03_s04,5,3,0.100000,100,278.576281,287.478473,307.324128,0.000000,,,0,1,,,,,0.006722,SMALL
ga,hfvrp_n005_m03_s05,5,3,0.100000,50,363.420355,288.915413,392.311896,0.000000,,,0,1,,,,,1.432811,BIG
ga,hfvrp_n005_m03_s05,5,3,0.100000,75,363.420355,288.915413,392.311896,0.000000,,,0,1,,,,,0.027636,DEFAULT
ga,hfvrp_n005_m03_s05,5,3,0.100000,75,363.420355,288.915413,392.311896,0.000000,,,0,1,,,,,0.005044,SMALL
ga,hfvrp_n005_m03_s01,5,3,0.100000,9999,350.283936,145.533835,364.837319,0.000000,,,0,1,,,,,1.412472,BIG
ga,hfvrp_n005_m03_s01,5,3,0.100000,19345,350.283936,145.533835,364.837319,0.000000,,,0,1,,,,,0.024205,DEFAULT
ga,hfvrp_n005_m03_s01,5,3,0.100000,19345,350.283936,145.533835,364.837319,0.000000,,,0,1,,,,,0.005013,SMALL
ga,hfvrp_n005_m03_s04,5,3,0.100000,100,278.576281,287.478473,307.324128,0.000000,,,0,1,,,,,0.477113,MEDIUM
ga,hfvrp_n005_m03_s05,5,3,0.100000,75,363.420355,288.915413,392.311896,0.000000,,,0,1,,,,,0.476676,MEDIUM
ga,hfvrp_n005_m03_s03,5,3,0.100000,200,444.734799,0.000000,444.734799,0.000000,,,0,1,,,,,1.431487,BIG
ga,hfvrp_n005_m03_s03,5,3,0.100000,999,444.734799,0.000000,444.734799,0.000000,,,0,1,,,,,0.027974,DEFAULT
ga,hfvrp_n005_m03_s03,5,3,0.100000,999,444.734799,0.000000,444.734799,0.000000,,,0,1,,,,,0.002603,SMALL
ga,hfvrp_n005_m03_s02,5,3,0.100000,999,363.863985,203.627944,384.226780,0.000000,,,0,1,,,,,1.416575,BIG
ga,hfvrp_n005_m03_s01,5,3,0.100000,19345,350.283936,145.533835,364.837319,0.000000,,,0,1,,,,,0.471292,MEDIUM
ga,hfvrp_n005_m03_s02,5,3,0.100000,1234,363.863985,203.627944,384.226780,0.000000,,,0,1,,,,,0.025152,DEFAULT
ga,hfvrp_n005_m03_s02,5,3,0.100000,1234,363.863985,203.627944,384.226780,0.000000,,,0,1,,,,,0.002552,SMALL
ga,hfvrp_n010_m03_s01,10,3,0.100000,10,535.965065,271.386050,563.103670,0.000000,,,0,1,,,,,2.186784,BIG
ga,hfvrp_n010_m03_s01,10,3,0.100000,50,535.965065,271.386050,563.103670,0.000000,,,0,1,,,,,0.040840,DEFAULT
ga,hfvrp_n010_m03_s01,10,3,0.100000,50,535.965065,271.386050,563.103670,0.000000,,,0,1,,,,,0.007993,SMALL
ga,hfvrp_n005_m03_s03,5,3,0.100000,999,444.734799,0.000000,444.734799,0.000000,,,0,1,,,,,0.477820,MEDIUM
ga,hfvrp_n005_m03_s02,5,3,0.100000,1234,363.863985,203.627944,384.226780,0.000000,,,0,1,,,,,0.477645,MEDIUM
ga,hfvrp_n005_m03_s04,5,3,0.100000,100,278.576281,287.478473,307.324128,0.000000,,,0,1,,,,,1.443135,BIG
ga,hfvrp_n005_m03_s04,5,3,0.100000,200,278.576281,287.478473,307.324128,0.000000,,,0,1,,,,,0.025129,DEFAULT
ga,hfvrp_n005_m03_s04,5,3,0.100000,200,278.576281,287.478473,307.324128,0.000000,,,0,1,,,,,0.004670,SMALL
ga,hfvrp_n005_m03_s05,5,3,0.100000,75,363.420355,288.915413,392.311896,0.000000,,,0,1,,,,,1.436590,BIG
ga,hfvrp_n005_m03_s05,5,3,0.100000,100,363.420355,288.915413,392.311896,0.000000,,,0,1,,,,,0.024181,DEFAULT
ga,hfvrp_n005_m03_s05,5,3,0.100000,100,363.420355,288.915413,392.311896,0.000000,,,0,1,,,,,0.002592,SMALL
ga,hfvrp_n010_m03_s01,10,3,0.100000,50,535.965065,271.386050,563.103670,0.000000,,,0,1,,,,,0.730392,MEDIUM
ga,hfvrp_n005_m03_s01,5,3,0.100000,19345,350.283936,145.533835,364.837319,0.000000,,,0,1,,,,,1.417557,BIG
ga,hfvrp_n005_m03_s01,5,3,0.100000,1788154552410628223,350.283936,145.533835,364.837319,0.000000,,,0,1,,,,,0.023908,DEFAULT
ga,hfvrp_n005_m03_s01,5,3,0.100000,1788154548143094299,350.283936,145.533835,364.837319,0.000000,,,0,1,,,,,0.002426,SMALL
ga,hfvrp_n005_m03_s04,5,3,0.100000,200,278.576281,287.478473,307.324128,0.000000,,,0,1,,,,,0.479355,MEDIUM
ga,hfvrp_n005_m03_s05,5,3,0.100000,100,363.420355,288.915413,392.311896,0.000000,,,0,1,,,,,0.474826,MEDIUM
ga,hfvrp_n005_m03_s03,5,3,0.100000,999,444.734799,0.000000,444.734799,0.000000,,,0,1,,,,,1.443033,BIG
ga,hfvrp_n005_m03_s03,5,3,0.100000,1234,444.734799,0.000000,444.734799,0.000000,,,0,1,,,,,0.027174,DEFAULT
ga,hfvrp_n005_m03_s03,5,3,0.100000,1234,444.734799,0.000000,444.734799,0.000000,,,0,1,,,,,0.007706,SMALL
ga,hfvrp_n005_m03_s01,5,3,0.100000,1788154543854071029,350.283936,145.533835,364.837319,0.000000,,,0,1,,,,,0.465431,MEDIUM
ga,hfvrp_n005_m03_s02,5,3,0.100000,1234,363.863985,203.627944,384.226780,0.000000,,,0,1,,,,,1.425737,BIG
ga,hfvrp_n005_m03_s02,5,3,0.100000,9999,363.863985,203.627944,384.226780,0.000000,,,0,1,,,,,0.023745,DEFAULT
ga,hfvrp_n005_m03_s02,5,3,0.100000,9999,363.863985,203.627944,384.226780,0.000000,,,0,1,,,,,0.002426,SMALL
ga,hfvrp_n005_m03_s03,5,3,0.100000,1234,444.734799,0.000000,444.734799,0.000000,,,0,1,,,,,0.476233,MEDIUM
ga,hfvrp_n005_m03_s02,5,3,0.100000,9999,363.863985,203.627944,384.226780,0.000000,,,0,1,,,,,0.464313,MEDIUM
ga,hfvrp_n005_m03_s04,5,3,0.100000,200,278.576281,287.478473,307.324128,0.000000,,,0,1,,,,,1.424746,BIG
ga,hfvrp_n005_m03_s04,5,3,0.100000,999,278.576281,287.478473,307.324128,0.000000,,,0,1,,,,,0.027280,DEFAULT
ga,hfvrp_n005_m03_s04,5,3,0.100000,999,278.576281,287.478473,307.324128,0.000000,,,0,1,,,,,0.002476,SMALL
ga,hfvrp_n005_m03_s05,5,3,0.100000,100,363.420355,288.915413,392.311896,0.000000,,,0,1,,,,,1.421601,BIG
ga,hfvrp_n005_m03_s05,5,3,0.100000,200,363.420355,288.915413,392.311896,0.000000,,,0,1,,,,,0.025276,DEFAULT
ga,hfvrp_n005_m03_s05,5,3,0.100000,200,362.596536,406.141495,403.210686,0.000000,,,0,1,,,,,0.005680,SMALL
ga,hfvrp_n010_m03_s01,10,3,0.100000,50,535.965065,271.386050,563.103670,0.000000,,,0,1,,,,,2.181764,BIG
ga,hfvrp_n005_m03_s01,5,3,0.100000,1788154570093333082,350.283936,145.533835,364.837319,0.000000,,,0,1,,,,,1.406583,BIG
ga,hfvrp_n010_m03_s01,10,3,0.100000,75,535.965065,271.386050,563.103670,0.000000,,,0,1,,,,,0.037427,DEFAULT
ga,hfvrp_n010_m03_s01,10,3,0.100000,75,535.965065,271.386050,563.103670,0.000000,,,0,1,,,,,0.006459,SMALL
ga,hfvrp_n010_m03_s02,10,3,0.100000,1788155417651965362,543.106201,483.480302,591.454231,0.000000,,,0,1,,,,,0.038672,DEFAULT
ga,hfvrp_n010_m03_s02,10,3,0.100000,1788155477823849692,524.488142,720.694918,596.557634,0.000000,,,0,1,,,,,0.003859,SMALL
ga,hfvrp_n005_m03_s04,5,3,0.100000,999,278.576281,287.478473,307.324128,0.000000,,,0,1,,,,,0.481961,MEDIUM
ga,hfvrp_n005_m03_s05,5,3,0.100000,200,363.420355,288.915413,392.311896,0.000000,,,0,1,,,,,0.484571,MEDIUM
ga,hfvrp_n005_m03_s03,5,3,0.100000,1234,444.734799,0.000000,444.734799,0.000000,,,0,1,,,,,1.433128,BIG
ga,hfvrp_n005_m03_s03,5,3,0.100000,9999,444.734799,0.000000,444.734799,0.000000,,,0,1,,,,,0.024144,DEFAULT
ga,hfvrp_n005_m03_s03,5,3,0.100000,9999,444.734799,0.000000,444.734799,0.000000,,,0,1,,,,,0.002454,SMALL
ga,hfvrp_n005_m03_s02,5,3,0.100000,9999,363.863985,203.627944,384.226780,0.000000,,,0,1,,,,,1.420110,BIG
ga,hfvrp_n005_m03_s02,5,3,0.100000,19345,363.863985,203.627944,384.226780,0.000000,,,0,1,,,,,0.024738,DEFAULT
ga,hfvrp_n005_m03_s02,5,3,0.100000,19345,363.863985,203.627944,384.226780,0.000000,,,0,1,,,,,0.005236,SMALL
ga,hfvrp_n010_m03_s01,10,3,0.100000,75,535.965065,271.386050,563.103670,0.000000,,,0,1,,,,,0.729648,MEDIUM
ga,hfvrp_n010_m03_s02,10,3,0.100000,1788155473536325835,543.106201,483.480302,591.454231,0.000000,,,0,1,,,,,0.745194,MEDIUM
ga,hfvrp_n005_m03_s03,5,3,0.100000,9999,444.734799,0.000000,444.734799,0.000000,,,0,1,,,,,0.471572,MEDIUM
ga,hfvrp_n005_m03_s02,5,3,0.100000,19345,363.863985,203.627944,384.226780,0.000000,,,0,1,,,,,0.465576,MEDIUM
ga,hfvrp_n005_m03_s04,5,3,0.100000,999,278.576281,287.478473,307.324128,0.000000,,,0,1,,,,,1.426875,BIG
ga,hfvrp_n005_m03_s04,5,3,0.100000,1234,278.576281,287.478473,307.324128,0.000000,,,0,1,,,,,0.023194,DEFAULT
ga,hfvrp_n005_m03_s04,5,3,0.100000,1234,278.576281,287.478473,307.324128,0.000000,,,0,1,,,,,0.002468,SMALL
ga,hfvrp_n005_m03_s05,5,3,0.100000,200,363.420355,288.915413,392.311896,0.000000,,,0,1,,,,,1.421488,BIG
ga,hfvrp_n005_m03_s05,5,3,0.100000,999,363.420355,288.915413,392.311896,0.000000,,,0,1,,,,,0.026626,DEFAULT
ga,hfvrp_n005_m03_s05,5,3,0.100000,999,363.420355,288.915413,392.311896,0.000000,,,0,1,,,,,0.002454,SMALL
ga,hfvrp_n005_m03_s04,5,3,0.100000,1234,278.576281,287.478473,307.324128,0.000000,,,0,1,,,,,0.479378,MEDIUM
ga,hfvrp_n005_m03_s05,5,3,0.100000,999,363.420355,288.915413,392.311896,0.000000,,,0,1,,,,,0.471536,MEDIUM
ga,hfvrp_n005_m03_s03,5,3,0.100000,9999,444.734799,0.000000,444.734799,0.000000,,,0,1,,,,,1.415655,BIG
ga,hfvrp_n005_m03_s03,5,3,0.100000,19345,444.734799,0.000000,444.734799,0.000000,,,0,1,,,,,0.023460,DEFAULT
ga,hfvrp_n005_m03_s03,5,3,0.100000,19345,444.734799,0.000000,444.734799,0.000000,,,0,1,,,,,0.002457,SMALL
ga,hfvrp_n005_m03_s02,5,3,0.100000,19345,363.863985,203.627944,384.226780,0.000000,,,0,1,,,,,1.410474,BIG
ga,hfvrp_n005_m03_s02,5,3,0.100000,1788155218264119741,363.863985,203.627944,384.226780,0.000000,,,0,1,,,,,0.023995,DEFAULT
ga,hfvrp_n005_m03_s02,5,3,0.100000,1788155222590201937,363.863985,203.627944,384.226780,0.000000,,,0,1,,,,,0.004574,SMALL
ga,hfvrp_n010_m03_s01,10,3,0.100000,75,535.965065,271.386050,563.103670,0.000000,,,0,1,,,,,2.184640,BIG
ga,hfvrp_n005_m03_s03,5,3,0.100000,19345,444.734799,0.000000,444.734799,0.000000,,,0,1,,,,,0.477988,MEDIUM
ga,hfvrp_n005_m03_s02,5,3,0.100000,1788155226893727544,363.863985,203.627944,384.226780,0.000000,,,0,1,,,,,0.470376,MEDIUM
ga,hfvrp_n010_m03_s01,10,3,0.100000,100,535.965065,271.386050,563.103670,0.000000,,,0,1,,,,,0.040180,DEFAULT
ga,hfvrp_n010_m03_s01,10,3,0.100000,100,535.965065,271.386050,563.103670,0.000000,,,0,1,,,,,0.003813,SMALL
ga,hfvrp_n010_m03_s02,10,3,0.100000,1788155362621202363,543.106201,483.480302,591.454231,0.000000,,,0,1,,,,,2.260871,BIG
ga,hfvrp_n010_m03_s02,10,3,0.100000,1,543.106201,483.480302,591.454231,0.000000,,,0,1,,,,,0.041758,DEFAULT
ga,hfvrp_n010_m03_s02,10,3,0.100000,1,524.488142,720.694918,596.557634,0.000000,,,0,1,,,,,0.003873,SMALL
ga,hfvrp_n005_m03_s04,5,3,0.100000,1234,278.576281,287.478473,307.324128,0.000000,,,0,1,,,,,1.439010,BIG
ga,hfvrp_n005_m03_s05,5,3,0.100000,999,363.420355,288.915413,392.311896,0.000000,,,0,1,,,,,1.434507,BIG
ga,hfvrp_n005_m03_s04,5,3,0.100000,9999,278.576281,287.478473,307.324128,0.000000,,,0,1,,,,,0.024945,DEFAULT
ga,hfvrp_n005_m03_s04,5,3,0.100000,9999,278.576281,287.478473,307.324128,0.000000,,,0,1,,,,,0.003718,SMALL
ga,hfvrp_n005_m03_s05,5,3,0.100000,1234,363.420355,288.915413,392.311896,0.000000,,,0,1,,,,,0.025942,DEFAULT
ga,hfvrp_n005_m03_s05,5,3,0.100000,1234,363.420355,288.915413,392.311896,0.000000,,,0,1,,,,,0.004026,SMALL
ga,hfvrp_n010_m03_s01,10,3,0.100000,100,535.965065,271.386050,563.103670,0.000000,,,0,1,,,,,0.735772,MEDIUM
ga,hfvrp_n010_m03_s02,10,3,0.100000,1,543.106201,483.480302,591.454231,0.000000,,,0,1,,,,,0.752549,MEDIUM
ga,hfvrp_n005_m03_s04,5,3,0.100000,9999,278.576281,287.478473,307.324128,0.000000,,,0,1,,,,,0.478128,MEDIUM
ga,hfvrp_n005_m03_s05,5,3,0.100000,1234,363.420355,288.915413,392.311896,0.000000,,,0,1,,,,,0.475047,MEDIUM
ga,hfvrp_n005_m03_s03,5,3,0.100000,19345,444.734799,0.000000,444.734799,0.000000,,,0,1,,,,,1.433728,BIG
ga,hfvrp_n005_m03_s02,5,3,0.100000,1788155188715823465,363.863985,203.627944,384.226780,0.000000,,,0,1,,,,,1.431631,BIG
ga,hfvrp_n005_m03_s03,5,3,0.100000,1788155052683394879,444.734799,0.000000,444.734799,0.000000,,,0,1,,,,,0.028048,DEFAULT
ga,hfvrp_n005_m03_s03,5,3,0.100000,1788155061308661026,444.734799,0.000000,444.734799,0.000000,,,0,1,,,,,0.005587,SMALL
ga,hfvrp_n010_m03_s03,10,3,0.100000,1788153884522607474,536.207835,877.959782,624.003813,0.000000,,,0,1,,,,,0.038217,DEFAULT
ga,hfvrp_n010_m03_s03,10,3,0.100000,1788153888859559714,536.207835,877.959782,624.003813,0.000000,,,0,1,,,,,0.003811,SMALL
ga,hfvrp_n005_m03_s03,5,3,0.100000,1788155022664195766,444.734799,0.000000,444.734799,0.000000,,,0,1,,,,,0.472433,MEDIUM
ga,hfvrp_n010_m03_s03,10,3,0.100000,1788153893162023763,536.207835,877.959782,624.003813,0.000000,,,0,1,,,,,0.724396,MEDIUM
ga,hfvrp_n005_m03_s04,5,3,0.100000,9999,278.576281,287.478473,307.324128,0.000000,,,0,1,,,,,1.436522,BIG
ga,hfvrp_n005_m03_s05,5,3,0.100000,1234,363.420355,288.915413,392.311896,0.000000,,,0,1,,,,,1.426481,BIG
ga,hfvrp_n005_m03_s04,5,3,0.100000,19345,278.576281,287.478473,307.324128,0.000000,,,0,1,,,,,0.028559,DEFAULT
ga,hfvrp_n005_m03_s05,5,3,0.100000,9999,363.420355,288.915413,392.311896,0.000000,,,0,1,,,,,0.027553,DEFAULT
ga,hfvrp_n005_m03_s04,5,3,0.100000,19345,278.576281,287.478473,307.324128,0.000000,,,0,1,,,,,0.002676,SMALL
ga,hfvrp_n005_m03_s05,5,3,0.100000,9999,363.420355,288.915413,392.311896,0.000000,,,0,1,,,,,0.004762,SMALL
ga,hfvrp_n010_m03_s01,10,3,0.100000,100,535.965065,271.386050,563.103670,0.000000,,,0,1,,,,,2.251592,BIG
ga,hfvrp_n005_m03_s04,5,3,0.100000,19345,278.576281,287.478473,307.324128,0.000000,,,0,1,,,,,0.474240,MEDIUM
ga,hfvrp_n005_m03_s05,5,3,0.100000,9999,363.420355,288.915413,392.311896,0.000000,,,0,1,,,,,0.471585,MEDIUM
ga,hfvrp_n010_m03_s01,10,3,0.100000,200,535.965065,271.386050,563.103670,0.000000,,,0,1,,,,,0.036374,DEFAULT
ga,hfvrp_n010_m03_s01,10,3,0.100000,200,535.965065,271.386050,563.103670,0.000000,,,0,1,,,,,0.004101,SMALL
ga,hfvrp_n010_m03_s02,10,3,0.100000,1,543.106201,483.480302,591.454231,0.000000,,,0,1,,,,,2.251166,BIG
ga,hfvrp_n010_m03_s02,10,3,0.100000,10,524.488142,720.694918,596.557634,0.000000,,,0,1,,,,,0.039565,DEFAULT
ga,hfvrp_n010_m03_s02,10,3,0.100000,10,524.488142,720.694918,596.557634,0.000000,,,0,1,,,,,0.003864,SMALL
ga,hfvrp_n005_m03_s03,5,3,0.100000,1788153897863191280,444.734799,0.000000,444.734799,0.000000,,,0,1,,,,,1.434838,BIG
ga,hfvrp_n010_m03_s04,10,3,0.100000,1788153671719394195,526.269414,672.105161,593.479930,0.000000,,,0,1,,,,,0.037222,DEFAULT
ga,hfvrp_n010_m03_s04,10,3,0.100000,1788153684647703504,526.269414,672.105161,593.479930,0.000000,,,0,1,,,,,0.009172,SMALL
ga,hfvrp_n010_m03_s01,10,3,0.100000,200,535.965065,271.386050,563.103670,0.000000,,,0,1,,,,,0.731349,MEDIUM
ga,hfvrp_n010_m03_s02,10,3,0.100000,10,543.106201,483.480302,591.454231,0.000000,,,0,1,,,,,0.758361,MEDIUM
ga,hfvrp_n010_m03_s04,10,3,0.100000,1788153680365750155,526.269414,672.105161,593.479930,0.000000,,,0,1,,,,,0.722604,MEDIUM
ga,hfvrp_n010_m03_s03,10,3,0.100000,1788153893893926766,536.207835,877.959782,624.003813,0.000000,,,0,1,,,,,2.216011,BIG
ga,hfvrp_n005_m03_s05,5,3,0.100000,9999,363.420355,288.915413,392.311896,0.000000,,,0,1,,,,,1.434520,BIG
ga,hfvrp_n005_m03_s04,5,3,0.100000,19345,278.576281,287.478473,307.324128,0.000000,,,0,1,,,,,1.447987,BIG
ga,hfvrp_n005_m03_s05,5,3,0.100000,19345,363.420355,288.915413,392.311896,0.000000,,,0,1,,,,,0.024230,DEFAULT
ga,hfvrp_n010_m03_s03,10,3,0.100000,1,536.207835,877.959782,624.003813,0.000000,,,0,1,,,,,0.039266,DEFAULT
ga,hfvrp_n005_m03_s05,5,3,0.100000,19345,363.420355,288.915413,392.311896,0.000000,,,0,1,,,,,0.002663,SMALL
ga,hfvrp_n005_m03_s04,5,3,0.100000,1788153621275601311,278.576281,287.478473,307.324128,0.000000,,,0,1,,,,,0.024436,DEFAULT
ga,hfvrp_n010_m03_s03,10,3,0.100000,1,536.207835,877.959782,624.003813,0.000000,,,0,1,,,,,0.004122,SMALL
ga,hfvrp_n005_m03_s04,5,3,0.100000,1788153569768799797,278.576281,287.478473,307.324128,0.000000,,,0,1,,,,,0.004579,SMALL
ga,hfvrp_n005_m03_s05,5,3,0.100000,19345,363.420355,288.915413,392.311896,0.000000,,,0,1,,,,,0.471572,MEDIUM
ga,hfvrp_n005_m03_s04,5,3,0.100000,1788153578367564373,278.576281,287.478473,307.324128,0.000000,,,0,1,,,,,0.477393,MEDIUM
ga,hfvrp_n010_m03_s03,10,3,0.100000,1,536.207835,877.959782,624.003813,0.000000,,,0,1,,,,,0.731064,MEDIUM
ga,hfvrp_n010_m03_s01,10,3,0.100000,200,535.965065,271.386050,563.103670,0.000000,,,0,1,,,,,2.179530,BIG
ga,hfvrp_n010_m03_s01,10,3,0.100000,999,535.965065,271.386050,563.103670,0.000000,,,0,1,,,,,0.039687,DEFAULT
ga,hfvrp_n010_m03_s01,10,3,0.100000,999,535.965065,271.386050,563.103670,0.000000,,,0,1,,,,,0.006400,SMALL
ga,hfvrp_n010_m03_s02,10,3,0.100000,10,543.106201,483.480302,591.454231,0.000000,,,0,1,,,,,2.238102,BIG
ga,hfvrp_n010_m03_s02,10,3,0.100000,50,524.488142,720.694918,596.557634,0.000000,,,0,1,,,,,0.041408,DEFAULT
ga,hfvrp_n010_m03_s02,10,3,0.100000,50,524.488142,720.694918,596.557634,0.000000,,,0,1,,,,,0.009028,SMALL
ga,hfvrp_n010_m03_s04,10,3,0.100000,1788153633851913947,526.269414,672.105161,593.479930,0.000000,,,0,1,,,,,2.199704,BIG
ga,hfvrp_n005_m03_s05,5,3,0.100000,19345,363.420355,288.915413,392.311896,0.000000,,,0,1,,,,,1.427188,BIG
ga,hfvrp_n005_m03_s04,5,3,0.100000,1788153587438629426,278.576281,287.478473,307.324128,0.000000,,,0,1,,,,,1.434552,BIG
ga,hfvrp_n010_m03_s04,10,3,0.100000,1,526.269414,672.105161,593.479930,0.000000,,,0,1,,,,,0.040599,DEFAULT
ga,hfvrp_n005_m03_s05,5,3,0.100000,1788153429942403554,363.420355,288.915413,392.311896,0.000000,,,0,1,,,,,0.024319,DEFAULT
ga,hfvrp_n010_m03_s04,10,3,0.100000,1,526.269414,672.105161,593.479930,0.000000,,,0,1,,,,,0.004156,SMALL
ga,hfvrp_n005_m03_s05,5,3,0.100000,1788153438560608384,363.420355,288.915413,392.311896,0.000000,,,0,1,,,,,0.002677,SMALL
ga,hfvrp_n010_m03_s05,10,3,0.100000,1788153352695843506,595.687058,1173.267824,713.013840,0.000000,,,0,1,,,,,0.037382,DEFAULT
ga,hfvrp_n010_m03_s05,10,3,0.100000,1788153357036665129,595.687058,1173.267824,713.013840,0.000000,,,0,1,,,,,0.009350,SMALL
ga,hfvrp_n010_m03_s01,10,3,0.100000,999,535.965065,271.386050,563.103670,0.000000,,,0,1,,,,,0.735724,MEDIUM
ga,hfvrp_n005_m03_s05,5,3,0.100000,1788153391325462725,363.420355,288.915413,392.311896,0.000000,,,0,1,,,,,0.478236,MEDIUM
ga,hfvrp_n010_m03_s02,10,3,0.100000,50,543.106201,483.480302,591.454231,0.000000,,,0,1,,,,,0.754167,MEDIUM
ga,hfvrp_n010_m03_s04,10,3,0.100000,1,526.269414,672.105161,593.479930,0.000000,,,0,1,,,,,0.726317,MEDIUM
ga,hfvrp_n010_m03_s05,10,3,0.100000,1788153378525665271,528.077965,802.788501,608.356816,0.000000,,,0,1,,,,,0.723896,MEDIUM
ga,hfvrp_n010_m03_s03,10,3,0.100000,1,536.207835,877.959782,624.003813,0.000000,,,0,1,,,,,2.234488,BIG
ga,hfvrp_n010_m03_s03,10,3,0.100000,10,536.207835,877.959782,624.003813,0.000000,,,0,1,,,,,0.036886,DEFAULT
ga,hfvrp_n010_m03_s03,10,3,0.100000,10,536.207835,877.959782,624.003813,0.000000,,,0,1,,,,,0.006225,SMALL
ga,hfvrp_n010_m03_s03,10,3,0.100000,10,536.207835,877.959782,624.003813,0.000000,,,0,1,,,,,0.726698,MEDIUM
ga,hfvrp_n005_m03_s05,5,3,0.100000,1788153370337507502,363.420355,288.915413,392.311896,0.000000,,,0,1,,,,,1.428659,BIG
ga,hfvrp_n015_m03_s01,15,3,0.100000,1788154372577965045,618.348969,2088.235372,827.172506,0.000000,,,0,1,,,,,0.052026,DEFAULT
ga,hfvrp_n015_m03_s01,15,3,0.100000,1788154325390151102,616.617157,2135.962623,830.213420,0.000000,,,0,1,,,,,0.006832,SMALL
ga,hfvrp_n010_m03_s01,10,3,0.100000,999,535.965065,271.386050,563.103670,0.000000,,,0,1,,,,,2.182939,BIG
ga,hfvrp_n010_m03_s01,10,3,0.100000,1234,535.965065,271.386050,563.103670,0.000000,,,0,1,,,,,0.038832,DEFAULT
ga,hfvrp_n010_m03_s01,10,3,0.100000,1234,535.965065,271.386050,563.103670,0.000000,,,0,1,,,,,0.003808,SMALL
ga,hfvrp_n010_m03_s02,10,3,0.100000,50,543.106201,483.480302,591.454231,0.000000,,,0,1,,,,,2.234379,BIG
ga,hfvrp_n010_m03_s02,10,3,0.100000,75,524.488142,720.694918,596.557634,0.000000,,,0,1,,,,,0.039802,DEFAULT
ga,hfvrp_n010_m03_s02,10,3,0.100000,75,524.488142,720.694918,596.557634,0.000000,,,0,1,,,,,0.003876,SMALL
ga,hfvrp_n010_m03_s04,10,3,0.100000,1,526.269414,672.105161,593.479930,0.000000,,,0,1,,,,,2.186263,BIG
ga,hfvrp_n010_m03_s04,10,3,0.100000,10,526.269414,672.105161,593.479930,0.000000,,,0,1,,,,,0.040304,DEFAULT
ga,hfvrp_n010_m03_s05,10,3,0.100000,1788154431520447612,528.077965,802.788501,608.356816,0.000000,,,0,1,,,,,2.190468,BIG
ga,hfvrp_n010_m03_s04,10,3,0.100000,10,526.269414,672.105161,593.479930,0.000000,,,0,1,,,,,0.006839,SMALL
ga,hfvrp_n010_m03_s05,10,3,0.100000,1,528.077965,802.788501,608.356816,0.000000,,,0,1,,,,,0.035447,DEFAULT
ga,hfvrp_n015_m03_s01,15,3,0.100000,1788154329696257945,618.348969,2088.235372,827.172506,0.000000,,,0,1,,,,,0.990928,MEDIUM
ga,hfvrp_n010_m03_s05,10,3,0.100000,1,528.077965,802.788501,608.356816,0.000000,,,0,1,,,,,0.003873,SMALL
ga,hfvrp_n010_m03_s01,10,3,0.100000,1234,535.965065,271.386050,563.103670,0.000000,,,0,1,,,,,0.734294,MEDIUM
ga,hfvrp_n010_m03_s02,10,3,0.100000,75,543.106201,483.480302,591.454231,0.000000,,,0,1,,,,,0.752458,MEDIUM
ga,hfvrp_n010_m03_s04,10,3,0.100000,10,526.269414,672.105161,593.479930,0.000000,,,0,1,,,,,0.723050,MEDIUM
ga,hfvrp_n010_m03_s05,10,3,0.100000,1,528.077965,802.788501,608.356816,0.000000,,,0,1,,,,,0.724514,MEDIUM
ga,hfvrp_n010_m03_s03,10,3,0.100000,10,536.207835,877.959782,624.003813,0.000000,,,0,1,,,,,2.209579,BIG
ga,hfvrp_n010_m03_s03,10,3,0.100000,50,536.207835,877.959782,624.003813,0.000000,,,0,1,,,,,0.040040,DEFAULT
ga,hfvrp_n010_m03_s03,10,3,0.100000,50,536.207835,877.959782,624.003813,0.000000,,,0,1,,,,,0.008711,SMALL
ga,hfvrp_n010_m03_s03,10,3,0.100000,50,536.207835,877.959782,624.003813,0.000000,,,0,1,,,,,0.725910,MEDIUM
ga,hfvrp_n010_m03_s01,10,3,0.100000,1234,535.965065,271.386050,563.103670,0.000000,,,0,1,,,,,2.176674,BIG
ga,hfvrp_n010_m03_s01,10,3,0.100000,9999,535.965065,271.386050,563.103670,0.000000,,,0,1,,,,,0.038022,DEFAULT
ga,hfvrp_n010_m03_s01,10,3,0.100000,9999,535.965065,271.386050,563.103670,0.000000,,,0,1,,,,,0.003871,SMALL
ga,hfvrp_n010_m03_s02,10,3,0.100000,75,543.106201,483.480302,591.454231,0.000000,,,0,1,,,,,2.248774,BIG
ga,hfvrp_n010_m03_s04,10,3,0.100000,10,526.269414,672.105161,593.479930,0.000000,,,0,1,,,,,2.178603,BIG
ga,hfvrp_n010_m03_s02,10,3,0.100000,100,543.106201,483.480302,591.454231,0.000000,,,0,1,,,,,0.036943,DEFAULT
ga,hfvrp_n010_m03_s02,10,3,0.100000,100,543.106201,483.480302,591.454231,0.000000,,,0,1,,,,,0.009439,SMALL
ga,hfvrp_n010_m03_s04,10,3,0.100000,50,526.269414,672.105161,593.479930,0.000000,,,0,1,,,,,0.034594,DEFAULT
ga,hfvrp_n010_m03_s04,10,3,0.100000,50,526.269414,672.105161,593.479930,0.000000,,,0,1,,,,,0.009335,SMALL
ga,hfvrp_n010_m03_s05,10,3,0.100000,1,528.077965,802.788501,608.356816,0.000000,,,0,1,,,,,2.189075,BIG
ga,hfvrp_n015_m03_s01,15,3,0.100000,1788154240496252175,618.348969,2088.235372,827.172506,0.000000,,,0,1,,,,,2.936828,BIG
ga,hfvrp_n010_m03_s05,10,3,0.100000,10,528.077965,802.788501,608.356816,0.000000,,,0,1,,,,,0.036868,DEFAULT
ga,hfvrp_n010_m03_s05,10,3,0.100000,10,528.077965,802.788501,608.356816,0.000000,,,0,1,,,,,0.003943,SMALL
ga,hfvrp_n015_m03_s01,15,3,0.100000,1,616.617157,2135.962623,830.213420,0.000000,,,0,1,,,,,0.052449,DEFAULT
ga,hfvrp_n015_m03_s01,15,3,0.100000,1,646.212640,2557.076201,901.920260,0.000000,,,0,1,,,,,0.005270,SMALL
ga,hfvrp_n010_m03_s01,10,3,0.100000,9999,535.965065,271.386050,563.103670,0.000000,,,0,1,,,,,0.734990,MEDIUM
ga,hfvrp_n010_m03_s02,10,3,0.100000,100,543.106201,483.480302,591.454231,0.000000,,,0,1,,,,,0.746828,MEDIUM
ga,hfvrp_n010_m03_s04,10,3,0.100000,50,526.269414,672.105161,593.479930,0.000000,,,0,1,,,,,0.727344,MEDIUM
ga,hfvrp_n010_m03_s05,10,3,0.100000,10,595.687058,1173.267824,713.013840,0.000000,,,0,1,,,,,0.724265,MEDIUM
ga,hfvrp_n010_m03_s03,10,3,0.100000,50,536.207835,877.959782,624.003813,0.000000,,,0,1,,,,,2.207617,BIG
ga,hfvrp_n015_m03_s01,15,3,0.100000,1,618.348969,2088.235372,827.172506,0.000000,,,0,1,,,,,0.978708,MEDIUM
ga,hfvrp_n010_m03_s03,10,3,0.100000,75,536.207835,877.959782,624.003813,0.000000,,,0,1,,,,,0.041932,DEFAULT
ga,hfvrp_n010_m03_s03,10,3,0.100000,75,536.207835,877.959782,624.003813,0.000000,,,0,1,,,,,0.003812,SMALL
ga,hfvrp_n010_m03_s03,10,3,0.100000,75,536.207835,877.959782,624.003813,0.000000,,,0,1,,,,,0.731541,MEDIUM
ga,hfvrp_n010_m03_s01,10,3,0.100000,9999,535.965065,271.386050,563.103670,0.000000,,,0,1,,,,,2.204079,BIG
ga,hfvrp_n010_m03_s01,10,3,0.100000,19345,535.965065,271.386050,563.103670,0.000000,,,0,1,,,,,0.035139,DEFAULT
ga,hfvrp_n010_m03_s01,10,3,0.100000,19345,535.965065,271.386050,563.103670,0.000000,,,0,1,,,,,0.006788,SMALL
ga,hfvrp_n010_m03_s04,10,3,0.100000,50,526.269414,672.105161,593.479930,0.000000,,,0,1,,,,,2.172441,BIG
ga,hfvrp_n010_m03_s02,10,3,0.100000,100,543.106201,483.480302,591.454231,0.000000,,,0,1,,,,,2.237138,BIG
ga,hfvrp_n010_m03_s04,10,3,0.100000,75,526.269414,672.105161,593.479930,0.000000,,,0,1,,,,,0.039050,DEFAULT
ga,hfvrp_n010_m03_s04,10,3,0.100000,75,526.269414,672.105161,593.479930,0.000000,,,0,1,,,,,0.004112,SMALL
ga,hfvrp_n010_m03_s05,10,3,0.100000,10,528.077965,802.788501,608.356816,0.000000,,,0,1,,,,,2.184408,BIG
ga,hfvrp_n010_m03_s02,10,3,0.100000,200,543.106201,483.480302,591.454231,0.000000,,,0,1,,,,,0.038297,DEFAULT
ga,hfvrp_n010_m03_s02,10,3,0.100000,200,543.106201,483.480302,591.454231,0.000000,,,0,1,,,,,0.007482,SMALL
ga,hfvrp_n010_m03_s05,10,3,0.100000,50,595.687058,1173.267824,713.013840,0.000000,,,0,1,,,,,0.039178,DEFAULT
ga,hfvrp_n010_m03_s05,10,3,0.100000,50,595.687058,1173.267824,713.013840,0.000000,,,0,1,,,,,0.005114,SMALL
ga,hfvrp_n010_m03_s01,10,3,0.100000,19345,535.965065,271.386050,563.103670,0.000000,,,0,1,,,,,0.737136,MEDIUM
ga,hfvrp_n010_m03_s04,10,3,0.100000,75,526.269414,672.105161,593.479930,0.000000,,,0,1,,,,,0.730842,MEDIUM
ga,hfvrp_n010_m03_s05,10,3,0.100000,50,528.077965,802.788501,608.356816,0.000000,,,0,1,,,,,0.721445,MEDIUM
ga,hfvrp_n010_m03_s02,10,3,0.100000,200,543.106201,483.480302,591.454231,0.000000,,,0,1,,,,,0.744417,MEDIUM
ga,hfvrp_n015_m03_s01,15,3,0.100000,1,618.348969,2088.235372,827.172506,0.000000,,,0,1,,,,,2.945878,BIG
ga,hfvrp_n010_m03_s03,10,3,0.100000,75,536.207835,877.959782,624.003813,0.000000,,,0,1,,,,,2.214030,BIG
ga,hfvrp_n010_m03_s03,10,3,0.100000,100,536.207835,877.959782,624.003813,0.000000,,,0,1,,,,,0.036502,DEFAULT
ga,hfvrp_n010_m03_s03,10,3,0.100000,100,536.207835,877.959782,624.003813,0.000000,,,0,1,,,,,0.003816,SMALL
ga,hfvrp_n015_m03_s01,15,3,0.100000,10,616.617157,2135.962623,830.213420,0.000000,,,0,1,,,,,0.053828,DEFAULT
ga,hfvrp_n015_m03_s01,15,3,0.100000,10,637.165591,2258.702802,863.035871,0.000000,,,0,1,,,,,0.005550,SMALL
ga,hfvrp_n010_m03_s03,10,3,0.100000,100,536.207835,877.959782,624.003813,0.000000,,,0,1,,,,,0.729402,MEDIUM
ga,hfvrp_n015_m03_s01,15,3,0.100000,10,618.348969,2088.235372,827.172506,0.000000,,,0,1,,,,,0.970584,MEDIUM
ga,hfvrp_n010_m03_s01,10,3,0.100000,19345,535.965065,271.386050,563.103670,0.000000,,,0,1,,,,,2.184087,BIG
ga,hfvrp_n010_m03_s01,10,3,0.100000,1788157045039870888,535.965065,271.386050,563.103670,0.000000,,,0,1,,,,,0.036638,DEFAULT
ga,hfvrp_n010_m03_s01,10,3,0.100000,1788157015015568901,535.965065,271.386050,563.103670,0.000000,,,0,1,,,,,0.003947,SMALL
ga,hfvrp_n010_m03_s04,10,3,0.100000,75,526.269414,672.105161,593.479930,0.000000,,,0,1,,,,,2.185239,BIG
ga,hfvrp_n010_m03_s04,10,3,0.100000,100,526.269414,672.105161,593.479930,0.000000,,,0,1,,,,,0.035940,DEFAULT
ga,hfvrp_n010_m03_s04,10,3,0.100000,100,526.269414,672.105161,593.479930,0.000000,,,0,1,,,,,0.003790,SMALL
ga,hfvrp_n010_m03_s05,10,3,0.100000,50,528.077965,802.788501,608.356816,0.000000,,,0,1,,,,,2.186569,BIG
ga,hfvrp_n010_m03_s05,10,3,0.100000,75,595.687058,1173.267824,713.013840,0.000000,,,0,1,,,,,0.038208,DEFAULT
ga,hfvrp_n010_m03_s05,10,3,0.100000,75,595.687058,1173.267824,713.013840,0.000000,,,0,1,,,,,0.003836,SMALL
ga,hfvrp_n010_m03_s02,10,3,0.100000,200,543.106201,483.480302,591.454231,0.000000,,,0,1,,,,,2.258252,BIG
ga,hfvrp_n010_m03_s02,10,3,0.100000,999,543.106201,483.480302,591.454231,0.000000,,,0,1,,,,,0.036755,DEFAULT
ga,hfvrp_n010_m03_s02,10,3,0.100000,999,524.488142,720.694918,596.557634,0.000000,,,0,1,,,,,0.006868,SMALL
ga,hfvrp_n010_m03_s01,10,3,0.100000,1788157019318191097,535.965065,271.386050,563.103670,0.000000,,,0,1,,,,,0.731246,MEDIUM
ga,hfvrp_n010_m03_s04,10,3,0.100000,100,526.269414,672.105161,593.479930,0.000000,,,0,1,,,,,0.726716,MEDIUM
ga,hfvrp_n010_m03_s05,10,3,0.100000,75,528.077965,802.788501,608.356816,0.000000,,,0,1,,,,,0.724595,MEDIUM
ga,hfvrp_n010_m03_s02,10,3,0.100000,999,543.106201,483.480302,591.454231,0.000000,,,0,1,,,,,0.740237,MEDIUM
ga,hfvrp_n010_m03_s03,10,3,0.100000,100,536.207835,877.959782,624.003813,0.000000,,,0,1,,,,,2.207755,BIG
ga,hfvrp_n010_m03_s03,10,3,0.100000,200,536.207835,877.959782,624.003813,0.000000,,,0,1,,,,,0.039993,DEFAULT
ga,hfvrp_n010_m03_s03,10,3,0.100000,200,536.207835,877.959782,624.003813,0.000000,,,0,1,,,,,0.003805,SMALL
ga,hfvrp_n010_m03_s03,10,3,0.100000,200,536.207835,877.959782,624.003813,0.000000,,,0,1,,,,,0.725663,MEDIUM
ga,hfvrp_n015_m03_s01,15,3,0.100000,10,618.348969,2088.235372,827.172506,0.000000,,,0,1,,,,,2.935030,BIG
ga,hfvrp_n015_m03_s01,15,3,0.100000,50,639.049877,2361.994312,875.249309,0.000000,,,0,1,,,,,0.051525,DEFAULT
ga,hfvrp_n015_m03_s01,15,3,0.100000,50,616.617157,2135.962623,830.213420,0.000000,,,0,1,,,,,0.009374,SMALL
ga,hfvrp_n010_m03_s01,10,3,0.100000,1788156942748753240,535.965065,271.386050,563.103670,0.000000,,,0,1,,,,,2.201515,BIG
ga,hfvrp_n015_m03_s02,15,3,0.100000,1788156798990992944,555.067518,2369.930933,792.060612,0.000000,,,0,1,,,,,0.051039,DEFAULT
ga,hfvrp_n015_m03_s02,15,3,0.100000,1788156777572735329,555.067518,2369.930933,792.060612,0.000000,,,0,1,,,,,0.009325,SMALL
ga,hfvrp_n010_m03_s04,10,3,0.100000,100,526.269414,672.105161,593.479930,0.000000,,,0,1,,,,,2.178008,BIG
ga,hfvrp_n010_m03_s04,10,3,0.100000,200,526.269414,672.105161,593.479930,0.000000,,,0,1,,,,,0.038064,DEFAULT
ga,hfvrp_n010_m03_s04,10,3,0.100000,200,526.269414,672.105161,593.479930,0.000000,,,0,1,,,,,0.009622,SMALL
ga,hfvrp_n010_m03_s05,10,3,0.100000,75,528.077965,802.788501,608.356816,0.000000,,,0,1,,,,,2.187303,BIG
ga,hfvrp_n010_m03_s05,10,3,0.100000,100,595.687058,1173.267824,713.013840,0.000000,,,0,1,,,,,0.035517,DEFAULT
ga,hfvrp_n010_m03_s05,10,3,0.100000,100,595.687058,1173.267824,713.013840,0.000000,,,0,1,,,,,0.009321,SMALL
ga,hfvrp_n010_m03_s02,10,3,0.100000,999,543.106201,483.480302,591.454231,0.000000,,,0,1,,,,,2.241224,BIG
ga,hfvrp_n010_m03_s02,10,3,0.100000,1234,524.488142,720.694918,596.557634,0.000000,,,0,1,,,,,0.036064,DEFAULT
ga,hfvrp_n010_m03_s02,10,3,0.100000,1234,524.488142,720.694918,596.557634,0.000000,,,0,1,,,,,0.007578,SMALL
ga,hfvrp_n015_m03_s01,15,3,0.100000,50,616.617157,2135.962623,830.213420,0.000000,,,0,1,,,,,0.977813,MEDIUM
ga,hfvrp_n010_m03_s04,10,3,0.100000,200,526.269414,672.105161,593.479930,0.000000,,,0,1,,,,,0.723713,MEDIUM
ga,hfvrp_n015_m03_s02,15,3,0.100000,1788156773291895987,555.067518,2369.930933,792.060612,0.000000,,,0,1,,,,,1.044269,MEDIUM
ga,hfvrp_n010_m03_s05,10,3,0.100000,100,595.687058,1173.267824,713.013840,0.000000,,,0,1,,,,,0.725778,MEDIUM
ga,hfvrp_n010_m03_s02,10,3,0.100000,1234,543.106201,483.480302,591.454231,0.000000,,,0,1,,,,,0.740064,MEDIUM
ga,hfvrp_n010_m03_s03,10,3,0.100000,200,536.207835,877.959782,624.003813,0.000000,,,0,1,,,,,2.212531,BIG
ga,hfvrp_n010_m03_s03,10,3,0.100000,999,536.207835,877.959782,624.003813,0.000000,,,0,1,,,,,0.037716,DEFAULT
ga,hfvrp_n010_m03_s03,10,3,0.100000,999,536.207835,877.959782,624.003813,0.000000,,,0,1,,,,,0.006754,SMALL
ga,hfvrp_n010_m03_s03,10,3,0.100000,999,536.207835,877.959782,624.003813,0.000000,,,0,1,,,,,0.724258,MEDIUM
ga,hfvrp_n010_m03_s04,10,3,0.100000,200,526.269414,672.105161,593.479930,0.000000,,,0,1,,,,,2.205731,BIG
ga,hfvrp_n010_m03_s05,10,3,0.100000,100,528.077965,802.788501,608.356816,0.000000,,,0,1,,,,,2.179854,BIG
ga,hfvrp_n010_m03_s04,10,3,0.100000,999,526.269414,672.105161,593.479930,0.000000,,,0,1,,,,,0.035331,DEFAULT
ga,hfvrp_n010_m03_s04,10,3,0.100000,999,526.269414,672.105161,593.479930,0.000000,,,0,1,,,,,0.004058,SMALL
ga,hfvrp_n010_m03_s05,10,3,0.100000,200,595.687058,1173.267824,713.013840,0.000000,,,0,1,,,,,0.040108,DEFAULT
ga,hfvrp_n010_m03_s05,10,3,0.100000,200,595.687058,1173.267824,713.013840,0.000000,,,0,1,,,,,0.006806,SMALL
ga,hfvrp_n015_m03_s01,15,3,0.100000,50,618.348969,2088.235372,827.172506,0.000000,,,0,1,,,,,2.944341,BIG
ga,hfvrp_n010_m03_s02,10,3,0.100000,1234,543.106201,483.480302,591.454231,0.000000,,,0,1,,,,,2.230928,BIG
ga,hfvrp_n010_m03_s02,10,3,0.100000,9999,524.488142,720.694918,596.557634,0.000000,,,0,1,,,,,0.041486,DEFAULT
ga,hfvrp_n015_m03_s01,15,3,0.100000,75,616.617157,2135.962623,830.213420,0.000000,,,0,1,,,,,0.053987,DEFAULT
ga,hfvrp_n010_m03_s02,10,3,0.100000,9999,543.106201,483.480302,591.454231,0.000000,,,0,1,,,,,0.007016,SMALL
ga,hfvrp_n015_m03_s01,15,3,0.100000,75,609.394792,2775.366401,886.931432,0.000000,,,0,1,,,,,0.005996,SMALL
ga,hfvrp_n010_m03_s04,10,3,0.100000,999,526.269414,672.105161,593.479930,0.000000,,,0,1,,,,,0.728575,MEDIUM
ga,hfvrp_n015_m03_s02,15,3,0.100000,1788156671261809082,555.067518,2369.930933,792.060612,0.000000,,,0,1,,,,,2.942843,BIG
ga,hfvrp_n010_m03_s05,10,3,0.100000,200,528.077965,802.788501,608.356816,0.000000,,,0,1,,,,,0.736695,MEDIUM
ga,hfvrp_n015_m03_s02,15,3,0.100000,1,536.153014,2679.028517,804.055865,0.000000,,,0,1,,,,,0.047371,DEFAULT
ga,hfvrp_n015_m03_s02,15,3,0.100000,1,536.153014,2679.028517,804.055865,0.000000,,,0,1,,,,,0.005541,SMALL
ga,hfvrp_n010_m03_s02,10,3,0.100000,9999,543.106201,483.480302,591.454231,0.000000,,,0,1,,,,,0.746444,MEDIUM
ga,hfvrp_n010_m03_s03,10,3,0.100000,999,536.207835,877.959782,624.003813,0.000000,,,0,1,,,,,2.206556,BIG
ga,hfvrp_n010_m03_s03,10,3,0.100000,1234,536.207835,877.959782,624.003813,0.000000,,,0,1,,,,,0.040545,DEFAULT
ga,hfvrp_n010_m03_s03,10,3,0.100000,1234,536.207835,877.959782,624.003813,0.000000,,,0,1,,,,,0.007353,SMALL
ga,hfvrp_n015_m03_s01,15,3,0.100000,75,618.348969,2088.235372,827.172506,0.000000,,,0,1,,,,,0.977624,MEDIUM
ga,hfvrp_n015_m03_s02,15,3,0.100000,1,555.067518,2369.930933,792.060612,0.000000,,,0,1,,,,,0.994830,MEDIUM
ga,hfvrp_n010_m03_s03,10,3,0.100000,1234,536.207835,877.959782,624.003813,0.000000,,,0,1,,,,,0.730230,MEDIUM
ga,hfvrp_n010_m03_s04,10,3,0.100000,999,526.269414,672.105161,593.479930,0.000000,,,0,1,,,,,2.195371,BIG
ga,hfvrp_n010_m03_s04,10,3,0.100000,1234,526.269414,672.105161,593.479930,0.000000,,,0,1,,,,,0.035201,DEFAULT
ga,hfvrp_n010_m03_s04,10,3,0.100000,1234,526.269414,672.105161,593.479930,0.000000,,,0,1,,,,,0.003786,SMALL
ga,hfvrp_n010_m03_s05,10,3,0.100000,200,528.077965,802.788501,608.356816,0.000000,,,0,1,,,,,2.189386,BIG
ga,hfvrp_n010_m03_s05,10,3,0.100000,999,528.077965,802.788501,608.356816,0.000000,,,0,1,,,,,0.036565,DEFAULT
ga,hfvrp_n010_m03_s05,10,3,0.100000,999,595.687058,1173.267824,713.013840,0.000000,,,0,1,,,,,0.007018,SMALL
ga,hfvrp_n010_m03_s02,10,3,0.100000,9999,543.106201,483.480302,591.454231,0.000000,,,0,1,,,,,2.240901,BIG
ga,hfvrp_n010_m03_s02,10,3,0.100000,19345,524.488142,720.694918,596.557634,0.000000,,,0,1,,,,,0.037916,DEFAULT
ga,hfvrp_n010_m03_s02,10,3,0.100000,19345,543.106201,483.480302,591.454231,0.000000,,,0,1,,,,,0.006186,SMALL
ga,hfvrp_n010_m03_s04,10,3,0.100000,1234,526.269414,672.105161,593.479930,0.000000,,,0,1,,,,,0.726587,MEDIUM
ga,hfvrp_n010_m03_s05,10,3,0.100000,999,595.687058,1173.267824,713.013840,0.000000,,,0,1,,,,,0.729639,MEDIUM
ga,hfvrp_n010_m03_s02,10,3,0.100000,19345,543.106201,483.480302,591.454231,0.000000,,,0,1,,,,,0.739253,MEDIUM
ga,hfvrp_n010_m03_s03,10,3,0.100000,1234,536.207835,877.959782,624.003813,0.000000,,,0,1,,,,,2.199457,BIG
ga,hfvrp_n015_m03_s01,15,3,0.100000,75,618.348969,2088.235372,827.172506,0.000000,,,0,1,,,,,2.917059,BIG
ga,hfvrp_n010_m03_s03,10,3,0.100000,9999,536.207835,877.959782,624.003813,0.000000,,,0,1,,,,,0.037445,DEFAULT
ga,hfvrp_n010_m03_s03,10,3,0.100000,9999,536.207835,877.959782,624.003813,0.000000,,,0,1,,,,,0.004124,SMALL
ga,hfvrp_n015_m03_s01,15,3,0.100000,100,618.348969,2088.235372,827.172506,0.000000,,,0,1,,,,,0.052385,DEFAULT
ga,hfvrp_n015_m03_s01,15,3,0.100000,100,611.350926,2279.180244,839.268950,0.000000,,,0,1,,,,,0.009822,SMALL
ga,hfvrp_n015_m03_s02,15,3,0.100000,1,555.067518,2369.930933,792.060612,0.000000,,,0,1,,,,,2.952229,BIG
ga,hfvrp_n015_m03_s02,15,3,0.100000,10,555.067518,2369.930933,792.060612,0.000000,,,0,1,,,,,0.048504,DEFAULT
ga,hfvrp_n015_m03_s02,15,3,0.100000,10,555.067518,2369.930933,792.060612,0.000000,,,0,1,,,,,0.010568,SMALL
ga,hfvrp_n010_m03_s03,10,3,0.100000,9999,536.207835,877.959782,624.003813,0.000000,,,0,1,,,,,0.738071,MEDIUM
ga,hfvrp_n015_m03_s01,15,3,0.100000,100,618.348969,2088.235372,827.172506,0.000000,,,0,1,,,,,0.974936,MEDIUM
ga,hfvrp_n015_m03_s02,15,3,0.100000,10,555.067518,2369.930933,792.060612,0.000000,,,0,1,,,,,0.978124,MEDIUM
ga,hfvrp_n010_m03_s05,10,3,0.100000,999,528.077965,802.788501,608.356816,0.000000,,,0,1,,,,,2.184832,BIG
ga,hfvrp_n010_m03_s05,10,3,0.100000,1234,544.295849,686.066928,612.902542,0.000000,,,0,1,,,,,0.039403,DEFAULT
ga,hfvrp_n010_m03_s05,10,3,0.100000,1234,595.687058,1173.267824,713.013840,0.000000,,,0,1,,,,,0.006113,SMALL
ga,hfvrp_n010_m03_s04,10,3,0.100000,1234,526.269414,672.105161,593.479930,0.000000,,,0,1,,,,,2.431136,BIG
ga,hfvrp_n010_m03_s04,10,3,0.100000,9999,526.269414,672.105161,593.479930,0.000000,,,0,1,,,,,0.040451,DEFAULT
ga,hfvrp_n010_m03_s04,10,3,0.100000,9999,526.269414,672.105161,593.479930,0.000000,,,0,1,,,,,0.003880,SMALL
ga,hfvrp_n010_m03_s02,10,3,0.100000,19345,543.106201,483.480302,591.454231,0.000000,,,0,1,,,,,2.344330,BIG
ga,hfvrp_n010_m03_s02,10,3,0.100000,1788157242579629248,543.106201,483.480302,591.454231,0.000000,,,0,1,,,,,0.040756,DEFAULT
ga,hfvrp_n010_m03_s02,10,3,0.100000,1788157238329670720,540.645000,751.708613,615.815861,0.000000,,,0,1,,,,,0.005759,SMALL
ga,hfvrp_n010_m03_s05,10,3,0.100000,1234,528.077965,802.788501,608.356816,0.000000,,,0,1,,,,,0.726246,MEDIUM
ga,hfvrp_n010_m03_s04,10,3,0.100000,9999,526.269414,672.105161,593.479930,0.000000,,,0,1,,,,,0.730804,MEDIUM
ga,hfvrp_n010_m03_s03,10,3,0.100000,9999,536.207835,877.959782,624.003813,0.000000,,,0,1,,,,,2.199726,BIG
ga,hfvrp_n010_m03_s03,10,3,0.100000,19345,536.207835,877.959782,624.003813,0.000000,,,0,1,,,,,0.036647,DEFAULT
ga,hfvrp_n010_m03_s03,10,3,0.100000,19345,536.207835,877.959782,624.003813,0.000000,,,0,1,,,,,0.003835,SMALL
ga,hfvrp_n010_m03_s02,10,3,0.100000,1788157234044606591,543.106201,483.480302,591.454231,0.000000,,,0,1,,,,,0.743719,MEDIUM
ga,hfvrp_n010_m03_s03,10,3,0.100000,19345,536.207835,877.959782,624.003813,0.000000,,,0,1,,,,,0.731567,MEDIUM
ga,hfvrp_n015_m03_s01,15,3,0.100000,100,618.348969,2088.235372,827.172506,0.000000,,,0,1,,,,,2.953214,BIG
ga,hfvrp_n015_m03_s01,15,3,0.100000,200,618.348969,2088.235372,827.172506,0.000000,,,0,1,,,,,0.054246,DEFAULT
ga,hfvrp_n015_m03_s01,15,3,0.100000,200,618.928068,2191.343705,838.062438,0.000000,,,0,1,,,,,0.009213,SMALL
ga,hfvrp_n015_m03_s02,15,3,0.100000,10,555.067518,2369.930933,792.060612,0.000000,,,0,1,,,,,2.939757,BIG
ga,hfvrp_n015_m03_s02,15,3,0.100000,50,536.153014,2679.028517,804.055865,0.000000,,,0,1,,,,,0.051389,DEFAULT
ga,hfvrp_n015_m03_s02,15,3,0.100000,50,536.153014,2679.028517,804.055865,0.000000,,,0,1,,,,,0.007546,SMALL
ga,hfvrp_n010_m03_s05,10,3,0.100000,1234,528.077965,802.788501,608.356816,0.000000,,,0,1,,,,,2.178598,BIG
ga,hfvrp_n010_m03_s05,10,3,0.100000,9999,595.687058,1173.267824,713.013840,0.000000,,,0,1,,,,,0.040190,DEFAULT
ga,hfvrp_n010_m03_s05,10,3,0.100000,9999,579.414777,1389.027365,718.317513,0.000000,,,0,1,,,,,0.003867,SMALL
ga,hfvrp_n010_m03_s04,10,3,0.100000,9999,526.269414,672.105161,593.479930,0.000000,,,0,1,,,,,2.178172,BIG
ga,hfvrp_n010_m03_s04,10,3,0.100000,19345,526.269414,672.105161,593.479930,0.000000,,,0,1,,,,,0.039879,DEFAULT
ga,hfvrp_n010_m03_s04,10,3,0.100000,19345,526.269414,672.105161,593.479930,0.000000,,,0,1,,,,,0.003795,SMALL
ga,hfvrp_n015_m03_s01,15,3,0.100000,200,618.348969,2088.235372,827.172506,0.000000,,,0,1,,,,,0.975181,MEDIUM
ga,hfvrp_n010_m03_s02,10,3,0.100000,1788156092335106951,543.106201,483.480302,591.454231,0.000000,,,0,1,,,,,2.240583,BIG
ga,hfvrp_n015_m03_s03,15,3,0.100000,1788156300778831702,524.677893,1026.616345,627.339528,0.000000,,,0,1,,,,,0.053520,DEFAULT
ga,hfvrp_n015_m03_s03,15,3,0.100000,1788156305131109277,524.677893,1026.616345,627.339528,0.000000,,,0,1,,,,,0.005275,SMALL
ga,hfvrp_n010_m03_s05,10,3,0.100000,9999,528.077965,802.788501,608.356816,0.000000,,,0,1,,,,,0.726903,MEDIUM
ga,hfvrp_n015_m03_s02,15,3,0.100000,50,555.067518,2369.930933,792.060612,0.000000,,,0,1,,,,,0.980176,MEDIUM
ga,hfvrp_n010_m03_s04,10,3,0.100000,19345,526.269414,672.105161,593.479930,0.000000,,,0,1,,,,,0.723276,MEDIUM
ga,hfvrp_n010_m03_s03,10,3,0.100000,19345,536.207835,877.959782,624.003813,0.000000,,,0,1,,,,,2.223870,BIG
ga,hfvrp_n010_m03_s03,10,3,0.100000,1788156344403085712,536.207835,877.959782,624.003813,0.000000,,,0,1,,,,,0.040214,DEFAULT
ga,hfvrp_n010_m03_s03,10,3,0.100000,1788156348746251640,536.207835,877.959782,624.003813,0.000000,,,0,1,,,,,0.007042,SMALL
ga,hfvrp_n015_m03_s03,15,3,0.100000,1788156309435000005,524.677893,1026.616345,627.339528,0.000000,,,0,1,,,,,0.985260,MEDIUM
ga,hfvrp_n010_m03_s03,10,3,0.100000,1788156353065850412,536.207835,877.959782,624.003813,0.000000,,,0,1,,,,,0.731175,MEDIUM
ga,hfvrp_n010_m03_s05,10,3,0.100000,9999,528.077965,802.788501,608.356816,0.000000,,,0,1,,,,,2.187745,BIG
ga,hfvrp_n010_m03_s05,10,3,0.100000,19345,595.687058,1173.267824,713.013840,0.000000,,,0,1,,,,,0.040374,DEFAULT
ga,hfvrp_n010_m03_s05,10,3,0.100000,19345,595.687058,1173.267824,713.013840,0.000000,,,0,1,,,,,0.006947,SMALL
ga,hfvrp_n010_m03_s04,10,3,0.100000,19345,526.269414,672.105161,593.479930,0.000000,,,0,1,,,,,2.169999,BIG
ga,hfvrp_n010_m03_s04,10,3,0.100000,1788156415031255480,526.269414,672.105161,593.479930,0.000000,,,0,1,,,,,0.035727,DEFAULT
ga,hfvrp_n010_m03_s04,10,3,0.100000,1788156410775946800,526.269414,672.105161,593.479930,0.000000,,,0,1,,,,,0.004863,SMALL
ga,hfvrp_n015_m03_s01,15,3,0.100000,200,618.348969,2088.235372,827.172506,0.000000,,,0,1,,,,,2.948632,BIG
ga,hfvrp_n015_m03_s01,15,3,0.100000,999,616.617157,2135.962623,830.213420,0.000000,,,0,1,,,,,0.053090,DEFAULT
ga,hfvrp_n015_m03_s01,15,3,0.100000,999,616.705383,2656.973152,882.402699,0.000000,,,0,1,,,,,0.009313,SMALL
ga,hfvrp_n010_m03_s05,10,3,0.100000,19345,528.077965,802.788501,608.356816,0.000000,,,0,1,,,,,0.727908,MEDIUM
ga,hfvrp_n015_m03_s02,15,3,0.100000,50,555.067518,2369.930933,792.060612,0.000000,,,0,1,,,,,2.958800,BIG
ga,hfvrp_n010_m03_s04,10,3,0.100000,1788156423668989692,526.269414,672.105161,593.479930,0.000000,,,0,1,,,,,0.727941,MEDIUM
ga,hfvrp_n015_m03_s02,15,3,0.100000,75,555.067518,2369.930933,792.060612,0.000000,,,0,1,,,,,0.054462,DEFAULT
ga,hfvrp_n015_m03_s02,15,3,0.100000,75,555.067518,2369.930933,792.060612,0.000000,,,0,1,,,,,0.008467,SMALL
ga,hfvrp_n010_m03_s03,10,3,0.100000,1788156362395672352,536.207835,877.959782,624.003813,0.000000,,,0,1,,,,,2.202960,BIG
ga,hfvrp_n015_m03_s04,15,3,0.100000,1788156553648013741,614.626038,4323.337407,1046.959778,0.000000,,,0,1,,,,,0.052537,DEFAULT
ga,hfvrp_n015_m03_s04,15,3,0.100000,1788156549413520035,614.626038,4323.337407,1046.959778,0.000000,,,0,1,,,,,0.008443,SMALL
ga,hfvrp_n015_m03_s01,15,3,0.100000,999,618.348969,2088.235372,827.172506,0.000000,,,0,1,,,,,0.992729,MEDIUM
ga,hfvrp_n015_m03_s03,15,3,0.100000,1788156357673681304,524.677893,1026.616345,627.339528,0.000000,,,0,1,,,,,2.974290,BIG
ga,hfvrp_n015_m03_s03,15,3,0.100000,1,524.677893,1026.616345,627.339528,0.000000,,,0,1,,,,,0.051101,DEFAULT
ga,hfvrp_n015_m03_s03,15,3,0.100000,1,524.677893,1026.616345,627.339528,0.000000,,,0,1,,,,,0.005218,SMALL
ga,hfvrp_n015_m03_s02,15,3,0.100000,75,555.067518,2369.930933,792.060612,0.000000,,,0,1,,,,,0.996086,MEDIUM
ga,hfvrp_n015_m03_s04,15,3,0.100000,1788156562311239621,614.626038,4323.337407,1046.959778,0.000000,,,0,1,,,,,0.979146,MEDIUM
ga,hfvrp_n015_m03_s03,15,3,0.100000,1,524.677893,1026.616345,627.339528,0.000000,,,0,1,,,,,0.987758,MEDIUM
ga,hfvrp_n010_m03_s05,10,3,0.100000,19345,528.077965,802.788501,608.356816,0.000000,,,0,1,,,,,2.193031,BIG
ga,hfvrp_n010_m03_s05,10,3,0.100000,1788156632642447682,595.687058,1173.267824,713.013840,0.000000,,,0,1,,,,,0.034888,DEFAULT
ga,hfvrp_n010_m03_s05,10,3,0.100000,1788156628390304757,595.687058,1173.267824,713.013840,0.000000,,,0,1,,,,,0.009096,SMALL
ga,hfvrp_n010_m03_s04,10,3,0.100000,1788156484530495412,526.269414,672.105161,593.479930,0.000000,,,0,1,,,,,2.185272,BIG
ga,hfvrp_n015_m03_s05,15,3,0.100000,1788155602003331104,589.460284,1341.750380,723.635322,0.000000,,,0,1,,,,,0.051903,DEFAULT
ga,hfvrp_n015_m03_s05,15,3,0.100000,1788155597764092300,589.460284,1341.750380,723.635322,0.000000,,,0,1,,,,,0.005328,SMALL
ga,hfvrp_n010_m03_s05,10,3,0.100000,1788156641288322339,528.077965,802.788501,608.356816,0.000000,,,0,1,,,,,0.728364,MEDIUM
ga,hfvrp_n015_m03_s05,15,3,0.100000,1788155610661797321,589.460284,1341.750380,723.635322,0.000000,,,0,1,,,,,0.995569,MEDIUM
ga,hfvrp_n015_m03_s01,15,3,0.100000,999,618.348969,2088.235372,827.172506,0.000000,,,0,1,,,,,2.938653,BIG
ga,hfvrp_n015_m03_s01,15,3,0.100000,1234,616.617157,2135.962623,830.213420,0.000000,,,0,1,,,,,0.049442,DEFAULT
ga,hfvrp_n015_m03_s01,15,3,0.100000,1234,611.350926,2279.180244,839.268950,0.000000,,,0,1,,,,,0.005214,SMALL
ga,hfvrp_n015_m03_s02,15,3,0.100000,75,555.067518,2369.930933,792.060612,0.000000,,,0,1,,,,,2.941000,BIG
ga,hfvrp_n015_m03_s02,15,3,0.100000,100,555.067518,2369.930933,792.060612,0.000000,,,0,1,,,,,0.048796,DEFAULT
ga,hfvrp_n015_m03_s02,15,3,0.100000,100,555.067518,2369.930933,792.060612,0.000000,,,0,1,,,,,0.009737,SMALL
ga,hfvrp_n015_m03_s04,15,3,0.100000,1788156606244014593,614.626038,4323.337407,1046.959778,0.000000,,,0,1,,,,,2.950657,BIG
ga,hfvrp_n015_m03_s04,15,3,0.100000,1,614.626038,4323.337407,1046.959778,0.000000,,,0,1,,,,,0.048645,DEFAULT
ga,hfvrp_n015_m03_s04,15,3,0.100000,1,614.626038,4323.337407,1046.959778,0.000000,,,0,1,,,,,0.010642,SMALL
ga,hfvrp_n015_m03_s01,15,3,0.100000,1234,618.348969,2088.235372,827.172506,0.000000,,,0,1,,,,,0.986669,MEDIUM
ga,hfvrp_n015_m03_s03,15,3,0.100000,1,524.677893,1026.616345,627.339528,0.000000,,,0,1,,,,,2.996269,BIG
ga,hfvrp_n015_m03_s03,15,3,0.100000,10,524.677893,1026.616345,627.339528,0.000000,,,0,1,,,,,0.047731,DEFAULT
ga,hfvrp_n015_m03_s03,15,3,0.100000,10,524.677893,1026.616345,627.339528,0.000000,,,0,1,,,,,0.010097,SMALL
ga,hfvrp_n010_m03_s05,10,3,0.100000,1788155606932839831,528.077965,802.788501,608.356816,0.000000,,,0,1,,,,,2.195124,BIG
ga,hfvrp_n015_m03_s02,15,3,0.100000,100,555.067518,2369.930933,792.060612,0.000000,,,0,1,,,,,0.981534,MEDIUM
ga,hfvrp_n020_m04_s01,20,4,0.100000,1788155793870854759,723.407355,1450.497800,868.457135,0.000000,,,0,1,,,,,0.064053,DEFAULT
ga,hfvrp_n020_m04_s01,20,4,0.100000,1788155798233751471,736.127139,1494.079991,885.535138,0.000000,,,0,1,,,,,0.007357,SMALL
ga,hfvrp_n015_m03_s04,15,3,0.100000,1,614.626038,4323.337407,1046.959778,0.000000,,,0,1,,,,,0.997234,MEDIUM
ga,hfvrp_n015_m03_s03,15,3,0.100000,10,524.677893,1026.616345,627.339528,0.000000,,,0,1,,,,,0.989092,MEDIUM
ga,hfvrp_n015_m03_s05,15,3,0.100000,1788155603071430727,589.460284,1341.750380,723.635322,0.000000,,,0,1,,,,,2.979594,BIG
ga,hfvrp_n015_m03_s05,15,3,0.100000,1,589.460284,1341.750380,723.635322,0.000000,,,0,1,,,,,0.049045,DEFAULT
ga,hfvrp_n015_m03_s05,15,3,0.100000,1,589.460284,1341.750380,723.635322,0.000000,,,0,1,,,,,0.005251,SMALL
ga,hfvrp_n020_m04_s01,20,4,0.100000,1788155819724575928,697.985709,1452.563552,843.242065,0.000000,,,0,1,,,,,1.310860,MEDIUM
ga,hfvrp_n015_m03_s05,15,3,0.100000,1,589.460284,1341.750380,723.635322,0.000000,,,0,1,,,,,0.983849,MEDIUM
ga,hfvrp_n015_m03_s01,15,3,0.100000,1234,618.348969,2088.235372,827.172506,0.000000,,,0,1,,,,,2.931477,BIG
ga,hfvrp_n015_m03_s01,15,3,0.100000,9999,618.348969,2088.235372,827.172506,0.000000,,,0,1,,,,,0.052497,DEFAULT
ga,hfvrp_n015_m03_s01,15,3,0.100000,9999,618.348969,2088.235372,827.172506,0.000000,,,0,1,,,,,0.005347,SMALL
ga,hfvrp_n015_m03_s02,15,3,0.100000,100,555.067518,2369.930933,792.060612,0.000000,,,0,1,,,,,2.950195,BIG
ga,hfvrp_n015_m03_s02,15,3,0.100000,200,555.067518,2369.930933,792.060612,0.000000,,,0,1,,,,,0.052615,DEFAULT
ga,hfvrp_n015_m03_s02,15,3,0.100000,200,555.067518,2369.930933,792.060612,0.000000,,,0,1,,,,,0.005291,SMALL
ga,hfvrp_n015_m03_s04,15,3,0.100000,1,614.626038,4323.337407,1046.959778,0.000000,,,0,1,,,,,2.959712,BIG
ga,hfvrp_n015_m03_s04,15,3,0.100000,10,614.626038,4323.337407,1046.959778,0.000000,,,0,1,,,,,0.047308,DEFAULT
ga,hfvrp_n015_m03_s04,15,3,0.100000,10,614.626038,4323.337407,1046.959778,0.000000,,,0,1,,,,,0.009010,SMALL
ga,hfvrp_n015_m03_s01,15,3,0.100000,9999,618.348969,2088.235372,827.172506,0.000000,,,0,1,,,,,0.977372,MEDIUM
ga,hfvrp_n015_m03_s03,15,3,0.100000,10,524.677893,1026.616345,627.339528,0.000000,,,0,1,,,,,2.980078,BIG
ga,hfvrp_n015_m03_s03,15,3,0.100000,50,524.677893,1026.616345,627.339528,0.000000,,,0,1,,,,,0.049355,DEFAULT
ga,hfvrp_n015_m03_s03,15,3,0.100000,50,524.677893,1026.616345,627.339528,0.000000,,,0,1,,,,,0.005184,SMALL
ga,hfvrp_n015_m03_s02,15,3,0.100000,200,555.067518,2369.930933,792.060612,0.000000,,,0,1,,,,,0.988625,MEDIUM
ga,hfvrp_n015_m03_s04,15,3,0.100000,10,614.626038,4323.337407,1046.959778,0.000000,,,0,1,,,,,0.981794,MEDIUM
ga,hfvrp_n015_m03_s03,15,3,0.100000,50,524.677893,1026.616345,627.339528,0.000000,,,0,1,,,,,0.982782,MEDIUM
ga,hfvrp_n015_m03_s05,15,3,0.100000,1,589.460284,1341.750380,723.635322,0.000000,,,0,1,,,,,2.990595,BIG
ga,hfvrp_n015_m03_s05,15,3,0.100000,10,589.460284,1341.750380,723.635322,0.000000,,,0,1,,,,,0.051788,DEFAULT
ga,hfvrp_n015_m03_s05,15,3,0.100000,10,589.460284,1341.750380,723.635322,0.000000,,,0,1,,,,,0.005425,SMALL
ga,hfvrp_n020_m04_s01,20,4,0.100000,1788155846814142776,697.985709,1452.563552,843.242065,0.000000,,,0,1,,,,,3.930235,BIG
ga,hfvrp_n020_m04_s01,20,4,0.100000,1,722.329452,1746.808168,897.010268,0.000000,,,0,1,,,,,0.071997,DEFAULT
ga,hfvrp_n020_m04_s01,20,4,0.100000,1,723.407355,1450.497800,868.457135,0.000000,,,0,1,,,,,0.011874,SMALL
ga,hfvrp_n015_m03_s05,15,3,0.100000,10,589.460284,1341.750380,723.635322,0.000000,,,0,1,,,,,0.994192,MEDIUM
ga,hfvrp_n015_m03_s01,15,3,0.100000,9999,618.348969,2088.235372,827.172506,0.000000,,,0,1,,,,,2.925598,BIG
ga,hfvrp_n015_m03_s01,15,3,0.100000,19345,639.049877,2361.994312,875.249309,0.000000,,,0,1,,,,,0.047861,DEFAULT
ga,hfvrp_n015_m03_s01,15,3,0.100000,19345,611.350926,2279.180244,839.268950,0.000000,,,0,1,,,,,0.005353,SMALL
ga,hfvrp_n020_m04_s01,20,4,0.100000,1,697.985709,1452.563552,843.242065,0.000000,,,0,1,,,,,1.304827,MEDIUM
ga,hfvrp_n015_m03_s02,15,3,0.100000,200,555.067518,2369.930933,792.060612,0.000000,,,0,1,,,,,2.963933,BIG
ga,hfvrp_n015_m03_s02,15,3,0.100000,999,536.153014,2679.028517,804.055865,0.000000,,,0,1,,,,,0.051716,DEFAULT
ga,hfvrp_n015_m03_s02,15,3,0.100000,999,555.067518,2369.930933,792.060612,0.000000,,,0,1,,,,,0.005168,SMALL
ga,hfvrp_n015_m03_s04,15,3,0.100000,10,614.626038,4323.337407,1046.959778,0.000000,,,0,1,,,,,2.962772,BIG
ga,hfvrp_n015_m03_s04,15,3,0.100000,50,614.626038,4323.337407,1046.959778,0.000000,,,0,1,,,,,0.051330,DEFAULT
ga,hfvrp_n015_m03_s01,15,3,0.100000,19345,618.348969,2088.235372,827.172506,0.000000,,,0,1,,,,,0.980409,MEDIUM
ga,hfvrp_n015_m03_s04,15,3,0.100000,50,614.626038,4323.337407,1046.959778,0.000000,,,0,1,,,,,0.010006,SMALL
ga,hfvrp_n015_m03_s03,15,3,0.100000,50,524.677893,1026.616345,627.339528,0.000000,,,0,1,,,,,2.984115,BIG
ga,hfvrp_n015_m03_s03,15,3,0.100000,75,524.677893,1026.616345,627.339528,0.000000,,,0,1,,,,,0.050862,DEFAULT
ga,hfvrp_n015_m03_s03,15,3,0.100000,75,524.677893,1026.616345,627.339528,0.000000,,,0,1,,,,,0.005188,SMALL
ga,hfvrp_n015_m03_s02,15,3,0.100000,999,555.067518,2369.930933,792.060612,0.000000,,,0,1,,,,,0.991290,MEDIUM
ga,hfvrp_n015_m03_s04,15,3,0.100000,50,614.626038,4323.337407,1046.959778,0.000000,,,0,1,,,,,0.983375,MEDIUM
ga,hfvrp_n015_m03_s03,15,3,0.100000,75,524.677893,1026.616345,627.339528,0.000000,,,0,1,,,,,1.005301,MEDIUM
ga,hfvrp_n015_m03_s05,15,3,0.100000,10,589.460284,1341.750380,723.635322,0.000000,,,0,1,,,,,3.009322,BIG
ga,hfvrp_n015_m03_s05,15,3,0.100000,50,589.460284,1341.750380,723.635322,0.000000,,,0,1,,,,,0.053105,DEFAULT
ga,hfvrp_n015_m03_s05,15,3,0.100000,50,589.460284,1341.750380,723.635322,0.000000,,,0,1,,,,,0.009751,SMALL
ga,hfvrp_n015_m03_s05,15,3,0.100000,50,589.460284,1341.750380,723.635322,0.000000,,,0,1,,,,,0.984081,MEDIUM
ga,hfvrp_n015_m03_s01,15,3,0.100000,19345,618.348969,2088.235372,827.172506,0.000000,,,0,1,,,,,2.941338,BIG
ga,hfvrp_n015_m03_s01,15,3,0.100000,1788150744892365773,618.348969,2088.235372,827.172506,0.000000,,,0,1,,,,,0.051918,DEFAULT
ga,hfvrp_n015_m03_s01,15,3,0.100000,1788150749245431048,616.617157,2135.962623,830.213420,0.000000,,,0,1,,,,,0.007904,SMALL
ga,hfvrp_n020_m04_s01,20,4,0.100000,1,697.985709,1452.563552,843.242065,0.000000,,,0,1,,,,,3.949941,BIG
ga,hfvrp_n020_m04_s01,20,4,0.100000,10,722.329452,1746.808168,897.010268,0.000000,,,0,1,,,,,0.067726,DEFAULT
ga,hfvrp_n020_m04_s01,20,4,0.100000,10,674.454866,1952.194479,869.674314,0.000000,,,0,1,,,,,0.012563,SMALL
ga,hfvrp_n015_m03_s02,15,3,0.100000,999,555.067518,2369.930933,792.060612,0.000000,,,0,1,,,,,2.951802,BIG
ga,hfvrp_n015_m03_s02,15,3,0.100000,1234,555.067518,2369.930933,792.060612,0.000000,,,0,1,,,,,0.053571,DEFAULT
ga,hfvrp_n015_m03_s02,15,3,0.100000,1234,555.067518,2369.930933,792.060612,0.000000,,,0,1,,,,,0.008845,SMALL
ga,hfvrp_n015_m03_s01,15,3,0.100000,1788150753552290150,618.348969,2088.235372,827.172506,0.000000,,,0,1,,,,,0.979720,MEDIUM
ga,hfvrp_n015_m03_s03,15,3,0.100000,75,524.677893,1026.616345,627.339528,0.000000,,,0,1,,,,,2.970832,BIG
ga,hfvrp_n015_m03_s03,15,3,0.100000,100,524.677893,1026.616345,627.339528,0.000000,,,0,1,,,,,0.048034,DEFAULT
ga,hfvrp_n015_m03_s03,15,3,0.100000,100,524.677893,1026.616345,627.339528,0.000000,,,0,1,,,,,0.005201,SMALL
ga,hfvrp_n015_m03_s04,15,3,0.100000,50,614.626038,4323.337407,1046.959778,0.000000,,,0,1,,,,,3.555320,BIG
ga,hfvrp_n015_m03_s04,15,3,0.100000,75,614.626038,4323.337407,1046.959778,0.000000,,,0,1,,,,,0.047390,DEFAULT
ga,hfvrp_n015_m03_s02,15,3,0.100000,1234,555.067518,2369.930933,792.060612,0.000000,,,0,1,,,,,0.989625,MEDIUM
ga,hfvrp_n015_m03_s04,15,3,0.100000,75,614.626038,4323.337407,1046.959778,0.000000,,,0,1,,,,,0.005235,SMALL
ga,hfvrp_n020_m04_s01,20,4,0.100000,10,697.985709,1452.563552,843.242065,0.000000,,,0,1,,,,,1.305650,MEDIUM
ga,hfvrp_n015_m03_s03,15,3,0.100000,100,524.677893,1026.616345,627.339528,0.000000,,,0,1,,,,,0.985282,MEDIUM
ga,hfvrp_n015_m03_s04,15,3,0.100000,75,614.626038,4323.337407,1046.959778,0.000000,,,0,1,,,,,0.976511,MEDIUM
ga,hfvrp_n015_m03_s05,15,3,0.100000,50,589.460284,1341.750380,723.635322,0.000000,,,0,1,,,,,2.977141,BIG
ga,hfvrp_n015_m03_s05,15,3,0.100000,75,589.460284,1341.750380,723.635322,0.000000,,,0,1,,,,,0.048105,DEFAULT
ga,hfvrp_n015_m03_s05,15,3,0.100000,75,589.460284,1341.750380,723.635322,0.000000,,,0,1,,,,,0.005229,SMALL
ga,hfvrp_n015_m03_s05,15,3,0.100000,75,589.460284,1341.750380,723.635322,0.000000,,,0,1,,,,,0.979920,MEDIUM
ga,hfvrp_n015_m03_s01,15,3,0.100000,1788150810372866681,618.348969,2088.235372,827.172506,0.000000,,,0,1,,,,,2.945036,BIG
ga,hfvrp_n020_m04_s02,20,4,0.100000,1788150985180246119,673.766614,1897.322362,863.498850,0.000000,,,0,1,,,,,0.067060,DEFAULT
ga,hfvrp_n020_m04_s02,20,4,0.100000,1788150998140522086,747.625736,1772.325537,924.858290,0.000000,,,0,1,,,,,0.012353,SMALL
ga,hfvrp_n015_m03_s02,15,3,0.100000,1234,555.067518,2369.930933,792.060612,0.000000,,,0,1,,,,,2.951705,BIG
ga,hfvrp_n015_m03_s02,15,3,0.100000,9999,536.153014,2679.028517,804.055865,0.000000,,,0,1,,,,,0.052803,DEFAULT
ga,hfvrp_n015_m03_s02,15,3,0.100000,9999,570.611875,2558.919430,826.503818,0.000000,,,0,1,,,,,0.010486,SMALL
ga,hfvrp_n015_m03_s03,15,3,0.100000,100,524.677893,1026.616345,627.339528,0.000000,,,0,1,,,,,2.996278,BIG
ga,hfvrp_n015_m03_s03,15,3,0.100000,200,524.677893,1026.616345,627.339528,0.000000,,,0,1,,,,,0.049463,DEFAULT
ga,hfvrp_n020_m04_s02,20,4,0.100000,1788150993862419990,668.474740,1852.445836,853.719323,0.000000,,,0,1,,,,,1.289545,MEDIUM
ga,hfvrp_n015_m03_s03,15,3,0.100000,200,524.677893,1026.616345,627.339528,0.000000,,,0,1,,,,,0.005197,SMALL
ga,hfvrp_n020_m04_s01,20,4,0.100000,10,697.985709,1452.563552,843.242065,0.000000,,,0,1,,,,,3.924244,BIG
ga,hfvrp_n015_m03_s04,15,3,0.100000,75,614.626038,4323.337407,1046.959778,0.000000,,,0,1,,,,,2.949388,BIG
ga,hfvrp_n015_m03_s04,15,3,0.100000,100,614.626038,4323.337407,1046.959778,0.000000,,,0,1,,,,,0.053146,DEFAULT
ga,hfvrp_n020_m04_s01,20,4,0.100000,50,697.985709,1452.563552,843.242065,0.000000,,,0,1,,,,,0.065133,DEFAULT
ga,hfvrp_n015_m03_s04,15,3,0.100000,100,614.626038,4323.337407,1046.959778,0.000000,,,0,1,,,,,0.005558,SMALL
ga,hfvrp_n020_m04_s01,20,4,0.100000,50,704.245076,1495.803273,853.825403,0.000000,,,0,1,,,,,0.007533,SMALL
ga,hfvrp_n015_m03_s02,15,3,0.100000,9999,555.067518,2369.930933,792.060612,0.000000,,,0,1,,,,,0.988638,MEDIUM
ga,hfvrp_n015_m03_s03,15,3,0.100000,200,524.677893,1026.616345,627.339528,0.000000,,,0,1,,,,,0.994424,MEDIUM
ga,hfvrp_n015_m03_s04,15,3,0.100000,100,614.626038,4323.337407,1046.959778,0.000000,,,0,1,,,,,0.990328,MEDIUM
ga,hfvrp_n015_m03_s05,15,3,0.100000,75,589.460284,1341.750380,723.635322,0.000000,,,0,1,,,,,2.990646,BIG
ga,hfvrp_n020_m04_s01,20,4,0.100000,50,697.985709,1452.563552,843.242065,0.000000,,,0,1,,,,,1.303505,MEDIUM
ga,hfvrp_n015_m03_s05,15,3,0.100000,100,589.460284,1341.750380,723.635322,0.000000,,,0,1,,,,,0.052999,DEFAULT
ga,hfvrp_n015_m03_s05,15,3,0.100000,100,589.460284,1341.750380,723.635322,0.000000,,,0,1,,,,,0.007505,SMALL
ga,hfvrp_n015_m03_s05,15,3,0.100000,100,589.460284,1341.750380,723.635322,0.000000,,,0,1,,,,,0.983592,MEDIUM
ga,hfvrp_n015_m03_s02,15,3,0.100000,9999,555.067518,2369.930933,792.060612,0.000000,,,0,1,,,,,2.933061,BIG
ga,hfvrp_n015_m03_s02,15,3,0.100000,19345,536.153014,2679.028517,804.055865,0.000000,,,0,1,,,,,0.050693,DEFAULT
ga,hfvrp_n015_m03_s02,15,3,0.100000,19345,555.067518,2369.930933,792.060612,0.000000,,,0,1,,,,,0.008934,SMALL
ga,hfvrp_n020_m04_s02,20,4,0.100000,1788151063880452166,668.474740,1852.445836,853.719323,0.000000,,,0,1,,,,,3.909219,BIG
ga,hfvrp_n015_m03_s03,15,3,0.100000,200,524.677893,1026.616345,627.339528,0.000000,,,0,1,,,,,2.979434,BIG
ga,hfvrp_n020_m04_s02,20,4,0.100000,1,673.766614,1897.322362,863.498850,0.000000,,,0,1,,,,,0.062993,DEFAULT
ga,hfvrp_n020_m04_s02,20,4,0.100000,1,673.766614,1897.322362,863.498850,0.000000,,,0,1,,,,,0.011643,SMALL
ga,hfvrp_n015_m03_s03,15,3,0.100000,999,524.677893,1026.616345,627.339528,0.000000,,,0,1,,,,,0.052897,DEFAULT
ga,hfvrp_n015_m03_s03,15,3,0.100000,999,524.677893,1026.616345,627.339528,0.000000,,,0,1,,,,,0.009826,SMALL
ga,hfvrp_n015_m03_s04,15,3,0.100000,100,614.626038,4323.337407,1046.959778,0.000000,,,0,1,,,,,2.947164,BIG
ga,hfvrp_n015_m03_s04,15,3,0.100000,200,614.626038,4323.337407,1046.959778,0.000000,,,0,1,,,,,0.051074,DEFAULT
ga,hfvrp_n015_m03_s04,15,3,0.100000,200,614.626038,4323.337407,1046.959778,0.000000,,,0,1,,,,,0.005210,SMALL
ga,hfvrp_n015_m03_s02,15,3,0.100000,19345,555.067518,2369.930933,792.060612,0.000000,,,0,1,,,,,0.984982,MEDIUM
ga,hfvrp_n015_m03_s03,15,3,0.100000,999,524.677893,1026.616345,627.339528,0.000000,,,0,1,,,,,0.983146,MEDIUM
ga,hfvrp_n015_m03_s04,15,3,0.100000,200,614.626038,4323.337407,1046.959778,0.000000,,,0,1,,,,,0.987338,MEDIUM
ga,hfvrp_n020_m04_s02,20,4,0.100000,1,673.766614,1897.322362,863.498850,0.000000,,,0,1,,,,,1.282529,MEDIUM
ga,hfvrp_n020_m04_s01,20,4,0.100000,50,697.985709,1452.563552,843.242065,0.000000,,,0,1,,,,,3.921388,BIG
ga,hfvrp_n015_m03_s05,15,3,0.100000,100,589.460284,1341.750380,723.635322,0.000000,,,0,1,,,,,2.971318,BIG
ga,hfvrp_n020_m04_s01,20,4,0.100000,75,697.985709,1452.563552,843.242065,0.000000,,,0,1,,,,,0.063387,DEFAULT
ga,hfvrp_n020_m04_s01,20,4,0.100000,75,745.236824,1920.920487,937.328872,0.000000,,,0,1,,,,,0.007590,SMALL
ga,hfvrp_n015_m03_s05,15,3,0.100000,200,633.410548,1347.423679,768.152916,0.000000,,,0,1,,,,,0.053388,DEFAULT
ga,hfvrp_n015_m03_s05,15,3,0.100000,200,589.460284,1341.750380,723.635322,0.000000,,,0,1,,,,,0.007377,SMALL
ga,hfvrp_n015_m03_s05,15,3,0.100000,200,589.460284,1341.750380,723.635322,0.000000,,,0,1,,,,,0.983840,MEDIUM
ga,hfvrp_n020_m04_s01,20,4,0.100000,75,697.985709,1452.563552,843.242065,0.000000,,,0,1,,,,,1.298438,MEDIUM
ga,hfvrp_n015_m03_s02,15,3,0.100000,19345,555.067518,2369.930933,792.060612,0.000000,,,0,1,,,,,2.963862,BIG
ga,hfvrp_n015_m03_s02,15,3,0.100000,1788150302370897956,555.067518,2369.930933,792.060612,0.000000,,,0,1,,,,,0.047461,DEFAULT
ga,hfvrp_n015_m03_s02,15,3,0.100000,1788150298127205839,555.067518,2369.930933,792.060612,0.000000,,,0,1,,,,,0.005258,SMALL
ga,hfvrp_n015_m03_s03,15,3,0.100000,999,524.677893,1026.616345,627.339528,0.000000,,,0,1,,,,,2.959009,BIG
ga,hfvrp_n015_m03_s03,15,3,0.100000,1234,524.677893,1026.616345,627.339528,0.000000,,,0,1,,,,,0.052886,DEFAULT
ga,hfvrp_n015_m03_s03,15,3,0.100000,1234,524.677893,1026.616345,627.339528,0.000000,,,0,1,,,,,0.008955,SMALL
ga,hfvrp_n015_m03_s04,15,3,0.100000,200,614.626038,4323.337407,1046.959778,0.000000,,,0,1,,,,,2.965779,BIG
ga,hfvrp_n015_m03_s02,15,3,0.100000,1788150362560643267,555.067518,2369.930933,792.060612,0.000000,,,0,1,,,,,0.978621,MEDIUM
ga,hfvrp_n015_m03_s04,15,3,0.100000,999,614.626038,4323.337407,1046.959778,0.000000,,,0,1,,,,,0.051030,DEFAULT
ga,hfvrp_n015_m03_s04,15,3,0.100000,999,614.626038,4323.337407,1046.959778,0.000000,,,0,1,,,,,0.005319,SMALL
ga,hfvrp_n015_m03_s03,15,3,0.100000,1234,524.677893,1026.616345,627.339528,0.000000,,,0,1,,,,,0.986837,MEDIUM
ga,hfvrp_n020_m04_s02,20,4,0.100000,1,668.474740,1852.445836,853.719323,0.000000,,,0,1,,,,,3.914228,BIG
ga,hfvrp_n015_m03_s04,15,3,0.100000,999,614.626038,4323.337407,1046.959778,0.000000,,,0,1,,,,,0.976885,MEDIUM
ga,hfvrp_n020_m04_s02,20,4,0.100000,10,673.766614,1897.322362,863.498850,0.000000,,,0,1,,,,,0.068053,DEFAULT
ga,hfvrp_n020_m04_s02,20,4,0.100000,10,673.766614,1897.322362,863.498850,0.000000,,,0,1,,,,,0.007309,SMALL
ga,hfvrp_n015_m03_s05,15,3,0.100000,200,589.460284,1341.750380,723.635322,0.000000,,,0,1,,,,,2.977690,BIG
ga,hfvrp_n015_m03_s05,15,3,0.100000,999,589.460284,1341.750380,723.635322,0.000000,,,0,1,,,,,0.052370,DEFAULT
ga,hfvrp_n015_m03_s05,15,3,0.100000,999,633.410548,1347.423679,768.152916,0.000000,,,0,1,,,,,0.008404,SMALL
ga,hfvrp_n020_m04_s02,20,4,0.100000,10,668.474740,1852.445836,853.719323,0.000000,,,0,1,,,,,1.289580,MEDIUM
ga,hfvrp_n015_m03_s05,15,3,0.100000,999,589.460284,1341.750380,723.635322,0.000000,,,0,1,,,,,0.986302,MEDIUM
ga,hfvrp_n020_m04_s01,20,4,0.100000,75,697.985709,1452.563552,843.242065,0.000000,,,0,1,,,,,3.925751,BIG
ga,hfvrp_n020_m04_s01,20,4,0.100000,100,723.407355,1450.497800,868.457135,0.000000,,,0,1,,,,,0.068475,DEFAULT
ga,hfvrp_n020_m04_s01,20,4,0.100000,100,697.985709,1452.563552,843.242065,0.000000,,,0,1,,,,,0.007225,SMALL
ga,hfvrp_n015_m03_s02,15,3,0.100000,1788150350658268714,555.067518,2369.930933,792.060612,0.000000,,,0,1,,,,,2.946229,BIG
ga,hfvrp_n020_m04_s03,20,4,0.100000,1788150598490231606,733.239774,3170.474990,1050.287273,0.000000,,,0,1,,,,,0.062951,DEFAULT
ga,hfvrp_n020_m04_s03,20,4,0.100000,1788150602852013741,733.239774,3170.474990,1050.287273,0.000000,,,0,1,,,,,0.007069,SMALL
ga,hfvrp_n015_m03_s03,15,3,0.100000,1234,524.677893,1026.616345,627.339528,0.000000,,,0,1,,,,,2.964590,BIG
ga,hfvrp_n015_m03_s03,15,3,0.100000,9999,524.677893,1026.616345,627.339528,0.000000,,,0,1,,,,,0.053152,DEFAULT
ga,hfvrp_n015_m03_s03,15,3,0.100000,9999,524.677893,1026.616345,627.339528,0.000000,,,0,1,,,,,0.008459,SMALL
ga,hfvrp_n020_m04_s01,20,4,0.100000,100,697.985709,1452.563552,843.242065,0.000000,,,0,1,,,,,1.307318,MEDIUM
ga,hfvrp_n015_m03_s04,15,3,0.100000,999,614.626038,4323.337407,1046.959778,0.000000,,,0,1,,,,,2.951649,BIG
ga,hfvrp_n015_m03_s04,15,3,0.100000,1234,614.626038,4323.337407,1046.959778,0.000000,,,0,1,,,,,0.052095,DEFAULT
ga,hfvrp_n015_m03_s04,15,3,0.100000,1234,614.626038,4323.337407,1046.959778,0.000000,,,0,1,,,,,0.009361,SMALL
ga,hfvrp_n020_m04_s03,20,4,0.100000,1788150538438289623,691.749404,2672.473236,958.996728,0.000000,,,0,1,,,,,1.301802,MEDIUM
ga,hfvrp_n015_m03_s03,15,3,0.100000,9999,524.677893,1026.616345,627.339528,0.000000,,,0,1,,,,,0.992171,MEDIUM
ga,hfvrp_n015_m03_s04,15,3,0.100000,1234,614.626038,4323.337407,1046.959778,0.000000,,,0,1,,,,,0.977996,MEDIUM
ga,hfvrp_n015_m03_s05,15,3,0.100000,999,589.460284,1341.750380,723.635322,0.000000,,,0,1,,,,,2.985839,BIG
ga,hfvrp_n015_m03_s05,15,3,0.100000,1234,589.460284,1341.750380,723.635322,0.000000,,,0,1,,,,,0.047710,DEFAULT
ga,hfvrp_n015_m03_s05,15,3,0.100000,1234,589.460284,1341.750380,723.635322,0.000000,,,0,1,,,,,0.005242,SMALL
ga,hfvrp_n020_m04_s02,20,4,0.100000,10,698.829931,1524.556791,851.285611,0.000000,,,0,1,,,,,3.924484,BIG
ga,hfvrp_n020_m04_s02,20,4,0.100000,50,673.766614,1897.322362,863.498850,0.000000,,,0,1,,,,,0.067035,DEFAULT
ga,hfvrp_n020_m04_s02,20,4,0.100000,50,673.766614,1897.322362,863.498850,0.000000,,,0,1,,,,,0.007088,SMALL
ga,hfvrp_n015_m03_s05,15,3,0.100000,1234,589.460284,1341.750380,723.635322,0.000000,,,0,1,,,,,0.989700,MEDIUM
ga,hfvrp_n020_m04_s02,20,4,0.100000,50,673.766614,1897.322362,863.498850,0.000000,,,0,1,,,,,1.292729,MEDIUM
ga,hfvrp_n015_m03_s03,15,3,0.100000,9999,524.677893,1026.616345,627.339528,0.000000,,,0,1,,,,,2.962504,BIG
ga,hfvrp_n020_m04_s01,20,4,0.100000,100,697.985709,1452.563552,843.242065,0.000000,,,0,1,,,,,3.932624,BIG
ga,hfvrp_n015_m03_s03,15,3,0.100000,19345,524.677893,1026.616345,627.339528,0.000000,,,0,1,,,,,0.051526,DEFAULT
ga,hfvrp_n015_m03_s03,15,3,0.100000,19345,524.677893,1026.616345,627.339528,0.000000,,,0,1,,,,,0.005522,SMALL
ga,hfvrp_n020_m04_s01,20,4,0.100000,200,697.985709,1452.563552,843.242065,0.000000,,,0,1,,,,,0.067510,DEFAULT
ga,hfvrp_n020_m04_s01,20,4,0.100000,200,674.454866,1952.194479,869.674314,0.000000,,,0,1,,,,,0.011991,SMALL
ga,hfvrp_n015_m03_s04,15,3,0.100000,1234,614.626038,4323.337407,1046.959778,0.000000,,,0,1,,,,,2.945078,BIG
ga,hfvrp_n015_m03_s04,15,3,0.100000,9999,614.626038,4323.337407,1046.959778,0.000000,,,0,1,,,,,0.048260,DEFAULT
ga,hfvrp_n015_m03_s04,15,3,0.100000,9999,642.593232,4573.787140,1099.971946,0.000000,,,0,1,,,,,0.005195,SMALL
ga,hfvrp_n020_m04_s03,20,4,0.100000,1788149508951970682,691.749404,2672.473236,958.996728,0.000000,,,0,1,,,,,3.911940,BIG
ga,hfvrp_n020_m04_s03,20,4,0.100000,1,733.239774,3170.474990,1050.287273,0.000000,,,0,1,,,,,0.068814,DEFAULT
ga,hfvrp_n020_m04_s03,20,4,0.100000,1,691.749404,2672.473236,958.996728,0.000000,,,0,1,,,,,0.007129,SMALL
ga,hfvrp_n015_m03_s03,15,3,0.100000,19345,524.677893,1026.616345,627.339528,0.000000,,,0,1,,,,,0.988367,MEDIUM
ga,hfvrp_n015_m03_s04,15,3,0.100000,9999,614.626038,4323.337407,1046.959778,0.000000,,,0,1,,,,,0.982736,MEDIUM
ga,hfvrp_n020_m04_s01,20,4,0.100000,200,697.985709,1452.563552,843.242065,0.000000,,,0,1,,,,,1.307739,MEDIUM
ga,hfvrp_n015_m03_s05,15,3,0.100000,1234,589.460284,1341.750380,723.635322,0.000000,,,0,1,,,,,2.983761,BIG
ga,hfvrp_n015_m03_s05,15,3,0.100000,9999,589.460284,1341.750380,723.635322,0.000000,,,0,1,,,,,0.052410,DEFAULT
ga,hfvrp_n015_m03_s05,15,3,0.100000,9999,589.460284,1341.750380,723.635322,0.000000,,,0,1,,,,,0.009226,SMALL
ga,hfvrp_n020_m04_s03,20,4,0.100000,1,704.546410,2764.364539,980.982864,0.000000,,,0,1,,,,,1.298049,MEDIUM
ga,hfvrp_n015_m03_s05,15,3,0.100000,9999,589.460284,1341.750380,723.635322,0.000000,,,0,1,,,,,0.981041,MEDIUM
ga,hfvrp_n020_m04_s02,20,4,0.100000,50,668.474740,1852.445836,853.719323,0.000000,,,0,1,,,,,3.907490,BIG
ga,hfvrp_n020_m04_s02,20,4,0.100000,75,668.474740,1852.445836,853.719323,0.000000,,,0,1,,,,,0.067597,DEFAULT
ga,hfvrp_n020_m04_s02,20,4,0.100000,75,673.766614,1897.322362,863.498850,0.000000,,,0,1,,,,,0.007152,SMALL
ga,hfvrp_n015_m03_s03,15,3,0.100000,19345,524.677893,1026.616345,627.339528,0.000000,,,0,1,,,,,2.955427,BIG
ga,hfvrp_n015_m03_s03,15,3,0.100000,1788149799881643519,524.677893,1026.616345,627.339528,0.000000,,,0,1,,,,,0.050222,DEFAULT
ga,hfvrp_n015_m03_s03,15,3,0.100000,1788149804230656715,524.677893,1026.616345,627.339528,0.000000,,,0,1,,,,,0.005228,SMALL
ga,hfvrp_n015_m03_s04,15,3,0.100000,9999,614.626038,4323.337407,1046.959778,0.000000,,,0,1,,,,,2.989112,BIG
ga,hfvrp_n015_m03_s04,15,3,0.100000,19345,614.626038,4323.337407,1046.959778,0.000000,,,0,1,,,,,0.047747,DEFAULT
ga,hfvrp_n015_m03_s04,15,3,0.100000,19345,614.626038,4323.337407,1046.959778,0.000000,,,0,1,,,,,0.005346,SMALL
ga,hfvrp_n015_m03_s03,15,3,0.100000,1788149894433869489,524.677893,1026.616345,627.339528,0.000000,,,0,1,,,,,0.984193,MEDIUM
ga,hfvrp_n020_m04_s02,20,4,0.100000,75,668.474740,1852.445836,853.719323,0.000000,,,0,1,,,,,1.290645,MEDIUM
ga,hfvrp_n015_m03_s04,15,3,0.100000,19345,614.626038,4323.337407,1046.959778,0.000000,,,0,1,,,,,0.978231,MEDIUM
ga,hfvrp_n020_m04_s01,20,4,0.100000,200,697.985709,1452.563552,843.242065,0.000000,,,0,1,,,,,3.934297,BIG
ga,hfvrp_n020_m04_s01,20,4,0.100000,999,697.985709,1452.563552,843.242065,0.000000,,,0,1,,,,,0.068214,DEFAULT
ga,hfvrp_n020_m04_s01,20,4,0.100000,999,714.993115,1596.577972,874.650912,0.000000,,,0,1,,,,,0.011225,SMALL
ga,hfvrp_n015_m03_s05,15,3,0.100000,9999,589.460284,1341.750380,723.635322,0.000000,,,0,1,,,,,2.972032,BIG
ga,hfvrp_n015_m03_s05,15,3,0.100000,19345,589.460284,1341.750380,723.635322,0.000000,,,0,1,,,,,0.048121,DEFAULT
ga,hfvrp_n015_m03_s05,15,3,0.100000,19345,589.460284,1341.750380,723.635322,0.000000,,,0,1,,,,,0.009634,SMALL
ga,hfvrp_n020_m04_s03,20,4,0.100000,1,691.749404,2672.473236,958.996728,0.000000,,,0,1,,,,,3.901564,BIG
ga,hfvrp_n020_m04_s03,20,4,0.100000,10,704.546410,2764.364539,980.982864,0.000000,,,0,1,,,,,0.062480,DEFAULT
ga,hfvrp_n020_m04_s03,20,4,0.100000,10,704.546410,2764.364539,980.982864,0.000000,,,0,1,,,,,0.011995,SMALL
ga,hfvrp_n015_m03_s05,15,3,0.100000,19345,589.460284,1341.750380,723.635322,0.000000,,,0,1,,,,,0.987364,MEDIUM
ga,hfvrp_n020_m04_s01,20,4,0.100000,999,697.985709,1452.563552,843.242065,0.000000,,,0,1,,,,,1.296889,MEDIUM
ga,hfvrp_n020_m04_s03,20,4,0.100000,10,691.749404,2672.473236,958.996728,0.000000,,,0,1,,,,,1.293317,MEDIUM
ga,hfvrp_n015_m03_s03,15,3,0.100000,1788149861062381841,524.677893,1026.616345,627.339528,0.000000,,,0,1,,,,,2.954595,BIG
ga,hfvrp_n020_m04_s04,20,4,0.100000,1788149005120139093,762.910606,2568.923363,1019.802943,0.000000,,,0,1,,,,,0.068261,DEFAULT
ga,hfvrp_n020_m04_s04,20,4,0.100000,1788149000897398605,800.606889,2782.862334,1078.893123,0.000000,,,0,1,,,,,0.007446,SMALL
ga,hfvrp_n015_m03_s04,15,3,0.100000,19345,614.626038,4323.337407,1046.959778,0.000000,,,0,1,,,,,2.957445,BIG
ga,hfvrp_n015_m03_s04,15,3,0.100000,1788149009595150111,614.626038,4323.337407,1046.959778,0.000000,,,0,1,,,,,0.051841,DEFAULT
ga,hfvrp_n015_m03_s04,15,3,0.100000,1788148970996153287,614.626038,4323.337407,1046.959778,0.000000,,,0,1,,,,,0.005194,SMALL
ga,hfvrp_n020_m04_s02,20,4,0.100000,75,698.829931,1524.556791,851.285611,0.000000,,,0,1,,,,,3.947445,BIG
ga,hfvrp_n020_m04_s02,20,4,0.100000,100,673.766614,1897.322362,863.498850,0.000000,,,0,1,,,,,0.068419,DEFAULT
ga,hfvrp_n020_m04_s02,20,4,0.100000,100,673.766614,1897.322362,863.498850,0.000000,,,0,1,,,,,0.007148,SMALL
ga,hfvrp_n015_m03_s04,15,3,0.100000,1788148966710091436,614.626038,4323.337407,1046.959778,0.000000,,,0,1,,,,,0.979007,MEDIUM
ga,hfvrp_n020_m04_s04,20,4,0.100000,1788148996615941755,748.174946,3021.570018,1050.331948,0.000000,,,0,1,,,,,1.309079,MEDIUM
ga,hfvrp_n015_m03_s05,15,3,0.100000,19345,589.460284,1341.750380,723.635322,0.000000,,,0,1,,,,,2.967749,BIG
ga,hfvrp_n015_m03_s05,15,3,0.100000,1788149071184478647,589.460284,1341.750380,723.635322,0.000000,,,0,1,,,,,0.051648,DEFAULT
ga,hfvrp_n015_m03_s05,15,3,0.100000,1788149041175112764,589.460284,1341.750380,723.635322,0.000000,,,0,1,,,,,0.005271,SMALL
ga,hfvrp_n020_m04_s02,20,4,0.100000,100,668.474740,1852.445836,853.719323,0.000000,,,0,1,,,,,1.318728,MEDIUM
ga,hfvrp_n020_m04_s01,20,4,0.100000,999,697.985709,1452.563552,843.242065,0.000000,,,0,1,,,,,3.945728,BIG
ga,hfvrp_n015_m03_s05,15,3,0.100000,1788149045479040642,589.460284,1341.750380,723.635322,0.000000,,,0,1,,,,,0.991464,MEDIUM
ga,hfvrp_n020_m04_s01,20,4,0.100000,1234,697.985709,1452.563552,843.242065,0.000000,,,0,1,,,,,0.068677,DEFAULT
ga,hfvrp_n020_m04_s01,20,4,0.100000,1234,723.407355,1450.497800,868.457135,0.000000,,,0,1,,,,,0.007149,SMALL
ga,hfvrp_n020_m04_s03,20,4,0.100000,10,714.915240,2358.630963,950.778336,0.000000,,,0,1,,,,,3.913813,BIG
ga,hfvrp_n020_m04_s03,20,4,0.100000,50,733.239774,3170.474990,1050.287273,0.000000,,,0,1,,,,,0.063002,DEFAULT
ga,hfvrp_n020_m04_s03,20,4,0.100000,50,733.239774,3170.474990,1050.287273,0.000000,,,0,1,,,,,0.006989,SMALL
ga,hfvrp_n020_m04_s01,20,4,0.100000,1234,697.985709,1452.563552,843.242065,0.000000,,,0,1,,,,,1.306494,MEDIUM
ga,hfvrp_n015_m03_s04,15,3,0.100000,1788149079367023965,614.626038,4323.337407,1046.959778,0.000000,,,0,1,,,,,2.970883,BIG
ga,hfvrp_n020_m04_s05,20,4,0.100000,1788149181179383456,816.559350,2338.526860,1050.412036,0.000000,,,0,1,,,,,0.069692,DEFAULT
ga,hfvrp_n020_m04_s05,20,4,0.100000,1788149185547959045,773.044168,2650.526900,1038.096858,0.000000,,,0,1,,,,,0.007410,SMALL
ga,hfvrp_n020_m04_s03,20,4,0.100000,50,691.749404,2672.473236,958.996728,0.000000,,,0,1,,,,,1.315157,MEDIUM
ga,hfvrp_n020_m04_s04,20,4,0.100000,1788149083833314776,762.910606,2568.923363,1019.802943,0.000000,,,0,1,,,,,3.934095,BIG
ga,hfvrp_n020_m04_s04,20,4,0.100000,1,762.910606,2568.923363,1019.802943,0.000000,,,0,1,,,,,0.068693,DEFAULT
ga,hfvrp_n020_m04_s04,20,4,0.100000,1,799.686999,2360.906733,1035.777673,0.000000,,,0,1,,,,,0.011364,SMALL
ga,hfvrp_n020_m04_s05,20,4,0.100000,1788149189858529387,727.713254,2436.422957,971.355550,0.000000,,,0,1,,,,,1.315926,MEDIUM
ga,hfvrp_n015_m03_s05,15,3,0.100000,1788149145258843779,589.460284,1341.750380,723.635322,0.000000,,,0,1,,,,,2.976677,BIG
ga,hfvrp_n030_m06_s01,30,6,0.100000,1788149350221181408,1342.356323,3953.168475,1737.673170,0.000000,,,0,1,,,,,0.100834,DEFAULT
ga,hfvrp_n030_m06_s01,30,6,0.100000,1788149363212851489,1592.681534,5058.221601,2098.503694,0.000000,,,0,1,,,,,0.013883,SMALL
ga,hfvrp_n020_m04_s02,20,4,0.100000,100,668.474740,1852.445836,853.719323,0.000000,,,0,1,,,,,3.917323,BIG
ga,hfvrp_n020_m04_s02,20,4,0.100000,200,673.766614,1897.322362,863.498850,0.000000,,,0,1,,,,,0.063238,DEFAULT
ga,hfvrp_n020_m04_s02,20,4,0.100000,200,668.474740,1852.445836,853.719323,0.000000,,,0,1,,,,,0.006915,SMALL
ga,hfvrp_n020_m04_s04,20,4,0.100000,1,748.174946,3021.570018,1050.331948,0.000000,,,0,1,,,,,1.308372,MEDIUM
ga,hfvrp_n020_m04_s02,20,4,0.100000,200,668.474740,1852.445836,853.719323,0.000000,,,0,1,,,,,1.282993,MEDIUM
ga,hfvrp_n030_m06_s01,30,6,0.100000,1788149358936479890,1359.664424,4136.270839,1773.291508,0.000000,,,0,1,,,,,1.946986,MEDIUM
ga,hfvrp_n020_m04_s01,20,4,0.100000,1234,697.985709,1452.563552,843.242065,0.000000,,,0,1,,,,,3.947711,BIG
ga,hfvrp_n020_m04_s01,20,4,0.100000,9999,696.720182,1988.304765,895.550658,0.000000,,,0,1,,,,,0.063830,DEFAULT
ga,hfvrp_n020_m04_s01,20,4,0.100000,9999,722.329452,1746.808168,897.010268,0.000000,,,0,1,,,,,0.011947,SMALL
ga,hfvrp_n020_m04_s03,20,4,0.100000,50,691.749404,2672.473236,958.996728,0.000000,,,0,1,,,,,3.930111,BIG
ga,hfvrp_n020_m04_s03,20,4,0.100000,75,733.239774,3170.474990,1050.287273,0.000000,,,0,1,,,,,0.068127,DEFAULT
ga,hfvrp_n020_m04_s03,20,4,0.100000,75,733.239774,3170.474990,1050.287273,0.000000,,,0,1,,,,,0.011217,SMALL
ga,hfvrp_n020_m04_s01,20,4,0.100000,9999,697.985709,1452.563552,843.242065,0.000000,,,0,1,,,,,1.294438,MEDIUM
ga,hfvrp_n020_m04_s05,20,4,0.100000,1788149289962732456,727.713254,2436.422957,971.355550,0.000000,,,0,1,,,,,3.932378,BIG
ga,hfvrp_n020_m04_s05,20,4,0.100000,1,727.713254,2436.422957,971.355550,0.000000,,,0,1,,,,,0.063477,DEFAULT
ga,hfvrp_n020_m04_s05,20,4,0.100000,1,727.713254,2436.422957,971.355550,0.000000,,,0,1,,,,,0.007263,SMALL
ga,hfvrp_n020_m04_s03,20,4,0.100000,75,691.749404,2672.473236,958.996728,0.000000,,,0,1,,,,,1.296510,MEDIUM
ga,hfvrp_n020_m04_s04,20,4,0.100000,1,762.910606,2568.923363,1019.802943,0.000000,,,0,1,,,,,3.968364,BIG
ga,hfvrp_n020_m04_s04,20,4,0.100000,10,810.896637,2536.900988,1064.586736,0.000000,,,0,1,,,,,0.067704,DEFAULT
ga,hfvrp_n020_m04_s04,20,4,0.100000,10,805.173696,2961.713884,1101.345084,0.000000,,,0,1,,,,,0.011906,SMALL
ga,hfvrp_n020_m04_s05,20,4,0.100000,1,727.713254,2436.422957,971.355550,0.000000,,,0,1,,,,,1.304197,MEDIUM
ga,hfvrp_n020_m04_s02,20,4,0.100000,200,668.474740,1852.445836,853.719323,0.000000,,,0,1,,,,,3.877561,BIG
ga,hfvrp_n020_m04_s02,20,4,0.100000,999,673.766614,1897.322362,863.498850,0.000000,,,0,1,,,,,0.062695,DEFAULT
ga,hfvrp_n020_m04_s02,20,4,0.100000,999,673.766614,1897.322362,863.498850,0.000000,,,0,1,,,,,0.006958,SMALL
ga,hfvrp_n020_m04_s04,20,4,0.100000,10,762.910606,2568.923363,1019.802943,0.000000,,,0,1,,,,,1.303535,MEDIUM
ga,hfvrp_n020_m04_s02,20,4,0.100000,999,673.766614,1897.322362,863.498850,0.000000,,,0,1,,,,,1.276322,MEDIUM
ga,hfvrp_n020_m04_s01,20,4,0.100000,9999,697.985709,1452.563552,843.242065,0.000000,,,0,1,,,,,3.903204,BIG
ga,hfvrp_n020_m04_s01,20,4,0.100000,19345,697.985709,1452.563552,843.242065,0.000000,,,0,1,,,,,0.068603,DEFAULT
ga,hfvrp_n020_m04_s01,20,4,0.100000,19345,697.985709,1452.563552,843.242065,0.000000,,,0,1,,,,,0.007441,SMALL
ga,hfvrp_n020_m04_s03,20,4,0.100000,75,691.749404,2672.473236,958.996728,0.000000,,,0,1,,,,,3.906370,BIG
ga,hfvrp_n020_m04_s03,20,4,0.100000,100,733.239774,3170.474990,1050.287273,0.000000,,,0,1,,,,,0.067852,DEFAULT
ga,hfvrp_n030_m06_s01,30,6,0.100000,1788149300762585316,1265.321301,4025.376798,1667.858980,0.000000,,,0,1,,,,,5.962957,BIG
ga,hfvrp_n020_m04_s03,20,4,0.100000,100,733.239774,3170.474990,1050.287273,0.000000,,,0,1,,,,,0.010841,SMALL
ga,hfvrp_n030_m06_s01,30,6,0.100000,1,1341.279805,4382.999115,1779.579717,0.000000,,,0,1,,,,,0.095168,DEFAULT
ga,hfvrp_n030_m06_s01,30,6,0.100000,1,1466.313286,5005.234729,1966.836759,0.000000,,,0,1,,,,,0.011062,SMALL
ga,hfvrp_n020_m04_s01,20,4,0.100000,19345,697.985709,1452.563552,843.242065,0.000000,,,0,1,,,,,1.299432,MEDIUM
ga,hfvrp_n020_m04_s05,20,4,0.100000,1,727.713254,2436.422957,971.355550,0.000000,,,0,1,,,,,3.925319,BIG
ga,hfvrp_n020_m04_s05,20,4,0.100000,10,824.837685,2454.820156,1070.319701,0.000000,,,0,1,,,,,0.069583,DEFAULT
ga,hfvrp_n020_m04_s05,20,4,0.100000,10,687.410271,2962.864315,983.696702,0.000000,,,0,1,,,,,0.012642,SMALL
ga,hfvrp_n020_m04_s03,20,4,0.100000,100,714.915240,2358.630963,950.778336,0.000000,,,0,1,,,,,1.293043,MEDIUM
ga,hfvrp_n030_m06_s01,30,6,0.100000,1,1303.125363,4160.652102,1719.190573,0.000000,,,0,1,,,,,1.970396,MEDIUM
ga,hfvrp_n020_m04_s04,20,4,0.100000,10,762.910606,2568.923363,1019.802943,0.000000,,,0,1,,,,,3.931356,BIG
ga,hfvrp_n020_m04_s04,20,4,0.100000,50,748.174946,3021.570018,1050.331948,0.000000,,,0,1,,,,,0.068952,DEFAULT
ga,hfvrp_n020_m04_s04,20,4,0.100000,50,818.983085,2688.159373,1087.799022,0.000000,,,0,1,,,,,0.008067,SMALL
ga,hfvrp_n020_m04_s05,20,4,0.100000,10,727.713254,2436.422957,971.355550,0.000000,,,0,1,,,,,1.307579,MEDIUM
ga,hfvrp_n020_m04_s02,20,4,0.100000,999,668.474740,1852.445836,853.719323,0.000000,,,0,1,,,,,3.896245,BIG
ga,hfvrp_n020_m04_s02,20,4,0.100000,1234,673.766614,1897.322362,863.498850,0.000000,,,0,1,,,,,0.067778,DEFAULT
ga,hfvrp_n020_m04_s02,20,4,0.100000,1234,716.409339,1781.267118,894.536051,0.000000,,,0,1,,,,,0.009863,SMALL
ga,hfvrp_n020_m04_s04,20,4,0.100000,50,748.174946,3021.570018,1050.331948,0.000000,,,0,1,,,,,1.295755,MEDIUM
ga,hfvrp_n020_m04_s02,20,4,0.100000,1234,668.474740,1852.445836,853.719323,0.000000,,,0,1,,,,,1.291513,MEDIUM
ga,hfvrp_n020_m04_s01,20,4,0.100000,19345,697.985709,1452.563552,843.242065,0.000000,,,0,1,,,,,3.920203,BIG
ga,hfvrp_n020_m04_s01,20,4,0.100000,1788152983828321959,696.720182,1988.304765,895.550658,0.000000,,,0,1,,,,,0.068003,DEFAULT
ga,hfvrp_n020_m04_s01,20,4,0.100000,1788152988197423330,697.985709,1452.563552,843.242065,0.000000,,,0,1,,,,,0.011254,SMALL
ga,hfvrp_n020_m04_s03,20,4,0.100000,100,714.915240,2358.630963,950.778336,0.000000,,,0,1,,,,,3.910903,BIG
ga,hfvrp_n020_m04_s03,20,4,0.100000,200,733.239774,3170.474990,1050.287273,0.000000,,,0,1,,,,,0.062760,DEFAULT
ga,hfvrp_n020_m04_s03,20,4,0.100000,200,733.239774,3170.474990,1050.287273,0.000000,,,0,1,,,,,0.011416,SMALL
ga,hfvrp_n020_m04_s01,20,4,0.100000,1788152992508660298,697.985709,1452.563552,843.242065,0.000000,,,0,1,,,,,1.304475,MEDIUM
ga,hfvrp_n020_m04_s05,20,4,0.100000,10,727.713254,2436.422957,971.355550,0.000000,,,0,1,,,,,3.955192,BIG
ga,hfvrp_n020_m04_s05,20,4,0.100000,50,727.713254,2436.422957,971.355550,0.000000,,,0,1,,,,,0.064049,DEFAULT
ga,hfvrp_n020_m04_s05,20,4,0.100000,50,818.742564,2612.596364,1080.002201,0.000000,,,0,1,,,,,0.006986,SMALL
ga,hfvrp_n020_m04_s03,20,4,0.100000,200,714.915240,2358.630963,950.778336,0.000000,,,0,1,,,,,1.294627,MEDIUM
ga,hfvrp_n020_m04_s04,20,4,0.100000,50,748.174946,3021.570018,1050.331948,0.000000,,,0,1,,,,,3.920849,BIG
ga,hfvrp_n020_m04_s04,20,4,0.100000,75,748.174946,3021.570018,1050.331948,0.000000,,,0,1,,,,,0.068516,DEFAULT
ga,hfvrp_n020_m04_s04,20,4,0.100000,75,762.442425,2664.770559,1028.919481,0.000000,,,0,1,,,,,0.007461,SMALL
ga,hfvrp_n020_m04_s05,20,4,0.100000,50,727.713254,2436.422957,971.355550,0.000000,,,0,1,,,,,1.304688,MEDIUM
ga,hfvrp_n030_m06_s01,30,6,0.100000,1,1320.152802,3948.311679,1714.983970,0.000000,,,0,1,,,,,5.932394,BIG
ga,hfvrp_n030_m06_s01,30,6,0.100000,10,1349.316437,4117.170909,1761.033528,0.000000,,,0,1,,,,,0.100298,DEFAULT
ga,hfvrp_n030_m06_s01,30,6,0.100000,10,1479.196589,4565.534936,1935.750083,0.000000,,,0,1,,,,,0.011963,SMALL
ga,hfvrp_n020_m04_s02,20,4,0.100000,1234,698.829931,1524.556791,851.285611,0.000000,,,0,1,,,,,3.925359,BIG
ga,hfvrp_n020_m04_s02,20,4,0.100000,9999,697.776400,1827.921876,880.568588,0.000000,,,0,1,,,,,0.068070,DEFAULT
ga,hfvrp_n020_m04_s02,20,4,0.100000,9999,673.766614,1897.322362,863.498850,0.000000,,,0,1,,,,,0.012146,SMALL
ga,hfvrp_n020_m04_s04,20,4,0.100000,75,762.910606,2568.923363,1019.802943,0.000000,,,0,1,,,,,1.308823,MEDIUM
ga,hfvrp_n020_m04_s02,20,4,0.100000,9999,668.474740,1852.445836,853.719323,0.000000,,,0,1,,,,,1.288423,MEDIUM
ga,hfvrp_n030_m06_s01,30,6,0.100000,10,1266.974366,4240.579022,1691.032268,0.000000,,,0,1,,,,,1.947913,MEDIUM
ga,hfvrp_n020_m04_s01,20,4,0.100000,1788153165620685423,697.985709,1452.563552,843.242065,0.000000,,,0,1,,,,,3.984353,BIG
ga,hfvrp_n030_m06_s02,30,6,0.100000,1788153225570772264,1226.658011,3449.341109,1571.592122,0.000000,,,0,1,,,,,0.095200,DEFAULT
ga,hfvrp_n030_m06_s02,30,6,0.100000,1788153238559040109,1239.807308,4143.694581,1654.176766,0.000000,,,0,1,,,,,0.016989,SMALL
ga,hfvrp_n020_m04_s03,20,4,0.100000,200,691.749404,2672.473236,958.996728,0.000000,,,0,1,,,,,3.910654,BIG
ga,hfvrp_n020_m04_s03,20,4,0.100000,999,733.239774,3170.474990,1050.287273,0.000000,,,0,1,,,,,0.066967,DEFAULT
ga,hfvrp_n020_m04_s03,20,4,0.100000,999,733.239774,3170.474990,1050.287273,0.000000,,,0,1,,,,,0.011321,SMALL
ga,hfvrp_n020_m04_s05,20,4,0.100000,50,727.713254,2436.422957,971.355550,0.000000,,,0,1,,,,,3.948035,BIG
ga,hfvrp_n020_m04_s03,20,4,0.100000,999,733.239774,3170.474990,1050.287273,0.000000,,,0,1,,,,,1.302657,MEDIUM
ga,hfvrp_n020_m04_s05,20,4,0.100000,75,816.559350,2338.526860,1050.412036,0.000000,,,0,1,,,,,0.068271,DEFAULT
ga,hfvrp_n020_m04_s05,20,4,0.100000,75,687.959420,2857.771593,973.736579,0.000000,,,0,1,,,,,0.011858,SMALL
ga,hfvrp_n030_m06_s02,30,6,0.100000,1788153234285288370,1186.126223,3604.073741,1546.533597,0.000000,,,0,1,,,,,1.942890,MEDIUM
ga,hfvrp_n020_m04_s04,20,4,0.100000,75,762.910606,2568.923363,1019.802943,0.000000,,,0,1,,,,,3.931556,BIG
ga,hfvrp_n020_m04_s04,20,4,0.100000,100,748.174946,3021.570018,1050.331948,0.000000,,,0,1,,,,,0.063609,DEFAULT
ga,hfvrp_n020_m04_s04,20,4,0.100000,100,868.777310,2731.241863,1141.901497,0.000000,,,0,1,,,,,0.007069,SMALL
ga,hfvrp_n020_m04_s05,20,4,0.100000,75,727.713254,2436.422957,971.355550,0.000000,,,0,1,,,,,1.311565,MEDIUM
ga,hfvrp_n020_m04_s02,20,4,0.100000,9999,698.829931,1524.556791,851.285611,0.000000,,,0,1,,,,,3.992803,BIG
ga,hfvrp_n020_m04_s02,20,4,0.100000,19345,673.766614,1897.322362,863.498850,0.000000,,,0,1,,,,,0.062307,DEFAULT
ga,hfvrp_n020_m04_s02,20,4,0.100000,19345,673.766614,1897.322362,863.498850,0.000000,,,0,1,,,,,0.011793,SMALL
ga,hfvrp_n020_m04_s04,20,4,0.100000,100,762.910606,2568.923363,1019.802943,0.000000,,,0,1,,,,,1.305869,MEDIUM
ga,hfvrp_n020_m04_s02,20,4,0.100000,19345,673.766614,1897.322362,863.498850,0.000000,,,0,1,,,,,1.277619,MEDIUM
ga,hfvrp_n020_m04_s03,20,4,0.100000,999,691.749404,2672.473236,958.996728,0.000000,,,0,1,,,,,3.890520,BIG
ga,hfvrp_n020_m04_s03,20,4,0.100000,1234,704.546410,2764.364539,980.982864,0.000000,,,0,1,,,,,0.069104,DEFAULT
ga,hfvrp_n020_m04_s03,20,4,0.100000,1234,762.825038,3287.658835,1091.590922,0.000000,,,0,1,,,,,0.007055,SMALL
ga,hfvrp_n030_m06_s01,30,6,0.100000,10,1312.594483,4007.943820,1713.388865,0.000000,,,0,1,,,,,5.854670,BIG
ga,hfvrp_n030_m06_s01,30,6,0.100000,50,1374.358947,4736.060784,1847.965026,0.000000,,,0,1,,,,,0.093751,DEFAULT
ga,hfvrp_n030_m06_s01,30,6,0.100000,50,1337.983366,4671.498779,1805.133244,0.000000,,,0,1,,,,,0.011524,SMALL
ga,hfvrp_n020_m04_s03,20,4,0.100000,1234,691.749404,2672.473236,958.996728,0.000000,,,0,1,,,,,1.292080,MEDIUM
ga,hfvrp_n020_m04_s05,20,4,0.100000,75,727.713254,2436.422957,971.355550,0.000000,,,0,1,,,,,3.956418,BIG
ga,hfvrp_n020_m04_s05,20,4,0.100000,100,770.782865,2172.484091,988.031274,0.000000,,,0,1,,,,,0.067312,DEFAULT
ga,hfvrp_n020_m04_s05,20,4,0.100000,100,783.762023,2701.557503,1053.917774,0.000000,,,0,1,,,,,0.007129,SMALL
ga,hfvrp_n030_m06_s01,30,6,0.100000,50,1303.125363,4160.652102,1719.190573,0.000000,,,0,1,,,,,1.965428,MEDIUM
ga,hfvrp_n030_m06_s02,30,6,0.100000,1788152342878654722,1037.513477,3976.005142,1435.113991,0.000000,,,0,1,,,,,5.851181,BIG
ga,hfvrp_n020_m04_s04,20,4,0.100000,100,762.910606,2568.923363,1019.802943,0.000000,,,0,1,,,,,3.922979,BIG
ga,hfvrp_n030_m06_s02,30,6,0.100000,1,1186.126223,3604.073741,1546.533597,0.000000,,,0,1,,,,,0.097910,DEFAULT
ga,hfvrp_n030_m06_s02,30,6,0.100000,1,1275.558446,3930.682399,1668.626686,0.000000,,,0,1,,,,,0.015693,SMALL
ga,hfvrp_n020_m04_s04,20,4,0.100000,200,762.910606,2568.923363,1019.802943,0.000000,,,0,1,,,,,0.065330,DEFAULT
ga,hfvrp_n020_m04_s04,20,4,0.100000,200,832.144149,2890.075300,1121.151679,0.000000,,,0,1,,,,,0.007596,SMALL
ga,hfvrp_n020_m04_s05,20,4,0.100000,100,727.713254,2436.422957,971.355550,0.000000,,,0,1,,,,,1.311798,MEDIUM
ga,hfvrp_n020_m04_s02,20,4,0.100000,19345,698.829931,1524.556791,851.285611,0.000000,,,0,1,,,,,3.893167,BIG
ga,hfvrp_n020_m04_s02,20,4,0.100000,1788152607233294211,673.766614,1897.322362,863.498850,0.000000,,,0,1,,,,,0.063681,DEFAULT
ga,hfvrp_n020_m04_s02,20,4,0.100000,1788152603010022638,673.766614,1897.322362,863.498850,0.000000,,,0,1,,,,,0.012035,SMALL
ga,hfvrp_n020_m04_s04,20,4,0.100000,200,748.174946,3021.570018,1050.331948,0.000000,,,0,1,,,,,1.305981,MEDIUM
ga,hfvrp_n030_m06_s02,30,6,0.100000,1,1186.126223,3604.073741,1546.533597,0.000000,,,0,1,,,,,1.942462,MEDIUM
ga,hfvrp_n020_m04_s02,20,4,0.100000,1788152598730874170,673.766614,1897.322362,863.498850,0.000000,,,0,1,,,,,1.278173,MEDIUM
ga,hfvrp_n020_m04_s03,20,4,0.100000,1234,691.749404,2672.473236,958.996728,0.000000,,,0,1,,,,,3.900112,BIG
ga,hfvrp_n020_m04_s03,20,4,0.100000,9999,704.546410,2764.364539,980.982864,0.000000,,,0,1,,,,,0.067223,DEFAULT
ga,hfvrp_n020_m04_s03,20,4,0.100000,9999,764.389780,3170.474990,1081.437279,0.000000,,,0,1,,,,,0.007118,SMALL
ga,hfvrp_n020_m04_s03,20,4,0.100000,9999,733.239774,3170.474990,1050.287273,0.000000,,,0,1,,,,,1.291804,MEDIUM
ga,hfvrp_n020_m04_s05,20,4,0.100000,100,727.713254,2436.422957,971.355550,0.000000,,,0,1,,,,,3.928252,BIG
ga,hfvrp_n020_m04_s05,20,4,0.100000,200,727.713254,2436.422957,971.355550,0.000000,,,0,1,,,,,0.069494,DEFAULT
ga,hfvrp_n020_m04_s05,20,4,0.100000,200,727.713254,2436.422957,971.355550,0.000000,,,0,1,,,,,0.012110,SMALL
ga,hfvrp_n020_m04_s04,20,4,0.100000,200,762.910606,2568.923363,1019.802943,0.000000,,,0,1,,,,,3.948191,BIG
ga,hfvrp_n020_m04_s04,20,4,0.100000,999,785.352755,3008.880513,1086.240807,0.000000,,,0,1,,,,,0.063015,DEFAULT
ga,hfvrp_n020_m04_s04,20,4,0.100000,999,816.495103,2335.975231,1050.092626,0.000000,,,0,1,,,,,0.007060,SMALL
ga,hfvrp_n020_m04_s05,20,4,0.100000,200,727.713254,2436.422957,971.355550,0.000000,,,0,1,,,,,1.314700,MEDIUM
ga,hfvrp_n030_m06_s01,30,6,0.100000,50,1303.125363,4160.652102,1719.190573,0.000000,,,0,1,,,,,5.979875,BIG
ga,hfvrp_n020_m04_s02,20,4,0.100000,1788152621487948161,698.829931,1524.556791,851.285611,0.000000,,,0,1,,,,,3.912714,BIG
ga,hfvrp_n030_m06_s01,30,6,0.100000,75,1301.105251,4378.868036,1738.992054,0.000000,,,0,1,,,,,0.101133,DEFAULT
ga,hfvrp_n030_m06_s01,30,6,0.100000,75,1423.980615,5851.213650,2009.101980,0.000000,,,0,1,,,,,0.012017,SMALL
ga,hfvrp_n030_m06_s03,30,6,0.100000,1788152694254437140,1317.755426,2372.243315,1554.979757,0.000000,,,0,1,,,,,0.094511,DEFAULT
ga,hfvrp_n030_m06_s03,30,6,0.100000,1788152698647306476,1417.996688,3871.413433,1805.138032,0.000000,,,0,1,,,,,0.011376,SMALL
ga,hfvrp_n020_m04_s04,20,4,0.100000,999,823.452707,2774.402665,1100.892974,0.000000,,,0,1,,,,,1.285450,MEDIUM
ga,hfvrp_n030_m06_s02,30,6,0.100000,1,1037.637612,4291.949188,1466.832531,0.000000,,,0,1,,,,,5.830800,BIG
ga,hfvrp_n030_m06_s01,30,6,0.100000,75,1304.842878,4179.841723,1722.827051,0.000000,,,0,1,,,,,1.979860,MEDIUM
ga,hfvrp_n020_m04_s03,20,4,0.100000,9999,691.749404,2672.473236,958.996728,0.000000,,,0,1,,,,,3.913184,BIG
ga,hfvrp_n030_m06_s02,30,6,0.100000,10,1210.923666,4133.474291,1624.271095,0.000000,,,0,1,,,,,0.101607,DEFAULT
ga,hfvrp_n030_m06_s02,30,6,0.100000,10,1220.350986,3865.944741,1606.945460,0.000000,,,0,1,,,,,0.013248,SMALL
ga,hfvrp_n030_m06_s03,30,6,0.100000,1788152668597258041,1214.677231,2852.980146,1499.975246,0.000000,,,0,1,,,,,1.919130,MEDIUM
ga,hfvrp_n020_m04_s03,20,4,0.100000,19345,733.239774,3170.474990,1050.287273,0.000000,,,0,1,,,,,0.068856,DEFAULT
ga,hfvrp_n020_m04_s03,20,4,0.100000,19345,733.239774,3170.474990,1050.287273,0.000000,,,0,1,,,,,0.011409,SMALL
ga,hfvrp_n020_m04_s03,20,4,0.100000,19345,691.749404,2672.473236,958.996728,0.000000,,,0,1,,,,,1.327211,MEDIUM
ga,hfvrp_n020_m04_s05,20,4,0.100000,200,727.713254,2436.422957,971.355550,0.000000,,,0,1,,,,,3.952704,BIG
ga,hfvrp_n020_m04_s05,20,4,0.100000,999,727.713254,2436.422957,971.355550,0.000000,,,0,1,,,,,0.068796,DEFAULT
ga,hfvrp_n020_m04_s05,20,4,0.100000,999,751.757292,2571.938838,1008.951176,0.000000,,,0,1,,,,,0.007521,SMALL
ga,hfvrp_n030_m06_s02,30,6,0.100000,10,1158.336524,3565.369178,1514.873442,0.000000,,,0,1,,,,,1.957934,MEDIUM
ga,hfvrp_n020_m04_s04,20,4,0.100000,999,762.910606,2568.923363,1019.802943,0.000000,,,0,1,,,,,3.938958,BIG
ga,hfvrp_n020_m04_s04,20,4,0.100000,1234,748.174946,3021.570018,1050.331948,0.000000,,,0,1,,,,,0.068391,DEFAULT
ga,hfvrp_n020_m04_s04,20,4,0.100000,1234,779.256087,2576.774847,1036.933571,0.000000,,,0,1,,,,,0.007226,SMALL
ga,hfvrp_n020_m04_s05,20,4,0.100000,999,727.713254,2436.422957,971.355550,0.000000,,,0,1,,,,,1.305067,MEDIUM
ga,hfvrp_n020_m04_s04,20,4,0.100000,1234,748.174946,3021.570018,1050.331948,0.000000,,,0,1,,,,,1.301815,MEDIUM
ga,hfvrp_n020_m04_s03,20,4,0.100000,19345,714.915240,2358.630963,950.778336,0.000000,,,0,1,,,,,3.881186,BIG
ga,hfvrp_n020_m04_s03,20,4,0.100000,1788151748139759083,733.239774,3170.474990,1050.287273,0.000000,,,0,1,,,,,0.068109,DEFAULT
ga,hfvrp_n020_m04_s03,20,4,0.100000,1788151752511591434,733.239774,3170.474990,1050.287273,0.000000,,,0,1,,,,,0.012255,SMALL
ga,hfvrp_n030_m06_s03,30,6,0.100000,1788151798643674344,1214.677231,2852.980146,1499.975246,0.000000,,,0,1,,,,,5.804102,BIG
ga,hfvrp_n030_m06_s01,30,6,0.100000,75,1266.653739,4441.662174,1710.819956,0.000000,,,0,1,,,,,5.975876,BIG
ga,hfvrp_n030_m06_s03,30,6,0.100000,1,1236.782281,2856.293299,1522.411611,0.000000,,,0,1,,,,,0.099294,DEFAULT
ga,hfvrp_n030_m06_s03,30,6,0.100000,1,1456.050793,3433.713655,1799.422158,0.000000,,,0,1,,,,,0.011297,SMALL
ga,hfvrp_n030_m06_s01,30,6,0.100000,100,1377.591094,4395.310220,1817.122116,0.000000,,,0,1,,,,,0.101881,DEFAULT
ga,hfvrp_n030_m06_s01,30,6,0.100000,100,1403.582515,4848.259624,1888.408478,0.000000,,,0,1,,,,,0.011793,SMALL
ga,hfvrp_n020_m04_s03,20,4,0.100000,1788151739642989355,691.749404,2672.473236,958.996728,0.000000,,,0,1,,,,,1.292325,MEDIUM
ga,hfvrp_n020_m04_s05,20,4,0.100000,999,727.713254,2436.422957,971.355550,0.000000,,,0,1,,,,,3.986770,BIG
ga,hfvrp_n020_m04_s05,20,4,0.100000,1234,770.782865,2172.484091,988.031274,0.000000,,,0,1,,,,,0.063972,DEFAULT
ga,hfvrp_n020_m04_s05,20,4,0.100000,1234,826.553019,2351.312643,1061.684284,0.000000,,,0,1,,,,,0.007321,SMALL
ga,hfvrp_n030_m06_s02,30,6,0.100000,10,1037.513477,3976.005142,1435.113991,0.000000,,,0,1,,,,,5.852954,BIG
ga,hfvrp_n030_m06_s03,30,6,0.100000,1,1214.677231,2852.980146,1499.975246,0.000000,,,0,1,,,,,1.913228,MEDIUM
ga,hfvrp_n030_m06_s02,30,6,0.100000,50,1225.307685,3860.909717,1611.398657,0.000000,,,0,1,,,,,0.101624,DEFAULT
ga,hfvrp_n030_m06_s02,30,6,0.100000,50,1292.716495,4303.139565,1723.030452,0.000000,,,0,1,,,,,0.010847,SMALL
ga,hfvrp_n020_m04_s04,20,4,0.100000,1234,762.910606,2568.923363,1019.802943,0.000000,,,0,1,,,,,3.948643,BIG
ga,hfvrp_n030_m06_s01,30,6,0.100000,100,1414.057713,3576.709113,1771.728625,0.000000,,,0,1,,,,,2.023911,MEDIUM
ga,hfvrp_n020_m04_s04,20,4,0.100000,9999,748.174946,3021.570018,1050.331948,0.000000,,,0,1,,,,,0.069951,DEFAULT
ga,hfvrp_n020_m04_s04,20,4,0.100000,9999,828.310213,3139.121742,1142.222387,0.000000,,,0,1,,,,,0.010199,SMALL
ga,hfvrp_n020_m04_s05,20,4,0.100000,1234,727.713254,2436.422957,971.355550,0.000000,,,0,1,,,,,1.310454,MEDIUM
ga,hfvrp_n020_m04_s04,20,4,0.100000,9999,762.910606,2568.923363,1019.802943,0.000000,,,0,1,,,,,1.307009,MEDIUM
ga,hfvrp_n030_m06_s02,30,6,0.100000,50,1131.006394,3453.840792,1476.390473,0.000000,,,0,1,,,,,1.948288,MEDIUM
ga,hfvrp_n020_m04_s03,20,4,0.100000,1788151959987256849,691.749404,2672.473236,958.996728,0.000000,,,0,1,,,,,3.903407,BIG
ga,hfvrp_n030_m06_s04,30,6,0.100000,1788151989821825621,1352.598563,4080.016745,1760.600237,0.000000,,,0,1,,,,,0.098623,DEFAULT
ga,hfvrp_n030_m06_s04,30,6,0.100000,1788151985629063156,1365.569749,4554.085218,1820.978271,0.000000,,,0,1,,,,,0.011774,SMALL
ga,hfvrp_n020_m04_s05,20,4,0.100000,1234,727.713254,2436.422957,971.355550,0.000000,,,0,1,,,,,3.935437,BIG
ga,hfvrp_n020_m04_s05,20,4,0.100000,9999,770.782865,2172.484091,988.031274,0.000000,,,0,1,,,,,0.063969,DEFAULT
ga,hfvrp_n020_m04_s05,20,4,0.100000,9999,713.914809,2868.726454,1000.787454,0.000000,,,0,1,,,,,0.007324,SMALL
ga,hfvrp_n030_m06_s04,30,6,0.100000,1788151981349323081,1193.138177,2792.526850,1472.390862,0.000000,,,0,1,,,,,1.950539,MEDIUM
ga,hfvrp_n020_m04_s04,20,4,0.100000,9999,762.910606,2568.923363,1019.802943,0.000000,,,0,1,,,,,3.941862,BIG
ga,hfvrp_n020_m04_s04,20,4,0.100000,19345,748.174946,3021.570018,1050.331948,0.000000,,,0,1,,,,,0.068552,DEFAULT
ga,hfvrp_n020_m04_s04,20,4,0.100000,19345,813.105138,2199.360108,1033.041148,0.000000,,,0,1,,,,,0.007127,SMALL
ga,hfvrp_n020_m04_s05,20,4,0.100000,9999,727.713254,2436.422957,971.355550,0.000000,,,0,1,,,,,1.308178,MEDIUM
ga,hfvrp_n030_m06_s03,30,6,0.100000,1,1214.677231,2852.980146,1499.975246,0.000000,,,0,1,,,,,5.818386,BIG
ga,hfvrp_n030_m06_s03,30,6,0.100000,10,1431.582107,3173.999672,1748.982074,0.000000,,,0,1,,,,,0.095236,DEFAULT
ga,hfvrp_n030_m06_s03,30,6,0.100000,10,1502.333863,3163.886491,1818.722512,0.000000,,,0,1,,,,,0.011293,SMALL
ga,hfvrp_n030_m06_s01,30,6,0.100000,100,1314.311999,4027.133441,1717.025343,0.000000,,,0,1,,,,,5.859207,BIG
ga,hfvrp_n030_m06_s01,30,6,0.100000,200,1248.897315,3942.269220,1643.124237,0.000000,,,0,1,,,,,0.096921,DEFAULT
ga,hfvrp_n030_m06_s01,30,6,0.100000,200,1430.734423,5516.327040,1982.367127,0.000000,,,0,1,,,,,0.011656,SMALL
ga,hfvrp_n020_m04_s04,20,4,0.100000,19345,762.910606,2568.923363,1019.802943,0.000000,,,0,1,,,,,1.330582,MEDIUM
ga,hfvrp_n030_m06_s02,30,6,0.100000,50,1037.513477,3976.005142,1435.113991,0.000000,,,0,1,,,,,5.844511,BIG
ga,hfvrp_n030_m06_s03,30,6,0.100000,10,1214.677231,2852.980146,1499.975246,0.000000,,,0,1,,,,,1.918595,MEDIUM
ga,hfvrp_n030_m06_s02,30,6,0.100000,75,1242.050297,3946.329943,1636.683291,0.000000,,,0,1,,,,,0.100996,DEFAULT
ga,hfvrp_n030_m06_s02,30,6,0.100000,75,1250.434089,3963.464692,1646.780558,0.000000,,,0,1,,,,,0.015840,SMALL
ga,hfvrp_n030_m06_s01,30,6,0.100000,200,1357.631773,2927.454622,1650.377235,0.000000,,,0,1,,,,,1.933624,MEDIUM
ga,hfvrp_n020_m04_s05,20,4,0.100000,9999,727.713254,2436.422957,971.355550,0.000000,,,0,1,,,,,3.998341,BIG
ga,hfvrp_n020_m04_s05,20,4,0.100000,19345,816.559350,2338.526860,1050.412036,0.000000,,,0,1,,,,,0.064350,DEFAULT
ga,hfvrp_n020_m04_s05,20,4,0.100000,19345,770.782865,2172.484091,988.031274,0.000000,,,0,1,,,,,0.012599,SMALL
ga,hfvrp_n030_m06_s02,30,6,0.100000,75,1168.988788,3459.604872,1514.949276,0.000000,,,0,1,,,,,1.945505,MEDIUM
ga,hfvrp_n030_m06_s04,30,6,0.100000,1788152009073337579,1283.027341,3301.635487,1613.190890,0.000000,,,0,1,,,,,5.789879,BIG
ga,hfvrp_n030_m06_s04,30,6,0.100000,1,1352.598563,4080.016745,1760.600237,0.000000,,,0,1,,,,,0.093998,DEFAULT
ga,hfvrp_n020_m04_s04,20,4,0.100000,19345,762.910606,2568.923363,1019.802943,0.000000,,,0,1,,,,,3.941710,BIG
ga,hfvrp_n030_m06_s04,30,6,0.100000,1,1456.223509,5417.201980,1997.943707,0.000000,,,0,1,,,,,0.011670,SMALL
ga,hfvrp_n020_m04_s04,20,4,0.100000,1788151199112875810,823.452707,2774.402665,1100.892974,0.000000,,,0,1,,,,,0.067451,DEFAULT
ga,hfvrp_n020_m04_s04,20,4,0.100000,1788151212069125022,845.025866,2870.600454,1132.085911,0.000000,,,0,1,,,,,0.007201,SMALL
ga,hfvrp_n020_m04_s05,20,4,0.100000,19345,727.713254,2436.422957,971.355550,0.000000,,,0,1,,,,,1.309567,MEDIUM
ga,hfvrp_n020_m04_s04,20,4,0.100000,1788151207789863658,762.910606,2568.923363,1019.802943,0.000000,,,0,1,,,,,1.304061,MEDIUM
ga,hfvrp_n030_m06_s04,30,6,0.100000,1,1340.059842,3266.200657,1666.679908,0.000000,,,0,1,,,,,1.952727,MEDIUM
ga,hfvrp_n030_m06_s03,30,6,0.100000,10,1214.677231,2852.980146,1499.975246,0.000000,,,0,1,,,,,5.782113,BIG
ga,hfvrp_n030_m06_s03,30,6,0.100000,50,1454.638281,3416.740890,1796.312370,0.000000,,,0,1,,,,,0.100001,DEFAULT
ga,hfvrp_n030_m06_s03,30,6,0.100000,50,1486.155853,3682.169870,1854.372840,0.000000,,,0,1,,,,,0.011680,SMALL
ga,hfvrp_n030_m06_s01,30,6,0.100000,200,1339.743981,3314.331127,1671.177093,0.000000,,,0,1,,,,,5.967280,BIG
ga,hfvrp_n030_m06_s01,30,6,0.100000,999,1427.342137,4496.352731,1876.977410,0.000000,,,0,1,,,,,0.099027,DEFAULT
ga,hfvrp_n030_m06_s01,30,6,0.100000,999,1461.420587,5874.026010,2048.823188,0.000000,,,0,1,,,,,0.015490,SMALL
ga,hfvrp_n020_m04_s05,20,4,0.100000,19345,727.713254,2436.422957,971.355550,0.000000,,,0,1,,,,,3.954297,BIG
ga,hfvrp_n020_m04_s05,20,4,0.100000,1788151366513877248,770.782865,2172.484091,988.031274,0.000000,,,0,1,,,,,0.069123,DEFAULT
ga,hfvrp_n020_m04_s05,20,4,0.100000,1788151388066267449,731.830371,2830.277840,1014.858155,0.000000,,,0,1,,,,,0.013160,SMALL
ga,hfvrp_n030_m06_s03,30,6,0.100000,50,1214.677231,2852.980146,1499.975246,0.000000,,,0,1,,,,,1.915986,MEDIUM
ga,hfvrp_n030_m06_s02,30,6,0.100000,75,1037.513477,3976.005142,1435.113991,0.000000,,,0,1,,,,,5.889851,BIG
ga,hfvrp_n030_m06_s02,30,6,0.100000,100,1222.167268,3337.587798,1555.926048,0.000000,,,0,1,,,,,0.099142,DEFAULT
ga,hfvrp_n030_m06_s02,30,6,0.100000,100,1212.262495,4669.710247,1679.233520,0.000000,,,0,1,,,,,0.016051,SMALL
ga,hfvrp_n020_m04_s04,20,4,0.100000,1788151217692297937,762.910606,2568.923363,1019.802943,0.000000,,,0,1,,,,,3.926968,BIG
ga,hfvrp_n030_m06_s01,30,6,0.100000,999,1304.842878,4179.841723,1722.827051,0.000000,,,0,1,,,,,1.971630,MEDIUM
ga,hfvrp_n030_m06_s05,30,6,0.100000,1788151561026633302,1228.013896,2417.905973,1469.804494,0.000000,,,0,1,,,,,0.101483,DEFAULT
ga,hfvrp_n030_m06_s05,30,6,0.100000,1788151565426540135,1249.057701,2802.052324,1529.262934,0.000000,,,0,1,,,,,0.011943,SMALL
ga,hfvrp_n020_m04_s05,20,4,0.100000,1788151392379251846,727.713254,2436.422957,971.355550,0.000000,,,0,1,,,,,1.316635,MEDIUM
ga,hfvrp_n030_m06_s02,30,6,0.100000,100,1148.143828,3581.172227,1506.261051,0.000000,,,0,1,,,,,1.965475,MEDIUM
ga,hfvrp_n030_m06_s04,30,6,0.100000,1,1197.160671,2199.172280,1417.077899,0.000000,,,0,1,,,,,5.940515,BIG
ga,hfvrp_n030_m06_s05,30,6,0.100000,1788151552556992119,1183.599645,2323.677168,1415.967362,0.000000,,,0,1,,,,,2.369719,MEDIUM
ga,hfvrp_n030_m06_s04,30,6,0.100000,10,1404.241917,3977.648916,1802.006809,0.000000,,,0,1,,,,,0.098502,DEFAULT
ga,hfvrp_n030_m06_s04,30,6,0.100000,10,1403.373519,4330.540037,1836.427523,0.000000,,,0,1,,,,,0.016564,SMALL
ga,hfvrp_n020_m04_s05,20,4,0.100000,1788151556913485302,727.713254,2436.422957,971.355550,0.000000,,,0,1,,,,,3.953366,BIG
ga,hfvrp_n050_m10_s01,50,10,0.100000,1788151453783502923,2512.538341,8642.909366,3376.829277,0.000000,,,0,1,,,,,0.165639,DEFAULT
ga,hfvrp_n050_m10_s01,50,10,0.100000,1788151449662690895,2842.035871,12044.390309,4046.474902,0.000000,,,0,1,,,,,0.025264,SMALL
ga,hfvrp_n030_m06_s04,30,6,0.100000,10,1193.138177,2792.526850,1472.390862,0.000000,,,0,1,,,,,1.957449,MEDIUM
ga,hfvrp_n030_m06_s03,30,6,0.100000,50,1214.677231,2852.980146,1499.975246,0.000000,,,0,1,,,,,5.838264,BIG
ga,hfvrp_n030_m06_s03,30,6,0.100000,75,1315.003188,2655.992463,1580.602434,0.000000,,,0,1,,,,,0.095574,DEFAULT
ga,hfvrp_n030_m06_s03,30,6,0.100000,75,1324.627941,2309.079366,1555.535877,0.000000,,,0,1,,,,,0.011569,SMALL
ga,hfvrp_n030_m06_s01,30,6,0.100000,999,1354.410752,3984.901142,1752.900866,0.000000,,,0,1,,,,,5.886983,BIG
ga,hfvrp_n030_m06_s01,30,6,0.100000,1234,1389.393256,4073.248961,1796.718152,0.000000,,,0,1,,,,,0.104154,DEFAULT
ga,hfvrp_n030_m06_s01,30,6,0.100000,1234,1494.508143,4251.239270,1919.632070,0.000000,,,0,1,,,,,0.015362,SMALL
ga,hfvrp_n030_m06_s03,30,6,0.100000,75,1214.677231,2852.980146,1499.975246,0.000000,,,0,1,,,,,1.921710,MEDIUM
ga,hfvrp_n030_m06_s02,30,6,0.100000,100,1186.126223,3604.073741,1546.533597,0.000000,,,0,1,,,,,5.891436,BIG
ga,hfvrp_n030_m06_s02,30,6,0.100000,200,1160.081027,3532.121685,1513.293195,0.000000,,,0,1,,,,,0.095989,DEFAULT
ga,hfvrp_n030_m06_s02,30,6,0.100000,200,1230.700246,3536.078205,1584.308067,0.000000,,,0,1,,,,,0.011188,SMALL
ga,hfvrp_n050_m10_s01,50,10,0.100000,1788151685917712739,2111.390448,9029.325006,3014.322949,0.000000,,,0,1,,,,,3.332624,MEDIUM
ga,hfvrp_n030_m06_s01,30,6,0.100000,1234,1303.125363,4160.652102,1719.190573,0.000000,,,0,1,,,,,1.967194,MEDIUM
ga,hfvrp_n030_m06_s05,30,6,0.100000,1788151524870492675,1178.709695,2269.479149,1405.657610,0.000000,,,0,1,,,,,5.968329,BIG
ga,hfvrp_n030_m06_s05,30,6,0.100000,1,1282.665942,3597.615413,1642.427483,0.000000,,,0,1,,,,,0.100124,DEFAULT
ga,hfvrp_n030_m06_s05,30,6,0.100000,1,1391.308711,4125.221535,1803.830865,0.000000,,,0,1,,,,,0.011164,SMALL
ga,hfvrp_n030_m06_s02,30,6,0.100000,200,1157.729818,3677.263021,1525.456120,0.000000,,,0,1,,,,,1.965689,MEDIUM
ga,hfvrp_n030_m06_s05,30,6,0.100000,1,1310.518084,4521.046333,1762.622717,0.000000,,,0,1,,,,,1.917121,MEDIUM
ga,hfvrp_n030_m06_s04,30,6,0.100000,10,1207.532226,2637.153524,1471.247578,0.000000,,,0,1,,,,,5.955700,BIG
ga,hfvrp_n030_m06_s04,30,6,0.100000,50,1352.598563,4080.016745,1760.600237,0.000000,,,0,1,,,,,0.098769,DEFAULT
ga,hfvrp_n030_m06_s04,30,6,0.100000,50,1393.681674,4173.088010,1810.990475,0.000000,,,0,1,,,,,0.015289,SMALL
ga,hfvrp_n030_m06_s04,30,6,0.100000,50,1196.002682,2793.959103,1475.398593,0.000000,,,0,1,,,,,1.969180,MEDIUM
ga,hfvrp_n030_m06_s03,30,6,0.100000,75,1214.677231,2852.980146,1499.975246,0.000000,,,0,1,,,,,5.790669,BIG
ga,hfvrp_n030_m06_s03,30,6,0.100000,100,1234.977752,2708.886068,1505.866358,0.000000,,,0,1,,,,,0.099106,DEFAULT
ga,hfvrp_n030_m06_s03,30,6,0.100000,100,1486.893700,3581.356806,1845.029380,0.000000,,,0,1,,,,,0.011204,SMALL
ga,hfvrp_n030_m06_s01,30,6,0.100000,1234,1370.874765,2915.286130,1662.403378,0.000000,,,0,1,,,,,5.848749,BIG
ga,hfvrp_n030_m06_s01,30,6,0.100000,9999,1269.562987,4289.797799,1698.542766,0.000000,,,0,1,,,,,0.094539,DEFAULT
ga,hfvrp_n030_m06_s01,30,6,0.100000,9999,1438.734616,6166.700571,2055.404673,0.000000,,,0,1,,,,,0.015140,SMALL
ga,hfvrp_n030_m06_s03,30,6,0.100000,100,1214.677231,2852.980146,1499.975246,0.000000,,,0,1,,,,,1.983184,MEDIUM
ga,hfvrp_n030_m06_s02,30,6,0.100000,200,1157.729818,3677.263021,1525.456120,0.000000,,,0,1,,,,,5.954413,BIG
ga,hfvrp_n030_m06_s02,30,6,0.100000,999,1237.718974,4101.853542,1647.904328,0.000000,,,0,1,,,,,0.094372,DEFAULT
ga,hfvrp_n030_m06_s02,30,6,0.100000,999,1235.378593,5567.016591,1792.080252,0.000000,,,0,1,,,,,0.015325,SMALL
ga,hfvrp_n030_m06_s01,30,6,0.100000,9999,1301.471678,4511.166536,1752.588331,0.000000,,,0,1,,,,,2.016271,MEDIUM
ga,hfvrp_n030_m06_s05,30,6,0.100000,1,1183.599645,2323.677168,1415.967362,0.000000,,,0,1,,,,,5.929639,BIG
ga,hfvrp_n030_m06_s05,30,6,0.100000,10,1317.087666,4511.655029,1768.253169,0.000000,,,0,1,,,,,0.092839,DEFAULT
ga,hfvrp_n030_m06_s05,30,6,0.100000,10,1398.455420,4972.366627,1895.692083,0.000000,,,0,1,,,,,0.015304,SMALL
ga,hfvrp_n030_m06_s02,30,6,0.100000,999,1157.729818,3677.263021,1525.456120,0.000000,,,0,1,,,,,1.974815,MEDIUM
ga,hfvrp_n050_m10_s01,50,10,0.100000,1788151586180109404,2180.061501,7931.449372,2973.206438,0.000000,,,0,1,,,,,10.026273,BIG
ga,hfvrp_n050_m10_s01,50,10,0.100000,1,2563.581859,7369.407401,3300.522599,0.000000,,,0,1,,,,,0.169314,DEFAULT
ga,hfvrp_n050_m10_s01,50,10,0.100000,1,2935.658885,12507.808358,4186.439720,0.000000,,,0,1,,,,,0.020807,SMALL
ga,hfvrp_n030_m06_s04,30,6,0.100000,50,1352.598563,4080.016745,1760.600237,0.000000,,,0,1,,,,,5.792548,BIG
ga,hfvrp_n030_m06_s05,30,6,0.100000,10,1183.599645,2323.677168,1415.967362,0.000000,,,0,1,,,,,1.952625,MEDIUM
ga,hfvrp_n030_m06_s04,30,6,0.100000,75,1432.718624,2289.214966,1661.640120,0.000000,,,0,1,,,,,0.101449,DEFAULT
ga,hfvrp_n030_m06_s04,30,6,0.100000,75,1661.982986,4370.671876,2099.050173,0.000000,,,0,1,,,,,0.011258,SMALL
ga,hfvrp_n030_m06_s04,30,6,0.100000,75,1207.532226,2637.153524,1471.247578,0.000000,,,0,1,,,,,1.984357,MEDIUM
ga,hfvrp_n030_m06_s03,30,6,0.100000,100,1214.677231,2852.980146,1499.975246,0.000000,,,0,1,,,,,5.803973,BIG
ga,hfvrp_n030_m06_s03,30,6,0.100000,200,1389.170911,3115.731943,1700.744105,0.000000,,,0,1,,,,,0.099332,DEFAULT
ga,hfvrp_n030_m06_s03,30,6,0.100000,200,1458.489159,3402.260297,1798.715189,0.000000,,,0,1,,,,,0.017200,SMALL
ga,hfvrp_n050_m10_s01,50,10,0.100000,1,2203.488879,9403.014231,3143.790302,0.000000,,,0,1,,,,,3.330521,MEDIUM
ga,hfvrp_n030_m06_s01,30,6,0.100000,9999,1338.386974,3929.678411,1731.354815,0.000000,,,0,1,,,,,5.974071,BIG
ga,hfvrp_n030_m06_s01,30,6,0.100000,19345,1308.229693,4186.853543,1726.915048,0.000000,,,0,1,,,,,0.098088,DEFAULT
ga,hfvrp_n030_m06_s01,30,6,0.100000,19345,1472.440637,5977.415719,2070.182209,0.000000,,,0,1,,,,,0.011613,SMALL
ga,hfvrp_n030_m06_s03,30,6,0.100000,200,1214.677231,2852.980146,1499.975246,0.000000,,,0,1,,,,,1.914985,MEDIUM
ga,hfvrp_n030_m06_s02,30,6,0.100000,999,1186.126223,3604.073741,1546.533597,0.000000,,,0,1,,,,,5.936191,BIG
ga,hfvrp_n030_m06_s02,30,6,0.100000,1234,1242.050297,3946.329943,1636.683291,0.000000,,,0,1,,,,,0.100105,DEFAULT
ga,hfvrp_n030_m06_s02,30,6,0.100000,1234,1205.647100,3892.213522,1594.868452,0.000000,,,0,1,,,,,0.011683,SMALL
ga,hfvrp_n030_m06_s01,30,6,0.100000,19345,1330.204896,4342.968570,1764.501753,0.000000,,,0,1,,,,,1.938626,MEDIUM
ga,hfvrp_n030_m06_s05,30,6,0.100000,10,1212.743571,2328.139730,1445.557544,0.000000,,,0,1,,,,,5.948939,BIG
ga,hfvrp_n030_m06_s05,30,6,0.100000,50,1343.256419,2710.925298,1614.348948,0.000000,,,0,1,,,,,0.099095,DEFAULT
ga,hfvrp_n030_m06_s05,30,6,0.100000,50,1489.674416,5909.638784,2080.638295,0.000000,,,0,1,,,,,0.011079,SMALL
ga,hfvrp_n030_m06_s02,30,6,0.100000,1234,1140.592383,3549.931587,1495.585542,0.000000,,,0,1,,,,,1.957499,MEDIUM
ga,hfvrp_n030_m06_s05,30,6,0.100000,50,1254.224916,2395.588607,1493.783777,0.000000,,,0,1,,,,,1.960475,MEDIUM
ga,hfvrp_n030_m06_s04,30,6,0.100000,75,1193.138177,2792.526850,1472.390862,0.000000,,,0,1,,,,,5.931337,BIG
ga,hfvrp_n030_m06_s04,30,6,0.100000,100,1234.647230,2799.535445,1514.600774,0.000000,,,0,1,,,,,0.096535,DEFAULT
ga,hfvrp_n030_m06_s04,30,6,0.100000,100,1326.642818,4130.739869,1739.716805,0.000000,,,0,1,,,,,0.011367,SMALL
ga,hfvrp_n030_m06_s04,30,6,0.100000,100,1193.138177,2792.526850,1472.390862,0.000000,,,0,1,,,,,1.964272,MEDIUM
ga,hfvrp_n030_m06_s03,30,6,0.100000,200,1214.677231,2852.980146,1499.975246,0.000000,,,0,1,,,,,5.816609,BIG
ga,hfvrp_n030_m06_s03,30,6,0.100000,999,1214.677231,2852.980146,1499.975246,0.000000,,,0,1,,,,,0.100202,DEFAULT
ga,hfvrp_n030_m06_s03,30,6,0.100000,999,1466.359838,3450.945226,1811.454360,0.000000,,,0,1,,,,,0.011130,SMALL
ga,hfvrp_n030_m06_s01,30,6,0.100000,19345,1245.295122,4235.289401,1668.824062,0.000000,,,0,1,,,,,5.898831,BIG
ga,hfvrp_n030_m06_s01,30,6,0.100000,1787988219273135344,1393.156607,4415.510477,1834.707654,0.000000,,,0,1,,,,,0.101902,DEFAULT
ga,hfvrp_n030_m06_s01,30,6,0.100000,1787988215083629768,1432.659652,4210.185945,1853.678246,0.000000,,,0,1,,,,,0.011857,SMALL
ga,hfvrp_n030_m06_s03,30,6,0.100000,999,1214.677231,2852.980146,1499.975246,0.000000,,,0,1,,,,,1.926083,MEDIUM
ga,hfvrp_n030_m06_s02,30,6,0.100000,1234,1037.513477,3976.005142,1435.113991,0.000000,,,0,1,,,,,5.835899,BIG
ga,hfvrp_n050_m10_s01,50,10,0.100000,1,2234.828635,9038.559335,3138.684568,0.000000,,,0,1,,,,,10.257134,BIG
ga,hfvrp_n030_m06_s02,30,6,0.100000,9999,1238.339906,4178.119988,1656.151905,0.000000,,,0,1,,,,,0.103499,DEFAULT
ga,hfvrp_n030_m06_s02,30,6,0.100000,9999,1223.319939,4939.025471,1717.222486,0.000000,,,0,1,,,,,0.011256,SMALL
ga,hfvrp_n030_m06_s01,30,6,0.100000,1787988227983802839,1341.237362,4019.891081,1743.226470,0.000000,,,0,1,,,,,1.945395,MEDIUM
ga,hfvrp_n050_m10_s01,50,10,0.100000,10,2277.014861,9371.546458,3214.169507,0.000000,,,0,1,,,,,0.166696,DEFAULT
ga,hfvrp_n050_m10_s01,50,10,0.100000,10,2796.828885,11668.131460,3963.642031,0.000000,,,0,1,,,,,0.020243,SMALL
ga,hfvrp_n030_m06_s05,30,6,0.100000,50,1268.302874,2692.134248,1537.516299,0.000000,,,0,1,,,,,5.949935,BIG
ga,hfvrp_n030_m06_s05,30,6,0.100000,75,1282.592008,4437.102481,1726.302256,0.000000,,,0,1,,,,,0.100333,DEFAULT
ga,hfvrp_n030_m06_s05,30,6,0.100000,75,1380.677925,3614.064716,1742.084397,0.000000,,,0,1,,,,,0.016718,SMALL
ga,hfvrp_n030_m06_s02,30,6,0.100000,9999,1165.767932,3264.202460,1492.188178,0.000000,,,0,1,,,,,1.996947,MEDIUM
ga,hfvrp_n030_m06_s05,30,6,0.100000,75,1225.744061,3631.325381,1588.876599,0.000000,,,0,1,,,,,1.925846,MEDIUM
ga,hfvrp_n030_m06_s04,30,6,0.100000,100,1175.016541,2299.394752,1404.956016,0.000000,,,0,1,,,,,5.934914,BIG
ga,hfvrp_n030_m06_s04,30,6,0.100000,200,1210.396731,3058.079554,1516.204687,0.000000,,,0,1,,,,,0.097482,DEFAULT
ga,hfvrp_n030_m06_s04,30,6,0.100000,200,1370.104500,4079.886627,1778.093163,0.000000,,,0,1,,,,,0.011098,SMALL
ga,hfvrp_n050_m10_s01,50,10,0.100000,10,2147.798522,9569.329736,3104.731496,0.000000,,,0,1,,,,,3.328536,MEDIUM
ga,hfvrp_n030_m06_s04,30,6,0.100000,200,1196.002682,2793.959103,1475.398593,0.000000,,,0,1,,,,,1.951399,MEDIUM
ga,hfvrp_n030_m06_s03,30,6,0.100000,999,1214.677231,2852.980146,1499.975246,0.000000,,,0,1,,,,,5.814101,BIG
ga,hfvrp_n030_m06_s03,30,6,0.100000,1234,1214.677231,2852.980146,1499.975246,0.000000,,,0,1,,,,,0.099706,DEFAULT
ga,hfvrp_n030_m06_s03,30,6,0.100000,1234,1312.022867,2757.144372,1587.737304,0.000000,,,0,1,,,,,0.012011,SMALL
ga,hfvrp_n030_m06_s01,30,6,0.100000,1787988285767524379,1357.946908,4117.081218,1769.655030,0.000000,,,0,1,,,,,5.908194,BIG
ga,hfvrp_n050_m10_s02,50,10,0.100000,1787987347229852539,2477.872032,13559.640229,3833.836055,0.000000,,,0,1,,,,,0.166986,DEFAULT
ga,hfvrp_n050_m10_s02,50,10,0.100000,1787987377465257782,2841.866351,15214.035300,4363.269881,0.000000,,,0,1,,,,,0.021720,SMALL
ga,hfvrp_n030_m06_s03,30,6,0.100000,1234,1214.677231,2852.980146,1499.975246,0.000000,,,0,1,,,,,1.919202,MEDIUM
ga,hfvrp_n030_m06_s02,30,6,0.100000,9999,1037.513477,3976.005142,1435.113991,0.000000,,,0,1,,,,,5.856655,BIG
ga,hfvrp_n030_m06_s02,30,6,0.100000,19345,1182.082034,4110.022754,1593.084310,0.000000,,,0,1,,,,,0.100876,DEFAULT
ga,hfvrp_n030_m06_s02,30,6,0.100000,19345,1229.241968,3702.610900,1599.503058,0.000000,,,0,1,,,,,0.011399,SMALL
ga,hfvrp_n030_m06_s05,30,6,0.100000,75,1183.599645,2323.677168,1415.967362,0.000000,,,0,1,,,,,5.930492,BIG
ga,hfvrp_n030_m06_s05,30,6,0.100000,100,1264.429573,4176.891349,1682.118708,0.000000,,,0,1,,,,,0.098678,DEFAULT
ga,hfvrp_n030_m06_s05,30,6,0.100000,100,1365.005636,4791.263270,1844.131963,0.000000,,,0,1,,,,,0.014110,SMALL
ga,hfvrp_n030_m06_s02,30,6,0.100000,19345,1148.143828,3581.172227,1506.261051,0.000000,,,0,1,,,,,1.954419,MEDIUM
ga,hfvrp_n050_m10_s02,50,10,0.100000,1787987373200468699,2287.006542,10052.855919,3292.292133,0.000000,,,0,1,,,,,3.385063,MEDIUM
ga,hfvrp_n030_m06_s05,30,6,0.100000,100,1212.743571,2328.139730,1445.557544,0.000000,,,0,1,,,,,1.968984,MEDIUM
ga,hfvrp_n030_m06_s04,30,6,0.100000,200,1215.282306,2692.304377,1484.512744,0.000000,,,0,1,,,,,5.937948,BIG
ga,hfvrp_n030_m06_s04,30,6,0.100000,999,1447.454284,4989.994754,1946.453760,0.000000,,,0,1,,,,,0.094592,DEFAULT
ga,hfvrp_n030_m06_s04,30,6,0.100000,999,1717.832366,4289.627361,2146.795102,0.000000,,,0,1,,,,,0.011075,SMALL
ga,hfvrp_n030_m06_s03,30,6,0.100000,1234,1214.677231,2852.980146,1499.975246,0.000000,,,0,1,,,,,5.799640,BIG
ga,hfvrp_n030_m06_s04,30,6,0.100000,999,1283.027341,3301.635487,1613.190890,0.000000,,,0,1,,,,,1.922165,MEDIUM
ga,hfvrp_n030_m06_s03,30,6,0.100000,9999,1360.485810,3253.619053,1685.847715,0.000000,,,0,1,,,,,0.101070,DEFAULT
ga,hfvrp_n030_m06_s03,30,6,0.100000,9999,1214.677231,2852.980146,1499.975246,0.000000,,,0,1,,,,,0.015156,SMALL
ga,hfvrp_n050_m10_s01,50,10,0.100000,10,2203.488879,9403.014231,3143.790302,0.000000,,,0,1,,,,,10.131201,BIG
ga,hfvrp_n050_m10_s01,50,10,0.100000,50,2192.492434,9467.845269,3139.276960,0.000000,,,0,1,,,,,0.168146,DEFAULT
ga,hfvrp_n050_m10_s01,50,10,0.100000,50,2437.842345,11151.036558,3552.946000,0.000000,,,0,1,,,,,0.021632,SMALL
ga,hfvrp_n030_m06_s03,30,6,0.100000,9999,1214.677231,2852.980146,1499.975246,0.000000,,,0,1,,,,,1.922207,MEDIUM
ga,hfvrp_n030_m06_s02,30,6,0.100000,19345,1148.143828,3581.172227,1506.261051,0.000000,,,0,1,,,,,5.923250,BIG
ga,hfvrp_n030_m06_s02,30,6,0.100000,1787987859325487965,1157.729818,3677.263021,1525.456120,0.000000,,,0,1,,,,,0.099784,DEFAULT
ga,hfvrp_n030_m06_s02,30,6,0.100000,1787987863723712553,1238.319437,4255.297790,1663.849216,0.000000,,,0,1,,,,,0.011827,SMALL
ga,hfvrp_n030_m06_s05,30,6,0.100000,100,1217.939940,2672.079149,1485.147855,0.000000,,,0,1,,,,,5.951794,BIG
ga,hfvrp_n030_m06_s05,30,6,0.100000,200,1219.313153,2331.887590,1452.501912,0.000000,,,0,1,,,,,0.101480,DEFAULT
ga,hfvrp_n030_m06_s05,30,6,0.100000,200,1377.296150,4333.353228,1810.631473,0.000000,,,0,1,,,,,0.011933,SMALL
ga,hfvrp_n050_m10_s01,50,10,0.100000,50,2200.117294,9211.801884,3121.297482,0.000000,,,0,1,,,,,3.320197,MEDIUM
ga,hfvrp_n030_m06_s02,30,6,0.100000,1787987850854037784,1186.126223,3604.073741,1546.533597,0.000000,,,0,1,,,,,1.948361,MEDIUM
ga,hfvrp_n030_m06_s05,30,6,0.100000,200,1183.599645,2323.677168,1415.967362,0.000000,,,0,1,,,,,1.946854,MEDIUM
ga,hfvrp_n030_m06_s04,30,6,0.100000,999,1193.138177,2792.526850,1472.390862,0.000000,,,0,1,,,,,5.948491,BIG
ga,hfvrp_n030_m06_s04,30,6,0.100000,1234,1348.989459,4387.342580,1787.723717,0.000000,,,0,1,,,,,0.098104,DEFAULT
ga,hfvrp_n030_m06_s04,30,6,0.100000,1234,1446.526722,4058.439017,1852.370624,0.000000,,,0,1,,,,,0.011497,SMALL
ga,hfvrp_n050_m10_s02,50,10,0.100000,1787987458198784958,2128.098719,10510.497280,3179.148447,0.000000,,,0,1,,,,,10.298080,BIG
ga,hfvrp_n050_m10_s02,50,10,0.100000,1,2346.669346,13369.821485,3683.651495,0.000000,,,0,1,,,,,0.163738,DEFAULT
ga,hfvrp_n050_m10_s02,50,10,0.100000,1,2853.875344,14745.764212,4328.451765,0.000000,,,0,1,,,,,0.021296,SMALL
ga,hfvrp_n030_m06_s03,30,6,0.100000,9999,1214.677231,2852.980146,1499.975246,0.000000,,,0,1,,,,,5.863306,BIG
ga,hfvrp_n030_m06_s03,30,6,0.100000,19345,1214.677231,2852.980146,1499.975246,0.000000,,,0,1,,,,,0.099818,DEFAULT
ga,hfvrp_n030_m06_s04,30,6,0.100000,1234,1196.002682,2793.959103,1475.398593,0.000000,,,0,1,,,,,1.960639,MEDIUM
ga,hfvrp_n030_m06_s03,30,6,0.100000,19345,1316.729154,2873.904239,1604.119577,0.000000,,,0,1,,,,,0.016282,SMALL
ga,hfvrp_n030_m06_s03,30,6,0.100000,19345,1214.677231,2852.980146,1499.975246,0.000000,,,0,1,,,,,1.950618,MEDIUM
ga,hfvrp_n030_m06_s02,30,6,0.100000,1787987616582904365,1131.006394,3453.840792,1476.390473,0.000000,,,0,1,,,,,5.855477,BIG
ga,hfvrp_n050_m10_s02,50,10,0.100000,1,2280.887276,11698.971615,3450.784438,0.000000,,,0,1,,,,,3.346003,MEDIUM
ga,hfvrp_n050_m10_s03,50,10,0.100000,1787986926986133914,2215.442220,11575.460439,3372.988263,0.000000,,,0,1,,,,,0.172615,DEFAULT
ga,hfvrp_n050_m10_s03,50,10,0.100000,1787986935752303118,2389.979069,15109.662671,3900.945336,0.000000,,,0,1,,,,,0.020602,SMALL
ga,hfvrp_n030_m06_s05,30,6,0.100000,200,1183.599645,2323.677168,1415.967362,0.000000,,,0,1,,,,,5.929246,BIG
ga,hfvrp_n030_m06_s05,30,6,0.100000,999,1317.087666,4511.655029,1768.253169,0.000000,,,0,1,,,,,0.098032,DEFAULT
ga,hfvrp_n030_m06_s05,30,6,0.100000,999,1316.174594,5103.502432,1826.524838,0.000000,,,0,1,,,,,0.011001,SMALL
ga,hfvrp_n030_m06_s05,30,6,0.100000,999,1183.599645,2323.677168,1415.967362,0.000000,,,0,1,,,,,1.945713,MEDIUM
ga,hfvrp_n030_m06_s04,30,6,0.100000,1234,1193.138177,2792.526850,1472.390862,0.000000,,,0,1,,,,,5.964915,BIG
ga,hfvrp_n030_m06_s04,30,6,0.100000,9999,1306.891493,4317.495231,1738.641016,0.000000,,,0,1,,,,,0.099351,DEFAULT
ga,hfvrp_n030_m06_s04,30,6,0.100000,9999,1604.894501,4563.958045,2061.290305,0.000000,,,0,1,,,,,0.015910,SMALL
ga,hfvrp_n050_m10_s01,50,10,0.100000,50,2176.631161,9438.208172,3120.451978,0.000000,,,0,1,,,,,9.977949,BIG
ga,hfvrp_n050_m10_s03,50,10,0.100000,1787986940076374690,2086.087612,9362.690193,3022.356631,0.000000,,,0,1,,,,,3.386112,MEDIUM
ga,hfvrp_n050_m10_s01,50,10,0.100000,75,2545.970744,9850.747754,3531.045520,0.000000,,,0,1,,,,,0.162823,DEFAULT
ga,hfvrp_n050_m10_s01,50,10,0.100000,75,3142.742644,8033.111936,3946.053838,0.000000,,,0,1,,,,,0.027472,SMALL
ga,hfvrp_n030_m06_s03,30,6,0.100000,19345,1214.677231,2852.980146,1499.975246,0.000000,,,0,1,,,,,5.839209,BIG
ga,hfvrp_n030_m06_s03,30,6,0.100000,1787986790107296724,1214.677231,2852.980146,1499.975246,0.000000,,,0,1,,,,,0.097858,DEFAULT
ga,hfvrp_n030_m06_s03,30,6,0.100000,1787986785917508753,1522.340989,4298.612361,1952.202226,0.000000,,,0,1,,,,,0.015652,SMALL
ga,hfvrp_n030_m06_s04,30,6,0.100000,9999,1364.605237,3658.648550,1730.470092,0.000000,,,0,1,,,,,1.948355,MEDIUM
ga,hfvrp_n030_m06_s03,30,6,0.100000,1787986798821827333,1214.677231,2852.980146,1499.975246,0.000000,,,0,1,,,,,1.917635,MEDIUM
ga,hfvrp_n050_m10_s01,50,10,0.100000,75,2119.282357,8950.657253,3014.348082,0.000000,,,0,1,,,,,3.335028,MEDIUM
ga,hfvrp_n030_m06_s05,30,6,0.100000,999,1183.599645,2323.677168,1415.967362,0.000000,,,0,1,,,,,5.941520,BIG
ga,hfvrp_n030_m06_s05,30,6,0.100000,1234,1285.538260,3597.590632,1645.297323,0.000000,,,0,1,,,,,0.097353,DEFAULT
ga,hfvrp_n030_m06_s05,30,6,0.100000,1234,1384.322371,5086.991326,1893.021504,0.000000,,,0,1,,,,,0.010701,SMALL
ga,hfvrp_n050_m10_s02,50,10,0.100000,1,2317.461081,9777.458727,3295.206954,0.000000,,,0,1,,,,,10.339186,BIG
ga,hfvrp_n030_m06_s05,30,6,0.100000,1234,1310.518084,4521.046333,1762.622717,0.000000,,,0,1,,,,,1.926028,MEDIUM
ga,hfvrp_n050_m10_s02,50,10,0.100000,10,2638.824219,12855.192077,3924.343426,0.000000,,,0,1,,,,,0.165710,DEFAULT
ga,hfvrp_n050_m10_s02,50,10,0.100000,10,3333.419719,20289.189845,5362.338704,0.000000,,,0,1,,,,,0.020417,SMALL
ga,hfvrp_n030_m06_s04,30,6,0.100000,9999,1175.016541,2299.394752,1404.956016,0.000000,,,0,1,,,,,5.917525,BIG
ga,hfvrp_n030_m06_s04,30,6,0.100000,19345,1445.444903,5355.674874,1981.012390,0.000000,,,0,1,,,,,0.093303,DEFAULT
ga,hfvrp_n030_m06_s04,30,6,0.100000,19345,1511.602270,4266.280579,1938.230328,0.000000,,,0,1,,,,,0.011046,SMALL
ga,hfvrp_n030_m06_s03,30,6,0.100000,1787986809337097224,1214.677231,2852.980146,1499.975246,0.000000,,,0,1,,,,,5.818743,BIG
ga,hfvrp_n050_m10_s04,50,10,0.100000,1787987292195213279,2578.244997,9510.672653,3529.312262,0.000000,,,0,1,,,,,0.170142,DEFAULT
ga,hfvrp_n050_m10_s04,50,10,0.100000,1787987322438817710,2898.332831,17420.154788,4640.348309,0.000000,,,0,1,,,,,0.025095,SMALL
ga,hfvrp_n030_m06_s04,30,6,0.100000,19345,1196.002682,2793.959103,1475.398593,0.000000,,,0,1,,,,,1.977954,MEDIUM
ga,hfvrp_n050_m10_s03,50,10,0.100000,1787986827507117725,2088.276261,7453.172005,2833.593461,0.000000,,,0,1,,,,,10.300405,BIG
ga,hfvrp_n050_m10_s02,50,10,0.100000,10,2324.210970,9914.094452,3315.620416,0.000000,,,0,1,,,,,3.392877,MEDIUM
ga,hfvrp_n050_m10_s03,50,10,0.100000,1,2312.342573,12114.757543,3523.818327,0.000000,,,0,1,,,,,0.164452,DEFAULT
ga,hfvrp_n050_m10_s03,50,10,0.100000,1,2293.551971,13530.276185,3646.579589,0.000000,,,0,1,,,,,0.026745,SMALL
ga,hfvrp_n050_m10_s04,50,10,0.100000,1787987318172629939,2227.087211,9931.139391,3220.201150,0.000000,,,0,1,,,,,3.408770,MEDIUM
ga,hfvrp_n030_m06_s05,30,6,0.100000,1234,1183.599645,2323.677168,1415.967362,0.000000,,,0,1,,,,,5.927994,BIG
ga,hfvrp_n030_m06_s05,30,6,0.100000,9999,1425.355406,2343.263143,1659.681721,0.000000,,,0,1,,,,,0.100148,DEFAULT
ga,hfvrp_n030_m06_s05,30,6,0.100000,9999,1333.635941,2600.182060,1593.654148,0.000000,,,0,1,,,,,0.011933,SMALL
ga,hfvrp_n050_m10_s01,50,10,0.100000,75,2209.523362,9596.737978,3169.197160,0.000000,,,0,1,,,,,10.036930,BIG
ga,hfvrp_n050_m10_s01,50,10,0.100000,100,2618.175523,7618.578523,3380.033376,0.000000,,,0,1,,,,,0.171328,DEFAULT
ga,hfvrp_n050_m10_s01,50,10,0.100000,100,2653.460127,11981.001022,3851.560229,0.000000,,,0,1,,,,,0.020424,SMALL
ga,hfvrp_n050_m10_s03,50,10,0.100000,1,2013.898476,8758.964201,2889.794896,0.000000,,,0,1,,,,,3.375778,MEDIUM
ga,hfvrp_n030_m06_s05,30,6,0.100000,9999,1287.728235,2019.548086,1489.683043,0.000000,,,0,1,,,,,1.964913,MEDIUM
ga,hfvrp_n030_m06_s04,30,6,0.100000,19345,1231.488549,2550.625442,1486.551093,0.000000,,,0,1,,,,,5.959122,BIG
ga,hfvrp_n030_m06_s04,30,6,0.100000,1787987156772326820,1352.598563,4080.016745,1760.600237,0.000000,,,0,1,,,,,0.093660,DEFAULT
ga,hfvrp_n030_m06_s04,30,6,0.100000,1787987161169463850,1429.200175,3994.081523,1828.608328,0.000000,,,0,1,,,,,0.016178,SMALL
ga,hfvrp_n050_m10_s01,50,10,0.100000,100,2123.119373,8990.690561,3022.188429,0.000000,,,0,1,,,,,3.315528,MEDIUM
ga,hfvrp_n030_m06_s04,30,6,0.100000,1787987165485760117,1196.002682,2793.959103,1475.398593,0.000000,,,0,1,,,,,1.958083,MEDIUM
ga,hfvrp_n050_m10_s02,50,10,0.100000,10,2302.801505,9914.589247,3294.260429,0.000000,,,0,1,,,,,10.219131,BIG
ga,hfvrp_n030_m06_s05,30,6,0.100000,9999,1182.568778,3601.767116,1542.745489,0.000000,,,0,1,,,,,5.770290,BIG
ga,hfvrp_n030_m06_s05,30,6,0.100000,19345,1190.169227,2327.425028,1422.911730,0.000000,,,0,1,,,,,0.101432,DEFAULT
ga,hfvrp_n030_m06_s05,30,6,0.100000,19345,1343.689114,4608.425275,1804.531641,0.000000,,,0,1,,,,,0.015127,SMALL
ga,hfvrp_n050_m10_s02,50,10,0.100000,50,2354.658149,12931.653276,3647.823476,0.000000,,,0,1,,,,,0.165650,DEFAULT
ga,hfvrp_n050_m10_s02,50,10,0.100000,50,2960.485069,16070.724410,4567.557510,0.000000,,,0,1,,,,,0.020994,SMALL
ga,hfvrp_n030_m06_s05,30,6,0.100000,19345,1183.599645,2323.677168,1415.967362,0.000000,,,0,1,,,,,1.955446,MEDIUM
ga,hfvrp_n050_m10_s04,50,10,0.100000,1787987278635587716,2198.807075,8417.444157,3040.551491,0.000000,,,0,1,,,,,10.349968,BIG
ga,hfvrp_n030_m06_s04,30,6,0.100000,1787987141681726617,1193.138177,2792.526850,1472.390862,0.000000,,,0,1,,,,,5.918751,BIG
ga,hfvrp_n050_m10_s04,50,10,0.100000,1,2232.233733,10557.722616,3288.005994,0.000000,,,0,1,,,,,0.172400,DEFAULT
ga,hfvrp_n050_m10_s04,50,10,0.100000,1,2455.307995,11685.223182,3623.830314,0.000000,,,0,1,,,,,0.021863,SMALL
ga,hfvrp_n050_m10_s05,50,10,0.100000,1787986443471604725,2839.556321,10465.789469,3886.135267,0.000000,,,0,1,,,,,0.167567,DEFAULT
ga,hfvrp_n050_m10_s05,50,10,0.100000,1787986447942688950,3142.955826,13947.514454,4537.707271,0.000000,,,0,1,,,,,0.025185,SMALL
ga,hfvrp_n050_m10_s03,50,10,0.100000,1,2085.678889,9022.653186,2987.944208,0.000000,,,0,1,,,,,10.088776,BIG
ga,hfvrp_n050_m10_s03,50,10,0.100000,10,2231.683677,11473.569232,3379.040600,0.000000,,,0,1,,,,,0.166794,DEFAULT
ga,hfvrp_n050_m10_s03,50,10,0.100000,10,2761.914423,12524.068967,4014.321320,0.000000,,,0,1,,,,,0.020151,SMALL
ga,hfvrp_n050_m10_s02,50,10,0.100000,50,2220.062401,11014.079658,3321.470367,0.000000,,,0,1,,,,,3.339937,MEDIUM
ga,hfvrp_n050_m10_s04,50,10,0.100000,1,2223.050565,11128.343220,3335.884887,0.000000,,,0,1,,,,,3.423982,MEDIUM
ga,hfvrp_n050_m10_s01,50,10,0.100000,100,2147.798522,9470.864552,3094.884978,0.000000,,,0,1,,,,,10.126844,BIG
ga,hfvrp_n050_m10_s05,50,10,0.100000,1787986435086596841,2277.644062,8674.947761,3145.138838,0.000000,,,0,1,,,,,3.354000,MEDIUM
ga,hfvrp_n050_m10_s01,50,10,0.100000,200,2477.262456,7595.408065,3236.803263,0.000000,,,0,1,,,,,0.167335,DEFAULT
ga,hfvrp_n050_m10_s01,50,10,0.100000,200,2557.084659,9895.592537,3546.643913,0.000000,,,0,1,,,,,0.022041,SMALL
ga,hfvrp_n050_m10_s03,50,10,0.100000,10,2123.605246,10532.483062,3176.853552,0.000000,,,0,1,,,,,3.371603,MEDIUM
ga,hfvrp_n030_m06_s05,30,6,0.100000,19345,1268.302874,2692.134248,1537.516299,0.000000,,,0,1,,,,,5.881343,BIG
ga,hfvrp_n030_m06_s05,30,6,0.100000,1787986341300099852,1317.087666,4511.655029,1768.253169,0.000000,,,0,1,,,,,0.099680,DEFAULT
ga,hfvrp_n030_m06_s05,30,6,0.100000,1787986337112760727,1360.712798,4838.843523,1844.597150,0.000000,,,0,1,,,,,0.014980,SMALL
ga,hfvrp_n050_m10_s01,50,10,0.100000,200,2211.576362,9164.962816,3128.072644,0.000000,,,0,1,,,,,3.329779,MEDIUM
ga,hfvrp_n030_m06_s05,30,6,0.100000,1787986332837500414,1240.994129,3034.166727,1544.410802,0.000000,,,0,1,,,,,1.918744,MEDIUM
ga,hfvrp_n050_m10_s02,50,10,0.100000,50,2366.190051,9162.871931,3282.477244,0.000000,,,0,1,,,,,10.409470,BIG
ga,hfvrp_n050_m10_s02,50,10,0.100000,75,2295.368741,12111.311949,3506.499936,0.000000,,,0,1,,,,,0.172812,DEFAULT
ga,hfvrp_n050_m10_s02,50,10,0.100000,75,2913.089543,14223.262788,4335.415822,0.000000,,,0,1,,,,,0.026935,SMALL
ga,hfvrp_n030_m06_s05,30,6,0.100000,1787986266045404836,1212.743571,2328.139730,1445.557544,0.000000,,,0,1,,,,,5.905484,BIG
ga,hfvrp_n050_m10_s04,50,10,0.100000,1,2130.651550,9645.566798,3095.208230,0.000000,,,0,1,,,,,10.278115,BIG
ga,hfvrp_n050_m10_s05,50,10,0.100000,1787986240881031221,2408.230872,8262.046265,3234.435499,0.000000,,,0,1,,,,,10.136843,BIG
ga,hfvrp_n050_m10_s04,50,10,0.100000,10,2305.232700,12946.166607,3599.849361,0.000000,,,0,1,,,,,0.168164,DEFAULT
ga,hfvrp_n050_m10_s04,50,10,0.100000,10,2871.683152,13157.650416,4187.448194,0.000000,,,0,1,,,,,0.021519,SMALL
ga,hfvrp_n050_m10_s05,50,10,0.100000,1,2272.863304,11083.476508,3381.210955,0.000000,,,0,1,,,,,0.168754,DEFAULT
ga,hfvrp_n050_m10_s05,50,10,0.100000,1,2821.414671,12388.726707,4060.287342,0.000000,,,0,1,,,,,0.021202,SMALL
ga,hfvrp_n050_m10_s03,50,10,0.100000,10,2021.601389,8988.423456,2920.443734,0.000000,,,0,1,,,,,10.180935,BIG
ga,hfvrp_n075_m15_s01,75,15,0.100000,1787986698159207755,4684.147008,11897.147869,5873.861795,0.000000,,,0,1,,,,,0.265018,DEFAULT
ga,hfvrp_n075_m15_s01,75,15,0.100000,1787986573878858301,5852.816869,14456.150018,7298.431871,0.000000,,,0,1,,,,,0.041654,SMALL
ga,hfvrp_n050_m10_s03,50,10,0.100000,50,2345.549041,10015.773076,3347.126348,0.000000,,,0,1,,,,,0.169685,DEFAULT
ga,hfvrp_n050_m10_s03,50,10,0.100000,50,2711.281481,17288.691041,4440.150585,0.000000,,,0,1,,,,,0.020462,SMALL
ga,hfvrp_n050_m10_s02,50,10,0.100000,75,2242.285520,12411.293318,3483.414852,0.000000,,,0,1,,,,,3.406869,MEDIUM
ga,hfvrp_n050_m10_s01,50,10,0.100000,200,2203.488879,9403.014231,3143.790302,0.000000,,,0,1,,,,,10.155537,BIG
ga,hfvrp_n050_m10_s04,50,10,0.100000,10,2088.153097,9796.314653,3067.784562,0.000000,,,0,1,,,,,3.366488,MEDIUM
ga,hfvrp_n050_m10_s05,50,10,0.100000,1,2263.377476,9553.590930,3218.736569,0.000000,,,0,1,,,,,3.329389,MEDIUM
ga,hfvrp_n050_m10_s01,50,10,0.100000,999,2326.884611,7939.852176,3120.869829,0.000000,,,0,1,,,,,0.163254,DEFAULT
ga,hfvrp_n050_m10_s01,50,10,0.100000,999,3104.065811,8032.928700,3907.358681,0.000000,,,0,1,,,,,0.022795,SMALL
ga,hfvrp_n050_m10_s03,50,10,0.100000,50,2061.152208,10131.959319,3074.348140,0.000000,,,0,1,,,,,3.413013,MEDIUM
ga,hfvrp_n075_m15_s01,75,15,0.100000,1787986586809179588,3417.960735,6157.947094,4033.755445,0.000000,,,0,1,,,,,5.421401,MEDIUM
ga,hfvrp_n050_m10_s01,50,10,0.100000,999,2147.798522,9487.323710,3096.530893,0.000000,,,0,1,,,,,3.286278,MEDIUM
ga,hfvrp_n050_m10_s02,50,10,0.100000,75,2288.161523,9793.089158,3267.470439,0.000000,,,0,1,,,,,10.269761,BIG
ga,hfvrp_n050_m10_s02,50,10,0.100000,100,2273.923836,12399.487996,3513.872635,0.000000,,,0,1,,,,,0.168217,DEFAULT
ga,hfvrp_n050_m10_s02,50,10,0.100000,100,2860.703792,17269.708512,4587.674643,0.000000,,,0,1,,,,,0.021227,SMALL
ga,hfvrp_n050_m10_s04,50,10,0.100000,10,2322.982620,7929.996367,3115.982256,0.000000,,,0,1,,,,,10.259003,BIG
ga,hfvrp_n050_m10_s05,50,10,0.100000,1,2227.340199,8150.511890,3042.391388,0.000000,,,0,1,,,,,10.376187,BIG
ga,hfvrp_n050_m10_s04,50,10,0.100000,50,2550.097522,9666.577062,3516.755228,0.000000,,,0,1,,,,,0.168386,DEFAULT
ga,hfvrp_n050_m10_s04,50,10,0.100000,50,2918.965749,16343.196634,4553.285412,0.000000,,,0,1,,,,,0.021552,SMALL
ga,hfvrp_n050_m10_s05,50,10,0.100000,10,2957.320696,9281.721784,3885.492875,0.000000,,,0,1,,,,,0.168796,DEFAULT
ga,hfvrp_n050_m10_s05,50,10,0.100000,10,2690.770385,11066.698271,3797.440212,0.000000,,,0,1,,,,,0.026431,SMALL
ga,hfvrp_n050_m10_s03,50,10,0.100000,50,2074.562532,9026.119728,2977.174505,0.000000,,,0,1,,,,,10.319839,BIG
ga,hfvrp_n050_m10_s03,50,10,0.100000,75,2232.351300,11891.215372,3421.472837,0.000000,,,0,1,,,,,0.169109,DEFAULT
ga,hfvrp_n050_m10_s03,50,10,0.100000,75,2499.302656,12640.804193,3763.383075,0.000000,,,0,1,,,,,0.022412,SMALL
ga,hfvrp_n050_m10_s02,50,10,0.100000,100,2223.528251,10818.497772,3305.378028,0.000000,,,0,1,,,,,3.402397,MEDIUM
ga,hfvrp_n050_m10_s01,50,10,0.100000,999,2146.896397,8949.654457,3041.861842,0.000000,,,0,1,,,,,10.117992,BIG
ga,hfvrp_n050_m10_s04,50,10,0.100000,50,2272.030108,10734.571533,3345.487261,0.000000,,,0,1,,,,,3.452944,MEDIUM
ga,hfvrp_n050_m10_s05,50,10,0.100000,10,2271.982910,9243.554949,3196.338405,0.000000,,,0,1,,,,,3.369378,MEDIUM
ga,hfvrp_n050_m10_s01,50,10,0.100000,1234,2427.953184,9328.642972,3360.817481,0.000000,,,0,1,,,,,0.176346,DEFAULT
ga,hfvrp_n050_m10_s01,50,10,0.100000,1234,2462.897269,10858.443138,3548.741583,0.000000,,,0,1,,,,,0.022309,SMALL
ga,hfvrp_n050_m10_s03,50,10,0.100000,75,2090.814444,9406.432463,3031.457690,0.000000,,,0,1,,,,,3.327844,MEDIUM
ga,hfvrp_n050_m10_s01,50,10,0.100000,1234,2184.848624,9011.282177,3085.976841,0.000000,,,0,1,,,,,3.332679,MEDIUM
ga,hfvrp_n075_m15_s01,75,15,0.100000,1787986510635580381,3596.700715,7058.622601,4302.562975,0.000000,,,0,1,,,,,16.899759,BIG
ga,hfvrp_n075_m15_s01,75,15,0.100000,1,4116.990817,7771.602206,4894.151037,0.000000,,,0,1,,,,,0.266715,DEFAULT
ga,hfvrp_n075_m15_s01,75,15,0.100000,1,5137.632488,11504.860468,6288.118535,0.000000,,,0,1,,,,,0.034056,SMALL
ga,hfvrp_n050_m10_s02,50,10,0.100000,100,2134.921438,10127.363868,3147.657825,0.000000,,,0,1,,,,,10.275442,BIG
ga,hfvrp_n050_m10_s02,50,10,0.100000,200,2577.273384,10356.084614,3612.881845,0.000000,,,0,1,,,,,0.174093,DEFAULT
ga,hfvrp_n050_m10_s02,50,10,0.100000,200,2670.161170,16462.225872,4316.383757,0.000000,,,0,1,,,,,0.021434,SMALL
ga,hfvrp_n050_m10_s04,50,10,0.100000,50,2138.798714,10064.821150,3145.280829,0.000000,,,0,1,,,,,10.080010,BIG
ga,hfvrp_n050_m10_s05,50,10,0.100000,10,2261.157320,9347.910583,3195.948378,0.000000,,,0,1,,,,,10.130858,BIG
ga,hfvrp_n050_m10_s04,50,10,0.100000,75,2303.120032,11701.303356,3473.250368,0.000000,,,0,1,,,,,0.173816,DEFAULT
ga,hfvrp_n050_m10_s04,50,10,0.100000,75,2777.144869,11697.158592,3946.860728,0.000000,,,0,1,,,,,0.022015,SMALL
ga,hfvrp_n050_m10_s05,50,10,0.100000,50,2341.187303,10673.644753,3408.551778,0.000000,,,0,1,,,,,0.166056,DEFAULT
ga,hfvrp_n050_m10_s05,50,10,0.100000,50,2929.605661,13005.794535,4230.185115,0.000000,,,0,1,,,,,0.020744,SMALL
ga,hfvrp_n050_m10_s03,50,10,0.100000,75,2079.570536,8977.671023,2977.337638,0.000000,,,0,1,,,,,10.203983,BIG
ga,hfvrp_n050_m10_s03,50,10,0.100000,100,2290.186166,12214.955488,3511.681715,0.000000,,,0,1,,,,,0.166100,DEFAULT
ga,hfvrp_n050_m10_s03,50,10,0.100000,100,2368.204568,15790.565611,3947.261129,0.000000,,,0,1,,,,,0.021107,SMALL
ga,hfvrp_n075_m15_s01,75,15,0.100000,1,3735.094457,9826.026527,4717.697110,0.000000,,,0,1,,,,,5.427781,MEDIUM
ga,hfvrp_n050_m10_s02,50,10,0.100000,200,2245.969187,9964.181381,3242.387325,0.000000,,,0,1,,,,,3.390208,MEDIUM
ga,hfvrp_n050_m10_s01,50,10,0.100000,1234,2202.299269,7978.353190,3000.134588,0.000000,,,0,1,,,,,10.146709,BIG
ga,hfvrp_n050_m10_s05,50,10,0.100000,50,2291.354830,9335.784307,3224.933260,0.000000,,,0,1,,,,,3.307995,MEDIUM
ga,hfvrp_n050_m10_s04,50,10,0.100000,75,2061.839515,13680.105112,3429.850026,0.000000,,,0,1,,,,,3.404786,MEDIUM
ga,hfvrp_n050_m10_s01,50,10,0.100000,9999,2276.897679,9597.832289,3236.680908,0.000000,,,0,1,,,,,0.168092,DEFAULT
ga,hfvrp_n050_m10_s01,50,10,0.100000,9999,2688.234821,10097.746095,3698.009430,0.000000,,,0,1,,,,,0.021732,SMALL
ga,hfvrp_n050_m10_s03,50,10,0.100000,100,2079.916775,8855.266192,2965.443394,0.000000,,,0,1,,,,,3.328205,MEDIUM
ga,hfvrp_n050_m10_s01,50,10,0.100000,9999,2157.254393,9620.680283,3119.322421,0.000000,,,0,1,,,,,3.334988,MEDIUM
ga,hfvrp_n050_m10_s04,50,10,0.100000,75,2160.710915,8867.346317,3047.445547,0.000000,,,0,1,,,,,10.007012,BIG
ga,hfvrp_n050_m10_s05,50,10,0.100000,50,2240.454464,8680.546992,3108.509163,0.000000,,,0,1,,,,,10.073605,BIG
ga,hfvrp_n050_m10_s04,50,10,0.100000,100,2706.221849,9422.373207,3648.459169,0.000000,,,0,1,,,,,0.172115,DEFAULT
ga,hfvrp_n050_m10_s05,50,10,0.100000,75,2299.451162,9709.537292,3270.404891,0.000000,,,0,1,,,,,0.172810,DEFAULT
ga,hfvrp_n050_m10_s04,50,10,0.100000,100,3052.288765,15656.131289,4617.901894,0.000000,,,0,1,,,,,0.026732,SMALL
ga,hfvrp_n050_m10_s05,50,10,0.100000,75,2918.002216,15820.848569,4500.087073,0.000000,,,0,1,,,,,0.023842,SMALL
ga,hfvrp_n050_m10_s02,50,10,0.100000,200,2427.290296,9378.506272,3365.140923,0.000000,,,0,1,,,,,12.476174,BIG
ga,hfvrp_n050_m10_s03,50,10,0.100000,100,1968.742249,8969.419128,2865.684161,0.000000,,,0,1,,,,,10.083384,BIG
ga,hfvrp_n050_m10_s03,50,10,0.100000,200,2124.274545,10692.710936,3193.545639,0.000000,,,0,1,,,,,0.173072,DEFAULT
ga,hfvrp_n050_m10_s03,50,10,0.100000,200,2783.903711,13236.339920,4107.537703,0.000000,,,0,1,,,,,0.022828,SMALL
ga,hfvrp_n050_m10_s02,50,10,0.100000,999,2592.601497,10794.612723,3672.062770,0.000000,,,0,1,,,,,0.171988,DEFAULT
ga,hfvrp_n050_m10_s02,50,10,0.100000,999,2629.784889,15472.602541,4177.045143,0.000000,,,0,1,,,,,0.021642,SMALL
ga,hfvrp_n050_m10_s01,50,10,0.100000,9999,2123.119373,8990.690561,3022.188429,0.000000,,,0,1,,,,,10.069161,BIG
ga,hfvrp_n050_m10_s04,50,10,0.100000,100,2225.225657,10194.427399,3244.668397,0.000000,,,0,1,,,,,3.345607,MEDIUM
ga,hfvrp_n050_m10_s05,50,10,0.100000,75,2306.912724,8335.546007,3140.467324,0.000000,,,0,1,,,,,3.345287,MEDIUM
ga,hfvrp_n050_m10_s01,50,10,0.100000,19345,2245.226992,9808.215122,3226.048504,0.000000,,,0,1,,,,,0.170907,DEFAULT
ga,hfvrp_n050_m10_s01,50,10,0.100000,19345,2976.603445,15067.066944,4483.310139,0.000000,,,0,1,,,,,0.021011,SMALL
ga,hfvrp_n075_m15_s01,75,15,0.100000,1,3562.300733,6081.027364,4170.403469,0.000000,,,0,1,,,,,16.680215,BIG
ga,hfvrp_n050_m10_s03,50,10,0.100000,200,2070.405189,9847.879470,3055.193136,0.000000,,,0,1,,,,,3.375583,MEDIUM
ga,hfvrp_n050_m10_s02,50,10,0.100000,999,2268.297636,9936.098833,3261.907519,0.000000,,,0,1,,,,,3.400707,MEDIUM
ga,hfvrp_n075_m15_s01,75,15,0.100000,10,4621.073248,10728.488436,5693.922091,0.000000,,,0,1,,,,,0.265170,DEFAULT
ga,hfvrp_n075_m15_s01,75,15,0.100000,10,4971.230983,13231.895916,6294.420575,0.000000,,,0,1,,,,,0.036172,SMALL
ga,hfvrp_n050_m10_s01,50,10,0.100000,19345,2180.061501,7931.449372,2973.206438,0.000000,,,0,1,,,,,3.305606,MEDIUM
ga,hfvrp_n075_m15_s01,75,15,0.100000,10,3580.701473,7966.262884,4377.327761,0.000000,,,0,1,,,,,5.461406,MEDIUM
ga,hfvrp_n050_m10_s04,50,10,0.100000,100,2038.234968,9795.462690,3017.781237,0.000000,,,0,1,,,,,10.074294,BIG
ga,hfvrp_n050_m10_s05,50,10,0.100000,75,2299.895391,7935.660667,3093.461458,0.000000,,,0,1,,,,,10.402939,BIG
ga,hfvrp_n050_m10_s04,50,10,0.100000,200,2358.874549,13913.069178,3750.181467,0.000000,,,0,1,,,,,0.169260,DEFAULT
ga,hfvrp_n050_m10_s04,50,10,0.100000,200,3085.817517,18461.262872,4931.943804,0.000000,,,0,1,,,,,0.025393,SMALL
ga,hfvrp_n050_m10_s05,50,10,0.100000,100,2464.201161,10878.445683,3552.045729,0.000000,,,0,1,,,,,0.172915,DEFAULT
ga,hfvrp_n050_m10_s05,50,10,0.100000,100,2903.939619,17462.200220,4650.159641,0.000000,,,0,1,,,,,0.020115,SMALL
ga,hfvrp_n050_m10_s03,50,10,0.100000,200,2020.470146,9010.320250,2921.502171,0.000000,,,0,1,,,,,10.196275,BIG
ga,hfvrp_n050_m10_s02,50,10,0.100000,999,2157.579846,10771.838206,3234.763667,0.000000,,,0,1,,,,,10.280407,BIG
ga,hfvrp_n050_m10_s03,50,10,0.100000,999,2498.952450,11914.162379,3690.368688,0.000000,,,0,1,,,,,0.168738,DEFAULT
ga,hfvrp_n050_m10_s03,50,10,0.100000,999,2493.766126,10553.485847,3549.114711,0.000000,,,0,1,,,,,0.022250,SMALL
ga,hfvrp_n050_m10_s02,50,10,0.100000,1234,2485.462858,12644.868619,3749.949720,0.000000,,,0,1,,,,,0.166967,DEFAULT
ga,hfvrp_n050_m10_s02,50,10,0.100000,1234,3529.233443,18001.901474,5329.423591,0.000000,,,0,1,,,,,0.020510,SMALL
ga,hfvrp_n050_m10_s01,50,10,0.100000,19345,2147.798522,9487.323710,3096.530893,0.000000,,,0,1,,,,,10.028328,BIG
ga,hfvrp_n050_m10_s04,50,10,0.100000,200,2120.314905,12509.048226,3371.219727,0.000000,,,0,1,,,,,3.382115,MEDIUM
ga,hfvrp_n050_m10_s01,50,10,0.100000,1787989682007624236,2482.538204,9284.703276,3411.008531,0.000000,,,0,1,,,,,0.162595,DEFAULT
ga,hfvrp_n050_m10_s01,50,10,0.100000,1787989673584028313,3061.479462,10573.929065,4118.872368,0.000000,,,0,1,,,,,0.022085,SMALL
ga,hfvrp_n050_m10_s05,50,10,0.100000,100,2372.965294,8305.065507,3203.471845,0.000000,,,0,1,,,,,3.416632,MEDIUM
ga,hfvrp_n050_m10_s03,50,10,0.100000,999,2009.467143,9472.705626,2956.737706,0.000000,,,0,1,,,,,3.393519,MEDIUM
ga,hfvrp_n050_m10_s02,50,10,0.100000,1234,2359.885868,9755.003295,3335.386197,0.000000,,,0,1,,,,,3.437697,MEDIUM
ga,hfvrp_n050_m10_s01,50,10,0.100000,1787989669314723660,2197.342437,9003.497995,3097.692237,0.000000,,,0,1,,,,,3.312108,MEDIUM
ga,hfvrp_n050_m10_s04,50,10,0.100000,200,2138.136413,11156.341226,3253.770536,0.000000,,,0,1,,,,,10.085620,BIG
ga,hfvrp_n050_m10_s04,50,10,0.100000,999,2936.151401,12182.002744,4154.351675,0.000000,,,0,1,,,,,0.171055,DEFAULT
ga,hfvrp_n050_m10_s04,50,10,0.100000,999,2416.147851,11631.172374,3579.265088,0.000000,,,0,1,,,,,0.023056,SMALL
ga,hfvrp_n075_m15_s01,75,15,0.100000,10,3482.699417,7955.659168,4278.265334,0.000000,,,0,1,,,,,17.098352,BIG
ga,hfvrp_n050_m10_s05,50,10,0.100000,100,2391.097973,8465.012887,3237.599262,0.000000,,,0,1,,,,,10.511794,BIG
ga,hfvrp_n050_m10_s05,50,10,0.100000,200,2409.821178,10328.225817,3442.643759,0.000000,,,0,1,,,,,0.170557,DEFAULT
ga,hfvrp_n050_m10_s05,50,10,0.100000,200,3190.000292,16704.681211,4860.468413,0.000000,,,0,1,,,,,0.026321,SMALL
ga,hfvrp_n050_m10_s03,50,10,0.100000,999,2059.388011,8989.435683,2958.331579,0.000000,,,0,1,,,,,10.174895,BIG
ga,hfvrp_n050_m10_s03,50,10,0.100000,1234,2280.415566,13086.458119,3589.061378,0.000000,,,0,1,,,,,0.170946,DEFAULT
ga,hfvrp_n050_m10_s03,50,10,0.100000,1234,2374.721655,13567.399392,3731.461595,0.000000,,,0,1,,,,,0.025780,SMALL
ga,hfvrp_n075_m15_s01,75,15,0.100000,50,4757.354920,10844.046984,5841.759618,0.000000,,,0,1,,,,,0.270539,DEFAULT
ga,hfvrp_n050_m10_s02,50,10,0.100000,1234,2335.075383,9228.502231,3257.925606,0.000000,,,0,1,,,,,10.451361,BIG
ga,hfvrp_n075_m15_s01,75,15,0.100000,50,5921.749336,13574.570808,7279.206417,0.000000,,,0,1,,,,,0.035731,SMALL
ga,hfvrp_n050_m10_s02,50,10,0.100000,9999,2398.808336,12887.452169,3687.553553,0.000000,,,0,1,,,,,0.173201,DEFAULT
ga,hfvrp_n050_m10_s02,50,10,0.100000,9999,2695.528342,13218.735022,4017.401844,0.000000,,,0,1,,,,,0.029360,SMALL
ga,hfvrp_n050_m10_s01,50,10,0.100000,1787989947508856961,2181.456823,9690.933642,3150.550188,0.000000,,,0,1,,,,,10.084274,BIG
ga,hfvrp_n050_m10_s04,50,10,0.100000,999,2401.204369,8863.006914,3287.505061,0.000000,,,0,1,,,,,3.347291,MEDIUM
ga,hfvrp_n075_m15_s02,75,15,0.100000,1787989619205171827,5123.616262,15312.120849,6654.828347,0.000000,,,0,1,,,,,0.280959,DEFAULT
ga,hfvrp_n075_m15_s02,75,15,0.100000,1787989640964589808,6955.100727,24289.240016,9384.024728,0.000000,,,0,1,,,,,0.036831,SMALL
ga,hfvrp_n050_m10_s05,50,10,0.100000,200,2267.476806,8230.998041,3090.576610,0.000000,,,0,1,,,,,3.431516,MEDIUM
ga,hfvrp_n050_m10_s03,50,10,0.100000,1234,2062.439215,9309.679116,2993.407127,0.000000,,,0,1,,,,,3.364511,MEDIUM
ga,hfvrp_n050_m10_s02,50,10,0.100000,9999,2269.146326,11336.296027,3402.775929,0.000000,,,0,1,,,,,3.405558,MEDIUM
ga,hfvrp_n075_m15_s01,75,15,0.100000,50,3490.948061,9581.258818,4449.073943,0.000000,,,0,1,,,,,5.327928,MEDIUM
ga,hfvrp_n075_m15_s02,75,15,0.100000,1787989645299937440,4418.577885,12339.483824,5652.526268,0.000000,,,0,1,,,,,5.420563,MEDIUM
ga,hfvrp_n050_m10_s04,50,10,0.100000,999,2191.783223,11313.345154,3323.117739,0.000000,,,0,1,,,,,10.060433,BIG
ga,hfvrp_n050_m10_s04,50,10,0.100000,1234,2376.362940,8624.611019,3238.824042,0.000000,,,0,1,,,,,0.170963,DEFAULT
ga,hfvrp_n050_m10_s04,50,10,0.100000,1234,2739.908359,16728.825301,4412.790889,0.000000,,,0,1,,,,,0.021164,SMALL
ga,hfvrp_n050_m10_s05,50,10,0.100000,200,2256.840518,10076.243517,3264.464870,0.000000,,,0,1,,,,,10.173270,BIG
ga,hfvrp_n050_m10_s05,50,10,0.100000,999,2491.424376,12176.772713,3709.101647,0.000000,,,0,1,,,,,0.166543,DEFAULT
ga,hfvrp_n050_m10_s05,50,10,0.100000,999,2766.795905,15653.928296,4332.188735,0.000000,,,0,1,,,,,0.020736,SMALL
ga,hfvrp_n050_m10_s03,50,10,0.100000,1234,2048.322894,8934.771785,2941.800073,0.000000,,,0,1,,,,,10.150506,BIG
ga,hfvrp_n050_m10_s03,50,10,0.100000,9999,2315.217904,12565.001306,3571.718034,0.000000,,,0,1,,,,,0.168070,DEFAULT
ga,hfvrp_n050_m10_s03,50,10,0.100000,9999,2574.965958,18562.315098,4431.197468,0.000000,,,0,1,,,,,0.022518,SMALL
ga,hfvrp_n050_m10_s02,50,10,0.100000,9999,2100.428783,10424.669928,3142.895776,0.000000,,,0,1,,,,,10.212881,BIG
ga,hfvrp_n050_m10_s02,50,10,0.100000,19345,2330.505871,13044.904280,3634.996299,0.000000,,,0,1,,,,,0.170829,DEFAULT
ga,hfvrp_n050_m10_s02,50,10,0.100000,19345,2886.677979,20951.025201,4981.780499,0.000000,,,0,1,,,,,0.026286,SMALL
ga,hfvrp_n050_m10_s04,50,10,0.100000,1234,2136.777285,10588.233023,3195.600587,0.000000,,,0,1,,,,,3.410341,MEDIUM
ga,hfvrp_n050_m10_s05,50,10,0.100000,999,2304.760565,8702.670695,3175.027635,0.000000,,,0,1,,,,,3.343974,MEDIUM
ga,hfvrp_n050_m10_s03,50,10,0.100000,9999,2113.903891,9482.023537,3062.106245,0.000000,,,0,1,,,,,3.378882,MEDIUM
ga,hfvrp_n050_m10_s02,50,10,0.100000,19345,2195.668429,10996.602007,3295.328630,0.000000,,,0,1,,,,,3.338511,MEDIUM
ga,hfvrp_n075_m15_s01,75,15,0.100000,50,3663.892867,6513.035630,4315.196430,0.000000,,,0,1,,,,,16.711737,BIG
ga,hfvrp_n075_m15_s01,75,15,0.100000,75,4256.740415,7349.771475,4991.717563,0.000000,,,0,1,,,,,0.269481,DEFAULT
ga,hfvrp_n075_m15_s01,75,15,0.100000,75,5876.688687,13957.296577,7272.418344,0.000000,,,0,1,,,,,0.033961,SMALL
ga,hfvrp_n075_m15_s02,75,15,0.100000,1787989637839856896,4503.566346,13249.683057,5828.534651,0.000000,,,0,1,,,,,16.700252,BIG
ga,hfvrp_n075_m15_s02,75,15,0.100000,1,5211.069471,14077.502785,6618.819749,0.000000,,,0,1,,,,,0.269660,DEFAULT
ga,hfvrp_n075_m15_s02,75,15,0.100000,1,5921.697965,23783.518688,8300.049834,0.000000,,,0,1,,,,,0.035651,SMALL
ga,hfvrp_n050_m10_s04,50,10,0.100000,1234,2278.150144,10390.466076,3317.196752,0.000000,,,0,1,,,,,10.222639,BIG
ga,hfvrp_n050_m10_s04,50,10,0.100000,9999,2404.447807,10754.591344,3479.906942,0.000000,,,0,1,,,,,0.170270,DEFAULT
ga,hfvrp_n050_m10_s04,50,10,0.100000,9999,2828.770110,18258.043138,4654.574424,0.000000,,,0,1,,,,,0.023018,SMALL
ga,hfvrp_n050_m10_s05,50,10,0.100000,999,2437.636119,8704.854729,3308.121592,0.000000,,,0,1,,,,,10.287057,BIG
ga,hfvrp_n050_m10_s05,50,10,0.100000,1234,2490.949311,10039.786621,3494.927973,0.000000,,,0,1,,,,,0.169332,DEFAULT
ga,hfvrp_n050_m10_s05,50,10,0.100000,1234,2807.122689,11830.482289,3990.170918,0.000000,,,0,1,,,,,0.020610,SMALL
ga,hfvrp_n050_m10_s03,50,10,0.100000,9999,1956.194698,9488.116061,2905.006304,0.000000,,,0,1,,,,,10.148175,BIG
ga,hfvrp_n050_m10_s03,50,10,0.100000,19345,2193.466852,10355.562540,3229.023106,0.000000,,,0,1,,,,,0.163912,DEFAULT
ga,hfvrp_n050_m10_s03,50,10,0.100000,19345,2365.122036,12158.210609,3580.943097,0.000000,,,0,1,,,,,0.020770,SMALL
ga,hfvrp_n050_m10_s02,50,10,0.100000,19345,2215.218119,10758.756384,3291.093758,0.000000,,,0,1,,,,,10.147536,BIG
ga,hfvrp_n075_m15_s01,75,15,0.100000,75,3602.758337,9743.408122,4577.099149,0.000000,,,0,1,,,,,5.505446,MEDIUM
ga,hfvrp_n050_m10_s02,50,10,0.100000,1787989452407388180,2428.745030,11115.941226,3540.339153,0.000000,,,0,1,,,,,0.172600,DEFAULT
ga,hfvrp_n050_m10_s02,50,10,0.100000,1787989392454850102,2832.481550,14211.808859,4253.662436,0.000000,,,0,1,,,,,0.023215,SMALL
ga,hfvrp_n050_m10_s04,50,10,0.100000,9999,2217.170603,10445.719879,3261.742591,0.000000,,,0,1,,,,,3.351662,MEDIUM
ga,hfvrp_n050_m10_s05,50,10,0.100000,1234,2333.773699,8610.435026,3194.817202,0.000000,,,0,1,,,,,3.361648,MEDIUM
ga,hfvrp_n050_m10_s03,50,10,0.100000,19345,1954.787944,9889.263417,2943.714286,0.000000,,,0,1,,,,,3.355657,MEDIUM
ga,hfvrp_n075_m15_s02,75,15,0.100000,1,4539.911173,13061.065749,5846.017748,0.000000,,,0,1,,,,,5.433713,MEDIUM
ga,hfvrp_n050_m10_s02,50,10,0.100000,1787989388186330900,2298.686452,9848.057176,3283.492170,0.000000,,,0,1,,,,,3.355295,MEDIUM
ga,hfvrp_n050_m10_s04,50,10,0.100000,9999,2188.961600,10453.360134,3234.297613,0.000000,,,0,1,,,,,10.226052,BIG
ga,hfvrp_n050_m10_s04,50,10,0.100000,19345,2333.298103,12672.391485,3600.537251,0.000000,,,0,1,,,,,0.171503,DEFAULT
ga,hfvrp_n050_m10_s04,50,10,0.100000,19345,2948.883370,13934.522745,4342.335644,0.000000,,,0,1,,,,,0.021256,SMALL
ga,hfvrp_n050_m10_s05,50,10,0.100000,1234,2274.180479,8864.027425,3160.583222,0.000000,,,0,1,,,,,10.064961,BIG
ga,hfvrp_n050_m10_s05,50,10,0.100000,9999,2428.371129,11397.577943,3568.128923,0.000000,,,0,1,,,,,0.168922,DEFAULT
ga,hfvrp_n050_m10_s05,50,10,0.100000,9999,3071.049925,13459.400114,4416.989937,0.000000,,,0,1,,,,,0.020843,SMALL
ga,hfvrp_n050_m10_s03,50,10,0.100000,19345,2033.376762,8788.286814,2912.205443,0.000000,,,0,1,,,,,10.194079,BIG
ga,hfvrp_n050_m10_s03,50,10,0.100000,1787989031603938393,2142.204593,10932.136271,3235.418220,0.000000,,,0,1,,,,,0.168370,DEFAULT
ga,hfvrp_n050_m10_s03,50,10,0.100000,1787989036070963717,2975.527435,17177.413980,4693.268833,0.000000,,,0,1,,,,,0.020497,SMALL
ga,hfvrp_n050_m10_s02,50,10,0.100000,1787989421610310361,2163.519247,9973.004872,3160.819734,0.000000,,,0,1,,,,,10.148442,BIG
ga,hfvrp_n050_m10_s04,50,10,0.100000,19345,2107.775858,11318.709148,3239.646772,0.000000,,,0,1,,,,,3.370083,MEDIUM
ga,hfvrp_n050_m10_s05,50,10,0.100000,9999,2218.721569,9721.209590,3190.842528,0.000000,,,0,1,,,,,3.312742,MEDIUM
ga,hfvrp_n075_m15_s03,75,15,0.100000,1787989107099030056,5129.133024,19020.054217,7031.138446,0.000000,,,0,1,,,,,0.274894,DEFAULT
ga,hfvrp_n075_m15_s03,75,15,0.100000,1787989081607837636,6028.771206,27259.774298,8754.748636,0.000000,,,0,1,,,,,0.040940,SMALL
ga,hfvrp_n075_m15_s01,75,15,0.100000,75,3447.006835,9403.052148,4387.312050,0.000000,,,0,1,,,,,16.447362,BIG
ga,hfvrp_n050_m10_s03,50,10,0.100000,1787989040389949171,2094.978594,11196.534842,3214.632078,0.000000,,,0,1,,,,,3.361975,MEDIUM
ga,hfvrp_n075_m15_s01,75,15,0.100000,100,4173.474047,10593.306485,5232.804695,0.000000,,,0,1,,,,,0.267402,DEFAULT
ga,hfvrp_n075_m15_s01,75,15,0.100000,100,5056.445969,11510.412172,6207.487186,0.000000,,,0,1,,,,,0.037946,SMALL
ga,hfvrp_n075_m15_s02,75,15,0.100000,1,4282.156675,13541.966193,5636.353294,0.000000,,,0,1,,,,,16.712656,BIG
ga,hfvrp_n075_m15_s02,75,15,0.100000,10,5288.612792,13054.261217,6594.038914,0.000000,,,0,1,,,,,0.270719,DEFAULT
ga,hfvrp_n075_m15_s02,75,15,0.100000,10,5422.723737,15360.764510,6958.800188,0.000000,,,0,1,,,,,0.036370,SMALL
ga,hfvrp_n075_m15_s03,75,15,0.100000,1787989085947595075,4651.641697,12664.185977,5918.060294,0.000000,,,0,1,,,,,5.441956,MEDIUM
ga,hfvrp_n075_m15_s01,75,15,0.100000,100,3404.473175,5717.413322,3976.214507,0.000000,,,0,1,,,,,5.550197,MEDIUM
ga,hfvrp_n050_m10_s04,50,10,0.100000,19345,2251.099917,10047.148732,3255.814790,0.000000,,,0,1,,,,,9.959348,BIG
ga,hfvrp_n050_m10_s04,50,10,0.100000,1787989138410136205,2412.018469,11264.942607,3538.512730,0.000000,,,0,1,,,,,0.165612,DEFAULT
ga,hfvrp_n050_m10_s04,50,10,0.100000,1787989125694615467,2857.439197,16962.543757,4553.693572,0.000000,,,0,1,,,,,0.021770,SMALL
ga,hfvrp_n050_m10_s05,50,10,0.100000,9999,2353.322038,8441.163149,3197.438353,0.000000,,,0,1,,,,,10.134497,BIG
ga,hfvrp_n075_m15_s02,75,15,0.100000,10,4438.399985,14763.196115,5914.719597,0.000000,,,0,1,,,,,5.394411,MEDIUM
ga,hfvrp_n050_m10_s05,50,10,0.100000,19345,2486.304857,10224.107116,3508.715569,0.000000,,,0,1,,,,,0.173861,DEFAULT
ga,hfvrp_n050_m10_s05,50,10,0.100000,19345,3358.668203,12012.917747,4559.959978,0.000000,,,0,1,,,,,0.021422,SMALL
ga,hfvrp_n050_m10_s03,50,10,0.100000,1787989073820792452,1934.866444,9386.380876,2873.504532,0.000000,,,0,1,,,,,10.282861,BIG
ga,hfvrp_n050_m10_s04,50,10,0.100000,1787989130014888486,2061.725813,12225.854423,3284.311255,0.000000,,,0,1,,,,,3.388629,MEDIUM
ga,hfvrp_n050_m10_s05,50,10,0.100000,19345,2301.214454,9635.162247,3264.730678,0.000000,,,0,1,,,,,3.359969,MEDIUM
ga,hfvrp_n075_m15_s04,75,15,0.100000,1787988791531293143,4936.887736,12393.451208,6176.232857,0.000000,,,0,1,,,,,0.282936,DEFAULT
ga,hfvrp_n075_m15_s04,75,15,0.100000,1787988796113103905,6441.026317,14562.939571,7897.320274,0.000000,,,0,1,,,,,0.037881,SMALL
ga,hfvrp_n075_m15_s04,75,15,0.100000,1787988800449752266,4492.226764,12937.300868,5785.956851,0.000000,,,0,1,,,,,5.531671,MEDIUM
ga,hfvrp_n075_m15_s03,75,15,0.100000,1787989151527279087,3875.874787,14892.249695,5365.099756,0.000000,,,0,1,,,,,16.576770,BIG
ga,hfvrp_n050_m10_s04,50,10,0.100000,1787988755454901477,2223.978000,11157.252053,3339.703206,0.000000,,,0,1,,,,,10.212502,BIG
ga,hfvrp_n075_m15_s01,75,15,0.100000,100,3467.907324,7142.346611,4182.141985,0.000000,,,0,1,,,,,16.473176,BIG
ga,hfvrp_n075_m15_s03,75,15,0.100000,1,4638.165095,17667.721730,6404.937268,0.000000,,,0,1,,,,,0.266319,DEFAULT
ga,hfvrp_n075_m15_s03,75,15,0.100000,1,7127.797942,27185.345087,9846.332451,0.000000,,,0,1,,,,,0.041463,SMALL
ga,hfvrp_n050_m10_s05,50,10,0.100000,19345,2373.298945,9347.905797,3308.089525,0.000000,,,0,1,,,,,10.336886,BIG
ga,hfvrp_n050_m10_s05,50,10,0.100000,1787988938591088422,2322.323050,11499.895574,3472.312607,0.000000,,,0,1,,,,,0.167076,DEFAULT
ga,hfvrp_n050_m10_s05,50,10,0.100000,1787988925876936092,2611.294316,12901.903503,3901.484666,0.000000,,,0,1,,,,,0.023644,SMALL
ga,hfvrp_n075_m15_s05,75,15,0.100000,1787988951771782053,5016.709886,11905.142704,6207.224157,0.000000,,,0,1,,,,,0.277609,DEFAULT
ga,hfvrp_n075_m15_s05,75,15,0.100000,1787988943466492377,6122.798319,19518.968230,8074.695142,0.000000,,,0,1,,,,,0.036642,SMALL
ga,hfvrp_n075_m15_s01,75,15,0.100000,200,4322.412022,7923.701652,5114.782187,0.000000,,,0,1,,,,,0.274083,DEFAULT
ga,hfvrp_n075_m15_s01,75,15,0.100000,200,5631.890556,14126.782951,7044.568851,0.000000,,,0,1,,,,,0.038860,SMALL
ga,hfvrp_n075_m15_s02,75,15,0.100000,10,4309.935453,12148.915258,5524.826979,0.000000,,,0,1,,,,,16.828120,BIG
ga,hfvrp_n050_m10_s05,50,10,0.100000,1787988930199092059,2369.848252,8577.933029,3227.641555,0.000000,,,0,1,,,,,3.385948,MEDIUM
ga,hfvrp_n075_m15_s02,75,15,0.100000,50,4973.348100,17335.614495,6706.909550,0.000000,,,0,1,,,,,0.273291,DEFAULT
ga,hfvrp_n075_m15_s02,75,15,0.100000,50,6654.630450,19396.596548,8594.290104,0.000000,,,0,1,,,,,0.039151,SMALL
ga,hfvrp_n075_m15_s03,75,15,0.100000,1,4066.942686,14199.863542,5486.929040,0.000000,,,0,1,,,,,5.492826,MEDIUM
ga,hfvrp_n075_m15_s05,75,15,0.100000,1787988947804302766,4216.441105,12628.733384,5479.314443,0.000000,,,0,1,,,,,5.460709,MEDIUM
ga,hfvrp_n075_m15_s01,75,15,0.100000,200,3497.286213,6481.852419,4145.471455,0.000000,,,0,1,,,,,5.428460,MEDIUM
ga,hfvrp_n075_m15_s02,75,15,0.100000,50,4360.626700,10178.577603,5378.484461,0.000000,,,0,1,,,,,5.401021,MEDIUM
ga,hfvrp_n075_m15_s04,75,15,0.100000,1787988810280704476,4654.085864,11220.211573,5776.107021,0.000000,,,0,1,,,,,16.622304,BIG
ga,hfvrp_n050_m10_s05,50,10,0.100000,1787988839104424142,2295.084443,9188.357114,3213.920155,0.000000,,,0,1,,,,,10.212000,BIG
ga,hfvrp_n100_m20_s01,100,20,0.100000,1787988537985049775,8997.011612,28254.168697,11822.428482,0.000000,,,0,1,,,,,0.372304,DEFAULT
ga,hfvrp_n100_m20_s01,100,20,0.100000,1787988542661273765,10111.438514,28588.600317,12970.298546,0.000000,,,0,1,,,,,0.069263,SMALL
ga,hfvrp_n075_m15_s04,75,15,0.100000,1,5021.539826,12363.324223,6257.872248,0.000000,,,0,1,,,,,0.267516,DEFAULT
ga,hfvrp_n075_m15_s04,75,15,0.100000,1,6431.625605,23136.802315,8745.305836,0.000000,,,0,1,,,,,0.045002,SMALL
ga,hfvrp_n075_m15_s03,75,15,0.100000,1,3862.368195,15004.497014,5362.817896,0.000000,,,0,1,,,,,16.808908,BIG
ga,hfvrp_n075_m15_s04,75,15,0.100000,1,4829.066938,11719.662900,6001.033228,0.000000,,,0,1,,,,,5.574606,MEDIUM
ga,hfvrp_n075_m15_s05,75,15,0.100000,1787988858779894276,4004.826872,12966.465781,5301.473451,0.000000,,,0,1,,,,,16.696653,BIG
ga,hfvrp_n075_m15_s01,75,15,0.100000,200,3366.619876,7988.239215,4165.443798,0.000000,,,0,1,,,,,16.630559,BIG
ga,hfvrp_n075_m15_s03,75,15,0.100000,10,5339.075539,19476.936466,7286.769185,0.000000,,,0,1,,,,,0.276002,DEFAULT
ga,hfvrp_n075_m15_s03,75,15,0.100000,10,5954.889700,18220.182109,7776.907911,0.000000,,,0,1,,,,,0.038174,SMALL
ga,hfvrp_n100_m20_s01,100,20,0.100000,1787988529852930377,6617.217886,18912.695555,8508.487442,0.000000,,,0,1,,,,,7.660111,MEDIUM
ga,hfvrp_n075_m15_s01,75,15,0.100000,999,3961.284048,6943.063702,4655.590418,0.000000,,,0,1,,,,,0.275232,DEFAULT
ga,hfvrp_n075_m15_s01,75,15,0.100000,999,4991.703725,13218.404111,6313.544136,0.000000,,,0,1,,,,,0.038492,SMALL
ga,hfvrp_n075_m15_s05,75,15,0.100000,1,5135.857051,10335.143285,6169.371379,0.000000,,,0,1,,,,,0.279640,DEFAULT
ga,hfvrp_n075_m15_s05,75,15,0.100000,1,7727.597696,20816.755620,9809.273258,0.000000,,,0,1,,,,,0.033224,SMALL
ga,hfvrp_n075_m15_s02,75,15,0.100000,50,4392.592724,12920.125148,5684.605239,0.000000,,,0,1,,,,,16.793930,BIG
ga,hfvrp_n075_m15_s02,75,15,0.100000,75,5505.616230,15841.249644,7089.741195,0.000000,,,0,1,,,,,0.275234,DEFAULT
ga,hfvrp_n075_m15_s02,75,15,0.100000,75,6547.074788,20653.153701,8612.390158,0.000000,,,0,1,,,,,0.038463,SMALL
ga,hfvrp_n075_m15_s03,75,15,0.100000,10,4105.999681,13967.159140,5502.715595,0.000000,,,0,1,,,,,5.461618,MEDIUM
ga,hfvrp_n075_m15_s01,75,15,0.100000,999,3632.267228,7487.313463,4380.998575,0.000000,,,0,1,,,,,5.471103,MEDIUM
ga,hfvrp_n075_m15_s05,75,15,0.100000,1,4696.621908,9008.611726,5597.483080,0.000000,,,0,1,,,,,5.505277,MEDIUM
ga,hfvrp_n075_m15_s02,75,15,0.100000,75,4195.307640,13080.235494,5503.331190,0.000000,,,0,1,,,,,5.487731,MEDIUM
ga,hfvrp_n075_m15_s04,75,15,0.100000,1,4898.685796,10785.095618,5977.195358,0.000000,,,0,1,,,,,16.816866,BIG
ga,hfvrp_n075_m15_s04,75,15,0.100000,10,5455.408691,12327.635034,6688.172194,0.000000,,,0,1,,,,,0.279513,DEFAULT
ga,hfvrp_n075_m15_s04,75,15,0.100000,10,6465.884949,24011.363039,8867.021253,0.000000,,,0,1,,,,,0.039562,SMALL
ga,hfvrp_n075_m15_s03,75,15,0.100000,10,4037.616958,14001.906620,5437.807620,0.000000,,,0,1,,,,,16.951231,BIG
ga,hfvrp_n075_m15_s05,75,15,0.100000,1,4146.419965,12506.654783,5397.085443,0.000000,,,0,1,,,,,16.556284,BIG
ga,hfvrp_n075_m15_s01,75,15,0.100000,999,3540.035160,6585.365731,4198.571733,0.000000,,,0,1,,,,,17.005205,BIG
ga,hfvrp_n100_m20_s01,100,20,0.100000,1787988683551442999,6763.727089,16969.387103,8460.665799,0.000000,,,0,1,,,,,22.972017,BIG
ga,hfvrp_n075_m15_s01,75,15,0.100000,1234,4604.858371,8395.557145,5444.414085,0.000000,,,0,1,,,,,0.271084,DEFAULT
ga,hfvrp_n075_m15_s01,75,15,0.100000,1234,5409.261237,12079.116430,6617.172880,0.000000,,,0,1,,,,,0.035994,SMALL
ga,hfvrp_n075_m15_s05,75,15,0.100000,10,5089.751152,10571.650995,6146.916252,0.000000,,,0,1,,,,,0.285489,DEFAULT
ga,hfvrp_n075_m15_s05,75,15,0.100000,10,5853.139568,12635.588738,7116.698442,0.000000,,,0,1,,,,,0.041706,SMALL
ga,hfvrp_n075_m15_s03,75,15,0.100000,50,5657.040752,21186.661093,7775.706861,0.000000,,,0,1,,,,,0.269307,DEFAULT
ga,hfvrp_n075_m15_s03,75,15,0.100000,50,5918.858579,24797.446275,8398.603207,0.000000,,,0,1,,,,,0.034629,SMALL
ga,hfvrp_n075_m15_s04,75,15,0.100000,10,4677.660146,13443.271832,6021.987329,0.000000,,,0,1,,,,,5.549260,MEDIUM
ga,hfvrp_n075_m15_s02,75,15,0.100000,75,4466.472819,11824.609735,5648.933792,0.000000,,,0,1,,,,,16.900177,BIG
ga,hfvrp_n100_m20_s01,100,20,0.100000,1,7374.086529,25991.348335,9973.221363,0.000000,,,0,1,,,,,0.377765,DEFAULT
ga,hfvrp_n100_m20_s01,100,20,0.100000,1,10555.463000,34470.892010,14002.552201,0.000000,,,0,1,,,,,0.057575,SMALL
ga,hfvrp_n075_m15_s02,75,15,0.100000,100,5597.713327,17237.026670,7321.415994,0.000000,,,0,1,,,,,0.264467,DEFAULT
ga,hfvrp_n075_m15_s02,75,15,0.100000,100,6299.749146,30415.478392,9341.296985,0.000000,,,0,1,,,,,0.032578,SMALL
ga,hfvrp_n075_m15_s01,75,15,0.100000,1234,3824.034875,7982.842932,4622.319168,0.000000,,,0,1,,,,,5.400883,MEDIUM
ga,hfvrp_n075_m15_s05,75,15,0.100000,10,4363.523105,13116.558231,5675.178928,0.000000,,,0,1,,,,,5.407093,MEDIUM
ga,hfvrp_n075_m15_s03,75,15,0.100000,50,4103.828774,13906.350535,5494.463828,0.000000,,,0,1,,,,,5.464527,MEDIUM
ga,hfvrp_n075_m15_s02,75,15,0.100000,100,4686.636560,13897.204232,6076.356984,0.000000,,,0,1,,,,,5.431724,MEDIUM
ga,hfvrp_n100_m20_s01,100,20,0.100000,1,6683.552433,17724.239661,8455.976399,0.000000,,,0,1,,,,,7.657946,MEDIUM
ga,hfvrp_n075_m15_s04,75,15,0.100000,10,4476.424532,11782.910023,5654.715534,0.000000,,,0,1,,,,,17.529343,BIG
ga,hfvrp_n075_m15_s04,75,15,0.100000,50,5198.875581,13453.825454,6544.258127,0.000000,,,0,1,,,,,0.275451,DEFAULT
ga,hfvrp_n075_m15_s04,75,15,0.100000,50,6041.162514,19206.659702,7961.828484,0.000000,,,0,1,,,,,0.037742,SMALL
ga,hfvrp_n075_m15_s01,75,15,0.100000,1234,3606.255173,7846.897866,4390.944960,0.000000,,,0,1,,,,,17.496357,BIG
ga,hfvrp_n075_m15_s05,75,15,0.100000,10,4000.686431,12059.240299,5206.610461,0.000000,,,0,1,,,,,17.502539,BIG
ga,hfvrp_n075_m15_s03,75,15,0.100000,50,4031.790451,14342.446514,5466.035102,0.000000,,,0,1,,,,,17.518223,BIG
ga,hfvrp_n075_m15_s01,75,15,0.100000,9999,4414.353250,9153.681121,5329.721362,0.000000,,,0,1,,,,,0.275660,DEFAULT
ga,hfvrp_n075_m15_s01,75,15,0.100000,9999,5204.608378,10938.820333,6298.490412,0.000000,,,0,1,,,,,0.039874,SMALL
ga,hfvrp_n075_m15_s05,75,15,0.100000,50,5421.852338,11554.354404,6577.287779,0.000000,,,0,1,,,,,0.266458,DEFAULT
ga,hfvrp_n075_m15_s05,75,15,0.100000,50,6876.844972,17265.427036,8603.387676,0.000000,,,0,1,,,,,0.040626,SMALL
ga,hfvrp_n075_m15_s03,75,15,0.100000,75,4952.903962,23365.168320,7289.420794,0.000000,,,0,1,,,,,0.277793,DEFAULT
ga,hfvrp_n075_m15_s03,75,15,0.100000,75,6246.550605,20034.907963,8250.041402,0.000000,,,0,1,,,,,0.040639,SMALL
ga,hfvrp_n075_m15_s02,75,15,0.100000,100,3995.094445,13190.265594,5314.121004,0.000000,,,0,1,,,,,17.437057,BIG
ga,hfvrp_n075_m15_s02,75,15,0.100000,200,5112.384980,18058.949194,6918.279900,0.000000,,,0,1,,,,,0.265117,DEFAULT
ga,hfvrp_n075_m15_s02,75,15,0.100000,200,6869.003157,18921.437668,8761.146924,0.000000,,,0,1,,,,,0.039666,SMALL
ga,hfvrp_n075_m15_s04,75,15,0.100000,50,4613.525040,11607.680274,5774.293067,0.000000,,,0,1,,,,,5.515226,MEDIUM
ga,hfvrp_n075_m15_s01,75,15,0.100000,9999,3578.257720,7089.339640,4287.191684,0.000000,,,0,1,,,,,5.381553,MEDIUM
ga,hfvrp_n075_m15_s05,75,15,0.100000,50,4355.192266,12481.463378,5603.338603,0.000000,,,0,1,,,,,5.440547,MEDIUM
ga,hfvrp_n075_m15_s03,75,15,0.100000,75,4373.731309,16062.066521,5979.937961,0.000000,,,0,1,,,,,5.419630,MEDIUM
ga,hfvrp_n075_m15_s02,75,15,0.100000,200,4446.172401,12263.442490,5672.516650,0.000000,,,0,1,,,,,5.511071,MEDIUM
ga,hfvrp_n100_m20_s01,100,20,0.100000,1,7079.284398,16391.933621,8718.477760,0.000000,,,0,1,,,,,23.791257,BIG
ga,hfvrp_n100_m20_s01,100,20,0.100000,10,8988.816164,29720.451472,11960.861311,0.000000,,,0,1,,,,,0.383175,DEFAULT
ga,hfvrp_n100_m20_s01,100,20,0.100000,10,10692.424853,38698.898684,14562.314722,0.000000,,,0,1,,,,,0.058438,SMALL
ga,hfvrp_n100_m20_s01,100,20,0.100000,10,6131.610428,17523.499904,7883.960418,0.000000,,,0,1,,,,,7.654680,MEDIUM
ga,hfvrp_n075_m15_s04,75,15,0.100000,50,4658.321275,10208.855850,5679.206860,0.000000,,,0,1,,,,,16.934815,BIG
ga,hfvrp_n075_m15_s01,75,15,0.100000,9999,3482.192520,9363.450932,4418.537613,0.000000,,,0,1,,,,,16.779231,BIG
ga,hfvrp_n075_m15_s05,75,15,0.100000,50,4307.972224,7958.558117,5103.828036,0.000000,,,0,1,,,,,16.983858,BIG
ga,hfvrp_n075_m15_s03,75,15,0.100000,75,4201.551758,13734.988850,5575.050643,0.000000,,,0,1,,,,,16.494691,BIG
ga,hfvrp_n075_m15_s01,75,15,0.100000,19345,4814.347667,12608.046407,6075.152308,0.000000,,,0,1,,,,,0.266036,DEFAULT
ga,hfvrp_n075_m15_s01,75,15,0.100000,19345,5392.233462,11292.988782,6521.532340,0.000000,,,0,1,,,,,0.040232,SMALL
ga,hfvrp_n075_m15_s05,75,15,0.100000,75,4637.422734,11679.565757,5805.379309,0.000000,,,0,1,,,,,0.278135,DEFAULT
ga,hfvrp_n075_m15_s05,75,15,0.100000,75,6128.308720,14550.738896,7583.382610,0.000000,,,0,1,,,,,0.039870,SMALL
ga,hfvrp_n075_m15_s04,75,15,0.100000,75,5374.827344,12590.589650,6633.886310,0.000000,,,0,1,,,,,0.276570,DEFAULT
ga,hfvrp_n075_m15_s02,75,15,0.100000,200,4133.287269,12314.634190,5364.750688,0.000000,,,0,1,,,,,16.969720,BIG
ga,hfvrp_n075_m15_s04,75,15,0.100000,75,7001.069035,25815.363767,9582.605411,0.000000,,,0,1,,,,,0.037149,SMALL
ga,hfvrp_n075_m15_s03,75,15,0.100000,100,5635.779796,17872.968327,7423.076629,0.000000,,,0,1,,,,,0.269467,DEFAULT
ga,hfvrp_n075_m15_s03,75,15,0.100000,100,7079.164734,22596.436239,9338.808358,0.000000,,,0,1,,,,,0.036929,SMALL
ga,hfvrp_n075_m15_s02,75,15,0.100000,999,5149.204837,16553.019789,6804.506816,0.000000,,,0,1,,,,,0.269731,DEFAULT
ga,hfvrp_n075_m15_s02,75,15,0.100000,999,5645.073123,20810.928086,7726.165932,0.000000,,,0,1,,,,,0.036653,SMALL
ga,hfvrp_n075_m15_s01,75,15,0.100000,19345,3459.281626,7347.088193,4193.990445,0.000000,,,0,1,,,,,5.407508,MEDIUM
ga,hfvrp_n075_m15_s05,75,15,0.100000,75,3979.152679,11843.416239,5163.494303,0.000000,,,0,1,,,,,5.498396,MEDIUM
ga,hfvrp_n075_m15_s04,75,15,0.100000,75,4430.357742,12448.731493,5675.230891,0.000000,,,0,1,,,,,5.425725,MEDIUM
ga,hfvrp_n075_m15_s03,75,15,0.100000,100,4134.928752,14915.571862,5626.485938,0.000000,,,0,1,,,,,5.342306,MEDIUM
ga,hfvrp_n075_m15_s02,75,15,0.100000,999,4671.631685,14048.122629,6076.443948,0.000000,,,0,1,,,,,5.421774,MEDIUM
ga,hfvrp_n100_m20_s01,100,20,0.100000,10,6876.844665,17177.722774,8594.616942,0.000000,,,0,1,,,,,23.160902,BIG
ga,hfvrp_n100_m20_s01,100,20,0.100000,50,8782.587612,29588.808825,11741.468495,0.000000,,,0,1,,,,,0.388612,DEFAULT
ga,hfvrp_n100_m20_s01,100,20,0.100000,50,10759.794818,32192.144162,13979.009234,0.000000,,,0,1,,,,,0.061337,SMALL
ga,hfvrp_n075_m15_s01,75,15,0.100000,19345,3747.523384,6381.671780,4385.690562,0.000000,,,0,1,,,,,16.514507,BIG
ga,hfvrp_n075_m15_s01,75,15,0.100000,1787965872928097731,4732.153281,7672.275721,5499.380853,0.000000,,,0,1,,,,,0.265865,DEFAULT
ga,hfvrp_n075_m15_s01,75,15,0.100000,1787965860312973260,5385.432470,12907.584532,6676.190923,0.000000,,,0,1,,,,,0.035568,SMALL
ga,hfvrp_n075_m15_s03,75,15,0.100000,100,3961.717850,14990.748174,5460.792667,0.000000,,,0,1,,,,,16.515890,BIG
ga,hfvrp_n075_m15_s05,75,15,0.100000,75,4474.191934,9226.447282,5396.836662,0.000000,,,0,1,,,,,16.873327,BIG
ga,hfvrp_n075_m15_s04,75,15,0.100000,75,4446.807301,11789.443556,5625.751657,0.000000,,,0,1,,,,,17.017742,BIG
ga,hfvrp_n075_m15_s02,75,15,0.100000,999,4004.950005,13760.778938,5381.027898,0.000000,,,0,1,,,,,16.862191,BIG
ga,hfvrp_n075_m15_s05,75,15,0.100000,100,5954.860078,13964.993022,7351.359381,0.000000,,,0,1,,,,,0.283387,DEFAULT
ga,hfvrp_n075_m15_s05,75,15,0.100000,100,5990.033334,13270.617148,7317.095049,0.000000,,,0,1,,,,,0.038407,SMALL
ga,hfvrp_n075_m15_s03,75,15,0.100000,200,5581.212694,22933.948592,7874.607553,0.000000,,,0,1,,,,,0.262730,DEFAULT
ga,hfvrp_n075_m15_s03,75,15,0.100000,200,6446.609108,21080.534467,8554.662554,0.000000,,,0,1,,,,,0.034342,SMALL
ga,hfvrp_n075_m15_s02,75,15,0.100000,1234,5519.691146,13043.481266,6824.039272,0.000000,,,0,1,,,,,0.270823,DEFAULT
ga,hfvrp_n075_m15_s02,75,15,0.100000,1234,6044.533752,22955.436296,8340.077381,0.000000,,,0,1,,,,,0.034761,SMALL
ga,hfvrp_n075_m15_s04,75,15,0.100000,100,5019.526781,14276.477333,6447.174515,0.000000,,,0,1,,,,,0.278735,DEFAULT
ga,hfvrp_n075_m15_s04,75,15,0.100000,100,6410.222835,21825.083880,8592.731223,0.000000,,,0,1,,,,,0.040785,SMALL
ga,hfvrp_n075_m15_s01,75,15,0.100000,1787965864647318829,3459.995200,9643.529507,4424.348151,0.000000,,,0,1,,,,,5.482698,MEDIUM
ga,hfvrp_n100_m20_s01,100,20,0.100000,50,6246.772219,20858.797080,8332.651927,0.000000,,,0,1,,,,,7.761915,MEDIUM
ga,hfvrp_n075_m15_s05,75,15,0.100000,100,4198.379084,13256.085648,5523.987648,0.000000,,,0,1,,,,,5.461318,MEDIUM
ga,hfvrp_n075_m15_s03,75,15,0.100000,200,4811.236147,11811.263174,5992.362464,0.000000,,,0,1,,,,,5.451058,MEDIUM
ga,hfvrp_n075_m15_s02,75,15,0.100000,1234,4285.308063,11249.001356,5410.208199,0.000000,,,0,1,,,,,5.472143,MEDIUM
ga,hfvrp_n075_m15_s04,75,15,0.100000,100,4489.546414,12208.793609,5710.425775,0.000000,,,0,1,,,,,5.422482,MEDIUM
ga,hfvrp_n075_m15_s01,75,15,0.100000,1787965732699553938,3451.998571,6500.867357,4102.085307,0.000000,,,0,1,,,,,16.385129,BIG
ga,hfvrp_n100_m20_s02,100,20,0.100000,1787965584006629649,7433.992518,29722.774701,10406.269988,0.000000,,,0,1,,,,,0.383533,DEFAULT
ga,hfvrp_n100_m20_s02,100,20,0.100000,1787965580099342510,10950.870418,26614.727360,13612.343154,0.000000,,,0,1,,,,,0.051997,SMALL
ga,hfvrp_n075_m15_s05,75,15,0.100000,100,4320.214736,8836.983168,5203.913053,0.000000,,,0,1,,,,,17.128713,BIG
ga,hfvrp_n075_m15_s03,75,15,0.100000,200,4162.706011,12760.409294,5438.746941,0.000000,,,0,1,,,,,16.894095,BIG
ga,hfvrp_n075_m15_s02,75,15,0.100000,1234,4282.317439,12037.103938,5486.027832,0.000000,,,0,1,,,,,16.736399,BIG
ga,hfvrp_n075_m15_s05,75,15,0.100000,200,6320.219684,15443.004489,7864.520133,0.000000,,,0,1,,,,,0.270360,DEFAULT
ga,hfvrp_n075_m15_s02,75,15,0.100000,9999,5115.844290,15105.696237,6626.413914,0.000000,,,0,1,,,,,0.278017,DEFAULT
ga,hfvrp_n075_m15_s05,75,15,0.100000,200,6688.790711,16845.849608,8373.375672,0.000000,,,0,1,,,,,0.037050,SMALL
ga,hfvrp_n075_m15_s02,75,15,0.100000,9999,6589.289114,19785.371462,8567.826261,0.000000,,,0,1,,,,,0.042036,SMALL
ga,hfvrp_n075_m15_s03,75,15,0.100000,999,5512.347383,18096.964000,7322.043782,0.000000,,,0,1,,,,,0.270092,DEFAULT
ga,hfvrp_n075_m15_s03,75,15,0.100000,999,5969.902720,20313.161492,8001.218869,0.000000,,,0,1,,,,,0.040469,SMALL
ga,hfvrp_n075_m15_s04,75,15,0.100000,100,4683.707314,13467.187203,6030.426035,0.000000,,,0,1,,,,,16.649856,BIG
ga,hfvrp_n100_m20_s01,100,20,0.100000,50,6265.781099,18180.689918,8083.850091,0.000000,,,0,1,,,,,22.980981,BIG
ga,hfvrp_n075_m15_s04,75,15,0.100000,200,5859.814651,14310.541467,7290.868798,0.000000,,,0,1,,,,,0.274630,DEFAULT
ga,hfvrp_n075_m15_s04,75,15,0.100000,200,6334.865377,24590.512985,8793.916675,0.000000,,,0,1,,,,,0.040297,SMALL
ga,hfvrp_n100_m20_s01,100,20,0.100000,75,8461.854291,28675.646768,11329.418967,0.000000,,,0,1,,,,,0.374603,DEFAULT
ga,hfvrp_n100_m20_s01,100,20,0.100000,75,9808.345082,46476.616228,14456.006705,0.000000,,,0,1,,,,,0.055453,SMALL
ga,hfvrp_n075_m15_s02,75,15,0.100000,9999,3976.365568,13152.112975,5291.576865,0.000000,,,0,1,,,,,5.354315,MEDIUM
ga,hfvrp_n075_m15_s05,75,15,0.100000,200,4571.808109,9120.708868,5483.878996,0.000000,,,0,1,,,,,5.429596,MEDIUM
ga,hfvrp_n100_m20_s02,100,20,0.100000,1787965610220078848,6688.007118,17921.194024,8480.126520,0.000000,,,0,1,,,,,7.559259,MEDIUM
ga,hfvrp_n075_m15_s03,75,15,0.100000,999,4091.203984,16118.646913,5703.068675,0.000000,,,0,1,,,,,5.435159,MEDIUM
ga,hfvrp_n075_m15_s04,75,15,0.100000,200,4434.389118,10702.057689,5504.594887,0.000000,,,0,1,,,,,5.545141,MEDIUM
ga,hfvrp_n100_m20_s01,100,20,0.100000,75,7141.756914,18982.841585,9040.041073,0.000000,,,0,1,,,,,7.614063,MEDIUM
ga,hfvrp_n075_m15_s05,75,15,0.100000,200,4137.601857,12552.126032,5392.814460,0.000000,,,0,1,,,,,16.477202,BIG
ga,hfvrp_n075_m15_s02,75,15,0.100000,9999,4282.570207,11090.684390,5391.638646,0.000000,,,0,1,,,,,16.648006,BIG
ga,hfvrp_n075_m15_s03,75,15,0.100000,999,4121.973218,14527.917660,5574.764984,0.000000,,,0,1,,,,,16.698128,BIG
ga,hfvrp_n075_m15_s02,75,15,0.100000,19345,5417.298764,14924.399231,6909.738687,0.000000,,,0,1,,,,,0.275490,DEFAULT
ga,hfvrp_n075_m15_s02,75,15,0.100000,19345,6243.349855,24938.957953,8737.245650,0.000000,,,0,1,,,,,0.033084,SMALL
ga,hfvrp_n075_m15_s05,75,15,0.100000,999,5400.539652,11501.664049,6550.706057,0.000000,,,0,1,,,,,0.275582,DEFAULT
ga,hfvrp_n075_m15_s05,75,15,0.100000,999,5847.744553,15149.671586,7362.711712,0.000000,,,0,1,,,,,0.038303,SMALL
ga,hfvrp_n075_m15_s03,75,15,0.100000,1234,4764.830187,14519.870114,6216.817198,0.000000,,,0,1,,,,,0.272516,DEFAULT
ga,hfvrp_n075_m15_s03,75,15,0.100000,1234,5980.579854,29097.659601,8890.345814,0.000000,,,0,1,,,,,0.032791,SMALL
ga,hfvrp_n075_m15_s04,75,15,0.100000,200,4770.033606,9446.444892,5714.678095,0.000000,,,0,1,,,,,16.647901,BIG
ga,hfvrp_n100_m20_s02,100,20,0.100000,1787965368680513522,5954.763438,25263.641961,8481.127634,0.000000,,,0,1,,,,,22.951975,BIG
ga,hfvrp_n075_m15_s02,75,15,0.100000,19345,4060.576316,13509.848835,5411.561200,0.000000,,,0,1,,,,,5.529664,MEDIUM
ga,hfvrp_n075_m15_s05,75,15,0.100000,999,4124.296979,10098.605720,5134.157551,0.000000,,,0,1,,,,,5.464662,MEDIUM
ga,hfvrp_n075_m15_s03,75,15,0.100000,1234,4310.953381,14965.051226,5807.458504,0.000000,,,0,1,,,,,5.414090,MEDIUM
ga,hfvrp_n075_m15_s04,75,15,0.100000,999,4979.309635,12340.434146,6213.353049,0.000000,,,0,1,,,,,0.287988,DEFAULT
ga,hfvrp_n075_m15_s04,75,15,0.100000,999,6394.753133,18618.939752,8256.647108,0.000000,,,0,1,,,,,0.038126,SMALL
ga,hfvrp_n100_m20_s02,100,20,0.100000,1,9461.513032,24818.920415,11943.405073,0.000000,,,0,1,,,,,0.370655,DEFAULT
ga,hfvrp_n100_m20_s02,100,20,0.100000,1,10456.946869,38533.708822,14310.317752,0.000000,,,0,1,,,,,0.057145,SMALL
ga,hfvrp_n100_m20_s01,100,20,0.100000,75,6274.216563,16712.288856,7945.445449,0.000000,,,0,1,,,,,23.146442,BIG
ga,hfvrp_n075_m15_s04,75,15,0.100000,999,4185.409023,11858.349897,5371.244013,0.000000,,,0,1,,,,,5.495178,MEDIUM
ga,hfvrp_n100_m20_s01,100,20,0.100000,100,8514.769199,22713.412265,10786.110425,0.000000,,,0,1,,,,,0.391598,DEFAULT
ga,hfvrp_n100_m20_s01,100,20,0.100000,100,10691.521813,39395.198725,14631.041686,0.000000,,,0,1,,,,,0.052647,SMALL
ga,hfvrp_n100_m20_s02,100,20,0.100000,1,6776.375388,19123.838083,8688.759196,0.000000,,,0,1,,,,,7.675116,MEDIUM
ga,hfvrp_n075_m15_s02,75,15,0.100000,19345,4129.456762,13339.319100,5463.388672,0.000000,,,0,1,,,,,16.575562,BIG
ga,hfvrp_n075_m15_s05,75,15,0.100000,999,4229.624345,12880.059271,5517.630272,0.000000,,,0,1,,,,,16.510598,BIG
ga,hfvrp_n100_m20_s01,100,20,0.100000,100,7242.273253,19245.603106,9166.833564,0.000000,,,0,1,,,,,7.520409,MEDIUM
ga,hfvrp_n075_m15_s02,75,15,0.100000,1787965134331968244,5847.629254,13861.744429,7233.803697,0.000000,,,0,1,,,,,0.270068,DEFAULT
ga,hfvrp_n075_m15_s02,75,15,0.100000,1787965130311006397,6892.507923,22964.607863,9188.968709,0.000000,,,0,1,,,,,0.037931,SMALL
ga,hfvrp_n075_m15_s03,75,15,0.100000,1234,3981.175960,15164.340026,5497.609963,0.000000,,,0,1,,,,,16.797755,BIG
ga,hfvrp_n075_m15_s05,75,15,0.100000,1234,5514.026352,14628.787441,6976.905096,0.000000,,,0,1,,,,,0.270094,DEFAULT
ga,hfvrp_n075_m15_s05,75,15,0.100000,1234,6738.998892,19289.180697,8667.916962,0.000000,,,0,1,,,,,0.039247,SMALL
ga,hfvrp_n075_m15_s03,75,15,0.100000,9999,5737.300061,21922.571561,7929.557218,0.000000,,,0,1,,,,,0.268505,DEFAULT
ga,hfvrp_n075_m15_s03,75,15,0.100000,9999,7185.881735,25641.941872,9750.075923,0.000000,,,0,1,,,,,0.033616,SMALL
ga,hfvrp_n075_m15_s02,75,15,0.100000,1787965126060804407,4084.799049,13073.003882,5392.099437,0.000000,,,0,1,,,,,5.391645,MEDIUM
ga,hfvrp_n075_m15_s05,75,15,0.100000,1234,4395.984159,8485.769850,5244.561145,0.000000,,,0,1,,,,,5.545074,MEDIUM
ga,hfvrp_n075_m15_s04,75,15,0.100000,999,4740.146071,9429.417763,5683.087848,0.000000,,,0,1,,,,,17.055774,BIG
ga,hfvrp_n075_m15_s03,75,15,0.100000,9999,4390.146399,13805.008139,5770.647213,0.000000,,,0,1,,,,,5.474961,MEDIUM
ga,hfvrp_n075_m15_s04,75,15,0.100000,1234,5004.202110,15985.955979,6602.797708,0.000000,,,0,1,,,,,0.277430,DEFAULT
ga,hfvrp_n075_m15_s04,75,15,0.100000,1234,6530.110915,24067.557377,8936.866652,0.000000,,,0,1,,,,,0.037121,SMALL
ga,hfvrp_n100_m20_s02,100,20,0.100000,1,5855.279106,22561.838032,8111.462909,0.000000,,,0,1,,,,,23.131055,BIG
ga,hfvrp_n075_m15_s04,75,15,0.100000,1234,4727.684973,10932.511888,5820.936162,0.000000,,,0,1,,,,,5.484976,MEDIUM
ga,hfvrp_n100_m20_s02,100,20,0.100000,10,8913.790445,32383.807786,12152.171223,0.000000,,,0,1,,,,,0.371485,DEFAULT
ga,hfvrp_n100_m20_s02,100,20,0.100000,10,9637.042755,34812.529984,13118.295753,0.000000,,,0,1,,,,,0.053292,SMALL
ga,hfvrp_n075_m15_s02,75,15,0.100000,1787967790046229723,4145.072446,12751.831426,5420.255589,0.000000,,,0,1,,,,,16.302464,BIG
ga,hfvrp_n100_m20_s01,100,20,0.100000,100,6899.125663,17158.344132,8614.960076,0.000000,,,0,1,,,,,22.922486,BIG
ga,hfvrp_n075_m15_s05,75,15,0.100000,1234,3818.523220,10720.469659,4890.570186,0.000000,,,0,1,,,,,16.637892,BIG
ga,hfvrp_n075_m15_s03,75,15,0.100000,9999,4121.021149,12861.805121,5407.201662,0.000000,,,0,1,,,,,16.708607,BIG
ga,hfvrp_n075_m15_s05,75,15,0.100000,9999,5699.384389,15663.804976,7265.764887,0.000000,,,0,1,,,,,0.278580,DEFAULT
ga,hfvrp_n075_m15_s05,75,15,0.100000,9999,6185.036033,17467.279421,7931.763975,0.000000,,,0,1,,,,,0.036776,SMALL
ga,hfvrp_n100_m20_s01,100,20,0.100000,200,9132.958580,26653.475871,11798.306167,0.000000,,,0,1,,,,,0.389726,DEFAULT
ga,hfvrp_n100_m20_s01,100,20,0.100000,200,10626.048425,28897.106511,13515.759076,0.000000,,,0,1,,,,,0.059636,SMALL
ga,hfvrp_n100_m20_s03,100,20,0.100000,1787968015467850690,8025.193528,17717.384603,9796.931988,0.000000,,,0,1,,,,,0.385986,DEFAULT
ga,hfvrp_n100_m20_s03,100,20,0.100000,1787967994388202970,10051.049733,42725.334987,14323.583231,0.000000,,,0,1,,,,,0.056523,SMALL
ga,hfvrp_n100_m20_s02,100,20,0.100000,10,5794.839369,19064.203358,7701.259705,0.000000,,,0,1,,,,,7.856630,MEDIUM
ga,hfvrp_n075_m15_s03,75,15,0.100000,19345,5232.650259,19459.764246,7178.626684,0.000000,,,0,1,,,,,0.272879,DEFAULT
ga,hfvrp_n075_m15_s03,75,15,0.100000,19345,6476.395567,28520.625339,9328.458101,0.000000,,,0,1,,,,,0.038837,SMALL
ga,hfvrp_n075_m15_s05,75,15,0.100000,9999,4120.194281,12564.382084,5376.632489,0.000000,,,0,1,,,,,5.452602,MEDIUM
ga,hfvrp_n075_m15_s03,75,15,0.100000,19345,4316.692638,14165.949307,5733.287568,0.000000,,,0,1,,,,,5.465806,MEDIUM
ga,hfvrp_n100_m20_s01,100,20,0.100000,200,6396.592610,20680.139795,8464.606589,0.000000,,,0,1,,,,,7.566233,MEDIUM
ga,hfvrp_n100_m20_s03,100,20,0.100000,1787967998743476248,6649.318580,15588.689731,8208.187553,0.000000,,,0,1,,,,,7.527658,MEDIUM
ga,hfvrp_n075_m15_s04,75,15,0.100000,1234,4060.848323,11926.324115,5253.480734,0.000000,,,0,1,,,,,16.803889,BIG
ga,hfvrp_n075_m15_s04,75,15,0.100000,9999,5595.950998,13059.844668,6901.935465,0.000000,,,0,1,,,,,0.284111,DEFAULT
ga,hfvrp_n075_m15_s04,75,15,0.100000,9999,6872.719040,28354.021064,9708.121146,0.000000,,,0,1,,,,,0.035058,SMALL
ga,hfvrp_n075_m15_s04,75,15,0.100000,9999,4622.027105,11103.778882,5732.404993,0.000000,,,0,1,,,,,5.472412,MEDIUM
ga,hfvrp_n075_m15_s05,75,15,0.100000,9999,4216.589212,12789.915123,5495.580725,0.000000,,,0,1,,,,,16.585997,BIG
ga,hfvrp_n075_m15_s05,75,15,0.100000,19345,5217.219468,13339.361368,6551.155605,0.000000,,,0,1,,,,,0.276800,DEFAULT
ga,hfvrp_n075_m15_s05,75,15,0.100000,19345,6433.903237,23213.082327,8755.211470,0.000000,,,0,1,,,,,0.036063,SMALL
ga,hfvrp_n075_m15_s03,75,15,0.100000,19345,4217.549554,13937.629626,5611.312517,0.000000,,,0,1,,,,,16.469435,BIG
ga,hfvrp_n100_m20_s02,100,20,0.100000,10,6017.851425,20201.230276,8037.974452,0.000000,,,0,1,,,,,23.065281,BIG
ga,hfvrp_n075_m15_s03,75,15,0.100000,1787968199921453494,5537.318685,14726.940410,7010.012726,0.000000,,,0,1,,,,,0.284628,DEFAULT
ga,hfvrp_n075_m15_s03,75,15,0.100000,1787968204509544039,6092.492289,22937.156622,8386.207951,0.000000,,,0,1,,,,,0.043427,SMALL
ga,hfvrp_n100_m20_s02,100,20,0.100000,50,7740.647818,35207.944153,11261.442233,0.000000,,,0,1,,,,,0.367090,DEFAULT
ga,hfvrp_n100_m20_s02,100,20,0.100000,50,9089.136484,28279.801062,11917.116590,0.000000,,,0,1,,,,,0.053230,SMALL
ga,hfvrp_n075_m15_s05,75,15,0.100000,19345,3908.248367,13232.528294,5231.501196,0.000000,,,0,1,,,,,5.457272,MEDIUM
ga,hfvrp_n100_m20_s01,100,20,0.100000,200,6692.769905,18958.584612,8588.628367,0.000000,,,0,1,,,,,23.108267,BIG
ga,hfvrp_n075_m15_s03,75,15,0.100000,1787968191676294203,4353.904469,15571.632534,5911.067723,0.000000,,,0,1,,,,,5.444122,MEDIUM
ga,hfvrp_n100_m20_s03,100,20,0.100000,1787968023455279739,6665.722078,17322.958554,8398.017934,0.000000,,,0,1,,,,,23.396420,BIG
ga,hfvrp_n100_m20_s01,100,20,0.100000,999,7906.560275,26601.059155,10566.666191,0.000000,,,0,1,,,,,0.379440,DEFAULT
ga,hfvrp_n100_m20_s01,100,20,0.100000,999,10568.446019,48974.882054,15465.934224,0.000000,,,0,1,,,,,0.058718,SMALL
ga,hfvrp_n100_m20_s03,100,20,0.100000,1,7930.328336,23222.708133,10252.599149,0.000000,,,0,1,,,,,0.392377,DEFAULT
ga,hfvrp_n100_m20_s03,100,20,0.100000,1,10769.484291,27869.715766,13556.455867,0.000000,,,0,1,,,,,0.057981,SMALL
ga,hfvrp_n075_m15_s04,75,15,0.100000,9999,4500.652594,10152.978850,5515.950479,0.000000,,,0,1,,,,,16.800533,BIG
ga,hfvrp_n100_m20_s02,100,20,0.100000,50,6082.594337,24017.300872,8484.324425,0.000000,,,0,1,,,,,7.801973,MEDIUM
ga,hfvrp_n075_m15_s04,75,15,0.100000,19345,5549.621343,14540.296905,7003.651033,0.000000,,,0,1,,,,,0.279845,DEFAULT
ga,hfvrp_n075_m15_s04,75,15,0.100000,19345,7665.711884,20751.381137,9740.849998,0.000000,,,0,1,,,,,0.039236,SMALL
ga,hfvrp_n100_m20_s01,100,20,0.100000,999,6519.786642,18917.562652,8411.542907,0.000000,,,0,1,,,,,7.505305,MEDIUM
ga,hfvrp_n100_m20_s03,100,20,0.100000,1,6999.766795,19404.518703,8940.218665,0.000000,,,0,1,,,,,7.570832,MEDIUM
ga,hfvrp_n075_m15_s04,75,15,0.100000,19345,4206.937321,10367.618778,5243.699199,0.000000,,,0,1,,,,,5.485019,MEDIUM
ga,hfvrp_n075_m15_s05,75,15,0.100000,19345,4137.169013,12488.892804,5386.058294,0.000000,,,0,1,,,,,16.659298,BIG
ga,hfvrp_n075_m15_s05,75,15,0.100000,1787968333285034108,5397.038073,12063.558183,6603.393891,0.000000,,,0,1,,,,,0.269689,DEFAULT
ga,hfvrp_n075_m15_s05,75,15,0.100000,1787968329266480225,6190.727032,17442.241212,7934.951153,0.000000,,,0,1,,,,,0.042052,SMALL
ga,hfvrp_n075_m15_s03,75,15,0.100000,1787968184239128788,4050.476681,15356.600417,5586.136723,0.000000,,,0,1,,,,,16.681215,BIG
ga,hfvrp_n100_m20_s04,100,20,0.100000,1787968457813267053,8108.769240,28246.360147,10933.405255,0.000000,,,0,1,,,,,0.383553,DEFAULT
ga,hfvrp_n100_m20_s04,100,20,0.100000,1787968462495958690,7971.935248,24955.632631,10467.498511,0.000000,,,0,1,,,,,0.058694,SMALL
ga,hfvrp_n075_m15_s05,75,15,0.100000,1787968325016949546,4868.863557,8642.844186,5733.147975,0.000000,,,0,1,,,,,5.488680,MEDIUM
ga,hfvrp_n100_m20_s02,100,20,0.100000,50,6493.202266,22746.696062,8767.871872,0.000000,,,0,1,,,,,23.082984,BIG
ga,hfvrp_n100_m20_s04,100,20,0.100000,1787968466853661706,6630.968867,16700.681349,8301.037001,0.000000,,,0,1,,,,,7.461733,MEDIUM
ga,hfvrp_n100_m20_s02,100,20,0.100000,75,8329.469427,28927.460487,11222.215475,0.000000,,,0,1,,,,,0.367175,DEFAULT
ga,hfvrp_n100_m20_s02,100,20,0.100000,75,9227.936824,40000.882523,13228.025076,0.000000,,,0,1,,,,,0.053771,SMALL
ga,hfvrp_n075_m15_s04,75,15,0.100000,19345,4379.897360,11693.257818,5549.223142,0.000000,,,0,1,,,,,17.176696,BIG
ga,hfvrp_n100_m20_s01,100,20,0.100000,999,6683.784685,20652.170133,8749.001698,0.000000,,,0,1,,,,,22.694428,BIG
ga,hfvrp_n100_m20_s03,100,20,0.100000,1,5677.092675,17668.373820,7443.930057,0.000000,,,0,1,,,,,23.195899,BIG
ga,hfvrp_n075_m15_s04,75,15,0.100000,1787968398839479145,5774.106602,11952.827344,6969.389337,0.000000,,,0,1,,,,,0.284009,DEFAULT
ga,hfvrp_n075_m15_s04,75,15,0.100000,1787968407717325211,7515.521685,25033.041382,10018.825824,0.000000,,,0,1,,,,,0.039489,SMALL
ga,hfvrp_n100_m20_s01,100,20,0.100000,1234,8594.423604,32776.600245,11872.083629,0.000000,,,0,1,,,,,0.378149,DEFAULT
ga,hfvrp_n100_m20_s01,100,20,0.100000,1234,10059.079332,39224.415929,13981.520925,0.000000,,,0,1,,,,,0.053681,SMALL
ga,hfvrp_n100_m20_s03,100,20,0.100000,10,8350.663396,27204.102244,11071.073620,0.000000,,,0,1,,,,,0.377851,DEFAULT
ga,hfvrp_n100_m20_s03,100,20,0.100000,10,11165.309209,32238.526027,14389.161812,0.000000,,,0,1,,,,,0.057295,SMALL
ga,hfvrp_n100_m20_s02,100,20,0.100000,75,6625.466524,22835.569103,8909.023435,0.000000,,,0,1,,,,,7.686907,MEDIUM
ga,hfvrp_n075_m15_s05,75,15,0.100000,1787968463653407167,4011.503772,12686.828742,5280.186646,0.000000,,,0,1,,,,,16.835178,BIG
ga,hfvrp_n075_m15_s04,75,15,0.100000,1787968583854333197,4469.749537,12544.685878,5724.218125,0.000000,,,0,1,,,,,5.459078,MEDIUM
ga,hfvrp_n100_m20_s05,100,20,0.100000,1787968512703777462,7763.325668,22976.074823,10060.933150,0.000000,,,0,1,,,,,0.391990,DEFAULT
ga,hfvrp_n100_m20_s05,100,20,0.100000,1787968508809741524,9552.283617,34129.295919,12965.213209,0.000000,,,0,1,,,,,0.056470,SMALL
ga,hfvrp_n100_m20_s01,100,20,0.100000,1234,6531.286943,19583.307522,8489.617695,0.000000,,,0,1,,,,,7.537808,MEDIUM
ga,hfvrp_n100_m20_s03,100,20,0.100000,10,6754.215569,21021.287985,8856.344367,0.000000,,,0,1,,,,,7.614464,MEDIUM
ga,hfvrp_n100_m20_s05,100,20,0.100000,1787968556116184190,6622.256488,20075.459335,8629.802421,0.000000,,,0,1,,,,,7.565530,MEDIUM
ga,hfvrp_n100_m20_s04,100,20,0.100000,1787968482909824063,5950.421889,17696.696373,7720.091526,0.000000,,,0,1,,,,,22.911213,BIG
ga,hfvrp_n100_m20_s04,100,20,0.100000,1,8524.030471,28623.372800,11386.367751,0.000000,,,0,1,,,,,0.379311,DEFAULT
ga,hfvrp_n100_m20_s04,100,20,0.100000,1,8941.123564,41037.864735,13044.910037,0.000000,,,0,1,,,,,0.053069,SMALL
ga,hfvrp_n075_m15_s04,75,15,0.100000,1787968499128758339,4843.840514,10603.579224,5904.198437,0.000000,,,0,1,,,,,16.893121,BIG
ga,hfvrp_n100_m20_s02,100,20,0.100000,75,6274.486515,21228.108966,8397.297412,0.000000,,,0,1,,,,,22.806258,BIG
ga,hfvrp_n100_m20_s02,100,20,0.100000,100,7900.367175,32594.693508,11159.836526,0.000000,,,0,1,,,,,0.366288,DEFAULT
ga,hfvrp_n100_m20_s02,100,20,0.100000,100,9250.315139,38581.937113,13108.508850,0.000000,,,0,1,,,,,0.053442,SMALL
ga,hfvrp_n100_m20_s04,100,20,0.100000,1,6334.871018,19015.960220,8236.467040,0.000000,,,0,1,,,,,9.001554,MEDIUM
ga,hfvrp_n150_m30_s01,150,30,0.100000,1787964245726214808,17824.354109,53941.045352,23218.458644,0.000000,,,0,1,,,,,0.693521,DEFAULT
ga,hfvrp_n150_m30_s01,150,30,0.100000,1787964242129356849,21830.188502,78565.686917,29686.757193,0.000000,,,0,1,,,,,0.094721,SMALL
ga,hfvrp_n100_m20_s01,100,20,0.100000,1234,6584.896700,18446.306641,8429.527364,0.000000,,,0,1,,,,,23.555311,BIG
ga,hfvrp_n100_m20_s03,100,20,0.100000,10,6439.856219,20037.885112,8443.644730,0.000000,,,0,1,,,,,23.102859,BIG
ga,hfvrp_n100_m20_s01,100,20,0.100000,9999,8685.359872,28435.595726,11528.919445,0.000000,,,0,1,,,,,0.374062,DEFAULT
ga,hfvrp_n100_m20_s01,100,20,0.100000,9999,10335.136663,31885.413627,13523.678026,0.000000,,,0,1,,,,,0.057508,SMALL
ga,hfvrp_n100_m20_s02,100,20,0.100000,100,5622.094855,22803.209156,7902.415770,0.000000,,,0,1,,,,,7.619399,MEDIUM
ga,hfvrp_n100_m20_s03,100,20,0.100000,50,8682.421669,28791.489741,11561.570643,0.000000,,,0,1,,,,,0.377081,DEFAULT
ga,hfvrp_n100_m20_s03,100,20,0.100000,50,10541.440497,32027.348821,13744.175379,0.000000,,,0,1,,,,,0.051587,SMALL
ga,hfvrp_n100_m20_s05,100,20,0.100000,1787968550805824387,6531.167316,18832.064916,8414.373808,0.000000,,,0,1,,,,,23.363912,BIG
ga,hfvrp_n100_m20_s05,100,20,0.100000,1,8310.791580,24082.769784,10719.068558,0.000000,,,0,1,,,,,0.385161,DEFAULT
ga,hfvrp_n100_m20_s05,100,20,0.100000,1,10898.759793,27866.345578,13685.394351,0.000000,,,0,1,,,,,0.059735,SMALL
ga,hfvrp_n100_m20_s01,100,20,0.100000,9999,6728.473167,20360.339112,8764.507079,0.000000,,,0,1,,,,,7.603911,MEDIUM
ga,hfvrp_n150_m30_s01,150,30,0.100000,1787964237933470462,12307.397940,34540.675506,15761.465491,0.000000,,,0,1,,,,,13.827541,MEDIUM
ga,hfvrp_n100_m20_s03,100,20,0.100000,50,6519.130328,18826.613982,8401.791726,0.000000,,,0,1,,,,,7.576491,MEDIUM
ga,hfvrp_n100_m20_s05,100,20,0.100000,1,6194.090136,19919.591232,8186.049260,0.000000,,,0,1,,,,,7.685493,MEDIUM
ga,hfvrp_n100_m20_s04,100,20,0.100000,1,5994.534804,14904.689014,7485.003705,0.000000,,,0,1,,,,,23.023216,BIG
ga,hfvrp_n100_m20_s04,100,20,0.100000,10,8329.431705,28498.076608,11179.239366,0.000000,,,0,1,,,,,0.380728,DEFAULT
ga,hfvrp_n100_m20_s04,100,20,0.100000,10,9601.270632,36819.183875,13283.189020,0.000000,,,0,1,,,,,0.058965,SMALL
ga,hfvrp_n100_m20_s02,100,20,0.100000,100,5887.359085,22871.710632,8174.530148,0.000000,,,0,1,,,,,23.168155,BIG
ga,hfvrp_n100_m20_s02,100,20,0.100000,200,7457.057371,26813.474324,10138.404803,0.000000,,,0,1,,,,,0.384013,DEFAULT
ga,hfvrp_n100_m20_s02,100,20,0.100000,200,9686.752826,40565.149140,13743.267740,0.000000,,,0,1,,,,,0.047577,SMALL
ga,hfvrp_n100_m20_s04,100,20,0.100000,10,6707.350042,15344.526773,8241.802720,0.000000,,,0,1,,,,,7.859173,MEDIUM
ga,hfvrp_n100_m20_s01,100,20,0.100000,9999,6321.311920,19501.030986,8271.415018,0.000000,,,0,1,,,,,23.242587,BIG
ga,hfvrp_n100_m20_s01,100,20,0.100000,19345,8353.151448,27538.153963,11106.966844,0.000000,,,0,1,,,,,0.374944,DEFAULT
ga,hfvrp_n100_m20_s01,100,20,0.100000,19345,10427.849272,30342.895816,13462.138853,0.000000,,,0,1,,,,,0.058730,SMALL
ga,hfvrp_n100_m20_s03,100,20,0.100000,50,5780.434334,17082.189663,7488.653300,0.000000,,,0,1,,,,,23.729914,BIG
ga,hfvrp_n100_m20_s02,100,20,0.100000,200,6517.794665,19195.456635,8437.340328,0.000000,,,0,1,,,,,7.574018,MEDIUM
ga,hfvrp_n100_m20_s05,100,20,0.100000,1,6415.773917,22800.707755,8695.844692,0.000000,,,0,1,,,,,23.382332,BIG
ga,hfvrp_n100_m20_s03,100,20,0.100000,75,7843.929658,26710.602770,10514.989935,0.000000,,,0,1,,,,,0.390111,DEFAULT
ga,hfvrp_n100_m20_s03,100,20,0.100000,75,10682.570959,33519.333032,14034.504262,0.000000,,,0,1,,,,,0.054791,SMALL
ga,hfvrp_n100_m20_s05,100,20,0.100000,10,8267.881212,29318.867390,11199.767951,0.000000,,,0,1,,,,,0.372915,DEFAULT
ga,hfvrp_n100_m20_s05,100,20,0.100000,10,9041.692817,38294.412793,12871.134096,0.000000,,,0,1,,,,,0.054769,SMALL
ga,hfvrp_n100_m20_s01,100,20,0.100000,19345,6568.693429,19256.586833,8494.352112,0.000000,,,0,1,,,,,7.698771,MEDIUM
ga,hfvrp_n100_m20_s03,100,20,0.100000,75,7472.822690,15062.855015,8979.108191,0.000000,,,0,1,,,,,7.737971,MEDIUM
ga,hfvrp_n100_m20_s05,100,20,0.100000,10,7034.015767,16915.185335,8725.534300,0.000000,,,0,1,,,,,7.762108,MEDIUM
ga,hfvrp_n100_m20_s04,100,20,0.100000,10,6018.131678,16847.946316,7702.926309,0.000000,,,0,1,,,,,23.338271,BIG
ga,hfvrp_n150_m30_s01,150,30,0.100000,1787964432153856237,12553.148665,32528.545944,15806.003259,0.000000,,,0,1,,,,,43.149747,BIG
ga,hfvrp_n100_m20_s04,100,20,0.100000,50,8001.536806,28198.947796,10821.431586,0.000000,,,0,1,,,,,0.378979,DEFAULT
ga,hfvrp_n100_m20_s04,100,20,0.100000,50,10305.779526,38267.696111,14132.549137,0.000000,,,0,1,,,,,0.052429,SMALL
ga,hfvrp_n100_m20_s02,100,20,0.100000,200,6026.247628,22453.921262,8271.639755,0.000000,,,0,1,,,,,22.740210,BIG
ga,hfvrp_n100_m20_s02,100,20,0.100000,999,8260.266337,23769.812749,10637.247612,0.000000,,,0,1,,,,,0.382385,DEFAULT
ga,hfvrp_n100_m20_s02,100,20,0.100000,999,11515.457358,51703.722138,16685.829572,0.000000,,,0,1,,,,,0.049666,SMALL
ga,hfvrp_n150_m30_s01,150,30,0.100000,1,18574.641328,65263.612265,25101.002554,0.000000,,,0,1,,,,,0.671331,DEFAULT
ga,hfvrp_n150_m30_s01,150,30,0.100000,1,22161.452254,77924.146403,29953.866895,0.000000,,,0,1,,,,,0.098365,SMALL
ga,hfvrp_n100_m20_s01,100,20,0.100000,19345,6625.910693,19830.938389,8609.004532,0.000000,,,0,1,,,,,23.071377,BIG
ga,hfvrp_n100_m20_s04,100,20,0.100000,50,6610.113036,23088.714126,8918.984449,0.000000,,,0,1,,,,,7.516808,MEDIUM
ga,hfvrp_n100_m20_s01,100,20,0.100000,1787964587118813326,8159.747235,30116.621350,11171.409369,0.000000,,,0,1,,,,,0.371597,DEFAULT
ga,hfvrp_n100_m20_s01,100,20,0.100000,1787964583199614056,9982.279744,32648.951053,13247.174849,0.000000,,,0,1,,,,,0.055889,SMALL
ga,hfvrp_n100_m20_s03,100,20,0.100000,75,6071.763676,18601.590846,7931.922761,0.000000,,,0,1,,,,,22.864449,BIG
ga,hfvrp_n100_m20_s02,100,20,0.100000,999,5701.255161,21191.394665,7820.394627,0.000000,,,0,1,,,,,7.589533,MEDIUM
ga,hfvrp_n100_m20_s05,100,20,0.100000,10,6273.817252,17486.461499,8022.463402,0.000000,,,0,1,,,,,23.303821,BIG
ga,hfvrp_n100_m20_s03,100,20,0.100000,100,8967.854410,23176.143066,11285.468717,0.000000,,,0,1,,,,,0.391938,DEFAULT
ga,hfvrp_n100_m20_s03,100,20,0.100000,100,9309.560327,38980.137738,13207.574101,0.000000,,,0,1,,,,,0.050709,SMALL
ga,hfvrp_n100_m20_s05,100,20,0.100000,50,8302.295496,31555.682776,11457.863773,0.000000,,,0,1,,,,,0.378141,DEFAULT
ga,hfvrp_n100_m20_s05,100,20,0.100000,50,9521.650877,46740.988284,14195.749705,0.000000,,,0,1,,,,,0.051435,SMALL
ga,hfvrp_n100_m20_s01,100,20,0.100000,1787964613324313243,6817.904419,17879.496259,8605.854045,0.000000,,,0,1,,,,,7.525479,MEDIUM
ga,hfvrp_n150_m30_s01,150,30,0.100000,1,12793.712842,39264.060539,16720.118896,0.000000,,,0,1,,,,,14.352150,MEDIUM
ga,hfvrp_n100_m20_s03,100,20,0.100000,100,6777.639198,19012.498797,8678.889078,0.000000,,,0,1,,,,,7.721998,MEDIUM
ga,hfvrp_n100_m20_s05,100,20,0.100000,50,6544.194474,22242.078810,8768.402355,0.000000,,,0,1,,,,,7.494937,MEDIUM
ga,hfvrp_n100_m20_s04,100,20,0.100000,50,6190.524368,17835.890175,7974.113385,0.000000,,,0,1,,,,,23.147004,BIG
ga,hfvrp_n100_m20_s04,100,20,0.100000,75,7491.985618,27117.019807,10203.687599,0.000000,,,0,1,,,,,0.377191,DEFAULT
ga,hfvrp_n100_m20_s04,100,20,0.100000,75,10610.624101,40889.270973,14699.551198,0.000000,,,0,1,,,,,0.048872,SMALL
ga,hfvrp_n100_m20_s02,100,20,0.100000,999,5866.356432,20595.926457,7925.949078,0.000000,,,0,1,,,,,23.419463,BIG
ga,hfvrp_n100_m20_s02,100,20,0.100000,1234,8493.677526,30961.303223,11589.807849,0.000000,,,0,1,,,,,0.380939,DEFAULT
ga,hfvrp_n100_m20_s02,100,20,0.100000,1234,11063.763196,40810.717414,15144.834937,0.000000,,,0,1,,,,,0.047522,SMALL
ga,hfvrp_n100_m20_s01,100,20,0.100000,1787964930097432700,6702.402577,18343.511176,8536.753694,0.000000,,,0,1,,,,,23.418118,BIG
ga,hfvrp_n100_m20_s04,100,20,0.100000,75,6154.863738,14437.347312,7598.598470,0.000000,,,0,1,,,,,7.547695,MEDIUM
ga,hfvrp_n100_m20_s03,100,20,0.100000,100,6400.102941,17016.379149,8101.740856,0.000000,,,0,1,,,,,22.827351,BIG
ga,hfvrp_n100_m20_s02,100,20,0.100000,1234,6841.242500,23058.094913,9147.051992,0.000000,,,0,1,,,,,7.596211,MEDIUM
ga,hfvrp_n100_m20_s05,100,20,0.100000,50,6731.131329,21295.007791,8860.632108,0.000000,,,0,1,,,,,22.963487,BIG
ga,hfvrp_n100_m20_s03,100,20,0.100000,200,7969.551963,22884.475755,10257.999538,0.000000,,,0,1,,,,,0.382810,DEFAULT
ga,hfvrp_n100_m20_s03,100,20,0.100000,200,10173.007159,36597.139612,13832.721120,0.000000,,,0,1,,,,,0.056256,SMALL
ga,hfvrp_n100_m20_s05,100,20,0.100000,75,8498.931358,29256.712258,11424.602584,0.000000,,,0,1,,,,,0.381336,DEFAULT
ga,hfvrp_n100_m20_s05,100,20,0.100000,75,10126.741380,33508.865596,13477.627940,0.000000,,,0,1,,,,,0.056743,SMALL
ga,hfvrp_n150_m30_s02,150,30,0.100000,1787964830700786281,17329.674629,58690.372059,23198.711835,0.000000,,,0,1,,,,,0.693074,DEFAULT
ga,hfvrp_n150_m30_s02,150,30,0.100000,1787965290965198056,21656.982808,71406.530012,28797.635810,0.000000,,,0,1,,,,,0.101098,SMALL
ga,hfvrp_n100_m20_s03,100,20,0.100000,200,6697.142173,20323.483202,8729.490493,0.000000,,,0,1,,,,,7.667663,MEDIUM
ga,hfvrp_n100_m20_s05,100,20,0.100000,75,6531.419661,20978.330378,8629.252699,0.000000,,,0,1,,,,,7.570791,MEDIUM
ga,hfvrp_n150_m30_s01,150,30,0.100000,1,13429.927525,29650.394495,16394.966974,0.000000,,,0,1,,,,,41.966413,BIG
ga,hfvrp_n100_m20_s04,100,20,0.100000,75,6041.781052,17026.755707,7744.456623,0.000000,,,0,1,,,,,23.145725,BIG
ga,hfvrp_n150_m30_s02,150,30,0.100000,1787965286777855300,12351.447827,33699.936393,15721.441467,0.000000,,,0,1,,,,,13.977236,MEDIUM
ga,hfvrp_n100_m20_s02,100,20,0.100000,1234,6036.370310,24071.087736,8443.479084,0.000000,,,0,1,,,,,22.935381,BIG
ga,hfvrp_n150_m30_s01,150,30,0.100000,10,17825.244320,75693.366472,25394.580967,0.000000,,,0,1,,,,,0.702426,DEFAULT
ga,hfvrp_n150_m30_s01,150,30,0.100000,10,19264.973913,88117.715808,28076.745493,0.000000,,,0,1,,,,,0.090696,SMALL
ga,hfvrp_n100_m20_s04,100,20,0.100000,100,8359.157454,25496.273278,10908.784782,0.000000,,,0,1,,,,,0.377309,DEFAULT
ga,hfvrp_n100_m20_s04,100,20,0.100000,100,10518.928060,33952.270987,13914.155158,0.000000,,,0,1,,,,,0.054610,SMALL
ga,hfvrp_n100_m20_s02,100,20,0.100000,9999,8432.807484,27509.733707,11183.780855,0.000000,,,0,1,,,,,0.366206,DEFAULT
ga,hfvrp_n100_m20_s02,100,20,0.100000,9999,10854.694553,38974.509190,14752.145472,0.000000,,,0,1,,,,,0.057134,SMALL
ga,hfvrp_n100_m20_s04,100,20,0.100000,100,6023.947321,15667.331195,7590.680441,0.000000,,,0,1,,,,,7.486602,MEDIUM
ga,hfvrp_n100_m20_s03,100,20,0.100000,200,6873.231198,19056.305798,8778.861778,0.000000,,,0,1,,,,,23.079344,BIG
ga,hfvrp_n100_m20_s02,100,20,0.100000,9999,5954.075599,20145.886031,7968.664202,0.000000,,,0,1,,,,,7.730796,MEDIUM
ga,hfvrp_n100_m20_s05,100,20,0.100000,75,6530.568348,19368.557072,8467.424056,0.000000,,,0,1,,,,,23.291381,BIG
ga,hfvrp_n100_m20_s05,100,20,0.100000,100,8385.044351,32573.702719,11642.414623,0.000000,,,0,1,,,,,0.377024,DEFAULT
ga,hfvrp_n100_m20_s03,100,20,0.100000,999,8780.449464,22189.387520,10999.388216,0.000000,,,0,1,,,,,0.382914,DEFAULT
ga,hfvrp_n100_m20_s05,100,20,0.100000,100,11037.467566,51616.115432,16199.079109,0.000000,,,0,1,,,,,0.049535,SMALL
ga,hfvrp_n100_m20_s03,100,20,0.100000,999,11347.899541,48524.097327,16200.309273,0.000000,,,0,1,,,,,0.046899,SMALL
ga,hfvrp_n150_m30_s01,150,30,0.100000,10,13170.741504,29577.308090,16128.472313,0.000000,,,0,1,,,,,14.003426,MEDIUM
ga,hfvrp_n100_m20_s03,100,20,0.100000,999,6612.492793,17653.629105,8377.855704,0.000000,,,0,1,,,,,7.709471,MEDIUM
ga,hfvrp_n100_m20_s05,100,20,0.100000,100,6527.649577,20886.020387,8616.251616,0.000000,,,0,1,,,,,7.767482,MEDIUM
ga,hfvrp_n100_m20_s04,100,20,0.100000,100,6492.793081,16397.532287,8132.546310,0.000000,,,0,1,,,,,22.886389,BIG
ga,hfvrp_n100_m20_s02,100,20,0.100000,9999,6064.761353,22050.495693,8269.810922,0.000000,,,0,1,,,,,22.782329,BIG
ga,hfvrp_n100_m20_s04,100,20,0.100000,200,7662.985640,27477.043421,10410.689982,0.000000,,,0,1,,,,,0.376949,DEFAULT
ga,hfvrp_n100_m20_s04,100,20,0.100000,200,9368.870404,35011.507371,12870.021141,0.000000,,,0,1,,,,,0.061224,SMALL
ga,hfvrp_n100_m20_s02,100,20,0.100000,19345,8972.640915,30218.736652,11994.514580,0.000000,,,0,1,,,,,0.399307,DEFAULT
ga,hfvrp_n100_m20_s02,100,20,0.100000,19345,9507.842401,45675.999889,14075.442390,0.000000,,,0,1,,,,,0.048707,SMALL
ga,hfvrp_n150_m30_s02,150,30,0.100000,1787965287880149015,11195.494967,31483.399708,14343.834938,0.000000,,,0,1,,,,,44.135552,BIG
ga,hfvrp_n100_m20_s04,100,20,0.100000,200,6096.968438,16856.266455,7782.595084,0.000000,,,0,1,,,,,7.501609,MEDIUM
ga,hfvrp_n100_m20_s02,100,20,0.100000,19345,5914.017788,16094.140127,7523.431800,0.000000,,,0,1,,,,,7.569316,MEDIUM
ga,hfvrp_n100_m20_s03,100,20,0.100000,999,6888.380152,20593.821678,8947.762319,0.000000,,,0,1,,,,,22.828286,BIG
ga,hfvrp_n100_m20_s05,100,20,0.100000,100,6151.349976,22887.010396,8440.051016,0.000000,,,0,1,,,,,22.828504,BIG
ga,hfvrp_n100_m20_s05,100,20,0.100000,200,7560.391981,27412.075744,10301.599555,0.000000,,,0,1,,,,,0.379377,DEFAULT
ga,hfvrp_n100_m20_s05,100,20,0.100000,200,8565.084168,39730.818536,12538.166022,0.000000,,,0,1,,,,,0.055693,SMALL
ga,hfvrp_n100_m20_s03,100,20,0.100000,1234,8454.301713,22698.933987,10724.195112,0.000000,,,0,1,,,,,0.383029,DEFAULT
ga,hfvrp_n100_m20_s03,100,20,0.100000,1234,11136.483228,30430.724035,14179.555632,0.000000,,,0,1,,,,,0.055536,SMALL
ga,hfvrp_n150_m30_s02,150,30,0.100000,1,17323.007938,37163.026618,21039.310599,0.000000,,,0,1,,,,,0.695317,DEFAULT
ga,hfvrp_n150_m30_s02,150,30,0.100000,1,20232.040209,75430.397407,27775.079950,0.000000,,,0,1,,,,,0.089456,SMALL
ga,hfvrp_n100_m20_s05,100,20,0.100000,200,6364.102365,18229.019924,8187.004357,0.000000,,,0,1,,,,,7.672919,MEDIUM
ga,hfvrp_n100_m20_s03,100,20,0.100000,1234,6135.804755,18427.662055,7978.570960,0.000000,,,0,1,,,,,7.553265,MEDIUM
ga,hfvrp_n150_m30_s01,150,30,0.100000,10,10920.428410,31910.382538,14111.466664,0.000000,,,0,1,,,,,43.034112,BIG
ga,hfvrp_n100_m20_s04,100,20,0.100000,200,6557.879003,15519.374511,8109.816454,0.000000,,,0,1,,,,,22.709498,BIG
ga,hfvrp_n150_m30_s01,150,30,0.100000,50,18051.984719,46878.074820,22739.792201,0.000000,,,0,1,,,,,0.676485,DEFAULT
ga,hfvrp_n150_m30_s01,150,30,0.100000,50,21435.456713,75436.264996,28979.083213,0.000000,,,0,1,,,,,0.097238,SMALL
ga,hfvrp_n150_m30_s02,150,30,0.100000,1,13866.712904,21816.591752,16048.372079,0.000000,,,0,1,,,,,14.335113,MEDIUM
ga,hfvrp_n100_m20_s02,100,20,0.100000,19345,5957.233821,21800.342088,8137.268029,0.000000,,,0,1,,,,,23.358368,BIG
ga,hfvrp_n100_m20_s04,100,20,0.100000,999,7377.452055,29421.469149,10319.598970,0.000000,,,0,1,,,,,0.375129,DEFAULT
ga,hfvrp_n100_m20_s04,100,20,0.100000,999,8527.319061,39469.074301,12474.226491,0.000000,,,0,1,,,,,0.054214,SMALL
ga,hfvrp_n100_m20_s02,100,20,0.100000,1787965811268354663,8388.971942,22949.105776,10683.882519,0.000000,,,0,1,,,,,0.387206,DEFAULT
ga,hfvrp_n100_m20_s02,100,20,0.100000,1787965755825302345,9975.624002,42370.737583,14212.697761,0.000000,,,0,1,,,,,0.053269,SMALL
ga,hfvrp_n100_m20_s04,100,20,0.100000,999,6362.706169,17689.936602,8131.699829,0.000000,,,0,1,,,,,7.653561,MEDIUM
ga,hfvrp_n100_m20_s02,100,20,0.100000,1787965751593144995,6067.950903,22117.391930,8279.690096,0.000000,,,0,1,,,,,7.669076,MEDIUM
ga,hfvrp_n100_m20_s05,100,20,0.100000,200,6523.874606,19018.261871,8425.700793,0.000000,,,0,1,,,,,23.246187,BIG
ga,hfvrp_n100_m20_s03,100,20,0.100000,1234,6358.556566,16533.670730,8011.923639,0.000000,,,0,1,,,,,22.888528,BIG
ga,hfvrp_n150_m30_s01,150,30,0.100000,50,12508.577350,33569.933588,15865.570709,0.000000,,,0,1,,,,,13.940164,MEDIUM
ga,hfvrp_n100_m20_s05,100,20,0.100000,999,8068.214804,26163.651795,10684.579983,0.000000,,,0,1,,,,,0.391649,DEFAULT
ga,hfvrp_n100_m20_s05,100,20,0.100000,999,9445.869856,55869.665768,15032.836433,0.000000,,,0,1,,,,,0.054060,SMALL
ga,hfvrp_n100_m20_s03,100,20,0.100000,9999,7344.181662,26264.874524,9970.669115,0.000000,,,0,1,,,,,0.370302,DEFAULT
ga,hfvrp_n100_m20_s03,100,20,0.100000,9999,10676.033226,50797.794339,15755.812660,0.000000,,,0,1,,,,,0.049932,SMALL
ga,hfvrp_n100_m20_s05,100,20,0.100000,999,6486.114745,19331.457436,8419.260488,0.000000,,,0,1,,,,,7.497906,MEDIUM
ga,hfvrp_n100_m20_s03,100,20,0.100000,9999,6561.029894,14882.233544,8049.253248,0.000000,,,0,1,,,,,7.544615,MEDIUM
ga,hfvrp_n100_m20_s04,100,20,0.100000,999,6041.765146,17142.195132,7755.984659,0.000000,,,0,1,,,,,23.528379,BIG
ga,hfvrp_n100_m20_s02,100,20,0.100000,1787965750682427895,5959.467257,27707.625591,8730.229816,0.000000,,,0,1,,,,,23.116112,BIG
ga,hfvrp_n100_m20_s04,100,20,0.100000,1234,7503.939668,28848.325280,10388.772196,0.000000,,,0,1,,,,,0.393141,DEFAULT
ga,hfvrp_n100_m20_s04,100,20,0.100000,1234,9518.506926,41603.846267,13678.891553,0.000000,,,0,1,,,,,0.050166,SMALL
ga,hfvrp_n150_m30_s03,150,30,0.100000,1787965350870976005,19444.245369,45490.459332,23993.291303,0.000000,,,0,1,,,,,0.710959,DEFAULT
ga,hfvrp_n150_m30_s03,150,30,0.100000,1787965338701691904,20760.014967,87926.307238,29552.645691,0.000000,,,0,1,,,,,0.099466,SMALL
ga,hfvrp_n150_m30_s02,150,30,0.100000,1,12346.549042,30967.341920,15443.283234,0.000000,,,0,1,,,,,41.960229,BIG
ga,hfvrp_n100_m20_s05,100,20,0.100000,999,6728.118465,22493.502863,8977.468752,0.000000,,,0,1,,,,,23.161716,BIG
ga,hfvrp_n100_m20_s04,100,20,0.100000,1234,6335.774431,15641.692110,7899.943642,0.000000,,,0,1,,,,,7.669344,MEDIUM
ga,hfvrp_n100_m20_s03,100,20,0.100000,9999,6004.323850,17046.552827,7708.979133,0.000000,,,0,1,,,,,23.529976,BIG
ga,hfvrp_n100_m20_s05,100,20,0.100000,1234,8201.233034,26035.677135,10804.800747,0.000000,,,0,1,,,,,0.384526,DEFAULT
ga,hfvrp_n100_m20_s05,100,20,0.100000,1234,10241.151725,43705.605147,14611.712239,0.000000,,,0,1,,,,,0.051386,SMALL
ga,hfvrp_n100_m20_s03,100,20,0.100000,19345,8216.753837,23403.031073,10557.056944,0.000000,,,0,1,,,,,0.377095,DEFAULT
ga,hfvrp_n100_m20_s03,100,20,0.100000,19345,11039.720746,31475.735383,14187.294284,0.000000,,,0,1,,,,,0.052921,SMALL
ga,hfvrp_n150_m30_s02,150,30,0.100000,10,16862.563623,40167.019953,20879.265618,0.000000,,,0,1,,,,,0.697483,DEFAULT
ga,hfvrp_n150_m30_s02,150,30,0.100000,10,19499.636063,62422.301366,25741.866199,0.000000,,,0,1,,,,,0.101765,SMALL
ga,hfvrp_n100_m20_s05,100,20,0.100000,1234,6464.174094,22148.497463,8679.023841,0.000000,,,0,1,,,,,7.563481,MEDIUM
ga,hfvrp_n150_m30_s03,150,30,0.100000,1787965343100681864,12837.591013,37872.118406,16624.802854,0.000000,,,0,1,,,,,13.832516,MEDIUM
ga,hfvrp_n150_m30_s01,150,30,0.100000,50,12288.209347,34413.315422,15729.540890,0.000000,,,0,1,,,,,42.369425,BIG
ga,hfvrp_n100_m20_s03,100,20,0.100000,19345,6303.725293,19073.505876,8211.075881,0.000000,,,0,1,,,,,7.515146,MEDIUM
ga,hfvrp_n150_m30_s01,150,30,0.100000,75,18705.896085,60579.334069,24763.829492,0.000000,,,0,1,,,,,0.684728,DEFAULT
ga,hfvrp_n150_m30_s01,150,30,0.100000,75,19036.451894,90512.342125,28087.686106,0.000000,,,0,1,,,,,0.095798,SMALL
ga,hfvrp_n150_m30_s02,150,30,0.100000,10,11555.726268,27336.401702,14289.366439,0.000000,,,0,1,,,,,14.267246,MEDIUM
ga,hfvrp_n100_m20_s04,100,20,0.100000,1234,6183.040503,16433.027885,7826.343291,0.000000,,,0,1,,,,,23.001471,BIG
ga,hfvrp_n100_m20_s04,100,20,0.100000,9999,8002.282721,29848.849592,10987.167680,0.000000,,,0,1,,,,,0.375928,DEFAULT
ga,hfvrp_n100_m20_s04,100,20,0.100000,9999,9111.927309,29709.740669,12082.901376,0.000000,,,0,1,,,,,0.060542,SMALL
ga,hfvrp_n150_m30_s01,150,30,0.100000,75,11957.936996,35979.566672,15555.893664,0.000000,,,0,1,,,,,13.849201,MEDIUM
ga,hfvrp_n100_m20_s05,100,20,0.100000,1234,6148.482919,21512.306871,8299.713606,0.000000,,,0,1,,,,,23.111652,BIG
ga,hfvrp_n100_m20_s04,100,20,0.100000,9999,6039.887160,17611.574530,7801.044613,0.000000,,,0,1,,,,,7.619985,MEDIUM
ga,hfvrp_n100_m20_s03,100,20,0.100000,19345,6358.912466,17510.861211,8109.998587,0.000000,,,0,1,,,,,23.243233,BIG
ga,hfvrp_n100_m20_s05,100,20,0.100000,9999,8783.746571,38500.230149,12633.769586,0.000000,,,0,1,,,,,0.383441,DEFAULT
ga,hfvrp_n100_m20_s05,100,20,0.100000,9999,11566.682627,44832.368445,16049.919471,0.000000,,,0,1,,,,,0.053742,SMALL
ga,hfvrp_n100_m20_s03,100,20,0.100000,1787966252251887021,10236.007548,28750.689036,13111.076452,0.000000,,,0,1,,,,,0.377530,DEFAULT
ga,hfvrp_n100_m20_s03,100,20,0.100000,1787966256928791950,10327.157690,22590.191147,12586.176805,0.000000,,,0,1,,,,,0.058560,SMALL
ga,hfvrp_n100_m20_s05,100,20,0.100000,9999,6481.774712,19115.976693,8393.372381,0.000000,,,0,1,,,,,7.732538,MEDIUM
ga,hfvrp_n100_m20_s03,100,20,0.100000,1787966261286517452,6044.422046,18882.097370,7932.631783,0.000000,,,0,1,,,,,7.671225,MEDIUM
ga,hfvrp_n150_m30_s03,150,30,0.100000,1787965606046189791,12254.426062,23798.618515,14634.287914,0.000000,,,0,1,,,,,43.064386,BIG
ga,hfvrp_n100_m20_s04,100,20,0.100000,9999,6047.658137,16139.653824,7661.623520,0.000000,,,0,1,,,,,23.216990,BIG
ga,hfvrp_n150_m30_s03,150,30,0.100000,1,17839.899760,57104.126734,23550.312433,0.000000,,,0,1,,,,,0.669639,DEFAULT
ga,hfvrp_n150_m30_s03,150,30,0.100000,1,20138.477042,73714.241818,27509.901224,0.000000,,,0,1,,,,,0.105841,SMALL
ga,hfvrp_n100_m20_s04,100,20,0.100000,19345,8415.365887,28761.359594,11291.501847,0.000000,,,0,1,,,,,0.378446,DEFAULT
ga,hfvrp_n100_m20_s04,100,20,0.100000,19345,8697.893819,38150.364320,12512.930251,0.000000,,,0,1,,,,,0.052097,SMALL
ga,hfvrp_n150_m30_s02,150,30,0.100000,10,10978.111481,27811.344588,13759.245940,0.000000,,,0,1,,,,,41.796410,BIG
ga,hfvrp_n100_m20_s05,100,20,0.100000,9999,5973.680108,20791.414759,8052.821584,0.000000,,,0,1,,,,,23.149533,BIG
ga,hfvrp_n100_m20_s05,100,20,0.100000,19345,7735.211603,25091.781837,10244.389787,0.000000,,,0,1,,,,,0.394738,DEFAULT
ga,hfvrp_n100_m20_s05,100,20,0.100000,19345,11121.909832,36168.884359,14738.798268,0.000000,,,0,1,,,,,0.050520,SMALL
ga,hfvrp_n100_m20_s04,100,20,0.100000,19345,6410.176536,18071.054034,8217.281940,0.000000,,,0,1,,,,,7.456751,MEDIUM
ga,hfvrp_n100_m20_s03,100,20,0.100000,1787966243192655101,6658.854483,14173.770238,8076.231507,0.000000,,,0,1,,,,,23.085594,BIG
ga,hfvrp_n150_m30_s03,150,30,0.100000,1,12828.318097,38850.213059,16713.339403,0.000000,,,0,1,,,,,13.519181,MEDIUM
ga,hfvrp_n150_m30_s02,150,30,0.100000,50,18370.678268,44692.451866,22839.923454,0.000000,,,0,1,,,,,0.672355,DEFAULT
ga,hfvrp_n150_m30_s02,150,30,0.100000,50,23146.323142,69953.439808,30141.667123,0.000000,,,0,1,,,,,0.096582,SMALL
ga,hfvrp_n150_m30_s04,150,30,0.100000,1787966281088334009,20763.579156,50210.607953,25784.639951,0.000000,,,0,1,,,,,0.693222,DEFAULT
ga,hfvrp_n150_m30_s04,150,30,0.100000,1787966294676983875,24280.256872,97780.269256,34058.283797,0.000000,,,0,1,,,,,0.097666,SMALL
ga,hfvrp_n100_m20_s05,100,20,0.100000,19345,6407.480801,17754.152423,8182.896043,0.000000,,,0,1,,,,,7.674626,MEDIUM
ga,hfvrp_n150_m30_s01,150,30,0.100000,75,11686.272689,40380.756120,15724.348301,0.000000,,,0,1,,,,,44.244656,BIG
ga,hfvrp_n150_m30_s01,150,30,0.100000,100,18467.249539,58899.643625,24357.213902,0.000000,,,0,1,,,,,0.680990,DEFAULT
ga,hfvrp_n150_m30_s01,150,30,0.100000,100,23715.588116,80744.000712,31789.988187,0.000000,,,0,1,,,,,0.096043,SMALL
ga,hfvrp_n150_m30_s02,150,30,0.100000,50,11134.389158,30586.896086,14193.078767,0.000000,,,0,1,,,,,14.083929,MEDIUM
ga,hfvrp_n150_m30_s04,150,30,0.100000,1787966290484194878,14091.095501,39399.358273,18031.031328,0.000000,,,0,1,,,,,14.035833,MEDIUM
ga,hfvrp_n100_m20_s04,100,20,0.100000,19345,6143.613700,18428.920694,7986.505769,0.000000,,,0,1,,,,,23.100649,BIG
ga,hfvrp_n100_m20_s04,100,20,0.100000,1787966039421624899,8576.078660,31247.509000,11700.829560,0.000000,,,0,1,,,,,0.376952,DEFAULT
ga,hfvrp_n100_m20_s04,100,20,0.100000,1787966035508079412,9864.815890,39412.492451,13806.065135,0.000000,,,0,1,,,,,0.051990,SMALL
ga,hfvrp_n150_m30_s01,150,30,0.100000,100,11690.904459,28299.798171,14520.884276,0.000000,,,0,1,,,,,13.673926,MEDIUM
ga,hfvrp_n100_m20_s05,100,20,0.100000,19345,6347.724526,17850.666782,8132.791205,0.000000,,,0,1,,,,,22.943804,BIG
ga,hfvrp_n100_m20_s05,100,20,0.100000,1787966131151942328,8506.786245,30904.577852,11597.244030,0.000000,,,0,1,,,,,0.367131,DEFAULT
ga,hfvrp_n100_m20_s05,100,20,0.100000,1787966127228576433,8657.348944,48011.081869,13458.457131,0.000000,,,0,1,,,,,0.049830,SMALL
ga,hfvrp_n100_m20_s04,100,20,0.100000,1787966048449248873,6198.435027,16319.601303,7830.395157,0.000000,,,0,1,,,,,7.611635,MEDIUM
ga,hfvrp_n100_m20_s05,100,20,0.100000,1787966157347530373,7107.691969,19023.564218,9010.048391,0.000000,,,0,1,,,,,7.637768,MEDIUM
ga,hfvrp_n150_m30_s03,150,30,0.100000,1,13908.870580,24680.886424,16376.959222,0.000000,,,0,1,,,,,41.711840,BIG
ga,hfvrp_n150_m30_s03,150,30,0.100000,10,18236.081644,51067.055730,23342.787217,0.000000,,,0,1,,,,,0.692376,DEFAULT
ga,hfvrp_n150_m30_s03,150,30,0.100000,10,19775.412010,74967.646094,27272.176620,0.000000,,,0,1,,,,,0.101414,SMALL
ga,hfvrp_n100_m20_s04,100,20,0.100000,1787966154854404485,6244.182117,17963.556130,8040.537730,0.000000,,,0,1,,,,,23.050987,BIG
ga,hfvrp_n150_m30_s04,150,30,0.100000,1787966081186752533,13603.852323,32654.093227,16869.261645,0.000000,,,0,1,,,,,41.568876,BIG
ga,hfvrp_n150_m30_s02,150,30,0.100000,50,11994.717806,35328.271007,15527.544906,0.000000,,,0,1,,,,,42.834536,BIG
ga,hfvrp_n100_m20_s05,100,20,0.100000,1787966139220337940,6345.156575,20035.584009,8348.714975,0.000000,,,0,1,,,,,22.914527,BIG
ga,hfvrp_n150_m30_s05,150,30,0.100000,1787980121717139326,17529.516832,35704.321665,21099.948998,0.000000,,,0,1,,,,,0.669034,DEFAULT
ga,hfvrp_n150_m30_s05,150,30,0.100000,1787980126691205734,20469.038592,63356.861083,26804.724701,0.000000,,,0,1,,,,,0.101833,SMALL
ga,hfvrp_n150_m30_s03,150,30,0.100000,10,12899.322189,28556.626566,15754.984846,0.000000,,,0,1,,,,,14.036412,MEDIUM
ga,hfvrp_n150_m30_s04,150,30,0.100000,1,17905.281086,52189.178311,23124.198917,0.000000,,,0,1,,,,,0.669085,DEFAULT
ga,hfvrp_n150_m30_s04,150,30,0.100000,1,23935.212611,82574.844364,32192.697048,0.000000,,,0,1,,,,,0.096179,SMALL
ga,hfvrp_n150_m30_s01,150,30,0.100000,100,12131.099952,30494.804714,15180.580423,0.000000,,,0,1,,,,,43.033394,BIG
ga,hfvrp_n150_m30_s02,150,30,0.100000,75,17871.078596,48789.028532,22749.981450,0.000000,,,0,1,,,,,0.711932,DEFAULT
ga,hfvrp_n150_m30_s02,150,30,0.100000,75,20456.662528,76773.529963,28134.015524,0.000000,,,0,1,,,,,0.096179,SMALL
ga,hfvrp_n150_m30_s05,150,30,0.100000,1787980113915494725,11481.014700,30215.781860,14502.592886,0.000000,,,0,1,,,,,14.093904,MEDIUM
ga,hfvrp_n150_m30_s01,150,30,0.100000,200,16349.334731,50340.844569,21383.419188,0.000000,,,0,1,,,,,0.702301,DEFAULT
ga,hfvrp_n150_m30_s01,150,30,0.100000,200,18542.048594,78731.518803,26415.200474,0.000000,,,0,1,,,,,0.093866,SMALL
ga,hfvrp_n150_m30_s04,150,30,0.100000,1,13389.913736,42800.513123,17669.965049,0.000000,,,0,1,,,,,14.246989,MEDIUM
ga,hfvrp_n150_m30_s02,150,30,0.100000,75,12501.076648,34348.862930,15935.962941,0.000000,,,0,1,,,,,13.742322,MEDIUM
ga,hfvrp_n150_m30_s01,150,30,0.100000,200,13025.203127,33296.663631,16354.869490,0.000000,,,0,1,,,,,13.946681,MEDIUM
ga,hfvrp_n200_m40_s01,200,40,0.100000,1787980105089161005,33159.895313,70417.477900,40201.643103,0.000000,,,0,1,,,,,1.335446,DEFAULT
ga,hfvrp_n200_m40_s01,200,40,0.100000,1787980050595143409,40998.211256,98926.284153,50890.839672,0.000000,,,0,1,,,,,0.161193,SMALL
ga,hfvrp_n150_m30_s03,150,30,0.100000,10,11681.830099,36539.658635,15335.795962,0.000000,,,0,1,,,,,42.708496,BIG
ga,hfvrp_n150_m30_s03,150,30,0.100000,50,18757.717550,61386.696342,24896.387184,0.000000,,,0,1,,,,,0.682498,DEFAULT
ga,hfvrp_n150_m30_s03,150,30,0.100000,50,21419.489425,93866.355640,30806.124989,0.000000,,,0,1,,,,,0.105570,SMALL
ga,hfvrp_n150_m30_s05,150,30,0.100000,1787980067890221877,11201.129393,26972.350399,13898.364433,0.000000,,,0,1,,,,,42.829944,BIG
ga,hfvrp_n200_m40_s01,200,40,0.100000,1787980055056324652,23297.496613,46498.918657,27947.388479,0.000000,,,0,1,,,,,25.751497,MEDIUM
ga,hfvrp_n150_m30_s04,150,30,0.100000,1,13619.790559,29973.113681,16617.101928,0.000000,,,0,1,,,,,43.521828,BIG
ga,hfvrp_n150_m30_s05,150,30,0.100000,1,17902.468539,44685.041388,22370.972678,0.000000,,,0,1,,,,,0.688151,DEFAULT
ga,hfvrp_n150_m30_s05,150,30,0.100000,1,20187.267834,48031.854419,24990.453276,0.000000,,,0,1,,,,,0.095614,SMALL
ga,hfvrp_n150_m30_s02,150,30,0.100000,75,12832.322832,25565.444579,15388.867290,0.000000,,,0,1,,,,,42.608603,BIG
ga,hfvrp_n150_m30_s03,150,30,0.100000,50,12313.350795,26067.379688,14920.088764,0.000000,,,0,1,,,,,13.722830,MEDIUM
ga,hfvrp_n150_m30_s04,150,30,0.100000,10,19017.085723,60487.402875,25065.826011,0.000000,,,0,1,,,,,0.697436,DEFAULT
ga,hfvrp_n150_m30_s04,150,30,0.100000,10,23546.797357,97423.881672,33289.185525,0.000000,,,0,1,,,,,0.085030,SMALL
ga,hfvrp_n150_m30_s01,150,30,0.100000,200,11168.736052,32160.629391,14384.798991,0.000000,,,0,1,,,,,42.435075,BIG
ga,hfvrp_n150_m30_s02,150,30,0.100000,100,17822.692993,40693.976048,21892.090598,0.000000,,,0,1,,,,,0.686010,DEFAULT
ga,hfvrp_n150_m30_s02,150,30,0.100000,100,18909.700268,54844.250486,24394.125317,0.000000,,,0,1,,,,,0.097282,SMALL
ga,hfvrp_n150_m30_s05,150,30,0.100000,1,13338.775013,31913.688145,16530.143828,0.000000,,,0,1,,,,,13.601574,MEDIUM
ga,hfvrp_n150_m30_s01,150,30,0.100000,999,17484.021304,66317.662023,24115.787507,0.000000,,,0,1,,,,,0.684136,DEFAULT
ga,hfvrp_n150_m30_s01,150,30,0.100000,999,22596.200405,62704.734093,28866.673814,0.000000,,,0,1,,,,,0.096628,SMALL
ga,hfvrp_n150_m30_s04,150,30,0.100000,10,14387.589329,34077.889267,17795.378255,0.000000,,,0,1,,,,,13.841307,MEDIUM
ga,hfvrp_n150_m30_s02,150,30,0.100000,100,13049.032496,30766.852108,16125.717707,0.000000,,,0,1,,,,,13.966614,MEDIUM
ga,hfvrp_n150_m30_s01,150,30,0.100000,999,12053.287628,26233.075001,14676.595128,0.000000,,,0,1,,,,,14.113718,MEDIUM
ga,hfvrp_n150_m30_s03,150,30,0.100000,50,13014.559367,24116.798739,15426.239241,0.000000,,,0,1,,,,,42.363249,BIG
ga,hfvrp_n150_m30_s03,150,30,0.100000,75,18973.316399,56364.056916,24609.722091,0.000000,,,0,1,,,,,0.691568,DEFAULT
ga,hfvrp_n150_m30_s03,150,30,0.100000,75,20763.137040,92319.457612,29995.082801,0.000000,,,0,1,,,,,0.101795,SMALL
ga,hfvrp_n150_m30_s05,150,30,0.100000,1,12227.421343,26732.741863,14900.695530,0.000000,,,0,1,,,,,43.246909,BIG
ga,hfvrp_n150_m30_s04,150,30,0.100000,10,13477.462243,35656.235514,17043.085794,0.000000,,,0,1,,,,,43.183396,BIG
ga,hfvrp_n150_m30_s05,150,30,0.100000,10,17806.208170,34385.179411,21244.726111,0.000000,,,0,1,,,,,0.692023,DEFAULT
ga,hfvrp_n150_m30_s05,150,30,0.100000,10,18999.119144,72339.651264,26233.084271,0.000000,,,0,1,,,,,0.097772,SMALL
ga,hfvrp_n150_m30_s03,150,30,0.100000,75,13544.671804,33157.682691,16860.440073,0.000000,,,0,1,,,,,14.015730,MEDIUM
ga,hfvrp_n150_m30_s04,150,30,0.100000,50,18315.551524,56971.239281,24012.675452,0.000000,,,0,1,,,,,0.685505,DEFAULT
ga,hfvrp_n150_m30_s04,150,30,0.100000,50,20269.005216,89424.154196,29211.420636,0.000000,,,0,1,,,,,0.102772,SMALL
ga,hfvrp_n150_m30_s02,150,30,0.100000,100,12371.753287,32697.346230,15641.487910,0.000000,,,0,1,,,,,42.940790,BIG
ga,hfvrp_n150_m30_s01,150,30,0.100000,999,11006.035771,31962.622212,14202.297992,0.000000,,,0,1,,,,,41.902121,BIG
ga,hfvrp_n200_m40_s01,200,40,0.100000,1787980338512947864,20630.092380,35855.381941,24215.630574,0.000000,,,0,1,,,,,79.392062,BIG
ga,hfvrp_n150_m30_s05,150,30,0.100000,10,11531.391497,26478.402731,14179.231770,0.000000,,,0,1,,,,,14.004702,MEDIUM
ga,hfvrp_n150_m30_s02,150,30,0.100000,200,16500.692335,44811.437148,20981.836049,0.000000,,,0,1,,,,,0.704431,DEFAULT
ga,hfvrp_n150_m30_s01,150,30,0.100000,1234,17787.719332,62212.557922,24008.975124,0.000000,,,0,1,,,,,0.702944,DEFAULT
ga,hfvrp_n150_m30_s02,150,30,0.100000,200,21581.592684,61621.106447,27743.703329,0.000000,,,0,1,,,,,0.093191,SMALL
ga,hfvrp_n150_m30_s01,150,30,0.100000,1234,19241.492232,95599.889930,28801.481225,0.000000,,,0,1,,,,,0.092211,SMALL
ga,hfvrp_n150_m30_s04,150,30,0.100000,50,13566.488301,38661.949406,17432.683241,0.000000,,,0,1,,,,,13.927258,MEDIUM
ga,hfvrp_n150_m30_s01,150,30,0.100000,1234,12839.553717,33190.137796,16158.567496,0.000000,,,0,1,,,,,13.657007,MEDIUM
ga,hfvrp_n150_m30_s02,150,30,0.100000,200,11892.781176,23214.822761,14214.263452,0.000000,,,0,1,,,,,14.235201,MEDIUM
ga,hfvrp_n200_m40_s01,200,40,0.100000,1,30855.655143,83218.644717,39177.519615,0.000000,,,0,1,,,,,1.314110,DEFAULT
ga,hfvrp_n200_m40_s01,200,40,0.100000,1,41048.975750,165088.329784,57557.808729,0.000000,,,0,1,,,,,0.160001,SMALL
ga,hfvrp_n150_m30_s03,150,30,0.100000,75,13604.903195,30338.731290,16638.776324,0.000000,,,0,1,,,,,42.413298,BIG
ga,hfvrp_n150_m30_s03,150,30,0.100000,100,18181.035248,54075.650110,23588.600259,0.000000,,,0,1,,,,,0.690567,DEFAULT
ga,hfvrp_n150_m30_s03,150,30,0.100000,100,20047.670017,81737.018153,28221.371832,0.000000,,,0,1,,,,,0.105267,SMALL
ga,hfvrp_n150_m30_s05,150,30,0.100000,10,11452.154313,20589.006471,13511.054960,0.000000,,,0,1,,,,,42.901588,BIG
ga,hfvrp_n150_m30_s04,150,30,0.100000,50,14120.404864,38847.917704,18005.196634,0.000000,,,0,1,,,,,42.389715,BIG
ga,hfvrp_n150_m30_s05,150,30,0.100000,50,18802.479911,38625.594720,22665.039383,0.000000,,,0,1,,,,,0.672631,DEFAULT
ga,hfvrp_n150_m30_s05,150,30,0.100000,50,20629.873331,70350.886354,27664.961967,0.000000,,,0,1,,,,,0.093707,SMALL
ga,hfvrp_n150_m30_s03,150,30,0.100000,100,13692.195820,29456.904228,16637.886243,0.000000,,,0,1,,,,,14.023736,MEDIUM
ga,hfvrp_n200_m40_s01,200,40,0.100000,1,22372.866293,42173.694892,26590.235782,0.000000,,,0,1,,,,,26.594141,MEDIUM
ga,hfvrp_n150_m30_s04,150,30,0.100000,75,19417.361256,70743.917286,26491.752985,0.000000,,,0,1,,,,,0.700822,DEFAULT
ga,hfvrp_n150_m30_s04,150,30,0.100000,75,21798.165686,104897.982421,32287.963928,0.000000,,,0,1,,,,,0.091117,SMALL
ga,hfvrp_n150_m30_s01,150,30,0.100000,1234,12165.853271,26355.383220,14801.391593,0.000000,,,0,1,,,,,42.379715,BIG
ga,hfvrp_n150_m30_s02,150,30,0.100000,200,12181.246203,34620.881149,15643.334317,0.000000,,,0,1,,,,,42.865997,BIG
ga,hfvrp_n150_m30_s05,150,30,0.100000,50,13307.966211,32285.521359,16536.518347,0.000000,,,0,1,,,,,13.650333,MEDIUM
ga,hfvrp_n150_m30_s01,150,30,0.100000,9999,16738.328847,46675.068473,21405.835694,0.000000,,,0,1,,,,,0.673810,DEFAULT
ga,hfvrp_n150_m30_s01,150,30,0.100000,9999,20935.194433,83595.024531,29294.696886,0.000000,,,0,1,,,,,0.091990,SMALL
ga,hfvrp_n150_m30_s04,150,30,0.100000,75,13572.007687,37669.476447,17338.955332,0.000000,,,0,1,,,,,13.897422,MEDIUM
ga,hfvrp_n150_m30_s02,150,30,0.100000,999,18294.923608,40488.816639,22343.805272,0.000000,,,0,1,,,,,0.656997,DEFAULT
ga,hfvrp_n150_m30_s02,150,30,0.100000,999,21832.321528,56272.258448,27459.547373,0.000000,,,0,1,,,,,0.088683,SMALL
ga,hfvrp_n150_m30_s01,150,30,0.100000,9999,11607.944485,36190.844242,15227.028909,0.000000,,,0,1,,,,,14.123559,MEDIUM
ga,hfvrp_n150_m30_s02,150,30,0.100000,999,14081.296511,21611.753639,16242.471875,0.000000,,,0,1,,,,,14.107889,MEDIUM
ga,hfvrp_n150_m30_s03,150,30,0.100000,100,12420.685390,32090.621344,15629.747524,0.000000,,,0,1,,,,,41.849376,BIG
ga,hfvrp_n150_m30_s03,150,30,0.100000,200,18610.590547,62549.658670,24865.556414,0.000000,,,0,1,,,,,0.676766,DEFAULT
ga,hfvrp_n150_m30_s03,150,30,0.100000,200,21427.385904,85198.711934,29947.257098,0.000000,,,0,1,,,,,0.099955,SMALL
ga,hfvrp_n150_m30_s05,150,30,0.100000,50,11603.412332,29439.046308,14547.316963,0.000000,,,0,1,,,,,42.391301,BIG
ga,hfvrp_n150_m30_s04,150,30,0.100000,75,13202.343979,38033.472397,17005.691219,0.000000,,,0,1,,,,,42.433274,BIG
ga,hfvrp_n150_m30_s05,150,30,0.100000,75,19477.483270,40863.823213,23563.865591,0.000000,,,0,1,,,,,0.688698,DEFAULT
ga,hfvrp_n150_m30_s05,150,30,0.100000,75,20504.003580,72191.380426,27723.141623,0.000000,,,0,1,,,,,0.096741,SMALL
ga,hfvrp_n150_m30_s03,150,30,0.100000,200,14226.787337,34883.656343,17715.152972,0.000000,,,0,1,,,,,13.972824,MEDIUM
ga,hfvrp_n150_m30_s04,150,30,0.100000,100,18066.907120,40487.029488,22115.610069,0.000000,,,0,1,,,,,0.694710,DEFAULT
ga,hfvrp_n150_m30_s04,150,30,0.100000,100,22880.597090,83672.434248,31247.840514,0.000000,,,0,1,,,,,0.100281,SMALL
ga,hfvrp_n150_m30_s01,150,30,0.100000,9999,11419.386757,30057.621004,14425.148857,0.000000,,,0,1,,,,,42.139206,BIG
ga,hfvrp_n150_m30_s02,150,30,0.100000,999,11016.419960,32062.681340,14222.688094,0.000000,,,0,1,,,,,42.761664,BIG
ga,hfvrp_n150_m30_s05,150,30,0.100000,75,11157.972475,28421.017430,14000.074218,0.000000,,,0,1,,,,,13.937893,MEDIUM
ga,hfvrp_n150_m30_s01,150,30,0.100000,19345,17547.101865,72583.854322,24805.487297,0.000000,,,0,1,,,,,0.658688,DEFAULT
ga,hfvrp_n150_m30_s04,150,30,0.100000,100,13074.175401,34552.654887,16529.440890,0.000000,,,0,1,,,,,13.751248,MEDIUM
ga,hfvrp_n150_m30_s01,150,30,0.100000,19345,22304.535747,86854.830074,30990.018754,0.000000,,,0,1,,,,,0.094532,SMALL
ga,hfvrp_n200_m40_s01,200,40,0.100000,1,20344.258758,42361.551508,24580.413909,0.000000,,,0,1,,,,,79.543533,BIG
ga,hfvrp_n150_m30_s02,150,30,0.100000,1234,15660.917533,47722.600412,20433.177574,0.000000,,,0,1,,,,,0.697558,DEFAULT
ga,hfvrp_n150_m30_s02,150,30,0.100000,1234,21965.514498,61309.360904,28096.450588,0.000000,,,0,1,,,,,0.088596,SMALL
ga,hfvrp_n150_m30_s01,150,30,0.100000,19345,11505.076060,33480.985401,14853.174600,0.000000,,,0,1,,,,,14.119979,MEDIUM
ga,hfvrp_n150_m30_s02,150,30,0.100000,1234,11188.058259,22967.594738,13484.817733,0.000000,,,0,1,,,,,14.186126,MEDIUM
ga,hfvrp_n150_m30_s03,150,30,0.100000,200,14240.189818,35161.674652,17756.357283,0.000000,,,0,1,,,,,42.763762,BIG
ga,hfvrp_n150_m30_s03,150,30,0.100000,999,18589.151718,57580.064266,24347.158144,0.000000,,,0,1,,,,,0.703871,DEFAULT
ga,hfvrp_n150_m30_s03,150,30,0.100000,999,20230.005704,76307.120439,27860.717748,0.000000,,,0,1,,,,,0.105746,SMALL
ga,hfvrp_n200_m40_s01,200,40,0.100000,10,29641.349562,89053.974717,38546.747034,0.000000,,,0,1,,,,,1.307241,DEFAULT
ga,hfvrp_n200_m40_s01,200,40,0.100000,10,37208.883960,132339.723235,50442.856283,0.000000,,,0,1,,,,,0.166472,SMALL
ga,hfvrp_n150_m30_s05,150,30,0.100000,75,13006.019067,26996.596036,15705.678670,0.000000,,,0,1,,,,,43.241001,BIG
ga,hfvrp_n150_m30_s04,150,30,0.100000,100,13795.657303,32033.354586,16998.992761,0.000000,,,0,1,,,,,43.748839,BIG
ga,hfvrp_n150_m30_s05,150,30,0.100000,100,20170.912948,47349.163355,24905.829284,0.000000,,,0,1,,,,,0.688971,DEFAULT
ga,hfvrp_n150_m30_s05,150,30,0.100000,100,20113.051219,66478.039893,26760.855208,0.000000,,,0,1,,,,,0.095315,SMALL
ga,hfvrp_n150_m30_s03,150,30,0.100000,999,14422.660695,33347.459923,17757.406688,0.000000,,,0,1,,,,,13.904964,MEDIUM
ga,hfvrp_n150_m30_s04,150,30,0.100000,200,18210.165073,46447.126239,22854.877696,0.000000,,,0,1,,,,,0.702884,DEFAULT
ga,hfvrp_n150_m30_s04,150,30,0.100000,200,21364.701376,101029.169255,31467.618302,0.000000,,,0,1,,,,,0.093059,SMALL
ga,hfvrp_n150_m30_s01,150,30,0.100000,19345,12489.565397,35815.799354,16071.145332,0.000000,,,0,1,,,,,42.403271,BIG
ga,hfvrp_n200_m40_s01,200,40,0.100000,10,21708.518843,41235.079846,25832.026828,0.000000,,,0,1,,,,,25.990169,MEDIUM
ga,hfvrp_n150_m30_s05,150,30,0.100000,100,12535.352460,26639.370041,15199.289464,0.000000,,,0,1,,,,,13.894743,MEDIUM
ga,hfvrp_n150_m30_s04,150,30,0.100000,200,12272.114322,41101.163952,16382.230717,0.000000,,,0,1,,,,,13.894267,MEDIUM
ga,hfvrp_n150_m30_s02,150,30,0.100000,1234,11166.353653,25035.929117,13669.946565,0.000000,,,0,1,,,,,43.102115,BIG
ga,hfvrp_n150_m30_s01,150,30,0.100000,1787979815553191167,17629.886224,51097.885948,22739.674819,0.000000,,,0,1,,,,,0.663872,DEFAULT
ga,hfvrp_n150_m30_s01,150,30,0.100000,1787979841997221698,17999.549872,95622.805028,27561.830375,0.000000,,,0,1,,,,,0.097806,SMALL
ga,hfvrp_n150_m30_s02,150,30,0.100000,9999,16793.430587,40781.329000,20871.563487,0.000000,,,0,1,,,,,0.683942,DEFAULT
ga,hfvrp_n150_m30_s02,150,30,0.100000,9999,20697.138293,62381.311813,26935.269474,0.000000,,,0,1,,,,,0.100459,SMALL
ga,hfvrp_n150_m30_s01,150,30,0.100000,1787979837804588173,12053.620871,39213.032211,15974.924092,0.000000,,,0,1,,,,,13.724888,MEDIUM
ga,hfvrp_n150_m30_s02,150,30,0.100000,9999,13838.598874,33106.600531,17149.258927,0.000000,,,0,1,,,,,13.863908,MEDIUM
ga,hfvrp_n150_m30_s03,150,30,0.100000,999,12018.173874,25344.003937,14552.574268,0.000000,,,0,1,,,,,42.552697,BIG
ga,hfvrp_n150_m30_s03,150,30,0.100000,1234,20512.856527,62107.960265,26723.652553,0.000000,,,0,1,,,,,0.707129,DEFAULT
ga,hfvrp_n150_m30_s03,150,30,0.100000,1234,20889.677109,69575.327925,27847.209902,0.000000,,,0,1,,,,,0.102801,SMALL
ga,hfvrp_n150_m30_s05,150,30,0.100000,100,11452.766460,24475.465627,13900.313023,0.000000,,,0,1,,,,,41.901347,BIG
ga,hfvrp_n150_m30_s04,150,30,0.100000,200,13612.049360,29586.550422,16570.704402,0.000000,,,0,1,,,,,43.255197,BIG
ga,hfvrp_n150_m30_s05,150,30,0.100000,200,18292.087762,53250.925301,23617.180293,0.000000,,,0,1,,,,,0.672387,DEFAULT
ga,hfvrp_n150_m30_s05,150,30,0.100000,200,21009.031598,56396.781599,26648.709758,0.000000,,,0,1,,,,,0.105677,SMALL
ga,hfvrp_n150_m30_s03,150,30,0.100000,1234,14441.414428,32356.114024,17677.025831,0.000000,,,0,1,,,,,14.178757,MEDIUM
ga,hfvrp_n150_m30_s04,150,30,0.100000,999,18440.040057,41779.684551,22618.008513,0.000000,,,0,1,,,,,0.695213,DEFAULT
ga,hfvrp_n150_m30_s04,150,30,0.100000,999,22103.381627,89503.375315,31053.719158,0.000000,,,0,1,,,,,0.091117,SMALL
ga,hfvrp_n150_m30_s01,150,30,0.100000,1787979842944603762,12767.124463,31514.471706,15918.571634,0.000000,,,0,1,,,,,42.849552,BIG
ga,hfvrp_n150_m30_s05,150,30,0.100000,200,10653.946092,29686.309868,13622.577079,0.000000,,,0,1,,,,,13.925143,MEDIUM
ga,hfvrp_n150_m30_s04,150,30,0.100000,999,13229.113557,43905.678566,17619.681413,0.000000,,,0,1,,,,,14.097940,MEDIUM
ga,hfvrp_n150_m30_s02,150,30,0.100000,9999,12626.737705,26107.078200,15237.445525,0.000000,,,0,1,,,,,41.261536,BIG
ga,hfvrp_n200_m40_s01,200,40,0.100000,10,20420.604577,41952.287104,24615.833287,0.000000,,,0,1,,,,,78.508683,BIG
ga,hfvrp_n150_m30_s02,150,30,0.100000,19345,16865.214696,39761.357764,20841.350473,0.000000,,,0,1,,,,,0.706269,DEFAULT
ga,hfvrp_n150_m30_s02,150,30,0.100000,19345,20001.862989,67468.256917,26748.688681,0.000000,,,0,1,,,,,0.098728,SMALL
ga,hfvrp_n200_m40_s02,200,40,0.100000,1787981773979650025,31191.644467,64510.199486,37642.664416,0.000000,,,0,1,,,,,1.316793,DEFAULT
ga,hfvrp_n200_m40_s02,200,40,0.100000,1787981813956081984,40418.556425,118653.539950,52283.910420,0.000000,,,0,1,,,,,0.165926,SMALL
ga,hfvrp_n150_m30_s03,150,30,0.100000,1234,13360.491020,34156.877461,16776.178766,0.000000,,,0,1,,,,,42.012987,BIG
ga,hfvrp_n150_m30_s02,150,30,0.100000,19345,11804.842840,32259.538171,15030.796657,0.000000,,,0,1,,,,,14.051430,MEDIUM
ga,hfvrp_n150_m30_s03,150,30,0.100000,9999,17449.907823,61489.999552,23598.907778,0.000000,,,0,1,,,,,0.682589,DEFAULT
ga,hfvrp_n150_m30_s03,150,30,0.100000,9999,20626.701109,78324.676462,28459.168755,0.000000,,,0,1,,,,,0.112552,SMALL
ga,hfvrp_n150_m30_s05,150,30,0.100000,200,11244.124392,20466.126456,13290.737038,0.000000,,,0,1,,,,,41.507193,BIG
ga,hfvrp_n150_m30_s04,150,30,0.100000,999,13809.915626,29818.166581,16791.732284,0.000000,,,0,1,,,,,42.014776,BIG
ga,hfvrp_n200_m40_s02,200,40,0.100000,1787981818421785805,22831.352375,34664.735509,26297.825926,0.000000,,,0,1,,,,,25.202473,MEDIUM
ga,hfvrp_n200_m40_s01,200,40,0.100000,50,34340.122359,99446.452084,44284.767567,0.000000,,,0,1,,,,,1.330898,DEFAULT
ga,hfvrp_n200_m40_s01,200,40,0.100000,50,38702.197850,100854.924300,48787.690280,0.000000,,,0,1,,,,,0.168711,SMALL
ga,hfvrp_n150_m30_s05,150,30,0.100000,999,17631.192383,47966.375121,22427.829895,0.000000,,,0,1,,,,,0.704225,DEFAULT
ga,hfvrp_n150_m30_s05,150,30,0.100000,999,23855.700374,91130.363062,32968.736680,0.000000,,,0,1,,,,,0.094495,SMALL
ga,hfvrp_n150_m30_s03,150,30,0.100000,9999,12344.637068,31137.692957,15458.406364,0.000000,,,0,1,,,,,14.217713,MEDIUM
ga,hfvrp_n150_m30_s04,150,30,0.100000,1234,20146.426016,64002.342960,26546.660312,0.000000,,,0,1,,,,,0.680203,DEFAULT
ga,hfvrp_n150_m30_s04,150,30,0.100000,1234,22901.678948,70127.445639,29914.423512,0.000000,,,0,1,,,,,0.096672,SMALL
ga,hfvrp_n150_m30_s05,150,30,0.100000,999,11026.010639,28173.254266,13843.336065,0.000000,,,0,1,,,,,14.068554,MEDIUM
ga,hfvrp_n150_m30_s04,150,30,0.100000,1234,12848.081073,35231.834192,16371.264493,0.000000,,,0,1,,,,,13.941683,MEDIUM
ga,hfvrp_n150_m30_s02,150,30,0.100000,19345,10711.505670,35541.315494,14265.637220,0.000000,,,0,1,,,,,42.260313,BIG
ga,hfvrp_n200_m40_s01,200,40,0.100000,50,22377.870534,51125.656812,27490.436215,0.000000,,,0,1,,,,,27.244322,MEDIUM
ga,hfvrp_n150_m30_s02,150,30,0.100000,1787981480501377406,17091.999849,36361.395423,20728.139392,0.000000,,,0,1,,,,,0.685446,DEFAULT
ga,hfvrp_n150_m30_s02,150,30,0.100000,1787981476896660704,22041.478815,58275.792518,27869.058067,0.000000,,,0,1,,,,,0.102974,SMALL
ga,hfvrp_n150_m30_s03,150,30,0.100000,9999,12571.164062,42090.088787,16780.172941,0.000000,,,0,1,,,,,41.174046,BIG
ga,hfvrp_n150_m30_s02,150,30,0.100000,1787981472709401622,11476.805764,27729.514253,14249.757190,0.000000,,,0,1,,,,,14.047488,MEDIUM
ga,hfvrp_n150_m30_s03,150,30,0.100000,19345,19508.256592,56689.399618,25177.196553,0.000000,,,0,1,,,,,0.681799,DEFAULT
ga,hfvrp_n150_m30_s03,150,30,0.100000,19345,21949.649082,90667.061939,31016.355276,0.000000,,,0,1,,,,,0.095277,SMALL
ga,hfvrp_n150_m30_s05,150,30,0.100000,999,11393.674394,28945.109141,14288.185309,0.000000,,,0,1,,,,,42.121847,BIG
ga,hfvrp_n150_m30_s04,150,30,0.100000,1234,13212.803578,31474.470610,16360.250639,0.000000,,,0,1,,,,,42.064463,BIG
ga,hfvrp_n150_m30_s05,150,30,0.100000,1234,16072.530250,40397.323047,20112.262555,0.000000,,,0,1,,,,,0.696207,DEFAULT
ga,hfvrp_n150_m30_s05,150,30,0.100000,1234,21117.520586,79718.381603,29089.358746,0.000000,,,0,1,,,,,0.096657,SMALL
ga,hfvrp_n150_m30_s03,150,30,0.100000,19345,13002.801107,32538.320589,16256.633166,0.000000,,,0,1,,,,,13.875008,MEDIUM
ga,hfvrp_n150_m30_s04,150,30,0.100000,9999,19035.229813,71097.172056,26144.947018,0.000000,,,0,1,,,,,0.703125,DEFAULT
ga,hfvrp_n150_m30_s04,150,30,0.100000,9999,25715.901244,94742.004286,35190.101673,0.000000,,,0,1,,,,,0.100019,SMALL
ga,hfvrp_n150_m30_s05,150,30,0.100000,1234,12537.828315,26408.191539,15178.647468,0.000000,,,0,1,,,,,13.844980,MEDIUM
ga,hfvrp_n200_m40_s02,200,40,0.100000,1787981697605021500,20790.535772,40680.109413,24858.546714,0.000000,,,0,1,,,,,80.403645,BIG
ga,hfvrp_n150_m30_s04,150,30,0.100000,9999,14028.399638,31614.175064,17189.817144,0.000000,,,0,1,,,,,14.282572,MEDIUM
ga,hfvrp_n150_m30_s02,150,30,0.100000,1787981508236845325,10505.543537,27465.678063,13252.111344,0.000000,,,0,1,,,,,43.016149,BIG
ga,hfvrp_n200_m40_s02,200,40,0.100000,1,29827.268713,63725.571181,36199.825831,0.000000,,,0,1,,,,,1.341037,DEFAULT
ga,hfvrp_n200_m40_s02,200,40,0.100000,1,39008.912078,108933.159204,49902.227999,0.000000,,,0,1,,,,,0.166663,SMALL
ga,hfvrp_n200_m40_s01,200,40,0.100000,50,21543.458609,44177.309990,25961.189608,0.000000,,,0,1,,,,,79.147271,BIG
ga,hfvrp_n150_m30_s03,150,30,0.100000,19345,12810.643510,29553.273964,15765.970906,0.000000,,,0,1,,,,,42.371357,BIG
ga,hfvrp_n150_m30_s03,150,30,0.100000,1787981215670428265,18889.290141,61639.251297,25053.215270,0.000000,,,0,1,,,,,0.683686,DEFAULT
ga,hfvrp_n150_m30_s03,150,30,0.100000,1787981212069557678,22153.504619,85491.106601,30702.615279,0.000000,,,0,1,,,,,0.104130,SMALL
ga,hfvrp_n200_m40_s03,200,40,0.100000,1787981221552616309,31311.047916,121882.458481,43499.293764,0.000000,,,0,1,,,,,1.258043,DEFAULT
ga,hfvrp_n200_m40_s03,200,40,0.100000,1787981270059535312,37973.926304,122721.419179,50246.068222,0.000000,,,0,1,,,,,0.168783,SMALL
ga,hfvrp_n150_m30_s05,150,30,0.100000,1234,12054.154972,28471.276289,14901.282601,0.000000,,,0,1,,,,,41.772677,BIG
ga,hfvrp_n150_m30_s04,150,30,0.100000,9999,13309.610641,39097.233156,17219.333957,0.000000,,,0,1,,,,,41.727532,BIG
ga,hfvrp_n150_m30_s05,150,30,0.100000,9999,15188.807834,36637.412598,18852.549094,0.000000,,,0,1,,,,,0.689032,DEFAULT
ga,hfvrp_n150_m30_s05,150,30,0.100000,9999,20547.892684,46382.244844,25186.117168,0.000000,,,0,1,,,,,0.113875,SMALL
ga,hfvrp_n150_m30_s03,150,30,0.100000,1787981225064002937,13781.063297,40942.872273,17875.350524,0.000000,,,0,1,,,,,13.992658,MEDIUM
ga,hfvrp_n150_m30_s04,150,30,0.100000,19345,20321.957206,79254.466952,28247.403901,0.000000,,,0,1,,,,,0.667075,DEFAULT
ga,hfvrp_n150_m30_s04,150,30,0.100000,19345,21164.183593,79972.080904,29161.391683,0.000000,,,0,1,,,,,0.112171,SMALL
ga,hfvrp_n200_m40_s02,200,40,0.100000,1,22239.843973,35540.176904,25793.861664,0.000000,,,0,1,,,,,26.479899,MEDIUM
ga,hfvrp_n200_m40_s01,200,40,0.100000,75,33637.640230,80178.000464,41655.440276,0.000000,,,0,1,,,,,1.286188,DEFAULT
ga,hfvrp_n200_m40_s01,200,40,0.100000,75,37038.237744,111999.745062,48238.212251,0.000000,,,0,1,,,,,0.172045,SMALL
ga,hfvrp_n150_m30_s05,150,30,0.100000,9999,11530.741375,30035.405801,14534.281955,0.000000,,,0,1,,,,,13.710657,MEDIUM
ga,hfvrp_n200_m40_s03,200,40,0.100000,1787981265943932751,23586.448035,55515.328240,29137.980859,0.000000,,,0,1,,,,,26.396187,MEDIUM
ga,hfvrp_n150_m30_s04,150,30,0.100000,19345,13759.925754,37597.550729,17519.680827,0.000000,,,0,1,,,,,14.096716,MEDIUM
ga,hfvrp_n200_m40_s01,200,40,0.100000,75,20985.370821,42169.482858,25202.319107,0.000000,,,0,1,,,,,27.392954,MEDIUM
ga,hfvrp_n150_m30_s03,150,30,0.100000,1787981200406762539,13358.456733,29124.416816,16270.898415,0.000000,,,0,1,,,,,43.543130,BIG
ga,hfvrp_n150_m30_s05,150,30,0.100000,9999,10661.028706,22385.174447,12899.546150,0.000000,,,0,1,,,,,41.189959,BIG
ga,hfvrp_n150_m30_s04,150,30,0.100000,19345,13040.268942,27692.200705,15809.489013,0.000000,,,0,1,,,,,42.655525,BIG
ga,hfvrp_n150_m30_s05,150,30,0.100000,19345,18210.503896,51322.644673,23342.768364,0.000000,,,0,1,,,,,0.705745,DEFAULT
ga,hfvrp_n150_m30_s05,150,30,0.100000,19345,23176.011086,56501.669626,28826.178048,0.000000,,,0,1,,,,,0.095767,SMALL
ga,hfvrp_n150_m30_s04,150,30,0.100000,1787980444534793335,18343.268474,55814.170159,23924.685490,0.000000,,,0,1,,,,,0.696565,DEFAULT
ga,hfvrp_n150_m30_s04,150,30,0.100000,1787980440941152761,23772.665726,69584.803975,30731.146124,0.000000,,,0,1,,,,,0.095442,SMALL
ga,hfvrp_n150_m30_s05,150,30,0.100000,19345,13252.329771,28088.519662,16061.181737,0.000000,,,0,1,,,,,13.856214,MEDIUM
ga,hfvrp_n200_m40_s04,200,40,0.100000,1787980405053083123,31774.798139,87647.894217,40539.587561,0.000000,,,0,1,,,,,1.276771,DEFAULT
ga,hfvrp_n200_m40_s04,200,40,0.100000,1787980410629841154,38618.791778,91228.583316,47741.650109,0.000000,,,0,1,,,,,0.172935,SMALL
ga,hfvrp_n150_m30_s04,150,30,0.100000,1787980436746244748,14418.048393,41448.576861,18562.906079,0.000000,,,0,1,,,,,13.827513,MEDIUM
ga,hfvrp_n200_m40_s02,200,40,0.100000,1,19908.483792,42870.198173,24195.503609,0.000000,,,0,1,,,,,76.477094,BIG
ga,hfvrp_n200_m40_s03,200,40,0.100000,1787981150616851027,20118.592230,47839.496781,24902.541908,0.000000,,,0,1,,,,,76.529031,BIG
ga,hfvrp_n200_m40_s04,200,40,0.100000,1787980501002034990,23336.365055,40159.092495,27352.274305,0.000000,,,0,1,,,,,25.910447,MEDIUM
ga,hfvrp_n200_m40_s02,200,40,0.100000,10,30019.844446,85601.708334,38580.015279,0.000000,,,0,1,,,,,1.316515,DEFAULT
ga,hfvrp_n200_m40_s02,200,40,0.100000,10,39890.792951,103236.773245,50214.470276,0.000000,,,0,1,,,,,0.168013,SMALL
ga,hfvrp_n200_m40_s03,200,40,0.100000,1,32474.979261,82835.446075,40758.523868,0.000000,,,0,1,,,,,1.327077,DEFAULT
ga,hfvrp_n200_m40_s03,200,40,0.100000,1,42031.667293,146918.992190,56723.566512,0.000000,,,0,1,,,,,0.161911,SMALL
ga,hfvrp_n150_m30_s05,150,30,0.100000,19345,10953.897893,25962.529545,13550.150847,0.000000,,,0,1,,,,,40.982579,BIG
ga,hfvrp_n200_m40_s01,200,40,0.100000,75,21235.028505,43522.551889,25587.283694,0.000000,,,0,1,,,,,79.316080,BIG
ga,hfvrp_n150_m30_s04,150,30,0.100000,1787980497823569136,13874.269815,39957.163750,17869.986190,0.000000,,,0,1,,,,,41.734123,BIG
ga,hfvrp_n150_m30_s05,150,30,0.100000,1787980669543279783,18081.026229,43081.898667,22389.216096,0.000000,,,0,1,,,,,0.689715,DEFAULT
ga,hfvrp_n150_m30_s05,150,30,0.100000,1787980717487572914,22693.306497,74838.042010,30177.110698,0.000000,,,0,1,,,,,0.100468,SMALL
ga,hfvrp_n200_m40_s02,200,40,0.100000,10,20428.207014,40284.177769,24456.624791,0.000000,,,0,1,,,,,26.573975,MEDIUM
ga,hfvrp_n150_m30_s05,150,30,0.100000,1787980713303295755,10942.183459,30988.291271,14041.012586,0.000000,,,0,1,,,,,13.592404,MEDIUM
ga,hfvrp_n200_m40_s03,200,40,0.100000,1,21320.208593,67503.986742,28070.607267,0.000000,,,0,1,,,,,27.586814,MEDIUM
ga,hfvrp_n200_m40_s05,200,40,0.100000,1787980690648662490,32589.977388,95272.484545,42117.225843,0.000000,,,0,1,,,,,1.330235,DEFAULT
ga,hfvrp_n200_m40_s05,200,40,0.100000,1787980679099089007,36878.843181,90333.308164,45912.173997,0.000000,,,0,1,,,,,0.178010,SMALL
ga,hfvrp_n200_m40_s01,200,40,0.100000,100,30953.159968,72259.424529,38179.102421,0.000000,,,0,1,,,,,1.340116,DEFAULT
ga,hfvrp_n200_m40_s01,200,40,0.100000,100,36601.424075,116229.957114,48224.419787,0.000000,,,0,1,,,,,0.161928,SMALL
ga,hfvrp_n200_m40_s05,200,40,0.100000,1787980683577063515,21648.047736,38822.091559,25530.256892,0.000000,,,0,1,,,,,25.412482,MEDIUM
ga,hfvrp_n200_m40_s01,200,40,0.100000,100,22557.548933,48304.943064,27388.043240,0.000000,,,0,1,,,,,25.793246,MEDIUM
ga,hfvrp_n150_m30_s05,150,30,0.100000,1787980675361154156,12174.817864,25748.804151,14749.698279,0.000000,,,0,1,,,,,41.553282,BIG
ga,augerat_A_n32_k5,31,8,0.100000,1787978668344317238,8208.998829,1963.458588,8405.344687,0.000000,,,0,1,,,,,0.105156,DEFAULT
ga,augerat_A_n32_k5,31,8,0.100000,1787978672748748826,8388.127204,1724.570302,8560.584234,0.000000,,,0,1,,,,,0.012035,SMALL
ga,augerat_A_n32_k5,31,8,0.100000,1787978694239445177,8237.582053,1806.987052,8418.280758,0.000000,,,0,1,,,,,2.124528,MEDIUM
ga,hfvrp_n200_m40_s04,200,40,0.100000,1787980578463114707,21963.037677,34963.225780,25459.360255,0.000000,,,0,1,,,,,80.327545,BIG
ga,augerat_A_n32_k5,31,8,0.100000,1787978700668292735,8250.591393,1788.515787,8429.442972,0.000000,,,0,1,,,,,6.259155,BIG
ga,augerat_A_n32_k5,31,8,0.100000,1,8357.967183,1724.570302,8530.424213,0.000000,,,0,1,,,,,0.099190,DEFAULT
ga,augerat_A_n32_k5,31,8,0.100000,1,8347.760336,2213.081592,8569.068495,0.000000,,,0,1,,,,,0.011802,SMALL
ga,augerat_A_n32_k5,31,8,0.100000,1,8251.098628,1599.815196,8411.080148,0.000000,,,0,1,,,,,2.040041,MEDIUM
ga,augerat_A_n32_k5,31,8,0.100000,1,8219.468787,1796.128234,8399.081610,0.000000,,,0,1,,,,,6.255734,BIG
ga,augerat_A_n32_k5,31,8,0.100000,10,8357.198858,1724.570302,8529.655888,0.000000,,,0,1,,,,,0.099114,DEFAULT
ga,augerat_A_n32_k5,31,8,0.100000,10,8407.804373,2201.268424,8627.931216,0.000000,,,0,1,,,,,0.012604,SMALL
ga,augerat_A_n32_k5,31,8,0.100000,10,8222.969453,1792.814994,8402.250952,0.000000,,,0,1,,,,,2.091373,MEDIUM
ga,augerat_A_n32_k5,31,8,0.100000,10,8219.468787,1796.128234,8399.081610,0.000000,,,0,1,,,,,6.261624,BIG
ga,augerat_A_n32_k5,31,8,0.100000,50,8288.648016,1964.019864,8485.050002,0.000000,,,0,1,,,,,0.100280,DEFAULT
ga,augerat_A_n32_k5,31,8,0.100000,50,8516.559757,1780.247454,8694.584503,0.000000,,,0,1,,,,,0.012288,SMALL
ga,augerat_A_n32_k5,31,8,0.100000,50,8237.582053,1806.987052,8418.280758,0.000000,,,0,1,,,,,2.079669,MEDIUM
ga,augerat_A_n32_k5,31,8,0.100000,50,8207.361807,1875.183948,8394.880202,0.000000,,,0,1,,,,,6.264629,BIG
ga,augerat_A_n32_k5,31,8,0.100000,75,8252.003160,1817.188972,8433.722057,0.000000,,,0,1,,,,,0.104553,DEFAULT
ga,augerat_A_n32_k5,31,8,0.100000,75,8243.762388,1764.068324,8420.169221,0.000000,,,0,1,,,,,0.012673,SMALL
ga,hfvrp_n200_m40_s02,200,40,0.100000,10,21513.140491,42953.827977,25808.523289,0.000000,,,0,1,,,,,82.443017,BIG
ga,augerat_A_n32_k5,31,8,0.100000,75,8230.877564,1806.987052,8411.576269,0.000000,,,0,1,,,,,2.094828,MEDIUM
ga,hfvrp_n200_m40_s04,200,40,0.100000,1,33600.992382,86119.827564,42212.975139,0.000000,,,0,1,,,,,1.317929,DEFAULT
ga,hfvrp_n200_m40_s04,200,40,0.100000,1,38445.289745,105495.281014,48994.817847,0.000000,,,0,1,,,,,0.173700,SMALL
ga,augerat_A_n32_k5,31,8,0.100000,75,8219.468787,1796.128234,8399.081610,0.000000,,,0,1,,,,,6.309071,BIG
ga,augerat_A_n32_k5,31,8,0.100000,100,8308.883397,1768.593863,8485.742783,0.000000,,,0,1,,,,,0.103966,DEFAULT
ga,augerat_A_n32_k5,31,8,0.100000,100,8369.082154,1724.570302,8541.539185,0.000000,,,0,1,,,,,0.011653,SMALL
ga,augerat_A_n32_k5,31,8,0.100000,100,8245.574542,1792.814994,8424.856041,0.000000,,,0,1,,,,,2.072102,MEDIUM
ga,hfvrp_n200_m40_s03,200,40,0.100000,1,20877.468580,48728.829972,25750.351577,0.000000,,,0,1,,,,,83.005627,BIG
ga,augerat_A_n32_k5,31,8,0.100000,100,8219.468787,1796.128234,8399.081610,0.000000,,,0,1,,,,,6.246442,BIG
ga,augerat_A_n32_k5,31,8,0.100000,200,8366.073670,2283.479783,8594.421648,0.000000,,,0,1,,,,,0.102410,DEFAULT
ga,augerat_A_n32_k5,31,8,0.100000,200,8504.928446,2006.169627,8705.545409,0.000000,,,0,1,,,,,0.012837,SMALL
ga,augerat_A_n32_k5,31,8,0.100000,200,8245.574542,1883.661859,8433.940727,0.000000,,,0,1,,,,,2.079386,MEDIUM
ga,augerat_A_n32_k5,31,8,0.100000,200,8205.891948,1880.666948,8393.958642,0.000000,,,0,1,,,,,6.201803,BIG
ga,augerat_A_n32_k5,31,8,0.100000,999,8284.940040,1964.458159,8481.385856,0.000000,,,0,1,,,,,0.100606,DEFAULT
ga,augerat_A_n32_k5,31,8,0.100000,999,8374.977841,1728.815837,8547.859425,0.000000,,,0,1,,,,,0.018003,SMALL
ga,hfvrp_n200_m40_s02,200,40,0.100000,50,31919.449991,86523.874228,40571.837414,0.000000,,,0,1,,,,,1.313547,DEFAULT
ga,hfvrp_n200_m40_s02,200,40,0.100000,50,40065.655312,103464.830150,50412.138327,0.000000,,,0,1,,,,,0.158038,SMALL
ga,augerat_A_n32_k5,31,8,0.100000,999,8234.081387,1796.128234,8413.694210,0.000000,,,0,1,,,,,2.078839,MEDIUM
ga,hfvrp_n200_m40_s04,200,40,0.100000,1,22198.317673,44370.077282,26635.325401,0.000000,,,0,1,,,,,26.045649,MEDIUM
ga,augerat_A_n32_k5,31,8,0.100000,999,8234.081387,1796.128234,8413.694210,0.000000,,,0,1,,,,,6.334961,BIG
ga,augerat_A_n32_k5,31,8,0.100000,1234,8261.112909,1908.016484,8451.914558,0.000000,,,0,1,,,,,0.099677,DEFAULT
ga,augerat_A_n32_k5,31,8,0.100000,1234,8423.013899,2168.086176,8639.822516,0.000000,,,0,1,,,,,0.012651,SMALL
ga,augerat_A_n32_k5,31,8,0.100000,1234,8209.392613,1877.353709,8397.127984,0.000000,,,0,1,,,,,2.046440,MEDIUM
ga,hfvrp_n200_m40_s03,200,40,0.100000,10,34103.224229,109872.050844,45090.429313,0.000000,,,0,1,,,,,1.319975,DEFAULT
ga,hfvrp_n200_m40_s03,200,40,0.100000,10,36843.401137,142874.867234,51130.887861,0.000000,,,0,1,,,,,0.168749,SMALL
ga,hfvrp_n200_m40_s05,200,40,0.100000,1787980537202723352,22260.186926,33788.384552,25639.025381,0.000000,,,0,1,,,,,79.840015,BIG
ga,hfvrp_n200_m40_s01,200,40,0.100000,100,21852.893030,48450.718810,26697.964911,0.000000,,,0,1,,,,,76.936150,BIG
ga,augerat_A_n32_k5,31,8,0.100000,1234,8219.468787,1796.128234,8399.081610,0.000000,,,0,1,,,,,6.277502,BIG
ga,augerat_A_n32_k5,31,8,0.100000,9999,8350.353616,1724.570302,8522.810646,0.000000,,,0,1,,,,,0.102795,DEFAULT
ga,augerat_A_n32_k5,31,8,0.100000,9999,8310.315084,2008.307655,8511.145850,0.000000,,,0,1,,,,,0.012536,SMALL
ga,augerat_A_n32_k5,31,8,0.100000,9999,8209.392613,1891.525766,8398.545190,0.000000,,,0,1,,,,,2.048580,MEDIUM
ga,augerat_A_n32_k5,31,8,0.100000,9999,8224.121865,1796.128234,8403.734689,0.000000,,,0,1,,,,,6.419895,BIG
ga,augerat_A_n32_k5,31,8,0.100000,19345,8270.250112,1902.446145,8460.494727,0.000000,,,0,1,,,,,0.101012,DEFAULT
ga,augerat_A_n32_k5,31,8,0.100000,19345,8356.228452,2526.096415,8608.838093,0.000000,,,0,1,,,,,0.016207,SMALL
ga,augerat_A_n32_k5,31,8,0.100000,19345,8237.582053,1806.987052,8418.280758,0.000000,,,0,1,,,,,2.079712,MEDIUM
ga,hfvrp_n200_m40_s02,200,40,0.100000,50,22825.401635,36224.682073,26447.869843,0.000000,,,0,1,,,,,26.752066,MEDIUM
ga,augerat_A_n32_k5,31,8,0.100000,19345,8205.891948,1877.353709,8393.627318,0.000000,,,0,1,,,,,6.266333,BIG
ga,augerat_A_n32_k5,31,8,0.100000,1787978814271033588,8210.386920,1901.727686,8400.559689,0.000000,,,0,1,,,,,0.099186,DEFAULT
ga,augerat_A_n32_k5,31,8,0.100000,1787978818669161003,8357.694692,1755.409575,8533.235650,0.000000,,,0,1,,,,,0.012353,SMALL
ga,hfvrp_n200_m40_s05,200,40,0.100000,1,29735.797757,66764.258910,36412.223648,0.000000,,,0,1,,,,,1.351155,DEFAULT
ga,hfvrp_n200_m40_s05,200,40,0.100000,1,39320.395558,135960.605043,52916.456062,0.000000,,,0,1,,,,,0.177695,SMALL
ga,augerat_A_n32_k5,31,8,0.100000,1787978822980115090,8241.289649,1796.128234,8420.902473,0.000000,,,0,1,,,,,2.109133,MEDIUM
ga,hfvrp_n200_m40_s03,200,40,0.100000,10,21168.586101,58940.220583,27062.608159,0.000000,,,0,1,,,,,26.440944,MEDIUM
ga,augerat_A_n32_k5,31,8,0.100000,1787978837978486296,8205.891948,1880.666948,8393.958642,0.000000,,,0,1,,,,,6.212383,BIG
ga,augerat_A_n37_k5,36,8,0.100000,1787979303951542130,8245.374561,1087.798986,8354.154459,0.000000,,,0,1,,,,,0.119340,DEFAULT
ga,augerat_A_n37_k5,36,8,0.100000,1787979308370003397,8371.818086,2070.431685,8578.861255,0.000000,,,0,1,,,,,0.014448,SMALL
ga,augerat_A_n37_k5,36,8,0.100000,1787979261148573666,8198.655274,1200.874402,8318.742714,0.000000,,,0,1,,,,,2.441832,MEDIUM
ga,hfvrp_n200_m40_s01,200,40,0.100000,200,31208.926536,74390.649291,38647.991465,0.000000,,,0,1,,,,,1.347893,DEFAULT
ga,hfvrp_n200_m40_s01,200,40,0.100000,200,34600.944642,111594.308678,45760.375510,0.000000,,,0,1,,,,,0.173101,SMALL
ga,augerat_A_n37_k5,36,8,0.100000,1787979267894717109,8216.873300,1074.550182,8324.328318,0.000000,,,0,1,,,,,7.364797,BIG
ga,augerat_A_n37_k5,36,8,0.100000,1,8258.759506,1492.750193,8408.034526,0.000000,,,0,1,,,,,0.120017,DEFAULT
ga,augerat_A_n37_k5,36,8,0.100000,1,8426.634072,1261.468678,8552.780940,0.000000,,,0,1,,,,,0.020282,SMALL
ga,augerat_A_n37_k5,36,8,0.100000,1,8196.098360,979.124828,8294.010843,0.000000,,,0,1,,,,,2.438664,MEDIUM
ga,hfvrp_n200_m40_s05,200,40,0.100000,1,22441.738213,36995.341557,26141.272369,0.000000,,,0,1,,,,,25.422277,MEDIUM
ga,augerat_A_n37_k5,36,8,0.100000,1,8188.201671,1112.733426,8299.475013,0.000000,,,0,1,,,,,7.272426,BIG
ga,augerat_A_n37_k5,36,8,0.100000,10,8257.326823,1288.879751,8386.214799,0.000000,,,0,1,,,,,0.117806,DEFAULT
ga,augerat_A_n37_k5,36,8,0.100000,10,8244.333374,1066.263740,8350.959748,0.000000,,,0,1,,,,,0.014815,SMALL
ga,augerat_A_n37_k5,36,8,0.100000,10,8187.879327,1202.865686,8308.165896,0.000000,,,0,1,,,,,2.412848,MEDIUM
ga,augerat_A_n37_k5,36,8,0.100000,10,8235.910011,1085.939799,8344.503991,0.000000,,,0,1,,,,,7.309288,BIG
ga,augerat_A_n37_k5,36,8,0.100000,50,8294.865129,1120.640940,8406.929223,0.000000,,,0,1,,,,,0.121063,DEFAULT
ga,augerat_A_n37_k5,36,8,0.100000,50,8362.098743,1355.729924,8497.671735,0.000000,,,0,1,,,,,0.018504,SMALL
ga,hfvrp_n200_m40_s01,200,40,0.100000,200,23575.310364,42380.372045,27813.347568,0.000000,,,0,1,,,,,26.343613,MEDIUM
ga,augerat_A_n37_k5,36,8,0.100000,50,8179.392801,973.009078,8276.693709,0.000000,,,0,1,,,,,2.417090,MEDIUM
ga,augerat_A_n37_k5,36,8,0.100000,50,8218.846316,1246.486620,8343.494978,0.000000,,,0,1,,,,,7.368394,BIG
ga,augerat_A_n37_k5,36,8,0.100000,75,8224.208997,1435.975253,8367.806523,0.000000,,,0,1,,,,,0.126881,DEFAULT
ga,augerat_A_n37_k5,36,8,0.100000,75,8406.131154,1157.448056,8521.875959,0.000000,,,0,1,,,,,0.015692,SMALL
ga,hfvrp_n200_m40_s04,200,40,0.100000,1,22220.646592,32790.899714,25499.736564,0.000000,,,0,1,,,,,77.840815,BIG
ga,augerat_A_n37_k5,36,8,0.100000,75,8200.446407,1286.287910,8329.075198,0.000000,,,0,1,,,,,2.439344,MEDIUM
ga,augerat_A_n37_k5,36,8,0.100000,75,8158.372685,1341.317619,8292.504447,0.000000,,,0,1,,,,,7.406903,BIG
ga,augerat_A_n37_k5,36,8,0.100000,100,8174.483376,1394.343106,8313.917687,0.000000,,,0,1,,,,,0.122312,DEFAULT
ga,augerat_A_n37_k5,36,8,0.100000,100,8299.560965,1756.545446,8475.215510,0.000000,,,0,1,,,,,0.015174,SMALL
ga,augerat_A_n37_k5,36,8,0.100000,100,8201.295853,1099.949291,8311.290782,0.000000,,,0,1,,,,,2.416465,MEDIUM
ga,augerat_A_n37_k5,36,8,0.100000,100,8177.334174,1357.685842,8313.102758,0.000000,,,0,1,,,,,7.407978,BIG
ga,augerat_A_n37_k5,36,8,0.100000,200,8145.161178,1002.882944,8245.449472,0.000000,,,0,1,,,,,0.124234,DEFAULT
ga,augerat_A_n37_k5,36,8,0.100000,200,8255.425616,1313.956488,8386.821265,0.000000,,,0,1,,,,,0.018423,SMALL
ga,augerat_A_n37_k5,36,8,0.100000,200,8198.954303,1145.993291,8313.553632,0.000000,,,0,1,,,,,2.419929,MEDIUM
ga,hfvrp_n200_m40_s02,200,40,0.100000,50,20262.682397,32328.502839,23495.532681,0.000000,,,0,1,,,,,81.589074,BIG
ga,augerat_A_n37_k5,36,8,0.100000,200,8202.010564,996.104640,8301.621028,0.000000,,,0,1,,,,,7.433806,BIG
ga,augerat_A_n37_k5,36,8,0.100000,999,8196.591943,1030.892205,8299.681163,0.000000,,,0,1,,,,,0.122880,DEFAULT
ga,augerat_A_n37_k5,36,8,0.100000,999,8372.501428,1604.311889,8532.932617,0.000000,,,0,1,,,,,0.014846,SMALL
ga,augerat_A_n37_k5,36,8,0.100000,999,8181.374050,1121.945045,8293.568554,0.000000,,,0,1,,,,,2.454657,MEDIUM
ga,hfvrp_n200_m40_s04,200,40,0.100000,10,30504.824895,71517.336328,37656.558528,0.000000,,,0,1,,,,,1.336728,DEFAULT
ga,hfvrp_n200_m40_s04,200,40,0.100000,10,33264.230132,107832.717686,44047.501901,0.000000,,,0,1,,,,,0.180447,SMALL
ga,hfvrp_n200_m40_s03,200,40,0.100000,10,20290.589256,47701.118636,25060.701119,0.000000,,,0,1,,,,,80.785532,BIG
ga,augerat_A_n37_k5,36,8,0.100000,999,8168.580314,979.056703,8266.485985,0.000000,,,0,1,,,,,7.499265,BIG
ga,augerat_A_n37_k5,36,8,0.100000,1234,8207.607669,1366.489330,8344.256602,0.000000,,,0,1,,,,,0.124184,DEFAULT
ga,augerat_A_n37_k5,36,8,0.100000,1234,8371.415575,1380.516427,8509.467218,0.000000,,,0,1,,,,,0.019106,SMALL
ga,augerat_A_n37_k5,36,8,0.100000,1234,8222.926565,1085.334569,8331.460022,0.000000,,,0,1,,,,,2.453474,MEDIUM
ga,augerat_A_n37_k5,36,8,0.100000,1234,8166.128305,1230.494529,8289.177758,0.000000,,,0,1,,,,,7.554248,BIG
ga,augerat_A_n37_k5,36,8,0.100000,9999,8195.808540,1043.692469,8300.177787,0.000000,,,0,1,,,,,0.117937,DEFAULT
ga,augerat_A_n37_k5,36,8,0.100000,9999,8286.652690,1225.855548,8409.238245,0.000000,,,0,1,,,,,0.014316,SMALL
ga,hfvrp_n200_m40_s02,200,40,0.100000,75,32812.808014,61775.566791,38990.364694,0.000000,,,0,1,,,,,1.268045,DEFAULT
ga,hfvrp_n200_m40_s02,200,40,0.100000,75,39234.809058,115643.145962,50799.123654,0.000000,,,0,1,,,,,0.169545,SMALL
ga,augerat_A_n37_k5,36,8,0.100000,9999,8195.985950,1208.997182,8316.885668,0.000000,,,0,1,,,,,2.426302,MEDIUM
ga,hfvrp_n200_m40_s05,200,40,0.100000,1,22779.041236,40594.245573,26838.465794,0.000000,,,0,1,,,,,76.827647,BIG
ga,hfvrp_n200_m40_s03,200,40,0.100000,50,28896.334866,86612.928077,37557.627674,0.000000,,,0,1,,,,,1.320302,DEFAULT
ga,hfvrp_n200_m40_s03,200,40,0.100000,50,36733.440255,157554.189864,52488.859241,0.000000,,,0,1,,,,,0.165764,SMALL
ga,augerat_A_n37_k5,36,8,0.100000,9999,8188.854400,1023.895328,8291.243933,0.000000,,,0,1,,,,,7.483320,BIG
ga,hfvrp_n200_m40_s04,200,40,0.100000,10,22050.844867,35991.208028,25649.965670,0.000000,,,0,1,,,,,26.399363,MEDIUM
ga,augerat_A_n37_k5,36,8,0.100000,19345,8282.469730,1285.144489,8410.984179,0.000000,,,0,1,,,,,0.117879,DEFAULT
ga,augerat_A_n37_k5,36,8,0.100000,19345,8357.262559,1452.668899,8502.529449,0.000000,,,0,1,,,,,0.013948,SMALL
ga,augerat_A_n37_k5,36,8,0.100000,19345,8197.863160,1443.153811,8342.178541,0.000000,,,0,1,,,,,2.392846,MEDIUM
ga,hfvrp_n200_m40_s01,200,40,0.100000,200,22316.534477,39936.612530,26310.195730,0.000000,,,0,1,,,,,79.547257,BIG
ga,augerat_A_n37_k5,36,8,0.100000,19345,8143.895935,1159.658645,8259.861800,0.000000,,,0,1,,,,,7.407345,BIG
ga,augerat_A_n37_k5,36,8,0.100000,1787977809391460096,8232.597325,1082.724503,8340.869775,0.000000,,,0,1,,,,,0.123179,DEFAULT
ga,augerat_A_n37_k5,36,8,0.100000,1787977813813547500,8259.238309,1931.791710,8452.417480,0.000000,,,0,1,,,,,0.014299,SMALL
ga,augerat_A_n37_k5,36,8,0.100000,1787977818126407720,8203.863233,1086.614115,8312.524645,0.000000,,,0,1,,,,,2.403647,MEDIUM
ga,hfvrp_n200_m40_s02,200,40,0.100000,75,21183.887850,38609.370455,25044.824895,0.000000,,,0,1,,,,,25.263326,MEDIUM
ga,hfvrp_n200_m40_s05,200,40,0.100000,10,31549.558054,79606.963811,39510.254435,0.000000,,,0,1,,,,,1.348551,DEFAULT
ga,hfvrp_n200_m40_s05,200,40,0.100000,10,38068.600842,110320.995724,49100.700414,0.000000,,,0,1,,,,,0.172202,SMALL
ga,augerat_A_n37_k5,36,8,0.100000,1787977824829373276,8232.031927,1134.200054,8345.451932,0.000000,,,0,1,,,,,7.416902,BIG
ga,augerat_A_n45_k6,44,8,0.100000,1787977944177125684,11589.544753,1729.399271,11762.484680,0.000000,,,0,1,,,,,0.148659,DEFAULT
ga,augerat_A_n45_k6,44,8,0.100000,1787977931450090872,11877.885791,2516.812908,12129.567082,0.000000,,,0,1,,,,,0.022302,SMALL
ga,augerat_A_n45_k6,44,8,0.100000,1787977935771169238,11426.944343,1040.470550,11530.991398,0.000000,,,0,1,,,,,3.054341,MEDIUM
ga,hfvrp_n200_m40_s03,200,40,0.100000,50,22167.401799,49901.136649,27157.515464,0.000000,,,0,1,,,,,26.498989,MEDIUM
ga,augerat_A_n45_k6,44,8,0.100000,1787977925945052512,11488.152294,1046.801354,11592.832429,0.000000,,,0,1,,,,,9.326477,BIG
ga,augerat_A_n45_k6,44,8,0.100000,1,11659.458114,1170.090740,11776.467188,0.000000,,,0,1,,,,,0.155077,DEFAULT
ga,augerat_A_n45_k6,44,8,0.100000,1,11700.357211,2492.275812,11949.584792,0.000000,,,0,1,,,,,0.017301,SMALL
ga,augerat_A_n45_k6,44,8,0.100000,1,11558.348627,1169.268900,11675.275517,0.000000,,,0,1,,,,,3.017244,MEDIUM
ga,hfvrp_n200_m40_s01,200,40,0.100000,999,31139.402031,81859.838294,39325.385861,0.000000,,,0,1,,,,,1.315001,DEFAULT
ga,hfvrp_n200_m40_s01,200,40,0.100000,999,41623.950199,109567.425014,52580.692700,0.000000,,,0,1,,,,,0.165463,SMALL
ga,hfvrp_n200_m40_s05,200,40,0.100000,10,22705.113931,46471.782935,27352.292224,0.000000,,,0,1,,,,,26.404588,MEDIUM
ga,augerat_A_n45_k6,44,8,0.100000,1,11550.666501,1305.132705,11681.179772,0.000000,,,0,1,,,,,9.352587,BIG
ga,augerat_A_n45_k6,44,8,0.100000,10,11534.184309,1694.711400,11703.655449,0.000000,,,0,1,,,,,0.153145,DEFAULT
ga,augerat_A_n45_k6,44,8,0.100000,10,11880.676682,1901.931206,12070.869802,0.000000,,,0,1,,,,,0.018759,SMALL
ga,augerat_A_n45_k6,44,8,0.100000,10,11531.275245,1287.160945,11659.991340,0.000000,,,0,1,,,,,2.964837,MEDIUM
ga,augerat_A_n45_k6,44,8,0.100000,10,11490.321169,1394.118939,11629.733063,0.000000,,,0,1,,,,,9.289471,BIG
ga,augerat_A_n45_k6,44,8,0.100000,50,11591.830451,1144.158373,11706.246288,0.000000,,,0,1,,,,,0.148574,DEFAULT
ga,augerat_A_n45_k6,44,8,0.100000,50,11974.527109,2261.458118,12200.672921,0.000000,,,0,1,,,,,0.016823,SMALL
ga,augerat_A_n45_k6,44,8,0.100000,50,11512.864683,1081.154499,11620.980132,0.000000,,,0,1,,,,,3.021182,MEDIUM
ga,hfvrp_n200_m40_s01,200,40,0.100000,999,22211.708991,48711.803800,27082.889371,0.000000,,,0,1,,,,,25.942657,MEDIUM
ga,augerat_A_n45_k6,44,8,0.100000,50,11383.444115,1473.202890,11530.764404,0.000000,,,0,1,,,,,9.430251,BIG
ga,augerat_A_n45_k6,44,8,0.100000,75,11581.285304,1533.996855,11734.684990,0.000000,,,0,1,,,,,0.155712,DEFAULT
ga,augerat_A_n45_k6,44,8,0.100000,75,11840.367833,1487.200010,11989.087833,0.000000,,,0,1,,,,,0.019544,SMALL
ga,augerat_A_n45_k6,44,8,0.100000,75,11527.005516,1449.407192,11671.946235,0.000000,,,0,1,,,,,2.998676,MEDIUM
ga,hfvrp_n200_m40_s04,200,40,0.100000,10,21622.662415,39066.010729,25529.263488,0.000000,,,0,1,,,,,77.380670,BIG
ga,augerat_A_n45_k6,44,8,0.100000,75,11404.308059,1149.009286,11519.208988,0.000000,,,0,1,,,,,9.377469,BIG
ga,augerat_A_n45_k6,44,8,0.100000,100,11530.879935,1035.298228,11634.409758,0.000000,,,0,1,,,,,0.146634,DEFAULT
ga,augerat_A_n45_k6,44,8,0.100000,100,11886.765659,1308.044034,12017.570062,0.000000,,,0,1,,,,,0.018353,SMALL
ga,augerat_A_n45_k6,44,8,0.100000,100,11406.407215,1502.141539,11556.621369,0.000000,,,0,1,,,,,3.042158,MEDIUM
ga,hfvrp_n200_m40_s02,200,40,0.100000,75,20741.312428,43500.916711,25091.404099,0.000000,,,0,1,,,,,80.240503,BIG
ga,augerat_A_n45_k6,44,8,0.100000,100,11543.254908,1249.207284,11668.175637,0.000000,,,0,1,,,,,8.994389,BIG
ga,augerat_A_n45_k6,44,8,0.100000,200,11574.469553,1424.104922,11716.880046,0.000000,,,0,1,,,,,0.152554,DEFAULT
ga,augerat_A_n45_k6,44,8,0.100000,200,11790.463312,2492.656906,12039.729003,0.000000,,,0,1,,,,,0.018362,SMALL
ga,augerat_A_n45_k6,44,8,0.100000,200,11522.421874,1170.799775,11639.501852,0.000000,,,0,1,,,,,2.982563,MEDIUM
ga,hfvrp_n200_m40_s03,200,40,0.100000,50,20390.565268,50015.875740,25392.152842,0.000000,,,0,1,,,,,78.212949,BIG
ga,augerat_A_n45_k6,44,8,0.100000,200,11518.691830,1116.846982,11630.376528,0.000000,,,0,1,,,,,9.159137,BIG
ga,augerat_A_n45_k6,44,8,0.100000,999,11562.653992,1251.507664,11687.804758,0.000000,,,0,1,,,,,0.152027,DEFAULT
ga,augerat_A_n45_k6,44,8,0.100000,999,11806.027059,2176.514347,12023.678494,0.000000,,,0,1,,,,,0.017921,SMALL
ga,hfvrp_n200_m40_s04,200,40,0.100000,50,31252.398441,70289.302037,38281.328645,0.000000,,,0,1,,,,,1.329559,DEFAULT
ga,hfvrp_n200_m40_s04,200,40,0.100000,50,38996.287205,96650.379617,48661.325167,0.000000,,,0,1,,,,,0.172169,SMALL
ga,augerat_A_n45_k6,44,8,0.100000,999,11501.572684,1023.325999,11603.905284,0.000000,,,0,1,,,,,3.022536,MEDIUM
ga,hfvrp_n200_m40_s02,200,40,0.100000,100,32890.876065,83448.504666,41235.726531,0.000000,,,0,1,,,,,1.290579,DEFAULT
ga,augerat_A_n45_k6,44,8,0.100000,999,11460.556980,1059.541903,11566.511170,0.000000,,,0,1,,,,,9.185387,BIG
ga,hfvrp_n200_m40_s02,200,40,0.100000,100,39777.889009,119332.486640,51711.137673,0.000000,,,0,1,,,,,0.166137,SMALL
ga,augerat_A_n45_k6,44,8,0.100000,1234,11584.339400,1538.241606,11738.163561,0.000000,,,0,1,,,,,0.148340,DEFAULT
ga,augerat_A_n45_k6,44,8,0.100000,1234,11847.930074,2310.640679,12078.994142,0.000000,,,0,1,,,,,0.018731,SMALL
ga,hfvrp_n200_m40_s05,200,40,0.100000,10,19789.452747,38732.897209,23662.742468,0.000000,,,0,1,,,,,78.905795,BIG
ga,augerat_A_n45_k6,44,8,0.100000,1234,11498.994638,996.626233,11598.657261,0.000000,,,0,1,,,,,2.997141,MEDIUM
ga,hfvrp_n200_m40_s03,200,40,0.100000,75,34120.349105,95612.733803,43681.622486,0.000000,,,0,1,,,,,1.312265,DEFAULT
ga,hfvrp_n200_m40_s03,200,40,0.100000,75,35623.036816,125099.051321,48132.941948,0.000000,,,0,1,,,,,0.175099,SMALL
ga,augerat_A_n45_k6,44,8,0.100000,1234,11436.796759,1044.761410,11541.272900,0.000000,,,0,1,,,,,9.363798,BIG
ga,augerat_A_n45_k6,44,8,0.100000,9999,11588.331954,1182.846001,11706.616554,0.000000,,,0,1,,,,,0.150969,DEFAULT
ga,augerat_A_n45_k6,44,8,0.100000,9999,11812.416161,2037.886347,12016.204796,0.000000,,,0,1,,,,,0.018113,SMALL
ga,hfvrp_n200_m40_s04,200,40,0.100000,50,23525.869932,43923.587209,27918.228653,0.000000,,,0,1,,,,,25.813505,MEDIUM
ga,augerat_A_n45_k6,44,8,0.100000,9999,11558.363740,1113.055986,11669.669339,0.000000,,,0,1,,,,,3.040770,MEDIUM
ga,hfvrp_n200_m40_s05,200,40,0.100000,50,32834.892851,76287.241967,40463.617048,0.000000,,,0,1,,,,,1.322430,DEFAULT
ga,hfvrp_n200_m40_s05,200,40,0.100000,50,37102.434277,87004.999239,45802.934200,0.000000,,,0,1,,,,,0.183016,SMALL
ga,hfvrp_n200_m40_s01,200,40,0.100000,999,21013.303828,38195.844763,24832.888304,0.000000,,,0,1,,,,,78.455666,BIG
ga,augerat_A_n45_k6,44,8,0.100000,9999,11445.146159,1039.789453,11549.125104,0.000000,,,0,1,,,,,9.154815,BIG
ga,augerat_A_n45_k6,44,8,0.100000,19345,11600.483111,1532.559092,11753.739020,0.000000,,,0,1,,,,,0.147477,DEFAULT
ga,augerat_A_n45_k6,44,8,0.100000,19345,11857.721701,1647.368801,12022.458581,0.000000,,,0,1,,,,,0.019928,SMALL
ga,hfvrp_n200_m40_s02,200,40,0.100000,100,20220.709375,39492.964457,24170.005821,0.000000,,,0,1,,,,,27.267585,MEDIUM
ga,augerat_A_n45_k6,44,8,0.100000,19345,11569.544748,1219.529231,11691.497671,0.000000,,,0,1,,,,,2.999370,MEDIUM
ga,hfvrp_n200_m40_s03,200,40,0.100000,75,19817.010974,56931.272400,25510.138214,0.000000,,,0,1,,,,,26.266439,MEDIUM
ga,augerat_A_n45_k6,44,8,0.100000,19345,11489.073188,1354.103855,11624.483574,0.000000,,,0,1,,,,,9.156922,BIG
ga,augerat_A_n45_k6,44,8,0.100000,1787978341323745198,11639.846986,1624.661767,11802.313162,0.000000,,,0,1,,,,,0.143119,DEFAULT
ga,augerat_A_n45_k6,44,8,0.100000,1787978337176131424,11671.178701,1886.497018,11859.828403,0.000000,,,0,1,,,,,0.017364,SMALL
ga,augerat_A_n45_k6,44,8,0.100000,1787978332907261967,11471.000364,1165.656252,11587.565989,0.000000,,,0,1,,,,,3.006291,MEDIUM
ga,hfvrp_n200_m40_s05,200,40,0.100000,50,21728.662349,39180.336523,25646.696001,0.000000,,,0,1,,,,,25.976145,MEDIUM
ga,augerat_A_n45_k6,44,8,0.100000,1787978331628084847,11438.608689,1179.081733,11556.516862,0.000000,,,0,1,,,,,9.264330,BIG
ga,augerat_A_n54_k7,53,8,0.100000,1787978319780151124,12495.226286,2989.776721,12794.203958,0.000000,,,0,1,,,,,0.182488,DEFAULT
ga,augerat_A_n54_k7,53,8,0.100000,1787978307082103642,12993.747929,3836.642880,13377.412217,0.000000,,,0,1,,,,,0.021065,SMALL
ga,augerat_A_n54_k7,53,8,0.100000,1787978311402082314,12540.339572,2910.088168,12831.348389,0.000000,,,0,1,,,,,3.699449,MEDIUM
ga,hfvrp_n200_m40_s01,200,40,0.100000,1234,30643.989757,83193.263962,38963.316154,0.000000,,,0,1,,,,,1.340743,DEFAULT
ga,hfvrp_n200_m40_s01,200,40,0.100000,1234,43675.802917,132016.093282,56877.412245,0.000000,,,0,1,,,,,0.170051,SMALL
ga,augerat_A_n54_k7,53,8,0.100000,1787978267861425100,12534.261101,2930.605937,12827.321695,0.000000,,,0,1,,,,,11.360003,BIG
ga,augerat_A_n54_k7,53,8,0.100000,1,12712.552359,3178.503932,13030.402752,0.000000,,,0,1,,,,,0.186087,DEFAULT
ga,augerat_A_n54_k7,53,8,0.100000,1,12877.915680,3967.624408,13274.678120,0.000000,,,0,1,,,,,0.027140,SMALL
ga,augerat_A_n54_k7,53,8,0.100000,1,12461.110262,2910.319529,12752.142215,0.000000,,,0,1,,,,,3.715644,MEDIUM
ga,augerat_A_n54_k7,53,8,0.100000,1,12564.107478,2841.900752,12848.297553,0.000000,,,0,1,,,,,11.191120,BIG
ga,augerat_A_n54_k7,53,8,0.100000,10,12687.548717,2741.820420,12961.730759,0.000000,,,0,1,,,,,0.183186,DEFAULT
ga,augerat_A_n54_k7,53,8,0.100000,10,12989.949627,3370.480860,13326.997713,0.000000,,,0,1,,,,,0.021761,SMALL
ga,hfvrp_n200_m40_s01,200,40,0.100000,1234,20731.444150,48616.879212,25593.132071,0.000000,,,0,1,,,,,25.704466,MEDIUM
ga,augerat_A_n54_k7,53,8,0.100000,10,12533.921596,3071.881918,12841.109787,0.000000,,,0,1,,,,,3.690559,MEDIUM
ga,hfvrp_n200_m40_s04,200,40,0.100000,50,22348.582752,39214.679657,26270.050718,0.000000,,,0,1,,,,,78.735033,BIG
ga,augerat_A_n54_k7,53,8,0.100000,10,12500.255013,3116.896179,12811.944631,0.000000,,,0,1,,,,,11.256903,BIG
ga,augerat_A_n54_k7,53,8,0.100000,50,12706.403432,3103.871031,13016.790535,0.000000,,,0,1,,,,,0.180105,DEFAULT
ga,augerat_A_n54_k7,53,8,0.100000,50,12756.268280,3112.540983,13067.522379,0.000000,,,0,1,,,,,0.022840,SMALL
ga,augerat_A_n54_k7,53,8,0.100000,50,12534.065116,2775.519757,12811.617091,0.000000,,,0,1,,,,,3.699086,MEDIUM
ga,hfvrp_n200_m40_s03,200,40,0.100000,75,20687.075628,55208.256123,26207.901240,0.000000,,,0,1,,,,,77.149500,BIG
ga,hfvrp_n200_m40_s02,200,40,0.100000,100,21087.356373,48089.735665,25896.329940,0.000000,,,0,1,,,,,81.382286,BIG
ga,augerat_A_n54_k7,53,8,0.100000,50,12516.599330,2869.244614,12803.523791,0.000000,,,0,1,,,,,11.344258,BIG
ga,augerat_A_n54_k7,53,8,0.100000,75,12512.296481,3268.759124,12839.172393,0.000000,,,0,1,,,,,0.184562,DEFAULT
ga,augerat_A_n54_k7,53,8,0.100000,75,12856.689246,3033.561012,13160.045347,0.000000,,,0,1,,,,,0.023264,SMALL
ga,augerat_A_n54_k7,53,8,0.100000,75,12532.831078,2800.019385,12812.833017,0.000000,,,0,1,,,,,3.640680,MEDIUM
ga,hfvrp_n200_m40_s05,200,40,0.100000,50,22994.774907,35985.507181,26593.325625,0.000000,,,0,1,,,,,76.939684,BIG
ga,augerat_A_n54_k7,53,8,0.100000,75,12496.925542,2966.351020,12793.560644,0.000000,,,0,1,,,,,11.172906,BIG
ga,hfvrp_n200_m40_s04,200,40,0.100000,75,33297.148115,88375.355980,42134.683713,0.000000,,,0,1,,,,,1.292768,DEFAULT
ga,hfvrp_n200_m40_s04,200,40,0.100000,75,39603.559599,118028.128458,51406.372445,0.000000,,,0,1,,,,,0.169587,SMALL
ga,augerat_A_n54_k7,53,8,0.100000,100,12708.408904,3059.119875,13014.320891,0.000000,,,0,1,,,,,0.185919,DEFAULT
ga,augerat_A_n54_k7,53,8,0.100000,100,12832.878928,3696.249795,13202.503908,0.000000,,,0,1,,,,,0.023650,SMALL
ga,hfvrp_n200_m40_s03,200,40,0.100000,100,31757.157149,84224.488542,40179.606003,0.000000,,,0,1,,,,,1.349067,DEFAULT
ga,hfvrp_n200_m40_s03,200,40,0.100000,100,33878.888837,102758.443693,44154.733206,0.000000,,,0,1,,,,,0.168365,SMALL
ga,augerat_A_n54_k7,53,8,0.100000,100,12419.225707,2962.003006,12715.426007,0.000000,,,0,1,,,,,3.779348,MEDIUM
ga,hfvrp_n200_m40_s02,200,40,0.100000,200,30525.861120,83004.412518,38826.302372,0.000000,,,0,1,,,,,1.435778,DEFAULT
ga,hfvrp_n200_m40_s02,200,40,0.100000,200,38176.474051,91745.221820,47350.996233,0.000000,,,0,1,,,,,0.173535,SMALL
ga,augerat_A_n54_k7,53,8,0.100000,100,12502.851225,2965.237099,12799.374935,0.000000,,,0,1,,,,,11.259096,BIG
ga,augerat_A_n54_k7,53,8,0.100000,200,12624.765956,3085.121115,12933.278067,0.000000,,,0,1,,,,,0.180200,DEFAULT
ga,augerat_A_n54_k7,53,8,0.100000,200,12857.919424,3304.248132,13188.344237,0.000000,,,0,1,,,,,0.024655,SMALL
ga,augerat_A_n54_k7,53,8,0.100000,200,12420.054633,2948.809717,12714.935605,0.000000,,,0,1,,,,,3.718709,MEDIUM
ga,hfvrp_n200_m40_s05,200,40,0.100000,75,31499.332509,68155.479305,38314.880440,0.000000,,,0,1,,,,,1.352756,DEFAULT
ga,hfvrp_n200_m40_s05,200,40,0.100000,75,41110.587707,132748.728861,54385.460593,0.000000,,,0,1,,,,,0.174780,SMALL
ga,hfvrp_n200_m40_s04,200,40,0.100000,75,22229.966246,35842.274829,25814.193729,0.000000,,,0,1,,,,,26.760530,MEDIUM
ga,hfvrp_n200_m40_s03,200,40,0.100000,100,24590.042889,64840.363341,31074.079223,0.000000,,,0,1,,,,,26.998665,MEDIUM
ga,augerat_A_n54_k7,53,8,0.100000,200,12500.871080,2763.435078,12777.214588,0.000000,,,0,1,,,,,11.411631,BIG
ga,augerat_A_n54_k7,53,8,0.100000,999,12500.752937,2975.764228,12798.329360,0.000000,,,0,1,,,,,0.184354,DEFAULT
ga,augerat_A_n54_k7,53,8,0.100000,999,12995.497818,4342.215426,13429.719361,0.000000,,,0,1,,,,,0.021373,SMALL
ga,hfvrp_n200_m40_s02,200,40,0.100000,200,20800.182706,42034.599303,25003.642636,0.000000,,,0,1,,,,,27.576658,MEDIUM
ga,augerat_A_n54_k7,53,8,0.100000,999,12551.590105,2859.678617,12837.557967,0.000000,,,0,1,,,,,3.634659,MEDIUM
ga,hfvrp_n200_m40_s01,200,40,0.100000,1234,20924.131538,34385.915819,24362.723119,0.000000,,,0,1,,,,,82.700909,BIG
ga,augerat_A_n54_k7,53,8,0.100000,999,12558.849969,3078.645375,12866.714507,0.000000,,,0,1,,,,,11.308627,BIG
ga,augerat_A_n54_k7,53,8,0.100000,1234,12683.483189,3071.825903,12990.665780,0.000000,,,0,1,,,,,0.184089,DEFAULT
ga,augerat_A_n54_k7,53,8,0.100000,1234,13000.003236,3665.956167,13366.598853,0.000000,,,0,1,,,,,0.027743,SMALL
ga,hfvrp_n200_m40_s05,200,40,0.100000,75,22283.584503,35989.878518,25882.572355,0.000000,,,0,1,,,,,25.220930,MEDIUM
ga,augerat_A_n54_k7,53,8,0.100000,1234,12505.012534,2809.934760,12786.006010,0.000000,,,0,1,,,,,3.693014,MEDIUM
ga,augerat_A_n54_k7,53,8,0.100000,1234,12561.714878,2866.596488,12848.374526,0.000000,,,0,1,,,,,11.250822,BIG
ga,augerat_A_n54_k7,53,8,0.100000,9999,12697.655619,3173.923262,13015.047945,0.000000,,,0,1,,,,,0.181201,DEFAULT
ga,augerat_A_n54_k7,53,8,0.100000,9999,12870.126450,3310.392772,13201.165727,0.000000,,,0,1,,,,,0.025850,SMALL
ga,augerat_A_n54_k7,53,8,0.100000,9999,12510.151007,3047.370812,12814.888088,0.000000,,,0,1,,,,,3.719168,MEDIUM
ga,hfvrp_n200_m40_s01,200,40,0.100000,9999,30568.720033,79075.472134,38476.267247,0.000000,,,0,1,,,,,1.327520,DEFAULT
ga,hfvrp_n200_m40_s01,200,40,0.100000,9999,39629.464605,134609.796499,53090.444255,0.000000,,,0,1,,,,,0.161901,SMALL
ga,augerat_A_n54_k7,53,8,0.100000,9999,12503.500057,2965.991961,12800.099254,0.000000,,,0,1,,,,,11.269993,BIG
ga,augerat_A_n54_k7,53,8,0.100000,19345,12691.177358,3147.733897,13005.950748,0.000000,,,0,1,,,,,0.186392,DEFAULT
ga,augerat_A_n54_k7,53,8,0.100000,19345,12819.195982,3401.157884,13159.311771,0.000000,,,0,1,,,,,0.026936,SMALL
ga,augerat_A_n54_k7,53,8,0.100000,19345,12561.839126,2916.642625,12853.503389,0.000000,,,0,1,,,,,3.662220,MEDIUM
ga,augerat_A_n54_k7,53,8,0.100000,19345,12504.272592,2988.071417,12803.079734,0.000000,,,0,1,,,,,11.361035,BIG
ga,augerat_A_n54_k7,53,8,0.100000,1787976987558950316,12574.708972,2900.008237,12864.709796,0.000000,,,0,1,,,,,0.185335,DEFAULT
ga,augerat_A_n54_k7,53,8,0.100000,1787977000637962244,12928.412251,4090.729910,13337.485242,0.000000,,,0,1,,,,,0.026136,SMALL
ga,augerat_A_n54_k7,53,8,0.100000,1787976996373505589,12500.962930,2735.458992,12774.508829,0.000000,,,0,1,,,,,3.693174,MEDIUM
ga,hfvrp_n200_m40_s01,200,40,0.100000,9999,19969.573985,44950.344563,24464.608441,0.000000,,,0,1,,,,,26.983219,MEDIUM
ga,hfvrp_n200_m40_s04,200,40,0.100000,75,22279.662100,35134.869141,25793.149014,0.000000,,,0,1,,,,,80.521899,BIG
ga,augerat_A_n54_k7,53,8,0.100000,1787977012960530544,12479.411501,2832.663045,12762.677806,0.000000,,,0,1,,,,,11.314664,BIG
ga,augerat_A_n60_k9,59,10,0.100000,1787977338313326322,16101.781924,2994.964597,16401.278384,0.000000,,,0,1,,,,,0.207879,DEFAULT
ga,augerat_A_n60_k9,59,10,0.100000,1787977385770216220,16261.681867,3304.035990,16592.085466,0.000000,,,0,1,,,,,0.027638,SMALL
ga,hfvrp_n200_m40_s03,200,40,0.100000,100,19292.565568,55956.766008,24888.242169,0.000000,,,0,1,,,,,78.644773,BIG
ga,hfvrp_n200_m40_s02,200,40,0.100000,200,20928.437876,41258.259102,25054.263786,0.000000,,,0,1,,,,,77.821164,BIG
ga,augerat_A_n60_k9,59,10,0.100000,1787977381507015499,15959.786750,2529.375842,16212.724334,0.000000,,,0,1,,,,,4.173016,MEDIUM
ga,hfvrp_n200_m40_s05,200,40,0.100000,75,21120.529242,37908.394325,24911.368674,0.000000,,,0,1,,,,,77.711285,BIG
ga,augerat_A_n60_k9,59,10,0.100000,1787977415749276880,15903.473357,2551.829247,16158.656282,0.000000,,,0,1,,,,,12.907057,BIG
ga,augerat_A_n60_k9,59,10,0.100000,1,16148.731751,2848.318950,16433.563646,0.000000,,,0,1,,,,,0.212709,DEFAULT
ga,augerat_A_n60_k9,59,10,0.100000,1,16287.225516,4054.052651,16692.630782,0.000000,,,0,1,,,,,0.027772,SMALL
ga,augerat_A_n60_k9,59,10,0.100000,1,15917.709858,2769.303364,16194.640194,0.000000,,,0,1,,,,,4.111235,MEDIUM
ga,hfvrp_n200_m40_s03,200,40,0.100000,200,36738.314095,98776.163738,46615.930469,0.000000,,,0,1,,,,,1.252028,DEFAULT
ga,hfvrp_n200_m40_s03,200,40,0.100000,200,39797.573545,123252.010787,52122.774624,0.000000,,,0,1,,,,,0.171446,SMALL
ga,hfvrp_n200_m40_s02,200,40,0.100000,999,30059.356646,83821.756402,38441.532286,0.000000,,,0,1,,,,,1.324609,DEFAULT
ga,hfvrp_n200_m40_s02,200,40,0.100000,999,37975.107565,109481.343567,48923.241922,0.000000,,,0,1,,,,,0.173863,SMALL
ga,hfvrp_n200_m40_s04,200,40,0.100000,100,36118.451253,76104.932957,43728.944548,0.000000,,,0,1,,,,,1.282533,DEFAULT
ga,hfvrp_n200_m40_s04,200,40,0.100000,100,40033.585167,108149.249192,50848.510086,0.000000,,,0,1,,,,,0.169675,SMALL
ga,augerat_A_n60_k9,59,10,0.100000,1,15911.536142,2686.653170,16180.201459,0.000000,,,0,1,,,,,13.165661,BIG
ga,augerat_A_n60_k9,59,10,0.100000,10,16136.801364,2792.225313,16416.023895,0.000000,,,0,1,,,,,0.211764,DEFAULT
ga,augerat_A_n60_k9,59,10,0.100000,10,16437.442119,3971.339734,16834.576092,0.000000,,,0,1,,,,,0.026088,SMALL
ga,hfvrp_n200_m40_s05,200,40,0.100000,100,34029.955747,83260.313750,42355.987122,0.000000,,,0,1,,,,,1.299120,DEFAULT
ga,augerat_A_n60_k9,59,10,0.100000,10,15933.870100,2616.314654,16195.501565,0.000000,,,0,1,,,,,4.133313,MEDIUM
ga,hfvrp_n200_m40_s05,200,40,0.100000,100,38355.086745,120643.052503,50419.391996,0.000000,,,0,1,,,,,0.177907,SMALL
ga,hfvrp_n200_m40_s03,200,40,0.100000,200,19432.746461,56006.414416,25033.387903,0.000000,,,0,1,,,,,26.553803,MEDIUM
ga,augerat_A_n60_k9,59,10,0.100000,10,15854.034222,2829.996609,16137.033882,0.000000,,,0,1,,,,,12.807727,BIG
ga,hfvrp_n200_m40_s02,200,40,0.100000,999,20823.576593,42752.534958,25098.830089,0.000000,,,0,1,,,,,26.058871,MEDIUM
ga,augerat_A_n60_k9,59,10,0.100000,50,16137.161236,2913.454050,16428.506641,0.000000,,,0,1,,,,,0.206652,DEFAULT
ga,augerat_A_n60_k9,59,10,0.100000,50,16289.009517,3685.942541,16657.603771,0.000000,,,0,1,,,,,0.024336,SMALL
ga,augerat_A_n60_k9,59,10,0.100000,50,15962.519052,2666.074500,16229.126502,0.000000,,,0,1,,,,,4.086755,MEDIUM
ga,hfvrp_n200_m40_s04,200,40,0.100000,100,23348.845306,40393.334679,27388.178774,0.000000,,,0,1,,,,,26.424384,MEDIUM
ga,hfvrp_n200_m40_s05,200,40,0.100000,100,23404.807637,35635.470174,26968.354654,0.000000,,,0,1,,,,,24.998388,MEDIUM
ga,hfvrp_n200_m40_s01,200,40,0.100000,9999,22647.318111,41493.626084,26796.680719,0.000000,,,0,1,,,,,76.514605,BIG
ga,augerat_A_n60_k9,59,10,0.100000,50,15971.665308,2629.577048,16234.623012,0.000000,,,0,1,,,,,12.859119,BIG
ga,augerat_A_n60_k9,59,10,0.100000,75,16185.324441,3071.913298,16492.515771,0.000000,,,0,1,,,,,0.204451,DEFAULT
ga,augerat_A_n60_k9,59,10,0.100000,75,16410.674418,3629.075796,16773.581998,0.000000,,,0,1,,,,,0.027275,SMALL
ga,augerat_A_n60_k9,59,10,0.100000,75,15932.798243,2943.376074,16227.135850,0.000000,,,0,1,,,,,4.182602,MEDIUM
ga,augerat_A_n60_k9,59,10,0.100000,75,15898.072600,2699.378415,16168.010442,0.000000,,,0,1,,,,,12.960916,BIG
ga,augerat_A_n60_k9,59,10,0.100000,100,16127.670495,3268.110926,16454.481588,0.000000,,,0,1,,,,,0.203634,DEFAULT
ga,augerat_A_n60_k9,59,10,0.100000,100,16248.168037,3567.849615,16604.952999,0.000000,,,0,1,,,,,0.025091,SMALL
ga,augerat_A_n60_k9,59,10,0.100000,100,15872.504742,2575.849545,16130.089697,0.000000,,,0,1,,,,,4.223849,MEDIUM
ga,hfvrp_n200_m40_s01,200,40,0.100000,19345,32289.584207,70796.451180,39369.229325,0.000000,,,0,1,,,,,1.330203,DEFAULT
ga,hfvrp_n200_m40_s01,200,40,0.100000,19345,39865.406499,115755.692807,51440.975780,0.000000,,,0,1,,,,,0.172357,SMALL
ga,augerat_A_n60_k9,59,10,0.100000,100,15923.994548,2628.311409,16186.825689,0.000000,,,0,1,,,,,12.844837,BIG
ga,augerat_A_n60_k9,59,10,0.100000,200,16085.501397,3061.814157,16391.682813,0.000000,,,0,1,,,,,0.199642,DEFAULT
ga,augerat_A_n60_k9,59,10,0.100000,200,16400.873022,4176.322907,16818.505313,0.000000,,,0,1,,,,,0.023194,SMALL
ga,augerat_A_n60_k9,59,10,0.100000,200,16089.975095,2970.061691,16386.981264,0.000000,,,0,1,,,,,4.168119,MEDIUM
ga,augerat_A_n60_k9,59,10,0.100000,200,15919.031588,2866.607939,16205.692382,0.000000,,,0,1,,,,,13.017583,BIG
ga,augerat_A_n60_k9,59,10,0.100000,999,16178.013277,3078.875905,16485.900867,0.000000,,,0,1,,,,,0.209798,DEFAULT
ga,augerat_A_n60_k9,59,10,0.100000,999,16403.037577,3342.605452,16737.298123,0.000000,,,0,1,,,,,0.025966,SMALL
ga,hfvrp_n200_m40_s01,200,40,0.100000,19345,22409.153557,49552.967922,27364.450349,0.000000,,,0,1,,,,,26.039768,MEDIUM
ga,hfvrp_n200_m40_s03,200,40,0.100000,200,19181.963205,45697.997292,23751.762935,0.000000,,,0,1,,,,,78.236139,BIG
ga,augerat_A_n60_k9,59,10,0.100000,999,15960.132922,2756.105589,16235.743481,0.000000,,,0,1,,,,,4.225439,MEDIUM
ga,hfvrp_n200_m40_s02,200,40,0.100000,999,20732.041718,33390.286874,24071.070406,0.000000,,,0,1,,,,,79.492001,BIG
ga,hfvrp_n200_m40_s05,200,40,0.100000,100,20705.364183,41001.537987,24805.517982,0.000000,,,0,1,,,,,75.955586,BIG
ga,hfvrp_n200_m40_s04,200,40,0.100000,100,21692.746188,35725.559485,25265.302137,0.000000,,,0,1,,,,,82.792038,BIG
ga,augerat_A_n60_k9,59,10,0.100000,999,15821.245357,2817.222549,16102.967612,0.000000,,,0,1,,,,,12.834388,BIG
ga,augerat_A_n60_k9,59,10,0.100000,1234,16360.291619,2810.180684,16641.309688,0.000000,,,0,1,,,,,0.199909,DEFAULT
ga,augerat_A_n60_k9,59,10,0.100000,1234,16347.157052,3812.987922,16728.455845,0.000000,,,0,1,,,,,0.024361,SMALL
ga,augerat_A_n60_k9,59,10,0.100000,1234,16001.983480,2939.730834,16295.956563,0.000000,,,0,1,,,,,4.135791,MEDIUM
ga,hfvrp_n200_m40_s03,200,40,0.100000,999,29296.999341,110409.831244,40337.982465,0.000000,,,0,1,,,,,1.339925,DEFAULT
ga,hfvrp_n200_m40_s03,200,40,0.100000,999,36629.204241,113549.138284,47984.118069,0.000000,,,0,1,,,,,0.165035,SMALL
ga,hfvrp_n200_m40_s02,200,40,0.100000,1234,28300.815550,57592.830298,34060.098579,0.000000,,,0,1,,,,,1.276836,DEFAULT
ga,hfvrp_n200_m40_s02,200,40,0.100000,1234,38779.896274,103563.636379,49136.259912,0.000000,,,0,1,,,,,0.168658,SMALL
ga,augerat_A_n60_k9,59,10,0.100000,1234,15906.817274,2611.755105,16167.992785,0.000000,,,0,1,,,,,13.000208,BIG
ga,augerat_A_n60_k9,59,10,0.100000,9999,16076.971699,2964.197032,16373.391403,0.000000,,,0,1,,,,,0.207980,DEFAULT
ga,augerat_A_n60_k9,59,10,0.100000,9999,16243.848296,3283.680850,16572.216381,0.000000,,,0,1,,,,,0.026318,SMALL
ga,augerat_A_n60_k9,59,10,0.100000,9999,15922.365897,2859.177111,16208.283608,0.000000,,,0,1,,,,,4.297520,MEDIUM
ga,hfvrp_n200_m40_s05,200,40,0.100000,200,33035.788184,50786.062276,38114.394411,0.000000,,,0,1,,,,,1.314626,DEFAULT
ga,hfvrp_n200_m40_s05,200,40,0.100000,200,41248.237035,127433.404357,53991.577470,0.000000,,,0,1,,,,,0.174285,SMALL
ga,hfvrp_n200_m40_s04,200,40,0.100000,200,34310.882444,91365.050061,43447.387450,0.000000,,,0,1,,,,,1.305722,DEFAULT
ga,hfvrp_n200_m40_s04,200,40,0.100000,200,39802.202329,113787.778662,51180.980195,0.000000,,,0,1,,,,,0.182063,SMALL
ga,augerat_A_n60_k9,59,10,0.100000,9999,16000.793774,2624.115941,16263.205368,0.000000,,,0,1,,,,,12.929555,BIG
ga,augerat_A_n60_k9,59,10,0.100000,19345,16009.743988,3125.433541,16322.287342,0.000000,,,0,1,,,,,0.204039,DEFAULT
ga,augerat_A_n60_k9,59,10,0.100000,19345,16216.168680,3548.417608,16571.010441,0.000000,,,0,1,,,,,0.025785,SMALL
ga,hfvrp_n200_m40_s03,200,40,0.100000,999,20123.041035,55296.878309,25652.728866,0.000000,,,0,1,,,,,26.152916,MEDIUM
ga,augerat_A_n60_k9,59,10,0.100000,19345,15974.382461,2701.981629,16244.580624,0.000000,,,0,1,,,,,4.136235,MEDIUM
ga,hfvrp_n200_m40_s02,200,40,0.100000,1234,21795.402260,39592.804906,25754.682751,0.000000,,,0,1,,,,,26.583571,MEDIUM
ga,hfvrp_n200_m40_s05,200,40,0.100000,200,22907.933522,48714.947373,27779.428259,0.000000,,,0,1,,,,,26.131241,MEDIUM
ga,augerat_A_n60_k9,59,10,0.100000,19345,15954.786259,2894.114643,16244.197723,0.000000,,,0,1,,,,,12.908007,BIG
ga,augerat_A_n60_k9,59,10,0.100000,1787976576685711366,16153.221299,2977.581767,16450.979476,0.000000,,,0,1,,,,,0.216334,DEFAULT
ga,augerat_A_n60_k9,59,10,0.100000,1787976572611430979,16452.763243,3919.143420,16844.677585,0.000000,,,0,1,,,,,0.026913,SMALL
ga,augerat_A_n60_k9,59,10,0.100000,1787976602707063011,16000.136077,2627.842831,16262.920360,0.000000,,,0,1,,,,,4.133764,MEDIUM
ga,hfvrp_n200_m40_s04,200,40,0.100000,200,22235.604464,40937.497436,26329.354207,0.000000,,,0,1,,,,,25.902272,MEDIUM
ga,hfvrp_n200_m40_s01,200,40,0.100000,19345,20978.415291,36715.458716,24649.961162,0.000000,,,0,1,,,,,79.042841,BIG
ga,augerat_A_n60_k9,59,10,0.100000,1787976576780711677,16054.842968,2688.200444,16323.663012,0.000000,,,0,1,,,,,12.996509,BIG
ga,augerat_A_n80_k10,79,11,0.100000,1787976135599872038,18456.776003,4285.742777,18885.350281,0.000000,,,0,1,,,,,0.287616,DEFAULT
ga,augerat_A_n80_k10,79,11,0.100000,1787976131597024129,18866.216463,5677.898323,19434.006295,0.000000,,,0,1,,,,,0.032467,SMALL
ga,augerat_A_n80_k10,79,11,0.100000,1787976127343701762,17998.181312,4735.212936,18471.702605,0.000000,,,0,1,,,,,5.650456,MEDIUM
ga,hfvrp_n200_m40_s01,200,40,0.100000,1787976148246525447,32929.502814,95707.698598,42500.272674,0.000000,,,0,1,,,,,1.337732,DEFAULT
ga,hfvrp_n200_m40_s01,200,40,0.100000,1787976153884281938,38816.817227,124896.947394,51306.511967,0.000000,,,0,1,,,,,0.168265,SMALL
ga,augerat_A_n80_k10,79,11,0.100000,1787976128709059705,18017.115930,4391.000088,18456.215939,0.000000,,,0,1,,,,,17.725770,BIG
ga,augerat_A_n80_k10,79,11,0.100000,1,18269.096129,4702.752413,18739.371370,0.000000,,,0,1,,,,,0.294395,DEFAULT
ga,augerat_A_n80_k10,79,11,0.100000,1,18660.139479,5885.374608,19248.676939,0.000000,,,0,1,,,,,0.036230,SMALL
ga,augerat_A_n80_k10,79,11,0.100000,1,18036.850316,4459.175356,18482.767851,0.000000,,,0,1,,,,,5.710995,MEDIUM
ga,hfvrp_n200_m40_s03,200,40,0.100000,999,20081.040752,51534.019797,25234.442732,0.000000,,,0,1,,,,,78.207746,BIG
ga,hfvrp_n200_m40_s01,200,40,0.100000,1787976158352555972,20555.434439,46389.193477,25194.353787,0.000000,,,0,1,,,,,25.413953,MEDIUM
ga,augerat_A_n80_k10,79,11,0.100000,1,17966.648724,4383.904806,18405.039204,0.000000,,,0,1,,,,,17.741341,BIG
ga,hfvrp_n200_m40_s02,200,40,0.100000,1234,19998.409260,35991.089728,23597.518233,0.000000,,,0,1,,,,,77.842708,BIG
ga,augerat_A_n80_k10,79,11,0.100000,10,18343.242190,4904.326559,18833.674846,0.000000,,,0,1,,,,,0.283887,DEFAULT
ga,augerat_A_n80_k10,79,11,0.100000,10,18697.923814,5184.487182,19216.372532,0.000000,,,0,1,,,,,0.039441,SMALL
ga,hfvrp_n200_m40_s05,200,40,0.100000,200,23338.946759,38726.573161,27211.604075,0.000000,,,0,1,,,,,78.890694,BIG
ga,augerat_A_n80_k10,79,11,0.100000,10,17995.012372,4279.641823,18422.976555,0.000000,,,0,1,,,,,5.956027,MEDIUM
ga,hfvrp_n200_m40_s03,200,40,0.100000,1234,29097.143499,93992.493489,38496.392848,0.000000,,,0,1,,,,,1.317786,DEFAULT
ga,hfvrp_n200_m40_s03,200,40,0.100000,1234,39477.411335,141508.585413,53628.269876,0.000000,,,0,1,,,,,0.159815,SMALL
ga,hfvrp_n200_m40_s04,200,40,0.100000,200,21119.589466,33076.072378,24427.196704,0.000000,,,0,1,,,,,80.713623,BIG
ga,augerat_A_n80_k10,79,11,0.100000,10,17990.381264,4149.413066,18405.322570,0.000000,,,0,1,,,,,17.527017,BIG
ga,hfvrp_n200_m40_s02,200,40,0.100000,9999,33855.129767,72262.311119,41081.360879,0.000000,,,0,1,,,,,1.311197,DEFAULT
ga,hfvrp_n200_m40_s02,200,40,0.100000,9999,35581.092408,122730.732851,47854.165693,0.000000,,,0,1,,,,,0.173519,SMALL
ga,augerat_A_n80_k10,79,11,0.100000,50,18235.697818,5059.284861,18741.626304,0.000000,,,0,1,,,,,0.293745,DEFAULT
ga,augerat_A_n80_k10,79,11,0.100000,50,18479.171909,5197.058590,18998.877768,0.000000,,,0,1,,,,,0.036005,SMALL
ga,hfvrp_n200_m40_s05,200,40,0.100000,999,35135.621527,91174.626300,44253.084157,0.000000,,,0,1,,,,,1.293795,DEFAULT
ga,hfvrp_n200_m40_s05,200,40,0.100000,999,39466.399670,134254.767425,52891.876413,0.000000,,,0,1,,,,,0.179199,SMALL
ga,augerat_A_n80_k10,79,11,0.100000,50,18036.343589,4514.277980,18487.771387,0.000000,,,0,1,,,,,5.888707,MEDIUM
ga,hfvrp_n200_m40_s03,200,40,0.100000,1234,22408.335036,55642.937676,27972.628803,0.000000,,,0,1,,,,,26.203324,MEDIUM
ga,augerat_A_n80_k10,79,11,0.100000,50,18090.638825,4683.330228,18558.971848,0.000000,,,0,1,,,,,17.879383,BIG
ga,augerat_A_n80_k10,79,11,0.100000,75,18274.379555,4753.644501,18749.744005,0.000000,,,0,1,,,,,0.286637,DEFAULT
ga,augerat_A_n80_k10,79,11,0.100000,75,18716.121682,6821.648793,19398.286561,0.000000,,,0,1,,,,,0.035238,SMALL
ga,hfvrp_n200_m40_s02,200,40,0.100000,9999,22586.068610,41559.194916,26741.988101,0.000000,,,0,1,,,,,26.790725,MEDIUM
ga,hfvrp_n200_m40_s04,200,40,0.100000,999,29856.530943,82430.008601,38099.531803,0.000000,,,0,1,,,,,1.295860,DEFAULT
ga,hfvrp_n200_m40_s04,200,40,0.100000,999,37318.735351,115329.520748,48851.687425,0.000000,,,0,1,,,,,0.169477,SMALL
ga,hfvrp_n200_m40_s05,200,40,0.100000,999,22329.000269,40668.347142,26395.834983,0.000000,,,0,1,,,,,25.847542,MEDIUM
ga,augerat_A_n80_k10,79,11,0.100000,75,18015.187968,4334.412632,18448.629231,0.000000,,,0,1,,,,,5.600606,MEDIUM
ga,augerat_A_n80_k10,79,11,0.100000,75,17956.995733,4524.603291,18409.456062,0.000000,,,0,1,,,,,17.050333,BIG
ga,augerat_A_n80_k10,79,11,0.100000,100,18298.135299,5171.155139,18815.250812,0.000000,,,0,1,,,,,0.282008,DEFAULT
ga,augerat_A_n80_k10,79,11,0.100000,100,18635.831247,5000.858023,19135.917049,0.000000,,,0,1,,,,,0.038271,SMALL
ga,hfvrp_n200_m40_s04,200,40,0.100000,999,22642.315480,34509.217129,26093.237193,0.000000,,,0,1,,,,,27.523252,MEDIUM
ga,augerat_A_n80_k10,79,11,0.100000,100,18113.411315,4172.321259,18530.643441,0.000000,,,0,1,,,,,5.869548,MEDIUM
ga,hfvrp_n200_m40_s01,200,40,0.100000,1787976308325827098,19627.485714,40862.472939,23713.733008,0.000000,,,0,1,,,,,83.112037,BIG
ga,pyvrp_X101_FSMFD,100,26,0.100000,1787975871001759540,4306751.128029,34899.324764,4310241.060505,0.000000,,,0,1,,,,,0.401316,DEFAULT
ga,pyvrp_X101_FSMFD,100,26,0.100000,1787975875702682724,4462222.738388,46498.164913,4466872.554879,0.000000,,,0,1,,,,,0.055685,SMALL
ga,pyvrp_X101_FSMFD,100,26,0.100000,1787975862877934986,3902009.545840,36453.158156,3905654.861656,0.000000,,,0,1,,,,,8.216385,MEDIUM
ga,augerat_A_n80_k10,79,11,0.100000,100,17988.277679,4725.924928,18460.870172,0.000000,,,0,1,,,,,17.799581,BIG
ga,augerat_A_n80_k10,79,11,0.100000,200,18286.005657,5454.502464,18831.455903,0.000000,,,0,1,,,,,0.284280,DEFAULT
ga,augerat_A_n80_k10,79,11,0.100000,200,18765.890964,6145.139642,19380.404928,0.000000,,,0,1,,,,,0.038180,SMALL
ga,augerat_A_n80_k10,79,11,0.100000,200,17940.196023,4569.805817,18397.176605,0.000000,,,0,1,,,,,5.714098,MEDIUM
ga,pyvrp_X101_FSMFD,100,26,0.100000,1787975909754116978,3887685.900885,36224.517040,3891308.352589,0.000000,,,0,1,,,,,25.237616,BIG
ga,hfvrp_n200_m40_s03,200,40,0.100000,1234,20283.120653,50360.779949,25319.198648,0.000000,,,0,1,,,,,77.577441,BIG
ga,pyvrp_X101_FSMFD,100,26,0.100000,1,4294434.981881,40368.581604,4298471.840042,0.000000,,,0,1,,,,,0.405468,DEFAULT
ga,pyvrp_X101_FSMFD,100,26,0.100000,1,4790355.239006,42316.233495,4794586.862356,0.000000,,,0,1,,,,,0.053124,SMALL
ga,augerat_A_n80_k10,79,11,0.100000,200,17906.215005,4229.680170,18329.183022,0.000000,,,0,1,,,,,17.989633,BIG
ga,augerat_A_n80_k10,79,11,0.100000,999,18146.621249,4674.410599,18614.062309,0.000000,,,0,1,,,,,0.275222,DEFAULT
ga,augerat_A_n80_k10,79,11,0.100000,999,18587.062829,5126.802979,19099.743127,0.000000,,,0,1,,,,,0.041338,SMALL
ga,hfvrp_n200_m40_s02,200,40,0.100000,9999,21079.920465,35412.602246,24621.180689,0.000000,,,0,1,,,,,77.048961,BIG
ga,augerat_A_n80_k10,79,11,0.100000,999,18057.226048,4530.417151,18510.267763,0.000000,,,0,1,,,,,5.849341,MEDIUM
ga,pyvrp_X101_FSMFD,100,26,0.100000,1,3957455.202221,37987.340546,3961253.936276,0.000000,,,0,1,,,,,8.213158,MEDIUM
ga,hfvrp_n200_m40_s05,200,40,0.100000,999,22434.051079,36873.108430,26121.361922,0.000000,,,0,1,,,,,79.063736,BIG
ga,hfvrp_n200_m40_s03,200,40,0.100000,9999,33346.816718,102027.646207,43549.581339,0.000000,,,0,1,,,,,1.296254,DEFAULT
ga,hfvrp_n200_m40_s03,200,40,0.100000,9999,40079.212486,169860.723830,57065.284869,0.000000,,,0,1,,,,,0.160649,SMALL
ga,augerat_A_n80_k10,79,11,0.100000,999,17992.367719,4305.857169,18422.953436,0.000000,,,0,1,,,,,17.700799,BIG
ga,augerat_A_n80_k10,79,11,0.100000,1234,18297.129299,4906.713434,18787.800642,0.000000,,,0,1,,,,,0.294810,DEFAULT
ga,augerat_A_n80_k10,79,11,0.100000,1234,18624.434762,6127.490886,19237.183850,0.000000,,,0,1,,,,,0.037903,SMALL
ga,hfvrp_n200_m40_s02,200,40,0.100000,19345,33191.552865,97781.097542,42969.662619,0.000000,,,0,1,,,,,1.239026,DEFAULT
ga,hfvrp_n200_m40_s02,200,40,0.100000,19345,37875.541076,91900.304162,47065.571492,0.000000,,,0,1,,,,,0.170067,SMALL
ga,augerat_A_n80_k10,79,11,0.100000,1234,18000.209414,4456.582213,18445.867636,0.000000,,,0,1,,,,,5.894175,MEDIUM
ga,pyvrp_X101_FSMFD,100,26,0.100000,1,3738937.041783,39454.379470,3742882.479730,0.000000,,,0,1,,,,,25.073771,BIG
ga,hfvrp_n200_m40_s05,200,40,0.100000,1234,31290.909653,76333.195255,38924.229179,0.000000,,,0,1,,,,,1.301754,DEFAULT
ga,hfvrp_n200_m40_s05,200,40,0.100000,1234,39587.640865,124040.571671,51991.698032,0.000000,,,0,1,,,,,0.176916,SMALL
ga,hfvrp_n200_m40_s04,200,40,0.100000,999,21484.798699,36037.538169,25088.552516,0.000000,,,0,1,,,,,80.485460,BIG
ga,pyvrp_X101_FSMFD,100,26,0.100000,10,4499588.731826,47229.534839,4504311.685309,0.000000,,,0,1,,,,,0.400292,DEFAULT
ga,pyvrp_X101_FSMFD,100,26,0.100000,10,4952472.050685,40658.704589,4956537.921144,0.000000,,,0,1,,,,,0.056374,SMALL
ga,pyvrp_X101_FSMFD,100,26,0.100000,10,3930921.943421,38472.994837,3934769.242905,0.000000,,,0,1,,,,,8.300108,MEDIUM
ga,hfvrp_n200_m40_s03,200,40,0.100000,9999,21966.133342,47730.028660,26739.136208,0.000000,,,0,1,,,,,25.334277,MEDIUM
ga,augerat_A_n80_k10,79,11,0.100000,1234,17928.828109,4465.563469,18375.384456,0.000000,,,0,1,,,,,17.679628,BIG
ga,augerat_A_n80_k10,79,11,0.100000,9999,18190.558635,4991.051175,18689.663753,0.000000,,,0,1,,,,,0.283324,DEFAULT
ga,augerat_A_n80_k10,79,11,0.100000,9999,18621.742725,5423.228478,19164.065573,0.000000,,,0,1,,,,,0.035567,SMALL
ga,augerat_A_n80_k10,79,11,0.100000,9999,18000.797670,4151.220710,18415.919741,0.000000,,,0,1,,,,,5.850179,MEDIUM
ga,hfvrp_n200_m40_s02,200,40,0.100000,19345,21408.011178,35926.050734,25000.616251,0.000000,,,0,1,,,,,26.529992,MEDIUM
ga,hfvrp_n200_m40_s05,200,40,0.100000,1234,22145.431084,32339.939967,25379.425081,0.000000,,,0,1,,,,,25.586100,MEDIUM
ga,pyvrp_X101_FSMFD,100,26,0.100000,10,3806960.678945,35819.516349,3810542.630580,0.000000,,,0,1,,,,,25.039754,BIG
ga,hfvrp_n200_m40_s04,200,40,0.100000,1234,33602.176531,81236.782538,41725.854785,0.000000,,,0,1,,,,,1.317080,DEFAULT
ga,hfvrp_n200_m40_s04,200,40,0.100000,1234,36619.473903,117250.731022,48344.547006,0.000000,,,0,1,,,,,0.175254,SMALL
ga,pyvrp_X101_FSMFD,100,26,0.100000,50,4149698.987201,41845.476075,4153883.534809,0.000000,,,0,1,,,,,0.400171,DEFAULT
ga,pyvrp_X101_FSMFD,100,26,0.100000,50,4670771.216584,48188.351169,4675590.051701,0.000000,,,0,1,,,,,0.059937,SMALL
ga,augerat_A_n80_k10,79,11,0.100000,9999,18005.574992,4359.146064,18441.489599,0.000000,,,0,1,,,,,17.977801,BIG
ga,augerat_A_n80_k10,79,11,0.100000,19345,18189.756250,4710.499148,18660.806165,0.000000,,,0,1,,,,,0.282222,DEFAULT
ga,augerat_A_n80_k10,79,11,0.100000,19345,18757.521463,5300.017882,19287.523252,0.000000,,,0,1,,,,,0.034647,SMALL
ga,augerat_A_n80_k10,79,11,0.100000,19345,17970.783032,4185.664675,18389.349500,0.000000,,,0,1,,,,,5.823081,MEDIUM
ga,pyvrp_X101_FSMFD,100,26,0.100000,50,3830961.817513,38984.508126,3834860.268326,0.000000,,,0,1,,,,,8.224519,MEDIUM
ga,hfvrp_n200_m40_s04,200,40,0.100000,1234,24231.808238,40215.510467,28253.359284,0.000000,,,0,1,,,,,25.810337,MEDIUM
ga,augerat_A_n80_k10,79,11,0.100000,19345,18005.114704,4342.183381,18439.333042,0.000000,,,0,1,,,,,17.552193,BIG
ga,augerat_A_n80_k10,79,11,0.100000,1787970684232184434,18324.898730,5046.788387,18829.577568,0.000000,,,0,1,,,,,0.279213,DEFAULT
ga,augerat_A_n80_k10,79,11,0.100000,1787970680220900867,18731.523266,4857.069797,19217.230245,0.000000,,,0,1,,,,,0.037202,SMALL
ga,augerat_A_n80_k10,79,11,0.100000,1787970675967508168,18007.582441,4146.513762,18422.233817,0.000000,,,0,1,,,,,5.760559,MEDIUM
ga,pyvrp_X101_FSMFD,100,26,0.100000,50,3822072.218271,40009.950384,3826073.213309,0.000000,,,0,1,,,,,24.744448,BIG
ga,pyvrp_X101_FSMFD,100,26,0.100000,75,4361012.708245,41653.231715,4365178.031416,0.000000,,,0,1,,,,,0.403631,DEFAULT
ga,pyvrp_X101_FSMFD,100,26,0.100000,75,4770845.987247,50056.257782,4775851.613025,0.000000,,,0,1,,,,,0.057503,SMALL
ga,pyvrp_X101_FSMFD,100,26,0.100000,75,3816577.729603,38655.456499,3820443.275252,0.000000,,,0,1,,,,,8.294583,MEDIUM
ga,augerat_A_n80_k10,79,11,0.100000,1787970651668098134,17954.882564,4377.987843,18392.681348,0.000000,,,0,1,,,,,17.624577,BIG
ga,hfvrp_n200_m40_s03,200,40,0.100000,9999,21547.482494,47772.556347,26324.738129,0.000000,,,0,1,,,,,80.304084,BIG
ga,pyvrp_X106_FSMD,105,16,0.100000,1787970805034781635,4256406.693748,80452.874381,4264451.981186,0.000000,,,0,1,,,,,0.386707,DEFAULT
ga,pyvrp_X106_FSMD,105,16,0.100000,1787970783951254948,5188244.187201,85536.102829,5196797.797483,0.000000,,,0,1,,,,,0.051007,SMALL
ga,hfvrp_n200_m40_s02,200,40,0.100000,19345,22480.103364,41079.999981,26588.103362,0.000000,,,0,1,,,,,76.507764,BIG
ga,pyvrp_X106_FSMD,105,16,0.100000,1787970796891555471,3801413.993461,60152.725037,3807429.265965,0.000000,,,0,1,,,,,7.969733,MEDIUM
ga,hfvrp_n200_m40_s05,200,40,0.100000,1234,21179.780698,34507.333687,24630.514067,0.000000,,,0,1,,,,,75.477345,BIG
ga,pyvrp_X101_FSMFD,100,26,0.100000,75,3733134.750839,35984.240053,3736733.174844,0.000000,,,0,1,,,,,25.152117,BIG
ga,pyvrp_X101_FSMFD,100,26,0.100000,100,4422436.811859,42540.159084,4426690.827768,0.000000,,,0,1,,,,,0.405594,DEFAULT
ga,pyvrp_X101_FSMFD,100,26,0.100000,100,4741090.543308,47085.583453,4745799.101653,0.000000,,,0,1,,,,,0.052358,SMALL
ga,hfvrp_n200_m40_s03,200,40,0.100000,19345,32860.708169,103732.969205,43234.005089,0.000000,,,0,1,,,,,1.360965,DEFAULT
ga,hfvrp_n200_m40_s03,200,40,0.100000,19345,41028.671729,144480.317291,55476.703458,0.000000,,,0,1,,,,,0.162473,SMALL
ga,pyvrp_X101_FSMFD,100,26,0.100000,100,3956781.322209,35714.319012,3960352.754111,0.000000,,,0,1,,,,,8.206595,MEDIUM
ga,pyvrp_X106_FSMD,105,16,0.100000,1787970766211235906,3673715.937903,65555.807119,3680271.518615,0.000000,,,0,1,,,,,23.477675,BIG
ga,hfvrp_n200_m40_s02,200,40,0.100000,1787970676750450537,29704.034193,71665.795230,36870.613716,0.000000,,,0,1,,,,,1.328525,DEFAULT
ga,hfvrp_n200_m40_s02,200,40,0.100000,1787970978731440453,35704.189618,122087.586770,47912.948295,0.000000,,,0,1,,,,,0.159996,SMALL
ga,hfvrp_n200_m40_s05,200,40,0.100000,9999,30054.651393,61626.050478,36217.256441,0.000000,,,0,1,,,,,1.300332,DEFAULT
ga,hfvrp_n200_m40_s05,200,40,0.100000,9999,39597.580631,102451.154694,49842.696101,0.000000,,,0,1,,,,,0.180726,SMALL
ga,pyvrp_X106_FSMD,105,16,0.100000,1,4433726.479091,88550.162237,4442581.495315,0.000000,,,0,1,,,,,0.379389,DEFAULT
ga,pyvrp_X106_FSMD,105,16,0.100000,1,5234127.801210,92235.401506,5243351.341360,0.000000,,,0,1,,,,,0.048285,SMALL
ga,pyvrp_X106_FSMD,105,16,0.100000,1,3883472.151565,67606.430685,3890232.794634,0.000000,,,0,1,,,,,8.067370,MEDIUM
ga,hfvrp_n200_m40_s04,200,40,0.100000,1234,20670.560048,40088.889460,24679.448994,0.000000,,,0,1,,,,,80.398971,BIG
ga,hfvrp_n200_m40_s03,200,40,0.100000,19345,20528.781550,55211.989289,26049.980479,0.000000,,,0,1,,,,,26.230420,MEDIUM
ga,pyvrp_X101_FSMFD,100,26,0.100000,100,3774351.551186,39862.333726,3778337.784559,0.000000,,,0,1,,,,,25.186166,BIG
ga,hfvrp_n200_m40_s05,200,40,0.100000,9999,24130.653528,47774.159079,28908.069436,0.000000,,,0,1,,,,,25.722939,MEDIUM
ga,hfvrp_n200_m40_s02,200,40,0.100000,1787970983191096957,20465.430726,44859.691991,24951.399925,0.000000,,,0,1,,,,,26.846899,MEDIUM
ga,pyvrp_X101_FSMFD,100,26,0.100000,200,4223036.600458,39317.497577,4226968.350215,0.000000,,,0,1,,,,,0.405187,DEFAULT
ga,pyvrp_X101_FSMFD,100,26,0.100000,200,4737116.863529,54789.078346,4742595.771364,0.000000,,,0,1,,,,,0.052451,SMALL
ga,pyvrp_X106_FSMD,105,16,0.100000,1,3717393.261422,61108.213798,3723504.082801,0.000000,,,0,1,,,,,23.919398,BIG
ga,pyvrp_X101_FSMFD,100,26,0.100000,200,3788947.034175,37531.452155,3792700.179391,0.000000,,,0,1,,,,,8.316556,MEDIUM
ga,pyvrp_X106_FSMD,105,16,0.100000,10,4391299.437823,82930.263985,4399592.464222,0.000000,,,0,1,,,,,0.389068,DEFAULT
ga,pyvrp_X106_FSMD,105,16,0.100000,10,4906633.873067,92472.787098,4915881.151776,0.000000,,,0,1,,,,,0.047938,SMALL
ga,pyvrp_X106_FSMD,105,16,0.100000,10,3770053.602202,66802.054718,3776733.807674,0.000000,,,0,1,,,,,7.939723,MEDIUM
ga,hfvrp_n200_m40_s04,200,40,0.100000,9999,35948.969780,78676.530351,43816.622815,0.000000,,,0,1,,,,,1.276953,DEFAULT
ga,hfvrp_n200_m40_s04,200,40,0.100000,9999,36720.123334,115384.505267,48258.573861,0.000000,,,0,1,,,,,0.163614,SMALL
ga,pyvrp_X101_FSMFD,100,26,0.100000,200,3812613.584948,37330.279328,3816346.612880,0.000000,,,0,1,,,,,25.082961,BIG
ga,pyvrp_X101_FSMFD,100,26,0.100000,999,4417052.590864,48612.180500,4421913.808914,0.000000,,,0,1,,,,,0.410139,DEFAULT
ga,pyvrp_X101_FSMFD,100,26,0.100000,999,4622932.303808,50328.667682,4627965.170576,0.000000,,,0,1,,,,,0.049420,SMALL
ga,pyvrp_X106_FSMD,105,16,0.100000,10,3729421.383248,63502.728790,3735771.656127,0.000000,,,0,1,,,,,23.931172,BIG
ga,pyvrp_X101_FSMFD,100,26,0.100000,999,3817318.026313,40378.135751,3821355.839888,0.000000,,,0,1,,,,,8.134394,MEDIUM
ga,pyvrp_X106_FSMD,105,16,0.100000,50,4118931.749366,71263.150050,4126058.064371,0.000000,,,0,1,,,,,0.389463,DEFAULT
ga,pyvrp_X106_FSMD,105,16,0.100000,50,5083258.055287,71719.360492,5090429.991337,0.000000,,,0,1,,,,,0.047322,SMALL
ga,hfvrp_n200_m40_s04,200,40,0.100000,9999,22753.866105,41948.262398,26948.692345,0.000000,,,0,1,,,,,26.354345,MEDIUM
ga,pyvrp_X106_FSMD,105,16,0.100000,50,3932926.741096,69357.260752,3939862.467172,0.000000,,,0,1,,,,,7.985204,MEDIUM
ga,hfvrp_n200_m40_s03,200,40,0.100000,19345,20420.021959,51107.237148,25530.745674,0.000000,,,0,1,,,,,76.948006,BIG
ga,pyvrp_X101_FSMFD,100,26,0.100000,999,3685999.747794,38692.911819,3689869.038976,0.000000,,,0,1,,,,,25.670640,BIG
ga,pyvrp_X101_FSMFD,100,26,0.100000,1234,4128779.338332,37617.599646,4132541.098297,0.000000,,,0,1,,,,,0.409644,DEFAULT
ga,pyvrp_X101_FSMFD,100,26,0.100000,1234,4484489.926161,40101.144890,4488500.040650,0.000000,,,0,1,,,,,0.056104,SMALL
ga,hfvrp_n200_m40_s02,200,40,0.100000,1787972689376186643,19985.621881,39894.314858,23975.053367,0.000000,,,0,1,,,,,75.762963,BIG
ga,pyvrp_X106_FSMD,105,16,0.100000,50,3794441.983099,64877.958008,3800929.778899,0.000000,,,0,1,,,,,24.284469,BIG
ga,pyvrp_X110_HD,109,13,0.100000,1787972918179234393,2628881.308937,55653.990348,2634446.707971,0.000000,,,0,1,,,,,0.408808,DEFAULT
ga,pyvrp_X110_HD,109,13,0.100000,1787972914297430956,3274135.168309,57666.923002,3279901.860609,0.000000,,,0,1,,,,,0.051546,SMALL
ga,hfvrp_n200_m40_s05,200,40,0.100000,9999,19242.191096,35776.969468,22819.888043,0.000000,,,0,1,,,,,81.548789,BIG
ga,pyvrp_X106_FSMD,105,16,0.100000,75,4597181.718644,71140.700734,4604295.788718,0.000000,,,0,1,,,,,0.383172,DEFAULT
ga,pyvrp_X106_FSMD,105,16,0.100000,75,5066240.525597,87586.991757,5074999.224773,0.000000,,,0,1,,,,,0.057248,SMALL
ga,pyvrp_X101_FSMFD,100,26,0.100000,1234,3878745.725073,34901.801252,3882235.905198,0.000000,,,0,1,,,,,8.284271,MEDIUM
ga,pyvrp_X110_HD,109,13,0.100000,1787972927238042642,1980844.760288,42076.025783,1985052.362866,0.000000,,,0,1,,,,,8.362090,MEDIUM
ga,pyvrp_X106_FSMD,105,16,0.100000,75,3722097.768598,62497.580575,3728347.526656,0.000000,,,0,1,,,,,7.943839,MEDIUM
ga,hfvrp_n200_m40_s03,200,40,0.100000,1787972642902332602,34832.357212,100385.032373,44870.860450,0.000000,,,0,1,,,,,1.237862,DEFAULT
ga,hfvrp_n200_m40_s03,200,40,0.100000,1787972648446587963,38326.992845,129934.587430,51320.451588,0.000000,,,0,1,,,,,0.170310,SMALL
ga,hfvrp_n200_m40_s05,200,40,0.100000,19345,32006.185605,72224.412894,39228.626894,0.000000,,,0,1,,,,,1.329971,DEFAULT
ga,hfvrp_n200_m40_s05,200,40,0.100000,19345,35079.118719,105693.614472,45648.480166,0.000000,,,0,1,,,,,0.175400,SMALL
ga,pyvrp_X101_FSMFD,100,26,0.100000,1234,3771819.537399,39637.368754,3775783.274274,0.000000,,,0,1,,,,,25.237904,BIG
ga,pyvrp_X101_FSMFD,100,26,0.100000,9999,4363277.397335,39919.430790,4367269.340414,0.000000,,,0,1,,,,,0.489934,DEFAULT
ga,pyvrp_X101_FSMFD,100,26,0.100000,9999,4914366.640594,48135.885885,4919180.229183,0.000000,,,0,1,,,,,0.063166,SMALL
ga,pyvrp_X110_HD,109,13,0.100000,1787972879775118391,2082135.725101,53044.181782,2087440.143279,0.000000,,,0,1,,,,,25.708640,BIG
ga,pyvrp_X106_FSMD,105,16,0.100000,75,3756531.641470,63641.431854,3762895.784656,0.000000,,,0,1,,,,,24.404430,BIG
ga,pyvrp_X110_HD,109,13,0.100000,1,2666286.984507,54113.298131,2671698.314320,0.000000,,,0,1,,,,,0.410422,DEFAULT
ga,pyvrp_X110_HD,109,13,0.100000,1,3143953.033296,75368.046615,3151489.837958,0.000000,,,0,1,,,,,0.055466,SMALL
ga,pyvrp_X106_FSMD,105,16,0.100000,100,4216557.021805,71985.434489,4223755.565254,0.000000,,,0,1,,,,,0.375408,DEFAULT
ga,pyvrp_X106_FSMD,105,16,0.100000,100,4574833.963322,74799.718945,4582313.935216,0.000000,,,0,1,,,,,0.053715,SMALL
ga,hfvrp_n200_m40_s03,200,40,0.100000,1787972652916583808,19992.207705,54664.596710,25458.667376,0.000000,,,0,1,,,,,25.678012,MEDIUM
ga,pyvrp_X101_FSMFD,100,26,0.100000,9999,3954653.238768,42774.084362,3958930.647204,0.000000,,,0,1,,,,,8.096312,MEDIUM
ga,pyvrp_X106_FSMD,105,16,0.100000,100,3790808.001552,66939.172697,3797501.918822,0.000000,,,0,1,,,,,7.861557,MEDIUM
ga,pyvrp_X110_HD,109,13,0.100000,1,2192405.926085,63448.684162,2198750.794501,0.000000,,,0,1,,,,,8.228039,MEDIUM
ga,hfvrp_n200_m40_s05,200,40,0.100000,19345,23369.969685,37500.055800,27119.975265,0.000000,,,0,1,,,,,25.685192,MEDIUM
ga,hfvrp_n200_m40_s04,200,40,0.100000,9999,21657.128346,38663.609817,25523.489328,0.000000,,,0,1,,,,,79.671759,BIG
ga,pyvrp_X101_FSMFD,100,26,0.100000,9999,3793115.368262,37081.764654,3796823.544727,0.000000,,,0,1,,,,,25.464617,BIG
ga,pyvrp_X106_FSMD,105,16,0.100000,100,3749842.932719,62786.371915,3756121.569910,0.000000,,,0,1,,,,,24.044658,BIG
ga,pyvrp_X110_HD,109,13,0.100000,1,1916585.417641,42171.442854,1920802.561927,0.000000,,,0,1,,,,,25.231296,BIG
ga,pyvrp_X101_FSMFD,100,26,0.100000,19345,4377388.451917,43178.216385,4381706.273556,0.000000,,,0,1,,,,,0.399806,DEFAULT
ga,pyvrp_X101_FSMFD,100,26,0.100000,19345,4714950.556286,51548.866741,4720105.442960,0.000000,,,0,1,,,,,0.053124,SMALL
ga,pyvrp_X106_FSMD,105,16,0.100000,200,4188821.877546,76660.474965,4196487.925043,0.000000,,,0,1,,,,,0.394908,DEFAULT
ga,pyvrp_X106_FSMD,105,16,0.100000,200,4618505.087053,74092.830482,4625914.370101,0.000000,,,0,1,,,,,0.054760,SMALL
ga,pyvrp_X110_HD,109,13,0.100000,10,2736890.163680,71520.383155,2744042.201996,0.000000,,,0,1,,,,,0.431509,DEFAULT
ga,pyvrp_X110_HD,109,13,0.100000,10,3179092.760112,64533.914501,3185546.151562,0.000000,,,0,1,,,,,0.051714,SMALL
ga,pyvrp_X101_FSMFD,100,26,0.100000,19345,3882229.483586,39062.200921,3886135.703678,0.000000,,,0,1,,,,,8.201718,MEDIUM
ga,pyvrp_X106_FSMD,105,16,0.100000,200,3927663.146755,72180.805232,3934881.227278,0.000000,,,0,1,,,,,7.906556,MEDIUM
ga,pyvrp_X110_HD,109,13,0.100000,10,2115795.269272,56399.498242,2121435.219097,0.000000,,,0,1,,,,,8.128131,MEDIUM
ga,hfvrp_n200_m40_s04,200,40,0.100000,19345,34394.508703,99587.527956,44353.261499,0.000000,,,0,1,,,,,1.302114,DEFAULT
ga,hfvrp_n200_m40_s04,200,40,0.100000,19345,35648.362152,99475.902819,45595.952434,0.000000,,,0,1,,,,,0.175341,SMALL
ga,pyvrp_X106_FSMD,105,16,0.100000,200,3891721.189649,64293.176024,3898150.507252,0.000000,,,0,1,,,,,23.666312,BIG
ga,pyvrp_X101_FSMFD,100,26,0.100000,19345,3858566.502153,39080.901283,3862474.592282,0.000000,,,0,1,,,,,24.934289,BIG
ga,pyvrp_X110_HD,109,13,0.100000,10,2230419.028062,56462.178096,2236065.245871,0.000000,,,0,1,,,,,24.791276,BIG
ga,pyvrp_X106_FSMD,105,16,0.100000,999,4284209.264402,71096.136206,4291318.878022,0.000000,,,0,1,,,,,0.397164,DEFAULT
ga,pyvrp_X106_FSMD,105,16,0.100000,999,4440900.611457,81603.266745,4449060.938132,0.000000,,,0,1,,,,,0.054544,SMALL
ga,pyvrp_X101_FSMFD,100,26,0.100000,1787955877075366497,4162936.611750,40811.444828,4167017.756233,0.000000,,,0,1,,,,,0.397900,DEFAULT
ga,pyvrp_X101_FSMFD,100,26,0.100000,1787955864592196886,4653291.222002,46203.979869,4657911.619989,0.000000,,,0,1,,,,,0.056028,SMALL
ga,pyvrp_X110_HD,109,13,0.100000,50,2782363.022605,61028.878550,2788465.910461,0.000000,,,0,1,,,,,0.396859,DEFAULT
ga,pyvrp_X110_HD,109,13,0.100000,50,3136764.783411,74636.722625,3144228.455674,0.000000,,,0,1,,,,,0.057425,SMALL
ga,hfvrp_n200_m40_s04,200,40,0.100000,19345,21322.955998,55354.299765,26858.385975,0.000000,,,0,1,,,,,25.965241,MEDIUM
ga,pyvrp_X106_FSMD,105,16,0.100000,999,3704219.218703,64710.267702,3710690.245473,0.000000,,,0,1,,,,,7.848740,MEDIUM
ga,hfvrp_n200_m40_s03,200,40,0.100000,1787955743543109241,20686.934527,51186.730801,25805.607607,0.000000,,,0,1,,,,,77.044909,BIG
ga,pyvrp_X101_FSMFD,100,26,0.100000,1787955868946804492,4004692.300568,41359.238325,4008828.224401,0.000000,,,0,1,,,,,8.174647,MEDIUM
ga,pyvrp_X110_HD,109,13,0.100000,50,2129664.861039,47243.277256,2134389.188765,0.000000,,,0,1,,,,,8.400504,MEDIUM
ga,pyvrp_X115_HVRP,114,18,0.100000,1787955522475197874,2383021.853749,65744.029730,2389596.256722,0.000000,,,0,0,,,,,0.442241,DEFAULT
ga,pyvrp_X115_HVRP,114,18,0.100000,1787955518627107839,2872894.199806,86875.658952,2881581.765701,0.000000,,,0,0,,,,,0.061960,SMALL
ga,pyvrp_X115_HVRP,114,18,0.100000,1787955531583943866,2121748.243706,56829.236876,2127431.167394,0.000000,,,0,0,,,,,9.031648,MEDIUM
ga,hfvrp_n200_m40_s05,200,40,0.100000,19345,20956.372898,38223.465666,24778.719464,0.000000,,,0,1,,,,,79.169298,BIG
ga,pyvrp_X106_FSMD,105,16,0.100000,999,3743883.564530,60940.407630,3749977.605293,0.000000,,,0,1,,,,,23.813359,BIG
ga,pyvrp_X106_FSMD,105,16,0.100000,1234,4268001.582016,70952.436360,4275096.825652,0.000000,,,0,1,,,,,0.385842,DEFAULT
ga,pyvrp_X106_FSMD,105,16,0.100000,1234,4511776.933107,66752.330621,4518452.166169,0.000000,,,0,1,,,,,0.052683,SMALL
ga,pyvrp_X101_FSMFD,100,26,0.100000,1787955512054227371,3848827.996314,35770.376694,3852405.033983,0.000000,,,0,1,,,,,25.142814,BIG
ga,pyvrp_X120_FSMF,119,12,0.100000,1787955685088612295,3575500.536328,212590.233630,3596759.559691,0.000000,,,0,1,,,,,0.431398,DEFAULT
ga,pyvrp_X120_FSMF,119,12,0.100000,1787955681229359506,3893573.254403,208751.070120,3914448.361415,0.000000,,,0,1,,,,,0.054822,SMALL
ga,pyvrp_X110_HD,109,13,0.100000,50,2075555.694435,50033.349163,2080559.029351,0.000000,,,0,1,,,,,26.537486,BIG
ga,pyvrp_X110_HD,109,13,0.100000,75,2565073.944136,63198.901060,2571393.834242,0.000000,,,0,1,,,,,0.395563,DEFAULT
ga,pyvrp_X110_HD,109,13,0.100000,75,3255282.323855,76155.638805,3262897.887735,0.000000,,,0,1,,,,,0.052154,SMALL
ga,pyvrp_X106_FSMD,105,16,0.100000,1234,3711268.285106,62587.133573,3717526.998463,0.000000,,,0,1,,,,,7.938757,MEDIUM
ga,pyvrp_X120_FSMF,119,12,0.100000,1787955676993343369,3164064.299780,105802.003402,3174644.500120,0.000000,,,0,1,,,,,8.770567,MEDIUM
ga,hfvrp_n200_m40_s05,200,40,0.100000,1787955531014748449,32845.485744,88107.651454,41656.250889,0.000000,,,0,1,,,,,1.293234,DEFAULT
ga,hfvrp_n200_m40_s05,200,40,0.100000,1787955540902477399,38699.276838,94212.173213,48120.494159,0.000000,,,0,1,,,,,0.174917,SMALL
ga,pyvrp_X110_HD,109,13,0.100000,75,2119235.838005,65317.984974,2125767.636502,0.000000,,,0,1,,,,,8.154936,MEDIUM
ga,pyvrp_X115_HVRP,114,18,0.100000,1787955536331026753,2492627.586631,55801.209615,2498207.707592,0.000000,,,0,1,,,,,28.837309,BIG
ga,pyvrp_X115_HVRP,114,18,0.100000,1,2193727.773772,72453.827182,2200973.156490,0.000000,,,0,0,,,,,0.429362,DEFAULT
ga,pyvrp_X115_HVRP,114,18,0.100000,1,2696844.630300,75502.729922,2704394.903292,0.000000,,,0,0,,,,,0.061631,SMALL
ga,pyvrp_X115_HVRP,114,18,0.100000,1,2247004.921014,54476.453495,2252452.566364,0.000000,,,0,1,,,,,9.535476,MEDIUM
ga,pyvrp_X106_FSMD,105,16,0.100000,1234,3826472.057541,71341.873690,3833606.244910,0.000000,,,0,1,,,,,23.699340,BIG
ga,pyvrp_X106_FSMD,105,16,0.100000,9999,4344329.369571,70204.923312,4351349.861902,0.000000,,,0,1,,,,,0.406475,DEFAULT
ga,pyvrp_X106_FSMD,105,16,0.100000,9999,5048827.969438,80341.761385,5056862.145577,0.000000,,,0,1,,,,,0.047172,SMALL
ga,pyvrp_X120_FSMF,119,12,0.100000,1787955526854541002,3070684.119796,122841.416795,3082968.261475,0.000000,,,0,1,,,,,26.195353,BIG
ga,hfvrp_n200_m40_s05,200,40,0.100000,1787955536787269888,22885.473250,34373.877239,26322.860974,0.000000,,,0,1,,,,,25.659595,MEDIUM
ga,pyvrp_X110_HD,109,13,0.100000,75,2110257.080609,51852.079053,2115442.288515,0.000000,,,0,1,,,,,25.192667,BIG
ga,pyvrp_X120_FSMF,119,12,0.100000,1,3575443.764141,173675.303229,3592811.294464,0.000000,,,0,1,,,,,0.426708,DEFAULT
ga,pyvrp_X120_FSMF,119,12,0.100000,1,3767333.607309,212541.928462,3788587.800155,0.000000,,,0,1,,,,,0.058696,SMALL
ga,pyvrp_X106_FSMD,105,16,0.100000,9999,3812524.880377,64315.954828,3818956.475860,0.000000,,,0,1,,,,,7.799819,MEDIUM
ga,pyvrp_X110_HD,109,13,0.100000,100,2589860.708886,52982.709276,2595158.979813,0.000000,,,0,1,,,,,0.418780,DEFAULT
ga,pyvrp_X110_HD,109,13,0.100000,100,3125752.125171,70241.821512,3132776.307322,0.000000,,,0,1,,,,,0.055464,SMALL
ga,pyvrp_X120_FSMF,119,12,0.100000,1,3142272.700422,124555.833664,3154728.283788,0.000000,,,0,1,,,,,8.541316,MEDIUM
ga,hfvrp_n200_m40_s04,200,40,0.100000,19345,20261.055094,29911.499248,23252.205019,0.000000,,,0,1,,,,,79.951232,BIG
ga,pyvrp_X110_HD,109,13,0.100000,100,2028641.624734,58666.637248,2034508.288459,0.000000,,,0,1,,,,,8.457491,MEDIUM
ga,pyvrp_X115_HVRP,114,18,0.100000,1,2020199.418897,51051.863193,2025304.605216,0.000000,,,0,0,,,,,26.775630,BIG
ga,pyvrp_X115_HVRP,114,18,0.100000,10,2595980.882872,65831.259887,2602564.008861,0.000000,,,0,0,,,,,0.458673,DEFAULT
ga,pyvrp_X115_HVRP,114,18,0.100000,10,2698317.380139,66979.168705,2705015.297010,0.000000,,,0,0,,,,,0.062270,SMALL
ga,pyvrp_X106_FSMD,105,16,0.100000,9999,3734163.443360,64096.689764,3740573.112336,0.000000,,,0,1,,,,,23.420490,BIG
ga,pyvrp_X115_HVRP,114,18,0.100000,10,2094404.640958,49918.062366,2099396.447195,0.000000,,,0,0,,,,,8.938398,MEDIUM
ga,pyvrp_X106_FSMD,105,16,0.100000,19345,4251887.770089,67186.031184,4258606.373208,0.000000,,,0,1,,,,,0.385882,DEFAULT
ga,pyvrp_X106_FSMD,105,16,0.100000,19345,4875138.453639,77267.337047,4882865.187344,0.000000,,,0,1,,,,,0.049838,SMALL
ga,pyvrp_X120_FSMF,119,12,0.100000,1,3176220.334400,92538.876512,3185474.222051,0.000000,,,0,1,,,,,26.064999,BIG
ga,pyvrp_X110_HD,109,13,0.100000,100,2240590.989129,41903.056096,2244781.294738,0.000000,,,0,1,,,,,24.896141,BIG
ga,pyvrp_X120_FSMF,119,12,0.100000,10,3398429.527045,150985.551561,3413528.082201,0.000000,,,0,1,,,,,0.415134,DEFAULT
ga,pyvrp_X120_FSMF,119,12,0.100000,10,3809618.745368,225017.907136,3832120.536082,0.000000,,,0,1,,,,,0.061185,SMALL
ga,pyvrp_X106_FSMD,105,16,0.100000,19345,3820507.393414,62668.689988,3826774.262413,0.000000,,,0,1,,,,,8.053215,MEDIUM
ga,pyvrp_X110_HD,109,13,0.100000,200,2665855.092453,62529.541634,2672108.046617,0.000000,,,0,1,,,,,0.403131,DEFAULT
ga,pyvrp_X110_HD,109,13,0.100000,200,3173332.098023,82816.420647,3181613.740088,0.000000,,,0,1,,,,,0.054521,SMALL
ga,hfvrp_n200_m40_s04,200,40,0.100000,1787956320197503551,31367.150242,84545.673746,39821.717617,0.000000,,,0,1,,,,,1.309086,DEFAULT
ga,hfvrp_n200_m40_s04,200,40,0.100000,1787956317216559060,36690.805431,69924.129500,43683.218381,0.000000,,,0,1,,,,,0.183728,SMALL
ga,pyvrp_X120_FSMF,119,12,0.100000,10,3092262.522384,110600.607815,3103322.583165,0.000000,,,0,1,,,,,8.639611,MEDIUM
ga,pyvrp_X110_HD,109,13,0.100000,200,2114050.387998,51742.798892,2119224.667887,0.000000,,,0,1,,,,,8.173441,MEDIUM
ga,pyvrp_X115_HVRP,114,18,0.100000,10,1979606.803173,54506.859047,1985057.489078,0.000000,,,0,0,,,,,26.845674,BIG
ga,pyvrp_X115_HVRP,114,18,0.100000,50,2394852.355896,65211.700473,2401373.525944,0.000000,,,0,0,,,,,0.449942,DEFAULT
ga,pyvrp_X115_HVRP,114,18,0.100000,50,2817677.464418,87594.519224,2826436.916340,0.000000,,,0,0,,,,,0.059086,SMALL
ga,pyvrp_X106_FSMD,105,16,0.100000,19345,3766945.252602,63642.397713,3773309.492374,0.000000,,,0,1,,,,,24.347975,BIG
ga,pyvrp_X106_FSMD,105,16,0.100000,1787956246496641442,4168587.789846,77130.613913,4176300.851237,0.000000,,,0,1,,,,,0.388773,DEFAULT
ga,pyvrp_X106_FSMD,105,16,0.100000,1787956234004371188,4625055.678719,80548.851748,4633110.563894,0.000000,,,0,1,,,,,0.052861,SMALL
ga,pyvrp_X115_HVRP,114,18,0.100000,50,2121989.116787,52303.621100,2127219.478897,0.000000,,,0,0,,,,,9.137539,MEDIUM
ga,pyvrp_X120_FSMF,119,12,0.100000,10,3135438.483087,94111.174815,3144849.600568,0.000000,,,0,1,,,,,25.392862,BIG
ga,hfvrp_n200_m40_s04,200,40,0.100000,1787956321700209963,22486.353535,61391.991355,28625.552671,0.000000,,,0,1,,,,,27.476148,MEDIUM
ga,pyvrp_X106_FSMD,105,16,0.100000,1787956238361270950,3841931.265323,65657.560556,3848497.021378,0.000000,,,0,1,,,,,8.091356,MEDIUM
ga,pyvrp_X110_HD,109,13,0.100000,200,2113713.567192,49421.806819,2118655.747874,0.000000,,,0,1,,,,,25.142635,BIG
ga,pyvrp_X120_FSMF,119,12,0.100000,50,3688116.077992,209567.233979,3709072.801390,0.000000,,,0,1,,,,,0.415017,DEFAULT
ga,pyvrp_X120_FSMF,119,12,0.100000,50,3752956.436331,174772.032461,3770433.639577,0.000000,,,0,1,,,,,0.056404,SMALL
ga,hfvrp_n200_m40_s05,200,40,0.100000,1787956451510284770,21460.401977,35784.200823,25038.822060,0.000000,,,0,1,,,,,76.510730,BIG
ga,pyvrp_X110_HD,109,13,0.100000,999,2767969.129983,66620.917861,2774631.221769,0.000000,,,0,1,,,,,0.402549,DEFAULT
ga,pyvrp_X110_HD,109,13,0.100000,999,2962160.194986,70647.949940,2969224.989980,0.000000,,,0,1,,,,,0.053024,SMALL
ga,pyvrp_X120_FSMF,119,12,0.100000,50,3074898.486692,101242.023988,3085022.689091,0.000000,,,0,1,,,,,8.529891,MEDIUM
ga,pyvrp_X110_HD,109,13,0.100000,999,2146841.422297,43447.984109,2151186.220708,0.000000,,,0,1,,,,,8.215766,MEDIUM
ga,pyvrp_X115_HVRP,114,18,0.100000,50,2098419.277920,60348.101128,2104454.088033,0.000000,,,0,0,,,,,26.558534,BIG
ga,pyvrp_X115_HVRP,114,18,0.100000,75,2596420.711616,68194.681535,2603240.179770,0.000000,,,0,0,,,,,0.460419,DEFAULT
ga,pyvrp_X115_HVRP,114,18,0.100000,75,2759885.875125,57532.264493,2765639.101575,0.000000,,,0,0,,,,,0.055955,SMALL
ga,pyvrp_X106_FSMD,105,16,0.100000,1787956190627691274,3803813.627156,70154.641027,3810829.091259,0.000000,,,0,1,,,,,23.631515,BIG
ga,pyvrp_X115_HVRP,114,18,0.100000,75,2001344.791835,49336.005514,2006278.392387,0.000000,,,0,0,,,,,8.994824,MEDIUM
ga,pyvrp_X120_FSMF,119,12,0.100000,50,3143874.827865,114546.315197,3155329.459385,0.000000,,,0,1,,,,,25.916362,BIG
ga,pyvrp_X110_HD,109,13,0.100000,999,2165634.598519,49839.341021,2170618.532621,0.000000,,,0,1,,,,,25.177950,BIG
ga,pyvrp_X120_FSMF,119,12,0.100000,75,3595267.215457,186390.797187,3613906.295176,0.000000,,,0,1,,,,,0.428950,DEFAULT
ga,pyvrp_X120_FSMF,119,12,0.100000,75,3916003.261413,218663.712275,3937869.632641,0.000000,,,0,1,,,,,0.061444,SMALL
ga,pyvrp_X110_HD,109,13,0.100000,1234,2731217.930569,70495.383148,2738267.468883,0.000000,,,0,1,,,,,0.424009,DEFAULT
ga,pyvrp_X110_HD,109,13,0.100000,1234,3090538.346097,72238.146812,3097762.160778,0.000000,,,0,1,,,,,0.052644,SMALL
ga,pyvrp_X120_FSMF,119,12,0.100000,75,3073691.605561,114387.550011,3085130.360562,0.000000,,,0,1,,,,,8.392065,MEDIUM
ga,pyvrp_X110_HD,109,13,0.100000,1234,2004329.868910,49018.792200,2009231.748130,0.000000,,,0,1,,,,,8.287351,MEDIUM
ga,pyvrp_X115_HVRP,114,18,0.100000,75,1926842.104306,49758.652727,1931817.969579,0.000000,,,0,0,,,,,25.874680,BIG
ga,pyvrp_X115_HVRP,114,18,0.100000,100,2372619.439678,48509.909303,2377470.430609,0.000000,,,0,0,,,,,0.430790,DEFAULT
ga,pyvrp_X115_HVRP,114,18,0.100000,100,3123110.733099,80327.524541,3131143.485553,0.000000,,,0,0,,,,,0.056858,SMALL
ga,pyvrp_X115_HVRP,114,18,0.100000,100,2036217.647760,57712.248954,2041988.872656,0.000000,,,0,0,,,,,8.630210,MEDIUM
ga,pyvrp_X120_FSMF,119,12,0.100000,75,3104725.144574,110528.221713,3115777.966746,0.000000,,,0,1,,,,,24.639062,BIG
ga,pyvrp_X120_FSMF,119,12,0.100000,100,3490776.868179,159783.782307,3506755.246410,0.000000,,,0,1,,,,,0.423541,DEFAULT
ga,pyvrp_X120_FSMF,119,12,0.100000,100,3882066.000772,211860.757075,3903252.076479,0.000000,,,0,1,,,,,0.058946,SMALL
ga,pyvrp_X110_HD,109,13,0.100000,1234,1998596.344453,37123.015691,2002308.646022,0.000000,,,0,1,,,,,24.835912,BIG
ga,pyvrp_X110_HD,109,13,0.100000,9999,2469955.905660,46886.147719,2474644.520432,0.000000,,,0,1,,,,,0.429957,DEFAULT
ga,pyvrp_X110_HD,109,13,0.100000,9999,3304252.381573,67503.933233,3311002.774896,0.000000,,,0,1,,,,,0.056259,SMALL
ga,hfvrp_n200_m40_s04,200,40,0.100000,1787956185973007385,19962.778498,36683.537798,23631.132278,0.000000,,,0,1,,,,,77.374229,BIG
ga,pyvrp_X120_FSMF,119,12,0.100000,100,3173766.686078,107147.209106,3184481.406988,0.000000,,,0,1,,,,,8.281750,MEDIUM
ga,pyvrp_X110_HD,109,13,0.100000,9999,1938521.237745,41080.241020,1942629.261847,0.000000,,,0,1,,,,,8.114114,MEDIUM
ga,pyvrp_X115_HVRP,114,18,0.100000,100,2122341.905488,47736.304196,2127115.535908,0.000000,,,0,0,,,,,26.507046,BIG
ga,pyvrp_X115_HVRP,114,18,0.100000,200,2617938.197834,74488.758378,2625387.073672,0.000000,,,0,0,,,,,0.458008,DEFAULT
ga,pyvrp_X115_HVRP,114,18,0.100000,200,2727947.201005,97147.370970,2737661.938102,0.000000,,,0,0,,,,,0.060526,SMALL
ga,pyvrp_X120_FSMF,119,12,0.100000,100,3165116.767548,106937.359906,3175810.503538,0.000000,,,0,1,,,,,24.445350,BIG
ga,pyvrp_X115_HVRP,114,18,0.100000,200,2050283.113541,60160.665801,2056299.180121,0.000000,,,0,0,,,,,8.799504,MEDIUM
ga,pyvrp_X120_FSMF,119,12,0.100000,200,3398948.676602,172373.390685,3416186.015670,0.000000,,,0,1,,,,,0.406584,DEFAULT
ga,pyvrp_X120_FSMF,119,12,0.100000,200,3821064.040881,189612.758807,3840025.316762,0.000000,,,0,1,,,,,0.050143,SMALL
ga,pyvrp_X110_HD,109,13,0.100000,9999,2000502.978736,47046.621699,2005207.640906,0.000000,,,0,1,,,,,24.290521,BIG
ga,pyvrp_X110_HD,109,13,0.100000,19345,2710690.417526,61652.219815,2716855.639508,0.000000,,,0,1,,,,,0.403353,DEFAULT
ga,pyvrp_X110_HD,109,13,0.100000,19345,3089908.478862,65628.026992,3096471.281561,0.000000,,,0,1,,,,,0.056767,SMALL
ga,pyvrp_X120_FSMF,119,12,0.100000,200,3118616.165873,118800.443154,3130496.210189,0.000000,,,0,1,,,,,8.282754,MEDIUM
ga,pyvrp_X110_HD,109,13,0.100000,19345,2131450.248859,56042.788235,2137054.527682,0.000000,,,0,1,,,,,7.951881,MEDIUM
ga,pyvrp_X115_HVRP,114,18,0.100000,200,2057467.654576,49296.826078,2062397.337183,0.000000,,,0,0,,,,,26.029752,BIG
ga,pyvrp_X115_HVRP,114,18,0.100000,999,2509565.079237,52492.341744,2514814.313412,0.000000,,,0,0,,,,,0.441314,DEFAULT
ga,pyvrp_X115_HVRP,114,18,0.100000,999,2797517.752373,62853.186135,2803803.070987,0.000000,,,0,0,,,,,0.064460,SMALL
ga,pyvrp_X120_FSMF,119,12,0.100000,200,3152219.468423,117245.304574,3163943.998881,0.000000,,,0,1,,,,,24.490556,BIG
ga,pyvrp_X120_FSMF,119,12,0.100000,999,3480391.147253,160043.512197,3496395.498473,0.000000,,,0,1,,,,,0.414280,DEFAULT
ga,pyvrp_X120_FSMF,119,12,0.100000,999,3920881.057583,240466.304409,3944927.688024,0.000000,,,0,1,,,,,0.055049,SMALL
ga,pyvrp_X110_HD,109,13,0.100000,19345,2026490.863692,39886.788849,2030479.542577,0.000000,,,0,1,,,,,24.887503,BIG
ga,pyvrp_X115_HVRP,114,18,0.100000,999,1995523.109563,43508.670878,1999873.976651,0.000000,,,0,0,,,,,8.609213,MEDIUM
ga,pyvrp_X110_HD,109,13,0.100000,1787957248171466630,2538716.777239,65384.242998,2545255.201539,0.000000,,,0,1,,,,,0.397076,DEFAULT
ga,pyvrp_X110_HD,109,13,0.100000,1787957244277661482,3305568.556125,74285.697108,3312997.125836,0.000000,,,0,1,,,,,0.051903,SMALL
ga,pyvrp_X120_FSMF,119,12,0.100000,999,3130618.952451,133009.340803,3143919.886532,0.000000,,,0,1,,,,,8.143244,MEDIUM
ga,pyvrp_X110_HD,109,13,0.100000,1787957480562136777,2184586.092633,62387.041290,2190824.796762,0.000000,,,0,1,,,,,7.921412,MEDIUM
ga,pyvrp_X115_HVRP,114,18,0.100000,999,2392167.155044,51235.376956,2397290.692740,0.000000,,,0,1,,,,,27.732093,BIG
ga,pyvrp_X120_FSMF,119,12,0.100000,999,3173246.693829,92607.749420,3182507.468771,0.000000,,,0,1,,,,,24.621951,BIG
ga,pyvrp_X115_HVRP,114,18,0.100000,1234,2297879.996818,53513.800222,2303231.376841,0.000000,,,0,0,,,,,0.436166,DEFAULT
ga,pyvrp_X115_HVRP,114,18,0.100000,1234,2868323.282355,70131.974074,2875336.479763,0.000000,,,0,0,,,,,0.064792,SMALL
ga,pyvrp_X120_FSMF,119,12,0.100000,1234,3440480.176273,182498.539463,3458730.030219,0.000000,,,0,1,,,,,0.417341,DEFAULT
ga,pyvrp_X120_FSMF,119,12,0.100000,1234,3925328.519691,191637.065437,3944492.226235,0.000000,,,0,1,,,,,0.060218,SMALL
ga,pyvrp_X110_HD,109,13,0.100000,1787957497083489400,1906659.372494,48771.216425,1911536.494136,0.000000,,,0,1,,,,,24.472745,BIG
ga,pyvrp_X115_HVRP,114,18,0.100000,1234,2020702.218558,47673.479484,2025469.566507,0.000000,,,0,0,,,,,8.700687,MEDIUM
ga,pyvrp_X120_FSMF,119,12,0.100000,1234,3132669.770344,124210.504364,3145090.820780,0.000000,,,0,1,,,,,8.091954,MEDIUM
ga,pyvrp_X120_FSMF,119,12,0.100000,1234,3098501.989981,127218.666404,3111223.856621,0.000000,,,0,1,,,,,24.761740,BIG
ga,pyvrp_X115_HVRP,114,18,0.100000,1234,1976660.765879,48706.123636,1981531.378243,0.000000,,,0,0,,,,,26.614832,BIG
ga,pyvrp_X120_FSMF,119,12,0.100000,9999,3354934.310656,159472.238825,3370881.534539,0.000000,,,0,1,,,,,0.413549,DEFAULT
ga,pyvrp_X120_FSMF,119,12,0.100000,9999,3836238.102038,183384.934199,3854576.595457,0.000000,,,0,1,,,,,0.056218,SMALL
ga,pyvrp_X115_HVRP,114,18,0.100000,9999,2351391.914235,53515.121249,2356743.426359,0.000000,,,0,0,,,,,0.426446,DEFAULT
ga,pyvrp_X115_HVRP,114,18,0.100000,9999,2671717.449348,77750.940177,2679492.543366,0.000000,,,0,0,,,,,0.060842,SMALL
ga,pyvrp_X120_FSMF,119,12,0.100000,9999,3045897.488437,89597.098059,3054857.198243,0.000000,,,0,1,,,,,8.163330,MEDIUM
ga,pyvrp_X115_HVRP,114,18,0.100000,9999,2031321.182451,50390.560155,2036360.238466,0.000000,,,0,0,,,,,8.426133,MEDIUM
ga,pyvrp_X120_FSMF,119,12,0.100000,9999,3149598.577914,105533.232724,3160151.901187,0.000000,,,0,1,,,,,24.371823,BIG
ga,pyvrp_X120_FSMF,119,12,0.100000,19345,3376076.232986,143159.692522,3390392.202238,0.000000,,,0,1,,,,,0.402119,DEFAULT
ga,pyvrp_X120_FSMF,119,12,0.100000,19345,3874574.823559,196627.830040,3894237.606563,0.000000,,,0,1,,,,,0.056156,SMALL
ga,pyvrp_X115_HVRP,114,18,0.100000,9999,1937780.756501,45597.678049,1942340.524306,0.000000,,,0,0,,,,,26.042718,BIG
ga,pyvrp_X115_HVRP,114,18,0.100000,19345,2370237.400178,65553.765510,2376792.776729,0.000000,,,0,0,,,,,0.443337,DEFAULT
ga,pyvrp_X115_HVRP,114,18,0.100000,19345,2997122.797902,109527.150370,3008075.512939,0.000000,,,0,0,,,,,0.055082,SMALL
ga,pyvrp_X120_FSMF,119,12,0.100000,19345,3192412.543685,106276.376633,3203040.181348,0.000000,,,0,1,,,,,8.140473,MEDIUM
ga,pyvrp_X115_HVRP,114,18,0.100000,19345,2009624.143725,57476.170139,2015371.760739,0.000000,,,0,0,,,,,8.618718,MEDIUM
ga,pyvrp_X120_FSMF,119,12,0.100000,19345,3120799.167912,128920.083086,3133691.176220,0.000000,,,0,1,,,,,24.759809,BIG
ga,pyvrp_X120_FSMF,119,12,0.100000,1787957422210454564,3451109.551125,168535.773347,3467963.128459,0.000000,,,0,1,,,,,0.408641,DEFAULT
ga,pyvrp_X120_FSMF,119,12,0.100000,1787957375378495721,3884721.418230,185036.093947,3903225.027625,0.000000,,,0,1,,,,,0.054132,SMALL
ga,pyvrp_X115_HVRP,114,18,0.100000,19345,1925497.944058,54083.784518,1930906.322509,0.000000,,,0,0,,,,,25.995343,BIG
ga,pyvrp_X115_HVRP,114,18,0.100000,1787957385206197211,2663701.029334,89970.777244,2672698.107058,0.000000,,,0,0,,,,,0.436103,DEFAULT
ga,pyvrp_X115_HVRP,114,18,0.100000,1787956797235991369,2815192.363914,98165.423640,2825008.906278,0.000000,,,0,0,,,,,0.057629,SMALL
ga,pyvrp_X120_FSMF,119,12,0.100000,1787957379731267428,3151023.636168,96641.184346,3160687.754602,0.000000,,,0,1,,,,,8.207330,MEDIUM
ga,pyvrp_X115_HVRP,114,18,0.100000,1787956793008079389,2029777.838775,56657.925387,2035443.631313,0.000000,,,0,0,,,,,8.752029,MEDIUM
ga,pyvrp_X120_FSMF,119,12,0.100000,1787956808122105022,3190153.946041,87548.174746,3198908.763515,0.000000,,,0,1,,,,,24.394173,BIG
ga,pyvrp_X115_HVRP,114,18,0.100000,1787956810359803147,2075928.389631,50572.620573,2080985.651688,0.000000,,,0,0,,,,,25.921658,BIG
