method,instance,N,M,beta,seed,cost_operational,cost_priority,cost_total,lower_bound,root_lp_bound,gap,optimal,feasible,status,num_nodes,num_iterations,num_solutions,runtime_sec,variant
exact,ex1_1v_feasible,2,1,2.000000,42,84.142136,50.000000,184.142136,184.142136,78.556349,0.000000,1,1,optimal,0,2,2,0.003115,
exact,ex2_1v_infeasible,2,1,2.000000,42,0.000000,0.000000,0.000000,0.000000,0.000000,1.000000,0,0,infeasible,0,0,0,0.000424,
exact,ex4_3v_infeasible,4,3,2.000000,42,0.000000,0.000000,0.000000,0.000000,169.094658,1.000000,0,0,infeasible,0,0,0,0.000918,
exact,ex3_3v_all_feasible,3,3,2.000000,42,162.000000,20.000000,202.000000,202.000000,154.363591,0.000000,1,1,optimal,0,0,1,0.000613,
exact,hfvrp_n001_m03_s01,1,3,2.000000,42,87.334995,168.337487,424.009968,424.009968,424.009968,0.000000,1,1,optimal,0,0,1,0.000537,
exact,ex5_3v_one_used_feasible,3,3,2.000000,42,115.798990,50.000000,215.798990,215.798990,95.597980,0.000000,1,1,optimal,0,8,2,0.006334,
exact,hfvrp_n001_m03_s02,1,3,2.000000,42,156.310634,50.546098,257.402830,257.402830,257.402830,0.000000,1,1,optimal,0,0,1,0.000659,
exact,hfvrp_n001_m03_s03,1,3,2.000000,42,130.438737,0.000000,130.438737,130.438737,130.438737,0.000000,1,1,optimal,0,0,1,0.000595,
exact,hfvrp_n001_m03_s04,1,3,2.000000,42,122.386776,0.000000,122.386776,122.386776,122.386776,0.000000,1,1,optimal,0,0,1,0.000947,
exact,hfvrp_n001_m03_s05,1,3,2.000000,42,89.097550,34.548775,158.195100,158.195100,158.195100,0.000000,1,1,optimal,0,0,1,0.000853,
exact,hfvrp_n002_m03_s01,2,3,2.000000,42,262.852855,468.007587,1198.868028,1198.868028,258.097137,0.000000,1,1,optimal,0,0,3,0.006012,
exact,hfvrp_n002_m03_s02,2,3,2.000000,42,139.033247,41.343143,221.719532,221.719532,130.817821,0.000000,1,1,optimal,0,12,3,0.006117,
exact,hfvrp_n002_m03_s03,2,3,2.000000,42,185.309216,25.338303,235.985823,235.985823,155.417444,0.000000,1,1,optimal,0,0,3,0.004943,
exact,hfvrp_n002_m03_s04,2,3,2.000000,42,174.552021,35.445494,245.443008,245.443008,142.481649,0.000000,1,1,optimal,0,19,3,0.006297,
exact,hfvrp_n002_m03_s05,2,3,2.000000,42,252.004246,183.153460,618.311166,618.311166,216.906774,0.000000,1,1,optimal,0,9,2,0.005154,
exact,hfvrp_n005_m03_s01,5,3,2.000000,42,350.283936,145.533835,641.351607,641.351607,267.549103,0.000000,1,1,optimal,53,286,5,0.023363,
exact,hfvrp_n005_m03_s02,5,3,2.000000,42,358.545666,176.381442,711.308549,711.308549,289.508762,0.000000,1,1,optimal,96,522,2,0.041346,
exact,hfvrp_n005_m03_s03,5,3,2.000000,42,444.734799,0.000000,444.734799,438.931910,325.638053,0.013048,1,1,optimal,0,224,3,0.045225,
exact,hfvrp_n005_m03_s04,5,3,2.000000,42,278.576281,287.478473,853.533227,853.533227,158.921111,0.000000,1,1,optimal,112,533,8,0.042273,
exact,hfvrp_n005_m03_s05,5,3,2.000000,42,384.694704,176.850818,738.396340,738.396340,301.150444,0.000000,1,1,optimal,194,1235,11,0.071877,
exact,hfvrp_n010_m03_s01,10,3,2.000000,42,515.549909,271.386050,1058.322008,1058.322008,315.594584,0.000000,1,1,optimal,3337,45795,13,6.029112,
exact,hfvrp_n010_m03_s02,10,3,2.000000,42,528.820236,418.059583,1364.939402,1364.939402,309.276307,0.000000,1,1,optimal,7361,99379,8,7.762991,
exact,hfvrp_n010_m03_s04,10,3,2.000000,42,567.788112,393.900677,1355.589466,1355.589466,354.592371,0.000000,1,1,optimal,54607,541122,17,43.883674,
exact,hfvrp_n010_m03_s05,10,3,2.000000,42,602.360076,406.212007,1414.784091,1414.784091,340.923866,0.000000,1,1,optimal,57746,622126,21,48.190468,
exact,hfvrp_n010_m03_s03,10,3,2.000000,42,671.729893,464.793331,1601.316555,1601.316555,425.188513,0.000000,1,1,optimal,74004,666108,13,55.606808,
exact,hfvrp_n015_m03_s05,15,3,2.000000,42,734.497084,644.118798,2022.734680,2022.733921,352.825609,0.000000,1,1,optimal,803524,14536011,23,1222.264591,
exact,hfvrp_n015_m03_s01,15,3,2.000000,42,642.387619,1031.157032,2704.701683,2704.699789,418.056740,0.000001,1,1,optimal,2870235,43365370,33,5516.470815,
exact,hfvrp_n015_m03_s02,15,3,2.000000,42,660.151480,959.052359,2578.256199,2260.757813,369.693351,0.123145,0,1,time_limit,8893968,113113639,23,18000.001262,
exact,hfvrp_n015_m03_s03,15,3,2.000000,42,532.308784,523.471010,1579.250804,1409.819048,336.962556,0.107286,0,1,time_limit,8697026,140391608,34,18000.001778,
exact,hfvrp_n015_m03_s04,15,3,2.000000,42,704.632524,1887.840354,4480.313232,3239.053364,403.518958,0.277048,0,1,time_limit,9304343,102403118,34,18000.002716,
exact,hfvrp_n020_m04_s01,20,4,2.000000,42,821.716828,639.755085,2101.226999,1617.462169,484.079248,0.230230,0,1,time_limit,4074901,85121971,37,18000.003519,
exact,hfvrp_n020_m04_s02,20,4,2.000000,42,871.311846,762.481233,2396.274311,1433.221750,516.395425,0.401896,0,1,time_limit,3939509,89968469,44,18000.003843,
exact,hfvrp_n020_m04_s03,20,4,2.000000,42,948.066168,1226.144133,3400.354434,1177.796837,462.677123,0.653625,0,1,time_limit,3882405,157465861,45,18000.003194,
exact,hfvrp_n020_m04_s04,20,4,2.000000,42,866.405818,1181.188854,3228.783526,1788.463320,507.487641,0.446088,0,1,time_limit,5866545,98348137,29,18000.003502,
exact,hfvrp_n020_m04_s05,20,4,2.000000,42,1016.806369,1009.830278,3036.466924,1572.226248,548.793994,0.482219,0,1,time_limit,5738979,85356680,26,18000.004989,
exact,hfvrp_n030_m06_s01,30,6,2.000000,42,1461.867920,1887.502699,5236.873318,1875.902754,682.168747,0.641790,0,1,time_limit,1400438,62721117,68,18000.009329,
exact,hfvrp_n030_m06_s02,30,6,2.000000,42,1497.626854,1517.061680,4531.750214,1410.484107,701.312133,0.688755,0,1,time_limit,1495886,61757080,59,18000.007299,
exact,hfvrp_n030_m06_s03,30,6,2.000000,42,1518.924203,1120.987131,3760.898466,1348.244621,794.221151,0.641510,0,1,time_limit,1648898,94271096,73,18000.008883,
exact,hfvrp_n030_m06_s04,30,6,2.000000,42,1403.311810,1419.909473,4243.130755,1535.517887,854.868152,0.638117,0,1,time_limit,1348859,90078315,37,18000.003664,
exact,hfvrp_n030_m06_s05,30,6,2.000000,42,1695.168609,1086.791538,3868.751686,1699.296742,796.518999,0.560764,0,1,time_limit,875364,57861480,61,18000.010994,
exact,hfvrp_n050_m10_s01,50,10,2.000000,42,3860.270063,2636.681130,9133.632323,2337.025113,1320.522719,0.744130,0,1,time_limit,229336,31149255,90,18000.030163,
exact,hfvrp_n050_m10_s02,50,10,2.000000,42,2956.523744,8163.486611,19283.496966,2362.934868,1286.560910,0.877463,0,1,time_limit,90452,15660918,61,18000.017058,
exact,hfvrp_n050_m10_s03,50,10,2.000000,42,3736.149721,4500.303728,12736.757177,2327.988294,1225.063023,0.817223,0,1,time_limit,195392,30783118,100,18000.035885,
exact,hfvrp_n050_m10_s04,50,10,2.000000,42,3188.368765,3421.112622,10030.594009,2103.564103,1252.731272,0.790285,0,1,time_limit,237256,31141196,120,18000.046181,
exact,hfvrp_n050_m10_s05,50,10,2.000000,42,4184.732156,6712.538894,17609.809943,2283.467882,1158.815585,0.870330,0,1,time_limit,105377,15671956,56,18000.018763,
exact,hfvrp_n075_m15_s01,75,15,2.000000,42,0.000000,0.000000,0.000000,2794.731259,1825.311141,1.000000,0,0,no_solution,29756,5448476,0,18000.012439,
exact,hfvrp_n075_m15_s02,75,15,2.000000,42,0.000000,0.000000,0.000000,3299.457783,2092.227672,1.000000,0,0,no_solution,25939,6049320,0,18000.009098,
exact,hfvrp_n075_m15_s03,75,15,2.000000,42,6793.781478,12394.033216,31581.847910,3503.219838,2155.929751,0.889075,0,1,time_limit,29677,6093856,41,18000.059923,
exact,hfvrp_n075_m15_s04,75,15,2.000000,42,6705.270642,8362.397513,23430.065669,3261.544030,2071.372250,0.860797,0,1,time_limit,37484,7375845,57,18000.066590,
exact,hfvrp_n075_m15_s05,75,15,2.000000,42,6199.481397,8894.043031,23987.567459,3169.128874,2159.027377,0.867885,0,1,time_limit,33117,6090012,71,18000.081546,
exact,hfvrp_n100_m20_s01,100,20,2.000000,42,0.000000,0.000000,0.000000,4274.333802,2957.348607,1.000000,0,0,no_solution,6471,1566106,0,18000.031636,
exact,hfvrp_n100_m20_s02,100,20,2.000000,42,0.000000,0.000000,0.000000,4066.179073,2752.884228,1.000000,0,0,no_solution,5379,1534158,0,18000.021076,
exact,hfvrp_n100_m20_s03,100,20,2.000000,42,0.000000,0.000000,0.000000,4213.516630,2856.661782,1.000000,0,0,no_solution,9401,1935252,0,18000.019677,
exact,hfvrp_n100_m20_s04,100,20,2.000000,42,0.000000,0.000000,0.000000,4512.818429,3002.353415,1.000000,0,0,no_solution,9099,2047839,0,18000.026698,
exact,hfvrp_n100_m20_s05,100,20,2.000000,42,12287.411525,27877.450773,68042.313071,4031.668913,2774.994506,0.940748,0,1,time_limit,6384,1372596,23,18000.088189,
exact,hfvrp_n150_m30_s01,150,30,2.000000,42,0.000000,0.000000,0.000000,7291.175063,5147.309259,1.000000,0,0,no_solution,2016,747962,0,18000.473970,
exact,hfvrp_n150_m30_s02,150,30,2.000000,42,0.000000,0.000000,0.000000,7080.654629,4935.867158,1.000000,0,0,no_solution,1103,723318,0,18000.154031,
exact,hfvrp_n150_m30_s03,150,30,2.000000,42,0.000000,0.000000,0.000000,7103.629398,5269.518578,1.000000,0,0,no_solution,2042,672944,0,18000.118690,
exact,hfvrp_n150_m30_s05,150,30,2.000000,42,0.000000,0.000000,0.000000,7224.025459,5117.686791,1.000000,0,0,no_solution,2086,616125,0,18000.465680,
exact,hfvrp_n150_m30_s04,150,30,2.000000,42,0.000000,0.000000,0.000000,7405.895065,5229.400932,1.000000,0,0,no_solution,1757,636439,0,18000.193700,
exact,hfvrp_n200_m40_s01,200,40,2.000000,42,0.000000,0.000000,0.000000,10898.678053,8695.742805,1.000000,0,0,no_solution,869,363525,0,18000.214827,
exact,hfvrp_n200_m40_s02,200,40,2.000000,42,0.000000,0.000000,0.000000,11042.098696,8762.069592,1.000000,0,0,no_solution,1836,542693,0,18000.585862,
exact,hfvrp_n200_m40_s03,200,40,2.000000,42,0.000000,0.000000,0.000000,11201.534739,8494.383172,1.000000,0,0,no_solution,918,408806,0,18000.268759,
exact,hfvrp_n200_m40_s04,200,40,2.000000,42,0.000000,0.000000,0.000000,10869.507218,8618.328821,1.000000,0,0,no_solution,918,597807,0,18000.196100,
exact,augerat_A_n32_k5,31,8,2.000000,42,6819.201220,1465.293733,9749.788687,5975.606840,5557.793975,0.387104,0,1,time_limit,850802,36567203,67,18000.015090,
exact,hfvrp_n200_m40_s05,200,40,2.000000,42,9947.535368,9347.339775,28642.214918,10933.361591,8496.529150,0.679751,0,0,time_limit,918,476337,2,18000.214924,
exact,augerat_A_n37_k5,36,8,2.000000,42,6847.394135,873.313914,8594.021962,5825.434160,5474.595385,0.322153,0,1,time_limit,259544,26512980,72,18000.014268,
exact,augerat_A_n45_k6,44,8,2.000000,42,11597.240683,930.520195,13458.281073,10078.522223,8817.923568,0.251129,0,1,time_limit,210348,22621434,64,18000.019206,
exact,augerat_A_n54_k7,53,8,2.000000,42,13706.891379,2623.375721,18953.642822,11152.589135,10321.271985,0.411586,0,1,time_limit,91189,15961891,43,18000.013776,
exact,augerat_A_n60_k9,59,10,2.000000,42,14578.706284,2841.725206,20262.156697,13332.373174,12829.634497,0.342006,0,1,time_limit,53802,12543044,57,18000.018172,
exact,augerat_A_n80_k10,79,11,2.000000,42,20556.597089,4654.615106,29865.827301,16559.172663,14973.308684,0.445548,0,1,time_limit,11301,8335243,65,18000.050856,
exact,pyvrp_X101_FSMFD,100,26,2.000000,42,0.000000,0.000000,0.000000,2619492.303202,2482738.062988,1.000000,0,0,no_solution,3630,1039593,0,18000.037752,
exact,pyvrp_X106_FSMD,105,16,2.000000,42,4897333.610261,90990.509983,5079314.630227,2523827.311654,2277852.141695,0.503117,0,1,time_limit,9294,1440491,12,18000.098426,
exact,pyvrp_X110_HD,109,13,2.000000,42,0.000000,0.000000,0.000000,1134576.634305,963289.605275,1.000000,0,0,no_solution,8093,635384,0,18000.025814,
exact,pyvrp_X115_HVRP,114,18,2.000000,42,2984331.820520,56496.866883,3097325.554287,1392518.680899,1240009.383263,0.550413,0,1,time_limit,13244,2641368,30,18000.091986,
exact,pyvrp_X120_FSMF,119,12,2.000000,42,4111622.522205,132762.578896,4377147.679998,2512752.824111,2407339.589456,0.425938,0,1,time_limit,31231,3293271,41,18000.080618,
savings,ex1_1v_feasible,2,1,2.000000,42,84.142136,50.000000,184.142136,0.000000,,,0,1,,,,,0.000006,
savings,ex2_1v_infeasible,2,1,2.000000,42,70.000000,0.000000,70.000000,0.000000,,,0,0,,,,,0.000011,
savings,ex3_3v_all_feasible,3,3,2.000000,42,162.000000,20.000000,202.000000,0.000000,,,0,1,,,,,0.000008,
savings,ex4_3v_infeasible,4,3,2.000000,42,141.798990,0.000000,141.798990,0.000000,,,0,0,,,,,0.000009,
savings,ex5_3v_one_used_feasible,3,3,2.000000,42,115.798990,50.000000,215.798990,0.000000,,,0,1,,,,,0.000013,
savings,hfvrp_n001_m03_s01,1,3,2.000000,42,87.334995,168.337487,424.009968,0.000000,,,0,1,,,,,0.000007,
savings,hfvrp_n001_m03_s02,1,3,2.000000,42,156.310634,50.546098,257.402830,0.000000,,,0,1,,,,,0.000010,
savings,hfvrp_n001_m03_s03,1,3,2.000000,42,130.438737,0.000000,130.438737,0.000000,,,0,1,,,,,0.000009,
savings,hfvrp_n001_m03_s04,1,3,2.000000,42,122.386776,0.000000,122.386776,0.000000,,,0,1,,,,,0.000006,
savings,hfvrp_n001_m03_s05,1,3,2.000000,42,89.097550,34.548775,158.195100,0.000000,,,0,1,,,,,0.000005,
savings,hfvrp_n002_m03_s01,2,3,2.000000,42,262.852855,468.007587,1198.868028,0.000000,,,0,1,,,,,0.000009,
savings,hfvrp_n002_m03_s02,2,3,2.000000,42,139.033247,41.343143,221.719532,0.000000,,,0,1,,,,,0.000008,
savings,hfvrp_n002_m03_s03,2,3,2.000000,42,185.309216,25.338303,235.985823,0.000000,,,0,1,,,,,0.000012,
savings,hfvrp_n002_m03_s04,2,3,2.000000,42,174.940044,35.445494,245.831032,0.000000,,,0,1,,,,,0.000007,
savings,hfvrp_n002_m03_s05,2,3,2.000000,42,302.671304,316.313399,935.298102,0.000000,,,0,1,,,,,0.000005,
savings,hfvrp_n005_m03_s01,5,3,2.000000,42,350.283936,145.533835,641.351607,0.000000,,,0,1,,,,,0.000020,
savings,hfvrp_n005_m03_s02,5,3,2.000000,42,405.525865,218.905678,843.337221,0.000000,,,0,1,,,,,0.000052,
savings,hfvrp_n005_m03_s03,5,3,2.000000,42,461.844903,0.000000,461.844903,0.000000,,,0,1,,,,,0.000010,
savings,hfvrp_n005_m03_s04,5,3,2.000000,42,323.716251,287.478473,898.673197,0.000000,,,0,1,,,,,0.000026,
savings,hfvrp_n005_m03_s05,5,3,2.000000,42,403.901343,324.445774,1052.792890,0.000000,,,0,1,,,,,0.000021,
savings,hfvrp_n010_m03_s01,10,3,2.000000,42,573.279282,331.824464,1236.928211,0.000000,,,0,1,,,,,0.000024,
savings,hfvrp_n010_m03_s02,10,3,2.000000,42,616.801686,731.809905,2080.421496,0.000000,,,0,1,,,,,0.000022,
savings,hfvrp_n010_m03_s03,10,3,2.000000,42,611.652538,559.720115,1731.092769,0.000000,,,0,1,,,,,0.000025,
savings,hfvrp_n010_m03_s04,10,3,2.000000,42,647.037992,746.821453,2140.680897,0.000000,,,0,1,,,,,0.000035,
savings,hfvrp_n010_m03_s05,10,3,2.000000,42,534.367621,567.888596,1670.144814,0.000000,,,0,1,,,,,0.000014,
savings,hfvrp_n015_m03_s01,15,3,2.000000,42,693.170947,2464.346130,5621.863207,0.000000,,,0,1,,,,,0.000071,
savings,hfvrp_n015_m03_s02,15,3,2.000000,42,797.794286,1922.605545,4643.005375,0.000000,,,0,1,,,,,0.000109,
savings,hfvrp_n015_m03_s03,15,3,2.000000,42,603.260724,709.500270,2022.261264,0.000000,,,0,1,,,,,0.000069,
savings,hfvrp_n015_m03_s04,15,3,2.000000,42,614.626038,4323.337407,9261.300852,0.000000,,,0,1,,,,,0.000076,
savings,hfvrp_n015_m03_s05,15,3,2.000000,42,687.501123,952.163640,2591.828403,0.000000,,,0,1,,,,,0.000053,
savings,hfvrp_n020_m04_s01,20,4,2.000000,42,902.049640,1400.476428,3703.002495,0.000000,,,0,1,,,,,0.000148,
savings,hfvrp_n020_m04_s02,20,4,2.000000,42,904.689206,1493.095436,3890.880079,0.000000,,,0,1,,,,,0.000091,
savings,hfvrp_n020_m04_s03,20,4,2.000000,42,912.401547,2867.602765,6647.607078,0.000000,,,0,1,,,,,0.000186,
savings,hfvrp_n020_m04_s04,20,4,2.000000,42,1025.463123,2648.373944,6322.211011,0.000000,,,0,1,,,,,0.000163,
savings,hfvrp_n020_m04_s05,20,4,2.000000,42,993.296321,2856.900769,6707.097858,0.000000,,,0,1,,,,,0.000088,
savings,hfvrp_n030_m06_s01,30,6,2.000000,42,1767.003110,3445.306729,8657.616569,0.000000,,,0,1,,,,,0.000163,
savings,hfvrp_n030_m06_s02,30,6,2.000000,42,1138.050291,4038.597509,9215.245309,0.000000,,,0,1,,,,,0.000188,
savings,hfvrp_n030_m06_s03,30,6,2.000000,42,1543.894692,2524.799209,6593.493110,0.000000,,,0,1,,,,,0.000312,
savings,hfvrp_n030_m06_s04,30,6,2.000000,42,1492.927120,1797.008741,5086.944602,0.000000,,,0,1,,,,,0.000363,
savings,hfvrp_n030_m06_s05,30,6,2.000000,42,1466.631074,2898.150416,7262.931906,0.000000,,,0,1,,,,,0.000303,
savings,hfvrp_n050_m10_s01,50,10,2.000000,42,2813.106668,8435.881266,19684.869200,0.000000,,,0,1,,,,,0.001152,
savings,hfvrp_n050_m10_s02,50,10,2.000000,42,2462.360491,14099.650523,30661.661538,0.000000,,,0,1,,,,,0.001883,
savings,hfvrp_n050_m10_s03,50,10,2.000000,42,2021.376503,14530.256534,31081.889572,0.000000,,,0,1,,,,,0.000807,
savings,hfvrp_n050_m10_s04,50,10,2.000000,42,2554.061504,10639.886609,23833.834723,0.000000,,,0,1,,,,,0.001539,
savings,hfvrp_n050_m10_s05,50,10,2.000000,42,2634.518519,9848.171235,22330.860988,0.000000,,,0,1,,,,,0.000758,
savings,hfvrp_n075_m15_s01,75,15,2.000000,42,4650.914544,7276.424963,19203.764470,0.000000,,,0,1,,,,,0.004672,
savings,hfvrp_n075_m15_s02,75,15,2.000000,42,4376.572019,13336.046008,31048.664035,0.000000,,,0,1,,,,,0.001341,
savings,hfvrp_n075_m15_s03,75,15,2.000000,42,4011.396908,16771.686175,37554.769258,0.000000,,,0,1,,,,,0.001417,
savings,hfvrp_n075_m15_s04,75,15,2.000000,42,4710.489589,11328.772408,27368.034404,0.000000,,,0,1,,,,,0.001888,
savings,hfvrp_n075_m15_s05,75,15,2.000000,42,3677.479878,11990.523228,27658.526334,0.000000,,,0,1,,,,,0.001272,
savings,hfvrp_n100_m20_s01,100,20,2.000000,42,6797.456225,17564.415452,41926.287128,0.000000,,,0,1,,,,,0.017108,
savings,hfvrp_n100_m20_s02,100,20,2.000000,42,5558.202118,23561.732504,52681.667125,0.000000,,,0,1,,,,,0.006484,
savings,hfvrp_n100_m20_s03,100,20,2.000000,42,6634.336572,16187.646808,39009.630188,0.000000,,,0,1,,,,,0.012797,
savings,hfvrp_n100_m20_s04,100,20,2.000000,42,5924.896667,21523.309434,48971.515536,0.000000,,,0,1,,,,,0.009706,
savings,hfvrp_n100_m20_s05,100,20,2.000000,42,5961.347633,20442.993265,46847.334163,0.000000,,,0,1,,,,,0.014091,
savings,hfvrp_n150_m30_s01,150,30,2.000000,42,10143.681434,46074.612235,102292.905905,0.000000,,,0,1,,,,,0.027912,
savings,hfvrp_n150_m30_s02,150,30,2.000000,42,10696.933874,39742.558090,90182.050055,0.000000,,,0,1,,,,,0.026559,
savings,hfvrp_n150_m30_s03,150,30,2.000000,42,11133.162481,39993.793756,91120.749994,0.000000,,,0,1,,,,,0.031920,
savings,hfvrp_n150_m30_s04,150,30,2.000000,42,11099.365521,43229.093015,97557.551552,0.000000,,,0,1,,,,,0.025498,
savings,hfvrp_n150_m30_s05,150,30,2.000000,42,10823.798465,26478.708292,63781.215049,0.000000,,,0,1,,,,,0.020740,
savings,hfvrp_n200_m40_s01,200,40,2.000000,42,14521.939973,48230.313213,110982.566399,0.000000,,,0,1,,,,,0.013767,
savings,hfvrp_n200_m40_s02,200,40,2.000000,42,16510.891391,45506.137924,107523.167238,0.000000,,,0,1,,,,,0.028694,
savings,hfvrp_n200_m40_s03,200,40,2.000000,42,15515.920667,52359.420264,120234.761195,0.000000,,,0,1,,,,,0.045052,
savings,hfvrp_n200_m40_s04,200,40,2.000000,42,18314.681909,35854.479706,90023.641321,0.000000,,,0,1,,,,,0.029240,
savings,hfvrp_n200_m40_s05,200,40,2.000000,42,17639.109086,29144.484456,75928.077997,0.000000,,,0,1,,,,,0.079371,
savings,augerat_A_n32_k5,31,8,2.000000,42,8254.950118,1752.799542,11760.549203,0.000000,,,0,1,,,,,0.000206,
savings,augerat_A_n37_k5,36,8,2.000000,42,8170.455720,895.339338,9961.134397,0.000000,,,0,1,,,,,0.000255,
savings,augerat_A_n45_k6,44,8,2.000000,42,11420.397539,993.931527,13408.260594,0.000000,,,0,1,,,,,0.000169,
savings,augerat_A_n54_k7,53,8,2.000000,42,13284.752319,2773.024126,18830.800571,0.000000,,,0,1,,,,,0.000289,
savings,augerat_A_n60_k9,59,10,2.000000,42,15106.799240,2547.015184,20200.829608,0.000000,,,0,1,,,,,0.000226,
savings,augerat_A_n80_k10,79,11,2.000000,42,17285.434612,4464.560532,26214.555676,0.000000,,,0,1,,,,,0.000960,
savings,pyvrp_X101_FSMFD,100,26,2.000000,42,3723610.246286,34364.622431,3792339.491147,0.000000,,,0,1,,,,,0.001756,
savings,pyvrp_X106_FSMD,105,16,2.000000,42,4015189.139603,62605.697726,4140400.535055,0.000000,,,0,1,,,,,0.000731,
savings,pyvrp_X110_HD,109,13,2.000000,42,2237769.363402,38187.673363,2314144.710127,0.000000,,,0,1,,,,,0.001182,
savings,pyvrp_X115_HVRP,114,18,2.000000,42,2187988.031936,45479.132043,2278946.296022,0.000000,,,0,0,,,,,0.001509,
savings,pyvrp_X120_FSMF,119,12,2.000000,42,3186660.025033,88689.919291,3364039.863614,0.000000,,,0,1,,,,,0.000955,
tabu,ex1_1v_feasible,2,1,2.000000,1796866290936433577,84.142136,50.000000,184.142136,0.000000,,,0,1,,,,,0.000011,
tabu,ex2_1v_infeasible,2,1,2.000000,1796866024648717783,70.000000,0.000000,70.000000,0.000000,,,0,0,,,,,0.000012,
tabu,ex3_3v_all_feasible,3,3,2.000000,1796866050421229266,162.000000,20.000000,202.000000,0.000000,,,0,1,,,,,0.000032,
tabu,ex4_3v_infeasible,4,3,2.000000,1796866067602199021,141.798990,0.000000,141.798990,0.000000,,,0,0,,,,,0.000022,
tabu,ex5_3v_one_used_feasible,3,3,2.000000,1796866093374706359,115.798990,50.000000,215.798990,0.000000,,,0,1,,,,,0.000047,
tabu,hfvrp_n001_m03_s01,1,3,2.000000,1796866110556850624,87.334995,168.337487,424.009968,0.000000,,,0,1,,,,,0.000130,
tabu,hfvrp_n001_m03_s01,1,3,2.000000,1,87.334995,168.337487,424.009968,0.000000,,,0,1,,,,,0.000414,
tabu,ex1_1v_feasible,2,1,2.000000,1,84.142136,50.000000,184.142136,0.000000,,,0,1,,,,,0.000026,
tabu,ex2_1v_infeasible,2,1,2.000000,1,70.000000,0.000000,70.000000,0.000000,,,0,0,,,,,0.000023,
tabu,ex5_3v_one_used_feasible,3,3,2.000000,1,115.798990,50.000000,215.798990,0.000000,,,0,1,,,,,0.000131,
tabu,ex3_3v_all_feasible,3,3,2.000000,1,162.000000,20.000000,202.000000,0.000000,,,0,1,,,,,0.000042,
tabu,ex4_3v_infeasible,4,3,2.000000,1,141.798990,0.000000,141.798990,0.000000,,,0,0,,,,,0.000025,
tabu,hfvrp_n001_m03_s01,1,3,2.000000,10,87.334995,168.337487,424.009968,0.000000,,,0,1,,,,,0.000255,
tabu,ex1_1v_feasible,2,1,2.000000,10,84.142136,50.000000,184.142136,0.000000,,,0,1,,,,,0.000005,
tabu,ex2_1v_infeasible,2,1,2.000000,10,70.000000,0.000000,70.000000,0.000000,,,0,0,,,,,0.000011,
tabu,hfvrp_n001_m03_s01,1,3,2.000000,50,87.334995,168.337487,424.009968,0.000000,,,0,1,,,,,0.000134,
tabu,ex5_3v_one_used_feasible,3,3,2.000000,10,115.798990,50.000000,215.798990,0.000000,,,0,1,,,,,0.000043,
tabu,ex3_3v_all_feasible,3,3,2.000000,10,162.000000,20.000000,202.000000,0.000000,,,0,1,,,,,0.000036,
tabu,ex4_3v_infeasible,4,3,2.000000,10,141.798990,0.000000,141.798990,0.000000,,,0,0,,,,,0.000042,
tabu,ex1_1v_feasible,2,1,2.000000,50,84.142136,50.000000,184.142136,0.000000,,,0,1,,,,,0.000005,
tabu,ex2_1v_infeasible,2,1,2.000000,50,70.000000,0.000000,70.000000,0.000000,,,0,0,,,,,0.000023,
tabu,hfvrp_n001_m03_s01,1,3,2.000000,75,87.334995,168.337487,424.009968,0.000000,,,0,1,,,,,0.000402,
tabu,ex5_3v_one_used_feasible,3,3,2.000000,50,115.798990,50.000000,215.798990,0.000000,,,0,1,,,,,0.000144,
tabu,ex3_3v_all_feasible,3,3,2.000000,50,162.000000,20.000000,202.000000,0.000000,,,0,1,,,,,0.000036,
tabu,ex1_1v_feasible,2,1,2.000000,75,84.142136,50.000000,184.142136,0.000000,,,0,1,,,,,0.000020,
tabu,ex2_1v_infeasible,2,1,2.000000,75,70.000000,0.000000,70.000000,0.000000,,,0,0,,,,,0.000008,
tabu,hfvrp_n001_m03_s01,1,3,2.000000,100,87.334995,168.337487,424.009968,0.000000,,,0,1,,,,,0.000146,
tabu,ex4_3v_infeasible,4,3,2.000000,50,141.798990,0.000000,141.798990,0.000000,,,0,0,,,,,0.000078,
tabu,hfvrp_n001_m03_s01,1,3,2.000000,200,87.334995,168.337487,424.009968,0.000000,,,0,1,,,,,0.000138,
tabu,ex1_1v_feasible,2,1,2.000000,100,84.142136,50.000000,184.142136,0.000000,,,0,1,,,,,0.000016,
tabu,ex2_1v_infeasible,2,1,2.000000,100,70.000000,0.000000,70.000000,0.000000,,,0,0,,,,,0.000015,
tabu,ex5_3v_one_used_feasible,3,3,2.000000,75,115.798990,50.000000,215.798990,0.000000,,,0,1,,,,,0.000144,
tabu,ex3_3v_all_feasible,3,3,2.000000,75,162.000000,20.000000,202.000000,0.000000,,,0,1,,,,,0.000029,
tabu,hfvrp_n001_m03_s01,1,3,2.000000,999,87.334995,168.337487,424.009968,0.000000,,,0,1,,,,,0.000414,
tabu,ex4_3v_infeasible,4,3,2.000000,75,141.798990,0.000000,141.798990,0.000000,,,0,0,,,,,0.000033,
tabu,ex1_1v_feasible,2,1,2.000000,200,84.142136,50.000000,184.142136,0.000000,,,0,1,,,,,0.000025,
tabu,ex2_1v_infeasible,2,1,2.000000,200,70.000000,0.000000,70.000000,0.000000,,,0,0,,,,,0.000034,
tabu,ex5_3v_one_used_feasible,3,3,2.000000,100,115.798990,50.000000,215.798990,0.000000,,,0,1,,,,,0.000088,
tabu,ex3_3v_all_feasible,3,3,2.000000,100,162.000000,20.000000,202.000000,0.000000,,,0,1,,,,,0.000037,
tabu,hfvrp_n001_m03_s01,1,3,2.000000,1234,87.334995,168.337487,424.009968,0.000000,,,0,1,,,,,0.000236,
tabu,ex1_1v_feasible,2,1,2.000000,999,84.142136,50.000000,184.142136,0.000000,,,0,1,,,,,0.000025,
tabu,ex2_1v_infeasible,2,1,2.000000,999,70.000000,0.000000,70.000000,0.000000,,,0,0,,,,,0.000023,
tabu,ex4_3v_infeasible,4,3,2.000000,100,141.798990,0.000000,141.798990,0.000000,,,0,0,,,,,0.000022,
tabu,hfvrp_n001_m03_s01,1,3,2.000000,9999,87.334995,168.337487,424.009968,0.000000,,,0,1,,,,,0.000433,
tabu,ex5_3v_one_used_feasible,3,3,2.000000,200,115.798990,50.000000,215.798990,0.000000,,,0,1,,,,,0.000106,
tabu,ex3_3v_all_feasible,3,3,2.000000,200,162.000000,20.000000,202.000000,0.000000,,,0,1,,,,,0.000063,
tabu,ex1_1v_feasible,2,1,2.000000,1234,84.142136,50.000000,184.142136,0.000000,,,0,1,,,,,0.000005,
tabu,ex2_1v_infeasible,2,1,2.000000,1234,70.000000,0.000000,70.000000,0.000000,,,0,0,,,,,0.000008,
tabu,hfvrp_n001_m03_s01,1,3,2.000000,19345,87.334995,168.337487,424.009968,0.000000,,,0,1,,,,,0.000293,
tabu,ex4_3v_infeasible,4,3,2.000000,200,141.798990,0.000000,141.798990,0.000000,,,0,0,,,,,0.000067,
tabu,ex5_3v_one_used_feasible,3,3,2.000000,999,115.798990,50.000000,215.798990,0.000000,,,0,1,,,,,0.000044,
tabu,ex1_1v_feasible,2,1,2.000000,9999,84.142136,50.000000,184.142136,0.000000,,,0,1,,,,,0.000005,
tabu,ex2_1v_infeasible,2,1,2.000000,9999,70.000000,0.000000,70.000000,0.000000,,,0,0,,,,,0.000012,
tabu,hfvrp_n001_m03_s01,1,3,2.000000,1796874394019761142,87.334995,168.337487,424.009968,0.000000,,,0,1,,,,,0.000134,
tabu,ex3_3v_all_feasible,3,3,2.000000,999,162.000000,20.000000,202.000000,0.000000,,,0,1,,,,,0.000045,
tabu,hfvrp_n001_m03_s02,1,3,2.000000,1796874253336927981,156.310634,50.546098,257.402830,0.000000,,,0,1,,,,,0.000168,
tabu,ex1_1v_feasible,2,1,2.000000,19345,84.142136,50.000000,184.142136,0.000000,,,0,1,,,,,0.000005,
tabu,ex2_1v_infeasible,2,1,2.000000,19345,70.000000,0.000000,70.000000,0.000000,,,0,0,,,,,0.000023,
tabu,ex5_3v_one_used_feasible,3,3,2.000000,1234,115.798990,50.000000,215.798990,0.000000,,,0,1,,,,,0.000047,
tabu,ex4_3v_infeasible,4,3,2.000000,999,141.798990,0.000000,141.798990,0.000000,,,0,0,,,,,0.000026,
tabu,ex3_3v_all_feasible,3,3,2.000000,1234,162.000000,20.000000,202.000000,0.000000,,,0,1,,,,,0.000078,
tabu,hfvrp_n001_m03_s02,1,3,2.000000,1,156.310634,50.546098,257.402830,0.000000,,,0,1,,,,,0.000108,
tabu,ex1_1v_feasible,2,1,2.000000,1796872850166694752,84.142136,50.000000,184.142136,0.000000,,,0,1,,,,,0.000006,
tabu,ex2_1v_infeasible,2,1,2.000000,1796872884679680442,70.000000,0.000000,70.000000,0.000000,,,0,0,,,,,0.000008,
tabu,ex5_3v_one_used_feasible,3,3,2.000000,9999,115.798990,50.000000,215.798990,0.000000,,,0,1,,,,,0.000161,
tabu,hfvrp_n001_m03_s02,1,3,2.000000,10,156.310634,50.546098,257.402830,0.000000,,,0,1,,,,,0.000306,
tabu,ex3_3v_all_feasible,3,3,2.000000,9999,162.000000,20.000000,202.000000,0.000000,,,0,1,,,,,0.000091,
tabu,ex4_3v_infeasible,4,3,2.000000,1234,141.798990,0.000000,141.798990,0.000000,,,0,0,,,,,0.000022,
tabu,hfvrp_n001_m03_s03,1,3,2.000000,1796872542200948648,130.438737,0.000000,130.438737,0.000000,,,0,1,,,,,0.000150,
tabu,hfvrp_n001_m03_s04,1,3,2.000000,1796872611091971018,122.386776,0.000000,122.386776,0.000000,,,0,1,,,,,0.000223,
tabu,hfvrp_n001_m03_s02,1,3,2.000000,50,156.310634,50.546098,257.402830,0.000000,,,0,1,,,,,0.000350,
tabu,ex5_3v_one_used_feasible,3,3,2.000000,19345,115.798990,50.000000,215.798990,0.000000,,,0,1,,,,,0.000043,
tabu,hfvrp_n001_m03_s03,1,3,2.000000,1,130.438737,0.000000,130.438737,0.000000,,,0,1,,,,,0.000313,
tabu,hfvrp_n001_m03_s04,1,3,2.000000,1,122.386776,0.000000,122.386776,0.000000,,,0,1,,,,,0.000114,
tabu,ex3_3v_all_feasible,3,3,2.000000,19345,162.000000,20.000000,202.000000,0.000000,,,0,1,,,,,0.000031,
tabu,hfvrp_n001_m03_s02,1,3,2.000000,75,156.310634,50.546098,257.402830,0.000000,,,0,1,,,,,0.000243,
tabu,ex4_3v_infeasible,4,3,2.000000,9999,141.798990,0.000000,141.798990,0.000000,,,0,0,,,,,0.000026,
tabu,hfvrp_n001_m03_s03,1,3,2.000000,10,130.438737,0.000000,130.438737,0.000000,,,0,1,,,,,0.000347,
tabu,hfvrp_n001_m03_s04,1,3,2.000000,10,122.386776,0.000000,122.386776,0.000000,,,0,1,,,,,0.000298,
tabu,ex5_3v_one_used_feasible,3,3,2.000000,1796873214747642732,115.798990,50.000000,215.798990,0.000000,,,0,1,,,,,0.000147,
tabu,hfvrp_n001_m03_s02,1,3,2.000000,100,156.310634,50.546098,257.402830,0.000000,,,0,1,,,,,0.000141,
tabu,ex3_3v_all_feasible,3,3,2.000000,1796873047740506769,162.000000,20.000000,202.000000,0.000000,,,0,1,,,,,0.000030,
tabu,hfvrp_n001_m03_s03,1,3,2.000000,50,130.438737,0.000000,130.438737,0.000000,,,0,1,,,,,0.000206,
tabu,hfvrp_n001_m03_s04,1,3,2.000000,50,122.386776,0.000000,122.386776,0.000000,,,0,1,,,,,0.000121,
tabu,ex4_3v_infeasible,4,3,2.000000,19345,141.798990,0.000000,141.798990,0.000000,,,0,0,,,,,0.000022,
tabu,hfvrp_n001_m03_s02,1,3,2.000000,200,156.310634,50.546098,257.402830,0.000000,,,0,1,,,,,0.000314,
tabu,hfvrp_n001_m03_s03,1,3,2.000000,75,130.438737,0.000000,130.438737,0.000000,,,0,1,,,,,0.000108,
tabu,hfvrp_n001_m03_s05,1,3,2.000000,1796871914989236747,89.097550,34.548775,158.195100,0.000000,,,0,1,,,,,0.000133,
tabu,hfvrp_n001_m03_s04,1,3,2.000000,75,122.386776,0.000000,122.386776,0.000000,,,0,1,,,,,0.000223,
tabu,hfvrp_n001_m03_s02,1,3,2.000000,999,156.310634,50.546098,257.402830,0.000000,,,0,1,,,,,0.000336,
tabu,hfvrp_n002_m03_s01,2,3,2.000000,1796871782391262552,262.852855,468.007587,1198.868028,0.000000,,,0,1,,,,,0.000308,
tabu,hfvrp_n001_m03_s03,1,3,2.000000,100,130.438737,0.000000,130.438737,0.000000,,,0,1,,,,,0.000220,
tabu,hfvrp_n001_m03_s05,1,3,2.000000,1,89.097550,34.548775,158.195100,0.000000,,,0,1,,,,,0.000177,
tabu,hfvrp_n001_m03_s04,1,3,2.000000,100,122.386776,0.000000,122.386776,0.000000,,,0,1,,,,,0.000118,
tabu,ex4_3v_infeasible,4,3,2.000000,1796871589757087611,141.798990,0.000000,141.798990,0.000000,,,0,0,,,,,0.000072,
tabu,hfvrp_n001_m03_s02,1,3,2.000000,1234,156.310634,50.546098,257.402830,0.000000,,,0,1,,,,,0.000311,
tabu,hfvrp_n002_m03_s01,2,3,2.000000,1,262.852855,468.007587,1198.868028,0.000000,,,0,1,,,,,0.000296,
tabu,hfvrp_n001_m03_s03,1,3,2.000000,200,130.438737,0.000000,130.438737,0.000000,,,0,1,,,,,0.000112,
tabu,hfvrp_n001_m03_s05,1,3,2.000000,10,89.097550,34.548775,158.195100,0.000000,,,0,1,,,,,0.000470,
tabu,hfvrp_n001_m03_s04,1,3,2.000000,200,122.386776,0.000000,122.386776,0.000000,,,0,1,,,,,0.000350,
tabu,hfvrp_n001_m03_s02,1,3,2.000000,9999,156.310634,50.546098,257.402830,0.000000,,,0,1,,,,,0.000114,
tabu,hfvrp_n001_m03_s03,1,3,2.000000,999,130.438737,0.000000,130.438737,0.000000,,,0,1,,,,,0.000117,
tabu,hfvrp_n002_m03_s02,2,3,2.000000,1796872222975815797,139.033247,41.343143,221.719532,0.000000,,,0,1,,,,,0.000179,
tabu,hfvrp_n001_m03_s05,1,3,2.000000,50,89.097550,34.548775,158.195100,0.000000,,,0,1,,,,,0.000403,
tabu,hfvrp_n001_m03_s04,1,3,2.000000,999,122.386776,0.000000,122.386776,0.000000,,,0,1,,,,,0.000112,
tabu,hfvrp_n002_m03_s01,2,3,2.000000,10,262.852855,468.007587,1198.868028,0.000000,,,0,1,,,,,0.000756,
tabu,hfvrp_n001_m03_s02,1,3,2.000000,19345,156.310634,50.546098,257.402830,0.000000,,,0,1,,,,,0.000324,
tabu,hfvrp_n001_m03_s03,1,3,2.000000,1234,130.438737,0.000000,130.438737,0.000000,,,0,1,,,,,0.000111,
tabu,hfvrp_n001_m03_s05,1,3,2.000000,75,89.097550,34.548775,158.195100,0.000000,,,0,1,,,,,0.000317,
tabu,hfvrp_n001_m03_s04,1,3,2.000000,1234,122.386776,0.000000,122.386776,0.000000,,,0,1,,,,,0.000109,
tabu,hfvrp_n002_m03_s02,2,3,2.000000,1,139.033247,41.343143,221.719532,0.000000,,,0,1,,,,,0.000186,
tabu,hfvrp_n002_m03_s01,2,3,2.000000,50,262.852855,468.007587,1198.868028,0.000000,,,0,1,,,,,0.000577,
tabu,hfvrp_n001_m03_s02,1,3,2.000000,1796872031315456142,156.310634,50.546098,257.402830,0.000000,,,0,1,,,,,0.000108,
tabu,hfvrp_n001_m03_s03,1,3,2.000000,9999,130.438737,0.000000,130.438737,0.000000,,,0,1,,,,,0.000346,
tabu,hfvrp_n001_m03_s05,1,3,2.000000,100,89.097550,34.548775,158.195100,0.000000,,,0,1,,,,,0.000133,
tabu,hfvrp_n001_m03_s04,1,3,2.000000,9999,122.386776,0.000000,122.386776,0.000000,,,0,1,,,,,0.000371,
tabu,hfvrp_n002_m03_s02,2,3,2.000000,10,139.033247,41.343143,221.719532,0.000000,,,0,1,,,,,0.000599,
tabu,hfvrp_n002_m03_s03,2,3,2.000000,1796870589265982899,185.309216,25.338303,235.985823,0.000000,,,0,1,,,,,0.000335,
tabu,hfvrp_n002_m03_s01,2,3,2.000000,75,262.852855,468.007587,1198.868028,0.000000,,,0,1,,,,,0.000295,
tabu,hfvrp_n001_m03_s03,1,3,2.000000,19345,130.438737,0.000000,130.438737,0.000000,,,0,1,,,,,0.000108,
tabu,hfvrp_n001_m03_s05,1,3,2.000000,200,89.097550,34.548775,158.195100,0.000000,,,0,1,,,,,0.000129,
tabu,hfvrp_n001_m03_s04,1,3,2.000000,19345,122.386776,0.000000,122.386776,0.000000,,,0,1,,,,,0.000379,
tabu,hfvrp_n002_m03_s02,2,3,2.000000,50,139.033247,41.343143,221.719532,0.000000,,,0,1,,,,,0.000193,
tabu,hfvrp_n002_m03_s03,2,3,2.000000,1,185.309216,25.338303,235.985823,0.000000,,,0,1,,,,,0.000824,
tabu,hfvrp_n001_m03_s03,1,3,2.000000,1796870543483002610,130.438737,0.000000,130.438737,0.000000,,,0,1,,,,,0.000108,
tabu,hfvrp_n001_m03_s05,1,3,2.000000,999,89.097550,34.548775,158.195100,0.000000,,,0,1,,,,,0.000145,
tabu,hfvrp_n002_m03_s01,2,3,2.000000,100,262.852855,468.007587,1198.868028,0.000000,,,0,1,,,,,0.000934,
tabu,hfvrp_n001_m03_s04,1,3,2.000000,1796870380471184539,122.386776,0.000000,122.386776,0.000000,,,0,1,,,,,0.000113,
tabu,hfvrp_n002_m03_s04,2,3,2.000000,1796871244609834240,174.552021,35.445494,245.443008,0.000000,,,0,1,,,,,0.000391,
tabu,hfvrp_n001_m03_s05,1,3,2.000000,1234,89.097550,34.548775,158.195100,0.000000,,,0,1,,,,,0.000294,
tabu,hfvrp_n002_m03_s02,2,3,2.000000,75,139.033247,41.343143,221.719532,0.000000,,,0,1,,,,,0.000187,
tabu,hfvrp_n002_m03_s05,2,3,2.000000,1796871115944822797,252.004246,183.153460,618.311166,0.000000,,,0,1,,,,,0.000304,
tabu,hfvrp_n002_m03_s03,2,3,2.000000,10,185.309216,25.338303,235.985823,0.000000,,,0,1,,,,,0.000306,
tabu,hfvrp_n002_m03_s01,2,3,2.000000,200,262.852855,468.007587,1198.868028,0.000000,,,0,1,,,,,0.000299,
tabu,hfvrp_n001_m03_s05,1,3,2.000000,9999,89.097550,34.548775,158.195100,0.000000,,,0,1,,,,,0.000369,
tabu,hfvrp_n002_m03_s04,2,3,2.000000,1,174.552021,35.445494,245.443008,0.000000,,,0,1,,,,,0.000275,
tabu,hfvrp_n002_m03_s02,2,3,2.000000,100,139.033247,41.343143,221.719532,0.000000,,,0,1,,,,,0.000182,
tabu,hfvrp_n002_m03_s05,2,3,2.000000,1,252.004246,183.153460,618.311166,0.000000,,,0,1,,,,,0.001021,
tabu,hfvrp_n002_m03_s03,2,3,2.000000,50,185.309216,25.338303,235.985823,0.000000,,,0,1,,,,,0.000295,
tabu,hfvrp_n002_m03_s01,2,3,2.000000,999,262.852855,468.007587,1198.868028,0.000000,,,0,1,,,,,0.000294,
tabu,hfvrp_n001_m03_s05,1,3,2.000000,19345,89.097550,34.548775,158.195100,0.000000,,,0,1,,,,,0.000130,
tabu,hfvrp_n002_m03_s04,2,3,2.000000,10,174.552021,35.445494,245.443008,0.000000,,,0,1,,,,,0.000579,
tabu,hfvrp_n002_m03_s02,2,3,2.000000,200,139.033247,41.343143,221.719532,0.000000,,,0,1,,,,,0.000177,
tabu,hfvrp_n002_m03_s05,2,3,2.000000,10,252.004246,183.153460,618.311166,0.000000,,,0,1,,,,,0.000312,
tabu,hfvrp_n002_m03_s03,2,3,2.000000,75,185.309216,25.338303,235.985823,0.000000,,,0,1,,,,,0.000953,
tabu,hfvrp_n001_m03_s05,1,3,2.000000,1796878467591189549,89.097550,34.548775,158.195100,0.000000,,,0,1,,,,,0.000130,
tabu,hfvrp_n002_m03_s01,2,3,2.000000,1234,262.852855,468.007587,1198.868028,0.000000,,,0,1,,,,,0.000301,
tabu,hfvrp_n002_m03_s04,2,3,2.000000,50,174.552021,35.445494,245.443008,0.000000,,,0,1,,,,,0.000278,
tabu,hfvrp_n002_m03_s02,2,3,2.000000,999,139.033247,41.343143,221.719532,0.000000,,,0,1,,,,,0.000581,
tabu,hfvrp_n002_m03_s05,2,3,2.000000,50,252.004246,183.153460,618.311166,0.000000,,,0,1,,,,,0.000690,
tabu,hfvrp_n005_m03_s01,5,3,2.000000,1796878125048547662,350.283936,145.533835,641.351607,0.000000,,,0,1,,,,,0.000032,
tabu,hfvrp_n002_m03_s03,2,3,2.000000,100,185.309216,25.338303,235.985823,0.000000,,,0,1,,,,,0.000949,
tabu,hfvrp_n002_m03_s01,2,3,2.000000,9999,262.852855,468.007587,1198.868028,0.000000,,,0,1,,,,,0.000943,
tabu,hfvrp_n002_m03_s04,2,3,2.000000,75,174.552021,35.445494,245.443008,0.000000,,,0,1,,,,,0.000580,
tabu,hfvrp_n002_m03_s02,2,3,2.000000,1234,139.033247,41.343143,221.719532,0.000000,,,0,1,,,,,0.000567,
tabu,hfvrp_n002_m03_s05,2,3,2.000000,75,252.004246,183.153460,618.311166,0.000000,,,0,1,,,,,0.000326,
tabu,hfvrp_n002_m03_s03,2,3,2.000000,200,185.309216,25.338303,235.985823,0.000000,,,0,1,,,,,0.000670,
tabu,hfvrp_n002_m03_s01,2,3,2.000000,19345,262.852855,468.007587,1198.868028,0.000000,,,0,1,,,,,0.000574,
tabu,hfvrp_n005_m03_s01,5,3,2.000000,1,350.283936,145.533835,641.351607,0.000000,,,0,1,,,,,0.000029,
tabu,hfvrp_n002_m03_s04,2,3,2.000000,100,174.552021,35.445494,245.443008,0.000000,,,0,1,,,,,0.000274,
tabu,hfvrp_n002_m03_s02,2,3,2.000000,9999,139.033247,41.343143,221.719532,0.000000,,,0,1,,,,,0.000181,
tabu,hfvrp_n002_m03_s05,2,3,2.000000,100,252.004246,183.153460,618.311166,0.000000,,,0,1,,,,,0.000648,
tabu,hfvrp_n002_m03_s03,2,3,2.000000,999,185.309216,25.338303,235.985823,0.000000,,,0,1,,,,,0.000532,
tabu,hfvrp_n002_m03_s01,2,3,2.000000,1796878832466691292,262.852855,468.007587,1198.868028,0.000000,,,0,1,,,,,0.000429,
tabu,hfvrp_n002_m03_s04,2,3,2.000000,200,174.552021,35.445494,245.443008,0.000000,,,0,1,,,,,0.000535,
tabu,hfvrp_n002_m03_s02,2,3,2.000000,19345,139.033247,41.343143,221.719532,0.000000,,,0,1,,,,,0.000242,
tabu,hfvrp_n002_m03_s05,2,3,2.000000,200,252.004246,183.153460,618.311166,0.000000,,,0,1,,,,,0.000958,
tabu,hfvrp_n005_m03_s01,5,3,2.000000,10,350.283936,145.533835,641.351607,0.000000,,,0,1,,,,,0.000029,
tabu,hfvrp_n002_m03_s03,2,3,2.000000,1234,185.309216,25.338303,235.985823,0.000000,,,0,1,,,,,0.000942,
tabu,hfvrp_n005_m03_s02,5,3,2.000000,1796878593326517459,358.545666,176.381442,711.308549,0.000000,,,0,1,,,,,0.001750,
tabu,hfvrp_n002_m03_s04,2,3,2.000000,999,174.552021,35.445494,245.443008,0.000000,,,0,1,,,,,0.000866,
tabu,hfvrp_n002_m03_s02,2,3,2.000000,1796878598264545269,139.033247,41.343143,221.719532,0.000000,,,0,1,,,,,0.000182,
tabu,hfvrp_n002_m03_s05,2,3,2.000000,999,252.004246,183.153460,618.311166,0.000000,,,0,1,,,,,0.000315,
tabu,hfvrp_n002_m03_s03,2,3,2.000000,9999,185.309216,25.338303,235.985823,0.000000,,,0,1,,,,,0.000295,
tabu,hfvrp_n005_m03_s01,5,3,2.000000,50,350.283936,145.533835,641.351607,0.000000,,,0,1,,,,,0.000033,
tabu,hfvrp_n002_m03_s04,2,3,2.000000,1234,174.552021,35.445494,245.443008,0.000000,,,0,1,,,,,0.000301,
tabu,hfvrp_n005_m03_s02,5,3,2.000000,1,358.545666,176.381442,711.308549,0.000000,,,0,1,,,,,0.001005,
tabu,hfvrp_n005_m03_s03,5,3,2.000000,1796877177958177740,444.734799,0.000000,444.734799,0.000000,,,0,1,,,,,0.002928,
tabu,hfvrp_n002_m03_s05,2,3,2.000000,1234,252.004246,183.153460,618.311166,0.000000,,,0,1,,,,,0.000946,
tabu,hfvrp_n002_m03_s03,2,3,2.000000,19345,185.309216,25.338303,235.985823,0.000000,,,0,1,,,,,0.000945,
tabu,hfvrp_n002_m03_s04,2,3,2.000000,9999,174.552021,35.445494,245.443008,0.000000,,,0,1,,,,,0.000614,
tabu,hfvrp_n002_m03_s05,2,3,2.000000,9999,252.004246,183.153460,618.311166,0.000000,,,0,1,,,,,0.000872,
tabu,hfvrp_n005_m03_s01,5,3,2.000000,75,350.283936,145.533835,641.351607,0.000000,,,0,1,,,,,0.000101,
tabu,hfvrp_n002_m03_s03,2,3,2.000000,1796876913504924237,185.309216,25.338303,235.985823,0.000000,,,0,1,,,,,0.000573,
tabu,hfvrp_n005_m03_s02,5,3,2.000000,10,358.545666,176.381442,711.308549,0.000000,,,0,1,,,,,0.002492,
tabu,hfvrp_n005_m03_s03,5,3,2.000000,1,444.734799,0.000000,444.734799,0.000000,,,0,1,,,,,0.000924,
tabu,hfvrp_n002_m03_s04,2,3,2.000000,19345,174.552021,35.445494,245.443008,0.000000,,,0,1,,,,,0.000283,
tabu,hfvrp_n002_m03_s05,2,3,2.000000,19345,252.004246,183.153460,618.311166,0.000000,,,0,1,,,,,0.000311,
tabu,hfvrp_n005_m03_s04,5,3,2.000000,1796877954294231774,278.576281,287.478473,853.533227,0.000000,,,0,1,,,,,0.001527,
tabu,hfvrp_n005_m03_s01,5,3,2.000000,100,350.283936,145.533835,641.351607,0.000000,,,0,1,,,,,0.000089,
tabu,hfvrp_n002_m03_s04,2,3,2.000000,1796877753051240005,174.552021,35.445494,245.443008,0.000000,,,0,1,,,,,0.000882,
tabu,hfvrp_n005_m03_s02,5,3,2.000000,50,358.545666,176.381442,711.308549,0.000000,,,0,1,,,,,0.001413,
tabu,hfvrp_n005_m03_s03,5,3,2.000000,10,444.734799,0.000000,444.734799,0.000000,,,0,1,,,,,0.000956,
tabu,hfvrp_n002_m03_s05,2,3,2.000000,1796877779006540164,252.004246,183.153460,618.311166,0.000000,,,0,1,,,,,0.000302,
tabu,hfvrp_n005_m03_s05,5,3,2.000000,1796877591186480220,394.217019,176.850818,747.918656,0.000000,,,0,1,,,,,0.000076,
tabu,hfvrp_n005_m03_s04,5,3,2.000000,1,278.576281,287.478473,853.533227,0.000000,,,0,1,,,,,0.000908,
tabu,hfvrp_n010_m03_s01,10,3,2.000000,1796877466794070943,515.549909,271.386050,1058.322008,0.000000,,,0,1,,,,,0.005542,
tabu,hfvrp_n005_m03_s01,5,3,2.000000,200,350.283936,145.533835,641.351607,0.000000,,,0,1,,,,,0.000038,
tabu,hfvrp_n005_m03_s02,5,3,2.000000,75,358.545666,176.381442,711.308549,0.000000,,,0,1,,,,,0.002271,
tabu,hfvrp_n005_m03_s03,5,3,2.000000,50,444.734799,0.000000,444.734799,0.000000,,,0,1,,,,,0.000930,
tabu,hfvrp_n005_m03_s05,5,3,2.000000,1,394.217019,176.850818,747.918656,0.000000,,,0,1,,,,,0.000064,
tabu,hfvrp_n005_m03_s04,5,3,2.000000,10,278.576281,287.478473,853.533227,0.000000,,,0,1,,,,,0.000917,
tabu,hfvrp_n005_m03_s01,5,3,2.000000,999,350.283936,145.533835,641.351607,0.000000,,,0,1,,,,,0.000030,
tabu,hfvrp_n005_m03_s02,5,3,2.000000,100,358.545666,176.381442,711.308549,0.000000,,,0,1,,,,,0.001003,
tabu,hfvrp_n005_m03_s03,5,3,2.000000,75,444.734799,0.000000,444.734799,0.000000,,,0,1,,,,,0.002889,
tabu,hfvrp_n010_m03_s01,10,3,2.000000,1,515.549909,271.386050,1058.322008,0.000000,,,0,1,,,,,0.005861,
tabu,hfvrp_n005_m03_s05,5,3,2.000000,10,394.217019,176.850818,747.918656,0.000000,,,0,1,,,,,0.000084,
tabu,hfvrp_n005_m03_s04,5,3,2.000000,50,278.576281,287.478473,853.533227,0.000000,,,0,1,,,,,0.000913,
tabu,hfvrp_n005_m03_s01,5,3,2.000000,1234,350.283936,145.533835,641.351607,0.000000,,,0,1,,,,,0.000029,
tabu,hfvrp_n005_m03_s02,5,3,2.000000,200,358.545666,176.381442,711.308549,0.000000,,,0,1,,,,,0.002105,
tabu,hfvrp_n005_m03_s03,5,3,2.000000,100,444.734799,0.000000,444.734799,0.000000,,,0,1,,,,,0.002128,
tabu,hfvrp_n005_m03_s05,5,3,2.000000,50,394.217019,176.850818,747.918656,0.000000,,,0,1,,,,,0.000060,
tabu,hfvrp_n005_m03_s04,5,3,2.000000,75,278.576281,287.478473,853.533227,0.000000,,,0,1,,,,,0.000920,
tabu,hfvrp_n005_m03_s01,5,3,2.000000,9999,350.283936,145.533835,641.351607,0.000000,,,0,1,,,,,0.000029,
tabu,hfvrp_n010_m03_s01,10,3,2.000000,10,515.549909,271.386050,1058.322008,0.000000,,,0,1,,,,,0.004516,
tabu,hfvrp_n005_m03_s02,5,3,2.000000,999,358.545666,176.381442,711.308549,0.000000,,,0,1,,,,,0.003126,
tabu,hfvrp_n005_m03_s03,5,3,2.000000,200,444.734799,0.000000,444.734799,0.000000,,,0,1,,,,,0.000935,
tabu,hfvrp_n005_m03_s05,5,3,2.000000,75,394.217019,176.850818,747.918656,0.000000,,,0,1,,,,,0.000105,
tabu,hfvrp_n005_m03_s04,5,3,2.000000,100,278.576281,287.478473,853.533227,0.000000,,,0,1,,,,,0.002854,
tabu,hfvrp_n005_m03_s01,5,3,2.000000,19345,350.283936,145.533835,641.351607,0.000000,,,0,1,,,,,0.000029,
tabu,hfvrp_n005_m03_s02,5,3,2.000000,1234,358.545666,176.381442,711.308549,0.000000,,,0,1,,,,,0.001333,
tabu,hfvrp_n005_m03_s03,5,3,2.000000,999,444.734799,0.000000,444.734799,0.000000,,,0,1,,,,,0.002339,
tabu,hfvrp_n010_m03_s01,10,3,2.000000,50,515.549909,271.386050,1058.322008,0.000000,,,0,1,,,,,0.004248,
tabu,hfvrp_n005_m03_s05,5,3,2.000000,100,394.217019,176.850818,747.918656,0.000000,,,0,1,,,,,0.000186,
tabu,hfvrp_n005_m03_s01,5,3,2.000000,1796876523156695975,350.283936,145.533835,641.351607,0.000000,,,0,1,,,,,0.000050,
tabu,hfvrp_n005_m03_s04,5,3,2.000000,200,278.576281,287.478473,853.533227,0.000000,,,0,1,,,,,0.002879,
tabu,hfvrp_n005_m03_s02,5,3,2.000000,9999,358.545666,176.381442,711.308549,0.000000,,,0,1,,,,,0.001957,
tabu,hfvrp_n005_m03_s03,5,3,2.000000,1234,444.734799,0.000000,444.734799,0.000000,,,0,1,,,,,0.000934,
tabu,hfvrp_n005_m03_s05,5,3,2.000000,200,394.217019,176.850818,747.918656,0.000000,,,0,1,,,,,0.000197,
tabu,hfvrp_n010_m03_s02,10,3,2.000000,1796876465001957328,528.820236,418.059583,1364.939402,0.000000,,,0,1,,,,,0.004868,
tabu,hfvrp_n005_m03_s04,5,3,2.000000,999,278.576281,287.478473,853.533227,0.000000,,,0,1,,,,,0.001141,
tabu,hfvrp_n010_m03_s01,10,3,2.000000,75,515.549909,271.386050,1058.322008,0.000000,,,0,1,,,,,0.003474,
tabu,hfvrp_n005_m03_s02,5,3,2.000000,19345,358.545666,176.381442,711.308549,0.000000,,,0,1,,,,,0.001266,
tabu,hfvrp_n005_m03_s03,5,3,2.000000,9999,444.734799,0.000000,444.734799,0.000000,,,0,1,,,,,0.002886,
tabu,hfvrp_n005_m03_s05,5,3,2.000000,999,394.217019,176.850818,747.918656,0.000000,,,0,1,,,,,0.000061,
tabu,hfvrp_n005_m03_s04,5,3,2.000000,1234,278.576281,287.478473,853.533227,0.000000,,,0,1,,,,,0.000917,
tabu,hfvrp_n005_m03_s02,5,3,2.000000,1796874959753762641,358.545666,176.381442,711.308549,0.000000,,,0,1,,,,,0.001003,
tabu,hfvrp_n005_m03_s03,5,3,2.000000,19345,444.734799,0.000000,444.734799,0.000000,,,0,1,,,,,0.000930,
tabu,hfvrp_n010_m03_s02,10,3,2.000000,1,528.820236,418.059583,1364.939402,0.000000,,,0,1,,,,,0.003495,
tabu,hfvrp_n010_m03_s01,10,3,2.000000,100,515.549909,271.386050,1058.322008,0.000000,,,0,1,,,,,0.003420,
tabu,hfvrp_n005_m03_s05,5,3,2.000000,1234,394.217019,176.850818,747.918656,0.000000,,,0,1,,,,,0.000060,
tabu,hfvrp_n005_m03_s04,5,3,2.000000,9999,278.576281,287.478473,853.533227,0.000000,,,0,1,,,,,0.002934,
tabu,hfvrp_n010_m03_s03,10,3,2.000000,1796874716910680225,671.729893,464.793331,1601.316555,0.000000,,,0,1,,,,,0.000454,
tabu,hfvrp_n005_m03_s03,5,3,2.000000,1796874678756585888,444.734799,0.000000,444.734799,0.000000,,,0,1,,,,,0.002886,
tabu,hfvrp_n005_m03_s05,5,3,2.000000,9999,394.217019,176.850818,747.918656,0.000000,,,0,1,,,,,0.000187,
tabu,hfvrp_n010_m03_s02,10,3,2.000000,10,528.820236,418.059583,1364.939402,0.000000,,,0,1,,,,,0.006749,
tabu,hfvrp_n005_m03_s04,5,3,2.000000,19345,278.576281,287.478473,853.533227,0.000000,,,0,1,,,,,0.001756,
tabu,hfvrp_n010_m03_s01,10,3,2.000000,200,515.549909,271.386050,1058.322008,0.000000,,,0,1,,,,,0.005719,
tabu,hfvrp_n010_m03_s04,10,3,2.000000,1796875711570386607,624.567377,393.900677,1412.368731,0.000000,,,0,1,,,,,0.000254,
tabu,hfvrp_n010_m03_s03,10,3,2.000000,1,671.729893,464.793331,1601.316555,0.000000,,,0,1,,,,,0.000682,
tabu,hfvrp_n005_m03_s05,5,3,2.000000,19345,394.217019,176.850818,747.918656,0.000000,,,0,1,,,,,0.000062,
tabu,hfvrp_n005_m03_s04,5,3,2.000000,1796875614167766173,278.576281,287.478473,853.533227,0.000000,,,0,1,,,,,0.000915,
tabu,hfvrp_n010_m03_s02,10,3,2.000000,50,528.820236,418.059583,1364.939402,0.000000,,,0,1,,,,,0.006204,
tabu,hfvrp_n010_m03_s01,10,3,2.000000,999,515.549909,271.386050,1058.322008,0.000000,,,0,1,,,,,0.005914,
tabu,hfvrp_n010_m03_s04,10,3,2.000000,1,624.567377,393.900677,1412.368731,0.000000,,,0,1,,,,,0.000247,
tabu,hfvrp_n005_m03_s05,5,3,2.000000,1796875478509635201,394.217019,176.850818,747.918656,0.000000,,,0,1,,,,,0.000064,
tabu,hfvrp_n010_m03_s05,10,3,2.000000,1796875268305105483,608.905108,406.212007,1421.329123,0.000000,,,0,1,,,,,0.000249,
tabu,hfvrp_n010_m03_s03,10,3,2.000000,10,671.729893,464.793331,1601.316555,0.000000,,,0,1,,,,,0.000371,
tabu,hfvrp_n015_m03_s01,15,3,2.000000,1796882846386915005,642.387619,1031.157032,2704.701683,0.000000,,,0,1,,,,,0.013433,
tabu,hfvrp_n010_m03_s02,10,3,2.000000,75,528.820236,418.059583,1364.939402,0.000000,,,0,1,,,,,0.003513,
tabu,hfvrp_n010_m03_s01,10,3,2.000000,1234,515.549909,271.386050,1058.322008,0.000000,,,0,1,,,,,0.003468,
tabu,hfvrp_n010_m03_s04,10,3,2.000000,10,624.567377,393.900677,1412.368731,0.000000,,,0,1,,,,,0.000556,
tabu,hfvrp_n010_m03_s05,10,3,2.000000,1,608.905108,406.212007,1421.329123,0.000000,,,0,1,,,,,0.000345,
tabu,hfvrp_n010_m03_s03,10,3,2.000000,50,671.729893,464.793331,1601.316555,0.000000,,,0,1,,,,,0.000484,
tabu,hfvrp_n010_m03_s02,10,3,2.000000,100,528.820236,418.059583,1364.939402,0.000000,,,0,1,,,,,0.007462,
tabu,hfvrp_n010_m03_s01,10,3,2.000000,9999,515.549909,271.386050,1058.322008,0.000000,,,0,1,,,,,0.003428,
tabu,hfvrp_n010_m03_s04,10,3,2.000000,50,624.567377,393.900677,1412.368731,0.000000,,,0,1,,,,,0.000257,
tabu,hfvrp_n015_m03_s01,15,3,2.000000,1,642.387619,1031.157032,2704.701683,0.000000,,,0,1,,,,,0.011281,
tabu,hfvrp_n010_m03_s05,10,3,2.000000,10,608.905108,406.212007,1421.329123,0.000000,,,0,1,,,,,0.000795,
tabu,hfvrp_n010_m03_s03,10,3,2.000000,75,671.729893,464.793331,1601.316555,0.000000,,,0,1,,,,,0.000375,
tabu,hfvrp_n010_m03_s02,10,3,2.000000,200,528.820236,418.059583,1364.939402,0.000000,,,0,1,,,,,0.005856,
tabu,hfvrp_n010_m03_s01,10,3,2.000000,19345,515.549909,271.386050,1058.322008,0.000000,,,0,1,,,,,0.007938,
tabu,hfvrp_n010_m03_s04,10,3,2.000000,75,624.567377,393.900677,1412.368731,0.000000,,,0,1,,,,,0.000248,
tabu,hfvrp_n010_m03_s05,10,3,2.000000,50,608.905108,406.212007,1421.329123,0.000000,,,0,1,,,,,0.000566,
tabu,hfvrp_n010_m03_s03,10,3,2.000000,100,671.729893,464.793331,1601.316555,0.000000,,,0,1,,,,,0.000364,
tabu,hfvrp_n015_m03_s01,15,3,2.000000,10,642.387619,1031.157032,2704.701683,0.000000,,,0,1,,,,,0.015891,
tabu,hfvrp_n010_m03_s02,10,3,2.000000,999,528.820236,418.059583,1364.939402,0.000000,,,0,1,,,,,0.006283,
tabu,hfvrp_n010_m03_s01,10,3,2.000000,1796883375672766637,515.549909,271.386050,1058.322008,0.000000,,,0,1,,,,,0.007872,
tabu,hfvrp_n010_m03_s04,10,3,2.000000,100,624.567377,393.900677,1412.368731,0.000000,,,0,1,,,,,0.000770,
tabu,hfvrp_n010_m03_s03,10,3,2.000000,200,671.729893,464.793331,1601.316555,0.000000,,,0,1,,,,,0.000364,
tabu,hfvrp_n010_m03_s05,10,3,2.000000,75,608.905108,406.212007,1421.329123,0.000000,,,0,1,,,,,0.000262,
tabu,hfvrp_n015_m03_s01,15,3,2.000000,50,642.387619,1031.157032,2704.701683,0.000000,,,0,1,,,,,0.015414,
tabu,hfvrp_n010_m03_s02,10,3,2.000000,1234,528.820236,418.059583,1364.939402,0.000000,,,0,1,,,,,0.005793,
tabu,hfvrp_n015_m03_s02,15,3,2.000000,1796883078047650335,746.988569,948.956658,2644.901886,0.000000,,,0,1,,,,,0.015148,
tabu,hfvrp_n010_m03_s04,10,3,2.000000,200,624.567377,393.900677,1412.368731,0.000000,,,0,1,,,,,0.000801,
tabu,hfvrp_n010_m03_s03,10,3,2.000000,999,671.729893,464.793331,1601.316555,0.000000,,,0,1,,,,,0.001231,
tabu,hfvrp_n010_m03_s05,10,3,2.000000,100,608.905108,406.212007,1421.329123,0.000000,,,0,1,,,,,0.000801,
tabu,hfvrp_n010_m03_s02,10,3,2.000000,9999,528.820236,418.059583,1364.939402,0.000000,,,0,1,,,,,0.006435,
tabu,hfvrp_n010_m03_s04,10,3,2.000000,999,624.567377,393.900677,1412.368731,0.000000,,,0,1,,,,,0.000782,
tabu,hfvrp_n015_m03_s01,15,3,2.000000,75,642.387619,1031.157032,2704.701683,0.000000,,,0,1,,,,,0.012052,
tabu,hfvrp_n010_m03_s03,10,3,2.000000,1234,671.729893,464.793331,1601.316555,0.000000,,,0,1,,,,,0.001164,
tabu,hfvrp_n015_m03_s02,15,3,2.000000,1,746.988569,948.956658,2644.901886,0.000000,,,0,1,,,,,0.015307,
tabu,hfvrp_n010_m03_s05,10,3,2.000000,200,608.905108,406.212007,1421.329123,0.000000,,,0,1,,,,,0.000249,
tabu,hfvrp_n010_m03_s02,10,3,2.000000,19345,528.820236,418.059583,1364.939402,0.000000,,,0,1,,,,,0.003536,
tabu,hfvrp_n010_m03_s04,10,3,2.000000,1234,624.567377,393.900677,1412.368731,0.000000,,,0,1,,,,,0.000760,
tabu,hfvrp_n010_m03_s03,10,3,2.000000,9999,671.729893,464.793331,1601.316555,0.000000,,,0,1,,,,,0.001148,
tabu,hfvrp_n010_m03_s05,10,3,2.000000,999,608.905108,406.212007,1421.329123,0.000000,,,0,1,,,,,0.000492,
tabu,hfvrp_n015_m03_s01,15,3,2.000000,100,642.387619,1031.157032,2704.701683,0.000000,,,0,1,,,,,0.011240,
tabu,hfvrp_n015_m03_s02,15,3,2.000000,10,746.988569,948.956658,2644.901886,0.000000,,,0,1,,,,,0.016833,
tabu,hfvrp_n010_m03_s02,10,3,2.000000,1796881437694061356,528.820236,418.059583,1364.939402,0.000000,,,0,1,,,,,0.003507,
tabu,hfvrp_n010_m03_s04,10,3,2.000000,9999,624.567377,393.900677,1412.368731,0.000000,,,0,1,,,,,0.000788,
tabu,hfvrp_n010_m03_s03,10,3,2.000000,19345,671.729893,464.793331,1601.316555,0.000000,,,0,1,,,,,0.000380,
tabu,hfvrp_n010_m03_s05,10,3,2.000000,1234,608.905108,406.212007,1421.329123,0.000000,,,0,1,,,,,0.000262,
tabu,hfvrp_n015_m03_s03,15,3,2.000000,1796881316204257373,532.035526,524.156405,1580.348336,0.000000,,,0,1,,,,,0.012187,
tabu,hfvrp_n015_m03_s01,15,3,2.000000,200,642.387619,1031.157032,2704.701683,0.000000,,,0,1,,,,,0.011271,
tabu,hfvrp_n015_m03_s02,15,3,2.000000,50,746.988569,948.956658,2644.901886,0.000000,,,0,1,,,,,0.012524,
tabu,hfvrp_n010_m03_s04,10,3,2.000000,19345,624.567377,393.900677,1412.368731,0.000000,,,0,1,,,,,0.000244,
tabu,hfvrp_n010_m03_s03,10,3,2.000000,1796882305384407928,671.729893,464.793331,1601.316555,0.000000,,,0,1,,,,,0.000365,
tabu,hfvrp_n010_m03_s05,10,3,2.000000,9999,608.905108,406.212007,1421.329123,0.000000,,,0,1,,,,,0.000297,
tabu,hfvrp_n010_m03_s04,10,3,2.000000,1796882213583053482,624.567377,393.900677,1412.368731,0.000000,,,0,1,,,,,0.000406,
tabu,hfvrp_n015_m03_s03,15,3,2.000000,1,532.035526,524.156405,1580.348336,0.000000,,,0,1,,,,,0.011019,
tabu,hfvrp_n015_m03_s01,15,3,2.000000,999,642.387619,1031.157032,2704.701683,0.000000,,,0,1,,,,,0.014301,
tabu,hfvrp_n015_m03_s02,15,3,2.000000,75,746.988569,948.956658,2644.901886,0.000000,,,0,1,,,,,0.012549,
tabu,hfvrp_n015_m03_s04,15,3,2.000000,1796881994930798081,725.798988,1887.840354,4501.479697,0.000000,,,0,1,,,,,0.017744,
tabu,hfvrp_n010_m03_s05,10,3,2.000000,19345,608.905108,406.212007,1421.329123,0.000000,,,0,1,,,,,0.000430,
tabu,hfvrp_n015_m03_s05,15,3,2.000000,1796881933196172333,698.589967,688.600089,2075.790146,0.000000,,,0,1,,,,,0.010017,
tabu,hfvrp_n010_m03_s05,10,3,2.000000,1796881835257618220,608.905108,406.212007,1421.329123,0.000000,,,0,1,,,,,0.000588,
tabu,hfvrp_n015_m03_s01,15,3,2.000000,1234,642.387619,1031.157032,2704.701683,0.000000,,,0,1,,,,,0.011467,
tabu,hfvrp_n015_m03_s03,15,3,2.000000,10,532.035526,524.156405,1580.348336,0.000000,,,0,1,,,,,0.011243,
tabu,hfvrp_n015_m03_s02,15,3,2.000000,100,746.988569,948.956658,2644.901886,0.000000,,,0,1,,,,,0.012617,
tabu,hfvrp_n015_m03_s04,15,3,2.000000,1,725.798988,1887.840354,4501.479697,0.000000,,,0,1,,,,,0.020626,
tabu,hfvrp_n020_m04_s01,20,4,2.000000,1796880524098035712,849.433043,640.581386,2130.595816,0.000000,,,0,1,,,,,0.032768,
tabu,hfvrp_n015_m03_s05,15,3,2.000000,1,698.589967,688.600089,2075.790146,0.000000,,,0,1,,,,,0.014949,
tabu,hfvrp_n015_m03_s02,15,3,2.000000,200,746.988569,948.956658,2644.901886,0.000000,,,0,1,,,,,0.012556,
tabu,hfvrp_n015_m03_s01,15,3,2.000000,9999,642.387619,1031.157032,2704.701683,0.000000,,,0,1,,,,,0.011257,
tabu,hfvrp_n015_m03_s03,15,3,2.000000,50,532.035526,524.156405,1580.348336,0.000000,,,0,1,,,,,0.011069,
tabu,hfvrp_n015_m03_s04,15,3,2.000000,10,725.798988,1887.840354,4501.479697,0.000000,,,0,1,,,,,0.020332,
tabu,hfvrp_n015_m03_s05,15,3,2.000000,10,698.589967,688.600089,2075.790146,0.000000,,,0,1,,,,,0.012867,
tabu,hfvrp_n015_m03_s02,15,3,2.000000,999,746.988569,948.956658,2644.901886,0.000000,,,0,1,,,,,0.012579,
tabu,hfvrp_n020_m04_s01,20,4,2.000000,1,849.433043,640.581386,2130.595816,0.000000,,,0,1,,,,,0.035205,
tabu,hfvrp_n015_m03_s01,15,3,2.000000,19345,642.387619,1031.157032,2704.701683,0.000000,,,0,1,,,,,0.011331,
tabu,hfvrp_n015_m03_s03,15,3,2.000000,75,532.035526,524.156405,1580.348336,0.000000,,,0,1,,,,,0.015122,
tabu,hfvrp_n015_m03_s04,15,3,2.000000,50,725.798988,1887.840354,4501.479697,0.000000,,,0,1,,,,,0.020558,
tabu,hfvrp_n015_m03_s05,15,3,2.000000,50,698.589967,688.600089,2075.790146,0.000000,,,0,1,,,,,0.012689,
tabu,hfvrp_n015_m03_s02,15,3,2.000000,1234,746.988569,948.956658,2644.901886,0.000000,,,0,1,,,,,0.016375,
tabu,hfvrp_n015_m03_s01,15,3,2.000000,1796881190780147525,642.387619,1031.157032,2704.701683,0.000000,,,0,1,,,,,0.011354,
tabu,hfvrp_n015_m03_s04,15,3,2.000000,75,725.798988,1887.840354,4501.479697,0.000000,,,0,1,,,,,0.017827,
tabu,hfvrp_n015_m03_s03,15,3,2.000000,100,532.035526,524.156405,1580.348336,0.000000,,,0,1,,,,,0.011042,
tabu,hfvrp_n020_m04_s01,20,4,2.000000,10,849.433043,640.581386,2130.595816,0.000000,,,0,1,,,,,0.035003,
tabu,hfvrp_n015_m03_s05,15,3,2.000000,75,698.589967,688.600089,2075.790146,0.000000,,,0,1,,,,,0.009399,
tabu,hfvrp_n015_m03_s02,15,3,2.000000,9999,746.988569,948.956658,2644.901886,0.000000,,,0,1,,,,,0.016067,
tabu,hfvrp_n015_m03_s04,15,3,2.000000,100,725.798988,1887.840354,4501.479697,0.000000,,,0,1,,,,,0.019696,
tabu,hfvrp_n020_m04_s02,20,4,2.000000,1796880907121395103,852.007546,774.746384,2401.500314,0.000000,,,0,1,,,,,0.036595,
tabu,hfvrp_n015_m03_s03,15,3,2.000000,200,532.035526,524.156405,1580.348336,0.000000,,,0,1,,,,,0.015292,
tabu,hfvrp_n020_m04_s01,20,4,2.000000,50,849.433043,640.581386,2130.595816,0.000000,,,0,1,,,,,0.030769,
tabu,hfvrp_n015_m03_s05,15,3,2.000000,100,698.589967,688.600089,2075.790146,0.000000,,,0,1,,,,,0.009351,
tabu,hfvrp_n015_m03_s02,15,3,2.000000,19345,746.988569,948.956658,2644.901886,0.000000,,,0,1,,,,,0.012215,
tabu,hfvrp_n015_m03_s04,15,3,2.000000,200,725.798988,1887.840354,4501.479697,0.000000,,,0,1,,,,,0.017580,
tabu,hfvrp_n015_m03_s03,15,3,2.000000,999,532.035526,524.156405,1580.348336,0.000000,,,0,1,,,,,0.015018,
tabu,hfvrp_n020_m04_s02,20,4,2.000000,1,852.007546,774.746384,2401.500314,0.000000,,,0,1,,,,,0.036286,
tabu,hfvrp_n015_m03_s05,15,3,2.000000,200,698.589967,688.600089,2075.790146,0.000000,,,0,1,,,,,0.015549,
tabu,hfvrp_n020_m04_s01,20,4,2.000000,75,849.433043,640.581386,2130.595816,0.000000,,,0,1,,,,,0.030964,
tabu,hfvrp_n015_m03_s02,15,3,2.000000,1796880112092883752,746.988569,948.956658,2644.901886,0.000000,,,0,1,,,,,0.015352,
tabu,hfvrp_n015_m03_s04,15,3,2.000000,999,725.798988,1887.840354,4501.479697,0.000000,,,0,1,,,,,0.020806,
tabu,hfvrp_n015_m03_s03,15,3,2.000000,1234,532.035526,524.156405,1580.348336,0.000000,,,0,1,,,,,0.011097,
tabu,hfvrp_n020_m04_s02,20,4,2.000000,10,852.007546,774.746384,2401.500314,0.000000,,,0,1,,,,,0.039106,
tabu,hfvrp_n015_m03_s05,15,3,2.000000,999,698.589967,688.600089,2075.790146,0.000000,,,0,1,,,,,0.013763,
tabu,hfvrp_n020_m04_s03,20,4,2.000000,1796886197875562431,948.066168,1226.144133,3400.354434,0.000000,,,0,1,,,,,0.034205,
tabu,hfvrp_n015_m03_s04,15,3,2.000000,1234,725.798988,1887.840354,4501.479697,0.000000,,,0,1,,,,,0.021387,
tabu,hfvrp_n015_m03_s03,15,3,2.000000,9999,532.035526,524.156405,1580.348336,0.000000,,,0,1,,,,,0.014992,
tabu,hfvrp_n020_m04_s01,20,4,2.000000,100,849.433043,640.581386,2130.595816,0.000000,,,0,1,,,,,0.031033,
tabu,hfvrp_n015_m03_s05,15,3,2.000000,1234,698.589967,688.600089,2075.790146,0.000000,,,0,1,,,,,0.009313,
tabu,hfvrp_n020_m04_s02,20,4,2.000000,50,852.007546,774.746384,2401.500314,0.000000,,,0,1,,,,,0.036453,
tabu,hfvrp_n015_m03_s04,15,3,2.000000,9999,725.798988,1887.840354,4501.479697,0.000000,,,0,1,,,,,0.021821,
tabu,hfvrp_n015_m03_s03,15,3,2.000000,19345,532.035526,524.156405,1580.348336,0.000000,,,0,1,,,,,0.014654,
tabu,hfvrp_n020_m04_s03,20,4,2.000000,1,948.066168,1226.144133,3400.354434,0.000000,,,0,1,,,,,0.036708,
tabu,hfvrp_n020_m04_s01,20,4,2.000000,200,849.433043,640.581386,2130.595816,0.000000,,,0,1,,,,,0.033173,
tabu,hfvrp_n015_m03_s05,15,3,2.000000,9999,698.589967,688.600089,2075.790146,0.000000,,,0,1,,,,,0.012719,
tabu,hfvrp_n015_m03_s04,15,3,2.000000,19345,725.798988,1887.840354,4501.479697,0.000000,,,0,1,,,,,0.021438,
tabu,hfvrp_n015_m03_s03,15,3,2.000000,1796886657590872991,532.035526,524.156405,1580.348336,0.000000,,,0,1,,,,,0.014304,
tabu,hfvrp_n020_m04_s02,20,4,2.000000,75,852.007546,774.746384,2401.500314,0.000000,,,0,1,,,,,0.035486,
tabu,hfvrp_n020_m04_s03,20,4,2.000000,10,948.066168,1226.144133,3400.354434,0.000000,,,0,1,,,,,0.034694,
tabu,hfvrp_n015_m03_s05,15,3,2.000000,19345,698.589967,688.600089,2075.790146,0.000000,,,0,1,,,,,0.013389,
tabu,hfvrp_n020_m04_s01,20,4,2.000000,999,849.433043,640.581386,2130.595816,0.000000,,,0,1,,,,,0.030804,
tabu,hfvrp_n015_m03_s04,15,3,2.000000,1796885724842928458,725.798988,1887.840354,4501.479697,0.000000,,,0,1,,,,,0.020621,
tabu,hfvrp_n020_m04_s04,20,4,2.000000,1796885794205734003,914.015011,1179.656382,3273.327774,0.000000,,,0,1,,,,,0.049971,
tabu,hfvrp_n020_m04_s02,20,4,2.000000,100,852.007546,774.746384,2401.500314,0.000000,,,0,1,,,,,0.036379,
tabu,hfvrp_n015_m03_s05,15,3,2.000000,1796885878472215506,698.589967,688.600089,2075.790146,0.000000,,,0,1,,,,,0.009303,
tabu,hfvrp_n020_m04_s03,20,4,2.000000,50,948.066168,1226.144133,3400.354434,0.000000,,,0,1,,,,,0.033053,
tabu,hfvrp_n020_m04_s05,20,4,2.000000,1796885965144485045,991.795804,1025.726279,3043.248363,0.000000,,,0,1,,,,,0.036073,
tabu,hfvrp_n020_m04_s01,20,4,2.000000,1234,849.433043,640.581386,2130.595816,0.000000,,,0,1,,,,,0.032708,
tabu,hfvrp_n020_m04_s04,20,4,2.000000,1,914.015011,1179.656382,3273.327774,0.000000,,,0,1,,,,,0.047170,
tabu,hfvrp_n030_m06_s01,30,6,2.000000,1796886131722482272,1660.049708,1803.417460,5266.884627,0.000000,,,0,1,,,,,0.089467,
tabu,hfvrp_n020_m04_s02,20,4,2.000000,200,852.007546,774.746384,2401.500314,0.000000,,,0,1,,,,,0.038049,
tabu,hfvrp_n020_m04_s05,20,4,2.000000,1,991.795804,1025.726279,3043.248363,0.000000,,,0,1,,,,,0.034100,
tabu,hfvrp_n020_m04_s03,20,4,2.000000,75,948.066168,1226.144133,3400.354434,0.000000,,,0,1,,,,,0.035231,
tabu,hfvrp_n020_m04_s01,20,4,2.000000,9999,849.433043,640.581386,2130.595816,0.000000,,,0,1,,,,,0.030948,
tabu,hfvrp_n020_m04_s04,20,4,2.000000,10,914.015011,1179.656382,3273.327774,0.000000,,,0,1,,,,,0.047205,
tabu,hfvrp_n020_m04_s02,20,4,2.000000,999,852.007546,774.746384,2401.500314,0.000000,,,0,1,,,,,0.038694,
tabu,hfvrp_n020_m04_s05,20,4,2.000000,10,991.795804,1025.726279,3043.248363,0.000000,,,0,1,,,,,0.037547,
tabu,hfvrp_n020_m04_s03,20,4,2.000000,100,948.066168,1226.144133,3400.354434,0.000000,,,0,1,,,,,0.033081,
tabu,hfvrp_n020_m04_s01,20,4,2.000000,19345,849.433043,640.581386,2130.595816,0.000000,,,0,1,,,,,0.030885,
tabu,hfvrp_n030_m06_s01,30,6,2.000000,1,1660.049708,1803.417460,5266.884627,0.000000,,,0,1,,,,,0.090002,
tabu,hfvrp_n020_m04_s04,20,4,2.000000,50,914.015011,1179.656382,3273.327774,0.000000,,,0,1,,,,,0.050186,
tabu,hfvrp_n020_m04_s02,20,4,2.000000,1234,852.007546,774.746384,2401.500314,0.000000,,,0,1,,,,,0.036286,
tabu,hfvrp_n020_m04_s05,20,4,2.000000,50,991.795804,1025.726279,3043.248363,0.000000,,,0,1,,,,,0.032327,
tabu,hfvrp_n020_m04_s03,20,4,2.000000,200,948.066168,1226.144133,3400.354434,0.000000,,,0,1,,,,,0.033209,
tabu,hfvrp_n020_m04_s01,20,4,2.000000,1796885513801122938,849.433043,640.581386,2130.595816,0.000000,,,0,1,,,,,0.032498,
tabu,hfvrp_n020_m04_s04,20,4,2.000000,75,914.015011,1179.656382,3273.327774,0.000000,,,0,1,,,,,0.050273,
tabu,hfvrp_n030_m06_s01,30,6,2.000000,10,1660.049708,1803.417460,5266.884627,0.000000,,,0,1,,,,,0.089361,
tabu,hfvrp_n020_m04_s02,20,4,2.000000,9999,852.007546,774.746384,2401.500314,0.000000,,,0,1,,,,,0.038850,
tabu,hfvrp_n020_m04_s05,20,4,2.000000,75,991.795804,1025.726279,3043.248363,0.000000,,,0,1,,,,,0.036491,
tabu,hfvrp_n020_m04_s03,20,4,2.000000,999,948.066168,1226.144133,3400.354434,0.000000,,,0,1,,,,,0.035240,
tabu,hfvrp_n030_m06_s02,30,6,2.000000,1796884643008733719,1488.796680,1513.398583,4515.593847,0.000000,,,0,1,,,,,0.153659,
tabu,hfvrp_n020_m04_s04,20,4,2.000000,100,914.015011,1179.656382,3273.327774,0.000000,,,0,1,,,,,0.051254,
tabu,hfvrp_n020_m04_s02,20,4,2.000000,19345,852.007546,774.746384,2401.500314,0.000000,,,0,1,,,,,0.038332,
tabu,hfvrp_n020_m04_s05,20,4,2.000000,100,991.795804,1025.726279,3043.248363,0.000000,,,0,1,,,,,0.031552,
tabu,hfvrp_n020_m04_s03,20,4,2.000000,1234,948.066168,1226.144133,3400.354434,0.000000,,,0,1,,,,,0.031941,
tabu,hfvrp_n030_m06_s01,30,6,2.000000,50,1660.049708,1803.417460,5266.884627,0.000000,,,0,1,,,,,0.088195,
tabu,hfvrp_n020_m04_s04,20,4,2.000000,200,914.015011,1179.656382,3273.327774,0.000000,,,0,1,,,,,0.050060,
tabu,hfvrp_n030_m06_s02,30,6,2.000000,1,1488.796680,1513.398583,4515.593847,0.000000,,,0,1,,,,,0.154552,
tabu,hfvrp_n020_m04_s02,20,4,2.000000,1796884918109422558,852.007546,774.746384,2401.500314,0.000000,,,0,1,,,,,0.034781,
tabu,hfvrp_n020_m04_s05,20,4,2.000000,200,991.795804,1025.726279,3043.248363,0.000000,,,0,1,,,,,0.034524,
tabu,hfvrp_n020_m04_s03,20,4,2.000000,9999,948.066168,1226.144133,3400.354434,0.000000,,,0,1,,,,,0.034887,
tabu,hfvrp_n020_m04_s04,20,4,2.000000,999,914.015011,1179.656382,3273.327774,0.000000,,,0,1,,,,,0.051325,
tabu,hfvrp_n030_m06_s03,30,6,2.000000,1796884064487613296,1635.126438,1100.393857,3835.914152,0.000000,,,0,1,,,,,0.088978,
tabu,hfvrp_n030_m06_s01,30,6,2.000000,75,1660.049708,1803.417460,5266.884627,0.000000,,,0,1,,,,,0.085899,
tabu,hfvrp_n020_m04_s05,20,4,2.000000,999,991.795804,1025.726279,3043.248363,0.000000,,,0,1,,,,,0.037084,
tabu,hfvrp_n020_m04_s03,20,4,2.000000,19345,948.066168,1226.144133,3400.354434,0.000000,,,0,1,,,,,0.036175,
tabu,hfvrp_n030_m06_s02,30,6,2.000000,10,1488.796680,1513.398583,4515.593847,0.000000,,,0,1,,,,,0.154822,
tabu,hfvrp_n020_m04_s04,20,4,2.000000,1234,914.015011,1179.656382,3273.327774,0.000000,,,0,1,,,,,0.048128,
tabu,hfvrp_n020_m04_s05,20,4,2.000000,1234,991.795804,1025.726279,3043.248363,0.000000,,,0,1,,,,,0.035795,
tabu,hfvrp_n020_m04_s03,20,4,2.000000,1796884239036891290,948.066168,1226.144133,3400.354434,0.000000,,,0,1,,,,,0.032643,
tabu,hfvrp_n030_m06_s03,30,6,2.000000,1,1635.126438,1100.393857,3835.914152,0.000000,,,0,1,,,,,0.094635,
tabu,hfvrp_n030_m06_s01,30,6,2.000000,100,1660.049708,1803.417460,5266.884627,0.000000,,,0,1,,,,,0.089932,
tabu,hfvrp_n020_m04_s04,20,4,2.000000,9999,914.015011,1179.656382,3273.327774,0.000000,,,0,1,,,,,0.052454,
tabu,hfvrp_n030_m06_s02,30,6,2.000000,50,1488.796680,1513.398583,4515.593847,0.000000,,,0,1,,,,,0.154381,
tabu,hfvrp_n020_m04_s05,20,4,2.000000,9999,991.795804,1025.726279,3043.248363,0.000000,,,0,1,,,,,0.036975,
tabu,hfvrp_n030_m06_s04,30,6,2.000000,1796884570847288892,1413.898351,1410.317065,4234.532481,0.000000,,,0,1,,,,,0.133632,
tabu,hfvrp_n020_m04_s04,20,4,2.000000,19345,914.015011,1179.656382,3273.327774,0.000000,,,0,1,,,,,0.047760,
tabu,hfvrp_n030_m06_s03,30,6,2.000000,10,1635.126438,1100.393857,3835.914152,0.000000,,,0,1,,,,,0.093503,
tabu,hfvrp_n020_m04_s05,20,4,2.000000,19345,991.795804,1025.726279,3043.248363,0.000000,,,0,1,,,,,0.032652,
tabu,hfvrp_n030_m06_s01,30,6,2.000000,200,1660.049708,1803.417460,5266.884627,0.000000,,,0,1,,,,,0.093485,
tabu,hfvrp_n030_m06_s02,30,6,2.000000,75,1488.796680,1513.398583,4515.593847,0.000000,,,0,1,,,,,0.149520,
tabu,hfvrp_n020_m04_s04,20,4,2.000000,1796883672018910559,914.015011,1179.656382,3273.327774,0.000000,,,0,1,,,,,0.051602,
tabu,hfvrp_n030_m06_s04,30,6,2.000000,1,1413.898351,1410.317065,4234.532481,0.000000,,,0,1,,,,,0.134977,
tabu,hfvrp_n020_m04_s05,20,4,2.000000,1796883734970865561,991.795804,1025.726279,3043.248363,0.000000,,,0,1,,,,,0.036200,
tabu,hfvrp_n030_m06_s03,30,6,2.000000,50,1635.126438,1100.393857,3835.914152,0.000000,,,0,1,,,,,0.090422,
tabu,hfvrp_n030_m06_s05,30,6,2.000000,1796883875019606117,1606.541030,1165.409589,3937.360208,0.000000,,,0,1,,,,,0.103992,
tabu,hfvrp_n030_m06_s01,30,6,2.000000,999,1660.049708,1803.417460,5266.884627,0.000000,,,0,1,,,,,0.089873,
tabu,hfvrp_n030_m06_s02,30,6,2.000000,100,1488.796680,1513.398583,4515.593847,0.000000,,,0,1,,,,,0.159876,
tabu,hfvrp_n050_m10_s01,50,10,2.000000,1796884006613849925,2777.133072,2525.010967,7827.155007,0.000000,,,0,1,,,,,0.896684,
tabu,hfvrp_n030_m06_s04,30,6,2.000000,10,1413.898351,1410.317065,4234.532481,0.000000,,,0,1,,,,,0.135503,
tabu,hfvrp_n030_m06_s03,30,6,2.000000,75,1635.126438,1100.393857,3835.914152,0.000000,,,0,1,,,,,0.093748,
tabu,hfvrp_n030_m06_s05,30,6,2.000000,1,1606.541030,1165.409589,3937.360208,0.000000,,,0,1,,,,,0.103502,
tabu,hfvrp_n030_m06_s01,30,6,2.000000,1234,1660.049708,1803.417460,5266.884627,0.000000,,,0,1,,,,,0.090179,
tabu,hfvrp_n030_m06_s02,30,6,2.000000,200,1488.796680,1513.398583,4515.593847,0.000000,,,0,1,,,,,0.151255,
tabu,hfvrp_n030_m06_s04,30,6,2.000000,50,1413.898351,1410.317065,4234.532481,0.000000,,,0,1,,,,,0.137393,
tabu,hfvrp_n030_m06_s03,30,6,2.000000,100,1635.126438,1100.393857,3835.914152,0.000000,,,0,1,,,,,0.091468,
tabu,hfvrp_n030_m06_s05,30,6,2.000000,10,1606.541030,1165.409589,3937.360208,0.000000,,,0,1,,,,,0.101726,
tabu,hfvrp_n030_m06_s01,30,6,2.000000,9999,1660.049708,1803.417460,5266.884627,0.000000,,,0,1,,,,,0.091357,
tabu,hfvrp_n050_m10_s01,50,10,2.000000,1,2777.133072,2525.010967,7827.155007,0.000000,,,0,1,,,,,0.891680,
tabu,hfvrp_n030_m06_s02,30,6,2.000000,999,1488.796680,1513.398583,4515.593847,0.000000,,,0,1,,,,,0.153065,
tabu,hfvrp_n030_m06_s04,30,6,2.000000,75,1413.898351,1410.317065,4234.532481,0.000000,,,0,1,,,,,0.136753,
tabu,hfvrp_n030_m06_s03,30,6,2.000000,200,1635.126438,1100.393857,3835.914152,0.000000,,,0,1,,,,,0.094580,
tabu,hfvrp_n030_m06_s01,30,6,2.000000,19345,1660.049708,1803.417460,5266.884627,0.000000,,,0,1,,,,,0.088448,
tabu,hfvrp_n030_m06_s05,30,6,2.000000,50,1606.541030,1165.409589,3937.360208,0.000000,,,0,1,,,,,0.104473,
tabu,hfvrp_n030_m06_s02,30,6,2.000000,1234,1488.796680,1513.398583,4515.593847,0.000000,,,0,1,,,,,0.151078,
tabu,hfvrp_n030_m06_s04,30,6,2.000000,100,1413.898351,1410.317065,4234.532481,0.000000,,,0,1,,,,,0.136097,
tabu,hfvrp_n030_m06_s03,30,6,2.000000,999,1635.126438,1100.393857,3835.914152,0.000000,,,0,1,,,,,0.088028,
tabu,hfvrp_n050_m10_s01,50,10,2.000000,10,2777.133072,2525.010967,7827.155007,0.000000,,,0,1,,,,,0.889594,
tabu,hfvrp_n030_m06_s05,30,6,2.000000,75,1606.541030,1165.409589,3937.360208,0.000000,,,0,1,,,,,0.104771,
tabu,hfvrp_n030_m06_s01,30,6,2.000000,1796891210433387606,1660.049708,1803.417460,5266.884627,0.000000,,,0,1,,,,,0.086343,
tabu,hfvrp_n030_m06_s02,30,6,2.000000,9999,1488.796680,1513.398583,4515.593847,0.000000,,,0,1,,,,,0.154522,
tabu,hfvrp_n030_m06_s04,30,6,2.000000,200,1413.898351,1410.317065,4234.532481,0.000000,,,0,1,,,,,0.135578,
tabu,hfvrp_n030_m06_s03,30,6,2.000000,1234,1635.126438,1100.393857,3835.914152,0.000000,,,0,1,,,,,0.092092,
tabu,hfvrp_n030_m06_s05,30,6,2.000000,100,1606.541030,1165.409589,3937.360208,0.000000,,,0,1,,,,,0.104241,
tabu,hfvrp_n050_m10_s02,50,10,2.000000,1796891330473012549,2985.643529,3889.578540,10764.800609,0.000000,,,0,1,,,,,0.612256,
tabu,hfvrp_n030_m06_s02,30,6,2.000000,19345,1488.796680,1513.398583,4515.593847,0.000000,,,0,1,,,,,0.152040,
tabu,hfvrp_n030_m06_s04,30,6,2.000000,999,1413.898351,1410.317065,4234.532481,0.000000,,,0,1,,,,,0.133847,
tabu,hfvrp_n030_m06_s03,30,6,2.000000,9999,1635.126438,1100.393857,3835.914152,0.000000,,,0,1,,,,,0.094130,
tabu,hfvrp_n050_m10_s01,50,10,2.000000,50,2777.133072,2525.010967,7827.155007,0.000000,,,0,1,,,,,0.899382,
tabu,hfvrp_n030_m06_s05,30,6,2.000000,200,1606.541030,1165.409589,3937.360208,0.000000,,,0,1,,,,,0.107631,
tabu,hfvrp_n030_m06_s02,30,6,2.000000,1796891633350173532,1488.796680,1513.398583,4515.593847,0.000000,,,0,1,,,,,0.158023,
tabu,hfvrp_n030_m06_s04,30,6,2.000000,1234,1413.898351,1410.317065,4234.532481,0.000000,,,0,1,,,,,0.134722,
tabu,hfvrp_n030_m06_s03,30,6,2.000000,19345,1635.126438,1100.393857,3835.914152,0.000000,,,0,1,,,,,0.092950,
tabu,hfvrp_n050_m10_s02,50,10,2.000000,1,2985.643529,3889.578540,10764.800609,0.000000,,,0,1,,,,,0.627533,
tabu,hfvrp_n030_m06_s05,30,6,2.000000,999,1606.541030,1165.409589,3937.360208,0.000000,,,0,1,,,,,0.105800,
tabu,hfvrp_n030_m06_s04,30,6,2.000000,9999,1413.898351,1410.317065,4234.532481,0.000000,,,0,1,,,,,0.138168,
tabu,hfvrp_n050_m10_s03,50,10,2.000000,1796890868704281455,2900.807076,3181.771181,9264.349439,0.000000,,,0,1,,,,,0.443138,
tabu,hfvrp_n050_m10_s01,50,10,2.000000,75,2777.133072,2525.010967,7827.155007,0.000000,,,0,1,,,,,0.887231,
tabu,hfvrp_n030_m06_s03,30,6,2.000000,1796890760425031903,1635.126438,1100.393857,3835.914152,0.000000,,,0,1,,,,,0.088827,
tabu,hfvrp_n030_m06_s05,30,6,2.000000,1234,1606.541030,1165.409589,3937.360208,0.000000,,,0,1,,,,,0.102485,
tabu,hfvrp_n030_m06_s04,30,6,2.000000,19345,1413.898351,1410.317065,4234.532481,0.000000,,,0,1,,,,,0.135602,
tabu,hfvrp_n050_m10_s02,50,10,2.000000,10,2985.643529,3889.578540,10764.800609,0.000000,,,0,1,,,,,0.610625,
tabu,hfvrp_n050_m10_s04,50,10,2.000000,1796890931907175988,2873.929234,3327.549031,9529.027297,0.000000,,,0,1,,,,,0.877291,
tabu,hfvrp_n030_m06_s05,30,6,2.000000,9999,1606.541030,1165.409589,3937.360208,0.000000,,,0,1,,,,,0.102711,
tabu,hfvrp_n050_m10_s03,50,10,2.000000,1,2900.807076,3181.771181,9264.349439,0.000000,,,0,1,,,,,0.449955,
tabu,hfvrp_n030_m06_s04,30,6,2.000000,1796890237143071707,1413.898351,1410.317065,4234.532481,0.000000,,,0,1,,,,,0.136048,
tabu,hfvrp_n050_m10_s01,50,10,2.000000,100,2777.133072,2525.010967,7827.155007,0.000000,,,0,1,,,,,0.898202,
tabu,hfvrp_n030_m06_s05,30,6,2.000000,19345,1606.541030,1165.409589,3937.360208,0.000000,,,0,1,,,,,0.106286,
tabu,hfvrp_n050_m10_s05,50,10,2.000000,1796890099381098454,3018.988546,2926.281683,8871.551912,0.000000,,,0,1,,,,,0.448543,
tabu,hfvrp_n050_m10_s02,50,10,2.000000,50,2985.643529,3889.578540,10764.800609,0.000000,,,0,1,,,,,0.611945,
tabu,hfvrp_n050_m10_s04,50,10,2.000000,1,2873.929234,3327.549031,9529.027297,0.000000,,,0,1,,,,,0.887873,
tabu,hfvrp_n050_m10_s03,50,10,2.000000,10,2900.807076,3181.771181,9264.349439,0.000000,,,0,1,,,,,0.441199,
tabu,hfvrp_n030_m06_s05,30,6,2.000000,1796890500982158439,1606.541030,1165.409589,3937.360208,0.000000,,,0,1,,,,,0.106781,
tabu,hfvrp_n050_m10_s01,50,10,2.000000,200,2777.133072,2525.010967,7827.155007,0.000000,,,0,1,,,,,0.897710,
tabu,hfvrp_n050_m10_s05,50,10,2.000000,1,3018.988546,2926.281683,8871.551912,0.000000,,,0,1,,,,,0.452889,
tabu,hfvrp_n050_m10_s02,50,10,2.000000,75,2985.643529,3889.578540,10764.800609,0.000000,,,0,1,,,,,0.614918,
tabu,hfvrp_n075_m15_s01,75,15,2.000000,1796890380519064180,4349.958573,3085.799707,10521.557988,0.000000,,,0,1,,,,,1.280062,
tabu,hfvrp_n050_m10_s04,50,10,2.000000,10,2873.929234,3327.549031,9529.027297,0.000000,,,0,1,,,,,0.888018,
tabu,hfvrp_n050_m10_s03,50,10,2.000000,50,2900.807076,3181.771181,9264.349439,0.000000,,,0,1,,,,,0.434748,
tabu,hfvrp_n050_m10_s01,50,10,2.000000,999,2777.133072,2525.010967,7827.155007,0.000000,,,0,1,,,,,0.893947,
tabu,hfvrp_n050_m10_s05,50,10,2.000000,10,3018.988546,2926.281683,8871.551912,0.000000,,,0,1,,,,,0.448519,
tabu,hfvrp_n050_m10_s02,50,10,2.000000,100,2985.643529,3889.578540,10764.800609,0.000000,,,0,1,,,,,0.617415,
tabu,hfvrp_n050_m10_s04,50,10,2.000000,50,2873.929234,3327.549031,9529.027297,0.000000,,,0,1,,,,,0.885432,
tabu,hfvrp_n050_m10_s03,50,10,2.000000,75,2900.807076,3181.771181,9264.349439,0.000000,,,0,1,,,,,0.435506,
tabu,hfvrp_n050_m10_s01,50,10,2.000000,1234,2777.133072,2525.010967,7827.155007,0.000000,,,0,1,,,,,0.895687,
tabu,hfvrp_n075_m15_s01,75,15,2.000000,1,4349.958573,3085.799707,10521.557988,0.000000,,,0,1,,,,,1.271357,
tabu,hfvrp_n050_m10_s05,50,10,2.000000,50,3018.988546,2926.281683,8871.551912,0.000000,,,0,1,,,,,0.445722,
tabu,hfvrp_n050_m10_s02,50,10,2.000000,200,2985.643529,3889.578540,10764.800609,0.000000,,,0,1,,,,,0.611656,
tabu,hfvrp_n050_m10_s04,50,10,2.000000,75,2873.929234,3327.549031,9529.027297,0.000000,,,0,1,,,,,0.900832,
tabu,hfvrp_n050_m10_s03,50,10,2.000000,100,2900.807076,3181.771181,9264.349439,0.000000,,,0,1,,,,,0.437691,
tabu,hfvrp_n050_m10_s01,50,10,2.000000,9999,2777.133072,2525.010967,7827.155007,0.000000,,,0,1,,,,,0.887340,
tabu,hfvrp_n050_m10_s05,50,10,2.000000,75,3018.988546,2926.281683,8871.551912,0.000000,,,0,1,,,,,0.461868,
tabu,hfvrp_n050_m10_s02,50,10,2.000000,999,2985.643529,3889.578540,10764.800609,0.000000,,,0,1,,,,,0.611781,
tabu,hfvrp_n050_m10_s04,50,10,2.000000,100,2873.929234,3327.549031,9529.027297,0.000000,,,0,1,,,,,0.888930,
tabu,hfvrp_n050_m10_s03,50,10,2.000000,200,2900.807076,3181.771181,9264.349439,0.000000,,,0,1,,,,,0.433833,
tabu,hfvrp_n075_m15_s01,75,15,2.000000,10,4349.958573,3085.799707,10521.557988,0.000000,,,0,1,,,,,1.273623,
tabu,hfvrp_n050_m10_s01,50,10,2.000000,19345,2777.133072,2525.010967,7827.155007,0.000000,,,0,1,,,,,0.893759,
tabu,hfvrp_n050_m10_s05,50,10,2.000000,100,3018.988546,2926.281683,8871.551912,0.000000,,,0,1,,,,,0.447547,
tabu,hfvrp_n050_m10_s02,50,10,2.000000,1234,2985.643529,3889.578540,10764.800609,0.000000,,,0,1,,,,,0.612160,
tabu,hfvrp_n050_m10_s04,50,10,2.000000,200,2873.929234,3327.549031,9529.027297,0.000000,,,0,1,,,,,0.884967,
tabu,hfvrp_n050_m10_s03,50,10,2.000000,999,2900.807076,3181.771181,9264.349439,0.000000,,,0,1,,,,,0.435769,
tabu,hfvrp_n050_m10_s01,50,10,2.000000,1796889029503316462,2777.133072,2525.010967,7827.155007,0.000000,,,0,1,,,,,0.896379,
tabu,hfvrp_n050_m10_s05,50,10,2.000000,200,3018.988546,2926.281683,8871.551912,0.000000,,,0,1,,,,,0.455957,
tabu,hfvrp_n075_m15_s01,75,15,2.000000,50,4349.958573,3085.799707,10521.557988,0.000000,,,0,1,,,,,1.269834,
tabu,hfvrp_n050_m10_s02,50,10,2.000000,9999,2985.643529,3889.578540,10764.800609,0.000000,,,0,1,,,,,0.613675,
tabu,hfvrp_n050_m10_s04,50,10,2.000000,999,2873.929234,3327.549031,9529.027297,0.000000,,,0,1,,,,,0.878903,
tabu,hfvrp_n050_m10_s03,50,10,2.000000,1234,2900.807076,3181.771181,9264.349439,0.000000,,,0,1,,,,,0.438055,
tabu,hfvrp_n075_m15_s02,75,15,2.000000,1796889276388862416,4971.745968,5056.162706,15084.071379,0.000000,,,0,1,,,,,3.029233,
tabu,hfvrp_n050_m10_s05,50,10,2.000000,999,3018.988546,2926.281683,8871.551912,0.000000,,,0,1,,,,,0.445150,
tabu,hfvrp_n050_m10_s02,50,10,2.000000,19345,2985.643529,3889.578540,10764.800609,0.000000,,,0,1,,,,,0.617420,
tabu,hfvrp_n050_m10_s04,50,10,2.000000,1234,2873.929234,3327.549031,9529.027297,0.000000,,,0,1,,,,,0.888450,
tabu,hfvrp_n050_m10_s03,50,10,2.000000,9999,2900.807076,3181.771181,9264.349439,0.000000,,,0,1,,,,,0.436768,
tabu,hfvrp_n075_m15_s01,75,15,2.000000,75,4349.958573,3085.799707,10521.557988,0.000000,,,0,1,,,,,1.270891,
tabu,hfvrp_n050_m10_s05,50,10,2.000000,1234,3018.988546,2926.281683,8871.551912,0.000000,,,0,1,,,,,0.445615,
tabu,hfvrp_n050_m10_s02,50,10,2.000000,1796888922566087470,2985.643529,3889.578540,10764.800609,0.000000,,,0,1,,,,,0.613687,
tabu,hfvrp_n050_m10_s04,50,10,2.000000,9999,2873.929234,3327.549031,9529.027297,0.000000,,,0,1,,,,,0.882580,
tabu,hfvrp_n050_m10_s03,50,10,2.000000,19345,2900.807076,3181.771181,9264.349439,0.000000,,,0,1,,,,,0.440567,
tabu,hfvrp_n075_m15_s02,75,15,2.000000,1,4971.745968,5056.162706,15084.071379,0.000000,,,0,1,,,,,3.026369,
tabu,hfvrp_n050_m10_s05,50,10,2.000000,9999,3018.988546,2926.281683,8871.551912,0.000000,,,0,1,,,,,0.449001,
tabu,hfvrp_n075_m15_s03,75,15,2.000000,1796888589631315335,5284.006730,5179.690773,15643.388275,0.000000,,,0,1,,,,,1.489304,
tabu,hfvrp_n050_m10_s03,50,10,2.000000,1796888603680547610,2900.807076,3181.771181,9264.349439,0.000000,,,0,1,,,,,0.434724,
tabu,hfvrp_n050_m10_s04,50,10,2.000000,19345,2873.929234,3327.549031,9529.027297,0.000000,,,0,1,,,,,0.887463,
tabu,hfvrp_n075_m15_s01,75,15,2.000000,100,4349.958573,3085.799707,10521.557988,0.000000,,,0,1,,,,,1.272238,
tabu,hfvrp_n050_m10_s05,50,10,2.000000,19345,3018.988546,2926.281683,8871.551912,0.000000,,,0,1,,,,,0.447177,
tabu,hfvrp_n050_m10_s04,50,10,2.000000,1796888240217056604,2873.929234,3327.549031,9529.027297,0.000000,,,0,1,,,,,0.888705,
tabu,hfvrp_n075_m15_s02,75,15,2.000000,10,4971.745968,5056.162706,15084.071379,0.000000,,,0,1,,,,,3.031033,
tabu,hfvrp_n075_m15_s04,75,15,2.000000,1796888253173175023,4624.994522,4998.844854,14622.684231,0.000000,,,0,1,,,,,1.779839,
tabu,hfvrp_n050_m10_s05,50,10,2.000000,1796888400145443206,3018.988546,2926.281683,8871.551912,0.000000,,,0,1,,,,,0.442836,
tabu,hfvrp_n075_m15_s03,75,15,2.000000,1,5284.006730,5179.690773,15643.388275,0.000000,,,0,1,,,,,1.482222,
tabu,hfvrp_n075_m15_s01,75,15,2.000000,200,4349.958573,3085.799707,10521.557988,0.000000,,,0,1,,,,,1.272346,
tabu,hfvrp_n075_m15_s05,75,15,2.000000,1796887894494592319,4905.413567,4513.033107,13931.479781,0.000000,,,0,1,,,,,1.668388,
tabu,hfvrp_n075_m15_s04,75,15,2.000000,1,4624.994522,4998.844854,14622.684231,0.000000,,,0,1,,,,,1.765300,
tabu,hfvrp_n075_m15_s02,75,15,2.000000,50,4971.745968,5056.162706,15084.071379,0.000000,,,0,1,,,,,3.059737,
tabu,hfvrp_n100_m20_s01,100,20,2.000000,1796888045248563439,7648.860293,6641.994039,20932.848370,0.000000,,,0,1,,,,,4.628839,
tabu,hfvrp_n075_m15_s03,75,15,2.000000,10,5284.006730,5179.690773,15643.388275,0.000000,,,0,1,,,,,1.481142,
tabu,hfvrp_n075_m15_s01,75,15,2.000000,999,4349.958573,3085.799707,10521.557988,0.000000,,,0,1,,,,,1.319910,
tabu,hfvrp_n075_m15_s05,75,15,2.000000,1,4905.413567,4513.033107,13931.479781,0.000000,,,0,1,,,,,1.674189,
tabu,hfvrp_n075_m15_s04,75,15,2.000000,10,4624.994522,4998.844854,14622.684231,0.000000,,,0,1,,,,,1.762233,
tabu,hfvrp_n075_m15_s02,75,15,2.000000,75,4971.745968,5056.162706,15084.071379,0.000000,,,0,1,,,,,3.029876,
tabu,hfvrp_n075_m15_s03,75,15,2.000000,50,5284.006730,5179.690773,15643.388275,0.000000,,,0,1,,,,,1.480525,
tabu,hfvrp_n075_m15_s01,75,15,2.000000,1234,4349.958573,3085.799707,10521.557988,0.000000,,,0,1,,,,,1.280818,
tabu,hfvrp_n075_m15_s05,75,15,2.000000,10,4905.413567,4513.033107,13931.479781,0.000000,,,0,1,,,,,1.664867,
tabu,hfvrp_n100_m20_s01,100,20,2.000000,1,7648.860293,6641.994039,20932.848370,0.000000,,,0,1,,,,,4.650827,
tabu,hfvrp_n075_m15_s04,75,15,2.000000,50,4624.994522,4998.844854,14622.684231,0.000000,,,0,1,,,,,1.763176,
tabu,hfvrp_n075_m15_s02,75,15,2.000000,100,4971.745968,5056.162706,15084.071379,0.000000,,,0,1,,,,,3.016546,
tabu,hfvrp_n075_m15_s03,75,15,2.000000,75,5284.006730,5179.690773,15643.388275,0.000000,,,0,1,,,,,1.484406,
tabu,hfvrp_n075_m15_s01,75,15,2.000000,9999,4349.958573,3085.799707,10521.557988,0.000000,,,0,1,,,,,1.276595,
tabu,hfvrp_n075_m15_s05,75,15,2.000000,50,4905.413567,4513.033107,13931.479781,0.000000,,,0,1,,,,,1.671663,
tabu,hfvrp_n075_m15_s04,75,15,2.000000,75,4624.994522,4998.844854,14622.684231,0.000000,,,0,1,,,,,1.759816,
tabu,hfvrp_n100_m20_s01,100,20,2.000000,10,7648.860293,6641.994039,20932.848370,0.000000,,,0,1,,,,,4.636938,
tabu,hfvrp_n075_m15_s02,75,15,2.000000,200,4971.745968,5056.162706,15084.071379,0.000000,,,0,1,,,,,3.028575,
tabu,hfvrp_n075_m15_s03,75,15,2.000000,100,5284.006730,5179.690773,15643.388275,0.000000,,,0,1,,,,,1.492107,
tabu,hfvrp_n075_m15_s01,75,15,2.000000,19345,4349.958573,3085.799707,10521.557988,0.000000,,,0,1,,,,,1.282505,
tabu,hfvrp_n075_m15_s05,75,15,2.000000,75,4905.413567,4513.033107,13931.479781,0.000000,,,0,1,,,,,1.669775,
tabu,hfvrp_n075_m15_s04,75,15,2.000000,100,4624.994522,4998.844854,14622.684231,0.000000,,,0,1,,,,,1.753036,
tabu,hfvrp_n075_m15_s02,75,15,2.000000,999,4971.745968,5056.162706,15084.071379,0.000000,,,0,1,,,,,3.015909,
tabu,hfvrp_n075_m15_s03,75,15,2.000000,200,5284.006730,5179.690773,15643.388275,0.000000,,,0,1,,,,,1.486532,
tabu,hfvrp_n075_m15_s01,75,15,2.000000,1796895885289329638,4349.958573,3085.799707,10521.557988,0.000000,,,0,1,,,,,1.270348,
tabu,hfvrp_n100_m20_s01,100,20,2.000000,50,7648.860293,6641.994039,20932.848370,0.000000,,,0,1,,,,,4.633955,
tabu,hfvrp_n075_m15_s05,75,15,2.000000,100,4905.413567,4513.033107,13931.479781,0.000000,,,0,1,,,,,1.678851,
tabu,hfvrp_n075_m15_s04,75,15,2.000000,200,4624.994522,4998.844854,14622.684231,0.000000,,,0,1,,,,,1.759608,
tabu,hfvrp_n075_m15_s02,75,15,2.000000,1234,4971.745968,5056.162706,15084.071379,0.000000,,,0,1,,,,,3.036179,
tabu,hfvrp_n075_m15_s03,75,15,2.000000,999,5284.006730,5179.690773,15643.388275,0.000000,,,0,1,,,,,1.490660,
tabu,hfvrp_n100_m20_s02,100,20,2.000000,1796895608919467404,6662.598755,6860.594062,20383.786880,0.000000,,,0,1,,,,,7.424778,
tabu,hfvrp_n075_m15_s05,75,15,2.000000,200,4905.413567,4513.033107,13931.479781,0.000000,,,0,1,,,,,1.669414,
tabu,hfvrp_n075_m15_s04,75,15,2.000000,999,4624.994522,4998.844854,14622.684231,0.000000,,,0,1,,,,,1.767170,
tabu,hfvrp_n100_m20_s01,100,20,2.000000,75,7648.860293,6641.994039,20932.848370,0.000000,,,0,1,,,,,4.651108,
tabu,hfvrp_n075_m15_s03,75,15,2.000000,1234,5284.006730,5179.690773,15643.388275,0.000000,,,0,1,,,,,1.495592,
tabu,hfvrp_n075_m15_s02,75,15,2.000000,9999,4971.745968,5056.162706,15084.071379,0.000000,,,0,1,,,,,3.030628,
tabu,hfvrp_n075_m15_s05,75,15,2.000000,999,4905.413567,4513.033107,13931.479781,0.000000,,,0,1,,,,,1.665342,
tabu,hfvrp_n075_m15_s04,75,15,2.000000,1234,4624.994522,4998.844854,14622.684231,0.000000,,,0,1,,,,,1.759378,
tabu,hfvrp_n100_m20_s02,100,20,2.000000,1,6662.598755,6860.594062,20383.786880,0.000000,,,0,1,,,,,7.497978,
tabu,hfvrp_n075_m15_s03,75,15,2.000000,9999,5284.006730,5179.690773,15643.388275,0.000000,,,0,1,,,,,1.487464,
tabu,hfvrp_n075_m15_s02,75,15,2.000000,19345,4971.745968,5056.162706,15084.071379,0.000000,,,0,1,,,,,3.049358,
tabu,hfvrp_n075_m15_s05,75,15,2.000000,1234,4905.413567,4513.033107,13931.479781,0.000000,,,0,1,,,,,1.675172,
tabu,hfvrp_n100_m20_s01,100,20,2.000000,100,7648.860293,6641.994039,20932.848370,0.000000,,,0,1,,,,,4.653764,
tabu,hfvrp_n075_m15_s04,75,15,2.000000,9999,4624.994522,4998.844854,14622.684231,0.000000,,,0,1,,,,,1.765617,
tabu,hfvrp_n075_m15_s03,75,15,2.000000,19345,5284.006730,5179.690773,15643.388275,0.000000,,,0,1,,,,,1.476400,
tabu,hfvrp_n075_m15_s02,75,15,2.000000,1796895130072267924,4971.745968,5056.162706,15084.071379,0.000000,,,0,1,,,,,3.028347,
tabu,hfvrp_n075_m15_s05,75,15,2.000000,9999,4905.413567,4513.033107,13931.479781,0.000000,,,0,1,,,,,1.666239,
tabu,hfvrp_n100_m20_s02,100,20,2.000000,10,6662.598755,6860.594062,20383.786880,0.000000,,,0,1,,,,,7.461083,
tabu,hfvrp_n100_m20_s01,100,20,2.000000,200,7648.860293,6641.994039,20932.848370,0.000000,,,0,1,,,,,4.643914,
tabu,hfvrp_n075_m15_s04,75,15,2.000000,19345,4624.994522,4998.844854,14622.684231,0.000000,,,0,1,,,,,1.994025,
tabu,hfvrp_n075_m15_s03,75,15,2.000000,1796898386631435707,5284.006730,5179.690773,15643.388275,0.000000,,,0,1,,,,,1.497176,
tabu,hfvrp_n100_m20_s03,100,20,2.000000,1796898446087005048,7143.017720,5302.209780,17747.437279,0.000000,,,0,1,,,,,4.930254,
tabu,hfvrp_n075_m15_s05,75,15,2.000000,19345,4905.413567,4513.033107,13931.479781,0.000000,,,0,1,,,,,1.678085,
tabu,hfvrp_n075_m15_s04,75,15,2.000000,1796898557509160273,4624.994522,4998.844854,14622.684231,0.000000,,,0,1,,,,,1.775787,
tabu,hfvrp_n100_m20_s04,100,20,2.000000,1796898647795092594,6963.213426,5715.185975,18393.585376,0.000000,,,0,1,,,,,3.371996,
tabu,hfvrp_n100_m20_s02,100,20,2.000000,50,6662.598755,6860.594062,20383.786880,0.000000,,,0,1,,,,,7.507155,
tabu,hfvrp_n075_m15_s05,75,15,2.000000,1796898702394093349,4905.413567,4513.033107,13931.479781,0.000000,,,0,1,,,,,1.663701,
tabu,hfvrp_n100_m20_s01,100,20,2.000000,999,7648.860293,6641.994039,20932.848370,0.000000,,,0,1,,,,,4.631185,
tabu,hfvrp_n100_m20_s03,100,20,2.000000,1,7143.017720,5302.209780,17747.437279,0.000000,,,0,1,,,,,4.923769,
tabu,hfvrp_n100_m20_s05,100,20,2.000000,1796898746058156258,7130.564733,6347.602957,19825.770646,0.000000,,,0,1,,,,,4.183899,
tabu,hfvrp_n100_m20_s04,100,20,2.000000,1,6963.213426,5715.185975,18393.585376,0.000000,,,0,1,,,,,3.386084,
tabu,hfvrp_n100_m20_s02,100,20,2.000000,75,6662.598755,6860.594062,20383.786880,0.000000,,,0,1,,,,,7.417119,
tabu,hfvrp_n100_m20_s01,100,20,2.000000,1234,7648.860293,6641.994039,20932.848370,0.000000,,,0,1,,,,,4.624450,
tabu,hfvrp_n150_m30_s01,150,30,2.000000,1796898946007947714,13215.253701,8835.198303,30885.650307,0.000000,,,0,1,,,,,15.419807,
tabu,hfvrp_n100_m20_s03,100,20,2.000000,10,7143.017720,5302.209780,17747.437279,0.000000,,,0,1,,,,,4.938102,
tabu,hfvrp_n100_m20_s05,100,20,2.000000,1,7130.564733,6347.602957,19825.770646,0.000000,,,0,1,,,,,4.160403,
tabu,hfvrp_n100_m20_s04,100,20,2.000000,10,6963.213426,5715.185975,18393.585376,0.000000,,,0,1,,,,,3.380913,
tabu,hfvrp_n100_m20_s01,100,20,2.000000,9999,7648.860293,6641.994039,20932.848370,0.000000,,,0,1,,,,,4.630360,
tabu,hfvrp_n100_m20_s02,100,20,2.000000,100,6662.598755,6860.594062,20383.786880,0.000000,,,0,1,,,,,7.415624,
tabu,hfvrp_n100_m20_s03,100,20,2.000000,50,7143.017720,5302.209780,17747.437279,0.000000,,,0,1,,,,,4.931280,
tabu,hfvrp_n100_m20_s05,100,20,2.000000,10,7130.564733,6347.602957,19825.770646,0.000000,,,0,1,,,,,4.145178,
tabu,hfvrp_n100_m20_s04,100,20,2.000000,50,6963.213426,5715.185975,18393.585376,0.000000,,,0,1,,,,,3.377180,
tabu,hfvrp_n100_m20_s01,100,20,2.000000,19345,7648.860293,6641.994039,20932.848370,0.000000,,,0,1,,,,,4.632262,
tabu,hfvrp_n150_m30_s01,150,30,2.000000,1,13215.253701,8835.198303,30885.650307,0.000000,,,0,1,,,,,15.368247,
tabu,hfvrp_n100_m20_s02,100,20,2.000000,200,6662.598755,6860.594062,20383.786880,0.000000,,,0,1,,,,,7.423529,
tabu,hfvrp_n100_m20_s03,100,20,2.000000,75,7143.017720,5302.209780,17747.437279,0.000000,,,0,1,,,,,4.947416,
tabu,hfvrp_n100_m20_s05,100,20,2.000000,50,7130.564733,6347.602957,19825.770646,0.000000,,,0,1,,,,,4.163847,
tabu,hfvrp_n100_m20_s04,100,20,2.000000,75,6963.213426,5715.185975,18393.585376,0.000000,,,0,1,,,,,3.383379,
tabu,hfvrp_n100_m20_s01,100,20,2.000000,1796899660463566607,7648.860293,6641.994039,20932.848370,0.000000,,,0,1,,,,,4.640540,
tabu,hfvrp_n100_m20_s02,100,20,2.000000,999,6662.598755,6860.594062,20383.786880,0.000000,,,0,1,,,,,7.436620,
tabu,hfvrp_n100_m20_s03,100,20,2.000000,100,7143.017720,5302.209780,17747.437279,0.000000,,,0,1,,,,,4.934869,
tabu,hfvrp_n100_m20_s05,100,20,2.000000,75,7130.564733,6347.602957,19825.770646,0.000000,,,0,1,,,,,4.171789,
tabu,hfvrp_n100_m20_s04,100,20,2.000000,100,6963.213426,5715.185975,18393.585376,0.000000,,,0,1,,,,,3.371440,
tabu,hfvrp_n150_m30_s01,150,30,2.000000,10,13215.253701,8835.198303,30885.650307,0.000000,,,0,1,,,,,15.460944,
tabu,hfvrp_n100_m20_s02,100,20,2.000000,1234,6662.598755,6860.594062,20383.786880,0.000000,,,0,1,,,,,7.424538,
tabu,hfvrp_n150_m30_s02,150,30,2.000000,1796899951098831231,12432.682881,8654.200583,29741.084047,0.000000,,,0,1,,,,,16.638789,
tabu,hfvrp_n100_m20_s03,100,20,2.000000,200,7143.017720,5302.209780,17747.437279,0.000000,,,0,1,,,,,4.947147,
tabu,hfvrp_n100_m20_s05,100,20,2.000000,100,7130.564733,6347.602957,19825.770646,0.000000,,,0,1,,,,,4.150910,
tabu,hfvrp_n100_m20_s04,100,20,2.000000,200,6963.213426,5715.185975,18393.585376,0.000000,,,0,1,,,,,3.408501,
tabu,hfvrp_n100_m20_s02,100,20,2.000000,9999,6662.598755,6860.594062,20383.786880,0.000000,,,0,1,,,,,7.419860,
tabu,hfvrp_n100_m20_s03,100,20,2.000000,999,7143.017720,5302.209780,17747.437279,0.000000,,,0,1,,,,,4.926538,
tabu,hfvrp_n100_m20_s05,100,20,2.000000,200,7130.564733,6347.602957,19825.770646,0.000000,,,0,1,,,,,4.151114,
tabu,hfvrp_n100_m20_s04,100,20,2.000000,999,6963.213426,5715.185975,18393.585376,0.000000,,,0,1,,,,,3.378603,
tabu,hfvrp_n150_m30_s01,150,30,2.000000,50,13215.253701,8835.198303,30885.650307,0.000000,,,0,1,,,,,15.316394,
tabu,hfvrp_n100_m20_s05,100,20,2.000000,999,7130.564733,6347.602957,19825.770646,0.000000,,,0,1,,,,,4.148534,
tabu,hfvrp_n150_m30_s02,150,30,2.000000,1,12432.682881,8654.200583,29741.084047,0.000000,,,0,1,,,,,16.697422,
tabu,hfvrp_n100_m20_s03,100,20,2.000000,1234,7143.017720,5302.209780,17747.437279,0.000000,,,0,1,,,,,4.938419,
tabu,hfvrp_n100_m20_s02,100,20,2.000000,19345,6662.598755,6860.594062,20383.786880,0.000000,,,0,1,,,,,7.655848,
tabu,hfvrp_n100_m20_s04,100,20,2.000000,1234,6963.213426,5715.185975,18393.585376,0.000000,,,0,1,,,,,3.387233,
tabu,hfvrp_n100_m20_s05,100,20,2.000000,1234,7130.564733,6347.602957,19825.770646,0.000000,,,0,1,,,,,4.149089,
tabu,hfvrp_n100_m20_s03,100,20,2.000000,9999,7143.017720,5302.209780,17747.437279,0.000000,,,0,1,,,,,4.955521,
tabu,hfvrp_n100_m20_s02,100,20,2.000000,1796900093256393252,6662.598755,6860.594062,20383.786880,0.000000,,,0,1,,,,,7.442906,
tabu,hfvrp_n100_m20_s04,100,20,2.000000,9999,6963.213426,5715.185975,18393.585376,0.000000,,,0,1,,,,,3.393061,
tabu,hfvrp_n150_m30_s01,150,30,2.000000,75,13215.253701,8835.198303,30885.650307,0.000000,,,0,1,,,,,15.358611,
tabu,hfvrp_n100_m20_s05,100,20,2.000000,9999,7130.564733,6347.602957,19825.770646,0.000000,,,0,1,,,,,4.144730,
tabu,hfvrp_n100_m20_s03,100,20,2.000000,19345,7143.017720,5302.209780,17747.437279,0.000000,,,0,1,,,,,4.952196,
tabu,hfvrp_n150_m30_s02,150,30,2.000000,10,12432.682881,8654.200583,29741.084047,0.000000,,,0,1,,,,,16.734356,
tabu,hfvrp_n100_m20_s04,100,20,2.000000,19345,6963.213426,5715.185975,18393.585376,0.000000,,,0,1,,,,,3.373005,
tabu,hfvrp_n150_m30_s03,150,30,2.000000,1796900902072038210,12610.608310,8577.470364,29765.549037,0.000000,,,0,1,,,,,22.081125,
tabu,hfvrp_n100_m20_s05,100,20,2.000000,19345,7130.564733,6347.602957,19825.770646,0.000000,,,0,1,,,,,4.137855,
tabu,hfvrp_n100_m20_s03,100,20,2.000000,1796900801645613733,7143.017720,5302.209780,17747.437279,0.000000,,,0,1,,,,,5.459476,
tabu,hfvrp_n100_m20_s04,100,20,2.000000,1796900880613880278,6963.213426,5715.185975,18393.585376,0.000000,,,0,1,,,,,3.416272,
tabu,hfvrp_n150_m30_s01,150,30,2.000000,100,13215.253701,8835.198303,30885.650307,0.000000,,,0,1,,,,,15.276778,
tabu,hfvrp_n100_m20_s05,100,20,2.000000,1796900700089810922,7130.564733,6347.602957,19825.770646,0.000000,,,0,1,,,,,4.181833,
tabu,hfvrp_n150_m30_s02,150,30,2.000000,50,12432.682881,8654.200583,29741.084047,0.000000,,,0,1,,,,,16.771269,
tabu,hfvrp_n150_m30_s04,150,30,2.000000,1796900783785852210,13156.102810,9986.003174,33128.109159,0.000000,,,0,1,,,,,12.658012,
tabu,hfvrp_n150_m30_s05,150,30,2.000000,1796900573184206904,12850.163002,7522.775092,27895.713187,0.000000,,,0,1,,,,,15.896211,
tabu,hfvrp_n150_m30_s03,150,30,2.000000,1,12610.608310,8577.470364,29765.549037,0.000000,,,0,1,,,,,22.137691,
tabu,hfvrp_n150_m30_s01,150,30,2.000000,200,13215.253701,8835.198303,30885.650307,0.000000,,,0,1,,,,,15.294224,
tabu,hfvrp_n200_m40_s01,200,40,2.000000,1796892757164831645,20031.134337,12714.336944,45459.808224,0.000000,,,0,1,,,,,38.384248,
tabu,hfvrp_n150_m30_s04,150,30,2.000000,1,13156.102810,9986.003174,33128.109159,0.000000,,,0,1,,,,,12.425789,
tabu,hfvrp_n150_m30_s02,150,30,2.000000,75,12432.682881,8654.200583,29741.084047,0.000000,,,0,1,,,,,16.756432,
tabu,hfvrp_n150_m30_s05,150,30,2.000000,1,12850.163002,7522.775092,27895.713187,0.000000,,,0,1,,,,,15.888867,
tabu,hfvrp_n150_m30_s03,150,30,2.000000,10,12610.608310,8577.470364,29765.549037,0.000000,,,0,1,,,,,22.170819,
tabu,hfvrp_n150_m30_s01,150,30,2.000000,999,13215.253701,8835.198303,30885.650307,0.000000,,,0,1,,,,,15.265044,
tabu,hfvrp_n150_m30_s04,150,30,2.000000,10,13156.102810,9986.003174,33128.109159,0.000000,,,0,1,,,,,12.412208,
tabu,hfvrp_n150_m30_s02,150,30,2.000000,100,12432.682881,8654.200583,29741.084047,0.000000,,,0,1,,,,,16.676722,
tabu,hfvrp_n150_m30_s05,150,30,2.000000,10,12850.163002,7522.775092,27895.713187,0.000000,,,0,1,,,,,15.979296,
tabu,hfvrp_n150_m30_s03,150,30,2.000000,50,12610.608310,8577.470364,29765.549037,0.000000,,,0,1,,,,,22.197539,
tabu,hfvrp_n200_m40_s01,200,40,2.000000,1,20031.134337,12714.336944,45459.808224,0.000000,,,0,1,,,,,38.197738,
tabu,hfvrp_n150_m30_s01,150,30,2.000000,1234,13215.253701,8835.198303,30885.650307,0.000000,,,0,1,,,,,15.365086,
tabu,hfvrp_n150_m30_s04,150,30,2.000000,50,13156.102810,9986.003174,33128.109159,0.000000,,,0,1,,,,,12.479580,
tabu,hfvrp_n150_m30_s02,150,30,2.000000,200,12432.682881,8654.200583,29741.084047,0.000000,,,0,1,,,,,16.840081,
tabu,hfvrp_n150_m30_s05,150,30,2.000000,50,12850.163002,7522.775092,27895.713187,0.000000,,,0,1,,,,,15.929231,
tabu,hfvrp_n150_m30_s03,150,30,2.000000,75,12610.608310,8577.470364,29765.549037,0.000000,,,0,1,,,,,22.235366,
tabu,hfvrp_n150_m30_s01,150,30,2.000000,9999,13215.253701,8835.198303,30885.650307,0.000000,,,0,1,,,,,15.329557,
tabu,hfvrp_n150_m30_s04,150,30,2.000000,75,13156.102810,9986.003174,33128.109159,0.000000,,,0,1,,,,,12.496533,
tabu,hfvrp_n150_m30_s02,150,30,2.000000,999,12432.682881,8654.200583,29741.084047,0.000000,,,0,1,,,,,16.756048,
tabu,hfvrp_n150_m30_s05,150,30,2.000000,75,12850.163002,7522.775092,27895.713187,0.000000,,,0,1,,,,,15.869106,
tabu,hfvrp_n150_m30_s03,150,30,2.000000,100,12610.608310,8577.470364,29765.549037,0.000000,,,0,1,,,,,21.940706,
tabu,hfvrp_n200_m40_s01,200,40,2.000000,10,20031.134337,12714.336944,45459.808224,0.000000,,,0,1,,,,,38.045788,
tabu,hfvrp_n150_m30_s01,150,30,2.000000,19345,13215.253701,8835.198303,30885.650307,0.000000,,,0,1,,,,,15.307395,
tabu,hfvrp_n150_m30_s04,150,30,2.000000,100,13156.102810,9986.003174,33128.109159,0.000000,,,0,1,,,,,12.468071,
tabu,hfvrp_n150_m30_s02,150,30,2.000000,1234,12432.682881,8654.200583,29741.084047,0.000000,,,0,1,,,,,16.716611,
tabu,hfvrp_n150_m30_s05,150,30,2.000000,100,12850.163002,7522.775092,27895.713187,0.000000,,,0,1,,,,,15.903258,
tabu,hfvrp_n150_m30_s03,150,30,2.000000,200,12610.608310,8577.470364,29765.549037,0.000000,,,0,1,,,,,22.113946,
tabu,hfvrp_n150_m30_s04,150,30,2.000000,200,13156.102810,9986.003174,33128.109159,0.000000,,,0,1,,,,,12.454608,
tabu,hfvrp_n150_m30_s01,150,30,2.000000,1796892502440861122,13215.253701,8835.198303,30885.650307,0.000000,,,0,1,,,,,15.430715,
tabu,hfvrp_n150_m30_s02,150,30,2.000000,9999,12432.682881,8654.200583,29741.084047,0.000000,,,0,1,,,,,16.667069,
tabu,hfvrp_n150_m30_s05,150,30,2.000000,200,12850.163002,7522.775092,27895.713187,0.000000,,,0,1,,,,,15.938663,
tabu,hfvrp_n200_m40_s01,200,40,2.000000,50,20031.134337,12714.336944,45459.808224,0.000000,,,0,1,,,,,38.190303,
tabu,hfvrp_n150_m30_s04,150,30,2.000000,999,13156.102810,9986.003174,33128.109159,0.000000,,,0,1,,,,,12.486084,
tabu,hfvrp_n150_m30_s03,150,30,2.000000,999,12610.608310,8577.470364,29765.549037,0.000000,,,0,1,,,,,22.052516,
tabu,hfvrp_n150_m30_s05,150,30,2.000000,999,12850.163002,7522.775092,27895.713187,0.000000,,,0,1,,,,,15.910371,
tabu,hfvrp_n200_m40_s02,200,40,2.000000,1796894438896069606,20620.560348,12839.360772,46299.281891,0.000000,,,0,1,,,,,40.808898,
tabu,hfvrp_n150_m30_s02,150,30,2.000000,19345,12432.682881,8654.200583,29741.084047,0.000000,,,0,1,,,,,16.732177,
tabu,hfvrp_n150_m30_s04,150,30,2.000000,1234,13156.102810,9986.003174,33128.109159,0.000000,,,0,1,,,,,12.500156,
tabu,hfvrp_n150_m30_s03,150,30,2.000000,1234,12610.608310,8577.470364,29765.549037,0.000000,,,0,1,,,,,22.139285,
tabu,hfvrp_n150_m30_s05,150,30,2.000000,1234,12850.163002,7522.775092,27895.713187,0.000000,,,0,1,,,,,15.931227,
tabu,hfvrp_n150_m30_s02,150,30,2.000000,1796894108734763362,12432.682881,8654.200583,29741.084047,0.000000,,,0,1,,,,,16.734695,
tabu,hfvrp_n200_m40_s01,200,40,2.000000,75,20031.134337,12714.336944,45459.808224,0.000000,,,0,1,,,,,38.191886,
tabu,hfvrp_n150_m30_s04,150,30,2.000000,9999,13156.102810,9986.003174,33128.109159,0.000000,,,0,1,,,,,12.475592,
tabu,hfvrp_n150_m30_s03,150,30,2.000000,9999,12610.608310,8577.470364,29765.549037,0.000000,,,0,1,,,,,22.109840,
tabu,hfvrp_n200_m40_s02,200,40,2.000000,1,20620.560348,12839.360772,46299.281891,0.000000,,,0,1,,,,,40.648738,
tabu,hfvrp_n150_m30_s05,150,30,2.000000,9999,12850.163002,7522.775092,27895.713187,0.000000,,,0,1,,,,,15.871374,
tabu,hfvrp_n150_m30_s04,150,30,2.000000,19345,13156.102810,9986.003174,33128.109159,0.000000,,,0,1,,,,,12.420519,
tabu,hfvrp_n200_m40_s03,200,40,2.000000,1796892833580060753,20841.491835,16024.845557,52891.182950,0.000000,,,0,1,,,,,60.217199,
tabu,hfvrp_n150_m30_s03,150,30,2.000000,19345,12610.608310,8577.470364,29765.549037,0.000000,,,0,1,,,,,22.125559,
tabu,hfvrp_n150_m30_s05,150,30,2.000000,19345,12850.163002,7522.775092,27895.713187,0.000000,,,0,1,,,,,15.864637,
tabu,hfvrp_n150_m30_s04,150,30,2.000000,1796892893821459252,13156.102810,9986.003174,33128.109159,0.000000,,,0,1,,,,,12.483789,
tabu,hfvrp_n200_m40_s01,200,40,2.000000,100,20031.134337,12714.336944,45459.808224,0.000000,,,0,1,,,,,38.143551,
tabu,hfvrp_n200_m40_s02,200,40,2.000000,10,20620.560348,12839.360772,46299.281891,0.000000,,,0,1,,,,,40.776541,
tabu,hfvrp_n150_m30_s05,150,30,2.000000,1796893359896927990,12850.163002,7522.775092,27895.713187,0.000000,,,0,1,,,,,15.882195,
tabu,hfvrp_n150_m30_s03,150,30,2.000000,1796893337791118707,12610.608310,8577.470364,29765.549037,0.000000,,,0,1,,,,,22.112405,
tabu,augerat_A_n32_k5,31,8,2.000000,1796895666596978959,8326.970864,1486.378873,11299.728611,0.000000,,,0,1,,,,,0.078941,
tabu,hfvrp_n200_m40_s03,200,40,2.000000,1,20841.491835,16024.845557,52891.182950,0.000000,,,0,1,,,,,60.069875,
tabu,hfvrp_n200_m40_s04,200,40,2.000000,1796895577930615639,21941.667301,11035.290195,44012.247692,0.000000,,,0,1,,,,,48.874494,
tabu,augerat_A_n32_k5,31,8,2.000000,1,8326.970864,1486.378873,11299.728611,0.000000,,,0,1,,,,,0.082199,
tabu,augerat_A_n32_k5,31,8,2.000000,10,8326.970864,1486.378873,11299.728611,0.000000,,,0,1,,,,,0.078352,
tabu,augerat_A_n32_k5,31,8,2.000000,50,8326.970864,1486.378873,11299.728611,0.000000,,,0,1,,,,,0.080999,
tabu,hfvrp_n200_m40_s05,200,40,2.000000,1796895617810833261,20266.368023,13175.530725,46617.429473,0.000000,,,0,1,,,,,32.534357,
tabu,augerat_A_n32_k5,31,8,2.000000,75,8326.970864,1486.378873,11299.728611,0.000000,,,0,1,,,,,0.081665,
tabu,hfvrp_n200_m40_s01,200,40,2.000000,200,20031.134337,12714.336944,45459.808224,0.000000,,,0,1,,,,,38.066665,
tabu,augerat_A_n32_k5,31,8,2.000000,100,8326.970864,1486.378873,11299.728611,0.000000,,,0,1,,,,,0.080679,
tabu,augerat_A_n32_k5,31,8,2.000000,200,8326.970864,1486.378873,11299.728611,0.000000,,,0,1,,,,,0.080546,
tabu,augerat_A_n32_k5,31,8,2.000000,999,8326.970864,1486.378873,11299.728611,0.000000,,,0,1,,,,,0.077541,
tabu,augerat_A_n32_k5,31,8,2.000000,1234,8326.970864,1486.378873,11299.728611,0.000000,,,0,1,,,,,0.082890,
tabu,augerat_A_n32_k5,31,8,2.000000,9999,8326.970864,1486.378873,11299.728611,0.000000,,,0,1,,,,,0.080389,
tabu,hfvrp_n200_m40_s02,200,40,2.000000,50,20620.560348,12839.360772,46299.281891,0.000000,,,0,1,,,,,40.768752,
tabu,augerat_A_n32_k5,31,8,2.000000,19345,8326.970864,1486.378873,11299.728611,0.000000,,,0,1,,,,,0.077787,
tabu,augerat_A_n32_k5,31,8,2.000000,1796896195830189466,8326.970864,1486.378873,11299.728611,0.000000,,,0,1,,,,,0.080754,
tabu,augerat_A_n37_k5,36,8,2.000000,1796896131497465851,6935.995371,873.719800,8683.434970,0.000000,,,0,1,,,,,0.154779,
tabu,augerat_A_n37_k5,36,8,2.000000,1,6935.995371,873.719800,8683.434970,0.000000,,,0,1,,,,,0.154187,
tabu,augerat_A_n37_k5,36,8,2.000000,10,6935.995371,873.719800,8683.434970,0.000000,,,0,1,,,,,0.153598,
tabu,augerat_A_n37_k5,36,8,2.000000,50,6935.995371,873.719800,8683.434970,0.000000,,,0,1,,,,,0.153050,
tabu,augerat_A_n37_k5,36,8,2.000000,75,6935.995371,873.719800,8683.434970,0.000000,,,0,1,,,,,0.153561,
tabu,augerat_A_n37_k5,36,8,2.000000,100,6935.995371,873.719800,8683.434970,0.000000,,,0,1,,,,,0.148962,
tabu,hfvrp_n200_m40_s04,200,40,2.000000,1,21941.667301,11035.290195,44012.247692,0.000000,,,0,1,,,,,49.008143,
tabu,augerat_A_n37_k5,36,8,2.000000,200,6935.995371,873.719800,8683.434970,0.000000,,,0,1,,,,,0.151826,
tabu,hfvrp_n200_m40_s03,200,40,2.000000,10,20841.491835,16024.845557,52891.182950,0.000000,,,0,1,,,,,60.303514,
tabu,hfvrp_n200_m40_s05,200,40,2.000000,1,20266.368023,13175.530725,46617.429473,0.000000,,,0,1,,,,,32.663817,
tabu,augerat_A_n37_k5,36,8,2.000000,999,6935.995371,873.719800,8683.434970,0.000000,,,0,1,,,,,0.152350,
tabu,augerat_A_n37_k5,36,8,2.000000,1234,6935.995371,873.719800,8683.434970,0.000000,,,0,1,,,,,0.152102,
tabu,hfvrp_n200_m40_s01,200,40,2.000000,999,20031.134337,12714.336944,45459.808224,0.000000,,,0,1,,,,,38.182836,
tabu,augerat_A_n37_k5,36,8,2.000000,9999,6935.995371,873.719800,8683.434970,0.000000,,,0,1,,,,,0.152075,
tabu,augerat_A_n37_k5,36,8,2.000000,19345,6935.995371,873.719800,8683.434970,0.000000,,,0,1,,,,,0.152328,
tabu,augerat_A_n37_k5,36,8,2.000000,1796894621635489554,6935.995371,873.719800,8683.434970,0.000000,,,0,1,,,,,0.148332,
tabu,augerat_A_n45_k6,44,8,2.000000,1796894606038961037,11320.775610,935.171729,13191.119068,0.000000,,,0,1,,,,,0.215921,
tabu,hfvrp_n200_m40_s02,200,40,2.000000,75,20620.560348,12839.360772,46299.281891,0.000000,,,0,1,,,,,40.626806,
tabu,augerat_A_n45_k6,44,8,2.000000,1,11320.775610,935.171729,13191.119068,0.000000,,,0,1,,,,,0.215472,
tabu,augerat_A_n45_k6,44,8,2.000000,10,11320.775610,935.171729,13191.119068,0.000000,,,0,1,,,,,0.218410,
tabu,augerat_A_n45_k6,44,8,2.000000,50,11320.775610,935.171729,13191.119068,0.000000,,,0,1,,,,,0.217932,
tabu,augerat_A_n45_k6,44,8,2.000000,75,11320.775610,935.171729,13191.119068,0.000000,,,0,1,,,,,0.216198,
tabu,augerat_A_n45_k6,44,8,2.000000,100,11320.775610,935.171729,13191.119068,0.000000,,,0,1,,,,,0.213906,
tabu,augerat_A_n45_k6,44,8,2.000000,200,11320.775610,935.171729,13191.119068,0.000000,,,0,1,,,,,0.217828,
tabu,hfvrp_n200_m40_s05,200,40,2.000000,10,20266.368023,13175.530725,46617.429473,0.000000,,,0,1,,,,,32.523979,
tabu,augerat_A_n45_k6,44,8,2.000000,999,11320.775610,935.171729,13191.119068,0.000000,,,0,1,,,,,0.213680,
tabu,hfvrp_n200_m40_s04,200,40,2.000000,10,21941.667301,11035.290195,44012.247692,0.000000,,,0,1,,,,,48.727873,
tabu,augerat_A_n45_k6,44,8,2.000000,1234,11320.775610,935.171729,13191.119068,0.000000,,,0,1,,,,,0.213707,
tabu,hfvrp_n200_m40_s01,200,40,2.000000,1234,20031.134337,12714.336944,45459.808224,0.000000,,,0,1,,,,,38.078198,
tabu,hfvrp_n200_m40_s03,200,40,2.000000,50,20841.491835,16024.845557,52891.182950,0.000000,,,0,1,,,,,60.471583,
tabu,augerat_A_n45_k6,44,8,2.000000,9999,11320.775610,935.171729,13191.119068,0.000000,,,0,1,,,,,0.215960,
tabu,augerat_A_n45_k6,44,8,2.000000,19345,11320.775610,935.171729,13191.119068,0.000000,,,0,1,,,,,0.221593,
tabu,augerat_A_n45_k6,44,8,2.000000,1796894974088344012,11320.775610,935.171729,13191.119068,0.000000,,,0,1,,,,,0.218889,
tabu,augerat_A_n54_k7,53,8,2.000000,1796894888218333927,13031.653182,2537.056143,18105.765468,0.000000,,,0,1,,,,,0.436687,
tabu,hfvrp_n200_m40_s02,200,40,2.000000,100,20620.560348,12839.360772,46299.281891,0.000000,,,0,1,,,,,40.901824,
tabu,augerat_A_n54_k7,53,8,2.000000,1,13031.653182,2537.056143,18105.765468,0.000000,,,0,1,,,,,0.441782,
tabu,augerat_A_n54_k7,53,8,2.000000,10,13031.653182,2537.056143,18105.765468,0.000000,,,0,1,,,,,0.442069,
tabu,augerat_A_n54_k7,53,8,2.000000,50,13031.653182,2537.056143,18105.765468,0.000000,,,0,1,,,,,0.432915,
tabu,augerat_A_n54_k7,53,8,2.000000,75,13031.653182,2537.056143,18105.765468,0.000000,,,0,1,,,,,0.439352,
tabu,hfvrp_n200_m40_s05,200,40,2.000000,50,20266.368023,13175.530725,46617.429473,0.000000,,,0,1,,,,,32.601223,
tabu,augerat_A_n54_k7,53,8,2.000000,100,13031.653182,2537.056143,18105.765468,0.000000,,,0,1,,,,,0.433788,
tabu,augerat_A_n54_k7,53,8,2.000000,200,13031.653182,2537.056143,18105.765468,0.000000,,,0,1,,,,,0.431359,
tabu,hfvrp_n200_m40_s04,200,40,2.000000,50,21941.667301,11035.290195,44012.247692,0.000000,,,0,1,,,,,48.788075,
tabu,hfvrp_n200_m40_s01,200,40,2.000000,9999,20031.134337,12714.336944,45459.808224,0.000000,,,0,1,,,,,38.203994,
tabu,augerat_A_n54_k7,53,8,2.000000,999,13031.653182,2537.056143,18105.765468,0.000000,,,0,1,,,,,0.436387,
tabu,hfvrp_n200_m40_s03,200,40,2.000000,75,20841.491835,16024.845557,52891.182950,0.000000,,,0,1,,,,,60.183037,
tabu,augerat_A_n54_k7,53,8,2.000000,1234,13031.653182,2537.056143,18105.765468,0.000000,,,0,1,,,,,0.436280,
tabu,augerat_A_n54_k7,53,8,2.000000,9999,13031.653182,2537.056143,18105.765468,0.000000,,,0,1,,,,,0.435539,
tabu,hfvrp_n200_m40_s02,200,40,2.000000,200,20620.560348,12839.360772,46299.281891,0.000000,,,0,1,,,,,40.704227,
tabu,augerat_A_n54_k7,53,8,2.000000,19345,13031.653182,2537.056143,18105.765468,0.000000,,,0,1,,,,,0.437523,
tabu,augerat_A_n54_k7,53,8,2.000000,1796906864889711258,13031.653182,2537.056143,18105.765468,0.000000,,,0,1,,,,,0.441046,
tabu,augerat_A_n60_k9,59,10,2.000000,1796906975190554806,15026.223583,2545.821548,20117.866680,0.000000,,,0,1,,,,,0.464977,
tabu,augerat_A_n60_k9,59,10,2.000000,1,15026.223583,2545.821548,20117.866680,0.000000,,,0,1,,,,,0.470506,
tabu,hfvrp_n200_m40_s05,200,40,2.000000,75,20266.368023,13175.530725,46617.429473,0.000000,,,0,1,,,,,32.712789,
tabu,augerat_A_n60_k9,59,10,2.000000,10,15026.223583,2545.821548,20117.866680,0.000000,,,0,1,,,,,0.470995,
tabu,augerat_A_n60_k9,59,10,2.000000,50,15026.223583,2545.821548,20117.866680,0.000000,,,0,1,,,,,0.462198,
tabu,hfvrp_n200_m40_s01,200,40,2.000000,19345,20031.134337,12714.336944,45459.808224,0.000000,,,0,1,,,,,38.221084,
tabu,augerat_A_n60_k9,59,10,2.000000,75,15026.223583,2545.821548,20117.866680,0.000000,,,0,1,,,,,0.461528,
tabu,hfvrp_n200_m40_s04,200,40,2.000000,75,21941.667301,11035.290195,44012.247692,0.000000,,,0,1,,,,,48.847930,
tabu,augerat_A_n60_k9,59,10,2.000000,100,15026.223583,2545.821548,20117.866680,0.000000,,,0,1,,,,,0.467759,
tabu,hfvrp_n200_m40_s03,200,40,2.000000,100,20841.491835,16024.845557,52891.182950,0.000000,,,0,1,,,,,60.447350,
tabu,augerat_A_n60_k9,59,10,2.000000,200,15026.223583,2545.821548,20117.866680,0.000000,,,0,1,,,,,0.465679,
tabu,hfvrp_n200_m40_s02,200,40,2.000000,999,20620.560348,12839.360772,46299.281891,0.000000,,,0,1,,,,,40.774147,
tabu,augerat_A_n60_k9,59,10,2.000000,999,15026.223583,2545.821548,20117.866680,0.000000,,,0,1,,,,,0.468146,
tabu,augerat_A_n60_k9,59,10,2.000000,1234,15026.223583,2545.821548,20117.866680,0.000000,,,0,1,,,,,0.465423,
tabu,augerat_A_n60_k9,59,10,2.000000,9999,15026.223583,2545.821548,20117.866680,0.000000,,,0,1,,,,,0.465468,
tabu,hfvrp_n200_m40_s05,200,40,2.000000,100,20266.368023,13175.530725,46617.429473,0.000000,,,0,1,,,,,32.990964,
tabu,augerat_A_n60_k9,59,10,2.000000,19345,15026.223583,2545.821548,20117.866680,0.000000,,,0,1,,,,,0.468398,
tabu,augerat_A_n60_k9,59,10,2.000000,1796906378810582711,15026.223583,2545.821548,20117.866680,0.000000,,,0,1,,,,,0.467404,
tabu,hfvrp_n200_m40_s01,200,40,2.000000,1796906563577287097,20031.134337,12714.336944,45459.808224,0.000000,,,0,1,,,,,38.063281,
tabu,augerat_A_n80_k10,79,11,2.000000,1796906297890242682,17163.497982,3845.609213,24854.716407,0.000000,,,0,1,,,,,1.027892,
tabu,hfvrp_n200_m40_s04,200,40,2.000000,100,21941.667301,11035.290195,44012.247692,0.000000,,,0,1,,,,,49.067448,
tabu,augerat_A_n80_k10,79,11,2.000000,1,17163.497982,3845.609213,24854.716407,0.000000,,,0,1,,,,,1.029894,
tabu,augerat_A_n80_k10,79,11,2.000000,10,17163.497982,3845.609213,24854.716407,0.000000,,,0,1,,,,,1.029722,
tabu,hfvrp_n200_m40_s02,200,40,2.000000,1234,20620.560348,12839.360772,46299.281891,0.000000,,,0,1,,,,,41.095082,
tabu,hfvrp_n200_m40_s03,200,40,2.000000,200,20841.491835,16024.845557,52891.182950,0.000000,,,0,1,,,,,60.949659,
tabu,augerat_A_n80_k10,79,11,2.000000,50,17163.497982,3845.609213,24854.716407,0.000000,,,0,1,,,,,1.034454,
tabu,hfvrp_n200_m40_s05,200,40,2.000000,200,20266.368023,13175.530725,46617.429473,0.000000,,,0,1,,,,,32.605423,
tabu,augerat_A_n80_k10,79,11,2.000000,75,17163.497982,3845.609213,24854.716407,0.000000,,,0,1,,,,,1.033501,
tabu,pyvrp_X101_FSMFD,100,26,2.000000,1796909447112533597,3642487.778264,33091.516759,3708670.811782,0.000000,,,0,1,,,,,3.584584,
tabu,augerat_A_n80_k10,79,11,2.000000,100,17163.497982,3845.609213,24854.716407,0.000000,,,0,1,,,,,1.031934,
tabu,pyvrp_X101_FSMFD,100,26,2.000000,1,3642487.778264,33091.516759,3708670.811782,0.000000,,,0,1,,,,,3.570605,
tabu,augerat_A_n80_k10,79,11,2.000000,200,17163.497982,3845.609213,24854.716407,0.000000,,,0,1,,,,,1.033550,
tabu,augerat_A_n80_k10,79,11,2.000000,999,17163.497982,3845.609213,24854.716407,0.000000,,,0,1,,,,,1.034293,
tabu,hfvrp_n200_m40_s04,200,40,2.000000,200,21941.667301,11035.290195,44012.247692,0.000000,,,0,1,,,,,48.861203,
tabu,pyvrp_X101_FSMFD,100,26,2.000000,10,3642487.778264,33091.516759,3708670.811782,0.000000,,,0,1,,,,,3.587673,
tabu,augerat_A_n80_k10,79,11,2.000000,1234,17163.497982,3845.609213,24854.716407,0.000000,,,0,1,,,,,1.026482,
tabu,hfvrp_n200_m40_s02,200,40,2.000000,9999,20620.560348,12839.360772,46299.281891,0.000000,,,0,1,,,,,41.276565,
tabu,pyvrp_X101_FSMFD,100,26,2.000000,50,3642487.778264,33091.516759,3708670.811782,0.000000,,,0,1,,,,,3.584496,
tabu,hfvrp_n200_m40_s03,200,40,2.000000,999,20841.491835,16024.845557,52891.182950,0.000000,,,0,1,,,,,60.379441,
tabu,augerat_A_n80_k10,79,11,2.000000,9999,17163.497982,3845.609213,24854.716407,0.000000,,,0,1,,,,,1.040307,
tabu,hfvrp_n200_m40_s05,200,40,2.000000,999,20266.368023,13175.530725,46617.429473,0.000000,,,0,1,,,,,32.588846,
tabu,augerat_A_n80_k10,79,11,2.000000,19345,17163.497982,3845.609213,24854.716407,0.000000,,,0,1,,,,,1.024042,
tabu,pyvrp_X101_FSMFD,100,26,2.000000,75,3642487.778264,33091.516759,3708670.811782,0.000000,,,0,1,,,,,3.574186,
tabu,augerat_A_n80_k10,79,11,2.000000,1796905682269086369,17163.497982,3845.609213,24854.716407,0.000000,,,0,1,,,,,1.025792,
tabu,pyvrp_X101_FSMFD,100,26,2.000000,100,3642487.778264,33091.516759,3708670.811782,0.000000,,,0,1,,,,,3.623413,
tabu,pyvrp_X106_FSMD,105,16,2.000000,1796905896669554870,3714937.400323,60271.807118,3835481.014560,0.000000,,,0,1,,,,,2.549729,
tabu,pyvrp_X101_FSMFD,100,26,2.000000,200,3642487.778264,33091.516759,3708670.811782,0.000000,,,0,1,,,,,3.581073,
tabu,hfvrp_n200_m40_s04,200,40,2.000000,999,21941.667301,11035.290195,44012.247692,0.000000,,,0,1,,,,,48.824898,
tabu,pyvrp_X106_FSMD,105,16,2.000000,1,3714937.400323,60271.807118,3835481.014560,0.000000,,,0,1,,,,,2.572661,
tabu,hfvrp_n200_m40_s02,200,40,2.000000,19345,20620.560348,12839.360772,46299.281891,0.000000,,,0,1,,,,,40.830389,
tabu,pyvrp_X101_FSMFD,100,26,2.000000,999,3642487.778264,33091.516759,3708670.811782,0.000000,,,0,1,,,,,3.604168,
tabu,pyvrp_X106_FSMD,105,16,2.000000,10,3714937.400323,60271.807118,3835481.014560,0.000000,,,0,1,,,,,2.576196,
tabu,hfvrp_n200_m40_s05,200,40,2.000000,1234,20266.368023,13175.530725,46617.429473,0.000000,,,0,1,,,,,32.643595,
tabu,hfvrp_n200_m40_s03,200,40,2.000000,1234,20841.491835,16024.845557,52891.182950,0.000000,,,0,1,,,,,60.443593,
tabu,pyvrp_X101_FSMFD,100,26,2.000000,1234,3642487.778264,33091.516759,3708670.811782,0.000000,,,0,1,,,,,3.591612,
tabu,pyvrp_X106_FSMD,105,16,2.000000,50,3714937.400323,60271.807118,3835481.014560,0.000000,,,0,1,,,,,2.552743,
tabu,pyvrp_X106_FSMD,105,16,2.000000,75,3714937.400323,60271.807118,3835481.014560,0.000000,,,0,1,,,,,2.648261,
tabu,pyvrp_X101_FSMFD,100,26,2.000000,9999,3642487.778264,33091.516759,3708670.811782,0.000000,,,0,1,,,,,3.625398,
tabu,pyvrp_X106_FSMD,105,16,2.000000,100,3714937.400323,60271.807118,3835481.014560,0.000000,,,0,1,,,,,2.545731,
tabu,pyvrp_X101_FSMFD,100,26,2.000000,19345,3642487.778264,33091.516759,3708670.811782,0.000000,,,0,1,,,,,3.609391,
tabu,hfvrp_n200_m40_s04,200,40,2.000000,1234,21941.667301,11035.290195,44012.247692,0.000000,,,0,1,,,,,48.718044,
tabu,hfvrp_n200_m40_s02,200,40,2.000000,1796906464294015880,20620.560348,12839.360772,46299.281891,0.000000,,,0,1,,,,,40.644986,
tabu,pyvrp_X106_FSMD,105,16,2.000000,200,3714937.400323,60271.807118,3835481.014560,0.000000,,,0,1,,,,,2.563578,
tabu,pyvrp_X101_FSMFD,100,26,2.000000,1796906339375996953,3642487.778264,33091.516759,3708670.811782,0.000000,,,0,1,,,,,3.628954,
tabu,hfvrp_n200_m40_s05,200,40,2.000000,9999,20266.368023,13175.530725,46617.429473,0.000000,,,0,1,,,,,32.613519,
tabu,pyvrp_X106_FSMD,105,16,2.000000,999,3714937.400323,60271.807118,3835481.014560,0.000000,,,0,1,,,,,2.547687,
tabu,pyvrp_X110_HD,109,13,2.000000,1796906171110490934,1895560.690638,33617.708896,1962796.108431,0.000000,,,0,1,,,,,2.671939,
tabu,hfvrp_n200_m40_s03,200,40,2.000000,9999,20841.491835,16024.845557,52891.182950,0.000000,,,0,1,,,,,60.265550,
tabu,pyvrp_X106_FSMD,105,16,2.000000,1234,3714937.400323,60271.807118,3835481.014560,0.000000,,,0,1,,,,,2.538091,
tabu,pyvrp_X110_HD,109,13,2.000000,1,1895560.690638,33617.708896,1962796.108431,0.000000,,,0,1,,,,,2.670149,
tabu,pyvrp_X115_HVRP,114,18,2.000000,1796907151419357900,2126837.285160,43138.227084,2213113.739327,0.000000,,,0,0,,,,,2.480355,
tabu,pyvrp_X106_FSMD,105,16,2.000000,9999,3714937.400323,60271.807118,3835481.014560,0.000000,,,0,1,,,,,2.624197,
tabu,pyvrp_X110_HD,109,13,2.000000,10,1895560.690638,33617.708896,1962796.108431,0.000000,,,0,1,,,,,2.677125,
tabu,pyvrp_X106_FSMD,105,16,2.000000,19345,3714937.400323,60271.807118,3835481.014560,0.000000,,,0,1,,,,,2.566730,
tabu,hfvrp_n200_m40_s04,200,40,2.000000,9999,21941.667301,11035.290195,44012.247692,0.000000,,,0,1,,,,,48.955077,
tabu,pyvrp_X115_HVRP,114,18,2.000000,1,2126837.285160,43138.227084,2213113.739327,0.000000,,,0,0,,,,,2.472983,
tabu,hfvrp_n200_m40_s05,200,40,2.000000,19345,20266.368023,13175.530725,46617.429473,0.000000,,,0,1,,,,,32.555370,
tabu,pyvrp_X110_HD,109,13,2.000000,50,1895560.690638,33617.708896,1962796.108431,0.000000,,,0,1,,,,,2.676125,
tabu,pyvrp_X106_FSMD,105,16,2.000000,1796907523892081394,3714937.400323,60271.807118,3835481.014560,0.000000,,,0,1,,,,,2.555851,
tabu,pyvrp_X115_HVRP,114,18,2.000000,10,2126837.285160,43138.227084,2213113.739327,0.000000,,,0,0,,,,,2.460373,
tabu,pyvrp_X110_HD,109,13,2.000000,75,1895560.690638,33617.708896,1962796.108431,0.000000,,,0,1,,,,,2.686059,
tabu,pyvrp_X120_FSMF,119,12,2.000000,1796907412912797690,3186660.025033,88689.919291,3364039.863614,0.000000,,,0,1,,,,,1.822079,
tabu,hfvrp_n200_m40_s03,200,40,2.000000,19345,20841.491835,16024.845557,52891.182950,0.000000,,,0,1,,,,,60.271710,
tabu,pyvrp_X115_HVRP,114,18,2.000000,50,2126837.285160,43138.227084,2213113.739327,0.000000,,,0,0,,,,,2.483879,
tabu,pyvrp_X110_HD,109,13,2.000000,100,1895560.690638,33617.708896,1962796.108431,0.000000,,,0,1,,,,,2.667290,
tabu,pyvrp_X120_FSMF,119,12,2.000000,1,3186660.025033,88689.919291,3364039.863614,0.000000,,,0,1,,,,,1.820344,
tabu,pyvrp_X115_HVRP,114,18,2.000000,75,2126837.285160,43138.227084,2213113.739327,0.000000,,,0,0,,,,,2.476384,
tabu,pyvrp_X110_HD,109,13,2.000000,200,1895560.690638,33617.708896,1962796.108431,0.000000,,,0,1,,,,,2.684681,
tabu,pyvrp_X120_FSMF,119,12,2.000000,10,3186660.025033,88689.919291,3364039.863614,0.000000,,,0,1,,,,,1.821624,
tabu,hfvrp_n200_m40_s05,200,40,2.000000,1796906705480486928,20266.368023,13175.530725,46617.429473,0.000000,,,0,1,,,,,32.611589,
tabu,pyvrp_X110_HD,109,13,2.000000,999,1895560.690638,33617.708896,1962796.108431,0.000000,,,0,1,,,,,2.667443,
tabu,hfvrp_n200_m40_s04,200,40,2.000000,19345,21941.667301,11035.290195,44012.247692,0.000000,,,0,1,,,,,48.830044,
tabu,pyvrp_X115_HVRP,114,18,2.000000,100,2126837.285160,43138.227084,2213113.739327,0.000000,,,0,0,,,,,2.506297,
tabu,pyvrp_X120_FSMF,119,12,2.000000,50,3186660.025033,88689.919291,3364039.863614,0.000000,,,0,1,,,,,1.824016,
tabu,pyvrp_X110_HD,109,13,2.000000,1234,1895560.690638,33617.708896,1962796.108431,0.000000,,,0,1,,,,,2.685205,
tabu,pyvrp_X115_HVRP,114,18,2.000000,200,2126837.285160,43138.227084,2213113.739327,0.000000,,,0,0,,,,,2.476451,
tabu,pyvrp_X120_FSMF,119,12,2.000000,75,3186660.025033,88689.919291,3364039.863614,0.000000,,,0,1,,,,,1.830166,
tabu,pyvrp_X110_HD,109,13,2.000000,9999,1895560.690638,33617.708896,1962796.108431,0.000000,,,0,1,,,,,2.672237,
tabu,pyvrp_X115_HVRP,114,18,2.000000,999,2126837.285160,43138.227084,2213113.739327,0.000000,,,0,0,,,,,2.464063,
tabu,hfvrp_n200_m40_s03,200,40,2.000000,1796907078266936582,20841.491835,16024.845557,52891.182950,0.000000,,,0,1,,,,,60.501668,
tabu,pyvrp_X120_FSMF,119,12,2.000000,100,3186660.025033,88689.919291,3364039.863614,0.000000,,,0,1,,,,,1.821366,
tabu,pyvrp_X110_HD,109,13,2.000000,19345,1895560.690638,33617.708896,1962796.108431,0.000000,,,0,1,,,,,2.667496,
tabu,pyvrp_X115_HVRP,114,18,2.000000,1234,2126837.285160,43138.227084,2213113.739327,0.000000,,,0,0,,,,,2.465192,
tabu,pyvrp_X120_FSMF,119,12,2.000000,200,3186660.025033,88689.919291,3364039.863614,0.000000,,,0,1,,,,,1.818558,
tabu,pyvrp_X110_HD,109,13,2.000000,1796904112319608419,1895560.690638,33617.708896,1962796.108431,0.000000,,,0,1,,,,,2.668992,
tabu,pyvrp_X115_HVRP,114,18,2.000000,9999,2126837.285160,43138.227084,2213113.739327,0.000000,,,0,0,,,,,2.449844,
tabu,hfvrp_n200_m40_s04,200,40,2.000000,1796904207723163002,21941.667301,11035.290195,44012.247692,0.000000,,,0,1,,,,,48.806637,
tabu,pyvrp_X120_FSMF,119,12,2.000000,999,3186660.025033,88689.919291,3364039.863614,0.000000,,,0,1,,,,,1.831989,
tabu,pyvrp_X115_HVRP,114,18,2.000000,19345,2126837.285160,43138.227084,2213113.739327,0.000000,,,0,0,,,,,2.467546,
tabu,pyvrp_X120_FSMF,119,12,2.000000,1234,3186660.025033,88689.919291,3364039.863614,0.000000,,,0,1,,,,,1.760404,
tabu,pyvrp_X115_HVRP,114,18,2.000000,1796904073842660460,2126837.285160,43138.227084,2213113.739327,0.000000,,,0,0,,,,,2.451579,
tabu,pyvrp_X120_FSMF,119,12,2.000000,9999,3186660.025033,88689.919291,3364039.863614,0.000000,,,0,1,,,,,1.823713,
tabu,pyvrp_X120_FSMF,119,12,2.000000,19345,3186660.025033,88689.919291,3364039.863614,0.000000,,,0,1,,,,,1.769885,
tabu,pyvrp_X120_FSMF,119,12,2.000000,1796904800538600979,3186660.025033,88689.919291,3364039.863614,0.000000,,,0,1,,,,,1.754965,
ga,ex1_1v_feasible,2,1,2.000000,1796866059011665061,84.142136,50.000000,184.142136,0.000000,,,0,1,,,,,0.015141,DEFAULT
ga,ex2_1v_infeasible,2,1,2.000000,1796866063306872133,70.000000,0.000000,70.000000,0.000000,,,0,0,,,,,0.015347,DEFAULT
ga,ex1_1v_feasible,2,1,2.000000,1796866123454675247,84.142136,50.000000,184.142136,0.000000,,,0,1,,,,,0.001625,SMALL
ga,ex2_1v_infeasible,2,1,2.000000,1796866127750112117,70.000000,0.000000,70.000000,0.000000,,,0,0,,,,,0.001638,SMALL
ga,hfvrp_n001_m03_s01,1,3,2.000000,1796866119150079992,87.334995,168.337487,424.009968,0.000000,,,0,1,,,,,0.013728,DEFAULT
ga,ex3_3v_all_feasible,3,3,2.000000,1796866084784479565,162.000000,20.000000,202.000000,0.000000,,,0,1,,,,,0.019877,DEFAULT
ga,ex5_3v_one_used_feasible,3,3,2.000000,1796866114852797142,115.798990,50.000000,215.798990,0.000000,,,0,1,,,,,0.019177,DEFAULT
ga,ex4_3v_infeasible,4,3,2.000000,1796866106260318507,141.798990,0.000000,141.798990,0.000000,,,0,0,,,,,0.022358,DEFAULT
ga,hfvrp_n001_m03_s01,1,3,2.000000,1796866140642180479,87.334995,168.337487,424.009968,0.000000,,,0,1,,,,,0.001338,SMALL
ga,ex5_3v_one_used_feasible,3,3,2.000000,1796866149235255177,115.798990,50.000000,215.798990,0.000000,,,0,1,,,,,0.002090,SMALL
ga,ex3_3v_all_feasible,3,3,2.000000,1796866144940299222,162.000000,20.000000,202.000000,0.000000,,,0,1,,,,,0.002449,SMALL
ga,ex4_3v_infeasible,4,3,2.000000,1796866153531469126,141.798990,0.000000,141.798990,0.000000,,,0,0,,,,,0.002408,SMALL
ga,hfvrp_n001_m03_s01,1,3,2.000000,1796865882948990536,87.334995,168.337487,424.009968,0.000000,,,0,1,,,,,0.243744,MEDIUM
ga,ex1_1v_feasible,2,1,2.000000,1796866132049728385,84.142136,50.000000,184.142136,0.000000,,,0,1,,,,,0.294474,MEDIUM
ga,ex2_1v_infeasible,2,1,2.000000,1796866136345174572,70.000000,0.000000,70.000000,0.000000,,,0,0,,,,,0.299420,MEDIUM
ga,ex5_3v_one_used_feasible,3,3,2.000000,1796865887248309375,115.798990,50.000000,215.798990,0.000000,,,0,1,,,,,0.384579,MEDIUM
ga,ex3_3v_all_feasible,3,3,2.000000,1796865891544010581,162.000000,20.000000,202.000000,0.000000,,,0,1,,,,,0.388797,MEDIUM
ga,ex4_3v_infeasible,4,3,2.000000,1796865895839202887,141.798990,0.000000,141.798990,0.000000,,,0,0,,,,,0.434183,MEDIUM
ga,hfvrp_n001_m03_s01,1,3,2.000000,1796865900376754971,87.334995,168.337487,424.009968,0.000000,,,0,1,,,,,0.717847,BIG
ga,hfvrp_n001_m03_s01,1,3,2.000000,1,87.334995,168.337487,424.009968,0.000000,,,0,1,,,,,0.016086,DEFAULT
ga,hfvrp_n001_m03_s01,1,3,2.000000,1,87.334995,168.337487,424.009968,0.000000,,,0,1,,,,,0.001331,SMALL
ga,ex1_1v_feasible,2,1,2.000000,1796865904714763864,84.142136,50.000000,184.142136,0.000000,,,0,1,,,,,0.879606,BIG
ga,ex2_1v_infeasible,2,1,2.000000,1796865909015380966,70.000000,0.000000,70.000000,0.000000,,,0,0,,,,,0.898443,BIG
ga,ex1_1v_feasible,2,1,2.000000,1,84.142136,50.000000,184.142136,0.000000,,,0,1,,,,,0.019281,DEFAULT
ga,ex1_1v_feasible,2,1,2.000000,1,84.142136,50.000000,184.142136,0.000000,,,0,1,,,,,0.005151,SMALL
ga,ex2_1v_infeasible,2,1,2.000000,1,70.000000,0.000000,70.000000,0.000000,,,0,0,,,,,0.017014,DEFAULT
ga,ex2_1v_infeasible,2,1,2.000000,1,70.000000,0.000000,70.000000,0.000000,,,0,0,,,,,0.001722,SMALL
ga,hfvrp_n001_m03_s01,1,3,2.000000,1,87.334995,168.337487,424.009968,0.000000,,,0,1,,,,,0.254964,MEDIUM
ga,ex1_1v_feasible,2,1,2.000000,1,84.142136,50.000000,184.142136,0.000000,,,0,1,,,,,0.296910,MEDIUM
ga,ex5_3v_one_used_feasible,3,3,2.000000,1796865913406477938,115.798990,50.000000,215.798990,0.000000,,,0,1,,,,,1.140929,BIG
ga,ex2_1v_infeasible,2,1,2.000000,1,70.000000,0.000000,70.000000,0.000000,,,0,0,,,,,0.297933,MEDIUM
ga,ex5_3v_one_used_feasible,3,3,2.000000,1,115.798990,50.000000,215.798990,0.000000,,,0,1,,,,,0.023536,DEFAULT
ga,ex5_3v_one_used_feasible,3,3,2.000000,1,115.798990,50.000000,215.798990,0.000000,,,0,1,,,,,0.003981,SMALL
ga,ex3_3v_all_feasible,3,3,2.000000,1796865917706402698,162.000000,20.000000,202.000000,0.000000,,,0,1,,,,,1.198969,BIG
ga,ex3_3v_all_feasible,3,3,2.000000,1,162.000000,20.000000,202.000000,0.000000,,,0,1,,,,,0.020458,DEFAULT
ga,ex3_3v_all_feasible,3,3,2.000000,1,162.000000,20.000000,202.000000,0.000000,,,0,1,,,,,0.003912,SMALL
ga,ex4_3v_infeasible,4,3,2.000000,1796865922047049435,141.798990,0.000000,141.798990,0.000000,,,0,0,,,,,1.325521,BIG
ga,ex4_3v_infeasible,4,3,2.000000,1,141.798990,0.000000,141.798990,0.000000,,,0,0,,,,,0.026508,DEFAULT
ga,ex4_3v_infeasible,4,3,2.000000,1,141.798990,0.000000,141.798990,0.000000,,,0,0,,,,,0.004766,SMALL
ga,ex5_3v_one_used_feasible,3,3,2.000000,1,115.798990,50.000000,215.798990,0.000000,,,0,1,,,,,0.382041,MEDIUM
ga,hfvrp_n001_m03_s01,1,3,2.000000,1,87.334995,168.337487,424.009968,0.000000,,,0,1,,,,,0.742011,BIG
ga,ex3_3v_all_feasible,3,3,2.000000,1,162.000000,20.000000,202.000000,0.000000,,,0,1,,,,,0.393400,MEDIUM
ga,hfvrp_n001_m03_s01,1,3,2.000000,10,87.334995,168.337487,424.009968,0.000000,,,0,1,,,,,0.017433,DEFAULT
ga,hfvrp_n001_m03_s01,1,3,2.000000,10,87.334995,168.337487,424.009968,0.000000,,,0,1,,,,,0.001242,SMALL
ga,ex4_3v_infeasible,4,3,2.000000,1,141.798990,0.000000,141.798990,0.000000,,,0,0,,,,,0.433459,MEDIUM
ga,hfvrp_n001_m03_s01,1,3,2.000000,10,87.334995,168.337487,424.009968,0.000000,,,0,1,,,,,0.238001,MEDIUM
ga,ex1_1v_feasible,2,1,2.000000,1,84.142136,50.000000,184.142136,0.000000,,,0,1,,,,,0.893541,BIG
ga,ex2_1v_infeasible,2,1,2.000000,1,70.000000,0.000000,70.000000,0.000000,,,0,0,,,,,0.906118,BIG
ga,ex1_1v_feasible,2,1,2.000000,10,84.142136,50.000000,184.142136,0.000000,,,0,1,,,,,0.020383,DEFAULT
ga,ex1_1v_feasible,2,1,2.000000,10,84.142136,50.000000,184.142136,0.000000,,,0,1,,,,,0.002249,SMALL
ga,ex2_1v_infeasible,2,1,2.000000,10,70.000000,0.000000,70.000000,0.000000,,,0,0,,,,,0.018987,DEFAULT
ga,ex2_1v_infeasible,2,1,2.000000,10,70.000000,0.000000,70.000000,0.000000,,,0,0,,,,,0.002258,SMALL
ga,ex1_1v_feasible,2,1,2.000000,10,84.142136,50.000000,184.142136,0.000000,,,0,1,,,,,0.293204,MEDIUM
ga,ex2_1v_infeasible,2,1,2.000000,10,70.000000,0.000000,70.000000,0.000000,,,0,0,,,,,0.299304,MEDIUM
ga,hfvrp_n001_m03_s01,1,3,2.000000,10,87.334995,168.337487,424.009968,0.000000,,,0,1,,,,,0.729635,BIG
ga,hfvrp_n001_m03_s01,1,3,2.000000,50,87.334995,168.337487,424.009968,0.000000,,,0,1,,,,,0.012449,DEFAULT
ga,hfvrp_n001_m03_s01,1,3,2.000000,50,87.334995,168.337487,424.009968,0.000000,,,0,1,,,,,0.001303,SMALL
ga,ex5_3v_one_used_feasible,3,3,2.000000,1,115.798990,50.000000,215.798990,0.000000,,,0,1,,,,,1.139378,BIG
ga,ex5_3v_one_used_feasible,3,3,2.000000,10,115.798990,50.000000,215.798990,0.000000,,,0,1,,,,,0.022461,DEFAULT
ga,ex5_3v_one_used_feasible,3,3,2.000000,10,115.798990,50.000000,215.798990,0.000000,,,0,1,,,,,0.005787,SMALL
ga,ex3_3v_all_feasible,3,3,2.000000,1,162.000000,20.000000,202.000000,0.000000,,,0,1,,,,,1.173578,BIG
ga,ex3_3v_all_feasible,3,3,2.000000,10,162.000000,20.000000,202.000000,0.000000,,,0,1,,,,,0.021070,DEFAULT
ga,ex3_3v_all_feasible,3,3,2.000000,10,162.000000,20.000000,202.000000,0.000000,,,0,1,,,,,0.002162,SMALL
ga,hfvrp_n001_m03_s01,1,3,2.000000,50,87.334995,168.337487,424.009968,0.000000,,,0,1,,,,,0.255250,MEDIUM
ga,ex5_3v_one_used_feasible,3,3,2.000000,10,115.798990,50.000000,215.798990,0.000000,,,0,1,,,,,0.383089,MEDIUM
ga,ex4_3v_infeasible,4,3,2.000000,1,141.798990,0.000000,141.798990,0.000000,,,0,0,,,,,1.329429,BIG
ga,ex4_3v_infeasible,4,3,2.000000,10,141.798990,0.000000,141.798990,0.000000,,,0,0,,,,,0.026078,DEFAULT
ga,ex4_3v_infeasible,4,3,2.000000,10,141.798990,0.000000,141.798990,0.000000,,,0,0,,,,,0.004521,SMALL
ga,ex3_3v_all_feasible,3,3,2.000000,10,162.000000,20.000000,202.000000,0.000000,,,0,1,,,,,0.392830,MEDIUM
ga,ex1_1v_feasible,2,1,2.000000,10,84.142136,50.000000,184.142136,0.000000,,,0,1,,,,,0.902900,BIG
ga,ex2_1v_infeasible,2,1,2.000000,10,70.000000,0.000000,70.000000,0.000000,,,0,0,,,,,0.910759,BIG
ga,ex1_1v_feasible,2,1,2.000000,50,84.142136,50.000000,184.142136,0.000000,,,0,1,,,,,0.018785,DEFAULT
ga,ex1_1v_feasible,2,1,2.000000,50,84.142136,50.000000,184.142136,0.000000,,,0,1,,,,,0.001619,SMALL
ga,ex2_1v_infeasible,2,1,2.000000,50,70.000000,0.000000,70.000000,0.000000,,,0,0,,,,,0.016128,DEFAULT
ga,ex2_1v_infeasible,2,1,2.000000,50,70.000000,0.000000,70.000000,0.000000,,,0,0,,,,,0.001623,SMALL
ga,ex1_1v_feasible,2,1,2.000000,50,84.142136,50.000000,184.142136,0.000000,,,0,1,,,,,0.292961,MEDIUM
ga,ex2_1v_infeasible,2,1,2.000000,50,70.000000,0.000000,70.000000,0.000000,,,0,0,,,,,0.298972,MEDIUM
ga,hfvrp_n001_m03_s01,1,3,2.000000,50,87.334995,168.337487,424.009968,0.000000,,,0,1,,,,,0.738371,BIG
ga,ex4_3v_infeasible,4,3,2.000000,10,141.798990,0.000000,141.798990,0.000000,,,0,0,,,,,0.445679,MEDIUM
ga,hfvrp_n001_m03_s01,1,3,2.000000,75,87.334995,168.337487,424.009968,0.000000,,,0,1,,,,,0.015322,DEFAULT
ga,hfvrp_n001_m03_s01,1,3,2.000000,75,87.334995,168.337487,424.009968,0.000000,,,0,1,,,,,0.001336,SMALL
ga,hfvrp_n001_m03_s01,1,3,2.000000,75,87.334995,168.337487,424.009968,0.000000,,,0,1,,,,,0.243888,MEDIUM
ga,ex5_3v_one_used_feasible,3,3,2.000000,10,115.798990,50.000000,215.798990,0.000000,,,0,1,,,,,1.156535,BIG
ga,ex5_3v_one_used_feasible,3,3,2.000000,50,115.798990,50.000000,215.798990,0.000000,,,0,1,,,,,0.021877,DEFAULT
ga,ex5_3v_one_used_feasible,3,3,2.000000,50,115.798990,50.000000,215.798990,0.000000,,,0,1,,,,,0.002063,SMALL
ga,ex3_3v_all_feasible,3,3,2.000000,10,162.000000,20.000000,202.000000,0.000000,,,0,1,,,,,1.177307,BIG
ga,ex3_3v_all_feasible,3,3,2.000000,50,162.000000,20.000000,202.000000,0.000000,,,0,1,,,,,0.019865,DEFAULT
ga,ex3_3v_all_feasible,3,3,2.000000,50,162.000000,20.000000,202.000000,0.000000,,,0,1,,,,,0.004083,SMALL
ga,ex1_1v_feasible,2,1,2.000000,50,84.142136,50.000000,184.142136,0.000000,,,0,1,,,,,0.895931,BIG
ga,ex1_1v_feasible,2,1,2.000000,75,84.142136,50.000000,184.142136,0.000000,,,0,1,,,,,0.019084,DEFAULT
ga,ex2_1v_infeasible,2,1,2.000000,50,70.000000,0.000000,70.000000,0.000000,,,0,0,,,,,0.899256,BIG
ga,ex1_1v_feasible,2,1,2.000000,75,84.142136,50.000000,184.142136,0.000000,,,0,1,,,,,0.001633,SMALL
ga,ex2_1v_infeasible,2,1,2.000000,75,70.000000,0.000000,70.000000,0.000000,,,0,0,,,,,0.015239,DEFAULT
ga,ex2_1v_infeasible,2,1,2.000000,75,70.000000,0.000000,70.000000,0.000000,,,0,0,,,,,0.001635,SMALL
ga,hfvrp_n001_m03_s01,1,3,2.000000,75,87.334995,168.337487,424.009968,0.000000,,,0,1,,,,,0.736311,BIG
ga,hfvrp_n001_m03_s01,1,3,2.000000,100,87.334995,168.337487,424.009968,0.000000,,,0,1,,,,,0.015415,DEFAULT
ga,hfvrp_n001_m03_s01,1,3,2.000000,100,87.334995,168.337487,424.009968,0.000000,,,0,1,,,,,0.002582,SMALL
ga,ex5_3v_one_used_feasible,3,3,2.000000,50,115.798990,50.000000,215.798990,0.000000,,,0,1,,,,,0.391886,MEDIUM
ga,ex1_1v_feasible,2,1,2.000000,75,84.142136,50.000000,184.142136,0.000000,,,0,1,,,,,0.299765,MEDIUM
ga,ex3_3v_all_feasible,3,3,2.000000,50,162.000000,20.000000,202.000000,0.000000,,,0,1,,,,,0.399967,MEDIUM
ga,ex2_1v_infeasible,2,1,2.000000,75,70.000000,0.000000,70.000000,0.000000,,,0,0,,,,,0.303222,MEDIUM
ga,hfvrp_n001_m03_s01,1,3,2.000000,100,87.334995,168.337487,424.009968,0.000000,,,0,1,,,,,0.243344,MEDIUM
ga,ex4_3v_infeasible,4,3,2.000000,10,141.798990,0.000000,141.798990,0.000000,,,0,0,,,,,1.334920,BIG
ga,ex4_3v_infeasible,4,3,2.000000,50,141.798990,0.000000,141.798990,0.000000,,,0,0,,,,,0.022192,DEFAULT
ga,ex4_3v_infeasible,4,3,2.000000,50,141.798990,0.000000,141.798990,0.000000,,,0,0,,,,,0.005474,SMALL
ga,ex4_3v_infeasible,4,3,2.000000,50,141.798990,0.000000,141.798990,0.000000,,,0,0,,,,,0.431732,MEDIUM
ga,hfvrp_n001_m03_s01,1,3,2.000000,100,87.334995,168.337487,424.009968,0.000000,,,0,1,,,,,0.733340,BIG
ga,ex1_1v_feasible,2,1,2.000000,75,84.142136,50.000000,184.142136,0.000000,,,0,1,,,,,0.879547,BIG
ga,hfvrp_n001_m03_s01,1,3,2.000000,200,87.334995,168.337487,424.009968,0.000000,,,0,1,,,,,0.016121,DEFAULT
ga,ex1_1v_feasible,2,1,2.000000,100,84.142136,50.000000,184.142136,0.000000,,,0,1,,,,,0.016470,DEFAULT
ga,hfvrp_n001_m03_s01,1,3,2.000000,200,87.334995,168.337487,424.009968,0.000000,,,0,1,,,,,0.002780,SMALL
ga,ex1_1v_feasible,2,1,2.000000,100,84.142136,50.000000,184.142136,0.000000,,,0,1,,,,,0.001627,SMALL
ga,ex2_1v_infeasible,2,1,2.000000,75,70.000000,0.000000,70.000000,0.000000,,,0,0,,,,,0.911231,BIG
ga,ex2_1v_infeasible,2,1,2.000000,100,70.000000,0.000000,70.000000,0.000000,,,0,0,,,,,0.020432,DEFAULT
ga,ex2_1v_infeasible,2,1,2.000000,100,70.000000,0.000000,70.000000,0.000000,,,0,0,,,,,0.003047,SMALL
ga,ex5_3v_one_used_feasible,3,3,2.000000,50,115.798990,50.000000,215.798990,0.000000,,,0,1,,,,,1.144293,BIG
ga,ex5_3v_one_used_feasible,3,3,2.000000,75,115.798990,50.000000,215.798990,0.000000,,,0,1,,,,,0.021192,DEFAULT
ga,ex5_3v_one_used_feasible,3,3,2.000000,75,115.798990,50.000000,215.798990,0.000000,,,0,1,,,,,0.002076,SMALL
ga,hfvrp_n001_m03_s01,1,3,2.000000,200,87.334995,168.337487,424.009968,0.000000,,,0,1,,,,,0.250201,MEDIUM
ga,ex3_3v_all_feasible,3,3,2.000000,50,162.000000,20.000000,202.000000,0.000000,,,0,1,,,,,1.181256,BIG
ga,ex1_1v_feasible,2,1,2.000000,100,84.142136,50.000000,184.142136,0.000000,,,0,1,,,,,0.305949,MEDIUM
ga,ex3_3v_all_feasible,3,3,2.000000,75,162.000000,20.000000,202.000000,0.000000,,,0,1,,,,,0.019894,DEFAULT
ga,ex3_3v_all_feasible,3,3,2.000000,75,162.000000,20.000000,202.000000,0.000000,,,0,1,,,,,0.002141,SMALL
ga,ex2_1v_infeasible,2,1,2.000000,100,70.000000,0.000000,70.000000,0.000000,,,0,0,,,,,0.310473,MEDIUM
ga,ex5_3v_one_used_feasible,3,3,2.000000,75,115.798990,50.000000,215.798990,0.000000,,,0,1,,,,,0.383098,MEDIUM
ga,ex3_3v_all_feasible,3,3,2.000000,75,162.000000,20.000000,202.000000,0.000000,,,0,1,,,,,0.395787,MEDIUM
ga,hfvrp_n001_m03_s01,1,3,2.000000,200,87.334995,168.337487,424.009968,0.000000,,,0,1,,,,,0.728809,BIG
ga,hfvrp_n001_m03_s01,1,3,2.000000,999,87.334995,168.337487,424.009968,0.000000,,,0,1,,,,,0.013837,DEFAULT
ga,hfvrp_n001_m03_s01,1,3,2.000000,999,87.334995,168.337487,424.009968,0.000000,,,0,1,,,,,0.001238,SMALL
ga,ex4_3v_infeasible,4,3,2.000000,50,141.798990,0.000000,141.798990,0.000000,,,0,0,,,,,1.336014,BIG
ga,ex4_3v_infeasible,4,3,2.000000,75,141.798990,0.000000,141.798990,0.000000,,,0,0,,,,,0.022163,DEFAULT
ga,ex4_3v_infeasible,4,3,2.000000,75,141.798990,0.000000,141.798990,0.000000,,,0,0,,,,,0.006068,SMALL
ga,ex1_1v_feasible,2,1,2.000000,100,84.142136,50.000000,184.142136,0.000000,,,0,1,,,,,0.890669,BIG
ga,ex1_1v_feasible,2,1,2.000000,200,84.142136,50.000000,184.142136,0.000000,,,0,1,,,,,0.014907,DEFAULT
ga,ex1_1v_feasible,2,1,2.000000,200,84.142136,50.000000,184.142136,0.000000,,,0,1,,,,,0.002872,SMALL
ga,hfvrp_n001_m03_s01,1,3,2.000000,999,87.334995,168.337487,424.009968,0.000000,,,0,1,,,,,0.251162,MEDIUM
ga,ex2_1v_infeasible,2,1,2.000000,100,70.000000,0.000000,70.000000,0.000000,,,0,0,,,,,0.925687,BIG
ga,ex2_1v_infeasible,2,1,2.000000,200,70.000000,0.000000,70.000000,0.000000,,,0,0,,,,,0.017995,DEFAULT
ga,ex2_1v_infeasible,2,1,2.000000,200,70.000000,0.000000,70.000000,0.000000,,,0,0,,,,,0.001587,SMALL
ga,ex1_1v_feasible,2,1,2.000000,200,84.142136,50.000000,184.142136,0.000000,,,0,1,,,,,0.297441,MEDIUM
ga,ex4_3v_infeasible,4,3,2.000000,75,141.798990,0.000000,141.798990,0.000000,,,0,0,,,,,0.444958,MEDIUM
ga,ex2_1v_infeasible,2,1,2.000000,200,70.000000,0.000000,70.000000,0.000000,,,0,0,,,,,0.297738,MEDIUM
ga,ex5_3v_one_used_feasible,3,3,2.000000,75,115.798990,50.000000,215.798990,0.000000,,,0,1,,,,,1.146973,BIG
ga,ex5_3v_one_used_feasible,3,3,2.000000,100,115.798990,50.000000,215.798990,0.000000,,,0,1,,,,,0.020131,DEFAULT
ga,ex5_3v_one_used_feasible,3,3,2.000000,100,115.798990,50.000000,215.798990,0.000000,,,0,1,,,,,0.001923,SMALL
ga,ex3_3v_all_feasible,3,3,2.000000,75,162.000000,20.000000,202.000000,0.000000,,,0,1,,,,,1.180126,BIG
ga,ex3_3v_all_feasible,3,3,2.000000,100,162.000000,20.000000,202.000000,0.000000,,,0,1,,,,,0.021196,DEFAULT
ga,ex3_3v_all_feasible,3,3,2.000000,100,162.000000,20.000000,202.000000,0.000000,,,0,1,,,,,0.002026,SMALL
ga,hfvrp_n001_m03_s01,1,3,2.000000,999,87.334995,168.337487,424.009968,0.000000,,,0,1,,,,,0.736181,BIG
ga,hfvrp_n001_m03_s01,1,3,2.000000,1234,87.334995,168.337487,424.009968,0.000000,,,0,1,,,,,0.013965,DEFAULT
ga,hfvrp_n001_m03_s01,1,3,2.000000,1234,87.334995,168.337487,424.009968,0.000000,,,0,1,,,,,0.003750,SMALL
ga,ex5_3v_one_used_feasible,3,3,2.000000,100,115.798990,50.000000,215.798990,0.000000,,,0,1,,,,,0.380788,MEDIUM
ga,hfvrp_n001_m03_s01,1,3,2.000000,1234,87.334995,168.337487,424.009968,0.000000,,,0,1,,,,,0.243829,MEDIUM
ga,ex3_3v_all_feasible,3,3,2.000000,100,162.000000,20.000000,202.000000,0.000000,,,0,1,,,,,0.393649,MEDIUM
ga,ex1_1v_feasible,2,1,2.000000,200,84.142136,50.000000,184.142136,0.000000,,,0,1,,,,,0.887524,BIG
ga,ex1_1v_feasible,2,1,2.000000,999,84.142136,50.000000,184.142136,0.000000,,,0,1,,,,,0.017248,DEFAULT
ga,ex1_1v_feasible,2,1,2.000000,999,84.142136,50.000000,184.142136,0.000000,,,0,1,,,,,0.003623,SMALL
ga,ex2_1v_infeasible,2,1,2.000000,200,70.000000,0.000000,70.000000,0.000000,,,0,0,,,,,0.900577,BIG
ga,ex2_1v_infeasible,2,1,2.000000,999,70.000000,0.000000,70.000000,0.000000,,,0,0,,,,,0.016588,DEFAULT
ga,ex2_1v_infeasible,2,1,2.000000,999,70.000000,0.000000,70.000000,0.000000,,,0,0,,,,,0.001633,SMALL
ga,ex1_1v_feasible,2,1,2.000000,999,84.142136,50.000000,184.142136,0.000000,,,0,1,,,,,0.299405,MEDIUM
ga,ex4_3v_infeasible,4,3,2.000000,75,141.798990,0.000000,141.798990,0.000000,,,0,0,,,,,1.331610,BIG
ga,ex2_1v_infeasible,2,1,2.000000,999,70.000000,0.000000,70.000000,0.000000,,,0,0,,,,,0.302477,MEDIUM
ga,ex4_3v_infeasible,4,3,2.000000,100,141.798990,0.000000,141.798990,0.000000,,,0,0,,,,,0.022016,DEFAULT
ga,ex4_3v_infeasible,4,3,2.000000,100,141.798990,0.000000,141.798990,0.000000,,,0,0,,,,,0.005060,SMALL
ga,hfvrp_n001_m03_s01,1,3,2.000000,1234,87.334995,168.337487,424.009968,0.000000,,,0,1,,,,,0.741776,BIG
ga,hfvrp_n001_m03_s01,1,3,2.000000,9999,87.334995,168.337487,424.009968,0.000000,,,0,1,,,,,0.013177,DEFAULT
ga,hfvrp_n001_m03_s01,1,3,2.000000,9999,87.334995,168.337487,424.009968,0.000000,,,0,1,,,,,0.001233,SMALL
ga,ex5_3v_one_used_feasible,3,3,2.000000,100,115.798990,50.000000,215.798990,0.000000,,,0,1,,,,,1.151635,BIG
ga,ex5_3v_one_used_feasible,3,3,2.000000,200,115.798990,50.000000,215.798990,0.000000,,,0,1,,,,,0.021095,DEFAULT
ga,ex5_3v_one_used_feasible,3,3,2.000000,200,115.798990,50.000000,215.798990,0.000000,,,0,1,,,,,0.002054,SMALL
ga,hfvrp_n001_m03_s01,1,3,2.000000,9999,87.334995,168.337487,424.009968,0.000000,,,0,1,,,,,0.243817,MEDIUM
ga,ex4_3v_infeasible,4,3,2.000000,100,141.798990,0.000000,141.798990,0.000000,,,0,0,,,,,0.442465,MEDIUM
ga,ex3_3v_all_feasible,3,3,2.000000,100,162.000000,20.000000,202.000000,0.000000,,,0,1,,,,,1.194764,BIG
ga,ex3_3v_all_feasible,3,3,2.000000,200,162.000000,20.000000,202.000000,0.000000,,,0,1,,,,,0.020864,DEFAULT
ga,ex3_3v_all_feasible,3,3,2.000000,200,162.000000,20.000000,202.000000,0.000000,,,0,1,,,,,0.002144,SMALL
ga,ex1_1v_feasible,2,1,2.000000,999,84.142136,50.000000,184.142136,0.000000,,,0,1,,,,,0.905416,BIG
ga,ex5_3v_one_used_feasible,3,3,2.000000,200,115.798990,50.000000,215.798990,0.000000,,,0,1,,,,,0.384674,MEDIUM
ga,ex1_1v_feasible,2,1,2.000000,1234,84.142136,50.000000,184.142136,0.000000,,,0,1,,,,,0.019223,DEFAULT
ga,ex1_1v_feasible,2,1,2.000000,1234,84.142136,50.000000,184.142136,0.000000,,,0,1,,,,,0.004549,SMALL
ga,ex2_1v_infeasible,2,1,2.000000,999,70.000000,0.000000,70.000000,0.000000,,,0,0,,,,,0.910007,BIG
ga,ex2_1v_infeasible,2,1,2.000000,1234,70.000000,0.000000,70.000000,0.000000,,,0,0,,,,,0.015099,DEFAULT
ga,ex2_1v_infeasible,2,1,2.000000,1234,70.000000,0.000000,70.000000,0.000000,,,0,0,,,,,0.001636,SMALL
ga,ex3_3v_all_feasible,3,3,2.000000,200,162.000000,20.000000,202.000000,0.000000,,,0,1,,,,,0.405342,MEDIUM
ga,ex1_1v_feasible,2,1,2.000000,1234,84.142136,50.000000,184.142136,0.000000,,,0,1,,,,,0.300204,MEDIUM
ga,hfvrp_n001_m03_s01,1,3,2.000000,9999,87.334995,168.337487,424.009968,0.000000,,,0,1,,,,,0.737408,BIG
ga,hfvrp_n001_m03_s01,1,3,2.000000,19345,87.334995,168.337487,424.009968,0.000000,,,0,1,,,,,0.013061,DEFAULT
ga,hfvrp_n001_m03_s01,1,3,2.000000,19345,87.334995,168.337487,424.009968,0.000000,,,0,1,,,,,0.001341,SMALL
ga,ex2_1v_infeasible,2,1,2.000000,1234,70.000000,0.000000,70.000000,0.000000,,,0,0,,,,,0.307262,MEDIUM
ga,hfvrp_n001_m03_s01,1,3,2.000000,19345,87.334995,168.337487,424.009968,0.000000,,,0,1,,,,,0.245656,MEDIUM
ga,ex4_3v_infeasible,4,3,2.000000,100,141.798990,0.000000,141.798990,0.000000,,,0,0,,,,,1.328640,BIG
ga,ex4_3v_infeasible,4,3,2.000000,200,141.798990,0.000000,141.798990,0.000000,,,0,0,,,,,0.026020,DEFAULT
ga,ex4_3v_infeasible,4,3,2.000000,200,141.798990,0.000000,141.798990,0.000000,,,0,0,,,,,0.005031,SMALL
ga,ex5_3v_one_used_feasible,3,3,2.000000,200,115.798990,50.000000,215.798990,0.000000,,,0,1,,,,,1.147874,BIG
ga,ex5_3v_one_used_feasible,3,3,2.000000,999,115.798990,50.000000,215.798990,0.000000,,,0,1,,,,,0.019119,DEFAULT
ga,ex5_3v_one_used_feasible,3,3,2.000000,999,115.798990,50.000000,215.798990,0.000000,,,0,1,,,,,0.002083,SMALL
ga,ex1_1v_feasible,2,1,2.000000,1234,84.142136,50.000000,184.142136,0.000000,,,0,1,,,,,0.905860,BIG
ga,ex1_1v_feasible,2,1,2.000000,9999,84.142136,50.000000,184.142136,0.000000,,,0,1,,,,,0.019208,DEFAULT
ga,ex1_1v_feasible,2,1,2.000000,9999,84.142136,50.000000,184.142136,0.000000,,,0,1,,,,,0.004525,SMALL
ga,ex2_1v_infeasible,2,1,2.000000,1234,70.000000,0.000000,70.000000,0.000000,,,0,0,,,,,0.912949,BIG
ga,hfvrp_n001_m03_s01,1,3,2.000000,19345,87.334995,168.337487,424.009968,0.000000,,,0,1,,,,,0.737212,BIG
ga,ex2_1v_infeasible,2,1,2.000000,9999,70.000000,0.000000,70.000000,0.000000,,,0,0,,,,,0.015145,DEFAULT
ga,ex2_1v_infeasible,2,1,2.000000,9999,70.000000,0.000000,70.000000,0.000000,,,0,0,,,,,0.001635,SMALL
ga,hfvrp_n001_m03_s01,1,3,2.000000,1796874144916607281,87.334995,168.337487,424.009968,0.000000,,,0,1,,,,,0.013523,DEFAULT
ga,hfvrp_n001_m03_s01,1,3,2.000000,1796874136348482863,87.334995,168.337487,424.009968,0.000000,,,0,1,,,,,0.004187,SMALL
ga,ex3_3v_all_feasible,3,3,2.000000,200,162.000000,20.000000,202.000000,0.000000,,,0,1,,,,,1.195967,BIG
ga,ex3_3v_all_feasible,3,3,2.000000,999,162.000000,20.000000,202.000000,0.000000,,,0,1,,,,,0.019984,DEFAULT
ga,ex3_3v_all_feasible,3,3,2.000000,999,162.000000,20.000000,202.000000,0.000000,,,0,1,,,,,0.002102,SMALL
ga,ex4_3v_infeasible,4,3,2.000000,200,141.798990,0.000000,141.798990,0.000000,,,0,0,,,,,0.460395,MEDIUM
ga,ex5_3v_one_used_feasible,3,3,2.000000,999,115.798990,50.000000,215.798990,0.000000,,,0,1,,,,,0.398360,MEDIUM
ga,ex1_1v_feasible,2,1,2.000000,9999,84.142136,50.000000,184.142136,0.000000,,,0,1,,,,,0.304276,MEDIUM
ga,hfvrp_n001_m03_s01,1,3,2.000000,1796874157833286744,87.334995,168.337487,424.009968,0.000000,,,0,1,,,,,0.248035,MEDIUM
ga,ex2_1v_infeasible,2,1,2.000000,9999,70.000000,0.000000,70.000000,0.000000,,,0,0,,,,,0.304127,MEDIUM
ga,ex3_3v_all_feasible,3,3,2.000000,999,162.000000,20.000000,202.000000,0.000000,,,0,1,,,,,0.390037,MEDIUM
ga,hfvrp_n001_m03_s01,1,3,2.000000,1796874188154188935,87.334995,168.337487,424.009968,0.000000,,,0,1,,,,,0.720755,BIG
ga,hfvrp_n001_m03_s02,1,3,2.000000,1796874257638049679,156.310634,50.546098,257.402830,0.000000,,,0,1,,,,,0.013925,DEFAULT
ga,ex1_1v_feasible,2,1,2.000000,9999,84.142136,50.000000,184.142136,0.000000,,,0,1,,,,,0.879927,BIG
ga,hfvrp_n001_m03_s02,1,3,2.000000,1796872904745380942,156.310634,50.546098,257.402830,0.000000,,,0,1,,,,,0.003682,SMALL
ga,ex1_1v_feasible,2,1,2.000000,19345,84.142136,50.000000,184.142136,0.000000,,,0,1,,,,,0.015083,DEFAULT
ga,ex1_1v_feasible,2,1,2.000000,19345,84.142136,50.000000,184.142136,0.000000,,,0,1,,,,,0.002385,SMALL
ga,ex2_1v_infeasible,2,1,2.000000,9999,70.000000,0.000000,70.000000,0.000000,,,0,0,,,,,0.888766,BIG
ga,ex2_1v_infeasible,2,1,2.000000,19345,70.000000,0.000000,70.000000,0.000000,,,0,0,,,,,0.016541,DEFAULT
ga,ex2_1v_infeasible,2,1,2.000000,19345,70.000000,0.000000,70.000000,0.000000,,,0,0,,,,,0.002984,SMALL
ga,ex5_3v_one_used_feasible,3,3,2.000000,999,115.798990,50.000000,215.798990,0.000000,,,0,1,,,,,1.146762,BIG
ga,hfvrp_n001_m03_s02,1,3,2.000000,1796872926228511618,156.310634,50.546098,257.402830,0.000000,,,0,1,,,,,0.245943,MEDIUM
ga,ex5_3v_one_used_feasible,3,3,2.000000,1234,115.798990,50.000000,215.798990,0.000000,,,0,1,,,,,0.021645,DEFAULT
ga,ex5_3v_one_used_feasible,3,3,2.000000,1234,115.798990,50.000000,215.798990,0.000000,,,0,1,,,,,0.005817,SMALL
ga,ex1_1v_feasible,2,1,2.000000,19345,84.142136,50.000000,184.142136,0.000000,,,0,1,,,,,0.303507,MEDIUM
ga,ex4_3v_infeasible,4,3,2.000000,200,141.798990,0.000000,141.798990,0.000000,,,0,0,,,,,1.324952,BIG
ga,ex4_3v_infeasible,4,3,2.000000,999,141.798990,0.000000,141.798990,0.000000,,,0,0,,,,,0.022058,DEFAULT
ga,ex4_3v_infeasible,4,3,2.000000,999,141.798990,0.000000,141.798990,0.000000,,,0,0,,,,,0.006291,SMALL
ga,ex2_1v_infeasible,2,1,2.000000,19345,70.000000,0.000000,70.000000,0.000000,,,0,0,,,,,0.307756,MEDIUM
ga,ex3_3v_all_feasible,3,3,2.000000,999,162.000000,20.000000,202.000000,0.000000,,,0,1,,,,,1.186164,BIG
ga,ex3_3v_all_feasible,3,3,2.000000,1234,162.000000,20.000000,202.000000,0.000000,,,0,1,,,,,0.023103,DEFAULT
ga,ex3_3v_all_feasible,3,3,2.000000,1234,162.000000,20.000000,202.000000,0.000000,,,0,1,,,,,0.003776,SMALL
ga,ex5_3v_one_used_feasible,3,3,2.000000,1234,115.798990,50.000000,215.798990,0.000000,,,0,1,,,,,0.383674,MEDIUM
ga,ex4_3v_infeasible,4,3,2.000000,999,141.798990,0.000000,141.798990,0.000000,,,0,0,,,,,0.441130,MEDIUM
ga,hfvrp_n001_m03_s02,1,3,2.000000,1796872960838260560,156.310634,50.546098,257.402830,0.000000,,,0,1,,,,,0.731812,BIG
ga,hfvrp_n001_m03_s02,1,3,2.000000,1,156.310634,50.546098,257.402830,0.000000,,,0,1,,,,,0.016381,DEFAULT
ga,hfvrp_n001_m03_s02,1,3,2.000000,1,156.310634,50.546098,257.402830,0.000000,,,0,1,,,,,0.002583,SMALL
ga,ex3_3v_all_feasible,3,3,2.000000,1234,162.000000,20.000000,202.000000,0.000000,,,0,1,,,,,0.393094,MEDIUM
ga,ex1_1v_feasible,2,1,2.000000,19345,84.142136,50.000000,184.142136,0.000000,,,0,1,,,,,0.898753,BIG
ga,hfvrp_n001_m03_s02,1,3,2.000000,1,156.310634,50.546098,257.402830,0.000000,,,0,1,,,,,0.239995,MEDIUM
ga,ex1_1v_feasible,2,1,2.000000,1796872845880154095,84.142136,50.000000,184.142136,0.000000,,,0,1,,,,,0.018982,DEFAULT
ga,ex1_1v_feasible,2,1,2.000000,1796872871672874890,84.142136,50.000000,184.142136,0.000000,,,0,1,,,,,0.001627,SMALL
ga,ex2_1v_infeasible,2,1,2.000000,19345,70.000000,0.000000,70.000000,0.000000,,,0,0,,,,,0.904686,BIG
ga,ex2_1v_infeasible,2,1,2.000000,1796872880393188102,70.000000,0.000000,70.000000,0.000000,,,0,0,,,,,0.018959,DEFAULT
ga,ex2_1v_infeasible,2,1,2.000000,1796872876120863613,70.000000,0.000000,70.000000,0.000000,,,0,0,,,,,0.001511,SMALL
ga,ex1_1v_feasible,2,1,2.000000,1796872867383263891,84.142136,50.000000,184.142136,0.000000,,,0,1,,,,,0.294002,MEDIUM
ga,ex2_1v_infeasible,2,1,2.000000,1796872631312890520,70.000000,0.000000,70.000000,0.000000,,,0,0,,,,,0.298811,MEDIUM
ga,ex5_3v_one_used_feasible,3,3,2.000000,1234,115.798990,50.000000,215.798990,0.000000,,,0,1,,,,,1.140707,BIG
ga,ex5_3v_one_used_feasible,3,3,2.000000,9999,115.798990,50.000000,215.798990,0.000000,,,0,1,,,,,0.020623,DEFAULT
ga,ex5_3v_one_used_feasible,3,3,2.000000,9999,115.798990,50.000000,215.798990,0.000000,,,0,1,,,,,0.003671,SMALL
ga,hfvrp_n001_m03_s02,1,3,2.000000,1,156.310634,50.546098,257.402830,0.000000,,,0,1,,,,,0.725239,BIG
ga,hfvrp_n001_m03_s02,1,3,2.000000,10,156.310634,50.546098,257.402830,0.000000,,,0,1,,,,,0.014409,DEFAULT
ga,hfvrp_n001_m03_s02,1,3,2.000000,10,156.310634,50.546098,257.402830,0.000000,,,0,1,,,,,0.003025,SMALL
ga,ex3_3v_all_feasible,3,3,2.000000,1234,162.000000,20.000000,202.000000,0.000000,,,0,1,,,,,1.180433,BIG
ga,ex5_3v_one_used_feasible,3,3,2.000000,9999,115.798990,50.000000,215.798990,0.000000,,,0,1,,,,,0.378275,MEDIUM
ga,ex3_3v_all_feasible,3,3,2.000000,9999,162.000000,20.000000,202.000000,0.000000,,,0,1,,,,,0.020462,DEFAULT
ga,hfvrp_n001_m03_s02,1,3,2.000000,10,156.310634,50.546098,257.402830,0.000000,,,0,1,,,,,0.243409,MEDIUM
ga,ex3_3v_all_feasible,3,3,2.000000,9999,162.000000,20.000000,202.000000,0.000000,,,0,1,,,,,0.004514,SMALL
ga,ex4_3v_infeasible,4,3,2.000000,999,141.798990,0.000000,141.798990,0.000000,,,0,0,,,,,1.412096,BIG
ga,ex4_3v_infeasible,4,3,2.000000,1234,141.798990,0.000000,141.798990,0.000000,,,0,0,,,,,0.023065,DEFAULT
ga,ex4_3v_infeasible,4,3,2.000000,1234,141.798990,0.000000,141.798990,0.000000,,,0,0,,,,,0.002325,SMALL
ga,ex1_1v_feasible,2,1,2.000000,1796872627162923177,84.142136,50.000000,184.142136,0.000000,,,0,1,,,,,0.893622,BIG
ga,hfvrp_n001_m03_s03,1,3,2.000000,1796872537912418982,130.438737,0.000000,130.438737,0.000000,,,0,1,,,,,0.014022,DEFAULT
ga,hfvrp_n001_m03_s03,1,3,2.000000,1796872533638956082,130.438737,0.000000,130.438737,0.000000,,,0,1,,,,,0.002696,SMALL
ga,ex2_1v_infeasible,2,1,2.000000,1796872623025692848,70.000000,0.000000,70.000000,0.000000,,,0,0,,,,,0.909612,BIG
ga,ex3_3v_all_feasible,3,3,2.000000,9999,162.000000,20.000000,202.000000,0.000000,,,0,1,,,,,0.397686,MEDIUM
ga,hfvrp_n001_m03_s04,1,3,2.000000,1796872606804811664,122.386776,0.000000,122.386776,0.000000,,,0,1,,,,,0.016163,DEFAULT
ga,hfvrp_n001_m03_s04,1,3,2.000000,1796873457229190510,122.386776,0.000000,122.386776,0.000000,,,0,1,,,,,0.001846,SMALL
ga,ex4_3v_infeasible,4,3,2.000000,1234,141.798990,0.000000,141.798990,0.000000,,,0,0,,,,,0.446417,MEDIUM
ga,hfvrp_n001_m03_s03,1,3,2.000000,1796872563710869512,130.438737,0.000000,130.438737,0.000000,,,0,1,,,,,0.248456,MEDIUM
ga,hfvrp_n001_m03_s04,1,3,2.000000,1796873452940768258,122.386776,0.000000,122.386776,0.000000,,,0,1,,,,,0.242432,MEDIUM
ga,hfvrp_n001_m03_s02,1,3,2.000000,10,156.310634,50.546098,257.402830,0.000000,,,0,1,,,,,0.734728,BIG
ga,hfvrp_n001_m03_s02,1,3,2.000000,50,156.310634,50.546098,257.402830,0.000000,,,0,1,,,,,0.013972,DEFAULT
ga,hfvrp_n001_m03_s02,1,3,2.000000,50,156.310634,50.546098,257.402830,0.000000,,,0,1,,,,,0.001335,SMALL
ga,hfvrp_n001_m03_s02,1,3,2.000000,50,156.310634,50.546098,257.402830,0.000000,,,0,1,,,,,0.238672,MEDIUM
ga,ex5_3v_one_used_feasible,3,3,2.000000,9999,115.798990,50.000000,215.798990,0.000000,,,0,1,,,,,1.162358,BIG
ga,ex5_3v_one_used_feasible,3,3,2.000000,19345,115.798990,50.000000,215.798990,0.000000,,,0,1,,,,,0.023069,DEFAULT
ga,ex5_3v_one_used_feasible,3,3,2.000000,19345,115.798990,50.000000,215.798990,0.000000,,,0,1,,,,,0.002097,SMALL
ga,hfvrp_n001_m03_s03,1,3,2.000000,1796873444431522534,130.438737,0.000000,130.438737,0.000000,,,0,1,,,,,0.729194,BIG
ga,hfvrp_n001_m03_s03,1,3,2.000000,1,130.438737,0.000000,130.438737,0.000000,,,0,1,,,,,0.014289,DEFAULT
ga,hfvrp_n001_m03_s03,1,3,2.000000,1,130.438737,0.000000,130.438737,0.000000,,,0,1,,,,,0.001331,SMALL
ga,hfvrp_n001_m03_s04,1,3,2.000000,1796873474661928563,122.386776,0.000000,122.386776,0.000000,,,0,1,,,,,0.731310,BIG
ga,hfvrp_n001_m03_s04,1,3,2.000000,1,122.386776,0.000000,122.386776,0.000000,,,0,1,,,,,0.012381,DEFAULT
ga,hfvrp_n001_m03_s04,1,3,2.000000,1,122.386776,0.000000,122.386776,0.000000,,,0,1,,,,,0.003663,SMALL
ga,hfvrp_n001_m03_s03,1,3,2.000000,1,130.438737,0.000000,130.438737,0.000000,,,0,1,,,,,0.249097,MEDIUM
ga,ex5_3v_one_used_feasible,3,3,2.000000,19345,115.798990,50.000000,215.798990,0.000000,,,0,1,,,,,0.393579,MEDIUM
ga,ex3_3v_all_feasible,3,3,2.000000,9999,162.000000,20.000000,202.000000,0.000000,,,0,1,,,,,1.203271,BIG
ga,ex3_3v_all_feasible,3,3,2.000000,19345,162.000000,20.000000,202.000000,0.000000,,,0,1,,,,,0.023560,DEFAULT
ga,ex3_3v_all_feasible,3,3,2.000000,19345,162.000000,20.000000,202.000000,0.000000,,,0,1,,,,,0.002098,SMALL
ga,hfvrp_n001_m03_s04,1,3,2.000000,1,122.386776,0.000000,122.386776,0.000000,,,0,1,,,,,0.260852,MEDIUM
ga,hfvrp_n001_m03_s02,1,3,2.000000,50,156.310634,50.546098,257.402830,0.000000,,,0,1,,,,,0.765000,BIG
ga,hfvrp_n001_m03_s02,1,3,2.000000,75,156.310634,50.546098,257.402830,0.000000,,,0,1,,,,,0.013762,DEFAULT
ga,hfvrp_n001_m03_s02,1,3,2.000000,75,156.310634,50.546098,257.402830,0.000000,,,0,1,,,,,0.001233,SMALL
ga,ex4_3v_infeasible,4,3,2.000000,1234,141.798990,0.000000,141.798990,0.000000,,,0,0,,,,,1.347321,BIG
ga,ex4_3v_infeasible,4,3,2.000000,9999,141.798990,0.000000,141.798990,0.000000,,,0,0,,,,,0.025154,DEFAULT
ga,ex4_3v_infeasible,4,3,2.000000,9999,141.798990,0.000000,141.798990,0.000000,,,0,0,,,,,0.005414,SMALL
ga,ex3_3v_all_feasible,3,3,2.000000,19345,162.000000,20.000000,202.000000,0.000000,,,0,1,,,,,0.393286,MEDIUM
ga,hfvrp_n001_m03_s02,1,3,2.000000,75,156.310634,50.546098,257.402830,0.000000,,,0,1,,,,,0.242050,MEDIUM
ga,hfvrp_n001_m03_s03,1,3,2.000000,1,130.438737,0.000000,130.438737,0.000000,,,0,1,,,,,0.740519,BIG
ga,hfvrp_n001_m03_s03,1,3,2.000000,10,130.438737,0.000000,130.438737,0.000000,,,0,1,,,,,0.016506,DEFAULT
ga,hfvrp_n001_m03_s03,1,3,2.000000,10,130.438737,0.000000,130.438737,0.000000,,,0,1,,,,,0.001327,SMALL
ga,ex4_3v_infeasible,4,3,2.000000,9999,141.798990,0.000000,141.798990,0.000000,,,0,0,,,,,0.445279,MEDIUM
ga,hfvrp_n001_m03_s04,1,3,2.000000,1,122.386776,0.000000,122.386776,0.000000,,,0,1,,,,,0.736522,BIG
ga,hfvrp_n001_m03_s04,1,3,2.000000,10,122.386776,0.000000,122.386776,0.000000,,,0,1,,,,,0.014044,DEFAULT
ga,hfvrp_n001_m03_s04,1,3,2.000000,10,122.386776,0.000000,122.386776,0.000000,,,0,1,,,,,0.003841,SMALL
ga,hfvrp_n001_m03_s03,1,3,2.000000,10,130.438737,0.000000,130.438737,0.000000,,,0,1,,,,,0.243924,MEDIUM
ga,ex5_3v_one_used_feasible,3,3,2.000000,19345,115.798990,50.000000,215.798990,0.000000,,,0,1,,,,,1.155652,BIG
ga,hfvrp_n001_m03_s04,1,3,2.000000,10,122.386776,0.000000,122.386776,0.000000,,,0,1,,,,,0.238855,MEDIUM
ga,ex5_3v_one_used_feasible,3,3,2.000000,1796873257702468121,115.798990,50.000000,215.798990,0.000000,,,0,1,,,,,0.019130,DEFAULT
ga,ex5_3v_one_used_feasible,3,3,2.000000,1796873262020175144,115.798990,50.000000,215.798990,0.000000,,,0,1,,,,,0.001904,SMALL
ga,hfvrp_n001_m03_s02,1,3,2.000000,75,156.310634,50.546098,257.402830,0.000000,,,0,1,,,,,0.732593,BIG
ga,hfvrp_n001_m03_s02,1,3,2.000000,100,156.310634,50.546098,257.402830,0.000000,,,0,1,,,,,0.012349,DEFAULT
ga,hfvrp_n001_m03_s02,1,3,2.000000,100,156.310634,50.546098,257.402830,0.000000,,,0,1,,,,,0.003051,SMALL
ga,hfvrp_n001_m03_s02,1,3,2.000000,100,156.310634,50.546098,257.402830,0.000000,,,0,1,,,,,0.236470,MEDIUM
ga,ex5_3v_one_used_feasible,3,3,2.000000,1796873266324661540,115.798990,50.000000,215.798990,0.000000,,,0,1,,,,,0.383017,MEDIUM
ga,ex3_3v_all_feasible,3,3,2.000000,19345,162.000000,20.000000,202.000000,0.000000,,,0,1,,,,,1.179276,BIG
ga,ex3_3v_all_feasible,3,3,2.000000,1796873052041751758,162.000000,20.000000,202.000000,0.000000,,,0,1,,,,,0.022606,DEFAULT
ga,ex3_3v_all_feasible,3,3,2.000000,1796873056366276198,162.000000,20.000000,202.000000,0.000000,,,0,1,,,,,0.006014,SMALL
ga,hfvrp_n001_m03_s03,1,3,2.000000,10,130.438737,0.000000,130.438737,0.000000,,,0,1,,,,,0.726627,BIG
ga,hfvrp_n001_m03_s03,1,3,2.000000,50,130.438737,0.000000,130.438737,0.000000,,,0,1,,,,,0.012469,DEFAULT
ga,hfvrp_n001_m03_s03,1,3,2.000000,50,130.438737,0.000000,130.438737,0.000000,,,0,1,,,,,0.002095,SMALL
ga,hfvrp_n001_m03_s04,1,3,2.000000,10,122.386776,0.000000,122.386776,0.000000,,,0,1,,,,,0.723472,BIG
ga,hfvrp_n001_m03_s04,1,3,2.000000,50,122.386776,0.000000,122.386776,0.000000,,,0,1,,,,,0.016552,DEFAULT
ga,hfvrp_n001_m03_s04,1,3,2.000000,50,122.386776,0.000000,122.386776,0.000000,,,0,1,,,,,0.002573,SMALL
ga,hfvrp_n001_m03_s03,1,3,2.000000,50,130.438737,0.000000,130.438737,0.000000,,,0,1,,,,,0.239106,MEDIUM
ga,ex3_3v_all_feasible,3,3,2.000000,1796873060671243903,162.000000,20.000000,202.000000,0.000000,,,0,1,,,,,0.390114,MEDIUM
ga,ex4_3v_infeasible,4,3,2.000000,9999,141.798990,0.000000,141.798990,0.000000,,,0,0,,,,,1.329708,BIG
ga,ex4_3v_infeasible,4,3,2.000000,19345,141.798990,0.000000,141.798990,0.000000,,,0,0,,,,,0.023187,DEFAULT
ga,ex4_3v_infeasible,4,3,2.000000,19345,141.798990,0.000000,141.798990,0.000000,,,0,0,,,,,0.005440,SMALL
ga,hfvrp_n001_m03_s04,1,3,2.000000,50,122.386776,0.000000,122.386776,0.000000,,,0,1,,,,,0.242007,MEDIUM
ga,hfvrp_n001_m03_s02,1,3,2.000000,100,156.310634,50.546098,257.402830,0.000000,,,0,1,,,,,0.733911,BIG
ga,hfvrp_n001_m03_s02,1,3,2.000000,200,156.310634,50.546098,257.402830,0.000000,,,0,1,,,,,0.017578,DEFAULT
ga,hfvrp_n001_m03_s02,1,3,2.000000,200,156.310634,50.546098,257.402830,0.000000,,,0,1,,,,,0.003293,SMALL
ga,hfvrp_n001_m03_s02,1,3,2.000000,200,156.310634,50.546098,257.402830,0.000000,,,0,1,,,,,0.238705,MEDIUM
ga,ex4_3v_infeasible,4,3,2.000000,19345,141.798990,0.000000,141.798990,0.000000,,,0,0,,,,,0.436627,MEDIUM
ga,hfvrp_n001_m03_s03,1,3,2.000000,50,130.438737,0.000000,130.438737,0.000000,,,0,1,,,,,0.728884,BIG
ga,ex5_3v_one_used_feasible,3,3,2.000000,1796873271010213727,115.798990,50.000000,215.798990,0.000000,,,0,1,,,,,1.159237,BIG
ga,hfvrp_n001_m03_s03,1,3,2.000000,75,130.438737,0.000000,130.438737,0.000000,,,0,1,,,,,0.015878,DEFAULT
ga,hfvrp_n001_m03_s03,1,3,2.000000,75,130.438737,0.000000,130.438737,0.000000,,,0,1,,,,,0.001334,SMALL
ga,hfvrp_n001_m03_s05,1,3,2.000000,1796871919289449589,89.097550,34.548775,158.195100,0.000000,,,0,1,,,,,0.014541,DEFAULT
ga,hfvrp_n001_m03_s05,1,3,2.000000,1796871923604301447,89.097550,34.548775,158.195100,0.000000,,,0,1,,,,,0.002559,SMALL
ga,hfvrp_n001_m03_s04,1,3,2.000000,50,122.386776,0.000000,122.386776,0.000000,,,0,1,,,,,0.729310,BIG
ga,hfvrp_n001_m03_s04,1,3,2.000000,75,122.386776,0.000000,122.386776,0.000000,,,0,1,,,,,0.013381,DEFAULT
ga,hfvrp_n001_m03_s04,1,3,2.000000,75,122.386776,0.000000,122.386776,0.000000,,,0,1,,,,,0.002561,SMALL
ga,hfvrp_n001_m03_s03,1,3,2.000000,75,130.438737,0.000000,130.438737,0.000000,,,0,1,,,,,0.254724,MEDIUM
ga,hfvrp_n001_m03_s05,1,3,2.000000,1796871927906278604,89.097550,34.548775,158.195100,0.000000,,,0,1,,,,,0.251594,MEDIUM
ga,hfvrp_n001_m03_s04,1,3,2.000000,75,122.386776,0.000000,122.386776,0.000000,,,0,1,,,,,0.244573,MEDIUM
ga,hfvrp_n001_m03_s02,1,3,2.000000,200,156.310634,50.546098,257.402830,0.000000,,,0,1,,,,,0.740550,BIG
ga,ex3_3v_all_feasible,3,3,2.000000,1796873129785508701,162.000000,20.000000,202.000000,0.000000,,,0,1,,,,,1.194370,BIG
ga,hfvrp_n001_m03_s02,1,3,2.000000,999,156.310634,50.546098,257.402830,0.000000,,,0,1,,,,,0.014947,DEFAULT
ga,hfvrp_n001_m03_s02,1,3,2.000000,999,156.310634,50.546098,257.402830,0.000000,,,0,1,,,,,0.001339,SMALL
ga,hfvrp_n002_m03_s01,2,3,2.000000,1796871786691496331,262.852855,468.007587,1198.868028,0.000000,,,0,1,,,,,0.018554,DEFAULT
ga,hfvrp_n002_m03_s01,2,3,2.000000,1796871791008625714,262.852855,468.007587,1198.868028,0.000000,,,0,1,,,,,0.001737,SMALL
ga,hfvrp_n001_m03_s02,1,3,2.000000,999,156.310634,50.546098,257.402830,0.000000,,,0,1,,,,,0.247031,MEDIUM
ga,hfvrp_n002_m03_s01,2,3,2.000000,1796871760949254506,262.852855,468.007587,1198.868028,0.000000,,,0,1,,,,,0.321520,MEDIUM
ga,hfvrp_n001_m03_s03,1,3,2.000000,75,130.438737,0.000000,130.438737,0.000000,,,0,1,,,,,0.730823,BIG
ga,hfvrp_n001_m03_s03,1,3,2.000000,100,130.438737,0.000000,130.438737,0.000000,,,0,1,,,,,0.013264,DEFAULT
ga,hfvrp_n001_m03_s03,1,3,2.000000,100,130.438737,0.000000,130.438737,0.000000,,,0,1,,,,,0.002405,SMALL
ga,hfvrp_n001_m03_s05,1,3,2.000000,1796871657582415263,89.097550,34.548775,158.195100,0.000000,,,0,1,,,,,0.750251,BIG
ga,hfvrp_n001_m03_s05,1,3,2.000000,1,89.097550,34.548775,158.195100,0.000000,,,0,1,,,,,0.013859,DEFAULT
ga,hfvrp_n001_m03_s05,1,3,2.000000,1,89.097550,34.548775,158.195100,0.000000,,,0,1,,,,,0.001330,SMALL
ga,hfvrp_n001_m03_s04,1,3,2.000000,75,122.386776,0.000000,122.386776,0.000000,,,0,1,,,,,0.744324,BIG
ga,ex4_3v_infeasible,4,3,2.000000,19345,141.798990,0.000000,141.798990,0.000000,,,0,0,,,,,1.347724,BIG
ga,hfvrp_n001_m03_s04,1,3,2.000000,100,122.386776,0.000000,122.386776,0.000000,,,0,1,,,,,0.012485,DEFAULT
ga,hfvrp_n001_m03_s04,1,3,2.000000,100,122.386776,0.000000,122.386776,0.000000,,,0,1,,,,,0.002225,SMALL
ga,ex4_3v_infeasible,4,3,2.000000,1796871598356186260,141.798990,0.000000,141.798990,0.000000,,,0,0,,,,,0.026068,DEFAULT
ga,ex4_3v_infeasible,4,3,2.000000,1796871645631560545,141.798990,0.000000,141.798990,0.000000,,,0,0,,,,,0.003166,SMALL
ga,hfvrp_n001_m03_s03,1,3,2.000000,100,130.438737,0.000000,130.438737,0.000000,,,0,1,,,,,0.251735,MEDIUM
ga,hfvrp_n001_m03_s05,1,3,2.000000,1,89.097550,34.548775,158.195100,0.000000,,,0,1,,,,,0.253430,MEDIUM
ga,hfvrp_n001_m03_s04,1,3,2.000000,100,122.386776,0.000000,122.386776,0.000000,,,0,1,,,,,0.242494,MEDIUM
ga,hfvrp_n001_m03_s02,1,3,2.000000,999,156.310634,50.546098,257.402830,0.000000,,,0,1,,,,,0.738104,BIG
ga,hfvrp_n001_m03_s02,1,3,2.000000,1234,156.310634,50.546098,257.402830,0.000000,,,0,1,,,,,0.017267,DEFAULT
ga,hfvrp_n001_m03_s02,1,3,2.000000,1234,156.310634,50.546098,257.402830,0.000000,,,0,1,,,,,0.002752,SMALL
ga,ex4_3v_infeasible,4,3,2.000000,1796871649933781643,141.798990,0.000000,141.798990,0.000000,,,0,0,,,,,0.441291,MEDIUM
ga,hfvrp_n001_m03_s02,1,3,2.000000,1234,156.310634,50.546098,257.402830,0.000000,,,0,1,,,,,0.241487,MEDIUM
ga,hfvrp_n002_m03_s01,2,3,2.000000,1796871769867906202,262.852855,468.007587,1198.868028,0.000000,,,0,1,,,,,0.985185,BIG
ga,hfvrp_n002_m03_s01,2,3,2.000000,1,262.852855,468.007587,1198.868028,0.000000,,,0,1,,,,,0.016353,DEFAULT
ga,hfvrp_n002_m03_s01,2,3,2.000000,1,262.852855,468.007587,1198.868028,0.000000,,,0,1,,,,,0.001749,SMALL
ga,hfvrp_n001_m03_s03,1,3,2.000000,100,130.438737,0.000000,130.438737,0.000000,,,0,1,,,,,0.734034,BIG
ga,hfvrp_n001_m03_s03,1,3,2.000000,200,130.438737,0.000000,130.438737,0.000000,,,0,1,,,,,0.012191,DEFAULT
ga,hfvrp_n001_m03_s03,1,3,2.000000,200,130.438737,0.000000,130.438737,0.000000,,,0,1,,,,,0.001231,SMALL
ga,hfvrp_n001_m03_s05,1,3,2.000000,1,89.097550,34.548775,158.195100,0.000000,,,0,1,,,,,0.733506,BIG
ga,hfvrp_n001_m03_s05,1,3,2.000000,10,89.097550,34.548775,158.195100,0.000000,,,0,1,,,,,0.014064,DEFAULT
ga,hfvrp_n001_m03_s05,1,3,2.000000,10,89.097550,34.548775,158.195100,0.000000,,,0,1,,,,,0.001328,SMALL
ga,hfvrp_n001_m03_s04,1,3,2.000000,100,122.386776,0.000000,122.386776,0.000000,,,0,1,,,,,0.738891,BIG
ga,hfvrp_n001_m03_s04,1,3,2.000000,200,122.386776,0.000000,122.386776,0.000000,,,0,1,,,,,0.013872,DEFAULT
ga,hfvrp_n001_m03_s04,1,3,2.000000,200,122.386776,0.000000,122.386776,0.000000,,,0,1,,,,,0.001231,SMALL
ga,hfvrp_n002_m03_s01,2,3,2.000000,1,262.852855,468.007587,1198.868028,0.000000,,,0,1,,,,,0.327451,MEDIUM
ga,hfvrp_n001_m03_s03,1,3,2.000000,200,130.438737,0.000000,130.438737,0.000000,,,0,1,,,,,0.245197,MEDIUM
ga,hfvrp_n001_m03_s05,1,3,2.000000,10,89.097550,34.548775,158.195100,0.000000,,,0,1,,,,,0.244995,MEDIUM
ga,hfvrp_n001_m03_s04,1,3,2.000000,200,122.386776,0.000000,122.386776,0.000000,,,0,1,,,,,0.250716,MEDIUM
ga,hfvrp_n001_m03_s02,1,3,2.000000,1234,156.310634,50.546098,257.402830,0.000000,,,0,1,,,,,0.739782,BIG
ga,hfvrp_n001_m03_s02,1,3,2.000000,9999,156.310634,50.546098,257.402830,0.000000,,,0,1,,,,,0.015835,DEFAULT
ga,hfvrp_n001_m03_s02,1,3,2.000000,9999,156.310634,50.546098,257.402830,0.000000,,,0,1,,,,,0.002222,SMALL
ga,hfvrp_n001_m03_s02,1,3,2.000000,9999,156.310634,50.546098,257.402830,0.000000,,,0,1,,,,,0.241303,MEDIUM
ga,ex4_3v_infeasible,4,3,2.000000,1796871388386063435,141.798990,0.000000,141.798990,0.000000,,,0,0,,,,,1.334285,BIG
ga,hfvrp_n001_m03_s03,1,3,2.000000,200,130.438737,0.000000,130.438737,0.000000,,,0,1,,,,,0.730295,BIG
ga,hfvrp_n001_m03_s03,1,3,2.000000,999,130.438737,0.000000,130.438737,0.000000,,,0,1,,,,,0.012515,DEFAULT
ga,hfvrp_n001_m03_s03,1,3,2.000000,999,130.438737,0.000000,130.438737,0.000000,,,0,1,,,,,0.002074,SMALL
ga,hfvrp_n002_m03_s02,2,3,2.000000,1796872231569801320,139.033247,41.343143,221.719532,0.000000,,,0,1,,,,,0.015856,DEFAULT
ga,hfvrp_n002_m03_s02,2,3,2.000000,1796872205820456201,139.033247,41.343143,221.719532,0.000000,,,0,1,,,,,0.002321,SMALL
ga,hfvrp_n001_m03_s05,1,3,2.000000,10,89.097550,34.548775,158.195100,0.000000,,,0,1,,,,,0.733154,BIG
ga,hfvrp_n001_m03_s05,1,3,2.000000,50,89.097550,34.548775,158.195100,0.000000,,,0,1,,,,,0.015216,DEFAULT
ga,hfvrp_n001_m03_s05,1,3,2.000000,50,89.097550,34.548775,158.195100,0.000000,,,0,1,,,,,0.001330,SMALL
ga,hfvrp_n001_m03_s04,1,3,2.000000,200,122.386776,0.000000,122.386776,0.000000,,,0,1,,,,,0.740823,BIG
ga,hfvrp_n002_m03_s01,2,3,2.000000,1,262.852855,468.007587,1198.868028,0.000000,,,0,1,,,,,0.984243,BIG
ga,hfvrp_n001_m03_s04,1,3,2.000000,999,122.386776,0.000000,122.386776,0.000000,,,0,1,,,,,0.012786,DEFAULT
ga,hfvrp_n001_m03_s04,1,3,2.000000,999,122.386776,0.000000,122.386776,0.000000,,,0,1,,,,,0.001331,SMALL
ga,hfvrp_n002_m03_s01,2,3,2.000000,10,262.852855,468.007587,1198.868028,0.000000,,,0,1,,,,,0.017803,DEFAULT
ga,hfvrp_n002_m03_s01,2,3,2.000000,10,262.852855,468.007587,1198.868028,0.000000,,,0,1,,,,,0.001752,SMALL
ga,hfvrp_n001_m03_s03,1,3,2.000000,999,130.438737,0.000000,130.438737,0.000000,,,0,1,,,,,0.262489,MEDIUM
ga,hfvrp_n002_m03_s02,2,3,2.000000,1796872218711595874,139.033247,41.343143,221.719532,0.000000,,,0,1,,,,,0.319873,MEDIUM
ga,hfvrp_n001_m03_s05,1,3,2.000000,50,89.097550,34.548775,158.195100,0.000000,,,0,1,,,,,0.249690,MEDIUM
ga,hfvrp_n001_m03_s04,1,3,2.000000,999,122.386776,0.000000,122.386776,0.000000,,,0,1,,,,,0.245423,MEDIUM
ga,hfvrp_n001_m03_s02,1,3,2.000000,9999,156.310634,50.546098,257.402830,0.000000,,,0,1,,,,,0.741825,BIG
ga,hfvrp_n002_m03_s01,2,3,2.000000,10,262.852855,468.007587,1198.868028,0.000000,,,0,1,,,,,0.324631,MEDIUM
ga,hfvrp_n001_m03_s02,1,3,2.000000,19345,156.310634,50.546098,257.402830,0.000000,,,0,1,,,,,0.015735,DEFAULT
ga,hfvrp_n001_m03_s02,1,3,2.000000,19345,156.310634,50.546098,257.402830,0.000000,,,0,1,,,,,0.002641,SMALL
ga,hfvrp_n001_m03_s02,1,3,2.000000,19345,156.310634,50.546098,257.402830,0.000000,,,0,1,,,,,0.237854,MEDIUM
ga,hfvrp_n001_m03_s03,1,3,2.000000,999,130.438737,0.000000,130.438737,0.000000,,,0,1,,,,,0.726201,BIG
ga,hfvrp_n001_m03_s03,1,3,2.000000,1234,130.438737,0.000000,130.438737,0.000000,,,0,1,,,,,0.011858,DEFAULT
ga,hfvrp_n001_m03_s03,1,3,2.000000,1234,130.438737,0.000000,130.438737,0.000000,,,0,1,,,,,0.001231,SMALL
ga,hfvrp_n001_m03_s05,1,3,2.000000,50,89.097550,34.548775,158.195100,0.000000,,,0,1,,,,,0.728712,BIG
ga,hfvrp_n001_m03_s05,1,3,2.000000,75,89.097550,34.548775,158.195100,0.000000,,,0,1,,,,,0.012421,DEFAULT
ga,hfvrp_n001_m03_s05,1,3,2.000000,75,89.097550,34.548775,158.195100,0.000000,,,0,1,,,,,0.002257,SMALL
ga,hfvrp_n001_m03_s04,1,3,2.000000,999,122.386776,0.000000,122.386776,0.000000,,,0,1,,,,,0.723277,BIG
ga,hfvrp_n001_m03_s04,1,3,2.000000,1234,122.386776,0.000000,122.386776,0.000000,,,0,1,,,,,0.015858,DEFAULT
ga,hfvrp_n001_m03_s04,1,3,2.000000,1234,122.386776,0.000000,122.386776,0.000000,,,0,1,,,,,0.002097,SMALL
ga,hfvrp_n002_m03_s02,2,3,2.000000,1796872309229824175,139.033247,41.343143,221.719532,0.000000,,,0,1,,,,,0.938954,BIG
ga,hfvrp_n001_m03_s03,1,3,2.000000,1234,130.438737,0.000000,130.438737,0.000000,,,0,1,,,,,0.252576,MEDIUM
ga,hfvrp_n002_m03_s02,2,3,2.000000,1,139.033247,41.343143,221.719532,0.000000,,,0,1,,,,,0.019939,DEFAULT
ga,hfvrp_n002_m03_s02,2,3,2.000000,1,139.033247,41.343143,221.719532,0.000000,,,0,1,,,,,0.001707,SMALL
ga,hfvrp_n001_m03_s05,1,3,2.000000,75,89.097550,34.548775,158.195100,0.000000,,,0,1,,,,,0.252907,MEDIUM
ga,hfvrp_n001_m03_s04,1,3,2.000000,1234,122.386776,0.000000,122.386776,0.000000,,,0,1,,,,,0.258148,MEDIUM
ga,hfvrp_n002_m03_s01,2,3,2.000000,10,262.852855,468.007587,1198.868028,0.000000,,,0,1,,,,,0.975774,BIG
ga,hfvrp_n002_m03_s01,2,3,2.000000,50,262.852855,468.007587,1198.868028,0.000000,,,0,1,,,,,0.017339,DEFAULT
ga,hfvrp_n002_m03_s01,2,3,2.000000,50,262.852855,468.007587,1198.868028,0.000000,,,0,1,,,,,0.001758,SMALL
ga,hfvrp_n001_m03_s02,1,3,2.000000,19345,156.310634,50.546098,257.402830,0.000000,,,0,1,,,,,0.751109,BIG
ga,hfvrp_n001_m03_s02,1,3,2.000000,1796872027028961753,156.310634,50.546098,257.402830,0.000000,,,0,1,,,,,0.016263,DEFAULT
ga,hfvrp_n001_m03_s02,1,3,2.000000,1796872005576446551,156.310634,50.546098,257.402830,0.000000,,,0,1,,,,,0.002754,SMALL
ga,hfvrp_n002_m03_s02,2,3,2.000000,1,139.033247,41.343143,221.719532,0.000000,,,0,1,,,,,0.327348,MEDIUM
ga,hfvrp_n001_m03_s02,1,3,2.000000,1796872001288205042,156.310634,50.546098,257.402830,0.000000,,,0,1,,,,,0.242835,MEDIUM
ga,hfvrp_n002_m03_s01,2,3,2.000000,50,262.852855,468.007587,1198.868028,0.000000,,,0,1,,,,,0.325433,MEDIUM
ga,hfvrp_n001_m03_s03,1,3,2.000000,1234,130.438737,0.000000,130.438737,0.000000,,,0,1,,,,,0.743776,BIG
ga,hfvrp_n001_m03_s03,1,3,2.000000,9999,130.438737,0.000000,130.438737,0.000000,,,0,1,,,,,0.015976,DEFAULT
ga,hfvrp_n001_m03_s03,1,3,2.000000,9999,130.438737,0.000000,130.438737,0.000000,,,0,1,,,,,0.002543,SMALL
ga,hfvrp_n001_m03_s05,1,3,2.000000,75,89.097550,34.548775,158.195100,0.000000,,,0,1,,,,,0.741604,BIG
ga,hfvrp_n001_m03_s05,1,3,2.000000,100,89.097550,34.548775,158.195100,0.000000,,,0,1,,,,,0.012441,DEFAULT
ga,hfvrp_n001_m03_s05,1,3,2.000000,100,89.097550,34.548775,158.195100,0.000000,,,0,1,,,,,0.003717,SMALL
ga,hfvrp_n001_m03_s04,1,3,2.000000,1234,122.386776,0.000000,122.386776,0.000000,,,0,1,,,,,0.741525,BIG
ga,hfvrp_n001_m03_s04,1,3,2.000000,9999,122.386776,0.000000,122.386776,0.000000,,,0,1,,,,,0.015118,DEFAULT
ga,hfvrp_n001_m03_s04,1,3,2.000000,9999,122.386776,0.000000,122.386776,0.000000,,,0,1,,,,,0.001349,SMALL
ga,hfvrp_n001_m03_s03,1,3,2.000000,9999,130.438737,0.000000,130.438737,0.000000,,,0,1,,,,,0.252962,MEDIUM
ga,hfvrp_n001_m03_s05,1,3,2.000000,100,89.097550,34.548775,158.195100,0.000000,,,0,1,,,,,0.250641,MEDIUM
ga,hfvrp_n001_m03_s04,1,3,2.000000,9999,122.386776,0.000000,122.386776,0.000000,,,0,1,,,,,0.244720,MEDIUM
ga,hfvrp_n002_m03_s02,2,3,2.000000,1,139.033247,41.343143,221.719532,0.000000,,,0,1,,,,,0.950657,BIG
ga,hfvrp_n001_m03_s02,1,3,2.000000,1796872010124903238,156.310634,50.546098,257.402830,0.000000,,,0,1,,,,,0.740858,BIG
ga,hfvrp_n002_m03_s02,2,3,2.000000,10,139.033247,41.343143,221.719532,0.000000,,,0,1,,,,,0.019648,DEFAULT
ga,hfvrp_n002_m03_s02,2,3,2.000000,10,139.033247,41.343143,221.719532,0.000000,,,0,1,,,,,0.001714,SMALL
ga,hfvrp_n002_m03_s03,2,3,2.000000,1796870563503457438,185.309216,25.338303,235.985823,0.000000,,,0,1,,,,,0.019366,DEFAULT
ga,hfvrp_n002_m03_s03,2,3,2.000000,1796870572119593145,185.309216,25.338303,235.985823,0.000000,,,0,1,,,,,0.004887,SMALL
ga,hfvrp_n002_m03_s01,2,3,2.000000,50,262.852855,468.007587,1198.868028,0.000000,,,0,1,,,,,0.982682,BIG
ga,hfvrp_n002_m03_s01,2,3,2.000000,75,262.852855,468.007587,1198.868028,0.000000,,,0,1,,,,,0.019780,DEFAULT
ga,hfvrp_n002_m03_s01,2,3,2.000000,75,262.852855,468.007587,1198.868028,0.000000,,,0,1,,,,,0.005622,SMALL
ga,hfvrp_n002_m03_s02,2,3,2.000000,10,139.033247,41.343143,221.719532,0.000000,,,0,1,,,,,0.312379,MEDIUM
ga,hfvrp_n002_m03_s03,2,3,2.000000,1796870567834738834,185.309216,25.338303,235.985823,0.000000,,,0,1,,,,,0.326895,MEDIUM
ga,hfvrp_n001_m03_s03,1,3,2.000000,9999,130.438737,0.000000,130.438737,0.000000,,,0,1,,,,,0.735734,BIG
ga,hfvrp_n001_m03_s03,1,3,2.000000,19345,130.438737,0.000000,130.438737,0.000000,,,0,1,,,,,0.016480,DEFAULT
ga,hfvrp_n001_m03_s03,1,3,2.000000,19345,130.438737,0.000000,130.438737,0.000000,,,0,1,,,,,0.002560,SMALL
ga,hfvrp_n001_m03_s05,1,3,2.000000,100,89.097550,34.548775,158.195100,0.000000,,,0,1,,,,,0.740772,BIG
ga,hfvrp_n001_m03_s05,1,3,2.000000,200,89.097550,34.548775,158.195100,0.000000,,,0,1,,,,,0.012550,DEFAULT
ga,hfvrp_n001_m03_s05,1,3,2.000000,200,89.097550,34.548775,158.195100,0.000000,,,0,1,,,,,0.004176,SMALL
ga,hfvrp_n001_m03_s04,1,3,2.000000,9999,122.386776,0.000000,122.386776,0.000000,,,0,1,,,,,0.739056,BIG
ga,hfvrp_n002_m03_s01,2,3,2.000000,75,262.852855,468.007587,1198.868028,0.000000,,,0,1,,,,,0.332804,MEDIUM
ga,hfvrp_n001_m03_s04,1,3,2.000000,19345,122.386776,0.000000,122.386776,0.000000,,,0,1,,,,,0.014138,DEFAULT
ga,hfvrp_n001_m03_s04,1,3,2.000000,19345,122.386776,0.000000,122.386776,0.000000,,,0,1,,,,,0.001323,SMALL
ga,hfvrp_n001_m03_s03,1,3,2.000000,19345,130.438737,0.000000,130.438737,0.000000,,,0,1,,,,,0.250593,MEDIUM
ga,hfvrp_n001_m03_s05,1,3,2.000000,200,89.097550,34.548775,158.195100,0.000000,,,0,1,,,,,0.246980,MEDIUM
ga,hfvrp_n001_m03_s04,1,3,2.000000,19345,122.386776,0.000000,122.386776,0.000000,,,0,1,,,,,0.245323,MEDIUM
ga,hfvrp_n002_m03_s02,2,3,2.000000,10,139.033247,41.343143,221.719532,0.000000,,,0,1,,,,,0.945355,BIG
ga,hfvrp_n002_m03_s02,2,3,2.000000,50,139.033247,41.343143,221.719532,0.000000,,,0,1,,,,,0.019495,DEFAULT
ga,hfvrp_n002_m03_s02,2,3,2.000000,50,139.033247,41.343143,221.719532,0.000000,,,0,1,,,,,0.001620,SMALL
ga,hfvrp_n002_m03_s03,2,3,2.000000,1796870649773193305,185.309216,25.338303,235.985823,0.000000,,,0,1,,,,,0.974198,BIG
ga,hfvrp_n002_m03_s03,2,3,2.000000,1,185.309216,25.338303,235.985823,0.000000,,,0,1,,,,,0.017074,DEFAULT
ga,hfvrp_n002_m03_s03,2,3,2.000000,1,185.309216,25.338303,235.985823,0.000000,,,0,1,,,,,0.001696,SMALL
ga,hfvrp_n001_m03_s03,1,3,2.000000,19345,130.438737,0.000000,130.438737,0.000000,,,0,1,,,,,0.728351,BIG
ga,hfvrp_n001_m03_s03,1,3,2.000000,1796870530605994414,130.438737,0.000000,130.438737,0.000000,,,0,1,,,,,0.016453,DEFAULT
ga,hfvrp_n001_m03_s03,1,3,2.000000,1796870534922091530,130.438737,0.000000,130.438737,0.000000,,,0,1,,,,,0.002217,SMALL
ga,hfvrp_n001_m03_s05,1,3,2.000000,200,89.097550,34.548775,158.195100,0.000000,,,0,1,,,,,0.728777,BIG
ga,hfvrp_n001_m03_s05,1,3,2.000000,999,89.097550,34.548775,158.195100,0.000000,,,0,1,,,,,0.016428,DEFAULT
ga,hfvrp_n001_m03_s05,1,3,2.000000,999,89.097550,34.548775,158.195100,0.000000,,,0,1,,,,,0.002769,SMALL
ga,hfvrp_n002_m03_s01,2,3,2.000000,75,262.852855,468.007587,1198.868028,0.000000,,,0,1,,,,,0.969873,BIG
ga,hfvrp_n002_m03_s01,2,3,2.000000,100,262.852855,468.007587,1198.868028,0.000000,,,0,1,,,,,0.016932,DEFAULT
ga,hfvrp_n002_m03_s02,2,3,2.000000,50,139.033247,41.343143,221.719532,0.000000,,,0,1,,,,,0.324614,MEDIUM
ga,hfvrp_n001_m03_s04,1,3,2.000000,19345,122.386776,0.000000,122.386776,0.000000,,,0,1,,,,,0.739274,BIG
ga,hfvrp_n002_m03_s01,2,3,2.000000,100,262.852855,468.007587,1198.868028,0.000000,,,0,1,,,,,0.004755,SMALL
ga,hfvrp_n001_m03_s04,1,3,2.000000,1796870367590134834,122.386776,0.000000,122.386776,0.000000,,,0,1,,,,,0.012423,DEFAULT
ga,hfvrp_n001_m03_s04,1,3,2.000000,1796870371901233682,122.386776,0.000000,122.386776,0.000000,,,0,1,,,,,0.001384,SMALL
ga,hfvrp_n001_m03_s03,1,3,2.000000,1796870522043023236,130.438737,0.000000,130.438737,0.000000,,,0,1,,,,,0.250625,MEDIUM
ga,hfvrp_n002_m03_s03,2,3,2.000000,1,185.309216,25.338303,235.985823,0.000000,,,0,1,,,,,0.347822,MEDIUM
ga,hfvrp_n001_m03_s05,1,3,2.000000,999,89.097550,34.548775,158.195100,0.000000,,,0,1,,,,,0.250756,MEDIUM
ga,hfvrp_n001_m03_s04,1,3,2.000000,1796870359021360996,122.386776,0.000000,122.386776,0.000000,,,0,1,,,,,0.243735,MEDIUM
ga,hfvrp_n002_m03_s01,2,3,2.000000,100,262.852855,468.007587,1198.868028,0.000000,,,0,1,,,,,0.322896,MEDIUM
ga,hfvrp_n001_m03_s03,1,3,2.000000,1796870363383014897,130.438737,0.000000,130.438737,0.000000,,,0,1,,,,,0.718389,BIG
ga,hfvrp_n002_m03_s04,2,3,2.000000,1796871248911093602,174.940044,35.445494,245.831032,0.000000,,,0,1,,,,,0.017585,DEFAULT
ga,hfvrp_n002_m03_s04,2,3,2.000000,1796871304766832339,174.940044,35.445494,245.831032,0.000000,,,0,1,,,,,0.001633,SMALL
ga,hfvrp_n001_m03_s05,1,3,2.000000,999,89.097550,34.548775,158.195100,0.000000,,,0,1,,,,,0.720571,BIG
ga,hfvrp_n001_m03_s05,1,3,2.000000,1234,89.097550,34.548775,158.195100,0.000000,,,0,1,,,,,0.013260,DEFAULT
ga,hfvrp_n001_m03_s05,1,3,2.000000,1234,89.097550,34.548775,158.195100,0.000000,,,0,1,,,,,0.001347,SMALL
ga,hfvrp_n002_m03_s02,2,3,2.000000,50,139.033247,41.343143,221.719532,0.000000,,,0,1,,,,,0.936306,BIG
ga,hfvrp_n002_m03_s02,2,3,2.000000,75,139.033247,41.343143,221.719532,0.000000,,,0,1,,,,,0.015896,DEFAULT
ga,hfvrp_n002_m03_s02,2,3,2.000000,75,139.033247,41.343143,221.719532,0.000000,,,0,1,,,,,0.001702,SMALL
ga,hfvrp_n001_m03_s04,1,3,2.000000,1796870410808511132,122.386776,0.000000,122.386776,0.000000,,,0,1,,,,,0.726854,BIG
ga,hfvrp_n002_m03_s05,2,3,2.000000,1796871120243908275,302.671304,316.313399,935.298102,0.000000,,,0,1,,,,,0.015902,DEFAULT
ga,hfvrp_n002_m03_s05,2,3,2.000000,1796871107378572995,302.671304,316.313399,935.298102,0.000000,,,0,1,,,,,0.001704,SMALL
ga,hfvrp_n002_m03_s03,2,3,2.000000,1,185.309216,25.338303,235.985823,0.000000,,,0,1,,,,,0.973709,BIG
ga,hfvrp_n002_m03_s03,2,3,2.000000,10,185.309216,25.338303,235.985823,0.000000,,,0,1,,,,,0.016281,DEFAULT
ga,hfvrp_n002_m03_s03,2,3,2.000000,10,185.309216,25.338303,235.985823,0.000000,,,0,1,,,,,0.003266,SMALL
ga,hfvrp_n001_m03_s05,1,3,2.000000,1234,89.097550,34.548775,158.195100,0.000000,,,0,1,,,,,0.250396,MEDIUM
ga,hfvrp_n002_m03_s04,2,3,2.000000,1796871309067070634,174.940044,35.445494,245.831032,0.000000,,,0,1,,,,,0.322987,MEDIUM
ga,hfvrp_n002_m03_s02,2,3,2.000000,75,139.033247,41.343143,221.719532,0.000000,,,0,1,,,,,0.318930,MEDIUM
ga,hfvrp_n002_m03_s01,2,3,2.000000,100,262.852855,468.007587,1198.868028,0.000000,,,0,1,,,,,0.973622,BIG
ga,hfvrp_n002_m03_s01,2,3,2.000000,200,262.852855,468.007587,1198.868028,0.000000,,,0,1,,,,,0.017385,DEFAULT
ga,hfvrp_n002_m03_s01,2,3,2.000000,200,262.852855,468.007587,1198.868028,0.000000,,,0,1,,,,,0.004438,SMALL
ga,hfvrp_n002_m03_s05,2,3,2.000000,1796871111678923811,302.671304,316.313399,935.298102,0.000000,,,0,1,,,,,0.325806,MEDIUM
ga,hfvrp_n002_m03_s03,2,3,2.000000,10,185.309216,25.338303,235.985823,0.000000,,,0,1,,,,,0.328228,MEDIUM
ga,hfvrp_n002_m03_s01,2,3,2.000000,200,262.852855,468.007587,1198.868028,0.000000,,,0,1,,,,,0.323761,MEDIUM
ga,hfvrp_n001_m03_s05,1,3,2.000000,1234,89.097550,34.548775,158.195100,0.000000,,,0,1,,,,,0.730010,BIG
ga,hfvrp_n001_m03_s05,1,3,2.000000,9999,89.097550,34.548775,158.195100,0.000000,,,0,1,,,,,0.012395,DEFAULT
ga,hfvrp_n001_m03_s05,1,3,2.000000,9999,89.097550,34.548775,158.195100,0.000000,,,0,1,,,,,0.003038,SMALL
ga,hfvrp_n002_m03_s04,2,3,2.000000,1796871202022965447,174.940044,35.445494,245.831032,0.000000,,,0,1,,,,,0.940602,BIG
ga,hfvrp_n002_m03_s04,2,3,2.000000,1,174.940044,35.445494,245.831032,0.000000,,,0,1,,,,,0.020251,DEFAULT
ga,hfvrp_n001_m03_s05,1,3,2.000000,9999,89.097550,34.548775,158.195100,0.000000,,,0,1,,,,,0.243342,MEDIUM
ga,hfvrp_n002_m03_s04,2,3,2.000000,1,174.940044,35.445494,245.831032,0.000000,,,0,1,,,,,0.001942,SMALL
ga,hfvrp_n002_m03_s02,2,3,2.000000,75,139.033247,41.343143,221.719532,0.000000,,,0,1,,,,,0.942369,BIG
ga,hfvrp_n002_m03_s02,2,3,2.000000,100,139.033247,41.343143,221.719532,0.000000,,,0,1,,,,,0.015875,DEFAULT
ga,hfvrp_n002_m03_s02,2,3,2.000000,100,139.033247,41.343143,221.719532,0.000000,,,0,1,,,,,0.001708,SMALL
ga,hfvrp_n002_m03_s05,2,3,2.000000,1796871240862398633,302.671304,316.313399,935.298102,0.000000,,,0,1,,,,,0.943561,BIG
ga,hfvrp_n002_m03_s05,2,3,2.000000,1,302.671304,316.313399,935.298102,0.000000,,,0,1,,,,,0.018192,DEFAULT
ga,hfvrp_n002_m03_s05,2,3,2.000000,1,302.671304,316.313399,935.298102,0.000000,,,0,1,,,,,0.003714,SMALL
ga,hfvrp_n002_m03_s03,2,3,2.000000,10,185.309216,25.338303,235.985823,0.000000,,,0,1,,,,,0.972148,BIG
ga,hfvrp_n002_m03_s03,2,3,2.000000,50,185.309216,25.338303,235.985823,0.000000,,,0,1,,,,,0.016282,DEFAULT
ga,hfvrp_n002_m03_s03,2,3,2.000000,50,185.309216,25.338303,235.985823,0.000000,,,0,1,,,,,0.003490,SMALL
ga,hfvrp_n002_m03_s04,2,3,2.000000,1,174.940044,35.445494,245.831032,0.000000,,,0,1,,,,,0.324073,MEDIUM
ga,hfvrp_n002_m03_s02,2,3,2.000000,100,139.033247,41.343143,221.719532,0.000000,,,0,1,,,,,0.321685,MEDIUM
ga,hfvrp_n002_m03_s01,2,3,2.000000,200,262.852855,468.007587,1198.868028,0.000000,,,0,1,,,,,0.987308,BIG
ga,hfvrp_n002_m03_s01,2,3,2.000000,999,262.852855,468.007587,1198.868028,0.000000,,,0,1,,,,,0.019439,DEFAULT
ga,hfvrp_n002_m03_s01,2,3,2.000000,999,262.852855,468.007587,1198.868028,0.000000,,,0,1,,,,,0.004267,SMALL
ga,hfvrp_n002_m03_s05,2,3,2.000000,1,302.671304,316.313399,935.298102,0.000000,,,0,1,,,,,0.323248,MEDIUM
ga,hfvrp_n002_m03_s03,2,3,2.000000,50,185.309216,25.338303,235.985823,0.000000,,,0,1,,,,,0.326878,MEDIUM
ga,hfvrp_n001_m03_s05,1,3,2.000000,9999,89.097550,34.548775,158.195100,0.000000,,,0,1,,,,,0.745508,BIG
ga,hfvrp_n001_m03_s05,1,3,2.000000,19345,89.097550,34.548775,158.195100,0.000000,,,0,1,,,,,0.016573,DEFAULT
ga,hfvrp_n001_m03_s05,1,3,2.000000,19345,89.097550,34.548775,158.195100,0.000000,,,0,1,,,,,0.003701,SMALL
ga,hfvrp_n002_m03_s01,2,3,2.000000,999,262.852855,468.007587,1198.868028,0.000000,,,0,1,,,,,0.327918,MEDIUM
ga,hfvrp_n001_m03_s05,1,3,2.000000,19345,89.097550,34.548775,158.195100,0.000000,,,0,1,,,,,0.244157,MEDIUM
ga,hfvrp_n002_m03_s04,2,3,2.000000,1,174.940044,35.445494,245.831032,0.000000,,,0,1,,,,,0.943935,BIG
ga,hfvrp_n002_m03_s04,2,3,2.000000,10,174.940044,35.445494,245.831032,0.000000,,,0,1,,,,,0.020642,DEFAULT
ga,hfvrp_n002_m03_s04,2,3,2.000000,10,174.940044,35.445494,245.831032,0.000000,,,0,1,,,,,0.001710,SMALL
ga,hfvrp_n002_m03_s02,2,3,2.000000,100,139.033247,41.343143,221.719532,0.000000,,,0,1,,,,,0.947381,BIG
ga,hfvrp_n002_m03_s02,2,3,2.000000,200,139.033247,41.343143,221.719532,0.000000,,,0,1,,,,,0.015837,DEFAULT
ga,hfvrp_n002_m03_s02,2,3,2.000000,200,139.033247,41.343143,221.719532,0.000000,,,0,1,,,,,0.003891,SMALL
ga,hfvrp_n002_m03_s05,2,3,2.000000,1,302.671304,316.313399,935.298102,0.000000,,,0,1,,,,,0.939767,BIG
ga,hfvrp_n002_m03_s05,2,3,2.000000,10,302.671304,316.313399,935.298102,0.000000,,,0,1,,,,,0.018515,DEFAULT
ga,hfvrp_n002_m03_s05,2,3,2.000000,10,302.671304,316.313399,935.298102,0.000000,,,0,1,,,,,0.001705,SMALL
ga,hfvrp_n002_m03_s03,2,3,2.000000,50,185.309216,25.338303,235.985823,0.000000,,,0,1,,,,,0.974458,BIG
ga,hfvrp_n002_m03_s03,2,3,2.000000,75,185.309216,25.338303,235.985823,0.000000,,,0,1,,,,,0.017875,DEFAULT
ga,hfvrp_n002_m03_s03,2,3,2.000000,75,185.309216,25.338303,235.985823,0.000000,,,0,1,,,,,0.001620,SMALL
ga,hfvrp_n002_m03_s04,2,3,2.000000,10,174.940044,35.445494,245.831032,0.000000,,,0,1,,,,,0.329855,MEDIUM
ga,hfvrp_n002_m03_s02,2,3,2.000000,200,139.033247,41.343143,221.719532,0.000000,,,0,1,,,,,0.320246,MEDIUM
ga,hfvrp_n001_m03_s05,1,3,2.000000,19345,89.097550,34.548775,158.195100,0.000000,,,0,1,,,,,0.738949,BIG
ga,hfvrp_n001_m03_s05,1,3,2.000000,1796878463304156773,89.097550,34.548775,158.195100,0.000000,,,0,1,,,,,0.016195,DEFAULT
ga,hfvrp_n001_m03_s05,1,3,2.000000,1796878459030688261,89.097550,34.548775,158.195100,0.000000,,,0,1,,,,,0.002201,SMALL
ga,hfvrp_n002_m03_s05,2,3,2.000000,10,302.671304,316.313399,935.298102,0.000000,,,0,1,,,,,0.325680,MEDIUM
ga,hfvrp_n002_m03_s01,2,3,2.000000,999,262.852855,468.007587,1198.868028,0.000000,,,0,1,,,,,0.991071,BIG
ga,hfvrp_n002_m03_s01,2,3,2.000000,1234,262.852855,468.007587,1198.868028,0.000000,,,0,1,,,,,0.016356,DEFAULT
ga,hfvrp_n002_m03_s01,2,3,2.000000,1234,262.852855,468.007587,1198.868028,0.000000,,,0,1,,,,,0.004645,SMALL
ga,hfvrp_n002_m03_s03,2,3,2.000000,75,185.309216,25.338303,235.985823,0.000000,,,0,1,,,,,0.333357,MEDIUM
ga,hfvrp_n001_m03_s05,1,3,2.000000,1796878523460996931,89.097550,34.548775,158.195100,0.000000,,,0,1,,,,,0.244209,MEDIUM
ga,hfvrp_n002_m03_s01,2,3,2.000000,1234,262.852855,468.007587,1198.868028,0.000000,,,0,1,,,,,0.320604,MEDIUM
ga,hfvrp_n002_m03_s04,2,3,2.000000,10,174.940044,35.445494,245.831032,0.000000,,,0,1,,,,,0.940203,BIG
ga,hfvrp_n002_m03_s04,2,3,2.000000,50,174.940044,35.445494,245.831032,0.000000,,,0,1,,,,,0.020605,DEFAULT
ga,hfvrp_n002_m03_s04,2,3,2.000000,50,174.940044,35.445494,245.831032,0.000000,,,0,1,,,,,0.001710,SMALL
ga,hfvrp_n002_m03_s02,2,3,2.000000,200,139.033247,41.343143,221.719532,0.000000,,,0,1,,,,,0.936760,BIG
ga,hfvrp_n002_m03_s02,2,3,2.000000,999,139.033247,41.343143,221.719532,0.000000,,,0,1,,,,,0.018307,DEFAULT
ga,hfvrp_n002_m03_s02,2,3,2.000000,999,139.033247,41.343143,221.719532,0.000000,,,0,1,,,,,0.001713,SMALL
ga,hfvrp_n002_m03_s05,2,3,2.000000,10,302.671304,316.313399,935.298102,0.000000,,,0,1,,,,,0.934435,BIG
ga,hfvrp_n001_m03_s05,1,3,2.000000,1796878274603858921,89.097550,34.548775,158.195100,0.000000,,,0,1,,,,,0.731767,BIG
ga,hfvrp_n002_m03_s05,2,3,2.000000,50,302.671304,316.313399,935.298102,0.000000,,,0,1,,,,,0.016601,DEFAULT
ga,hfvrp_n002_m03_s05,2,3,2.000000,50,302.671304,316.313399,935.298102,0.000000,,,0,1,,,,,0.001704,SMALL
ga,hfvrp_n005_m03_s01,5,3,2.000000,1796878120757503041,350.283936,145.533835,641.351607,0.000000,,,0,1,,,,,0.024005,DEFAULT
ga,hfvrp_n005_m03_s01,5,3,2.000000,1796878116494846044,350.283936,145.533835,641.351607,0.000000,,,0,1,,,,,0.006948,SMALL
ga,hfvrp_n002_m03_s03,2,3,2.000000,75,185.309216,25.338303,235.985823,0.000000,,,0,1,,,,,0.977277,BIG
ga,hfvrp_n002_m03_s04,2,3,2.000000,50,174.940044,35.445494,245.831032,0.000000,,,0,1,,,,,0.321837,MEDIUM
ga,hfvrp_n002_m03_s03,2,3,2.000000,100,185.309216,25.338303,235.985823,0.000000,,,0,1,,,,,0.018223,DEFAULT
ga,hfvrp_n002_m03_s03,2,3,2.000000,100,185.309216,25.338303,235.985823,0.000000,,,0,1,,,,,0.001706,SMALL
ga,hfvrp_n002_m03_s02,2,3,2.000000,999,139.033247,41.343143,221.719532,0.000000,,,0,1,,,,,0.319477,MEDIUM
ga,hfvrp_n002_m03_s05,2,3,2.000000,50,302.671304,316.313399,935.298102,0.000000,,,0,1,,,,,0.315643,MEDIUM
ga,hfvrp_n002_m03_s01,2,3,2.000000,1234,262.852855,468.007587,1198.868028,0.000000,,,0,1,,,,,0.975972,BIG
ga,hfvrp_n002_m03_s01,2,3,2.000000,9999,262.852855,468.007587,1198.868028,0.000000,,,0,1,,,,,0.017452,DEFAULT
ga,hfvrp_n002_m03_s01,2,3,2.000000,9999,262.852855,468.007587,1198.868028,0.000000,,,0,1,,,,,0.003479,SMALL
ga,hfvrp_n002_m03_s03,2,3,2.000000,100,185.309216,25.338303,235.985823,0.000000,,,0,1,,,,,0.321977,MEDIUM
ga,hfvrp_n005_m03_s01,5,3,2.000000,1796878180930974533,350.283936,145.533835,641.351607,0.000000,,,0,1,,,,,0.484710,MEDIUM
ga,hfvrp_n002_m03_s01,2,3,2.000000,9999,262.852855,468.007587,1198.868028,0.000000,,,0,1,,,,,0.316904,MEDIUM
ga,hfvrp_n002_m03_s04,2,3,2.000000,50,174.940044,35.445494,245.831032,0.000000,,,0,1,,,,,0.930874,BIG
ga,hfvrp_n002_m03_s04,2,3,2.000000,75,174.940044,35.445494,245.831032,0.000000,,,0,1,,,,,0.016273,DEFAULT
ga,hfvrp_n002_m03_s02,2,3,2.000000,999,139.033247,41.343143,221.719532,0.000000,,,0,1,,,,,0.933184,BIG
ga,hfvrp_n002_m03_s04,2,3,2.000000,75,174.940044,35.445494,245.831032,0.000000,,,0,1,,,,,0.005422,SMALL
ga,hfvrp_n002_m03_s02,2,3,2.000000,1234,139.033247,41.343143,221.719532,0.000000,,,0,1,,,,,0.017445,DEFAULT
ga,hfvrp_n002_m03_s02,2,3,2.000000,1234,139.033247,41.343143,221.719532,0.000000,,,0,1,,,,,0.003918,SMALL
ga,hfvrp_n002_m03_s05,2,3,2.000000,50,302.671304,316.313399,935.298102,0.000000,,,0,1,,,,,0.930702,BIG
ga,hfvrp_n002_m03_s05,2,3,2.000000,75,302.671304,316.313399,935.298102,0.000000,,,0,1,,,,,0.020075,DEFAULT
ga,hfvrp_n002_m03_s05,2,3,2.000000,75,302.671304,316.313399,935.298102,0.000000,,,0,1,,,,,0.002883,SMALL
ga,hfvrp_n002_m03_s03,2,3,2.000000,100,185.309216,25.338303,235.985823,0.000000,,,0,1,,,,,0.967564,BIG
ga,hfvrp_n002_m03_s04,2,3,2.000000,75,174.940044,35.445494,245.831032,0.000000,,,0,1,,,,,0.328507,MEDIUM
ga,hfvrp_n002_m03_s02,2,3,2.000000,1234,139.033247,41.343143,221.719532,0.000000,,,0,1,,,,,0.313747,MEDIUM
ga,hfvrp_n002_m03_s03,2,3,2.000000,200,185.309216,25.338303,235.985823,0.000000,,,0,1,,,,,0.016181,DEFAULT
ga,hfvrp_n002_m03_s03,2,3,2.000000,200,185.309216,25.338303,235.985823,0.000000,,,0,1,,,,,0.001757,SMALL
ga,hfvrp_n002_m03_s05,2,3,2.000000,75,302.671304,316.313399,935.298102,0.000000,,,0,1,,,,,0.328433,MEDIUM
ga,hfvrp_n002_m03_s01,2,3,2.000000,9999,262.852855,468.007587,1198.868028,0.000000,,,0,1,,,,,0.968796,BIG
ga,hfvrp_n002_m03_s01,2,3,2.000000,19345,262.852855,468.007587,1198.868028,0.000000,,,0,1,,,,,0.016289,DEFAULT
ga,hfvrp_n002_m03_s01,2,3,2.000000,19345,262.852855,468.007587,1198.868028,0.000000,,,0,1,,,,,0.005513,SMALL
ga,hfvrp_n002_m03_s03,2,3,2.000000,200,185.309216,25.338303,235.985823,0.000000,,,0,1,,,,,0.319482,MEDIUM
ga,hfvrp_n005_m03_s01,5,3,2.000000,1796878237258899786,350.283936,145.533835,641.351607,0.000000,,,0,1,,,,,1.421322,BIG
ga,hfvrp_n005_m03_s01,5,3,2.000000,1,350.283936,145.533835,641.351607,0.000000,,,0,1,,,,,0.027652,DEFAULT
ga,hfvrp_n005_m03_s01,5,3,2.000000,1,350.283936,145.533835,641.351607,0.000000,,,0,1,,,,,0.004541,SMALL
ga,hfvrp_n002_m03_s01,2,3,2.000000,19345,262.852855,468.007587,1198.868028,0.000000,,,0,1,,,,,0.321858,MEDIUM
ga,hfvrp_n002_m03_s04,2,3,2.000000,75,174.940044,35.445494,245.831032,0.000000,,,0,1,,,,,0.930327,BIG
ga,hfvrp_n002_m03_s02,2,3,2.000000,1234,139.033247,41.343143,221.719532,0.000000,,,0,1,,,,,0.932725,BIG
ga,hfvrp_n002_m03_s04,2,3,2.000000,100,174.940044,35.445494,245.831032,0.000000,,,0,1,,,,,0.018233,DEFAULT
ga,hfvrp_n002_m03_s04,2,3,2.000000,100,174.940044,35.445494,245.831032,0.000000,,,0,1,,,,,0.001717,SMALL
ga,hfvrp_n002_m03_s02,2,3,2.000000,9999,139.033247,41.343143,221.719532,0.000000,,,0,1,,,,,0.018551,DEFAULT
ga,hfvrp_n002_m03_s02,2,3,2.000000,9999,139.033247,41.343143,221.719532,0.000000,,,0,1,,,,,0.005334,SMALL
ga,hfvrp_n005_m03_s01,5,3,2.000000,1,350.283936,145.533835,641.351607,0.000000,,,0,1,,,,,0.472431,MEDIUM
ga,hfvrp_n002_m03_s05,2,3,2.000000,75,302.671304,316.313399,935.298102,0.000000,,,0,1,,,,,0.942325,BIG
ga,hfvrp_n002_m03_s05,2,3,2.000000,100,302.671304,316.313399,935.298102,0.000000,,,0,1,,,,,0.016604,DEFAULT
ga,hfvrp_n002_m03_s05,2,3,2.000000,100,302.671304,316.313399,935.298102,0.000000,,,0,1,,,,,0.003575,SMALL
ga,hfvrp_n002_m03_s04,2,3,2.000000,100,174.940044,35.445494,245.831032,0.000000,,,0,1,,,,,0.315533,MEDIUM
ga,hfvrp_n002_m03_s02,2,3,2.000000,9999,139.033247,41.343143,221.719532,0.000000,,,0,1,,,,,0.318272,MEDIUM
ga,hfvrp_n002_m03_s03,2,3,2.000000,200,185.309216,25.338303,235.985823,0.000000,,,0,1,,,,,0.974080,BIG
ga,hfvrp_n002_m03_s03,2,3,2.000000,999,185.309216,25.338303,235.985823,0.000000,,,0,1,,,,,0.017984,DEFAULT
ga,hfvrp_n002_m03_s03,2,3,2.000000,999,185.309216,25.338303,235.985823,0.000000,,,0,1,,,,,0.004871,SMALL
ga,hfvrp_n002_m03_s05,2,3,2.000000,100,302.671304,316.313399,935.298102,0.000000,,,0,1,,,,,0.317901,MEDIUM
ga,hfvrp_n002_m03_s01,2,3,2.000000,19345,262.852855,468.007587,1198.868028,0.000000,,,0,1,,,,,0.973158,BIG
ga,hfvrp_n002_m03_s01,2,3,2.000000,1796878905486377093,262.852855,468.007587,1198.868028,0.000000,,,0,1,,,,,0.017501,DEFAULT
ga,hfvrp_n002_m03_s01,2,3,2.000000,1796878909804984415,262.852855,468.007587,1198.868028,0.000000,,,0,1,,,,,0.002969,SMALL
ga,hfvrp_n002_m03_s03,2,3,2.000000,999,185.309216,25.338303,235.985823,0.000000,,,0,1,,,,,0.327864,MEDIUM
ga,hfvrp_n002_m03_s01,2,3,2.000000,1796878914107027464,262.852855,468.007587,1198.868028,0.000000,,,0,1,,,,,0.319471,MEDIUM
ga,hfvrp_n002_m03_s04,2,3,2.000000,100,174.940044,35.445494,245.831032,0.000000,,,0,1,,,,,0.941119,BIG
ga,hfvrp_n002_m03_s04,2,3,2.000000,200,174.940044,35.445494,245.831032,0.000000,,,0,1,,,,,0.015845,DEFAULT
ga,hfvrp_n002_m03_s02,2,3,2.000000,9999,139.033247,41.343143,221.719532,0.000000,,,0,1,,,,,0.948111,BIG
ga,hfvrp_n002_m03_s04,2,3,2.000000,200,174.940044,35.445494,245.831032,0.000000,,,0,1,,,,,0.003186,SMALL
ga,hfvrp_n002_m03_s02,2,3,2.000000,19345,139.033247,41.343143,221.719532,0.000000,,,0,1,,,,,0.018551,DEFAULT
ga,hfvrp_n002_m03_s02,2,3,2.000000,19345,139.033247,41.343143,221.719532,0.000000,,,0,1,,,,,0.001707,SMALL
ga,hfvrp_n002_m03_s05,2,3,2.000000,100,302.671304,316.313399,935.298102,0.000000,,,0,1,,,,,0.946693,BIG
ga,hfvrp_n002_m03_s05,2,3,2.000000,200,302.671304,316.313399,935.298102,0.000000,,,0,1,,,,,0.017091,DEFAULT
ga,hfvrp_n002_m03_s05,2,3,2.000000,200,302.671304,316.313399,935.298102,0.000000,,,0,1,,,,,0.001708,SMALL
ga,hfvrp_n005_m03_s01,5,3,2.000000,1,350.283936,145.533835,641.351607,0.000000,,,0,1,,,,,1.437591,BIG
ga,hfvrp_n005_m03_s01,5,3,2.000000,10,350.283936,145.533835,641.351607,0.000000,,,0,1,,,,,0.024051,DEFAULT
ga,hfvrp_n005_m03_s01,5,3,2.000000,10,350.283936,145.533835,641.351607,0.000000,,,0,1,,,,,0.002682,SMALL
ga,hfvrp_n002_m03_s04,2,3,2.000000,200,174.940044,35.445494,245.831032,0.000000,,,0,1,,,,,0.318598,MEDIUM
ga,hfvrp_n002_m03_s02,2,3,2.000000,19345,139.033247,41.343143,221.719532,0.000000,,,0,1,,,,,0.322848,MEDIUM
ga,hfvrp_n002_m03_s03,2,3,2.000000,999,185.309216,25.338303,235.985823,0.000000,,,0,1,,,,,0.978841,BIG
ga,hfvrp_n002_m03_s03,2,3,2.000000,1234,185.309216,25.338303,235.985823,0.000000,,,0,1,,,,,0.017776,DEFAULT
ga,hfvrp_n002_m03_s03,2,3,2.000000,1234,185.309216,25.338303,235.985823,0.000000,,,0,1,,,,,0.001752,SMALL
ga,hfvrp_n002_m03_s05,2,3,2.000000,200,302.671304,316.313399,935.298102,0.000000,,,0,1,,,,,0.319564,MEDIUM
ga,hfvrp_n002_m03_s01,2,3,2.000000,1796878923020347254,262.852855,468.007587,1198.868028,0.000000,,,0,1,,,,,0.977860,BIG
ga,hfvrp_n005_m03_s02,5,3,2.000000,1796878528911244362,381.944916,176.381442,734.707800,0.000000,,,0,1,,,,,0.026906,DEFAULT
ga,hfvrp_n005_m03_s02,5,3,2.000000,1796878533237041972,381.944916,176.381442,734.707800,0.000000,,,0,1,,,,,0.002554,SMALL
ga,hfvrp_n005_m03_s01,5,3,2.000000,10,350.283936,145.533835,641.351607,0.000000,,,0,1,,,,,0.483454,MEDIUM
ga,hfvrp_n002_m03_s03,2,3,2.000000,1234,185.309216,25.338303,235.985823,0.000000,,,0,1,,,,,0.331881,MEDIUM
ga,hfvrp_n005_m03_s02,5,3,2.000000,1796878537538323847,381.944916,176.381442,734.707800,0.000000,,,0,1,,,,,0.464644,MEDIUM
ga,hfvrp_n002_m03_s04,2,3,2.000000,200,174.940044,35.445494,245.831032,0.000000,,,0,1,,,,,0.947487,BIG
ga,hfvrp_n002_m03_s04,2,3,2.000000,999,174.940044,35.445494,245.831032,0.000000,,,0,1,,,,,0.017618,DEFAULT
ga,hfvrp_n002_m03_s04,2,3,2.000000,999,174.940044,35.445494,245.831032,0.000000,,,0,1,,,,,0.001593,SMALL
ga,hfvrp_n002_m03_s02,2,3,2.000000,19345,139.033247,41.343143,221.719532,0.000000,,,0,1,,,,,0.949075,BIG
ga,hfvrp_n002_m03_s02,2,3,2.000000,1796878602563528733,139.033247,41.343143,221.719532,0.000000,,,0,1,,,,,0.015885,DEFAULT
ga,hfvrp_n002_m03_s02,2,3,2.000000,1796878606882575750,139.033247,41.343143,221.719532,0.000000,,,0,1,,,,,0.004086,SMALL
ga,hfvrp_n002_m03_s05,2,3,2.000000,200,302.671304,316.313399,935.298102,0.000000,,,0,1,,,,,0.946055,BIG
ga,hfvrp_n002_m03_s05,2,3,2.000000,999,302.671304,316.313399,935.298102,0.000000,,,0,1,,,,,0.020575,DEFAULT
ga,hfvrp_n002_m03_s05,2,3,2.000000,999,302.671304,316.313399,935.298102,0.000000,,,0,1,,,,,0.001702,SMALL
ga,hfvrp_n002_m03_s04,2,3,2.000000,999,174.940044,35.445494,245.831032,0.000000,,,0,1,,,,,0.320676,MEDIUM
ga,hfvrp_n002_m03_s02,2,3,2.000000,1796878611185574254,139.033247,41.343143,221.719532,0.000000,,,0,1,,,,,0.313130,MEDIUM
ga,hfvrp_n002_m03_s03,2,3,2.000000,1234,185.309216,25.338303,235.985823,0.000000,,,0,1,,,,,0.969441,BIG
ga,hfvrp_n002_m03_s03,2,3,2.000000,9999,185.309216,25.338303,235.985823,0.000000,,,0,1,,,,,0.020808,DEFAULT
ga,hfvrp_n002_m03_s03,2,3,2.000000,9999,185.309216,25.338303,235.985823,0.000000,,,0,1,,,,,0.001759,SMALL
ga,hfvrp_n002_m03_s05,2,3,2.000000,999,302.671304,316.313399,935.298102,0.000000,,,0,1,,,,,0.313605,MEDIUM
ga,hfvrp_n002_m03_s03,2,3,2.000000,9999,185.309216,25.338303,235.985823,0.000000,,,0,1,,,,,0.321260,MEDIUM
ga,hfvrp_n005_m03_s01,5,3,2.000000,10,350.283936,145.533835,641.351607,0.000000,,,0,1,,,,,1.429987,BIG
ga,hfvrp_n005_m03_s01,5,3,2.000000,50,350.283936,145.533835,641.351607,0.000000,,,0,1,,,,,0.023996,DEFAULT
ga,hfvrp_n005_m03_s01,5,3,2.000000,50,350.283936,145.533835,641.351607,0.000000,,,0,1,,,,,0.005771,SMALL
ga,hfvrp_n002_m03_s04,2,3,2.000000,999,174.940044,35.445494,245.831032,0.000000,,,0,1,,,,,0.936989,BIG
ga,hfvrp_n005_m03_s02,5,3,2.000000,1796878550891907064,381.944916,176.381442,734.707800,0.000000,,,0,1,,,,,1.417594,BIG
ga,hfvrp_n002_m03_s04,2,3,2.000000,1234,174.940044,35.445494,245.831032,0.000000,,,0,1,,,,,0.016272,DEFAULT
ga,hfvrp_n002_m03_s02,2,3,2.000000,1796877344491995479,139.033247,41.343143,221.719532,0.000000,,,0,1,,,,,0.938306,BIG
ga,hfvrp_n002_m03_s04,2,3,2.000000,1234,174.940044,35.445494,245.831032,0.000000,,,0,1,,,,,0.001711,SMALL
ga,hfvrp_n005_m03_s02,5,3,2.000000,1,381.944916,176.381442,734.707800,0.000000,,,0,1,,,,,0.024855,DEFAULT
ga,hfvrp_n005_m03_s02,5,3,2.000000,1,381.944916,176.381442,734.707800,0.000000,,,0,1,,,,,0.004190,SMALL
ga,hfvrp_n005_m03_s03,5,3,2.000000,1796877182261059535,444.734799,0.000000,444.734799,0.000000,,,0,1,,,,,0.025715,DEFAULT
ga,hfvrp_n005_m03_s01,5,3,2.000000,50,350.283936,145.533835,641.351607,0.000000,,,0,1,,,,,0.473311,MEDIUM
ga,hfvrp_n005_m03_s03,5,3,2.000000,1796877263894957505,444.734799,0.000000,444.734799,0.000000,,,0,1,,,,,0.002658,SMALL
ga,hfvrp_n002_m03_s05,2,3,2.000000,999,302.671304,316.313399,935.298102,0.000000,,,0,1,,,,,0.934762,BIG
ga,hfvrp_n002_m03_s05,2,3,2.000000,1234,302.671304,316.313399,935.298102,0.000000,,,0,1,,,,,0.017381,DEFAULT
ga,hfvrp_n002_m03_s05,2,3,2.000000,1234,302.671304,316.313399,935.298102,0.000000,,,0,1,,,,,0.001703,SMALL
ga,hfvrp_n002_m03_s04,2,3,2.000000,1234,174.940044,35.445494,245.831032,0.000000,,,0,1,,,,,0.320547,MEDIUM
ga,hfvrp_n002_m03_s05,2,3,2.000000,1234,302.671304,316.313399,935.298102,0.000000,,,0,1,,,,,0.309869,MEDIUM
ga,hfvrp_n002_m03_s03,2,3,2.000000,9999,185.309216,25.338303,235.985823,0.000000,,,0,1,,,,,0.982745,BIG
ga,hfvrp_n005_m03_s02,5,3,2.000000,1,381.944916,176.381442,734.707800,0.000000,,,0,1,,,,,0.475077,MEDIUM
ga,hfvrp_n002_m03_s03,2,3,2.000000,19345,185.309216,25.338303,235.985823,0.000000,,,0,1,,,,,0.019185,DEFAULT
ga,hfvrp_n005_m03_s03,5,3,2.000000,1796877272491496051,444.734799,0.000000,444.734799,0.000000,,,0,1,,,,,0.484642,MEDIUM
ga,hfvrp_n002_m03_s03,2,3,2.000000,19345,185.309216,25.338303,235.985823,0.000000,,,0,1,,,,,0.004406,SMALL
ga,hfvrp_n002_m03_s03,2,3,2.000000,19345,185.309216,25.338303,235.985823,0.000000,,,0,1,,,,,0.316631,MEDIUM
ga,hfvrp_n002_m03_s04,2,3,2.000000,1234,174.940044,35.445494,245.831032,0.000000,,,0,1,,,,,0.925803,BIG
ga,hfvrp_n002_m03_s04,2,3,2.000000,9999,174.940044,35.445494,245.831032,0.000000,,,0,1,,,,,0.016530,DEFAULT
ga,hfvrp_n002_m03_s04,2,3,2.000000,9999,174.940044,35.445494,245.831032,0.000000,,,0,1,,,,,0.002809,SMALL
ga,hfvrp_n002_m03_s05,2,3,2.000000,1234,302.671304,316.313399,935.298102,0.000000,,,0,1,,,,,0.942242,BIG
ga,hfvrp_n002_m03_s05,2,3,2.000000,9999,302.671304,316.313399,935.298102,0.000000,,,0,1,,,,,0.018596,DEFAULT
ga,hfvrp_n002_m03_s05,2,3,2.000000,9999,302.671304,316.313399,935.298102,0.000000,,,0,1,,,,,0.001581,SMALL
ga,hfvrp_n005_m03_s01,5,3,2.000000,50,350.283936,145.533835,641.351607,0.000000,,,0,1,,,,,1.430313,BIG
ga,hfvrp_n005_m03_s01,5,3,2.000000,75,350.283936,145.533835,641.351607,0.000000,,,0,1,,,,,0.024033,DEFAULT
ga,hfvrp_n005_m03_s01,5,3,2.000000,75,350.283936,145.533835,641.351607,0.000000,,,0,1,,,,,0.007497,SMALL
ga,hfvrp_n002_m03_s04,2,3,2.000000,9999,174.940044,35.445494,245.831032,0.000000,,,0,1,,,,,0.313771,MEDIUM
ga,hfvrp_n002_m03_s05,2,3,2.000000,9999,302.671304,316.313399,935.298102,0.000000,,,0,1,,,,,0.313742,MEDIUM
ga,hfvrp_n002_m03_s03,2,3,2.000000,19345,185.309216,25.338303,235.985823,0.000000,,,0,1,,,,,0.963424,BIG
ga,hfvrp_n002_m03_s03,2,3,2.000000,1796876926396599418,185.309216,25.338303,235.985823,0.000000,,,0,1,,,,,0.017493,DEFAULT
ga,hfvrp_n002_m03_s03,2,3,2.000000,1796876922126489181,185.309216,25.338303,235.985823,0.000000,,,0,1,,,,,0.004916,SMALL
ga,hfvrp_n005_m03_s02,5,3,2.000000,1,381.944916,176.381442,734.707800,0.000000,,,0,1,,,,,1.429779,BIG
ga,hfvrp_n005_m03_s02,5,3,2.000000,10,381.944916,176.381442,734.707800,0.000000,,,0,1,,,,,0.024942,DEFAULT
ga,hfvrp_n005_m03_s03,5,3,2.000000,1796877071116566021,444.734799,0.000000,444.734799,0.000000,,,0,1,,,,,1.447523,BIG
ga,hfvrp_n005_m03_s02,5,3,2.000000,10,363.863985,203.627944,771.119873,0.000000,,,0,1,,,,,0.002569,SMALL
ga,hfvrp_n005_m03_s01,5,3,2.000000,75,350.283936,145.533835,641.351607,0.000000,,,0,1,,,,,0.480749,MEDIUM
ga,hfvrp_n005_m03_s03,5,3,2.000000,1,444.734799,0.000000,444.734799,0.000000,,,0,1,,,,,0.029323,DEFAULT
ga,hfvrp_n005_m03_s03,5,3,2.000000,1,444.734799,0.000000,444.734799,0.000000,,,0,1,,,,,0.002652,SMALL
ga,hfvrp_n002_m03_s03,2,3,2.000000,1796876935024704313,185.309216,25.338303,235.985823,0.000000,,,0,1,,,,,0.334019,MEDIUM
ga,hfvrp_n005_m03_s02,5,3,2.000000,10,381.944916,176.381442,734.707800,0.000000,,,0,1,,,,,0.471032,MEDIUM
ga,hfvrp_n005_m03_s03,5,3,2.000000,1,444.734799,0.000000,444.734799,0.000000,,,0,1,,,,,0.475452,MEDIUM
ga,hfvrp_n002_m03_s04,2,3,2.000000,9999,174.940044,35.445494,245.831032,0.000000,,,0,1,,,,,0.945272,BIG
ga,hfvrp_n002_m03_s04,2,3,2.000000,19345,174.940044,35.445494,245.831032,0.000000,,,0,1,,,,,0.015892,DEFAULT
ga,hfvrp_n002_m03_s04,2,3,2.000000,19345,174.940044,35.445494,245.831032,0.000000,,,0,1,,,,,0.001704,SMALL
ga,hfvrp_n002_m03_s05,2,3,2.000000,9999,302.671304,316.313399,935.298102,0.000000,,,0,1,,,,,0.948219,BIG
ga,hfvrp_n002_m03_s05,2,3,2.000000,19345,302.671304,316.313399,935.298102,0.000000,,,0,1,,,,,0.015797,DEFAULT
ga,hfvrp_n002_m03_s05,2,3,2.000000,19345,302.671304,316.313399,935.298102,0.000000,,,0,1,,,,,0.001705,SMALL
ga,hfvrp_n002_m03_s04,2,3,2.000000,19345,174.940044,35.445494,245.831032,0.000000,,,0,1,,,,,0.316737,MEDIUM
ga,hfvrp_n002_m03_s05,2,3,2.000000,19345,302.671304,316.313399,935.298102,0.000000,,,0,1,,,,,0.310961,MEDIUM
ga,hfvrp_n002_m03_s03,2,3,2.000000,1796877004086872315,185.309216,25.338303,235.985823,0.000000,,,0,1,,,,,0.975068,BIG
ga,hfvrp_n005_m03_s04,5,3,2.000000,1796877967185934327,278.576281,287.478473,853.533227,0.000000,,,0,1,,,,,0.026042,DEFAULT
ga,hfvrp_n005_m03_s04,5,3,2.000000,1796877962924555639,278.576281,287.478473,853.533227,0.000000,,,0,1,,,,,0.004525,SMALL
ga,hfvrp_n005_m03_s01,5,3,2.000000,75,350.283936,145.533835,641.351607,0.000000,,,0,1,,,,,1.438699,BIG
ga,hfvrp_n005_m03_s01,5,3,2.000000,100,350.283936,145.533835,641.351607,0.000000,,,0,1,,,,,0.024840,DEFAULT
ga,hfvrp_n005_m03_s01,5,3,2.000000,100,350.283936,145.533835,641.351607,0.000000,,,0,1,,,,,0.004990,SMALL
ga,hfvrp_n005_m03_s04,5,3,2.000000,1796877975818231426,278.576281,287.478473,853.533227,0.000000,,,0,1,,,,,0.479074,MEDIUM
ga,hfvrp_n002_m03_s04,2,3,2.000000,19345,174.940044,35.445494,245.831032,0.000000,,,0,1,,,,,0.946331,BIG
ga,hfvrp_n002_m03_s04,2,3,2.000000,1796877748761592208,174.940044,35.445494,245.831032,0.000000,,,0,1,,,,,0.018671,DEFAULT
ga,hfvrp_n005_m03_s02,5,3,2.000000,10,381.944916,176.381442,734.707800,0.000000,,,0,1,,,,,1.422218,BIG
ga,hfvrp_n002_m03_s04,2,3,2.000000,1796877761673049239,174.940044,35.445494,245.831032,0.000000,,,0,1,,,,,0.004651,SMALL
ga,hfvrp_n005_m03_s02,5,3,2.000000,50,381.944916,176.381442,734.707800,0.000000,,,0,1,,,,,0.023845,DEFAULT
ga,hfvrp_n005_m03_s02,5,3,2.000000,50,381.944916,176.381442,734.707800,0.000000,,,0,1,,,,,0.002590,SMALL
ga,hfvrp_n005_m03_s03,5,3,2.000000,1,444.734799,0.000000,444.734799,0.000000,,,0,1,,,,,1.458026,BIG
ga,hfvrp_n005_m03_s01,5,3,2.000000,100,350.283936,145.533835,641.351607,0.000000,,,0,1,,,,,0.481405,MEDIUM
ga,hfvrp_n005_m03_s03,5,3,2.000000,10,444.734799,0.000000,444.734799,0.000000,,,0,1,,,,,0.028256,DEFAULT
ga,hfvrp_n005_m03_s03,5,3,2.000000,10,444.734799,0.000000,444.734799,0.000000,,,0,1,,,,,0.002667,SMALL
ga,hfvrp_n002_m03_s05,2,3,2.000000,19345,302.671304,316.313399,935.298102,0.000000,,,0,1,,,,,0.951294,BIG
ga,hfvrp_n002_m03_s05,2,3,2.000000,1796877774715692849,302.671304,316.313399,935.298102,0.000000,,,0,1,,,,,0.015879,DEFAULT
ga,hfvrp_n002_m03_s05,2,3,2.000000,1796877787620179945,302.671304,316.313399,935.298102,0.000000,,,0,1,,,,,0.001699,SMALL
ga,hfvrp_n002_m03_s04,2,3,2.000000,1796877705846596927,174.940044,35.445494,245.831032,0.000000,,,0,1,,,,,0.321408,MEDIUM
ga,hfvrp_n002_m03_s05,2,3,2.000000,1796877783330623041,302.671304,316.313399,935.298102,0.000000,,,0,1,,,,,0.308512,MEDIUM
ga,hfvrp_n005_m03_s02,5,3,2.000000,50,381.944916,176.381442,734.707800,0.000000,,,0,1,,,,,0.474165,MEDIUM
ga,hfvrp_n005_m03_s03,5,3,2.000000,10,444.734799,0.000000,444.734799,0.000000,,,0,1,,,,,0.484282,MEDIUM
ga,hfvrp_n002_m03_s04,2,3,2.000000,1796877796370474951,174.940044,35.445494,245.831032,0.000000,,,0,1,,,,,0.932823,BIG
ga,hfvrp_n005_m03_s05,5,3,2.000000,1796877595486341868,392.925224,206.042807,805.010838,0.000000,,,0,1,,,,,0.026356,DEFAULT
ga,hfvrp_n005_m03_s05,5,3,2.000000,1796877582631547759,392.925224,206.042807,805.010838,0.000000,,,0,1,,,,,0.002718,SMALL
ga,hfvrp_n005_m03_s04,5,3,2.000000,1796877941955819734,278.576281,287.478473,853.533227,0.000000,,,0,1,,,,,1.463502,BIG
ga,hfvrp_n005_m03_s04,5,3,2.000000,1,278.576281,287.478473,853.533227,0.000000,,,0,1,,,,,0.024438,DEFAULT
ga,hfvrp_n005_m03_s04,5,3,2.000000,1,278.576281,287.478473,853.533227,0.000000,,,0,1,,,,,0.002674,SMALL
ga,hfvrp_n002_m03_s05,2,3,2.000000,1796877792232980927,302.671304,316.313399,935.298102,0.000000,,,0,1,,,,,0.935138,BIG
ga,hfvrp_n010_m03_s01,10,3,2.000000,1796877488279740260,535.965065,271.386050,1078.737164,0.000000,,,0,1,,,,,0.040524,DEFAULT
ga,hfvrp_n010_m03_s01,10,3,2.000000,1796877492619060122,535.965065,271.386050,1078.737164,0.000000,,,0,1,,,,,0.003962,SMALL
ga,hfvrp_n005_m03_s01,5,3,2.000000,100,350.283936,145.533835,641.351607,0.000000,,,0,1,,,,,1.431551,BIG
ga,hfvrp_n005_m03_s01,5,3,2.000000,200,350.283936,145.533835,641.351607,0.000000,,,0,1,,,,,0.023604,DEFAULT
ga,hfvrp_n005_m03_s01,5,3,2.000000,200,350.283936,145.533835,641.351607,0.000000,,,0,1,,,,,0.006187,SMALL
ga,hfvrp_n005_m03_s05,5,3,2.000000,1796877586932973684,392.925224,206.042807,805.010838,0.000000,,,0,1,,,,,0.486259,MEDIUM
ga,hfvrp_n005_m03_s04,5,3,2.000000,1,278.576281,287.478473,853.533227,0.000000,,,0,1,,,,,0.484140,MEDIUM
ga,hfvrp_n005_m03_s02,5,3,2.000000,50,381.944916,176.381442,734.707800,0.000000,,,0,1,,,,,1.423916,BIG
ga,hfvrp_n005_m03_s02,5,3,2.000000,75,381.944916,176.381442,734.707800,0.000000,,,0,1,,,,,0.028211,DEFAULT
ga,hfvrp_n005_m03_s02,5,3,2.000000,75,363.863985,203.627944,771.119873,0.000000,,,0,1,,,,,0.005421,SMALL
ga,hfvrp_n005_m03_s01,5,3,2.000000,200,350.283936,145.533835,641.351607,0.000000,,,0,1,,,,,0.477070,MEDIUM
ga,hfvrp_n005_m03_s03,5,3,2.000000,10,444.734799,0.000000,444.734799,0.000000,,,0,1,,,,,1.468732,BIG
ga,hfvrp_n005_m03_s03,5,3,2.000000,50,444.734799,0.000000,444.734799,0.000000,,,0,1,,,,,0.024279,DEFAULT
ga,hfvrp_n005_m03_s03,5,3,2.000000,50,444.734799,0.000000,444.734799,0.000000,,,0,1,,,,,0.004686,SMALL
ga,hfvrp_n010_m03_s01,10,3,2.000000,1796877479741903694,529.611331,271.386050,1072.383430,0.000000,,,0,1,,,,,0.744872,MEDIUM
ga,hfvrp_n005_m03_s02,5,3,2.000000,75,381.944916,176.381442,734.707800,0.000000,,,0,1,,,,,0.469540,MEDIUM
ga,hfvrp_n005_m03_s03,5,3,2.000000,50,444.734799,0.000000,444.734799,0.000000,,,0,1,,,,,0.473206,MEDIUM
ga,hfvrp_n005_m03_s05,5,3,2.000000,1796877445693833234,392.925224,206.042807,805.010838,0.000000,,,0,1,,,,,1.456688,BIG
ga,hfvrp_n005_m03_s04,5,3,2.000000,1,278.576281,287.478473,853.533227,0.000000,,,0,1,,,,,1.449155,BIG
ga,hfvrp_n005_m03_s05,5,3,2.000000,1,409.923374,218.215678,846.354731,0.000000,,,0,1,,,,,0.028723,DEFAULT
ga,hfvrp_n005_m03_s05,5,3,2.000000,1,392.925224,206.042807,805.010838,0.000000,,,0,1,,,,,0.007105,SMALL
ga,hfvrp_n005_m03_s04,5,3,2.000000,10,278.576281,287.478473,853.533227,0.000000,,,0,1,,,,,0.024524,DEFAULT
ga,hfvrp_n005_m03_s04,5,3,2.000000,10,278.576281,287.478473,853.533227,0.000000,,,0,1,,,,,0.004461,SMALL
ga,hfvrp_n005_m03_s01,5,3,2.000000,200,350.283936,145.533835,641.351607,0.000000,,,0,1,,,,,1.420956,BIG
ga,hfvrp_n005_m03_s01,5,3,2.000000,999,350.283936,145.533835,641.351607,0.000000,,,0,1,,,,,0.027866,DEFAULT
ga,hfvrp_n005_m03_s01,5,3,2.000000,999,350.283936,145.533835,641.351607,0.000000,,,0,1,,,,,0.006832,SMALL
ga,hfvrp_n005_m03_s05,5,3,2.000000,1,392.925224,206.042807,805.010838,0.000000,,,0,1,,,,,0.479031,MEDIUM
ga,hfvrp_n005_m03_s04,5,3,2.000000,10,278.576281,287.478473,853.533227,0.000000,,,0,1,,,,,0.481755,MEDIUM
ga,hfvrp_n005_m03_s02,5,3,2.000000,75,381.944916,176.381442,734.707800,0.000000,,,0,1,,,,,1.417157,BIG
ga,hfvrp_n005_m03_s02,5,3,2.000000,100,381.944916,176.381442,734.707800,0.000000,,,0,1,,,,,0.023764,DEFAULT
ga,hfvrp_n005_m03_s02,5,3,2.000000,100,363.863985,203.627944,771.119873,0.000000,,,0,1,,,,,0.005900,SMALL
ga,hfvrp_n005_m03_s01,5,3,2.000000,999,350.283936,145.533835,641.351607,0.000000,,,0,1,,,,,0.471541,MEDIUM
ga,hfvrp_n005_m03_s03,5,3,2.000000,50,444.734799,0.000000,444.734799,0.000000,,,0,1,,,,,1.448171,BIG
ga,hfvrp_n005_m03_s03,5,3,2.000000,75,444.734799,0.000000,444.734799,0.000000,,,0,1,,,,,0.025547,DEFAULT
ga,hfvrp_n005_m03_s03,5,3,2.000000,75,444.734799,0.000000,444.734799,0.000000,,,0,1,,,,,0.004491,SMALL
ga,hfvrp_n005_m03_s02,5,3,2.000000,100,381.944916,176.381442,734.707800,0.000000,,,0,1,,,,,0.471703,MEDIUM
ga,hfvrp_n010_m03_s01,10,3,2.000000,1796877519144872399,535.965065,271.386050,1078.737164,0.000000,,,0,1,,,,,2.213623,BIG
ga,hfvrp_n010_m03_s01,10,3,2.000000,1,535.965065,271.386050,1078.737164,0.000000,,,0,1,,,,,0.037473,DEFAULT
ga,hfvrp_n010_m03_s01,10,3,2.000000,1,535.965065,271.386050,1078.737164,0.000000,,,0,1,,,,,0.008816,SMALL
ga,hfvrp_n005_m03_s03,5,3,2.000000,75,444.734799,0.000000,444.734799,0.000000,,,0,1,,,,,0.481746,MEDIUM
ga,hfvrp_n005_m03_s05,5,3,2.000000,1,392.925224,206.042807,805.010838,0.000000,,,0,1,,,,,1.447915,BIG
ga,hfvrp_n010_m03_s01,10,3,2.000000,1,535.965065,271.386050,1078.737164,0.000000,,,0,1,,,,,0.726247,MEDIUM
ga,hfvrp_n005_m03_s04,5,3,2.000000,10,278.576281,287.478473,853.533227,0.000000,,,0,1,,,,,1.450954,BIG
ga,hfvrp_n005_m03_s05,5,3,2.000000,10,409.923374,218.215678,846.354731,0.000000,,,0,1,,,,,0.024121,DEFAULT
ga,hfvrp_n005_m03_s05,5,3,2.000000,10,392.925224,206.042807,805.010838,0.000000,,,0,1,,,,,0.003741,SMALL
ga,hfvrp_n005_m03_s04,5,3,2.000000,50,278.576281,287.478473,853.533227,0.000000,,,0,1,,,,,0.028471,DEFAULT
ga,hfvrp_n005_m03_s04,5,3,2.000000,50,278.576281,287.478473,853.533227,0.000000,,,0,1,,,,,0.002599,SMALL
ga,hfvrp_n005_m03_s01,5,3,2.000000,999,350.283936,145.533835,641.351607,0.000000,,,0,1,,,,,1.417014,BIG
ga,hfvrp_n005_m03_s01,5,3,2.000000,1234,350.283936,145.533835,641.351607,0.000000,,,0,1,,,,,0.027997,DEFAULT
ga,hfvrp_n005_m03_s01,5,3,2.000000,1234,350.283936,145.533835,641.351607,0.000000,,,0,1,,,,,0.006950,SMALL
ga,hfvrp_n005_m03_s05,5,3,2.000000,10,392.925224,206.042807,805.010838,0.000000,,,0,1,,,,,0.479358,MEDIUM
ga,hfvrp_n005_m03_s02,5,3,2.000000,100,381.944916,176.381442,734.707800,0.000000,,,0,1,,,,,1.409183,BIG
ga,hfvrp_n005_m03_s04,5,3,2.000000,50,278.576281,287.478473,853.533227,0.000000,,,0,1,,,,,0.481632,MEDIUM
ga,hfvrp_n005_m03_s02,5,3,2.000000,200,381.944916,176.381442,734.707800,0.000000,,,0,1,,,,,0.023949,DEFAULT
ga,hfvrp_n005_m03_s02,5,3,2.000000,200,363.863985,203.627944,771.119873,0.000000,,,0,1,,,,,0.002632,SMALL
ga,hfvrp_n005_m03_s01,5,3,2.000000,1234,350.283936,145.533835,641.351607,0.000000,,,0,1,,,,,0.470456,MEDIUM
ga,hfvrp_n005_m03_s03,5,3,2.000000,75,444.734799,0.000000,444.734799,0.000000,,,0,1,,,,,1.459703,BIG
ga,hfvrp_n005_m03_s03,5,3,2.000000,100,444.734799,0.000000,444.734799,0.000000,,,0,1,,,,,0.024677,DEFAULT
ga,hfvrp_n005_m03_s03,5,3,2.000000,100,444.734799,0.000000,444.734799,0.000000,,,0,1,,,,,0.002546,SMALL
ga,hfvrp_n005_m03_s02,5,3,2.000000,200,381.944916,176.381442,734.707800,0.000000,,,0,1,,,,,0.467034,MEDIUM
ga,hfvrp_n005_m03_s03,5,3,2.000000,100,444.734799,0.000000,444.734799,0.000000,,,0,1,,,,,0.479923,MEDIUM
ga,hfvrp_n005_m03_s05,5,3,2.000000,10,392.925224,206.042807,805.010838,0.000000,,,0,1,,,,,1.436788,BIG
ga,hfvrp_n005_m03_s05,5,3,2.000000,50,409.923374,218.215678,846.354731,0.000000,,,0,1,,,,,0.023928,DEFAULT
ga,hfvrp_n005_m03_s04,5,3,2.000000,50,278.576281,287.478473,853.533227,0.000000,,,0,1,,,,,1.446345,BIG
ga,hfvrp_n005_m03_s05,5,3,2.000000,50,409.923374,218.215678,846.354731,0.000000,,,0,1,,,,,0.004725,SMALL
ga,hfvrp_n005_m03_s04,5,3,2.000000,75,278.576281,287.478473,853.533227,0.000000,,,0,1,,,,,0.024435,DEFAULT
ga,hfvrp_n005_m03_s04,5,3,2.000000,75,278.576281,287.478473,853.533227,0.000000,,,0,1,,,,,0.004217,SMALL
ga,hfvrp_n005_m03_s01,5,3,2.000000,1234,350.283936,145.533835,641.351607,0.000000,,,0,1,,,,,1.418488,BIG
ga,hfvrp_n005_m03_s01,5,3,2.000000,9999,350.283936,145.533835,641.351607,0.000000,,,0,1,,,,,0.024061,DEFAULT
ga,hfvrp_n005_m03_s01,5,3,2.000000,9999,350.283936,145.533835,641.351607,0.000000,,,0,1,,,,,0.005263,SMALL
ga,hfvrp_n010_m03_s01,10,3,2.000000,1,535.965065,271.386050,1078.737164,0.000000,,,0,1,,,,,2.213702,BIG
ga,hfvrp_n010_m03_s01,10,3,2.000000,10,535.965065,271.386050,1078.737164,0.000000,,,0,1,,,,,0.041003,DEFAULT
ga,hfvrp_n010_m03_s01,10,3,2.000000,10,535.965065,271.386050,1078.737164,0.000000,,,0,1,,,,,0.003922,SMALL
ga,hfvrp_n005_m03_s02,5,3,2.000000,200,381.944916,176.381442,734.707800,0.000000,,,0,1,,,,,1.413775,BIG
ga,hfvrp_n005_m03_s05,5,3,2.000000,50,392.925224,206.042807,805.010838,0.000000,,,0,1,,,,,0.489255,MEDIUM
ga,hfvrp_n005_m03_s02,5,3,2.000000,999,381.944916,176.381442,734.707800,0.000000,,,0,1,,,,,0.027882,DEFAULT
ga,hfvrp_n005_m03_s02,5,3,2.000000,999,381.944916,176.381442,734.707800,0.000000,,,0,1,,,,,0.007847,SMALL
ga,hfvrp_n005_m03_s04,5,3,2.000000,75,278.576281,287.478473,853.533227,0.000000,,,0,1,,,,,0.496012,MEDIUM
ga,hfvrp_n005_m03_s01,5,3,2.000000,9999,350.283936,145.533835,641.351607,0.000000,,,0,1,,,,,0.478830,MEDIUM
ga,hfvrp_n005_m03_s03,5,3,2.000000,100,444.734799,0.000000,444.734799,0.000000,,,0,1,,,,,1.448495,BIG
ga,hfvrp_n005_m03_s03,5,3,2.000000,200,444.734799,0.000000,444.734799,0.000000,,,0,1,,,,,0.024242,DEFAULT
ga,hfvrp_n005_m03_s03,5,3,2.000000,200,444.734799,0.000000,444.734799,0.000000,,,0,1,,,,,0.005986,SMALL
ga,hfvrp_n005_m03_s02,5,3,2.000000,999,381.944916,176.381442,734.707800,0.000000,,,0,1,,,,,0.468896,MEDIUM
ga,hfvrp_n010_m03_s01,10,3,2.000000,10,535.965065,271.386050,1078.737164,0.000000,,,0,1,,,,,0.744920,MEDIUM
ga,hfvrp_n005_m03_s03,5,3,2.000000,200,444.734799,0.000000,444.734799,0.000000,,,0,1,,,,,0.478425,MEDIUM
ga,hfvrp_n005_m03_s05,5,3,2.000000,50,392.925224,206.042807,805.010838,0.000000,,,0,1,,,,,1.446005,BIG
ga,hfvrp_n005_m03_s04,5,3,2.000000,75,278.576281,287.478473,853.533227,0.000000,,,0,1,,,,,1.437677,BIG
ga,hfvrp_n005_m03_s05,5,3,2.000000,75,392.925224,206.042807,805.010838,0.000000,,,0,1,,,,,0.028526,DEFAULT
ga,hfvrp_n005_m03_s05,5,3,2.000000,75,392.925224,206.042807,805.010838,0.000000,,,0,1,,,,,0.003690,SMALL
ga,hfvrp_n005_m03_s01,5,3,2.000000,9999,350.283936,145.533835,641.351607,0.000000,,,0,1,,,,,1.422067,BIG
ga,hfvrp_n005_m03_s04,5,3,2.000000,100,278.576281,287.478473,853.533227,0.000000,,,0,1,,,,,0.028500,DEFAULT
ga,hfvrp_n005_m03_s04,5,3,2.000000,100,278.576281,287.478473,853.533227,0.000000,,,0,1,,,,,0.007784,SMALL
ga,hfvrp_n005_m03_s01,5,3,2.000000,19345,350.283936,145.533835,641.351607,0.000000,,,0,1,,,,,0.024019,DEFAULT
ga,hfvrp_n005_m03_s01,5,3,2.000000,19345,350.283936,145.533835,641.351607,0.000000,,,0,1,,,,,0.002611,SMALL
ga,hfvrp_n005_m03_s02,5,3,2.000000,999,381.944916,176.381442,734.707800,0.000000,,,0,1,,,,,1.402520,BIG
ga,hfvrp_n005_m03_s02,5,3,2.000000,1234,381.944916,176.381442,734.707800,0.000000,,,0,1,,,,,0.024179,DEFAULT
ga,hfvrp_n005_m03_s02,5,3,2.000000,1234,381.944916,176.381442,734.707800,0.000000,,,0,1,,,,,0.002503,SMALL
ga,hfvrp_n005_m03_s05,5,3,2.000000,75,392.925224,206.042807,805.010838,0.000000,,,0,1,,,,,0.481389,MEDIUM
ga,hfvrp_n005_m03_s04,5,3,2.000000,100,278.576281,287.478473,853.533227,0.000000,,,0,1,,,,,0.485484,MEDIUM
ga,hfvrp_n005_m03_s01,5,3,2.000000,19345,350.283936,145.533835,641.351607,0.000000,,,0,1,,,,,0.471237,MEDIUM
ga,hfvrp_n005_m03_s03,5,3,2.000000,200,444.734799,0.000000,444.734799,0.000000,,,0,1,,,,,1.440277,BIG
ga,hfvrp_n005_m03_s03,5,3,2.000000,999,444.734799,0.000000,444.734799,0.000000,,,0,1,,,,,0.026068,DEFAULT
ga,hfvrp_n005_m03_s03,5,3,2.000000,999,444.734799,0.000000,444.734799,0.000000,,,0,1,,,,,0.005960,SMALL
ga,hfvrp_n005_m03_s02,5,3,2.000000,1234,381.944916,176.381442,734.707800,0.000000,,,0,1,,,,,0.475520,MEDIUM
ga,hfvrp_n010_m03_s01,10,3,2.000000,10,535.965065,271.386050,1078.737164,0.000000,,,0,1,,,,,2.198927,BIG
ga,hfvrp_n005_m03_s03,5,3,2.000000,999,444.734799,0.000000,444.734799,0.000000,,,0,1,,,,,0.475291,MEDIUM
ga,hfvrp_n010_m03_s01,10,3,2.000000,50,535.965065,271.386050,1078.737164,0.000000,,,0,1,,,,,0.042086,DEFAULT
ga,hfvrp_n010_m03_s01,10,3,2.000000,50,535.965065,271.386050,1078.737164,0.000000,,,0,1,,,,,0.007005,SMALL
ga,hfvrp_n005_m03_s05,5,3,2.000000,75,392.925224,206.042807,805.010838,0.000000,,,0,1,,,,,1.440234,BIG
ga,hfvrp_n005_m03_s01,5,3,2.000000,19345,350.283936,145.533835,641.351607,0.000000,,,0,1,,,,,1.417553,BIG
ga,hfvrp_n005_m03_s05,5,3,2.000000,100,392.925224,206.042807,805.010838,0.000000,,,0,1,,,,,0.028407,DEFAULT
ga,hfvrp_n005_m03_s05,5,3,2.000000,100,409.923374,218.215678,846.354731,0.000000,,,0,1,,,,,0.002633,SMALL
ga,hfvrp_n005_m03_s01,5,3,2.000000,1796876527459127844,350.283936,145.533835,641.351607,0.000000,,,0,1,,,,,0.027568,DEFAULT
ga,hfvrp_n005_m03_s01,5,3,2.000000,1796876506019392373,350.283936,145.533835,641.351607,0.000000,,,0,1,,,,,0.007265,SMALL
ga,hfvrp_n005_m03_s04,5,3,2.000000,100,278.576281,287.478473,853.533227,0.000000,,,0,1,,,,,1.516886,BIG
ga,hfvrp_n010_m03_s01,10,3,2.000000,50,535.965065,271.386050,1078.737164,0.000000,,,0,1,,,,,0.738970,MEDIUM
ga,hfvrp_n005_m03_s04,5,3,2.000000,200,278.576281,287.478473,853.533227,0.000000,,,0,1,,,,,0.028600,DEFAULT
ga,hfvrp_n005_m03_s04,5,3,2.000000,200,278.576281,287.478473,853.533227,0.000000,,,0,1,,,,,0.006916,SMALL
ga,hfvrp_n005_m03_s02,5,3,2.000000,1234,381.944916,176.381442,734.707800,0.000000,,,0,1,,,,,1.415173,BIG
ga,hfvrp_n005_m03_s02,5,3,2.000000,9999,381.944916,176.381442,734.707800,0.000000,,,0,1,,,,,0.027476,DEFAULT
ga,hfvrp_n005_m03_s02,5,3,2.000000,9999,381.944916,176.381442,734.707800,0.000000,,,0,1,,,,,0.002403,SMALL
ga,hfvrp_n005_m03_s05,5,3,2.000000,100,392.925224,206.042807,805.010838,0.000000,,,0,1,,,,,0.483848,MEDIUM
ga,hfvrp_n005_m03_s01,5,3,2.000000,1796876510326091691,350.283936,145.533835,641.351607,0.000000,,,0,1,,,,,0.476081,MEDIUM
ga,hfvrp_n005_m03_s04,5,3,2.000000,200,278.576281,287.478473,853.533227,0.000000,,,0,1,,,,,0.478946,MEDIUM
ga,hfvrp_n005_m03_s03,5,3,2.000000,999,444.734799,0.000000,444.734799,0.000000,,,0,1,,,,,1.440704,BIG
ga,hfvrp_n005_m03_s03,5,3,2.000000,1234,444.734799,0.000000,444.734799,0.000000,,,0,1,,,,,0.024293,DEFAULT
ga,hfvrp_n005_m03_s03,5,3,2.000000,1234,444.734799,0.000000,444.734799,0.000000,,,0,1,,,,,0.005982,SMALL
ga,hfvrp_n005_m03_s02,5,3,2.000000,9999,381.944916,176.381442,734.707800,0.000000,,,0,1,,,,,0.468595,MEDIUM
ga,hfvrp_n005_m03_s03,5,3,2.000000,1234,444.734799,0.000000,444.734799,0.000000,,,0,1,,,,,0.482467,MEDIUM
ga,hfvrp_n005_m03_s05,5,3,2.000000,100,392.925224,206.042807,805.010838,0.000000,,,0,1,,,,,1.436427,BIG
ga,hfvrp_n005_m03_s01,5,3,2.000000,1796876583819985858,350.283936,145.533835,641.351607,0.000000,,,0,1,,,,,1.412415,BIG
ga,hfvrp_n005_m03_s05,5,3,2.000000,200,392.925224,206.042807,805.010838,0.000000,,,0,1,,,,,0.026020,DEFAULT
ga,hfvrp_n005_m03_s05,5,3,2.000000,200,392.925224,206.042807,805.010838,0.000000,,,0,1,,,,,0.002671,SMALL
ga,hfvrp_n010_m03_s02,10,3,2.000000,1796876434946910016,613.393754,418.059583,1449.512921,0.000000,,,0,1,,,,,0.040322,DEFAULT
ga,hfvrp_n010_m03_s02,10,3,2.000000,1796876447875835637,613.393754,418.059583,1449.512921,0.000000,,,0,1,,,,,0.004008,SMALL
ga,hfvrp_n005_m03_s04,5,3,2.000000,200,278.576281,287.478473,853.533227,0.000000,,,0,1,,,,,1.442614,BIG
ga,hfvrp_n005_m03_s04,5,3,2.000000,999,278.576281,287.478473,853.533227,0.000000,,,0,1,,,,,0.025620,DEFAULT
ga,hfvrp_n005_m03_s04,5,3,2.000000,999,278.576281,287.478473,853.533227,0.000000,,,0,1,,,,,0.002676,SMALL
ga,hfvrp_n010_m03_s01,10,3,2.000000,50,535.965065,271.386050,1078.737164,0.000000,,,0,1,,,,,2.215243,BIG
ga,hfvrp_n005_m03_s02,5,3,2.000000,9999,381.944916,176.381442,734.707800,0.000000,,,0,1,,,,,1.408437,BIG
ga,hfvrp_n010_m03_s01,10,3,2.000000,75,535.965065,271.386050,1078.737164,0.000000,,,0,1,,,,,0.036661,DEFAULT
ga,hfvrp_n005_m03_s02,5,3,2.000000,19345,363.863985,203.627944,771.119873,0.000000,,,0,1,,,,,0.027420,DEFAULT
ga,hfvrp_n010_m03_s01,10,3,2.000000,75,535.965065,271.386050,1078.737164,0.000000,,,0,1,,,,,0.004083,SMALL
ga,hfvrp_n005_m03_s02,5,3,2.000000,19345,363.863985,203.627944,771.119873,0.000000,,,0,1,,,,,0.002616,SMALL
ga,hfvrp_n005_m03_s05,5,3,2.000000,200,392.925224,206.042807,805.010838,0.000000,,,0,1,,,,,0.488696,MEDIUM
ga,hfvrp_n005_m03_s04,5,3,2.000000,999,278.576281,287.478473,853.533227,0.000000,,,0,1,,,,,0.480999,MEDIUM
ga,hfvrp_n005_m03_s03,5,3,2.000000,1234,444.734799,0.000000,444.734799,0.000000,,,0,1,,,,,1.437843,BIG
ga,hfvrp_n010_m03_s02,10,3,2.000000,1796876417818772614,613.393754,418.059583,1449.512921,0.000000,,,0,1,,,,,0.744717,MEDIUM
ga,hfvrp_n005_m03_s03,5,3,2.000000,9999,444.734799,0.000000,444.734799,0.000000,,,0,1,,,,,0.027513,DEFAULT
ga,hfvrp_n005_m03_s03,5,3,2.000000,9999,444.734799,0.000000,444.734799,0.000000,,,0,1,,,,,0.007956,SMALL
ga,hfvrp_n005_m03_s02,5,3,2.000000,19345,381.944916,176.381442,734.707800,0.000000,,,0,1,,,,,0.468723,MEDIUM
ga,hfvrp_n010_m03_s01,10,3,2.000000,75,535.965065,271.386050,1078.737164,0.000000,,,0,1,,,,,0.731499,MEDIUM
ga,hfvrp_n005_m03_s03,5,3,2.000000,9999,444.734799,0.000000,444.734799,0.000000,,,0,1,,,,,0.473453,MEDIUM
ga,hfvrp_n005_m03_s05,5,3,2.000000,200,392.925224,206.042807,805.010838,0.000000,,,0,1,,,,,1.440771,BIG
ga,hfvrp_n005_m03_s05,5,3,2.000000,999,392.925224,206.042807,805.010838,0.000000,,,0,1,,,,,0.027922,DEFAULT
ga,hfvrp_n005_m03_s05,5,3,2.000000,999,409.923374,218.215678,846.354731,0.000000,,,0,1,,,,,0.002439,SMALL
ga,hfvrp_n005_m03_s04,5,3,2.000000,999,278.576281,287.478473,853.533227,0.000000,,,0,1,,,,,1.469374,BIG
ga,hfvrp_n005_m03_s04,5,3,2.000000,1234,278.576281,287.478473,853.533227,0.000000,,,0,1,,,,,0.029479,DEFAULT
ga,hfvrp_n005_m03_s04,5,3,2.000000,1234,278.576281,287.478473,853.533227,0.000000,,,0,1,,,,,0.002600,SMALL
ga,hfvrp_n005_m03_s02,5,3,2.000000,19345,381.944916,176.381442,734.707800,0.000000,,,0,1,,,,,1.393182,BIG
ga,hfvrp_n005_m03_s02,5,3,2.000000,1796874955463751140,381.944916,176.381442,734.707800,0.000000,,,0,1,,,,,0.023529,DEFAULT
ga,hfvrp_n005_m03_s02,5,3,2.000000,1796874968375998009,381.944916,176.381442,734.707800,0.000000,,,0,1,,,,,0.002485,SMALL
ga,hfvrp_n005_m03_s05,5,3,2.000000,999,392.925224,206.042807,805.010838,0.000000,,,0,1,,,,,0.484731,MEDIUM
ga,hfvrp_n005_m03_s04,5,3,2.000000,1234,278.576281,287.478473,853.533227,0.000000,,,0,1,,,,,0.479090,MEDIUM
ga,hfvrp_n005_m03_s03,5,3,2.000000,9999,444.734799,0.000000,444.734799,0.000000,,,0,1,,,,,1.433870,BIG
ga,hfvrp_n005_m03_s03,5,3,2.000000,19345,444.734799,0.000000,444.734799,0.000000,,,0,1,,,,,0.024162,DEFAULT
ga,hfvrp_n005_m03_s03,5,3,2.000000,19345,444.734799,0.000000,444.734799,0.000000,,,0,1,,,,,0.006607,SMALL
ga,hfvrp_n005_m03_s02,5,3,2.000000,1796874964092007495,381.944916,176.381442,734.707800,0.000000,,,0,1,,,,,0.472987,MEDIUM
ga,hfvrp_n010_m03_s02,10,3,2.000000,1796875194501695789,559.248798,418.059583,1395.367965,0.000000,,,0,1,,,,,2.236844,BIG
ga,hfvrp_n010_m03_s02,10,3,2.000000,1,613.393754,418.059583,1449.512921,0.000000,,,0,1,,,,,0.036599,DEFAULT
ga,hfvrp_n010_m03_s02,10,3,2.000000,1,624.339007,418.059583,1460.458174,0.000000,,,0,1,,,,,0.004178,SMALL
ga,hfvrp_n005_m03_s03,5,3,2.000000,19345,444.734799,0.000000,444.734799,0.000000,,,0,1,,,,,0.476334,MEDIUM
ga,hfvrp_n010_m03_s01,10,3,2.000000,75,535.965065,271.386050,1078.737164,0.000000,,,0,1,,,,,2.217376,BIG
ga,hfvrp_n010_m03_s01,10,3,2.000000,100,535.965065,271.386050,1078.737164,0.000000,,,0,1,,,,,0.040294,DEFAULT
ga,hfvrp_n010_m03_s01,10,3,2.000000,100,549.083025,280.249143,1109.581311,0.000000,,,0,1,,,,,0.004204,SMALL
ga,hfvrp_n010_m03_s02,10,3,2.000000,1,550.492463,418.059583,1386.611630,0.000000,,,0,1,,,,,0.741908,MEDIUM
ga,hfvrp_n005_m03_s05,5,3,2.000000,999,392.925224,206.042807,805.010838,0.000000,,,0,1,,,,,1.446054,BIG
ga,hfvrp_n005_m03_s05,5,3,2.000000,1234,392.925224,206.042807,805.010838,0.000000,,,0,1,,,,,0.024333,DEFAULT
ga,hfvrp_n005_m03_s05,5,3,2.000000,1234,392.925224,206.042807,805.010838,0.000000,,,0,1,,,,,0.006309,SMALL
ga,hfvrp_n005_m03_s04,5,3,2.000000,1234,278.576281,287.478473,853.533227,0.000000,,,0,1,,,,,1.456408,BIG
ga,hfvrp_n005_m03_s04,5,3,2.000000,9999,278.576281,287.478473,853.533227,0.000000,,,0,1,,,,,0.025987,DEFAULT
ga,hfvrp_n005_m03_s04,5,3,2.000000,9999,278.576281,287.478473,853.533227,0.000000,,,0,1,,,,,0.005114,SMALL
ga,hfvrp_n010_m03_s01,10,3,2.000000,100,535.965065,271.386050,1078.737164,0.000000,,,0,1,,,,,0.738262,MEDIUM
ga,hfvrp_n005_m03_s02,5,3,2.000000,1796875041877712382,381.944916,176.381442,734.707800,0.000000,,,0,1,,,,,1.413183,BIG
ga,hfvrp_n010_m03_s03,10,3,2.000000,1796874729800997855,611.652538,559.720115,1731.092769,0.000000,,,0,1,,,,,0.039659,DEFAULT
ga,hfvrp_n010_m03_s03,10,3,2.000000,1796874725549444442,611.652538,559.720115,1731.092769,0.000000,,,0,1,,,,,0.004130,SMALL
ga,hfvrp_n005_m03_s05,5,3,2.000000,1234,392.925224,206.042807,805.010838,0.000000,,,0,1,,,,,0.490488,MEDIUM
ga,hfvrp_n005_m03_s04,5,3,2.000000,9999,278.576281,287.478473,853.533227,0.000000,,,0,1,,,,,0.490373,MEDIUM
ga,hfvrp_n005_m03_s03,5,3,2.000000,19345,444.734799,0.000000,444.734799,0.000000,,,0,1,,,,,1.456850,BIG
ga,hfvrp_n005_m03_s03,5,3,2.000000,1796874683063196769,444.734799,0.000000,444.734799,0.000000,,,0,1,,,,,0.027976,DEFAULT
ga,hfvrp_n005_m03_s03,5,3,2.000000,1796874807648268797,444.734799,0.000000,444.734799,0.000000,,,0,1,,,,,0.002451,SMALL
ga,hfvrp_n010_m03_s03,10,3,2.000000,1796874704082451419,611.652538,559.720115,1731.092769,0.000000,,,0,1,,,,,0.743819,MEDIUM
ga,hfvrp_n005_m03_s03,5,3,2.000000,1796874811952816368,444.734799,0.000000,444.734799,0.000000,,,0,1,,,,,0.475838,MEDIUM
ga,hfvrp_n005_m03_s05,5,3,2.000000,1234,392.925224,206.042807,805.010838,0.000000,,,0,1,,,,,1.437148,BIG
ga,hfvrp_n005_m03_s05,5,3,2.000000,9999,392.925224,206.042807,805.010838,0.000000,,,0,1,,,,,0.026058,DEFAULT
ga,hfvrp_n005_m03_s05,5,3,2.000000,9999,392.925224,206.042807,805.010838,0.000000,,,0,1,,,,,0.005462,SMALL
ga,hfvrp_n010_m03_s02,10,3,2.000000,1,559.248798,418.059583,1395.367965,0.000000,,,0,1,,,,,2.240370,BIG
ga,hfvrp_n005_m03_s04,5,3,2.000000,9999,278.576281,287.478473,853.533227,0.000000,,,0,1,,,,,1.443889,BIG
ga,hfvrp_n005_m03_s04,5,3,2.000000,19345,278.576281,287.478473,853.533227,0.000000,,,0,1,,,,,0.025756,DEFAULT
ga,hfvrp_n010_m03_s02,10,3,2.000000,10,613.393754,418.059583,1449.512921,0.000000,,,0,1,,,,,0.040544,DEFAULT
ga,hfvrp_n005_m03_s04,5,3,2.000000,19345,278.576281,287.478473,853.533227,0.000000,,,0,1,,,,,0.005035,SMALL
ga,hfvrp_n010_m03_s02,10,3,2.000000,10,613.393754,418.059583,1449.512921,0.000000,,,0,1,,,,,0.004342,SMALL
ga,hfvrp_n010_m03_s01,10,3,2.000000,100,535.965065,271.386050,1078.737164,0.000000,,,0,1,,,,,2.216486,BIG
ga,hfvrp_n010_m03_s01,10,3,2.000000,200,560.680571,271.386050,1103.452671,0.000000,,,0,1,,,,,0.040660,DEFAULT
ga,hfvrp_n010_m03_s01,10,3,2.000000,200,535.965065,271.386050,1078.737164,0.000000,,,0,1,,,,,0.008775,SMALL
ga,hfvrp_n005_m03_s05,5,3,2.000000,9999,392.925224,206.042807,805.010838,0.000000,,,0,1,,,,,0.488432,MEDIUM
ga,hfvrp_n005_m03_s04,5,3,2.000000,19345,278.576281,287.478473,853.533227,0.000000,,,0,1,,,,,0.486683,MEDIUM
ga,hfvrp_n005_m03_s03,5,3,2.000000,1796874803846674913,444.734799,0.000000,444.734799,0.000000,,,0,1,,,,,1.447215,BIG
ga,hfvrp_n010_m03_s04,10,3,2.000000,1796875715870350585,621.509644,594.002577,1809.514798,0.000000,,,0,1,,,,,0.041514,DEFAULT
ga,hfvrp_n010_m03_s04,10,3,2.000000,1796875565591990206,621.509644,594.002577,1809.514798,0.000000,,,0,1,,,,,0.004175,SMALL
ga,hfvrp_n010_m03_s02,10,3,2.000000,10,559.248798,418.059583,1395.367965,0.000000,,,0,1,,,,,0.748623,MEDIUM
ga,hfvrp_n010_m03_s01,10,3,2.000000,200,535.965065,271.386050,1078.737164,0.000000,,,0,1,,,,,0.735559,MEDIUM
ga,hfvrp_n010_m03_s03,10,3,2.000000,1796874799323424349,611.652538,559.720115,1731.092769,0.000000,,,0,1,,,,,2.268094,BIG
ga,hfvrp_n010_m03_s03,10,3,2.000000,1,611.652538,559.720115,1731.092769,0.000000,,,0,1,,,,,0.038420,DEFAULT
ga,hfvrp_n010_m03_s03,10,3,2.000000,1,611.652538,559.720115,1731.092769,0.000000,,,0,1,,,,,0.004185,SMALL
ga,hfvrp_n010_m03_s04,10,3,2.000000,1796875569899651798,621.509644,594.002577,1809.514798,0.000000,,,0,1,,,,,0.784124,MEDIUM
ga,hfvrp_n005_m03_s05,5,3,2.000000,9999,392.925224,206.042807,805.010838,0.000000,,,0,1,,,,,1.444329,BIG
ga,hfvrp_n005_m03_s05,5,3,2.000000,19345,392.925224,206.042807,805.010838,0.000000,,,0,1,,,,,0.028124,DEFAULT
ga,hfvrp_n005_m03_s05,5,3,2.000000,19345,392.925224,206.042807,805.010838,0.000000,,,0,1,,,,,0.006774,SMALL
ga,hfvrp_n010_m03_s03,10,3,2.000000,1,611.652538,559.720115,1731.092769,0.000000,,,0,1,,,,,0.738616,MEDIUM
ga,hfvrp_n005_m03_s04,5,3,2.000000,19345,278.576281,287.478473,853.533227,0.000000,,,0,1,,,,,1.461883,BIG
ga,hfvrp_n005_m03_s04,5,3,2.000000,1796875601291721664,278.576281,287.478473,853.533227,0.000000,,,0,1,,,,,0.026944,DEFAULT
ga,hfvrp_n005_m03_s04,5,3,2.000000,1796875605620759617,278.576281,287.478473,853.533227,0.000000,,,0,1,,,,,0.005195,SMALL
ga,hfvrp_n005_m03_s05,5,3,2.000000,19345,392.925224,206.042807,805.010838,0.000000,,,0,1,,,,,0.479415,MEDIUM
ga,hfvrp_n005_m03_s04,5,3,2.000000,1796875592744859536,278.576281,287.478473,853.533227,0.000000,,,0,1,,,,,0.477490,MEDIUM
ga,hfvrp_n010_m03_s02,10,3,2.000000,10,559.248798,418.059583,1395.367965,0.000000,,,0,1,,,,,2.216935,BIG
ga,hfvrp_n010_m03_s02,10,3,2.000000,50,624.339007,418.059583,1460.458174,0.000000,,,0,1,,,,,0.038307,DEFAULT
ga,hfvrp_n010_m03_s02,10,3,2.000000,50,559.248798,418.059583,1395.367965,0.000000,,,0,1,,,,,0.009412,SMALL
ga,hfvrp_n010_m03_s01,10,3,2.000000,200,535.965065,271.386050,1078.737164,0.000000,,,0,1,,,,,2.206101,BIG
ga,hfvrp_n010_m03_s01,10,3,2.000000,999,535.965065,271.386050,1078.737164,0.000000,,,0,1,,,,,0.037883,DEFAULT
ga,hfvrp_n010_m03_s01,10,3,2.000000,999,549.083025,280.249143,1109.581311,0.000000,,,0,1,,,,,0.003842,SMALL
ga,hfvrp_n010_m03_s04,10,3,2.000000,1796875527738165423,620.736477,594.119623,1808.975723,0.000000,,,0,1,,,,,2.240625,BIG
ga,hfvrp_n010_m03_s04,10,3,2.000000,1,621.509644,594.002577,1809.514798,0.000000,,,0,1,,,,,0.040701,DEFAULT
ga,hfvrp_n005_m03_s05,5,3,2.000000,19345,392.925224,206.042807,805.010838,0.000000,,,0,1,,,,,1.442154,BIG
ga,hfvrp_n010_m03_s04,10,3,2.000000,1,621.509644,594.002577,1809.514798,0.000000,,,0,1,,,,,0.004199,SMALL
ga,hfvrp_n005_m03_s05,5,3,2.000000,1796875474218692671,392.925224,206.042807,805.010838,0.000000,,,0,1,,,,,0.024355,DEFAULT
ga,hfvrp_n010_m03_s02,10,3,2.000000,50,589.192376,418.059583,1425.311542,0.000000,,,0,1,,,,,0.734201,MEDIUM
ga,hfvrp_n005_m03_s05,5,3,2.000000,1796875469956354591,409.923374,218.215678,846.354731,0.000000,,,0,1,,,,,0.007921,SMALL
ga,hfvrp_n005_m03_s04,5,3,2.000000,1796875584640154202,278.576281,287.478473,853.533227,0.000000,,,0,1,,,,,1.455069,BIG
ga,hfvrp_n010_m03_s05,10,3,2.000000,1796875264014145707,643.466267,549.133405,1741.733077,0.000000,,,0,1,,,,,0.037325,DEFAULT
ga,hfvrp_n010_m03_s05,10,3,2.000000,1796875259760379543,738.961508,549.133405,1837.228318,0.000000,,,0,1,,,,,0.004057,SMALL
ga,hfvrp_n010_m03_s01,10,3,2.000000,999,535.965065,271.386050,1078.737164,0.000000,,,0,1,,,,,0.733045,MEDIUM
ga,hfvrp_n010_m03_s03,10,3,2.000000,1,611.652538,559.720115,1731.092769,0.000000,,,0,1,,,,,2.234171,BIG
ga,hfvrp_n010_m03_s03,10,3,2.000000,10,611.652538,559.720115,1731.092769,0.000000,,,0,1,,,,,0.036908,DEFAULT
ga,hfvrp_n010_m03_s03,10,3,2.000000,10,611.652538,559.720115,1731.092769,0.000000,,,0,1,,,,,0.004027,SMALL
ga,hfvrp_n005_m03_s05,5,3,2.000000,1796875461379122222,392.925224,206.042807,805.010838,0.000000,,,0,1,,,,,0.484498,MEDIUM
ga,hfvrp_n010_m03_s04,10,3,2.000000,1,620.736477,594.119623,1808.975723,0.000000,,,0,1,,,,,0.762436,MEDIUM
ga,hfvrp_n010_m03_s05,10,3,2.000000,1796875255473247318,643.466267,549.133405,1741.733077,0.000000,,,0,1,,,,,0.743637,MEDIUM
ga,hfvrp_n010_m03_s03,10,3,2.000000,10,611.652538,559.720115,1731.092769,0.000000,,,0,1,,,,,0.736039,MEDIUM
ga,hfvrp_n005_m03_s05,5,3,2.000000,1796875354493325659,392.925224,206.042807,805.010838,0.000000,,,0,1,,,,,1.428179,BIG
ga,hfvrp_n015_m03_s01,15,3,2.000000,1796882842109299327,740.687407,2115.017076,4970.721559,0.000000,,,0,1,,,,,0.050174,DEFAULT
ga,hfvrp_n015_m03_s01,15,3,2.000000,1796882837868444925,734.799483,2153.554723,5041.908929,0.000000,,,0,1,,,,,0.005556,SMALL
ga,hfvrp_n010_m03_s02,10,3,2.000000,50,559.248798,418.059583,1395.367965,0.000000,,,0,1,,,,,2.215821,BIG
ga,hfvrp_n010_m03_s02,10,3,2.000000,75,624.339007,418.059583,1460.458174,0.000000,,,0,1,,,,,0.041257,DEFAULT
ga,hfvrp_n010_m03_s02,10,3,2.000000,75,613.393754,418.059583,1449.512921,0.000000,,,0,1,,,,,0.007180,SMALL
ga,hfvrp_n010_m03_s01,10,3,2.000000,999,535.965065,271.386050,1078.737164,0.000000,,,0,1,,,,,2.197406,BIG
ga,hfvrp_n010_m03_s01,10,3,2.000000,1234,535.965065,271.386050,1078.737164,0.000000,,,0,1,,,,,0.039504,DEFAULT
ga,hfvrp_n010_m03_s01,10,3,2.000000,1234,535.965065,271.386050,1078.737164,0.000000,,,0,1,,,,,0.004197,SMALL
ga,hfvrp_n010_m03_s04,10,3,2.000000,1,620.736477,594.119623,1808.975723,0.000000,,,0,1,,,,,2.234552,BIG
ga,hfvrp_n010_m03_s04,10,3,2.000000,10,625.775529,644.938025,1915.651580,0.000000,,,0,1,,,,,0.039167,DEFAULT
ga,hfvrp_n010_m03_s02,10,3,2.000000,75,550.492463,418.059583,1386.611630,0.000000,,,0,1,,,,,0.739855,MEDIUM
ga,hfvrp_n010_m03_s04,10,3,2.000000,10,625.775529,644.938025,1915.651580,0.000000,,,0,1,,,,,0.009481,SMALL
ga,hfvrp_n015_m03_s01,15,3,2.000000,1796882833587642861,698.725023,2011.849260,4722.423542,0.000000,,,0,1,,,,,1.006733,MEDIUM
ga,hfvrp_n010_m03_s01,10,3,2.000000,1234,535.965065,271.386050,1078.737164,0.000000,,,0,1,,,,,0.736552,MEDIUM
ga,hfvrp_n010_m03_s05,10,3,2.000000,1796875346419337371,643.466267,549.133405,1741.733077,0.000000,,,0,1,,,,,2.290612,BIG
ga,hfvrp_n010_m03_s05,10,3,2.000000,1,643.466267,549.133405,1741.733077,0.000000,,,0,1,,,,,0.040681,DEFAULT
ga,hfvrp_n010_m03_s05,10,3,2.000000,1,668.312586,549.133405,1766.579396,0.000000,,,0,1,,,,,0.009244,SMALL
ga,hfvrp_n010_m03_s03,10,3,2.000000,10,611.652538,559.720115,1731.092769,0.000000,,,0,1,,,,,2.240940,BIG
ga,hfvrp_n010_m03_s03,10,3,2.000000,50,611.652538,559.720115,1731.092769,0.000000,,,0,1,,,,,0.038636,DEFAULT
ga,hfvrp_n010_m03_s03,10,3,2.000000,50,611.652538,559.720115,1731.092769,0.000000,,,0,1,,,,,0.004177,SMALL
ga,hfvrp_n010_m03_s04,10,3,2.000000,10,620.736477,594.119623,1808.975723,0.000000,,,0,1,,,,,0.754968,MEDIUM
ga,hfvrp_n010_m03_s05,10,3,2.000000,1,643.466267,549.133405,1741.733077,0.000000,,,0,1,,,,,0.748560,MEDIUM
ga,hfvrp_n010_m03_s03,10,3,2.000000,50,611.652538,559.720115,1731.092769,0.000000,,,0,1,,,,,0.737582,MEDIUM
ga,hfvrp_n010_m03_s02,10,3,2.000000,75,550.492463,418.059583,1386.611630,0.000000,,,0,1,,,,,2.214628,BIG
ga,hfvrp_n010_m03_s02,10,3,2.000000,100,624.339007,418.059583,1460.458174,0.000000,,,0,1,,,,,0.035095,DEFAULT
ga,hfvrp_n010_m03_s02,10,3,2.000000,100,613.393754,418.059583,1449.512921,0.000000,,,0,1,,,,,0.003925,SMALL
ga,hfvrp_n010_m03_s01,10,3,2.000000,1234,535.965065,271.386050,1078.737164,0.000000,,,0,1,,,,,2.192219,BIG
ga,hfvrp_n010_m03_s01,10,3,2.000000,9999,535.965065,271.386050,1078.737164,0.000000,,,0,1,,,,,0.036763,DEFAULT
ga,hfvrp_n010_m03_s01,10,3,2.000000,9999,535.965065,271.386050,1078.737164,0.000000,,,0,1,,,,,0.003861,SMALL
ga,hfvrp_n010_m03_s04,10,3,2.000000,10,620.736477,594.119623,1808.975723,0.000000,,,0,1,,,,,2.228797,BIG
ga,hfvrp_n010_m03_s02,10,3,2.000000,100,613.393754,418.059583,1449.512921,0.000000,,,0,1,,,,,0.738154,MEDIUM
ga,hfvrp_n010_m03_s04,10,3,2.000000,50,621.509644,594.002577,1809.514798,0.000000,,,0,1,,,,,0.041933,DEFAULT
ga,hfvrp_n015_m03_s01,15,3,2.000000,1796882873257155637,698.725023,2011.849260,4722.423542,0.000000,,,0,1,,,,,3.030549,BIG
ga,hfvrp_n010_m03_s04,10,3,2.000000,50,625.775529,644.938025,1915.651580,0.000000,,,0,1,,,,,0.009277,SMALL
ga,hfvrp_n015_m03_s01,15,3,2.000000,1,698.725023,2011.849260,4722.423542,0.000000,,,0,1,,,,,0.048993,DEFAULT
ga,hfvrp_n015_m03_s01,15,3,2.000000,1,740.687407,2115.017076,4970.721559,0.000000,,,0,1,,,,,0.009570,SMALL
ga,hfvrp_n010_m03_s01,10,3,2.000000,9999,535.965065,271.386050,1078.737164,0.000000,,,0,1,,,,,0.742566,MEDIUM
ga,hfvrp_n010_m03_s05,10,3,2.000000,1,643.466267,549.133405,1741.733077,0.000000,,,0,1,,,,,2.241702,BIG
ga,hfvrp_n010_m03_s05,10,3,2.000000,10,631.929673,567.888596,1767.706866,0.000000,,,0,1,,,,,0.041666,DEFAULT
ga,hfvrp_n010_m03_s05,10,3,2.000000,10,680.579416,588.421060,1857.421536,0.000000,,,0,1,,,,,0.006895,SMALL
ga,hfvrp_n010_m03_s03,10,3,2.000000,50,611.652538,559.720115,1731.092769,0.000000,,,0,1,,,,,2.222329,BIG
ga,hfvrp_n010_m03_s03,10,3,2.000000,75,611.652538,559.720115,1731.092769,0.000000,,,0,1,,,,,0.037203,DEFAULT
ga,hfvrp_n010_m03_s03,10,3,2.000000,75,700.269166,559.720115,1819.709397,0.000000,,,0,1,,,,,0.008032,SMALL
ga,hfvrp_n010_m03_s04,10,3,2.000000,50,620.736477,594.119623,1808.975723,0.000000,,,0,1,,,,,0.754690,MEDIUM
ga,hfvrp_n015_m03_s01,15,3,2.000000,1,698.725023,2011.849260,4722.423542,0.000000,,,0,1,,,,,1.014399,MEDIUM
ga,hfvrp_n010_m03_s05,10,3,2.000000,10,643.466267,549.133405,1741.733077,0.000000,,,0,1,,,,,0.759006,MEDIUM
ga,hfvrp_n010_m03_s03,10,3,2.000000,75,611.652538,559.720115,1731.092769,0.000000,,,0,1,,,,,0.736867,MEDIUM
ga,hfvrp_n010_m03_s02,10,3,2.000000,100,559.248798,418.059583,1395.367965,0.000000,,,0,1,,,,,2.214751,BIG
ga,hfvrp_n010_m03_s02,10,3,2.000000,200,613.393754,418.059583,1449.512921,0.000000,,,0,1,,,,,0.040684,DEFAULT
ga,hfvrp_n010_m03_s02,10,3,2.000000,200,613.393754,418.059583,1449.512921,0.000000,,,0,1,,,,,0.005704,SMALL
ga,hfvrp_n010_m03_s01,10,3,2.000000,9999,535.965065,271.386050,1078.737164,0.000000,,,0,1,,,,,2.217049,BIG
ga,hfvrp_n010_m03_s01,10,3,2.000000,19345,535.965065,271.386050,1078.737164,0.000000,,,0,1,,,,,0.037059,DEFAULT
ga,hfvrp_n010_m03_s01,10,3,2.000000,19345,535.965065,271.386050,1078.737164,0.000000,,,0,1,,,,,0.004110,SMALL
ga,hfvrp_n010_m03_s04,10,3,2.000000,50,620.736477,594.119623,1808.975723,0.000000,,,0,1,,,,,2.220248,BIG
ga,hfvrp_n010_m03_s02,10,3,2.000000,200,559.248798,418.059583,1395.367965,0.000000,,,0,1,,,,,0.735951,MEDIUM
ga,hfvrp_n010_m03_s04,10,3,2.000000,75,621.509644,594.002577,1809.514798,0.000000,,,0,1,,,,,0.039763,DEFAULT
ga,hfvrp_n010_m03_s04,10,3,2.000000,75,620.736477,594.119623,1808.975723,0.000000,,,0,1,,,,,0.008501,SMALL
ga,hfvrp_n010_m03_s01,10,3,2.000000,19345,535.965065,271.386050,1078.737164,0.000000,,,0,1,,,,,0.736853,MEDIUM
ga,hfvrp_n010_m03_s05,10,3,2.000000,10,643.466267,549.133405,1741.733077,0.000000,,,0,1,,,,,2.246363,BIG
ga,hfvrp_n010_m03_s03,10,3,2.000000,75,611.652538,559.720115,1731.092769,0.000000,,,0,1,,,,,2.228354,BIG
ga,hfvrp_n010_m03_s05,10,3,2.000000,50,643.466267,549.133405,1741.733077,0.000000,,,0,1,,,,,0.041310,DEFAULT
ga,hfvrp_n010_m03_s05,10,3,2.000000,50,670.484357,604.429929,1879.344215,0.000000,,,0,1,,,,,0.004265,SMALL
ga,hfvrp_n010_m03_s03,10,3,2.000000,100,611.652538,559.720115,1731.092769,0.000000,,,0,1,,,,,0.036752,DEFAULT
ga,hfvrp_n010_m03_s03,10,3,2.000000,100,611.652538,559.720115,1731.092769,0.000000,,,0,1,,,,,0.004001,SMALL
ga,hfvrp_n010_m03_s04,10,3,2.000000,75,620.736477,594.119623,1808.975723,0.000000,,,0,1,,,,,0.749076,MEDIUM
ga,hfvrp_n015_m03_s01,15,3,2.000000,1,698.725023,2011.849260,4722.423542,0.000000,,,0,1,,,,,3.020259,BIG
ga,hfvrp_n010_m03_s05,10,3,2.000000,50,643.466267,549.133405,1741.733077,0.000000,,,0,1,,,,,0.748474,MEDIUM
ga,hfvrp_n015_m03_s01,15,3,2.000000,10,698.725023,2011.849260,4722.423542,0.000000,,,0,1,,,,,0.052373,DEFAULT
ga,hfvrp_n015_m03_s01,15,3,2.000000,10,740.687407,2115.017076,4970.721559,0.000000,,,0,1,,,,,0.005806,SMALL
ga,hfvrp_n010_m03_s03,10,3,2.000000,100,611.652538,559.720115,1731.092769,0.000000,,,0,1,,,,,0.747317,MEDIUM
ga,hfvrp_n015_m03_s01,15,3,2.000000,10,698.725023,2011.849260,4722.423542,0.000000,,,0,1,,,,,0.988132,MEDIUM
ga,hfvrp_n010_m03_s02,10,3,2.000000,200,559.248798,418.059583,1395.367965,0.000000,,,0,1,,,,,2.230352,BIG
ga,hfvrp_n010_m03_s02,10,3,2.000000,999,613.393754,418.059583,1449.512921,0.000000,,,0,1,,,,,0.039903,DEFAULT
ga,hfvrp_n010_m03_s02,10,3,2.000000,999,627.573571,418.059583,1463.692738,0.000000,,,0,1,,,,,0.004149,SMALL
ga,hfvrp_n010_m03_s01,10,3,2.000000,19345,535.965065,271.386050,1078.737164,0.000000,,,0,1,,,,,2.206318,BIG
ga,hfvrp_n010_m03_s01,10,3,2.000000,1796883388570781509,535.965065,271.386050,1078.737164,0.000000,,,0,1,,,,,0.037895,DEFAULT
ga,hfvrp_n010_m03_s01,10,3,2.000000,1796883384317657247,535.965065,271.386050,1078.737164,0.000000,,,0,1,,,,,0.004186,SMALL
ga,hfvrp_n010_m03_s04,10,3,2.000000,75,620.736477,594.119623,1808.975723,0.000000,,,0,1,,,,,2.235634,BIG
ga,hfvrp_n010_m03_s02,10,3,2.000000,999,559.248798,418.059583,1395.367965,0.000000,,,0,1,,,,,0.738255,MEDIUM
ga,hfvrp_n010_m03_s04,10,3,2.000000,100,621.509644,594.002577,1809.514798,0.000000,,,0,1,,,,,0.039765,DEFAULT
ga,hfvrp_n010_m03_s04,10,3,2.000000,100,621.509644,594.002577,1809.514798,0.000000,,,0,1,,,,,0.007053,SMALL
ga,hfvrp_n010_m03_s01,10,3,2.000000,1796883397210565704,535.965065,271.386050,1078.737164,0.000000,,,0,1,,,,,0.728097,MEDIUM
ga,hfvrp_n010_m03_s03,10,3,2.000000,100,611.652538,559.720115,1731.092769,0.000000,,,0,1,,,,,2.226632,BIG
ga,hfvrp_n010_m03_s05,10,3,2.000000,50,643.466267,549.133405,1741.733077,0.000000,,,0,1,,,,,2.279414,BIG
ga,hfvrp_n010_m03_s03,10,3,2.000000,200,611.652538,559.720115,1731.092769,0.000000,,,0,1,,,,,0.041324,DEFAULT
ga,hfvrp_n010_m03_s05,10,3,2.000000,75,643.466267,549.133405,1741.733077,0.000000,,,0,1,,,,,0.038129,DEFAULT
ga,hfvrp_n010_m03_s03,10,3,2.000000,200,611.652538,559.720115,1731.092769,0.000000,,,0,1,,,,,0.004170,SMALL
ga,hfvrp_n010_m03_s05,10,3,2.000000,75,680.579416,588.421060,1857.421536,0.000000,,,0,1,,,,,0.006533,SMALL
ga,hfvrp_n010_m03_s04,10,3,2.000000,100,620.736477,594.119623,1808.975723,0.000000,,,0,1,,,,,0.747029,MEDIUM
ga,hfvrp_n010_m03_s03,10,3,2.000000,200,611.652538,559.720115,1731.092769,0.000000,,,0,1,,,,,0.734797,MEDIUM
ga,hfvrp_n010_m03_s05,10,3,2.000000,75,643.466267,549.133405,1741.733077,0.000000,,,0,1,,,,,0.737731,MEDIUM
ga,hfvrp_n015_m03_s01,15,3,2.000000,10,698.725023,2011.849260,4722.423542,0.000000,,,0,1,,,,,2.996151,BIG
ga,hfvrp_n010_m03_s02,10,3,2.000000,999,559.248798,418.059583,1395.367965,0.000000,,,0,1,,,,,2.211367,BIG
ga,hfvrp_n015_m03_s01,15,3,2.000000,50,721.180213,2115.017076,4951.214364,0.000000,,,0,1,,,,,0.049203,DEFAULT
ga,hfvrp_n015_m03_s01,15,3,2.000000,50,698.725023,2011.849260,4722.423542,0.000000,,,0,1,,,,,0.008796,SMALL
ga,hfvrp_n010_m03_s02,10,3,2.000000,1234,613.393754,418.059583,1449.512921,0.000000,,,0,1,,,,,0.037888,DEFAULT
ga,hfvrp_n010_m03_s02,10,3,2.000000,1234,613.393754,418.059583,1449.512921,0.000000,,,0,1,,,,,0.004048,SMALL
ga,hfvrp_n010_m03_s01,10,3,2.000000,1796883299158487809,535.965065,271.386050,1078.737164,0.000000,,,0,1,,,,,2.188163,BIG
ga,hfvrp_n015_m03_s02,15,3,2.000000,1796883065185133259,768.797289,1385.199704,3539.196696,0.000000,,,0,1,,,,,0.051179,DEFAULT
ga,hfvrp_n015_m03_s02,15,3,2.000000,1796883069535139680,768.797289,1385.199704,3539.196696,0.000000,,,0,1,,,,,0.005471,SMALL
ga,hfvrp_n010_m03_s02,10,3,2.000000,1234,559.248798,418.059583,1395.367965,0.000000,,,0,1,,,,,0.733185,MEDIUM
ga,hfvrp_n010_m03_s04,10,3,2.000000,100,620.736477,594.119623,1808.975723,0.000000,,,0,1,,,,,2.248583,BIG
ga,hfvrp_n010_m03_s04,10,3,2.000000,200,621.509644,594.002577,1809.514798,0.000000,,,0,1,,,,,0.037813,DEFAULT
ga,hfvrp_n010_m03_s04,10,3,2.000000,200,621.509644,594.002577,1809.514798,0.000000,,,0,1,,,,,0.006974,SMALL
ga,hfvrp_n015_m03_s01,15,3,2.000000,50,698.725023,2011.849260,4722.423542,0.000000,,,0,1,,,,,1.006424,MEDIUM
ga,hfvrp_n010_m03_s03,10,3,2.000000,200,611.652538,559.720115,1731.092769,0.000000,,,0,1,,,,,2.233787,BIG
ga,hfvrp_n010_m03_s05,10,3,2.000000,75,643.466267,549.133405,1741.733077,0.000000,,,0,1,,,,,2.252878,BIG
ga,hfvrp_n015_m03_s02,15,3,2.000000,1796883091022341936,768.797289,1385.199704,3539.196696,0.000000,,,0,1,,,,,0.994050,MEDIUM
ga,hfvrp_n010_m03_s03,10,3,2.000000,999,611.652538,559.720115,1731.092769,0.000000,,,0,1,,,,,0.040242,DEFAULT
ga,hfvrp_n010_m03_s03,10,3,2.000000,999,611.652538,559.720115,1731.092769,0.000000,,,0,1,,,,,0.004190,SMALL
ga,hfvrp_n010_m03_s05,10,3,2.000000,100,631.929673,567.888596,1767.706866,0.000000,,,0,1,,,,,0.039702,DEFAULT
ga,hfvrp_n010_m03_s05,10,3,2.000000,100,631.929673,567.888596,1767.706866,0.000000,,,0,1,,,,,0.006516,SMALL
ga,hfvrp_n010_m03_s04,10,3,2.000000,200,620.736477,594.119623,1808.975723,0.000000,,,0,1,,,,,0.743595,MEDIUM
ga,hfvrp_n010_m03_s03,10,3,2.000000,999,611.652538,559.720115,1731.092769,0.000000,,,0,1,,,,,0.736653,MEDIUM
ga,hfvrp_n010_m03_s05,10,3,2.000000,100,643.466267,549.133405,1741.733077,0.000000,,,0,1,,,,,0.737509,MEDIUM
ga,hfvrp_n010_m03_s02,10,3,2.000000,1234,559.248798,418.059583,1395.367965,0.000000,,,0,1,,,,,2.207500,BIG
ga,hfvrp_n010_m03_s02,10,3,2.000000,9999,624.339007,418.059583,1460.458174,0.000000,,,0,1,,,,,0.037793,DEFAULT
ga,hfvrp_n010_m03_s02,10,3,2.000000,9999,624.339007,418.059583,1460.458174,0.000000,,,0,1,,,,,0.004222,SMALL
ga,hfvrp_n010_m03_s02,10,3,2.000000,9999,613.393754,418.059583,1449.512921,0.000000,,,0,1,,,,,0.731803,MEDIUM
ga,hfvrp_n010_m03_s04,10,3,2.000000,200,620.736477,594.119623,1808.975723,0.000000,,,0,1,,,,,2.225888,BIG
ga,hfvrp_n010_m03_s04,10,3,2.000000,999,621.509644,594.002577,1809.514798,0.000000,,,0,1,,,,,0.037926,DEFAULT
ga,hfvrp_n010_m03_s04,10,3,2.000000,999,621.509644,594.002577,1809.514798,0.000000,,,0,1,,,,,0.006719,SMALL
ga,hfvrp_n015_m03_s01,15,3,2.000000,50,698.725023,2011.849260,4722.423542,0.000000,,,0,1,,,,,3.001673,BIG
ga,hfvrp_n015_m03_s01,15,3,2.000000,75,698.725023,2011.849260,4722.423542,0.000000,,,0,1,,,,,0.051793,DEFAULT
ga,hfvrp_n015_m03_s01,15,3,2.000000,75,695.344091,2026.100904,4747.545898,0.000000,,,0,1,,,,,0.008470,SMALL
ga,hfvrp_n010_m03_s03,10,3,2.000000,999,611.652538,559.720115,1731.092769,0.000000,,,0,1,,,,,2.221502,BIG
ga,hfvrp_n015_m03_s02,15,3,2.000000,1796883019008157602,768.797289,1385.199704,3539.196696,0.000000,,,0,1,,,,,2.999237,BIG
ga,hfvrp_n010_m03_s03,10,3,2.000000,1234,611.652538,559.720115,1731.092769,0.000000,,,0,1,,,,,0.041401,DEFAULT
ga,hfvrp_n010_m03_s03,10,3,2.000000,1234,611.652538,559.720115,1731.092769,0.000000,,,0,1,,,,,0.006952,SMALL
ga,hfvrp_n015_m03_s02,15,3,2.000000,1,768.797289,1385.199704,3539.196696,0.000000,,,0,1,,,,,0.051319,DEFAULT
ga,hfvrp_n015_m03_s02,15,3,2.000000,1,768.797289,1385.199704,3539.196696,0.000000,,,0,1,,,,,0.005692,SMALL
ga,hfvrp_n010_m03_s04,10,3,2.000000,999,620.736477,594.119623,1808.975723,0.000000,,,0,1,,,,,0.754379,MEDIUM
ga,hfvrp_n010_m03_s05,10,3,2.000000,100,643.466267,549.133405,1741.733077,0.000000,,,0,1,,,,,2.683852,BIG
ga,hfvrp_n010_m03_s05,10,3,2.000000,200,631.929673,567.888596,1767.706866,0.000000,,,0,1,,,,,0.040856,DEFAULT
ga,hfvrp_n010_m03_s05,10,3,2.000000,200,642.570956,615.137382,1872.845721,0.000000,,,0,1,,,,,0.004247,SMALL
ga,hfvrp_n010_m03_s03,10,3,2.000000,1234,611.652538,559.720115,1731.092769,0.000000,,,0,1,,,,,0.750887,MEDIUM
ga,hfvrp_n015_m03_s01,15,3,2.000000,75,698.725023,2011.849260,4722.423542,0.000000,,,0,1,,,,,1.007433,MEDIUM
ga,hfvrp_n015_m03_s02,15,3,2.000000,1,768.797289,1385.199704,3539.196696,0.000000,,,0,1,,,,,0.994635,MEDIUM
ga,hfvrp_n010_m03_s05,10,3,2.000000,200,643.466267,549.133405,1741.733077,0.000000,,,0,1,,,,,0.748857,MEDIUM
ga,hfvrp_n010_m03_s02,10,3,2.000000,9999,559.248798,418.059583,1395.367965,0.000000,,,0,1,,,,,2.230269,BIG
ga,hfvrp_n010_m03_s02,10,3,2.000000,19345,624.339007,418.059583,1460.458174,0.000000,,,0,1,,,,,0.037264,DEFAULT
ga,hfvrp_n010_m03_s02,10,3,2.000000,19345,613.393754,418.059583,1449.512921,0.000000,,,0,1,,,,,0.004164,SMALL
ga,hfvrp_n010_m03_s02,10,3,2.000000,19345,559.248798,418.059583,1395.367965,0.000000,,,0,1,,,,,0.726727,MEDIUM
ga,hfvrp_n010_m03_s04,10,3,2.000000,999,621.509644,594.002577,1809.514798,0.000000,,,0,1,,,,,2.232120,BIG
ga,hfvrp_n010_m03_s04,10,3,2.000000,1234,621.509644,594.002577,1809.514798,0.000000,,,0,1,,,,,0.040091,DEFAULT
ga,hfvrp_n010_m03_s04,10,3,2.000000,1234,625.775529,644.938025,1915.651580,0.000000,,,0,1,,,,,0.008343,SMALL
ga,hfvrp_n010_m03_s03,10,3,2.000000,1234,611.652538,559.720115,1731.092769,0.000000,,,0,1,,,,,2.241747,BIG
ga,hfvrp_n010_m03_s03,10,3,2.000000,9999,611.652538,559.720115,1731.092769,0.000000,,,0,1,,,,,0.036794,DEFAULT
ga,hfvrp_n010_m03_s03,10,3,2.000000,9999,611.652538,559.720115,1731.092769,0.000000,,,0,1,,,,,0.004165,SMALL
ga,hfvrp_n010_m03_s04,10,3,2.000000,1234,620.736477,594.119623,1808.975723,0.000000,,,0,1,,,,,0.742404,MEDIUM
ga,hfvrp_n010_m03_s05,10,3,2.000000,200,643.466267,549.133405,1741.733077,0.000000,,,0,1,,,,,2.242235,BIG
ga,hfvrp_n010_m03_s05,10,3,2.000000,999,631.929673,567.888596,1767.706866,0.000000,,,0,1,,,,,0.040014,DEFAULT
ga,hfvrp_n010_m03_s05,10,3,2.000000,999,668.544876,627.488652,1923.522179,0.000000,,,0,1,,,,,0.004174,SMALL
ga,hfvrp_n010_m03_s03,10,3,2.000000,9999,611.652538,559.720115,1731.092769,0.000000,,,0,1,,,,,0.747734,MEDIUM
ga,hfvrp_n015_m03_s01,15,3,2.000000,75,698.725023,2011.849260,4722.423542,0.000000,,,0,1,,,,,3.008212,BIG
ga,hfvrp_n015_m03_s01,15,3,2.000000,100,718.232217,2011.849260,4741.930737,0.000000,,,0,1,,,,,0.050653,DEFAULT
ga,hfvrp_n015_m03_s01,15,3,2.000000,100,718.232217,2011.849260,4741.930737,0.000000,,,0,1,,,,,0.008852,SMALL
ga,hfvrp_n015_m03_s02,15,3,2.000000,1,768.797289,1385.199704,3539.196696,0.000000,,,0,1,,,,,2.965990,BIG
ga,hfvrp_n015_m03_s02,15,3,2.000000,10,768.797289,1385.199704,3539.196696,0.000000,,,0,1,,,,,0.058957,DEFAULT
ga,hfvrp_n015_m03_s02,15,3,2.000000,10,768.797289,1385.199704,3539.196696,0.000000,,,0,1,,,,,0.008991,SMALL
ga,hfvrp_n010_m03_s05,10,3,2.000000,999,643.466267,549.133405,1741.733077,0.000000,,,0,1,,,,,0.754616,MEDIUM
ga,hfvrp_n010_m03_s02,10,3,2.000000,19345,559.248798,418.059583,1395.367965,0.000000,,,0,1,,,,,2.231553,BIG
ga,hfvrp_n010_m03_s02,10,3,2.000000,1796881441999199130,613.393754,418.059583,1449.512921,0.000000,,,0,1,,,,,0.036791,DEFAULT
ga,hfvrp_n010_m03_s02,10,3,2.000000,1796881446339372110,613.393754,418.059583,1449.512921,0.000000,,,0,1,,,,,0.009473,SMALL
ga,hfvrp_n015_m03_s01,15,3,2.000000,100,698.725023,2011.849260,4722.423542,0.000000,,,0,1,,,,,1.001343,MEDIUM
ga,hfvrp_n015_m03_s02,15,3,2.000000,10,768.797289,1385.199704,3539.196696,0.000000,,,0,1,,,,,0.997166,MEDIUM
ga,hfvrp_n010_m03_s02,10,3,2.000000,1796881416288945974,559.248798,418.059583,1395.367965,0.000000,,,0,1,,,,,0.733296,MEDIUM
ga,hfvrp_n010_m03_s04,10,3,2.000000,1234,621.509644,594.002577,1809.514798,0.000000,,,0,1,,,,,2.257745,BIG
ga,hfvrp_n010_m03_s04,10,3,2.000000,9999,620.736477,594.119623,1808.975723,0.000000,,,0,1,,,,,0.041892,DEFAULT
ga,hfvrp_n010_m03_s04,10,3,2.000000,9999,620.736477,594.119623,1808.975723,0.000000,,,0,1,,,,,0.004175,SMALL
ga,hfvrp_n010_m03_s03,10,3,2.000000,9999,611.652538,559.720115,1731.092769,0.000000,,,0,1,,,,,2.253600,BIG
ga,hfvrp_n010_m03_s03,10,3,2.000000,19345,611.652538,559.720115,1731.092769,0.000000,,,0,1,,,,,0.037468,DEFAULT
ga,hfvrp_n010_m03_s03,10,3,2.000000,19345,611.652538,559.720115,1731.092769,0.000000,,,0,1,,,,,0.009353,SMALL
ga,hfvrp_n010_m03_s04,10,3,2.000000,9999,620.736477,594.119623,1808.975723,0.000000,,,0,1,,,,,0.745916,MEDIUM
ga,hfvrp_n010_m03_s05,10,3,2.000000,999,643.466267,549.133405,1741.733077,0.000000,,,0,1,,,,,2.260757,BIG
ga,hfvrp_n010_m03_s05,10,3,2.000000,1234,631.929673,567.888596,1767.706866,0.000000,,,0,1,,,,,0.037719,DEFAULT
ga,hfvrp_n010_m03_s05,10,3,2.000000,1234,631.929673,567.888596,1767.706866,0.000000,,,0,1,,,,,0.004034,SMALL
ga,hfvrp_n010_m03_s03,10,3,2.000000,19345,611.652538,559.720115,1731.092769,0.000000,,,0,1,,,,,0.740646,MEDIUM
ga,hfvrp_n010_m03_s05,10,3,2.000000,1234,643.466267,549.133405,1741.733077,0.000000,,,0,1,,,,,0.744378,MEDIUM
ga,hfvrp_n010_m03_s02,10,3,2.000000,1796881429911308214,559.248798,418.059583,1395.367965,0.000000,,,0,1,,,,,2.217657,BIG
ga,hfvrp_n015_m03_s03,15,3,2.000000,1796881311928315701,648.426402,583.461146,1815.348694,0.000000,,,0,1,,,,,0.052768,DEFAULT
ga,hfvrp_n015_m03_s03,15,3,2.000000,1796881324869889473,707.572800,583.461146,1874.495092,0.000000,,,0,1,,,,,0.005294,SMALL
ga,hfvrp_n015_m03_s01,15,3,2.000000,100,698.725023,2011.849260,4722.423542,0.000000,,,0,1,,,,,3.011344,BIG
ga,hfvrp_n015_m03_s01,15,3,2.000000,200,721.180213,2115.017076,4951.214364,0.000000,,,0,1,,,,,0.050509,DEFAULT
ga,hfvrp_n015_m03_s01,15,3,2.000000,200,721.180213,2115.017076,4951.214364,0.000000,,,0,1,,,,,0.005235,SMALL
ga,hfvrp_n015_m03_s02,15,3,2.000000,10,768.797289,1385.199704,3539.196696,0.000000,,,0,1,,,,,2.973325,BIG
ga,hfvrp_n015_m03_s02,15,3,2.000000,50,768.797289,1385.199704,3539.196696,0.000000,,,0,1,,,,,0.052823,DEFAULT
ga,hfvrp_n015_m03_s02,15,3,2.000000,50,768.797289,1385.199704,3539.196696,0.000000,,,0,1,,,,,0.005250,SMALL
ga,hfvrp_n010_m03_s04,10,3,2.000000,9999,620.736477,594.119623,1808.975723,0.000000,,,0,1,,,,,2.235038,BIG
ga,hfvrp_n010_m03_s04,10,3,2.000000,19345,620.736477,594.119623,1808.975723,0.000000,,,0,1,,,,,0.037792,DEFAULT
ga,hfvrp_n010_m03_s04,10,3,2.000000,19345,620.736477,594.119623,1808.975723,0.000000,,,0,1,,,,,0.003902,SMALL
ga,hfvrp_n015_m03_s03,15,3,2.000000,1796881320583991752,648.426402,583.461146,1815.348694,0.000000,,,0,1,,,,,1.009877,MEDIUM
ga,hfvrp_n015_m03_s01,15,3,2.000000,200,698.725023,2011.849260,4722.423542,0.000000,,,0,1,,,,,0.995466,MEDIUM
ga,hfvrp_n010_m03_s03,10,3,2.000000,19345,611.652538,559.720115,1731.092769,0.000000,,,0,1,,,,,2.237517,BIG
ga,hfvrp_n015_m03_s02,15,3,2.000000,50,768.797289,1385.199704,3539.196696,0.000000,,,0,1,,,,,0.982254,MEDIUM
ga,hfvrp_n010_m03_s03,10,3,2.000000,1796882301097841012,611.652538,559.720115,1731.092769,0.000000,,,0,1,,,,,0.041892,DEFAULT
ga,hfvrp_n010_m03_s03,10,3,2.000000,1796882275377943993,611.652538,559.720115,1731.092769,0.000000,,,0,1,,,,,0.006824,SMALL
ga,hfvrp_n010_m03_s04,10,3,2.000000,19345,621.509644,594.002577,1809.514798,0.000000,,,0,1,,,,,0.742679,MEDIUM
ga,hfvrp_n010_m03_s05,10,3,2.000000,1234,643.466267,549.133405,1741.733077,0.000000,,,0,1,,,,,2.243931,BIG
ga,hfvrp_n010_m03_s05,10,3,2.000000,9999,631.929673,567.888596,1767.706866,0.000000,,,0,1,,,,,0.036938,DEFAULT
ga,hfvrp_n010_m03_s05,10,3,2.000000,9999,643.466267,549.133405,1741.733077,0.000000,,,0,1,,,,,0.009134,SMALL
ga,hfvrp_n010_m03_s03,10,3,2.000000,1796882288273750130,611.652538,559.720115,1731.092769,0.000000,,,0,1,,,,,0.735909,MEDIUM
ga,hfvrp_n010_m03_s05,10,3,2.000000,9999,643.466267,549.133405,1741.733077,0.000000,,,0,1,,,,,0.738843,MEDIUM
ga,hfvrp_n010_m03_s04,10,3,2.000000,19345,620.736477,594.119623,1808.975723,0.000000,,,0,1,,,,,2.225328,BIG
ga,hfvrp_n010_m03_s04,10,3,2.000000,1796882217885987137,620.736477,594.119623,1808.975723,0.000000,,,0,1,,,,,0.039227,DEFAULT
ga,hfvrp_n010_m03_s04,10,3,2.000000,1796882205043410142,621.509644,594.002577,1809.514798,0.000000,,,0,1,,,,,0.003923,SMALL
ga,hfvrp_n015_m03_s03,15,3,2.000000,1796882240720874079,648.426402,583.461146,1815.348694,0.000000,,,0,1,,,,,3.060451,BIG
ga,hfvrp_n015_m03_s01,15,3,2.000000,200,698.725023,2011.849260,4722.423542,0.000000,,,0,1,,,,,2.976923,BIG
ga,hfvrp_n015_m03_s03,15,3,2.000000,1,648.426402,583.461146,1815.348694,0.000000,,,0,1,,,,,0.059058,DEFAULT
ga,hfvrp_n015_m03_s03,15,3,2.000000,1,678.081477,669.023152,2016.127782,0.000000,,,0,1,,,,,0.008933,SMALL
ga,hfvrp_n015_m03_s01,15,3,2.000000,999,721.180213,2115.017076,4951.214364,0.000000,,,0,1,,,,,0.055549,DEFAULT
ga,hfvrp_n015_m03_s02,15,3,2.000000,50,768.797289,1385.199704,3539.196696,0.000000,,,0,1,,,,,2.941084,BIG
ga,hfvrp_n015_m03_s01,15,3,2.000000,999,721.180213,2115.017076,4951.214364,0.000000,,,0,1,,,,,0.009433,SMALL
ga,hfvrp_n015_m03_s02,15,3,2.000000,75,768.797289,1385.199704,3539.196696,0.000000,,,0,1,,,,,0.049739,DEFAULT
ga,hfvrp_n010_m03_s03,10,3,2.000000,1796882181657102807,611.652538,559.720115,1731.092769,0.000000,,,0,1,,,,,2.213420,BIG
ga,hfvrp_n015_m03_s02,15,3,2.000000,75,768.797289,1385.199704,3539.196696,0.000000,,,0,1,,,,,0.008723,SMALL
ga,hfvrp_n015_m03_s04,15,3,2.000000,1796881982072024771,710.957851,3411.481465,7533.920780,0.000000,,,0,1,,,,,0.051765,DEFAULT
ga,hfvrp_n015_m03_s04,15,3,2.000000,1796881986422616956,710.957851,3411.481465,7533.920780,0.000000,,,0,1,,,,,0.005138,SMALL
ga,hfvrp_n010_m03_s04,10,3,2.000000,1796882209349784843,620.736477,594.119623,1808.975723,0.000000,,,0,1,,,,,0.756539,MEDIUM
ga,hfvrp_n010_m03_s05,10,3,2.000000,9999,643.466267,549.133405,1741.733077,0.000000,,,0,1,,,,,2.247482,BIG
ga,hfvrp_n010_m03_s05,10,3,2.000000,19345,575.631209,668.337236,1912.305680,0.000000,,,0,1,,,,,0.037941,DEFAULT
ga,hfvrp_n010_m03_s05,10,3,2.000000,19345,680.579416,588.421060,1857.421536,0.000000,,,0,1,,,,,0.004127,SMALL
ga,hfvrp_n015_m03_s03,15,3,2.000000,1,648.426402,583.461146,1815.348694,0.000000,,,0,1,,,,,1.017154,MEDIUM
ga,hfvrp_n015_m03_s01,15,3,2.000000,999,698.725023,2011.849260,4722.423542,0.000000,,,0,1,,,,,0.998880,MEDIUM
ga,hfvrp_n015_m03_s02,15,3,2.000000,75,768.797289,1385.199704,3539.196696,0.000000,,,0,1,,,,,0.985270,MEDIUM
ga,hfvrp_n015_m03_s04,15,3,2.000000,1796881973546568793,710.957851,3411.481465,7533.920780,0.000000,,,0,1,,,,,0.978600,MEDIUM
ga,hfvrp_n010_m03_s05,10,3,2.000000,19345,643.466267,549.133405,1741.733077,0.000000,,,0,1,,,,,0.743695,MEDIUM
ga,hfvrp_n010_m03_s04,10,3,2.000000,1796881978185902285,620.736477,594.119623,1808.975723,0.000000,,,0,1,,,,,2.216600,BIG
ga,hfvrp_n015_m03_s05,15,3,2.000000,1796881928915184510,774.190493,832.866067,2439.922628,0.000000,,,0,1,,,,,0.048800,DEFAULT
ga,hfvrp_n015_m03_s05,15,3,2.000000,1796881855968860466,809.849224,777.198699,2364.246623,0.000000,,,0,1,,,,,0.010569,SMALL
ga,hfvrp_n010_m03_s05,10,3,2.000000,19345,643.466267,549.133405,1741.733077,0.000000,,,0,1,,,,,2.228035,BIG
ga,hfvrp_n010_m03_s05,10,3,2.000000,1796881830968802459,643.466267,549.133405,1741.733077,0.000000,,,0,1,,,,,0.038334,DEFAULT
ga,hfvrp_n010_m03_s05,10,3,2.000000,1796881826720635803,680.579416,588.421060,1857.421536,0.000000,,,0,1,,,,,0.008082,SMALL
ga,hfvrp_n015_m03_s05,15,3,2.000000,1796881851690467615,808.004525,777.198699,2362.401924,0.000000,,,0,1,,,,,0.990530,MEDIUM
ga,hfvrp_n015_m03_s01,15,3,2.000000,999,698.725023,2011.849260,4722.423542,0.000000,,,0,1,,,,,2.995658,BIG
ga,hfvrp_n015_m03_s03,15,3,2.000000,1,648.426402,583.461146,1815.348694,0.000000,,,0,1,,,,,3.024225,BIG
ga,hfvrp_n015_m03_s02,15,3,2.000000,75,768.797289,1385.199704,3539.196696,0.000000,,,0,1,,,,,2.942459,BIG
ga,hfvrp_n015_m03_s01,15,3,2.000000,1234,698.725023,2011.849260,4722.423542,0.000000,,,0,1,,,,,0.050531,DEFAULT
ga,hfvrp_n015_m03_s01,15,3,2.000000,1234,695.344091,2026.100904,4747.545898,0.000000,,,0,1,,,,,0.005201,SMALL
ga,hfvrp_n015_m03_s03,15,3,2.000000,10,648.426402,583.461146,1815.348694,0.000000,,,0,1,,,,,0.050063,DEFAULT
ga,hfvrp_n015_m03_s02,15,3,2.000000,100,768.797289,1385.199704,3539.196696,0.000000,,,0,1,,,,,0.049844,DEFAULT
ga,hfvrp_n015_m03_s02,15,3,2.000000,100,845.046542,1385.199704,3615.445949,0.000000,,,0,1,,,,,0.005685,SMALL
ga,hfvrp_n015_m03_s03,15,3,2.000000,10,648.426402,583.461146,1815.348694,0.000000,,,0,1,,,,,0.008790,SMALL
ga,hfvrp_n015_m03_s04,15,3,2.000000,1796881922993651652,710.957851,3411.481465,7533.920780,0.000000,,,0,1,,,,,2.941149,BIG
ga,hfvrp_n015_m03_s04,15,3,2.000000,1,710.957851,3411.481465,7533.920780,0.000000,,,0,1,,,,,0.047953,DEFAULT
ga,hfvrp_n015_m03_s04,15,3,2.000000,1,710.957851,3411.481465,7533.920780,0.000000,,,0,1,,,,,0.005352,SMALL
ga,hfvrp_n010_m03_s05,10,3,2.000000,1796881891157266134,643.466267,549.133405,1741.733077,0.000000,,,0,1,,,,,0.749386,MEDIUM
ga,hfvrp_n015_m03_s01,15,3,2.000000,1234,698.725023,2011.849260,4722.423542,0.000000,,,0,1,,,,,0.993038,MEDIUM
ga,hfvrp_n015_m03_s02,15,3,2.000000,100,768.797289,1385.199704,3539.196696,0.000000,,,0,1,,,,,0.987120,MEDIUM
ga,hfvrp_n015_m03_s03,15,3,2.000000,10,648.426402,583.461146,1815.348694,0.000000,,,0,1,,,,,1.005229,MEDIUM
ga,hfvrp_n015_m03_s04,15,3,2.000000,1,710.957851,3411.481465,7533.920780,0.000000,,,0,1,,,,,1.042638,MEDIUM
ga,hfvrp_n010_m03_s05,10,3,2.000000,1796880594830057244,643.466267,549.133405,1741.733077,0.000000,,,0,1,,,,,2.240633,BIG
ga,hfvrp_n020_m04_s01,20,4,2.000000,1796880519844411854,911.141393,1030.842742,2972.826877,0.000000,,,0,1,,,,,0.070278,DEFAULT
ga,hfvrp_n020_m04_s01,20,4,2.000000,1796880524213587665,907.763928,1375.624444,3659.012816,0.000000,,,0,1,,,,,0.007809,SMALL
ga,hfvrp_n015_m03_s05,15,3,2.000000,1796881887044735290,794.643460,777.198699,2349.040859,0.000000,,,0,1,,,,,2.991558,BIG
ga,hfvrp_n015_m03_s05,15,3,2.000000,1,794.643460,777.198699,2349.040859,0.000000,,,0,1,,,,,0.053767,DEFAULT
ga,hfvrp_n015_m03_s05,15,3,2.000000,1,814.051419,817.301898,2448.655215,0.000000,,,0,1,,,,,0.005721,SMALL
ga,hfvrp_n015_m03_s05,15,3,2.000000,1,794.643460,777.198699,2349.040859,0.000000,,,0,1,,,,,1.031845,MEDIUM
ga,hfvrp_n015_m03_s02,15,3,2.000000,100,768.797289,1385.199704,3539.196696,0.000000,,,0,1,,,,,2.954584,BIG
ga,hfvrp_n015_m03_s01,15,3,2.000000,1234,698.725023,2011.849260,4722.423542,0.000000,,,0,1,,,,,2.986826,BIG
ga,hfvrp_n015_m03_s02,15,3,2.000000,200,768.797289,1385.199704,3539.196696,0.000000,,,0,1,,,,,0.050752,DEFAULT
ga,hfvrp_n015_m03_s01,15,3,2.000000,9999,698.725023,2011.849260,4722.423542,0.000000,,,0,1,,,,,0.051264,DEFAULT
ga,hfvrp_n015_m03_s03,15,3,2.000000,10,648.426402,583.461146,1815.348694,0.000000,,,0,1,,,,,3.028821,BIG
ga,hfvrp_n015_m03_s02,15,3,2.000000,200,768.797289,1385.199704,3539.196696,0.000000,,,0,1,,,,,0.010951,SMALL
ga,hfvrp_n015_m03_s01,15,3,2.000000,9999,698.725023,2011.849260,4722.423542,0.000000,,,0,1,,,,,0.005704,SMALL
ga,hfvrp_n020_m04_s01,20,4,2.000000,1796880528520233153,911.141393,1030.842742,2972.826877,0.000000,,,0,1,,,,,1.318356,MEDIUM
ga,hfvrp_n015_m03_s04,15,3,2.000000,1,866.501419,3328.339072,7523.179562,0.000000,,,0,1,,,,,2.958980,BIG
ga,hfvrp_n015_m03_s03,15,3,2.000000,50,648.426402,583.461146,1815.348694,0.000000,,,0,1,,,,,0.053660,DEFAULT
ga,hfvrp_n015_m03_s03,15,3,2.000000,50,648.426402,583.461146,1815.348694,0.000000,,,0,1,,,,,0.009203,SMALL
ga,hfvrp_n015_m03_s04,15,3,2.000000,10,710.957851,3411.481465,7533.920780,0.000000,,,0,1,,,,,0.049220,DEFAULT
ga,hfvrp_n015_m03_s04,15,3,2.000000,10,710.957851,3411.481465,7533.920780,0.000000,,,0,1,,,,,0.010502,SMALL
ga,hfvrp_n015_m03_s02,15,3,2.000000,200,768.797289,1385.199704,3539.196696,0.000000,,,0,1,,,,,0.991345,MEDIUM
ga,hfvrp_n015_m03_s01,15,3,2.000000,9999,698.725023,2011.849260,4722.423542,0.000000,,,0,1,,,,,1.003054,MEDIUM
ga,hfvrp_n015_m03_s03,15,3,2.000000,50,648.426402,583.461146,1815.348694,0.000000,,,0,1,,,,,1.011083,MEDIUM
ga,hfvrp_n015_m03_s04,15,3,2.000000,10,710.957851,3411.481465,7533.920780,0.000000,,,0,1,,,,,0.990911,MEDIUM
ga,hfvrp_n015_m03_s05,15,3,2.000000,1,781.517320,777.689037,2336.895395,0.000000,,,0,1,,,,,3.001706,BIG
ga,hfvrp_n015_m03_s05,15,3,2.000000,10,808.004525,777.198699,2362.401924,0.000000,,,0,1,,,,,0.052889,DEFAULT
ga,hfvrp_n015_m03_s05,15,3,2.000000,10,794.643460,777.198699,2349.040859,0.000000,,,0,1,,,,,0.008495,SMALL
ga,hfvrp_n020_m04_s01,20,4,2.000000,1796880443948011864,908.457636,1029.991694,2968.441025,0.000000,,,0,1,,,,,3.901538,BIG
ga,hfvrp_n015_m03_s02,15,3,2.000000,200,768.797289,1385.199704,3539.196696,0.000000,,,0,1,,,,,2.959113,BIG
ga,hfvrp_n015_m03_s05,15,3,2.000000,10,781.517320,777.689037,2336.895395,0.000000,,,0,1,,,,,0.992657,MEDIUM
ga,hfvrp_n015_m03_s01,15,3,2.000000,9999,698.725023,2011.849260,4722.423542,0.000000,,,0,1,,,,,2.996425,BIG
ga,hfvrp_n015_m03_s02,15,3,2.000000,999,768.797289,1385.199704,3539.196696,0.000000,,,0,1,,,,,0.055329,DEFAULT
ga,hfvrp_n015_m03_s02,15,3,2.000000,999,768.797289,1385.199704,3539.196696,0.000000,,,0,1,,,,,0.010098,SMALL
ga,hfvrp_n020_m04_s01,20,4,2.000000,1,931.897222,1028.958818,2989.814858,0.000000,,,0,1,,,,,0.070057,DEFAULT
ga,hfvrp_n020_m04_s01,20,4,2.000000,1,916.697504,1075.450492,3067.598488,0.000000,,,0,1,,,,,0.009130,SMALL
ga,hfvrp_n015_m03_s01,15,3,2.000000,19345,721.180213,2115.017076,4951.214364,0.000000,,,0,1,,,,,0.050397,DEFAULT
ga,hfvrp_n015_m03_s01,15,3,2.000000,19345,734.799483,2153.554723,5041.908929,0.000000,,,0,1,,,,,0.005615,SMALL
ga,hfvrp_n015_m03_s04,15,3,2.000000,10,710.957851,3411.481465,7533.920780,0.000000,,,0,1,,,,,2.939736,BIG
ga,hfvrp_n015_m03_s03,15,3,2.000000,50,648.426402,583.461146,1815.348694,0.000000,,,0,1,,,,,3.007603,BIG
ga,hfvrp_n015_m03_s04,15,3,2.000000,50,710.957851,3411.481465,7533.920780,0.000000,,,0,1,,,,,0.050328,DEFAULT
ga,hfvrp_n015_m03_s03,15,3,2.000000,75,648.426402,583.461146,1815.348694,0.000000,,,0,1,,,,,0.053208,DEFAULT
ga,hfvrp_n015_m03_s04,15,3,2.000000,50,710.957851,3411.481465,7533.920780,0.000000,,,0,1,,,,,0.005568,SMALL
ga,hfvrp_n015_m03_s03,15,3,2.000000,75,648.426402,583.461146,1815.348694,0.000000,,,0,1,,,,,0.005830,SMALL
ga,hfvrp_n015_m03_s02,15,3,2.000000,999,768.797289,1385.199704,3539.196696,0.000000,,,0,1,,,,,0.986457,MEDIUM
ga,hfvrp_n015_m03_s01,15,3,2.000000,19345,698.725023,2011.849260,4722.423542,0.000000,,,0,1,,,,,1.019224,MEDIUM
ga,hfvrp_n015_m03_s04,15,3,2.000000,50,710.957851,3411.481465,7533.920780,0.000000,,,0,1,,,,,0.983064,MEDIUM
ga,hfvrp_n015_m03_s03,15,3,2.000000,75,648.426402,583.461146,1815.348694,0.000000,,,0,1,,,,,0.997519,MEDIUM
ga,hfvrp_n020_m04_s01,20,4,2.000000,1,908.457636,1029.991694,2968.441025,0.000000,,,0,1,,,,,1.305605,MEDIUM
ga,hfvrp_n015_m03_s05,15,3,2.000000,10,794.643460,777.198699,2349.040859,0.000000,,,0,1,,,,,3.015804,BIG
ga,hfvrp_n015_m03_s05,15,3,2.000000,50,774.190493,832.866067,2439.922628,0.000000,,,0,1,,,,,0.054902,DEFAULT
ga,hfvrp_n015_m03_s05,15,3,2.000000,50,800.760943,832.866067,2466.493077,0.000000,,,0,1,,,,,0.010006,SMALL
ga,hfvrp_n015_m03_s02,15,3,2.000000,999,768.797289,1385.199704,3539.196696,0.000000,,,0,1,,,,,2.980678,BIG
ga,hfvrp_n015_m03_s05,15,3,2.000000,50,808.004525,777.198699,2362.401924,0.000000,,,0,1,,,,,0.993629,MEDIUM
ga,hfvrp_n015_m03_s02,15,3,2.000000,1234,768.797289,1385.199704,3539.196696,0.000000,,,0,1,,,,,0.052429,DEFAULT
ga,hfvrp_n015_m03_s01,15,3,2.000000,19345,698.725023,2011.849260,4722.423542,0.000000,,,0,1,,,,,3.010601,BIG
ga,hfvrp_n015_m03_s02,15,3,2.000000,1234,768.797289,1385.199704,3539.196696,0.000000,,,0,1,,,,,0.009773,SMALL
ga,hfvrp_n015_m03_s04,15,3,2.000000,50,710.957851,3411.481465,7533.920780,0.000000,,,0,1,,,,,2.955936,BIG
ga,hfvrp_n015_m03_s01,15,3,2.000000,1796881195093726541,698.725023,2011.849260,4722.423542,0.000000,,,0,1,,,,,0.056813,DEFAULT
ga,hfvrp_n015_m03_s01,15,3,2.000000,1796881169384929520,770.061314,2168.178926,5106.419166,0.000000,,,0,1,,,,,0.005764,SMALL
ga,hfvrp_n015_m03_s03,15,3,2.000000,75,648.426402,583.461146,1815.348694,0.000000,,,0,1,,,,,3.021036,BIG
ga,hfvrp_n015_m03_s04,15,3,2.000000,75,710.957851,3411.481465,7533.920780,0.000000,,,0,1,,,,,0.054558,DEFAULT
ga,hfvrp_n015_m03_s04,15,3,2.000000,75,710.957851,3411.481465,7533.920780,0.000000,,,0,1,,,,,0.008346,SMALL
ga,hfvrp_n015_m03_s03,15,3,2.000000,100,648.426402,583.461146,1815.348694,0.000000,,,0,1,,,,,0.050992,DEFAULT
ga,hfvrp_n015_m03_s03,15,3,2.000000,100,648.426402,583.461146,1815.348694,0.000000,,,0,1,,,,,0.005495,SMALL
ga,hfvrp_n015_m03_s02,15,3,2.000000,1234,768.797289,1385.199704,3539.196696,0.000000,,,0,1,,,,,1.002002,MEDIUM
ga,hfvrp_n015_m03_s01,15,3,2.000000,1796881156509651613,698.725023,2011.849260,4722.423542,0.000000,,,0,1,,,,,0.991778,MEDIUM
ga,hfvrp_n015_m03_s04,15,3,2.000000,75,710.957851,3411.481465,7533.920780,0.000000,,,0,1,,,,,0.984204,MEDIUM
ga,hfvrp_n020_m04_s01,20,4,2.000000,1,908.457636,1029.991694,2968.441025,0.000000,,,0,1,,,,,3.921303,BIG
ga,hfvrp_n015_m03_s03,15,3,2.000000,100,648.426402,583.461146,1815.348694,0.000000,,,0,1,,,,,1.002445,MEDIUM
ga,hfvrp_n020_m04_s01,20,4,2.000000,10,908.457636,1029.991694,2968.441025,0.000000,,,0,1,,,,,0.066769,DEFAULT
ga,hfvrp_n020_m04_s01,20,4,2.000000,10,937.140362,1081.402751,3099.945865,0.000000,,,0,1,,,,,0.007315,SMALL
ga,hfvrp_n020_m04_s01,20,4,2.000000,10,908.457636,1029.991694,2968.441025,0.000000,,,0,1,,,,,1.292772,MEDIUM
ga,hfvrp_n015_m03_s05,15,3,2.000000,50,808.004525,777.198699,2362.401924,0.000000,,,0,1,,,,,2.983079,BIG
ga,hfvrp_n015_m03_s05,15,3,2.000000,75,794.643460,777.198699,2349.040859,0.000000,,,0,1,,,,,0.052959,DEFAULT
ga,hfvrp_n015_m03_s05,15,3,2.000000,75,774.190493,832.866067,2439.922628,0.000000,,,0,1,,,,,0.008895,SMALL
ga,hfvrp_n015_m03_s05,15,3,2.000000,75,808.004525,777.198699,2362.401924,0.000000,,,0,1,,,,,0.987357,MEDIUM
ga,hfvrp_n015_m03_s02,15,3,2.000000,1234,768.797289,1385.199704,3539.196696,0.000000,,,0,1,,,,,3.025640,BIG
ga,hfvrp_n015_m03_s01,15,3,2.000000,1796881084495414715,698.725023,2011.849260,4722.423542,0.000000,,,0,1,,,,,2.987569,BIG
ga,hfvrp_n015_m03_s04,15,3,2.000000,75,710.957851,3411.481465,7533.920780,0.000000,,,0,1,,,,,2.944087,BIG
ga,hfvrp_n015_m03_s02,15,3,2.000000,9999,768.797289,1385.199704,3539.196696,0.000000,,,0,1,,,,,0.054328,DEFAULT
ga,hfvrp_n015_m03_s02,15,3,2.000000,9999,768.797289,1385.199704,3539.196696,0.000000,,,0,1,,,,,0.005623,SMALL
ga,hfvrp_n015_m03_s04,15,3,2.000000,100,655.683420,4286.965830,9229.615080,0.000000,,,0,1,,,,,0.052839,DEFAULT
ga,hfvrp_n015_m03_s04,15,3,2.000000,100,716.656567,3865.619481,8447.895528,0.000000,,,0,1,,,,,0.005302,SMALL
ga,hfvrp_n020_m04_s02,20,4,2.000000,1796880924342023349,847.638766,1168.219791,3184.078347,0.000000,,,0,1,,,,,0.065456,DEFAULT
ga,hfvrp_n020_m04_s02,20,4,2.000000,1796880877166708145,1025.211316,1331.440457,3688.092230,0.000000,,,0,1,,,,,0.007411,SMALL
ga,hfvrp_n015_m03_s03,15,3,2.000000,100,648.426402,583.461146,1815.348694,0.000000,,,0,1,,,,,3.033752,BIG
ga,hfvrp_n015_m03_s03,15,3,2.000000,200,648.426402,583.461146,1815.348694,0.000000,,,0,1,,,,,0.055510,DEFAULT
ga,hfvrp_n015_m03_s03,15,3,2.000000,200,648.426402,583.461146,1815.348694,0.000000,,,0,1,,,,,0.005549,SMALL
ga,hfvrp_n015_m03_s02,15,3,2.000000,9999,768.797289,1385.199704,3539.196696,0.000000,,,0,1,,,,,0.985320,MEDIUM
ga,hfvrp_n015_m03_s04,15,3,2.000000,100,710.957851,3411.481465,7533.920780,0.000000,,,0,1,,,,,0.979938,MEDIUM
ga,hfvrp_n015_m03_s03,15,3,2.000000,200,648.426402,583.461146,1815.348694,0.000000,,,0,1,,,,,1.003161,MEDIUM
ga,hfvrp_n020_m04_s02,20,4,2.000000,1796880872882944441,896.641503,1036.357736,2969.356974,0.000000,,,0,1,,,,,1.301103,MEDIUM
ga,hfvrp_n020_m04_s01,20,4,2.000000,10,908.457636,1029.991694,2968.441025,0.000000,,,0,1,,,,,3.908779,BIG
ga,hfvrp_n020_m04_s01,20,4,2.000000,50,901.038328,1063.782909,3028.604146,0.000000,,,0,1,,,,,0.068294,DEFAULT
ga,hfvrp_n020_m04_s01,20,4,2.000000,50,1027.915263,1424.992360,3877.899984,0.000000,,,0,1,,,,,0.007801,SMALL
ga,hfvrp_n015_m03_s05,15,3,2.000000,75,781.517320,777.689037,2336.895395,0.000000,,,0,1,,,,,3.005902,BIG
ga,hfvrp_n015_m03_s05,15,3,2.000000,100,774.190493,832.866067,2439.922628,0.000000,,,0,1,,,,,0.053226,DEFAULT
ga,hfvrp_n015_m03_s05,15,3,2.000000,100,774.190493,832.866067,2439.922628,0.000000,,,0,1,,,,,0.009176,SMALL
ga,hfvrp_n020_m04_s01,20,4,2.000000,50,911.141393,1030.842742,2972.826877,0.000000,,,0,1,,,,,1.304747,MEDIUM
ga,hfvrp_n015_m03_s02,15,3,2.000000,9999,768.797289,1385.199704,3539.196696,0.000000,,,0,1,,,,,2.959790,BIG
ga,hfvrp_n015_m03_s04,15,3,2.000000,100,866.501419,3328.339072,7523.179562,0.000000,,,0,1,,,,,2.943389,BIG
ga,hfvrp_n015_m03_s05,15,3,2.000000,100,781.517320,777.689037,2336.895395,0.000000,,,0,1,,,,,1.011082,MEDIUM
ga,hfvrp_n015_m03_s02,15,3,2.000000,19345,768.797289,1385.199704,3539.196696,0.000000,,,0,1,,,,,0.055562,DEFAULT
ga,hfvrp_n015_m03_s02,15,3,2.000000,19345,782.108879,1385.199704,3552.508287,0.000000,,,0,1,,,,,0.009435,SMALL
ga,hfvrp_n015_m03_s04,15,3,2.000000,200,710.957851,3411.481465,7533.920780,0.000000,,,0,1,,,,,0.049270,DEFAULT
ga,hfvrp_n015_m03_s04,15,3,2.000000,200,710.957851,3411.481465,7533.920780,0.000000,,,0,1,,,,,0.007769,SMALL
ga,hfvrp_n015_m03_s03,15,3,2.000000,200,648.426402,583.461146,1815.348694,0.000000,,,0,1,,,,,3.016473,BIG
ga,hfvrp_n015_m03_s03,15,3,2.000000,999,648.426402,583.461146,1815.348694,0.000000,,,0,1,,,,,0.048868,DEFAULT
ga,hfvrp_n015_m03_s03,15,3,2.000000,999,707.572800,583.461146,1874.495092,0.000000,,,0,1,,,,,0.005471,SMALL
ga,hfvrp_n015_m03_s02,15,3,2.000000,19345,768.797289,1385.199704,3539.196696,0.000000,,,0,1,,,,,0.992829,MEDIUM
ga,hfvrp_n015_m03_s04,15,3,2.000000,200,710.957851,3411.481465,7533.920780,0.000000,,,0,1,,,,,0.980756,MEDIUM
ga,hfvrp_n020_m04_s02,20,4,2.000000,1796880861307230552,900.484770,1034.545686,2969.576142,0.000000,,,0,1,,,,,3.939157,BIG
ga,hfvrp_n015_m03_s03,15,3,2.000000,999,648.426402,583.461146,1815.348694,0.000000,,,0,1,,,,,1.008063,MEDIUM
ga,hfvrp_n020_m04_s02,20,4,2.000000,1,849.349176,1164.595691,3178.540558,0.000000,,,0,1,,,,,0.067770,DEFAULT
ga,hfvrp_n020_m04_s02,20,4,2.000000,1,927.079862,1182.372355,3291.824572,0.000000,,,0,1,,,,,0.009161,SMALL
ga,hfvrp_n020_m04_s02,20,4,2.000000,1,900.484770,1034.545686,2969.576142,0.000000,,,0,1,,,,,1.299953,MEDIUM
ga,hfvrp_n015_m03_s05,15,3,2.000000,100,794.643460,777.198699,2349.040859,0.000000,,,0,1,,,,,3.002597,BIG
ga,hfvrp_n015_m03_s05,15,3,2.000000,200,808.004525,777.198699,2362.401924,0.000000,,,0,1,,,,,0.049061,DEFAULT
ga,hfvrp_n015_m03_s05,15,3,2.000000,200,808.004525,777.198699,2362.401924,0.000000,,,0,1,,,,,0.009171,SMALL
ga,hfvrp_n020_m04_s01,20,4,2.000000,50,908.457636,1029.991694,2968.441025,0.000000,,,0,1,,,,,3.931258,BIG
ga,hfvrp_n020_m04_s01,20,4,2.000000,75,911.141393,1030.842742,2972.826877,0.000000,,,0,1,,,,,0.067858,DEFAULT
ga,hfvrp_n020_m04_s01,20,4,2.000000,75,902.565832,1219.076621,3340.719073,0.000000,,,0,1,,,,,0.011635,SMALL
ga,hfvrp_n015_m03_s02,15,3,2.000000,19345,768.797289,1385.199704,3539.196696,0.000000,,,0,1,,,,,3.016629,BIG
ga,hfvrp_n015_m03_s04,15,3,2.000000,200,710.957851,3411.481465,7533.920780,0.000000,,,0,1,,,,,3.046237,BIG
ga,hfvrp_n015_m03_s02,15,3,2.000000,1796880120701791449,768.797289,1385.199704,3539.196696,0.000000,,,0,1,,,,,0.051432,DEFAULT
ga,hfvrp_n015_m03_s02,15,3,2.000000,1796879979022767592,768.797289,1385.199704,3539.196696,0.000000,,,0,1,,,,,0.005746,SMALL
ga,hfvrp_n015_m03_s05,15,3,2.000000,200,794.643460,777.198699,2349.040859,0.000000,,,0,1,,,,,1.053924,MEDIUM
ga,hfvrp_n015_m03_s04,15,3,2.000000,999,710.957851,3411.481465,7533.920780,0.000000,,,0,1,,,,,0.051848,DEFAULT
ga,hfvrp_n015_m03_s04,15,3,2.000000,999,710.957851,3411.481465,7533.920780,0.000000,,,0,1,,,,,0.005819,SMALL
ga,hfvrp_n015_m03_s03,15,3,2.000000,999,648.426402,583.461146,1815.348694,0.000000,,,0,1,,,,,3.085995,BIG
ga,hfvrp_n015_m03_s03,15,3,2.000000,1234,648.426402,583.461146,1815.348694,0.000000,,,0,1,,,,,0.056561,DEFAULT
ga,hfvrp_n015_m03_s03,15,3,2.000000,1234,682.689921,637.702387,1958.094696,0.000000,,,0,1,,,,,0.008809,SMALL
ga,hfvrp_n015_m03_s02,15,3,2.000000,1796879940377167468,768.797289,1385.199704,3539.196696,0.000000,,,0,1,,,,,1.030938,MEDIUM
ga,hfvrp_n015_m03_s04,15,3,2.000000,999,710.957851,3411.481465,7533.920780,0.000000,,,0,1,,,,,1.037700,MEDIUM
ga,hfvrp_n020_m04_s01,20,4,2.000000,75,908.457636,1029.991694,2968.441025,0.000000,,,0,1,,,,,1.370068,MEDIUM
ga,hfvrp_n015_m03_s03,15,3,2.000000,1234,648.426402,583.461146,1815.348694,0.000000,,,0,1,,,,,1.030307,MEDIUM
ga,hfvrp_n020_m04_s02,20,4,2.000000,1,900.484770,1034.545686,2969.576142,0.000000,,,0,1,,,,,4.045097,BIG
ga,hfvrp_n020_m04_s02,20,4,2.000000,10,849.349176,1164.595691,3178.540558,0.000000,,,0,1,,,,,0.068944,DEFAULT
ga,hfvrp_n020_m04_s02,20,4,2.000000,10,952.984580,1302.312116,3557.608812,0.000000,,,0,1,,,,,0.007184,SMALL
ga,hfvrp_n015_m03_s05,15,3,2.000000,200,781.517320,777.689037,2336.895395,0.000000,,,0,1,,,,,3.029947,BIG
ga,hfvrp_n015_m03_s05,15,3,2.000000,999,794.643460,777.198699,2349.040859,0.000000,,,0,1,,,,,0.049926,DEFAULT
ga,hfvrp_n015_m03_s05,15,3,2.000000,999,794.643460,777.198699,2349.040859,0.000000,,,0,1,,,,,0.005342,SMALL
ga,hfvrp_n015_m03_s02,15,3,2.000000,1796887427540391428,768.797289,1385.199704,3539.196696,0.000000,,,0,1,,,,,2.946967,BIG
ga,hfvrp_n015_m03_s04,15,3,2.000000,999,710.957851,3411.481465,7533.920780,0.000000,,,0,1,,,,,2.956459,BIG
ga,hfvrp_n020_m04_s02,20,4,2.000000,10,900.484770,1034.545686,2969.576142,0.000000,,,0,1,,,,,1.317641,MEDIUM
ga,hfvrp_n015_m03_s04,15,3,2.000000,1234,710.957851,3411.481465,7533.920780,0.000000,,,0,1,,,,,0.051997,DEFAULT
ga,hfvrp_n020_m04_s03,20,4,2.000000,1796886185033071388,962.203735,2051.097587,5064.398908,0.000000,,,0,1,,,,,0.070514,DEFAULT
ga,hfvrp_n015_m03_s05,15,3,2.000000,999,781.517320,777.689037,2336.895395,0.000000,,,0,1,,,,,1.004447,MEDIUM
ga,hfvrp_n015_m03_s04,15,3,2.000000,1234,710.957851,3411.481465,7533.920780,0.000000,,,0,1,,,,,0.006855,SMALL
ga,hfvrp_n020_m04_s03,20,4,2.000000,1796886167928120410,1070.327997,2081.122354,5232.572704,0.000000,,,0,1,,,,,0.009101,SMALL
ga,hfvrp_n015_m03_s03,15,3,2.000000,1234,648.426402,583.461146,1815.348694,0.000000,,,0,1,,,,,3.020249,BIG
ga,hfvrp_n015_m03_s03,15,3,2.000000,9999,648.426402,583.461146,1815.348694,0.000000,,,0,1,,,,,0.050950,DEFAULT
ga,hfvrp_n015_m03_s03,15,3,2.000000,9999,648.426402,583.461146,1815.348694,0.000000,,,0,1,,,,,0.005793,SMALL
ga,hfvrp_n020_m04_s01,20,4,2.000000,75,908.457636,1029.991694,2968.441025,0.000000,,,0,1,,,,,3.933568,BIG
ga,hfvrp_n020_m04_s01,20,4,2.000000,100,908.457636,1029.991694,2968.441025,0.000000,,,0,1,,,,,0.063322,DEFAULT
ga,hfvrp_n015_m03_s04,15,3,2.000000,1234,710.957851,3411.481465,7533.920780,0.000000,,,0,1,,,,,1.004565,MEDIUM
ga,hfvrp_n020_m04_s01,20,4,2.000000,100,911.141393,1030.842742,2972.826877,0.000000,,,0,1,,,,,0.010834,SMALL
ga,hfvrp_n020_m04_s03,20,4,2.000000,1796886146466322333,962.203735,2051.097587,5064.398908,0.000000,,,0,1,,,,,1.318458,MEDIUM
ga,hfvrp_n015_m03_s03,15,3,2.000000,9999,648.426402,583.461146,1815.348694,0.000000,,,0,1,,,,,1.018162,MEDIUM
ga,hfvrp_n020_m04_s01,20,4,2.000000,100,908.457636,1029.991694,2968.441025,0.000000,,,0,1,,,,,1.306930,MEDIUM
ga,hfvrp_n015_m03_s05,15,3,2.000000,999,794.643460,777.198699,2349.040859,0.000000,,,0,1,,,,,2.998228,BIG
ga,hfvrp_n015_m03_s05,15,3,2.000000,1234,794.643460,777.198699,2349.040859,0.000000,,,0,1,,,,,0.055455,DEFAULT
ga,hfvrp_n015_m03_s05,15,3,2.000000,1234,835.086223,777.198699,2389.483622,0.000000,,,0,1,,,,,0.008688,SMALL
ga,hfvrp_n020_m04_s02,20,4,2.000000,10,854.468063,1036.357736,2927.183535,0.000000,,,0,1,,,,,3.962164,BIG
ga,hfvrp_n015_m03_s04,15,3,2.000000,1234,710.957851,3411.481465,7533.920780,0.000000,,,0,1,,,,,2.969044,BIG
ga,hfvrp_n020_m04_s02,20,4,2.000000,50,971.718368,1255.513565,3482.745498,0.000000,,,0,1,,,,,0.069389,DEFAULT
ga,hfvrp_n015_m03_s04,15,3,2.000000,9999,710.957851,3411.481465,7533.920780,0.000000,,,0,1,,,,,0.050797,DEFAULT
ga,hfvrp_n020_m04_s02,20,4,2.000000,50,913.596426,1446.939699,3807.475824,0.000000,,,0,1,,,,,0.010209,SMALL
ga,hfvrp_n015_m03_s04,15,3,2.000000,9999,720.898579,4207.901028,9136.700636,0.000000,,,0,1,,,,,0.005640,SMALL
ga,hfvrp_n015_m03_s05,15,3,2.000000,1234,794.643460,777.198699,2349.040859,0.000000,,,0,1,,,,,1.006044,MEDIUM
ga,hfvrp_n015_m03_s03,15,3,2.000000,9999,648.426402,583.461146,1815.348694,0.000000,,,0,1,,,,,3.032255,BIG
ga,hfvrp_n015_m03_s03,15,3,2.000000,19345,648.426402,583.461146,1815.348694,0.000000,,,0,1,,,,,0.050251,DEFAULT
ga,hfvrp_n015_m03_s03,15,3,2.000000,19345,648.426402,583.461146,1815.348694,0.000000,,,0,1,,,,,0.009536,SMALL
ga,hfvrp_n015_m03_s04,15,3,2.000000,9999,710.957851,3411.481465,7533.920780,0.000000,,,0,1,,,,,0.985651,MEDIUM
ga,hfvrp_n020_m04_s03,20,4,2.000000,1796886079074213492,909.634328,1815.865601,4541.365530,0.000000,,,0,1,,,,,3.919025,BIG
ga,hfvrp_n020_m04_s03,20,4,2.000000,1,989.910778,2051.097587,5092.105951,0.000000,,,0,1,,,,,0.066182,DEFAULT
ga,hfvrp_n020_m04_s03,20,4,2.000000,1,918.969221,2135.483102,5189.935425,0.000000,,,0,1,,,,,0.007647,SMALL
ga,hfvrp_n020_m04_s02,20,4,2.000000,50,937.175193,1034.545686,3006.266565,0.000000,,,0,1,,,,,1.313742,MEDIUM
ga,hfvrp_n015_m03_s03,15,3,2.000000,19345,648.426402,583.461146,1815.348694,0.000000,,,0,1,,,,,1.006123,MEDIUM
ga,hfvrp_n020_m04_s01,20,4,2.000000,100,908.457636,1029.991694,2968.441025,0.000000,,,0,1,,,,,3.925542,BIG
ga,hfvrp_n020_m04_s01,20,4,2.000000,200,908.457636,1029.991694,2968.441025,0.000000,,,0,1,,,,,0.069291,DEFAULT
ga,hfvrp_n020_m04_s01,20,4,2.000000,200,908.457636,1029.991694,2968.441025,0.000000,,,0,1,,,,,0.007931,SMALL
ga,hfvrp_n020_m04_s03,20,4,2.000000,1,892.849124,2051.097587,4995.044297,0.000000,,,0,1,,,,,1.321725,MEDIUM
ga,hfvrp_n015_m03_s05,15,3,2.000000,1234,781.517320,777.689037,2336.895395,0.000000,,,0,1,,,,,3.038265,BIG
ga,hfvrp_n015_m03_s05,15,3,2.000000,9999,774.190493,832.866067,2439.922628,0.000000,,,0,1,,,,,0.052036,DEFAULT
ga,hfvrp_n015_m03_s05,15,3,2.000000,9999,774.190493,832.866067,2439.922628,0.000000,,,0,1,,,,,0.005606,SMALL
ga,hfvrp_n020_m04_s01,20,4,2.000000,200,908.457636,1029.991694,2968.441025,0.000000,,,0,1,,,,,1.314807,MEDIUM
ga,hfvrp_n015_m03_s04,15,3,2.000000,9999,866.501419,3328.339072,7523.179562,0.000000,,,0,1,,,,,3.004497,BIG
ga,hfvrp_n015_m03_s04,15,3,2.000000,19345,710.957851,3411.481465,7533.920780,0.000000,,,0,1,,,,,0.055587,DEFAULT
ga,hfvrp_n015_m03_s04,15,3,2.000000,19345,710.957851,3411.481465,7533.920780,0.000000,,,0,1,,,,,0.009646,SMALL
ga,hfvrp_n015_m03_s05,15,3,2.000000,9999,794.643460,777.198699,2349.040859,0.000000,,,0,1,,,,,1.033866,MEDIUM
ga,hfvrp_n015_m03_s03,15,3,2.000000,19345,648.426402,583.461146,1815.348694,0.000000,,,0,1,,,,,3.054640,BIG
ga,hfvrp_n015_m03_s03,15,3,2.000000,1796886661906462838,648.426402,583.461146,1815.348694,0.000000,,,0,1,,,,,0.056195,DEFAULT
ga,hfvrp_n015_m03_s03,15,3,2.000000,1796886666261662725,706.280248,583.461146,1873.202540,0.000000,,,0,1,,,,,0.005800,SMALL
ga,hfvrp_n015_m03_s04,15,3,2.000000,19345,710.957851,3411.481465,7533.920780,0.000000,,,0,1,,,,,0.993878,MEDIUM
ga,hfvrp_n020_m04_s02,20,4,2.000000,50,900.484770,1034.545686,2969.576142,0.000000,,,0,1,,,,,4.017060,BIG
ga,hfvrp_n020_m04_s02,20,4,2.000000,75,876.083481,1209.972791,3296.029062,0.000000,,,0,1,,,,,0.063737,DEFAULT
ga,hfvrp_n020_m04_s02,20,4,2.000000,75,1035.450502,1391.962027,3819.374557,0.000000,,,0,1,,,,,0.007496,SMALL
ga,hfvrp_n015_m03_s03,15,3,2.000000,1796886670566808087,648.426402,583.461146,1815.348694,0.000000,,,0,1,,,,,1.008423,MEDIUM
ga,hfvrp_n020_m04_s03,20,4,2.000000,1,812.633004,1847.720468,4508.073940,0.000000,,,0,1,,,,,4.066502,BIG
ga,hfvrp_n020_m04_s02,20,4,2.000000,75,824.239310,1057.400800,2939.040911,0.000000,,,0,1,,,,,1.300740,MEDIUM
ga,hfvrp_n020_m04_s03,20,4,2.000000,10,956.830606,2051.097587,5059.025779,0.000000,,,0,1,,,,,0.064315,DEFAULT
ga,hfvrp_n020_m04_s03,20,4,2.000000,10,1004.610257,2127.197492,5259.005241,0.000000,,,0,1,,,,,0.012593,SMALL
ga,hfvrp_n015_m03_s05,15,3,2.000000,9999,794.643460,777.198699,2349.040859,0.000000,,,0,1,,,,,2.990980,BIG
ga,hfvrp_n015_m03_s05,15,3,2.000000,19345,787.564215,817.792236,2423.148687,0.000000,,,0,1,,,,,0.050819,DEFAULT
ga,hfvrp_n015_m03_s05,15,3,2.000000,19345,930.796302,777.198699,2485.193701,0.000000,,,0,1,,,,,0.005685,SMALL
ga,hfvrp_n020_m04_s01,20,4,2.000000,200,908.457636,1029.991694,2968.441025,0.000000,,,0,1,,,,,3.932894,BIG
ga,hfvrp_n020_m04_s01,20,4,2.000000,999,911.141393,1030.842742,2972.826877,0.000000,,,0,1,,,,,0.064962,DEFAULT
ga,hfvrp_n020_m04_s01,20,4,2.000000,999,902.049640,1400.476428,3703.002495,0.000000,,,0,1,,,,,0.007712,SMALL
ga,hfvrp_n015_m03_s04,15,3,2.000000,19345,866.501419,3328.339072,7523.179562,0.000000,,,0,1,,,,,2.966258,BIG
ga,hfvrp_n020_m04_s03,20,4,2.000000,10,932.295946,1815.865601,4564.027148,0.000000,,,0,1,,,,,1.299499,MEDIUM
ga,hfvrp_n015_m03_s04,15,3,2.000000,1796885729164966444,710.957851,3411.481465,7533.920780,0.000000,,,0,1,,,,,0.053943,DEFAULT
ga,hfvrp_n015_m03_s04,15,3,2.000000,1796885737812878363,710.957851,3411.481465,7533.920780,0.000000,,,0,1,,,,,0.005679,SMALL
ga,hfvrp_n015_m03_s05,15,3,2.000000,19345,794.643460,777.198699,2349.040859,0.000000,,,0,1,,,,,1.008842,MEDIUM
ga,hfvrp_n015_m03_s03,15,3,2.000000,1796886710233338099,648.426402,583.461146,1815.348694,0.000000,,,0,1,,,,,3.058204,BIG
ga,hfvrp_n020_m04_s04,20,4,2.000000,1796885807144636298,988.053534,2003.100329,4994.254192,0.000000,,,0,1,,,,,0.065382,DEFAULT
ga,hfvrp_n020_m04_s04,20,4,2.000000,1796885802923638064,1095.478199,1882.965226,4861.408652,0.000000,,,0,1,,,,,0.011832,SMALL
ga,hfvrp_n020_m04_s01,20,4,2.000000,999,908.457636,1029.991694,2968.441025,0.000000,,,0,1,,,,,1.316927,MEDIUM
ga,hfvrp_n015_m03_s04,15,3,2.000000,1796885742117404684,710.957851,3411.481465,7533.920780,0.000000,,,0,1,,,,,0.989285,MEDIUM
ga,hfvrp_n020_m04_s04,20,4,2.000000,1796885815824136130,938.360636,1702.666354,4343.693345,0.000000,,,0,1,,,,,1.315934,MEDIUM
ga,hfvrp_n020_m04_s02,20,4,2.000000,75,900.484770,1034.545686,2969.576142,0.000000,,,0,1,,,,,3.969550,BIG
ga,hfvrp_n020_m04_s02,20,4,2.000000,100,825.764755,1170.171520,3166.107795,0.000000,,,0,1,,,,,0.065486,DEFAULT
ga,hfvrp_n020_m04_s02,20,4,2.000000,100,892.876069,1187.948184,3268.772437,0.000000,,,0,1,,,,,0.012419,SMALL
ga,hfvrp_n015_m03_s05,15,3,2.000000,19345,794.643460,777.198699,2349.040859,0.000000,,,0,1,,,,,3.074258,BIG
ga,hfvrp_n015_m03_s05,15,3,2.000000,1796885874195228658,794.643460,777.198699,2349.040859,0.000000,,,0,1,,,,,0.054848,DEFAULT
ga,hfvrp_n015_m03_s05,15,3,2.000000,1796885887141243573,704.881066,873.382939,2451.646945,0.000000,,,0,1,,,,,0.008539,SMALL
ga,hfvrp_n020_m04_s03,20,4,2.000000,10,812.633004,1847.720468,4508.073940,0.000000,,,0,1,,,,,3.964881,BIG
ga,hfvrp_n015_m03_s04,15,3,2.000000,1796885824715204340,866.501419,3328.339072,7523.179562,0.000000,,,0,1,,,,,2.954628,BIG
ga,hfvrp_n020_m04_s02,20,4,2.000000,100,906.946440,1055.588751,3018.123941,0.000000,,,0,1,,,,,1.305356,MEDIUM
ga,hfvrp_n020_m04_s03,20,4,2.000000,50,895.689068,1847.720468,4591.130004,0.000000,,,0,1,,,,,0.068446,DEFAULT
ga,hfvrp_n020_m04_s03,20,4,2.000000,50,901.674570,1942.640487,4786.955544,0.000000,,,0,1,,,,,0.007804,SMALL
ga,hfvrp_n020_m04_s05,20,4,2.000000,1796885969496209197,912.862581,1962.687815,4838.238212,0.000000,,,0,1,,,,,0.071562,DEFAULT
ga,hfvrp_n020_m04_s05,20,4,2.000000,1796885991046674427,782.983418,2224.099552,5231.182523,0.000000,,,0,1,,,,,0.007976,SMALL
ga,hfvrp_n015_m03_s05,15,3,2.000000,1796885882858819961,781.517320,777.689037,2336.895395,0.000000,,,0,1,,,,,1.009397,MEDIUM
ga,hfvrp_n020_m04_s01,20,4,2.000000,999,908.457636,1029.991694,2968.441025,0.000000,,,0,1,,,,,3.900893,BIG
ga,hfvrp_n020_m04_s01,20,4,2.000000,1234,911.141393,1030.842742,2972.826877,0.000000,,,0,1,,,,,0.067841,DEFAULT
ga,hfvrp_n020_m04_s01,20,4,2.000000,1234,922.246684,1310.376435,3542.999554,0.000000,,,0,1,,,,,0.011849,SMALL
ga,hfvrp_n020_m04_s03,20,4,2.000000,50,812.633004,1847.720468,4508.073940,0.000000,,,0,1,,,,,1.309937,MEDIUM
ga,hfvrp_n020_m04_s05,20,4,2.000000,1796885986763589640,904.186558,1979.406359,4862.999276,0.000000,,,0,1,,,,,1.325576,MEDIUM
ga,hfvrp_n020_m04_s04,20,4,2.000000,1796885821439130671,932.683757,1882.965226,4698.614210,0.000000,,,0,1,,,,,4.008456,BIG
ga,hfvrp_n020_m04_s04,20,4,2.000000,1,913.414154,2043.145777,4999.705708,0.000000,,,0,1,,,,,0.063371,DEFAULT
ga,hfvrp_n020_m04_s04,20,4,2.000000,1,1112.768330,1950.029066,5012.826462,0.000000,,,0,1,,,,,0.007992,SMALL
ga,hfvrp_n020_m04_s01,20,4,2.000000,1234,908.457636,1029.991694,2968.441025,0.000000,,,0,1,,,,,1.289148,MEDIUM
ga,hfvrp_n015_m03_s05,15,3,2.000000,1796885999841225494,781.517320,777.689037,2336.895395,0.000000,,,0,1,,,,,2.989397,BIG
ga,hfvrp_n020_m04_s04,20,4,2.000000,1,943.764367,1755.028208,4453.820782,0.000000,,,0,1,,,,,1.322700,MEDIUM
ga,hfvrp_n030_m06_s01,30,6,2.000000,1796886136110650743,1726.461176,2610.450148,6947.361472,0.000000,,,0,1,,,,,0.100543,DEFAULT
ga,hfvrp_n030_m06_s01,30,6,2.000000,1796886127624876816,2541.132072,3409.341146,9359.814363,0.000000,,,0,1,,,,,0.012443,SMALL
ga,hfvrp_n020_m04_s02,20,4,2.000000,100,900.484770,1034.545686,2969.576142,0.000000,,,0,1,,,,,3.921116,BIG
ga,hfvrp_n020_m04_s02,20,4,2.000000,200,868.765456,1055.588751,2979.942957,0.000000,,,0,1,,,,,0.068340,DEFAULT
ga,hfvrp_n020_m04_s02,20,4,2.000000,200,900.303211,1154.911373,3210.125956,0.000000,,,0,1,,,,,0.008353,SMALL
ga,hfvrp_n020_m04_s02,20,4,2.000000,200,883.362018,1055.588751,2994.539520,0.000000,,,0,1,,,,,1.301383,MEDIUM
ga,hfvrp_n020_m04_s05,20,4,2.000000,1796886022453043857,936.734743,1974.219651,4885.174044,0.000000,,,0,1,,,,,3.944651,BIG
ga,hfvrp_n020_m04_s03,20,4,2.000000,50,812.633004,1847.720468,4508.073940,0.000000,,,0,1,,,,,4.028601,BIG
ga,hfvrp_n020_m04_s05,20,4,2.000000,1,964.427691,2118.014686,5200.457063,0.000000,,,0,1,,,,,0.070184,DEFAULT
ga,hfvrp_n020_m04_s05,20,4,2.000000,1,863.695597,2007.306078,4878.307754,0.000000,,,0,1,,,,,0.007383,SMALL
ga,hfvrp_n020_m04_s03,20,4,2.000000,75,812.633004,1847.720468,4508.073940,0.000000,,,0,1,,,,,0.069365,DEFAULT
ga,hfvrp_n020_m04_s03,20,4,2.000000,75,1001.704971,2797.557484,6596.819940,0.000000,,,0,1,,,,,0.007936,SMALL
ga,hfvrp_n030_m06_s01,30,6,2.000000,1796886149115552961,1755.338997,2394.261218,6543.861433,0.000000,,,0,1,,,,,2.053142,MEDIUM
ga,hfvrp_n020_m04_s01,20,4,2.000000,1234,908.457636,1029.991694,2968.441025,0.000000,,,0,1,,,,,3.900948,BIG
ga,hfvrp_n020_m04_s01,20,4,2.000000,9999,911.141393,1030.842742,2972.826877,0.000000,,,0,1,,,,,0.065917,DEFAULT
ga,hfvrp_n020_m04_s01,20,4,2.000000,9999,930.559702,1152.619945,3235.799593,0.000000,,,0,1,,,,,0.012306,SMALL
ga,hfvrp_n020_m04_s05,20,4,2.000000,1,902.518658,1681.283237,4265.085132,0.000000,,,0,1,,,,,1.303337,MEDIUM
ga,hfvrp_n020_m04_s03,20,4,2.000000,75,887.090444,2051.097587,4989.285617,0.000000,,,0,1,,,,,1.307246,MEDIUM
ga,hfvrp_n020_m04_s04,20,4,2.000000,1,949.757010,1755.028208,4459.813425,0.000000,,,0,1,,,,,3.958089,BIG
ga,hfvrp_n020_m04_s01,20,4,2.000000,9999,908.457636,1029.991694,2968.441025,0.000000,,,0,1,,,,,1.297081,MEDIUM
ga,hfvrp_n020_m04_s04,20,4,2.000000,10,1016.020048,2098.438250,5212.896548,0.000000,,,0,1,,,,,0.065301,DEFAULT
ga,hfvrp_n020_m04_s04,20,4,2.000000,10,1061.684580,1924.224386,4910.133353,0.000000,,,0,1,,,,,0.012585,SMALL
ga,hfvrp_n020_m04_s04,20,4,2.000000,10,956.686340,1755.028208,4466.742755,0.000000,,,0,1,,,,,1.300956,MEDIUM
ga,hfvrp_n020_m04_s02,20,4,2.000000,200,900.484770,1034.545686,2969.576142,0.000000,,,0,1,,,,,3.975567,BIG
ga,hfvrp_n020_m04_s02,20,4,2.000000,999,935.293891,1055.588751,3046.471392,0.000000,,,0,1,,,,,0.064342,DEFAULT
ga,hfvrp_n020_m04_s02,20,4,2.000000,999,914.269542,1055.588751,3025.447043,0.000000,,,0,1,,,,,0.007974,SMALL
ga,hfvrp_n020_m04_s05,20,4,2.000000,1,902.518658,1681.283237,4265.085132,0.000000,,,0,1,,,,,3.921635,BIG
ga,hfvrp_n020_m04_s03,20,4,2.000000,75,812.633004,1847.720468,4508.073940,0.000000,,,0,1,,,,,3.949324,BIG
ga,hfvrp_n020_m04_s02,20,4,2.000000,999,883.448717,1034.545686,2952.540089,0.000000,,,0,1,,,,,1.312163,MEDIUM
ga,hfvrp_n020_m04_s05,20,4,2.000000,10,868.878774,1739.674997,4348.228767,0.000000,,,0,1,,,,,0.072824,DEFAULT
ga,hfvrp_n020_m04_s05,20,4,2.000000,10,1014.846290,2033.792054,5082.430398,0.000000,,,0,1,,,,,0.008503,SMALL
ga,hfvrp_n020_m04_s03,20,4,2.000000,100,843.237395,1847.720468,4538.678331,0.000000,,,0,1,,,,,0.070808,DEFAULT
ga,hfvrp_n020_m04_s03,20,4,2.000000,100,989.910778,2051.097587,5092.105951,0.000000,,,0,1,,,,,0.013085,SMALL
ga,hfvrp_n020_m04_s01,20,4,2.000000,9999,908.457636,1029.991694,2968.441025,0.000000,,,0,1,,,,,3.905459,BIG
ga,hfvrp_n020_m04_s01,20,4,2.000000,19345,908.457636,1029.991694,2968.441025,0.000000,,,0,1,,,,,0.068008,DEFAULT
ga,hfvrp_n020_m04_s01,20,4,2.000000,19345,941.602370,1062.336882,3066.276134,0.000000,,,0,1,,,,,0.007572,SMALL
ga,hfvrp_n030_m06_s01,30,6,2.000000,1796885124679648256,1667.809675,2894.097082,7456.003839,0.000000,,,0,1,,,,,5.978958,BIG
ga,hfvrp_n030_m06_s01,30,6,2.000000,1,1826.569392,2773.664209,7373.897811,0.000000,,,0,1,,,,,0.098049,DEFAULT
ga,hfvrp_n030_m06_s01,30,6,2.000000,1,1944.414567,3602.127678,9148.669922,0.000000,,,0,1,,,,,0.012012,SMALL
ga,hfvrp_n020_m04_s05,20,4,2.000000,10,906.705230,1681.283237,4269.271704,0.000000,,,0,1,,,,,1.289441,MEDIUM
ga,hfvrp_n020_m04_s03,20,4,2.000000,100,887.090444,2051.097587,4989.285617,0.000000,,,0,1,,,,,1.306912,MEDIUM
ga,hfvrp_n020_m04_s01,20,4,2.000000,19345,911.141393,1030.842742,2972.826877,0.000000,,,0,1,,,,,1.299726,MEDIUM
ga,hfvrp_n020_m04_s04,20,4,2.000000,10,955.492083,1755.028208,4465.548498,0.000000,,,0,1,,,,,3.978493,BIG
ga,hfvrp_n020_m04_s04,20,4,2.000000,50,932.683757,1882.965226,4698.614210,0.000000,,,0,1,,,,,0.063539,DEFAULT
ga,hfvrp_n020_m04_s04,20,4,2.000000,50,1133.229733,2307.240835,5747.711403,0.000000,,,0,1,,,,,0.007503,SMALL
ga,hfvrp_n030_m06_s01,30,6,2.000000,1,1849.163209,2394.234449,6637.632107,0.000000,,,0,1,,,,,2.025098,MEDIUM
ga,hfvrp_n020_m04_s04,20,4,2.000000,50,949.757010,1755.028208,4459.813425,0.000000,,,0,1,,,,,1.301274,MEDIUM
ga,hfvrp_n020_m04_s02,20,4,2.000000,999,900.484770,1034.545686,2969.576142,0.000000,,,0,1,,,,,3.964204,BIG
ga,hfvrp_n020_m04_s02,20,4,2.000000,1234,905.236030,1057.400800,3020.037630,0.000000,,,0,1,,,,,0.064637,DEFAULT
ga,hfvrp_n020_m04_s02,20,4,2.000000,1234,884.958659,1154.956366,3194.871390,0.000000,,,0,1,,,,,0.007958,SMALL
ga,hfvrp_n020_m04_s05,20,4,2.000000,10,820.446817,1572.337633,3965.122083,0.000000,,,0,1,,,,,3.870545,BIG
ga,hfvrp_n020_m04_s02,20,4,2.000000,1234,868.765456,1055.588751,2979.942957,0.000000,,,0,1,,,,,1.309776,MEDIUM
ga,hfvrp_n020_m04_s05,20,4,2.000000,50,902.518658,1681.283237,4265.085132,0.000000,,,0,1,,,,,0.069761,DEFAULT
ga,hfvrp_n020_m04_s03,20,4,2.000000,100,812.633004,1847.720468,4508.073940,0.000000,,,0,1,,,,,3.966748,BIG
ga,hfvrp_n020_m04_s05,20,4,2.000000,50,1097.432365,1954.964688,5007.361740,0.000000,,,0,1,,,,,0.009383,SMALL
ga,hfvrp_n020_m04_s03,20,4,2.000000,200,989.910778,2051.097587,5092.105951,0.000000,,,0,1,,,,,0.069604,DEFAULT
ga,hfvrp_n020_m04_s03,20,4,2.000000,200,972.160166,2754.385870,6480.931905,0.000000,,,0,1,,,,,0.011675,SMALL
ga,hfvrp_n020_m04_s01,20,4,2.000000,19345,908.457636,1029.991694,2968.441025,0.000000,,,0,1,,,,,3.918645,BIG
ga,hfvrp_n020_m04_s01,20,4,2.000000,1796885561086795927,902.884602,1066.418373,3035.721348,0.000000,,,0,1,,,,,0.069167,DEFAULT
ga,hfvrp_n020_m04_s01,20,4,2.000000,1796885556869709092,890.694979,1312.442187,3515.579353,0.000000,,,0,1,,,,,0.011346,SMALL
ga,hfvrp_n020_m04_s05,20,4,2.000000,50,966.250482,1677.624705,4321.499893,0.000000,,,0,1,,,,,1.306499,MEDIUM
ga,hfvrp_n020_m04_s03,20,4,2.000000,200,812.633004,1847.720468,4508.073940,0.000000,,,0,1,,,,,1.312986,MEDIUM
ga,hfvrp_n020_m04_s01,20,4,2.000000,1796885569770978055,911.141393,1030.842742,2972.826877,0.000000,,,0,1,,,,,1.294475,MEDIUM
ga,hfvrp_n020_m04_s04,20,4,2.000000,50,932.683757,1882.965226,4698.614210,0.000000,,,0,1,,,,,3.911570,BIG
ga,hfvrp_n020_m04_s04,20,4,2.000000,75,997.471524,1847.583877,4692.639279,0.000000,,,0,1,,,,,0.064901,DEFAULT
ga,hfvrp_n020_m04_s04,20,4,2.000000,75,1004.220606,2311.120049,5626.460704,0.000000,,,0,1,,,,,0.011610,SMALL
ga,hfvrp_n020_m04_s04,20,4,2.000000,75,932.759489,1755.028208,4442.815904,0.000000,,,0,1,,,,,1.308251,MEDIUM
ga,hfvrp_n030_m06_s01,30,6,2.000000,1,1829.137046,2390.250260,6609.637566,0.000000,,,0,1,,,,,6.114875,BIG
ga,hfvrp_n030_m06_s01,30,6,2.000000,10,2052.217729,2484.000277,7020.218284,0.000000,,,0,1,,,,,0.100117,DEFAULT
ga,hfvrp_n030_m06_s01,30,6,2.000000,10,1960.315269,3706.377290,9373.069849,0.000000,,,0,1,,,,,0.012272,SMALL
ga,hfvrp_n020_m04_s02,20,4,2.000000,1234,827.564669,1055.588751,2938.742171,0.000000,,,0,1,,,,,3.970276,BIG
ga,hfvrp_n020_m04_s02,20,4,2.000000,9999,885.054154,1154.911373,3194.876899,0.000000,,,0,1,,,,,0.068057,DEFAULT
ga,hfvrp_n020_m04_s02,20,4,2.000000,9999,850.781578,1146.498072,3143.777723,0.000000,,,0,1,,,,,0.007743,SMALL
ga,hfvrp_n020_m04_s05,20,4,2.000000,50,924.541209,1639.926205,4204.393618,0.000000,,,0,1,,,,,3.869576,BIG
ga,hfvrp_n020_m04_s05,20,4,2.000000,75,972.928339,2078.538608,5130.005555,0.000000,,,0,1,,,,,0.070039,DEFAULT
ga,hfvrp_n020_m04_s05,20,4,2.000000,75,959.110218,2480.793501,5920.697220,0.000000,,,0,1,,,,,0.007877,SMALL
ga,hfvrp_n020_m04_s02,20,4,2.000000,9999,900.484770,1034.545686,2969.576142,0.000000,,,0,1,,,,,1.309356,MEDIUM
ga,hfvrp_n020_m04_s03,20,4,2.000000,200,857.182655,1815.865601,4488.913857,0.000000,,,0,1,,,,,3.982170,BIG
ga,hfvrp_n020_m04_s03,20,4,2.000000,999,1025.128607,2041.025648,5107.179903,0.000000,,,0,1,,,,,0.069147,DEFAULT
ga,hfvrp_n020_m04_s03,20,4,2.000000,999,879.781732,1847.720468,4575.222668,0.000000,,,0,1,,,,,0.007704,SMALL
ga,hfvrp_n020_m04_s01,20,4,2.000000,1796885549594674488,908.457636,1029.991694,2968.441025,0.000000,,,0,1,,,,,3.905403,BIG
ga,hfvrp_n030_m06_s01,30,6,2.000000,10,1781.168838,2390.250260,6561.669358,0.000000,,,0,1,,,,,2.054392,MEDIUM
ga,hfvrp_n030_m06_s02,30,6,2.000000,1796884703295798143,1432.518952,2814.126189,7060.771330,0.000000,,,0,1,,,,,0.098790,DEFAULT
ga,hfvrp_n030_m06_s02,30,6,2.000000,1796884699103402073,1620.281899,3388.430587,8397.143073,0.000000,,,0,1,,,,,0.011821,SMALL
ga,hfvrp_n020_m04_s05,20,4,2.000000,75,902.518658,1681.283237,4265.085132,0.000000,,,0,1,,,,,1.302434,MEDIUM
ga,hfvrp_n020_m04_s03,20,4,2.000000,999,857.182655,1815.865601,4488.913857,0.000000,,,0,1,,,,,1.321323,MEDIUM
ga,hfvrp_n020_m04_s04,20,4,2.000000,75,932.683757,1882.965226,4698.614210,0.000000,,,0,1,,,,,3.948266,BIG
ga,hfvrp_n020_m04_s04,20,4,2.000000,100,1082.342321,1893.074794,4868.491909,0.000000,,,0,1,,,,,0.070293,DEFAULT
ga,hfvrp_n020_m04_s04,20,4,2.000000,100,1066.173129,2240.123040,5546.419208,0.000000,,,0,1,,,,,0.008180,SMALL
ga,hfvrp_n030_m06_s02,30,6,2.000000,1796884694828635137,1438.157843,2102.983040,5644.123923,0.000000,,,0,1,,,,,2.015613,MEDIUM
ga,hfvrp_n020_m04_s04,20,4,2.000000,100,934.598593,1829.150073,4592.898739,0.000000,,,0,1,,,,,1.306724,MEDIUM
ga,hfvrp_n020_m04_s02,20,4,2.000000,9999,900.484770,1034.545686,2969.576142,0.000000,,,0,1,,,,,3.958852,BIG
ga,hfvrp_n020_m04_s02,20,4,2.000000,19345,1071.195226,1258.490346,3588.175918,0.000000,,,0,1,,,,,0.067104,DEFAULT
ga,hfvrp_n020_m04_s02,20,4,2.000000,19345,929.969340,1302.312116,3534.593572,0.000000,,,0,1,,,,,0.012875,SMALL
ga,hfvrp_n020_m04_s05,20,4,2.000000,75,902.518658,1681.283237,4265.085132,0.000000,,,0,1,,,,,3.876269,BIG
ga,hfvrp_n020_m04_s05,20,4,2.000000,100,996.008417,2099.885904,5195.780224,0.000000,,,0,1,,,,,0.069251,DEFAULT
ga,hfvrp_n020_m04_s05,20,4,2.000000,100,1061.206444,2303.051661,5667.309766,0.000000,,,0,1,,,,,0.007391,SMALL
ga,hfvrp_n020_m04_s02,20,4,2.000000,19345,906.946440,1055.588751,3018.123941,0.000000,,,0,1,,,,,1.291682,MEDIUM
ga,hfvrp_n020_m04_s03,20,4,2.000000,999,812.633004,1847.720468,4508.073940,0.000000,,,0,1,,,,,3.957777,BIG
ga,hfvrp_n020_m04_s03,20,4,2.000000,1234,810.706636,1849.782569,4510.271775,0.000000,,,0,1,,,,,0.068221,DEFAULT
ga,hfvrp_n020_m04_s03,20,4,2.000000,1234,885.868064,2299.600327,5485.068717,0.000000,,,0,1,,,,,0.013315,SMALL
ga,hfvrp_n020_m04_s05,20,4,2.000000,100,832.877971,2088.261459,5009.400890,0.000000,,,0,1,,,,,1.307281,MEDIUM
ga,hfvrp_n030_m06_s01,30,6,2.000000,10,1781.929028,2390.250260,6562.429548,0.000000,,,0,1,,,,,6.117676,BIG
ga,hfvrp_n020_m04_s03,20,4,2.000000,1234,892.849124,2051.097587,4995.044297,0.000000,,,0,1,,,,,1.294041,MEDIUM
ga,hfvrp_n030_m06_s01,30,6,2.000000,50,1794.561647,2924.993806,7644.549259,0.000000,,,0,1,,,,,0.102488,DEFAULT
ga,hfvrp_n030_m06_s01,30,6,2.000000,50,2241.599990,2763.505784,7768.611559,0.000000,,,0,1,,,,,0.017748,SMALL
ga,hfvrp_n020_m04_s04,20,4,2.000000,100,949.757010,1755.028208,4459.813425,0.000000,,,0,1,,,,,3.981230,BIG
ga,hfvrp_n020_m04_s04,20,4,2.000000,200,932.683757,1882.965226,4698.614210,0.000000,,,0,1,,,,,0.068417,DEFAULT
ga,hfvrp_n020_m04_s04,20,4,2.000000,200,1062.039078,2219.176166,5500.391411,0.000000,,,0,1,,,,,0.007230,SMALL
ga,hfvrp_n020_m04_s04,20,4,2.000000,200,954.066833,1755.028208,4464.123249,0.000000,,,0,1,,,,,1.305876,MEDIUM
ga,hfvrp_n030_m06_s02,30,6,2.000000,1796884722623043698,1529.141245,1915.758309,5360.657862,0.000000,,,0,1,,,,,6.172744,BIG
ga,hfvrp_n030_m06_s01,30,6,2.000000,50,1715.867235,2394.261218,6504.389671,0.000000,,,0,1,,,,,2.058649,MEDIUM
ga,hfvrp_n030_m06_s02,30,6,2.000000,1,1213.918604,2285.438848,5784.796300,0.000000,,,0,1,,,,,0.102228,DEFAULT
ga,hfvrp_n030_m06_s02,30,6,2.000000,1,1832.896571,2677.627684,7188.151939,0.000000,,,0,1,,,,,0.013716,SMALL
ga,hfvrp_n020_m04_s02,20,4,2.000000,19345,925.622156,1034.545686,2994.713528,0.000000,,,0,1,,,,,3.906668,BIG
ga,hfvrp_n020_m04_s02,20,4,2.000000,1796884931036877032,849.349176,1164.595691,3178.540558,0.000000,,,0,1,,,,,0.068107,DEFAULT
ga,hfvrp_n020_m04_s02,20,4,2.000000,1796884926818195040,1050.590191,1355.308315,3761.206821,0.000000,,,0,1,,,,,0.011132,SMALL
ga,hfvrp_n020_m04_s05,20,4,2.000000,100,936.734743,1974.219651,4885.174044,0.000000,,,0,1,,,,,3.898561,BIG
ga,hfvrp_n020_m04_s05,20,4,2.000000,200,1062.536816,1635.105444,4332.747704,0.000000,,,0,1,,,,,0.068375,DEFAULT
ga,hfvrp_n020_m04_s05,20,4,2.000000,200,912.658588,2164.711072,5242.080732,0.000000,,,0,1,,,,,0.013531,SMALL
ga,hfvrp_n020_m04_s02,20,4,2.000000,1796884939718526473,868.765456,1055.588751,2979.942957,0.000000,,,0,1,,,,,1.309260,MEDIUM
ga,hfvrp_n020_m04_s03,20,4,2.000000,1234,812.633004,1847.720468,4508.073940,0.000000,,,0,1,,,,,3.972610,BIG
ga,hfvrp_n020_m04_s03,20,4,2.000000,9999,832.217561,1849.782569,4531.782700,0.000000,,,0,1,,,,,0.068037,DEFAULT
ga,hfvrp_n020_m04_s03,20,4,2.000000,9999,1018.302618,1847.720468,4713.743554,0.000000,,,0,1,,,,,0.007442,SMALL
ga,hfvrp_n030_m06_s02,30,6,2.000000,1,1874.333499,2090.237634,6054.808767,0.000000,,,0,1,,,,,2.018488,MEDIUM
ga,hfvrp_n020_m04_s05,20,4,2.000000,200,820.446817,1572.337633,3965.122083,0.000000,,,0,1,,,,,1.292670,MEDIUM
ga,hfvrp_n020_m04_s03,20,4,2.000000,9999,812.633004,1847.720468,4508.073940,0.000000,,,0,1,,,,,1.312315,MEDIUM
ga,hfvrp_n020_m04_s04,20,4,2.000000,200,949.757010,1755.028208,4459.813425,0.000000,,,0,1,,,,,3.930994,BIG
ga,hfvrp_n020_m04_s04,20,4,2.000000,999,932.683757,1882.965226,4698.614210,0.000000,,,0,1,,,,,0.070249,DEFAULT
ga,hfvrp_n020_m04_s04,20,4,2.000000,999,1267.004532,2274.310797,5815.626127,0.000000,,,0,1,,,,,0.008068,SMALL
ga,hfvrp_n020_m04_s04,20,4,2.000000,999,968.460065,1755.028208,4478.516481,0.000000,,,0,1,,,,,1.310779,MEDIUM
ga,hfvrp_n020_m04_s02,20,4,2.000000,1796885044115068878,827.564669,1055.588751,2938.742171,0.000000,,,0,1,,,,,3.883846,BIG
ga,hfvrp_n030_m06_s03,30,6,2.000000,1796884086059608432,1794.590690,1526.252428,4847.095546,0.000000,,,0,1,,,,,0.102487,DEFAULT
ga,hfvrp_n030_m06_s03,30,6,2.000000,1796884090460869875,2287.474523,2066.688830,6420.852184,0.000000,,,0,1,,,,,0.013572,SMALL
ga,hfvrp_n030_m06_s01,30,6,2.000000,50,1664.900484,2718.605426,7102.111336,0.000000,,,0,1,,,,,6.047303,BIG
ga,hfvrp_n030_m06_s01,30,6,2.000000,75,1748.934244,2529.238371,6807.410986,0.000000,,,0,1,,,,,0.104984,DEFAULT
ga,hfvrp_n030_m06_s01,30,6,2.000000,75,2106.525686,3501.104831,9108.735347,0.000000,,,0,1,,,,,0.013669,SMALL
ga,hfvrp_n020_m04_s05,20,4,2.000000,200,1036.049180,1606.145697,4248.340573,0.000000,,,0,1,,,,,3.950428,BIG
ga,hfvrp_n020_m04_s05,20,4,2.000000,999,899.392766,1778.480967,4456.354701,0.000000,,,0,1,,,,,0.068636,DEFAULT
ga,hfvrp_n020_m04_s05,20,4,2.000000,999,782.983418,2224.099552,5231.182523,0.000000,,,0,1,,,,,0.008025,SMALL
ga,hfvrp_n020_m04_s03,20,4,2.000000,9999,812.633004,1847.720468,4508.073940,0.000000,,,0,1,,,,,3.992373,BIG
ga,hfvrp_n020_m04_s03,20,4,2.000000,19345,989.910778,2051.097587,5092.105951,0.000000,,,0,1,,,,,0.063016,DEFAULT
ga,hfvrp_n020_m04_s03,20,4,2.000000,19345,971.210144,2720.746062,6412.702268,0.000000,,,0,1,,,,,0.012028,SMALL
ga,hfvrp_n030_m06_s03,30,6,2.000000,1796884077593132339,1613.898091,1626.999070,4867.896232,0.000000,,,0,1,,,,,1.975855,MEDIUM
ga,hfvrp_n030_m06_s01,30,6,2.000000,75,1921.106905,2390.250260,6701.607425,0.000000,,,0,1,,,,,2.035818,MEDIUM
ga,hfvrp_n030_m06_s02,30,6,2.000000,1,1405.850284,2257.516444,5920.883173,0.000000,,,0,1,,,,,6.036701,BIG
ga,hfvrp_n020_m04_s05,20,4,2.000000,999,832.877971,2088.261459,5009.400890,0.000000,,,0,1,,,,,1.330858,MEDIUM
ga,hfvrp_n030_m06_s02,30,6,2.000000,10,1576.029724,2718.600572,7013.230867,0.000000,,,0,1,,,,,0.100516,DEFAULT
ga,hfvrp_n030_m06_s02,30,6,2.000000,10,2088.202870,3089.339322,8266.881515,0.000000,,,0,1,,,,,0.013023,SMALL
ga,hfvrp_n020_m04_s03,20,4,2.000000,19345,892.849124,2051.097587,4995.044297,0.000000,,,0,1,,,,,1.307633,MEDIUM
ga,hfvrp_n020_m04_s04,20,4,2.000000,999,932.683757,1882.965226,4698.614210,0.000000,,,0,1,,,,,3.953186,BIG
ga,hfvrp_n020_m04_s04,20,4,2.000000,1234,925.978851,1752.015268,4430.009387,0.000000,,,0,1,,,,,0.067655,DEFAULT
ga,hfvrp_n020_m04_s04,20,4,2.000000,1234,993.630086,1882.965226,4759.560538,0.000000,,,0,1,,,,,0.011802,SMALL
ga,hfvrp_n030_m06_s02,30,6,2.000000,10,1562.254018,2336.893692,6236.041402,0.000000,,,0,1,,,,,2.004785,MEDIUM
ga,hfvrp_n020_m04_s04,20,4,2.000000,1234,915.116981,1702.666354,4320.449690,0.000000,,,0,1,,,,,1.299182,MEDIUM
ga,hfvrp_n020_m04_s05,20,4,2.000000,999,936.734743,1974.219651,4885.174044,0.000000,,,0,1,,,,,3.905538,BIG
ga,hfvrp_n020_m04_s05,20,4,2.000000,1234,770.782865,2172.484091,5115.751047,0.000000,,,0,1,,,,,0.066757,DEFAULT
ga,hfvrp_n020_m04_s05,20,4,2.000000,1234,1009.869392,2339.315446,5688.500283,0.000000,,,0,1,,,,,0.007899,SMALL
ga,hfvrp_n020_m04_s03,20,4,2.000000,19345,812.633004,1847.720468,4508.073940,0.000000,,,0,1,,,,,3.946457,BIG
ga,hfvrp_n020_m04_s03,20,4,2.000000,1796884234782395139,812.633004,1847.720468,4508.073940,0.000000,,,0,1,,,,,0.068521,DEFAULT
ga,hfvrp_n020_m04_s03,20,4,2.000000,1796884264923809666,957.782856,2797.557484,6552.897825,0.000000,,,0,1,,,,,0.011406,SMALL
ga,hfvrp_n020_m04_s05,20,4,2.000000,1234,936.734743,1974.219651,4885.174044,0.000000,,,0,1,,,,,1.307236,MEDIUM
ga,hfvrp_n030_m06_s03,30,6,2.000000,1796884122527359730,1550.856165,1634.259387,4819.374939,0.000000,,,0,1,,,,,6.027679,BIG
ga,hfvrp_n030_m06_s03,30,6,2.000000,1,1854.629925,1882.994488,5620.618900,0.000000,,,0,1,,,,,0.100525,DEFAULT
ga,hfvrp_n030_m06_s03,30,6,2.000000,1,1922.939431,2180.470565,6283.880561,0.000000,,,0,1,,,,,0.011782,SMALL
ga,hfvrp_n020_m04_s03,20,4,2.000000,1796884260645476775,812.633004,1847.720468,4508.073940,0.000000,,,0,1,,,,,1.318564,MEDIUM
ga,hfvrp_n030_m06_s01,30,6,2.000000,75,1742.805234,2394.532833,6531.870900,0.000000,,,0,1,,,,,6.227585,BIG
ga,hfvrp_n020_m04_s04,20,4,2.000000,1234,949.757010,1755.028208,4459.813425,0.000000,,,0,1,,,,,3.933404,BIG
ga,hfvrp_n030_m06_s01,30,6,2.000000,100,1894.577539,2748.109384,7390.796307,0.000000,,,0,1,,,,,0.105898,DEFAULT
ga,hfvrp_n030_m06_s01,30,6,2.000000,100,2115.190195,3513.462091,9142.114377,0.000000,,,0,1,,,,,0.013014,SMALL
ga,hfvrp_n020_m04_s04,20,4,2.000000,9999,953.254706,1977.354928,4907.964561,0.000000,,,0,1,,,,,0.073119,DEFAULT
ga,hfvrp_n020_m04_s04,20,4,2.000000,9999,1149.072526,2016.473276,5182.019077,0.000000,,,0,1,,,,,0.007576,SMALL
ga,hfvrp_n030_m06_s03,30,6,2.000000,1,1467.190250,1616.424526,4700.039302,0.000000,,,0,1,,,,,1.965292,MEDIUM
ga,hfvrp_n020_m04_s04,20,4,2.000000,9999,949.757010,1755.028208,4459.813425,0.000000,,,0,1,,,,,1.306627,MEDIUM
ga,hfvrp_n030_m06_s02,30,6,2.000000,10,1544.691652,2018.981558,5582.654767,0.000000,,,0,1,,,,,6.121640,BIG
ga,hfvrp_n030_m06_s01,30,6,2.000000,100,1759.890029,2647.501215,7054.892460,0.000000,,,0,1,,,,,2.018098,MEDIUM
ga,hfvrp_n030_m06_s02,30,6,2.000000,50,1702.687015,2518.338214,6739.363443,0.000000,,,0,1,,,,,0.100129,DEFAULT
ga,hfvrp_n030_m06_s02,30,6,2.000000,50,1802.734159,3605.139130,9013.012419,0.000000,,,0,1,,,,,0.015629,SMALL
ga,hfvrp_n020_m04_s05,20,4,2.000000,1234,902.518658,1681.283237,4265.085132,0.000000,,,0,1,,,,,3.919826,BIG
ga,hfvrp_n020_m04_s05,20,4,2.000000,9999,1009.747200,2035.364466,5080.476133,0.000000,,,0,1,,,,,0.066386,DEFAULT
ga,hfvrp_n020_m04_s05,20,4,2.000000,9999,1075.204017,2301.216994,5677.638004,0.000000,,,0,1,,,,,0.008156,SMALL
ga,hfvrp_n020_m04_s03,20,4,2.000000,1796884343571977344,857.182655,1815.865601,4488.913857,0.000000,,,0,1,,,,,3.901551,BIG
ga,hfvrp_n030_m06_s04,30,6,2.000000,1796884566689848755,1480.016546,1892.652866,5265.322278,0.000000,,,0,1,,,,,0.096550,DEFAULT
ga,hfvrp_n030_m06_s04,30,6,2.000000,1796884545315166753,1822.645469,1847.940194,5518.525858,0.000000,,,0,1,,,,,0.012318,SMALL
ga,hfvrp_n030_m06_s02,30,6,2.000000,50,1354.398980,2246.158100,5846.715181,0.000000,,,0,1,,,,,1.981906,MEDIUM
ga,hfvrp_n020_m04_s05,20,4,2.000000,9999,902.518658,1681.283237,4265.085132,0.000000,,,0,1,,,,,1.294104,MEDIUM
ga,hfvrp_n020_m04_s04,20,4,2.000000,9999,934.099256,1757.960121,4450.019498,0.000000,,,0,1,,,,,3.962698,BIG
ga,hfvrp_n020_m04_s04,20,4,2.000000,19345,942.865222,2145.539795,5233.944813,0.000000,,,0,1,,,,,0.066718,DEFAULT
ga,hfvrp_n020_m04_s04,20,4,2.000000,19345,1064.148872,1997.923436,5059.995744,0.000000,,,0,1,,,,,0.009308,SMALL
ga,hfvrp_n030_m06_s04,30,6,2.000000,1796884541041025770,1425.596990,1793.957488,5013.511965,0.000000,,,0,1,,,,,1.967503,MEDIUM
ga,hfvrp_n020_m04_s04,20,4,2.000000,19345,932.683757,1882.965226,4698.614210,0.000000,,,0,1,,,,,1.308896,MEDIUM
ga,hfvrp_n030_m06_s03,30,6,2.000000,1,1581.720698,1264.937233,4111.595164,0.000000,,,0,1,,,,,6.066792,BIG
ga,hfvrp_n030_m06_s03,30,6,2.000000,10,1781.200183,1794.153820,5369.507823,0.000000,,,0,1,,,,,0.103278,DEFAULT
ga,hfvrp_n030_m06_s03,30,6,2.000000,10,1788.714403,2158.675346,6106.065095,0.000000,,,0,1,,,,,0.012647,SMALL
ga,hfvrp_n030_m06_s01,30,6,2.000000,100,1763.946465,2355.697739,6475.341943,0.000000,,,0,1,,,,,6.102202,BIG
ga,hfvrp_n020_m04_s05,20,4,2.000000,9999,820.446817,1572.337633,3965.122083,0.000000,,,0,1,,,,,3.893839,BIG
ga,hfvrp_n020_m04_s05,20,4,2.000000,19345,879.513339,1738.595705,4356.704750,0.000000,,,0,1,,,,,0.069689,DEFAULT
ga,hfvrp_n020_m04_s05,20,4,2.000000,19345,994.548597,2323.623276,5641.795148,0.000000,,,0,1,,,,,0.012197,SMALL
ga,hfvrp_n030_m06_s01,30,6,2.000000,200,1879.630063,2511.863066,6903.356194,0.000000,,,0,1,,,,,0.104567,DEFAULT
ga,hfvrp_n030_m06_s01,30,6,2.000000,200,1841.195790,3096.033619,8033.263028,0.000000,,,0,1,,,,,0.013142,SMALL
ga,hfvrp_n020_m04_s05,20,4,2.000000,19345,966.250482,1677.624705,4321.499893,0.000000,,,0,1,,,,,1.314638,MEDIUM
ga,hfvrp_n030_m06_s03,30,6,2.000000,10,1844.703313,1623.854491,5092.412295,0.000000,,,0,1,,,,,2.017866,MEDIUM
ga,hfvrp_n030_m06_s02,30,6,2.000000,50,1463.450649,2244.823768,5953.098185,0.000000,,,0,1,,,,,6.095898,BIG
ga,hfvrp_n030_m06_s01,30,6,2.000000,200,1977.667076,2464.101487,6905.870050,0.000000,,,0,1,,,,,1.997008,MEDIUM
ga,hfvrp_n030_m06_s02,30,6,2.000000,75,1579.320616,3005.008639,7589.337894,0.000000,,,0,1,,,,,0.098137,DEFAULT
ga,hfvrp_n030_m06_s02,30,6,2.000000,75,1783.877209,3324.695971,8433.269152,0.000000,,,0,1,,,,,0.011842,SMALL
ga,hfvrp_n020_m04_s04,20,4,2.000000,19345,949.757010,1755.028208,4459.813425,0.000000,,,0,1,,,,,3.926365,BIG
ga,hfvrp_n020_m04_s04,20,4,2.000000,1796883659193658424,949.757010,1755.028208,4459.813425,0.000000,,,0,1,,,,,0.068801,DEFAULT
ga,hfvrp_n020_m04_s04,20,4,2.000000,1796883663561174669,1114.800637,1985.115076,5085.030790,0.000000,,,0,1,,,,,0.007687,SMALL
ga,hfvrp_n030_m06_s04,30,6,2.000000,1796884517247370320,1509.440008,1730.140215,4969.720437,0.000000,,,0,1,,,,,6.028581,BIG
ga,hfvrp_n030_m06_s04,30,6,2.000000,1,1575.027098,1813.249029,5201.525155,0.000000,,,0,1,,,,,0.097160,DEFAULT
ga,hfvrp_n030_m06_s04,30,6,2.000000,1,1630.922444,1800.485222,5231.892888,0.000000,,,0,1,,,,,0.011649,SMALL
ga,hfvrp_n020_m04_s04,20,4,2.000000,1796883650687688881,932.683757,1882.965226,4698.614210,0.000000,,,0,1,,,,,1.294488,MEDIUM
ga,hfvrp_n030_m06_s02,30,6,2.000000,75,1499.952440,2162.299344,5824.551129,0.000000,,,0,1,,,,,2.002103,MEDIUM
ga,hfvrp_n020_m04_s05,20,4,2.000000,19345,986.750251,2031.907526,5050.565303,0.000000,,,0,1,,,,,3.882565,BIG
ga,hfvrp_n020_m04_s05,20,4,2.000000,1796883730720944990,770.782865,2172.484091,5115.751047,0.000000,,,0,1,,,,,0.070260,DEFAULT
ga,hfvrp_n020_m04_s05,20,4,2.000000,1796883726500296585,917.997323,2241.951374,5401.900070,0.000000,,,0,1,,,,,0.007864,SMALL
ga,hfvrp_n030_m06_s04,30,6,2.000000,1,1470.728795,1751.842325,4974.413445,0.000000,,,0,1,,,,,1.984928,MEDIUM
ga,hfvrp_n020_m04_s05,20,4,2.000000,1796883722217083984,923.729998,1681.283237,4286.296473,0.000000,,,0,1,,,,,1.285072,MEDIUM
ga,hfvrp_n030_m06_s03,30,6,2.000000,10,1659.875335,1618.437518,4896.750371,0.000000,,,0,1,,,,,6.055991,BIG
ga,hfvrp_n030_m06_s03,30,6,2.000000,50,1821.737211,1946.607083,5714.951378,0.000000,,,0,1,,,,,0.099642,DEFAULT
ga,hfvrp_n030_m06_s03,30,6,2.000000,50,2047.843518,1959.543384,5966.930285,0.000000,,,0,1,,,,,0.012833,SMALL
ga,hfvrp_n020_m04_s04,20,4,2.000000,1796883617626487693,949.757010,1755.028208,4459.813425,0.000000,,,0,1,,,,,3.951106,BIG
ga,hfvrp_n030_m06_s05,30,6,2.000000,1796883879427111041,1720.340282,1626.631158,4973.602599,0.000000,,,0,1,,,,,0.104159,DEFAULT
ga,hfvrp_n030_m06_s05,30,6,2.000000,1796883883834809943,1873.993757,3191.946527,8257.886811,0.000000,,,0,1,,,,,0.016735,SMALL
ga,hfvrp_n030_m06_s01,30,6,2.000000,200,1742.805234,2394.532833,6531.870900,0.000000,,,0,1,,,,,6.149306,BIG
ga,hfvrp_n030_m06_s01,30,6,2.000000,999,1883.799302,2776.289532,7436.378367,0.000000,,,0,1,,,,,0.102249,DEFAULT
ga,hfvrp_n030_m06_s01,30,6,2.000000,999,2174.051055,2827.287243,7828.625541,0.000000,,,0,1,,,,,0.012674,SMALL
ga,hfvrp_n030_m06_s03,30,6,2.000000,50,1623.818389,1674.011919,4971.842228,0.000000,,,0,1,,,,,1.974910,MEDIUM
ga,hfvrp_n030_m06_s05,30,6,2.000000,1796883750711159432,1735.525265,1622.128053,4979.781371,0.000000,,,0,1,,,,,2.040103,MEDIUM
ga,hfvrp_n030_m06_s02,30,6,2.000000,75,1508.675911,2072.550728,5653.777367,0.000000,,,0,1,,,,,6.118160,BIG
ga,hfvrp_n030_m06_s01,30,6,2.000000,999,2013.087619,2673.869867,7360.827353,0.000000,,,0,1,,,,,2.013234,MEDIUM
ga,hfvrp_n020_m04_s05,20,4,2.000000,1796883714916651883,820.446817,1572.337633,3965.122083,0.000000,,,0,1,,,,,3.894773,BIG
ga,hfvrp_n030_m06_s02,30,6,2.000000,100,1384.274846,2260.180489,5904.635824,0.000000,,,0,1,,,,,0.099384,DEFAULT
ga,hfvrp_n030_m06_s02,30,6,2.000000,100,2065.700366,2663.272109,7392.244584,0.000000,,,0,1,,,,,0.012992,SMALL
ga,hfvrp_n030_m06_s04,30,6,2.000000,1,1513.758284,1726.815348,4967.388981,0.000000,,,0,1,,,,,6.020254,BIG
ga,hfvrp_n050_m10_s01,50,10,2.000000,1796884016104145899,3415.695185,4979.652625,13375.000435,0.000000,,,0,1,,,,,0.173713,DEFAULT
ga,hfvrp_n050_m10_s01,50,10,2.000000,1796883908911639528,4207.913432,7239.233124,18686.379680,0.000000,,,0,1,,,,,0.028308,SMALL
ga,hfvrp_n030_m06_s04,30,6,2.000000,10,1795.012399,1729.980317,5254.973032,0.000000,,,0,1,,,,,0.100672,DEFAULT
ga,hfvrp_n030_m06_s04,30,6,2.000000,10,1879.070456,1887.144553,5653.359561,0.000000,,,0,1,,,,,0.017404,SMALL
ga,hfvrp_n030_m06_s02,30,6,2.000000,100,1412.108754,2061.361195,5534.831144,0.000000,,,0,1,,,,,2.022709,MEDIUM
ga,hfvrp_n030_m06_s04,30,6,2.000000,10,1529.143207,1740.056862,5009.256932,0.000000,,,0,1,,,,,1.989009,MEDIUM
ga,hfvrp_n050_m10_s01,50,10,2.000000,1796883917533718307,3092.027247,4253.554712,11599.136671,0.000000,,,0,1,,,,,3.427941,MEDIUM
ga,hfvrp_n030_m06_s03,30,6,2.000000,50,1607.956089,1664.230841,4936.417771,0.000000,,,0,1,,,,,5.908505,BIG
ga,hfvrp_n030_m06_s03,30,6,2.000000,75,1704.634977,1790.961042,5286.557062,0.000000,,,0,1,,,,,0.104035,DEFAULT
ga,hfvrp_n030_m06_s03,30,6,2.000000,75,2136.152828,1868.893323,5873.939474,0.000000,,,0,1,,,,,0.013008,SMALL
ga,hfvrp_n030_m06_s05,30,6,2.000000,1796883791409919711,1685.760898,1486.533875,4658.828648,0.000000,,,0,1,,,,,6.198796,BIG
ga,hfvrp_n030_m06_s05,30,6,2.000000,1,1863.356686,2274.116286,6411.589258,0.000000,,,0,1,,,,,0.101952,DEFAULT
ga,hfvrp_n030_m06_s05,30,6,2.000000,1,1638.820568,2723.649873,7086.120313,0.000000,,,0,1,,,,,0.012497,SMALL
ga,hfvrp_n030_m06_s01,30,6,2.000000,999,1785.787225,2394.532833,6574.852891,0.000000,,,0,1,,,,,6.172549,BIG
ga,hfvrp_n030_m06_s01,30,6,2.000000,1234,1881.159468,2390.250260,6661.659988,0.000000,,,0,1,,,,,0.104425,DEFAULT
ga,hfvrp_n030_m06_s01,30,6,2.000000,1234,2177.923255,2865.262666,7908.448586,0.000000,,,0,1,,,,,0.013945,SMALL
ga,hfvrp_n030_m06_s03,30,6,2.000000,75,1811.730577,1472.978349,4757.687274,0.000000,,,0,1,,,,,1.978850,MEDIUM
ga,hfvrp_n030_m06_s05,30,6,2.000000,1,1944.189936,1704.953559,5354.097055,0.000000,,,0,1,,,,,2.034425,MEDIUM
ga,hfvrp_n030_m06_s01,30,6,2.000000,1234,1842.967571,2457.636482,6758.240536,0.000000,,,0,1,,,,,2.034958,MEDIUM
ga,hfvrp_n030_m06_s02,30,6,2.000000,100,1540.689266,2034.543301,5609.775868,0.000000,,,0,1,,,,,6.154317,BIG
ga,hfvrp_n030_m06_s02,30,6,2.000000,200,1591.454567,2170.704618,5932.863803,0.000000,,,0,1,,,,,0.101355,DEFAULT
ga,hfvrp_n030_m06_s02,30,6,2.000000,200,1832.415245,2514.946976,6862.309197,0.000000,,,0,1,,,,,0.013554,SMALL
ga,hfvrp_n030_m06_s04,30,6,2.000000,10,1455.353559,1806.162605,5067.678769,0.000000,,,0,1,,,,,6.063887,BIG
ga,hfvrp_n030_m06_s04,30,6,2.000000,50,1619.530606,1769.274144,5158.078894,0.000000,,,0,1,,,,,0.099356,DEFAULT
ga,hfvrp_n030_m06_s04,30,6,2.000000,50,1820.778071,1832.830431,5486.438933,0.000000,,,0,1,,,,,0.014372,SMALL
ga,hfvrp_n030_m06_s02,30,6,2.000000,200,1551.001350,2356.518411,6264.038171,0.000000,,,0,1,,,,,1.990048,MEDIUM
ga,hfvrp_n030_m06_s04,30,6,2.000000,50,1432.411881,1804.015790,5040.443461,0.000000,,,0,1,,,,,1.977453,MEDIUM
ga,hfvrp_n030_m06_s03,30,6,2.000000,75,1547.814595,1547.354393,4642.523380,0.000000,,,0,1,,,,,6.004743,BIG
ga,hfvrp_n030_m06_s03,30,6,2.000000,100,1882.402397,1846.821558,5576.045514,0.000000,,,0,1,,,,,0.099112,DEFAULT
ga,hfvrp_n030_m06_s03,30,6,2.000000,100,1850.192729,1936.768642,5723.730014,0.000000,,,0,1,,,,,0.012546,SMALL
ga,hfvrp_n030_m06_s05,30,6,2.000000,1,1655.491299,1470.918268,4597.327835,0.000000,,,0,1,,,,,6.127941,BIG
ga,hfvrp_n030_m06_s01,30,6,2.000000,1234,1690.749060,2704.961038,7100.671136,0.000000,,,0,1,,,,,6.017604,BIG
ga,hfvrp_n030_m06_s05,30,6,2.000000,10,1761.813782,1942.083883,5645.981548,0.000000,,,0,1,,,,,0.104477,DEFAULT
ga,hfvrp_n030_m06_s05,30,6,2.000000,10,1870.741306,2259.691896,6390.125099,0.000000,,,0,1,,,,,0.012709,SMALL
ga,hfvrp_n030_m06_s01,30,6,2.000000,9999,1772.851837,2518.323434,6809.498704,0.000000,,,0,1,,,,,0.101605,DEFAULT
ga,hfvrp_n030_m06_s01,30,6,2.000000,9999,2128.501961,3822.248470,9772.998901,0.000000,,,0,1,,,,,0.012447,SMALL
ga,hfvrp_n050_m10_s01,50,10,2.000000,1796883933855543205,3426.030565,3908.035005,11242.100576,0.000000,,,0,1,,,,,10.574248,BIG
ga,hfvrp_n030_m06_s03,30,6,2.000000,100,1558.740886,1603.119575,4764.980037,0.000000,,,0,1,,,,,1.973216,MEDIUM
ga,hfvrp_n050_m10_s01,50,10,2.000000,1,3627.184648,5564.908324,14757.001295,0.000000,,,0,1,,,,,0.181201,DEFAULT
ga,hfvrp_n050_m10_s01,50,10,2.000000,1,4299.622199,8300.889526,20901.401252,0.000000,,,0,1,,,,,0.024253,SMALL
ga,hfvrp_n030_m06_s05,30,6,2.000000,10,1688.673031,1583.783744,4856.240518,0.000000,,,0,1,,,,,2.040537,MEDIUM
ga,hfvrp_n030_m06_s01,30,6,2.000000,9999,1742.805234,2394.532833,6531.870900,0.000000,,,0,1,,,,,2.087305,MEDIUM
ga,hfvrp_n030_m06_s02,30,6,2.000000,200,1376.467189,2068.452554,5513.372298,0.000000,,,0,1,,,,,6.078213,BIG
ga,hfvrp_n030_m06_s02,30,6,2.000000,999,1534.384810,2746.481603,7027.348015,0.000000,,,0,1,,,,,0.104046,DEFAULT
ga,hfvrp_n030_m06_s02,30,6,2.000000,999,1612.673690,3535.228355,8683.130400,0.000000,,,0,1,,,,,0.015957,SMALL
ga,hfvrp_n030_m06_s04,30,6,2.000000,50,1590.324454,1639.013660,4868.351773,0.000000,,,0,1,,,,,6.011673,BIG
ga,hfvrp_n030_m06_s04,30,6,2.000000,75,1517.189519,1806.162605,5129.514728,0.000000,,,0,1,,,,,0.097167,DEFAULT
ga,hfvrp_n030_m06_s04,30,6,2.000000,75,1912.514837,1924.667269,5761.849374,0.000000,,,0,1,,,,,0.012286,SMALL
ga,hfvrp_n030_m06_s02,30,6,2.000000,999,1507.655919,1981.752868,5471.161655,0.000000,,,0,1,,,,,2.007796,MEDIUM
ga,hfvrp_n050_m10_s01,50,10,2.000000,1,3481.545338,5041.734492,13565.014323,0.000000,,,0,1,,,,,3.417604,MEDIUM
ga,hfvrp_n030_m06_s04,30,6,2.000000,75,1557.655622,1756.122505,5069.900631,0.000000,,,0,1,,,,,2.006554,MEDIUM
ga,hfvrp_n030_m06_s03,30,6,2.000000,100,1564.185846,1634.259387,4832.704620,0.000000,,,0,1,,,,,5.979338,BIG
ga,hfvrp_n030_m06_s03,30,6,2.000000,200,1766.272132,1684.039406,5134.350944,0.000000,,,0,1,,,,,0.105474,DEFAULT
ga,hfvrp_n030_m06_s03,30,6,2.000000,200,1888.223917,2043.782986,5975.789890,0.000000,,,0,1,,,,,0.017168,SMALL
ga,hfvrp_n030_m06_s01,30,6,2.000000,9999,1742.805234,2394.532833,6531.870900,0.000000,,,0,1,,,,,6.096976,BIG
ga,hfvrp_n030_m06_s05,30,6,2.000000,10,1682.763765,1470.741287,4624.246339,0.000000,,,0,1,,,,,6.319664,BIG
ga,hfvrp_n030_m06_s01,30,6,2.000000,19345,1655.700466,3084.664762,7825.029990,0.000000,,,0,1,,,,,0.105993,DEFAULT
ga,hfvrp_n030_m06_s01,30,6,2.000000,19345,2115.011645,2872.286378,7859.584401,0.000000,,,0,1,,,,,0.012280,SMALL
ga,hfvrp_n030_m06_s05,30,6,2.000000,50,1653.654722,1680.901353,5015.457427,0.000000,,,0,1,,,,,0.105323,DEFAULT
ga,hfvrp_n030_m06_s05,30,6,2.000000,50,2002.175396,2959.992487,7922.160370,0.000000,,,0,1,,,,,0.016429,SMALL
ga,hfvrp_n030_m06_s03,30,6,2.000000,200,1770.878180,1625.779447,5022.437075,0.000000,,,0,1,,,,,1.986244,MEDIUM
ga,hfvrp_n030_m06_s05,30,6,2.000000,50,1706.884182,1488.478218,4683.840618,0.000000,,,0,1,,,,,2.011798,MEDIUM
ga,hfvrp_n030_m06_s02,30,6,2.000000,999,1407.628566,2235.147981,5877.924528,0.000000,,,0,1,,,,,6.065703,BIG
ga,hfvrp_n030_m06_s01,30,6,2.000000,19345,1818.588730,2389.435415,6597.459560,0.000000,,,0,1,,,,,2.102038,MEDIUM
ga,hfvrp_n030_m06_s02,30,6,2.000000,1234,1392.276381,2284.157043,5960.590467,0.000000,,,0,1,,,,,0.102065,DEFAULT
ga,hfvrp_n030_m06_s02,30,6,2.000000,1234,1569.473218,2927.479663,7424.432544,0.000000,,,0,1,,,,,0.012099,SMALL
ga,hfvrp_n030_m06_s04,30,6,2.000000,75,1604.672645,1748.454770,5101.582186,0.000000,,,0,1,,,,,5.996326,BIG
ga,hfvrp_n030_m06_s04,30,6,2.000000,100,1593.995456,1753.327746,5100.650948,0.000000,,,0,1,,,,,0.102146,DEFAULT
ga,hfvrp_n030_m06_s04,30,6,2.000000,100,2022.245128,1811.756589,5645.758306,0.000000,,,0,1,,,,,0.017088,SMALL
ga,hfvrp_n030_m06_s02,30,6,2.000000,1234,1394.904665,2286.248233,5967.401132,0.000000,,,0,1,,,,,1.980827,MEDIUM
ga,hfvrp_n030_m06_s04,30,6,2.000000,100,1545.869471,1721.132712,4988.134894,0.000000,,,0,1,,,,,1.968584,MEDIUM
ga,hfvrp_n030_m06_s03,30,6,2.000000,200,1564.039530,1626.999070,4818.037670,0.000000,,,0,1,,,,,5.968907,BIG
ga,hfvrp_n030_m06_s03,30,6,2.000000,999,1886.544851,1880.763118,5648.071087,0.000000,,,0,1,,,,,0.101518,DEFAULT
ga,hfvrp_n030_m06_s03,30,6,2.000000,999,1906.238679,2264.015022,6434.268723,0.000000,,,0,1,,,,,0.014757,SMALL
ga,hfvrp_n050_m10_s01,50,10,2.000000,1,3078.561296,4102.400606,11283.362507,0.000000,,,0,1,,,,,10.389491,BIG
ga,hfvrp_n050_m10_s01,50,10,2.000000,10,3799.722876,5600.608715,15000.940307,0.000000,,,0,1,,,,,0.170347,DEFAULT
ga,hfvrp_n030_m06_s05,30,6,2.000000,50,1581.248897,1617.950531,4817.149959,0.000000,,,0,1,,,,,6.115717,BIG
ga,hfvrp_n050_m10_s01,50,10,2.000000,10,4358.405845,8941.462728,22241.331301,0.000000,,,0,1,,,,,0.022901,SMALL
ga,hfvrp_n030_m06_s01,30,6,2.000000,19345,1755.338997,2394.261218,6543.861433,0.000000,,,0,1,,,,,6.122026,BIG
ga,hfvrp_n030_m06_s05,30,6,2.000000,75,1629.157893,1653.710567,4936.579027,0.000000,,,0,1,,,,,0.098175,DEFAULT
ga,hfvrp_n030_m06_s05,30,6,2.000000,75,2228.998183,2671.485054,7571.968290,0.000000,,,0,1,,,,,0.012438,SMALL
ga,hfvrp_n030_m06_s01,30,6,2.000000,1796891219117592149,1793.825019,2802.325270,7398.475559,0.000000,,,0,1,,,,,0.105780,DEFAULT
ga,hfvrp_n030_m06_s01,30,6,2.000000,1796891232116192440,2036.258740,2592.158251,7220.575242,0.000000,,,0,1,,,,,0.015752,SMALL
ga,hfvrp_n030_m06_s03,30,6,2.000000,999,1466.847688,1607.487118,4681.821924,0.000000,,,0,1,,,,,1.975282,MEDIUM
ga,hfvrp_n030_m06_s01,30,6,2.000000,1796891236430704064,1737.081445,2541.145635,6819.372715,0.000000,,,0,1,,,,,2.004056,MEDIUM
ga,hfvrp_n030_m06_s05,30,6,2.000000,75,1704.426009,1645.747376,4995.920761,0.000000,,,0,1,,,,,2.086343,MEDIUM
ga,hfvrp_n030_m06_s02,30,6,2.000000,1234,1598.801124,2217.761790,6034.324704,0.000000,,,0,1,,,,,6.158873,BIG
ga,hfvrp_n030_m06_s02,30,6,2.000000,9999,1615.883841,2764.272158,7144.428157,0.000000,,,0,1,,,,,0.101811,DEFAULT
ga,hfvrp_n030_m06_s02,30,6,2.000000,9999,1836.164672,2431.157848,6698.480367,0.000000,,,0,1,,,,,0.017507,SMALL
ga,hfvrp_n030_m06_s04,30,6,2.000000,100,1475.952289,1798.436484,5072.825257,0.000000,,,0,1,,,,,6.117410,BIG
ga,hfvrp_n030_m06_s04,30,6,2.000000,200,1525.841036,1645.637274,4817.115584,0.000000,,,0,1,,,,,0.099653,DEFAULT
ga,hfvrp_n030_m06_s04,30,6,2.000000,200,1785.030119,2025.504074,5836.038267,0.000000,,,0,1,,,,,0.012342,SMALL
ga,hfvrp_n050_m10_s01,50,10,2.000000,10,3472.796552,4932.300413,13337.397379,0.000000,,,0,1,,,,,3.448212,MEDIUM
ga,hfvrp_n030_m06_s02,30,6,2.000000,9999,1589.426234,1915.923995,5421.274223,0.000000,,,0,1,,,,,2.000443,MEDIUM
ga,hfvrp_n030_m06_s04,30,6,2.000000,200,1522.581180,1840.328251,5203.237682,0.000000,,,0,1,,,,,1.997340,MEDIUM
ga,hfvrp_n030_m06_s03,30,6,2.000000,999,1605.226008,1620.430334,4846.086676,0.000000,,,0,1,,,,,6.005059,BIG
ga,hfvrp_n030_m06_s03,30,6,2.000000,1234,1965.321129,1854.187424,5673.695976,0.000000,,,0,1,,,,,0.102652,DEFAULT
ga,hfvrp_n030_m06_s03,30,6,2.000000,1234,1767.162051,1938.105597,5643.373245,0.000000,,,0,1,,,,,0.013568,SMALL
ga,hfvrp_n030_m06_s01,30,6,2.000000,1796891178313338341,1781.929028,2390.250260,6562.429548,0.000000,,,0,1,,,,,6.086947,BIG
ga,hfvrp_n030_m06_s05,30,6,2.000000,75,1599.563944,1486.533875,4572.631693,0.000000,,,0,1,,,,,6.136187,BIG
ga,hfvrp_n030_m06_s05,30,6,2.000000,100,1609.588742,1690.501749,4990.592240,0.000000,,,0,1,,,,,0.103657,DEFAULT
ga,hfvrp_n030_m06_s05,30,6,2.000000,100,1968.852385,2267.389219,6503.630822,0.000000,,,0,1,,,,,0.013781,SMALL
ga,hfvrp_n030_m06_s03,30,6,2.000000,1234,1637.882693,1634.259387,4906.401467,0.000000,,,0,1,,,,,1.988739,MEDIUM
ga,hfvrp_n050_m10_s02,50,10,2.000000,1796891524367441563,2848.662416,9532.593493,21913.849402,0.000000,,,0,1,,,,,0.174479,DEFAULT
ga,hfvrp_n050_m10_s02,50,10,2.000000,1796891528840583866,4143.548969,12063.463885,28270.476738,0.000000,,,0,1,,,,,0.025102,SMALL
ga,hfvrp_n030_m06_s02,30,6,2.000000,9999,1542.143514,2027.244086,5596.631686,0.000000,,,0,1,,,,,6.117530,BIG
ga,hfvrp_n030_m06_s02,30,6,2.000000,19345,1342.087782,2277.533007,5897.153796,0.000000,,,0,1,,,,,0.101857,DEFAULT
ga,hfvrp_n030_m06_s02,30,6,2.000000,19345,2028.641870,2701.187970,7431.017809,0.000000,,,0,1,,,,,0.014962,SMALL
ga,hfvrp_n030_m06_s05,30,6,2.000000,100,1636.145668,1635.032609,4906.210885,0.000000,,,0,1,,,,,2.461890,MEDIUM
ga,hfvrp_n030_m06_s04,30,6,2.000000,200,1433.824435,1798.912072,5031.648579,0.000000,,,0,1,,,,,6.008286,BIG
ga,hfvrp_n030_m06_s04,30,6,2.000000,999,1718.227119,1864.737405,5447.701928,0.000000,,,0,1,,,,,0.096626,DEFAULT
ga,hfvrp_n030_m06_s04,30,6,2.000000,999,2050.716869,2271.387454,6593.491778,0.000000,,,0,1,,,,,0.012505,SMALL
ga,hfvrp_n050_m10_s02,50,10,2.000000,1796891515984382244,2899.362908,7789.070980,18477.504869,0.000000,,,0,1,,,,,3.491809,MEDIUM
ga,hfvrp_n030_m06_s02,30,6,2.000000,19345,1525.237856,2027.244086,5579.726028,0.000000,,,0,1,,,,,2.009372,MEDIUM
ga,hfvrp_n030_m06_s04,30,6,2.000000,999,1605.559985,1858.852319,5323.264623,0.000000,,,0,1,,,,,1.988676,MEDIUM
ga,hfvrp_n050_m10_s01,50,10,2.000000,10,3042.980469,4272.449277,11587.879023,0.000000,,,0,1,,,,,10.689595,BIG
ga,hfvrp_n030_m06_s03,30,6,2.000000,1234,1551.220617,1635.411151,4822.042919,0.000000,,,0,1,,,,,5.916967,BIG
ga,hfvrp_n030_m06_s03,30,6,2.000000,9999,1654.898915,1690.896566,5036.692047,0.000000,,,0,1,,,,,0.105026,DEFAULT
ga,hfvrp_n030_m06_s03,30,6,2.000000,9999,1853.503099,2016.266500,5886.036098,0.000000,,,0,1,,,,,0.013271,SMALL
ga,hfvrp_n050_m10_s01,50,10,2.000000,50,3603.334599,4881.145227,13365.625054,0.000000,,,0,1,,,,,0.170023,DEFAULT
ga,hfvrp_n050_m10_s01,50,10,2.000000,50,3862.753977,8950.478737,21763.711451,0.000000,,,0,1,,,,,0.022113,SMALL
ga,hfvrp_n030_m06_s03,30,6,2.000000,9999,1595.538925,1635.411151,4866.361226,0.000000,,,0,1,,,,,1.982800,MEDIUM
ga,hfvrp_n030_m06_s05,30,6,2.000000,100,1555.179609,1740.979101,5037.137812,0.000000,,,0,1,,,,,6.073870,BIG
ga,hfvrp_n030_m06_s05,30,6,2.000000,200,1743.511636,1715.326153,5174.163942,0.000000,,,0,1,,,,,0.103862,DEFAULT
ga,hfvrp_n030_m06_s05,30,6,2.000000,200,2087.077316,2379.371523,6845.820362,0.000000,,,0,1,,,,,0.017803,SMALL
ga,hfvrp_n050_m10_s01,50,10,2.000000,50,3463.358034,4575.031315,12613.420664,0.000000,,,0,1,,,,,3.453512,MEDIUM
ga,hfvrp_n030_m06_s02,30,6,2.000000,19345,1432.231004,2012.202487,5456.635978,0.000000,,,0,1,,,,,6.144664,BIG
ga,hfvrp_n030_m06_s02,30,6,2.000000,1796891603451484754,1428.327718,2289.909778,6008.147274,0.000000,,,0,1,,,,,0.102933,DEFAULT
ga,hfvrp_n030_m06_s05,30,6,2.000000,200,1682.899022,1550.393098,4783.685218,0.000000,,,0,1,,,,,2.022361,MEDIUM
ga,hfvrp_n030_m06_s02,30,6,2.000000,1796891607856590881,1668.219735,2460.766953,6589.753642,0.000000,,,0,1,,,,,0.015900,SMALL
ga,hfvrp_n030_m06_s04,30,6,2.000000,999,1547.374169,1780.941977,5109.258124,0.000000,,,0,1,,,,,6.026718,BIG
ga,hfvrp_n030_m06_s04,30,6,2.000000,1234,1530.704991,1753.421460,5037.547912,0.000000,,,0,1,,,,,0.102556,DEFAULT
ga,hfvrp_n030_m06_s04,30,6,2.000000,1234,1534.646843,1813.948368,5162.543578,0.000000,,,0,1,,,,,0.018919,SMALL
ga,hfvrp_n030_m06_s02,30,6,2.000000,1796891616467600609,1654.343400,2224.332652,6103.008705,0.000000,,,0,1,,,,,1.989764,MEDIUM
ga,hfvrp_n030_m06_s04,30,6,2.000000,1234,1486.935385,1745.497278,4977.929942,0.000000,,,0,1,,,,,1.971982,MEDIUM
ga,hfvrp_n030_m06_s03,30,6,2.000000,9999,1559.894489,1626.683564,4813.261618,0.000000,,,0,1,,,,,5.929448,BIG
ga,hfvrp_n030_m06_s03,30,6,2.000000,19345,1690.902030,1708.817888,5108.537806,0.000000,,,0,1,,,,,0.099944,DEFAULT
ga,hfvrp_n030_m06_s03,30,6,2.000000,19345,2245.687580,1637.630792,5520.949165,0.000000,,,0,1,,,,,0.013261,SMALL
ga,hfvrp_n050_m10_s02,50,10,2.000000,1796891450764991331,2919.402979,7967.310003,18854.022986,0.000000,,,0,1,,,,,10.754906,BIG
ga,hfvrp_n050_m10_s02,50,10,2.000000,1,3318.014208,9210.878639,21739.771487,0.000000,,,0,1,,,,,0.173632,DEFAULT
ga,hfvrp_n050_m10_s02,50,10,2.000000,1,3208.332952,14280.798313,31769.929577,0.000000,,,0,1,,,,,0.027284,SMALL
ga,hfvrp_n030_m06_s03,30,6,2.000000,19345,1574.751046,1620.430334,4815.611713,0.000000,,,0,1,,,,,1.966345,MEDIUM
ga,hfvrp_n030_m06_s05,30,6,2.000000,200,1578.337001,1661.787531,4901.912063,0.000000,,,0,1,,,,,6.219470,BIG
ga,hfvrp_n030_m06_s05,30,6,2.000000,999,1837.841158,1695.994526,5229.830211,0.000000,,,0,1,,,,,0.100572,DEFAULT
ga,hfvrp_n030_m06_s05,30,6,2.000000,999,2577.363708,2591.310113,7759.983934,0.000000,,,0,1,,,,,0.011819,SMALL
ga,hfvrp_n030_m06_s02,30,6,2.000000,1796890750881715381,1560.781681,2033.611640,5628.004962,0.000000,,,0,1,,,,,6.117916,BIG
ga,hfvrp_n050_m10_s02,50,10,2.000000,1,2871.383891,8188.576384,19248.536659,0.000000,,,0,1,,,,,3.457970,MEDIUM
ga,hfvrp_n030_m06_s04,30,6,2.000000,1234,1444.733399,1667.782861,4780.299122,0.000000,,,0,1,,,,,5.992631,BIG
ga,hfvrp_n030_m06_s05,30,6,2.000000,999,1907.895818,1620.899907,5149.695632,0.000000,,,0,1,,,,,2.020793,MEDIUM
ga,hfvrp_n030_m06_s04,30,6,2.000000,9999,1610.976232,1758.797069,5128.570369,0.000000,,,0,1,,,,,0.107583,DEFAULT
ga,hfvrp_n030_m06_s04,30,6,2.000000,9999,1768.023341,3108.940809,7985.904959,0.000000,,,0,1,,,,,0.012584,SMALL
ga,hfvrp_n050_m10_s03,50,10,2.000000,1796890834796525081,3134.456609,9901.920330,22938.297268,0.000000,,,0,1,,,,,0.170335,DEFAULT
ga,hfvrp_n050_m10_s03,50,10,2.000000,1796890813500290355,3003.389225,12965.721114,28934.831452,0.000000,,,0,1,,,,,0.025349,SMALL
ga,hfvrp_n050_m10_s01,50,10,2.000000,50,3298.060867,4383.192586,12064.446039,0.000000,,,0,1,,,,,10.463477,BIG
ga,hfvrp_n030_m06_s04,30,6,2.000000,9999,1601.674278,1639.013660,4879.701598,0.000000,,,0,1,,,,,1.988823,MEDIUM
ga,hfvrp_n050_m10_s01,50,10,2.000000,75,3739.086058,5352.397937,14443.881932,0.000000,,,0,1,,,,,0.176753,DEFAULT
ga,hfvrp_n050_m10_s01,50,10,2.000000,75,5275.332804,8204.332511,21683.997827,0.000000,,,0,1,,,,,0.025855,SMALL
ga,hfvrp_n030_m06_s03,30,6,2.000000,19345,1602.231625,1635.411151,4873.053927,0.000000,,,0,1,,,,,5.954069,BIG
ga,hfvrp_n030_m06_s03,30,6,2.000000,1796891031100335265,1658.660601,1802.924583,5264.509768,0.000000,,,0,1,,,,,0.096512,DEFAULT
ga,hfvrp_n030_m06_s03,30,6,2.000000,1796891026910498784,2436.433130,2293.737708,7023.908546,0.000000,,,0,1,,,,,0.016673,SMALL
ga,hfvrp_n050_m10_s03,50,10,2.000000,1796890817824226393,2772.954695,6499.741739,15772.438172,0.000000,,,0,1,,,,,3.485276,MEDIUM
ga,hfvrp_n030_m06_s03,30,6,2.000000,1796891022638164327,1624.758311,1623.854491,4872.467293,0.000000,,,0,1,,,,,1.987396,MEDIUM
ga,hfvrp_n050_m10_s01,50,10,2.000000,75,3325.560466,5115.048366,13555.657198,0.000000,,,0,1,,,,,3.443979,MEDIUM
ga,hfvrp_n030_m06_s05,30,6,2.000000,999,1634.926044,1823.002933,5280.931909,0.000000,,,0,1,,,,,6.155973,BIG
ga,hfvrp_n030_m06_s05,30,6,2.000000,1234,1745.432928,1823.252720,5391.938368,0.000000,,,0,1,,,,,0.100708,DEFAULT
ga,hfvrp_n030_m06_s05,30,6,2.000000,1234,2115.785869,2351.182675,6818.151218,0.000000,,,0,1,,,,,0.014214,SMALL
ga,hfvrp_n030_m06_s04,30,6,2.000000,9999,1415.579859,1667.802636,4751.185131,0.000000,,,0,1,,,,,5.912573,BIG
ga,hfvrp_n030_m06_s04,30,6,2.000000,19345,1706.454003,1916.993256,5540.440516,0.000000,,,0,1,,,,,0.103604,DEFAULT
ga,hfvrp_n030_m06_s04,30,6,2.000000,19345,1535.404826,1883.983264,5303.371354,0.000000,,,0,1,,,,,0.014775,SMALL
ga,hfvrp_n030_m06_s05,30,6,2.000000,1234,1553.743613,1672.065211,4897.874034,0.000000,,,0,1,,,,,1.981515,MEDIUM
ga,hfvrp_n030_m06_s04,30,6,2.000000,19345,1450.256585,1812.685621,5075.627827,0.000000,,,0,1,,,,,1.989851,MEDIUM
ga,hfvrp_n050_m10_s02,50,10,2.000000,1,2897.922828,8098.074610,19094.072048,0.000000,,,0,1,,,,,10.618094,BIG
ga,hfvrp_n050_m10_s02,50,10,2.000000,10,3347.998060,8961.380784,21270.759627,0.000000,,,0,1,,,,,0.180240,DEFAULT
ga,hfvrp_n050_m10_s02,50,10,2.000000,10,4643.417095,14324.710451,33292.837998,0.000000,,,0,1,,,,,0.024335,SMALL
ga,hfvrp_n030_m06_s03,30,6,2.000000,1796891016039530914,1614.769046,1625.779447,4866.327941,0.000000,,,0,1,,,,,6.020764,BIG
ga,hfvrp_n050_m10_s04,50,10,2.000000,1796890945677999777,3468.915544,6816.879085,17102.673713,0.000000,,,0,1,,,,,0.177100,DEFAULT
ga,hfvrp_n050_m10_s04,50,10,2.000000,1796890941563786737,4137.479505,7413.468612,18964.416730,0.000000,,,0,1,,,,,0.025732,SMALL
ga,hfvrp_n050_m10_s03,50,10,2.000000,1796891018881904254,2801.278663,5895.981887,14593.242438,0.000000,,,0,1,,,,,10.522293,BIG
ga,hfvrp_n030_m06_s05,30,6,2.000000,1234,1708.676203,1496.923941,4702.524086,0.000000,,,0,1,,,,,6.113007,BIG
ga,hfvrp_n030_m06_s05,30,6,2.000000,9999,1834.088309,2162.441867,6158.972043,0.000000,,,0,1,,,,,0.104508,DEFAULT
ga,hfvrp_n030_m06_s05,30,6,2.000000,9999,2018.352264,1986.867602,5992.087468,0.000000,,,0,1,,,,,0.013753,SMALL
ga,hfvrp_n050_m10_s02,50,10,2.000000,10,2970.249757,7829.224867,18628.699490,0.000000,,,0,1,,,,,3.544525,MEDIUM
ga,hfvrp_n050_m10_s03,50,10,2.000000,1,2816.042026,6698.975334,16213.992694,0.000000,,,0,1,,,,,0.173484,DEFAULT
ga,hfvrp_n050_m10_s03,50,10,2.000000,1,3765.223221,11056.617434,25878.458090,0.000000,,,0,1,,,,,0.023607,SMALL
ga,hfvrp_n050_m10_s04,50,10,2.000000,1796890954479043032,2790.712558,5123.537390,13037.787337,0.000000,,,0,1,,,,,3.422813,MEDIUM
ga,hfvrp_n050_m10_s01,50,10,2.000000,75,3163.583582,4206.599612,11576.782806,0.000000,,,0,1,,,,,10.411011,BIG
ga,hfvrp_n030_m06_s04,30,6,2.000000,19345,1465.217697,1769.333056,5003.883810,0.000000,,,0,1,,,,,6.280792,BIG
ga,hfvrp_n030_m06_s05,30,6,2.000000,9999,1642.322183,1682.969716,5008.261616,0.000000,,,0,1,,,,,2.049354,MEDIUM
ga,hfvrp_n030_m06_s04,30,6,2.000000,1796890241582772528,1638.297148,1833.805234,5305.907617,0.000000,,,0,1,,,,,0.104959,DEFAULT
ga,hfvrp_n030_m06_s04,30,6,2.000000,1796890233101598490,2172.096347,1934.034333,6040.165014,0.000000,,,0,1,,,,,0.013633,SMALL
ga,hfvrp_n050_m10_s01,50,10,2.000000,100,4155.159241,4729.377991,13613.915223,0.000000,,,0,1,,,,,0.178413,DEFAULT
ga,hfvrp_n050_m10_s01,50,10,2.000000,100,4208.259460,9374.507549,22957.274557,0.000000,,,0,1,,,,,0.029849,SMALL
ga,hfvrp_n050_m10_s03,50,10,2.000000,1,2955.887609,5969.701098,14895.289805,0.000000,,,0,1,,,,,3.478675,MEDIUM
ga,hfvrp_n030_m06_s04,30,6,2.000000,1796890254593648501,1569.589964,1749.715117,5069.020198,0.000000,,,0,1,,,,,1.998005,MEDIUM
ga,hfvrp_n050_m10_s01,50,10,2.000000,100,3680.366108,4843.009891,13366.385891,0.000000,,,0,1,,,,,3.411706,MEDIUM
ga,hfvrp_n030_m06_s05,30,6,2.000000,9999,1606.818547,1514.738487,4636.295520,0.000000,,,0,1,,,,,6.182646,BIG
ga,hfvrp_n030_m06_s05,30,6,2.000000,19345,1921.773536,2093.265880,6108.305295,0.000000,,,0,1,,,,,0.102756,DEFAULT
ga,hfvrp_n030_m06_s05,30,6,2.000000,19345,1925.769990,2132.618237,6191.006464,0.000000,,,0,1,,,,,0.016862,SMALL
ga,hfvrp_n030_m06_s04,30,6,2.000000,1796890269480506897,1578.706456,1729.707876,5038.122208,0.000000,,,0,1,,,,,5.949347,BIG
ga,hfvrp_n030_m06_s05,30,6,2.000000,19345,1613.320500,1752.034803,5117.390106,0.000000,,,0,1,,,,,2.029313,MEDIUM
ga,hfvrp_n050_m10_s02,50,10,2.000000,10,3075.901171,6956.222794,16988.346759,0.000000,,,0,1,,,,,10.635589,BIG
ga,hfvrp_n050_m10_s05,50,10,2.000000,1796890074066780085,3717.896220,6142.981012,16003.858245,0.000000,,,0,1,,,,,0.179119,DEFAULT
ga,hfvrp_n050_m10_s05,50,10,2.000000,1796890130084136758,3640.742131,8682.556680,21005.855491,0.000000,,,0,1,,,,,0.023073,SMALL
ga,hfvrp_n050_m10_s02,50,10,2.000000,50,3746.316969,9827.763416,23401.843800,0.000000,,,0,1,,,,,0.170666,DEFAULT
ga,hfvrp_n050_m10_s02,50,10,2.000000,50,3473.087765,15078.117531,33629.322826,0.000000,,,0,1,,,,,0.020929,SMALL
ga,hfvrp_n050_m10_s04,50,10,2.000000,1796891026630172426,2966.692859,6064.136059,15094.964978,0.000000,,,0,1,,,,,10.455309,BIG
ga,hfvrp_n050_m10_s04,50,10,2.000000,1,3707.521117,7714.739733,19137.000583,0.000000,,,0,1,,,,,0.173665,DEFAULT
ga,hfvrp_n050_m10_s04,50,10,2.000000,1,4109.488944,7984.218498,20077.925940,0.000000,,,0,1,,,,,0.024516,SMALL
ga,hfvrp_n050_m10_s05,50,10,2.000000,1796890134405627958,3087.821743,5961.369975,15010.561694,0.000000,,,0,1,,,,,3.432762,MEDIUM
ga,hfvrp_n050_m10_s03,50,10,2.000000,1,2876.265862,5744.770760,14365.807383,0.000000,,,0,1,,,,,10.950333,BIG
ga,hfvrp_n050_m10_s02,50,10,2.000000,50,2837.595715,8037.184961,18911.965637,0.000000,,,0,1,,,,,3.486894,MEDIUM
ga,hfvrp_n050_m10_s03,50,10,2.000000,10,2921.892708,6929.506796,16780.906301,0.000000,,,0,1,,,,,0.179358,DEFAULT
ga,hfvrp_n050_m10_s03,50,10,2.000000,10,3232.427825,11192.016627,25616.461078,0.000000,,,0,1,,,,,0.028371,SMALL
ga,hfvrp_n050_m10_s04,50,10,2.000000,1,2772.331920,5458.797739,13689.927398,0.000000,,,0,1,,,,,3.403692,MEDIUM
ga,hfvrp_n050_m10_s01,50,10,2.000000,100,3037.981093,4116.333496,11270.648085,0.000000,,,0,1,,,,,10.264494,BIG
ga,hfvrp_n030_m06_s05,30,6,2.000000,19345,1555.955252,1534.571188,4625.097627,0.000000,,,0,1,,,,,6.093459,BIG
ga,hfvrp_n030_m06_s05,30,6,2.000000,1796890496801573942,1581.351839,1812.027635,5205.407108,0.000000,,,0,1,,,,,0.104107,DEFAULT
ga,hfvrp_n030_m06_s05,30,6,2.000000,1796890544153319834,2309.253027,1978.493718,6266.240462,0.000000,,,0,1,,,,,0.012360,SMALL
ga,hfvrp_n050_m10_s01,50,10,2.000000,200,3994.907222,5262.478526,14519.864275,0.000000,,,0,1,,,,,0.173526,DEFAULT
ga,hfvrp_n050_m10_s01,50,10,2.000000,200,4638.747565,7137.130474,18913.008513,0.000000,,,0,1,,,,,0.024519,SMALL
ga,hfvrp_n030_m06_s05,30,6,2.000000,1796890539877857496,1461.746220,1582.231145,4626.208509,0.000000,,,0,1,,,,,2.022621,MEDIUM
ga,hfvrp_n050_m10_s03,50,10,2.000000,10,2982.184354,6183.927314,15350.038982,0.000000,,,0,1,,,,,3.526955,MEDIUM
ga,hfvrp_n050_m10_s01,50,10,2.000000,200,3451.325526,4254.051287,11959.428101,0.000000,,,0,1,,,,,3.433022,MEDIUM
ga,hfvrp_n050_m10_s05,50,10,2.000000,1796890142137228590,3172.726952,5467.192416,14107.111784,0.000000,,,0,1,,,,,10.377170,BIG
ga,hfvrp_n030_m06_s05,30,6,2.000000,1796890533318848346,1657.845405,1486.533875,4630.913155,0.000000,,,0,1,,,,,6.072153,BIG
ga,hfvrp_n050_m10_s05,50,10,2.000000,1,3310.889783,7411.998163,18134.886109,0.000000,,,0,1,,,,,0.169344,DEFAULT
ga,hfvrp_n050_m10_s05,50,10,2.000000,1,4586.214189,9299.960386,23186.134961,0.000000,,,0,1,,,,,0.023669,SMALL
ga,hfvrp_n050_m10_s02,50,10,2.000000,50,3139.484326,7261.038302,17661.560930,0.000000,,,0,1,,,,,10.629147,BIG
ga,hfvrp_n050_m10_s04,50,10,2.000000,1,3030.717756,5503.329651,14037.377058,0.000000,,,0,1,,,,,10.320087,BIG
ga,hfvrp_n050_m10_s02,50,10,2.000000,75,3454.876798,7962.347247,19379.571293,0.000000,,,0,1,,,,,0.190089,DEFAULT
ga,hfvrp_n050_m10_s02,50,10,2.000000,75,4492.839929,14835.660207,34164.160342,0.000000,,,0,1,,,,,0.029088,SMALL
ga,hfvrp_n075_m15_s01,75,15,2.000000,1796890351743085432,5783.055352,4723.426157,15229.907665,0.000000,,,0,1,,,,,0.296971,DEFAULT
ga,hfvrp_n075_m15_s01,75,15,2.000000,1796890450828277747,10278.290767,8325.264259,26928.819285,0.000000,,,0,1,,,,,0.044531,SMALL
ga,hfvrp_n050_m10_s04,50,10,2.000000,10,3155.943443,6097.526747,15350.996938,0.000000,,,0,1,,,,,0.173183,DEFAULT
ga,hfvrp_n050_m10_s04,50,10,2.000000,10,4371.304889,8509.766916,21390.838721,0.000000,,,0,1,,,,,0.026169,SMALL
ga,hfvrp_n050_m10_s05,50,10,2.000000,1,3180.909854,5181.514897,13543.939647,0.000000,,,0,1,,,,,3.493038,MEDIUM
ga,hfvrp_n050_m10_s03,50,10,2.000000,10,2869.953898,5747.206013,14364.365925,0.000000,,,0,1,,,,,10.540865,BIG
ga,hfvrp_n050_m10_s02,50,10,2.000000,75,3220.069734,7707.355314,18634.780362,0.000000,,,0,1,,,,,3.509837,MEDIUM
ga,hfvrp_n050_m10_s03,50,10,2.000000,50,2703.855524,6879.619266,16463.094055,0.000000,,,0,1,,,,,0.173545,DEFAULT
ga,hfvrp_n050_m10_s03,50,10,2.000000,50,3456.035233,11193.671532,25843.378297,0.000000,,,0,1,,,,,0.022604,SMALL
ga,hfvrp_n050_m10_s04,50,10,2.000000,10,2799.698954,5554.198035,13908.095023,0.000000,,,0,1,,,,,3.447011,MEDIUM
ga,hfvrp_n050_m10_s01,50,10,2.000000,200,3525.515748,5037.562524,13600.640796,0.000000,,,0,1,,,,,10.333668,BIG
ga,hfvrp_n050_m10_s01,50,10,2.000000,999,3488.817080,5471.746291,14432.309662,0.000000,,,0,1,,,,,0.173199,DEFAULT
ga,hfvrp_n050_m10_s01,50,10,2.000000,999,5288.937678,10084.996651,25458.930980,0.000000,,,0,1,,,,,0.025480,SMALL
ga,hfvrp_n075_m15_s01,75,15,2.000000,1796890455171647646,5194.026972,3756.985476,12707.997925,0.000000,,,0,1,,,,,5.670803,MEDIUM
ga,hfvrp_n050_m10_s03,50,10,2.000000,50,2807.519602,6181.653238,15170.826078,0.000000,,,0,1,,,,,3.459107,MEDIUM
ga,hfvrp_n050_m10_s01,50,10,2.000000,999,3570.685355,4320.916105,12212.517565,0.000000,,,0,1,,,,,3.469633,MEDIUM
ga,hfvrp_n050_m10_s05,50,10,2.000000,1,3413.582282,5455.194861,14323.972004,0.000000,,,0,1,,,,,10.560796,BIG
ga,hfvrp_n050_m10_s05,50,10,2.000000,10,3272.786100,6759.092869,16790.971838,0.000000,,,0,1,,,,,0.168189,DEFAULT
ga,hfvrp_n050_m10_s05,50,10,2.000000,10,4583.614392,7476.436665,19536.487721,0.000000,,,0,1,,,,,0.024410,SMALL
ga,hfvrp_n050_m10_s02,50,10,2.000000,75,2688.942161,7346.677308,17382.296777,0.000000,,,0,1,,,,,10.812010,BIG
ga,hfvrp_n050_m10_s04,50,10,2.000000,10,2706.917280,5180.245618,13067.408516,0.000000,,,0,1,,,,,10.446108,BIG
ga,hfvrp_n050_m10_s02,50,10,2.000000,100,3293.866386,9089.150588,21472.167561,0.000000,,,0,1,,,,,0.173478,DEFAULT
ga,hfvrp_n050_m10_s02,50,10,2.000000,100,3678.246929,15093.286954,33864.820837,0.000000,,,0,1,,,,,0.023062,SMALL
ga,hfvrp_n050_m10_s04,50,10,2.000000,50,3266.848750,6311.129773,15889.108295,0.000000,,,0,1,,,,,0.174323,DEFAULT
ga,hfvrp_n050_m10_s04,50,10,2.000000,50,4177.251851,10658.708308,25494.668467,0.000000,,,0,1,,,,,0.024941,SMALL
ga,hfvrp_n050_m10_s05,50,10,2.000000,10,3069.516769,5473.519990,14016.556749,0.000000,,,0,1,,,,,3.460292,MEDIUM
ga,hfvrp_n050_m10_s03,50,10,2.000000,50,2816.013478,5898.679572,14613.372622,0.000000,,,0,1,,,,,10.625876,BIG
ga,hfvrp_n050_m10_s03,50,10,2.000000,75,2642.986710,9415.551489,21474.089689,0.000000,,,0,1,,,,,0.172092,DEFAULT
ga,hfvrp_n050_m10_s03,50,10,2.000000,75,3432.914268,12404.733340,28242.380948,0.000000,,,0,1,,,,,0.021914,SMALL
ga,hfvrp_n050_m10_s02,50,10,2.000000,100,2966.887006,7793.244608,18553.376221,0.000000,,,0,1,,,,,3.475349,MEDIUM
ga,hfvrp_n050_m10_s04,50,10,2.000000,50,3083.809977,5966.986266,15017.782509,0.000000,,,0,1,,,,,3.497427,MEDIUM
ga,hfvrp_n050_m10_s01,50,10,2.000000,999,3354.972935,4240.359537,11835.692010,0.000000,,,0,1,,,,,10.464214,BIG
ga,hfvrp_n050_m10_s01,50,10,2.000000,1234,3158.984130,4950.999792,13060.983714,0.000000,,,0,1,,,,,0.192201,DEFAULT
ga,hfvrp_n050_m10_s01,50,10,2.000000,1234,5333.109848,8254.198136,21841.506119,0.000000,,,0,1,,,,,0.027377,SMALL
ga,hfvrp_n050_m10_s03,50,10,2.000000,75,2915.637699,6065.484939,15046.607577,0.000000,,,0,1,,,,,3.456403,MEDIUM
ga,hfvrp_n075_m15_s01,75,15,2.000000,1796889726412255874,5080.929491,3663.097713,12407.124918,0.000000,,,0,1,,,,,17.264179,BIG
ga,hfvrp_n050_m10_s01,50,10,2.000000,1234,3571.293871,4665.033726,12901.361323,0.000000,,,0,1,,,,,3.442752,MEDIUM
ga,hfvrp_n075_m15_s01,75,15,2.000000,1,6477.381867,4598.809848,15675.001563,0.000000,,,0,1,,,,,0.286123,DEFAULT
ga,hfvrp_n075_m15_s01,75,15,2.000000,1,9114.272500,9341.664497,27797.601494,0.000000,,,0,1,,,,,0.037855,SMALL
ga,hfvrp_n050_m10_s05,50,10,2.000000,10,3190.429542,5382.945509,13956.320560,0.000000,,,0,1,,,,,10.476708,BIG
ga,hfvrp_n050_m10_s05,50,10,2.000000,50,3267.412728,6560.617661,16388.648050,0.000000,,,0,1,,,,,0.172357,DEFAULT
ga,hfvrp_n050_m10_s05,50,10,2.000000,50,4688.955544,8866.340100,22421.635744,0.000000,,,0,1,,,,,0.027073,SMALL
ga,hfvrp_n050_m10_s02,50,10,2.000000,100,3195.028771,7501.660540,18198.349850,0.000000,,,0,1,,,,,10.645754,BIG
ga,hfvrp_n050_m10_s04,50,10,2.000000,50,3292.333552,5553.578459,14399.490470,0.000000,,,0,1,,,,,10.321763,BIG
ga,hfvrp_n050_m10_s02,50,10,2.000000,200,3616.235601,8641.768464,20899.772530,0.000000,,,0,1,,,,,0.178192,DEFAULT
ga,hfvrp_n050_m10_s02,50,10,2.000000,200,3894.440935,16225.802557,36346.046048,0.000000,,,0,1,,,,,0.026697,SMALL
ga,hfvrp_n075_m15_s01,75,15,2.000000,1,5448.854476,3724.152201,12897.158879,0.000000,,,0,1,,,,,5.662454,MEDIUM
ga,hfvrp_n050_m10_s04,50,10,2.000000,75,3238.473145,5908.745277,15055.963699,0.000000,,,0,1,,,,,0.179000,DEFAULT
ga,hfvrp_n050_m10_s04,50,10,2.000000,75,4368.622439,8109.806832,20588.236102,0.000000,,,0,1,,,,,0.028293,SMALL
ga,hfvrp_n050_m10_s05,50,10,2.000000,50,3162.538209,6346.236529,15855.011267,0.000000,,,0,1,,,,,3.509389,MEDIUM
ga,hfvrp_n050_m10_s03,50,10,2.000000,75,2965.302588,6189.318856,15343.940300,0.000000,,,0,1,,,,,10.290549,BIG
ga,hfvrp_n050_m10_s03,50,10,2.000000,100,3000.859212,7169.241790,17339.342792,0.000000,,,0,1,,,,,0.169902,DEFAULT
ga,hfvrp_n050_m10_s03,50,10,2.000000,100,3555.693410,14817.215123,33190.123656,0.000000,,,0,1,,,,,0.023134,SMALL
ga,hfvrp_n050_m10_s02,50,10,2.000000,200,2968.671408,7613.491185,18195.653777,0.000000,,,0,1,,,,,3.502623,MEDIUM
ga,hfvrp_n050_m10_s04,50,10,2.000000,75,2740.178782,5728.566399,14197.311579,0.000000,,,0,1,,,,,3.465223,MEDIUM
ga,hfvrp_n050_m10_s01,50,10,2.000000,1234,3165.898154,4733.355634,12632.609422,0.000000,,,0,1,,,,,10.407506,BIG
ga,hfvrp_n050_m10_s01,50,10,2.000000,9999,3295.776326,4348.911810,11993.599947,0.000000,,,0,1,,,,,0.173934,DEFAULT
ga,hfvrp_n050_m10_s01,50,10,2.000000,9999,4518.039698,8025.562431,20569.164561,0.000000,,,0,1,,,,,0.024656,SMALL
ga,hfvrp_n050_m10_s03,50,10,2.000000,100,2783.377311,5725.352970,14234.083251,0.000000,,,0,1,,,,,3.515543,MEDIUM
ga,hfvrp_n050_m10_s01,50,10,2.000000,9999,3326.808918,4580.658650,12488.126218,0.000000,,,0,1,,,,,3.470012,MEDIUM
ga,hfvrp_n050_m10_s05,50,10,2.000000,50,3037.239411,6028.187634,15093.614679,0.000000,,,0,1,,,,,10.470075,BIG
ga,hfvrp_n050_m10_s05,50,10,2.000000,75,3579.306950,5814.007573,15207.322097,0.000000,,,0,1,,,,,0.176204,DEFAULT
ga,hfvrp_n050_m10_s05,50,10,2.000000,75,4533.930544,9513.781150,23561.492845,0.000000,,,0,1,,,,,0.025647,SMALL
ga,hfvrp_n050_m10_s02,50,10,2.000000,200,2918.799567,7188.515148,17295.829864,0.000000,,,0,1,,,,,10.753191,BIG
ga,hfvrp_n050_m10_s04,50,10,2.000000,75,2803.086605,5409.028946,13621.144497,0.000000,,,0,1,,,,,10.451743,BIG
ga,hfvrp_n050_m10_s02,50,10,2.000000,999,3970.697721,9602.197350,23175.092420,0.000000,,,0,1,,,,,0.182187,DEFAULT
ga,hfvrp_n050_m10_s02,50,10,2.000000,999,4699.303837,10732.462853,26164.229544,0.000000,,,0,1,,,,,0.030669,SMALL
ga,hfvrp_n050_m10_s04,50,10,2.000000,100,3298.233302,6026.389757,15351.012816,0.000000,,,0,1,,,,,0.176352,DEFAULT
ga,hfvrp_n050_m10_s04,50,10,2.000000,100,4166.540253,7940.363523,20047.267298,0.000000,,,0,1,,,,,0.024046,SMALL
ga,hfvrp_n050_m10_s05,50,10,2.000000,75,3237.188727,5580.228332,14397.645391,0.000000,,,0,1,,,,,3.494885,MEDIUM
ga,hfvrp_n050_m10_s03,50,10,2.000000,100,2645.297276,5938.962716,14523.222708,0.000000,,,0,1,,,,,10.619577,BIG
ga,hfvrp_n075_m15_s01,75,15,2.000000,1,5107.696222,3897.811106,12903.318434,0.000000,,,0,1,,,,,17.127455,BIG
ga,hfvrp_n050_m10_s03,50,10,2.000000,200,3526.466661,9043.566979,21613.600619,0.000000,,,0,1,,,,,0.172670,DEFAULT
ga,hfvrp_n050_m10_s03,50,10,2.000000,200,3545.971417,11135.942441,25817.856299,0.000000,,,0,1,,,,,0.023371,SMALL
ga,hfvrp_n050_m10_s02,50,10,2.000000,999,2918.710480,8352.577712,19623.865905,0.000000,,,0,1,,,,,3.401675,MEDIUM
ga,hfvrp_n075_m15_s01,75,15,2.000000,10,6949.809527,4590.888134,16131.585794,0.000000,,,0,1,,,,,0.303426,DEFAULT
ga,hfvrp_n075_m15_s01,75,15,2.000000,10,10152.087520,7349.875408,24851.838336,0.000000,,,0,1,,,,,0.043479,SMALL
ga,hfvrp_n050_m10_s04,50,10,2.000000,100,3055.866297,5434.605737,13925.077771,0.000000,,,0,1,,,,,3.442779,MEDIUM
ga,hfvrp_n050_m10_s01,50,10,2.000000,9999,3180.214342,4429.361922,12038.938186,0.000000,,,0,1,,,,,10.568794,BIG
ga,hfvrp_n050_m10_s01,50,10,2.000000,19345,3476.907585,5928.494223,15333.896031,0.000000,,,0,1,,,,,0.178106,DEFAULT
ga,hfvrp_n050_m10_s01,50,10,2.000000,19345,4259.729703,6338.126024,16935.981752,0.000000,,,0,1,,,,,0.024686,SMALL
ga,hfvrp_n050_m10_s03,50,10,2.000000,200,2822.901577,6233.512064,15289.925705,0.000000,,,0,1,,,,,3.528924,MEDIUM
ga,hfvrp_n050_m10_s01,50,10,2.000000,19345,3328.317254,5015.905733,13360.128719,0.000000,,,0,1,,,,,3.397689,MEDIUM
ga,hfvrp_n075_m15_s01,75,15,2.000000,10,5849.763520,3597.261630,13044.286780,0.000000,,,0,1,,,,,5.698577,MEDIUM
ga,hfvrp_n050_m10_s05,50,10,2.000000,75,3023.516279,5117.216359,13257.948998,0.000000,,,0,1,,,,,10.468991,BIG
ga,hfvrp_n050_m10_s05,50,10,2.000000,100,3909.169079,7592.990540,19095.150160,0.000000,,,0,1,,,,,0.172847,DEFAULT
ga,hfvrp_n050_m10_s05,50,10,2.000000,100,3833.023291,10785.729032,25404.481355,0.000000,,,0,1,,,,,0.023031,SMALL
ga,hfvrp_n050_m10_s02,50,10,2.000000,999,2956.511487,7729.205333,18414.922153,0.000000,,,0,1,,,,,10.725261,BIG
ga,hfvrp_n050_m10_s04,50,10,2.000000,100,3031.697887,5491.921390,14015.540667,0.000000,,,0,1,,,,,10.217319,BIG
ga,hfvrp_n050_m10_s02,50,10,2.000000,1234,3597.641236,10496.623080,24590.887397,0.000000,,,0,1,,,,,0.170696,DEFAULT
ga,hfvrp_n050_m10_s02,50,10,2.000000,1234,3792.153890,13360.909389,30513.972669,0.000000,,,0,1,,,,,0.023474,SMALL
ga,hfvrp_n050_m10_s04,50,10,2.000000,200,3024.992789,6252.784053,15530.560894,0.000000,,,0,1,,,,,0.175194,DEFAULT
ga,hfvrp_n050_m10_s04,50,10,2.000000,200,3482.358806,7313.954861,18110.268528,0.000000,,,0,1,,,,,0.026240,SMALL
ga,hfvrp_n050_m10_s05,50,10,2.000000,100,3509.976834,6051.532330,15613.041494,0.000000,,,0,1,,,,,3.486540,MEDIUM
ga,hfvrp_n050_m10_s03,50,10,2.000000,200,2945.714189,5318.748830,13583.211849,0.000000,,,0,1,,,,,10.490045,BIG
ga,hfvrp_n050_m10_s03,50,10,2.000000,999,3289.063852,6931.431103,17151.926059,0.000000,,,0,1,,,,,0.178574,DEFAULT
ga,hfvrp_n050_m10_s03,50,10,2.000000,999,3324.719399,12857.775967,29040.271333,0.000000,,,0,1,,,,,0.021740,SMALL
ga,hfvrp_n050_m10_s02,50,10,2.000000,1234,2757.744004,7705.457212,18168.658428,0.000000,,,0,1,,,,,3.443761,MEDIUM
ga,hfvrp_n050_m10_s04,50,10,2.000000,200,2781.702592,5631.557803,14044.818197,0.000000,,,0,1,,,,,3.432009,MEDIUM
ga,hfvrp_n050_m10_s01,50,10,2.000000,19345,3297.679469,4230.343238,11758.365944,0.000000,,,0,1,,,,,10.474060,BIG
ga,hfvrp_n050_m10_s03,50,10,2.000000,999,2571.167201,6156.332586,14883.832373,0.000000,,,0,1,,,,,3.440083,MEDIUM
ga,hfvrp_n050_m10_s01,50,10,2.000000,1796889013224134935,3429.649012,4835.283605,13100.216221,0.000000,,,0,1,,,,,0.176573,DEFAULT
ga,hfvrp_n050_m10_s01,50,10,2.000000,1796889481556129950,4321.799788,7390.974093,19103.747975,0.000000,,,0,1,,,,,0.025397,SMALL
ga,hfvrp_n050_m10_s01,50,10,2.000000,1796889477290282071,3388.305108,3895.548282,11179.401673,0.000000,,,0,1,,,,,3.427653,MEDIUM
ga,hfvrp_n050_m10_s05,50,10,2.000000,100,3209.959510,5564.072037,14338.103585,0.000000,,,0,1,,,,,10.422741,BIG
ga,hfvrp_n075_m15_s01,75,15,2.000000,10,5266.689479,3782.254710,12831.198899,0.000000,,,0,1,,,,,17.201129,BIG
ga,hfvrp_n050_m10_s05,50,10,2.000000,200,4171.182349,7801.896116,19774.974581,0.000000,,,0,1,,,,,0.178109,DEFAULT
ga,hfvrp_n050_m10_s05,50,10,2.000000,200,4414.364061,8612.122145,21638.608351,0.000000,,,0,1,,,,,0.027193,SMALL
ga,hfvrp_n075_m15_s01,75,15,2.000000,50,6942.984367,4555.475362,16053.935091,0.000000,,,0,1,,,,,0.290024,DEFAULT
ga,hfvrp_n075_m15_s01,75,15,2.000000,50,9375.006144,11254.005984,31883.018113,0.000000,,,0,1,,,,,0.037534,SMALL
ga,hfvrp_n050_m10_s02,50,10,2.000000,1234,3254.475236,7880.233488,19014.942212,0.000000,,,0,1,,,,,10.499983,BIG
ga,hfvrp_n050_m10_s04,50,10,2.000000,200,2864.009502,5623.226382,14110.462267,0.000000,,,0,1,,,,,10.291789,BIG
ga,hfvrp_n050_m10_s02,50,10,2.000000,9999,3395.259522,9120.635157,21636.529836,0.000000,,,0,1,,,,,0.177061,DEFAULT
ga,hfvrp_n050_m10_s02,50,10,2.000000,9999,3889.025637,14112.456909,32113.939455,0.000000,,,0,1,,,,,0.021433,SMALL
ga,hfvrp_n050_m10_s05,50,10,2.000000,200,3264.648467,5760.298005,14785.244477,0.000000,,,0,1,,,,,3.448082,MEDIUM
ga,hfvrp_n050_m10_s04,50,10,2.000000,999,3361.486382,6480.608319,16322.703020,0.000000,,,0,1,,,,,0.173646,DEFAULT
ga,hfvrp_n050_m10_s04,50,10,2.000000,999,4518.855477,7184.586746,18888.028970,0.000000,,,0,1,,,,,0.024649,SMALL
ga,hfvrp_n050_m10_s03,50,10,2.000000,999,2593.691712,5624.026760,13841.745232,0.000000,,,0,1,,,,,10.584536,BIG
ga,hfvrp_n050_m10_s03,50,10,2.000000,1234,3178.735496,7434.471716,18047.678928,0.000000,,,0,1,,,,,0.173431,DEFAULT
ga,hfvrp_n050_m10_s03,50,10,2.000000,1234,3577.766212,12575.979726,28729.725664,0.000000,,,0,1,,,,,0.023318,SMALL
ga,hfvrp_n050_m10_s02,50,10,2.000000,9999,3438.695601,8462.258205,20363.212011,0.000000,,,0,1,,,,,3.515749,MEDIUM
ga,hfvrp_n050_m10_s04,50,10,2.000000,999,2699.396257,5346.766876,13392.930009,0.000000,,,0,1,,,,,3.389108,MEDIUM
ga,hfvrp_n075_m15_s01,75,15,2.000000,50,4802.517128,3883.900634,12570.318396,0.000000,,,0,1,,,,,5.601566,MEDIUM
ga,hfvrp_n050_m10_s01,50,10,2.000000,1796889454952321018,3023.237884,4393.038271,11809.314425,0.000000,,,0,1,,,,,10.377769,BIG
ga,hfvrp_n050_m10_s03,50,10,2.000000,1234,2949.929249,6119.294741,15188.518730,0.000000,,,0,1,,,,,3.442622,MEDIUM
ga,hfvrp_n075_m15_s02,75,15,2.000000,1796889270832113924,7702.169722,10923.101671,29548.373064,0.000000,,,0,1,,,,,0.278078,DEFAULT
ga,hfvrp_n075_m15_s02,75,15,2.000000,1796889266819005902,9617.385466,17769.442770,45156.271006,0.000000,,,0,1,,,,,0.038854,SMALL
ga,hfvrp_n050_m10_s05,50,10,2.000000,200,3296.649675,5695.745522,14688.140719,0.000000,,,0,1,,,,,10.518770,BIG
ga,hfvrp_n050_m10_s05,50,10,2.000000,999,4122.136183,7578.062444,19278.261070,0.000000,,,0,1,,,,,0.170270,DEFAULT
ga,hfvrp_n050_m10_s05,50,10,2.000000,999,4353.909310,11039.762461,26433.434233,0.000000,,,0,1,,,,,0.027395,SMALL
ga,hfvrp_n075_m15_s02,75,15,2.000000,1796888678450971125,6166.857137,7308.040438,20782.938013,0.000000,,,0,1,,,,,5.627873,MEDIUM
ga,hfvrp_n050_m10_s02,50,10,2.000000,9999,3214.927707,7358.377820,17931.683347,0.000000,,,0,1,,,,,10.480634,BIG
ga,hfvrp_n050_m10_s04,50,10,2.000000,999,2935.376800,5180.245618,13295.868036,0.000000,,,0,1,,,,,10.464329,BIG
ga,hfvrp_n050_m10_s02,50,10,2.000000,19345,3740.898203,8006.418600,19753.735404,0.000000,,,0,1,,,,,0.183826,DEFAULT
ga,hfvrp_n050_m10_s02,50,10,2.000000,19345,4062.065693,15021.208322,34104.482337,0.000000,,,0,1,,,,,0.022232,SMALL
ga,hfvrp_n050_m10_s05,50,10,2.000000,999,3041.905994,5056.133808,13154.173610,0.000000,,,0,1,,,,,3.480270,MEDIUM
ga,hfvrp_n050_m10_s04,50,10,2.000000,1234,3102.399018,7376.972852,17856.344722,0.000000,,,0,1,,,,,0.174832,DEFAULT
ga,hfvrp_n050_m10_s04,50,10,2.000000,1234,4048.736356,8105.471321,20259.678999,0.000000,,,0,1,,,,,0.029373,SMALL
ga,hfvrp_n050_m10_s03,50,10,2.000000,1234,2738.710960,5918.116026,14574.943013,0.000000,,,0,1,,,,,10.271733,BIG
ga,hfvrp_n050_m10_s03,50,10,2.000000,9999,3587.306673,7177.677148,17942.660969,0.000000,,,0,1,,,,,0.165932,DEFAULT
ga,hfvrp_n050_m10_s03,50,10,2.000000,9999,3318.347721,13161.376730,29641.101181,0.000000,,,0,1,,,,,0.025303,SMALL
ga,hfvrp_n050_m10_s02,50,10,2.000000,19345,3388.417712,7482.381051,18353.179813,0.000000,,,0,1,,,,,3.489963,MEDIUM
ga,hfvrp_n050_m10_s04,50,10,2.000000,1234,2843.271737,5621.901551,14087.074838,0.000000,,,0,1,,,,,3.449398,MEDIUM
ga,hfvrp_n050_m10_s03,50,10,2.000000,9999,3047.213837,5217.238899,13481.691635,0.000000,,,0,1,,,,,3.482184,MEDIUM
ga,hfvrp_n075_m15_s01,75,15,2.000000,50,5247.597322,3427.738613,12103.074548,0.000000,,,0,1,,,,,16.881101,BIG
ga,hfvrp_n075_m15_s01,75,15,2.000000,75,7572.068034,3988.247533,15548.563100,0.000000,,,0,1,,,,,0.295836,DEFAULT
ga,hfvrp_n075_m15_s01,75,15,2.000000,75,11711.947523,9514.473522,30740.894567,0.000000,,,0,1,,,,,0.044269,SMALL
ga,hfvrp_n050_m10_s05,50,10,2.000000,999,3350.859874,5816.848925,14984.557723,0.000000,,,0,1,,,,,10.383999,BIG
ga,hfvrp_n050_m10_s05,50,10,2.000000,1234,3789.289037,6956.123025,17701.535086,0.000000,,,0,1,,,,,0.173493,DEFAULT
ga,hfvrp_n050_m10_s05,50,10,2.000000,1234,5719.197943,9014.115825,23747.429593,0.000000,,,0,1,,,,,0.028234,SMALL
ga,hfvrp_n075_m15_s01,75,15,2.000000,75,5309.240564,3713.044960,12735.330483,0.000000,,,0,1,,,,,5.596598,MEDIUM
ga,hfvrp_n050_m10_s02,50,10,2.000000,19345,3063.154774,7936.502661,18936.160097,0.000000,,,0,1,,,,,10.499439,BIG
ga,hfvrp_n050_m10_s02,50,10,2.000000,1796888927478707133,3679.365557,9152.420407,21984.206371,0.000000,,,0,1,,,,,0.169742,DEFAULT
ga,hfvrp_n050_m10_s04,50,10,2.000000,1234,3147.656322,5462.316609,14072.289540,0.000000,,,0,1,,,,,10.600432,BIG
ga,hfvrp_n050_m10_s05,50,10,2.000000,1234,3282.670818,5092.909752,13468.490323,0.000000,,,0,1,,,,,3.405042,MEDIUM
ga,hfvrp_n050_m10_s02,50,10,2.000000,1796888931947388579,3516.657345,17212.738036,37942.133417,0.000000,,,0,1,,,,,0.023343,SMALL
ga,hfvrp_n050_m10_s03,50,10,2.000000,9999,2881.295893,6216.370385,15314.036662,0.000000,,,0,1,,,,,10.528992,BIG
ga,hfvrp_n050_m10_s04,50,10,2.000000,9999,3077.225765,6148.139950,15373.505664,0.000000,,,0,1,,,,,0.171313,DEFAULT
ga,hfvrp_n050_m10_s04,50,10,2.000000,9999,3896.465985,9084.842188,22066.150361,0.000000,,,0,1,,,,,0.025694,SMALL
ga,hfvrp_n075_m15_s02,75,15,2.000000,1796888649727855943,6444.800661,7660.767749,21766.336159,0.000000,,,0,1,,,,,17.194228,BIG
ga,hfvrp_n050_m10_s03,50,10,2.000000,19345,3576.940827,7859.072853,19295.086532,0.000000,,,0,1,,,,,0.169501,DEFAULT
ga,hfvrp_n050_m10_s03,50,10,2.000000,19345,3599.332741,9962.689720,23524.712181,0.000000,,,0,1,,,,,0.027166,SMALL
ga,hfvrp_n050_m10_s02,50,10,2.000000,1796888957749091384,3115.362170,7360.117654,17835.597478,0.000000,,,0,1,,,,,3.485155,MEDIUM
ga,hfvrp_n050_m10_s04,50,10,2.000000,9999,3026.100469,5227.306528,13480.713524,0.000000,,,0,1,,,,,3.441159,MEDIUM
ga,hfvrp_n075_m15_s02,75,15,2.000000,1,7042.516699,10819.307360,28681.131420,0.000000,,,0,1,,,,,0.275095,DEFAULT
ga,hfvrp_n075_m15_s02,75,15,2.000000,1,8910.945261,13025.772977,34962.491214,0.000000,,,0,1,,,,,0.044475,SMALL
ga,hfvrp_n050_m10_s03,50,10,2.000000,19345,2687.191335,5871.913268,14431.017871,0.000000,,,0,1,,,,,3.479463,MEDIUM
ga,hfvrp_n050_m10_s05,50,10,2.000000,1234,3402.103817,6040.097476,15482.298768,0.000000,,,0,1,,,,,10.299551,BIG
ga,hfvrp_n075_m15_s02,75,15,2.000000,1,6395.241855,7878.466249,22152.174352,0.000000,,,0,1,,,,,5.698693,MEDIUM
ga,hfvrp_n050_m10_s05,50,10,2.000000,9999,3851.653031,6840.296608,17532.246247,0.000000,,,0,1,,,,,0.170023,DEFAULT
ga,hfvrp_n050_m10_s05,50,10,2.000000,9999,4560.679517,9322.392215,23205.463946,0.000000,,,0,1,,,,,0.022552,SMALL
ga,hfvrp_n050_m10_s02,50,10,2.000000,1796888467322000941,2734.560329,7351.706819,17437.973967,0.000000,,,0,1,,,,,10.601246,BIG
ga,hfvrp_n050_m10_s05,50,10,2.000000,9999,3375.172497,5331.228985,14037.630467,0.000000,,,0,1,,,,,3.425806,MEDIUM
ga,hfvrp_n050_m10_s04,50,10,2.000000,9999,2992.471093,5225.267924,13443.006941,0.000000,,,0,1,,,,,10.359406,BIG
ga,hfvrp_n050_m10_s03,50,10,2.000000,19345,2776.022843,5607.720863,13991.464570,0.000000,,,0,1,,,,,10.512063,BIG
ga,hfvrp_n050_m10_s03,50,10,2.000000,1796888647073146959,2720.435752,6919.816788,16560.069327,0.000000,,,0,1,,,,,0.174915,DEFAULT
ga,hfvrp_n075_m15_s03,75,15,2.000000,1796888608309661888,6746.198123,9869.773767,26485.745656,0.000000,,,0,1,,,,,0.285627,DEFAULT
ga,hfvrp_n050_m10_s03,50,10,2.000000,1796888655843504855,3490.474468,8540.184106,20570.842681,0.000000,,,0,1,,,,,0.025055,SMALL
ga,hfvrp_n050_m10_s04,50,10,2.000000,19345,3304.379625,6370.990672,16046.360970,0.000000,,,0,1,,,,,0.178595,DEFAULT
ga,hfvrp_n075_m15_s03,75,15,2.000000,1796888660139042863,8864.136302,25004.698689,58873.533681,0.000000,,,0,1,,,,,0.038370,SMALL
ga,hfvrp_n050_m10_s04,50,10,2.000000,19345,4205.998879,9042.336289,22290.671458,0.000000,,,0,1,,,,,0.026191,SMALL
ga,hfvrp_n075_m15_s01,75,15,2.000000,75,5139.651856,3574.398416,12288.448687,0.000000,,,0,1,,,,,17.367545,BIG
ga,hfvrp_n075_m15_s01,75,15,2.000000,100,6667.604454,4563.751358,15795.107170,0.000000,,,0,1,,,,,0.287393,DEFAULT
ga,hfvrp_n075_m15_s01,75,15,2.000000,100,10149.615063,7790.945745,25731.506554,0.000000,,,0,1,,,,,0.043437,SMALL
ga,hfvrp_n050_m10_s04,50,10,2.000000,19345,2590.469786,5776.836997,14144.143780,0.000000,,,0,1,,,,,3.413275,MEDIUM
ga,hfvrp_n050_m10_s03,50,10,2.000000,1796888630101824460,2488.741145,5918.584720,14325.910585,0.000000,,,0,1,,,,,3.491330,MEDIUM
ga,hfvrp_n075_m15_s03,75,15,2.000000,1796888638709214020,5952.453347,7967.762494,21887.978334,0.000000,,,0,1,,,,,5.641140,MEDIUM
ga,hfvrp_n075_m15_s01,75,15,2.000000,100,5061.907931,3879.943883,12821.795697,0.000000,,,0,1,,,,,5.533829,MEDIUM
ga,hfvrp_n050_m10_s05,50,10,2.000000,9999,3392.156005,5194.789020,13781.734046,0.000000,,,0,1,,,,,10.499364,BIG
ga,hfvrp_n050_m10_s05,50,10,2.000000,19345,4449.359859,7444.475019,19338.309898,0.000000,,,0,1,,,,,0.172630,DEFAULT
ga,hfvrp_n050_m10_s05,50,10,2.000000,19345,4297.384023,9631.795175,23560.974373,0.000000,,,0,1,,,,,0.021556,SMALL
ga,hfvrp_n075_m15_s02,75,15,2.000000,1,6325.767834,7335.979320,20997.726474,0.000000,,,0,1,,,,,17.405799,BIG
ga,hfvrp_n050_m10_s05,50,10,2.000000,19345,3366.001465,5804.393008,14974.787481,0.000000,,,0,1,,,,,3.440684,MEDIUM
ga,hfvrp_n050_m10_s04,50,10,2.000000,19345,3030.370298,5826.380354,14683.131006,0.000000,,,0,1,,,,,10.368420,BIG
ga,hfvrp_n050_m10_s03,50,10,2.000000,1796888169744588547,2926.985348,5724.839319,14376.663985,0.000000,,,0,1,,,,,10.374439,BIG
ga,hfvrp_n050_m10_s04,50,10,2.000000,1796888318424173691,3271.883624,6631.934713,16535.753051,0.000000,,,0,1,,,,,0.180898,DEFAULT
ga,hfvrp_n050_m10_s04,50,10,2.000000,1796888310023931959,4537.961039,9049.410327,22636.781693,0.000000,,,0,1,,,,,0.029981,SMALL
ga,hfvrp_n075_m15_s02,75,15,2.000000,10,7463.969016,9900.838083,27265.645183,0.000000,,,0,1,,,,,0.292585,DEFAULT
ga,hfvrp_n075_m15_s02,75,15,2.000000,10,8044.247694,14202.072035,36448.391764,0.000000,,,0,1,,,,,0.045141,SMALL
ga,hfvrp_n075_m15_s04,75,15,2.000000,1796888293611057807,7867.259292,7542.132077,22951.523446,0.000000,,,0,1,,,,,0.288689,DEFAULT
ga,hfvrp_n075_m15_s04,75,15,2.000000,1796888349737514339,11952.932621,16814.159852,45581.252324,0.000000,,,0,1,,,,,0.036762,SMALL
ga,hfvrp_n050_m10_s04,50,10,2.000000,1796888305765259055,3145.985461,5665.827032,14477.639524,0.000000,,,0,1,,,,,3.395691,MEDIUM
ga,hfvrp_n075_m15_s02,75,15,2.000000,10,6184.029392,7135.026217,20454.081826,0.000000,,,0,1,,,,,5.662950,MEDIUM
ga,hfvrp_n075_m15_s04,75,15,2.000000,1796888285357638853,6447.995832,6038.052870,18524.101571,0.000000,,,0,1,,,,,5.635399,MEDIUM
ga,hfvrp_n075_m15_s03,75,15,2.000000,1796888167617802148,5681.057441,6837.693839,19356.445119,0.000000,,,0,1,,,,,17.263818,BIG
ga,hfvrp_n050_m10_s05,50,10,2.000000,19345,3105.389820,5228.517730,13562.425281,0.000000,,,0,1,,,,,10.399234,BIG
ga,hfvrp_n050_m10_s05,50,10,2.000000,1796888413477128943,3533.249986,6154.509560,15842.269105,0.000000,,,0,1,,,,,0.175581,DEFAULT
ga,hfvrp_n050_m10_s05,50,10,2.000000,1796888409361499231,3943.054129,11043.745699,26030.545527,0.000000,,,0,1,,,,,0.022519,SMALL
ga,hfvrp_n075_m15_s01,75,15,2.000000,100,5132.297787,3716.758133,12565.814052,0.000000,,,0,1,,,,,17.117191,BIG
ga,hfvrp_n075_m15_s03,75,15,2.000000,1,7114.137422,9322.036437,25758.210295,0.000000,,,0,1,,,,,0.288814,DEFAULT
ga,hfvrp_n075_m15_s03,75,15,2.000000,1,8461.316311,18762.288570,45985.893451,0.000000,,,0,1,,,,,0.037191,SMALL
ga,hfvrp_n075_m15_s01,75,15,2.000000,200,6350.783687,4535.243767,15421.271220,0.000000,,,0,1,,,,,0.307078,DEFAULT
ga,hfvrp_n075_m15_s01,75,15,2.000000,200,10773.553896,7116.360052,25006.274001,0.000000,,,0,1,,,,,0.043482,SMALL
ga,hfvrp_n050_m10_s05,50,10,2.000000,1796888422272609389,3277.222151,6099.006753,15475.235656,0.000000,,,0,1,,,,,3.382608,MEDIUM
ga,hfvrp_n050_m10_s04,50,10,2.000000,1796888291990272885,3219.917519,5761.491569,14742.900658,0.000000,,,0,1,,,,,10.484401,BIG
ga,hfvrp_n075_m15_s03,75,15,2.000000,1,5707.388960,8180.387981,22068.164921,0.000000,,,0,1,,,,,5.570998,MEDIUM
ga,hfvrp_n075_m15_s05,75,15,2.000000,1796887990661488247,7443.341474,8765.096799,24973.535072,0.000000,,,0,1,,,,,0.287881,DEFAULT
ga,hfvrp_n075_m15_s05,75,15,2.000000,1796887986658401413,9492.244133,14432.393221,38357.030576,0.000000,,,0,1,,,,,0.039744,SMALL
ga,hfvrp_n075_m15_s01,75,15,2.000000,200,5642.786548,3835.343506,13313.473560,0.000000,,,0,1,,,,,5.574980,MEDIUM
ga,hfvrp_n075_m15_s05,75,15,2.000000,1796887982407050756,6995.251079,6090.870116,19176.991311,0.000000,,,0,1,,,,,5.545752,MEDIUM
ga,hfvrp_n075_m15_s02,75,15,2.000000,10,6095.278179,7715.219935,21525.718048,0.000000,,,0,1,,,,,16.990275,BIG
ga,hfvrp_n050_m10_s05,50,10,2.000000,1796887923148167899,3237.042129,5225.048583,13687.139295,0.000000,,,0,1,,,,,10.376122,BIG
ga,hfvrp_n075_m15_s04,75,15,2.000000,1796888295297441194,6065.164603,6097.296112,18259.756826,0.000000,,,0,1,,,,,17.210495,BIG
ga,hfvrp_n075_m15_s04,75,15,2.000000,1,7329.634145,8979.311867,25288.257879,0.000000,,,0,1,,,,,0.279575,DEFAULT
ga,hfvrp_n075_m15_s04,75,15,2.000000,1,10131.668183,16508.748865,43149.165913,0.000000,,,0,1,,,,,0.041269,SMALL
ga,hfvrp_n075_m15_s02,75,15,2.000000,50,8018.383379,10838.681872,29695.747124,0.000000,,,0,1,,,,,0.285781,DEFAULT
ga,hfvrp_n075_m15_s02,75,15,2.000000,50,9730.409710,16192.064292,42114.538295,0.000000,,,0,1,,,,,0.038259,SMALL
ga,hfvrp_n100_m20_s01,100,20,2.000000,1796888140081357846,13144.792228,16467.821989,46080.436205,0.000000,,,0,1,,,,,0.418200,DEFAULT
ga,hfvrp_n100_m20_s01,100,20,2.000000,1796888144798725659,14681.025210,31783.282688,78247.590586,0.000000,,,0,1,,,,,0.062168,SMALL
ga,hfvrp_n075_m15_s04,75,15,2.000000,1,6061.535849,6288.358890,18638.253628,0.000000,,,0,1,,,,,5.635296,MEDIUM
ga,hfvrp_n075_m15_s02,75,15,2.000000,50,6172.817056,7841.910367,21856.637790,0.000000,,,0,1,,,,,5.705894,MEDIUM
ga,hfvrp_n075_m15_s03,75,15,2.000000,1,6031.948268,7390.034219,20812.016706,0.000000,,,0,1,,,,,17.252366,BIG
ga,hfvrp_n075_m15_s01,75,15,2.000000,200,5190.751086,3700.049333,12590.849752,0.000000,,,0,1,,,,,17.248319,BIG
ga,hfvrp_n075_m15_s03,75,15,2.000000,10,7341.286364,10278.846037,27898.978439,0.000000,,,0,1,,,,,0.286145,DEFAULT
ga,hfvrp_n075_m15_s03,75,15,2.000000,10,9568.993650,15827.178256,41223.350163,0.000000,,,0,1,,,,,0.044049,SMALL
ga,hfvrp_n075_m15_s01,75,15,2.000000,999,7116.198165,5139.422020,17395.042205,0.000000,,,0,1,,,,,0.285125,DEFAULT
ga,hfvrp_n075_m15_s01,75,15,2.000000,999,9100.351059,12493.446351,34087.243762,0.000000,,,0,1,,,,,0.043744,SMALL
ga,hfvrp_n100_m20_s01,100,20,2.000000,1796888131985307129,9247.218664,11260.769295,31768.757254,0.000000,,,0,1,,,,,8.096782,MEDIUM
ga,hfvrp_n075_m15_s05,75,15,2.000000,1796887979367299542,5217.002869,5676.255655,16569.514179,0.000000,,,0,1,,,,,16.996917,BIG
ga,hfvrp_n075_m15_s03,75,15,2.000000,10,6210.970870,7724.713421,21660.397713,0.000000,,,0,1,,,,,5.640067,MEDIUM
ga,hfvrp_n075_m15_s05,75,15,2.000000,1,7399.941329,8192.814705,23785.570739,0.000000,,,0,1,,,,,0.276094,DEFAULT
ga,hfvrp_n075_m15_s05,75,15,2.000000,1,7970.180098,10172.865423,28315.910944,0.000000,,,0,1,,,,,0.037655,SMALL
ga,hfvrp_n075_m15_s01,75,15,2.000000,999,5360.050561,3660.329826,12680.710214,0.000000,,,0,1,,,,,5.563998,MEDIUM
ga,hfvrp_n075_m15_s05,75,15,2.000000,1,5813.751787,6129.481575,18072.714938,0.000000,,,0,1,,,,,5.570550,MEDIUM
ga,hfvrp_n075_m15_s04,75,15,2.000000,1,6743.808774,6342.372414,19428.553601,0.000000,,,0,1,,,,,17.122427,BIG
ga,hfvrp_n075_m15_s02,75,15,2.000000,50,6426.624319,7550.639547,21527.903414,0.000000,,,0,1,,,,,17.154366,BIG
ga,hfvrp_n075_m15_s04,75,15,2.000000,10,8796.627149,10094.619058,28985.865266,0.000000,,,0,1,,,,,0.279418,DEFAULT
ga,hfvrp_n075_m15_s04,75,15,2.000000,10,11953.884106,16561.378302,45076.640709,0.000000,,,0,1,,,,,0.041386,SMALL
ga,hfvrp_n075_m15_s02,75,15,2.000000,75,7897.321006,13260.334766,34417.990538,0.000000,,,0,1,,,,,0.290209,DEFAULT
ga,hfvrp_n075_m15_s02,75,15,2.000000,75,8892.914537,18364.876428,45622.667393,0.000000,,,0,1,,,,,0.037219,SMALL
ga,hfvrp_n075_m15_s04,75,15,2.000000,10,5530.729190,5724.166227,16979.061644,0.000000,,,0,1,,,,,5.711102,MEDIUM
ga,hfvrp_n075_m15_s03,75,15,2.000000,10,5793.739932,7025.306848,19844.353628,0.000000,,,0,1,,,,,17.187707,BIG
ga,hfvrp_n075_m15_s02,75,15,2.000000,75,6069.770805,6638.936937,19347.644680,0.000000,,,0,1,,,,,5.635215,MEDIUM
ga,hfvrp_n075_m15_s01,75,15,2.000000,999,4938.675157,3757.415283,12453.505724,0.000000,,,0,1,,,,,17.171449,BIG
ga,hfvrp_n075_m15_s03,75,15,2.000000,50,7130.502329,9090.688039,25311.878406,0.000000,,,0,1,,,,,0.273810,DEFAULT
ga,hfvrp_n075_m15_s03,75,15,2.000000,50,9608.889952,20381.346676,50371.583303,0.000000,,,0,1,,,,,0.037211,SMALL
ga,hfvrp_n075_m15_s01,75,15,2.000000,1234,6855.914966,4631.676027,16119.267021,0.000000,,,0,1,,,,,0.283684,DEFAULT
ga,hfvrp_n075_m15_s01,75,15,2.000000,1234,9688.885451,10144.141126,29977.167704,0.000000,,,0,1,,,,,0.044472,SMALL
ga,hfvrp_n100_m20_s01,100,20,2.000000,1796896476622715864,9538.696117,11714.110350,32966.916816,0.000000,,,0,1,,,,,24.624153,BIG
ga,hfvrp_n075_m15_s05,75,15,2.000000,1,5476.217235,6265.345218,18006.907670,0.000000,,,0,1,,,,,17.330763,BIG
ga,hfvrp_n075_m15_s03,75,15,2.000000,50,6071.071432,7853.480388,21778.032208,0.000000,,,0,1,,,,,5.681491,MEDIUM
ga,hfvrp_n075_m15_s05,75,15,2.000000,10,6296.748752,8247.168060,22791.084872,0.000000,,,0,1,,,,,0.289443,DEFAULT
ga,hfvrp_n075_m15_s05,75,15,2.000000,10,7136.371584,14317.927017,35772.225619,0.000000,,,0,1,,,,,0.037512,SMALL
ga,hfvrp_n075_m15_s01,75,15,2.000000,1234,5462.447297,3505.590811,12473.628920,0.000000,,,0,1,,,,,5.561065,MEDIUM
ga,hfvrp_n100_m20_s01,100,20,2.000000,1,12334.613882,17463.793660,47262.201201,0.000000,,,0,1,,,,,0.408531,DEFAULT
ga,hfvrp_n100_m20_s01,100,20,2.000000,1,13037.735368,31200.711201,75439.157771,0.000000,,,0,1,,,,,0.061940,SMALL
ga,hfvrp_n075_m15_s05,75,15,2.000000,10,5448.940274,6395.827827,18240.595928,0.000000,,,0,1,,,,,5.553662,MEDIUM
ga,hfvrp_n075_m15_s04,75,15,2.000000,10,6283.501789,5907.154955,18097.811699,0.000000,,,0,1,,,,,17.118127,BIG
ga,hfvrp_n100_m20_s01,100,20,2.000000,1,9367.449521,12104.446430,33576.342381,0.000000,,,0,1,,,,,7.882392,MEDIUM
ga,hfvrp_n075_m15_s02,75,15,2.000000,75,6536.336409,8172.577406,22881.491220,0.000000,,,0,1,,,,,17.082732,BIG
ga,hfvrp_n075_m15_s04,75,15,2.000000,50,7742.604647,8061.092510,23864.789667,0.000000,,,0,1,,,,,0.295585,DEFAULT
ga,hfvrp_n075_m15_s04,75,15,2.000000,50,12234.435052,15423.192338,43080.819729,0.000000,,,0,1,,,,,0.038369,SMALL
ga,hfvrp_n075_m15_s02,75,15,2.000000,100,7765.698803,11381.188221,30528.075245,0.000000,,,0,1,,,,,0.281300,DEFAULT
ga,hfvrp_n075_m15_s02,75,15,2.000000,100,10017.092954,20457.084466,50931.261887,0.000000,,,0,1,,,,,0.042736,SMALL
ga,hfvrp_n075_m15_s04,75,15,2.000000,50,7000.086190,6825.945350,20651.976891,0.000000,,,0,1,,,,,5.561518,MEDIUM
ga,hfvrp_n075_m15_s03,75,15,2.000000,50,6129.788039,7168.187233,20466.162504,0.000000,,,0,1,,,,,17.100858,BIG
ga,hfvrp_n075_m15_s01,75,15,2.000000,1234,4895.759271,3720.773601,12337.306472,0.000000,,,0,1,,,,,17.479970,BIG
ga,hfvrp_n075_m15_s03,75,15,2.000000,75,7890.528360,9815.414781,27521.357921,0.000000,,,0,1,,,,,0.288989,DEFAULT
ga,hfvrp_n075_m15_s03,75,15,2.000000,75,9035.293853,21240.399856,51516.093565,0.000000,,,0,1,,,,,0.039161,SMALL
ga,hfvrp_n075_m15_s02,75,15,2.000000,100,6333.932530,6779.524405,19892.981340,0.000000,,,0,1,,,,,5.746452,MEDIUM
ga,hfvrp_n075_m15_s01,75,15,2.000000,9999,6794.922086,5037.772683,16870.467452,0.000000,,,0,1,,,,,0.292150,DEFAULT
ga,hfvrp_n075_m15_s01,75,15,2.000000,9999,9746.499484,6856.024051,23458.547586,0.000000,,,0,1,,,,,0.038265,SMALL
ga,hfvrp_n075_m15_s05,75,15,2.000000,10,6200.848074,5976.983750,18154.815575,0.000000,,,0,1,,,,,17.522580,BIG
ga,hfvrp_n075_m15_s03,75,15,2.000000,75,6644.607509,8623.688712,23891.984933,0.000000,,,0,1,,,,,5.584759,MEDIUM
ga,hfvrp_n075_m15_s01,75,15,2.000000,9999,5251.049698,3763.088706,12777.227110,0.000000,,,0,1,,,,,5.537465,MEDIUM
ga,hfvrp_n075_m15_s05,75,15,2.000000,50,7173.781920,8881.620424,24937.022768,0.000000,,,0,1,,,,,0.279372,DEFAULT
ga,hfvrp_n075_m15_s05,75,15,2.000000,50,10474.292142,12632.848442,35739.989027,0.000000,,,0,1,,,,,0.035115,SMALL
ga,hfvrp_n075_m15_s05,75,15,2.000000,50,5341.970419,5607.251749,16556.473917,0.000000,,,0,1,,,,,5.655517,MEDIUM
ga,hfvrp_n100_m20_s01,100,20,2.000000,1,8912.825106,11217.610197,31348.045500,0.000000,,,0,1,,,,,23.779212,BIG
ga,hfvrp_n075_m15_s04,75,15,2.000000,50,6536.994755,6260.615229,19058.225213,0.000000,,,0,1,,,,,17.742536,BIG
ga,hfvrp_n075_m15_s04,75,15,2.000000,75,8562.487342,9254.002629,27070.492600,0.000000,,,0,1,,,,,0.269815,DEFAULT
ga,hfvrp_n075_m15_s04,75,15,2.000000,75,12760.612027,14869.028590,42498.669207,0.000000,,,0,1,,,,,0.037736,SMALL
ga,hfvrp_n075_m15_s02,75,15,2.000000,100,6109.554320,6444.418165,18998.390649,0.000000,,,0,1,,,,,17.065000,BIG
ga,hfvrp_n100_m20_s01,100,20,2.000000,10,12267.860286,16048.233582,44364.327450,0.000000,,,0,1,,,,,0.431831,DEFAULT
ga,hfvrp_n100_m20_s01,100,20,2.000000,10,13379.978746,29241.623203,71863.225151,0.000000,,,0,1,,,,,0.072156,SMALL
ga,hfvrp_n075_m15_s02,75,15,2.000000,200,6874.812608,8423.793895,23722.400397,0.000000,,,0,1,,,,,0.281179,DEFAULT
ga,hfvrp_n075_m15_s02,75,15,2.000000,200,9112.950223,15473.132343,40059.214909,0.000000,,,0,1,,,,,0.038368,SMALL
ga,hfvrp_n075_m15_s03,75,15,2.000000,75,5429.435654,7936.942779,21303.321213,0.000000,,,0,1,,,,,17.118834,BIG
ga,hfvrp_n075_m15_s04,75,15,2.000000,75,6173.567391,6363.523388,18900.614167,0.000000,,,0,1,,,,,5.698891,MEDIUM
ga,hfvrp_n075_m15_s01,75,15,2.000000,9999,4890.985414,3437.894190,11766.773794,0.000000,,,0,1,,,,,17.362950,BIG
ga,hfvrp_n075_m15_s03,75,15,2.000000,100,7679.527652,9342.108635,26363.744923,0.000000,,,0,1,,,,,0.284803,DEFAULT
ga,hfvrp_n075_m15_s03,75,15,2.000000,100,9284.804803,14945.482499,39175.769801,0.000000,,,0,1,,,,,0.039974,SMALL
ga,hfvrp_n075_m15_s01,75,15,2.000000,19345,7116.476731,4389.196446,15894.869624,0.000000,,,0,1,,,,,0.285910,DEFAULT
ga,hfvrp_n075_m15_s01,75,15,2.000000,19345,10257.128623,8656.557327,27570.243276,0.000000,,,0,1,,,,,0.042069,SMALL
ga,hfvrp_n075_m15_s02,75,15,2.000000,200,5979.714845,7140.379521,20260.473887,0.000000,,,0,1,,,,,5.576441,MEDIUM
ga,hfvrp_n100_m20_s01,100,20,2.000000,10,8677.565436,13898.508246,36474.581928,0.000000,,,0,1,,,,,7.881581,MEDIUM
ga,hfvrp_n075_m15_s05,75,15,2.000000,50,5706.786808,6793.344399,19293.475605,0.000000,,,0,1,,,,,17.133395,BIG
ga,hfvrp_n075_m15_s03,75,15,2.000000,100,5970.679719,7922.558721,21815.797161,0.000000,,,0,1,,,,,5.530739,MEDIUM
ga,hfvrp_n075_m15_s01,75,15,2.000000,19345,5185.265482,4075.878101,13337.021685,0.000000,,,0,1,,,,,5.549791,MEDIUM
ga,hfvrp_n075_m15_s05,75,15,2.000000,75,8034.671078,8106.094574,24246.860225,0.000000,,,0,1,,,,,0.280013,DEFAULT
ga,hfvrp_n075_m15_s05,75,15,2.000000,75,7773.628473,14637.023056,37047.674585,0.000000,,,0,1,,,,,0.041443,SMALL
ga,hfvrp_n075_m15_s05,75,15,2.000000,75,5653.222435,6148.868596,17950.959628,0.000000,,,0,1,,,,,5.597962,MEDIUM
ga,hfvrp_n075_m15_s04,75,15,2.000000,75,5699.934013,5812.714557,17325.363127,0.000000,,,0,1,,,,,17.279555,BIG
ga,hfvrp_n075_m15_s04,75,15,2.000000,100,8150.792750,10535.592167,29221.977085,0.000000,,,0,1,,,,,0.284520,DEFAULT
ga,hfvrp_n075_m15_s04,75,15,2.000000,100,11080.891086,17101.834658,45284.560402,0.000000,,,0,1,,,,,0.043773,SMALL
ga,hfvrp_n075_m15_s02,75,15,2.000000,200,6145.870298,6891.099679,19928.069656,0.000000,,,0,1,,,,,17.095269,BIG
ga,hfvrp_n075_m15_s02,75,15,2.000000,999,6774.623498,9874.163125,26522.949748,0.000000,,,0,1,,,,,0.284962,DEFAULT
ga,hfvrp_n075_m15_s02,75,15,2.000000,999,10098.701793,15961.251856,42021.205505,0.000000,,,0,1,,,,,0.042308,SMALL
ga,hfvrp_n075_m15_s03,75,15,2.000000,100,5985.528073,7669.680576,21324.889225,0.000000,,,0,1,,,,,17.085188,BIG
ga,hfvrp_n075_m15_s01,75,15,2.000000,19345,5323.562656,3611.291475,12546.145606,0.000000,,,0,1,,,,,17.283891,BIG
ga,hfvrp_n075_m15_s04,75,15,2.000000,100,5901.690136,6125.891982,18153.474100,0.000000,,,0,1,,,,,5.737593,MEDIUM
ga,hfvrp_n075_m15_s03,75,15,2.000000,200,7490.903647,9741.916824,26974.737295,0.000000,,,0,1,,,,,0.288636,DEFAULT
ga,hfvrp_n075_m15_s03,75,15,2.000000,200,9615.283398,18339.628561,46294.540520,0.000000,,,0,1,,,,,0.037784,SMALL
ga,hfvrp_n075_m15_s01,75,15,2.000000,1796895925217741175,6679.658215,5483.328099,17646.314413,0.000000,,,0,1,,,,,0.279386,DEFAULT
ga,hfvrp_n075_m15_s01,75,15,2.000000,1796895929800251482,10375.437206,6680.312966,23736.063139,0.000000,,,0,1,,,,,0.043463,SMALL
ga,hfvrp_n100_m20_s01,100,20,2.000000,10,9349.843006,11593.882804,32537.608613,0.000000,,,0,1,,,,,24.059786,BIG
ga,hfvrp_n075_m15_s02,75,15,2.000000,999,7022.376378,8651.820113,24326.016603,0.000000,,,0,1,,,,,5.580841,MEDIUM
ga,hfvrp_n075_m15_s05,75,15,2.000000,75,5648.016062,5574.064519,16796.145100,0.000000,,,0,1,,,,,17.154679,BIG
ga,hfvrp_n075_m15_s03,75,15,2.000000,200,5990.416931,7741.494788,21473.406507,0.000000,,,0,1,,,,,5.606503,MEDIUM
ga,hfvrp_n075_m15_s01,75,15,2.000000,1796895916963871936,5174.058432,3519.073518,12212.205468,0.000000,,,0,1,,,,,5.667173,MEDIUM
ga,hfvrp_n100_m20_s01,100,20,2.000000,50,12166.296507,21966.999636,56100.295780,0.000000,,,0,1,,,,,0.408519,DEFAULT
ga,hfvrp_n100_m20_s01,100,20,2.000000,50,16569.841332,30629.699441,77829.240214,0.000000,,,0,1,,,,,0.068499,SMALL
ga,hfvrp_n075_m15_s05,75,15,2.000000,100,7254.791501,7610.854979,22476.501458,0.000000,,,0,1,,,,,0.287569,DEFAULT
ga,hfvrp_n075_m15_s05,75,15,2.000000,100,7974.174116,13625.975192,35226.124501,0.000000,,,0,1,,,,,0.041326,SMALL
ga,hfvrp_n075_m15_s05,75,15,2.000000,100,6096.941928,6668.423868,19433.789663,0.000000,,,0,1,,,,,5.576821,MEDIUM
ga,hfvrp_n100_m20_s01,100,20,2.000000,50,8445.876364,11553.598694,31553.073753,0.000000,,,0,1,,,,,7.979017,MEDIUM
ga,hfvrp_n075_m15_s04,75,15,2.000000,100,6422.740811,5741.256260,17905.253331,0.000000,,,0,1,,,,,17.187688,BIG
ga,hfvrp_n075_m15_s04,75,15,2.000000,200,7557.334703,8491.055825,24539.446353,0.000000,,,0,1,,,,,0.290351,DEFAULT
ga,hfvrp_n075_m15_s04,75,15,2.000000,200,11001.280946,17085.684225,45172.649396,0.000000,,,0,1,,,,,0.043914,SMALL
ga,hfvrp_n075_m15_s02,75,15,2.000000,999,5769.953902,7295.550303,20361.054508,0.000000,,,0,1,,,,,17.096599,BIG
ga,hfvrp_n075_m15_s03,75,15,2.000000,200,5779.153598,7016.034789,19811.223176,0.000000,,,0,1,,,,,17.252609,BIG
ga,hfvrp_n075_m15_s01,75,15,2.000000,1796895746541626645,4927.566645,4002.980692,12933.528029,0.000000,,,0,1,,,,,16.949624,BIG
ga,hfvrp_n075_m15_s02,75,15,2.000000,1234,6616.178901,9025.906895,24667.992692,0.000000,,,0,1,,,,,0.279944,DEFAULT
ga,hfvrp_n075_m15_s02,75,15,2.000000,1234,8732.049498,15603.807164,39939.663826,0.000000,,,0,1,,,,,0.039643,SMALL
ga,hfvrp_n075_m15_s04,75,15,2.000000,200,6013.912765,6560.662748,19135.238261,0.000000,,,0,1,,,,,5.568730,MEDIUM
ga,hfvrp_n075_m15_s03,75,15,2.000000,999,7733.150472,9442.582732,26618.315936,0.000000,,,0,1,,,,,0.287630,DEFAULT
ga,hfvrp_n075_m15_s03,75,15,2.000000,999,9906.708429,16266.686012,42440.080452,0.000000,,,0,1,,,,,0.040691,SMALL
ga,hfvrp_n075_m15_s02,75,15,2.000000,1234,6335.955567,8350.732269,23037.420104,0.000000,,,0,1,,,,,5.474212,MEDIUM
ga,hfvrp_n075_m15_s05,75,15,2.000000,100,6100.540293,5850.663682,17801.867658,0.000000,,,0,1,,,,,17.046879,BIG
ga,hfvrp_n075_m15_s03,75,15,2.000000,999,6419.593554,7738.674171,21896.941895,0.000000,,,0,1,,,,,5.534543,MEDIUM
ga,hfvrp_n100_m20_s02,100,20,2.000000,1796895702252949681,10743.763204,13479.613656,37702.990515,0.000000,,,0,1,,,,,0.419470,DEFAULT
ga,hfvrp_n100_m20_s02,100,20,2.000000,1796895681201649304,14945.025843,29267.678299,73480.382441,0.000000,,,0,1,,,,,0.057199,SMALL
ga,hfvrp_n075_m15_s05,75,15,2.000000,200,7677.094174,9354.868569,26386.831312,0.000000,,,0,1,,,,,0.276053,DEFAULT
ga,hfvrp_n075_m15_s05,75,15,2.000000,200,8579.987294,13062.715388,34705.418070,0.000000,,,0,1,,,,,0.040682,SMALL
ga,hfvrp_n075_m15_s05,75,15,2.000000,200,5697.415310,6622.882168,18943.179645,0.000000,,,0,1,,,,,5.632868,MEDIUM
ga,hfvrp_n100_m20_s01,100,20,2.000000,50,9169.446996,10399.961685,29969.370367,0.000000,,,0,1,,,,,23.911788,BIG
ga,hfvrp_n100_m20_s02,100,20,2.000000,1796895685557871411,8551.661775,10286.770318,29125.202411,0.000000,,,0,1,,,,,7.975886,MEDIUM
ga,hfvrp_n075_m15_s04,75,15,2.000000,200,6689.208682,6497.022309,19683.253300,0.000000,,,0,1,,,,,17.283166,BIG
ga,hfvrp_n075_m15_s04,75,15,2.000000,999,8725.776724,9650.995332,28027.767388,0.000000,,,0,1,,,,,0.290155,DEFAULT
ga,hfvrp_n075_m15_s04,75,15,2.000000,999,12659.248214,17222.763673,47104.775561,0.000000,,,0,1,,,,,0.043067,SMALL
ga,hfvrp_n100_m20_s01,100,20,2.000000,75,12079.559646,17736.872357,47553.304360,0.000000,,,0,1,,,,,0.416529,DEFAULT
ga,hfvrp_n100_m20_s01,100,20,2.000000,75,13121.744605,39212.347305,91546.439215,0.000000,,,0,1,,,,,0.070396,SMALL
ga,hfvrp_n075_m15_s03,75,15,2.000000,999,6221.401013,7664.049835,21549.500684,0.000000,,,0,1,,,,,16.771094,BIG
ga,hfvrp_n075_m15_s02,75,15,2.000000,1234,6063.340373,7788.380106,21640.100584,0.000000,,,0,1,,,,,17.367514,BIG
ga,hfvrp_n075_m15_s03,75,15,2.000000,1234,7217.846094,8736.123596,24690.093285,0.000000,,,0,1,,,,,0.288293,DEFAULT
ga,hfvrp_n075_m15_s03,75,15,2.000000,1234,8086.314926,18530.053305,45146.421536,0.000000,,,0,1,,,,,0.039724,SMALL
ga,hfvrp_n075_m15_s04,75,15,2.000000,999,5796.753772,6088.513560,17973.780892,0.000000,,,0,1,,,,,5.641269,MEDIUM
ga,hfvrp_n075_m15_s02,75,15,2.000000,9999,7649.570319,12147.675471,31944.921260,0.000000,,,0,1,,,,,0.279358,DEFAULT
ga,hfvrp_n075_m15_s02,75,15,2.000000,9999,9075.445627,17109.298321,43294.042269,0.000000,,,0,1,,,,,0.040287,SMALL
ga,hfvrp_n100_m20_s01,100,20,2.000000,75,8466.709984,12083.660458,32634.030901,0.000000,,,0,1,,,,,7.878427,MEDIUM
ga,hfvrp_n075_m15_s03,75,15,2.000000,1234,6405.478738,8518.846271,23443.171280,0.000000,,,0,1,,,,,5.570498,MEDIUM
ga,hfvrp_n075_m15_s05,75,15,2.000000,200,5680.863880,5335.040722,16350.945324,0.000000,,,0,1,,,,,16.814384,BIG
ga,hfvrp_n075_m15_s02,75,15,2.000000,9999,6256.095491,7745.552005,21747.199500,0.000000,,,0,1,,,,,5.647343,MEDIUM
ga,hfvrp_n075_m15_s05,75,15,2.000000,999,7772.952050,8419.410827,24611.773705,0.000000,,,0,1,,,,,0.283919,DEFAULT
ga,hfvrp_n075_m15_s05,75,15,2.000000,999,9749.849475,10477.376551,30704.602577,0.000000,,,0,1,,,,,0.042775,SMALL
ga,hfvrp_n075_m15_s05,75,15,2.000000,999,5724.461652,6496.973732,18718.409117,0.000000,,,0,1,,,,,5.582242,MEDIUM
ga,hfvrp_n100_m20_s02,100,20,2.000000,1796895646293739551,9086.292222,9625.496224,28337.284669,0.000000,,,0,1,,,,,24.488429,BIG
ga,hfvrp_n075_m15_s04,75,15,2.000000,999,6229.384410,5830.721306,17890.827022,0.000000,,,0,1,,,,,17.400035,BIG
ga,hfvrp_n075_m15_s04,75,15,2.000000,1234,8891.656718,8187.371651,25266.400020,0.000000,,,0,1,,,,,0.281361,DEFAULT
ga,hfvrp_n075_m15_s04,75,15,2.000000,1234,12300.702856,18535.806955,49372.316767,0.000000,,,0,1,,,,,0.042121,SMALL
ga,hfvrp_n075_m15_s03,75,15,2.000000,1234,6014.073657,7678.448887,21370.971431,0.000000,,,0,1,,,,,17.283956,BIG
ga,hfvrp_n100_m20_s02,100,20,2.000000,1,11058.703832,13518.381152,38095.466137,0.000000,,,0,1,,,,,0.418642,DEFAULT
ga,hfvrp_n100_m20_s02,100,20,2.000000,1,17487.125386,29276.020249,76039.165883,0.000000,,,0,1,,,,,0.062918,SMALL
ga,hfvrp_n075_m15_s02,75,15,2.000000,9999,6183.405314,7410.340691,21004.086696,0.000000,,,0,1,,,,,16.703470,BIG
ga,hfvrp_n075_m15_s03,75,15,2.000000,9999,6814.500693,13586.107847,33986.716387,0.000000,,,0,1,,,,,0.279006,DEFAULT
ga,hfvrp_n075_m15_s03,75,15,2.000000,9999,10213.230993,20078.698983,50370.628958,0.000000,,,0,1,,,,,0.040020,SMALL
ga,hfvrp_n075_m15_s04,75,15,2.000000,1234,6189.330737,6088.953445,18367.237628,0.000000,,,0,1,,,,,5.779012,MEDIUM
ga,hfvrp_n075_m15_s02,75,15,2.000000,19345,8030.161976,11397.921304,30826.004585,0.000000,,,0,1,,,,,0.282013,DEFAULT
ga,hfvrp_n075_m15_s02,75,15,2.000000,19345,9060.931389,18683.818136,46428.567661,0.000000,,,0,1,,,,,0.046807,SMALL
ga,hfvrp_n100_m20_s01,100,20,2.000000,75,8920.599155,10557.176358,30034.951870,0.000000,,,0,1,,,,,24.499256,BIG
ga,hfvrp_n075_m15_s03,75,15,2.000000,9999,5748.703474,7137.680354,20024.064183,0.000000,,,0,1,,,,,5.677256,MEDIUM
ga,hfvrp_n075_m15_s05,75,15,2.000000,999,5609.565268,6096.535849,17802.636967,0.000000,,,0,1,,,,,17.231143,BIG
ga,hfvrp_n100_m20_s02,100,20,2.000000,1,8813.191718,10181.535367,29176.262452,0.000000,,,0,1,,,,,7.853063,MEDIUM
ga,hfvrp_n075_m15_s05,75,15,2.000000,1234,6925.764328,7882.435012,22690.634353,0.000000,,,0,1,,,,,0.283740,DEFAULT
ga,hfvrp_n075_m15_s05,75,15,2.000000,1234,9765.930947,17203.460478,44172.851902,0.000000,,,0,1,,,,,0.044629,SMALL
ga,hfvrp_n100_m20_s01,100,20,2.000000,100,11863.426867,19100.216497,50063.859862,0.000000,,,0,1,,,,,0.406202,DEFAULT
ga,hfvrp_n100_m20_s01,100,20,2.000000,100,15005.308775,31599.716050,78204.740875,0.000000,,,0,1,,,,,0.068520,SMALL
ga,hfvrp_n075_m15_s02,75,15,2.000000,19345,6342.069267,8125.140304,22592.349876,0.000000,,,0,1,,,,,5.678555,MEDIUM
ga,hfvrp_n075_m15_s05,75,15,2.000000,1234,6564.295702,6576.891882,19718.079465,0.000000,,,0,1,,,,,5.587105,MEDIUM
ga,hfvrp_n100_m20_s01,100,20,2.000000,100,8569.755104,10884.359843,30338.474790,0.000000,,,0,1,,,,,8.063565,MEDIUM
ga,hfvrp_n075_m15_s04,75,15,2.000000,1234,5830.891245,6015.669553,17862.230352,0.000000,,,0,1,,,,,17.286180,BIG
ga,hfvrp_n075_m15_s04,75,15,2.000000,9999,7561.847401,8191.335474,23944.518350,0.000000,,,0,1,,,,,0.294463,DEFAULT
ga,hfvrp_n075_m15_s04,75,15,2.000000,9999,12305.354848,17663.890319,47633.135486,0.000000,,,0,1,,,,,0.038424,SMALL
ga,hfvrp_n075_m15_s03,75,15,2.000000,9999,5842.025409,7625.252277,21092.529963,0.000000,,,0,1,,,,,17.194315,BIG
ga,hfvrp_n075_m15_s03,75,15,2.000000,19345,7700.656122,9776.001967,27252.660057,0.000000,,,0,1,,,,,0.285703,DEFAULT
ga,hfvrp_n075_m15_s03,75,15,2.000000,19345,7682.449896,20793.055421,49268.560737,0.000000,,,0,1,,,,,0.037821,SMALL
ga,hfvrp_n075_m15_s02,75,15,2.000000,19345,5858.260744,7579.074407,21016.409558,0.000000,,,0,1,,,,,16.879868,BIG
ga,hfvrp_n075_m15_s04,75,15,2.000000,9999,6314.624497,6402.388485,19119.401467,0.000000,,,0,1,,,,,5.648837,MEDIUM
ga,hfvrp_n075_m15_s02,75,15,2.000000,1796895124519500966,8547.676410,9645.712366,27839.101142,0.000000,,,0,1,,,,,0.285266,DEFAULT
ga,hfvrp_n075_m15_s02,75,15,2.000000,1796895129104680881,10480.515130,16325.411676,43131.338483,0.000000,,,0,1,,,,,0.041783,SMALL
ga,hfvrp_n075_m15_s03,75,15,2.000000,19345,5529.772967,7182.361947,19894.496861,0.000000,,,0,1,,,,,5.719956,MEDIUM
ga,hfvrp_n075_m15_s05,75,15,2.000000,1234,6341.687583,6129.754561,18601.196706,0.000000,,,0,1,,,,,17.031227,BIG
ga,hfvrp_n100_m20_s02,100,20,2.000000,1,8031.077324,10007.523112,28046.123549,0.000000,,,0,1,,,,,24.432109,BIG
ga,hfvrp_n075_m15_s05,75,15,2.000000,9999,6553.915067,7907.901192,22369.717450,0.000000,,,0,1,,,,,0.285641,DEFAULT
ga,hfvrp_n075_m15_s05,75,15,2.000000,9999,9531.005434,14360.498663,38252.002760,0.000000,,,0,1,,,,,0.034161,SMALL
ga,hfvrp_n075_m15_s02,75,15,2.000000,1796895116267878525,6855.990164,8830.754270,24517.498704,0.000000,,,0,1,,,,,5.625783,MEDIUM
ga,hfvrp_n075_m15_s05,75,15,2.000000,9999,6419.717483,5669.735485,17759.188454,0.000000,,,0,1,,,,,5.644322,MEDIUM
ga,hfvrp_n100_m20_s02,100,20,2.000000,10,10833.788346,12164.900912,35163.590169,0.000000,,,0,1,,,,,0.404384,DEFAULT
ga,hfvrp_n100_m20_s02,100,20,2.000000,10,14881.690370,26258.463331,67398.617032,0.000000,,,0,1,,,,,0.065167,SMALL
ga,hfvrp_n100_m20_s01,100,20,2.000000,100,9224.469555,11744.747695,32713.964944,0.000000,,,0,1,,,,,24.256220,BIG
ga,hfvrp_n075_m15_s04,75,15,2.000000,9999,6268.012657,7802.849290,21873.711236,0.000000,,,0,1,,,,,17.270624,BIG
ga,hfvrp_n100_m20_s01,100,20,2.000000,200,11963.326684,24177.952873,60319.232429,0.000000,,,0,1,,,,,0.398552,DEFAULT
ga,hfvrp_n100_m20_s01,100,20,2.000000,200,14109.112532,31585.111704,77279.335940,0.000000,,,0,1,,,,,0.072968,SMALL
ga,hfvrp_n075_m15_s04,75,15,2.000000,19345,8357.175212,8648.234703,25653.644617,0.000000,,,0,1,,,,,0.288018,DEFAULT
ga,hfvrp_n075_m15_s04,75,15,2.000000,19345,11081.187720,12564.202471,36209.592662,0.000000,,,0,1,,,,,0.043343,SMALL
ga,hfvrp_n100_m20_s02,100,20,2.000000,10,9416.260187,10311.454757,30039.169700,0.000000,,,0,1,,,,,7.757801,MEDIUM
ga,hfvrp_n075_m15_s03,75,15,2.000000,19345,5132.568912,6964.707539,19061.983990,0.000000,,,0,1,,,,,17.192650,BIG
ga,hfvrp_n075_m15_s03,75,15,2.000000,1796898375253178223,8312.851264,10985.260961,30283.373185,0.000000,,,0,1,,,,,0.276376,DEFAULT
ga,hfvrp_n075_m15_s03,75,15,2.000000,1796898371238682403,9257.486038,23239.266199,55736.018436,0.000000,,,0,1,,,,,0.039190,SMALL
ga,hfvrp_n075_m15_s02,75,15,2.000000,1796895066068193194,6262.981072,7033.901430,20330.783932,0.000000,,,0,1,,,,,17.006041,BIG
ga,hfvrp_n075_m15_s04,75,15,2.000000,19345,6371.887370,5902.982451,18177.852272,0.000000,,,0,1,,,,,5.504882,MEDIUM
ga,hfvrp_n100_m20_s01,100,20,2.000000,200,8850.165568,12460.934373,33772.034313,0.000000,,,0,1,,,,,8.061775,MEDIUM
ga,hfvrp_n075_m15_s03,75,15,2.000000,1796898401346605761,5994.729875,8192.865345,22380.460565,0.000000,,,0,1,,,,,5.630345,MEDIUM
ga,hfvrp_n075_m15_s05,75,15,2.000000,9999,5652.705599,5939.463370,17531.632338,0.000000,,,0,1,,,,,17.097886,BIG
ga,hfvrp_n100_m20_s03,100,20,2.000000,1796898463906645478,13807.868726,12130.284839,38068.438404,0.000000,,,0,1,,,,,0.423773,DEFAULT
ga,hfvrp_n100_m20_s03,100,20,2.000000,1796898468629846437,13131.125409,28987.232816,71105.591041,0.000000,,,0,1,,,,,0.067027,SMALL
ga,hfvrp_n075_m15_s05,75,15,2.000000,19345,6331.512992,9015.998932,24363.510855,0.000000,,,0,1,,,,,0.279256,DEFAULT
ga,hfvrp_n075_m15_s05,75,15,2.000000,19345,8876.992179,11993.643111,32864.278401,0.000000,,,0,1,,,,,0.039324,SMALL
ga,hfvrp_n075_m15_s05,75,15,2.000000,19345,5339.455366,5975.122671,17289.700709,0.000000,,,0,1,,,,,5.577762,MEDIUM
ga,hfvrp_n100_m20_s03,100,20,2.000000,1796898464406121516,9805.553033,9355.971808,28517.496649,0.000000,,,0,1,,,,,7.884095,MEDIUM
ga,hfvrp_n075_m15_s04,75,15,2.000000,19345,5590.215410,6051.250191,17692.715791,0.000000,,,0,1,,,,,16.943457,BIG
ga,hfvrp_n075_m15_s04,75,15,2.000000,1796898563589396031,8155.659069,9280.394601,26716.448271,0.000000,,,0,1,,,,,0.293579,DEFAULT
ga,hfvrp_n075_m15_s04,75,15,2.000000,1796898568182203397,10766.693504,20110.175232,50987.043969,0.000000,,,0,1,,,,,0.039764,SMALL
ga,hfvrp_n100_m20_s02,100,20,2.000000,10,8210.884762,9525.811359,27262.507480,0.000000,,,0,1,,,,,24.301831,BIG
ga,hfvrp_n075_m15_s03,75,15,2.000000,1796898475701031938,6238.731180,7698.029100,21634.789380,0.000000,,,0,1,,,,,17.418532,BIG
ga,hfvrp_n075_m15_s04,75,15,2.000000,1796898572521064706,6018.106787,6563.561733,19145.230252,0.000000,,,0,1,,,,,5.699580,MEDIUM
ga,hfvrp_n100_m20_s04,100,20,2.000000,1796898646876751888,11386.391238,14234.735097,39855.861433,0.000000,,,0,1,,,,,0.416752,DEFAULT
ga,hfvrp_n100_m20_s04,100,20,2.000000,1796898655887699024,14931.365605,34858.859920,84649.085445,0.000000,,,0,1,,,,,0.062038,SMALL
ga,hfvrp_n100_m20_s01,100,20,2.000000,200,9031.700505,12535.732236,34103.164978,0.000000,,,0,1,,,,,23.836993,BIG
ga,hfvrp_n100_m20_s02,100,20,2.000000,50,9684.983899,16822.591574,43330.167047,0.000000,,,0,1,,,,,0.399185,DEFAULT
ga,hfvrp_n100_m20_s02,100,20,2.000000,50,13887.697036,26130.298484,66148.294004,0.000000,,,0,1,,,,,0.057290,SMALL
ga,hfvrp_n075_m15_s05,75,15,2.000000,19345,5838.851402,6796.085176,19431.021754,0.000000,,,0,1,,,,,17.115926,BIG
ga,hfvrp_n075_m15_s05,75,15,2.000000,1796898725541688162,7167.528936,8431.751179,24031.031294,0.000000,,,0,1,,,,,0.280919,DEFAULT
ga,hfvrp_n075_m15_s05,75,15,2.000000,1796898730121532494,8786.877501,12901.929706,34590.736913,0.000000,,,0,1,,,,,0.036780,SMALL
ga,hfvrp_n100_m20_s01,100,20,2.000000,999,12078.112466,20450.695712,52979.503890,0.000000,,,0,1,,,,,0.407495,DEFAULT
ga,hfvrp_n100_m20_s01,100,20,2.000000,999,15352.947604,32560.367267,80473.682138,0.000000,,,0,1,,,,,0.074456,SMALL
ga,hfvrp_n100_m20_s04,100,20,2.000000,1796898600124639465,9317.852049,10232.114819,29782.081686,0.000000,,,0,1,,,,,8.307062,MEDIUM
ga,hfvrp_n100_m20_s02,100,20,2.000000,50,9361.301340,9890.982988,29143.267315,0.000000,,,0,1,,,,,8.064762,MEDIUM
ga,hfvrp_n075_m15_s05,75,15,2.000000,1796898717277211068,6034.395717,6515.290679,19064.977075,0.000000,,,0,1,,,,,5.471692,MEDIUM
ga,hfvrp_n100_m20_s03,100,20,2.000000,1796898502359813971,7919.375174,6941.810009,21802.995192,0.000000,,,0,1,,,,,24.448747,BIG
ga,hfvrp_n100_m20_s01,100,20,2.000000,999,9643.025816,11684.088188,33011.202192,0.000000,,,0,1,,,,,7.808921,MEDIUM
ga,hfvrp_n075_m15_s04,75,15,2.000000,1796898659829496388,6209.569943,5958.402938,18126.375818,0.000000,,,0,1,,,,,17.458614,BIG
ga,hfvrp_n100_m20_s03,100,20,2.000000,1,11263.888970,12083.561817,35431.012605,0.000000,,,0,1,,,,,0.423133,DEFAULT
ga,hfvrp_n100_m20_s03,100,20,2.000000,1,17879.362977,31985.006920,81849.376816,0.000000,,,0,1,,,,,0.069383,SMALL
ga,hfvrp_n100_m20_s05,100,20,2.000000,1796898853325855376,12704.749565,14675.923447,42056.596459,0.000000,,,0,1,,,,,0.429074,DEFAULT
ga,hfvrp_n100_m20_s05,100,20,2.000000,1796898858059699781,14929.902905,37046.317865,89022.538634,0.000000,,,0,1,,,,,0.069131,SMALL
ga,hfvrp_n100_m20_s03,100,20,2.000000,1,8773.368979,8124.062360,25021.493700,0.000000,,,0,1,,,,,8.022439,MEDIUM
ga,hfvrp_n075_m15_s05,75,15,2.000000,1796898662628694943,5991.749000,6380.938237,18753.625473,0.000000,,,0,1,,,,,17.023896,BIG
ga,hfvrp_n100_m20_s05,100,20,2.000000,1796898845248033753,8512.345874,9743.035100,27998.416074,0.000000,,,0,1,,,,,8.083561,MEDIUM
ga,hfvrp_n100_m20_s04,100,20,2.000000,1796898668571226074,9218.039154,8294.281238,25806.601630,0.000000,,,0,1,,,,,24.368794,BIG
ga,hfvrp_n100_m20_s02,100,20,2.000000,50,8007.590441,9835.289987,27678.170414,0.000000,,,0,1,,,,,23.637383,BIG
ga,hfvrp_n100_m20_s04,100,20,2.000000,1,12286.893207,12313.460683,36913.814574,0.000000,,,0,1,,,,,0.406590,DEFAULT
ga,hfvrp_n100_m20_s04,100,20,2.000000,1,14530.672975,29055.413042,72641.499058,0.000000,,,0,1,,,,,0.057434,SMALL
ga,hfvrp_n100_m20_s01,100,20,2.000000,999,8732.345692,11034.206068,30800.757828,0.000000,,,0,1,,,,,23.930343,BIG
ga,hfvrp_n100_m20_s02,100,20,2.000000,75,10483.175567,15713.985051,41911.145669,0.000000,,,0,1,,,,,0.408804,DEFAULT
ga,hfvrp_n100_m20_s02,100,20,2.000000,75,14494.385267,29319.240190,73132.865648,0.000000,,,0,1,,,,,0.059282,SMALL
ga,hfvrp_n100_m20_s01,100,20,2.000000,1234,11837.296171,20850.538400,53538.372971,0.000000,,,0,1,,,,,0.408528,DEFAULT
ga,hfvrp_n100_m20_s01,100,20,2.000000,1234,15478.042899,23725.924093,62929.891085,0.000000,,,0,1,,,,,0.073563,SMALL
ga,hfvrp_n150_m30_s01,150,30,2.000000,1796898914192613130,24432.986064,35284.157507,95001.301079,0.000000,,,0,1,,,,,0.728582,DEFAULT
ga,hfvrp_n150_m30_s01,150,30,2.000000,1796898910629931285,31065.870740,73771.217635,178608.306010,0.000000,,,0,1,,,,,0.107116,SMALL
ga,hfvrp_n100_m20_s04,100,20,2.000000,1,9738.003737,8046.183476,25830.370689,0.000000,,,0,1,,,,,8.065984,MEDIUM
ga,hfvrp_n100_m20_s02,100,20,2.000000,75,9394.671948,10955.642753,31305.957454,0.000000,,,0,1,,,,,7.888096,MEDIUM
ga,hfvrp_n100_m20_s03,100,20,2.000000,1,9097.443991,8862.098839,26821.641669,0.000000,,,0,1,,,,,24.595982,BIG
ga,hfvrp_n100_m20_s01,100,20,2.000000,1234,8578.864523,11770.538914,32119.942352,0.000000,,,0,1,,,,,7.869899,MEDIUM
ga,hfvrp_n100_m20_s05,100,20,2.000000,1796898952125257653,7034.455452,9205.692696,25445.840843,0.000000,,,0,1,,,,,24.495937,BIG
ga,hfvrp_n100_m20_s03,100,20,2.000000,10,12555.747476,11408.984856,35373.717187,0.000000,,,0,1,,,,,0.418477,DEFAULT
ga,hfvrp_n100_m20_s03,100,20,2.000000,10,16988.809358,30440.272089,77869.353537,0.000000,,,0,1,,,,,0.073144,SMALL
ga,hfvrp_n100_m20_s05,100,20,2.000000,1,12671.211055,16092.649645,44856.510345,0.000000,,,0,1,,,,,0.424282,DEFAULT
ga,hfvrp_n100_m20_s05,100,20,2.000000,1,14085.724725,38014.975254,90115.675232,0.000000,,,0,1,,,,,0.062809,SMALL
ga,hfvrp_n150_m30_s01,150,30,2.000000,1796898906451480374,19297.228742,15078.015624,49453.259991,0.000000,,,0,1,,,,,14.762524,MEDIUM
ga,hfvrp_n100_m20_s03,100,20,2.000000,10,8808.207636,8709.481812,26227.171261,0.000000,,,0,1,,,,,8.006761,MEDIUM
ga,hfvrp_n100_m20_s05,100,20,2.000000,1,9052.684574,8982.965712,27018.615997,0.000000,,,0,1,,,,,8.516267,MEDIUM
ga,hfvrp_n100_m20_s04,100,20,2.000000,1,8673.751735,8417.392950,25508.537635,0.000000,,,0,1,,,,,24.665505,BIG
ga,hfvrp_n100_m20_s04,100,20,2.000000,10,11391.990549,12410.366196,36212.722942,0.000000,,,0,1,,,,,0.424167,DEFAULT
ga,hfvrp_n100_m20_s04,100,20,2.000000,10,15287.450037,27198.124737,69683.699510,0.000000,,,0,1,,,,,0.066984,SMALL
ga,hfvrp_n100_m20_s02,100,20,2.000000,75,8340.546651,9493.363583,27327.273818,0.000000,,,0,1,,,,,24.212448,BIG
ga,hfvrp_n100_m20_s01,100,20,2.000000,1234,9139.068116,11324.978323,31789.024761,0.000000,,,0,1,,,,,23.902250,BIG
ga,hfvrp_n100_m20_s01,100,20,2.000000,9999,12074.379515,16645.995478,45366.370471,0.000000,,,0,1,,,,,0.420756,DEFAULT
ga,hfvrp_n100_m20_s01,100,20,2.000000,9999,13783.089621,28996.532462,71776.154546,0.000000,,,0,1,,,,,0.068689,SMALL
ga,hfvrp_n100_m20_s04,100,20,2.000000,10,9149.408815,8781.381342,26712.171499,0.000000,,,0,1,,,,,7.977714,MEDIUM
ga,hfvrp_n100_m20_s02,100,20,2.000000,100,11823.013152,14673.255190,41169.523532,0.000000,,,0,1,,,,,0.417037,DEFAULT
ga,hfvrp_n100_m20_s02,100,20,2.000000,100,14059.507916,23251.111963,60561.731841,0.000000,,,0,1,,,,,0.065068,SMALL
ga,hfvrp_n100_m20_s01,100,20,2.000000,9999,8212.715113,11028.956536,30270.628184,0.000000,,,0,1,,,,,7.970933,MEDIUM
ga,hfvrp_n100_m20_s03,100,20,2.000000,10,8678.853707,8376.866682,25432.587071,0.000000,,,0,1,,,,,24.508993,BIG
ga,hfvrp_n100_m20_s02,100,20,2.000000,100,8985.007881,10350.555310,29686.118501,0.000000,,,0,1,,,,,8.191803,MEDIUM
ga,hfvrp_n100_m20_s05,100,20,2.000000,1,9200.466433,8371.668546,25943.803525,0.000000,,,0,1,,,,,24.370899,BIG
ga,hfvrp_n100_m20_s03,100,20,2.000000,50,12395.324004,11817.271007,36029.866018,0.000000,,,0,1,,,,,0.410992,DEFAULT
ga,hfvrp_n100_m20_s03,100,20,2.000000,50,17300.870607,30584.140924,78469.152455,0.000000,,,0,1,,,,,0.063467,SMALL
ga,hfvrp_n100_m20_s05,100,20,2.000000,10,10853.759309,14262.636977,39379.033263,0.000000,,,0,1,,,,,0.442202,DEFAULT
ga,hfvrp_n100_m20_s05,100,20,2.000000,10,14458.400058,34650.949638,83760.299334,0.000000,,,0,1,,,,,0.063866,SMALL
ga,hfvrp_n100_m20_s03,100,20,2.000000,50,9172.561751,8451.937262,26076.436275,0.000000,,,0,1,,,,,8.172949,MEDIUM
ga,hfvrp_n150_m30_s01,150,30,2.000000,1796899118791054044,18208.660496,14021.694363,46252.049222,0.000000,,,0,1,,,,,44.710851,BIG
ga,hfvrp_n100_m20_s05,100,20,2.000000,10,9910.924516,9555.817476,29022.559469,0.000000,,,0,1,,,,,8.148303,MEDIUM
ga,hfvrp_n100_m20_s04,100,20,2.000000,10,9666.546596,9293.136187,28252.818969,0.000000,,,0,1,,,,,24.434061,BIG
ga,hfvrp_n100_m20_s04,100,20,2.000000,50,10480.278140,14285.230111,39050.738361,0.000000,,,0,1,,,,,0.399420,DEFAULT
ga,hfvrp_n100_m20_s04,100,20,2.000000,50,15654.350526,27629.796073,70913.942672,0.000000,,,0,1,,,,,0.061831,SMALL
ga,hfvrp_n100_m20_s01,100,20,2.000000,9999,9849.181552,11478.724498,32806.630549,0.000000,,,0,1,,,,,24.303901,BIG
ga,hfvrp_n100_m20_s02,100,20,2.000000,100,8411.689619,9708.342098,27828.373816,0.000000,,,0,1,,,,,24.622726,BIG
ga,hfvrp_n100_m20_s01,100,20,2.000000,19345,11138.388102,15921.681074,42981.750250,0.000000,,,0,1,,,,,0.405687,DEFAULT
ga,hfvrp_n100_m20_s01,100,20,2.000000,19345,13943.112087,38677.460003,91298.032092,0.000000,,,0,1,,,,,0.064277,SMALL
ga,hfvrp_n100_m20_s04,100,20,2.000000,50,9462.570356,9308.316787,28079.203929,0.000000,,,0,1,,,,,7.986139,MEDIUM
ga,hfvrp_n150_m30_s01,150,30,2.000000,1,24035.818345,27535.142776,79106.103896,0.000000,,,0,1,,,,,0.772564,DEFAULT
ga,hfvrp_n150_m30_s01,150,30,2.000000,1,30595.022603,58076.176680,146747.375963,0.000000,,,0,1,,,,,0.119409,SMALL
ga,hfvrp_n100_m20_s02,100,20,2.000000,200,12619.901481,14830.510082,42280.921645,0.000000,,,0,1,,,,,0.408985,DEFAULT
ga,hfvrp_n100_m20_s02,100,20,2.000000,200,13502.129178,26912.937383,67328.003945,0.000000,,,0,1,,,,,0.064380,SMALL
ga,hfvrp_n100_m20_s01,100,20,2.000000,19345,9266.117811,13413.852826,36093.823463,0.000000,,,0,1,,,,,7.987480,MEDIUM
ga,hfvrp_n100_m20_s03,100,20,2.000000,50,8638.388682,7627.581668,23893.552018,0.000000,,,0,1,,,,,24.641052,BIG
ga,hfvrp_n100_m20_s05,100,20,2.000000,10,8667.721000,8584.482417,25836.685834,0.000000,,,0,1,,,,,24.702457,BIG
ga,hfvrp_n100_m20_s02,100,20,2.000000,200,7237.035507,9446.003720,26129.042946,0.000000,,,0,1,,,,,8.012945,MEDIUM
ga,hfvrp_n100_m20_s03,100,20,2.000000,75,14412.049521,12081.675327,38575.400174,0.000000,,,0,1,,,,,0.413048,DEFAULT
ga,hfvrp_n100_m20_s03,100,20,2.000000,75,15563.527356,20309.213040,56181.953436,0.000000,,,0,1,,,,,0.071252,SMALL
ga,hfvrp_n100_m20_s05,100,20,2.000000,50,12797.166170,15606.446884,44010.059938,0.000000,,,0,1,,,,,0.427258,DEFAULT
ga,hfvrp_n100_m20_s05,100,20,2.000000,50,14540.226829,37014.573399,88569.373626,0.000000,,,0,1,,,,,0.065523,SMALL
ga,hfvrp_n150_m30_s01,150,30,2.000000,1,18449.763999,15494.016521,49437.797041,0.000000,,,0,1,,,,,14.632958,MEDIUM
ga,hfvrp_n100_m20_s03,100,20,2.000000,75,8731.234370,8234.596996,25200.428363,0.000000,,,0,1,,,,,7.674525,MEDIUM
ga,hfvrp_n100_m20_s04,100,20,2.000000,50,8539.006577,8360.033909,25259.074395,0.000000,,,0,1,,,,,24.314521,BIG
ga,hfvrp_n100_m20_s05,100,20,2.000000,50,9526.651850,9742.944075,29012.540000,0.000000,,,0,1,,,,,8.182660,MEDIUM
ga,hfvrp_n100_m20_s04,100,20,2.000000,75,11965.147584,14289.654772,40544.457128,0.000000,,,0,1,,,,,0.424930,DEFAULT
ga,hfvrp_n100_m20_s04,100,20,2.000000,75,13990.727407,28087.619267,70165.965942,0.000000,,,0,1,,,,,0.065156,SMALL
ga,hfvrp_n100_m20_s01,100,20,2.000000,19345,8693.177098,10816.884962,30326.947023,0.000000,,,0,1,,,,,24.320847,BIG
ga,hfvrp_n100_m20_s04,100,20,2.000000,75,8354.254208,8713.752724,25781.759656,0.000000,,,0,1,,,,,8.204860,MEDIUM
ga,hfvrp_n100_m20_s01,100,20,2.000000,1796899673698203289,11078.969899,15600.198453,42279.366804,0.000000,,,0,1,,,,,0.414805,DEFAULT
ga,hfvrp_n100_m20_s01,100,20,2.000000,1796899669821767942,15404.555659,36231.434504,87867.424668,0.000000,,,0,1,,,,,0.064538,SMALL
ga,hfvrp_n100_m20_s02,100,20,2.000000,200,8815.441562,10466.573493,29748.588548,0.000000,,,0,1,,,,,24.702948,BIG
ga,hfvrp_n100_m20_s01,100,20,2.000000,1796899648415128620,8844.060258,12665.724568,34175.509394,0.000000,,,0,1,,,,,7.948320,MEDIUM
ga,hfvrp_n100_m20_s02,100,20,2.000000,999,10370.211500,20360.532055,51091.275611,0.000000,,,0,1,,,,,0.406977,DEFAULT
ga,hfvrp_n100_m20_s02,100,20,2.000000,999,13903.845100,44256.729558,102417.304217,0.000000,,,0,1,,,,,0.055141,SMALL
ga,hfvrp_n100_m20_s03,100,20,2.000000,75,8421.684446,8469.622388,25360.929222,0.000000,,,0,1,,,,,24.041811,BIG
ga,hfvrp_n100_m20_s05,100,20,2.000000,50,8606.875838,8643.589275,25894.054388,0.000000,,,0,1,,,,,23.879747,BIG
ga,hfvrp_n100_m20_s03,100,20,2.000000,100,12694.708299,12598.234088,37891.176476,0.000000,,,0,1,,,,,0.416406,DEFAULT
ga,hfvrp_n100_m20_s03,100,20,2.000000,100,17418.348036,25751.835915,68922.019866,0.000000,,,0,1,,,,,0.071451,SMALL
ga,hfvrp_n100_m20_s05,100,20,2.000000,75,12763.197174,14136.631058,41036.459289,0.000000,,,0,1,,,,,0.405875,DEFAULT
ga,hfvrp_n100_m20_s05,100,20,2.000000,75,16180.331678,26882.341802,69945.015281,0.000000,,,0,1,,,,,0.071539,SMALL
ga,hfvrp_n100_m20_s02,100,20,2.000000,999,9703.997202,9864.748342,29433.493886,0.000000,,,0,1,,,,,7.881494,MEDIUM
ga,hfvrp_n100_m20_s03,100,20,2.000000,100,8974.961572,8940.934268,26856.830109,0.000000,,,0,1,,,,,8.108973,MEDIUM
ga,hfvrp_n100_m20_s04,100,20,2.000000,75,8318.549120,9695.678129,27709.905378,0.000000,,,0,1,,,,,24.515468,BIG
ga,hfvrp_n100_m20_s05,100,20,2.000000,75,8773.501155,9352.122902,27477.746959,0.000000,,,0,1,,,,,8.032317,MEDIUM
ga,hfvrp_n150_m30_s01,150,30,2.000000,1,16092.577827,14146.630719,44385.839265,0.000000,,,0,1,,,,,44.932081,BIG
ga,hfvrp_n100_m20_s04,100,20,2.000000,100,11130.377897,14932.120343,40994.618584,0.000000,,,0,1,,,,,0.407283,DEFAULT
ga,hfvrp_n100_m20_s04,100,20,2.000000,100,13201.960713,29507.025890,72216.012492,0.000000,,,0,1,,,,,0.053625,SMALL
ga,hfvrp_n100_m20_s01,100,20,2.000000,1796899630597688058,8940.182534,10658.513188,30257.208911,0.000000,,,0,1,,,,,24.078638,BIG
ga,hfvrp_n100_m20_s04,100,20,2.000000,100,8380.010019,8958.178711,26296.367440,0.000000,,,0,1,,,,,8.081753,MEDIUM
ga,hfvrp_n100_m20_s02,100,20,2.000000,999,7765.550450,9020.569632,25806.689714,0.000000,,,0,1,,,,,23.729345,BIG
ga,hfvrp_n150_m30_s01,150,30,2.000000,10,27681.519703,28867.493837,85416.507378,0.000000,,,0,1,,,,,0.747660,DEFAULT
ga,hfvrp_n150_m30_s01,150,30,2.000000,10,30642.502158,61245.492189,153133.486537,0.000000,,,0,1,,,,,0.116703,SMALL
ga,hfvrp_n100_m20_s03,100,20,2.000000,100,9304.893069,8548.520254,26401.933577,0.000000,,,0,1,,,,,23.712668,BIG
ga,hfvrp_n100_m20_s05,100,20,2.000000,75,8998.631487,8894.347069,26787.325624,0.000000,,,0,1,,,,,23.461715,BIG
ga,hfvrp_n100_m20_s02,100,20,2.000000,1234,12255.059665,17573.901035,47402.861734,0.000000,,,0,1,,,,,0.414972,DEFAULT
ga,hfvrp_n100_m20_s02,100,20,2.000000,1234,12952.582763,34709.479232,82371.541228,0.000000,,,0,1,,,,,0.056597,SMALL
ga,hfvrp_n150_m30_s02,150,30,2.000000,1796899847488088877,26286.218078,30730.624741,87747.467560,0.000000,,,0,1,,,,,0.775300,DEFAULT
ga,hfvrp_n150_m30_s02,150,30,2.000000,1796899861152054742,27821.244374,59851.026233,147523.296840,0.000000,,,0,1,,,,,0.113012,SMALL
ga,hfvrp_n100_m20_s03,100,20,2.000000,200,14656.909037,12377.039635,39410.988307,0.000000,,,0,1,,,,,0.422872,DEFAULT
ga,hfvrp_n100_m20_s03,100,20,2.000000,200,15659.035166,34311.015421,84281.066008,0.000000,,,0,1,,,,,0.066927,SMALL
ga,hfvrp_n100_m20_s05,100,20,2.000000,100,10891.232818,14475.759971,39842.752760,0.000000,,,0,1,,,,,0.431455,DEFAULT
ga,hfvrp_n100_m20_s05,100,20,2.000000,100,13243.042709,29356.997632,71957.037972,0.000000,,,0,1,,,,,0.068174,SMALL
ga,hfvrp_n100_m20_s02,100,20,2.000000,1234,8675.490236,9464.805174,27605.100585,0.000000,,,0,1,,,,,7.998532,MEDIUM
ga,hfvrp_n150_m30_s01,150,30,2.000000,10,18456.265417,14321.386980,47099.039378,0.000000,,,0,1,,,,,15.341125,MEDIUM
ga,hfvrp_n100_m20_s04,100,20,2.000000,100,8525.360313,8502.133827,25529.627966,0.000000,,,0,1,,,,,24.251123,BIG
ga,hfvrp_n100_m20_s03,100,20,2.000000,200,9642.475139,7973.481651,25589.438441,0.000000,,,0,1,,,,,7.903623,MEDIUM
ga,hfvrp_n100_m20_s05,100,20,2.000000,100,8591.412761,9453.465681,27498.344124,0.000000,,,0,1,,,,,8.214082,MEDIUM
ga,hfvrp_n100_m20_s04,100,20,2.000000,200,13212.591837,14403.517123,42019.626083,0.000000,,,0,1,,,,,0.419664,DEFAULT
ga,hfvrp_n100_m20_s04,100,20,2.000000,200,16036.466272,29337.148674,74710.763621,0.000000,,,0,1,,,,,0.058167,SMALL
ga,hfvrp_n150_m30_s02,150,30,2.000000,1796899856973655143,17412.574364,14642.924787,46698.423938,0.000000,,,0,1,,,,,14.924280,MEDIUM
ga,hfvrp_n100_m20_s04,100,20,2.000000,200,8411.050169,9046.807933,26504.666035,0.000000,,,0,1,,,,,7.961629,MEDIUM
ga,hfvrp_n100_m20_s02,100,20,2.000000,1234,8103.316632,10498.496846,29100.310325,0.000000,,,0,1,,,,,23.963600,BIG
ga,hfvrp_n100_m20_s03,100,20,2.000000,200,8959.544280,9875.695474,28710.935227,0.000000,,,0,1,,,,,23.910108,BIG
ga,hfvrp_n100_m20_s05,100,20,2.000000,100,9026.628746,9503.912105,28034.452955,0.000000,,,0,1,,,,,24.385620,BIG
ga,hfvrp_n100_m20_s02,100,20,2.000000,9999,11701.187979,16943.006866,45587.201711,0.000000,,,0,1,,,,,0.402635,DEFAULT
ga,hfvrp_n100_m20_s02,100,20,2.000000,9999,16704.676737,31531.669739,79768.016214,0.000000,,,0,1,,,,,0.056484,SMALL
ga,hfvrp_n100_m20_s03,100,20,2.000000,999,13490.260513,11746.291011,36982.842534,0.000000,,,0,1,,,,,0.411659,DEFAULT
ga,hfvrp_n100_m20_s03,100,20,2.000000,999,16280.337880,32162.163613,80604.665107,0.000000,,,0,1,,,,,0.067667,SMALL
ga,hfvrp_n100_m20_s05,100,20,2.000000,200,12006.614107,15628.119255,43262.852617,0.000000,,,0,1,,,,,0.432485,DEFAULT
ga,hfvrp_n100_m20_s05,100,20,2.000000,200,15221.093915,34907.198454,85035.490823,0.000000,,,0,1,,,,,0.070213,SMALL
ga,hfvrp_n100_m20_s04,100,20,2.000000,200,8940.094351,10163.711542,29267.517435,0.000000,,,0,1,,,,,23.619660,BIG
ga,hfvrp_n100_m20_s02,100,20,2.000000,9999,8621.197890,9810.552484,28242.302858,0.000000,,,0,1,,,,,8.312712,MEDIUM
ga,hfvrp_n100_m20_s03,100,20,2.000000,999,8732.806761,7755.078617,24242.963995,0.000000,,,0,1,,,,,8.026752,MEDIUM
ga,hfvrp_n100_m20_s05,100,20,2.000000,200,8597.570336,8573.168515,25743.907365,0.000000,,,0,1,,,,,8.011291,MEDIUM
ga,hfvrp_n100_m20_s04,100,20,2.000000,999,11373.380120,15759.117992,42891.616104,0.000000,,,0,1,,,,,0.404306,DEFAULT
ga,hfvrp_n100_m20_s04,100,20,2.000000,999,13191.205797,32512.224123,78215.654043,0.000000,,,0,1,,,,,0.061633,SMALL
ga,hfvrp_n150_m30_s01,150,30,2.000000,10,17900.268761,13906.786596,45713.841954,0.000000,,,0,1,,,,,44.488236,BIG
ga,hfvrp_n100_m20_s04,100,20,2.000000,999,7939.280282,8425.029248,24789.338778,0.000000,,,0,1,,,,,8.121108,MEDIUM
ga,hfvrp_n150_m30_s02,150,30,2.000000,1796899751649817944,17097.648645,14236.009892,45569.668428,0.000000,,,0,1,,,,,44.718906,BIG
ga,hfvrp_n150_m30_s01,150,30,2.000000,50,25782.704596,29231.911272,84246.527141,0.000000,,,0,1,,,,,0.785376,DEFAULT
ga,hfvrp_n150_m30_s01,150,30,2.000000,50,26742.620241,66725.648912,160193.918064,0.000000,,,0,1,,,,,0.111446,SMALL
ga,hfvrp_n100_m20_s02,100,20,2.000000,9999,9414.216422,9196.921080,27808.058582,0.000000,,,0,1,,,,,24.734782,BIG
ga,hfvrp_n100_m20_s03,100,20,2.000000,999,9002.463574,8264.402166,25531.267907,0.000000,,,0,1,,,,,24.133625,BIG
ga,hfvrp_n100_m20_s05,100,20,2.000000,200,9057.780811,9268.572226,27594.925263,0.000000,,,0,1,,,,,24.212402,BIG
ga,hfvrp_n100_m20_s05,100,20,2.000000,999,11737.443292,20801.203168,53339.849628,0.000000,,,0,1,,,,,0.409025,DEFAULT
ga,hfvrp_n100_m20_s05,100,20,2.000000,999,14696.629493,35630.847959,85958.325410,0.000000,,,0,1,,,,,0.075675,SMALL
ga,hfvrp_n100_m20_s03,100,20,2.000000,1234,12630.754322,11914.420225,36459.594773,0.000000,,,0,1,,,,,0.413603,DEFAULT
ga,hfvrp_n150_m30_s02,150,30,2.000000,1,27574.506759,34617.919025,96810.344808,0.000000,,,0,1,,,,,0.760034,DEFAULT
ga,hfvrp_n100_m20_s03,100,20,2.000000,1234,16603.947645,23675.909851,63955.767347,0.000000,,,0,1,,,,,0.069976,SMALL
ga,hfvrp_n150_m30_s02,150,30,2.000000,1,30723.182704,63128.887056,156980.956815,0.000000,,,0,1,,,,,0.121290,SMALL
ga,hfvrp_n100_m20_s02,100,20,2.000000,19345,11743.871235,13547.267749,38838.406733,0.000000,,,0,1,,,,,0.433244,DEFAULT
ga,hfvrp_n100_m20_s02,100,20,2.000000,19345,12970.312493,21656.149651,56282.611795,0.000000,,,0,1,,,,,0.057910,SMALL
ga,hfvrp_n150_m30_s01,150,30,2.000000,50,18246.107179,14797.704712,47841.516602,0.000000,,,0,1,,,,,14.501975,MEDIUM
ga,hfvrp_n100_m20_s04,100,20,2.000000,999,8506.311709,8875.516031,26257.343772,0.000000,,,0,1,,,,,24.475940,BIG
ga,hfvrp_n100_m20_s05,100,20,2.000000,999,9028.084906,8998.456022,27024.996950,0.000000,,,0,1,,,,,8.199675,MEDIUM
ga,hfvrp_n100_m20_s03,100,20,2.000000,1234,8359.316300,7962.863053,24285.042406,0.000000,,,0,1,,,,,8.121318,MEDIUM
ga,hfvrp_n100_m20_s04,100,20,2.000000,1234,13518.426205,16141.453330,45801.332864,0.000000,,,0,1,,,,,0.407134,DEFAULT
ga,hfvrp_n100_m20_s04,100,20,2.000000,1234,13987.624377,29344.983225,72677.590827,0.000000,,,0,1,,,,,0.061598,SMALL
ga,hfvrp_n100_m20_s02,100,20,2.000000,19345,9134.738209,11854.855085,32844.448379,0.000000,,,0,1,,,,,7.942530,MEDIUM
ga,hfvrp_n150_m30_s02,150,30,2.000000,1,17816.250079,12326.320831,42468.891740,0.000000,,,0,1,,,,,15.177110,MEDIUM
ga,hfvrp_n100_m20_s04,100,20,2.000000,1234,8615.151659,9038.288740,26691.729139,0.000000,,,0,1,,,,,8.131962,MEDIUM
ga,hfvrp_n100_m20_s05,100,20,2.000000,999,8084.976789,9168.062149,26421.101087,0.000000,,,0,1,,,,,24.145724,BIG
ga,hfvrp_n100_m20_s03,100,20,2.000000,1234,9623.590396,9570.906226,28765.402849,0.000000,,,0,1,,,,,24.078664,BIG
ga,hfvrp_n100_m20_s02,100,20,2.000000,19345,8908.834544,9069.497469,27047.829481,0.000000,,,0,1,,,,,24.354087,BIG
ga,hfvrp_n100_m20_s05,100,20,2.000000,1234,12051.362893,15744.802126,43540.967145,0.000000,,,0,1,,,,,0.417539,DEFAULT
ga,hfvrp_n100_m20_s05,100,20,2.000000,1234,16996.454380,28163.275878,73323.006137,0.000000,,,0,1,,,,,0.068273,SMALL
ga,hfvrp_n100_m20_s03,100,20,2.000000,9999,11704.146322,12629.862504,36963.871330,0.000000,,,0,1,,,,,0.430460,DEFAULT
ga,hfvrp_n100_m20_s03,100,20,2.000000,9999,16841.329957,29218.725802,75278.781562,0.000000,,,0,1,,,,,0.066938,SMALL
ga,hfvrp_n100_m20_s04,100,20,2.000000,1234,8724.640347,8520.781140,25766.202628,0.000000,,,0,1,,,,,23.654110,BIG
ga,hfvrp_n100_m20_s02,100,20,2.000000,1796900019098856170,11564.793664,12777.952810,37120.699284,0.000000,,,0,1,,,,,0.421098,DEFAULT
ga,hfvrp_n100_m20_s02,100,20,2.000000,1796900032408679115,12662.795336,24785.940666,62234.676667,0.000000,,,0,1,,,,,0.060909,SMALL
ga,hfvrp_n100_m20_s04,100,20,2.000000,9999,11981.166203,14384.137364,40749.440932,0.000000,,,0,1,,,,,0.423024,DEFAULT
ga,hfvrp_n100_m20_s04,100,20,2.000000,9999,14751.677569,30241.246512,75234.170593,0.000000,,,0,1,,,,,0.065447,SMALL
ga,hfvrp_n100_m20_s05,100,20,2.000000,1234,8267.181080,10339.521183,28946.223446,0.000000,,,0,1,,,,,8.063344,MEDIUM
ga,hfvrp_n100_m20_s03,100,20,2.000000,9999,9192.345680,7948.344646,25089.034972,0.000000,,,0,1,,,,,8.045457,MEDIUM
ga,hfvrp_n150_m30_s01,150,30,2.000000,50,17781.406821,13520.532625,44822.472071,0.000000,,,0,1,,,,,44.780961,BIG
ga,hfvrp_n100_m20_s02,100,20,2.000000,1796900028178205131,8828.529485,9804.236909,28437.003304,0.000000,,,0,1,,,,,8.072257,MEDIUM
ga,hfvrp_n100_m20_s04,100,20,2.000000,9999,8740.974243,8779.171720,26299.317683,0.000000,,,0,1,,,,,8.086015,MEDIUM
ga,hfvrp_n150_m30_s02,150,30,2.000000,1,15402.092601,12470.246695,40342.585992,0.000000,,,0,1,,,,,45.779961,BIG
ga,hfvrp_n150_m30_s01,150,30,2.000000,75,23464.164055,33320.928032,90106.020119,0.000000,,,0,1,,,,,0.755319,DEFAULT
ga,hfvrp_n150_m30_s01,150,30,2.000000,75,29665.187057,60311.043059,150287.273174,0.000000,,,0,1,,,,,0.117926,SMALL
ga,hfvrp_n100_m20_s05,100,20,2.000000,1234,8806.220095,10612.568938,30031.357972,0.000000,,,0,1,,,,,23.803052,BIG
ga,hfvrp_n100_m20_s03,100,20,2.000000,9999,8822.349959,7820.178416,24462.706791,0.000000,,,0,1,,,,,24.155475,BIG
ga,hfvrp_n100_m20_s05,100,20,2.000000,9999,12212.913952,15342.045905,42897.005761,0.000000,,,0,1,,,,,0.403948,DEFAULT
ga,hfvrp_n100_m20_s05,100,20,2.000000,9999,17008.846519,35845.686361,88700.219241,0.000000,,,0,1,,,,,0.065987,SMALL
ga,hfvrp_n100_m20_s02,100,20,2.000000,1796900182283515219,8993.469831,10273.732896,29540.935624,0.000000,,,0,1,,,,,23.922518,BIG
ga,hfvrp_n100_m20_s03,100,20,2.000000,19345,12444.244650,12316.236579,37076.717809,0.000000,,,0,1,,,,,0.425167,DEFAULT
ga,hfvrp_n100_m20_s03,100,20,2.000000,19345,15327.062879,20727.708058,56782.478995,0.000000,,,0,1,,,,,0.065379,SMALL
ga,hfvrp_n100_m20_s04,100,20,2.000000,9999,7995.947352,8192.063024,24380.073399,0.000000,,,0,1,,,,,24.504970,BIG
ga,hfvrp_n150_m30_s02,150,30,2.000000,10,26344.395668,23674.412087,73693.219843,0.000000,,,0,1,,,,,0.794746,DEFAULT
ga,hfvrp_n150_m30_s02,150,30,2.000000,10,27726.952622,54296.126073,136319.204768,0.000000,,,0,1,,,,,0.119643,SMALL
ga,hfvrp_n100_m20_s04,100,20,2.000000,19345,11639.536595,17139.479837,45918.496268,0.000000,,,0,1,,,,,0.409144,DEFAULT
ga,hfvrp_n100_m20_s04,100,20,2.000000,19345,14866.036750,27652.016309,70170.069369,0.000000,,,0,1,,,,,0.055999,SMALL
ga,hfvrp_n150_m30_s01,150,30,2.000000,75,20156.505714,16034.961056,52226.427827,0.000000,,,0,1,,,,,15.131418,MEDIUM
ga,hfvrp_n100_m20_s05,100,20,2.000000,9999,8670.142373,9128.810229,26927.762831,0.000000,,,0,1,,,,,8.231071,MEDIUM
ga,hfvrp_n100_m20_s03,100,20,2.000000,19345,9091.708582,8800.137617,26691.983817,0.000000,,,0,1,,,,,7.980237,MEDIUM
ga,hfvrp_n100_m20_s04,100,20,2.000000,19345,8432.796801,9337.905648,27108.608097,0.000000,,,0,1,,,,,7.869682,MEDIUM
ga,hfvrp_n150_m30_s02,150,30,2.000000,10,17805.520063,14108.392001,46022.304066,0.000000,,,0,1,,,,,14.952253,MEDIUM
ga,hfvrp_n150_m30_s03,150,30,2.000000,1796901044422901542,24759.358571,26353.413063,77466.184697,0.000000,,,0,1,,,,,0.774870,DEFAULT
ga,hfvrp_n150_m30_s03,150,30,2.000000,1796901058087377839,31982.436237,71477.883639,174938.203514,0.000000,,,0,1,,,,,0.125421,SMALL
ga,hfvrp_n100_m20_s05,100,20,2.000000,9999,6802.769776,9262.962878,25328.695532,0.000000,,,0,1,,,,,24.188557,BIG
ga,hfvrp_n100_m20_s03,100,20,2.000000,19345,8772.834148,8063.879280,24900.592709,0.000000,,,0,1,,,,,23.942588,BIG
ga,hfvrp_n100_m20_s05,100,20,2.000000,19345,11168.527846,17536.892778,46242.313401,0.000000,,,0,1,,,,,0.422095,DEFAULT
ga,hfvrp_n100_m20_s05,100,20,2.000000,19345,14008.659188,44205.722110,102420.103408,0.000000,,,0,1,,,,,0.060924,SMALL
ga,hfvrp_n150_m30_s03,150,30,2.000000,1796901053927792772,17833.093225,12849.140694,43531.374612,0.000000,,,0,1,,,,,14.669670,MEDIUM
ga,hfvrp_n100_m20_s03,100,20,2.000000,1796900854359656395,12000.558260,13140.781551,38282.121362,0.000000,,,0,1,,,,,0.403068,DEFAULT
ga,hfvrp_n100_m20_s03,100,20,2.000000,1796900833292406143,14400.442527,32043.882896,78488.208320,0.000000,,,0,1,,,,,0.059534,SMALL
ga,hfvrp_n100_m20_s04,100,20,2.000000,19345,9463.350294,9716.391400,28896.133095,0.000000,,,0,1,,,,,24.417007,BIG
ga,hfvrp_n100_m20_s04,100,20,2.000000,1796900879743917999,11371.120811,13726.141164,38823.403139,0.000000,,,0,1,,,,,0.411490,DEFAULT
ga,hfvrp_n100_m20_s04,100,20,2.000000,1796900884459530150,13867.251061,32467.335276,78801.921612,0.000000,,,0,1,,,,,0.065963,SMALL
ga,hfvrp_n100_m20_s05,100,20,2.000000,19345,9393.523829,9558.116441,28509.756711,0.000000,,,0,1,,,,,8.088797,MEDIUM
ga,hfvrp_n100_m20_s03,100,20,2.000000,1796900829065935219,9456.861049,7998.451613,25453.764275,0.000000,,,0,1,,,,,7.996688,MEDIUM
ga,hfvrp_n100_m20_s04,100,20,2.000000,1796900871645288134,8376.278603,9529.893392,27436.065386,0.000000,,,0,1,,,,,8.188538,MEDIUM
ga,hfvrp_n150_m30_s01,150,30,2.000000,75,18077.656081,13103.260194,44284.176470,0.000000,,,0,1,,,,,44.694796,BIG
ga,hfvrp_n150_m30_s02,150,30,2.000000,10,17589.821519,11952.250404,41494.322328,0.000000,,,0,1,,,,,45.062525,BIG
ga,hfvrp_n150_m30_s01,150,30,2.000000,100,23335.964022,24160.638261,71657.240545,0.000000,,,0,1,,,,,0.783753,DEFAULT
ga,hfvrp_n150_m30_s01,150,30,2.000000,100,25742.449061,73283.545043,172309.539148,0.000000,,,0,1,,,,,0.116483,SMALL
ga,hfvrp_n100_m20_s05,100,20,2.000000,19345,8613.006527,8558.995337,25730.997200,0.000000,,,0,1,,,,,24.881428,BIG
ga,hfvrp_n100_m20_s03,100,20,2.000000,1796900867132194278,8762.399041,8388.522672,25539.444385,0.000000,,,0,1,,,,,23.967643,BIG
ga,hfvrp_n100_m20_s05,100,20,2.000000,1796900764410990747,12139.707995,15454.823942,43049.355878,0.000000,,,0,1,,,,,0.431121,DEFAULT
ga,hfvrp_n100_m20_s05,100,20,2.000000,1796900760556642436,16795.923386,25713.397473,68222.718331,0.000000,,,0,1,,,,,0.072445,SMALL
ga,hfvrp_n100_m20_s04,100,20,2.000000,1796900927088146645,8433.287273,7960.836322,24354.959917,0.000000,,,0,1,,,,,23.993421,BIG
ga,hfvrp_n100_m20_s05,100,20,2.000000,1796900773522292044,8812.737182,8749.967891,26312.672964,0.000000,,,0,1,,,,,8.218035,MEDIUM
ga,hfvrp_n150_m30_s02,150,30,2.000000,50,25495.640103,27577.205545,80650.051194,0.000000,,,0,1,,,,,0.776954,DEFAULT
ga,hfvrp_n150_m30_s02,150,30,2.000000,50,30938.390007,54421.940700,139782.271408,0.000000,,,0,1,,,,,0.117446,SMALL
ga,hfvrp_n150_m30_s03,150,30,2.000000,1796900858154139575,15839.306862,12048.270587,39935.848037,0.000000,,,0,1,,,,,44.321437,BIG
ga,hfvrp_n150_m30_s01,150,30,2.000000,100,15575.736133,13887.300661,43350.337455,0.000000,,,0,1,,,,,15.167735,MEDIUM
ga,hfvrp_n150_m30_s04,150,30,2.000000,1796900641834931828,25847.574351,27608.913708,81065.401767,0.000000,,,0,1,,,,,0.768557,DEFAULT
ga,hfvrp_n150_m30_s04,150,30,2.000000,1796900646908155118,30753.885978,91476.538268,213706.962514,0.000000,,,0,1,,,,,0.119634,SMALL
ga,hfvrp_n150_m30_s05,150,30,2.000000,1796900524665760598,28048.676942,25101.390540,78251.458022,0.000000,,,0,1,,,,,0.766182,DEFAULT
ga,hfvrp_n150_m30_s05,150,30,2.000000,1796900521146664665,26922.015961,51435.568430,129793.152820,0.000000,,,0,1,,,,,0.118004,SMALL
ga,hfvrp_n150_m30_s02,150,30,2.000000,50,18515.084205,13225.813357,44966.710918,0.000000,,,0,1,,,,,15.126088,MEDIUM
ga,hfvrp_n150_m30_s04,150,30,2.000000,1796900651326502233,17813.503993,13464.980411,44743.464814,0.000000,,,0,1,,,,,14.972728,MEDIUM
ga,hfvrp_n150_m30_s03,150,30,2.000000,1,28250.523266,25182.652251,78615.827769,0.000000,,,0,1,,,,,0.763754,DEFAULT
ga,hfvrp_n150_m30_s03,150,30,2.000000,1,31236.656895,56815.304914,144867.266723,0.000000,,,0,1,,,,,0.126089,SMALL
ga,hfvrp_n100_m20_s05,100,20,2.000000,1796900562701749537,8952.562486,9667.088223,28286.738932,0.000000,,,0,1,,,,,24.133469,BIG
ga,hfvrp_n150_m30_s05,150,30,2.000000,1796900534155288046,15579.858567,13726.523961,43032.906488,0.000000,,,0,1,,,,,14.651329,MEDIUM
ga,hfvrp_n150_m30_s03,150,30,2.000000,1,18599.524506,14145.675452,46890.875409,0.000000,,,0,1,,,,,14.813670,MEDIUM
ga,hfvrp_n150_m30_s01,150,30,2.000000,100,16220.530309,13352.932879,42926.396067,0.000000,,,0,1,,,,,43.852854,BIG
ga,hfvrp_n150_m30_s02,150,30,2.000000,50,17669.147068,10979.065292,39627.277653,0.000000,,,0,1,,,,,45.200593,BIG
ga,hfvrp_n150_m30_s01,150,30,2.000000,200,23438.297656,28574.776924,80587.851504,0.000000,,,0,1,,,,,0.759616,DEFAULT
ga,hfvrp_n150_m30_s01,150,30,2.000000,200,26309.612613,69336.624163,164982.860939,0.000000,,,0,1,,,,,0.113490,SMALL
ga,hfvrp_n150_m30_s04,150,30,2.000000,1796900550339782831,17985.794984,14892.443959,47770.682902,0.000000,,,0,1,,,,,44.887002,BIG
ga,hfvrp_n200_m40_s01,200,40,2.000000,1796892735431163403,48920.687977,58043.119464,165006.926906,0.000000,,,0,1,,,,,1.374138,DEFAULT
ga,hfvrp_n200_m40_s01,200,40,2.000000,1796892723930885723,49300.559919,102029.890499,253360.340916,0.000000,,,0,1,,,,,0.174318,SMALL
ga,hfvrp_n150_m30_s05,150,30,2.000000,1796892753446086946,15127.131152,10763.480142,36654.091436,0.000000,,,0,1,,,,,44.832342,BIG
ga,hfvrp_n150_m30_s04,150,30,2.000000,1,29014.492353,36217.894437,101450.281227,0.000000,,,0,1,,,,,0.740042,DEFAULT
ga,hfvrp_n150_m30_s04,150,30,2.000000,1,27591.742405,71131.264882,169854.272169,0.000000,,,0,1,,,,,0.112883,SMALL
ga,hfvrp_n150_m30_s01,150,30,2.000000,200,17195.179837,15357.449983,47910.079803,0.000000,,,0,1,,,,,15.065556,MEDIUM
ga,hfvrp_n150_m30_s02,150,30,2.000000,75,22394.165103,30004.029025,82402.223153,0.000000,,,0,1,,,,,0.800157,DEFAULT
ga,hfvrp_n150_m30_s02,150,30,2.000000,75,33398.000688,69698.718955,172795.438598,0.000000,,,0,1,,,,,0.124994,SMALL
ga,hfvrp_n150_m30_s03,150,30,2.000000,1,16712.180627,13072.973232,42858.127091,0.000000,,,0,1,,,,,44.375083,BIG
ga,hfvrp_n150_m30_s05,150,30,2.000000,1,27204.257136,24869.807596,76943.872327,0.000000,,,0,1,,,,,0.740822,DEFAULT
ga,hfvrp_n150_m30_s05,150,30,2.000000,1,32389.957070,47009.641943,126409.240956,0.000000,,,0,1,,,,,0.110157,SMALL
ga,hfvrp_n150_m30_s04,150,30,2.000000,1,17886.179289,14935.156224,47756.491736,0.000000,,,0,1,,,,,14.706788,MEDIUM
ga,hfvrp_n200_m40_s01,200,40,2.000000,1796892711231016184,27796.065806,16466.277580,60728.620966,0.000000,,,0,1,,,,,27.365204,MEDIUM
ga,hfvrp_n150_m30_s02,150,30,2.000000,75,18269.116864,13197.852033,44664.820931,0.000000,,,0,1,,,,,14.876985,MEDIUM
ga,hfvrp_n150_m30_s05,150,30,2.000000,1,18399.626344,10294.418533,38988.463409,0.000000,,,0,1,,,,,15.035922,MEDIUM
ga,hfvrp_n150_m30_s03,150,30,2.000000,10,24448.929401,35426.013888,95300.957177,0.000000,,,0,1,,,,,0.733990,DEFAULT
ga,hfvrp_n150_m30_s03,150,30,2.000000,10,28264.585869,63481.670241,155227.926351,0.000000,,,0,1,,,,,0.113028,SMALL
ga,hfvrp_n150_m30_s01,150,30,2.000000,200,16576.449131,13175.065555,42926.580241,0.000000,,,0,1,,,,,43.043890,BIG
ga,hfvrp_n150_m30_s03,150,30,2.000000,10,20890.987782,15829.202964,52549.393711,0.000000,,,0,1,,,,,14.614964,MEDIUM
ga,hfvrp_n150_m30_s01,150,30,2.000000,999,23195.576686,45056.262488,113308.101662,0.000000,,,0,1,,,,,0.774394,DEFAULT
ga,hfvrp_n150_m30_s01,150,30,2.000000,999,24773.314473,81684.829886,188142.974245,0.000000,,,0,1,,,,,0.111691,SMALL
ga,hfvrp_n150_m30_s04,150,30,2.000000,1,18325.240135,13372.897558,45071.035252,0.000000,,,0,1,,,,,45.166413,BIG
ga,hfvrp_n150_m30_s02,150,30,2.000000,75,17230.503631,12346.820634,41924.144899,0.000000,,,0,1,,,,,45.331611,BIG
ga,hfvrp_n150_m30_s05,150,30,2.000000,1,16045.357204,10562.464061,37170.285326,0.000000,,,0,1,,,,,44.660415,BIG
ga,hfvrp_n150_m30_s04,150,30,2.000000,10,24271.142867,31149.966617,86571.076101,0.000000,,,0,1,,,,,0.746820,DEFAULT
ga,hfvrp_n150_m30_s04,150,30,2.000000,10,29976.047262,82876.433418,195728.914097,0.000000,,,0,1,,,,,0.119121,SMALL
ga,hfvrp_n150_m30_s01,150,30,2.000000,999,16963.009797,14778.019492,46519.048781,0.000000,,,0,1,,,,,14.982682,MEDIUM
ga,hfvrp_n150_m30_s02,150,30,2.000000,100,28593.607835,24610.507281,77814.622397,0.000000,,,0,1,,,,,0.754708,DEFAULT
ga,hfvrp_n150_m30_s02,150,30,2.000000,100,27694.760332,54409.263344,136513.287020,0.000000,,,0,1,,,,,0.127017,SMALL
ga,hfvrp_n150_m30_s05,150,30,2.000000,10,26348.844255,23457.133996,73263.112248,0.000000,,,0,1,,,,,0.737464,DEFAULT
ga,hfvrp_n150_m30_s05,150,30,2.000000,10,26557.725158,45374.663460,117307.052078,0.000000,,,0,1,,,,,0.109080,SMALL
ga,hfvrp_n150_m30_s04,150,30,2.000000,10,17593.990588,14587.450590,46768.891767,0.000000,,,0,1,,,,,14.679499,MEDIUM
ga,hfvrp_n150_m30_s03,150,30,2.000000,10,17084.364803,12848.891403,42782.147610,0.000000,,,0,1,,,,,44.948719,BIG
ga,hfvrp_n150_m30_s02,150,30,2.000000,100,17375.306879,12775.955834,42927.218546,0.000000,,,0,1,,,,,15.340682,MEDIUM
ga,hfvrp_n200_m40_s01,200,40,2.000000,1796892996303925796,25452.853612,15599.498839,56651.851289,0.000000,,,0,1,,,,,80.743040,BIG
ga,hfvrp_n150_m30_s05,150,30,2.000000,10,16866.639274,10871.576448,38609.792169,0.000000,,,0,1,,,,,14.965863,MEDIUM
ga,hfvrp_n150_m30_s03,150,30,2.000000,50,24205.264167,33866.401793,91938.067753,0.000000,,,0,1,,,,,0.743953,DEFAULT
ga,hfvrp_n150_m30_s03,150,30,2.000000,50,27111.844722,63944.338758,155000.522238,0.000000,,,0,1,,,,,0.120248,SMALL
ga,hfvrp_n150_m30_s01,150,30,2.000000,999,15694.241111,13240.251633,42174.744377,0.000000,,,0,1,,,,,45.826294,BIG
ga,hfvrp_n150_m30_s03,150,30,2.000000,50,18301.619827,13572.928406,45447.476639,0.000000,,,0,1,,,,,14.796722,MEDIUM
ga,hfvrp_n150_m30_s04,150,30,2.000000,10,17434.764957,14322.059370,46078.883696,0.000000,,,0,1,,,,,44.422662,BIG
ga,hfvrp_n200_m40_s01,200,40,2.000000,1,53101.477859,51289.074032,155679.625923,0.000000,,,0,1,,,,,1.390078,DEFAULT
ga,hfvrp_n200_m40_s01,200,40,2.000000,1,56722.812890,97129.885557,250982.584003,0.000000,,,0,1,,,,,0.164365,SMALL
ga,hfvrp_n150_m30_s01,150,30,2.000000,1234,26730.018225,31059.367553,88848.753332,0.000000,,,0,1,,,,,0.757974,DEFAULT
ga,hfvrp_n150_m30_s01,150,30,2.000000,1234,29121.026272,68767.083347,166655.192965,0.000000,,,0,1,,,,,0.121570,SMALL
ga,hfvrp_n150_m30_s02,150,30,2.000000,100,16344.949928,12090.205784,40525.361497,0.000000,,,0,1,,,,,44.981064,BIG
ga,hfvrp_n150_m30_s04,150,30,2.000000,50,28432.304947,28909.900816,86252.106579,0.000000,,,0,1,,,,,0.754464,DEFAULT
ga,hfvrp_n150_m30_s05,150,30,2.000000,10,17095.715609,9907.484118,36910.683845,0.000000,,,0,1,,,,,43.571584,BIG
ga,hfvrp_n150_m30_s04,150,30,2.000000,50,31691.112543,65937.495632,163566.103806,0.000000,,,0,1,,,,,0.117913,SMALL
ga,hfvrp_n150_m30_s01,150,30,2.000000,1234,17090.137689,13621.896185,44333.930060,0.000000,,,0,1,,,,,14.839890,MEDIUM
ga,hfvrp_n150_m30_s02,150,30,2.000000,200,26382.935193,21598.050608,69579.036408,0.000000,,,0,1,,,,,0.772404,DEFAULT
ga,hfvrp_n150_m30_s02,150,30,2.000000,200,29656.051116,69330.025383,168316.101883,0.000000,,,0,1,,,,,0.109117,SMALL
ga,hfvrp_n150_m30_s04,150,30,2.000000,50,17303.037016,15086.306281,47475.649578,0.000000,,,0,1,,,,,14.639911,MEDIUM
ga,hfvrp_n150_m30_s05,150,30,2.000000,50,28483.055369,21889.129632,72261.314633,0.000000,,,0,1,,,,,0.761234,DEFAULT
ga,hfvrp_n150_m30_s05,150,30,2.000000,50,36565.678810,61464.092124,159493.863057,0.000000,,,0,1,,,,,0.113692,SMALL
ga,hfvrp_n200_m40_s01,200,40,2.000000,1,31622.780372,16783.410769,65189.601910,0.000000,,,0,1,,,,,26.965163,MEDIUM
ga,hfvrp_n150_m30_s03,150,30,2.000000,50,15982.427366,12029.100139,40040.627644,0.000000,,,0,1,,,,,45.795207,BIG
ga,hfvrp_n150_m30_s02,150,30,2.000000,200,18442.897911,13467.880103,45378.658117,0.000000,,,0,1,,,,,14.916924,MEDIUM
ga,hfvrp_n150_m30_s05,150,30,2.000000,50,17621.502833,10752.164928,39125.832688,0.000000,,,0,1,,,,,15.132387,MEDIUM
ga,hfvrp_n150_m30_s03,150,30,2.000000,75,26693.656672,33468.486162,93630.628995,0.000000,,,0,1,,,,,0.777699,DEFAULT
ga,hfvrp_n150_m30_s03,150,30,2.000000,75,31503.608981,60052.215949,151608.040878,0.000000,,,0,1,,,,,0.119544,SMALL
ga,hfvrp_n150_m30_s01,150,30,2.000000,1234,17397.507788,14590.504453,46578.516694,0.000000,,,0,1,,,,,44.914544,BIG
ga,hfvrp_n150_m30_s04,150,30,2.000000,50,17381.468134,14500.498001,46382.464136,0.000000,,,0,1,,,,,45.302173,BIG
ga,hfvrp_n150_m30_s03,150,30,2.000000,75,17976.315165,15235.836269,48447.987703,0.000000,,,0,1,,,,,14.833936,MEDIUM
ga,hfvrp_n150_m30_s01,150,30,2.000000,9999,22141.514086,27000.891831,76143.297749,0.000000,,,0,1,,,,,0.734729,DEFAULT
ga,hfvrp_n150_m30_s01,150,30,2.000000,9999,25337.572595,88793.881099,202925.334792,0.000000,,,0,1,,,,,0.122233,SMALL
ga,hfvrp_n150_m30_s02,150,30,2.000000,200,16194.066079,13579.524221,43353.114522,0.000000,,,0,1,,,,,45.178459,BIG
ga,hfvrp_n150_m30_s04,150,30,2.000000,75,29538.991982,33143.697053,95826.386088,0.000000,,,0,1,,,,,0.758726,DEFAULT
ga,hfvrp_n150_m30_s04,150,30,2.000000,75,37310.372839,87642.573680,212595.520198,0.000000,,,0,1,,,,,0.121056,SMALL
ga,hfvrp_n150_m30_s05,150,30,2.000000,50,14989.640978,10615.233111,36220.107200,0.000000,,,0,1,,,,,44.278703,BIG
ga,hfvrp_n150_m30_s01,150,30,2.000000,9999,16297.881080,15380.675870,47059.232819,0.000000,,,0,1,,,,,14.894994,MEDIUM
ga,hfvrp_n150_m30_s04,150,30,2.000000,75,17378.274486,14676.931756,46732.137997,0.000000,,,0,1,,,,,14.755261,MEDIUM
ga,hfvrp_n150_m30_s02,150,30,2.000000,999,26930.290681,23147.637626,73225.565933,0.000000,,,0,1,,,,,0.821428,DEFAULT
ga,hfvrp_n150_m30_s02,150,30,2.000000,999,26785.228339,67618.402238,162022.032814,0.000000,,,0,1,,,,,0.121236,SMALL
ga,hfvrp_n150_m30_s05,150,30,2.000000,75,25947.117431,21196.587601,68340.292632,0.000000,,,0,1,,,,,0.762568,DEFAULT
ga,hfvrp_n150_m30_s05,150,30,2.000000,75,31191.053039,44160.445032,119511.943103,0.000000,,,0,1,,,,,0.116370,SMALL
ga,hfvrp_n200_m40_s01,200,40,2.000000,1,26866.863535,15658.369580,58183.602695,0.000000,,,0,1,,,,,81.107073,BIG
ga,hfvrp_n150_m30_s02,150,30,2.000000,999,17995.187057,11962.145214,41919.477486,0.000000,,,0,1,,,,,14.963170,MEDIUM
ga,hfvrp_n150_m30_s05,150,30,2.000000,75,19011.178660,10658.814024,40328.806707,0.000000,,,0,1,,,,,15.213808,MEDIUM
ga,hfvrp_n150_m30_s03,150,30,2.000000,75,18494.798591,12209.224910,42913.248411,0.000000,,,0,1,,,,,44.802758,BIG
ga,hfvrp_n150_m30_s01,150,30,2.000000,9999,16430.056945,13864.094924,44158.246793,0.000000,,,0,1,,,,,44.410154,BIG
ga,hfvrp_n150_m30_s04,150,30,2.000000,75,18557.220722,13698.306850,45953.834422,0.000000,,,0,1,,,,,44.299800,BIG
ga,hfvrp_n150_m30_s03,150,30,2.000000,100,25754.675903,35116.280084,95987.236070,0.000000,,,0,1,,,,,0.752749,DEFAULT
ga,hfvrp_n150_m30_s03,150,30,2.000000,100,30342.091544,63964.951433,158271.994410,0.000000,,,0,1,,,,,0.121592,SMALL
ga,hfvrp_n200_m40_s01,200,40,2.000000,10,43835.393431,49492.957340,142821.308111,0.000000,,,0,1,,,,,1.342300,DEFAULT
ga,hfvrp_n200_m40_s01,200,40,2.000000,10,43953.709881,104176.495065,252306.700012,0.000000,,,0,1,,,,,0.166466,SMALL
ga,hfvrp_n150_m30_s01,150,30,2.000000,19345,28278.610222,39273.944159,106826.498541,0.000000,,,0,1,,,,,0.716255,DEFAULT
ga,hfvrp_n150_m30_s01,150,30,2.000000,19345,29371.033460,58137.988088,145647.009636,0.000000,,,0,1,,,,,0.117408,SMALL
ga,hfvrp_n150_m30_s04,150,30,2.000000,100,25018.435011,31592.808847,88204.052704,0.000000,,,0,1,,,,,0.737915,DEFAULT
ga,hfvrp_n150_m30_s04,150,30,2.000000,100,30151.969515,75699.487479,181550.944473,0.000000,,,0,1,,,,,0.119522,SMALL
ga,hfvrp_n150_m30_s03,150,30,2.000000,100,18492.966049,13008.713373,44510.392795,0.000000,,,0,1,,,,,14.919273,MEDIUM
ga,hfvrp_n150_m30_s02,150,30,2.000000,999,16801.218211,11941.555832,40684.329875,0.000000,,,0,1,,,,,44.867352,BIG
ga,hfvrp_n150_m30_s05,150,30,2.000000,75,15885.283148,11276.900875,38439.084899,0.000000,,,0,1,,,,,45.626641,BIG
ga,hfvrp_n150_m30_s01,150,30,2.000000,19345,17476.749456,14560.794733,46598.338922,0.000000,,,0,1,,,,,16.824203,MEDIUM
ga,hfvrp_n150_m30_s04,150,30,2.000000,100,18036.541411,14317.468138,46671.477688,0.000000,,,0,1,,,,,14.831697,MEDIUM
ga,hfvrp_n200_m40_s01,200,40,2.000000,10,32772.424729,17138.525041,67049.474811,0.000000,,,0,1,,,,,27.205767,MEDIUM
ga,hfvrp_n150_m30_s02,150,30,2.000000,1234,25959.188744,26095.076505,78149.341753,0.000000,,,0,1,,,,,0.800894,DEFAULT
ga,hfvrp_n150_m30_s02,150,30,2.000000,1234,31060.712812,52920.611374,136901.935560,0.000000,,,0,1,,,,,0.118574,SMALL
ga,hfvrp_n150_m30_s05,150,30,2.000000,100,29181.823819,22317.114043,73816.051905,0.000000,,,0,1,,,,,0.765213,DEFAULT
ga,hfvrp_n150_m30_s05,150,30,2.000000,100,33874.595622,58534.568583,150943.732788,0.000000,,,0,1,,,,,0.114106,SMALL
ga,hfvrp_n150_m30_s02,150,30,2.000000,1234,16319.667761,11140.614137,38600.896035,0.000000,,,0,1,,,,,15.123705,MEDIUM
ga,hfvrp_n150_m30_s05,150,30,2.000000,100,19044.405941,12067.119003,43178.643947,0.000000,,,0,1,,,,,14.657550,MEDIUM
ga,hfvrp_n150_m30_s03,150,30,2.000000,100,17548.219723,12169.319612,41886.858947,0.000000,,,0,1,,,,,44.903966,BIG
ga,hfvrp_n150_m30_s04,150,30,2.000000,100,19199.034137,14572.508647,48344.051430,0.000000,,,0,1,,,,,44.031120,BIG
ga,hfvrp_n150_m30_s01,150,30,2.000000,19345,15972.277977,14365.738508,44703.754993,0.000000,,,0,1,,,,,45.768202,BIG
ga,hfvrp_n150_m30_s03,150,30,2.000000,200,26574.880566,29176.183759,84927.248083,0.000000,,,0,1,,,,,0.764743,DEFAULT
ga,hfvrp_n150_m30_s03,150,30,2.000000,200,22547.638065,51721.499398,125990.636861,0.000000,,,0,1,,,,,0.123937,SMALL
ga,hfvrp_n150_m30_s04,150,30,2.000000,200,24902.404312,28762.610657,82427.625625,0.000000,,,0,1,,,,,0.762360,DEFAULT
ga,hfvrp_n150_m30_s04,150,30,2.000000,200,26015.921137,63486.390759,152988.702656,0.000000,,,0,1,,,,,0.113864,SMALL
ga,hfvrp_n150_m30_s01,150,30,2.000000,1796892513587363262,26151.507035,36392.484424,98936.475883,0.000000,,,0,1,,,,,0.735525,DEFAULT
ga,hfvrp_n150_m30_s01,150,30,2.000000,1796892518622633690,30113.969302,83210.215182,196534.399665,0.000000,,,0,1,,,,,0.110282,SMALL
ga,hfvrp_n150_m30_s02,150,30,2.000000,1234,16051.866719,12240.613276,40533.093270,0.000000,,,0,1,,,,,45.975681,BIG
ga,hfvrp_n150_m30_s05,150,30,2.000000,100,15816.128722,10830.771059,37477.670839,0.000000,,,0,1,,,,,44.772405,BIG
ga,hfvrp_n150_m30_s03,150,30,2.000000,200,17538.975878,13345.367419,44229.710716,0.000000,,,0,1,,,,,15.327205,MEDIUM
ga,hfvrp_n150_m30_s04,150,30,2.000000,200,17486.735642,14738.705239,46964.146119,0.000000,,,0,1,,,,,14.901314,MEDIUM
ga,hfvrp_n150_m30_s01,150,30,2.000000,1796892437133151540,17924.506596,14033.866510,45992.239615,0.000000,,,0,1,,,,,15.213130,MEDIUM
ga,hfvrp_n200_m40_s01,200,40,2.000000,10,25802.189638,15832.810362,57467.810361,0.000000,,,0,1,,,,,80.972794,BIG
ga,hfvrp_n150_m30_s02,150,30,2.000000,9999,24596.822148,27433.723690,79464.269528,0.000000,,,0,1,,,,,0.778369,DEFAULT
ga,hfvrp_n150_m30_s05,150,30,2.000000,200,27317.843673,21610.985165,70539.814003,0.000000,,,0,1,,,,,0.779198,DEFAULT
ga,hfvrp_n150_m30_s02,150,30,2.000000,9999,27684.457753,56418.533096,140521.523945,0.000000,,,0,1,,,,,0.128646,SMALL
ga,hfvrp_n150_m30_s05,150,30,2.000000,200,35231.822853,47258.970610,129749.764073,0.000000,,,0,1,,,,,0.111126,SMALL
ga,hfvrp_n150_m30_s05,150,30,2.000000,200,15502.709093,12520.637420,40543.983932,0.000000,,,0,1,,,,,14.788011,MEDIUM
ga,hfvrp_n150_m30_s02,150,30,2.000000,9999,18863.590339,12373.992589,43611.575517,0.000000,,,0,1,,,,,15.147389,MEDIUM
ga,hfvrp_n150_m30_s03,150,30,2.000000,200,16470.117868,13326.096029,43122.309927,0.000000,,,0,1,,,,,44.040465,BIG
ga,hfvrp_n150_m30_s04,150,30,2.000000,200,18411.884245,15905.511845,50222.907934,0.000000,,,0,1,,,,,44.016493,BIG
ga,hfvrp_n150_m30_s01,150,30,2.000000,1796892413701827095,17435.390434,14567.106909,46569.604252,0.000000,,,0,1,,,,,45.141916,BIG
ga,hfvrp_n200_m40_s01,200,40,2.000000,50,51172.686507,48915.706557,149004.099621,0.000000,,,0,1,,,,,1.361649,DEFAULT
ga,hfvrp_n200_m40_s01,200,40,2.000000,50,44675.438280,101251.775779,247178.989838,0.000000,,,0,1,,,,,0.169394,SMALL
ga,hfvrp_n150_m30_s04,150,30,2.000000,999,27525.796937,37963.229185,103452.255306,0.000000,,,0,1,,,,,0.762049,DEFAULT
ga,hfvrp_n150_m30_s04,150,30,2.000000,999,27462.880081,64882.818465,157228.517010,0.000000,,,0,1,,,,,0.114271,SMALL
ga,hfvrp_n150_m30_s03,150,30,2.000000,999,29131.538725,27781.963833,84695.466392,0.000000,,,0,1,,,,,0.760546,DEFAULT
ga,hfvrp_n150_m30_s03,150,30,2.000000,999,24653.556785,38679.328779,102012.214343,0.000000,,,0,1,,,,,0.123989,SMALL
ga,hfvrp_n150_m30_s04,150,30,2.000000,999,17735.585384,13856.229329,45448.044042,0.000000,,,0,1,,,,,15.050544,MEDIUM
ga,hfvrp_n150_m30_s05,150,30,2.000000,200,15230.068614,11546.624154,38323.316923,0.000000,,,0,1,,,,,44.384523,BIG
ga,hfvrp_n150_m30_s02,150,30,2.000000,9999,19008.246761,11826.071981,42660.390722,0.000000,,,0,1,,,,,45.909976,BIG
ga,hfvrp_n200_m40_s01,200,40,2.000000,50,29198.451807,16369.661776,61937.775359,0.000000,,,0,1,,,,,27.149105,MEDIUM
ga,hfvrp_n150_m30_s03,150,30,2.000000,999,16856.179293,13158.705499,43173.590291,0.000000,,,0,1,,,,,14.969771,MEDIUM
ga,hfvrp_n150_m30_s05,150,30,2.000000,999,24383.594059,20549.117382,65481.828824,0.000000,,,0,1,,,,,0.738038,DEFAULT
ga,hfvrp_n150_m30_s05,150,30,2.000000,999,29471.388950,50218.430909,129908.250768,0.000000,,,0,1,,,,,0.116243,SMALL
ga,hfvrp_n200_m40_s02,200,40,2.000000,1796894312212063385,46778.363446,30775.937156,108330.237757,0.000000,,,0,1,,,,,1.346081,DEFAULT
ga,hfvrp_n200_m40_s02,200,40,2.000000,1796894292088482751,56285.866741,91781.102903,239848.072547,0.000000,,,0,1,,,,,0.174623,SMALL
ga,hfvrp_n150_m30_s02,150,30,2.000000,19345,25248.865952,32913.363856,91075.593663,0.000000,,,0,1,,,,,0.738308,DEFAULT
ga,hfvrp_n150_m30_s02,150,30,2.000000,19345,31286.993724,64309.695497,159906.384718,0.000000,,,0,1,,,,,0.122663,SMALL
ga,hfvrp_n150_m30_s05,150,30,2.000000,999,17335.591884,10810.700099,38956.992082,0.000000,,,0,1,,,,,14.397142,MEDIUM
ga,hfvrp_n150_m30_s02,150,30,2.000000,19345,16996.088922,11794.229099,40584.547120,0.000000,,,0,1,,,,,14.865117,MEDIUM
ga,hfvrp_n150_m30_s04,150,30,2.000000,999,16751.211137,14158.962982,45069.137100,0.000000,,,0,1,,,,,44.827695,BIG
ga,hfvrp_n200_m40_s02,200,40,2.000000,1796894283678144441,32425.310108,16835.908470,66097.127048,0.000000,,,0,1,,,,,26.663362,MEDIUM
ga,hfvrp_n150_m30_s03,150,30,2.000000,999,17400.812320,13038.242385,43477.297090,0.000000,,,0,1,,,,,45.690706,BIG
ga,hfvrp_n150_m30_s04,150,30,2.000000,1234,31791.090148,26039.266451,83869.623050,0.000000,,,0,1,,,,,0.766170,DEFAULT
ga,hfvrp_n150_m30_s04,150,30,2.000000,1234,31004.596361,63668.384909,158341.366180,0.000000,,,0,1,,,,,0.122722,SMALL
ga,hfvrp_n150_m30_s04,150,30,2.000000,1234,16646.588483,15014.755058,46676.098598,0.000000,,,0,1,,,,,14.428152,MEDIUM
ga,hfvrp_n150_m30_s03,150,30,2.000000,1234,24445.119441,28316.216536,81077.552514,0.000000,,,0,1,,,,,0.772736,DEFAULT
ga,hfvrp_n150_m30_s03,150,30,2.000000,1234,23875.929228,83173.302690,190222.534609,0.000000,,,0,1,,,,,0.110346,SMALL
ga,hfvrp_n150_m30_s05,150,30,2.000000,999,16284.302541,9398.933283,35082.169106,0.000000,,,0,1,,,,,45.925574,BIG
ga,hfvrp_n150_m30_s02,150,30,2.000000,19345,18421.945649,11881.278796,42184.503241,0.000000,,,0,1,,,,,44.969498,BIG
ga,hfvrp_n200_m40_s01,200,40,2.000000,50,26047.139473,16258.987872,58565.115217,0.000000,,,0,1,,,,,83.033315,BIG
ga,hfvrp_n150_m30_s03,150,30,2.000000,1234,18585.417628,14558.694123,47702.805875,0.000000,,,0,1,,,,,14.769553,MEDIUM
ga,hfvrp_n150_m30_s05,150,30,2.000000,1234,23436.575182,24827.348133,73091.271448,0.000000,,,0,1,,,,,0.734759,DEFAULT
ga,hfvrp_n150_m30_s05,150,30,2.000000,1234,30828.560578,50779.884961,132388.330501,0.000000,,,0,1,,,,,0.112978,SMALL
ga,hfvrp_n150_m30_s02,150,30,2.000000,1796892686665498816,26409.397119,26900.814034,80211.025188,0.000000,,,0,1,,,,,0.801813,DEFAULT
ga,hfvrp_n150_m30_s02,150,30,2.000000,1796892683176401730,30970.125164,61243.244946,153456.615056,0.000000,,,0,1,,,,,0.116380,SMALL
ga,hfvrp_n150_m30_s05,150,30,2.000000,1234,16621.594706,11394.347909,39410.290525,0.000000,,,0,1,,,,,14.762055,MEDIUM
ga,hfvrp_n150_m30_s02,150,30,2.000000,1796892696186848649,17126.839332,13297.073107,43720.985545,0.000000,,,0,1,,,,,14.789851,MEDIUM
ga,hfvrp_n150_m30_s04,150,30,2.000000,1234,17535.737704,13205.899823,43947.537350,0.000000,,,0,1,,,,,45.456113,BIG
ga,hfvrp_n200_m40_s02,200,40,2.000000,1796894129963231524,27836.427298,16465.714596,60767.856489,0.000000,,,0,1,,,,,83.216754,BIG
ga,hfvrp_n200_m40_s01,200,40,2.000000,75,44964.400846,45047.920368,135060.241583,0.000000,,,0,1,,,,,1.345636,DEFAULT
ga,hfvrp_n200_m40_s01,200,40,2.000000,75,55033.993783,74695.495851,204424.985485,0.000000,,,0,1,,,,,0.173467,SMALL
ga,hfvrp_n150_m30_s04,150,30,2.000000,9999,24977.120023,27881.650427,80740.420878,0.000000,,,0,1,,,,,0.736815,DEFAULT
ga,hfvrp_n150_m30_s04,150,30,2.000000,9999,31418.299712,72328.871935,176076.043583,0.000000,,,0,1,,,,,0.122164,SMALL
ga,hfvrp_n150_m30_s03,150,30,2.000000,1234,16612.270489,12787.440758,42187.152004,0.000000,,,0,1,,,,,43.171922,BIG
ga,hfvrp_n150_m30_s04,150,30,2.000000,9999,18108.744579,14693.086492,47494.917564,0.000000,,,0,1,,,,,15.393228,MEDIUM
ga,hfvrp_n150_m30_s05,150,30,2.000000,1234,16093.159706,12794.718196,41682.596098,0.000000,,,0,1,,,,,44.877494,BIG
ga,hfvrp_n150_m30_s03,150,30,2.000000,9999,23530.308186,31732.093162,86994.494510,0.000000,,,0,1,,,,,0.753752,DEFAULT
ga,hfvrp_n150_m30_s03,150,30,2.000000,9999,32427.196490,62034.426418,156496.049326,0.000000,,,0,1,,,,,0.118933,SMALL
ga,hfvrp_n150_m30_s02,150,30,2.000000,1796892685217897665,17430.270069,11761.828839,40953.927747,0.000000,,,0,1,,,,,45.186827,BIG
ga,hfvrp_n200_m40_s01,200,40,2.000000,75,28718.635845,16593.120268,61904.876381,0.000000,,,0,1,,,,,27.085650,MEDIUM
ga,hfvrp_n200_m40_s02,200,40,2.000000,1,42652.450408,41211.543632,125075.537672,0.000000,,,0,1,,,,,1.386789,DEFAULT
ga,hfvrp_n200_m40_s02,200,40,2.000000,1,58229.331822,76257.275019,210743.881860,0.000000,,,0,1,,,,,0.183192,SMALL
ga,hfvrp_n150_m30_s05,150,30,2.000000,9999,23626.914141,24196.806254,72020.526649,0.000000,,,0,1,,,,,0.725216,DEFAULT
ga,hfvrp_n150_m30_s05,150,30,2.000000,9999,27903.143301,60588.667915,149080.479132,0.000000,,,0,1,,,,,0.106042,SMALL
ga,hfvrp_n150_m30_s03,150,30,2.000000,9999,17906.832084,16676.585532,51260.003148,0.000000,,,0,1,,,,,14.784531,MEDIUM
ga,hfvrp_n150_m30_s05,150,30,2.000000,9999,16259.567698,11797.148802,39853.865301,0.000000,,,0,1,,,,,14.735476,MEDIUM
ga,hfvrp_n150_m30_s04,150,30,2.000000,9999,16506.075376,14516.637454,45539.350284,0.000000,,,0,1,,,,,44.462127,BIG
ga,hfvrp_n200_m40_s02,200,40,2.000000,1,32637.870048,15335.141841,63308.153729,0.000000,,,0,1,,,,,26.529019,MEDIUM
ga,hfvrp_n150_m30_s04,150,30,2.000000,19345,30289.532083,30912.256620,92114.045323,0.000000,,,0,1,,,,,0.743138,DEFAULT
ga,hfvrp_n150_m30_s04,150,30,2.000000,19345,29568.940719,70020.283744,169609.508208,0.000000,,,0,1,,,,,0.122201,SMALL
ga,hfvrp_n150_m30_s03,150,30,2.000000,9999,17951.165049,12369.646872,42690.458792,0.000000,,,0,1,,,,,44.369084,BIG
ga,hfvrp_n200_m40_s03,200,40,2.000000,1796893078491233197,42672.611340,68840.011756,180352.634851,0.000000,,,0,1,,,,,1.372996,DEFAULT
ga,hfvrp_n200_m40_s03,200,40,2.000000,1796893092754348155,51418.890576,131030.141140,313479.172855,0.000000,,,0,1,,,,,0.190207,SMALL
ga,hfvrp_n150_m30_s04,150,30,2.000000,19345,19914.403470,16960.433253,53835.269976,0.000000,,,0,1,,,,,14.881231,MEDIUM
ga,hfvrp_n150_m30_s05,150,30,2.000000,9999,14951.758147,9794.827912,34541.413970,0.000000,,,0,1,,,,,44.660248,BIG
ga,hfvrp_n150_m30_s03,150,30,2.000000,19345,24952.903778,25729.846560,76412.596898,0.000000,,,0,1,,,,,0.781350,DEFAULT
ga,hfvrp_n200_m40_s01,200,40,2.000000,75,27065.176363,15834.669593,58734.515549,0.000000,,,0,1,,,,,82.122373,BIG
ga,hfvrp_n150_m30_s03,150,30,2.000000,19345,28391.128163,66511.761187,161414.650537,0.000000,,,0,1,,,,,0.119823,SMALL
ga,hfvrp_n200_m40_s03,200,40,2.000000,1796893088654540975,29321.481045,23162.643478,75646.768002,0.000000,,,0,1,,,,,26.857580,MEDIUM
ga,hfvrp_n150_m30_s05,150,30,2.000000,19345,26487.063183,21808.420096,70103.903375,0.000000,,,0,1,,,,,0.752745,DEFAULT
ga,hfvrp_n150_m30_s05,150,30,2.000000,19345,30131.276065,78920.281275,187971.838615,0.000000,,,0,1,,,,,0.114321,SMALL
ga,hfvrp_n150_m30_s03,150,30,2.000000,19345,17364.187677,12600.580795,42565.349267,0.000000,,,0,1,,,,,15.310289,MEDIUM
ga,hfvrp_n150_m30_s05,150,30,2.000000,19345,17139.213100,9999.330272,37137.873645,0.000000,,,0,1,,,,,14.986513,MEDIUM
ga,hfvrp_n150_m30_s04,150,30,2.000000,19345,16191.508401,12389.322501,40970.153403,0.000000,,,0,1,,,,,45.573798,BIG
ga,hfvrp_n150_m30_s04,150,30,2.000000,1796892893430594783,28345.399576,32701.566432,93748.532440,0.000000,,,0,1,,,,,0.750587,DEFAULT
ga,hfvrp_n150_m30_s04,150,30,2.000000,1796892919955751180,32980.519769,58710.564498,150401.648765,0.000000,,,0,1,,,,,0.113967,SMALL
ga,hfvrp_n200_m40_s02,200,40,2.000000,1,27358.621438,15657.052765,58672.726968,0.000000,,,0,1,,,,,81.338583,BIG
ga,hfvrp_n200_m40_s01,200,40,2.000000,100,44133.746776,39454.620215,123042.987205,0.000000,,,0,1,,,,,1.397563,DEFAULT
ga,hfvrp_n200_m40_s01,200,40,2.000000,100,47065.800166,84342.917173,215751.634511,0.000000,,,0,1,,,,,0.174840,SMALL
ga,hfvrp_n150_m30_s04,150,30,2.000000,1796892915779411939,18145.780668,13861.903048,45869.586763,0.000000,,,0,1,,,,,14.778739,MEDIUM
ga,hfvrp_n150_m30_s03,150,30,2.000000,19345,17266.514661,13466.665573,44199.845807,0.000000,,,0,1,,,,,45.979693,BIG
ga,hfvrp_n150_m30_s05,150,30,2.000000,19345,16783.241142,11642.960523,40069.162188,0.000000,,,0,1,,,,,43.913040,BIG
ga,hfvrp_n200_m40_s01,200,40,2.000000,100,28941.838568,18694.906517,66331.651603,0.000000,,,0,1,,,,,27.478668,MEDIUM
ga,hfvrp_n200_m40_s02,200,40,2.000000,10,44170.714389,56981.346675,158133.407738,0.000000,,,0,1,,,,,1.373739,DEFAULT
ga,hfvrp_n200_m40_s02,200,40,2.000000,10,51698.088481,94584.616310,240867.321101,0.000000,,,0,1,,,,,0.183572,SMALL
ga,hfvrp_n150_m30_s05,150,30,2.000000,1796895712251586114,24924.236609,17292.585954,59509.408516,0.000000,,,0,1,,,,,0.757793,DEFAULT
ga,hfvrp_n150_m30_s05,150,30,2.000000,1796895708719223680,31412.448730,42429.450395,116271.349520,0.000000,,,0,1,,,,,0.113711,SMALL
ga,hfvrp_n150_m30_s03,150,30,2.000000,1796895717845412271,23125.923507,22108.778256,67343.480018,0.000000,,,0,1,,,,,0.768519,DEFAULT
ga,hfvrp_n150_m30_s03,150,30,2.000000,1796895765863584647,27720.092310,66480.339067,160680.770443,0.000000,,,0,1,,,,,0.128917,SMALL
ga,hfvrp_n200_m40_s03,200,40,2.000000,1796892900775166035,28420.762848,22611.808393,73644.379634,0.000000,,,0,1,,,,,79.697110,BIG
ga,hfvrp_n150_m30_s05,150,30,2.000000,1796895721722488730,16456.822882,11199.288710,38855.400302,0.000000,,,0,1,,,,,15.014512,MEDIUM
ga,hfvrp_n150_m30_s04,150,30,2.000000,1796893278460108460,18526.092968,14452.616115,47431.325198,0.000000,,,0,1,,,,,44.544783,BIG
ga,hfvrp_n150_m30_s03,150,30,2.000000,1796895761702406319,18064.603964,15867.903457,49800.410878,0.000000,,,0,1,,,,,14.793223,MEDIUM
ga,hfvrp_n200_m40_s02,200,40,2.000000,10,32389.053239,15825.417731,64039.888700,0.000000,,,0,1,,,,,26.662011,MEDIUM
ga,hfvrp_n150_m30_s05,150,30,2.000000,1796895659437721812,15974.472403,9845.376443,35665.225289,0.000000,,,0,1,,,,,44.144497,BIG
ga,hfvrp_n150_m30_s03,150,30,2.000000,1796895583232449328,19098.949954,13373.423296,45845.796546,0.000000,,,0,1,,,,,44.667154,BIG
ga,augerat_A_n32_k5,31,8,2.000000,1796895662384871206,8259.623458,1724.570302,11708.764062,0.000000,,,0,1,,,,,0.103376,DEFAULT
ga,augerat_A_n32_k5,31,8,2.000000,1796895658197195097,8457.798191,1690.132890,11838.063972,0.000000,,,0,1,,,,,0.013117,SMALL
ga,augerat_A_n32_k5,31,8,2.000000,1796895688283311775,8360.653209,1613.291792,11587.236792,0.000000,,,0,1,,,,,2.106434,MEDIUM
ga,hfvrp_n200_m40_s01,200,40,2.000000,100,27833.265581,14576.981660,56987.228901,0.000000,,,0,1,,,,,80.420822,BIG
ga,hfvrp_n200_m40_s03,200,40,2.000000,1,45028.857748,51885.521713,148799.901174,0.000000,,,0,1,,,,,1.342361,DEFAULT
ga,hfvrp_n200_m40_s03,200,40,2.000000,1,48716.815219,142909.214856,334535.244932,0.000000,,,0,1,,,,,0.195594,SMALL
ga,hfvrp_n200_m40_s04,200,40,2.000000,1796895704125895356,45048.696275,39101.320510,123251.337295,0.000000,,,0,1,,,,,1.407095,DEFAULT
ga,hfvrp_n200_m40_s04,200,40,2.000000,1796895735608489834,47927.954761,85656.934205,219241.823172,0.000000,,,0,1,,,,,0.187970,SMALL
ga,augerat_A_n32_k5,31,8,2.000000,1796895694693926481,8348.806526,1632.843891,11614.494308,0.000000,,,0,1,,,,,6.338552,BIG
ga,augerat_A_n32_k5,31,8,2.000000,1,8568.140029,1491.289803,11550.719635,0.000000,,,0,1,,,,,0.108545,DEFAULT
ga,augerat_A_n32_k5,31,8,2.000000,1,8519.673895,1709.930740,11939.535376,0.000000,,,0,1,,,,,0.012435,SMALL
ga,augerat_A_n32_k5,31,8,2.000000,1,8298.287826,1709.930740,11718.149306,0.000000,,,0,1,,,,,2.081894,MEDIUM
ga,augerat_A_n32_k5,31,8,2.000000,1,8360.653209,1613.291792,11587.236792,0.000000,,,0,1,,,,,6.314142,BIG
ga,augerat_A_n32_k5,31,8,2.000000,10,8361.940797,1712.977750,11787.896298,0.000000,,,0,1,,,,,0.100388,DEFAULT
ga,augerat_A_n32_k5,31,8,2.000000,10,8362.162583,1724.570302,11811.303188,0.000000,,,0,1,,,,,0.012597,SMALL
ga,augerat_A_n32_k5,31,8,2.000000,10,8340.015971,1538.523035,11417.062041,0.000000,,,0,1,,,,,2.102556,MEDIUM
ga,augerat_A_n32_k5,31,8,2.000000,10,8360.653209,1613.291792,11587.236792,0.000000,,,0,1,,,,,6.358993,BIG
ga,augerat_A_n32_k5,31,8,2.000000,50,8519.106844,1615.529210,11750.165263,0.000000,,,0,1,,,,,0.103722,DEFAULT
ga,augerat_A_n32_k5,31,8,2.000000,50,8474.438472,1709.543397,11893.525266,0.000000,,,0,1,,,,,0.011871,SMALL
ga,augerat_A_n32_k5,31,8,2.000000,50,8409.284965,1627.078081,11663.441127,0.000000,,,0,1,,,,,2.070570,MEDIUM
ga,hfvrp_n200_m40_s03,200,40,2.000000,1,29724.565999,22713.892535,75152.351070,0.000000,,,0,1,,,,,26.217759,MEDIUM
ga,hfvrp_n200_m40_s05,200,40,2.000000,1796895809270584033,45151.684701,37973.368593,121098.421887,0.000000,,,0,1,,,,,1.418476,DEFAULT
ga,hfvrp_n200_m40_s04,200,40,2.000000,1796895740095427544,28754.657286,15129.548156,59013.753599,0.000000,,,0,1,,,,,27.800436,MEDIUM
ga,hfvrp_n200_m40_s05,200,40,2.000000,1796895797809169494,50577.465757,97681.393899,245940.253555,0.000000,,,0,1,,,,,0.229780,SMALL
ga,augerat_A_n32_k5,31,8,2.000000,50,8369.945366,1601.604199,11573.153763,0.000000,,,0,1,,,,,6.345252,BIG
ga,augerat_A_n32_k5,31,8,2.000000,75,8401.381834,1709.487474,11820.356781,0.000000,,,0,1,,,,,0.107388,DEFAULT
ga,augerat_A_n32_k5,31,8,2.000000,75,8412.779320,1724.570302,11861.919925,0.000000,,,0,1,,,,,0.012165,SMALL
ga,augerat_A_n32_k5,31,8,2.000000,75,8375.261123,1627.914172,11631.089466,0.000000,,,0,1,,,,,2.141327,MEDIUM
ga,hfvrp_n200_m40_s01,200,40,2.000000,200,44039.630598,55941.416436,155922.463469,0.000000,,,0,1,,,,,1.391530,DEFAULT
ga,augerat_A_n32_k5,31,8,2.000000,75,8360.653209,1613.291792,11587.236792,0.000000,,,0,1,,,,,6.325641,BIG
ga,hfvrp_n200_m40_s01,200,40,2.000000,200,49864.858297,101044.478456,251953.815210,0.000000,,,0,1,,,,,0.179993,SMALL
ga,augerat_A_n32_k5,31,8,2.000000,100,8307.503245,1724.570302,11756.643850,0.000000,,,0,1,,,,,0.105427,DEFAULT
ga,augerat_A_n32_k5,31,8,2.000000,100,8412.112026,1724.570302,11861.252630,0.000000,,,0,1,,,,,0.012640,SMALL
ga,augerat_A_n32_k5,31,8,2.000000,100,8346.913903,1620.310926,11587.535756,0.000000,,,0,1,,,,,2.071000,MEDIUM
ga,hfvrp_n200_m40_s02,200,40,2.000000,10,27783.741495,14782.175781,57348.093056,0.000000,,,0,1,,,,,81.706865,BIG
ga,augerat_A_n32_k5,31,8,2.000000,100,8454.062076,1493.702777,11441.467630,0.000000,,,0,1,,,,,6.311265,BIG
ga,augerat_A_n32_k5,31,8,2.000000,200,8379.110764,1709.930740,11798.972245,0.000000,,,0,1,,,,,0.105647,DEFAULT
ga,augerat_A_n32_k5,31,8,2.000000,200,8636.184019,1645.410550,11927.005119,0.000000,,,0,1,,,,,0.016801,SMALL
ga,augerat_A_n32_k5,31,8,2.000000,200,8275.591982,1724.570302,11724.732586,0.000000,,,0,1,,,,,2.076472,MEDIUM
ga,hfvrp_n200_m40_s05,200,40,2.000000,1796896442288843030,28097.704874,18441.030339,64979.765551,0.000000,,,0,1,,,,,27.497840,MEDIUM
ga,augerat_A_n32_k5,31,8,2.000000,200,8307.656866,1580.480925,11468.618717,0.000000,,,0,1,,,,,6.338850,BIG
ga,augerat_A_n32_k5,31,8,2.000000,999,8554.710568,1496.889790,11548.490148,0.000000,,,0,1,,,,,0.105122,DEFAULT
ga,augerat_A_n32_k5,31,8,2.000000,999,8494.748083,2086.121651,12666.991385,0.000000,,,0,1,,,,,0.013200,SMALL
ga,augerat_A_n32_k5,31,8,2.000000,999,8342.518889,1538.523035,11419.564960,0.000000,,,0,1,,,,,2.088898,MEDIUM
ga,augerat_A_n32_k5,31,8,2.000000,999,8361.656734,1571.522775,11504.702285,0.000000,,,0,1,,,,,6.444823,BIG
ga,augerat_A_n32_k5,31,8,2.000000,1234,8441.324446,1709.487474,11860.299394,0.000000,,,0,1,,,,,0.108303,DEFAULT
ga,augerat_A_n32_k5,31,8,2.000000,1234,8427.698794,1881.883941,12191.466677,0.000000,,,0,1,,,,,0.012725,SMALL
ga,hfvrp_n200_m40_s01,200,40,2.000000,200,28524.297682,16988.087819,62500.473321,0.000000,,,0,1,,,,,26.764223,MEDIUM
ga,augerat_A_n32_k5,31,8,2.000000,1234,8396.135728,1495.258175,11386.652077,0.000000,,,0,1,,,,,2.100179,MEDIUM
ga,augerat_A_n32_k5,31,8,2.000000,1234,8341.860124,1573.783488,11489.427100,0.000000,,,0,1,,,,,6.318677,BIG
ga,augerat_A_n32_k5,31,8,2.000000,9999,8452.789200,1544.508784,11541.806768,0.000000,,,0,1,,,,,0.103128,DEFAULT
ga,augerat_A_n32_k5,31,8,2.000000,9999,8494.041630,1864.526536,12223.094703,0.000000,,,0,1,,,,,0.013249,SMALL
ga,augerat_A_n32_k5,31,8,2.000000,9999,8258.519453,1709.543397,11677.606247,0.000000,,,0,1,,,,,2.101647,MEDIUM
ga,augerat_A_n32_k5,31,8,2.000000,9999,8328.319656,1601.560703,11531.441062,0.000000,,,0,1,,,,,6.391208,BIG
ga,augerat_A_n32_k5,31,8,2.000000,19345,8604.349032,1602.101403,11808.551837,0.000000,,,0,1,,,,,0.109287,DEFAULT
ga,augerat_A_n32_k5,31,8,2.000000,19345,8362.044903,1727.617312,11817.279527,0.000000,,,0,1,,,,,0.012534,SMALL
ga,hfvrp_n200_m40_s02,200,40,2.000000,50,46287.516993,50199.542516,146686.602025,0.000000,,,0,1,,,,,1.354401,DEFAULT
ga,hfvrp_n200_m40_s02,200,40,2.000000,50,51166.865362,99585.830741,250338.526843,0.000000,,,0,1,,,,,0.185757,SMALL
ga,augerat_A_n32_k5,31,8,2.000000,19345,8418.905300,1492.211165,11403.327630,0.000000,,,0,1,,,,,2.100389,MEDIUM
ga,augerat_A_n32_k5,31,8,2.000000,19345,8239.754635,1724.570302,11688.895239,0.000000,,,0,1,,,,,6.350224,BIG
ga,augerat_A_n32_k5,31,8,2.000000,1796896191624515628,8298.205419,1709.487474,11717.180367,0.000000,,,0,1,,,,,0.104493,DEFAULT
ga,augerat_A_n32_k5,31,8,2.000000,1796896204619285691,8505.187499,1702.549585,11910.286669,0.000000,,,0,1,,,,,0.014760,SMALL
ga,augerat_A_n32_k5,31,8,2.000000,1796896200343541407,8268.478975,1709.543397,11687.565769,0.000000,,,0,1,,,,,2.091494,MEDIUM
ga,augerat_A_n32_k5,31,8,2.000000,1796896215323751208,8268.478975,1709.543397,11687.565769,0.000000,,,0,1,,,,,6.326934,BIG
ga,augerat_A_n37_k5,36,8,2.000000,1796896127361803458,8428.897076,939.724948,10308.346973,0.000000,,,0,1,,,,,0.124892,DEFAULT
ga,augerat_A_n37_k5,36,8,2.000000,1796896123201080297,8675.195489,979.622876,10634.441241,0.000000,,,0,1,,,,,0.018982,SMALL
ga,augerat_A_n37_k5,36,8,2.000000,1796896153289078183,8408.720421,941.759319,10292.239058,0.000000,,,0,1,,,,,2.448404,MEDIUM
ga,hfvrp_n200_m40_s03,200,40,2.000000,1,29573.880610,20185.332393,69944.545397,0.000000,,,0,1,,,,,79.877431,BIG
ga,hfvrp_n200_m40_s04,200,40,2.000000,1796895793670203242,29684.188989,13486.856778,56657.902545,0.000000,,,0,1,,,,,80.212714,BIG
ga,augerat_A_n37_k5,36,8,2.000000,1796896125682057653,8339.682606,977.128158,10293.938922,0.000000,,,0,1,,,,,7.546002,BIG
ga,augerat_A_n37_k5,36,8,2.000000,1,8340.537566,1052.123010,10444.783585,0.000000,,,0,1,,,,,0.128108,DEFAULT
ga,augerat_A_n37_k5,36,8,2.000000,1,8514.036057,1167.677830,10849.391718,0.000000,,,0,1,,,,,0.016400,SMALL
ga,hfvrp_n200_m40_s02,200,40,2.000000,50,29684.635454,15597.011419,60878.658291,0.000000,,,0,1,,,,,27.382791,MEDIUM
ga,augerat_A_n37_k5,36,8,2.000000,1,8352.426431,938.861550,10230.149532,0.000000,,,0,1,,,,,2.432955,MEDIUM
ga,augerat_A_n37_k5,36,8,2.000000,1,8228.679921,929.348920,10087.377762,0.000000,,,0,1,,,,,7.932691,BIG
ga,augerat_A_n37_k5,36,8,2.000000,10,8403.660031,971.159329,10345.978690,0.000000,,,0,1,,,,,0.125646,DEFAULT
ga,augerat_A_n37_k5,36,8,2.000000,10,8507.948170,1086.860561,10681.669293,0.000000,,,0,1,,,,,0.015524,SMALL
ga,augerat_A_n37_k5,36,8,2.000000,10,8337.872495,929.348920,10196.570336,0.000000,,,0,1,,,,,2.500110,MEDIUM
ga,augerat_A_n37_k5,36,8,2.000000,10,8299.083238,929.348920,10157.781078,0.000000,,,0,1,,,,,7.426177,BIG
ga,augerat_A_n37_k5,36,8,2.000000,50,8619.609557,938.861550,10497.332658,0.000000,,,0,1,,,,,0.123232,DEFAULT
ga,augerat_A_n37_k5,36,8,2.000000,50,8621.813141,1043.414958,10708.643058,0.000000,,,0,1,,,,,0.016048,SMALL
ga,augerat_A_n37_k5,36,8,2.000000,50,8321.425009,971.824406,10265.073820,0.000000,,,0,1,,,,,2.441524,MEDIUM
ga,hfvrp_n200_m40_s05,200,40,2.000000,1796896607231064321,25646.305254,14694.013541,55034.332337,0.000000,,,0,1,,,,,80.753949,BIG
ga,augerat_A_n37_k5,36,8,2.000000,50,8318.807186,930.258698,10179.324582,0.000000,,,0,1,,,,,7.553786,BIG
ga,augerat_A_n37_k5,36,8,2.000000,75,8454.933376,963.133705,10381.200786,0.000000,,,0,1,,,,,0.122625,DEFAULT
ga,augerat_A_n37_k5,36,8,2.000000,75,8600.793092,1032.709798,10666.212688,0.000000,,,0,1,,,,,0.021069,SMALL
ga,augerat_A_n37_k5,36,8,2.000000,75,8329.248268,935.001121,10199.250511,0.000000,,,0,1,,,,,2.491281,MEDIUM
ga,hfvrp_n200_m40_s01,200,40,2.000000,200,27396.643872,15659.965585,58716.575042,0.000000,,,0,1,,,,,81.026911,BIG
ga,augerat_A_n37_k5,36,8,2.000000,75,8268.505945,1092.278851,10453.063647,0.000000,,,0,1,,,,,7.478161,BIG
ga,augerat_A_n37_k5,36,8,2.000000,100,8321.978508,1030.486639,10382.951787,0.000000,,,0,1,,,,,0.124271,DEFAULT
ga,augerat_A_n37_k5,36,8,2.000000,100,8759.031845,1177.595584,11114.223013,0.000000,,,0,1,,,,,0.020049,SMALL
ga,augerat_A_n37_k5,36,8,2.000000,100,8364.415334,976.839359,10318.094052,0.000000,,,0,1,,,,,2.414058,MEDIUM
ga,hfvrp_n200_m40_s04,200,40,2.000000,1,48428.331846,39030.294263,126488.920371,0.000000,,,0,1,,,,,1.321660,DEFAULT
ga,hfvrp_n200_m40_s04,200,40,2.000000,1,48569.774120,69705.367128,187980.508376,0.000000,,,0,1,,,,,0.183363,SMALL
ga,augerat_A_n37_k5,36,8,2.000000,100,8344.673496,980.365791,10305.405078,0.000000,,,0,1,,,,,7.659302,BIG
ga,augerat_A_n37_k5,36,8,2.000000,200,8539.698908,1015.852399,10571.403706,0.000000,,,0,1,,,,,0.126433,DEFAULT
ga,augerat_A_n37_k5,36,8,2.000000,200,8888.045327,1401.093152,11690.231631,0.000000,,,0,1,,,,,0.015958,SMALL
ga,augerat_A_n37_k5,36,8,2.000000,200,8416.431311,929.348920,10275.129152,0.000000,,,0,1,,,,,2.498830,MEDIUM
ga,hfvrp_n200_m40_s03,200,40,2.000000,10,44229.482444,59426.878952,163083.240347,0.000000,,,0,1,,,,,1.379119,DEFAULT
ga,hfvrp_n200_m40_s03,200,40,2.000000,10,54470.391485,118581.266129,291632.923742,0.000000,,,0,1,,,,,0.198453,SMALL
ga,hfvrp_n200_m40_s05,200,40,2.000000,1,49893.285852,37659.658344,125212.602539,0.000000,,,0,1,,,,,1.456573,DEFAULT
ga,hfvrp_n200_m40_s05,200,40,2.000000,1,48466.190038,85270.680244,219007.550526,0.000000,,,0,1,,,,,0.232839,SMALL
ga,augerat_A_n37_k5,36,8,2.000000,200,8390.179648,939.742280,10269.664208,0.000000,,,0,1,,,,,7.460049,BIG
ga,augerat_A_n37_k5,36,8,2.000000,999,8509.823355,973.825816,10457.474987,0.000000,,,0,1,,,,,0.124330,DEFAULT
ga,augerat_A_n37_k5,36,8,2.000000,999,8540.441206,1099.845740,10740.132685,0.000000,,,0,1,,,,,0.020155,SMALL
ga,augerat_A_n37_k5,36,8,2.000000,999,8316.540098,908.737430,10134.014958,0.000000,,,0,1,,,,,2.442419,MEDIUM
ga,augerat_A_n37_k5,36,8,2.000000,999,8321.666308,943.578695,10208.823698,0.000000,,,0,1,,,,,7.362523,BIG
ga,augerat_A_n37_k5,36,8,2.000000,1234,8404.797547,928.125246,10261.048039,0.000000,,,0,1,,,,,0.128452,DEFAULT
ga,augerat_A_n37_k5,36,8,2.000000,1234,8539.407880,1191.907314,10923.222509,0.000000,,,0,1,,,,,0.016379,SMALL
ga,augerat_A_n37_k5,36,8,2.000000,1234,8488.065993,932.431308,10352.928609,0.000000,,,0,1,,,,,2.444932,MEDIUM
ga,hfvrp_n200_m40_s04,200,40,2.000000,1,27448.556176,13405.807090,54260.170355,0.000000,,,0,1,,,,,27.066504,MEDIUM
ga,hfvrp_n200_m40_s01,200,40,2.000000,999,43328.986515,55229.422268,153787.831051,0.000000,,,0,1,,,,,1.311551,DEFAULT
ga,hfvrp_n200_m40_s01,200,40,2.000000,999,45153.917422,88670.089168,222494.095758,0.000000,,,0,1,,,,,0.169633,SMALL
ga,hfvrp_n200_m40_s02,200,40,2.000000,50,28231.654756,14373.101317,56977.857390,0.000000,,,0,1,,,,,80.127607,BIG
ga,augerat_A_n37_k5,36,8,2.000000,1234,8291.881658,953.138549,10198.158757,0.000000,,,0,1,,,,,7.502137,BIG
ga,augerat_A_n37_k5,36,8,2.000000,9999,8387.847022,957.713708,10303.274437,0.000000,,,0,1,,,,,0.124173,DEFAULT
ga,augerat_A_n37_k5,36,8,2.000000,9999,8509.139607,1068.135248,10645.410102,0.000000,,,0,1,,,,,0.016054,SMALL
ga,hfvrp_n200_m40_s03,200,40,2.000000,10,31544.852189,27629.049176,86802.950542,0.000000,,,0,1,,,,,26.340146,MEDIUM
ga,augerat_A_n37_k5,36,8,2.000000,9999,8340.682155,945.359141,10231.400436,0.000000,,,0,1,,,,,2.448715,MEDIUM
ga,hfvrp_n200_m40_s05,200,40,2.000000,1,30304.440353,18188.554925,66681.550204,0.000000,,,0,1,,,,,26.782349,MEDIUM
ga,augerat_A_n37_k5,36,8,2.000000,9999,8324.845926,930.066038,10184.978002,0.000000,,,0,1,,,,,7.466717,BIG
ga,augerat_A_n37_k5,36,8,2.000000,19345,8362.320560,1045.991034,10454.302627,0.000000,,,0,1,,,,,0.124228,DEFAULT
ga,augerat_A_n37_k5,36,8,2.000000,19345,8659.257535,1185.770930,11030.799395,0.000000,,,0,1,,,,,0.020729,SMALL
ga,augerat_A_n37_k5,36,8,2.000000,19345,8377.136717,991.114085,10359.364888,0.000000,,,0,1,,,,,2.481474,MEDIUM
ga,augerat_A_n37_k5,36,8,2.000000,19345,8315.395537,958.453026,10232.301590,0.000000,,,0,1,,,,,7.526593,BIG
ga,hfvrp_n200_m40_s01,200,40,2.000000,999,31056.240949,16617.189378,64290.619705,0.000000,,,0,1,,,,,27.002233,MEDIUM
ga,augerat_A_n37_k5,36,8,2.000000,1796894608907527564,8381.528918,1169.760245,10721.049409,0.000000,,,0,1,,,,,0.124045,DEFAULT
ga,augerat_A_n37_k5,36,8,2.000000,1796894669169535835,8705.247531,1113.373500,10931.994530,0.000000,,,0,1,,,,,0.020235,SMALL
ga,augerat_A_n37_k5,36,8,2.000000,1796894673488929276,8339.416934,927.212252,10193.841437,0.000000,,,0,1,,,,,2.430356,MEDIUM
ga,augerat_A_n37_k5,36,8,2.000000,1796894663043164001,8396.485830,955.233080,10306.951989,0.000000,,,0,1,,,,,7.384096,BIG
ga,augerat_A_n45_k6,44,8,2.000000,1796894541839136047,11731.369752,986.584527,13704.538807,0.000000,,,0,1,,,,,0.153203,DEFAULT
ga,augerat_A_n45_k6,44,8,2.000000,1796894546291745167,12145.078228,1237.768782,14620.615791,0.000000,,,0,1,,,,,0.019764,SMALL
ga,augerat_A_n45_k6,44,8,2.000000,1796894550610551779,11657.611322,944.922000,13547.455321,0.000000,,,0,1,,,,,3.006900,MEDIUM
ga,hfvrp_n200_m40_s02,200,40,2.000000,75,43689.210334,34106.544900,111902.300133,0.000000,,,0,1,,,,,1.398138,DEFAULT
ga,hfvrp_n200_m40_s02,200,40,2.000000,75,46945.547382,91662.313795,230270.174972,0.000000,,,0,1,,,,,0.193756,SMALL
ga,augerat_A_n45_k6,44,8,2.000000,1796894510672475395,11614.386770,982.484689,13579.356148,0.000000,,,0,1,,,,,9.322924,BIG
ga,augerat_A_n45_k6,44,8,2.000000,1,11752.730335,1009.659478,13772.049292,0.000000,,,0,1,,,,,0.148309,DEFAULT
ga,augerat_A_n45_k6,44,8,2.000000,1,12031.961791,1155.301262,14342.564315,0.000000,,,0,1,,,,,0.019729,SMALL
ga,augerat_A_n45_k6,44,8,2.000000,1,11692.867464,988.350987,13669.569438,0.000000,,,0,1,,,,,3.031302,MEDIUM
ga,augerat_A_n45_k6,44,8,2.000000,1,11697.699645,996.864502,13691.428649,0.000000,,,0,1,,,,,9.281931,BIG
ga,augerat_A_n45_k6,44,8,2.000000,10,11710.972857,987.033347,13685.039551,0.000000,,,0,1,,,,,0.150135,DEFAULT
ga,augerat_A_n45_k6,44,8,2.000000,10,12141.304799,1193.748558,14528.801915,0.000000,,,0,1,,,,,0.020086,SMALL
ga,augerat_A_n45_k6,44,8,2.000000,10,11683.092681,982.787521,13648.667723,0.000000,,,0,1,,,,,2.974391,MEDIUM
ga,hfvrp_n200_m40_s02,200,40,2.000000,75,29253.421547,14510.028832,58273.479211,0.000000,,,0,1,,,,,26.995658,MEDIUM
ga,augerat_A_n45_k6,44,8,2.000000,10,11703.451700,1001.139320,13705.730339,0.000000,,,0,1,,,,,9.218932,BIG
ga,augerat_A_n45_k6,44,8,2.000000,50,11925.334822,968.067359,13861.469541,0.000000,,,0,1,,,,,0.154224,DEFAULT
ga,augerat_A_n45_k6,44,8,2.000000,50,12179.672858,1041.529632,14262.732122,0.000000,,,0,1,,,,,0.019840,SMALL
ga,augerat_A_n45_k6,44,8,2.000000,50,12430.903876,940.278705,14311.461286,0.000000,,,0,1,,,,,3.024961,MEDIUM
ga,hfvrp_n200_m40_s04,200,40,2.000000,1,27969.323272,12784.921466,53539.166204,0.000000,,,0,1,,,,,82.675678,BIG
ga,hfvrp_n200_m40_s03,200,40,2.000000,10,28736.958271,23851.829556,76440.617384,0.000000,,,0,1,,,,,79.103369,BIG
ga,augerat_A_n45_k6,44,8,2.000000,50,11577.180761,935.392702,13447.966166,0.000000,,,0,1,,,,,9.438300,BIG
ga,augerat_A_n45_k6,44,8,2.000000,75,11759.364991,961.550128,13682.465247,0.000000,,,0,1,,,,,0.152403,DEFAULT
ga,augerat_A_n45_k6,44,8,2.000000,75,12565.964268,1346.755678,15259.475625,0.000000,,,0,1,,,,,0.023272,SMALL
ga,augerat_A_n45_k6,44,8,2.000000,75,11752.529878,972.603226,13697.736331,0.000000,,,0,1,,,,,3.039317,MEDIUM
ga,hfvrp_n200_m40_s05,200,40,2.000000,1,26798.229810,16034.467201,58867.164213,0.000000,,,0,1,,,,,82.128389,BIG
ga,augerat_A_n45_k6,44,8,2.000000,75,11646.426971,979.673434,13605.773839,0.000000,,,0,1,,,,,9.205396,BIG
ga,augerat_A_n45_k6,44,8,2.000000,100,12403.387110,993.112228,14389.611566,0.000000,,,0,1,,,,,0.147378,DEFAULT
ga,augerat_A_n45_k6,44,8,2.000000,100,12027.916528,1216.639116,14461.194761,0.000000,,,0,1,,,,,0.017984,SMALL
ga,augerat_A_n45_k6,44,8,2.000000,100,11694.393289,951.623867,13597.641022,0.000000,,,0,1,,,,,3.012973,MEDIUM
ga,hfvrp_n200_m40_s01,200,40,2.000000,999,27133.418615,14454.280588,56041.979790,0.000000,,,0,1,,,,,79.941724,BIG
ga,augerat_A_n45_k6,44,8,2.000000,100,11645.824517,982.813582,13611.451682,0.000000,,,0,1,,,,,9.176367,BIG
ga,augerat_A_n45_k6,44,8,2.000000,200,11750.539476,1007.085397,13764.710269,0.000000,,,0,1,,,,,0.150480,DEFAULT
ga,augerat_A_n45_k6,44,8,2.000000,200,12078.803938,1022.290182,14123.384302,0.000000,,,0,1,,,,,0.017765,SMALL
ga,augerat_A_n45_k6,44,8,2.000000,200,11617.627169,972.603226,13562.833622,0.000000,,,0,1,,,,,3.009864,MEDIUM
ga,augerat_A_n45_k6,44,8,2.000000,200,11619.225874,929.483503,13478.192880,0.000000,,,0,1,,,,,9.245490,BIG
ga,augerat_A_n45_k6,44,8,2.000000,999,11663.024730,987.853312,13638.731354,0.000000,,,0,1,,,,,0.152090,DEFAULT
ga,augerat_A_n45_k6,44,8,2.000000,999,12022.666894,1125.455671,14273.578236,0.000000,,,0,1,,,,,0.018580,SMALL
ga,hfvrp_n200_m40_s05,200,40,2.000000,10,49421.480866,36047.807576,121517.096018,0.000000,,,0,1,,,,,1.485082,DEFAULT
ga,hfvrp_n200_m40_s05,200,40,2.000000,10,54398.890192,94126.883115,242652.656422,0.000000,,,0,1,,,,,0.229595,SMALL
ga,augerat_A_n45_k6,44,8,2.000000,999,11654.762486,987.033347,13628.829180,0.000000,,,0,1,,,,,3.055538,MEDIUM
ga,hfvrp_n200_m40_s04,200,40,2.000000,10,43556.372628,39662.602262,122881.577151,0.000000,,,0,1,,,,,1.362030,DEFAULT
ga,hfvrp_n200_m40_s04,200,40,2.000000,10,46149.108280,119284.405880,284717.920039,0.000000,,,0,1,,,,,0.177772,SMALL
ga,augerat_A_n45_k6,44,8,2.000000,999,11647.192403,977.425857,13602.044117,0.000000,,,0,1,,,,,9.289972,BIG
ga,augerat_A_n45_k6,44,8,2.000000,1234,11980.161594,959.190945,13898.543485,0.000000,,,0,1,,,,,0.154814,DEFAULT
ga,augerat_A_n45_k6,44,8,2.000000,1234,12034.195134,1085.129626,14204.454386,0.000000,,,0,1,,,,,0.024064,SMALL
ga,augerat_A_n45_k6,44,8,2.000000,1234,11798.026422,947.710595,13693.447611,0.000000,,,0,1,,,,,3.089069,MEDIUM
ga,hfvrp_n200_m40_s01,200,40,2.000000,1234,45900.997282,40167.865773,126236.728828,0.000000,,,0,1,,,,,1.402508,DEFAULT
ga,hfvrp_n200_m40_s01,200,40,2.000000,1234,47371.602193,105917.060173,259205.722538,0.000000,,,0,1,,,,,0.171783,SMALL
ga,hfvrp_n200_m40_s03,200,40,2.000000,50,35757.844435,60999.928820,157757.702076,0.000000,,,0,1,,,,,1.359000,DEFAULT
ga,hfvrp_n200_m40_s03,200,40,2.000000,50,46620.986332,119196.242351,285013.471034,0.000000,,,0,1,,,,,0.194602,SMALL
ga,augerat_A_n45_k6,44,8,2.000000,1234,11756.696506,991.946192,13740.588889,0.000000,,,0,1,,,,,9.387633,BIG
ga,augerat_A_n45_k6,44,8,2.000000,9999,11865.079097,987.645903,13840.370902,0.000000,,,0,1,,,,,0.147787,DEFAULT
ga,augerat_A_n45_k6,44,8,2.000000,9999,12166.396011,1524.449348,15215.294708,0.000000,,,0,1,,,,,0.022871,SMALL
ga,hfvrp_n200_m40_s05,200,40,2.000000,10,29802.701701,16630.939269,63064.580238,0.000000,,,0,1,,,,,26.741328,MEDIUM
ga,augerat_A_n45_k6,44,8,2.000000,9999,11703.116151,977.425857,13657.967865,0.000000,,,0,1,,,,,3.067025,MEDIUM
ga,hfvrp_n200_m40_s02,200,40,2.000000,75,25810.327273,14735.741819,55281.810911,0.000000,,,0,1,,,,,81.277430,BIG
ga,hfvrp_n200_m40_s04,200,40,2.000000,10,30257.418108,16245.304945,62748.027999,0.000000,,,0,1,,,,,27.754266,MEDIUM
ga,augerat_A_n45_k6,44,8,2.000000,9999,11583.638081,982.813582,13549.265246,0.000000,,,0,1,,,,,9.388201,BIG
ga,augerat_A_n45_k6,44,8,2.000000,19345,11907.780899,1109.545255,14126.871409,0.000000,,,0,1,,,,,0.156489,DEFAULT
ga,augerat_A_n45_k6,44,8,2.000000,19345,11912.294840,1411.249595,14734.794030,0.000000,,,0,1,,,,,0.019986,SMALL
ga,augerat_A_n45_k6,44,8,2.000000,19345,11687.712026,971.675523,13631.063072,0.000000,,,0,1,,,,,3.023988,MEDIUM
ga,hfvrp_n200_m40_s01,200,40,2.000000,1234,28032.856895,16618.569541,61269.995978,0.000000,,,0,1,,,,,26.897166,MEDIUM
ga,hfvrp_n200_m40_s03,200,40,2.000000,50,30101.143028,23593.602079,77288.347187,0.000000,,,0,1,,,,,26.421195,MEDIUM
ga,augerat_A_n45_k6,44,8,2.000000,19345,11645.245716,933.754843,13512.755402,0.000000,,,0,1,,,,,9.452372,BIG
ga,augerat_A_n45_k6,44,8,2.000000,1796894970016776920,11795.718077,1066.083107,13927.884291,0.000000,,,0,1,,,,,0.147963,DEFAULT
ga,augerat_A_n45_k6,44,8,2.000000,1796894983054028307,12219.289212,1324.822935,14868.935082,0.000000,,,0,1,,,,,0.019157,SMALL
ga,augerat_A_n45_k6,44,8,2.000000,1796894978782247064,11716.774617,995.767491,13708.309598,0.000000,,,0,1,,,,,3.083959,MEDIUM
ga,augerat_A_n45_k6,44,8,2.000000,1796894926036357413,11622.869553,1008.000650,13638.870852,0.000000,,,0,1,,,,,9.382240,BIG
ga,augerat_A_n54_k7,53,8,2.000000,1796894892959444588,12969.736832,2809.908065,18589.552961,0.000000,,,0,1,,,,,0.186273,DEFAULT
ga,augerat_A_n54_k7,53,8,2.000000,1796894897449875099,13967.985429,2903.996667,19775.978764,0.000000,,,0,1,,,,,0.027929,SMALL
ga,augerat_A_n54_k7,53,8,2.000000,1796907236922867855,12592.394290,2580.469805,17753.333899,0.000000,,,0,1,,,,,3.868430,MEDIUM
ga,hfvrp_n200_m40_s02,200,40,2.000000,100,43610.268021,43491.575617,130593.419255,0.000000,,,0,1,,,,,1.366734,DEFAULT
ga,hfvrp_n200_m40_s02,200,40,2.000000,100,50253.215775,84052.817924,218358.851623,0.000000,,,0,1,,,,,0.186315,SMALL
ga,augerat_A_n54_k7,53,8,2.000000,1796907236500874630,13384.270488,2517.061250,18418.392987,0.000000,,,0,1,,,,,11.461011,BIG
ga,augerat_A_n54_k7,53,8,2.000000,1,12905.108604,2670.943047,18246.994698,0.000000,,,0,1,,,,,0.187694,DEFAULT
ga,augerat_A_n54_k7,53,8,2.000000,1,13559.099408,3077.859781,19714.818969,0.000000,,,0,1,,,,,0.026934,SMALL
ga,augerat_A_n54_k7,53,8,2.000000,1,13423.966336,2607.510706,18638.987748,0.000000,,,0,1,,,,,3.735477,MEDIUM
ga,augerat_A_n54_k7,53,8,2.000000,1,12681.295238,2614.189497,17909.674233,0.000000,,,0,1,,,,,11.194555,BIG
ga,augerat_A_n54_k7,53,8,2.000000,10,13548.082924,2706.600511,18961.283945,0.000000,,,0,1,,,,,0.186325,DEFAULT
ga,augerat_A_n54_k7,53,8,2.000000,10,13786.883782,2921.523362,19629.930506,0.000000,,,0,1,,,,,0.026231,SMALL
ga,hfvrp_n200_m40_s02,200,40,2.000000,100,28902.016812,18383.719294,65669.455400,0.000000,,,0,1,,,,,27.424834,MEDIUM
ga,augerat_A_n54_k7,53,8,2.000000,10,12660.682518,2539.431662,17739.545842,0.000000,,,0,1,,,,,3.730601,MEDIUM
ga,hfvrp_n200_m40_s05,200,40,2.000000,10,25840.372474,14049.168396,53938.709266,0.000000,,,0,1,,,,,80.213547,BIG
ga,augerat_A_n54_k7,53,8,2.000000,10,12546.031896,2590.903030,17727.837955,0.000000,,,0,1,,,,,11.675549,BIG
ga,augerat_A_n54_k7,53,8,2.000000,50,12859.078375,2778.053899,18415.186172,0.000000,,,0,1,,,,,0.180166,DEFAULT
ga,augerat_A_n54_k7,53,8,2.000000,50,13917.006655,2731.072568,19379.151791,0.000000,,,0,1,,,,,0.025936,SMALL
ga,augerat_A_n54_k7,53,8,2.000000,50,13304.817421,2559.840556,18424.498533,0.000000,,,0,1,,,,,3.736460,MEDIUM
ga,hfvrp_n200_m40_s04,200,40,2.000000,10,26530.980437,11819.760842,50170.502121,0.000000,,,0,1,,,,,83.989470,BIG
ga,augerat_A_n54_k7,53,8,2.000000,50,12700.947741,2537.241836,17775.431413,0.000000,,,0,1,,,,,11.366933,BIG
ga,augerat_A_n54_k7,53,8,2.000000,75,13506.625194,2572.022536,18650.670266,0.000000,,,0,1,,,,,0.185934,DEFAULT
ga,augerat_A_n54_k7,53,8,2.000000,75,13112.899963,3075.389960,19263.679883,0.000000,,,0,1,,,,,0.023061,SMALL
ga,hfvrp_n200_m40_s01,200,40,2.000000,1234,29180.959168,15548.012338,60276.983845,0.000000,,,0,1,,,,,82.020653,BIG
ga,hfvrp_n200_m40_s03,200,40,2.000000,50,28548.496663,25862.135997,80272.768657,0.000000,,,0,1,,,,,80.762492,BIG
ga,augerat_A_n54_k7,53,8,2.000000,75,13320.629015,2611.413454,18543.455923,0.000000,,,0,1,,,,,3.687296,MEDIUM
ga,hfvrp_n200_m40_s05,200,40,2.000000,50,49035.725670,39825.844836,128687.415343,0.000000,,,0,1,,,,,1.407006,DEFAULT
ga,hfvrp_n200_m40_s05,200,40,2.000000,50,56252.809857,89203.286038,234659.381932,0.000000,,,0,1,,,,,0.229288,SMALL
ga,augerat_A_n54_k7,53,8,2.000000,75,12691.650073,2636.650746,17964.951566,0.000000,,,0,1,,,,,11.282285,BIG
ga,augerat_A_n54_k7,53,8,2.000000,100,12732.906431,2666.271221,18065.448872,0.000000,,,0,1,,,,,0.190513,DEFAULT
ga,augerat_A_n54_k7,53,8,2.000000,100,13695.147669,2990.091704,19675.331078,0.000000,,,0,1,,,,,0.023331,SMALL
ga,augerat_A_n54_k7,53,8,2.000000,100,12590.338865,2649.447435,17889.233735,0.000000,,,0,1,,,,,3.683320,MEDIUM
ga,augerat_A_n54_k7,53,8,2.000000,100,12726.976820,2539.428939,17805.834699,0.000000,,,0,1,,,,,11.234191,BIG
ga,augerat_A_n54_k7,53,8,2.000000,200,13465.890852,2896.489428,19258.869707,0.000000,,,0,1,,,,,0.180887,DEFAULT
ga,augerat_A_n54_k7,53,8,2.000000,200,13787.066962,2781.019708,19349.106379,0.000000,,,0,1,,,,,0.023926,SMALL
ga,augerat_A_n54_k7,53,8,2.000000,200,12759.474138,2576.930138,17913.334414,0.000000,,,0,1,,,,,3.767747,MEDIUM
ga,hfvrp_n200_m40_s04,200,40,2.000000,50,45970.871537,33102.783347,112176.438232,0.000000,,,0,1,,,,,1.414843,DEFAULT
ga,hfvrp_n200_m40_s04,200,40,2.000000,50,53915.946070,76834.827350,207585.600770,0.000000,,,0,1,,,,,0.180554,SMALL
ga,hfvrp_n200_m40_s05,200,40,2.000000,50,33335.786321,16285.992914,65907.772148,0.000000,,,0,1,,,,,26.299220,MEDIUM
ga,hfvrp_n200_m40_s01,200,40,2.000000,9999,44679.337747,47915.553536,140510.444819,0.000000,,,0,1,,,,,1.360426,DEFAULT
ga,hfvrp_n200_m40_s01,200,40,2.000000,9999,51478.378198,87184.368269,225847.114735,0.000000,,,0,1,,,,,0.179213,SMALL
ga,augerat_A_n54_k7,53,8,2.000000,200,12565.473559,2547.262364,17659.998287,0.000000,,,0,1,,,,,11.660523,BIG
ga,augerat_A_n54_k7,53,8,2.000000,999,13437.072246,2705.292661,18847.657567,0.000000,,,0,1,,,,,0.186447,DEFAULT
ga,augerat_A_n54_k7,53,8,2.000000,999,13047.036202,3179.851189,19406.738579,0.000000,,,0,1,,,,,0.025641,SMALL
ga,augerat_A_n54_k7,53,8,2.000000,999,12718.259601,2602.449550,17923.158700,0.000000,,,0,1,,,,,3.727679,MEDIUM
ga,hfvrp_n200_m40_s02,200,40,2.000000,100,25471.180301,14591.925659,54655.031620,0.000000,,,0,1,,,,,81.118351,BIG
ga,augerat_A_n54_k7,53,8,2.000000,999,12601.961981,2560.935788,17723.833557,0.000000,,,0,1,,,,,11.465320,BIG
ga,hfvrp_n200_m40_s03,200,40,2.000000,75,49787.779170,70051.550241,189890.879652,0.000000,,,0,1,,,,,1.351473,DEFAULT
ga,hfvrp_n200_m40_s03,200,40,2.000000,75,49964.988814,131557.333304,313079.655422,0.000000,,,0,1,,,,,0.195446,SMALL
ga,augerat_A_n54_k7,53,8,2.000000,1234,12786.494100,2774.323253,18335.140606,0.000000,,,0,1,,,,,0.186231,DEFAULT
ga,augerat_A_n54_k7,53,8,2.000000,1234,13080.865122,2887.425269,18855.715660,0.000000,,,0,1,,,,,0.025715,SMALL
ga,augerat_A_n54_k7,53,8,2.000000,1234,12660.564128,2592.714209,17845.992546,0.000000,,,0,1,,,,,3.732219,MEDIUM
ga,hfvrp_n200_m40_s04,200,40,2.000000,50,31527.823291,16317.272680,64162.368651,0.000000,,,0,1,,,,,26.913423,MEDIUM
ga,hfvrp_n200_m40_s01,200,40,2.000000,9999,28796.953112,15629.818485,60056.590081,0.000000,,,0,1,,,,,28.121546,MEDIUM
ga,augerat_A_n54_k7,53,8,2.000000,1234,12717.676306,2718.338686,18154.353678,0.000000,,,0,1,,,,,11.373826,BIG
ga,augerat_A_n54_k7,53,8,2.000000,9999,12697.704827,2792.327352,18282.359532,0.000000,,,0,1,,,,,0.190377,DEFAULT
ga,augerat_A_n54_k7,53,8,2.000000,9999,13619.294098,3186.471515,19992.237127,0.000000,,,0,1,,,,,0.024222,SMALL
ga,augerat_A_n54_k7,53,8,2.000000,9999,13423.738270,2620.118587,18663.975444,0.000000,,,0,1,,,,,3.738125,MEDIUM
ga,hfvrp_n200_m40_s03,200,40,2.000000,75,29752.656478,22420.784556,74594.225589,0.000000,,,0,1,,,,,25.876712,MEDIUM
ga,hfvrp_n200_m40_s02,200,40,2.000000,200,49593.111265,38046.135864,125685.382992,0.000000,,,0,1,,,,,1.373243,DEFAULT
ga,hfvrp_n200_m40_s02,200,40,2.000000,200,51762.845226,86256.273907,224275.393039,0.000000,,,0,1,,,,,0.184459,SMALL
ga,augerat_A_n54_k7,53,8,2.000000,9999,12644.999415,2625.547335,17896.094085,0.000000,,,0,1,,,,,11.438060,BIG
ga,augerat_A_n54_k7,53,8,2.000000,19345,12943.304118,2693.594135,18330.492388,0.000000,,,0,1,,,,,0.190797,DEFAULT
ga,augerat_A_n54_k7,53,8,2.000000,19345,13740.072039,2764.886595,19269.845228,0.000000,,,0,1,,,,,0.025817,SMALL
ga,augerat_A_n54_k7,53,8,2.000000,19345,12806.210270,2587.069298,17980.348867,0.000000,,,0,1,,,,,3.845135,MEDIUM
ga,augerat_A_n54_k7,53,8,2.000000,19345,12654.316096,2536.706223,17727.728543,0.000000,,,0,1,,,,,11.139979,BIG
ga,augerat_A_n54_k7,53,8,2.000000,1796906869634686727,12805.296066,2635.938239,18077.172544,0.000000,,,0,1,,,,,0.184925,DEFAULT
ga,augerat_A_n54_k7,53,8,2.000000,1796906865529100555,14158.168344,3211.544106,20581.256557,0.000000,,,0,1,,,,,0.022471,SMALL
ga,augerat_A_n54_k7,53,8,2.000000,1796906844083006617,12611.656313,2636.703998,17885.064308,0.000000,,,0,1,,,,,3.722636,MEDIUM
ga,hfvrp_n200_m40_s02,200,40,2.000000,200,31890.645304,16613.553386,65117.752077,0.000000,,,0,1,,,,,27.306409,MEDIUM
ga,hfvrp_n200_m40_s05,200,40,2.000000,50,30212.207351,15588.700233,61389.607817,0.000000,,,0,1,,,,,81.755008,BIG
ga,augerat_A_n54_k7,53,8,2.000000,1796906843520244455,12679.738439,2585.502430,17850.743299,0.000000,,,0,1,,,,,11.376574,BIG
ga,augerat_A_n60_k9,59,10,2.000000,1796906911235589458,16505.195101,2622.414655,21750.024410,0.000000,,,0,1,,,,,0.213028,DEFAULT
ga,augerat_A_n60_k9,59,10,2.000000,1796906915748072110,16890.106290,3308.549157,23507.204603,0.000000,,,0,1,,,,,0.029822,SMALL
ga,augerat_A_n60_k9,59,10,2.000000,1796906920076967299,16122.864968,2633.345271,21389.555510,0.000000,,,0,1,,,,,4.181995,MEDIUM
ga,augerat_A_n60_k9,59,10,2.000000,1796906919968700360,15991.206450,2524.959721,21041.125891,0.000000,,,0,1,,,,,12.813307,BIG
ga,augerat_A_n60_k9,59,10,2.000000,1,16246.225577,2929.279929,22104.785435,0.000000,,,0,1,,,,,0.214075,DEFAULT
ga,augerat_A_n60_k9,59,10,2.000000,1,16482.057523,3507.008027,23496.073577,0.000000,,,0,1,,,,,0.030227,SMALL
ga,augerat_A_n60_k9,59,10,2.000000,1,16170.848622,2523.640686,21218.129995,0.000000,,,0,1,,,,,4.223528,MEDIUM
ga,hfvrp_n200_m40_s01,200,40,2.000000,9999,24594.345984,17200.306488,58994.958960,0.000000,,,0,1,,,,,81.354995,BIG
ga,hfvrp_n200_m40_s04,200,40,2.000000,50,27168.972983,13618.783236,54406.539455,0.000000,,,0,1,,,,,84.122421,BIG
ga,hfvrp_n200_m40_s05,200,40,2.000000,75,50513.387028,42155.232465,134823.851959,0.000000,,,0,1,,,,,1.388585,DEFAULT
ga,hfvrp_n200_m40_s05,200,40,2.000000,75,52160.074858,74797.826326,201755.727509,0.000000,,,0,1,,,,,0.238981,SMALL
ga,augerat_A_n60_k9,59,10,2.000000,1,16260.327457,2665.215410,21590.758276,0.000000,,,0,1,,,,,12.938547,BIG
ga,augerat_A_n60_k9,59,10,2.000000,10,16381.108649,2969.984370,22321.077390,0.000000,,,0,1,,,,,0.204078,DEFAULT
ga,augerat_A_n60_k9,59,10,2.000000,10,17154.708237,2704.706462,22564.121161,0.000000,,,0,1,,,,,0.030521,SMALL
ga,augerat_A_n60_k9,59,10,2.000000,10,16201.415546,2547.531385,21296.478317,0.000000,,,0,1,,,,,4.273487,MEDIUM
ga,hfvrp_n200_m40_s03,200,40,2.000000,75,26497.363143,22854.737119,72206.837381,0.000000,,,0,1,,,,,80.984211,BIG
ga,augerat_A_n60_k9,59,10,2.000000,10,16164.127057,2530.373202,21224.873460,0.000000,,,0,1,,,,,12.912691,BIG
ga,augerat_A_n60_k9,59,10,2.000000,50,16182.459825,2671.006985,21524.473795,0.000000,,,0,1,,,,,0.209851,DEFAULT
ga,augerat_A_n60_k9,59,10,2.000000,50,16878.440050,2960.625674,22799.691397,0.000000,,,0,1,,,,,0.025074,SMALL
ga,hfvrp_n200_m40_s05,200,40,2.000000,75,28667.400321,16714.229261,62095.858844,0.000000,,,0,1,,,,,27.231345,MEDIUM
ga,augerat_A_n60_k9,59,10,2.000000,50,16129.870485,2621.589649,21373.049784,0.000000,,,0,1,,,,,4.258959,MEDIUM
ga,hfvrp_n200_m40_s01,200,40,2.000000,19345,44193.539170,39148.467340,122490.473851,0.000000,,,0,1,,,,,1.384946,DEFAULT
ga,hfvrp_n200_m40_s01,200,40,2.000000,19345,51274.596212,110970.284847,273215.165906,0.000000,,,0,1,,,,,0.163743,SMALL
ga,augerat_A_n60_k9,59,10,2.000000,50,16128.725033,2508.149856,21145.024745,0.000000,,,0,1,,,,,12.829069,BIG
ga,augerat_A_n60_k9,59,10,2.000000,75,16426.292959,2541.128285,21508.549529,0.000000,,,0,1,,,,,0.212810,DEFAULT
ga,augerat_A_n60_k9,59,10,2.000000,75,16659.211874,3058.393306,22775.998486,0.000000,,,0,1,,,,,0.030286,SMALL
ga,hfvrp_n200_m40_s04,200,40,2.000000,75,46324.987092,34932.933642,116190.854376,0.000000,,,0,1,,,,,1.351079,DEFAULT
ga,hfvrp_n200_m40_s04,200,40,2.000000,75,59996.296990,90569.912610,241136.122210,0.000000,,,0,1,,,,,0.181113,SMALL
ga,augerat_A_n60_k9,59,10,2.000000,75,16186.236242,2646.461167,21479.158576,0.000000,,,0,1,,,,,4.190229,MEDIUM
ga,hfvrp_n200_m40_s02,200,40,2.000000,200,22702.040256,16467.895781,55637.831819,0.000000,,,0,1,,,,,85.887911,BIG
ga,augerat_A_n60_k9,59,10,2.000000,75,16174.690226,2545.201567,21265.093360,0.000000,,,0,1,,,,,12.994662,BIG
ga,augerat_A_n60_k9,59,10,2.000000,100,16332.747538,2735.198994,21803.145526,0.000000,,,0,1,,,,,0.209974,DEFAULT
ga,augerat_A_n60_k9,59,10,2.000000,100,16659.510861,2875.538273,22410.587407,0.000000,,,0,1,,,,,0.026846,SMALL
ga,hfvrp_n200_m40_s01,200,40,2.000000,19345,33532.584024,18131.226282,69795.036588,0.000000,,,0,1,,,,,27.355925,MEDIUM
ga,augerat_A_n60_k9,59,10,2.000000,100,16166.382745,2543.141930,21252.666606,0.000000,,,0,1,,,,,4.339234,MEDIUM
ga,hfvrp_n200_m40_s04,200,40,2.000000,75,30046.693384,15380.829552,60808.352487,0.000000,,,0,1,,,,,27.365794,MEDIUM
ga,hfvrp_n200_m40_s03,200,40,2.000000,100,43053.872623,46940.336650,136934.545923,0.000000,,,0,1,,,,,1.376511,DEFAULT
ga,hfvrp_n200_m40_s03,200,40,2.000000,100,47333.494443,115274.199265,277881.892973,0.000000,,,0,1,,,,,0.196317,SMALL
ga,augerat_A_n60_k9,59,10,2.000000,100,16185.460989,2564.087591,21313.636171,0.000000,,,0,1,,,,,13.746302,BIG
ga,augerat_A_n60_k9,59,10,2.000000,200,16345.238196,2761.535694,21868.309584,0.000000,,,0,1,,,,,0.205071,DEFAULT
ga,augerat_A_n60_k9,59,10,2.000000,200,16812.004171,3101.352518,23014.709208,0.000000,,,0,1,,,,,0.027482,SMALL
ga,augerat_A_n60_k9,59,10,2.000000,200,16137.101020,2537.013116,21211.127252,0.000000,,,0,1,,,,,4.292697,MEDIUM
ga,hfvrp_n200_m40_s02,200,40,2.000000,999,46805.149980,36001.306948,118807.763875,0.000000,,,0,1,,,,,1.403633,DEFAULT
ga,hfvrp_n200_m40_s02,200,40,2.000000,999,50632.822742,126098.762703,302830.348147,0.000000,,,0,1,,,,,0.180629,SMALL
ga,augerat_A_n60_k9,59,10,2.000000,200,16223.684454,2516.093018,21255.870490,0.000000,,,0,1,,,,,13.092905,BIG
ga,augerat_A_n60_k9,59,10,2.000000,999,16548.762352,2704.349584,21957.461520,0.000000,,,0,1,,,,,0.218034,DEFAULT
ga,augerat_A_n60_k9,59,10,2.000000,999,16807.896586,3288.830172,23385.556929,0.000000,,,0,1,,,,,0.030724,SMALL
ga,augerat_A_n60_k9,59,10,2.000000,999,16082.259428,2533.697856,21149.655140,0.000000,,,0,1,,,,,4.260249,MEDIUM
ga,hfvrp_n200_m40_s03,200,40,2.000000,100,29339.347402,24156.520471,77652.388344,0.000000,,,0,1,,,,,26.891243,MEDIUM
ga,hfvrp_n200_m40_s05,200,40,2.000000,75,27693.000906,14348.711124,56390.423154,0.000000,,,0,1,,,,,81.906779,BIG
ga,augerat_A_n60_k9,59,10,2.000000,999,16147.099139,2509.675410,21166.449958,0.000000,,,0,1,,,,,13.168754,BIG
ga,augerat_A_n60_k9,59,10,2.000000,1234,16375.601640,2691.410463,21758.422565,0.000000,,,0,1,,,,,0.206127,DEFAULT
ga,augerat_A_n60_k9,59,10,2.000000,1234,16832.092631,3243.376592,23318.845815,0.000000,,,0,1,,,,,0.027296,SMALL
ga,augerat_A_n60_k9,59,10,2.000000,1234,16169.599617,2535.566158,21240.731934,0.000000,,,0,1,,,,,4.278932,MEDIUM
ga,hfvrp_n200_m40_s02,200,40,2.000000,999,28495.975284,15378.536845,59253.048974,0.000000,,,0,1,,,,,26.907552,MEDIUM
ga,augerat_A_n60_k9,59,10,2.000000,1234,15944.958679,2537.753290,21020.465260,0.000000,,,0,1,,,,,13.092900,BIG
ga,augerat_A_n60_k9,59,10,2.000000,9999,16392.742960,2698.774422,21790.291803,0.000000,,,0,1,,,,,0.209498,DEFAULT
ga,augerat_A_n60_k9,59,10,2.000000,9999,16694.783375,2918.197505,22531.178385,0.000000,,,0,1,,,,,0.025954,SMALL
ga,augerat_A_n60_k9,59,10,2.000000,9999,16163.147250,2571.598871,21306.344992,0.000000,,,0,1,,,,,4.163043,MEDIUM
ga,hfvrp_n200_m40_s01,200,40,2.000000,19345,26924.600093,14677.241794,56279.083681,0.000000,,,0,1,,,,,80.668342,BIG
ga,hfvrp_n200_m40_s05,200,40,2.000000,100,48993.067414,33573.670290,116140.407993,0.000000,,,0,1,,,,,1.480098,DEFAULT
ga,hfvrp_n200_m40_s05,200,40,2.000000,100,55974.591917,89487.179944,234948.951805,0.000000,,,0,1,,,,,0.244376,SMALL
ga,augerat_A_n60_k9,59,10,2.000000,9999,16210.103738,2672.752037,21555.607812,0.000000,,,0,1,,,,,13.160352,BIG
ga,augerat_A_n60_k9,59,10,2.000000,19345,16266.702456,2715.336788,21697.376033,0.000000,,,0,1,,,,,0.213809,DEFAULT
ga,augerat_A_n60_k9,59,10,2.000000,19345,16819.026800,3114.056922,23047.140645,0.000000,,,0,1,,,,,0.033312,SMALL
ga,augerat_A_n60_k9,59,10,2.000000,19345,16208.991360,2570.872614,21350.736587,0.000000,,,0,1,,,,,4.205405,MEDIUM
ga,hfvrp_n200_m40_s04,200,40,2.000000,75,26819.756508,13639.348216,54098.452939,0.000000,,,0,1,,,,,83.953474,BIG
ga,augerat_A_n60_k9,59,10,2.000000,19345,16113.423111,2631.435079,21376.293268,0.000000,,,0,1,,,,,12.621693,BIG
ga,augerat_A_n60_k9,59,10,2.000000,1796906383576574784,16564.046317,2710.127773,21984.301863,0.000000,,,0,1,,,,,0.200597,DEFAULT
ga,augerat_A_n60_k9,59,10,2.000000,1796906370895816509,17099.119695,3134.783452,23368.686599,0.000000,,,0,1,,,,,0.027150,SMALL
ga,hfvrp_n200_m40_s05,200,40,2.000000,100,31526.342848,18516.406280,68559.155408,0.000000,,,0,1,,,,,26.251481,MEDIUM
ga,augerat_A_n60_k9,59,10,2.000000,1796906375226388436,16303.738178,2584.618246,21472.974671,0.000000,,,0,1,,,,,4.292958,MEDIUM
ga,hfvrp_n200_m40_s01,200,40,2.000000,1796906365422495369,48559.537822,53823.442948,156206.423718,0.000000,,,0,1,,,,,1.354073,DEFAULT
ga,hfvrp_n200_m40_s01,200,40,2.000000,1796906362486665694,49944.579748,93887.768555,237720.116859,0.000000,,,0,1,,,,,0.164502,SMALL
ga,hfvrp_n200_m40_s03,200,40,2.000000,100,32722.747994,23096.678577,78916.105147,0.000000,,,0,1,,,,,80.629739,BIG
ga,augerat_A_n60_k9,59,10,2.000000,1796906362348104792,16096.908874,2525.120253,21147.149379,0.000000,,,0,1,,,,,12.811298,BIG
ga,augerat_A_n80_k10,79,11,2.000000,1796906320397429433,18587.257001,3977.749383,26542.755767,0.000000,,,0,1,,,,,0.290979,DEFAULT
ga,augerat_A_n80_k10,79,11,2.000000,1796906316397644757,19054.998830,4612.524818,28280.048465,0.000000,,,0,1,,,,,0.034555,SMALL
ga,augerat_A_n80_k10,79,11,2.000000,1796906312146181424,18862.549365,3931.660172,26725.869708,0.000000,,,0,1,,,,,5.998555,MEDIUM
ga,hfvrp_n200_m40_s02,200,40,2.000000,999,29016.531347,14705.542513,58427.616373,0.000000,,,0,1,,,,,79.758336,BIG
ga,hfvrp_n200_m40_s04,200,40,2.000000,100,47354.609280,40691.084354,128736.777988,0.000000,,,0,1,,,,,1.366484,DEFAULT
ga,hfvrp_n200_m40_s04,200,40,2.000000,100,52226.723693,91708.673796,235644.071285,0.000000,,,0,1,,,,,0.191786,SMALL
ga,hfvrp_n200_m40_s01,200,40,2.000000,1796906358361068430,27505.116467,19372.061306,66249.239078,0.000000,,,0,1,,,,,26.814766,MEDIUM
ga,augerat_A_n80_k10,79,11,2.000000,1796906305264599198,18219.358266,3845.146668,25909.651602,0.000000,,,0,1,,,,,18.005422,BIG
ga,augerat_A_n80_k10,79,11,2.000000,1,18820.949519,4028.289884,26877.529286,0.000000,,,0,1,,,,,0.299415,DEFAULT
ga,augerat_A_n80_k10,79,11,2.000000,1,20306.051763,5296.803386,30899.658534,0.000000,,,0,1,,,,,0.039621,SMALL
ga,augerat_A_n80_k10,79,11,2.000000,1,18114.203160,3836.218409,25786.639978,0.000000,,,0,1,,,,,5.893495,MEDIUM
ga,hfvrp_n200_m40_s04,200,40,2.000000,100,28545.557208,14797.294163,58140.145535,0.000000,,,0,1,,,,,27.293678,MEDIUM
ga,augerat_A_n80_k10,79,11,2.000000,1,18390.584932,3939.712779,26270.010491,0.000000,,,0,1,,,,,17.920139,BIG
ga,augerat_A_n80_k10,79,11,2.000000,10,18534.674937,4224.330059,26983.335054,0.000000,,,0,1,,,,,0.280336,DEFAULT
ga,augerat_A_n80_k10,79,11,2.000000,10,19247.376897,5130.502613,29508.382124,0.000000,,,0,1,,,,,0.041878,SMALL
ga,hfvrp_n200_m40_s02,200,40,2.000000,1234,48104.285901,32378.460700,112861.207301,0.000000,,,0,1,,,,,1.362370,DEFAULT
ga,hfvrp_n200_m40_s02,200,40,2.000000,1234,50145.067536,97343.981841,244833.031218,0.000000,,,0,1,,,,,0.180501,SMALL
ga,augerat_A_n80_k10,79,11,2.000000,10,18172.114252,3854.611686,25881.337624,0.000000,,,0,1,,,,,5.752373,MEDIUM
ga,hfvrp_n200_m40_s03,200,40,2.000000,200,47237.366982,63273.843117,173785.053215,0.000000,,,0,1,,,,,1.333729,DEFAULT
ga,hfvrp_n200_m40_s03,200,40,2.000000,200,49130.225781,129533.496915,308197.219611,0.000000,,,0,1,,,,,0.189221,SMALL
ga,hfvrp_n200_m40_s05,200,40,2.000000,100,29585.273709,15576.354980,60737.983668,0.000000,,,0,1,,,,,78.886771,BIG
ga,augerat_A_n80_k10,79,11,2.000000,10,18220.011268,3837.743775,25895.498817,0.000000,,,0,1,,,,,18.043741,BIG
ga,augerat_A_n80_k10,79,11,2.000000,50,18621.301850,4055.331376,26731.964603,0.000000,,,0,1,,,,,0.297315,DEFAULT
ga,augerat_A_n80_k10,79,11,2.000000,50,19497.779566,5358.990959,30215.761483,0.000000,,,0,1,,,,,0.039341,SMALL
ga,augerat_A_n80_k10,79,11,2.000000,50,18290.991218,3868.679009,26028.349236,0.000000,,,0,1,,,,,6.003178,MEDIUM
ga,hfvrp_n200_m40_s02,200,40,2.000000,1234,33452.250206,15700.339667,64852.929541,0.000000,,,0,1,,,,,26.500399,MEDIUM
ga,hfvrp_n200_m40_s03,200,40,2.000000,200,31469.216655,23528.311032,78525.838720,0.000000,,,0,1,,,,,26.225604,MEDIUM
ga,hfvrp_n200_m40_s05,200,40,2.000000,200,46325.649863,43943.896652,134213.443167,0.000000,,,0,1,,,,,1.428126,DEFAULT
ga,hfvrp_n200_m40_s05,200,40,2.000000,200,57088.459820,84523.456738,226135.373296,0.000000,,,0,1,,,,,0.231838,SMALL
ga,augerat_A_n80_k10,79,11,2.000000,50,18143.558579,3826.453095,25796.464769,0.000000,,,0,1,,,,,17.906590,BIG
ga,augerat_A_n80_k10,79,11,2.000000,75,19610.466240,4028.624286,27667.714813,0.000000,,,0,1,,,,,0.324882,DEFAULT
ga,augerat_A_n80_k10,79,11,2.000000,75,19326.731448,4868.092883,29062.917214,0.000000,,,0,1,,,,,0.039392,SMALL
ga,hfvrp_n200_m40_s01,200,40,2.000000,1796909069541194143,28336.008669,15714.531562,59765.071793,0.000000,,,0,1,,,,,81.170798,BIG
ga,pyvrp_X101_FSMFD,100,26,2.000000,1796909446406808407,4111589.399507,35271.248209,4182131.895924,0.000000,,,0,1,,,,,0.397712,DEFAULT
ga,pyvrp_X101_FSMFD,100,26,2.000000,1796909425334278820,4800149.038507,41586.170188,4883321.378882,0.000000,,,0,1,,,,,0.048026,SMALL
ga,augerat_A_n80_k10,79,11,2.000000,75,18427.067642,3929.123883,26285.315408,0.000000,,,0,1,,,,,5.797739,MEDIUM
ga,pyvrp_X101_FSMFD,100,26,2.000000,1796909429681651552,3689824.406723,36826.837401,3763478.081525,0.000000,,,0,1,,,,,8.127946,MEDIUM
ga,hfvrp_n200_m40_s05,200,40,2.000000,200,28886.802840,17398.764775,63684.332389,0.000000,,,0,1,,,,,26.913160,MEDIUM
ga,augerat_A_n80_k10,79,11,2.000000,75,18196.426959,3956.415588,26109.258135,0.000000,,,0,1,,,,,17.760831,BIG
ga,augerat_A_n80_k10,79,11,2.000000,100,18704.776122,4065.572222,26835.920567,0.000000,,,0,1,,,,,0.295089,DEFAULT
ga,augerat_A_n80_k10,79,11,2.000000,100,19220.514076,5251.178688,29722.871451,0.000000,,,0,1,,,,,0.040140,SMALL
ga,hfvrp_n200_m40_s04,200,40,2.000000,100,27633.230014,14883.934316,57401.098646,0.000000,,,0,1,,,,,81.387174,BIG
ga,augerat_A_n80_k10,79,11,2.000000,100,18942.972335,3814.121151,26571.214636,0.000000,,,0,1,,,,,5.839357,MEDIUM
ga,pyvrp_X101_FSMFD,100,26,2.000000,1796909334735429700,3796611.485818,36077.705568,3868766.896954,0.000000,,,0,1,,,,,25.211305,BIG
ga,pyvrp_X101_FSMFD,100,26,2.000000,1,4247770.655630,40733.811090,4329238.277810,0.000000,,,0,1,,,,,0.399524,DEFAULT
ga,pyvrp_X101_FSMFD,100,26,2.000000,1,4600867.163078,44456.478647,4689780.120371,0.000000,,,0,1,,,,,0.057766,SMALL
ga,augerat_A_n80_k10,79,11,2.000000,100,18198.678603,3861.750644,25922.179890,0.000000,,,0,1,,,,,17.908398,BIG
ga,augerat_A_n80_k10,79,11,2.000000,200,18711.781930,4103.617342,26919.016613,0.000000,,,0,1,,,,,0.291192,DEFAULT
ga,augerat_A_n80_k10,79,11,2.000000,200,18922.545994,4939.895970,28802.337934,0.000000,,,0,1,,,,,0.037033,SMALL
ga,pyvrp_X101_FSMFD,100,26,2.000000,1,3874567.856985,36702.384481,3947972.625946,0.000000,,,0,1,,,,,8.160590,MEDIUM
ga,augerat_A_n80_k10,79,11,2.000000,200,18295.497027,3996.372111,26288.241249,0.000000,,,0,1,,,,,5.831295,MEDIUM
ga,hfvrp_n200_m40_s02,200,40,2.000000,1234,26618.721317,15167.766336,56954.253988,0.000000,,,0,1,,,,,80.517325,BIG
ga,hfvrp_n200_m40_s03,200,40,2.000000,200,28309.410977,22223.247311,72755.905599,0.000000,,,0,1,,,,,79.939845,BIG
ga,augerat_A_n80_k10,79,11,2.000000,200,18171.300504,3890.445107,25952.190718,0.000000,,,0,1,,,,,18.076196,BIG
ga,augerat_A_n80_k10,79,11,2.000000,999,19414.477633,3899.950612,27214.378856,0.000000,,,0,1,,,,,0.298743,DEFAULT
ga,augerat_A_n80_k10,79,11,2.000000,999,19150.739548,4755.369842,28661.479232,0.000000,,,0,1,,,,,0.039463,SMALL
ga,pyvrp_X101_FSMFD,100,26,2.000000,1,3832197.109694,36304.848728,3904806.807150,0.000000,,,0,1,,,,,25.317273,BIG
ga,hfvrp_n200_m40_s04,200,40,2.000000,200,48588.885131,32644.599968,113878.085068,0.000000,,,0,1,,,,,1.401480,DEFAULT
ga,hfvrp_n200_m40_s04,200,40,2.000000,200,47223.325674,115002.329994,277227.985662,0.000000,,,0,1,,,,,0.184080,SMALL
ga,pyvrp_X101_FSMFD,100,26,2.000000,10,4338790.919493,39021.182181,4416833.283856,0.000000,,,0,1,,,,,0.436677,DEFAULT
ga,pyvrp_X101_FSMFD,100,26,2.000000,10,4870901.131767,46017.899406,4962936.930579,0.000000,,,0,1,,,,,0.054318,SMALL
ga,augerat_A_n80_k10,79,11,2.000000,999,18246.969933,3828.792877,25904.555686,0.000000,,,0,1,,,,,5.881694,MEDIUM
ga,pyvrp_X101_FSMFD,100,26,2.000000,10,3840992.059697,37348.365600,3915688.790897,0.000000,,,0,1,,,,,8.257554,MEDIUM
ga,augerat_A_n80_k10,79,11,2.000000,999,18279.512048,3836.994542,25953.501132,0.000000,,,0,1,,,,,17.737549,BIG
ga,augerat_A_n80_k10,79,11,2.000000,1234,18375.875566,4237.310580,26850.496726,0.000000,,,0,1,,,,,0.302153,DEFAULT
ga,augerat_A_n80_k10,79,11,2.000000,1234,19719.234340,4740.553330,29200.341001,0.000000,,,0,1,,,,,0.039565,SMALL
ga,hfvrp_n200_m40_s05,200,40,2.000000,200,27342.505606,15456.351018,58255.207641,0.000000,,,0,1,,,,,80.870193,BIG
ga,hfvrp_n200_m40_s02,200,40,2.000000,9999,41268.186017,50706.084584,142680.355186,0.000000,,,0,1,,,,,1.355112,DEFAULT
ga,hfvrp_n200_m40_s02,200,40,2.000000,9999,51816.555493,80075.496923,211967.549339,0.000000,,,0,1,,,,,0.190324,SMALL
ga,hfvrp_n200_m40_s04,200,40,2.000000,200,31174.951756,14837.213839,60849.379434,0.000000,,,0,1,,,,,27.520576,MEDIUM
ga,augerat_A_n80_k10,79,11,2.000000,1234,18161.921063,3877.331169,25916.583401,0.000000,,,0,1,,,,,5.933456,MEDIUM
ga,pyvrp_X101_FSMFD,100,26,2.000000,10,3802802.909025,35779.102540,3874361.114105,0.000000,,,0,1,,,,,25.168207,BIG
ga,pyvrp_X101_FSMFD,100,26,2.000000,50,4339973.754900,38935.201851,4417844.158603,0.000000,,,0,1,,,,,0.448819,DEFAULT
ga,pyvrp_X101_FSMFD,100,26,2.000000,50,4739393.253379,48660.422807,4836714.098993,0.000000,,,0,1,,,,,0.052258,SMALL
ga,augerat_A_n80_k10,79,11,2.000000,1234,18297.648030,3840.475076,25978.598183,0.000000,,,0,1,,,,,18.256517,BIG
ga,hfvrp_n200_m40_s03,200,40,2.000000,999,45731.387844,66731.981454,179195.350752,0.000000,,,0,1,,,,,1.386484,DEFAULT
ga,hfvrp_n200_m40_s03,200,40,2.000000,999,47304.056889,86671.009082,220646.075053,0.000000,,,0,1,,,,,0.196325,SMALL
ga,augerat_A_n80_k10,79,11,2.000000,9999,18648.433609,4131.036181,26910.505972,0.000000,,,0,1,,,,,0.299192,DEFAULT
ga,augerat_A_n80_k10,79,11,2.000000,9999,18884.714364,4980.996093,28846.706550,0.000000,,,0,1,,,,,0.035338,SMALL
ga,pyvrp_X101_FSMFD,100,26,2.000000,50,3970482.983378,37556.265624,4045595.514625,0.000000,,,0,1,,,,,8.245885,MEDIUM
ga,hfvrp_n200_m40_s02,200,40,2.000000,9999,30454.764243,16764.835216,63984.434675,0.000000,,,0,1,,,,,26.156954,MEDIUM
ga,augerat_A_n80_k10,79,11,2.000000,9999,18195.244588,3935.342422,26065.929433,0.000000,,,0,1,,,,,5.764378,MEDIUM
ga,hfvrp_n200_m40_s05,200,40,2.000000,999,48295.214042,35262.626531,118820.467103,0.000000,,,0,1,,,,,1.448049,DEFAULT
ga,hfvrp_n200_m40_s05,200,40,2.000000,999,50316.392973,82936.092495,216188.577963,0.000000,,,0,1,,,,,0.235406,SMALL
ga,augerat_A_n80_k10,79,11,2.000000,9999,18145.036124,3809.101669,25763.239462,0.000000,,,0,1,,,,,17.869709,BIG
ga,augerat_A_n80_k10,79,11,2.000000,19345,18559.507649,4212.682742,26984.873132,0.000000,,,0,1,,,,,0.286252,DEFAULT
ga,augerat_A_n80_k10,79,11,2.000000,19345,19641.866501,4376.875544,28395.617588,0.000000,,,0,1,,,,,0.036913,SMALL
ga,pyvrp_X101_FSMFD,100,26,2.000000,50,3811844.002487,34301.959117,3880447.920721,0.000000,,,0,1,,,,,24.796904,BIG
ga,hfvrp_n200_m40_s03,200,40,2.000000,999,26840.550389,22620.275586,72081.101562,0.000000,,,0,1,,,,,27.396933,MEDIUM
ga,pyvrp_X101_FSMFD,100,26,2.000000,75,4317275.488133,42057.604465,4401390.697064,0.000000,,,0,1,,,,,0.401706,DEFAULT
ga,pyvrp_X101_FSMFD,100,26,2.000000,75,4706383.083553,51765.932222,4809914.947998,0.000000,,,0,1,,,,,0.054779,SMALL
ga,augerat_A_n80_k10,79,11,2.000000,19345,18376.426836,3868.618485,26113.663806,0.000000,,,0,1,,,,,5.971652,MEDIUM
ga,pyvrp_X101_FSMFD,100,26,2.000000,75,3829932.603281,36238.100235,3902408.803751,0.000000,,,0,1,,,,,8.358663,MEDIUM
ga,hfvrp_n200_m40_s05,200,40,2.000000,999,29802.675003,16067.436388,61937.547779,0.000000,,,0,1,,,,,26.620415,MEDIUM
ga,augerat_A_n80_k10,79,11,2.000000,19345,18166.718579,3872.486060,25911.690699,0.000000,,,0,1,,,,,18.105062,BIG
ga,augerat_A_n80_k10,79,11,2.000000,1796905679009077432,18562.261179,4018.225403,26598.711985,0.000000,,,0,1,,,,,0.302548,DEFAULT
ga,augerat_A_n80_k10,79,11,2.000000,1796905675024569387,18854.819806,5151.883110,29158.586025,0.000000,,,0,1,,,,,0.038206,SMALL
ga,augerat_A_n80_k10,79,11,2.000000,1796905705131252068,18846.077042,3845.822054,26537.721150,0.000000,,,0,1,,,,,5.710220,MEDIUM
ga,hfvrp_n200_m40_s04,200,40,2.000000,200,28933.270975,13675.016878,56283.304731,0.000000,,,0,1,,,,,82.620723,BIG
ga,pyvrp_X101_FSMFD,100,26,2.000000,75,3842865.416174,34232.693996,3911330.804165,0.000000,,,0,1,,,,,25.508459,BIG
ga,pyvrp_X101_FSMFD,100,26,2.000000,100,4250091.936388,39862.360243,4329816.656873,0.000000,,,0,1,,,,,0.397857,DEFAULT
ga,pyvrp_X101_FSMFD,100,26,2.000000,100,4541260.455446,41558.131289,4624376.718024,0.000000,,,0,1,,,,,0.053516,SMALL
ga,augerat_A_n80_k10,79,11,2.000000,1796905672196753844,18905.223910,3849.063041,26603.349992,0.000000,,,0,1,,,,,18.272694,BIG
ga,pyvrp_X101_FSMFD,100,26,2.000000,100,3775627.295768,34601.593234,3844830.482235,0.000000,,,0,1,,,,,8.266741,MEDIUM
ga,pyvrp_X106_FSMD,105,16,2.000000,1796905899228785327,4493894.841773,73934.579746,4641764.001266,0.000000,,,0,1,,,,,0.408883,DEFAULT
ga,pyvrp_X106_FSMD,105,16,2.000000,1796905921122474733,4718226.257725,70388.890532,4859004.038788,0.000000,,,0,1,,,,,0.051503,SMALL
ga,pyvrp_X106_FSMD,105,16,2.000000,1796905925474540903,3863541.973587,60763.036329,3985068.046245,0.000000,,,0,1,,,,,7.970438,MEDIUM
ga,hfvrp_n200_m40_s02,200,40,2.000000,9999,25975.065850,15269.679475,56514.424800,0.000000,,,0,1,,,,,81.672809,BIG
ga,pyvrp_X101_FSMFD,100,26,2.000000,100,3745032.078854,35506.164218,3816044.407290,0.000000,,,0,1,,,,,24.941726,BIG
ga,pyvrp_X101_FSMFD,100,26,2.000000,200,4163591.249147,40490.218814,4244571.686776,0.000000,,,0,1,,,,,0.420233,DEFAULT
ga,pyvrp_X101_FSMFD,100,26,2.000000,200,4711818.919689,40183.303835,4792185.527359,0.000000,,,0,1,,,,,0.058506,SMALL
ga,hfvrp_n200_m40_s03,200,40,2.000000,999,25238.369883,20971.534020,67181.437923,0.000000,,,0,1,,,,,81.870302,BIG
ga,pyvrp_X106_FSMD,105,16,2.000000,1796905937744833638,3835302.224641,60889.123669,3957080.471979,0.000000,,,0,1,,,,,23.730136,BIG
ga,pyvrp_X106_FSMD,105,16,2.000000,1,4168536.569955,68627.844610,4305792.259174,0.000000,,,0,1,,,,,0.391532,DEFAULT
ga,pyvrp_X106_FSMD,105,16,2.000000,1,5288033.312821,94366.902702,5476767.118225,0.000000,,,0,1,,,,,0.050224,SMALL
ga,pyvrp_X101_FSMFD,100,26,2.000000,200,3885442.068318,38167.137576,3961776.343470,0.000000,,,0,1,,,,,8.353065,MEDIUM
ga,hfvrp_n200_m40_s04,200,40,2.000000,999,39363.821073,41721.236599,122806.294271,0.000000,,,0,1,,,,,1.438615,DEFAULT
ga,hfvrp_n200_m40_s04,200,40,2.000000,999,59246.435847,68458.713723,196163.863292,0.000000,,,0,1,,,,,0.193270,SMALL
ga,pyvrp_X106_FSMD,105,16,2.000000,1,3868876.367815,65038.054004,3998952.475824,0.000000,,,0,1,,,,,7.884167,MEDIUM
ga,hfvrp_n200_m40_s05,200,40,2.000000,999,25117.065167,14433.203918,53983.473004,0.000000,,,0,1,,,,,81.946283,BIG
ga,hfvrp_n200_m40_s02,200,40,2.000000,19345,42147.863376,40817.962530,123783.788436,0.000000,,,0,1,,,,,1.376765,DEFAULT
ga,hfvrp_n200_m40_s02,200,40,2.000000,19345,49514.996984,95801.759250,241118.515483,0.000000,,,0,1,,,,,0.191163,SMALL
ga,pyvrp_X101_FSMFD,100,26,2.000000,200,3897423.908185,39203.496733,3975830.901651,0.000000,,,0,1,,,,,24.775337,BIG
ga,hfvrp_n200_m40_s04,200,40,2.000000,999,31089.102346,15623.826581,62336.755508,0.000000,,,0,1,,,,,27.205963,MEDIUM
ga,pyvrp_X101_FSMFD,100,26,2.000000,999,4279237.810124,42788.064918,4364813.939959,0.000000,,,0,1,,,,,0.398715,DEFAULT
ga,pyvrp_X101_FSMFD,100,26,2.000000,999,4726589.719568,39225.336613,4805040.392793,0.000000,,,0,1,,,,,0.058497,SMALL
ga,pyvrp_X106_FSMD,105,16,2.000000,1,3757926.738962,62403.429755,3882733.598471,0.000000,,,0,1,,,,,24.331970,BIG
ga,pyvrp_X106_FSMD,105,16,2.000000,10,4464188.338979,66701.743279,4597591.825538,0.000000,,,0,1,,,,,0.392283,DEFAULT
ga,pyvrp_X106_FSMD,105,16,2.000000,10,4916632.493745,96704.337875,5110041.169495,0.000000,,,0,1,,,,,0.050742,SMALL
ga,pyvrp_X101_FSMFD,100,26,2.000000,999,3947171.723199,35158.230043,4017488.183285,0.000000,,,0,1,,,,,8.136402,MEDIUM
ga,hfvrp_n200_m40_s05,200,40,2.000000,1234,50070.881343,36583.283578,123237.448499,0.000000,,,0,1,,,,,1.433828,DEFAULT
ga,hfvrp_n200_m40_s05,200,40,2.000000,1234,58166.910683,101579.002616,261324.915915,0.000000,,,0,1,,,,,0.238697,SMALL
ga,hfvrp_n200_m40_s02,200,40,2.000000,19345,28819.597275,15877.955263,60575.507801,0.000000,,,0,1,,,,,26.346122,MEDIUM
ga,pyvrp_X106_FSMD,105,16,2.000000,10,3900842.714566,60956.163515,4022755.041596,0.000000,,,0,1,,,,,7.993543,MEDIUM
ga,hfvrp_n200_m40_s03,200,40,2.000000,1234,44265.121383,55420.290030,155105.701443,0.000000,,,0,1,,,,,1.418181,DEFAULT
ga,hfvrp_n200_m40_s03,200,40,2.000000,1234,43467.225646,125826.098867,295119.423380,0.000000,,,0,1,,,,,0.197214,SMALL
ga,pyvrp_X101_FSMFD,100,26,2.000000,999,3775144.647133,34617.383348,3844379.413829,0.000000,,,0,1,,,,,25.446430,BIG
ga,pyvrp_X101_FSMFD,100,26,2.000000,1234,4355757.643811,37197.708792,4430153.061396,0.000000,,,0,1,,,,,0.404910,DEFAULT
ga,pyvrp_X101_FSMFD,100,26,2.000000,1234,4534421.043817,42539.133812,4619499.311441,0.000000,,,0,1,,,,,0.060709,SMALL
ga,pyvrp_X106_FSMD,105,16,2.000000,10,3669699.180840,58682.458336,3787064.097512,0.000000,,,0,1,,,,,24.219616,BIG
ga,hfvrp_n200_m40_s05,200,40,2.000000,1234,29370.727366,18145.275636,65661.278638,0.000000,,,0,1,,,,,26.582322,MEDIUM
ga,pyvrp_X106_FSMD,105,16,2.000000,50,4345858.590144,70902.891965,4487664.374074,0.000000,,,0,1,,,,,0.383548,DEFAULT
ga,pyvrp_X106_FSMD,105,16,2.000000,50,4562267.454946,80726.291768,4723720.038481,0.000000,,,0,1,,,,,0.057113,SMALL
ga,pyvrp_X101_FSMFD,100,26,2.000000,1234,3900079.741150,36608.308591,3973296.358333,0.000000,,,0,1,,,,,10.147056,MEDIUM
ga,pyvrp_X106_FSMD,105,16,2.000000,50,3827077.217787,63880.901207,3954839.020202,0.000000,,,0,1,,,,,7.843073,MEDIUM
ga,hfvrp_n200_m40_s03,200,40,2.000000,1234,30448.369568,23965.333783,78379.037134,0.000000,,,0,1,,,,,26.890350,MEDIUM
ga,pyvrp_X101_FSMFD,100,26,2.000000,1234,3804444.124514,35165.670748,3874775.466009,0.000000,,,0,1,,,,,25.343807,BIG
ga,pyvrp_X106_FSMD,105,16,2.000000,50,3752362.685975,67963.365181,3888289.416337,0.000000,,,0,1,,,,,24.411063,BIG
ga,pyvrp_X106_FSMD,105,16,2.000000,75,4191761.934078,68730.688707,4329223.311492,0.000000,,,0,1,,,,,0.390536,DEFAULT
ga,pyvrp_X106_FSMD,105,16,2.000000,75,5264348.793975,87275.400007,5438899.593989,0.000000,,,0,1,,,,,0.053373,SMALL
ga,pyvrp_X101_FSMFD,100,26,2.000000,9999,4257432.684057,37165.432685,4331763.549428,0.000000,,,0,1,,,,,0.415181,DEFAULT
ga,pyvrp_X101_FSMFD,100,26,2.000000,9999,4827895.249359,53165.568567,4934226.386493,0.000000,,,0,1,,,,,0.052513,SMALL
ga,hfvrp_n200_m40_s04,200,40,2.000000,999,28229.085538,13470.967414,55171.020367,0.000000,,,0,1,,,,,82.535437,BIG
ga,pyvrp_X106_FSMD,105,16,2.000000,75,3756547.223193,63158.704803,3882864.632799,0.000000,,,0,1,,,,,8.062616,MEDIUM
ga,pyvrp_X101_FSMFD,100,26,2.000000,9999,3923937.019580,36590.525332,3997118.070243,0.000000,,,0,1,,,,,8.202720,MEDIUM
ga,hfvrp_n200_m40_s02,200,40,2.000000,19345,27029.405863,16508.669991,60046.745844,0.000000,,,0,1,,,,,83.260895,BIG
ga,pyvrp_X106_FSMD,105,16,2.000000,75,3760999.580536,60581.638608,3882162.857751,0.000000,,,0,1,,,,,23.900572,BIG
ga,pyvrp_X101_FSMFD,100,26,2.000000,9999,3824804.705736,35606.425163,3896017.556062,0.000000,,,0,1,,,,,25.271092,BIG
ga,pyvrp_X106_FSMD,105,16,2.000000,100,4466100.821037,70840.773169,4607782.367375,0.000000,,,0,1,,,,,0.383625,DEFAULT
ga,pyvrp_X106_FSMD,105,16,2.000000,100,4638667.412061,73064.672243,4784796.756547,0.000000,,,0,1,,,,,0.049518,SMALL
ga,pyvrp_X101_FSMFD,100,26,2.000000,19345,4418801.123809,45631.631415,4510064.386640,0.000000,,,0,1,,,,,0.414861,DEFAULT
ga,pyvrp_X101_FSMFD,100,26,2.000000,19345,4892753.523654,39861.327384,4972476.178422,0.000000,,,0,1,,,,,0.051122,SMALL
ga,pyvrp_X106_FSMD,105,16,2.000000,100,3702063.079422,63453.313176,3828969.705773,0.000000,,,0,1,,,,,7.816575,MEDIUM
ga,hfvrp_n200_m40_s05,200,40,2.000000,1234,29575.581774,16108.839210,61793.260194,0.000000,,,0,1,,,,,80.195203,BIG
ga,pyvrp_X101_FSMFD,100,26,2.000000,19345,3785501.185284,37552.550998,3860606.287279,0.000000,,,0,1,,,,,8.085688,MEDIUM
ga,hfvrp_n200_m40_s04,200,40,2.000000,1234,40907.093423,33353.999859,107615.093142,0.000000,,,0,1,,,,,1.359605,DEFAULT
ga,hfvrp_n200_m40_s04,200,40,2.000000,1234,49228.090529,74874.638145,198977.366819,0.000000,,,0,1,,,,,0.180132,SMALL
ga,hfvrp_n200_m40_s03,200,40,2.000000,1234,28606.903991,22494.890890,73596.685772,0.000000,,,0,1,,,,,80.774155,BIG
ga,hfvrp_n200_m40_s02,200,40,2.000000,1796906401864060277,45841.195979,42522.364085,130885.924148,0.000000,,,0,1,,,,,1.386941,DEFAULT
ga,hfvrp_n200_m40_s02,200,40,2.000000,1796906416140223264,54928.169580,116967.180031,288862.529642,0.000000,,,0,1,,,,,0.180485,SMALL
ga,pyvrp_X106_FSMD,105,16,2.000000,100,3737049.437598,61239.742146,3859528.921891,0.000000,,,0,1,,,,,24.390184,BIG
ga,pyvrp_X106_FSMD,105,16,2.000000,200,4416630.102003,75890.092787,4568410.287577,0.000000,,,0,1,,,,,0.406560,DEFAULT
ga,pyvrp_X106_FSMD,105,16,2.000000,200,4880670.262779,68212.427516,5017095.117811,0.000000,,,0,1,,,,,0.051530,SMALL
ga,pyvrp_X101_FSMFD,100,26,2.000000,19345,3940958.906096,36085.407900,4013129.721895,0.000000,,,0,1,,,,,24.898393,BIG
ga,pyvrp_X101_FSMFD,100,26,2.000000,1796906347309094094,4199689.424651,47284.163083,4294257.750818,0.000000,,,0,1,,,,,0.403670,DEFAULT
ga,pyvrp_X101_FSMFD,100,26,2.000000,1796906352016789992,5099445.785745,42691.784856,5184829.355458,0.000000,,,0,1,,,,,0.055945,SMALL
ga,hfvrp_n200_m40_s05,200,40,2.000000,9999,47143.456966,42978.991045,133101.439057,0.000000,,,0,1,,,,,1.459105,DEFAULT
ga,hfvrp_n200_m40_s05,200,40,2.000000,9999,52386.527339,93844.589737,240075.706814,0.000000,,,0,1,,,,,0.236939,SMALL
ga,pyvrp_X106_FSMD,105,16,2.000000,200,3857538.177232,61729.245890,3980996.669011,0.000000,,,0,1,,,,,7.854717,MEDIUM
ga,hfvrp_n200_m40_s04,200,40,2.000000,1234,30372.788133,15736.749374,61846.286881,0.000000,,,0,1,,,,,26.806773,MEDIUM
ga,pyvrp_X101_FSMFD,100,26,2.000000,1796906356375908370,3823457.146626,35378.065549,3894213.277724,0.000000,,,0,1,,,,,8.330728,MEDIUM
ga,hfvrp_n200_m40_s02,200,40,2.000000,1796906412029747192,33496.073829,15571.484963,64639.043755,0.000000,,,0,1,,,,,26.704059,MEDIUM
ga,pyvrp_X106_FSMD,105,16,2.000000,200,3724225.908697,62052.050494,3848330.009685,0.000000,,,0,1,,,,,24.047962,BIG
ga,pyvrp_X106_FSMD,105,16,2.000000,999,4275554.972355,69853.450864,4415261.874084,0.000000,,,0,1,,,,,0.382041,DEFAULT
ga,pyvrp_X106_FSMD,105,16,2.000000,999,4688649.646408,79161.718826,4846973.084060,0.000000,,,0,1,,,,,0.053587,SMALL
ga,hfvrp_n200_m40_s05,200,40,2.000000,9999,30605.273929,17325.975003,65257.223934,0.000000,,,0,1,,,,,27.640148,MEDIUM
ga,pyvrp_X101_FSMFD,100,26,2.000000,1796906253042609207,3754200.590238,35972.974765,3826146.539767,0.000000,,,0,1,,,,,25.404846,BIG
ga,pyvrp_X110_HD,109,13,2.000000,1796906169496992828,2558549.788347,61695.308897,2681940.406142,0.000000,,,0,1,,,,,0.420556,DEFAULT
ga,pyvrp_X110_HD,109,13,2.000000,1796906182807080222,3376162.245010,47223.500417,3470609.245844,0.000000,,,0,1,,,,,0.055651,SMALL
ga,pyvrp_X106_FSMD,105,16,2.000000,999,3771813.325744,59402.913724,3890619.153192,0.000000,,,0,1,,,,,8.058663,MEDIUM
ga,pyvrp_X110_HD,109,13,2.000000,1796906178572075171,2140850.764378,43397.640255,2227646.044887,0.000000,,,0,1,,,,,8.482682,MEDIUM
ga,hfvrp_n200_m40_s03,200,40,2.000000,9999,45584.655328,53553.058577,152690.772481,0.000000,,,0,1,,,,,1.357315,DEFAULT
ga,hfvrp_n200_m40_s03,200,40,2.000000,9999,56315.852629,121854.660851,300025.174332,0.000000,,,0,1,,,,,0.208228,SMALL
ga,pyvrp_X106_FSMD,105,16,2.000000,999,3747100.962805,59397.824062,3865896.610928,0.000000,,,0,1,,,,,23.661147,BIG
ga,pyvrp_X106_FSMD,105,16,2.000000,1234,4177883.610297,63764.385739,4305412.381775,0.000000,,,0,1,,,,,0.426835,DEFAULT
ga,pyvrp_X106_FSMD,105,16,2.000000,1234,5169767.355602,95369.713159,5360506.781920,0.000000,,,0,1,,,,,0.050710,SMALL
ga,pyvrp_X110_HD,109,13,2.000000,1796906161289990573,2055266.935962,37139.997829,2129546.931620,0.000000,,,0,1,,,,,25.002041,BIG
ga,pyvrp_X106_FSMD,105,16,2.000000,1234,3793836.862583,62734.021676,3919304.905935,0.000000,,,0,1,,,,,7.911909,MEDIUM
ga,pyvrp_X110_HD,109,13,2.000000,1,2668428.369959,55187.787249,2778803.944457,0.000000,,,0,1,,,,,0.410781,DEFAULT
ga,pyvrp_X110_HD,109,13,2.000000,1,3225085.348054,68907.409316,3362900.166686,0.000000,,,0,1,,,,,0.051579,SMALL
ga,hfvrp_n200_m40_s03,200,40,2.000000,9999,30986.447459,21358.731052,73703.909564,0.000000,,,0,1,,,,,26.842808,MEDIUM
ga,pyvrp_X110_HD,109,13,2.000000,1,2186961.030054,35475.367219,2257911.764492,0.000000,,,0,1,,,,,8.217558,MEDIUM
ga,hfvrp_n200_m40_s04,200,40,2.000000,1234,27650.046108,13464.776365,54579.598837,0.000000,,,0,1,,,,,80.033451,BIG
ga,hfvrp_n200_m40_s02,200,40,2.000000,1796906245471325655,27858.313669,14184.729486,56227.772640,0.000000,,,0,1,,,,,81.264906,BIG
ga,pyvrp_X106_FSMD,105,16,2.000000,1234,3824707.642770,60509.259292,3945726.161354,0.000000,,,0,1,,,,,24.263204,BIG
ga,pyvrp_X115_HVRP,114,18,2.000000,1796907166789299248,2498033.313178,56804.462300,2611642.237778,0.000000,,,0,0,,,,,0.447553,DEFAULT
ga,pyvrp_X115_HVRP,114,18,2.000000,1796907128586650563,2844813.470338,86362.991074,3017539.452486,0.000000,,,0,0,,,,,0.056663,SMALL
ga,pyvrp_X106_FSMD,105,16,2.000000,9999,4247026.750710,69328.770196,4385684.291103,0.000000,,,0,1,,,,,0.385964,DEFAULT
ga,pyvrp_X106_FSMD,105,16,2.000000,9999,4783501.720102,79455.563977,4942412.848056,0.000000,,,0,1,,,,,0.053682,SMALL
ga,pyvrp_X110_HD,109,13,2.000000,1,2144449.564576,43831.486824,2232112.538223,0.000000,,,0,1,,,,,24.713869,BIG
ga,pyvrp_X115_HVRP,114,18,2.000000,1796907124358079324,2073761.122139,38945.715011,2151652.552160,0.000000,,,0,0,,,,,9.268207,MEDIUM
ga,pyvrp_X106_FSMD,105,16,2.000000,9999,3894772.156123,62382.391502,4019536.939126,0.000000,,,0,1,,,,,8.002540,MEDIUM
ga,hfvrp_n200_m40_s05,200,40,2.000000,9999,30026.942693,18189.798063,66406.538819,0.000000,,,0,1,,,,,79.809991,BIG
ga,pyvrp_X110_HD,109,13,2.000000,10,2551488.922265,68932.689748,2689354.301761,0.000000,,,0,1,,,,,0.409483,DEFAULT
ga,pyvrp_X110_HD,109,13,2.000000,10,3237972.976885,63977.952003,3365928.880892,0.000000,,,0,1,,,,,0.052935,SMALL
ga,pyvrp_X110_HD,109,13,2.000000,10,2232889.094874,43823.780292,2320536.655457,0.000000,,,0,1,,,,,8.232242,MEDIUM
ga,pyvrp_X106_FSMD,105,16,2.000000,9999,3695609.316383,61488.916025,3818587.148434,0.000000,,,0,1,,,,,24.094357,BIG
ga,pyvrp_X115_HVRP,114,18,2.000000,1796907236715459993,2034867.488910,40795.748652,2116458.986214,0.000000,,,0,0,,,,,27.401790,BIG
ga,pyvrp_X106_FSMD,105,16,2.000000,19345,4380164.984349,70061.263574,4520287.511497,0.000000,,,0,1,,,,,0.386394,DEFAULT
ga,pyvrp_X106_FSMD,105,16,2.000000,19345,4889986.453602,74620.851601,5039228.156805,0.000000,,,0,1,,,,,0.051182,SMALL
ga,hfvrp_n200_m40_s04,200,40,2.000000,9999,46957.315867,35248.665765,117454.647398,0.000000,,,0,1,,,,,1.370346,DEFAULT
ga,hfvrp_n200_m40_s04,200,40,2.000000,9999,43586.823090,113353.474016,270293.771122,0.000000,,,0,1,,,,,0.181156,SMALL
ga,pyvrp_X115_HVRP,114,18,2.000000,1,2431383.388915,59664.714042,2550712.817000,0.000000,,,0,0,,,,,0.447830,DEFAULT
ga,pyvrp_X115_HVRP,114,18,2.000000,1,2929579.664005,59169.405469,3047918.474944,0.000000,,,0,0,,,,,0.061573,SMALL
ga,pyvrp_X106_FSMD,105,16,2.000000,19345,3658312.921014,61688.236189,3781689.393392,0.000000,,,0,1,,,,,7.909598,MEDIUM
ga,pyvrp_X110_HD,109,13,2.000000,10,2098691.317920,37049.227013,2172789.771945,0.000000,,,0,1,,,,,25.045789,BIG
ga,hfvrp_n200_m40_s05,200,40,2.000000,19345,51566.578629,35808.055197,123182.689023,0.000000,,,0,1,,,,,1.437768,DEFAULT
ga,hfvrp_n200_m40_s05,200,40,2.000000,19345,50813.173781,94101.642578,239016.458936,0.000000,,,0,1,,,,,0.226329,SMALL
ga,pyvrp_X110_HD,109,13,2.000000,50,2564543.222612,46496.666908,2657536.556428,0.000000,,,0,1,,,,,0.419372,DEFAULT
ga,pyvrp_X110_HD,109,13,2.000000,50,2987553.611480,62948.149673,3113449.910826,0.000000,,,0,1,,,,,0.054279,SMALL
ga,pyvrp_X115_HVRP,114,18,2.000000,1,2129925.944698,34550.120015,2199026.184727,0.000000,,,0,0,,,,,9.106672,MEDIUM
ga,hfvrp_n200_m40_s03,200,40,2.000000,9999,29058.938035,20588.750009,70236.438052,0.000000,,,0,1,,,,,79.771942,BIG
ga,pyvrp_X110_HD,109,13,2.000000,50,2121890.899535,46731.574266,2215354.048067,0.000000,,,0,1,,,,,8.327848,MEDIUM
ga,hfvrp_n200_m40_s04,200,40,2.000000,9999,32461.483111,14429.714693,61320.912497,0.000000,,,0,1,,,,,27.331417,MEDIUM
ga,pyvrp_X106_FSMD,105,16,2.000000,19345,3716448.118084,65019.247771,3846486.613625,0.000000,,,0,1,,,,,23.960801,BIG
ga,pyvrp_X106_FSMD,105,16,2.000000,1796907522161688396,4116002.477795,63330.951081,4242664.379957,0.000000,,,0,1,,,,,0.391136,DEFAULT
ga,pyvrp_X106_FSMD,105,16,2.000000,1796907501086975878,5027325.594259,86283.596726,5199892.787710,0.000000,,,0,1,,,,,0.053316,SMALL
ga,hfvrp_n200_m40_s05,200,40,2.000000,19345,32772.821979,19909.827989,72592.477957,0.000000,,,0,1,,,,,26.368991,MEDIUM
ga,pyvrp_X115_HVRP,114,18,2.000000,1,2086426.826793,39881.127198,2166189.081188,0.000000,,,0,0,,,,,27.109612,BIG
ga,pyvrp_X115_HVRP,114,18,2.000000,10,2424886.795291,54926.921088,2534740.637466,0.000000,,,0,0,,,,,0.462179,DEFAULT
ga,pyvrp_X115_HVRP,114,18,2.000000,10,2848470.197674,51849.336825,2952168.871324,0.000000,,,0,0,,,,,0.065928,SMALL
ga,pyvrp_X106_FSMD,105,16,2.000000,1796907505443643865,3732335.161003,58917.660328,3850170.481659,0.000000,,,0,1,,,,,8.040624,MEDIUM
ga,pyvrp_X110_HD,109,13,2.000000,50,2071121.047271,44667.748733,2160456.544736,0.000000,,,0,1,,,,,25.468720,BIG
ga,pyvrp_X110_HD,109,13,2.000000,75,2582099.131226,54415.115825,2690929.362875,0.000000,,,0,1,,,,,0.420595,DEFAULT
ga,pyvrp_X110_HD,109,13,2.000000,75,3266152.593037,68632.712843,3403418.018723,0.000000,,,0,1,,,,,0.052014,SMALL
ga,pyvrp_X115_HVRP,114,18,2.000000,10,2041072.744833,36440.096399,2113952.937630,0.000000,,,0,0,,,,,9.466776,MEDIUM
ga,pyvrp_X110_HD,109,13,2.000000,75,2150145.671494,38806.869646,2227759.410787,0.000000,,,0,1,,,,,8.226564,MEDIUM
ga,pyvrp_X106_FSMD,105,16,2.000000,1796907449064741882,3694717.848602,62196.594578,3819111.037758,0.000000,,,0,1,,,,,23.937482,BIG
ga,pyvrp_X120_FSMF,119,12,2.000000,1796907410444834725,3498942.994813,133399.968906,3765742.932624,0.000000,,,0,1,,,,,0.435245,DEFAULT
ga,pyvrp_X120_FSMF,119,12,2.000000,1796907440954357868,3803901.236700,156892.205376,4117685.647452,0.000000,,,0,1,,,,,0.060899,SMALL
ga,pyvrp_X120_FSMF,119,12,2.000000,1796907445314845008,3208258.307354,83787.557934,3375833.423222,0.000000,,,0,1,,,,,8.654876,MEDIUM
ga,pyvrp_X115_HVRP,114,18,2.000000,10,2035298.658066,44357.213701,2124013.085467,0.000000,,,0,0,,,,,27.262802,BIG
ga,hfvrp_n200_m40_s03,200,40,2.000000,19345,48678.017764,66635.058852,181948.135467,0.000000,,,0,1,,,,,1.327337,DEFAULT
ga,hfvrp_n200_m40_s03,200,40,2.000000,19345,52999.110473,134107.436689,321213.983850,0.000000,,,0,1,,,,,0.201988,SMALL
ga,pyvrp_X115_HVRP,114,18,2.000000,50,2370147.314562,59379.453506,2488906.221575,0.000000,,,0,0,,,,,0.451615,DEFAULT
ga,pyvrp_X115_HVRP,114,18,2.000000,50,2855411.419861,73562.716538,3002536.852938,0.000000,,,0,0,,,,,0.056328,SMALL
ga,pyvrp_X110_HD,109,13,2.000000,75,2066697.863571,39048.133325,2144794.130220,0.000000,,,0,1,,,,,25.472561,BIG
ga,pyvrp_X110_HD,109,13,2.000000,100,2710380.725190,61782.445820,2833945.616829,0.000000,,,0,1,,,,,0.410721,DEFAULT
ga,pyvrp_X110_HD,109,13,2.000000,100,3307375.739390,68713.241905,3444802.223200,0.000000,,,0,1,,,,,0.052475,SMALL
ga,pyvrp_X115_HVRP,114,18,2.000000,50,2061399.127214,36687.933355,2134774.993925,0.000000,,,0,0,,,,,8.980237,MEDIUM
ga,pyvrp_X110_HD,109,13,2.000000,100,2069810.573128,39590.746104,2148992.065336,0.000000,,,0,1,,,,,8.472788,MEDIUM
ga,pyvrp_X120_FSMF,119,12,2.000000,1796907441089597448,3170178.301504,89732.614841,3349643.531187,0.000000,,,0,1,,,,,25.654048,BIG
ga,pyvrp_X120_FSMF,119,12,2.000000,1,3413874.944020,149142.952036,3712160.848092,0.000000,,,0,1,,,,,0.419629,DEFAULT
ga,pyvrp_X120_FSMF,119,12,2.000000,1,3806353.146518,178173.524856,4162700.196230,0.000000,,,0,1,,,,,0.059417,SMALL
ga,hfvrp_n200_m40_s03,200,40,2.000000,19345,30988.758535,22104.546641,75197.851817,0.000000,,,0,1,,,,,26.263236,MEDIUM
ga,hfvrp_n200_m40_s04,200,40,2.000000,9999,26333.331179,13717.050359,53767.431896,0.000000,,,0,1,,,,,80.818252,BIG
ga,pyvrp_X120_FSMF,119,12,2.000000,1,3172132.411053,86614.114011,3345360.639075,0.000000,,,0,1,,,,,8.685174,MEDIUM
ga,hfvrp_n200_m40_s05,200,40,2.000000,19345,26350.464677,15259.126856,56868.718388,0.000000,,,0,1,,,,,80.118714,BIG
ga,pyvrp_X115_HVRP,114,18,2.000000,50,2055955.795067,44922.601255,2145800.997576,0.000000,,,0,0,,,,,27.217474,BIG
ga,pyvrp_X110_HD,109,13,2.000000,100,2005059.137040,38125.042380,2081309.221799,0.000000,,,0,1,,,,,25.014014,BIG
ga,pyvrp_X115_HVRP,114,18,2.000000,75,2560190.265715,57742.878471,2675676.022657,0.000000,,,0,0,,,,,0.450609,DEFAULT
ga,pyvrp_X115_HVRP,114,18,2.000000,75,2851682.920348,71100.543031,2993884.006409,0.000000,,,0,0,,,,,0.065311,SMALL
ga,pyvrp_X110_HD,109,13,2.000000,200,2608501.784570,44240.269746,2696982.324062,0.000000,,,0,1,,,,,0.412580,DEFAULT
ga,pyvrp_X110_HD,109,13,2.000000,200,3177472.560127,66066.835401,3309606.230930,0.000000,,,0,1,,,,,0.054629,SMALL
ga,pyvrp_X110_HD,109,13,2.000000,200,2006841.559700,38847.447411,2084536.454523,0.000000,,,0,1,,,,,8.106888,MEDIUM
ga,pyvrp_X115_HVRP,114,18,2.000000,75,2404645.251069,45460.017530,2495565.286130,0.000000,,,0,1,,,,,9.500786,MEDIUM
ga,pyvrp_X120_FSMF,119,12,2.000000,1,3147037.622020,88759.796580,3324557.215181,0.000000,,,0,1,,,,,25.894712,BIG
ga,pyvrp_X120_FSMF,119,12,2.000000,10,3460680.718499,99114.344920,3658909.408340,0.000000,,,0,1,,,,,0.437462,DEFAULT
ga,pyvrp_X120_FSMF,119,12,2.000000,10,3883876.211346,131524.781035,4146925.773415,0.000000,,,0,1,,,,,0.055750,SMALL
ga,hfvrp_n200_m40_s05,200,40,2.000000,1796906635023500458,48589.204115,43990.604730,136570.413575,0.000000,,,0,1,,,,,1.425996,DEFAULT
ga,hfvrp_n200_m40_s05,200,40,2.000000,1796906640755383008,57098.074977,81385.526596,219869.128169,0.000000,,,0,1,,,,,0.236775,SMALL
ga,pyvrp_X120_FSMF,119,12,2.000000,10,3101364.193979,79604.938069,3260574.070116,0.000000,,,0,1,,,,,8.469451,MEDIUM
ga,pyvrp_X110_HD,109,13,2.000000,200,2061169.998515,40808.391338,2142786.781192,0.000000,,,0,1,,,,,24.813604,BIG
ga,pyvrp_X110_HD,109,13,2.000000,999,2699456.345456,69409.798599,2838275.942654,0.000000,,,0,1,,,,,0.402133,DEFAULT
ga,pyvrp_X110_HD,109,13,2.000000,999,3459436.524953,58502.411348,3576441.347649,0.000000,,,0,1,,,,,0.050443,SMALL
ga,pyvrp_X115_HVRP,114,18,2.000000,75,2103300.373890,41796.900686,2186894.175262,0.000000,,,0,0,,,,,27.785733,BIG
ga,hfvrp_n200_m40_s04,200,40,2.000000,19345,50649.248539,35783.565052,122216.378643,0.000000,,,0,1,,,,,1.381686,DEFAULT
ga,hfvrp_n200_m40_s04,200,40,2.000000,19345,61980.538359,76622.641937,215225.822233,0.000000,,,0,1,,,,,0.192726,SMALL
ga,pyvrp_X115_HVRP,114,18,2.000000,100,2359951.358634,56183.216097,2472317.790827,0.000000,,,0,0,,,,,0.451863,DEFAULT
ga,pyvrp_X115_HVRP,114,18,2.000000,100,2982880.719737,69130.085068,3121140.889873,0.000000,,,0,0,,,,,0.060517,SMALL
ga,pyvrp_X110_HD,109,13,2.000000,999,2162994.484441,36796.669987,2236587.824414,0.000000,,,0,1,,,,,8.128536,MEDIUM
ga,pyvrp_X115_HVRP,114,18,2.000000,100,2180365.742014,45759.541159,2271884.824333,0.000000,,,0,0,,,,,9.034387,MEDIUM
ga,hfvrp_n200_m40_s05,200,40,2.000000,1796906696837540420,32628.575549,15707.027663,64042.630875,0.000000,,,0,1,,,,,26.176156,MEDIUM
ga,pyvrp_X120_FSMF,119,12,2.000000,10,3194624.922157,91195.437001,3377015.796158,0.000000,,,0,1,,,,,26.253489,BIG
ga,pyvrp_X120_FSMF,119,12,2.000000,50,3573311.074882,115559.478932,3804430.032746,0.000000,,,0,1,,,,,0.415965,DEFAULT
ga,pyvrp_X120_FSMF,119,12,2.000000,50,3816836.893910,133992.861765,4084822.617439,0.000000,,,0,1,,,,,0.055491,SMALL
ga,hfvrp_n200_m40_s03,200,40,2.000000,19345,28900.049784,21678.660092,72257.369969,0.000000,,,0,1,,,,,80.676350,BIG
ga,hfvrp_n200_m40_s04,200,40,2.000000,19345,28211.435944,17097.802285,62407.040514,0.000000,,,0,1,,,,,27.481091,MEDIUM
ga,pyvrp_X120_FSMF,119,12,2.000000,50,3156498.371112,83982.207251,3324462.785613,0.000000,,,0,1,,,,,8.540721,MEDIUM
ga,pyvrp_X110_HD,109,13,2.000000,999,2001650.379005,35818.021997,2073286.422999,0.000000,,,0,1,,,,,25.725017,BIG
ga,pyvrp_X110_HD,109,13,2.000000,1234,2821715.031462,49951.646823,2921618.325109,0.000000,,,0,1,,,,,0.421314,DEFAULT
ga,pyvrp_X110_HD,109,13,2.000000,1234,3116912.540225,77086.531711,3271085.603646,0.000000,,,0,1,,,,,0.056037,SMALL
ga,pyvrp_X115_HVRP,114,18,2.000000,100,2041659.080490,39725.485116,2121110.050721,0.000000,,,0,0,,,,,27.452646,BIG
ga,pyvrp_X115_HVRP,114,18,2.000000,200,2454028.313559,46386.396804,2546801.107166,0.000000,,,0,0,,,,,0.457169,DEFAULT
ga,pyvrp_X115_HVRP,114,18,2.000000,200,2843304.865770,50953.737434,2945212.340637,0.000000,,,0,0,,,,,0.065855,SMALL
ga,pyvrp_X110_HD,109,13,2.000000,1234,2133508.203349,44156.078630,2221820.360610,0.000000,,,0,1,,,,,8.102993,MEDIUM
ga,pyvrp_X115_HVRP,114,18,2.000000,200,2048713.182995,43137.244494,2134987.671983,0.000000,,,0,0,,,,,9.297523,MEDIUM
ga,pyvrp_X120_FSMF,119,12,2.000000,50,3102639.580338,93777.343943,3290194.268225,0.000000,,,0,1,,,,,25.764658,BIG
ga,pyvrp_X120_FSMF,119,12,2.000000,75,3424884.913280,105679.852119,3636244.617517,0.000000,,,0,1,,,,,0.434341,DEFAULT
ga,pyvrp_X120_FSMF,119,12,2.000000,75,3741826.221791,170074.797040,4081975.815870,0.000000,,,0,1,,,,,0.057690,SMALL
ga,pyvrp_X120_FSMF,119,12,2.000000,75,3113780.019617,90096.748517,3293973.516651,0.000000,,,0,1,,,,,8.529455,MEDIUM
ga,pyvrp_X110_HD,109,13,2.000000,1234,1969350.046983,38775.349708,2046900.746400,0.000000,,,0,1,,,,,25.116489,BIG
ga,pyvrp_X110_HD,109,13,2.000000,9999,2494088.459157,53101.101002,2600290.661160,0.000000,,,0,1,,,,,0.404535,DEFAULT
ga,pyvrp_X110_HD,109,13,2.000000,9999,3100067.833915,54256.459074,3208580.752063,0.000000,,,0,1,,,,,0.056616,SMALL
ga,pyvrp_X115_HVRP,114,18,2.000000,200,2033342.380500,39083.126577,2111508.633655,0.000000,,,0,0,,,,,27.203659,BIG
ga,pyvrp_X110_HD,109,13,2.000000,9999,1994743.675426,37401.410573,2069546.496572,0.000000,,,0,1,,,,,8.276134,MEDIUM
ga,pyvrp_X115_HVRP,114,18,2.000000,999,2671215.308192,44906.361179,2761028.030551,0.000000,,,0,0,,,,,0.455554,DEFAULT
ga,pyvrp_X115_HVRP,114,18,2.000000,999,2869012.133632,72222.076751,3013456.287133,0.000000,,,0,0,,,,,0.058117,SMALL
ga,hfvrp_n200_m40_s03,200,40,2.000000,1796906838130809855,43096.801534,62963.920841,169024.643215,0.000000,,,0,1,,,,,1.326897,DEFAULT
ga,pyvrp_X115_HVRP,114,18,2.000000,999,2114305.721370,40330.557010,2194966.835390,0.000000,,,0,0,,,,,9.202903,MEDIUM
ga,hfvrp_n200_m40_s03,200,40,2.000000,1796906826582567949,44180.791891,109959.197840,264099.187571,0.000000,,,0,1,,,,,0.203515,SMALL
ga,pyvrp_X120_FSMF,119,12,2.000000,75,3120218.353970,77988.696023,3276195.746016,0.000000,,,0,1,,,,,25.923044,BIG
ga,pyvrp_X120_FSMF,119,12,2.000000,100,3588355.314064,119011.625309,3826378.564681,0.000000,,,0,1,,,,,0.424254,DEFAULT
ga,pyvrp_X120_FSMF,119,12,2.000000,100,3481523.314012,160974.180826,3803471.675664,0.000000,,,0,1,,,,,0.056215,SMALL
ga,hfvrp_n200_m40_s05,200,40,2.000000,1796906572699882870,28626.867440,14538.025517,57702.918474,0.000000,,,0,1,,,,,81.989288,BIG
ga,pyvrp_X120_FSMF,119,12,2.000000,100,3154567.979296,114788.942052,3384145.863399,0.000000,,,0,1,,,,,8.751346,MEDIUM
ga,pyvrp_X110_HD,109,13,2.000000,9999,2027184.005197,50615.691331,2128415.387860,0.000000,,,0,1,,,,,24.921309,BIG
ga,pyvrp_X110_HD,109,13,2.000000,19345,2642901.110964,54857.235165,2752615.581294,0.000000,,,0,1,,,,,0.414749,DEFAULT
ga,pyvrp_X110_HD,109,13,2.000000,19345,3298271.757294,75349.794339,3448971.345971,0.000000,,,0,1,,,,,0.051899,SMALL
ga,hfvrp_n200_m40_s04,200,40,2.000000,19345,28742.015180,12330.231571,53402.478322,0.000000,,,0,1,,,,,84.018876,BIG
ga,hfvrp_n200_m40_s03,200,40,2.000000,1796906818205528375,33586.808385,27169.345637,87925.499658,0.000000,,,0,1,,,,,26.307932,MEDIUM
ga,pyvrp_X110_HD,109,13,2.000000,19345,2028990.650221,37849.501614,2104689.653449,0.000000,,,0,1,,,,,8.329151,MEDIUM
ga,pyvrp_X115_HVRP,114,18,2.000000,999,1890545.536204,35841.611166,1962228.758536,0.000000,,,0,0,,,,,27.246366,BIG
ga,pyvrp_X115_HVRP,114,18,2.000000,1234,2367614.877046,52470.019208,2472554.915463,0.000000,,,0,0,,,,,0.420850,DEFAULT
ga,pyvrp_X115_HVRP,114,18,2.000000,1234,2841404.796142,78714.052842,2998832.901825,0.000000,,,0,0,,,,,0.062038,SMALL
ga,pyvrp_X120_FSMF,119,12,2.000000,100,3124088.764028,87392.092650,3298872.949328,0.000000,,,0,1,,,,,26.152124,BIG
ga,pyvrp_X115_HVRP,114,18,2.000000,1234,2141338.262523,37874.297895,2217086.858314,0.000000,,,0,0,,,,,9.154903,MEDIUM
ga,pyvrp_X120_FSMF,119,12,2.000000,200,3483308.233211,113272.928972,3709854.091156,0.000000,,,0,1,,,,,0.425716,DEFAULT
ga,pyvrp_X120_FSMF,119,12,2.000000,200,3831131.548706,150524.496003,4132180.540711,0.000000,,,0,1,,,,,0.061117,SMALL
ga,pyvrp_X120_FSMF,119,12,2.000000,200,3116794.380775,100045.994510,3316886.369796,0.000000,,,0,1,,,,,8.594820,MEDIUM
ga,pyvrp_X110_HD,109,13,2.000000,19345,2192336.488256,51373.166267,2295082.820790,0.000000,,,0,1,,,,,25.036901,BIG
ga,pyvrp_X110_HD,109,13,2.000000,1796904342626458153,2568569.766454,54078.605084,2676726.976622,0.000000,,,0,1,,,,,0.407444,DEFAULT
ga,pyvrp_X110_HD,109,13,2.000000,1796904347334006825,3051057.540009,62615.079262,3176287.698532,0.000000,,,0,1,,,,,0.055592,SMALL
ga,pyvrp_X110_HD,109,13,2.000000,1796904334513635420,2111564.647965,38281.098183,2188126.844330,0.000000,,,0,1,,,,,8.136660,MEDIUM
ga,pyvrp_X115_HVRP,114,18,2.000000,1234,2159017.709873,48403.610005,2255824.929883,0.000000,,,0,0,,,,,27.645742,BIG
ga,pyvrp_X115_HVRP,114,18,2.000000,9999,2536586.568997,53535.236280,2643657.041558,0.000000,,,0,0,,,,,0.448776,DEFAULT
ga,pyvrp_X115_HVRP,114,18,2.000000,9999,2724891.069638,74568.106563,2874027.282764,0.000000,,,0,0,,,,,0.073697,SMALL
ga,hfvrp_n200_m40_s04,200,40,2.000000,1796904320965006130,46700.050755,45082.496630,136865.044015,0.000000,,,0,1,,,,,1.326242,DEFAULT
ga,hfvrp_n200_m40_s04,200,40,2.000000,1796904309410698945,58412.409724,92655.354169,243723.118062,0.000000,,,0,1,,,,,0.184626,SMALL
ga,pyvrp_X120_FSMF,119,12,2.000000,200,3179656.146764,90405.011020,3360466.168804,0.000000,,,0,1,,,,,25.861957,BIG
ga,pyvrp_X120_FSMF,119,12,2.000000,999,3652891.705139,116399.781963,3885691.269065,0.000000,,,0,1,,,,,0.444393,DEFAULT
ga,pyvrp_X120_FSMF,119,12,2.000000,999,4216196.191628,162226.329654,4540648.850935,0.000000,,,0,1,,,,,0.049549,SMALL
ga,pyvrp_X115_HVRP,114,18,2.000000,9999,2094889.168348,37122.879976,2169134.928300,0.000000,,,0,0,,,,,9.050415,MEDIUM
ga,pyvrp_X120_FSMF,119,12,2.000000,999,3184076.650368,88896.118147,3361868.886661,0.000000,,,0,1,,,,,8.413180,MEDIUM
ga,pyvrp_X110_HD,109,13,2.000000,1796904364134945504,2034628.300132,36286.479307,2107201.258747,0.000000,,,0,1,,,,,24.988808,BIG
ga,hfvrp_n200_m40_s04,200,40,2.000000,1796904313894369899,31913.565784,15441.526434,62796.618651,0.000000,,,0,1,,,,,27.373584,MEDIUM
ga,pyvrp_X115_HVRP,114,18,2.000000,9999,1999193.370991,40052.830833,2079299.032657,0.000000,,,0,0,,,,,27.236576,BIG
ga,hfvrp_n200_m40_s03,200,40,2.000000,1796904216004379815,25642.505623,21848.058802,69338.623226,0.000000,,,0,1,,,,,80.971664,BIG
ga,pyvrp_X115_HVRP,114,18,2.000000,19345,2619120.218300,74450.831694,2768021.881688,0.000000,,,0,0,,,,,0.429005,DEFAULT
ga,pyvrp_X115_HVRP,114,18,2.000000,19345,2701879.980124,73075.113910,2848030.207943,0.000000,,,0,0,,,,,0.064311,SMALL
ga,pyvrp_X120_FSMF,119,12,2.000000,999,3194677.178407,97300.956765,3389279.091936,0.000000,,,0,1,,,,,26.215315,BIG
ga,pyvrp_X120_FSMF,119,12,2.000000,1234,3636938.328138,92493.878229,3821926.084597,0.000000,,,0,1,,,,,0.425655,DEFAULT
ga,pyvrp_X120_FSMF,119,12,2.000000,1234,4013724.232066,138095.518703,4289915.269472,0.000000,,,0,1,,,,,0.050454,SMALL
ga,pyvrp_X115_HVRP,114,18,2.000000,19345,2067633.268329,43673.331353,2154979.931036,0.000000,,,0,0,,,,,9.011226,MEDIUM
ga,pyvrp_X120_FSMF,119,12,2.000000,1234,3136851.775138,83659.114628,3304170.004394,0.000000,,,0,1,,,,,8.493981,MEDIUM
ga,pyvrp_X115_HVRP,114,18,2.000000,19345,2090736.099287,36680.066923,2164096.233132,0.000000,,,0,0,,,,,27.797328,BIG
ga,pyvrp_X120_FSMF,119,12,2.000000,1234,3118936.646560,91096.850265,3301130.347090,0.000000,,,0,1,,,,,25.566308,BIG
ga,pyvrp_X115_HVRP,114,18,2.000000,1796904080599129456,2630454.859770,53640.330816,2737735.521403,0.000000,,,0,0,,,,,0.456890,DEFAULT
ga,pyvrp_X115_HVRP,114,18,2.000000,1796903965095988959,2917641.058154,57203.214177,3032047.486507,0.000000,,,0,0,,,,,0.057881,SMALL
ga,pyvrp_X120_FSMF,119,12,2.000000,9999,3444911.068350,108298.476531,3661508.021413,0.000000,,,0,1,,,,,0.422899,DEFAULT
ga,pyvrp_X120_FSMF,119,12,2.000000,9999,4109913.867410,150913.860131,4411741.587672,0.000000,,,0,1,,,,,0.061038,SMALL
ga,pyvrp_X115_HVRP,114,18,2.000000,1796903969452889028,2293569.251726,42484.962522,2378539.176771,0.000000,,,0,1,,,,,9.695112,MEDIUM
ga,pyvrp_X120_FSMF,119,12,2.000000,9999,3245061.074686,101083.131781,3447227.338249,0.000000,,,0,1,,,,,8.487821,MEDIUM
ga,hfvrp_n200_m40_s04,200,40,2.000000,1796904216718487205,28201.835433,12789.862701,53781.560835,0.000000,,,0,1,,,,,80.026312,BIG
ga,pyvrp_X120_FSMF,119,12,2.000000,9999,3180004.266574,85174.655800,3350353.578173,0.000000,,,0,1,,,,,24.831197,BIG
ga,pyvrp_X115_HVRP,114,18,2.000000,1796903970562934764,1982403.297930,37696.155807,2057795.609544,0.000000,,,0,0,,,,,26.824029,BIG
ga,pyvrp_X120_FSMF,119,12,2.000000,19345,3488110.284793,111381.324403,3710872.933600,0.000000,,,0,1,,,,,0.408843,DEFAULT
ga,pyvrp_X120_FSMF,119,12,2.000000,19345,4096204.376223,158068.829107,4412342.034437,0.000000,,,0,1,,,,,0.058726,SMALL
ga,pyvrp_X120_FSMF,119,12,2.000000,19345,3248631.468422,90018.829851,3428669.128124,0.000000,,,0,1,,,,,8.344232,MEDIUM
ga,pyvrp_X120_FSMF,119,12,2.000000,19345,3156844.361207,82989.891879,3322824.144964,0.000000,,,0,1,,,,,24.879432,BIG
ga,pyvrp_X120_FSMF,119,12,2.000000,1796904798008513209,3420215.656206,112847.314011,3645910.284227,0.000000,,,0,1,,,,,0.413184,DEFAULT
ga,pyvrp_X120_FSMF,119,12,2.000000,1796904811310687012,3998340.235139,134492.359661,4267324.954461,0.000000,,,0,1,,,,,0.050856,SMALL
ga,pyvrp_X120_FSMF,119,12,2.000000,1796904807070419017,3286266.055522,86175.684314,3458617.424150,0.000000,,,0,1,,,,,8.180190,MEDIUM
ga,pyvrp_X120_FSMF,119,12,2.000000,1796904828139788803,3227163.831195,88805.685856,3404775.202906,0.000000,,,0,1,,,,,24.485177,BIG
